development_fold,subject,run,run_trial_index,annotation_index,trial_key,true_condition,true_label,predicted_condition,predicted_label,decision_score_feet,correct,model,training_subjects,zero_shot,target_adaptation_used,source_file,source_sha256
1,1,6,0,1,S001_R06_T00,both_feet_imagery,1,both_feet_imagery,1,0.05834785806460474,True,spectral_baseline_6,2/3/4/5/6/7/8/9/10/11/12/13/14/15/16/17/18/19/20,True,False,physionet/eegmmidb/1.0.0/S001/S001R06.edf,5369364f2c4e81ca141679d6dd2ba6ece61c7eb53d7fae31241b308876e1b6b3
1,1,6,1,3,S001_R06_T01,both_fists_imagery,0,both_fists_imagery,0,-1.3662791389615276,True,spectral_baseline_6,2/3/4/5/6/7/8/9/10/11/12/13/14/15/16/17/18/19/20,True,False,physionet/eegmmidb/1.0.0/S001/S001R06.edf,5369364f2c4e81ca141679d6dd2ba6ece61c7eb53d7fae31241b308876e1b6b3
1,1,6,2,5,S001_R06_T02,both_fists_imagery,0,both_fists_imagery,0,-0.4035071616061798,True,spectral_baseline_6,2/3/4/5/6/7/8/9/10/11/12/13/14/15/16/17/18/19/20,True,False,physionet/eegmmidb/1.0.0/S001/S001R06.edf,5369364f2c4e81ca141679d6dd2ba6ece61c7eb53d7fae31241b308876e1b6b3
1,1,6,3,7,S001_R06_T03,both_feet_imagery,1,both_feet_imagery,1,0.38594465686617047,True,spectral_baseline_6,2/3/4/5/6/7/8/9/10/11/12/13/14/15/16/17/18/19/20,True,False,physionet/eegmmidb/1.0.0/S001/S001R06.edf,5369364f2c4e81ca141679d6dd2ba6ece61c7eb53d7fae31241b308876e1b6b3
1,1,6,4,9,S001_R06_T04,both_fists_imagery,0,both_fists_imagery,0,-0.2475906189627346,True,spectral_baseline_6,2/3/4/5/6/7/8/9/10/11/12/13/14/15/16/17/18/19/20,True,False,physionet/eegmmidb/1.0.0/S001/S001R06.edf,5369364f2c4e81ca141679d6dd2ba6ece61c7eb53d7fae31241b308876e1b6b3
1,1,6,5,11,S001_R06_T05,both_feet_imagery,1,both_feet_imagery,1,0.18859893150781198,True,spectral_baseline_6,2/3/4/5/6/7/8/9/10/11/12/13/14/15/16/17/18/19/20,True,False,physionet/eegmmidb/1.0.0/S001/S001R06.edf,5369364f2c4e81ca141679d6dd2ba6ece61c7eb53d7fae31241b308876e1b6b3
1,1,6,6,13,S001_R06_T06,both_feet_imagery,1,both_feet_imagery,1,0.25915904507977705,True,spectral_baseline_6,2/3/4/5/6/7/8/9/10/11/12/13/14/15/16/17/18/19/20,True,False,physionet/eegmmidb/1.0.0/S001/S001R06.edf,5369364f2c4e81ca141679d6dd2ba6ece61c7eb53d7fae31241b308876e1b6b3
1,1,6,7,15,S001_R06_T07,both_fists_imagery,0,both_feet_imagery,1,0.07386257018904102,False,spectral_baseline_6,2/3/4/5/6/7/8/9/10/11/12/13/14/15/16/17/18/19/20,True,False,physionet/eegmmidb/1.0.0/S001/S001R06.edf,5369364f2c4e81ca141679d6dd2ba6ece61c7eb53d7fae31241b308876e1b6b3
1,1,6,8,17,S001_R06_T08,both_fists_imagery,0,both_fists_imagery,0,-0.18882396174057708,True,spectral_baseline_6,2/3/4/5/6/7/8/9/10/11/12/13/14/15/16/17/18/19/20,True,False,physionet/eegmmidb/1.0.0/S001/S001R06.edf,5369364f2c4e81ca141679d6dd2ba6ece61c7eb53d7fae31241b308876e1b6b3
1,1,6,9,19,S001_R06_T09,both_feet_imagery,1,both_feet_imagery,1,0.08271850644468914,True,spectral_baseline_6,2/3/4/5/6/7/8/9/10/11/12/13/14/15/16/17/18/19/20,True,False,physionet/eegmmidb/1.0.0/S001/S001R06.edf,5369364f2c4e81ca141679d6dd2ba6ece61c7eb53d7fae31241b308876e1b6b3
1,1,6,10,21,S001_R06_T10,both_feet_imagery,1,both_feet_imagery,1,0.8102040729658047,True,spectral_baseline_6,2/3/4/5/6/7/8/9/10/11/12/13/14/15/16/17/18/19/20,True,False,physionet/eegmmidb/1.0.0/S001/S001R06.edf,5369364f2c4e81ca141679d6dd2ba6ece61c7eb53d7fae31241b308876e1b6b3
1,1,6,11,23,S001_R06_T11,both_fists_imagery,0,both_fists_imagery,0,-0.47928200735731463,True,spectral_baseline_6,2/3/4/5/6/7/8/9/10/11/12/13/14/15/16/17/18/19/20,True,False,physionet/eegmmidb/1.0.0/S001/S001R06.edf,5369364f2c4e81ca141679d6dd2ba6ece61c7eb53d7fae31241b308876e1b6b3
1,1,6,12,25,S001_R06_T12,both_fists_imagery,0,both_fists_imagery,0,-0.05979303631236843,True,spectral_baseline_6,2/3/4/5/6/7/8/9/10/11/12/13/14/15/16/17/18/19/20,True,False,physionet/eegmmidb/1.0.0/S001/S001R06.edf,5369364f2c4e81ca141679d6dd2ba6ece61c7eb53d7fae31241b308876e1b6b3
1,1,6,13,27,S001_R06_T13,both_feet_imagery,1,both_feet_imagery,1,0.6170958870041764,True,spectral_baseline_6,2/3/4/5/6/7/8/9/10/11/12/13/14/15/16/17/18/19/20,True,False,physionet/eegmmidb/1.0.0/S001/S001R06.edf,5369364f2c4e81ca141679d6dd2ba6ece61c7eb53d7fae31241b308876e1b6b3
1,1,6,14,29,S001_R06_T14,both_feet_imagery,1,both_feet_imagery,1,0.3099681484661574,True,spectral_baseline_6,2/3/4/5/6/7/8/9/10/11/12/13/14/15/16/17/18/19/20,True,False,physionet/eegmmidb/1.0.0/S001/S001R06.edf,5369364f2c4e81ca141679d6dd2ba6ece61c7eb53d7fae31241b308876e1b6b3
1,1,10,0,1,S001_R10_T00,both_fists_imagery,0,both_feet_imagery,1,0.09316059655797532,False,spectral_baseline_6,2/3/4/5/6/7/8/9/10/11/12/13/14/15/16/17/18/19/20,True,False,physionet/eegmmidb/1.0.0/S001/S001R10.edf,20de1c7746c2349d16bda5e9f1b0ac7b7ad1581102a2e30dd2ac422696f62fb1
1,1,10,1,3,S001_R10_T01,both_feet_imagery,1,both_fists_imagery,0,-0.45895129569481496,False,spectral_baseline_6,2/3/4/5/6/7/8/9/10/11/12/13/14/15/16/17/18/19/20,True,False,physionet/eegmmidb/1.0.0/S001/S001R10.edf,20de1c7746c2349d16bda5e9f1b0ac7b7ad1581102a2e30dd2ac422696f62fb1
1,1,10,2,5,S001_R10_T02,both_feet_imagery,1,both_feet_imagery,1,0.8569079718782148,True,spectral_baseline_6,2/3/4/5/6/7/8/9/10/11/12/13/14/15/16/17/18/19/20,True,False,physionet/eegmmidb/1.0.0/S001/S001R10.edf,20de1c7746c2349d16bda5e9f1b0ac7b7ad1581102a2e30dd2ac422696f62fb1
1,1,10,3,7,S001_R10_T03,both_fists_imagery,0,both_fists_imagery,0,-0.23491403986921489,True,spectral_baseline_6,2/3/4/5/6/7/8/9/10/11/12/13/14/15/16/17/18/19/20,True,False,physionet/eegmmidb/1.0.0/S001/S001R10.edf,20de1c7746c2349d16bda5e9f1b0ac7b7ad1581102a2e30dd2ac422696f62fb1
1,1,10,4,9,S001_R10_T04,both_feet_imagery,1,both_feet_imagery,1,0.2571143594940969,True,spectral_baseline_6,2/3/4/5/6/7/8/9/10/11/12/13/14/15/16/17/18/19/20,True,False,physionet/eegmmidb/1.0.0/S001/S001R10.edf,20de1c7746c2349d16bda5e9f1b0ac7b7ad1581102a2e30dd2ac422696f62fb1
1,1,10,5,11,S001_R10_T05,both_fists_imagery,0,both_feet_imagery,1,0.11683817200349367,False,spectral_baseline_6,2/3/4/5/6/7/8/9/10/11/12/13/14/15/16/17/18/19/20,True,False,physionet/eegmmidb/1.0.0/S001/S001R10.edf,20de1c7746c2349d16bda5e9f1b0ac7b7ad1581102a2e30dd2ac422696f62fb1
1,1,10,6,13,S001_R10_T06,both_fists_imagery,0,both_feet_imagery,1,0.09237177021415038,False,spectral_baseline_6,2/3/4/5/6/7/8/9/10/11/12/13/14/15/16/17/18/19/20,True,False,physionet/eegmmidb/1.0.0/S001/S001R10.edf,20de1c7746c2349d16bda5e9f1b0ac7b7ad1581102a2e30dd2ac422696f62fb1
1,1,10,7,15,S001_R10_T07,both_feet_imagery,1,both_fists_imagery,0,-0.16207430708539083,False,spectral_baseline_6,2/3/4/5/6/7/8/9/10/11/12/13/14/15/16/17/18/19/20,True,False,physionet/eegmmidb/1.0.0/S001/S001R10.edf,20de1c7746c2349d16bda5e9f1b0ac7b7ad1581102a2e30dd2ac422696f62fb1
1,1,10,8,17,S001_R10_T08,both_feet_imagery,1,both_fists_imagery,0,-0.6502419410577793,False,spectral_baseline_6,2/3/4/5/6/7/8/9/10/11/12/13/14/15/16/17/18/19/20,True,False,physionet/eegmmidb/1.0.0/S001/S001R10.edf,20de1c7746c2349d16bda5e9f1b0ac7b7ad1581102a2e30dd2ac422696f62fb1
1,1,10,9,19,S001_R10_T09,both_fists_imagery,0,both_fists_imagery,0,-0.5653974927405916,True,spectral_baseline_6,2/3/4/5/6/7/8/9/10/11/12/13/14/15/16/17/18/19/20,True,False,physionet/eegmmidb/1.0.0/S001/S001R10.edf,20de1c7746c2349d16bda5e9f1b0ac7b7ad1581102a2e30dd2ac422696f62fb1
1,1,10,10,21,S001_R10_T10,both_fists_imagery,0,both_feet_imagery,1,0.3226717261726048,False,spectral_baseline_6,2/3/4/5/6/7/8/9/10/11/12/13/14/15/16/17/18/19/20,True,False,physionet/eegmmidb/1.0.0/S001/S001R10.edf,20de1c7746c2349d16bda5e9f1b0ac7b7ad1581102a2e30dd2ac422696f62fb1
1,1,10,11,23,S001_R10_T11,both_feet_imagery,1,both_fists_imagery,0,-0.03221921409025874,False,spectral_baseline_6,2/3/4/5/6/7/8/9/10/11/12/13/14/15/16/17/18/19/20,True,False,physionet/eegmmidb/1.0.0/S001/S001R10.edf,20de1c7746c2349d16bda5e9f1b0ac7b7ad1581102a2e30dd2ac422696f62fb1
1,1,10,12,25,S001_R10_T12,both_feet_imagery,1,both_feet_imagery,1,0.19545942152906493,True,spectral_baseline_6,2/3/4/5/6/7/8/9/10/11/12/13/14/15/16/17/18/19/20,True,False,physionet/eegmmidb/1.0.0/S001/S001R10.edf,20de1c7746c2349d16bda5e9f1b0ac7b7ad1581102a2e30dd2ac422696f62fb1
1,1,10,13,27,S001_R10_T13,both_fists_imagery,0,both_fists_imagery,0,-0.1974009265125204,True,spectral_baseline_6,2/3/4/5/6/7/8/9/10/11/12/13/14/15/16/17/18/19/20,True,False,physionet/eegmmidb/1.0.0/S001/S001R10.edf,20de1c7746c2349d16bda5e9f1b0ac7b7ad1581102a2e30dd2ac422696f62fb1
1,1,10,14,29,S001_R10_T14,both_feet_imagery,1,both_fists_imagery,0,-0.3945195113919861,False,spectral_baseline_6,2/3/4/5/6/7/8/9/10/11/12/13/14/15/16/17/18/19/20,True,False,physionet/eegmmidb/1.0.0/S001/S001R10.edf,20de1c7746c2349d16bda5e9f1b0ac7b7ad1581102a2e30dd2ac422696f62fb1
1,1,14,0,1,S001_R14_T00,both_feet_imagery,1,both_feet_imagery,1,0.5462248375174356,True,spectral_baseline_6,2/3/4/5/6/7/8/9/10/11/12/13/14/15/16/17/18/19/20,True,False,physionet/eegmmidb/1.0.0/S001/S001R14.edf,2110c48e3106898e3dbca47e39b330637afd3d3b8bc2da3ba1e44f4ac1118137
1,1,14,1,3,S001_R14_T01,both_fists_imagery,0,both_fists_imagery,0,-0.4891629967019818,True,spectral_baseline_6,2/3/4/5/6/7/8/9/10/11/12/13/14/15/16/17/18/19/20,True,False,physionet/eegmmidb/1.0.0/S001/S001R14.edf,2110c48e3106898e3dbca47e39b330637afd3d3b8bc2da3ba1e44f4ac1118137
1,1,14,2,5,S001_R14_T02,both_feet_imagery,1,both_fists_imagery,0,-0.07944093261076174,False,spectral_baseline_6,2/3/4/5/6/7/8/9/10/11/12/13/14/15/16/17/18/19/20,True,False,physionet/eegmmidb/1.0.0/S001/S001R14.edf,2110c48e3106898e3dbca47e39b330637afd3d3b8bc2da3ba1e44f4ac1118137
1,1,14,3,7,S001_R14_T03,both_fists_imagery,0,both_feet_imagery,1,0.32191003248863775,False,spectral_baseline_6,2/3/4/5/6/7/8/9/10/11/12/13/14/15/16/17/18/19/20,True,False,physionet/eegmmidb/1.0.0/S001/S001R14.edf,2110c48e3106898e3dbca47e39b330637afd3d3b8bc2da3ba1e44f4ac1118137
1,1,14,4,9,S001_R14_T04,both_fists_imagery,0,both_fists_imagery,0,-0.33146812823208455,True,spectral_baseline_6,2/3/4/5/6/7/8/9/10/11/12/13/14/15/16/17/18/19/20,True,False,physionet/eegmmidb/1.0.0/S001/S001R14.edf,2110c48e3106898e3dbca47e39b330637afd3d3b8bc2da3ba1e44f4ac1118137
1,1,14,5,11,S001_R14_T05,both_feet_imagery,1,both_fists_imagery,0,-0.18495049041874323,False,spectral_baseline_6,2/3/4/5/6/7/8/9/10/11/12/13/14/15/16/17/18/19/20,True,False,physionet/eegmmidb/1.0.0/S001/S001R14.edf,2110c48e3106898e3dbca47e39b330637afd3d3b8bc2da3ba1e44f4ac1118137
1,1,14,6,13,S001_R14_T06,both_fists_imagery,0,both_feet_imagery,1,0.029896475519003818,False,spectral_baseline_6,2/3/4/5/6/7/8/9/10/11/12/13/14/15/16/17/18/19/20,True,False,physionet/eegmmidb/1.0.0/S001/S001R14.edf,2110c48e3106898e3dbca47e39b330637afd3d3b8bc2da3ba1e44f4ac1118137
1,1,14,7,15,S001_R14_T07,both_feet_imagery,1,both_fists_imagery,0,-0.09018892164609049,False,spectral_baseline_6,2/3/4/5/6/7/8/9/10/11/12/13/14/15/16/17/18/19/20,True,False,physionet/eegmmidb/1.0.0/S001/S001R14.edf,2110c48e3106898e3dbca47e39b330637afd3d3b8bc2da3ba1e44f4ac1118137
1,1,14,8,17,S001_R14_T08,both_fists_imagery,0,both_feet_imagery,1,0.15387016405850962,False,spectral_baseline_6,2/3/4/5/6/7/8/9/10/11/12/13/14/15/16/17/18/19/20,True,False,physionet/eegmmidb/1.0.0/S001/S001R14.edf,2110c48e3106898e3dbca47e39b330637afd3d3b8bc2da3ba1e44f4ac1118137
1,1,14,9,19,S001_R14_T09,both_feet_imagery,1,both_fists_imagery,0,-0.02405920538928108,False,spectral_baseline_6,2/3/4/5/6/7/8/9/10/11/12/13/14/15/16/17/18/19/20,True,False,physionet/eegmmidb/1.0.0/S001/S001R14.edf,2110c48e3106898e3dbca47e39b330637afd3d3b8bc2da3ba1e44f4ac1118137
1,1,14,10,21,S001_R14_T10,both_feet_imagery,1,both_feet_imagery,1,0.021893397421185568,True,spectral_baseline_6,2/3/4/5/6/7/8/9/10/11/12/13/14/15/16/17/18/19/20,True,False,physionet/eegmmidb/1.0.0/S001/S001R14.edf,2110c48e3106898e3dbca47e39b330637afd3d3b8bc2da3ba1e44f4ac1118137
1,1,14,11,23,S001_R14_T11,both_fists_imagery,0,both_fists_imagery,0,-0.32180267614221636,True,spectral_baseline_6,2/3/4/5/6/7/8/9/10/11/12/13/14/15/16/17/18/19/20,True,False,physionet/eegmmidb/1.0.0/S001/S001R14.edf,2110c48e3106898e3dbca47e39b330637afd3d3b8bc2da3ba1e44f4ac1118137
1,1,14,12,25,S001_R14_T12,both_feet_imagery,1,both_feet_imagery,1,0.5424659510650333,True,spectral_baseline_6,2/3/4/5/6/7/8/9/10/11/12/13/14/15/16/17/18/19/20,True,False,physionet/eegmmidb/1.0.0/S001/S001R14.edf,2110c48e3106898e3dbca47e39b330637afd3d3b8bc2da3ba1e44f4ac1118137
1,1,14,13,27,S001_R14_T13,both_fists_imagery,0,both_fists_imagery,0,-0.20320887224308337,True,spectral_baseline_6,2/3/4/5/6/7/8/9/10/11/12/13/14/15/16/17/18/19/20,True,False,physionet/eegmmidb/1.0.0/S001/S001R14.edf,2110c48e3106898e3dbca47e39b330637afd3d3b8bc2da3ba1e44f4ac1118137
1,1,14,14,29,S001_R14_T14,both_feet_imagery,1,both_fists_imagery,0,-0.060046934900008786,False,spectral_baseline_6,2/3/4/5/6/7/8/9/10/11/12/13/14/15/16/17/18/19/20,True,False,physionet/eegmmidb/1.0.0/S001/S001R14.edf,2110c48e3106898e3dbca47e39b330637afd3d3b8bc2da3ba1e44f4ac1118137
1,1,6,0,1,S001_R06_T00,both_feet_imagery,1,both_fists_imagery,0,-0.5054254470714278,False,csp_4_empirical,2/3/4/5/6/7/8/9/10/11/12/13/14/15/16/17/18/19/20,True,False,physionet/eegmmidb/1.0.0/S001/S001R06.edf,5369364f2c4e81ca141679d6dd2ba6ece61c7eb53d7fae31241b308876e1b6b3
1,1,6,1,3,S001_R06_T01,both_fists_imagery,0,both_fists_imagery,0,-1.525622751862096,True,csp_4_empirical,2/3/4/5/6/7/8/9/10/11/12/13/14/15/16/17/18/19/20,True,False,physionet/eegmmidb/1.0.0/S001/S001R06.edf,5369364f2c4e81ca141679d6dd2ba6ece61c7eb53d7fae31241b308876e1b6b3
1,1,6,2,5,S001_R06_T02,both_fists_imagery,0,both_fists_imagery,0,-1.2542003236741015,True,csp_4_empirical,2/3/4/5/6/7/8/9/10/11/12/13/14/15/16/17/18/19/20,True,False,physionet/eegmmidb/1.0.0/S001/S001R06.edf,5369364f2c4e81ca141679d6dd2ba6ece61c7eb53d7fae31241b308876e1b6b3
1,1,6,3,7,S001_R06_T03,both_feet_imagery,1,both_fists_imagery,0,-0.7406998432777798,False,csp_4_empirical,2/3/4/5/6/7/8/9/10/11/12/13/14/15/16/17/18/19/20,True,False,physionet/eegmmidb/1.0.0/S001/S001R06.edf,5369364f2c4e81ca141679d6dd2ba6ece61c7eb53d7fae31241b308876e1b6b3
1,1,6,4,9,S001_R06_T04,both_fists_imagery,0,both_fists_imagery,0,-0.9480761758296157,True,csp_4_empirical,2/3/4/5/6/7/8/9/10/11/12/13/14/15/16/17/18/19/20,True,False,physionet/eegmmidb/1.0.0/S001/S001R06.edf,5369364f2c4e81ca141679d6dd2ba6ece61c7eb53d7fae31241b308876e1b6b3
1,1,6,5,11,S001_R06_T05,both_feet_imagery,1,both_fists_imagery,0,-0.6365418201609395,False,csp_4_empirical,2/3/4/5/6/7/8/9/10/11/12/13/14/15/16/17/18/19/20,True,False,physionet/eegmmidb/1.0.0/S001/S001R06.edf,5369364f2c4e81ca141679d6dd2ba6ece61c7eb53d7fae31241b308876e1b6b3
1,1,6,6,13,S001_R06_T06,both_feet_imagery,1,both_fists_imagery,0,-0.9531729343245158,False,csp_4_empirical,2/3/4/5/6/7/8/9/10/11/12/13/14/15/16/17/18/19/20,True,False,physionet/eegmmidb/1.0.0/S001/S001R06.edf,5369364f2c4e81ca141679d6dd2ba6ece61c7eb53d7fae31241b308876e1b6b3
1,1,6,7,15,S001_R06_T07,both_fists_imagery,0,both_fists_imagery,0,-1.9102362799656143,True,csp_4_empirical,2/3/4/5/6/7/8/9/10/11/12/13/14/15/16/17/18/19/20,True,False,physionet/eegmmidb/1.0.0/S001/S001R06.edf,5369364f2c4e81ca141679d6dd2ba6ece61c7eb53d7fae31241b308876e1b6b3
1,1,6,8,17,S001_R06_T08,both_fists_imagery,0,both_fists_imagery,0,-0.6339936757869608,True,csp_4_empirical,2/3/4/5/6/7/8/9/10/11/12/13/14/15/16/17/18/19/20,True,False,physionet/eegmmidb/1.0.0/S001/S001R06.edf,5369364f2c4e81ca141679d6dd2ba6ece61c7eb53d7fae31241b308876e1b6b3
1,1,6,9,19,S001_R06_T09,both_feet_imagery,1,both_fists_imagery,0,-0.7877023639081613,False,csp_4_empirical,2/3/4/5/6/7/8/9/10/11/12/13/14/15/16/17/18/19/20,True,False,physionet/eegmmidb/1.0.0/S001/S001R06.edf,5369364f2c4e81ca141679d6dd2ba6ece61c7eb53d7fae31241b308876e1b6b3
1,1,6,10,21,S001_R06_T10,both_feet_imagery,1,both_fists_imagery,0,-0.6045275572211161,False,csp_4_empirical,2/3/4/5/6/7/8/9/10/11/12/13/14/15/16/17/18/19/20,True,False,physionet/eegmmidb/1.0.0/S001/S001R06.edf,5369364f2c4e81ca141679d6dd2ba6ece61c7eb53d7fae31241b308876e1b6b3
1,1,6,11,23,S001_R06_T11,both_fists_imagery,0,both_fists_imagery,0,-1.0166329010832809,True,csp_4_empirical,2/3/4/5/6/7/8/9/10/11/12/13/14/15/16/17/18/19/20,True,False,physionet/eegmmidb/1.0.0/S001/S001R06.edf,5369364f2c4e81ca141679d6dd2ba6ece61c7eb53d7fae31241b308876e1b6b3
1,1,6,12,25,S001_R06_T12,both_fists_imagery,0,both_fists_imagery,0,-1.0426711195163472,True,csp_4_empirical,2/3/4/5/6/7/8/9/10/11/12/13/14/15/16/17/18/19/20,True,False,physionet/eegmmidb/1.0.0/S001/S001R06.edf,5369364f2c4e81ca141679d6dd2ba6ece61c7eb53d7fae31241b308876e1b6b3
1,1,6,13,27,S001_R06_T13,both_feet_imagery,1,both_feet_imagery,1,0.34974544226765925,True,csp_4_empirical,2/3/4/5/6/7/8/9/10/11/12/13/14/15/16/17/18/19/20,True,False,physionet/eegmmidb/1.0.0/S001/S001R06.edf,5369364f2c4e81ca141679d6dd2ba6ece61c7eb53d7fae31241b308876e1b6b3
1,1,6,14,29,S001_R06_T14,both_feet_imagery,1,both_fists_imagery,0,-0.23205022712579249,False,csp_4_empirical,2/3/4/5/6/7/8/9/10/11/12/13/14/15/16/17/18/19/20,True,False,physionet/eegmmidb/1.0.0/S001/S001R06.edf,5369364f2c4e81ca141679d6dd2ba6ece61c7eb53d7fae31241b308876e1b6b3
1,1,10,0,1,S001_R10_T00,both_fists_imagery,0,both_fists_imagery,0,-0.38355862935914,True,csp_4_empirical,2/3/4/5/6/7/8/9/10/11/12/13/14/15/16/17/18/19/20,True,False,physionet/eegmmidb/1.0.0/S001/S001R10.edf,20de1c7746c2349d16bda5e9f1b0ac7b7ad1581102a2e30dd2ac422696f62fb1
1,1,10,1,3,S001_R10_T01,both_feet_imagery,1,both_fists_imagery,0,-0.43377615333262043,False,csp_4_empirical,2/3/4/5/6/7/8/9/10/11/12/13/14/15/16/17/18/19/20,True,False,physionet/eegmmidb/1.0.0/S001/S001R10.edf,20de1c7746c2349d16bda5e9f1b0ac7b7ad1581102a2e30dd2ac422696f62fb1
1,1,10,2,5,S001_R10_T02,both_feet_imagery,1,both_fists_imagery,0,-0.09607260735102108,False,csp_4_empirical,2/3/4/5/6/7/8/9/10/11/12/13/14/15/16/17/18/19/20,True,False,physionet/eegmmidb/1.0.0/S001/S001R10.edf,20de1c7746c2349d16bda5e9f1b0ac7b7ad1581102a2e30dd2ac422696f62fb1
1,1,10,3,7,S001_R10_T03,both_fists_imagery,0,both_fists_imagery,0,-1.8493621276458345,True,csp_4_empirical,2/3/4/5/6/7/8/9/10/11/12/13/14/15/16/17/18/19/20,True,False,physionet/eegmmidb/1.0.0/S001/S001R10.edf,20de1c7746c2349d16bda5e9f1b0ac7b7ad1581102a2e30dd2ac422696f62fb1
1,1,10,4,9,S001_R10_T04,both_feet_imagery,1,both_fists_imagery,0,-0.08618011160530858,False,csp_4_empirical,2/3/4/5/6/7/8/9/10/11/12/13/14/15/16/17/18/19/20,True,False,physionet/eegmmidb/1.0.0/S001/S001R10.edf,20de1c7746c2349d16bda5e9f1b0ac7b7ad1581102a2e30dd2ac422696f62fb1
1,1,10,5,11,S001_R10_T05,both_fists_imagery,0,both_fists_imagery,0,-1.7595558517077399,True,csp_4_empirical,2/3/4/5/6/7/8/9/10/11/12/13/14/15/16/17/18/19/20,True,False,physionet/eegmmidb/1.0.0/S001/S001R10.edf,20de1c7746c2349d16bda5e9f1b0ac7b7ad1581102a2e30dd2ac422696f62fb1
1,1,10,6,13,S001_R10_T06,both_fists_imagery,0,both_fists_imagery,0,-0.7029923060622361,True,csp_4_empirical,2/3/4/5/6/7/8/9/10/11/12/13/14/15/16/17/18/19/20,True,False,physionet/eegmmidb/1.0.0/S001/S001R10.edf,20de1c7746c2349d16bda5e9f1b0ac7b7ad1581102a2e30dd2ac422696f62fb1
1,1,10,7,15,S001_R10_T07,both_feet_imagery,1,both_fists_imagery,0,-0.5842003875266928,False,csp_4_empirical,2/3/4/5/6/7/8/9/10/11/12/13/14/15/16/17/18/19/20,True,False,physionet/eegmmidb/1.0.0/S001/S001R10.edf,20de1c7746c2349d16bda5e9f1b0ac7b7ad1581102a2e30dd2ac422696f62fb1
1,1,10,8,17,S001_R10_T08,both_feet_imagery,1,both_fists_imagery,0,-0.22929529075411825,False,csp_4_empirical,2/3/4/5/6/7/8/9/10/11/12/13/14/15/16/17/18/19/20,True,False,physionet/eegmmidb/1.0.0/S001/S001R10.edf,20de1c7746c2349d16bda5e9f1b0ac7b7ad1581102a2e30dd2ac422696f62fb1
1,1,10,9,19,S001_R10_T09,both_fists_imagery,0,both_fists_imagery,0,-1.2412536359357502,True,csp_4_empirical,2/3/4/5/6/7/8/9/10/11/12/13/14/15/16/17/18/19/20,True,False,physionet/eegmmidb/1.0.0/S001/S001R10.edf,20de1c7746c2349d16bda5e9f1b0ac7b7ad1581102a2e30dd2ac422696f62fb1
1,1,10,10,21,S001_R10_T10,both_fists_imagery,0,both_fists_imagery,0,-0.5795170058699272,True,csp_4_empirical,2/3/4/5/6/7/8/9/10/11/12/13/14/15/16/17/18/19/20,True,False,physionet/eegmmidb/1.0.0/S001/S001R10.edf,20de1c7746c2349d16bda5e9f1b0ac7b7ad1581102a2e30dd2ac422696f62fb1
1,1,10,11,23,S001_R10_T11,both_feet_imagery,1,both_fists_imagery,0,-0.8682569655834869,False,csp_4_empirical,2/3/4/5/6/7/8/9/10/11/12/13/14/15/16/17/18/19/20,True,False,physionet/eegmmidb/1.0.0/S001/S001R10.edf,20de1c7746c2349d16bda5e9f1b0ac7b7ad1581102a2e30dd2ac422696f62fb1
1,1,10,12,25,S001_R10_T12,both_feet_imagery,1,both_fists_imagery,0,-0.4264939445956749,False,csp_4_empirical,2/3/4/5/6/7/8/9/10/11/12/13/14/15/16/17/18/19/20,True,False,physionet/eegmmidb/1.0.0/S001/S001R10.edf,20de1c7746c2349d16bda5e9f1b0ac7b7ad1581102a2e30dd2ac422696f62fb1
1,1,10,13,27,S001_R10_T13,both_fists_imagery,0,both_fists_imagery,0,-0.6806288225809292,True,csp_4_empirical,2/3/4/5/6/7/8/9/10/11/12/13/14/15/16/17/18/19/20,True,False,physionet/eegmmidb/1.0.0/S001/S001R10.edf,20de1c7746c2349d16bda5e9f1b0ac7b7ad1581102a2e30dd2ac422696f62fb1
1,1,10,14,29,S001_R10_T14,both_feet_imagery,1,both_fists_imagery,0,-1.1069745516728315,False,csp_4_empirical,2/3/4/5/6/7/8/9/10/11/12/13/14/15/16/17/18/19/20,True,False,physionet/eegmmidb/1.0.0/S001/S001R10.edf,20de1c7746c2349d16bda5e9f1b0ac7b7ad1581102a2e30dd2ac422696f62fb1
1,1,14,0,1,S001_R14_T00,both_feet_imagery,1,both_fists_imagery,0,-0.42674804297525626,False,csp_4_empirical,2/3/4/5/6/7/8/9/10/11/12/13/14/15/16/17/18/19/20,True,False,physionet/eegmmidb/1.0.0/S001/S001R14.edf,2110c48e3106898e3dbca47e39b330637afd3d3b8bc2da3ba1e44f4ac1118137
1,1,14,1,3,S001_R14_T01,both_fists_imagery,0,both_fists_imagery,0,-2.0408330598410402,True,csp_4_empirical,2/3/4/5/6/7/8/9/10/11/12/13/14/15/16/17/18/19/20,True,False,physionet/eegmmidb/1.0.0/S001/S001R14.edf,2110c48e3106898e3dbca47e39b330637afd3d3b8bc2da3ba1e44f4ac1118137
1,1,14,2,5,S001_R14_T02,both_feet_imagery,1,both_fists_imagery,0,-0.5255994383676792,False,csp_4_empirical,2/3/4/5/6/7/8/9/10/11/12/13/14/15/16/17/18/19/20,True,False,physionet/eegmmidb/1.0.0/S001/S001R14.edf,2110c48e3106898e3dbca47e39b330637afd3d3b8bc2da3ba1e44f4ac1118137
1,1,14,3,7,S001_R14_T03,both_fists_imagery,0,both_fists_imagery,0,-0.9923592791098488,True,csp_4_empirical,2/3/4/5/6/7/8/9/10/11/12/13/14/15/16/17/18/19/20,True,False,physionet/eegmmidb/1.0.0/S001/S001R14.edf,2110c48e3106898e3dbca47e39b330637afd3d3b8bc2da3ba1e44f4ac1118137
1,1,14,4,9,S001_R14_T04,both_fists_imagery,0,both_fists_imagery,0,-2.0995792286855375,True,csp_4_empirical,2/3/4/5/6/7/8/9/10/11/12/13/14/15/16/17/18/19/20,True,False,physionet/eegmmidb/1.0.0/S001/S001R14.edf,2110c48e3106898e3dbca47e39b330637afd3d3b8bc2da3ba1e44f4ac1118137
1,1,14,5,11,S001_R14_T05,both_feet_imagery,1,both_fists_imagery,0,-0.818784474064218,False,csp_4_empirical,2/3/4/5/6/7/8/9/10/11/12/13/14/15/16/17/18/19/20,True,False,physionet/eegmmidb/1.0.0/S001/S001R14.edf,2110c48e3106898e3dbca47e39b330637afd3d3b8bc2da3ba1e44f4ac1118137
1,1,14,6,13,S001_R14_T06,both_fists_imagery,0,both_fists_imagery,0,-0.820905921103683,True,csp_4_empirical,2/3/4/5/6/7/8/9/10/11/12/13/14/15/16/17/18/19/20,True,False,physionet/eegmmidb/1.0.0/S001/S001R14.edf,2110c48e3106898e3dbca47e39b330637afd3d3b8bc2da3ba1e44f4ac1118137
1,1,14,7,15,S001_R14_T07,both_feet_imagery,1,both_fists_imagery,0,-1.3405358667517597,False,csp_4_empirical,2/3/4/5/6/7/8/9/10/11/12/13/14/15/16/17/18/19/20,True,False,physionet/eegmmidb/1.0.0/S001/S001R14.edf,2110c48e3106898e3dbca47e39b330637afd3d3b8bc2da3ba1e44f4ac1118137
1,1,14,8,17,S001_R14_T08,both_fists_imagery,0,both_fists_imagery,0,-1.857108427718194,True,csp_4_empirical,2/3/4/5/6/7/8/9/10/11/12/13/14/15/16/17/18/19/20,True,False,physionet/eegmmidb/1.0.0/S001/S001R14.edf,2110c48e3106898e3dbca47e39b330637afd3d3b8bc2da3ba1e44f4ac1118137
1,1,14,9,19,S001_R14_T09,both_feet_imagery,1,both_fists_imagery,0,-1.0671292237085102,False,csp_4_empirical,2/3/4/5/6/7/8/9/10/11/12/13/14/15/16/17/18/19/20,True,False,physionet/eegmmidb/1.0.0/S001/S001R14.edf,2110c48e3106898e3dbca47e39b330637afd3d3b8bc2da3ba1e44f4ac1118137
1,1,14,10,21,S001_R14_T10,both_feet_imagery,1,both_fists_imagery,0,-2.0706808929385145,False,csp_4_empirical,2/3/4/5/6/7/8/9/10/11/12/13/14/15/16/17/18/19/20,True,False,physionet/eegmmidb/1.0.0/S001/S001R14.edf,2110c48e3106898e3dbca47e39b330637afd3d3b8bc2da3ba1e44f4ac1118137
1,1,14,11,23,S001_R14_T11,both_fists_imagery,0,both_fists_imagery,0,-1.140852349719968,True,csp_4_empirical,2/3/4/5/6/7/8/9/10/11/12/13/14/15/16/17/18/19/20,True,False,physionet/eegmmidb/1.0.0/S001/S001R14.edf,2110c48e3106898e3dbca47e39b330637afd3d3b8bc2da3ba1e44f4ac1118137
1,1,14,12,25,S001_R14_T12,both_feet_imagery,1,both_fists_imagery,0,-0.3076533931045259,False,csp_4_empirical,2/3/4/5/6/7/8/9/10/11/12/13/14/15/16/17/18/19/20,True,False,physionet/eegmmidb/1.0.0/S001/S001R14.edf,2110c48e3106898e3dbca47e39b330637afd3d3b8bc2da3ba1e44f4ac1118137
1,1,14,13,27,S001_R14_T13,both_fists_imagery,0,both_fists_imagery,0,-0.7615307604995902,True,csp_4_empirical,2/3/4/5/6/7/8/9/10/11/12/13/14/15/16/17/18/19/20,True,False,physionet/eegmmidb/1.0.0/S001/S001R14.edf,2110c48e3106898e3dbca47e39b330637afd3d3b8bc2da3ba1e44f4ac1118137
1,1,14,14,29,S001_R14_T14,both_feet_imagery,1,both_fists_imagery,0,-0.4286262262062449,False,csp_4_empirical,2/3/4/5/6/7/8/9/10/11/12/13/14/15/16/17/18/19/20,True,False,physionet/eegmmidb/1.0.0/S001/S001R14.edf,2110c48e3106898e3dbca47e39b330637afd3d3b8bc2da3ba1e44f4ac1118137
2,2,6,0,1,S002_R06_T00,both_fists_imagery,0,both_fists_imagery,0,-0.33296675837946454,True,spectral_baseline_6,1/3/4/5/6/7/8/9/10/11/12/13/14/15/16/17/18/19/20,True,False,physionet/eegmmidb/1.0.0/S002/S002R06.edf,08b07a8495a51ddca66a91fcc1275651f2d3e6b0a7a56711f06769b4ecbb8d53
2,2,6,1,3,S002_R06_T01,both_feet_imagery,1,both_fists_imagery,0,-0.5756740190312774,False,spectral_baseline_6,1/3/4/5/6/7/8/9/10/11/12/13/14/15/16/17/18/19/20,True,False,physionet/eegmmidb/1.0.0/S002/S002R06.edf,08b07a8495a51ddca66a91fcc1275651f2d3e6b0a7a56711f06769b4ecbb8d53
2,2,6,2,5,S002_R06_T02,both_feet_imagery,1,both_fists_imagery,0,-0.44538910269288956,False,spectral_baseline_6,1/3/4/5/6/7/8/9/10/11/12/13/14/15/16/17/18/19/20,True,False,physionet/eegmmidb/1.0.0/S002/S002R06.edf,08b07a8495a51ddca66a91fcc1275651f2d3e6b0a7a56711f06769b4ecbb8d53
2,2,6,3,7,S002_R06_T03,both_fists_imagery,0,both_fists_imagery,0,-1.0019498712601598,True,spectral_baseline_6,1/3/4/5/6/7/8/9/10/11/12/13/14/15/16/17/18/19/20,True,False,physionet/eegmmidb/1.0.0/S002/S002R06.edf,08b07a8495a51ddca66a91fcc1275651f2d3e6b0a7a56711f06769b4ecbb8d53
2,2,6,4,9,S002_R06_T04,both_feet_imagery,1,both_fists_imagery,0,-0.9537963953756174,False,spectral_baseline_6,1/3/4/5/6/7/8/9/10/11/12/13/14/15/16/17/18/19/20,True,False,physionet/eegmmidb/1.0.0/S002/S002R06.edf,08b07a8495a51ddca66a91fcc1275651f2d3e6b0a7a56711f06769b4ecbb8d53
2,2,6,5,11,S002_R06_T05,both_fists_imagery,0,both_fists_imagery,0,-1.3097553079457476,True,spectral_baseline_6,1/3/4/5/6/7/8/9/10/11/12/13/14/15/16/17/18/19/20,True,False,physionet/eegmmidb/1.0.0/S002/S002R06.edf,08b07a8495a51ddca66a91fcc1275651f2d3e6b0a7a56711f06769b4ecbb8d53
2,2,6,6,13,S002_R06_T06,both_feet_imagery,1,both_fists_imagery,0,-0.4105647328334006,False,spectral_baseline_6,1/3/4/5/6/7/8/9/10/11/12/13/14/15/16/17/18/19/20,True,False,physionet/eegmmidb/1.0.0/S002/S002R06.edf,08b07a8495a51ddca66a91fcc1275651f2d3e6b0a7a56711f06769b4ecbb8d53
2,2,6,7,15,S002_R06_T07,both_fists_imagery,0,both_fists_imagery,0,-0.29414157579195666,True,spectral_baseline_6,1/3/4/5/6/7/8/9/10/11/12/13/14/15/16/17/18/19/20,True,False,physionet/eegmmidb/1.0.0/S002/S002R06.edf,08b07a8495a51ddca66a91fcc1275651f2d3e6b0a7a56711f06769b4ecbb8d53
2,2,6,8,17,S002_R06_T08,both_feet_imagery,1,both_fists_imagery,0,-0.008379304387330817,False,spectral_baseline_6,1/3/4/5/6/7/8/9/10/11/12/13/14/15/16/17/18/19/20,True,False,physionet/eegmmidb/1.0.0/S002/S002R06.edf,08b07a8495a51ddca66a91fcc1275651f2d3e6b0a7a56711f06769b4ecbb8d53
2,2,6,9,19,S002_R06_T09,both_fists_imagery,0,both_fists_imagery,0,-0.6211975050003062,True,spectral_baseline_6,1/3/4/5/6/7/8/9/10/11/12/13/14/15/16/17/18/19/20,True,False,physionet/eegmmidb/1.0.0/S002/S002R06.edf,08b07a8495a51ddca66a91fcc1275651f2d3e6b0a7a56711f06769b4ecbb8d53
2,2,6,10,21,S002_R06_T10,both_fists_imagery,0,both_fists_imagery,0,-0.7833431897665278,True,spectral_baseline_6,1/3/4/5/6/7/8/9/10/11/12/13/14/15/16/17/18/19/20,True,False,physionet/eegmmidb/1.0.0/S002/S002R06.edf,08b07a8495a51ddca66a91fcc1275651f2d3e6b0a7a56711f06769b4ecbb8d53
2,2,6,11,23,S002_R06_T11,both_feet_imagery,1,both_feet_imagery,1,0.5726701268255596,True,spectral_baseline_6,1/3/4/5/6/7/8/9/10/11/12/13/14/15/16/17/18/19/20,True,False,physionet/eegmmidb/1.0.0/S002/S002R06.edf,08b07a8495a51ddca66a91fcc1275651f2d3e6b0a7a56711f06769b4ecbb8d53
2,2,6,12,25,S002_R06_T12,both_feet_imagery,1,both_feet_imagery,1,0.04235537492995989,True,spectral_baseline_6,1/3/4/5/6/7/8/9/10/11/12/13/14/15/16/17/18/19/20,True,False,physionet/eegmmidb/1.0.0/S002/S002R06.edf,08b07a8495a51ddca66a91fcc1275651f2d3e6b0a7a56711f06769b4ecbb8d53
2,2,6,13,27,S002_R06_T13,both_fists_imagery,0,both_fists_imagery,0,-0.03296971433850662,True,spectral_baseline_6,1/3/4/5/6/7/8/9/10/11/12/13/14/15/16/17/18/19/20,True,False,physionet/eegmmidb/1.0.0/S002/S002R06.edf,08b07a8495a51ddca66a91fcc1275651f2d3e6b0a7a56711f06769b4ecbb8d53
2,2,6,14,29,S002_R06_T14,both_fists_imagery,0,both_feet_imagery,1,0.08892227008150833,False,spectral_baseline_6,1/3/4/5/6/7/8/9/10/11/12/13/14/15/16/17/18/19/20,True,False,physionet/eegmmidb/1.0.0/S002/S002R06.edf,08b07a8495a51ddca66a91fcc1275651f2d3e6b0a7a56711f06769b4ecbb8d53
2,2,10,0,1,S002_R10_T00,both_feet_imagery,1,both_fists_imagery,0,-0.07742146140432504,False,spectral_baseline_6,1/3/4/5/6/7/8/9/10/11/12/13/14/15/16/17/18/19/20,True,False,physionet/eegmmidb/1.0.0/S002/S002R10.edf,817961f28a7acfebc45c664f1a9e40dcf4a8e1e1e51dc089062d7e3e2cef44e9
2,2,10,1,3,S002_R10_T01,both_fists_imagery,0,both_fists_imagery,0,-0.7968284231791253,True,spectral_baseline_6,1/3/4/5/6/7/8/9/10/11/12/13/14/15/16/17/18/19/20,True,False,physionet/eegmmidb/1.0.0/S002/S002R10.edf,817961f28a7acfebc45c664f1a9e40dcf4a8e1e1e51dc089062d7e3e2cef44e9
2,2,10,2,5,S002_R10_T02,both_feet_imagery,1,both_fists_imagery,0,-1.1126514735915667,False,spectral_baseline_6,1/3/4/5/6/7/8/9/10/11/12/13/14/15/16/17/18/19/20,True,False,physionet/eegmmidb/1.0.0/S002/S002R10.edf,817961f28a7acfebc45c664f1a9e40dcf4a8e1e1e51dc089062d7e3e2cef44e9
2,2,10,3,7,S002_R10_T03,both_fists_imagery,0,both_fists_imagery,0,-0.5759716297936434,True,spectral_baseline_6,1/3/4/5/6/7/8/9/10/11/12/13/14/15/16/17/18/19/20,True,False,physionet/eegmmidb/1.0.0/S002/S002R10.edf,817961f28a7acfebc45c664f1a9e40dcf4a8e1e1e51dc089062d7e3e2cef44e9
2,2,10,4,9,S002_R10_T04,both_fists_imagery,0,both_fists_imagery,0,-0.9132065842044297,True,spectral_baseline_6,1/3/4/5/6/7/8/9/10/11/12/13/14/15/16/17/18/19/20,True,False,physionet/eegmmidb/1.0.0/S002/S002R10.edf,817961f28a7acfebc45c664f1a9e40dcf4a8e1e1e51dc089062d7e3e2cef44e9
2,2,10,5,11,S002_R10_T05,both_feet_imagery,1,both_fists_imagery,0,-0.7274753577468334,False,spectral_baseline_6,1/3/4/5/6/7/8/9/10/11/12/13/14/15/16/17/18/19/20,True,False,physionet/eegmmidb/1.0.0/S002/S002R10.edf,817961f28a7acfebc45c664f1a9e40dcf4a8e1e1e51dc089062d7e3e2cef44e9
2,2,10,6,13,S002_R10_T06,both_fists_imagery,0,both_fists_imagery,0,-0.41823377392038824,True,spectral_baseline_6,1/3/4/5/6/7/8/9/10/11/12/13/14/15/16/17/18/19/20,True,False,physionet/eegmmidb/1.0.0/S002/S002R10.edf,817961f28a7acfebc45c664f1a9e40dcf4a8e1e1e51dc089062d7e3e2cef44e9
2,2,10,7,15,S002_R10_T07,both_feet_imagery,1,both_fists_imagery,0,-0.21710839080494027,False,spectral_baseline_6,1/3/4/5/6/7/8/9/10/11/12/13/14/15/16/17/18/19/20,True,False,physionet/eegmmidb/1.0.0/S002/S002R10.edf,817961f28a7acfebc45c664f1a9e40dcf4a8e1e1e51dc089062d7e3e2cef44e9
2,2,10,8,17,S002_R10_T08,both_feet_imagery,1,both_fists_imagery,0,-0.4431094077679731,False,spectral_baseline_6,1/3/4/5/6/7/8/9/10/11/12/13/14/15/16/17/18/19/20,True,False,physionet/eegmmidb/1.0.0/S002/S002R10.edf,817961f28a7acfebc45c664f1a9e40dcf4a8e1e1e51dc089062d7e3e2cef44e9
2,2,10,9,19,S002_R10_T09,both_fists_imagery,0,both_fists_imagery,0,-0.4123203734560449,True,spectral_baseline_6,1/3/4/5/6/7/8/9/10/11/12/13/14/15/16/17/18/19/20,True,False,physionet/eegmmidb/1.0.0/S002/S002R10.edf,817961f28a7acfebc45c664f1a9e40dcf4a8e1e1e51dc089062d7e3e2cef44e9
2,2,10,10,21,S002_R10_T10,both_feet_imagery,1,both_fists_imagery,0,-0.1347541587954696,False,spectral_baseline_6,1/3/4/5/6/7/8/9/10/11/12/13/14/15/16/17/18/19/20,True,False,physionet/eegmmidb/1.0.0/S002/S002R10.edf,817961f28a7acfebc45c664f1a9e40dcf4a8e1e1e51dc089062d7e3e2cef44e9
2,2,10,11,23,S002_R10_T11,both_fists_imagery,0,both_fists_imagery,0,-0.8818613181054742,True,spectral_baseline_6,1/3/4/5/6/7/8/9/10/11/12/13/14/15/16/17/18/19/20,True,False,physionet/eegmmidb/1.0.0/S002/S002R10.edf,817961f28a7acfebc45c664f1a9e40dcf4a8e1e1e51dc089062d7e3e2cef44e9
2,2,10,12,25,S002_R10_T12,both_feet_imagery,1,both_fists_imagery,0,-0.5514226455298605,False,spectral_baseline_6,1/3/4/5/6/7/8/9/10/11/12/13/14/15/16/17/18/19/20,True,False,physionet/eegmmidb/1.0.0/S002/S002R10.edf,817961f28a7acfebc45c664f1a9e40dcf4a8e1e1e51dc089062d7e3e2cef44e9
2,2,10,13,27,S002_R10_T13,both_fists_imagery,0,both_fists_imagery,0,-0.6747162785544005,True,spectral_baseline_6,1/3/4/5/6/7/8/9/10/11/12/13/14/15/16/17/18/19/20,True,False,physionet/eegmmidb/1.0.0/S002/S002R10.edf,817961f28a7acfebc45c664f1a9e40dcf4a8e1e1e51dc089062d7e3e2cef44e9
2,2,10,14,29,S002_R10_T14,both_fists_imagery,0,both_fists_imagery,0,-0.6731051285616786,True,spectral_baseline_6,1/3/4/5/6/7/8/9/10/11/12/13/14/15/16/17/18/19/20,True,False,physionet/eegmmidb/1.0.0/S002/S002R10.edf,817961f28a7acfebc45c664f1a9e40dcf4a8e1e1e51dc089062d7e3e2cef44e9
2,2,14,0,1,S002_R14_T00,both_fists_imagery,0,both_fists_imagery,0,-0.6240671112978178,True,spectral_baseline_6,1/3/4/5/6/7/8/9/10/11/12/13/14/15/16/17/18/19/20,True,False,physionet/eegmmidb/1.0.0/S002/S002R14.edf,21e20c72ae3f52cc95f6fd6d4b5b958e28fc85bc0d3886f494de97a82c2aa24d
2,2,14,1,3,S002_R14_T01,both_feet_imagery,1,both_fists_imagery,0,-0.6019913094046233,False,spectral_baseline_6,1/3/4/5/6/7/8/9/10/11/12/13/14/15/16/17/18/19/20,True,False,physionet/eegmmidb/1.0.0/S002/S002R14.edf,21e20c72ae3f52cc95f6fd6d4b5b958e28fc85bc0d3886f494de97a82c2aa24d
2,2,14,2,5,S002_R14_T02,both_fists_imagery,0,both_fists_imagery,0,-1.2219452899621488,True,spectral_baseline_6,1/3/4/5/6/7/8/9/10/11/12/13/14/15/16/17/18/19/20,True,False,physionet/eegmmidb/1.0.0/S002/S002R14.edf,21e20c72ae3f52cc95f6fd6d4b5b958e28fc85bc0d3886f494de97a82c2aa24d
2,2,14,3,7,S002_R14_T03,both_feet_imagery,1,both_fists_imagery,0,-0.8080365574969162,False,spectral_baseline_6,1/3/4/5/6/7/8/9/10/11/12/13/14/15/16/17/18/19/20,True,False,physionet/eegmmidb/1.0.0/S002/S002R14.edf,21e20c72ae3f52cc95f6fd6d4b5b958e28fc85bc0d3886f494de97a82c2aa24d
2,2,14,4,9,S002_R14_T04,both_fists_imagery,0,both_feet_imagery,1,0.4393274518533994,False,spectral_baseline_6,1/3/4/5/6/7/8/9/10/11/12/13/14/15/16/17/18/19/20,True,False,physionet/eegmmidb/1.0.0/S002/S002R14.edf,21e20c72ae3f52cc95f6fd6d4b5b958e28fc85bc0d3886f494de97a82c2aa24d
2,2,14,5,11,S002_R14_T05,both_feet_imagery,1,both_fists_imagery,0,-0.9973075861639058,False,spectral_baseline_6,1/3/4/5/6/7/8/9/10/11/12/13/14/15/16/17/18/19/20,True,False,physionet/eegmmidb/1.0.0/S002/S002R14.edf,21e20c72ae3f52cc95f6fd6d4b5b958e28fc85bc0d3886f494de97a82c2aa24d
2,2,14,6,13,S002_R14_T06,both_fists_imagery,0,both_fists_imagery,0,-0.9058989251488843,True,spectral_baseline_6,1/3/4/5/6/7/8/9/10/11/12/13/14/15/16/17/18/19/20,True,False,physionet/eegmmidb/1.0.0/S002/S002R14.edf,21e20c72ae3f52cc95f6fd6d4b5b958e28fc85bc0d3886f494de97a82c2aa24d
2,2,14,7,15,S002_R14_T07,both_feet_imagery,1,both_feet_imagery,1,0.3056558474333775,True,spectral_baseline_6,1/3/4/5/6/7/8/9/10/11/12/13/14/15/16/17/18/19/20,True,False,physionet/eegmmidb/1.0.0/S002/S002R14.edf,21e20c72ae3f52cc95f6fd6d4b5b958e28fc85bc0d3886f494de97a82c2aa24d
2,2,14,8,17,S002_R14_T08,both_feet_imagery,1,both_fists_imagery,0,-0.44419147287420224,False,spectral_baseline_6,1/3/4/5/6/7/8/9/10/11/12/13/14/15/16/17/18/19/20,True,False,physionet/eegmmidb/1.0.0/S002/S002R14.edf,21e20c72ae3f52cc95f6fd6d4b5b958e28fc85bc0d3886f494de97a82c2aa24d
2,2,14,9,19,S002_R14_T09,both_fists_imagery,0,both_fists_imagery,0,-0.78513909549461,True,spectral_baseline_6,1/3/4/5/6/7/8/9/10/11/12/13/14/15/16/17/18/19/20,True,False,physionet/eegmmidb/1.0.0/S002/S002R14.edf,21e20c72ae3f52cc95f6fd6d4b5b958e28fc85bc0d3886f494de97a82c2aa24d
2,2,14,10,21,S002_R14_T10,both_fists_imagery,0,both_fists_imagery,0,-0.5908096922031613,True,spectral_baseline_6,1/3/4/5/6/7/8/9/10/11/12/13/14/15/16/17/18/19/20,True,False,physionet/eegmmidb/1.0.0/S002/S002R14.edf,21e20c72ae3f52cc95f6fd6d4b5b958e28fc85bc0d3886f494de97a82c2aa24d
2,2,14,11,23,S002_R14_T11,both_feet_imagery,1,both_feet_imagery,1,0.01695661857350328,True,spectral_baseline_6,1/3/4/5/6/7/8/9/10/11/12/13/14/15/16/17/18/19/20,True,False,physionet/eegmmidb/1.0.0/S002/S002R14.edf,21e20c72ae3f52cc95f6fd6d4b5b958e28fc85bc0d3886f494de97a82c2aa24d
2,2,14,12,25,S002_R14_T12,both_fists_imagery,0,both_fists_imagery,0,-1.11460610873928,True,spectral_baseline_6,1/3/4/5/6/7/8/9/10/11/12/13/14/15/16/17/18/19/20,True,False,physionet/eegmmidb/1.0.0/S002/S002R14.edf,21e20c72ae3f52cc95f6fd6d4b5b958e28fc85bc0d3886f494de97a82c2aa24d
2,2,14,13,27,S002_R14_T13,both_feet_imagery,1,both_fists_imagery,0,-0.4269323878653004,False,spectral_baseline_6,1/3/4/5/6/7/8/9/10/11/12/13/14/15/16/17/18/19/20,True,False,physionet/eegmmidb/1.0.0/S002/S002R14.edf,21e20c72ae3f52cc95f6fd6d4b5b958e28fc85bc0d3886f494de97a82c2aa24d
2,2,14,14,29,S002_R14_T14,both_fists_imagery,0,both_fists_imagery,0,-0.7962153004414362,True,spectral_baseline_6,1/3/4/5/6/7/8/9/10/11/12/13/14/15/16/17/18/19/20,True,False,physionet/eegmmidb/1.0.0/S002/S002R14.edf,21e20c72ae3f52cc95f6fd6d4b5b958e28fc85bc0d3886f494de97a82c2aa24d
2,2,6,0,1,S002_R06_T00,both_fists_imagery,0,both_fists_imagery,0,-0.5265659196957796,True,csp_4_empirical,1/3/4/5/6/7/8/9/10/11/12/13/14/15/16/17/18/19/20,True,False,physionet/eegmmidb/1.0.0/S002/S002R06.edf,08b07a8495a51ddca66a91fcc1275651f2d3e6b0a7a56711f06769b4ecbb8d53
2,2,6,1,3,S002_R06_T01,both_feet_imagery,1,both_fists_imagery,0,-0.15327469022780493,False,csp_4_empirical,1/3/4/5/6/7/8/9/10/11/12/13/14/15/16/17/18/19/20,True,False,physionet/eegmmidb/1.0.0/S002/S002R06.edf,08b07a8495a51ddca66a91fcc1275651f2d3e6b0a7a56711f06769b4ecbb8d53
2,2,6,2,5,S002_R06_T02,both_feet_imagery,1,both_feet_imagery,1,1.0574724319113153,True,csp_4_empirical,1/3/4/5/6/7/8/9/10/11/12/13/14/15/16/17/18/19/20,True,False,physionet/eegmmidb/1.0.0/S002/S002R06.edf,08b07a8495a51ddca66a91fcc1275651f2d3e6b0a7a56711f06769b4ecbb8d53
2,2,6,3,7,S002_R06_T03,both_fists_imagery,0,both_fists_imagery,0,-1.2664210079024727,True,csp_4_empirical,1/3/4/5/6/7/8/9/10/11/12/13/14/15/16/17/18/19/20,True,False,physionet/eegmmidb/1.0.0/S002/S002R06.edf,08b07a8495a51ddca66a91fcc1275651f2d3e6b0a7a56711f06769b4ecbb8d53
2,2,6,4,9,S002_R06_T04,both_feet_imagery,1,both_fists_imagery,0,-0.5695496613950138,False,csp_4_empirical,1/3/4/5/6/7/8/9/10/11/12/13/14/15/16/17/18/19/20,True,False,physionet/eegmmidb/1.0.0/S002/S002R06.edf,08b07a8495a51ddca66a91fcc1275651f2d3e6b0a7a56711f06769b4ecbb8d53
2,2,6,5,11,S002_R06_T05,both_fists_imagery,0,both_fists_imagery,0,-0.8031783427901302,True,csp_4_empirical,1/3/4/5/6/7/8/9/10/11/12/13/14/15/16/17/18/19/20,True,False,physionet/eegmmidb/1.0.0/S002/S002R06.edf,08b07a8495a51ddca66a91fcc1275651f2d3e6b0a7a56711f06769b4ecbb8d53
2,2,6,6,13,S002_R06_T06,both_feet_imagery,1,both_feet_imagery,1,0.1855405595514783,True,csp_4_empirical,1/3/4/5/6/7/8/9/10/11/12/13/14/15/16/17/18/19/20,True,False,physionet/eegmmidb/1.0.0/S002/S002R06.edf,08b07a8495a51ddca66a91fcc1275651f2d3e6b0a7a56711f06769b4ecbb8d53
2,2,6,7,15,S002_R06_T07,both_fists_imagery,0,both_fists_imagery,0,-1.903688059578628,True,csp_4_empirical,1/3/4/5/6/7/8/9/10/11/12/13/14/15/16/17/18/19/20,True,False,physionet/eegmmidb/1.0.0/S002/S002R06.edf,08b07a8495a51ddca66a91fcc1275651f2d3e6b0a7a56711f06769b4ecbb8d53
2,2,6,8,17,S002_R06_T08,both_feet_imagery,1,both_fists_imagery,0,-0.4632270006578134,False,csp_4_empirical,1/3/4/5/6/7/8/9/10/11/12/13/14/15/16/17/18/19/20,True,False,physionet/eegmmidb/1.0.0/S002/S002R06.edf,08b07a8495a51ddca66a91fcc1275651f2d3e6b0a7a56711f06769b4ecbb8d53
2,2,6,9,19,S002_R06_T09,both_fists_imagery,0,both_fists_imagery,0,-1.7277150658451625,True,csp_4_empirical,1/3/4/5/6/7/8/9/10/11/12/13/14/15/16/17/18/19/20,True,False,physionet/eegmmidb/1.0.0/S002/S002R06.edf,08b07a8495a51ddca66a91fcc1275651f2d3e6b0a7a56711f06769b4ecbb8d53
2,2,6,10,21,S002_R06_T10,both_fists_imagery,0,both_feet_imagery,1,0.5174553694974975,False,csp_4_empirical,1/3/4/5/6/7/8/9/10/11/12/13/14/15/16/17/18/19/20,True,False,physionet/eegmmidb/1.0.0/S002/S002R06.edf,08b07a8495a51ddca66a91fcc1275651f2d3e6b0a7a56711f06769b4ecbb8d53
2,2,6,11,23,S002_R06_T11,both_feet_imagery,1,both_feet_imagery,1,0.9667736381258932,True,csp_4_empirical,1/3/4/5/6/7/8/9/10/11/12/13/14/15/16/17/18/19/20,True,False,physionet/eegmmidb/1.0.0/S002/S002R06.edf,08b07a8495a51ddca66a91fcc1275651f2d3e6b0a7a56711f06769b4ecbb8d53
2,2,6,12,25,S002_R06_T12,both_feet_imagery,1,both_feet_imagery,1,1.1403599408712766,True,csp_4_empirical,1/3/4/5/6/7/8/9/10/11/12/13/14/15/16/17/18/19/20,True,False,physionet/eegmmidb/1.0.0/S002/S002R06.edf,08b07a8495a51ddca66a91fcc1275651f2d3e6b0a7a56711f06769b4ecbb8d53
2,2,6,13,27,S002_R06_T13,both_fists_imagery,0,both_feet_imagery,1,1.0050130959084491,False,csp_4_empirical,1/3/4/5/6/7/8/9/10/11/12/13/14/15/16/17/18/19/20,True,False,physionet/eegmmidb/1.0.0/S002/S002R06.edf,08b07a8495a51ddca66a91fcc1275651f2d3e6b0a7a56711f06769b4ecbb8d53
2,2,6,14,29,S002_R06_T14,both_fists_imagery,0,both_feet_imagery,1,1.0899543362194137,False,csp_4_empirical,1/3/4/5/6/7/8/9/10/11/12/13/14/15/16/17/18/19/20,True,False,physionet/eegmmidb/1.0.0/S002/S002R06.edf,08b07a8495a51ddca66a91fcc1275651f2d3e6b0a7a56711f06769b4ecbb8d53
2,2,10,0,1,S002_R10_T00,both_feet_imagery,1,both_feet_imagery,1,0.6607942278698861,True,csp_4_empirical,1/3/4/5/6/7/8/9/10/11/12/13/14/15/16/17/18/19/20,True,False,physionet/eegmmidb/1.0.0/S002/S002R10.edf,817961f28a7acfebc45c664f1a9e40dcf4a8e1e1e51dc089062d7e3e2cef44e9
2,2,10,1,3,S002_R10_T01,both_fists_imagery,0,both_fists_imagery,0,-0.46650393994180384,True,csp_4_empirical,1/3/4/5/6/7/8/9/10/11/12/13/14/15/16/17/18/19/20,True,False,physionet/eegmmidb/1.0.0/S002/S002R10.edf,817961f28a7acfebc45c664f1a9e40dcf4a8e1e1e51dc089062d7e3e2cef44e9
2,2,10,2,5,S002_R10_T02,both_feet_imagery,1,both_fists_imagery,0,-0.15877840503152502,False,csp_4_empirical,1/3/4/5/6/7/8/9/10/11/12/13/14/15/16/17/18/19/20,True,False,physionet/eegmmidb/1.0.0/S002/S002R10.edf,817961f28a7acfebc45c664f1a9e40dcf4a8e1e1e51dc089062d7e3e2cef44e9
2,2,10,3,7,S002_R10_T03,both_fists_imagery,0,both_fists_imagery,0,-0.8747308776566365,True,csp_4_empirical,1/3/4/5/6/7/8/9/10/11/12/13/14/15/16/17/18/19/20,True,False,physionet/eegmmidb/1.0.0/S002/S002R10.edf,817961f28a7acfebc45c664f1a9e40dcf4a8e1e1e51dc089062d7e3e2cef44e9
2,2,10,4,9,S002_R10_T04,both_fists_imagery,0,both_fists_imagery,0,-0.5633943727591662,True,csp_4_empirical,1/3/4/5/6/7/8/9/10/11/12/13/14/15/16/17/18/19/20,True,False,physionet/eegmmidb/1.0.0/S002/S002R10.edf,817961f28a7acfebc45c664f1a9e40dcf4a8e1e1e51dc089062d7e3e2cef44e9
2,2,10,5,11,S002_R10_T05,both_feet_imagery,1,both_fists_imagery,0,-0.4347129383952587,False,csp_4_empirical,1/3/4/5/6/7/8/9/10/11/12/13/14/15/16/17/18/19/20,True,False,physionet/eegmmidb/1.0.0/S002/S002R10.edf,817961f28a7acfebc45c664f1a9e40dcf4a8e1e1e51dc089062d7e3e2cef44e9
2,2,10,6,13,S002_R10_T06,both_fists_imagery,0,both_fists_imagery,0,-0.9436046695755523,True,csp_4_empirical,1/3/4/5/6/7/8/9/10/11/12/13/14/15/16/17/18/19/20,True,False,physionet/eegmmidb/1.0.0/S002/S002R10.edf,817961f28a7acfebc45c664f1a9e40dcf4a8e1e1e51dc089062d7e3e2cef44e9
2,2,10,7,15,S002_R10_T07,both_feet_imagery,1,both_fists_imagery,0,-1.0422834723781707,False,csp_4_empirical,1/3/4/5/6/7/8/9/10/11/12/13/14/15/16/17/18/19/20,True,False,physionet/eegmmidb/1.0.0/S002/S002R10.edf,817961f28a7acfebc45c664f1a9e40dcf4a8e1e1e51dc089062d7e3e2cef44e9
2,2,10,8,17,S002_R10_T08,both_feet_imagery,1,both_feet_imagery,1,0.049629690910000857,True,csp_4_empirical,1/3/4/5/6/7/8/9/10/11/12/13/14/15/16/17/18/19/20,True,False,physionet/eegmmidb/1.0.0/S002/S002R10.edf,817961f28a7acfebc45c664f1a9e40dcf4a8e1e1e51dc089062d7e3e2cef44e9
2,2,10,9,19,S002_R10_T09,both_fists_imagery,0,both_fists_imagery,0,-1.12690369275382,True,csp_4_empirical,1/3/4/5/6/7/8/9/10/11/12/13/14/15/16/17/18/19/20,True,False,physionet/eegmmidb/1.0.0/S002/S002R10.edf,817961f28a7acfebc45c664f1a9e40dcf4a8e1e1e51dc089062d7e3e2cef44e9
2,2,10,10,21,S002_R10_T10,both_feet_imagery,1,both_feet_imagery,1,0.6491824080003136,True,csp_4_empirical,1/3/4/5/6/7/8/9/10/11/12/13/14/15/16/17/18/19/20,True,False,physionet/eegmmidb/1.0.0/S002/S002R10.edf,817961f28a7acfebc45c664f1a9e40dcf4a8e1e1e51dc089062d7e3e2cef44e9
2,2,10,11,23,S002_R10_T11,both_fists_imagery,0,both_feet_imagery,1,0.0005882287120848595,False,csp_4_empirical,1/3/4/5/6/7/8/9/10/11/12/13/14/15/16/17/18/19/20,True,False,physionet/eegmmidb/1.0.0/S002/S002R10.edf,817961f28a7acfebc45c664f1a9e40dcf4a8e1e1e51dc089062d7e3e2cef44e9
2,2,10,12,25,S002_R10_T12,both_feet_imagery,1,both_feet_imagery,1,0.8305362160311509,True,csp_4_empirical,1/3/4/5/6/7/8/9/10/11/12/13/14/15/16/17/18/19/20,True,False,physionet/eegmmidb/1.0.0/S002/S002R10.edf,817961f28a7acfebc45c664f1a9e40dcf4a8e1e1e51dc089062d7e3e2cef44e9
2,2,10,13,27,S002_R10_T13,both_fists_imagery,0,both_fists_imagery,0,-0.6669592343400638,True,csp_4_empirical,1/3/4/5/6/7/8/9/10/11/12/13/14/15/16/17/18/19/20,True,False,physionet/eegmmidb/1.0.0/S002/S002R10.edf,817961f28a7acfebc45c664f1a9e40dcf4a8e1e1e51dc089062d7e3e2cef44e9
2,2,10,14,29,S002_R10_T14,both_fists_imagery,0,both_feet_imagery,1,0.49242874869719977,False,csp_4_empirical,1/3/4/5/6/7/8/9/10/11/12/13/14/15/16/17/18/19/20,True,False,physionet/eegmmidb/1.0.0/S002/S002R10.edf,817961f28a7acfebc45c664f1a9e40dcf4a8e1e1e51dc089062d7e3e2cef44e9
2,2,14,0,1,S002_R14_T00,both_fists_imagery,0,both_feet_imagery,1,0.6409238691393091,False,csp_4_empirical,1/3/4/5/6/7/8/9/10/11/12/13/14/15/16/17/18/19/20,True,False,physionet/eegmmidb/1.0.0/S002/S002R14.edf,21e20c72ae3f52cc95f6fd6d4b5b958e28fc85bc0d3886f494de97a82c2aa24d
2,2,14,1,3,S002_R14_T01,both_feet_imagery,1,both_feet_imagery,1,0.055134622599072175,True,csp_4_empirical,1/3/4/5/6/7/8/9/10/11/12/13/14/15/16/17/18/19/20,True,False,physionet/eegmmidb/1.0.0/S002/S002R14.edf,21e20c72ae3f52cc95f6fd6d4b5b958e28fc85bc0d3886f494de97a82c2aa24d
2,2,14,2,5,S002_R14_T02,both_fists_imagery,0,both_feet_imagery,1,0.6262164502462685,False,csp_4_empirical,1/3/4/5/6/7/8/9/10/11/12/13/14/15/16/17/18/19/20,True,False,physionet/eegmmidb/1.0.0/S002/S002R14.edf,21e20c72ae3f52cc95f6fd6d4b5b958e28fc85bc0d3886f494de97a82c2aa24d
2,2,14,3,7,S002_R14_T03,both_feet_imagery,1,both_feet_imagery,1,0.4105144129825558,True,csp_4_empirical,1/3/4/5/6/7/8/9/10/11/12/13/14/15/16/17/18/19/20,True,False,physionet/eegmmidb/1.0.0/S002/S002R14.edf,21e20c72ae3f52cc95f6fd6d4b5b958e28fc85bc0d3886f494de97a82c2aa24d
2,2,14,4,9,S002_R14_T04,both_fists_imagery,0,both_fists_imagery,0,-1.813853011227982,True,csp_4_empirical,1/3/4/5/6/7/8/9/10/11/12/13/14/15/16/17/18/19/20,True,False,physionet/eegmmidb/1.0.0/S002/S002R14.edf,21e20c72ae3f52cc95f6fd6d4b5b958e28fc85bc0d3886f494de97a82c2aa24d
2,2,14,5,11,S002_R14_T05,both_feet_imagery,1,both_fists_imagery,0,-0.20754457479362343,False,csp_4_empirical,1/3/4/5/6/7/8/9/10/11/12/13/14/15/16/17/18/19/20,True,False,physionet/eegmmidb/1.0.0/S002/S002R14.edf,21e20c72ae3f52cc95f6fd6d4b5b958e28fc85bc0d3886f494de97a82c2aa24d
2,2,14,6,13,S002_R14_T06,both_fists_imagery,0,both_fists_imagery,0,-0.9415495806096758,True,csp_4_empirical,1/3/4/5/6/7/8/9/10/11/12/13/14/15/16/17/18/19/20,True,False,physionet/eegmmidb/1.0.0/S002/S002R14.edf,21e20c72ae3f52cc95f6fd6d4b5b958e28fc85bc0d3886f494de97a82c2aa24d
2,2,14,7,15,S002_R14_T07,both_feet_imagery,1,both_feet_imagery,1,0.7870697608703513,True,csp_4_empirical,1/3/4/5/6/7/8/9/10/11/12/13/14/15/16/17/18/19/20,True,False,physionet/eegmmidb/1.0.0/S002/S002R14.edf,21e20c72ae3f52cc95f6fd6d4b5b958e28fc85bc0d3886f494de97a82c2aa24d
2,2,14,8,17,S002_R14_T08,both_feet_imagery,1,both_fists_imagery,0,-0.7722585737604937,False,csp_4_empirical,1/3/4/5/6/7/8/9/10/11/12/13/14/15/16/17/18/19/20,True,False,physionet/eegmmidb/1.0.0/S002/S002R14.edf,21e20c72ae3f52cc95f6fd6d4b5b958e28fc85bc0d3886f494de97a82c2aa24d
2,2,14,9,19,S002_R14_T09,both_fists_imagery,0,both_fists_imagery,0,-1.9118151256201905,True,csp_4_empirical,1/3/4/5/6/7/8/9/10/11/12/13/14/15/16/17/18/19/20,True,False,physionet/eegmmidb/1.0.0/S002/S002R14.edf,21e20c72ae3f52cc95f6fd6d4b5b958e28fc85bc0d3886f494de97a82c2aa24d
2,2,14,10,21,S002_R14_T10,both_fists_imagery,0,both_fists_imagery,0,-1.1912996590417388,True,csp_4_empirical,1/3/4/5/6/7/8/9/10/11/12/13/14/15/16/17/18/19/20,True,False,physionet/eegmmidb/1.0.0/S002/S002R14.edf,21e20c72ae3f52cc95f6fd6d4b5b958e28fc85bc0d3886f494de97a82c2aa24d
2,2,14,11,23,S002_R14_T11,both_feet_imagery,1,both_feet_imagery,1,0.6660463103031538,True,csp_4_empirical,1/3/4/5/6/7/8/9/10/11/12/13/14/15/16/17/18/19/20,True,False,physionet/eegmmidb/1.0.0/S002/S002R14.edf,21e20c72ae3f52cc95f6fd6d4b5b958e28fc85bc0d3886f494de97a82c2aa24d
2,2,14,12,25,S002_R14_T12,both_fists_imagery,0,both_fists_imagery,0,-2.123737240231398,True,csp_4_empirical,1/3/4/5/6/7/8/9/10/11/12/13/14/15/16/17/18/19/20,True,False,physionet/eegmmidb/1.0.0/S002/S002R14.edf,21e20c72ae3f52cc95f6fd6d4b5b958e28fc85bc0d3886f494de97a82c2aa24d
2,2,14,13,27,S002_R14_T13,both_feet_imagery,1,both_feet_imagery,1,0.24040271525543655,True,csp_4_empirical,1/3/4/5/6/7/8/9/10/11/12/13/14/15/16/17/18/19/20,True,False,physionet/eegmmidb/1.0.0/S002/S002R14.edf,21e20c72ae3f52cc95f6fd6d4b5b958e28fc85bc0d3886f494de97a82c2aa24d
2,2,14,14,29,S002_R14_T14,both_fists_imagery,0,both_fists_imagery,0,-0.4845582273144836,True,csp_4_empirical,1/3/4/5/6/7/8/9/10/11/12/13/14/15/16/17/18/19/20,True,False,physionet/eegmmidb/1.0.0/S002/S002R14.edf,21e20c72ae3f52cc95f6fd6d4b5b958e28fc85bc0d3886f494de97a82c2aa24d
3,3,6,0,1,S003_R06_T00,both_feet_imagery,1,both_fists_imagery,0,-0.3397817760030776,False,spectral_baseline_6,1/2/4/5/6/7/8/9/10/11/12/13/14/15/16/17/18/19/20,True,False,physionet/eegmmidb/1.0.0/S003/S003R06.edf,8d48a46397416bbea19eb6b97474aaade72029364231202295bbda805ed79c97
3,3,6,1,3,S003_R06_T01,both_fists_imagery,0,both_feet_imagery,1,0.13897965358451464,False,spectral_baseline_6,1/2/4/5/6/7/8/9/10/11/12/13/14/15/16/17/18/19/20,True,False,physionet/eegmmidb/1.0.0/S003/S003R06.edf,8d48a46397416bbea19eb6b97474aaade72029364231202295bbda805ed79c97
3,3,6,2,5,S003_R06_T02,both_fists_imagery,0,both_fists_imagery,0,-0.5737972438320017,True,spectral_baseline_6,1/2/4/5/6/7/8/9/10/11/12/13/14/15/16/17/18/19/20,True,False,physionet/eegmmidb/1.0.0/S003/S003R06.edf,8d48a46397416bbea19eb6b97474aaade72029364231202295bbda805ed79c97
3,3,6,3,7,S003_R06_T03,both_feet_imagery,1,both_feet_imagery,1,0.4400944438532458,True,spectral_baseline_6,1/2/4/5/6/7/8/9/10/11/12/13/14/15/16/17/18/19/20,True,False,physionet/eegmmidb/1.0.0/S003/S003R06.edf,8d48a46397416bbea19eb6b97474aaade72029364231202295bbda805ed79c97
3,3,6,4,9,S003_R06_T04,both_fists_imagery,0,both_fists_imagery,0,-0.3898333951565547,True,spectral_baseline_6,1/2/4/5/6/7/8/9/10/11/12/13/14/15/16/17/18/19/20,True,False,physionet/eegmmidb/1.0.0/S003/S003R06.edf,8d48a46397416bbea19eb6b97474aaade72029364231202295bbda805ed79c97
3,3,6,5,11,S003_R06_T05,both_feet_imagery,1,both_fists_imagery,0,-0.28192865475697654,False,spectral_baseline_6,1/2/4/5/6/7/8/9/10/11/12/13/14/15/16/17/18/19/20,True,False,physionet/eegmmidb/1.0.0/S003/S003R06.edf,8d48a46397416bbea19eb6b97474aaade72029364231202295bbda805ed79c97
3,3,6,6,13,S003_R06_T06,both_fists_imagery,0,both_feet_imagery,1,0.15668290200360324,False,spectral_baseline_6,1/2/4/5/6/7/8/9/10/11/12/13/14/15/16/17/18/19/20,True,False,physionet/eegmmidb/1.0.0/S003/S003R06.edf,8d48a46397416bbea19eb6b97474aaade72029364231202295bbda805ed79c97
3,3,6,7,15,S003_R06_T07,both_feet_imagery,1,both_feet_imagery,1,0.4718849613848052,True,spectral_baseline_6,1/2/4/5/6/7/8/9/10/11/12/13/14/15/16/17/18/19/20,True,False,physionet/eegmmidb/1.0.0/S003/S003R06.edf,8d48a46397416bbea19eb6b97474aaade72029364231202295bbda805ed79c97
3,3,6,8,17,S003_R06_T08,both_feet_imagery,1,both_feet_imagery,1,0.12712327307596966,True,spectral_baseline_6,1/2/4/5/6/7/8/9/10/11/12/13/14/15/16/17/18/19/20,True,False,physionet/eegmmidb/1.0.0/S003/S003R06.edf,8d48a46397416bbea19eb6b97474aaade72029364231202295bbda805ed79c97
3,3,6,9,19,S003_R06_T09,both_fists_imagery,0,both_fists_imagery,0,-0.31833382988595815,True,spectral_baseline_6,1/2/4/5/6/7/8/9/10/11/12/13/14/15/16/17/18/19/20,True,False,physionet/eegmmidb/1.0.0/S003/S003R06.edf,8d48a46397416bbea19eb6b97474aaade72029364231202295bbda805ed79c97
3,3,6,10,21,S003_R06_T10,both_feet_imagery,1,both_feet_imagery,1,0.18482627928019119,True,spectral_baseline_6,1/2/4/5/6/7/8/9/10/11/12/13/14/15/16/17/18/19/20,True,False,physionet/eegmmidb/1.0.0/S003/S003R06.edf,8d48a46397416bbea19eb6b97474aaade72029364231202295bbda805ed79c97
3,3,6,11,23,S003_R06_T11,both_fists_imagery,0,both_feet_imagery,1,0.2795980767932518,False,spectral_baseline_6,1/2/4/5/6/7/8/9/10/11/12/13/14/15/16/17/18/19/20,True,False,physionet/eegmmidb/1.0.0/S003/S003R06.edf,8d48a46397416bbea19eb6b97474aaade72029364231202295bbda805ed79c97
3,3,6,12,25,S003_R06_T12,both_feet_imagery,1,both_feet_imagery,1,0.04302441952165981,True,spectral_baseline_6,1/2/4/5/6/7/8/9/10/11/12/13/14/15/16/17/18/19/20,True,False,physionet/eegmmidb/1.0.0/S003/S003R06.edf,8d48a46397416bbea19eb6b97474aaade72029364231202295bbda805ed79c97
3,3,6,13,27,S003_R06_T13,both_fists_imagery,0,both_feet_imagery,1,0.2567640892479427,False,spectral_baseline_6,1/2/4/5/6/7/8/9/10/11/12/13/14/15/16/17/18/19/20,True,False,physionet/eegmmidb/1.0.0/S003/S003R06.edf,8d48a46397416bbea19eb6b97474aaade72029364231202295bbda805ed79c97
3,3,6,14,29,S003_R06_T14,both_feet_imagery,1,both_feet_imagery,1,0.033582131166322304,True,spectral_baseline_6,1/2/4/5/6/7/8/9/10/11/12/13/14/15/16/17/18/19/20,True,False,physionet/eegmmidb/1.0.0/S003/S003R06.edf,8d48a46397416bbea19eb6b97474aaade72029364231202295bbda805ed79c97
3,3,10,0,1,S003_R10_T00,both_fists_imagery,0,both_fists_imagery,0,-0.09956508834305,True,spectral_baseline_6,1/2/4/5/6/7/8/9/10/11/12/13/14/15/16/17/18/19/20,True,False,physionet/eegmmidb/1.0.0/S003/S003R10.edf,99429f0075f59216a10b75eea4029a7ded7bccec34d17100b08a55770cf1f014
3,3,10,1,3,S003_R10_T01,both_feet_imagery,1,both_feet_imagery,1,0.4297318011607114,True,spectral_baseline_6,1/2/4/5/6/7/8/9/10/11/12/13/14/15/16/17/18/19/20,True,False,physionet/eegmmidb/1.0.0/S003/S003R10.edf,99429f0075f59216a10b75eea4029a7ded7bccec34d17100b08a55770cf1f014
3,3,10,2,5,S003_R10_T02,both_fists_imagery,0,both_feet_imagery,1,0.8386686307891719,False,spectral_baseline_6,1/2/4/5/6/7/8/9/10/11/12/13/14/15/16/17/18/19/20,True,False,physionet/eegmmidb/1.0.0/S003/S003R10.edf,99429f0075f59216a10b75eea4029a7ded7bccec34d17100b08a55770cf1f014
3,3,10,3,7,S003_R10_T03,both_feet_imagery,1,both_feet_imagery,1,0.6827976166616416,True,spectral_baseline_6,1/2/4/5/6/7/8/9/10/11/12/13/14/15/16/17/18/19/20,True,False,physionet/eegmmidb/1.0.0/S003/S003R10.edf,99429f0075f59216a10b75eea4029a7ded7bccec34d17100b08a55770cf1f014
3,3,10,4,9,S003_R10_T04,both_feet_imagery,1,both_feet_imagery,1,0.40276284503813153,True,spectral_baseline_6,1/2/4/5/6/7/8/9/10/11/12/13/14/15/16/17/18/19/20,True,False,physionet/eegmmidb/1.0.0/S003/S003R10.edf,99429f0075f59216a10b75eea4029a7ded7bccec34d17100b08a55770cf1f014
3,3,10,5,11,S003_R10_T05,both_fists_imagery,0,both_feet_imagery,1,0.34610236201840144,False,spectral_baseline_6,1/2/4/5/6/7/8/9/10/11/12/13/14/15/16/17/18/19/20,True,False,physionet/eegmmidb/1.0.0/S003/S003R10.edf,99429f0075f59216a10b75eea4029a7ded7bccec34d17100b08a55770cf1f014
3,3,10,6,13,S003_R10_T06,both_fists_imagery,0,both_feet_imagery,1,0.6296195672617888,False,spectral_baseline_6,1/2/4/5/6/7/8/9/10/11/12/13/14/15/16/17/18/19/20,True,False,physionet/eegmmidb/1.0.0/S003/S003R10.edf,99429f0075f59216a10b75eea4029a7ded7bccec34d17100b08a55770cf1f014
3,3,10,7,15,S003_R10_T07,both_feet_imagery,1,both_feet_imagery,1,0.18470804608454966,True,spectral_baseline_6,1/2/4/5/6/7/8/9/10/11/12/13/14/15/16/17/18/19/20,True,False,physionet/eegmmidb/1.0.0/S003/S003R10.edf,99429f0075f59216a10b75eea4029a7ded7bccec34d17100b08a55770cf1f014
3,3,10,8,17,S003_R10_T08,both_fists_imagery,0,both_feet_imagery,1,0.7350781654074541,False,spectral_baseline_6,1/2/4/5/6/7/8/9/10/11/12/13/14/15/16/17/18/19/20,True,False,physionet/eegmmidb/1.0.0/S003/S003R10.edf,99429f0075f59216a10b75eea4029a7ded7bccec34d17100b08a55770cf1f014
3,3,10,9,19,S003_R10_T09,both_feet_imagery,1,both_feet_imagery,1,0.2654770465134821,True,spectral_baseline_6,1/2/4/5/6/7/8/9/10/11/12/13/14/15/16/17/18/19/20,True,False,physionet/eegmmidb/1.0.0/S003/S003R10.edf,99429f0075f59216a10b75eea4029a7ded7bccec34d17100b08a55770cf1f014
3,3,10,10,21,S003_R10_T10,both_fists_imagery,0,both_feet_imagery,1,0.14095799871666262,False,spectral_baseline_6,1/2/4/5/6/7/8/9/10/11/12/13/14/15/16/17/18/19/20,True,False,physionet/eegmmidb/1.0.0/S003/S003R10.edf,99429f0075f59216a10b75eea4029a7ded7bccec34d17100b08a55770cf1f014
3,3,10,11,23,S003_R10_T11,both_feet_imagery,1,both_feet_imagery,1,0.27945972684111864,True,spectral_baseline_6,1/2/4/5/6/7/8/9/10/11/12/13/14/15/16/17/18/19/20,True,False,physionet/eegmmidb/1.0.0/S003/S003R10.edf,99429f0075f59216a10b75eea4029a7ded7bccec34d17100b08a55770cf1f014
3,3,10,12,25,S003_R10_T12,both_feet_imagery,1,both_fists_imagery,0,-0.6178616885362156,False,spectral_baseline_6,1/2/4/5/6/7/8/9/10/11/12/13/14/15/16/17/18/19/20,True,False,physionet/eegmmidb/1.0.0/S003/S003R10.edf,99429f0075f59216a10b75eea4029a7ded7bccec34d17100b08a55770cf1f014
3,3,10,13,27,S003_R10_T13,both_fists_imagery,0,both_feet_imagery,1,0.08766514251997405,False,spectral_baseline_6,1/2/4/5/6/7/8/9/10/11/12/13/14/15/16/17/18/19/20,True,False,physionet/eegmmidb/1.0.0/S003/S003R10.edf,99429f0075f59216a10b75eea4029a7ded7bccec34d17100b08a55770cf1f014
3,3,10,14,29,S003_R10_T14,both_feet_imagery,1,both_feet_imagery,1,0.6419432888992752,True,spectral_baseline_6,1/2/4/5/6/7/8/9/10/11/12/13/14/15/16/17/18/19/20,True,False,physionet/eegmmidb/1.0.0/S003/S003R10.edf,99429f0075f59216a10b75eea4029a7ded7bccec34d17100b08a55770cf1f014
3,3,14,0,1,S003_R14_T00,both_fists_imagery,0,both_fists_imagery,0,-0.14816320282274748,True,spectral_baseline_6,1/2/4/5/6/7/8/9/10/11/12/13/14/15/16/17/18/19/20,True,False,physionet/eegmmidb/1.0.0/S003/S003R14.edf,c80a7a0fab93074cdead76450b49ba8d27b7183f1baa406daf5207d2c1825194
3,3,14,1,3,S003_R14_T01,both_feet_imagery,1,both_fists_imagery,0,-0.07068037738697192,False,spectral_baseline_6,1/2/4/5/6/7/8/9/10/11/12/13/14/15/16/17/18/19/20,True,False,physionet/eegmmidb/1.0.0/S003/S003R14.edf,c80a7a0fab93074cdead76450b49ba8d27b7183f1baa406daf5207d2c1825194
3,3,14,2,5,S003_R14_T02,both_fists_imagery,0,both_fists_imagery,0,-0.27722363414821194,True,spectral_baseline_6,1/2/4/5/6/7/8/9/10/11/12/13/14/15/16/17/18/19/20,True,False,physionet/eegmmidb/1.0.0/S003/S003R14.edf,c80a7a0fab93074cdead76450b49ba8d27b7183f1baa406daf5207d2c1825194
3,3,14,3,7,S003_R14_T03,both_feet_imagery,1,both_feet_imagery,1,0.3229126583165036,True,spectral_baseline_6,1/2/4/5/6/7/8/9/10/11/12/13/14/15/16/17/18/19/20,True,False,physionet/eegmmidb/1.0.0/S003/S003R14.edf,c80a7a0fab93074cdead76450b49ba8d27b7183f1baa406daf5207d2c1825194
3,3,14,4,9,S003_R14_T04,both_feet_imagery,1,both_feet_imagery,1,0.38589789407832925,True,spectral_baseline_6,1/2/4/5/6/7/8/9/10/11/12/13/14/15/16/17/18/19/20,True,False,physionet/eegmmidb/1.0.0/S003/S003R14.edf,c80a7a0fab93074cdead76450b49ba8d27b7183f1baa406daf5207d2c1825194
3,3,14,5,11,S003_R14_T05,both_fists_imagery,0,both_feet_imagery,1,0.15645621561234624,False,spectral_baseline_6,1/2/4/5/6/7/8/9/10/11/12/13/14/15/16/17/18/19/20,True,False,physionet/eegmmidb/1.0.0/S003/S003R14.edf,c80a7a0fab93074cdead76450b49ba8d27b7183f1baa406daf5207d2c1825194
3,3,14,6,13,S003_R14_T06,both_feet_imagery,1,both_feet_imagery,1,0.5993892165425245,True,spectral_baseline_6,1/2/4/5/6/7/8/9/10/11/12/13/14/15/16/17/18/19/20,True,False,physionet/eegmmidb/1.0.0/S003/S003R14.edf,c80a7a0fab93074cdead76450b49ba8d27b7183f1baa406daf5207d2c1825194
3,3,14,7,15,S003_R14_T07,both_fists_imagery,0,both_feet_imagery,1,0.4216761987209588,False,spectral_baseline_6,1/2/4/5/6/7/8/9/10/11/12/13/14/15/16/17/18/19/20,True,False,physionet/eegmmidb/1.0.0/S003/S003R14.edf,c80a7a0fab93074cdead76450b49ba8d27b7183f1baa406daf5207d2c1825194
3,3,14,8,17,S003_R14_T08,both_fists_imagery,0,both_fists_imagery,0,-0.10773348137197769,True,spectral_baseline_6,1/2/4/5/6/7/8/9/10/11/12/13/14/15/16/17/18/19/20,True,False,physionet/eegmmidb/1.0.0/S003/S003R14.edf,c80a7a0fab93074cdead76450b49ba8d27b7183f1baa406daf5207d2c1825194
3,3,14,9,19,S003_R14_T09,both_feet_imagery,1,both_feet_imagery,1,0.012924379630054217,True,spectral_baseline_6,1/2/4/5/6/7/8/9/10/11/12/13/14/15/16/17/18/19/20,True,False,physionet/eegmmidb/1.0.0/S003/S003R14.edf,c80a7a0fab93074cdead76450b49ba8d27b7183f1baa406daf5207d2c1825194
3,3,14,10,21,S003_R14_T10,both_fists_imagery,0,both_feet_imagery,1,0.3002434788298382,False,spectral_baseline_6,1/2/4/5/6/7/8/9/10/11/12/13/14/15/16/17/18/19/20,True,False,physionet/eegmmidb/1.0.0/S003/S003R14.edf,c80a7a0fab93074cdead76450b49ba8d27b7183f1baa406daf5207d2c1825194
3,3,14,11,23,S003_R14_T11,both_feet_imagery,1,both_feet_imagery,1,0.48949197165216896,True,spectral_baseline_6,1/2/4/5/6/7/8/9/10/11/12/13/14/15/16/17/18/19/20,True,False,physionet/eegmmidb/1.0.0/S003/S003R14.edf,c80a7a0fab93074cdead76450b49ba8d27b7183f1baa406daf5207d2c1825194
3,3,14,12,25,S003_R14_T12,both_feet_imagery,1,both_fists_imagery,0,-0.13299182187033792,False,spectral_baseline_6,1/2/4/5/6/7/8/9/10/11/12/13/14/15/16/17/18/19/20,True,False,physionet/eegmmidb/1.0.0/S003/S003R14.edf,c80a7a0fab93074cdead76450b49ba8d27b7183f1baa406daf5207d2c1825194
3,3,14,13,27,S003_R14_T13,both_fists_imagery,0,both_feet_imagery,1,0.024266622244571157,False,spectral_baseline_6,1/2/4/5/6/7/8/9/10/11/12/13/14/15/16/17/18/19/20,True,False,physionet/eegmmidb/1.0.0/S003/S003R14.edf,c80a7a0fab93074cdead76450b49ba8d27b7183f1baa406daf5207d2c1825194
3,3,14,14,29,S003_R14_T14,both_feet_imagery,1,both_feet_imagery,1,0.0548523578809752,True,spectral_baseline_6,1/2/4/5/6/7/8/9/10/11/12/13/14/15/16/17/18/19/20,True,False,physionet/eegmmidb/1.0.0/S003/S003R14.edf,c80a7a0fab93074cdead76450b49ba8d27b7183f1baa406daf5207d2c1825194
3,3,6,0,1,S003_R06_T00,both_feet_imagery,1,both_fists_imagery,0,-0.9205491455048755,False,csp_4_empirical,1/2/4/5/6/7/8/9/10/11/12/13/14/15/16/17/18/19/20,True,False,physionet/eegmmidb/1.0.0/S003/S003R06.edf,8d48a46397416bbea19eb6b97474aaade72029364231202295bbda805ed79c97
3,3,6,1,3,S003_R06_T01,both_fists_imagery,0,both_fists_imagery,0,-0.1690294233719138,True,csp_4_empirical,1/2/4/5/6/7/8/9/10/11/12/13/14/15/16/17/18/19/20,True,False,physionet/eegmmidb/1.0.0/S003/S003R06.edf,8d48a46397416bbea19eb6b97474aaade72029364231202295bbda805ed79c97
3,3,6,2,5,S003_R06_T02,both_fists_imagery,0,both_fists_imagery,0,-0.5444879675696684,True,csp_4_empirical,1/2/4/5/6/7/8/9/10/11/12/13/14/15/16/17/18/19/20,True,False,physionet/eegmmidb/1.0.0/S003/S003R06.edf,8d48a46397416bbea19eb6b97474aaade72029364231202295bbda805ed79c97
3,3,6,3,7,S003_R06_T03,both_feet_imagery,1,both_fists_imagery,0,-0.8513453921880536,False,csp_4_empirical,1/2/4/5/6/7/8/9/10/11/12/13/14/15/16/17/18/19/20,True,False,physionet/eegmmidb/1.0.0/S003/S003R06.edf,8d48a46397416bbea19eb6b97474aaade72029364231202295bbda805ed79c97
3,3,6,4,9,S003_R06_T04,both_fists_imagery,0,both_fists_imagery,0,-0.6807559788130442,True,csp_4_empirical,1/2/4/5/6/7/8/9/10/11/12/13/14/15/16/17/18/19/20,True,False,physionet/eegmmidb/1.0.0/S003/S003R06.edf,8d48a46397416bbea19eb6b97474aaade72029364231202295bbda805ed79c97
3,3,6,5,11,S003_R06_T05,both_feet_imagery,1,both_fists_imagery,0,-0.061501323896338445,False,csp_4_empirical,1/2/4/5/6/7/8/9/10/11/12/13/14/15/16/17/18/19/20,True,False,physionet/eegmmidb/1.0.0/S003/S003R06.edf,8d48a46397416bbea19eb6b97474aaade72029364231202295bbda805ed79c97
3,3,6,6,13,S003_R06_T06,both_fists_imagery,0,both_fists_imagery,0,-0.7676981715249546,True,csp_4_empirical,1/2/4/5/6/7/8/9/10/11/12/13/14/15/16/17/18/19/20,True,False,physionet/eegmmidb/1.0.0/S003/S003R06.edf,8d48a46397416bbea19eb6b97474aaade72029364231202295bbda805ed79c97
3,3,6,7,15,S003_R06_T07,both_feet_imagery,1,both_fists_imagery,0,-0.36407822047316796,False,csp_4_empirical,1/2/4/5/6/7/8/9/10/11/12/13/14/15/16/17/18/19/20,True,False,physionet/eegmmidb/1.0.0/S003/S003R06.edf,8d48a46397416bbea19eb6b97474aaade72029364231202295bbda805ed79c97
3,3,6,8,17,S003_R06_T08,both_feet_imagery,1,both_fists_imagery,0,-0.7176331754501112,False,csp_4_empirical,1/2/4/5/6/7/8/9/10/11/12/13/14/15/16/17/18/19/20,True,False,physionet/eegmmidb/1.0.0/S003/S003R06.edf,8d48a46397416bbea19eb6b97474aaade72029364231202295bbda805ed79c97
3,3,6,9,19,S003_R06_T09,both_fists_imagery,0,both_fists_imagery,0,-0.9799790820245086,True,csp_4_empirical,1/2/4/5/6/7/8/9/10/11/12/13/14/15/16/17/18/19/20,True,False,physionet/eegmmidb/1.0.0/S003/S003R06.edf,8d48a46397416bbea19eb6b97474aaade72029364231202295bbda805ed79c97
3,3,6,10,21,S003_R06_T10,both_feet_imagery,1,both_fists_imagery,0,-1.3395362862476063,False,csp_4_empirical,1/2/4/5/6/7/8/9/10/11/12/13/14/15/16/17/18/19/20,True,False,physionet/eegmmidb/1.0.0/S003/S003R06.edf,8d48a46397416bbea19eb6b97474aaade72029364231202295bbda805ed79c97
3,3,6,11,23,S003_R06_T11,both_fists_imagery,0,both_fists_imagery,0,-0.5427734955849498,True,csp_4_empirical,1/2/4/5/6/7/8/9/10/11/12/13/14/15/16/17/18/19/20,True,False,physionet/eegmmidb/1.0.0/S003/S003R06.edf,8d48a46397416bbea19eb6b97474aaade72029364231202295bbda805ed79c97
3,3,6,12,25,S003_R06_T12,both_feet_imagery,1,both_feet_imagery,1,0.1436897475389709,True,csp_4_empirical,1/2/4/5/6/7/8/9/10/11/12/13/14/15/16/17/18/19/20,True,False,physionet/eegmmidb/1.0.0/S003/S003R06.edf,8d48a46397416bbea19eb6b97474aaade72029364231202295bbda805ed79c97
3,3,6,13,27,S003_R06_T13,both_fists_imagery,0,both_fists_imagery,0,-0.9206075601122415,True,csp_4_empirical,1/2/4/5/6/7/8/9/10/11/12/13/14/15/16/17/18/19/20,True,False,physionet/eegmmidb/1.0.0/S003/S003R06.edf,8d48a46397416bbea19eb6b97474aaade72029364231202295bbda805ed79c97
3,3,6,14,29,S003_R06_T14,both_feet_imagery,1,both_fists_imagery,0,-1.0130215907935005,False,csp_4_empirical,1/2/4/5/6/7/8/9/10/11/12/13/14/15/16/17/18/19/20,True,False,physionet/eegmmidb/1.0.0/S003/S003R06.edf,8d48a46397416bbea19eb6b97474aaade72029364231202295bbda805ed79c97
3,3,10,0,1,S003_R10_T00,both_fists_imagery,0,both_fists_imagery,0,-0.4304264324283067,True,csp_4_empirical,1/2/4/5/6/7/8/9/10/11/12/13/14/15/16/17/18/19/20,True,False,physionet/eegmmidb/1.0.0/S003/S003R10.edf,99429f0075f59216a10b75eea4029a7ded7bccec34d17100b08a55770cf1f014
3,3,10,1,3,S003_R10_T01,both_feet_imagery,1,both_fists_imagery,0,-0.5675891888687057,False,csp_4_empirical,1/2/4/5/6/7/8/9/10/11/12/13/14/15/16/17/18/19/20,True,False,physionet/eegmmidb/1.0.0/S003/S003R10.edf,99429f0075f59216a10b75eea4029a7ded7bccec34d17100b08a55770cf1f014
3,3,10,2,5,S003_R10_T02,both_fists_imagery,0,both_fists_imagery,0,-0.5782796420087969,True,csp_4_empirical,1/2/4/5/6/7/8/9/10/11/12/13/14/15/16/17/18/19/20,True,False,physionet/eegmmidb/1.0.0/S003/S003R10.edf,99429f0075f59216a10b75eea4029a7ded7bccec34d17100b08a55770cf1f014
3,3,10,3,7,S003_R10_T03,both_feet_imagery,1,both_fists_imagery,0,-1.0195388436423833,False,csp_4_empirical,1/2/4/5/6/7/8/9/10/11/12/13/14/15/16/17/18/19/20,True,False,physionet/eegmmidb/1.0.0/S003/S003R10.edf,99429f0075f59216a10b75eea4029a7ded7bccec34d17100b08a55770cf1f014
3,3,10,4,9,S003_R10_T04,both_feet_imagery,1,both_fists_imagery,0,-0.28154041641998706,False,csp_4_empirical,1/2/4/5/6/7/8/9/10/11/12/13/14/15/16/17/18/19/20,True,False,physionet/eegmmidb/1.0.0/S003/S003R10.edf,99429f0075f59216a10b75eea4029a7ded7bccec34d17100b08a55770cf1f014
3,3,10,5,11,S003_R10_T05,both_fists_imagery,0,both_fists_imagery,0,-0.9065392070996634,True,csp_4_empirical,1/2/4/5/6/7/8/9/10/11/12/13/14/15/16/17/18/19/20,True,False,physionet/eegmmidb/1.0.0/S003/S003R10.edf,99429f0075f59216a10b75eea4029a7ded7bccec34d17100b08a55770cf1f014
3,3,10,6,13,S003_R10_T06,both_fists_imagery,0,both_feet_imagery,1,0.18309792886240017,False,csp_4_empirical,1/2/4/5/6/7/8/9/10/11/12/13/14/15/16/17/18/19/20,True,False,physionet/eegmmidb/1.0.0/S003/S003R10.edf,99429f0075f59216a10b75eea4029a7ded7bccec34d17100b08a55770cf1f014
3,3,10,7,15,S003_R10_T07,both_feet_imagery,1,both_fists_imagery,0,-0.7410435450742304,False,csp_4_empirical,1/2/4/5/6/7/8/9/10/11/12/13/14/15/16/17/18/19/20,True,False,physionet/eegmmidb/1.0.0/S003/S003R10.edf,99429f0075f59216a10b75eea4029a7ded7bccec34d17100b08a55770cf1f014
3,3,10,8,17,S003_R10_T08,both_fists_imagery,0,both_fists_imagery,0,-0.5639150981113507,True,csp_4_empirical,1/2/4/5/6/7/8/9/10/11/12/13/14/15/16/17/18/19/20,True,False,physionet/eegmmidb/1.0.0/S003/S003R10.edf,99429f0075f59216a10b75eea4029a7ded7bccec34d17100b08a55770cf1f014
3,3,10,9,19,S003_R10_T09,both_feet_imagery,1,both_feet_imagery,1,0.274471269944055,True,csp_4_empirical,1/2/4/5/6/7/8/9/10/11/12/13/14/15/16/17/18/19/20,True,False,physionet/eegmmidb/1.0.0/S003/S003R10.edf,99429f0075f59216a10b75eea4029a7ded7bccec34d17100b08a55770cf1f014
3,3,10,10,21,S003_R10_T10,both_fists_imagery,0,both_fists_imagery,0,-1.0383507406011718,True,csp_4_empirical,1/2/4/5/6/7/8/9/10/11/12/13/14/15/16/17/18/19/20,True,False,physionet/eegmmidb/1.0.0/S003/S003R10.edf,99429f0075f59216a10b75eea4029a7ded7bccec34d17100b08a55770cf1f014
3,3,10,11,23,S003_R10_T11,both_feet_imagery,1,both_fists_imagery,0,-0.6133364886256348,False,csp_4_empirical,1/2/4/5/6/7/8/9/10/11/12/13/14/15/16/17/18/19/20,True,False,physionet/eegmmidb/1.0.0/S003/S003R10.edf,99429f0075f59216a10b75eea4029a7ded7bccec34d17100b08a55770cf1f014
3,3,10,12,25,S003_R10_T12,both_feet_imagery,1,both_fists_imagery,0,-0.580820796053884,False,csp_4_empirical,1/2/4/5/6/7/8/9/10/11/12/13/14/15/16/17/18/19/20,True,False,physionet/eegmmidb/1.0.0/S003/S003R10.edf,99429f0075f59216a10b75eea4029a7ded7bccec34d17100b08a55770cf1f014
3,3,10,13,27,S003_R10_T13,both_fists_imagery,0,both_fists_imagery,0,-0.667589372454486,True,csp_4_empirical,1/2/4/5/6/7/8/9/10/11/12/13/14/15/16/17/18/19/20,True,False,physionet/eegmmidb/1.0.0/S003/S003R10.edf,99429f0075f59216a10b75eea4029a7ded7bccec34d17100b08a55770cf1f014
3,3,10,14,29,S003_R10_T14,both_feet_imagery,1,both_fists_imagery,0,-0.5378374451574891,False,csp_4_empirical,1/2/4/5/6/7/8/9/10/11/12/13/14/15/16/17/18/19/20,True,False,physionet/eegmmidb/1.0.0/S003/S003R10.edf,99429f0075f59216a10b75eea4029a7ded7bccec34d17100b08a55770cf1f014
3,3,14,0,1,S003_R14_T00,both_fists_imagery,0,both_fists_imagery,0,-0.9109018306857842,True,csp_4_empirical,1/2/4/5/6/7/8/9/10/11/12/13/14/15/16/17/18/19/20,True,False,physionet/eegmmidb/1.0.0/S003/S003R14.edf,c80a7a0fab93074cdead76450b49ba8d27b7183f1baa406daf5207d2c1825194
3,3,14,1,3,S003_R14_T01,both_feet_imagery,1,both_fists_imagery,0,-0.36898120085041886,False,csp_4_empirical,1/2/4/5/6/7/8/9/10/11/12/13/14/15/16/17/18/19/20,True,False,physionet/eegmmidb/1.0.0/S003/S003R14.edf,c80a7a0fab93074cdead76450b49ba8d27b7183f1baa406daf5207d2c1825194
3,3,14,2,5,S003_R14_T02,both_fists_imagery,0,both_fists_imagery,0,-0.27678377213012656,True,csp_4_empirical,1/2/4/5/6/7/8/9/10/11/12/13/14/15/16/17/18/19/20,True,False,physionet/eegmmidb/1.0.0/S003/S003R14.edf,c80a7a0fab93074cdead76450b49ba8d27b7183f1baa406daf5207d2c1825194
3,3,14,3,7,S003_R14_T03,both_feet_imagery,1,both_fists_imagery,0,-0.6622715845588131,False,csp_4_empirical,1/2/4/5/6/7/8/9/10/11/12/13/14/15/16/17/18/19/20,True,False,physionet/eegmmidb/1.0.0/S003/S003R14.edf,c80a7a0fab93074cdead76450b49ba8d27b7183f1baa406daf5207d2c1825194
3,3,14,4,9,S003_R14_T04,both_feet_imagery,1,both_fists_imagery,0,-0.9416427527031471,False,csp_4_empirical,1/2/4/5/6/7/8/9/10/11/12/13/14/15/16/17/18/19/20,True,False,physionet/eegmmidb/1.0.0/S003/S003R14.edf,c80a7a0fab93074cdead76450b49ba8d27b7183f1baa406daf5207d2c1825194
3,3,14,5,11,S003_R14_T05,both_fists_imagery,0,both_fists_imagery,0,-0.4680844769853454,True,csp_4_empirical,1/2/4/5/6/7/8/9/10/11/12/13/14/15/16/17/18/19/20,True,False,physionet/eegmmidb/1.0.0/S003/S003R14.edf,c80a7a0fab93074cdead76450b49ba8d27b7183f1baa406daf5207d2c1825194
3,3,14,6,13,S003_R14_T06,both_feet_imagery,1,both_fists_imagery,0,-1.2305442998800271,False,csp_4_empirical,1/2/4/5/6/7/8/9/10/11/12/13/14/15/16/17/18/19/20,True,False,physionet/eegmmidb/1.0.0/S003/S003R14.edf,c80a7a0fab93074cdead76450b49ba8d27b7183f1baa406daf5207d2c1825194
3,3,14,7,15,S003_R14_T07,both_fists_imagery,0,both_fists_imagery,0,-0.16796960774292635,True,csp_4_empirical,1/2/4/5/6/7/8/9/10/11/12/13/14/15/16/17/18/19/20,True,False,physionet/eegmmidb/1.0.0/S003/S003R14.edf,c80a7a0fab93074cdead76450b49ba8d27b7183f1baa406daf5207d2c1825194
3,3,14,8,17,S003_R14_T08,both_fists_imagery,0,both_fists_imagery,0,-0.6400412810278101,True,csp_4_empirical,1/2/4/5/6/7/8/9/10/11/12/13/14/15/16/17/18/19/20,True,False,physionet/eegmmidb/1.0.0/S003/S003R14.edf,c80a7a0fab93074cdead76450b49ba8d27b7183f1baa406daf5207d2c1825194
3,3,14,9,19,S003_R14_T09,both_feet_imagery,1,both_fists_imagery,0,-0.5358723621852488,False,csp_4_empirical,1/2/4/5/6/7/8/9/10/11/12/13/14/15/16/17/18/19/20,True,False,physionet/eegmmidb/1.0.0/S003/S003R14.edf,c80a7a0fab93074cdead76450b49ba8d27b7183f1baa406daf5207d2c1825194
3,3,14,10,21,S003_R14_T10,both_fists_imagery,0,both_fists_imagery,0,-0.9905672583051273,True,csp_4_empirical,1/2/4/5/6/7/8/9/10/11/12/13/14/15/16/17/18/19/20,True,False,physionet/eegmmidb/1.0.0/S003/S003R14.edf,c80a7a0fab93074cdead76450b49ba8d27b7183f1baa406daf5207d2c1825194
3,3,14,11,23,S003_R14_T11,both_feet_imagery,1,both_fists_imagery,0,-0.5443230284359765,False,csp_4_empirical,1/2/4/5/6/7/8/9/10/11/12/13/14/15/16/17/18/19/20,True,False,physionet/eegmmidb/1.0.0/S003/S003R14.edf,c80a7a0fab93074cdead76450b49ba8d27b7183f1baa406daf5207d2c1825194
3,3,14,12,25,S003_R14_T12,both_feet_imagery,1,both_fists_imagery,0,-0.1723965950869143,False,csp_4_empirical,1/2/4/5/6/7/8/9/10/11/12/13/14/15/16/17/18/19/20,True,False,physionet/eegmmidb/1.0.0/S003/S003R14.edf,c80a7a0fab93074cdead76450b49ba8d27b7183f1baa406daf5207d2c1825194
3,3,14,13,27,S003_R14_T13,both_fists_imagery,0,both_fists_imagery,0,-0.10802743699276285,True,csp_4_empirical,1/2/4/5/6/7/8/9/10/11/12/13/14/15/16/17/18/19/20,True,False,physionet/eegmmidb/1.0.0/S003/S003R14.edf,c80a7a0fab93074cdead76450b49ba8d27b7183f1baa406daf5207d2c1825194
3,3,14,14,29,S003_R14_T14,both_feet_imagery,1,both_fists_imagery,0,-1.2369880745521402,False,csp_4_empirical,1/2/4/5/6/7/8/9/10/11/12/13/14/15/16/17/18/19/20,True,False,physionet/eegmmidb/1.0.0/S003/S003R14.edf,c80a7a0fab93074cdead76450b49ba8d27b7183f1baa406daf5207d2c1825194
4,4,6,0,1,S004_R06_T00,both_fists_imagery,0,both_feet_imagery,1,0.4196674153268008,False,spectral_baseline_6,1/2/3/5/6/7/8/9/10/11/12/13/14/15/16/17/18/19/20,True,False,physionet/eegmmidb/1.0.0/S004/S004R06.edf,2d9afd10462b0dc93c07e605ce6dd49ddf42c856c843a18a8236cbf08c9af7fa
4,4,6,1,3,S004_R06_T01,both_feet_imagery,1,both_feet_imagery,1,1.066888096912394,True,spectral_baseline_6,1/2/3/5/6/7/8/9/10/11/12/13/14/15/16/17/18/19/20,True,False,physionet/eegmmidb/1.0.0/S004/S004R06.edf,2d9afd10462b0dc93c07e605ce6dd49ddf42c856c843a18a8236cbf08c9af7fa
4,4,6,2,5,S004_R06_T02,both_feet_imagery,1,both_feet_imagery,1,0.512512338220094,True,spectral_baseline_6,1/2/3/5/6/7/8/9/10/11/12/13/14/15/16/17/18/19/20,True,False,physionet/eegmmidb/1.0.0/S004/S004R06.edf,2d9afd10462b0dc93c07e605ce6dd49ddf42c856c843a18a8236cbf08c9af7fa
4,4,6,3,7,S004_R06_T03,both_fists_imagery,0,both_fists_imagery,0,-0.39917292286903877,True,spectral_baseline_6,1/2/3/5/6/7/8/9/10/11/12/13/14/15/16/17/18/19/20,True,False,physionet/eegmmidb/1.0.0/S004/S004R06.edf,2d9afd10462b0dc93c07e605ce6dd49ddf42c856c843a18a8236cbf08c9af7fa
4,4,6,4,9,S004_R06_T04,both_fists_imagery,0,both_fists_imagery,0,-0.036025840378245855,True,spectral_baseline_6,1/2/3/5/6/7/8/9/10/11/12/13/14/15/16/17/18/19/20,True,False,physionet/eegmmidb/1.0.0/S004/S004R06.edf,2d9afd10462b0dc93c07e605ce6dd49ddf42c856c843a18a8236cbf08c9af7fa
4,4,6,5,11,S004_R06_T05,both_feet_imagery,1,both_fists_imagery,0,-0.33457661813819706,False,spectral_baseline_6,1/2/3/5/6/7/8/9/10/11/12/13/14/15/16/17/18/19/20,True,False,physionet/eegmmidb/1.0.0/S004/S004R06.edf,2d9afd10462b0dc93c07e605ce6dd49ddf42c856c843a18a8236cbf08c9af7fa
4,4,6,6,13,S004_R06_T06,both_feet_imagery,1,both_feet_imagery,1,0.42164755768186124,True,spectral_baseline_6,1/2/3/5/6/7/8/9/10/11/12/13/14/15/16/17/18/19/20,True,False,physionet/eegmmidb/1.0.0/S004/S004R06.edf,2d9afd10462b0dc93c07e605ce6dd49ddf42c856c843a18a8236cbf08c9af7fa
4,4,6,7,15,S004_R06_T07,both_fists_imagery,0,both_fists_imagery,0,-0.25161142514544527,True,spectral_baseline_6,1/2/3/5/6/7/8/9/10/11/12/13/14/15/16/17/18/19/20,True,False,physionet/eegmmidb/1.0.0/S004/S004R06.edf,2d9afd10462b0dc93c07e605ce6dd49ddf42c856c843a18a8236cbf08c9af7fa
4,4,6,8,17,S004_R06_T08,both_feet_imagery,1,both_fists_imagery,0,-0.08258608813415025,False,spectral_baseline_6,1/2/3/5/6/7/8/9/10/11/12/13/14/15/16/17/18/19/20,True,False,physionet/eegmmidb/1.0.0/S004/S004R06.edf,2d9afd10462b0dc93c07e605ce6dd49ddf42c856c843a18a8236cbf08c9af7fa
4,4,6,9,19,S004_R06_T09,both_fists_imagery,0,both_fists_imagery,0,-0.028650963075990132,True,spectral_baseline_6,1/2/3/5/6/7/8/9/10/11/12/13/14/15/16/17/18/19/20,True,False,physionet/eegmmidb/1.0.0/S004/S004R06.edf,2d9afd10462b0dc93c07e605ce6dd49ddf42c856c843a18a8236cbf08c9af7fa
4,4,6,10,21,S004_R06_T10,both_feet_imagery,1,both_feet_imagery,1,0.2672337981872456,True,spectral_baseline_6,1/2/3/5/6/7/8/9/10/11/12/13/14/15/16/17/18/19/20,True,False,physionet/eegmmidb/1.0.0/S004/S004R06.edf,2d9afd10462b0dc93c07e605ce6dd49ddf42c856c843a18a8236cbf08c9af7fa
4,4,6,11,23,S004_R06_T11,both_fists_imagery,0,both_feet_imagery,1,0.4390698485457051,False,spectral_baseline_6,1/2/3/5/6/7/8/9/10/11/12/13/14/15/16/17/18/19/20,True,False,physionet/eegmmidb/1.0.0/S004/S004R06.edf,2d9afd10462b0dc93c07e605ce6dd49ddf42c856c843a18a8236cbf08c9af7fa
4,4,6,12,25,S004_R06_T12,both_fists_imagery,0,both_fists_imagery,0,-0.004675647504917113,True,spectral_baseline_6,1/2/3/5/6/7/8/9/10/11/12/13/14/15/16/17/18/19/20,True,False,physionet/eegmmidb/1.0.0/S004/S004R06.edf,2d9afd10462b0dc93c07e605ce6dd49ddf42c856c843a18a8236cbf08c9af7fa
4,4,6,13,27,S004_R06_T13,both_feet_imagery,1,both_fists_imagery,0,-0.4257834889287071,False,spectral_baseline_6,1/2/3/5/6/7/8/9/10/11/12/13/14/15/16/17/18/19/20,True,False,physionet/eegmmidb/1.0.0/S004/S004R06.edf,2d9afd10462b0dc93c07e605ce6dd49ddf42c856c843a18a8236cbf08c9af7fa
4,4,6,14,29,S004_R06_T14,both_fists_imagery,0,both_fists_imagery,0,-0.1806158569102534,True,spectral_baseline_6,1/2/3/5/6/7/8/9/10/11/12/13/14/15/16/17/18/19/20,True,False,physionet/eegmmidb/1.0.0/S004/S004R06.edf,2d9afd10462b0dc93c07e605ce6dd49ddf42c856c843a18a8236cbf08c9af7fa
4,4,10,0,1,S004_R10_T00,both_fists_imagery,0,both_fists_imagery,0,-0.3564987725055082,True,spectral_baseline_6,1/2/3/5/6/7/8/9/10/11/12/13/14/15/16/17/18/19/20,True,False,physionet/eegmmidb/1.0.0/S004/S004R10.edf,8f8034251a5bc4bf8dd8ecc1869da6ffd9e61bb9d9f8a4ae0df9003d72d40e9f
4,4,10,1,3,S004_R10_T01,both_feet_imagery,1,both_fists_imagery,0,-0.21264117731599474,False,spectral_baseline_6,1/2/3/5/6/7/8/9/10/11/12/13/14/15/16/17/18/19/20,True,False,physionet/eegmmidb/1.0.0/S004/S004R10.edf,8f8034251a5bc4bf8dd8ecc1869da6ffd9e61bb9d9f8a4ae0df9003d72d40e9f
4,4,10,2,5,S004_R10_T02,both_feet_imagery,1,both_feet_imagery,1,0.028620428478916216,True,spectral_baseline_6,1/2/3/5/6/7/8/9/10/11/12/13/14/15/16/17/18/19/20,True,False,physionet/eegmmidb/1.0.0/S004/S004R10.edf,8f8034251a5bc4bf8dd8ecc1869da6ffd9e61bb9d9f8a4ae0df9003d72d40e9f
4,4,10,3,7,S004_R10_T03,both_fists_imagery,0,both_fists_imagery,0,-0.2483508402093958,True,spectral_baseline_6,1/2/3/5/6/7/8/9/10/11/12/13/14/15/16/17/18/19/20,True,False,physionet/eegmmidb/1.0.0/S004/S004R10.edf,8f8034251a5bc4bf8dd8ecc1869da6ffd9e61bb9d9f8a4ae0df9003d72d40e9f
4,4,10,4,9,S004_R10_T04,both_fists_imagery,0,both_fists_imagery,0,-0.36153785397717353,True,spectral_baseline_6,1/2/3/5/6/7/8/9/10/11/12/13/14/15/16/17/18/19/20,True,False,physionet/eegmmidb/1.0.0/S004/S004R10.edf,8f8034251a5bc4bf8dd8ecc1869da6ffd9e61bb9d9f8a4ae0df9003d72d40e9f
4,4,10,5,11,S004_R10_T05,both_feet_imagery,1,both_feet_imagery,1,0.054661418458369804,True,spectral_baseline_6,1/2/3/5/6/7/8/9/10/11/12/13/14/15/16/17/18/19/20,True,False,physionet/eegmmidb/1.0.0/S004/S004R10.edf,8f8034251a5bc4bf8dd8ecc1869da6ffd9e61bb9d9f8a4ae0df9003d72d40e9f
4,4,10,6,13,S004_R10_T06,both_feet_imagery,1,both_feet_imagery,1,0.033281290860623786,True,spectral_baseline_6,1/2/3/5/6/7/8/9/10/11/12/13/14/15/16/17/18/19/20,True,False,physionet/eegmmidb/1.0.0/S004/S004R10.edf,8f8034251a5bc4bf8dd8ecc1869da6ffd9e61bb9d9f8a4ae0df9003d72d40e9f
4,4,10,7,15,S004_R10_T07,both_fists_imagery,0,both_fists_imagery,0,-0.02833943462601829,True,spectral_baseline_6,1/2/3/5/6/7/8/9/10/11/12/13/14/15/16/17/18/19/20,True,False,physionet/eegmmidb/1.0.0/S004/S004R10.edf,8f8034251a5bc4bf8dd8ecc1869da6ffd9e61bb9d9f8a4ae0df9003d72d40e9f
4,4,10,8,17,S004_R10_T08,both_fists_imagery,0,both_feet_imagery,1,0.13640413958599557,False,spectral_baseline_6,1/2/3/5/6/7/8/9/10/11/12/13/14/15/16/17/18/19/20,True,False,physionet/eegmmidb/1.0.0/S004/S004R10.edf,8f8034251a5bc4bf8dd8ecc1869da6ffd9e61bb9d9f8a4ae0df9003d72d40e9f
4,4,10,9,19,S004_R10_T09,both_feet_imagery,1,both_feet_imagery,1,0.6898180546249484,True,spectral_baseline_6,1/2/3/5/6/7/8/9/10/11/12/13/14/15/16/17/18/19/20,True,False,physionet/eegmmidb/1.0.0/S004/S004R10.edf,8f8034251a5bc4bf8dd8ecc1869da6ffd9e61bb9d9f8a4ae0df9003d72d40e9f
4,4,10,10,21,S004_R10_T10,both_feet_imagery,1,both_feet_imagery,1,0.044982509237025126,True,spectral_baseline_6,1/2/3/5/6/7/8/9/10/11/12/13/14/15/16/17/18/19/20,True,False,physionet/eegmmidb/1.0.0/S004/S004R10.edf,8f8034251a5bc4bf8dd8ecc1869da6ffd9e61bb9d9f8a4ae0df9003d72d40e9f
4,4,10,11,23,S004_R10_T11,both_fists_imagery,0,both_fists_imagery,0,-0.5005755058694131,True,spectral_baseline_6,1/2/3/5/6/7/8/9/10/11/12/13/14/15/16/17/18/19/20,True,False,physionet/eegmmidb/1.0.0/S004/S004R10.edf,8f8034251a5bc4bf8dd8ecc1869da6ffd9e61bb9d9f8a4ae0df9003d72d40e9f
4,4,10,12,25,S004_R10_T12,both_feet_imagery,1,both_feet_imagery,1,0.7944670684849137,True,spectral_baseline_6,1/2/3/5/6/7/8/9/10/11/12/13/14/15/16/17/18/19/20,True,False,physionet/eegmmidb/1.0.0/S004/S004R10.edf,8f8034251a5bc4bf8dd8ecc1869da6ffd9e61bb9d9f8a4ae0df9003d72d40e9f
4,4,10,13,27,S004_R10_T13,both_fists_imagery,0,both_feet_imagery,1,0.34074003002531694,False,spectral_baseline_6,1/2/3/5/6/7/8/9/10/11/12/13/14/15/16/17/18/19/20,True,False,physionet/eegmmidb/1.0.0/S004/S004R10.edf,8f8034251a5bc4bf8dd8ecc1869da6ffd9e61bb9d9f8a4ae0df9003d72d40e9f
4,4,10,14,29,S004_R10_T14,both_feet_imagery,1,both_feet_imagery,1,0.4270067039180123,True,spectral_baseline_6,1/2/3/5/6/7/8/9/10/11/12/13/14/15/16/17/18/19/20,True,False,physionet/eegmmidb/1.0.0/S004/S004R10.edf,8f8034251a5bc4bf8dd8ecc1869da6ffd9e61bb9d9f8a4ae0df9003d72d40e9f
4,4,14,0,1,S004_R14_T00,both_fists_imagery,0,both_feet_imagery,1,0.7847665316519521,False,spectral_baseline_6,1/2/3/5/6/7/8/9/10/11/12/13/14/15/16/17/18/19/20,True,False,physionet/eegmmidb/1.0.0/S004/S004R14.edf,06a3c88276f1db76214f8b1068878add45b22836327fe6b95d0231d415cce752
4,4,14,1,3,S004_R14_T01,both_feet_imagery,1,both_feet_imagery,1,0.4097687261867518,True,spectral_baseline_6,1/2/3/5/6/7/8/9/10/11/12/13/14/15/16/17/18/19/20,True,False,physionet/eegmmidb/1.0.0/S004/S004R14.edf,06a3c88276f1db76214f8b1068878add45b22836327fe6b95d0231d415cce752
4,4,14,2,5,S004_R14_T02,both_feet_imagery,1,both_feet_imagery,1,0.549164665347342,True,spectral_baseline_6,1/2/3/5/6/7/8/9/10/11/12/13/14/15/16/17/18/19/20,True,False,physionet/eegmmidb/1.0.0/S004/S004R14.edf,06a3c88276f1db76214f8b1068878add45b22836327fe6b95d0231d415cce752
4,4,14,3,7,S004_R14_T03,both_fists_imagery,0,both_feet_imagery,1,0.45708570631695455,False,spectral_baseline_6,1/2/3/5/6/7/8/9/10/11/12/13/14/15/16/17/18/19/20,True,False,physionet/eegmmidb/1.0.0/S004/S004R14.edf,06a3c88276f1db76214f8b1068878add45b22836327fe6b95d0231d415cce752
4,4,14,4,9,S004_R14_T04,both_fists_imagery,0,both_feet_imagery,1,0.4890574945486218,False,spectral_baseline_6,1/2/3/5/6/7/8/9/10/11/12/13/14/15/16/17/18/19/20,True,False,physionet/eegmmidb/1.0.0/S004/S004R14.edf,06a3c88276f1db76214f8b1068878add45b22836327fe6b95d0231d415cce752
4,4,14,5,11,S004_R14_T05,both_feet_imagery,1,both_fists_imagery,0,-0.4485622802800196,False,spectral_baseline_6,1/2/3/5/6/7/8/9/10/11/12/13/14/15/16/17/18/19/20,True,False,physionet/eegmmidb/1.0.0/S004/S004R14.edf,06a3c88276f1db76214f8b1068878add45b22836327fe6b95d0231d415cce752
4,4,14,6,13,S004_R14_T06,both_feet_imagery,1,both_fists_imagery,0,-0.41679111140788555,False,spectral_baseline_6,1/2/3/5/6/7/8/9/10/11/12/13/14/15/16/17/18/19/20,True,False,physionet/eegmmidb/1.0.0/S004/S004R14.edf,06a3c88276f1db76214f8b1068878add45b22836327fe6b95d0231d415cce752
4,4,14,7,15,S004_R14_T07,both_fists_imagery,0,both_fists_imagery,0,-0.08156884099169781,True,spectral_baseline_6,1/2/3/5/6/7/8/9/10/11/12/13/14/15/16/17/18/19/20,True,False,physionet/eegmmidb/1.0.0/S004/S004R14.edf,06a3c88276f1db76214f8b1068878add45b22836327fe6b95d0231d415cce752
4,4,14,8,17,S004_R14_T08,both_fists_imagery,0,both_feet_imagery,1,0.08539782751130998,False,spectral_baseline_6,1/2/3/5/6/7/8/9/10/11/12/13/14/15/16/17/18/19/20,True,False,physionet/eegmmidb/1.0.0/S004/S004R14.edf,06a3c88276f1db76214f8b1068878add45b22836327fe6b95d0231d415cce752
4,4,14,9,19,S004_R14_T09,both_feet_imagery,1,both_feet_imagery,1,0.40061413191596085,True,spectral_baseline_6,1/2/3/5/6/7/8/9/10/11/12/13/14/15/16/17/18/19/20,True,False,physionet/eegmmidb/1.0.0/S004/S004R14.edf,06a3c88276f1db76214f8b1068878add45b22836327fe6b95d0231d415cce752
4,4,14,10,21,S004_R14_T10,both_fists_imagery,0,both_feet_imagery,1,0.18112321335100334,False,spectral_baseline_6,1/2/3/5/6/7/8/9/10/11/12/13/14/15/16/17/18/19/20,True,False,physionet/eegmmidb/1.0.0/S004/S004R14.edf,06a3c88276f1db76214f8b1068878add45b22836327fe6b95d0231d415cce752
4,4,14,11,23,S004_R14_T11,both_feet_imagery,1,both_feet_imagery,1,0.5229538254918797,True,spectral_baseline_6,1/2/3/5/6/7/8/9/10/11/12/13/14/15/16/17/18/19/20,True,False,physionet/eegmmidb/1.0.0/S004/S004R14.edf,06a3c88276f1db76214f8b1068878add45b22836327fe6b95d0231d415cce752
4,4,14,12,25,S004_R14_T12,both_feet_imagery,1,both_fists_imagery,0,-0.10205712912525805,False,spectral_baseline_6,1/2/3/5/6/7/8/9/10/11/12/13/14/15/16/17/18/19/20,True,False,physionet/eegmmidb/1.0.0/S004/S004R14.edf,06a3c88276f1db76214f8b1068878add45b22836327fe6b95d0231d415cce752
4,4,14,13,27,S004_R14_T13,both_fists_imagery,0,both_fists_imagery,0,-0.059063398243692666,True,spectral_baseline_6,1/2/3/5/6/7/8/9/10/11/12/13/14/15/16/17/18/19/20,True,False,physionet/eegmmidb/1.0.0/S004/S004R14.edf,06a3c88276f1db76214f8b1068878add45b22836327fe6b95d0231d415cce752
4,4,14,14,29,S004_R14_T14,both_feet_imagery,1,both_feet_imagery,1,0.46369740180915353,True,spectral_baseline_6,1/2/3/5/6/7/8/9/10/11/12/13/14/15/16/17/18/19/20,True,False,physionet/eegmmidb/1.0.0/S004/S004R14.edf,06a3c88276f1db76214f8b1068878add45b22836327fe6b95d0231d415cce752
4,4,6,0,1,S004_R06_T00,both_fists_imagery,0,both_feet_imagery,1,1.129579928959668,False,csp_4_empirical,1/2/3/5/6/7/8/9/10/11/12/13/14/15/16/17/18/19/20,True,False,physionet/eegmmidb/1.0.0/S004/S004R06.edf,2d9afd10462b0dc93c07e605ce6dd49ddf42c856c843a18a8236cbf08c9af7fa
4,4,6,1,3,S004_R06_T01,both_feet_imagery,1,both_feet_imagery,1,0.8169462413085938,True,csp_4_empirical,1/2/3/5/6/7/8/9/10/11/12/13/14/15/16/17/18/19/20,True,False,physionet/eegmmidb/1.0.0/S004/S004R06.edf,2d9afd10462b0dc93c07e605ce6dd49ddf42c856c843a18a8236cbf08c9af7fa
4,4,6,2,5,S004_R06_T02,both_feet_imagery,1,both_feet_imagery,1,1.2112258214024574,True,csp_4_empirical,1/2/3/5/6/7/8/9/10/11/12/13/14/15/16/17/18/19/20,True,False,physionet/eegmmidb/1.0.0/S004/S004R06.edf,2d9afd10462b0dc93c07e605ce6dd49ddf42c856c843a18a8236cbf08c9af7fa
4,4,6,3,7,S004_R06_T03,both_fists_imagery,0,both_feet_imagery,1,1.0363352389583231,False,csp_4_empirical,1/2/3/5/6/7/8/9/10/11/12/13/14/15/16/17/18/19/20,True,False,physionet/eegmmidb/1.0.0/S004/S004R06.edf,2d9afd10462b0dc93c07e605ce6dd49ddf42c856c843a18a8236cbf08c9af7fa
4,4,6,4,9,S004_R06_T04,both_fists_imagery,0,both_feet_imagery,1,0.4355951811861205,False,csp_4_empirical,1/2/3/5/6/7/8/9/10/11/12/13/14/15/16/17/18/19/20,True,False,physionet/eegmmidb/1.0.0/S004/S004R06.edf,2d9afd10462b0dc93c07e605ce6dd49ddf42c856c843a18a8236cbf08c9af7fa
4,4,6,5,11,S004_R06_T05,both_feet_imagery,1,both_feet_imagery,1,0.23765778478819533,True,csp_4_empirical,1/2/3/5/6/7/8/9/10/11/12/13/14/15/16/17/18/19/20,True,False,physionet/eegmmidb/1.0.0/S004/S004R06.edf,2d9afd10462b0dc93c07e605ce6dd49ddf42c856c843a18a8236cbf08c9af7fa
4,4,6,6,13,S004_R06_T06,both_feet_imagery,1,both_feet_imagery,1,1.0362391398033903,True,csp_4_empirical,1/2/3/5/6/7/8/9/10/11/12/13/14/15/16/17/18/19/20,True,False,physionet/eegmmidb/1.0.0/S004/S004R06.edf,2d9afd10462b0dc93c07e605ce6dd49ddf42c856c843a18a8236cbf08c9af7fa
4,4,6,7,15,S004_R06_T07,both_fists_imagery,0,both_feet_imagery,1,0.18541365933003406,False,csp_4_empirical,1/2/3/5/6/7/8/9/10/11/12/13/14/15/16/17/18/19/20,True,False,physionet/eegmmidb/1.0.0/S004/S004R06.edf,2d9afd10462b0dc93c07e605ce6dd49ddf42c856c843a18a8236cbf08c9af7fa
4,4,6,8,17,S004_R06_T08,both_feet_imagery,1,both_feet_imagery,1,0.16093832983317935,True,csp_4_empirical,1/2/3/5/6/7/8/9/10/11/12/13/14/15/16/17/18/19/20,True,False,physionet/eegmmidb/1.0.0/S004/S004R06.edf,2d9afd10462b0dc93c07e605ce6dd49ddf42c856c843a18a8236cbf08c9af7fa
4,4,6,9,19,S004_R06_T09,both_fists_imagery,0,both_feet_imagery,1,0.6548324167231968,False,csp_4_empirical,1/2/3/5/6/7/8/9/10/11/12/13/14/15/16/17/18/19/20,True,False,physionet/eegmmidb/1.0.0/S004/S004R06.edf,2d9afd10462b0dc93c07e605ce6dd49ddf42c856c843a18a8236cbf08c9af7fa
4,4,6,10,21,S004_R06_T10,both_feet_imagery,1,both_feet_imagery,1,0.29008857304112173,True,csp_4_empirical,1/2/3/5/6/7/8/9/10/11/12/13/14/15/16/17/18/19/20,True,False,physionet/eegmmidb/1.0.0/S004/S004R06.edf,2d9afd10462b0dc93c07e605ce6dd49ddf42c856c843a18a8236cbf08c9af7fa
4,4,6,11,23,S004_R06_T11,both_fists_imagery,0,both_feet_imagery,1,0.5126383252379008,False,csp_4_empirical,1/2/3/5/6/7/8/9/10/11/12/13/14/15/16/17/18/19/20,True,False,physionet/eegmmidb/1.0.0/S004/S004R06.edf,2d9afd10462b0dc93c07e605ce6dd49ddf42c856c843a18a8236cbf08c9af7fa
4,4,6,12,25,S004_R06_T12,both_fists_imagery,0,both_feet_imagery,1,0.7953445679940615,False,csp_4_empirical,1/2/3/5/6/7/8/9/10/11/12/13/14/15/16/17/18/19/20,True,False,physionet/eegmmidb/1.0.0/S004/S004R06.edf,2d9afd10462b0dc93c07e605ce6dd49ddf42c856c843a18a8236cbf08c9af7fa
4,4,6,13,27,S004_R06_T13,both_feet_imagery,1,both_feet_imagery,1,0.5774392472886672,True,csp_4_empirical,1/2/3/5/6/7/8/9/10/11/12/13/14/15/16/17/18/19/20,True,False,physionet/eegmmidb/1.0.0/S004/S004R06.edf,2d9afd10462b0dc93c07e605ce6dd49ddf42c856c843a18a8236cbf08c9af7fa
4,4,6,14,29,S004_R06_T14,both_fists_imagery,0,both_feet_imagery,1,1.0648360367149023,False,csp_4_empirical,1/2/3/5/6/7/8/9/10/11/12/13/14/15/16/17/18/19/20,True,False,physionet/eegmmidb/1.0.0/S004/S004R06.edf,2d9afd10462b0dc93c07e605ce6dd49ddf42c856c843a18a8236cbf08c9af7fa
4,4,10,0,1,S004_R10_T00,both_fists_imagery,0,both_feet_imagery,1,0.8873526389927364,False,csp_4_empirical,1/2/3/5/6/7/8/9/10/11/12/13/14/15/16/17/18/19/20,True,False,physionet/eegmmidb/1.0.0/S004/S004R10.edf,8f8034251a5bc4bf8dd8ecc1869da6ffd9e61bb9d9f8a4ae0df9003d72d40e9f
4,4,10,1,3,S004_R10_T01,both_feet_imagery,1,both_feet_imagery,1,0.39999673122734336,True,csp_4_empirical,1/2/3/5/6/7/8/9/10/11/12/13/14/15/16/17/18/19/20,True,False,physionet/eegmmidb/1.0.0/S004/S004R10.edf,8f8034251a5bc4bf8dd8ecc1869da6ffd9e61bb9d9f8a4ae0df9003d72d40e9f
4,4,10,2,5,S004_R10_T02,both_feet_imagery,1,both_feet_imagery,1,0.8088923304096987,True,csp_4_empirical,1/2/3/5/6/7/8/9/10/11/12/13/14/15/16/17/18/19/20,True,False,physionet/eegmmidb/1.0.0/S004/S004R10.edf,8f8034251a5bc4bf8dd8ecc1869da6ffd9e61bb9d9f8a4ae0df9003d72d40e9f
4,4,10,3,7,S004_R10_T03,both_fists_imagery,0,both_feet_imagery,1,0.7066587507827801,False,csp_4_empirical,1/2/3/5/6/7/8/9/10/11/12/13/14/15/16/17/18/19/20,True,False,physionet/eegmmidb/1.0.0/S004/S004R10.edf,8f8034251a5bc4bf8dd8ecc1869da6ffd9e61bb9d9f8a4ae0df9003d72d40e9f
4,4,10,4,9,S004_R10_T04,both_fists_imagery,0,both_feet_imagery,1,0.8643490287487989,False,csp_4_empirical,1/2/3/5/6/7/8/9/10/11/12/13/14/15/16/17/18/19/20,True,False,physionet/eegmmidb/1.0.0/S004/S004R10.edf,8f8034251a5bc4bf8dd8ecc1869da6ffd9e61bb9d9f8a4ae0df9003d72d40e9f
4,4,10,5,11,S004_R10_T05,both_feet_imagery,1,both_feet_imagery,1,0.8005574268937902,True,csp_4_empirical,1/2/3/5/6/7/8/9/10/11/12/13/14/15/16/17/18/19/20,True,False,physionet/eegmmidb/1.0.0/S004/S004R10.edf,8f8034251a5bc4bf8dd8ecc1869da6ffd9e61bb9d9f8a4ae0df9003d72d40e9f
4,4,10,6,13,S004_R10_T06,both_feet_imagery,1,both_feet_imagery,1,1.2376185900139545,True,csp_4_empirical,1/2/3/5/6/7/8/9/10/11/12/13/14/15/16/17/18/19/20,True,False,physionet/eegmmidb/1.0.0/S004/S004R10.edf,8f8034251a5bc4bf8dd8ecc1869da6ffd9e61bb9d9f8a4ae0df9003d72d40e9f
4,4,10,7,15,S004_R10_T07,both_fists_imagery,0,both_feet_imagery,1,0.7809874688248077,False,csp_4_empirical,1/2/3/5/6/7/8/9/10/11/12/13/14/15/16/17/18/19/20,True,False,physionet/eegmmidb/1.0.0/S004/S004R10.edf,8f8034251a5bc4bf8dd8ecc1869da6ffd9e61bb9d9f8a4ae0df9003d72d40e9f
4,4,10,8,17,S004_R10_T08,both_fists_imagery,0,both_feet_imagery,1,1.31683851218907,False,csp_4_empirical,1/2/3/5/6/7/8/9/10/11/12/13/14/15/16/17/18/19/20,True,False,physionet/eegmmidb/1.0.0/S004/S004R10.edf,8f8034251a5bc4bf8dd8ecc1869da6ffd9e61bb9d9f8a4ae0df9003d72d40e9f
4,4,10,9,19,S004_R10_T09,both_feet_imagery,1,both_feet_imagery,1,1.0621923341405397,True,csp_4_empirical,1/2/3/5/6/7/8/9/10/11/12/13/14/15/16/17/18/19/20,True,False,physionet/eegmmidb/1.0.0/S004/S004R10.edf,8f8034251a5bc4bf8dd8ecc1869da6ffd9e61bb9d9f8a4ae0df9003d72d40e9f
4,4,10,10,21,S004_R10_T10,both_feet_imagery,1,both_feet_imagery,1,0.9992265029590236,True,csp_4_empirical,1/2/3/5/6/7/8/9/10/11/12/13/14/15/16/17/18/19/20,True,False,physionet/eegmmidb/1.0.0/S004/S004R10.edf,8f8034251a5bc4bf8dd8ecc1869da6ffd9e61bb9d9f8a4ae0df9003d72d40e9f
4,4,10,11,23,S004_R10_T11,both_fists_imagery,0,both_feet_imagery,1,1.4387081176015233,False,csp_4_empirical,1/2/3/5/6/7/8/9/10/11/12/13/14/15/16/17/18/19/20,True,False,physionet/eegmmidb/1.0.0/S004/S004R10.edf,8f8034251a5bc4bf8dd8ecc1869da6ffd9e61bb9d9f8a4ae0df9003d72d40e9f
4,4,10,12,25,S004_R10_T12,both_feet_imagery,1,both_feet_imagery,1,2.097291774608446,True,csp_4_empirical,1/2/3/5/6/7/8/9/10/11/12/13/14/15/16/17/18/19/20,True,False,physionet/eegmmidb/1.0.0/S004/S004R10.edf,8f8034251a5bc4bf8dd8ecc1869da6ffd9e61bb9d9f8a4ae0df9003d72d40e9f
4,4,10,13,27,S004_R10_T13,both_fists_imagery,0,both_feet_imagery,1,1.7035735670151775,False,csp_4_empirical,1/2/3/5/6/7/8/9/10/11/12/13/14/15/16/17/18/19/20,True,False,physionet/eegmmidb/1.0.0/S004/S004R10.edf,8f8034251a5bc4bf8dd8ecc1869da6ffd9e61bb9d9f8a4ae0df9003d72d40e9f
4,4,10,14,29,S004_R10_T14,both_feet_imagery,1,both_feet_imagery,1,1.0240817533231694,True,csp_4_empirical,1/2/3/5/6/7/8/9/10/11/12/13/14/15/16/17/18/19/20,True,False,physionet/eegmmidb/1.0.0/S004/S004R10.edf,8f8034251a5bc4bf8dd8ecc1869da6ffd9e61bb9d9f8a4ae0df9003d72d40e9f
4,4,14,0,1,S004_R14_T00,both_fists_imagery,0,both_feet_imagery,1,0.35262105579601355,False,csp_4_empirical,1/2/3/5/6/7/8/9/10/11/12/13/14/15/16/17/18/19/20,True,False,physionet/eegmmidb/1.0.0/S004/S004R14.edf,06a3c88276f1db76214f8b1068878add45b22836327fe6b95d0231d415cce752
4,4,14,1,3,S004_R14_T01,both_feet_imagery,1,both_feet_imagery,1,0.4558784516387496,True,csp_4_empirical,1/2/3/5/6/7/8/9/10/11/12/13/14/15/16/17/18/19/20,True,False,physionet/eegmmidb/1.0.0/S004/S004R14.edf,06a3c88276f1db76214f8b1068878add45b22836327fe6b95d0231d415cce752
4,4,14,2,5,S004_R14_T02,both_feet_imagery,1,both_fists_imagery,0,-0.023517556414070218,False,csp_4_empirical,1/2/3/5/6/7/8/9/10/11/12/13/14/15/16/17/18/19/20,True,False,physionet/eegmmidb/1.0.0/S004/S004R14.edf,06a3c88276f1db76214f8b1068878add45b22836327fe6b95d0231d415cce752
4,4,14,3,7,S004_R14_T03,both_fists_imagery,0,both_feet_imagery,1,0.832856719894851,False,csp_4_empirical,1/2/3/5/6/7/8/9/10/11/12/13/14/15/16/17/18/19/20,True,False,physionet/eegmmidb/1.0.0/S004/S004R14.edf,06a3c88276f1db76214f8b1068878add45b22836327fe6b95d0231d415cce752
4,4,14,4,9,S004_R14_T04,both_fists_imagery,0,both_feet_imagery,1,0.8894757821626813,False,csp_4_empirical,1/2/3/5/6/7/8/9/10/11/12/13/14/15/16/17/18/19/20,True,False,physionet/eegmmidb/1.0.0/S004/S004R14.edf,06a3c88276f1db76214f8b1068878add45b22836327fe6b95d0231d415cce752
4,4,14,5,11,S004_R14_T05,both_feet_imagery,1,both_feet_imagery,1,0.5010116532257511,True,csp_4_empirical,1/2/3/5/6/7/8/9/10/11/12/13/14/15/16/17/18/19/20,True,False,physionet/eegmmidb/1.0.0/S004/S004R14.edf,06a3c88276f1db76214f8b1068878add45b22836327fe6b95d0231d415cce752
4,4,14,6,13,S004_R14_T06,both_feet_imagery,1,both_feet_imagery,1,0.8427384651399755,True,csp_4_empirical,1/2/3/5/6/7/8/9/10/11/12/13/14/15/16/17/18/19/20,True,False,physionet/eegmmidb/1.0.0/S004/S004R14.edf,06a3c88276f1db76214f8b1068878add45b22836327fe6b95d0231d415cce752
4,4,14,7,15,S004_R14_T07,both_fists_imagery,0,both_feet_imagery,1,0.1249806053052448,False,csp_4_empirical,1/2/3/5/6/7/8/9/10/11/12/13/14/15/16/17/18/19/20,True,False,physionet/eegmmidb/1.0.0/S004/S004R14.edf,06a3c88276f1db76214f8b1068878add45b22836327fe6b95d0231d415cce752
4,4,14,8,17,S004_R14_T08,both_fists_imagery,0,both_feet_imagery,1,0.3461211444726667,False,csp_4_empirical,1/2/3/5/6/7/8/9/10/11/12/13/14/15/16/17/18/19/20,True,False,physionet/eegmmidb/1.0.0/S004/S004R14.edf,06a3c88276f1db76214f8b1068878add45b22836327fe6b95d0231d415cce752
4,4,14,9,19,S004_R14_T09,both_feet_imagery,1,both_feet_imagery,1,0.1653915103243413,True,csp_4_empirical,1/2/3/5/6/7/8/9/10/11/12/13/14/15/16/17/18/19/20,True,False,physionet/eegmmidb/1.0.0/S004/S004R14.edf,06a3c88276f1db76214f8b1068878add45b22836327fe6b95d0231d415cce752
4,4,14,10,21,S004_R14_T10,both_fists_imagery,0,both_feet_imagery,1,0.3353628319873009,False,csp_4_empirical,1/2/3/5/6/7/8/9/10/11/12/13/14/15/16/17/18/19/20,True,False,physionet/eegmmidb/1.0.0/S004/S004R14.edf,06a3c88276f1db76214f8b1068878add45b22836327fe6b95d0231d415cce752
4,4,14,11,23,S004_R14_T11,both_feet_imagery,1,both_feet_imagery,1,1.0689991109092047,True,csp_4_empirical,1/2/3/5/6/7/8/9/10/11/12/13/14/15/16/17/18/19/20,True,False,physionet/eegmmidb/1.0.0/S004/S004R14.edf,06a3c88276f1db76214f8b1068878add45b22836327fe6b95d0231d415cce752
4,4,14,12,25,S004_R14_T12,both_feet_imagery,1,both_feet_imagery,1,0.032989807278995475,True,csp_4_empirical,1/2/3/5/6/7/8/9/10/11/12/13/14/15/16/17/18/19/20,True,False,physionet/eegmmidb/1.0.0/S004/S004R14.edf,06a3c88276f1db76214f8b1068878add45b22836327fe6b95d0231d415cce752
4,4,14,13,27,S004_R14_T13,both_fists_imagery,0,both_feet_imagery,1,0.6980349496970577,False,csp_4_empirical,1/2/3/5/6/7/8/9/10/11/12/13/14/15/16/17/18/19/20,True,False,physionet/eegmmidb/1.0.0/S004/S004R14.edf,06a3c88276f1db76214f8b1068878add45b22836327fe6b95d0231d415cce752
4,4,14,14,29,S004_R14_T14,both_feet_imagery,1,both_feet_imagery,1,0.330825770966113,True,csp_4_empirical,1/2/3/5/6/7/8/9/10/11/12/13/14/15/16/17/18/19/20,True,False,physionet/eegmmidb/1.0.0/S004/S004R14.edf,06a3c88276f1db76214f8b1068878add45b22836327fe6b95d0231d415cce752
5,5,6,0,1,S005_R06_T00,both_fists_imagery,0,both_fists_imagery,0,-0.14567816557084984,True,spectral_baseline_6,1/2/3/4/6/7/8/9/10/11/12/13/14/15/16/17/18/19/20,True,False,physionet/eegmmidb/1.0.0/S005/S005R06.edf,07260f0bc56394b88fc506823779ebaf9e0b6ab6286608b010900155a4d206dc
5,5,6,1,3,S005_R06_T01,both_feet_imagery,1,both_fists_imagery,0,-0.2457901581282514,False,spectral_baseline_6,1/2/3/4/6/7/8/9/10/11/12/13/14/15/16/17/18/19/20,True,False,physionet/eegmmidb/1.0.0/S005/S005R06.edf,07260f0bc56394b88fc506823779ebaf9e0b6ab6286608b010900155a4d206dc
5,5,6,2,5,S005_R06_T02,both_fists_imagery,0,both_fists_imagery,0,-0.15468941078266307,True,spectral_baseline_6,1/2/3/4/6/7/8/9/10/11/12/13/14/15/16/17/18/19/20,True,False,physionet/eegmmidb/1.0.0/S005/S005R06.edf,07260f0bc56394b88fc506823779ebaf9e0b6ab6286608b010900155a4d206dc
5,5,6,3,7,S005_R06_T03,both_feet_imagery,1,both_fists_imagery,0,-0.038606718442899535,False,spectral_baseline_6,1/2/3/4/6/7/8/9/10/11/12/13/14/15/16/17/18/19/20,True,False,physionet/eegmmidb/1.0.0/S005/S005R06.edf,07260f0bc56394b88fc506823779ebaf9e0b6ab6286608b010900155a4d206dc
5,5,6,4,9,S005_R06_T04,both_feet_imagery,1,both_feet_imagery,1,0.10459945821830102,True,spectral_baseline_6,1/2/3/4/6/7/8/9/10/11/12/13/14/15/16/17/18/19/20,True,False,physionet/eegmmidb/1.0.0/S005/S005R06.edf,07260f0bc56394b88fc506823779ebaf9e0b6ab6286608b010900155a4d206dc
5,5,6,5,11,S005_R06_T05,both_fists_imagery,0,both_fists_imagery,0,-0.16028243937631187,True,spectral_baseline_6,1/2/3/4/6/7/8/9/10/11/12/13/14/15/16/17/18/19/20,True,False,physionet/eegmmidb/1.0.0/S005/S005R06.edf,07260f0bc56394b88fc506823779ebaf9e0b6ab6286608b010900155a4d206dc
5,5,6,6,13,S005_R06_T06,both_feet_imagery,1,both_fists_imagery,0,-0.3534267267161987,False,spectral_baseline_6,1/2/3/4/6/7/8/9/10/11/12/13/14/15/16/17/18/19/20,True,False,physionet/eegmmidb/1.0.0/S005/S005R06.edf,07260f0bc56394b88fc506823779ebaf9e0b6ab6286608b010900155a4d206dc
5,5,6,7,15,S005_R06_T07,both_fists_imagery,0,both_fists_imagery,0,-1.006908409660595,True,spectral_baseline_6,1/2/3/4/6/7/8/9/10/11/12/13/14/15/16/17/18/19/20,True,False,physionet/eegmmidb/1.0.0/S005/S005R06.edf,07260f0bc56394b88fc506823779ebaf9e0b6ab6286608b010900155a4d206dc
5,5,6,8,17,S005_R06_T08,both_fists_imagery,0,both_fists_imagery,0,-0.14666152430951251,True,spectral_baseline_6,1/2/3/4/6/7/8/9/10/11/12/13/14/15/16/17/18/19/20,True,False,physionet/eegmmidb/1.0.0/S005/S005R06.edf,07260f0bc56394b88fc506823779ebaf9e0b6ab6286608b010900155a4d206dc
5,5,6,9,19,S005_R06_T09,both_feet_imagery,1,both_fists_imagery,0,-0.6302355448777794,False,spectral_baseline_6,1/2/3/4/6/7/8/9/10/11/12/13/14/15/16/17/18/19/20,True,False,physionet/eegmmidb/1.0.0/S005/S005R06.edf,07260f0bc56394b88fc506823779ebaf9e0b6ab6286608b010900155a4d206dc
5,5,6,10,21,S005_R06_T10,both_feet_imagery,1,both_fists_imagery,0,-0.21748557102501798,False,spectral_baseline_6,1/2/3/4/6/7/8/9/10/11/12/13/14/15/16/17/18/19/20,True,False,physionet/eegmmidb/1.0.0/S005/S005R06.edf,07260f0bc56394b88fc506823779ebaf9e0b6ab6286608b010900155a4d206dc
5,5,6,11,23,S005_R06_T11,both_fists_imagery,0,both_fists_imagery,0,-0.0598989352781249,True,spectral_baseline_6,1/2/3/4/6/7/8/9/10/11/12/13/14/15/16/17/18/19/20,True,False,physionet/eegmmidb/1.0.0/S005/S005R06.edf,07260f0bc56394b88fc506823779ebaf9e0b6ab6286608b010900155a4d206dc
5,5,6,12,25,S005_R06_T12,both_feet_imagery,1,both_fists_imagery,0,-0.012651658552588443,False,spectral_baseline_6,1/2/3/4/6/7/8/9/10/11/12/13/14/15/16/17/18/19/20,True,False,physionet/eegmmidb/1.0.0/S005/S005R06.edf,07260f0bc56394b88fc506823779ebaf9e0b6ab6286608b010900155a4d206dc
5,5,6,13,27,S005_R06_T13,both_fists_imagery,0,both_fists_imagery,0,-0.26994976678643146,True,spectral_baseline_6,1/2/3/4/6/7/8/9/10/11/12/13/14/15/16/17/18/19/20,True,False,physionet/eegmmidb/1.0.0/S005/S005R06.edf,07260f0bc56394b88fc506823779ebaf9e0b6ab6286608b010900155a4d206dc
5,5,6,14,29,S005_R06_T14,both_feet_imagery,1,both_fists_imagery,0,-0.2948120016358999,False,spectral_baseline_6,1/2/3/4/6/7/8/9/10/11/12/13/14/15/16/17/18/19/20,True,False,physionet/eegmmidb/1.0.0/S005/S005R06.edf,07260f0bc56394b88fc506823779ebaf9e0b6ab6286608b010900155a4d206dc
5,5,10,0,1,S005_R10_T00,both_feet_imagery,1,both_feet_imagery,1,0.17437782330894408,True,spectral_baseline_6,1/2/3/4/6/7/8/9/10/11/12/13/14/15/16/17/18/19/20,True,False,physionet/eegmmidb/1.0.0/S005/S005R10.edf,a5721f5a8229799b6323e26f5f2fa149c121ff87d4ba73b30fe9280602aee140
5,5,10,1,3,S005_R10_T01,both_fists_imagery,0,both_feet_imagery,1,0.20540801822924476,False,spectral_baseline_6,1/2/3/4/6/7/8/9/10/11/12/13/14/15/16/17/18/19/20,True,False,physionet/eegmmidb/1.0.0/S005/S005R10.edf,a5721f5a8229799b6323e26f5f2fa149c121ff87d4ba73b30fe9280602aee140
5,5,10,2,5,S005_R10_T02,both_feet_imagery,1,both_fists_imagery,0,-0.15629694196575372,False,spectral_baseline_6,1/2/3/4/6/7/8/9/10/11/12/13/14/15/16/17/18/19/20,True,False,physionet/eegmmidb/1.0.0/S005/S005R10.edf,a5721f5a8229799b6323e26f5f2fa149c121ff87d4ba73b30fe9280602aee140
5,5,10,3,7,S005_R10_T03,both_fists_imagery,0,both_fists_imagery,0,-0.3653022295683051,True,spectral_baseline_6,1/2/3/4/6/7/8/9/10/11/12/13/14/15/16/17/18/19/20,True,False,physionet/eegmmidb/1.0.0/S005/S005R10.edf,a5721f5a8229799b6323e26f5f2fa149c121ff87d4ba73b30fe9280602aee140
5,5,10,4,9,S005_R10_T04,both_fists_imagery,0,both_fists_imagery,0,-1.130087597363056,True,spectral_baseline_6,1/2/3/4/6/7/8/9/10/11/12/13/14/15/16/17/18/19/20,True,False,physionet/eegmmidb/1.0.0/S005/S005R10.edf,a5721f5a8229799b6323e26f5f2fa149c121ff87d4ba73b30fe9280602aee140
5,5,10,5,11,S005_R10_T05,both_feet_imagery,1,both_fists_imagery,0,-0.4866275950269108,False,spectral_baseline_6,1/2/3/4/6/7/8/9/10/11/12/13/14/15/16/17/18/19/20,True,False,physionet/eegmmidb/1.0.0/S005/S005R10.edf,a5721f5a8229799b6323e26f5f2fa149c121ff87d4ba73b30fe9280602aee140
5,5,10,6,13,S005_R10_T06,both_fists_imagery,0,both_fists_imagery,0,-0.5210026648291527,True,spectral_baseline_6,1/2/3/4/6/7/8/9/10/11/12/13/14/15/16/17/18/19/20,True,False,physionet/eegmmidb/1.0.0/S005/S005R10.edf,a5721f5a8229799b6323e26f5f2fa149c121ff87d4ba73b30fe9280602aee140
5,5,10,7,15,S005_R10_T07,both_feet_imagery,1,both_feet_imagery,1,0.832084370048918,True,spectral_baseline_6,1/2/3/4/6/7/8/9/10/11/12/13/14/15/16/17/18/19/20,True,False,physionet/eegmmidb/1.0.0/S005/S005R10.edf,a5721f5a8229799b6323e26f5f2fa149c121ff87d4ba73b30fe9280602aee140
5,5,10,8,17,S005_R10_T08,both_feet_imagery,1,both_fists_imagery,0,-0.15107178147170675,False,spectral_baseline_6,1/2/3/4/6/7/8/9/10/11/12/13/14/15/16/17/18/19/20,True,False,physionet/eegmmidb/1.0.0/S005/S005R10.edf,a5721f5a8229799b6323e26f5f2fa149c121ff87d4ba73b30fe9280602aee140
5,5,10,9,19,S005_R10_T09,both_fists_imagery,0,both_fists_imagery,0,-0.4808875314016877,True,spectral_baseline_6,1/2/3/4/6/7/8/9/10/11/12/13/14/15/16/17/18/19/20,True,False,physionet/eegmmidb/1.0.0/S005/S005R10.edf,a5721f5a8229799b6323e26f5f2fa149c121ff87d4ba73b30fe9280602aee140
5,5,10,10,21,S005_R10_T10,both_feet_imagery,1,both_feet_imagery,1,0.4337626923362853,True,spectral_baseline_6,1/2/3/4/6/7/8/9/10/11/12/13/14/15/16/17/18/19/20,True,False,physionet/eegmmidb/1.0.0/S005/S005R10.edf,a5721f5a8229799b6323e26f5f2fa149c121ff87d4ba73b30fe9280602aee140
5,5,10,11,23,S005_R10_T11,both_fists_imagery,0,both_feet_imagery,1,0.019822257465906795,False,spectral_baseline_6,1/2/3/4/6/7/8/9/10/11/12/13/14/15/16/17/18/19/20,True,False,physionet/eegmmidb/1.0.0/S005/S005R10.edf,a5721f5a8229799b6323e26f5f2fa149c121ff87d4ba73b30fe9280602aee140
5,5,10,12,25,S005_R10_T12,both_fists_imagery,0,both_fists_imagery,0,-1.1433823177489986,True,spectral_baseline_6,1/2/3/4/6/7/8/9/10/11/12/13/14/15/16/17/18/19/20,True,False,physionet/eegmmidb/1.0.0/S005/S005R10.edf,a5721f5a8229799b6323e26f5f2fa149c121ff87d4ba73b30fe9280602aee140
5,5,10,13,27,S005_R10_T13,both_feet_imagery,1,both_feet_imagery,1,0.11079926262490566,True,spectral_baseline_6,1/2/3/4/6/7/8/9/10/11/12/13/14/15/16/17/18/19/20,True,False,physionet/eegmmidb/1.0.0/S005/S005R10.edf,a5721f5a8229799b6323e26f5f2fa149c121ff87d4ba73b30fe9280602aee140
5,5,10,14,29,S005_R10_T14,both_fists_imagery,0,both_feet_imagery,1,0.10796352686548691,False,spectral_baseline_6,1/2/3/4/6/7/8/9/10/11/12/13/14/15/16/17/18/19/20,True,False,physionet/eegmmidb/1.0.0/S005/S005R10.edf,a5721f5a8229799b6323e26f5f2fa149c121ff87d4ba73b30fe9280602aee140
5,5,14,0,1,S005_R14_T00,both_fists_imagery,0,both_feet_imagery,1,0.08515594446232871,False,spectral_baseline_6,1/2/3/4/6/7/8/9/10/11/12/13/14/15/16/17/18/19/20,True,False,physionet/eegmmidb/1.0.0/S005/S005R14.edf,77d5b9b1f03074e96c0e42234f57363272fa90501661cbe038bd387f3ce922e0
5,5,14,1,3,S005_R14_T01,both_feet_imagery,1,both_fists_imagery,0,-0.3353236543672064,False,spectral_baseline_6,1/2/3/4/6/7/8/9/10/11/12/13/14/15/16/17/18/19/20,True,False,physionet/eegmmidb/1.0.0/S005/S005R14.edf,77d5b9b1f03074e96c0e42234f57363272fa90501661cbe038bd387f3ce922e0
5,5,14,2,5,S005_R14_T02,both_feet_imagery,1,both_fists_imagery,0,-0.7451279943340283,False,spectral_baseline_6,1/2/3/4/6/7/8/9/10/11/12/13/14/15/16/17/18/19/20,True,False,physionet/eegmmidb/1.0.0/S005/S005R14.edf,77d5b9b1f03074e96c0e42234f57363272fa90501661cbe038bd387f3ce922e0
5,5,14,3,7,S005_R14_T03,both_fists_imagery,0,both_fists_imagery,0,-0.8693671465884468,True,spectral_baseline_6,1/2/3/4/6/7/8/9/10/11/12/13/14/15/16/17/18/19/20,True,False,physionet/eegmmidb/1.0.0/S005/S005R14.edf,77d5b9b1f03074e96c0e42234f57363272fa90501661cbe038bd387f3ce922e0
5,5,14,4,9,S005_R14_T04,both_feet_imagery,1,both_fists_imagery,0,-0.8030829834241819,False,spectral_baseline_6,1/2/3/4/6/7/8/9/10/11/12/13/14/15/16/17/18/19/20,True,False,physionet/eegmmidb/1.0.0/S005/S005R14.edf,77d5b9b1f03074e96c0e42234f57363272fa90501661cbe038bd387f3ce922e0
5,5,14,5,11,S005_R14_T05,both_fists_imagery,0,both_fists_imagery,0,-0.8534054358994142,True,spectral_baseline_6,1/2/3/4/6/7/8/9/10/11/12/13/14/15/16/17/18/19/20,True,False,physionet/eegmmidb/1.0.0/S005/S005R14.edf,77d5b9b1f03074e96c0e42234f57363272fa90501661cbe038bd387f3ce922e0
5,5,14,6,13,S005_R14_T06,both_fists_imagery,0,both_fists_imagery,0,-0.2548463537947941,True,spectral_baseline_6,1/2/3/4/6/7/8/9/10/11/12/13/14/15/16/17/18/19/20,True,False,physionet/eegmmidb/1.0.0/S005/S005R14.edf,77d5b9b1f03074e96c0e42234f57363272fa90501661cbe038bd387f3ce922e0
5,5,14,7,15,S005_R14_T07,both_feet_imagery,1,both_feet_imagery,1,0.3780932941772974,True,spectral_baseline_6,1/2/3/4/6/7/8/9/10/11/12/13/14/15/16/17/18/19/20,True,False,physionet/eegmmidb/1.0.0/S005/S005R14.edf,77d5b9b1f03074e96c0e42234f57363272fa90501661cbe038bd387f3ce922e0
5,5,14,8,17,S005_R14_T08,both_feet_imagery,1,both_feet_imagery,1,0.005696953779069647,True,spectral_baseline_6,1/2/3/4/6/7/8/9/10/11/12/13/14/15/16/17/18/19/20,True,False,physionet/eegmmidb/1.0.0/S005/S005R14.edf,77d5b9b1f03074e96c0e42234f57363272fa90501661cbe038bd387f3ce922e0
5,5,14,9,19,S005_R14_T09,both_fists_imagery,0,both_feet_imagery,1,0.06427538507165163,False,spectral_baseline_6,1/2/3/4/6/7/8/9/10/11/12/13/14/15/16/17/18/19/20,True,False,physionet/eegmmidb/1.0.0/S005/S005R14.edf,77d5b9b1f03074e96c0e42234f57363272fa90501661cbe038bd387f3ce922e0
5,5,14,10,21,S005_R14_T10,both_feet_imagery,1,both_feet_imagery,1,0.018664026926006497,True,spectral_baseline_6,1/2/3/4/6/7/8/9/10/11/12/13/14/15/16/17/18/19/20,True,False,physionet/eegmmidb/1.0.0/S005/S005R14.edf,77d5b9b1f03074e96c0e42234f57363272fa90501661cbe038bd387f3ce922e0
5,5,14,11,23,S005_R14_T11,both_fists_imagery,0,both_fists_imagery,0,-0.12006608045773015,True,spectral_baseline_6,1/2/3/4/6/7/8/9/10/11/12/13/14/15/16/17/18/19/20,True,False,physionet/eegmmidb/1.0.0/S005/S005R14.edf,77d5b9b1f03074e96c0e42234f57363272fa90501661cbe038bd387f3ce922e0
5,5,14,12,25,S005_R14_T12,both_fists_imagery,0,both_feet_imagery,1,0.074381057455012,False,spectral_baseline_6,1/2/3/4/6/7/8/9/10/11/12/13/14/15/16/17/18/19/20,True,False,physionet/eegmmidb/1.0.0/S005/S005R14.edf,77d5b9b1f03074e96c0e42234f57363272fa90501661cbe038bd387f3ce922e0
5,5,14,13,27,S005_R14_T13,both_feet_imagery,1,both_feet_imagery,1,0.12047902060156465,True,spectral_baseline_6,1/2/3/4/6/7/8/9/10/11/12/13/14/15/16/17/18/19/20,True,False,physionet/eegmmidb/1.0.0/S005/S005R14.edf,77d5b9b1f03074e96c0e42234f57363272fa90501661cbe038bd387f3ce922e0
5,5,14,14,29,S005_R14_T14,both_fists_imagery,0,both_fists_imagery,0,-0.651148013835694,True,spectral_baseline_6,1/2/3/4/6/7/8/9/10/11/12/13/14/15/16/17/18/19/20,True,False,physionet/eegmmidb/1.0.0/S005/S005R14.edf,77d5b9b1f03074e96c0e42234f57363272fa90501661cbe038bd387f3ce922e0
5,5,6,0,1,S005_R06_T00,both_fists_imagery,0,both_fists_imagery,0,-0.5142022732103091,True,csp_4_empirical,1/2/3/4/6/7/8/9/10/11/12/13/14/15/16/17/18/19/20,True,False,physionet/eegmmidb/1.0.0/S005/S005R06.edf,07260f0bc56394b88fc506823779ebaf9e0b6ab6286608b010900155a4d206dc
5,5,6,1,3,S005_R06_T01,both_feet_imagery,1,both_fists_imagery,0,-0.6393923017267595,False,csp_4_empirical,1/2/3/4/6/7/8/9/10/11/12/13/14/15/16/17/18/19/20,True,False,physionet/eegmmidb/1.0.0/S005/S005R06.edf,07260f0bc56394b88fc506823779ebaf9e0b6ab6286608b010900155a4d206dc
5,5,6,2,5,S005_R06_T02,both_fists_imagery,0,both_fists_imagery,0,-1.2019772976703924,True,csp_4_empirical,1/2/3/4/6/7/8/9/10/11/12/13/14/15/16/17/18/19/20,True,False,physionet/eegmmidb/1.0.0/S005/S005R06.edf,07260f0bc56394b88fc506823779ebaf9e0b6ab6286608b010900155a4d206dc
5,5,6,3,7,S005_R06_T03,both_feet_imagery,1,both_fists_imagery,0,-1.0343032850147367,False,csp_4_empirical,1/2/3/4/6/7/8/9/10/11/12/13/14/15/16/17/18/19/20,True,False,physionet/eegmmidb/1.0.0/S005/S005R06.edf,07260f0bc56394b88fc506823779ebaf9e0b6ab6286608b010900155a4d206dc
5,5,6,4,9,S005_R06_T04,both_feet_imagery,1,both_fists_imagery,0,-1.3083502472714255,False,csp_4_empirical,1/2/3/4/6/7/8/9/10/11/12/13/14/15/16/17/18/19/20,True,False,physionet/eegmmidb/1.0.0/S005/S005R06.edf,07260f0bc56394b88fc506823779ebaf9e0b6ab6286608b010900155a4d206dc
5,5,6,5,11,S005_R06_T05,both_fists_imagery,0,both_fists_imagery,0,-1.2500865395833938,True,csp_4_empirical,1/2/3/4/6/7/8/9/10/11/12/13/14/15/16/17/18/19/20,True,False,physionet/eegmmidb/1.0.0/S005/S005R06.edf,07260f0bc56394b88fc506823779ebaf9e0b6ab6286608b010900155a4d206dc
5,5,6,6,13,S005_R06_T06,both_feet_imagery,1,both_fists_imagery,0,-1.4062203627932648,False,csp_4_empirical,1/2/3/4/6/7/8/9/10/11/12/13/14/15/16/17/18/19/20,True,False,physionet/eegmmidb/1.0.0/S005/S005R06.edf,07260f0bc56394b88fc506823779ebaf9e0b6ab6286608b010900155a4d206dc
5,5,6,7,15,S005_R06_T07,both_fists_imagery,0,both_fists_imagery,0,-0.7223178484762892,True,csp_4_empirical,1/2/3/4/6/7/8/9/10/11/12/13/14/15/16/17/18/19/20,True,False,physionet/eegmmidb/1.0.0/S005/S005R06.edf,07260f0bc56394b88fc506823779ebaf9e0b6ab6286608b010900155a4d206dc
5,5,6,8,17,S005_R06_T08,both_fists_imagery,0,both_fists_imagery,0,-0.760530563812144,True,csp_4_empirical,1/2/3/4/6/7/8/9/10/11/12/13/14/15/16/17/18/19/20,True,False,physionet/eegmmidb/1.0.0/S005/S005R06.edf,07260f0bc56394b88fc506823779ebaf9e0b6ab6286608b010900155a4d206dc
5,5,6,9,19,S005_R06_T09,both_feet_imagery,1,both_fists_imagery,0,-0.5686316115063974,False,csp_4_empirical,1/2/3/4/6/7/8/9/10/11/12/13/14/15/16/17/18/19/20,True,False,physionet/eegmmidb/1.0.0/S005/S005R06.edf,07260f0bc56394b88fc506823779ebaf9e0b6ab6286608b010900155a4d206dc
5,5,6,10,21,S005_R06_T10,both_feet_imagery,1,both_fists_imagery,0,-1.4108247199211519,False,csp_4_empirical,1/2/3/4/6/7/8/9/10/11/12/13/14/15/16/17/18/19/20,True,False,physionet/eegmmidb/1.0.0/S005/S005R06.edf,07260f0bc56394b88fc506823779ebaf9e0b6ab6286608b010900155a4d206dc
5,5,6,11,23,S005_R06_T11,both_fists_imagery,0,both_fists_imagery,0,-0.9240559291151186,True,csp_4_empirical,1/2/3/4/6/7/8/9/10/11/12/13/14/15/16/17/18/19/20,True,False,physionet/eegmmidb/1.0.0/S005/S005R06.edf,07260f0bc56394b88fc506823779ebaf9e0b6ab6286608b010900155a4d206dc
5,5,6,12,25,S005_R06_T12,both_feet_imagery,1,both_fists_imagery,0,-1.018336595169953,False,csp_4_empirical,1/2/3/4/6/7/8/9/10/11/12/13/14/15/16/17/18/19/20,True,False,physionet/eegmmidb/1.0.0/S005/S005R06.edf,07260f0bc56394b88fc506823779ebaf9e0b6ab6286608b010900155a4d206dc
5,5,6,13,27,S005_R06_T13,both_fists_imagery,0,both_fists_imagery,0,-1.1218199098167012,True,csp_4_empirical,1/2/3/4/6/7/8/9/10/11/12/13/14/15/16/17/18/19/20,True,False,physionet/eegmmidb/1.0.0/S005/S005R06.edf,07260f0bc56394b88fc506823779ebaf9e0b6ab6286608b010900155a4d206dc
5,5,6,14,29,S005_R06_T14,both_feet_imagery,1,both_fists_imagery,0,-0.8241059625027464,False,csp_4_empirical,1/2/3/4/6/7/8/9/10/11/12/13/14/15/16/17/18/19/20,True,False,physionet/eegmmidb/1.0.0/S005/S005R06.edf,07260f0bc56394b88fc506823779ebaf9e0b6ab6286608b010900155a4d206dc
5,5,10,0,1,S005_R10_T00,both_feet_imagery,1,both_fists_imagery,0,-0.8200814642656409,False,csp_4_empirical,1/2/3/4/6/7/8/9/10/11/12/13/14/15/16/17/18/19/20,True,False,physionet/eegmmidb/1.0.0/S005/S005R10.edf,a5721f5a8229799b6323e26f5f2fa149c121ff87d4ba73b30fe9280602aee140
5,5,10,1,3,S005_R10_T01,both_fists_imagery,0,both_fists_imagery,0,-1.3451589603582084,True,csp_4_empirical,1/2/3/4/6/7/8/9/10/11/12/13/14/15/16/17/18/19/20,True,False,physionet/eegmmidb/1.0.0/S005/S005R10.edf,a5721f5a8229799b6323e26f5f2fa149c121ff87d4ba73b30fe9280602aee140
5,5,10,2,5,S005_R10_T02,both_feet_imagery,1,both_fists_imagery,0,-0.9247932690671266,False,csp_4_empirical,1/2/3/4/6/7/8/9/10/11/12/13/14/15/16/17/18/19/20,True,False,physionet/eegmmidb/1.0.0/S005/S005R10.edf,a5721f5a8229799b6323e26f5f2fa149c121ff87d4ba73b30fe9280602aee140
5,5,10,3,7,S005_R10_T03,both_fists_imagery,0,both_fists_imagery,0,-0.7162509862445723,True,csp_4_empirical,1/2/3/4/6/7/8/9/10/11/12/13/14/15/16/17/18/19/20,True,False,physionet/eegmmidb/1.0.0/S005/S005R10.edf,a5721f5a8229799b6323e26f5f2fa149c121ff87d4ba73b30fe9280602aee140
5,5,10,4,9,S005_R10_T04,both_fists_imagery,0,both_fists_imagery,0,-0.619004977807857,True,csp_4_empirical,1/2/3/4/6/7/8/9/10/11/12/13/14/15/16/17/18/19/20,True,False,physionet/eegmmidb/1.0.0/S005/S005R10.edf,a5721f5a8229799b6323e26f5f2fa149c121ff87d4ba73b30fe9280602aee140
5,5,10,5,11,S005_R10_T05,both_feet_imagery,1,both_fists_imagery,0,-0.1011679408695847,False,csp_4_empirical,1/2/3/4/6/7/8/9/10/11/12/13/14/15/16/17/18/19/20,True,False,physionet/eegmmidb/1.0.0/S005/S005R10.edf,a5721f5a8229799b6323e26f5f2fa149c121ff87d4ba73b30fe9280602aee140
5,5,10,6,13,S005_R10_T06,both_fists_imagery,0,both_fists_imagery,0,-0.6748257450257461,True,csp_4_empirical,1/2/3/4/6/7/8/9/10/11/12/13/14/15/16/17/18/19/20,True,False,physionet/eegmmidb/1.0.0/S005/S005R10.edf,a5721f5a8229799b6323e26f5f2fa149c121ff87d4ba73b30fe9280602aee140
5,5,10,7,15,S005_R10_T07,both_feet_imagery,1,both_fists_imagery,0,-0.6408132424779768,False,csp_4_empirical,1/2/3/4/6/7/8/9/10/11/12/13/14/15/16/17/18/19/20,True,False,physionet/eegmmidb/1.0.0/S005/S005R10.edf,a5721f5a8229799b6323e26f5f2fa149c121ff87d4ba73b30fe9280602aee140
5,5,10,8,17,S005_R10_T08,both_feet_imagery,1,both_feet_imagery,1,0.6512012809560099,True,csp_4_empirical,1/2/3/4/6/7/8/9/10/11/12/13/14/15/16/17/18/19/20,True,False,physionet/eegmmidb/1.0.0/S005/S005R10.edf,a5721f5a8229799b6323e26f5f2fa149c121ff87d4ba73b30fe9280602aee140
5,5,10,9,19,S005_R10_T09,both_fists_imagery,0,both_feet_imagery,1,0.17876563948184676,False,csp_4_empirical,1/2/3/4/6/7/8/9/10/11/12/13/14/15/16/17/18/19/20,True,False,physionet/eegmmidb/1.0.0/S005/S005R10.edf,a5721f5a8229799b6323e26f5f2fa149c121ff87d4ba73b30fe9280602aee140
5,5,10,10,21,S005_R10_T10,both_feet_imagery,1,both_fists_imagery,0,-0.27263333415833063,False,csp_4_empirical,1/2/3/4/6/7/8/9/10/11/12/13/14/15/16/17/18/19/20,True,False,physionet/eegmmidb/1.0.0/S005/S005R10.edf,a5721f5a8229799b6323e26f5f2fa149c121ff87d4ba73b30fe9280602aee140
5,5,10,11,23,S005_R10_T11,both_fists_imagery,0,both_fists_imagery,0,-0.8164735761650216,True,csp_4_empirical,1/2/3/4/6/7/8/9/10/11/12/13/14/15/16/17/18/19/20,True,False,physionet/eegmmidb/1.0.0/S005/S005R10.edf,a5721f5a8229799b6323e26f5f2fa149c121ff87d4ba73b30fe9280602aee140
5,5,10,12,25,S005_R10_T12,both_fists_imagery,0,both_fists_imagery,0,-0.3417773478648437,True,csp_4_empirical,1/2/3/4/6/7/8/9/10/11/12/13/14/15/16/17/18/19/20,True,False,physionet/eegmmidb/1.0.0/S005/S005R10.edf,a5721f5a8229799b6323e26f5f2fa149c121ff87d4ba73b30fe9280602aee140
5,5,10,13,27,S005_R10_T13,both_feet_imagery,1,both_fists_imagery,0,-0.39581495564642427,False,csp_4_empirical,1/2/3/4/6/7/8/9/10/11/12/13/14/15/16/17/18/19/20,True,False,physionet/eegmmidb/1.0.0/S005/S005R10.edf,a5721f5a8229799b6323e26f5f2fa149c121ff87d4ba73b30fe9280602aee140
5,5,10,14,29,S005_R10_T14,both_fists_imagery,0,both_fists_imagery,0,-0.007940807464301702,True,csp_4_empirical,1/2/3/4/6/7/8/9/10/11/12/13/14/15/16/17/18/19/20,True,False,physionet/eegmmidb/1.0.0/S005/S005R10.edf,a5721f5a8229799b6323e26f5f2fa149c121ff87d4ba73b30fe9280602aee140
5,5,14,0,1,S005_R14_T00,both_fists_imagery,0,both_fists_imagery,0,-1.0857551142878343,True,csp_4_empirical,1/2/3/4/6/7/8/9/10/11/12/13/14/15/16/17/18/19/20,True,False,physionet/eegmmidb/1.0.0/S005/S005R14.edf,77d5b9b1f03074e96c0e42234f57363272fa90501661cbe038bd387f3ce922e0
5,5,14,1,3,S005_R14_T01,both_feet_imagery,1,both_fists_imagery,0,-0.39010967693890136,False,csp_4_empirical,1/2/3/4/6/7/8/9/10/11/12/13/14/15/16/17/18/19/20,True,False,physionet/eegmmidb/1.0.0/S005/S005R14.edf,77d5b9b1f03074e96c0e42234f57363272fa90501661cbe038bd387f3ce922e0
5,5,14,2,5,S005_R14_T02,both_feet_imagery,1,both_fists_imagery,0,-0.4975353566331104,False,csp_4_empirical,1/2/3/4/6/7/8/9/10/11/12/13/14/15/16/17/18/19/20,True,False,physionet/eegmmidb/1.0.0/S005/S005R14.edf,77d5b9b1f03074e96c0e42234f57363272fa90501661cbe038bd387f3ce922e0
5,5,14,3,7,S005_R14_T03,both_fists_imagery,0,both_fists_imagery,0,-0.7209179953833748,True,csp_4_empirical,1/2/3/4/6/7/8/9/10/11/12/13/14/15/16/17/18/19/20,True,False,physionet/eegmmidb/1.0.0/S005/S005R14.edf,77d5b9b1f03074e96c0e42234f57363272fa90501661cbe038bd387f3ce922e0
5,5,14,4,9,S005_R14_T04,both_feet_imagery,1,both_fists_imagery,0,-1.1843379987149698,False,csp_4_empirical,1/2/3/4/6/7/8/9/10/11/12/13/14/15/16/17/18/19/20,True,False,physionet/eegmmidb/1.0.0/S005/S005R14.edf,77d5b9b1f03074e96c0e42234f57363272fa90501661cbe038bd387f3ce922e0
5,5,14,5,11,S005_R14_T05,both_fists_imagery,0,both_fists_imagery,0,-0.5562074342743091,True,csp_4_empirical,1/2/3/4/6/7/8/9/10/11/12/13/14/15/16/17/18/19/20,True,False,physionet/eegmmidb/1.0.0/S005/S005R14.edf,77d5b9b1f03074e96c0e42234f57363272fa90501661cbe038bd387f3ce922e0
5,5,14,6,13,S005_R14_T06,both_fists_imagery,0,both_fists_imagery,0,-1.148745875939258,True,csp_4_empirical,1/2/3/4/6/7/8/9/10/11/12/13/14/15/16/17/18/19/20,True,False,physionet/eegmmidb/1.0.0/S005/S005R14.edf,77d5b9b1f03074e96c0e42234f57363272fa90501661cbe038bd387f3ce922e0
5,5,14,7,15,S005_R14_T07,both_feet_imagery,1,both_fists_imagery,0,-0.6947302563736831,False,csp_4_empirical,1/2/3/4/6/7/8/9/10/11/12/13/14/15/16/17/18/19/20,True,False,physionet/eegmmidb/1.0.0/S005/S005R14.edf,77d5b9b1f03074e96c0e42234f57363272fa90501661cbe038bd387f3ce922e0
5,5,14,8,17,S005_R14_T08,both_feet_imagery,1,both_fists_imagery,0,-0.8968674469544126,False,csp_4_empirical,1/2/3/4/6/7/8/9/10/11/12/13/14/15/16/17/18/19/20,True,False,physionet/eegmmidb/1.0.0/S005/S005R14.edf,77d5b9b1f03074e96c0e42234f57363272fa90501661cbe038bd387f3ce922e0
5,5,14,9,19,S005_R14_T09,both_fists_imagery,0,both_fists_imagery,0,-0.9701550713841246,True,csp_4_empirical,1/2/3/4/6/7/8/9/10/11/12/13/14/15/16/17/18/19/20,True,False,physionet/eegmmidb/1.0.0/S005/S005R14.edf,77d5b9b1f03074e96c0e42234f57363272fa90501661cbe038bd387f3ce922e0
5,5,14,10,21,S005_R14_T10,both_feet_imagery,1,both_fists_imagery,0,-0.36027109915809064,False,csp_4_empirical,1/2/3/4/6/7/8/9/10/11/12/13/14/15/16/17/18/19/20,True,False,physionet/eegmmidb/1.0.0/S005/S005R14.edf,77d5b9b1f03074e96c0e42234f57363272fa90501661cbe038bd387f3ce922e0
5,5,14,11,23,S005_R14_T11,both_fists_imagery,0,both_fists_imagery,0,-1.0882403562890206,True,csp_4_empirical,1/2/3/4/6/7/8/9/10/11/12/13/14/15/16/17/18/19/20,True,False,physionet/eegmmidb/1.0.0/S005/S005R14.edf,77d5b9b1f03074e96c0e42234f57363272fa90501661cbe038bd387f3ce922e0
5,5,14,12,25,S005_R14_T12,both_fists_imagery,0,both_fists_imagery,0,-1.0902042608516387,True,csp_4_empirical,1/2/3/4/6/7/8/9/10/11/12/13/14/15/16/17/18/19/20,True,False,physionet/eegmmidb/1.0.0/S005/S005R14.edf,77d5b9b1f03074e96c0e42234f57363272fa90501661cbe038bd387f3ce922e0
5,5,14,13,27,S005_R14_T13,both_feet_imagery,1,both_fists_imagery,0,-0.9614113052365201,False,csp_4_empirical,1/2/3/4/6/7/8/9/10/11/12/13/14/15/16/17/18/19/20,True,False,physionet/eegmmidb/1.0.0/S005/S005R14.edf,77d5b9b1f03074e96c0e42234f57363272fa90501661cbe038bd387f3ce922e0
5,5,14,14,29,S005_R14_T14,both_fists_imagery,0,both_fists_imagery,0,-0.42019281243856776,True,csp_4_empirical,1/2/3/4/6/7/8/9/10/11/12/13/14/15/16/17/18/19/20,True,False,physionet/eegmmidb/1.0.0/S005/S005R14.edf,77d5b9b1f03074e96c0e42234f57363272fa90501661cbe038bd387f3ce922e0
6,6,6,0,1,S006_R06_T00,both_feet_imagery,1,both_feet_imagery,1,0.29116626076904417,True,spectral_baseline_6,1/2/3/4/5/7/8/9/10/11/12/13/14/15/16/17/18/19/20,True,False,physionet/eegmmidb/1.0.0/S006/S006R06.edf,fc5e1cc21df8b1de6a63fe1a063db27d14ac882d6105057c9d4f924365730a4d
6,6,6,1,3,S006_R06_T01,both_fists_imagery,0,both_fists_imagery,0,-0.2324097833501214,True,spectral_baseline_6,1/2/3/4/5/7/8/9/10/11/12/13/14/15/16/17/18/19/20,True,False,physionet/eegmmidb/1.0.0/S006/S006R06.edf,fc5e1cc21df8b1de6a63fe1a063db27d14ac882d6105057c9d4f924365730a4d
6,6,6,2,5,S006_R06_T02,both_fists_imagery,0,both_feet_imagery,1,0.3886986131426084,False,spectral_baseline_6,1/2/3/4/5/7/8/9/10/11/12/13/14/15/16/17/18/19/20,True,False,physionet/eegmmidb/1.0.0/S006/S006R06.edf,fc5e1cc21df8b1de6a63fe1a063db27d14ac882d6105057c9d4f924365730a4d
6,6,6,3,7,S006_R06_T03,both_feet_imagery,1,both_feet_imagery,1,0.5699848899446703,True,spectral_baseline_6,1/2/3/4/5/7/8/9/10/11/12/13/14/15/16/17/18/19/20,True,False,physionet/eegmmidb/1.0.0/S006/S006R06.edf,fc5e1cc21df8b1de6a63fe1a063db27d14ac882d6105057c9d4f924365730a4d
6,6,6,4,9,S006_R06_T04,both_feet_imagery,1,both_feet_imagery,1,0.02790206568455572,True,spectral_baseline_6,1/2/3/4/5/7/8/9/10/11/12/13/14/15/16/17/18/19/20,True,False,physionet/eegmmidb/1.0.0/S006/S006R06.edf,fc5e1cc21df8b1de6a63fe1a063db27d14ac882d6105057c9d4f924365730a4d
6,6,6,5,11,S006_R06_T05,both_fists_imagery,0,both_feet_imagery,1,0.4832683387562827,False,spectral_baseline_6,1/2/3/4/5/7/8/9/10/11/12/13/14/15/16/17/18/19/20,True,False,physionet/eegmmidb/1.0.0/S006/S006R06.edf,fc5e1cc21df8b1de6a63fe1a063db27d14ac882d6105057c9d4f924365730a4d
6,6,6,6,13,S006_R06_T06,both_fists_imagery,0,both_feet_imagery,1,0.1487055701983772,False,spectral_baseline_6,1/2/3/4/5/7/8/9/10/11/12/13/14/15/16/17/18/19/20,True,False,physionet/eegmmidb/1.0.0/S006/S006R06.edf,fc5e1cc21df8b1de6a63fe1a063db27d14ac882d6105057c9d4f924365730a4d
6,6,6,7,15,S006_R06_T07,both_feet_imagery,1,both_feet_imagery,1,0.5861413025225146,True,spectral_baseline_6,1/2/3/4/5/7/8/9/10/11/12/13/14/15/16/17/18/19/20,True,False,physionet/eegmmidb/1.0.0/S006/S006R06.edf,fc5e1cc21df8b1de6a63fe1a063db27d14ac882d6105057c9d4f924365730a4d
6,6,6,8,17,S006_R06_T08,both_feet_imagery,1,both_feet_imagery,1,0.18460237007731273,True,spectral_baseline_6,1/2/3/4/5/7/8/9/10/11/12/13/14/15/16/17/18/19/20,True,False,physionet/eegmmidb/1.0.0/S006/S006R06.edf,fc5e1cc21df8b1de6a63fe1a063db27d14ac882d6105057c9d4f924365730a4d
6,6,6,9,19,S006_R06_T09,both_fists_imagery,0,both_feet_imagery,1,0.5247780121515051,False,spectral_baseline_6,1/2/3/4/5/7/8/9/10/11/12/13/14/15/16/17/18/19/20,True,False,physionet/eegmmidb/1.0.0/S006/S006R06.edf,fc5e1cc21df8b1de6a63fe1a063db27d14ac882d6105057c9d4f924365730a4d
6,6,6,10,21,S006_R06_T10,both_fists_imagery,0,both_feet_imagery,1,0.14521806288372163,False,spectral_baseline_6,1/2/3/4/5/7/8/9/10/11/12/13/14/15/16/17/18/19/20,True,False,physionet/eegmmidb/1.0.0/S006/S006R06.edf,fc5e1cc21df8b1de6a63fe1a063db27d14ac882d6105057c9d4f924365730a4d
6,6,6,11,23,S006_R06_T11,both_feet_imagery,1,both_feet_imagery,1,0.8684547010855128,True,spectral_baseline_6,1/2/3/4/5/7/8/9/10/11/12/13/14/15/16/17/18/19/20,True,False,physionet/eegmmidb/1.0.0/S006/S006R06.edf,fc5e1cc21df8b1de6a63fe1a063db27d14ac882d6105057c9d4f924365730a4d
6,6,6,12,25,S006_R06_T12,both_feet_imagery,1,both_fists_imagery,0,-0.06650659819963023,False,spectral_baseline_6,1/2/3/4/5/7/8/9/10/11/12/13/14/15/16/17/18/19/20,True,False,physionet/eegmmidb/1.0.0/S006/S006R06.edf,fc5e1cc21df8b1de6a63fe1a063db27d14ac882d6105057c9d4f924365730a4d
6,6,6,13,27,S006_R06_T13,both_fists_imagery,0,both_feet_imagery,1,0.44720300723422246,False,spectral_baseline_6,1/2/3/4/5/7/8/9/10/11/12/13/14/15/16/17/18/19/20,True,False,physionet/eegmmidb/1.0.0/S006/S006R06.edf,fc5e1cc21df8b1de6a63fe1a063db27d14ac882d6105057c9d4f924365730a4d
6,6,6,14,29,S006_R06_T14,both_feet_imagery,1,both_feet_imagery,1,0.23610311133006084,True,spectral_baseline_6,1/2/3/4/5/7/8/9/10/11/12/13/14/15/16/17/18/19/20,True,False,physionet/eegmmidb/1.0.0/S006/S006R06.edf,fc5e1cc21df8b1de6a63fe1a063db27d14ac882d6105057c9d4f924365730a4d
6,6,10,0,1,S006_R10_T00,both_feet_imagery,1,both_feet_imagery,1,0.7791594767197962,True,spectral_baseline_6,1/2/3/4/5/7/8/9/10/11/12/13/14/15/16/17/18/19/20,True,False,physionet/eegmmidb/1.0.0/S006/S006R10.edf,d4a1d432d4c703decce7f7ce0a6d7c05a030fd19f562fe2be52d4c581ca24365
6,6,10,1,3,S006_R10_T01,both_fists_imagery,0,both_feet_imagery,1,0.7732209087010455,False,spectral_baseline_6,1/2/3/4/5/7/8/9/10/11/12/13/14/15/16/17/18/19/20,True,False,physionet/eegmmidb/1.0.0/S006/S006R10.edf,d4a1d432d4c703decce7f7ce0a6d7c05a030fd19f562fe2be52d4c581ca24365
6,6,10,2,5,S006_R10_T02,both_feet_imagery,1,both_feet_imagery,1,0.5608437277146786,True,spectral_baseline_6,1/2/3/4/5/7/8/9/10/11/12/13/14/15/16/17/18/19/20,True,False,physionet/eegmmidb/1.0.0/S006/S006R10.edf,d4a1d432d4c703decce7f7ce0a6d7c05a030fd19f562fe2be52d4c581ca24365
6,6,10,3,7,S006_R10_T03,both_fists_imagery,0,both_feet_imagery,1,0.03203372440335461,False,spectral_baseline_6,1/2/3/4/5/7/8/9/10/11/12/13/14/15/16/17/18/19/20,True,False,physionet/eegmmidb/1.0.0/S006/S006R10.edf,d4a1d432d4c703decce7f7ce0a6d7c05a030fd19f562fe2be52d4c581ca24365
6,6,10,4,9,S006_R10_T04,both_fists_imagery,0,both_feet_imagery,1,0.30100710042589646,False,spectral_baseline_6,1/2/3/4/5/7/8/9/10/11/12/13/14/15/16/17/18/19/20,True,False,physionet/eegmmidb/1.0.0/S006/S006R10.edf,d4a1d432d4c703decce7f7ce0a6d7c05a030fd19f562fe2be52d4c581ca24365
6,6,10,5,11,S006_R10_T05,both_feet_imagery,1,both_feet_imagery,1,0.5332720156009134,True,spectral_baseline_6,1/2/3/4/5/7/8/9/10/11/12/13/14/15/16/17/18/19/20,True,False,physionet/eegmmidb/1.0.0/S006/S006R10.edf,d4a1d432d4c703decce7f7ce0a6d7c05a030fd19f562fe2be52d4c581ca24365
6,6,10,6,13,S006_R10_T06,both_fists_imagery,0,both_fists_imagery,0,-0.603732657200478,True,spectral_baseline_6,1/2/3/4/5/7/8/9/10/11/12/13/14/15/16/17/18/19/20,True,False,physionet/eegmmidb/1.0.0/S006/S006R10.edf,d4a1d432d4c703decce7f7ce0a6d7c05a030fd19f562fe2be52d4c581ca24365
6,6,10,7,15,S006_R10_T07,both_feet_imagery,1,both_feet_imagery,1,0.38660577325000856,True,spectral_baseline_6,1/2/3/4/5/7/8/9/10/11/12/13/14/15/16/17/18/19/20,True,False,physionet/eegmmidb/1.0.0/S006/S006R10.edf,d4a1d432d4c703decce7f7ce0a6d7c05a030fd19f562fe2be52d4c581ca24365
6,6,10,8,17,S006_R10_T08,both_fists_imagery,0,both_fists_imagery,0,-0.2984188382497851,True,spectral_baseline_6,1/2/3/4/5/7/8/9/10/11/12/13/14/15/16/17/18/19/20,True,False,physionet/eegmmidb/1.0.0/S006/S006R10.edf,d4a1d432d4c703decce7f7ce0a6d7c05a030fd19f562fe2be52d4c581ca24365
6,6,10,9,19,S006_R10_T09,both_feet_imagery,1,both_fists_imagery,0,-0.20779866174711015,False,spectral_baseline_6,1/2/3/4/5/7/8/9/10/11/12/13/14/15/16/17/18/19/20,True,False,physionet/eegmmidb/1.0.0/S006/S006R10.edf,d4a1d432d4c703decce7f7ce0a6d7c05a030fd19f562fe2be52d4c581ca24365
6,6,10,10,21,S006_R10_T10,both_feet_imagery,1,both_fists_imagery,0,-0.592440616353654,False,spectral_baseline_6,1/2/3/4/5/7/8/9/10/11/12/13/14/15/16/17/18/19/20,True,False,physionet/eegmmidb/1.0.0/S006/S006R10.edf,d4a1d432d4c703decce7f7ce0a6d7c05a030fd19f562fe2be52d4c581ca24365
6,6,10,11,23,S006_R10_T11,both_fists_imagery,0,both_feet_imagery,1,0.16575319574842934,False,spectral_baseline_6,1/2/3/4/5/7/8/9/10/11/12/13/14/15/16/17/18/19/20,True,False,physionet/eegmmidb/1.0.0/S006/S006R10.edf,d4a1d432d4c703decce7f7ce0a6d7c05a030fd19f562fe2be52d4c581ca24365
6,6,10,12,25,S006_R10_T12,both_feet_imagery,1,both_feet_imagery,1,0.40211469484847845,True,spectral_baseline_6,1/2/3/4/5/7/8/9/10/11/12/13/14/15/16/17/18/19/20,True,False,physionet/eegmmidb/1.0.0/S006/S006R10.edf,d4a1d432d4c703decce7f7ce0a6d7c05a030fd19f562fe2be52d4c581ca24365
6,6,10,13,27,S006_R10_T13,both_fists_imagery,0,both_fists_imagery,0,-0.588159120926462,True,spectral_baseline_6,1/2/3/4/5/7/8/9/10/11/12/13/14/15/16/17/18/19/20,True,False,physionet/eegmmidb/1.0.0/S006/S006R10.edf,d4a1d432d4c703decce7f7ce0a6d7c05a030fd19f562fe2be52d4c581ca24365
6,6,10,14,29,S006_R10_T14,both_feet_imagery,1,both_feet_imagery,1,0.304947129389423,True,spectral_baseline_6,1/2/3/4/5/7/8/9/10/11/12/13/14/15/16/17/18/19/20,True,False,physionet/eegmmidb/1.0.0/S006/S006R10.edf,d4a1d432d4c703decce7f7ce0a6d7c05a030fd19f562fe2be52d4c581ca24365
6,6,14,0,1,S006_R14_T00,both_fists_imagery,0,both_fists_imagery,0,-0.3084266741685519,True,spectral_baseline_6,1/2/3/4/5/7/8/9/10/11/12/13/14/15/16/17/18/19/20,True,False,physionet/eegmmidb/1.0.0/S006/S006R14.edf,4fb5946ed7a29268af9b1770db80d4c6a3dbeacab4be573b6da9c095b8a5e68b
6,6,14,1,3,S006_R14_T01,both_feet_imagery,1,both_fists_imagery,0,-0.012681222612425214,False,spectral_baseline_6,1/2/3/4/5/7/8/9/10/11/12/13/14/15/16/17/18/19/20,True,False,physionet/eegmmidb/1.0.0/S006/S006R14.edf,4fb5946ed7a29268af9b1770db80d4c6a3dbeacab4be573b6da9c095b8a5e68b
6,6,14,2,5,S006_R14_T02,both_feet_imagery,1,both_feet_imagery,1,0.3486918706261562,True,spectral_baseline_6,1/2/3/4/5/7/8/9/10/11/12/13/14/15/16/17/18/19/20,True,False,physionet/eegmmidb/1.0.0/S006/S006R14.edf,4fb5946ed7a29268af9b1770db80d4c6a3dbeacab4be573b6da9c095b8a5e68b
6,6,14,3,7,S006_R14_T03,both_fists_imagery,0,both_feet_imagery,1,0.015774850541176708,False,spectral_baseline_6,1/2/3/4/5/7/8/9/10/11/12/13/14/15/16/17/18/19/20,True,False,physionet/eegmmidb/1.0.0/S006/S006R14.edf,4fb5946ed7a29268af9b1770db80d4c6a3dbeacab4be573b6da9c095b8a5e68b
6,6,14,4,9,S006_R14_T04,both_fists_imagery,0,both_fists_imagery,0,-0.11842415392363173,True,spectral_baseline_6,1/2/3/4/5/7/8/9/10/11/12/13/14/15/16/17/18/19/20,True,False,physionet/eegmmidb/1.0.0/S006/S006R14.edf,4fb5946ed7a29268af9b1770db80d4c6a3dbeacab4be573b6da9c095b8a5e68b
6,6,14,5,11,S006_R14_T05,both_feet_imagery,1,both_feet_imagery,1,0.08629412647278989,True,spectral_baseline_6,1/2/3/4/5/7/8/9/10/11/12/13/14/15/16/17/18/19/20,True,False,physionet/eegmmidb/1.0.0/S006/S006R14.edf,4fb5946ed7a29268af9b1770db80d4c6a3dbeacab4be573b6da9c095b8a5e68b
6,6,14,6,13,S006_R14_T06,both_fists_imagery,0,both_fists_imagery,0,-0.49222211900793167,True,spectral_baseline_6,1/2/3/4/5/7/8/9/10/11/12/13/14/15/16/17/18/19/20,True,False,physionet/eegmmidb/1.0.0/S006/S006R14.edf,4fb5946ed7a29268af9b1770db80d4c6a3dbeacab4be573b6da9c095b8a5e68b
6,6,14,7,15,S006_R14_T07,both_feet_imagery,1,both_feet_imagery,1,0.5253280889851559,True,spectral_baseline_6,1/2/3/4/5/7/8/9/10/11/12/13/14/15/16/17/18/19/20,True,False,physionet/eegmmidb/1.0.0/S006/S006R14.edf,4fb5946ed7a29268af9b1770db80d4c6a3dbeacab4be573b6da9c095b8a5e68b
6,6,14,8,17,S006_R14_T08,both_feet_imagery,1,both_feet_imagery,1,0.45005630321275286,True,spectral_baseline_6,1/2/3/4/5/7/8/9/10/11/12/13/14/15/16/17/18/19/20,True,False,physionet/eegmmidb/1.0.0/S006/S006R14.edf,4fb5946ed7a29268af9b1770db80d4c6a3dbeacab4be573b6da9c095b8a5e68b
6,6,14,9,19,S006_R14_T09,both_fists_imagery,0,both_feet_imagery,1,0.2564503159967059,False,spectral_baseline_6,1/2/3/4/5/7/8/9/10/11/12/13/14/15/16/17/18/19/20,True,False,physionet/eegmmidb/1.0.0/S006/S006R14.edf,4fb5946ed7a29268af9b1770db80d4c6a3dbeacab4be573b6da9c095b8a5e68b
6,6,14,10,21,S006_R14_T10,both_feet_imagery,1,both_feet_imagery,1,0.5777134188255425,True,spectral_baseline_6,1/2/3/4/5/7/8/9/10/11/12/13/14/15/16/17/18/19/20,True,False,physionet/eegmmidb/1.0.0/S006/S006R14.edf,4fb5946ed7a29268af9b1770db80d4c6a3dbeacab4be573b6da9c095b8a5e68b
6,6,14,11,23,S006_R14_T11,both_fists_imagery,0,both_fists_imagery,0,-0.14446096575096315,True,spectral_baseline_6,1/2/3/4/5/7/8/9/10/11/12/13/14/15/16/17/18/19/20,True,False,physionet/eegmmidb/1.0.0/S006/S006R14.edf,4fb5946ed7a29268af9b1770db80d4c6a3dbeacab4be573b6da9c095b8a5e68b
6,6,14,12,25,S006_R14_T12,both_feet_imagery,1,both_fists_imagery,0,-0.4440058335821657,False,spectral_baseline_6,1/2/3/4/5/7/8/9/10/11/12/13/14/15/16/17/18/19/20,True,False,physionet/eegmmidb/1.0.0/S006/S006R14.edf,4fb5946ed7a29268af9b1770db80d4c6a3dbeacab4be573b6da9c095b8a5e68b
6,6,14,13,27,S006_R14_T13,both_fists_imagery,0,both_fists_imagery,0,-0.3661002354361621,True,spectral_baseline_6,1/2/3/4/5/7/8/9/10/11/12/13/14/15/16/17/18/19/20,True,False,physionet/eegmmidb/1.0.0/S006/S006R14.edf,4fb5946ed7a29268af9b1770db80d4c6a3dbeacab4be573b6da9c095b8a5e68b
6,6,14,14,29,S006_R14_T14,both_fists_imagery,0,both_fists_imagery,0,-0.4626594895868872,True,spectral_baseline_6,1/2/3/4/5/7/8/9/10/11/12/13/14/15/16/17/18/19/20,True,False,physionet/eegmmidb/1.0.0/S006/S006R14.edf,4fb5946ed7a29268af9b1770db80d4c6a3dbeacab4be573b6da9c095b8a5e68b
6,6,6,0,1,S006_R06_T00,both_feet_imagery,1,both_feet_imagery,1,0.02202543249315947,True,csp_4_empirical,1/2/3/4/5/7/8/9/10/11/12/13/14/15/16/17/18/19/20,True,False,physionet/eegmmidb/1.0.0/S006/S006R06.edf,fc5e1cc21df8b1de6a63fe1a063db27d14ac882d6105057c9d4f924365730a4d
6,6,6,1,3,S006_R06_T01,both_fists_imagery,0,both_fists_imagery,0,-0.13787617052209655,True,csp_4_empirical,1/2/3/4/5/7/8/9/10/11/12/13/14/15/16/17/18/19/20,True,False,physionet/eegmmidb/1.0.0/S006/S006R06.edf,fc5e1cc21df8b1de6a63fe1a063db27d14ac882d6105057c9d4f924365730a4d
6,6,6,2,5,S006_R06_T02,both_fists_imagery,0,both_feet_imagery,1,0.10631311082321249,False,csp_4_empirical,1/2/3/4/5/7/8/9/10/11/12/13/14/15/16/17/18/19/20,True,False,physionet/eegmmidb/1.0.0/S006/S006R06.edf,fc5e1cc21df8b1de6a63fe1a063db27d14ac882d6105057c9d4f924365730a4d
6,6,6,3,7,S006_R06_T03,both_feet_imagery,1,both_feet_imagery,1,0.36469010723688444,True,csp_4_empirical,1/2/3/4/5/7/8/9/10/11/12/13/14/15/16/17/18/19/20,True,False,physionet/eegmmidb/1.0.0/S006/S006R06.edf,fc5e1cc21df8b1de6a63fe1a063db27d14ac882d6105057c9d4f924365730a4d
6,6,6,4,9,S006_R06_T04,both_feet_imagery,1,both_feet_imagery,1,0.13049817689587062,True,csp_4_empirical,1/2/3/4/5/7/8/9/10/11/12/13/14/15/16/17/18/19/20,True,False,physionet/eegmmidb/1.0.0/S006/S006R06.edf,fc5e1cc21df8b1de6a63fe1a063db27d14ac882d6105057c9d4f924365730a4d
6,6,6,5,11,S006_R06_T05,both_fists_imagery,0,both_feet_imagery,1,0.2988364839030506,False,csp_4_empirical,1/2/3/4/5/7/8/9/10/11/12/13/14/15/16/17/18/19/20,True,False,physionet/eegmmidb/1.0.0/S006/S006R06.edf,fc5e1cc21df8b1de6a63fe1a063db27d14ac882d6105057c9d4f924365730a4d
6,6,6,6,13,S006_R06_T06,both_fists_imagery,0,both_feet_imagery,1,0.4936743003703189,False,csp_4_empirical,1/2/3/4/5/7/8/9/10/11/12/13/14/15/16/17/18/19/20,True,False,physionet/eegmmidb/1.0.0/S006/S006R06.edf,fc5e1cc21df8b1de6a63fe1a063db27d14ac882d6105057c9d4f924365730a4d
6,6,6,7,15,S006_R06_T07,both_feet_imagery,1,both_feet_imagery,1,0.7123163946451185,True,csp_4_empirical,1/2/3/4/5/7/8/9/10/11/12/13/14/15/16/17/18/19/20,True,False,physionet/eegmmidb/1.0.0/S006/S006R06.edf,fc5e1cc21df8b1de6a63fe1a063db27d14ac882d6105057c9d4f924365730a4d
6,6,6,8,17,S006_R06_T08,both_feet_imagery,1,both_feet_imagery,1,0.4712386859709724,True,csp_4_empirical,1/2/3/4/5/7/8/9/10/11/12/13/14/15/16/17/18/19/20,True,False,physionet/eegmmidb/1.0.0/S006/S006R06.edf,fc5e1cc21df8b1de6a63fe1a063db27d14ac882d6105057c9d4f924365730a4d
6,6,6,9,19,S006_R06_T09,both_fists_imagery,0,both_feet_imagery,1,0.7082853929717605,False,csp_4_empirical,1/2/3/4/5/7/8/9/10/11/12/13/14/15/16/17/18/19/20,True,False,physionet/eegmmidb/1.0.0/S006/S006R06.edf,fc5e1cc21df8b1de6a63fe1a063db27d14ac882d6105057c9d4f924365730a4d
6,6,6,10,21,S006_R06_T10,both_fists_imagery,0,both_fists_imagery,0,-0.1668448826318174,True,csp_4_empirical,1/2/3/4/5/7/8/9/10/11/12/13/14/15/16/17/18/19/20,True,False,physionet/eegmmidb/1.0.0/S006/S006R06.edf,fc5e1cc21df8b1de6a63fe1a063db27d14ac882d6105057c9d4f924365730a4d
6,6,6,11,23,S006_R06_T11,both_feet_imagery,1,both_feet_imagery,1,0.45905520731307115,True,csp_4_empirical,1/2/3/4/5/7/8/9/10/11/12/13/14/15/16/17/18/19/20,True,False,physionet/eegmmidb/1.0.0/S006/S006R06.edf,fc5e1cc21df8b1de6a63fe1a063db27d14ac882d6105057c9d4f924365730a4d
6,6,6,12,25,S006_R06_T12,both_feet_imagery,1,both_feet_imagery,1,0.5741371025931676,True,csp_4_empirical,1/2/3/4/5/7/8/9/10/11/12/13/14/15/16/17/18/19/20,True,False,physionet/eegmmidb/1.0.0/S006/S006R06.edf,fc5e1cc21df8b1de6a63fe1a063db27d14ac882d6105057c9d4f924365730a4d
6,6,6,13,27,S006_R06_T13,both_fists_imagery,0,both_fists_imagery,0,-0.21943306433638443,True,csp_4_empirical,1/2/3/4/5/7/8/9/10/11/12/13/14/15/16/17/18/19/20,True,False,physionet/eegmmidb/1.0.0/S006/S006R06.edf,fc5e1cc21df8b1de6a63fe1a063db27d14ac882d6105057c9d4f924365730a4d
6,6,6,14,29,S006_R06_T14,both_feet_imagery,1,both_feet_imagery,1,0.23786431373190248,True,csp_4_empirical,1/2/3/4/5/7/8/9/10/11/12/13/14/15/16/17/18/19/20,True,False,physionet/eegmmidb/1.0.0/S006/S006R06.edf,fc5e1cc21df8b1de6a63fe1a063db27d14ac882d6105057c9d4f924365730a4d
6,6,10,0,1,S006_R10_T00,both_feet_imagery,1,both_feet_imagery,1,2.2007420724794935,True,csp_4_empirical,1/2/3/4/5/7/8/9/10/11/12/13/14/15/16/17/18/19/20,True,False,physionet/eegmmidb/1.0.0/S006/S006R10.edf,d4a1d432d4c703decce7f7ce0a6d7c05a030fd19f562fe2be52d4c581ca24365
6,6,10,1,3,S006_R10_T01,both_fists_imagery,0,both_feet_imagery,1,0.6838438052073198,False,csp_4_empirical,1/2/3/4/5/7/8/9/10/11/12/13/14/15/16/17/18/19/20,True,False,physionet/eegmmidb/1.0.0/S006/S006R10.edf,d4a1d432d4c703decce7f7ce0a6d7c05a030fd19f562fe2be52d4c581ca24365
6,6,10,2,5,S006_R10_T02,both_feet_imagery,1,both_feet_imagery,1,0.18003081257248033,True,csp_4_empirical,1/2/3/4/5/7/8/9/10/11/12/13/14/15/16/17/18/19/20,True,False,physionet/eegmmidb/1.0.0/S006/S006R10.edf,d4a1d432d4c703decce7f7ce0a6d7c05a030fd19f562fe2be52d4c581ca24365
6,6,10,3,7,S006_R10_T03,both_fists_imagery,0,both_feet_imagery,1,0.3604873551607696,False,csp_4_empirical,1/2/3/4/5/7/8/9/10/11/12/13/14/15/16/17/18/19/20,True,False,physionet/eegmmidb/1.0.0/S006/S006R10.edf,d4a1d432d4c703decce7f7ce0a6d7c05a030fd19f562fe2be52d4c581ca24365
6,6,10,4,9,S006_R10_T04,both_fists_imagery,0,both_feet_imagery,1,1.6719926614896878,False,csp_4_empirical,1/2/3/4/5/7/8/9/10/11/12/13/14/15/16/17/18/19/20,True,False,physionet/eegmmidb/1.0.0/S006/S006R10.edf,d4a1d432d4c703decce7f7ce0a6d7c05a030fd19f562fe2be52d4c581ca24365
6,6,10,5,11,S006_R10_T05,both_feet_imagery,1,both_feet_imagery,1,0.8646780074684521,True,csp_4_empirical,1/2/3/4/5/7/8/9/10/11/12/13/14/15/16/17/18/19/20,True,False,physionet/eegmmidb/1.0.0/S006/S006R10.edf,d4a1d432d4c703decce7f7ce0a6d7c05a030fd19f562fe2be52d4c581ca24365
6,6,10,6,13,S006_R10_T06,both_fists_imagery,0,both_feet_imagery,1,0.7433539912411228,False,csp_4_empirical,1/2/3/4/5/7/8/9/10/11/12/13/14/15/16/17/18/19/20,True,False,physionet/eegmmidb/1.0.0/S006/S006R10.edf,d4a1d432d4c703decce7f7ce0a6d7c05a030fd19f562fe2be52d4c581ca24365
6,6,10,7,15,S006_R10_T07,both_feet_imagery,1,both_feet_imagery,1,0.8086930796127711,True,csp_4_empirical,1/2/3/4/5/7/8/9/10/11/12/13/14/15/16/17/18/19/20,True,False,physionet/eegmmidb/1.0.0/S006/S006R10.edf,d4a1d432d4c703decce7f7ce0a6d7c05a030fd19f562fe2be52d4c581ca24365
6,6,10,8,17,S006_R10_T08,both_fists_imagery,0,both_feet_imagery,1,0.90043125079622,False,csp_4_empirical,1/2/3/4/5/7/8/9/10/11/12/13/14/15/16/17/18/19/20,True,False,physionet/eegmmidb/1.0.0/S006/S006R10.edf,d4a1d432d4c703decce7f7ce0a6d7c05a030fd19f562fe2be52d4c581ca24365
6,6,10,9,19,S006_R10_T09,both_feet_imagery,1,both_feet_imagery,1,0.5453190156955114,True,csp_4_empirical,1/2/3/4/5/7/8/9/10/11/12/13/14/15/16/17/18/19/20,True,False,physionet/eegmmidb/1.0.0/S006/S006R10.edf,d4a1d432d4c703decce7f7ce0a6d7c05a030fd19f562fe2be52d4c581ca24365
6,6,10,10,21,S006_R10_T10,both_feet_imagery,1,both_feet_imagery,1,0.3128880946807335,True,csp_4_empirical,1/2/3/4/5/7/8/9/10/11/12/13/14/15/16/17/18/19/20,True,False,physionet/eegmmidb/1.0.0/S006/S006R10.edf,d4a1d432d4c703decce7f7ce0a6d7c05a030fd19f562fe2be52d4c581ca24365
6,6,10,11,23,S006_R10_T11,both_fists_imagery,0,both_feet_imagery,1,0.8402532966906058,False,csp_4_empirical,1/2/3/4/5/7/8/9/10/11/12/13/14/15/16/17/18/19/20,True,False,physionet/eegmmidb/1.0.0/S006/S006R10.edf,d4a1d432d4c703decce7f7ce0a6d7c05a030fd19f562fe2be52d4c581ca24365
6,6,10,12,25,S006_R10_T12,both_feet_imagery,1,both_feet_imagery,1,0.34620144741880354,True,csp_4_empirical,1/2/3/4/5/7/8/9/10/11/12/13/14/15/16/17/18/19/20,True,False,physionet/eegmmidb/1.0.0/S006/S006R10.edf,d4a1d432d4c703decce7f7ce0a6d7c05a030fd19f562fe2be52d4c581ca24365
6,6,10,13,27,S006_R10_T13,both_fists_imagery,0,both_fists_imagery,0,-0.6801109179653324,True,csp_4_empirical,1/2/3/4/5/7/8/9/10/11/12/13/14/15/16/17/18/19/20,True,False,physionet/eegmmidb/1.0.0/S006/S006R10.edf,d4a1d432d4c703decce7f7ce0a6d7c05a030fd19f562fe2be52d4c581ca24365
6,6,10,14,29,S006_R10_T14,both_feet_imagery,1,both_feet_imagery,1,0.9235578720768881,True,csp_4_empirical,1/2/3/4/5/7/8/9/10/11/12/13/14/15/16/17/18/19/20,True,False,physionet/eegmmidb/1.0.0/S006/S006R10.edf,d4a1d432d4c703decce7f7ce0a6d7c05a030fd19f562fe2be52d4c581ca24365
6,6,14,0,1,S006_R14_T00,both_fists_imagery,0,both_fists_imagery,0,-0.012763778118137337,True,csp_4_empirical,1/2/3/4/5/7/8/9/10/11/12/13/14/15/16/17/18/19/20,True,False,physionet/eegmmidb/1.0.0/S006/S006R14.edf,4fb5946ed7a29268af9b1770db80d4c6a3dbeacab4be573b6da9c095b8a5e68b
6,6,14,1,3,S006_R14_T01,both_feet_imagery,1,both_feet_imagery,1,0.7734375996119389,True,csp_4_empirical,1/2/3/4/5/7/8/9/10/11/12/13/14/15/16/17/18/19/20,True,False,physionet/eegmmidb/1.0.0/S006/S006R14.edf,4fb5946ed7a29268af9b1770db80d4c6a3dbeacab4be573b6da9c095b8a5e68b
6,6,14,2,5,S006_R14_T02,both_feet_imagery,1,both_feet_imagery,1,0.39871368766407667,True,csp_4_empirical,1/2/3/4/5/7/8/9/10/11/12/13/14/15/16/17/18/19/20,True,False,physionet/eegmmidb/1.0.0/S006/S006R14.edf,4fb5946ed7a29268af9b1770db80d4c6a3dbeacab4be573b6da9c095b8a5e68b
6,6,14,3,7,S006_R14_T03,both_fists_imagery,0,both_feet_imagery,1,0.32328948639976074,False,csp_4_empirical,1/2/3/4/5/7/8/9/10/11/12/13/14/15/16/17/18/19/20,True,False,physionet/eegmmidb/1.0.0/S006/S006R14.edf,4fb5946ed7a29268af9b1770db80d4c6a3dbeacab4be573b6da9c095b8a5e68b
6,6,14,4,9,S006_R14_T04,both_fists_imagery,0,both_feet_imagery,1,0.5431169118910756,False,csp_4_empirical,1/2/3/4/5/7/8/9/10/11/12/13/14/15/16/17/18/19/20,True,False,physionet/eegmmidb/1.0.0/S006/S006R14.edf,4fb5946ed7a29268af9b1770db80d4c6a3dbeacab4be573b6da9c095b8a5e68b
6,6,14,5,11,S006_R14_T05,both_feet_imagery,1,both_feet_imagery,1,0.4842524155647312,True,csp_4_empirical,1/2/3/4/5/7/8/9/10/11/12/13/14/15/16/17/18/19/20,True,False,physionet/eegmmidb/1.0.0/S006/S006R14.edf,4fb5946ed7a29268af9b1770db80d4c6a3dbeacab4be573b6da9c095b8a5e68b
6,6,14,6,13,S006_R14_T06,both_fists_imagery,0,both_feet_imagery,1,1.4380231688051008,False,csp_4_empirical,1/2/3/4/5/7/8/9/10/11/12/13/14/15/16/17/18/19/20,True,False,physionet/eegmmidb/1.0.0/S006/S006R14.edf,4fb5946ed7a29268af9b1770db80d4c6a3dbeacab4be573b6da9c095b8a5e68b
6,6,14,7,15,S006_R14_T07,both_feet_imagery,1,both_fists_imagery,0,-0.1797779310872092,False,csp_4_empirical,1/2/3/4/5/7/8/9/10/11/12/13/14/15/16/17/18/19/20,True,False,physionet/eegmmidb/1.0.0/S006/S006R14.edf,4fb5946ed7a29268af9b1770db80d4c6a3dbeacab4be573b6da9c095b8a5e68b
6,6,14,8,17,S006_R14_T08,both_feet_imagery,1,both_fists_imagery,0,-0.35733186502255165,False,csp_4_empirical,1/2/3/4/5/7/8/9/10/11/12/13/14/15/16/17/18/19/20,True,False,physionet/eegmmidb/1.0.0/S006/S006R14.edf,4fb5946ed7a29268af9b1770db80d4c6a3dbeacab4be573b6da9c095b8a5e68b
6,6,14,9,19,S006_R14_T09,both_fists_imagery,0,both_feet_imagery,1,0.45634672060387516,False,csp_4_empirical,1/2/3/4/5/7/8/9/10/11/12/13/14/15/16/17/18/19/20,True,False,physionet/eegmmidb/1.0.0/S006/S006R14.edf,4fb5946ed7a29268af9b1770db80d4c6a3dbeacab4be573b6da9c095b8a5e68b
6,6,14,10,21,S006_R14_T10,both_feet_imagery,1,both_feet_imagery,1,0.5016482378013103,True,csp_4_empirical,1/2/3/4/5/7/8/9/10/11/12/13/14/15/16/17/18/19/20,True,False,physionet/eegmmidb/1.0.0/S006/S006R14.edf,4fb5946ed7a29268af9b1770db80d4c6a3dbeacab4be573b6da9c095b8a5e68b
6,6,14,11,23,S006_R14_T11,both_fists_imagery,0,both_feet_imagery,1,1.1046584812802944,False,csp_4_empirical,1/2/3/4/5/7/8/9/10/11/12/13/14/15/16/17/18/19/20,True,False,physionet/eegmmidb/1.0.0/S006/S006R14.edf,4fb5946ed7a29268af9b1770db80d4c6a3dbeacab4be573b6da9c095b8a5e68b
6,6,14,12,25,S006_R14_T12,both_feet_imagery,1,both_feet_imagery,1,0.053777334610689786,True,csp_4_empirical,1/2/3/4/5/7/8/9/10/11/12/13/14/15/16/17/18/19/20,True,False,physionet/eegmmidb/1.0.0/S006/S006R14.edf,4fb5946ed7a29268af9b1770db80d4c6a3dbeacab4be573b6da9c095b8a5e68b
6,6,14,13,27,S006_R14_T13,both_fists_imagery,0,both_feet_imagery,1,0.374583163390846,False,csp_4_empirical,1/2/3/4/5/7/8/9/10/11/12/13/14/15/16/17/18/19/20,True,False,physionet/eegmmidb/1.0.0/S006/S006R14.edf,4fb5946ed7a29268af9b1770db80d4c6a3dbeacab4be573b6da9c095b8a5e68b
6,6,14,14,29,S006_R14_T14,both_fists_imagery,0,both_feet_imagery,1,0.6144100541063291,False,csp_4_empirical,1/2/3/4/5/7/8/9/10/11/12/13/14/15/16/17/18/19/20,True,False,physionet/eegmmidb/1.0.0/S006/S006R14.edf,4fb5946ed7a29268af9b1770db80d4c6a3dbeacab4be573b6da9c095b8a5e68b
7,7,6,0,1,S007_R06_T00,both_fists_imagery,0,both_feet_imagery,1,0.369078982470494,False,spectral_baseline_6,1/2/3/4/5/6/8/9/10/11/12/13/14/15/16/17/18/19/20,True,False,physionet/eegmmidb/1.0.0/S007/S007R06.edf,9f6e8d2367dd2965fe71380ad6d42c94e13848d589516fda86fa0eb93481998e
7,7,6,1,3,S007_R06_T01,both_feet_imagery,1,both_feet_imagery,1,0.6118684869765236,True,spectral_baseline_6,1/2/3/4/5/6/8/9/10/11/12/13/14/15/16/17/18/19/20,True,False,physionet/eegmmidb/1.0.0/S007/S007R06.edf,9f6e8d2367dd2965fe71380ad6d42c94e13848d589516fda86fa0eb93481998e
7,7,6,2,5,S007_R06_T02,both_fists_imagery,0,both_feet_imagery,1,0.40921978721161284,False,spectral_baseline_6,1/2/3/4/5/6/8/9/10/11/12/13/14/15/16/17/18/19/20,True,False,physionet/eegmmidb/1.0.0/S007/S007R06.edf,9f6e8d2367dd2965fe71380ad6d42c94e13848d589516fda86fa0eb93481998e
7,7,6,3,7,S007_R06_T03,both_feet_imagery,1,both_feet_imagery,1,1.065349942108543,True,spectral_baseline_6,1/2/3/4/5/6/8/9/10/11/12/13/14/15/16/17/18/19/20,True,False,physionet/eegmmidb/1.0.0/S007/S007R06.edf,9f6e8d2367dd2965fe71380ad6d42c94e13848d589516fda86fa0eb93481998e
7,7,6,4,9,S007_R06_T04,both_fists_imagery,0,both_feet_imagery,1,0.49407301848893803,False,spectral_baseline_6,1/2/3/4/5/6/8/9/10/11/12/13/14/15/16/17/18/19/20,True,False,physionet/eegmmidb/1.0.0/S007/S007R06.edf,9f6e8d2367dd2965fe71380ad6d42c94e13848d589516fda86fa0eb93481998e
7,7,6,5,11,S007_R06_T05,both_feet_imagery,1,both_feet_imagery,1,1.0414940553400722,True,spectral_baseline_6,1/2/3/4/5/6/8/9/10/11/12/13/14/15/16/17/18/19/20,True,False,physionet/eegmmidb/1.0.0/S007/S007R06.edf,9f6e8d2367dd2965fe71380ad6d42c94e13848d589516fda86fa0eb93481998e
7,7,6,6,13,S007_R06_T06,both_feet_imagery,1,both_feet_imagery,1,1.2890663254169032,True,spectral_baseline_6,1/2/3/4/5/6/8/9/10/11/12/13/14/15/16/17/18/19/20,True,False,physionet/eegmmidb/1.0.0/S007/S007R06.edf,9f6e8d2367dd2965fe71380ad6d42c94e13848d589516fda86fa0eb93481998e
7,7,6,7,15,S007_R06_T07,both_fists_imagery,0,both_feet_imagery,1,0.1699029355674629,False,spectral_baseline_6,1/2/3/4/5/6/8/9/10/11/12/13/14/15/16/17/18/19/20,True,False,physionet/eegmmidb/1.0.0/S007/S007R06.edf,9f6e8d2367dd2965fe71380ad6d42c94e13848d589516fda86fa0eb93481998e
7,7,6,8,17,S007_R06_T08,both_fists_imagery,0,both_fists_imagery,0,-0.10091247721861363,True,spectral_baseline_6,1/2/3/4/5/6/8/9/10/11/12/13/14/15/16/17/18/19/20,True,False,physionet/eegmmidb/1.0.0/S007/S007R06.edf,9f6e8d2367dd2965fe71380ad6d42c94e13848d589516fda86fa0eb93481998e
7,7,6,9,19,S007_R06_T09,both_feet_imagery,1,both_feet_imagery,1,0.6033361076526703,True,spectral_baseline_6,1/2/3/4/5/6/8/9/10/11/12/13/14/15/16/17/18/19/20,True,False,physionet/eegmmidb/1.0.0/S007/S007R06.edf,9f6e8d2367dd2965fe71380ad6d42c94e13848d589516fda86fa0eb93481998e
7,7,6,10,21,S007_R06_T10,both_feet_imagery,1,both_feet_imagery,1,0.6307016652936934,True,spectral_baseline_6,1/2/3/4/5/6/8/9/10/11/12/13/14/15/16/17/18/19/20,True,False,physionet/eegmmidb/1.0.0/S007/S007R06.edf,9f6e8d2367dd2965fe71380ad6d42c94e13848d589516fda86fa0eb93481998e
7,7,6,11,23,S007_R06_T11,both_fists_imagery,0,both_feet_imagery,1,0.2610522283131663,False,spectral_baseline_6,1/2/3/4/5/6/8/9/10/11/12/13/14/15/16/17/18/19/20,True,False,physionet/eegmmidb/1.0.0/S007/S007R06.edf,9f6e8d2367dd2965fe71380ad6d42c94e13848d589516fda86fa0eb93481998e
7,7,6,12,25,S007_R06_T12,both_feet_imagery,1,both_feet_imagery,1,0.7657738030271282,True,spectral_baseline_6,1/2/3/4/5/6/8/9/10/11/12/13/14/15/16/17/18/19/20,True,False,physionet/eegmmidb/1.0.0/S007/S007R06.edf,9f6e8d2367dd2965fe71380ad6d42c94e13848d589516fda86fa0eb93481998e
7,7,6,13,27,S007_R06_T13,both_fists_imagery,0,both_feet_imagery,1,0.41506361184310614,False,spectral_baseline_6,1/2/3/4/5/6/8/9/10/11/12/13/14/15/16/17/18/19/20,True,False,physionet/eegmmidb/1.0.0/S007/S007R06.edf,9f6e8d2367dd2965fe71380ad6d42c94e13848d589516fda86fa0eb93481998e
7,7,6,14,29,S007_R06_T14,both_feet_imagery,1,both_feet_imagery,1,0.6154115647452401,True,spectral_baseline_6,1/2/3/4/5/6/8/9/10/11/12/13/14/15/16/17/18/19/20,True,False,physionet/eegmmidb/1.0.0/S007/S007R06.edf,9f6e8d2367dd2965fe71380ad6d42c94e13848d589516fda86fa0eb93481998e
7,7,10,0,1,S007_R10_T00,both_feet_imagery,1,both_feet_imagery,1,0.468553932830141,True,spectral_baseline_6,1/2/3/4/5/6/8/9/10/11/12/13/14/15/16/17/18/19/20,True,False,physionet/eegmmidb/1.0.0/S007/S007R10.edf,acd9571b0a6b1f864807e556d09d913592d1eff978e7469bb68a9fefed62e172
7,7,10,1,3,S007_R10_T01,both_fists_imagery,0,both_feet_imagery,1,0.6623483013534756,False,spectral_baseline_6,1/2/3/4/5/6/8/9/10/11/12/13/14/15/16/17/18/19/20,True,False,physionet/eegmmidb/1.0.0/S007/S007R10.edf,acd9571b0a6b1f864807e556d09d913592d1eff978e7469bb68a9fefed62e172
7,7,10,2,5,S007_R10_T02,both_feet_imagery,1,both_feet_imagery,1,1.0506041464656466,True,spectral_baseline_6,1/2/3/4/5/6/8/9/10/11/12/13/14/15/16/17/18/19/20,True,False,physionet/eegmmidb/1.0.0/S007/S007R10.edf,acd9571b0a6b1f864807e556d09d913592d1eff978e7469bb68a9fefed62e172
7,7,10,3,7,S007_R10_T03,both_fists_imagery,0,both_feet_imagery,1,0.7231190276164131,False,spectral_baseline_6,1/2/3/4/5/6/8/9/10/11/12/13/14/15/16/17/18/19/20,True,False,physionet/eegmmidb/1.0.0/S007/S007R10.edf,acd9571b0a6b1f864807e556d09d913592d1eff978e7469bb68a9fefed62e172
7,7,10,4,9,S007_R10_T04,both_feet_imagery,1,both_feet_imagery,1,0.728145805523282,True,spectral_baseline_6,1/2/3/4/5/6/8/9/10/11/12/13/14/15/16/17/18/19/20,True,False,physionet/eegmmidb/1.0.0/S007/S007R10.edf,acd9571b0a6b1f864807e556d09d913592d1eff978e7469bb68a9fefed62e172
7,7,10,5,11,S007_R10_T05,both_fists_imagery,0,both_feet_imagery,1,0.691222005018345,False,spectral_baseline_6,1/2/3/4/5/6/8/9/10/11/12/13/14/15/16/17/18/19/20,True,False,physionet/eegmmidb/1.0.0/S007/S007R10.edf,acd9571b0a6b1f864807e556d09d913592d1eff978e7469bb68a9fefed62e172
7,7,10,6,13,S007_R10_T06,both_feet_imagery,1,both_feet_imagery,1,0.7267246903105996,True,spectral_baseline_6,1/2/3/4/5/6/8/9/10/11/12/13/14/15/16/17/18/19/20,True,False,physionet/eegmmidb/1.0.0/S007/S007R10.edf,acd9571b0a6b1f864807e556d09d913592d1eff978e7469bb68a9fefed62e172
7,7,10,7,15,S007_R10_T07,both_fists_imagery,0,both_feet_imagery,1,0.33828025344201185,False,spectral_baseline_6,1/2/3/4/5/6/8/9/10/11/12/13/14/15/16/17/18/19/20,True,False,physionet/eegmmidb/1.0.0/S007/S007R10.edf,acd9571b0a6b1f864807e556d09d913592d1eff978e7469bb68a9fefed62e172
7,7,10,8,17,S007_R10_T08,both_feet_imagery,1,both_feet_imagery,1,1.1074403342714163,True,spectral_baseline_6,1/2/3/4/5/6/8/9/10/11/12/13/14/15/16/17/18/19/20,True,False,physionet/eegmmidb/1.0.0/S007/S007R10.edf,acd9571b0a6b1f864807e556d09d913592d1eff978e7469bb68a9fefed62e172
7,7,10,9,19,S007_R10_T09,both_fists_imagery,0,both_feet_imagery,1,0.36593538626837474,False,spectral_baseline_6,1/2/3/4/5/6/8/9/10/11/12/13/14/15/16/17/18/19/20,True,False,physionet/eegmmidb/1.0.0/S007/S007R10.edf,acd9571b0a6b1f864807e556d09d913592d1eff978e7469bb68a9fefed62e172
7,7,10,10,21,S007_R10_T10,both_fists_imagery,0,both_feet_imagery,1,0.34686186993714885,False,spectral_baseline_6,1/2/3/4/5/6/8/9/10/11/12/13/14/15/16/17/18/19/20,True,False,physionet/eegmmidb/1.0.0/S007/S007R10.edf,acd9571b0a6b1f864807e556d09d913592d1eff978e7469bb68a9fefed62e172
7,7,10,11,23,S007_R10_T11,both_feet_imagery,1,both_feet_imagery,1,0.9871343507431648,True,spectral_baseline_6,1/2/3/4/5/6/8/9/10/11/12/13/14/15/16/17/18/19/20,True,False,physionet/eegmmidb/1.0.0/S007/S007R10.edf,acd9571b0a6b1f864807e556d09d913592d1eff978e7469bb68a9fefed62e172
7,7,10,12,25,S007_R10_T12,both_feet_imagery,1,both_feet_imagery,1,0.4681302328737794,True,spectral_baseline_6,1/2/3/4/5/6/8/9/10/11/12/13/14/15/16/17/18/19/20,True,False,physionet/eegmmidb/1.0.0/S007/S007R10.edf,acd9571b0a6b1f864807e556d09d913592d1eff978e7469bb68a9fefed62e172
7,7,10,13,27,S007_R10_T13,both_fists_imagery,0,both_feet_imagery,1,0.6924265622133362,False,spectral_baseline_6,1/2/3/4/5/6/8/9/10/11/12/13/14/15/16/17/18/19/20,True,False,physionet/eegmmidb/1.0.0/S007/S007R10.edf,acd9571b0a6b1f864807e556d09d913592d1eff978e7469bb68a9fefed62e172
7,7,10,14,29,S007_R10_T14,both_fists_imagery,0,both_feet_imagery,1,0.5532493942583463,False,spectral_baseline_6,1/2/3/4/5/6/8/9/10/11/12/13/14/15/16/17/18/19/20,True,False,physionet/eegmmidb/1.0.0/S007/S007R10.edf,acd9571b0a6b1f864807e556d09d913592d1eff978e7469bb68a9fefed62e172
7,7,14,0,1,S007_R14_T00,both_fists_imagery,0,both_feet_imagery,1,0.45859351711161245,False,spectral_baseline_6,1/2/3/4/5/6/8/9/10/11/12/13/14/15/16/17/18/19/20,True,False,physionet/eegmmidb/1.0.0/S007/S007R14.edf,d6245b9bf35efde8522982146138e2f03fc352217579cb0c8f4d83eedd7d8c9c
7,7,14,1,3,S007_R14_T01,both_feet_imagery,1,both_feet_imagery,1,0.842512918158998,True,spectral_baseline_6,1/2/3/4/5/6/8/9/10/11/12/13/14/15/16/17/18/19/20,True,False,physionet/eegmmidb/1.0.0/S007/S007R14.edf,d6245b9bf35efde8522982146138e2f03fc352217579cb0c8f4d83eedd7d8c9c
7,7,14,2,5,S007_R14_T02,both_feet_imagery,1,both_feet_imagery,1,1.174284368964897,True,spectral_baseline_6,1/2/3/4/5/6/8/9/10/11/12/13/14/15/16/17/18/19/20,True,False,physionet/eegmmidb/1.0.0/S007/S007R14.edf,d6245b9bf35efde8522982146138e2f03fc352217579cb0c8f4d83eedd7d8c9c
7,7,14,3,7,S007_R14_T03,both_fists_imagery,0,both_feet_imagery,1,0.7032757947419558,False,spectral_baseline_6,1/2/3/4/5/6/8/9/10/11/12/13/14/15/16/17/18/19/20,True,False,physionet/eegmmidb/1.0.0/S007/S007R14.edf,d6245b9bf35efde8522982146138e2f03fc352217579cb0c8f4d83eedd7d8c9c
7,7,14,4,9,S007_R14_T04,both_fists_imagery,0,both_feet_imagery,1,0.6495567998774506,False,spectral_baseline_6,1/2/3/4/5/6/8/9/10/11/12/13/14/15/16/17/18/19/20,True,False,physionet/eegmmidb/1.0.0/S007/S007R14.edf,d6245b9bf35efde8522982146138e2f03fc352217579cb0c8f4d83eedd7d8c9c
7,7,14,5,11,S007_R14_T05,both_feet_imagery,1,both_feet_imagery,1,1.0549515808013505,True,spectral_baseline_6,1/2/3/4/5/6/8/9/10/11/12/13/14/15/16/17/18/19/20,True,False,physionet/eegmmidb/1.0.0/S007/S007R14.edf,d6245b9bf35efde8522982146138e2f03fc352217579cb0c8f4d83eedd7d8c9c
7,7,14,6,13,S007_R14_T06,both_feet_imagery,1,both_feet_imagery,1,0.3154228537328727,True,spectral_baseline_6,1/2/3/4/5/6/8/9/10/11/12/13/14/15/16/17/18/19/20,True,False,physionet/eegmmidb/1.0.0/S007/S007R14.edf,d6245b9bf35efde8522982146138e2f03fc352217579cb0c8f4d83eedd7d8c9c
7,7,14,7,15,S007_R14_T07,both_fists_imagery,0,both_feet_imagery,1,0.1446231521824186,False,spectral_baseline_6,1/2/3/4/5/6/8/9/10/11/12/13/14/15/16/17/18/19/20,True,False,physionet/eegmmidb/1.0.0/S007/S007R14.edf,d6245b9bf35efde8522982146138e2f03fc352217579cb0c8f4d83eedd7d8c9c
7,7,14,8,17,S007_R14_T08,both_feet_imagery,1,both_feet_imagery,1,0.8114395021821363,True,spectral_baseline_6,1/2/3/4/5/6/8/9/10/11/12/13/14/15/16/17/18/19/20,True,False,physionet/eegmmidb/1.0.0/S007/S007R14.edf,d6245b9bf35efde8522982146138e2f03fc352217579cb0c8f4d83eedd7d8c9c
7,7,14,9,19,S007_R14_T09,both_fists_imagery,0,both_feet_imagery,1,0.6772343748826176,False,spectral_baseline_6,1/2/3/4/5/6/8/9/10/11/12/13/14/15/16/17/18/19/20,True,False,physionet/eegmmidb/1.0.0/S007/S007R14.edf,d6245b9bf35efde8522982146138e2f03fc352217579cb0c8f4d83eedd7d8c9c
7,7,14,10,21,S007_R14_T10,both_fists_imagery,0,both_feet_imagery,1,0.5911333019178807,False,spectral_baseline_6,1/2/3/4/5/6/8/9/10/11/12/13/14/15/16/17/18/19/20,True,False,physionet/eegmmidb/1.0.0/S007/S007R14.edf,d6245b9bf35efde8522982146138e2f03fc352217579cb0c8f4d83eedd7d8c9c
7,7,14,11,23,S007_R14_T11,both_feet_imagery,1,both_feet_imagery,1,1.0557380171798827,True,spectral_baseline_6,1/2/3/4/5/6/8/9/10/11/12/13/14/15/16/17/18/19/20,True,False,physionet/eegmmidb/1.0.0/S007/S007R14.edf,d6245b9bf35efde8522982146138e2f03fc352217579cb0c8f4d83eedd7d8c9c
7,7,14,12,25,S007_R14_T12,both_fists_imagery,0,both_feet_imagery,1,0.5912648700963096,False,spectral_baseline_6,1/2/3/4/5/6/8/9/10/11/12/13/14/15/16/17/18/19/20,True,False,physionet/eegmmidb/1.0.0/S007/S007R14.edf,d6245b9bf35efde8522982146138e2f03fc352217579cb0c8f4d83eedd7d8c9c
7,7,14,13,27,S007_R14_T13,both_feet_imagery,1,both_feet_imagery,1,0.15483589444699133,True,spectral_baseline_6,1/2/3/4/5/6/8/9/10/11/12/13/14/15/16/17/18/19/20,True,False,physionet/eegmmidb/1.0.0/S007/S007R14.edf,d6245b9bf35efde8522982146138e2f03fc352217579cb0c8f4d83eedd7d8c9c
7,7,14,14,29,S007_R14_T14,both_feet_imagery,1,both_feet_imagery,1,0.7292796055447771,True,spectral_baseline_6,1/2/3/4/5/6/8/9/10/11/12/13/14/15/16/17/18/19/20,True,False,physionet/eegmmidb/1.0.0/S007/S007R14.edf,d6245b9bf35efde8522982146138e2f03fc352217579cb0c8f4d83eedd7d8c9c
7,7,6,0,1,S007_R06_T00,both_fists_imagery,0,both_fists_imagery,0,-0.10788225220166849,True,csp_4_empirical,1/2/3/4/5/6/8/9/10/11/12/13/14/15/16/17/18/19/20,True,False,physionet/eegmmidb/1.0.0/S007/S007R06.edf,9f6e8d2367dd2965fe71380ad6d42c94e13848d589516fda86fa0eb93481998e
7,7,6,1,3,S007_R06_T01,both_feet_imagery,1,both_feet_imagery,1,1.5032403745144238,True,csp_4_empirical,1/2/3/4/5/6/8/9/10/11/12/13/14/15/16/17/18/19/20,True,False,physionet/eegmmidb/1.0.0/S007/S007R06.edf,9f6e8d2367dd2965fe71380ad6d42c94e13848d589516fda86fa0eb93481998e
7,7,6,2,5,S007_R06_T02,both_fists_imagery,0,both_fists_imagery,0,-0.7966137388452461,True,csp_4_empirical,1/2/3/4/5/6/8/9/10/11/12/13/14/15/16/17/18/19/20,True,False,physionet/eegmmidb/1.0.0/S007/S007R06.edf,9f6e8d2367dd2965fe71380ad6d42c94e13848d589516fda86fa0eb93481998e
7,7,6,3,7,S007_R06_T03,both_feet_imagery,1,both_feet_imagery,1,1.8328301451823963,True,csp_4_empirical,1/2/3/4/5/6/8/9/10/11/12/13/14/15/16/17/18/19/20,True,False,physionet/eegmmidb/1.0.0/S007/S007R06.edf,9f6e8d2367dd2965fe71380ad6d42c94e13848d589516fda86fa0eb93481998e
7,7,6,4,9,S007_R06_T04,both_fists_imagery,0,both_fists_imagery,0,-0.055084363813146076,True,csp_4_empirical,1/2/3/4/5/6/8/9/10/11/12/13/14/15/16/17/18/19/20,True,False,physionet/eegmmidb/1.0.0/S007/S007R06.edf,9f6e8d2367dd2965fe71380ad6d42c94e13848d589516fda86fa0eb93481998e
7,7,6,5,11,S007_R06_T05,both_feet_imagery,1,both_feet_imagery,1,2.1063006061261818,True,csp_4_empirical,1/2/3/4/5/6/8/9/10/11/12/13/14/15/16/17/18/19/20,True,False,physionet/eegmmidb/1.0.0/S007/S007R06.edf,9f6e8d2367dd2965fe71380ad6d42c94e13848d589516fda86fa0eb93481998e
7,7,6,6,13,S007_R06_T06,both_feet_imagery,1,both_feet_imagery,1,2.238497354500418,True,csp_4_empirical,1/2/3/4/5/6/8/9/10/11/12/13/14/15/16/17/18/19/20,True,False,physionet/eegmmidb/1.0.0/S007/S007R06.edf,9f6e8d2367dd2965fe71380ad6d42c94e13848d589516fda86fa0eb93481998e
7,7,6,7,15,S007_R06_T07,both_fists_imagery,0,both_fists_imagery,0,-0.12376235481585207,True,csp_4_empirical,1/2/3/4/5/6/8/9/10/11/12/13/14/15/16/17/18/19/20,True,False,physionet/eegmmidb/1.0.0/S007/S007R06.edf,9f6e8d2367dd2965fe71380ad6d42c94e13848d589516fda86fa0eb93481998e
7,7,6,8,17,S007_R06_T08,both_fists_imagery,0,both_fists_imagery,0,-0.6808094415856553,True,csp_4_empirical,1/2/3/4/5/6/8/9/10/11/12/13/14/15/16/17/18/19/20,True,False,physionet/eegmmidb/1.0.0/S007/S007R06.edf,9f6e8d2367dd2965fe71380ad6d42c94e13848d589516fda86fa0eb93481998e
7,7,6,9,19,S007_R06_T09,both_feet_imagery,1,both_feet_imagery,1,0.8808939840479644,True,csp_4_empirical,1/2/3/4/5/6/8/9/10/11/12/13/14/15/16/17/18/19/20,True,False,physionet/eegmmidb/1.0.0/S007/S007R06.edf,9f6e8d2367dd2965fe71380ad6d42c94e13848d589516fda86fa0eb93481998e
7,7,6,10,21,S007_R06_T10,both_feet_imagery,1,both_feet_imagery,1,0.833703438651878,True,csp_4_empirical,1/2/3/4/5/6/8/9/10/11/12/13/14/15/16/17/18/19/20,True,False,physionet/eegmmidb/1.0.0/S007/S007R06.edf,9f6e8d2367dd2965fe71380ad6d42c94e13848d589516fda86fa0eb93481998e
7,7,6,11,23,S007_R06_T11,both_fists_imagery,0,both_fists_imagery,0,-0.8265064782366585,True,csp_4_empirical,1/2/3/4/5/6/8/9/10/11/12/13/14/15/16/17/18/19/20,True,False,physionet/eegmmidb/1.0.0/S007/S007R06.edf,9f6e8d2367dd2965fe71380ad6d42c94e13848d589516fda86fa0eb93481998e
7,7,6,12,25,S007_R06_T12,both_feet_imagery,1,both_feet_imagery,1,1.292833497736006,True,csp_4_empirical,1/2/3/4/5/6/8/9/10/11/12/13/14/15/16/17/18/19/20,True,False,physionet/eegmmidb/1.0.0/S007/S007R06.edf,9f6e8d2367dd2965fe71380ad6d42c94e13848d589516fda86fa0eb93481998e
7,7,6,13,27,S007_R06_T13,both_fists_imagery,0,both_fists_imagery,0,-0.5478114593582734,True,csp_4_empirical,1/2/3/4/5/6/8/9/10/11/12/13/14/15/16/17/18/19/20,True,False,physionet/eegmmidb/1.0.0/S007/S007R06.edf,9f6e8d2367dd2965fe71380ad6d42c94e13848d589516fda86fa0eb93481998e
7,7,6,14,29,S007_R06_T14,both_feet_imagery,1,both_feet_imagery,1,1.0155581667060978,True,csp_4_empirical,1/2/3/4/5/6/8/9/10/11/12/13/14/15/16/17/18/19/20,True,False,physionet/eegmmidb/1.0.0/S007/S007R06.edf,9f6e8d2367dd2965fe71380ad6d42c94e13848d589516fda86fa0eb93481998e
7,7,10,0,1,S007_R10_T00,both_feet_imagery,1,both_feet_imagery,1,0.7525385262401192,True,csp_4_empirical,1/2/3/4/5/6/8/9/10/11/12/13/14/15/16/17/18/19/20,True,False,physionet/eegmmidb/1.0.0/S007/S007R10.edf,acd9571b0a6b1f864807e556d09d913592d1eff978e7469bb68a9fefed62e172
7,7,10,1,3,S007_R10_T01,both_fists_imagery,0,both_fists_imagery,0,-0.4845315779955397,True,csp_4_empirical,1/2/3/4/5/6/8/9/10/11/12/13/14/15/16/17/18/19/20,True,False,physionet/eegmmidb/1.0.0/S007/S007R10.edf,acd9571b0a6b1f864807e556d09d913592d1eff978e7469bb68a9fefed62e172
7,7,10,2,5,S007_R10_T02,both_feet_imagery,1,both_feet_imagery,1,1.6531215678760192,True,csp_4_empirical,1/2/3/4/5/6/8/9/10/11/12/13/14/15/16/17/18/19/20,True,False,physionet/eegmmidb/1.0.0/S007/S007R10.edf,acd9571b0a6b1f864807e556d09d913592d1eff978e7469bb68a9fefed62e172
7,7,10,3,7,S007_R10_T03,both_fists_imagery,0,both_fists_imagery,0,-0.6549107890707973,True,csp_4_empirical,1/2/3/4/5/6/8/9/10/11/12/13/14/15/16/17/18/19/20,True,False,physionet/eegmmidb/1.0.0/S007/S007R10.edf,acd9571b0a6b1f864807e556d09d913592d1eff978e7469bb68a9fefed62e172
7,7,10,4,9,S007_R10_T04,both_feet_imagery,1,both_fists_imagery,0,-0.5511265020744315,False,csp_4_empirical,1/2/3/4/5/6/8/9/10/11/12/13/14/15/16/17/18/19/20,True,False,physionet/eegmmidb/1.0.0/S007/S007R10.edf,acd9571b0a6b1f864807e556d09d913592d1eff978e7469bb68a9fefed62e172
7,7,10,5,11,S007_R10_T05,both_fists_imagery,0,both_fists_imagery,0,-1.263079915557316,True,csp_4_empirical,1/2/3/4/5/6/8/9/10/11/12/13/14/15/16/17/18/19/20,True,False,physionet/eegmmidb/1.0.0/S007/S007R10.edf,acd9571b0a6b1f864807e556d09d913592d1eff978e7469bb68a9fefed62e172
7,7,10,6,13,S007_R10_T06,both_feet_imagery,1,both_feet_imagery,1,1.6878890518612168,True,csp_4_empirical,1/2/3/4/5/6/8/9/10/11/12/13/14/15/16/17/18/19/20,True,False,physionet/eegmmidb/1.0.0/S007/S007R10.edf,acd9571b0a6b1f864807e556d09d913592d1eff978e7469bb68a9fefed62e172
7,7,10,7,15,S007_R10_T07,both_fists_imagery,0,both_fists_imagery,0,-0.7914050010009005,True,csp_4_empirical,1/2/3/4/5/6/8/9/10/11/12/13/14/15/16/17/18/19/20,True,False,physionet/eegmmidb/1.0.0/S007/S007R10.edf,acd9571b0a6b1f864807e556d09d913592d1eff978e7469bb68a9fefed62e172
7,7,10,8,17,S007_R10_T08,both_feet_imagery,1,both_feet_imagery,1,1.6161274120466196,True,csp_4_empirical,1/2/3/4/5/6/8/9/10/11/12/13/14/15/16/17/18/19/20,True,False,physionet/eegmmidb/1.0.0/S007/S007R10.edf,acd9571b0a6b1f864807e556d09d913592d1eff978e7469bb68a9fefed62e172
7,7,10,9,19,S007_R10_T09,both_fists_imagery,0,both_feet_imagery,1,0.21143093011256975,False,csp_4_empirical,1/2/3/4/5/6/8/9/10/11/12/13/14/15/16/17/18/19/20,True,False,physionet/eegmmidb/1.0.0/S007/S007R10.edf,acd9571b0a6b1f864807e556d09d913592d1eff978e7469bb68a9fefed62e172
7,7,10,10,21,S007_R10_T10,both_fists_imagery,0,both_fists_imagery,0,-0.7901141512742905,True,csp_4_empirical,1/2/3/4/5/6/8/9/10/11/12/13/14/15/16/17/18/19/20,True,False,physionet/eegmmidb/1.0.0/S007/S007R10.edf,acd9571b0a6b1f864807e556d09d913592d1eff978e7469bb68a9fefed62e172
7,7,10,11,23,S007_R10_T11,both_feet_imagery,1,both_feet_imagery,1,1.511796393185468,True,csp_4_empirical,1/2/3/4/5/6/8/9/10/11/12/13/14/15/16/17/18/19/20,True,False,physionet/eegmmidb/1.0.0/S007/S007R10.edf,acd9571b0a6b1f864807e556d09d913592d1eff978e7469bb68a9fefed62e172
7,7,10,12,25,S007_R10_T12,both_feet_imagery,1,both_feet_imagery,1,0.8952525245450166,True,csp_4_empirical,1/2/3/4/5/6/8/9/10/11/12/13/14/15/16/17/18/19/20,True,False,physionet/eegmmidb/1.0.0/S007/S007R10.edf,acd9571b0a6b1f864807e556d09d913592d1eff978e7469bb68a9fefed62e172
7,7,10,13,27,S007_R10_T13,both_fists_imagery,0,both_fists_imagery,0,-0.9510548241591177,True,csp_4_empirical,1/2/3/4/5/6/8/9/10/11/12/13/14/15/16/17/18/19/20,True,False,physionet/eegmmidb/1.0.0/S007/S007R10.edf,acd9571b0a6b1f864807e556d09d913592d1eff978e7469bb68a9fefed62e172
7,7,10,14,29,S007_R10_T14,both_fists_imagery,0,both_fists_imagery,0,-1.1494040842456639,True,csp_4_empirical,1/2/3/4/5/6/8/9/10/11/12/13/14/15/16/17/18/19/20,True,False,physionet/eegmmidb/1.0.0/S007/S007R10.edf,acd9571b0a6b1f864807e556d09d913592d1eff978e7469bb68a9fefed62e172
7,7,14,0,1,S007_R14_T00,both_fists_imagery,0,both_fists_imagery,0,-0.84335142075361,True,csp_4_empirical,1/2/3/4/5/6/8/9/10/11/12/13/14/15/16/17/18/19/20,True,False,physionet/eegmmidb/1.0.0/S007/S007R14.edf,d6245b9bf35efde8522982146138e2f03fc352217579cb0c8f4d83eedd7d8c9c
7,7,14,1,3,S007_R14_T01,both_feet_imagery,1,both_feet_imagery,1,1.0412259099193903,True,csp_4_empirical,1/2/3/4/5/6/8/9/10/11/12/13/14/15/16/17/18/19/20,True,False,physionet/eegmmidb/1.0.0/S007/S007R14.edf,d6245b9bf35efde8522982146138e2f03fc352217579cb0c8f4d83eedd7d8c9c
7,7,14,2,5,S007_R14_T02,both_feet_imagery,1,both_feet_imagery,1,0.6900761277110331,True,csp_4_empirical,1/2/3/4/5/6/8/9/10/11/12/13/14/15/16/17/18/19/20,True,False,physionet/eegmmidb/1.0.0/S007/S007R14.edf,d6245b9bf35efde8522982146138e2f03fc352217579cb0c8f4d83eedd7d8c9c
7,7,14,3,7,S007_R14_T03,both_fists_imagery,0,both_fists_imagery,0,-0.9453772475458807,True,csp_4_empirical,1/2/3/4/5/6/8/9/10/11/12/13/14/15/16/17/18/19/20,True,False,physionet/eegmmidb/1.0.0/S007/S007R14.edf,d6245b9bf35efde8522982146138e2f03fc352217579cb0c8f4d83eedd7d8c9c
7,7,14,4,9,S007_R14_T04,both_fists_imagery,0,both_feet_imagery,1,0.44858157772775875,False,csp_4_empirical,1/2/3/4/5/6/8/9/10/11/12/13/14/15/16/17/18/19/20,True,False,physionet/eegmmidb/1.0.0/S007/S007R14.edf,d6245b9bf35efde8522982146138e2f03fc352217579cb0c8f4d83eedd7d8c9c
7,7,14,5,11,S007_R14_T05,both_feet_imagery,1,both_feet_imagery,1,1.1031641442042606,True,csp_4_empirical,1/2/3/4/5/6/8/9/10/11/12/13/14/15/16/17/18/19/20,True,False,physionet/eegmmidb/1.0.0/S007/S007R14.edf,d6245b9bf35efde8522982146138e2f03fc352217579cb0c8f4d83eedd7d8c9c
7,7,14,6,13,S007_R14_T06,both_feet_imagery,1,both_fists_imagery,0,-0.03122370764036897,False,csp_4_empirical,1/2/3/4/5/6/8/9/10/11/12/13/14/15/16/17/18/19/20,True,False,physionet/eegmmidb/1.0.0/S007/S007R14.edf,d6245b9bf35efde8522982146138e2f03fc352217579cb0c8f4d83eedd7d8c9c
7,7,14,7,15,S007_R14_T07,both_fists_imagery,0,both_fists_imagery,0,-0.6095114067701666,True,csp_4_empirical,1/2/3/4/5/6/8/9/10/11/12/13/14/15/16/17/18/19/20,True,False,physionet/eegmmidb/1.0.0/S007/S007R14.edf,d6245b9bf35efde8522982146138e2f03fc352217579cb0c8f4d83eedd7d8c9c
7,7,14,8,17,S007_R14_T08,both_feet_imagery,1,both_feet_imagery,1,0.5090728050177699,True,csp_4_empirical,1/2/3/4/5/6/8/9/10/11/12/13/14/15/16/17/18/19/20,True,False,physionet/eegmmidb/1.0.0/S007/S007R14.edf,d6245b9bf35efde8522982146138e2f03fc352217579cb0c8f4d83eedd7d8c9c
7,7,14,9,19,S007_R14_T09,both_fists_imagery,0,both_fists_imagery,0,-0.7754839943288365,True,csp_4_empirical,1/2/3/4/5/6/8/9/10/11/12/13/14/15/16/17/18/19/20,True,False,physionet/eegmmidb/1.0.0/S007/S007R14.edf,d6245b9bf35efde8522982146138e2f03fc352217579cb0c8f4d83eedd7d8c9c
7,7,14,10,21,S007_R14_T10,both_fists_imagery,0,both_fists_imagery,0,-1.0555282691472008,True,csp_4_empirical,1/2/3/4/5/6/8/9/10/11/12/13/14/15/16/17/18/19/20,True,False,physionet/eegmmidb/1.0.0/S007/S007R14.edf,d6245b9bf35efde8522982146138e2f03fc352217579cb0c8f4d83eedd7d8c9c
7,7,14,11,23,S007_R14_T11,both_feet_imagery,1,both_feet_imagery,1,2.028017441349977,True,csp_4_empirical,1/2/3/4/5/6/8/9/10/11/12/13/14/15/16/17/18/19/20,True,False,physionet/eegmmidb/1.0.0/S007/S007R14.edf,d6245b9bf35efde8522982146138e2f03fc352217579cb0c8f4d83eedd7d8c9c
7,7,14,12,25,S007_R14_T12,both_fists_imagery,0,both_feet_imagery,1,0.15793691305805635,False,csp_4_empirical,1/2/3/4/5/6/8/9/10/11/12/13/14/15/16/17/18/19/20,True,False,physionet/eegmmidb/1.0.0/S007/S007R14.edf,d6245b9bf35efde8522982146138e2f03fc352217579cb0c8f4d83eedd7d8c9c
7,7,14,13,27,S007_R14_T13,both_feet_imagery,1,both_feet_imagery,1,0.11557377613346165,True,csp_4_empirical,1/2/3/4/5/6/8/9/10/11/12/13/14/15/16/17/18/19/20,True,False,physionet/eegmmidb/1.0.0/S007/S007R14.edf,d6245b9bf35efde8522982146138e2f03fc352217579cb0c8f4d83eedd7d8c9c
7,7,14,14,29,S007_R14_T14,both_feet_imagery,1,both_feet_imagery,1,0.9694733221780755,True,csp_4_empirical,1/2/3/4/5/6/8/9/10/11/12/13/14/15/16/17/18/19/20,True,False,physionet/eegmmidb/1.0.0/S007/S007R14.edf,d6245b9bf35efde8522982146138e2f03fc352217579cb0c8f4d83eedd7d8c9c
8,8,6,0,1,S008_R06_T00,both_feet_imagery,1,both_feet_imagery,1,0.5195501495675514,True,spectral_baseline_6,1/2/3/4/5/6/7/9/10/11/12/13/14/15/16/17/18/19/20,True,False,physionet/eegmmidb/1.0.0/S008/S008R06.edf,c2afadf0b5cbc8764825fbe26ae358df677c46ce44c6e8622e4fa3d47d6abb14
8,8,6,1,3,S008_R06_T01,both_fists_imagery,0,both_fists_imagery,0,-0.7544191557096535,True,spectral_baseline_6,1/2/3/4/5/6/7/9/10/11/12/13/14/15/16/17/18/19/20,True,False,physionet/eegmmidb/1.0.0/S008/S008R06.edf,c2afadf0b5cbc8764825fbe26ae358df677c46ce44c6e8622e4fa3d47d6abb14
8,8,6,2,5,S008_R06_T02,both_feet_imagery,1,both_feet_imagery,1,0.41786781137543744,True,spectral_baseline_6,1/2/3/4/5/6/7/9/10/11/12/13/14/15/16/17/18/19/20,True,False,physionet/eegmmidb/1.0.0/S008/S008R06.edf,c2afadf0b5cbc8764825fbe26ae358df677c46ce44c6e8622e4fa3d47d6abb14
8,8,6,3,7,S008_R06_T03,both_fists_imagery,0,both_fists_imagery,0,-0.4212503294824669,True,spectral_baseline_6,1/2/3/4/5/6/7/9/10/11/12/13/14/15/16/17/18/19/20,True,False,physionet/eegmmidb/1.0.0/S008/S008R06.edf,c2afadf0b5cbc8764825fbe26ae358df677c46ce44c6e8622e4fa3d47d6abb14
8,8,6,4,9,S008_R06_T04,both_feet_imagery,1,both_fists_imagery,0,-0.1644162443025758,False,spectral_baseline_6,1/2/3/4/5/6/7/9/10/11/12/13/14/15/16/17/18/19/20,True,False,physionet/eegmmidb/1.0.0/S008/S008R06.edf,c2afadf0b5cbc8764825fbe26ae358df677c46ce44c6e8622e4fa3d47d6abb14
8,8,6,5,11,S008_R06_T05,both_fists_imagery,0,both_fists_imagery,0,-0.11179622120257737,True,spectral_baseline_6,1/2/3/4/5/6/7/9/10/11/12/13/14/15/16/17/18/19/20,True,False,physionet/eegmmidb/1.0.0/S008/S008R06.edf,c2afadf0b5cbc8764825fbe26ae358df677c46ce44c6e8622e4fa3d47d6abb14
8,8,6,6,13,S008_R06_T06,both_fists_imagery,0,both_fists_imagery,0,-0.024839601491379343,True,spectral_baseline_6,1/2/3/4/5/6/7/9/10/11/12/13/14/15/16/17/18/19/20,True,False,physionet/eegmmidb/1.0.0/S008/S008R06.edf,c2afadf0b5cbc8764825fbe26ae358df677c46ce44c6e8622e4fa3d47d6abb14
8,8,6,7,15,S008_R06_T07,both_feet_imagery,1,both_feet_imagery,1,0.21576855578956372,True,spectral_baseline_6,1/2/3/4/5/6/7/9/10/11/12/13/14/15/16/17/18/19/20,True,False,physionet/eegmmidb/1.0.0/S008/S008R06.edf,c2afadf0b5cbc8764825fbe26ae358df677c46ce44c6e8622e4fa3d47d6abb14
8,8,6,8,17,S008_R06_T08,both_fists_imagery,0,both_fists_imagery,0,-0.268873731834508,True,spectral_baseline_6,1/2/3/4/5/6/7/9/10/11/12/13/14/15/16/17/18/19/20,True,False,physionet/eegmmidb/1.0.0/S008/S008R06.edf,c2afadf0b5cbc8764825fbe26ae358df677c46ce44c6e8622e4fa3d47d6abb14
8,8,6,9,19,S008_R06_T09,both_feet_imagery,1,both_feet_imagery,1,0.27187937494866304,True,spectral_baseline_6,1/2/3/4/5/6/7/9/10/11/12/13/14/15/16/17/18/19/20,True,False,physionet/eegmmidb/1.0.0/S008/S008R06.edf,c2afadf0b5cbc8764825fbe26ae358df677c46ce44c6e8622e4fa3d47d6abb14
8,8,6,10,21,S008_R06_T10,both_feet_imagery,1,both_feet_imagery,1,0.2936673178096827,True,spectral_baseline_6,1/2/3/4/5/6/7/9/10/11/12/13/14/15/16/17/18/19/20,True,False,physionet/eegmmidb/1.0.0/S008/S008R06.edf,c2afadf0b5cbc8764825fbe26ae358df677c46ce44c6e8622e4fa3d47d6abb14
8,8,6,11,23,S008_R06_T11,both_fists_imagery,0,both_feet_imagery,1,0.21993486248129407,False,spectral_baseline_6,1/2/3/4/5/6/7/9/10/11/12/13/14/15/16/17/18/19/20,True,False,physionet/eegmmidb/1.0.0/S008/S008R06.edf,c2afadf0b5cbc8764825fbe26ae358df677c46ce44c6e8622e4fa3d47d6abb14
8,8,6,12,25,S008_R06_T12,both_fists_imagery,0,both_fists_imagery,0,-0.2090355717408034,True,spectral_baseline_6,1/2/3/4/5/6/7/9/10/11/12/13/14/15/16/17/18/19/20,True,False,physionet/eegmmidb/1.0.0/S008/S008R06.edf,c2afadf0b5cbc8764825fbe26ae358df677c46ce44c6e8622e4fa3d47d6abb14
8,8,6,13,27,S008_R06_T13,both_feet_imagery,1,both_feet_imagery,1,0.04664243030806017,True,spectral_baseline_6,1/2/3/4/5/6/7/9/10/11/12/13/14/15/16/17/18/19/20,True,False,physionet/eegmmidb/1.0.0/S008/S008R06.edf,c2afadf0b5cbc8764825fbe26ae358df677c46ce44c6e8622e4fa3d47d6abb14
8,8,6,14,29,S008_R06_T14,both_feet_imagery,1,both_feet_imagery,1,0.5027639332660722,True,spectral_baseline_6,1/2/3/4/5/6/7/9/10/11/12/13/14/15/16/17/18/19/20,True,False,physionet/eegmmidb/1.0.0/S008/S008R06.edf,c2afadf0b5cbc8764825fbe26ae358df677c46ce44c6e8622e4fa3d47d6abb14
8,8,10,0,1,S008_R10_T00,both_fists_imagery,0,both_fists_imagery,0,-0.42589482287636815,True,spectral_baseline_6,1/2/3/4/5/6/7/9/10/11/12/13/14/15/16/17/18/19/20,True,False,physionet/eegmmidb/1.0.0/S008/S008R10.edf,6a7934c18466078caf899f724cf13b665d98e41fac9d978d9521f89021e0377c
8,8,10,1,3,S008_R10_T01,both_feet_imagery,1,both_feet_imagery,1,0.0843914165773091,True,spectral_baseline_6,1/2/3/4/5/6/7/9/10/11/12/13/14/15/16/17/18/19/20,True,False,physionet/eegmmidb/1.0.0/S008/S008R10.edf,6a7934c18466078caf899f724cf13b665d98e41fac9d978d9521f89021e0377c
8,8,10,2,5,S008_R10_T02,both_fists_imagery,0,both_feet_imagery,1,0.05982255115707982,False,spectral_baseline_6,1/2/3/4/5/6/7/9/10/11/12/13/14/15/16/17/18/19/20,True,False,physionet/eegmmidb/1.0.0/S008/S008R10.edf,6a7934c18466078caf899f724cf13b665d98e41fac9d978d9521f89021e0377c
8,8,10,3,7,S008_R10_T03,both_feet_imagery,1,both_feet_imagery,1,0.5021939702508245,True,spectral_baseline_6,1/2/3/4/5/6/7/9/10/11/12/13/14/15/16/17/18/19/20,True,False,physionet/eegmmidb/1.0.0/S008/S008R10.edf,6a7934c18466078caf899f724cf13b665d98e41fac9d978d9521f89021e0377c
8,8,10,4,9,S008_R10_T04,both_feet_imagery,1,both_feet_imagery,1,0.14661859325153706,True,spectral_baseline_6,1/2/3/4/5/6/7/9/10/11/12/13/14/15/16/17/18/19/20,True,False,physionet/eegmmidb/1.0.0/S008/S008R10.edf,6a7934c18466078caf899f724cf13b665d98e41fac9d978d9521f89021e0377c
8,8,10,5,11,S008_R10_T05,both_fists_imagery,0,both_feet_imagery,1,0.09567752727075023,False,spectral_baseline_6,1/2/3/4/5/6/7/9/10/11/12/13/14/15/16/17/18/19/20,True,False,physionet/eegmmidb/1.0.0/S008/S008R10.edf,6a7934c18466078caf899f724cf13b665d98e41fac9d978d9521f89021e0377c
8,8,10,6,13,S008_R10_T06,both_fists_imagery,0,both_fists_imagery,0,-0.7055410685313072,True,spectral_baseline_6,1/2/3/4/5/6/7/9/10/11/12/13/14/15/16/17/18/19/20,True,False,physionet/eegmmidb/1.0.0/S008/S008R10.edf,6a7934c18466078caf899f724cf13b665d98e41fac9d978d9521f89021e0377c
8,8,10,7,15,S008_R10_T07,both_feet_imagery,1,both_feet_imagery,1,0.3258229153313983,True,spectral_baseline_6,1/2/3/4/5/6/7/9/10/11/12/13/14/15/16/17/18/19/20,True,False,physionet/eegmmidb/1.0.0/S008/S008R10.edf,6a7934c18466078caf899f724cf13b665d98e41fac9d978d9521f89021e0377c
8,8,10,8,17,S008_R10_T08,both_feet_imagery,1,both_feet_imagery,1,0.5987943975917307,True,spectral_baseline_6,1/2/3/4/5/6/7/9/10/11/12/13/14/15/16/17/18/19/20,True,False,physionet/eegmmidb/1.0.0/S008/S008R10.edf,6a7934c18466078caf899f724cf13b665d98e41fac9d978d9521f89021e0377c
8,8,10,9,19,S008_R10_T09,both_fists_imagery,0,both_feet_imagery,1,0.03173861353001077,False,spectral_baseline_6,1/2/3/4/5/6/7/9/10/11/12/13/14/15/16/17/18/19/20,True,False,physionet/eegmmidb/1.0.0/S008/S008R10.edf,6a7934c18466078caf899f724cf13b665d98e41fac9d978d9521f89021e0377c
8,8,10,10,21,S008_R10_T10,both_feet_imagery,1,both_fists_imagery,0,-0.060677498491324075,False,spectral_baseline_6,1/2/3/4/5/6/7/9/10/11/12/13/14/15/16/17/18/19/20,True,False,physionet/eegmmidb/1.0.0/S008/S008R10.edf,6a7934c18466078caf899f724cf13b665d98e41fac9d978d9521f89021e0377c
8,8,10,11,23,S008_R10_T11,both_fists_imagery,0,both_fists_imagery,0,-0.5161861347398695,True,spectral_baseline_6,1/2/3/4/5/6/7/9/10/11/12/13/14/15/16/17/18/19/20,True,False,physionet/eegmmidb/1.0.0/S008/S008R10.edf,6a7934c18466078caf899f724cf13b665d98e41fac9d978d9521f89021e0377c
8,8,10,12,25,S008_R10_T12,both_fists_imagery,0,both_fists_imagery,0,-0.018958714611664818,True,spectral_baseline_6,1/2/3/4/5/6/7/9/10/11/12/13/14/15/16/17/18/19/20,True,False,physionet/eegmmidb/1.0.0/S008/S008R10.edf,6a7934c18466078caf899f724cf13b665d98e41fac9d978d9521f89021e0377c
8,8,10,13,27,S008_R10_T13,both_feet_imagery,1,both_fists_imagery,0,-0.2212138375335839,False,spectral_baseline_6,1/2/3/4/5/6/7/9/10/11/12/13/14/15/16/17/18/19/20,True,False,physionet/eegmmidb/1.0.0/S008/S008R10.edf,6a7934c18466078caf899f724cf13b665d98e41fac9d978d9521f89021e0377c
8,8,10,14,29,S008_R10_T14,both_fists_imagery,0,both_feet_imagery,1,0.11143800946015373,False,spectral_baseline_6,1/2/3/4/5/6/7/9/10/11/12/13/14/15/16/17/18/19/20,True,False,physionet/eegmmidb/1.0.0/S008/S008R10.edf,6a7934c18466078caf899f724cf13b665d98e41fac9d978d9521f89021e0377c
8,8,14,0,1,S008_R14_T00,both_fists_imagery,0,both_fists_imagery,0,-0.578408413328237,True,spectral_baseline_6,1/2/3/4/5/6/7/9/10/11/12/13/14/15/16/17/18/19/20,True,False,physionet/eegmmidb/1.0.0/S008/S008R14.edf,19c943fb32f7749b7e37d8765f84a3bbf76c4ac7ea48ff29fa074322ebcad885
8,8,14,1,3,S008_R14_T01,both_feet_imagery,1,both_feet_imagery,1,1.4624675000694822,True,spectral_baseline_6,1/2/3/4/5/6/7/9/10/11/12/13/14/15/16/17/18/19/20,True,False,physionet/eegmmidb/1.0.0/S008/S008R14.edf,19c943fb32f7749b7e37d8765f84a3bbf76c4ac7ea48ff29fa074322ebcad885
8,8,14,2,5,S008_R14_T02,both_fists_imagery,0,both_feet_imagery,1,0.17966348384413827,False,spectral_baseline_6,1/2/3/4/5/6/7/9/10/11/12/13/14/15/16/17/18/19/20,True,False,physionet/eegmmidb/1.0.0/S008/S008R14.edf,19c943fb32f7749b7e37d8765f84a3bbf76c4ac7ea48ff29fa074322ebcad885
8,8,14,3,7,S008_R14_T03,both_feet_imagery,1,both_feet_imagery,1,0.10747604048213415,True,spectral_baseline_6,1/2/3/4/5/6/7/9/10/11/12/13/14/15/16/17/18/19/20,True,False,physionet/eegmmidb/1.0.0/S008/S008R14.edf,19c943fb32f7749b7e37d8765f84a3bbf76c4ac7ea48ff29fa074322ebcad885
8,8,14,4,9,S008_R14_T04,both_fists_imagery,0,both_fists_imagery,0,-0.02961273104757811,True,spectral_baseline_6,1/2/3/4/5/6/7/9/10/11/12/13/14/15/16/17/18/19/20,True,False,physionet/eegmmidb/1.0.0/S008/S008R14.edf,19c943fb32f7749b7e37d8765f84a3bbf76c4ac7ea48ff29fa074322ebcad885
8,8,14,5,11,S008_R14_T05,both_feet_imagery,1,both_feet_imagery,1,0.5021142394104363,True,spectral_baseline_6,1/2/3/4/5/6/7/9/10/11/12/13/14/15/16/17/18/19/20,True,False,physionet/eegmmidb/1.0.0/S008/S008R14.edf,19c943fb32f7749b7e37d8765f84a3bbf76c4ac7ea48ff29fa074322ebcad885
8,8,14,6,13,S008_R14_T06,both_fists_imagery,0,both_feet_imagery,1,0.05376216913743067,False,spectral_baseline_6,1/2/3/4/5/6/7/9/10/11/12/13/14/15/16/17/18/19/20,True,False,physionet/eegmmidb/1.0.0/S008/S008R14.edf,19c943fb32f7749b7e37d8765f84a3bbf76c4ac7ea48ff29fa074322ebcad885
8,8,14,7,15,S008_R14_T07,both_feet_imagery,1,both_feet_imagery,1,0.7106780145029139,True,spectral_baseline_6,1/2/3/4/5/6/7/9/10/11/12/13/14/15/16/17/18/19/20,True,False,physionet/eegmmidb/1.0.0/S008/S008R14.edf,19c943fb32f7749b7e37d8765f84a3bbf76c4ac7ea48ff29fa074322ebcad885
8,8,14,8,17,S008_R14_T08,both_fists_imagery,0,both_fists_imagery,0,-0.6410273951151255,True,spectral_baseline_6,1/2/3/4/5/6/7/9/10/11/12/13/14/15/16/17/18/19/20,True,False,physionet/eegmmidb/1.0.0/S008/S008R14.edf,19c943fb32f7749b7e37d8765f84a3bbf76c4ac7ea48ff29fa074322ebcad885
8,8,14,9,19,S008_R14_T09,both_feet_imagery,1,both_feet_imagery,1,0.5923025677345753,True,spectral_baseline_6,1/2/3/4/5/6/7/9/10/11/12/13/14/15/16/17/18/19/20,True,False,physionet/eegmmidb/1.0.0/S008/S008R14.edf,19c943fb32f7749b7e37d8765f84a3bbf76c4ac7ea48ff29fa074322ebcad885
8,8,14,10,21,S008_R14_T10,both_feet_imagery,1,both_feet_imagery,1,0.39400998896594447,True,spectral_baseline_6,1/2/3/4/5/6/7/9/10/11/12/13/14/15/16/17/18/19/20,True,False,physionet/eegmmidb/1.0.0/S008/S008R14.edf,19c943fb32f7749b7e37d8765f84a3bbf76c4ac7ea48ff29fa074322ebcad885
8,8,14,11,23,S008_R14_T11,both_fists_imagery,0,both_feet_imagery,1,0.8032333737122849,False,spectral_baseline_6,1/2/3/4/5/6/7/9/10/11/12/13/14/15/16/17/18/19/20,True,False,physionet/eegmmidb/1.0.0/S008/S008R14.edf,19c943fb32f7749b7e37d8765f84a3bbf76c4ac7ea48ff29fa074322ebcad885
8,8,14,12,25,S008_R14_T12,both_fists_imagery,0,both_feet_imagery,1,0.36338085972121364,False,spectral_baseline_6,1/2/3/4/5/6/7/9/10/11/12/13/14/15/16/17/18/19/20,True,False,physionet/eegmmidb/1.0.0/S008/S008R14.edf,19c943fb32f7749b7e37d8765f84a3bbf76c4ac7ea48ff29fa074322ebcad885
8,8,14,13,27,S008_R14_T13,both_feet_imagery,1,both_feet_imagery,1,0.4024093683365141,True,spectral_baseline_6,1/2/3/4/5/6/7/9/10/11/12/13/14/15/16/17/18/19/20,True,False,physionet/eegmmidb/1.0.0/S008/S008R14.edf,19c943fb32f7749b7e37d8765f84a3bbf76c4ac7ea48ff29fa074322ebcad885
8,8,14,14,29,S008_R14_T14,both_fists_imagery,0,both_fists_imagery,0,-0.09951228778542995,True,spectral_baseline_6,1/2/3/4/5/6/7/9/10/11/12/13/14/15/16/17/18/19/20,True,False,physionet/eegmmidb/1.0.0/S008/S008R14.edf,19c943fb32f7749b7e37d8765f84a3bbf76c4ac7ea48ff29fa074322ebcad885
8,8,6,0,1,S008_R06_T00,both_feet_imagery,1,both_feet_imagery,1,1.6910800674995325,True,csp_4_empirical,1/2/3/4/5/6/7/9/10/11/12/13/14/15/16/17/18/19/20,True,False,physionet/eegmmidb/1.0.0/S008/S008R06.edf,c2afadf0b5cbc8764825fbe26ae358df677c46ce44c6e8622e4fa3d47d6abb14
8,8,6,1,3,S008_R06_T01,both_fists_imagery,0,both_feet_imagery,1,0.08996841567926589,False,csp_4_empirical,1/2/3/4/5/6/7/9/10/11/12/13/14/15/16/17/18/19/20,True,False,physionet/eegmmidb/1.0.0/S008/S008R06.edf,c2afadf0b5cbc8764825fbe26ae358df677c46ce44c6e8622e4fa3d47d6abb14
8,8,6,2,5,S008_R06_T02,both_feet_imagery,1,both_feet_imagery,1,2.4917173443696083,True,csp_4_empirical,1/2/3/4/5/6/7/9/10/11/12/13/14/15/16/17/18/19/20,True,False,physionet/eegmmidb/1.0.0/S008/S008R06.edf,c2afadf0b5cbc8764825fbe26ae358df677c46ce44c6e8622e4fa3d47d6abb14
8,8,6,3,7,S008_R06_T03,both_fists_imagery,0,both_feet_imagery,1,0.48005137054690866,False,csp_4_empirical,1/2/3/4/5/6/7/9/10/11/12/13/14/15/16/17/18/19/20,True,False,physionet/eegmmidb/1.0.0/S008/S008R06.edf,c2afadf0b5cbc8764825fbe26ae358df677c46ce44c6e8622e4fa3d47d6abb14
8,8,6,4,9,S008_R06_T04,both_feet_imagery,1,both_feet_imagery,1,0.28104971181159616,True,csp_4_empirical,1/2/3/4/5/6/7/9/10/11/12/13/14/15/16/17/18/19/20,True,False,physionet/eegmmidb/1.0.0/S008/S008R06.edf,c2afadf0b5cbc8764825fbe26ae358df677c46ce44c6e8622e4fa3d47d6abb14
8,8,6,5,11,S008_R06_T05,both_fists_imagery,0,both_fists_imagery,0,-0.9780478970439412,True,csp_4_empirical,1/2/3/4/5/6/7/9/10/11/12/13/14/15/16/17/18/19/20,True,False,physionet/eegmmidb/1.0.0/S008/S008R06.edf,c2afadf0b5cbc8764825fbe26ae358df677c46ce44c6e8622e4fa3d47d6abb14
8,8,6,6,13,S008_R06_T06,both_fists_imagery,0,both_fists_imagery,0,-0.09713416631220911,True,csp_4_empirical,1/2/3/4/5/6/7/9/10/11/12/13/14/15/16/17/18/19/20,True,False,physionet/eegmmidb/1.0.0/S008/S008R06.edf,c2afadf0b5cbc8764825fbe26ae358df677c46ce44c6e8622e4fa3d47d6abb14
8,8,6,7,15,S008_R06_T07,both_feet_imagery,1,both_feet_imagery,1,1.9744394119931288,True,csp_4_empirical,1/2/3/4/5/6/7/9/10/11/12/13/14/15/16/17/18/19/20,True,False,physionet/eegmmidb/1.0.0/S008/S008R06.edf,c2afadf0b5cbc8764825fbe26ae358df677c46ce44c6e8622e4fa3d47d6abb14
8,8,6,8,17,S008_R06_T08,both_fists_imagery,0,both_fists_imagery,0,-0.14248354862467982,True,csp_4_empirical,1/2/3/4/5/6/7/9/10/11/12/13/14/15/16/17/18/19/20,True,False,physionet/eegmmidb/1.0.0/S008/S008R06.edf,c2afadf0b5cbc8764825fbe26ae358df677c46ce44c6e8622e4fa3d47d6abb14
8,8,6,9,19,S008_R06_T09,both_feet_imagery,1,both_feet_imagery,1,0.8249612902914388,True,csp_4_empirical,1/2/3/4/5/6/7/9/10/11/12/13/14/15/16/17/18/19/20,True,False,physionet/eegmmidb/1.0.0/S008/S008R06.edf,c2afadf0b5cbc8764825fbe26ae358df677c46ce44c6e8622e4fa3d47d6abb14
8,8,6,10,21,S008_R06_T10,both_feet_imagery,1,both_feet_imagery,1,1.5631004090307528,True,csp_4_empirical,1/2/3/4/5/6/7/9/10/11/12/13/14/15/16/17/18/19/20,True,False,physionet/eegmmidb/1.0.0/S008/S008R06.edf,c2afadf0b5cbc8764825fbe26ae358df677c46ce44c6e8622e4fa3d47d6abb14
8,8,6,11,23,S008_R06_T11,both_fists_imagery,0,both_feet_imagery,1,0.3479818525165779,False,csp_4_empirical,1/2/3/4/5/6/7/9/10/11/12/13/14/15/16/17/18/19/20,True,False,physionet/eegmmidb/1.0.0/S008/S008R06.edf,c2afadf0b5cbc8764825fbe26ae358df677c46ce44c6e8622e4fa3d47d6abb14
8,8,6,12,25,S008_R06_T12,both_fists_imagery,0,both_fists_imagery,0,-0.24741407597892695,True,csp_4_empirical,1/2/3/4/5/6/7/9/10/11/12/13/14/15/16/17/18/19/20,True,False,physionet/eegmmidb/1.0.0/S008/S008R06.edf,c2afadf0b5cbc8764825fbe26ae358df677c46ce44c6e8622e4fa3d47d6abb14
8,8,6,13,27,S008_R06_T13,both_feet_imagery,1,both_feet_imagery,1,0.10943467083963687,True,csp_4_empirical,1/2/3/4/5/6/7/9/10/11/12/13/14/15/16/17/18/19/20,True,False,physionet/eegmmidb/1.0.0/S008/S008R06.edf,c2afadf0b5cbc8764825fbe26ae358df677c46ce44c6e8622e4fa3d47d6abb14
8,8,6,14,29,S008_R06_T14,both_feet_imagery,1,both_feet_imagery,1,1.379887585842999,True,csp_4_empirical,1/2/3/4/5/6/7/9/10/11/12/13/14/15/16/17/18/19/20,True,False,physionet/eegmmidb/1.0.0/S008/S008R06.edf,c2afadf0b5cbc8764825fbe26ae358df677c46ce44c6e8622e4fa3d47d6abb14
8,8,10,0,1,S008_R10_T00,both_fists_imagery,0,both_feet_imagery,1,0.19289839432083056,False,csp_4_empirical,1/2/3/4/5/6/7/9/10/11/12/13/14/15/16/17/18/19/20,True,False,physionet/eegmmidb/1.0.0/S008/S008R10.edf,6a7934c18466078caf899f724cf13b665d98e41fac9d978d9521f89021e0377c
8,8,10,1,3,S008_R10_T01,both_feet_imagery,1,both_feet_imagery,1,0.7942249319115025,True,csp_4_empirical,1/2/3/4/5/6/7/9/10/11/12/13/14/15/16/17/18/19/20,True,False,physionet/eegmmidb/1.0.0/S008/S008R10.edf,6a7934c18466078caf899f724cf13b665d98e41fac9d978d9521f89021e0377c
8,8,10,2,5,S008_R10_T02,both_fists_imagery,0,both_fists_imagery,0,-0.4729760662828558,True,csp_4_empirical,1/2/3/4/5/6/7/9/10/11/12/13/14/15/16/17/18/19/20,True,False,physionet/eegmmidb/1.0.0/S008/S008R10.edf,6a7934c18466078caf899f724cf13b665d98e41fac9d978d9521f89021e0377c
8,8,10,3,7,S008_R10_T03,both_feet_imagery,1,both_feet_imagery,1,1.6082927264299092,True,csp_4_empirical,1/2/3/4/5/6/7/9/10/11/12/13/14/15/16/17/18/19/20,True,False,physionet/eegmmidb/1.0.0/S008/S008R10.edf,6a7934c18466078caf899f724cf13b665d98e41fac9d978d9521f89021e0377c
8,8,10,4,9,S008_R10_T04,both_feet_imagery,1,both_feet_imagery,1,0.7441814976874115,True,csp_4_empirical,1/2/3/4/5/6/7/9/10/11/12/13/14/15/16/17/18/19/20,True,False,physionet/eegmmidb/1.0.0/S008/S008R10.edf,6a7934c18466078caf899f724cf13b665d98e41fac9d978d9521f89021e0377c
8,8,10,5,11,S008_R10_T05,both_fists_imagery,0,both_feet_imagery,1,0.2872739484959331,False,csp_4_empirical,1/2/3/4/5/6/7/9/10/11/12/13/14/15/16/17/18/19/20,True,False,physionet/eegmmidb/1.0.0/S008/S008R10.edf,6a7934c18466078caf899f724cf13b665d98e41fac9d978d9521f89021e0377c
8,8,10,6,13,S008_R10_T06,both_fists_imagery,0,both_fists_imagery,0,-0.6188449782223012,True,csp_4_empirical,1/2/3/4/5/6/7/9/10/11/12/13/14/15/16/17/18/19/20,True,False,physionet/eegmmidb/1.0.0/S008/S008R10.edf,6a7934c18466078caf899f724cf13b665d98e41fac9d978d9521f89021e0377c
8,8,10,7,15,S008_R10_T07,both_feet_imagery,1,both_fists_imagery,0,-1.4091762945447566,False,csp_4_empirical,1/2/3/4/5/6/7/9/10/11/12/13/14/15/16/17/18/19/20,True,False,physionet/eegmmidb/1.0.0/S008/S008R10.edf,6a7934c18466078caf899f724cf13b665d98e41fac9d978d9521f89021e0377c
8,8,10,8,17,S008_R10_T08,both_feet_imagery,1,both_feet_imagery,1,1.141321555607739,True,csp_4_empirical,1/2/3/4/5/6/7/9/10/11/12/13/14/15/16/17/18/19/20,True,False,physionet/eegmmidb/1.0.0/S008/S008R10.edf,6a7934c18466078caf899f724cf13b665d98e41fac9d978d9521f89021e0377c
8,8,10,9,19,S008_R10_T09,both_fists_imagery,0,both_fists_imagery,0,-1.103593061411269,True,csp_4_empirical,1/2/3/4/5/6/7/9/10/11/12/13/14/15/16/17/18/19/20,True,False,physionet/eegmmidb/1.0.0/S008/S008R10.edf,6a7934c18466078caf899f724cf13b665d98e41fac9d978d9521f89021e0377c
8,8,10,10,21,S008_R10_T10,both_feet_imagery,1,both_fists_imagery,0,-0.7914012899407478,False,csp_4_empirical,1/2/3/4/5/6/7/9/10/11/12/13/14/15/16/17/18/19/20,True,False,physionet/eegmmidb/1.0.0/S008/S008R10.edf,6a7934c18466078caf899f724cf13b665d98e41fac9d978d9521f89021e0377c
8,8,10,11,23,S008_R10_T11,both_fists_imagery,0,both_feet_imagery,1,0.03330049568361437,False,csp_4_empirical,1/2/3/4/5/6/7/9/10/11/12/13/14/15/16/17/18/19/20,True,False,physionet/eegmmidb/1.0.0/S008/S008R10.edf,6a7934c18466078caf899f724cf13b665d98e41fac9d978d9521f89021e0377c
8,8,10,12,25,S008_R10_T12,both_fists_imagery,0,both_fists_imagery,0,-0.03720215792654141,True,csp_4_empirical,1/2/3/4/5/6/7/9/10/11/12/13/14/15/16/17/18/19/20,True,False,physionet/eegmmidb/1.0.0/S008/S008R10.edf,6a7934c18466078caf899f724cf13b665d98e41fac9d978d9521f89021e0377c
8,8,10,13,27,S008_R10_T13,both_feet_imagery,1,both_feet_imagery,1,1.3188454061897432,True,csp_4_empirical,1/2/3/4/5/6/7/9/10/11/12/13/14/15/16/17/18/19/20,True,False,physionet/eegmmidb/1.0.0/S008/S008R10.edf,6a7934c18466078caf899f724cf13b665d98e41fac9d978d9521f89021e0377c
8,8,10,14,29,S008_R10_T14,both_fists_imagery,0,both_fists_imagery,0,-0.0895295430753692,True,csp_4_empirical,1/2/3/4/5/6/7/9/10/11/12/13/14/15/16/17/18/19/20,True,False,physionet/eegmmidb/1.0.0/S008/S008R10.edf,6a7934c18466078caf899f724cf13b665d98e41fac9d978d9521f89021e0377c
8,8,14,0,1,S008_R14_T00,both_fists_imagery,0,both_fists_imagery,0,-0.1630471717744496,True,csp_4_empirical,1/2/3/4/5/6/7/9/10/11/12/13/14/15/16/17/18/19/20,True,False,physionet/eegmmidb/1.0.0/S008/S008R14.edf,19c943fb32f7749b7e37d8765f84a3bbf76c4ac7ea48ff29fa074322ebcad885
8,8,14,1,3,S008_R14_T01,both_feet_imagery,1,both_feet_imagery,1,1.0294736939278986,True,csp_4_empirical,1/2/3/4/5/6/7/9/10/11/12/13/14/15/16/17/18/19/20,True,False,physionet/eegmmidb/1.0.0/S008/S008R14.edf,19c943fb32f7749b7e37d8765f84a3bbf76c4ac7ea48ff29fa074322ebcad885
8,8,14,2,5,S008_R14_T02,both_fists_imagery,0,both_feet_imagery,1,0.4345042065098903,False,csp_4_empirical,1/2/3/4/5/6/7/9/10/11/12/13/14/15/16/17/18/19/20,True,False,physionet/eegmmidb/1.0.0/S008/S008R14.edf,19c943fb32f7749b7e37d8765f84a3bbf76c4ac7ea48ff29fa074322ebcad885
8,8,14,3,7,S008_R14_T03,both_feet_imagery,1,both_feet_imagery,1,0.14896755101223683,True,csp_4_empirical,1/2/3/4/5/6/7/9/10/11/12/13/14/15/16/17/18/19/20,True,False,physionet/eegmmidb/1.0.0/S008/S008R14.edf,19c943fb32f7749b7e37d8765f84a3bbf76c4ac7ea48ff29fa074322ebcad885
8,8,14,4,9,S008_R14_T04,both_fists_imagery,0,both_fists_imagery,0,-0.0092253813174773,True,csp_4_empirical,1/2/3/4/5/6/7/9/10/11/12/13/14/15/16/17/18/19/20,True,False,physionet/eegmmidb/1.0.0/S008/S008R14.edf,19c943fb32f7749b7e37d8765f84a3bbf76c4ac7ea48ff29fa074322ebcad885
8,8,14,5,11,S008_R14_T05,both_feet_imagery,1,both_fists_imagery,0,-1.2795076114636315,False,csp_4_empirical,1/2/3/4/5/6/7/9/10/11/12/13/14/15/16/17/18/19/20,True,False,physionet/eegmmidb/1.0.0/S008/S008R14.edf,19c943fb32f7749b7e37d8765f84a3bbf76c4ac7ea48ff29fa074322ebcad885
8,8,14,6,13,S008_R14_T06,both_fists_imagery,0,both_feet_imagery,1,0.8669055419061971,False,csp_4_empirical,1/2/3/4/5/6/7/9/10/11/12/13/14/15/16/17/18/19/20,True,False,physionet/eegmmidb/1.0.0/S008/S008R14.edf,19c943fb32f7749b7e37d8765f84a3bbf76c4ac7ea48ff29fa074322ebcad885
8,8,14,7,15,S008_R14_T07,both_feet_imagery,1,both_fists_imagery,0,-0.05304140861990474,False,csp_4_empirical,1/2/3/4/5/6/7/9/10/11/12/13/14/15/16/17/18/19/20,True,False,physionet/eegmmidb/1.0.0/S008/S008R14.edf,19c943fb32f7749b7e37d8765f84a3bbf76c4ac7ea48ff29fa074322ebcad885
8,8,14,8,17,S008_R14_T08,both_fists_imagery,0,both_feet_imagery,1,0.41658118371564073,False,csp_4_empirical,1/2/3/4/5/6/7/9/10/11/12/13/14/15/16/17/18/19/20,True,False,physionet/eegmmidb/1.0.0/S008/S008R14.edf,19c943fb32f7749b7e37d8765f84a3bbf76c4ac7ea48ff29fa074322ebcad885
8,8,14,9,19,S008_R14_T09,both_feet_imagery,1,both_fists_imagery,0,-0.8396529966598486,False,csp_4_empirical,1/2/3/4/5/6/7/9/10/11/12/13/14/15/16/17/18/19/20,True,False,physionet/eegmmidb/1.0.0/S008/S008R14.edf,19c943fb32f7749b7e37d8765f84a3bbf76c4ac7ea48ff29fa074322ebcad885
8,8,14,10,21,S008_R14_T10,both_feet_imagery,1,both_feet_imagery,1,0.2142635923488341,True,csp_4_empirical,1/2/3/4/5/6/7/9/10/11/12/13/14/15/16/17/18/19/20,True,False,physionet/eegmmidb/1.0.0/S008/S008R14.edf,19c943fb32f7749b7e37d8765f84a3bbf76c4ac7ea48ff29fa074322ebcad885
8,8,14,11,23,S008_R14_T11,both_fists_imagery,0,both_feet_imagery,1,0.30375208516896257,False,csp_4_empirical,1/2/3/4/5/6/7/9/10/11/12/13/14/15/16/17/18/19/20,True,False,physionet/eegmmidb/1.0.0/S008/S008R14.edf,19c943fb32f7749b7e37d8765f84a3bbf76c4ac7ea48ff29fa074322ebcad885
8,8,14,12,25,S008_R14_T12,both_fists_imagery,0,both_feet_imagery,1,0.10697985625435458,False,csp_4_empirical,1/2/3/4/5/6/7/9/10/11/12/13/14/15/16/17/18/19/20,True,False,physionet/eegmmidb/1.0.0/S008/S008R14.edf,19c943fb32f7749b7e37d8765f84a3bbf76c4ac7ea48ff29fa074322ebcad885
8,8,14,13,27,S008_R14_T13,both_feet_imagery,1,both_feet_imagery,1,1.4619299983581948,True,csp_4_empirical,1/2/3/4/5/6/7/9/10/11/12/13/14/15/16/17/18/19/20,True,False,physionet/eegmmidb/1.0.0/S008/S008R14.edf,19c943fb32f7749b7e37d8765f84a3bbf76c4ac7ea48ff29fa074322ebcad885
8,8,14,14,29,S008_R14_T14,both_fists_imagery,0,both_fists_imagery,0,-0.2791377892124324,True,csp_4_empirical,1/2/3/4/5/6/7/9/10/11/12/13/14/15/16/17/18/19/20,True,False,physionet/eegmmidb/1.0.0/S008/S008R14.edf,19c943fb32f7749b7e37d8765f84a3bbf76c4ac7ea48ff29fa074322ebcad885
9,9,6,0,1,S009_R06_T00,both_feet_imagery,1,both_feet_imagery,1,0.06284211212177038,True,spectral_baseline_6,1/2/3/4/5/6/7/8/10/11/12/13/14/15/16/17/18/19/20,True,False,physionet/eegmmidb/1.0.0/S009/S009R06.edf,c6665f0c93288610a0f3cc379edb8064072e7b276722358912a76e899bd6b194
9,9,6,1,3,S009_R06_T01,both_fists_imagery,0,both_fists_imagery,0,-0.10987291623441353,True,spectral_baseline_6,1/2/3/4/5/6/7/8/10/11/12/13/14/15/16/17/18/19/20,True,False,physionet/eegmmidb/1.0.0/S009/S009R06.edf,c6665f0c93288610a0f3cc379edb8064072e7b276722358912a76e899bd6b194
9,9,6,2,5,S009_R06_T02,both_fists_imagery,0,both_fists_imagery,0,-0.23632021899239092,True,spectral_baseline_6,1/2/3/4/5/6/7/8/10/11/12/13/14/15/16/17/18/19/20,True,False,physionet/eegmmidb/1.0.0/S009/S009R06.edf,c6665f0c93288610a0f3cc379edb8064072e7b276722358912a76e899bd6b194
9,9,6,3,7,S009_R06_T03,both_feet_imagery,1,both_fists_imagery,0,-0.513334005058197,False,spectral_baseline_6,1/2/3/4/5/6/7/8/10/11/12/13/14/15/16/17/18/19/20,True,False,physionet/eegmmidb/1.0.0/S009/S009R06.edf,c6665f0c93288610a0f3cc379edb8064072e7b276722358912a76e899bd6b194
9,9,6,4,9,S009_R06_T04,both_fists_imagery,0,both_feet_imagery,1,0.3990508723895451,False,spectral_baseline_6,1/2/3/4/5/6/7/8/10/11/12/13/14/15/16/17/18/19/20,True,False,physionet/eegmmidb/1.0.0/S009/S009R06.edf,c6665f0c93288610a0f3cc379edb8064072e7b276722358912a76e899bd6b194
9,9,6,5,11,S009_R06_T05,both_feet_imagery,1,both_fists_imagery,0,-0.46416473923661333,False,spectral_baseline_6,1/2/3/4/5/6/7/8/10/11/12/13/14/15/16/17/18/19/20,True,False,physionet/eegmmidb/1.0.0/S009/S009R06.edf,c6665f0c93288610a0f3cc379edb8064072e7b276722358912a76e899bd6b194
9,9,6,6,13,S009_R06_T06,both_feet_imagery,1,both_fists_imagery,0,-0.24982866482608407,False,spectral_baseline_6,1/2/3/4/5/6/7/8/10/11/12/13/14/15/16/17/18/19/20,True,False,physionet/eegmmidb/1.0.0/S009/S009R06.edf,c6665f0c93288610a0f3cc379edb8064072e7b276722358912a76e899bd6b194
9,9,6,7,15,S009_R06_T07,both_fists_imagery,0,both_fists_imagery,0,-0.6734024163867298,True,spectral_baseline_6,1/2/3/4/5/6/7/8/10/11/12/13/14/15/16/17/18/19/20,True,False,physionet/eegmmidb/1.0.0/S009/S009R06.edf,c6665f0c93288610a0f3cc379edb8064072e7b276722358912a76e899bd6b194
9,9,6,8,17,S009_R06_T08,both_fists_imagery,0,both_fists_imagery,0,-0.10430567103918031,True,spectral_baseline_6,1/2/3/4/5/6/7/8/10/11/12/13/14/15/16/17/18/19/20,True,False,physionet/eegmmidb/1.0.0/S009/S009R06.edf,c6665f0c93288610a0f3cc379edb8064072e7b276722358912a76e899bd6b194
9,9,6,9,19,S009_R06_T09,both_feet_imagery,1,both_fists_imagery,0,-0.32453927128383725,False,spectral_baseline_6,1/2/3/4/5/6/7/8/10/11/12/13/14/15/16/17/18/19/20,True,False,physionet/eegmmidb/1.0.0/S009/S009R06.edf,c6665f0c93288610a0f3cc379edb8064072e7b276722358912a76e899bd6b194
9,9,6,10,21,S009_R06_T10,both_fists_imagery,0,both_fists_imagery,0,-0.6580183741055528,True,spectral_baseline_6,1/2/3/4/5/6/7/8/10/11/12/13/14/15/16/17/18/19/20,True,False,physionet/eegmmidb/1.0.0/S009/S009R06.edf,c6665f0c93288610a0f3cc379edb8064072e7b276722358912a76e899bd6b194
9,9,6,11,23,S009_R06_T11,both_feet_imagery,1,both_fists_imagery,0,-0.2988592197825693,False,spectral_baseline_6,1/2/3/4/5/6/7/8/10/11/12/13/14/15/16/17/18/19/20,True,False,physionet/eegmmidb/1.0.0/S009/S009R06.edf,c6665f0c93288610a0f3cc379edb8064072e7b276722358912a76e899bd6b194
9,9,6,12,25,S009_R06_T12,both_feet_imagery,1,both_fists_imagery,0,-0.2068925371683777,False,spectral_baseline_6,1/2/3/4/5/6/7/8/10/11/12/13/14/15/16/17/18/19/20,True,False,physionet/eegmmidb/1.0.0/S009/S009R06.edf,c6665f0c93288610a0f3cc379edb8064072e7b276722358912a76e899bd6b194
9,9,6,13,27,S009_R06_T13,both_fists_imagery,0,both_fists_imagery,0,-0.7004407572940775,True,spectral_baseline_6,1/2/3/4/5/6/7/8/10/11/12/13/14/15/16/17/18/19/20,True,False,physionet/eegmmidb/1.0.0/S009/S009R06.edf,c6665f0c93288610a0f3cc379edb8064072e7b276722358912a76e899bd6b194
9,9,6,14,29,S009_R06_T14,both_fists_imagery,0,both_feet_imagery,1,0.007443925566426368,False,spectral_baseline_6,1/2/3/4/5/6/7/8/10/11/12/13/14/15/16/17/18/19/20,True,False,physionet/eegmmidb/1.0.0/S009/S009R06.edf,c6665f0c93288610a0f3cc379edb8064072e7b276722358912a76e899bd6b194
9,9,10,0,1,S009_R10_T00,both_fists_imagery,0,both_feet_imagery,1,0.19153471316130732,False,spectral_baseline_6,1/2/3/4/5/6/7/8/10/11/12/13/14/15/16/17/18/19/20,True,False,physionet/eegmmidb/1.0.0/S009/S009R10.edf,eeeeb3a1fad45ab52993a7696c8f86b0f4cb7de3aa68a62cb2b1379fe87b4084
9,9,10,1,3,S009_R10_T01,both_feet_imagery,1,both_fists_imagery,0,-0.06767174155951355,False,spectral_baseline_6,1/2/3/4/5/6/7/8/10/11/12/13/14/15/16/17/18/19/20,True,False,physionet/eegmmidb/1.0.0/S009/S009R10.edf,eeeeb3a1fad45ab52993a7696c8f86b0f4cb7de3aa68a62cb2b1379fe87b4084
9,9,10,2,5,S009_R10_T02,both_fists_imagery,0,both_fists_imagery,0,-0.29346374887280086,True,spectral_baseline_6,1/2/3/4/5/6/7/8/10/11/12/13/14/15/16/17/18/19/20,True,False,physionet/eegmmidb/1.0.0/S009/S009R10.edf,eeeeb3a1fad45ab52993a7696c8f86b0f4cb7de3aa68a62cb2b1379fe87b4084
9,9,10,3,7,S009_R10_T03,both_feet_imagery,1,both_fists_imagery,0,-0.41806003383137186,False,spectral_baseline_6,1/2/3/4/5/6/7/8/10/11/12/13/14/15/16/17/18/19/20,True,False,physionet/eegmmidb/1.0.0/S009/S009R10.edf,eeeeb3a1fad45ab52993a7696c8f86b0f4cb7de3aa68a62cb2b1379fe87b4084
9,9,10,4,9,S009_R10_T04,both_feet_imagery,1,both_fists_imagery,0,-0.824589242172652,False,spectral_baseline_6,1/2/3/4/5/6/7/8/10/11/12/13/14/15/16/17/18/19/20,True,False,physionet/eegmmidb/1.0.0/S009/S009R10.edf,eeeeb3a1fad45ab52993a7696c8f86b0f4cb7de3aa68a62cb2b1379fe87b4084
9,9,10,5,11,S009_R10_T05,both_fists_imagery,0,both_fists_imagery,0,-0.9970933977449263,True,spectral_baseline_6,1/2/3/4/5/6/7/8/10/11/12/13/14/15/16/17/18/19/20,True,False,physionet/eegmmidb/1.0.0/S009/S009R10.edf,eeeeb3a1fad45ab52993a7696c8f86b0f4cb7de3aa68a62cb2b1379fe87b4084
9,9,10,6,13,S009_R10_T06,both_fists_imagery,0,both_fists_imagery,0,-0.5764418444740719,True,spectral_baseline_6,1/2/3/4/5/6/7/8/10/11/12/13/14/15/16/17/18/19/20,True,False,physionet/eegmmidb/1.0.0/S009/S009R10.edf,eeeeb3a1fad45ab52993a7696c8f86b0f4cb7de3aa68a62cb2b1379fe87b4084
9,9,10,7,15,S009_R10_T07,both_feet_imagery,1,both_fists_imagery,0,-0.2697694437770799,False,spectral_baseline_6,1/2/3/4/5/6/7/8/10/11/12/13/14/15/16/17/18/19/20,True,False,physionet/eegmmidb/1.0.0/S009/S009R10.edf,eeeeb3a1fad45ab52993a7696c8f86b0f4cb7de3aa68a62cb2b1379fe87b4084
9,9,10,8,17,S009_R10_T08,both_feet_imagery,1,both_feet_imagery,1,0.8973563280299925,True,spectral_baseline_6,1/2/3/4/5/6/7/8/10/11/12/13/14/15/16/17/18/19/20,True,False,physionet/eegmmidb/1.0.0/S009/S009R10.edf,eeeeb3a1fad45ab52993a7696c8f86b0f4cb7de3aa68a62cb2b1379fe87b4084
9,9,10,9,19,S009_R10_T09,both_fists_imagery,0,both_fists_imagery,0,-0.27318759317698404,True,spectral_baseline_6,1/2/3/4/5/6/7/8/10/11/12/13/14/15/16/17/18/19/20,True,False,physionet/eegmmidb/1.0.0/S009/S009R10.edf,eeeeb3a1fad45ab52993a7696c8f86b0f4cb7de3aa68a62cb2b1379fe87b4084
9,9,10,10,21,S009_R10_T10,both_feet_imagery,1,both_feet_imagery,1,0.29898563869679357,True,spectral_baseline_6,1/2/3/4/5/6/7/8/10/11/12/13/14/15/16/17/18/19/20,True,False,physionet/eegmmidb/1.0.0/S009/S009R10.edf,eeeeb3a1fad45ab52993a7696c8f86b0f4cb7de3aa68a62cb2b1379fe87b4084
9,9,10,11,23,S009_R10_T11,both_fists_imagery,0,both_fists_imagery,0,-0.016917704193406546,True,spectral_baseline_6,1/2/3/4/5/6/7/8/10/11/12/13/14/15/16/17/18/19/20,True,False,physionet/eegmmidb/1.0.0/S009/S009R10.edf,eeeeb3a1fad45ab52993a7696c8f86b0f4cb7de3aa68a62cb2b1379fe87b4084
9,9,10,12,25,S009_R10_T12,both_fists_imagery,0,both_fists_imagery,0,-0.44368788596415815,True,spectral_baseline_6,1/2/3/4/5/6/7/8/10/11/12/13/14/15/16/17/18/19/20,True,False,physionet/eegmmidb/1.0.0/S009/S009R10.edf,eeeeb3a1fad45ab52993a7696c8f86b0f4cb7de3aa68a62cb2b1379fe87b4084
9,9,10,13,27,S009_R10_T13,both_feet_imagery,1,both_fists_imagery,0,-0.39848529118406073,False,spectral_baseline_6,1/2/3/4/5/6/7/8/10/11/12/13/14/15/16/17/18/19/20,True,False,physionet/eegmmidb/1.0.0/S009/S009R10.edf,eeeeb3a1fad45ab52993a7696c8f86b0f4cb7de3aa68a62cb2b1379fe87b4084
9,9,10,14,29,S009_R10_T14,both_fists_imagery,0,both_fists_imagery,0,-0.4410861933492935,True,spectral_baseline_6,1/2/3/4/5/6/7/8/10/11/12/13/14/15/16/17/18/19/20,True,False,physionet/eegmmidb/1.0.0/S009/S009R10.edf,eeeeb3a1fad45ab52993a7696c8f86b0f4cb7de3aa68a62cb2b1379fe87b4084
9,9,14,0,1,S009_R14_T00,both_feet_imagery,1,both_fists_imagery,0,-0.18223622843338716,False,spectral_baseline_6,1/2/3/4/5/6/7/8/10/11/12/13/14/15/16/17/18/19/20,True,False,physionet/eegmmidb/1.0.0/S009/S009R14.edf,e9ffb381cf76880a63c95ffe80106e9339a290f1fa9632e7575515b4900a820b
9,9,14,1,3,S009_R14_T01,both_fists_imagery,0,both_feet_imagery,1,0.3599394876739883,False,spectral_baseline_6,1/2/3/4/5/6/7/8/10/11/12/13/14/15/16/17/18/19/20,True,False,physionet/eegmmidb/1.0.0/S009/S009R14.edf,e9ffb381cf76880a63c95ffe80106e9339a290f1fa9632e7575515b4900a820b
9,9,14,2,5,S009_R14_T02,both_feet_imagery,1,both_fists_imagery,0,-0.045381137322922815,False,spectral_baseline_6,1/2/3/4/5/6/7/8/10/11/12/13/14/15/16/17/18/19/20,True,False,physionet/eegmmidb/1.0.0/S009/S009R14.edf,e9ffb381cf76880a63c95ffe80106e9339a290f1fa9632e7575515b4900a820b
9,9,14,3,7,S009_R14_T03,both_fists_imagery,0,both_feet_imagery,1,0.5450993107099114,False,spectral_baseline_6,1/2/3/4/5/6/7/8/10/11/12/13/14/15/16/17/18/19/20,True,False,physionet/eegmmidb/1.0.0/S009/S009R14.edf,e9ffb381cf76880a63c95ffe80106e9339a290f1fa9632e7575515b4900a820b
9,9,14,4,9,S009_R14_T04,both_fists_imagery,0,both_fists_imagery,0,-0.04791307240364162,True,spectral_baseline_6,1/2/3/4/5/6/7/8/10/11/12/13/14/15/16/17/18/19/20,True,False,physionet/eegmmidb/1.0.0/S009/S009R14.edf,e9ffb381cf76880a63c95ffe80106e9339a290f1fa9632e7575515b4900a820b
9,9,14,5,11,S009_R14_T05,both_feet_imagery,1,both_fists_imagery,0,-0.4241710536871745,False,spectral_baseline_6,1/2/3/4/5/6/7/8/10/11/12/13/14/15/16/17/18/19/20,True,False,physionet/eegmmidb/1.0.0/S009/S009R14.edf,e9ffb381cf76880a63c95ffe80106e9339a290f1fa9632e7575515b4900a820b
9,9,14,6,13,S009_R14_T06,both_fists_imagery,0,both_fists_imagery,0,-0.14141035394653534,True,spectral_baseline_6,1/2/3/4/5/6/7/8/10/11/12/13/14/15/16/17/18/19/20,True,False,physionet/eegmmidb/1.0.0/S009/S009R14.edf,e9ffb381cf76880a63c95ffe80106e9339a290f1fa9632e7575515b4900a820b
9,9,14,7,15,S009_R14_T07,both_feet_imagery,1,both_fists_imagery,0,-0.43641326926243557,False,spectral_baseline_6,1/2/3/4/5/6/7/8/10/11/12/13/14/15/16/17/18/19/20,True,False,physionet/eegmmidb/1.0.0/S009/S009R14.edf,e9ffb381cf76880a63c95ffe80106e9339a290f1fa9632e7575515b4900a820b
9,9,14,8,17,S009_R14_T08,both_fists_imagery,0,both_feet_imagery,1,0.055369907442489985,False,spectral_baseline_6,1/2/3/4/5/6/7/8/10/11/12/13/14/15/16/17/18/19/20,True,False,physionet/eegmmidb/1.0.0/S009/S009R14.edf,e9ffb381cf76880a63c95ffe80106e9339a290f1fa9632e7575515b4900a820b
9,9,14,9,19,S009_R14_T09,both_feet_imagery,1,both_fists_imagery,0,-0.5045522538547561,False,spectral_baseline_6,1/2/3/4/5/6/7/8/10/11/12/13/14/15/16/17/18/19/20,True,False,physionet/eegmmidb/1.0.0/S009/S009R14.edf,e9ffb381cf76880a63c95ffe80106e9339a290f1fa9632e7575515b4900a820b
9,9,14,10,21,S009_R14_T10,both_feet_imagery,1,both_feet_imagery,1,0.07264081967203045,True,spectral_baseline_6,1/2/3/4/5/6/7/8/10/11/12/13/14/15/16/17/18/19/20,True,False,physionet/eegmmidb/1.0.0/S009/S009R14.edf,e9ffb381cf76880a63c95ffe80106e9339a290f1fa9632e7575515b4900a820b
9,9,14,11,23,S009_R14_T11,both_fists_imagery,0,both_feet_imagery,1,0.3031449287459381,False,spectral_baseline_6,1/2/3/4/5/6/7/8/10/11/12/13/14/15/16/17/18/19/20,True,False,physionet/eegmmidb/1.0.0/S009/S009R14.edf,e9ffb381cf76880a63c95ffe80106e9339a290f1fa9632e7575515b4900a820b
9,9,14,12,25,S009_R14_T12,both_fists_imagery,0,both_fists_imagery,0,-0.11714883223549599,True,spectral_baseline_6,1/2/3/4/5/6/7/8/10/11/12/13/14/15/16/17/18/19/20,True,False,physionet/eegmmidb/1.0.0/S009/S009R14.edf,e9ffb381cf76880a63c95ffe80106e9339a290f1fa9632e7575515b4900a820b
9,9,14,13,27,S009_R14_T13,both_feet_imagery,1,both_feet_imagery,1,0.17733353223875267,True,spectral_baseline_6,1/2/3/4/5/6/7/8/10/11/12/13/14/15/16/17/18/19/20,True,False,physionet/eegmmidb/1.0.0/S009/S009R14.edf,e9ffb381cf76880a63c95ffe80106e9339a290f1fa9632e7575515b4900a820b
9,9,14,14,29,S009_R14_T14,both_feet_imagery,1,both_fists_imagery,0,-0.29479829102987,False,spectral_baseline_6,1/2/3/4/5/6/7/8/10/11/12/13/14/15/16/17/18/19/20,True,False,physionet/eegmmidb/1.0.0/S009/S009R14.edf,e9ffb381cf76880a63c95ffe80106e9339a290f1fa9632e7575515b4900a820b
9,9,6,0,1,S009_R06_T00,both_feet_imagery,1,both_fists_imagery,0,-0.23937065602764784,False,csp_4_empirical,1/2/3/4/5/6/7/8/10/11/12/13/14/15/16/17/18/19/20,True,False,physionet/eegmmidb/1.0.0/S009/S009R06.edf,c6665f0c93288610a0f3cc379edb8064072e7b276722358912a76e899bd6b194
9,9,6,1,3,S009_R06_T01,both_fists_imagery,0,both_fists_imagery,0,-0.9283110965880734,True,csp_4_empirical,1/2/3/4/5/6/7/8/10/11/12/13/14/15/16/17/18/19/20,True,False,physionet/eegmmidb/1.0.0/S009/S009R06.edf,c6665f0c93288610a0f3cc379edb8064072e7b276722358912a76e899bd6b194
9,9,6,2,5,S009_R06_T02,both_fists_imagery,0,both_fists_imagery,0,-0.29332646905792226,True,csp_4_empirical,1/2/3/4/5/6/7/8/10/11/12/13/14/15/16/17/18/19/20,True,False,physionet/eegmmidb/1.0.0/S009/S009R06.edf,c6665f0c93288610a0f3cc379edb8064072e7b276722358912a76e899bd6b194
9,9,6,3,7,S009_R06_T03,both_feet_imagery,1,both_fists_imagery,0,-0.5938233565699798,False,csp_4_empirical,1/2/3/4/5/6/7/8/10/11/12/13/14/15/16/17/18/19/20,True,False,physionet/eegmmidb/1.0.0/S009/S009R06.edf,c6665f0c93288610a0f3cc379edb8064072e7b276722358912a76e899bd6b194
9,9,6,4,9,S009_R06_T04,both_fists_imagery,0,both_feet_imagery,1,0.21706079088228813,False,csp_4_empirical,1/2/3/4/5/6/7/8/10/11/12/13/14/15/16/17/18/19/20,True,False,physionet/eegmmidb/1.0.0/S009/S009R06.edf,c6665f0c93288610a0f3cc379edb8064072e7b276722358912a76e899bd6b194
9,9,6,5,11,S009_R06_T05,both_feet_imagery,1,both_fists_imagery,0,-0.2511100882682362,False,csp_4_empirical,1/2/3/4/5/6/7/8/10/11/12/13/14/15/16/17/18/19/20,True,False,physionet/eegmmidb/1.0.0/S009/S009R06.edf,c6665f0c93288610a0f3cc379edb8064072e7b276722358912a76e899bd6b194
9,9,6,6,13,S009_R06_T06,both_feet_imagery,1,both_feet_imagery,1,0.14177109049236036,True,csp_4_empirical,1/2/3/4/5/6/7/8/10/11/12/13/14/15/16/17/18/19/20,True,False,physionet/eegmmidb/1.0.0/S009/S009R06.edf,c6665f0c93288610a0f3cc379edb8064072e7b276722358912a76e899bd6b194
9,9,6,7,15,S009_R06_T07,both_fists_imagery,0,both_fists_imagery,0,-0.522459362361823,True,csp_4_empirical,1/2/3/4/5/6/7/8/10/11/12/13/14/15/16/17/18/19/20,True,False,physionet/eegmmidb/1.0.0/S009/S009R06.edf,c6665f0c93288610a0f3cc379edb8064072e7b276722358912a76e899bd6b194
9,9,6,8,17,S009_R06_T08,both_fists_imagery,0,both_fists_imagery,0,-0.09676964731629578,True,csp_4_empirical,1/2/3/4/5/6/7/8/10/11/12/13/14/15/16/17/18/19/20,True,False,physionet/eegmmidb/1.0.0/S009/S009R06.edf,c6665f0c93288610a0f3cc379edb8064072e7b276722358912a76e899bd6b194
9,9,6,9,19,S009_R06_T09,both_feet_imagery,1,both_feet_imagery,1,0.07879181405822844,True,csp_4_empirical,1/2/3/4/5/6/7/8/10/11/12/13/14/15/16/17/18/19/20,True,False,physionet/eegmmidb/1.0.0/S009/S009R06.edf,c6665f0c93288610a0f3cc379edb8064072e7b276722358912a76e899bd6b194
9,9,6,10,21,S009_R06_T10,both_fists_imagery,0,both_feet_imagery,1,0.08138032441747534,False,csp_4_empirical,1/2/3/4/5/6/7/8/10/11/12/13/14/15/16/17/18/19/20,True,False,physionet/eegmmidb/1.0.0/S009/S009R06.edf,c6665f0c93288610a0f3cc379edb8064072e7b276722358912a76e899bd6b194
9,9,6,11,23,S009_R06_T11,both_feet_imagery,1,both_feet_imagery,1,0.10028337873231474,True,csp_4_empirical,1/2/3/4/5/6/7/8/10/11/12/13/14/15/16/17/18/19/20,True,False,physionet/eegmmidb/1.0.0/S009/S009R06.edf,c6665f0c93288610a0f3cc379edb8064072e7b276722358912a76e899bd6b194
9,9,6,12,25,S009_R06_T12,both_feet_imagery,1,both_fists_imagery,0,-0.17613168258347467,False,csp_4_empirical,1/2/3/4/5/6/7/8/10/11/12/13/14/15/16/17/18/19/20,True,False,physionet/eegmmidb/1.0.0/S009/S009R06.edf,c6665f0c93288610a0f3cc379edb8064072e7b276722358912a76e899bd6b194
9,9,6,13,27,S009_R06_T13,both_fists_imagery,0,both_fists_imagery,0,-0.005967002348651107,True,csp_4_empirical,1/2/3/4/5/6/7/8/10/11/12/13/14/15/16/17/18/19/20,True,False,physionet/eegmmidb/1.0.0/S009/S009R06.edf,c6665f0c93288610a0f3cc379edb8064072e7b276722358912a76e899bd6b194
9,9,6,14,29,S009_R06_T14,both_fists_imagery,0,both_fists_imagery,0,-0.3604326258035786,True,csp_4_empirical,1/2/3/4/5/6/7/8/10/11/12/13/14/15/16/17/18/19/20,True,False,physionet/eegmmidb/1.0.0/S009/S009R06.edf,c6665f0c93288610a0f3cc379edb8064072e7b276722358912a76e899bd6b194
9,9,10,0,1,S009_R10_T00,both_fists_imagery,0,both_fists_imagery,0,-0.2702929764546853,True,csp_4_empirical,1/2/3/4/5/6/7/8/10/11/12/13/14/15/16/17/18/19/20,True,False,physionet/eegmmidb/1.0.0/S009/S009R10.edf,eeeeb3a1fad45ab52993a7696c8f86b0f4cb7de3aa68a62cb2b1379fe87b4084
9,9,10,1,3,S009_R10_T01,both_feet_imagery,1,both_fists_imagery,0,-0.43624872594619135,False,csp_4_empirical,1/2/3/4/5/6/7/8/10/11/12/13/14/15/16/17/18/19/20,True,False,physionet/eegmmidb/1.0.0/S009/S009R10.edf,eeeeb3a1fad45ab52993a7696c8f86b0f4cb7de3aa68a62cb2b1379fe87b4084
9,9,10,2,5,S009_R10_T02,both_fists_imagery,0,both_feet_imagery,1,0.1490642374201192,False,csp_4_empirical,1/2/3/4/5/6/7/8/10/11/12/13/14/15/16/17/18/19/20,True,False,physionet/eegmmidb/1.0.0/S009/S009R10.edf,eeeeb3a1fad45ab52993a7696c8f86b0f4cb7de3aa68a62cb2b1379fe87b4084
9,9,10,3,7,S009_R10_T03,both_feet_imagery,1,both_fists_imagery,0,-0.2816798329291811,False,csp_4_empirical,1/2/3/4/5/6/7/8/10/11/12/13/14/15/16/17/18/19/20,True,False,physionet/eegmmidb/1.0.0/S009/S009R10.edf,eeeeb3a1fad45ab52993a7696c8f86b0f4cb7de3aa68a62cb2b1379fe87b4084
9,9,10,4,9,S009_R10_T04,both_feet_imagery,1,both_feet_imagery,1,0.19722415164971152,True,csp_4_empirical,1/2/3/4/5/6/7/8/10/11/12/13/14/15/16/17/18/19/20,True,False,physionet/eegmmidb/1.0.0/S009/S009R10.edf,eeeeb3a1fad45ab52993a7696c8f86b0f4cb7de3aa68a62cb2b1379fe87b4084
9,9,10,5,11,S009_R10_T05,both_fists_imagery,0,both_fists_imagery,0,-0.1581574888138575,True,csp_4_empirical,1/2/3/4/5/6/7/8/10/11/12/13/14/15/16/17/18/19/20,True,False,physionet/eegmmidb/1.0.0/S009/S009R10.edf,eeeeb3a1fad45ab52993a7696c8f86b0f4cb7de3aa68a62cb2b1379fe87b4084
9,9,10,6,13,S009_R10_T06,both_fists_imagery,0,both_fists_imagery,0,-0.07430924193294608,True,csp_4_empirical,1/2/3/4/5/6/7/8/10/11/12/13/14/15/16/17/18/19/20,True,False,physionet/eegmmidb/1.0.0/S009/S009R10.edf,eeeeb3a1fad45ab52993a7696c8f86b0f4cb7de3aa68a62cb2b1379fe87b4084
9,9,10,7,15,S009_R10_T07,both_feet_imagery,1,both_feet_imagery,1,0.4167161875060654,True,csp_4_empirical,1/2/3/4/5/6/7/8/10/11/12/13/14/15/16/17/18/19/20,True,False,physionet/eegmmidb/1.0.0/S009/S009R10.edf,eeeeb3a1fad45ab52993a7696c8f86b0f4cb7de3aa68a62cb2b1379fe87b4084
9,9,10,8,17,S009_R10_T08,both_feet_imagery,1,both_fists_imagery,0,-0.12440216922072023,False,csp_4_empirical,1/2/3/4/5/6/7/8/10/11/12/13/14/15/16/17/18/19/20,True,False,physionet/eegmmidb/1.0.0/S009/S009R10.edf,eeeeb3a1fad45ab52993a7696c8f86b0f4cb7de3aa68a62cb2b1379fe87b4084
9,9,10,9,19,S009_R10_T09,both_fists_imagery,0,both_feet_imagery,1,0.2369274227234286,False,csp_4_empirical,1/2/3/4/5/6/7/8/10/11/12/13/14/15/16/17/18/19/20,True,False,physionet/eegmmidb/1.0.0/S009/S009R10.edf,eeeeb3a1fad45ab52993a7696c8f86b0f4cb7de3aa68a62cb2b1379fe87b4084
9,9,10,10,21,S009_R10_T10,both_feet_imagery,1,both_feet_imagery,1,0.7409539681914443,True,csp_4_empirical,1/2/3/4/5/6/7/8/10/11/12/13/14/15/16/17/18/19/20,True,False,physionet/eegmmidb/1.0.0/S009/S009R10.edf,eeeeb3a1fad45ab52993a7696c8f86b0f4cb7de3aa68a62cb2b1379fe87b4084
9,9,10,11,23,S009_R10_T11,both_fists_imagery,0,both_fists_imagery,0,-0.0962786854745925,True,csp_4_empirical,1/2/3/4/5/6/7/8/10/11/12/13/14/15/16/17/18/19/20,True,False,physionet/eegmmidb/1.0.0/S009/S009R10.edf,eeeeb3a1fad45ab52993a7696c8f86b0f4cb7de3aa68a62cb2b1379fe87b4084
9,9,10,12,25,S009_R10_T12,both_fists_imagery,0,both_feet_imagery,1,0.7438511621250763,False,csp_4_empirical,1/2/3/4/5/6/7/8/10/11/12/13/14/15/16/17/18/19/20,True,False,physionet/eegmmidb/1.0.0/S009/S009R10.edf,eeeeb3a1fad45ab52993a7696c8f86b0f4cb7de3aa68a62cb2b1379fe87b4084
9,9,10,13,27,S009_R10_T13,both_feet_imagery,1,both_feet_imagery,1,0.07811220586197598,True,csp_4_empirical,1/2/3/4/5/6/7/8/10/11/12/13/14/15/16/17/18/19/20,True,False,physionet/eegmmidb/1.0.0/S009/S009R10.edf,eeeeb3a1fad45ab52993a7696c8f86b0f4cb7de3aa68a62cb2b1379fe87b4084
9,9,10,14,29,S009_R10_T14,both_fists_imagery,0,both_fists_imagery,0,-0.005968882421372168,True,csp_4_empirical,1/2/3/4/5/6/7/8/10/11/12/13/14/15/16/17/18/19/20,True,False,physionet/eegmmidb/1.0.0/S009/S009R10.edf,eeeeb3a1fad45ab52993a7696c8f86b0f4cb7de3aa68a62cb2b1379fe87b4084
9,9,14,0,1,S009_R14_T00,both_feet_imagery,1,both_fists_imagery,0,-0.44758360388230867,False,csp_4_empirical,1/2/3/4/5/6/7/8/10/11/12/13/14/15/16/17/18/19/20,True,False,physionet/eegmmidb/1.0.0/S009/S009R14.edf,e9ffb381cf76880a63c95ffe80106e9339a290f1fa9632e7575515b4900a820b
9,9,14,1,3,S009_R14_T01,both_fists_imagery,0,both_fists_imagery,0,-0.36098078887255625,True,csp_4_empirical,1/2/3/4/5/6/7/8/10/11/12/13/14/15/16/17/18/19/20,True,False,physionet/eegmmidb/1.0.0/S009/S009R14.edf,e9ffb381cf76880a63c95ffe80106e9339a290f1fa9632e7575515b4900a820b
9,9,14,2,5,S009_R14_T02,both_feet_imagery,1,both_fists_imagery,0,-0.6416337574480124,False,csp_4_empirical,1/2/3/4/5/6/7/8/10/11/12/13/14/15/16/17/18/19/20,True,False,physionet/eegmmidb/1.0.0/S009/S009R14.edf,e9ffb381cf76880a63c95ffe80106e9339a290f1fa9632e7575515b4900a820b
9,9,14,3,7,S009_R14_T03,both_fists_imagery,0,both_fists_imagery,0,-0.6271259439482124,True,csp_4_empirical,1/2/3/4/5/6/7/8/10/11/12/13/14/15/16/17/18/19/20,True,False,physionet/eegmmidb/1.0.0/S009/S009R14.edf,e9ffb381cf76880a63c95ffe80106e9339a290f1fa9632e7575515b4900a820b
9,9,14,4,9,S009_R14_T04,both_fists_imagery,0,both_feet_imagery,1,0.004804683301071533,False,csp_4_empirical,1/2/3/4/5/6/7/8/10/11/12/13/14/15/16/17/18/19/20,True,False,physionet/eegmmidb/1.0.0/S009/S009R14.edf,e9ffb381cf76880a63c95ffe80106e9339a290f1fa9632e7575515b4900a820b
9,9,14,5,11,S009_R14_T05,both_feet_imagery,1,both_fists_imagery,0,-0.6563548586771759,False,csp_4_empirical,1/2/3/4/5/6/7/8/10/11/12/13/14/15/16/17/18/19/20,True,False,physionet/eegmmidb/1.0.0/S009/S009R14.edf,e9ffb381cf76880a63c95ffe80106e9339a290f1fa9632e7575515b4900a820b
9,9,14,6,13,S009_R14_T06,both_fists_imagery,0,both_fists_imagery,0,-0.8487371069904122,True,csp_4_empirical,1/2/3/4/5/6/7/8/10/11/12/13/14/15/16/17/18/19/20,True,False,physionet/eegmmidb/1.0.0/S009/S009R14.edf,e9ffb381cf76880a63c95ffe80106e9339a290f1fa9632e7575515b4900a820b
9,9,14,7,15,S009_R14_T07,both_feet_imagery,1,both_feet_imagery,1,0.556609200958033,True,csp_4_empirical,1/2/3/4/5/6/7/8/10/11/12/13/14/15/16/17/18/19/20,True,False,physionet/eegmmidb/1.0.0/S009/S009R14.edf,e9ffb381cf76880a63c95ffe80106e9339a290f1fa9632e7575515b4900a820b
9,9,14,8,17,S009_R14_T08,both_fists_imagery,0,both_fists_imagery,0,-0.3963291005730687,True,csp_4_empirical,1/2/3/4/5/6/7/8/10/11/12/13/14/15/16/17/18/19/20,True,False,physionet/eegmmidb/1.0.0/S009/S009R14.edf,e9ffb381cf76880a63c95ffe80106e9339a290f1fa9632e7575515b4900a820b
9,9,14,9,19,S009_R14_T09,both_feet_imagery,1,both_fists_imagery,0,-0.9129194864094944,False,csp_4_empirical,1/2/3/4/5/6/7/8/10/11/12/13/14/15/16/17/18/19/20,True,False,physionet/eegmmidb/1.0.0/S009/S009R14.edf,e9ffb381cf76880a63c95ffe80106e9339a290f1fa9632e7575515b4900a820b
9,9,14,10,21,S009_R14_T10,both_feet_imagery,1,both_fists_imagery,0,-0.3212249866342387,False,csp_4_empirical,1/2/3/4/5/6/7/8/10/11/12/13/14/15/16/17/18/19/20,True,False,physionet/eegmmidb/1.0.0/S009/S009R14.edf,e9ffb381cf76880a63c95ffe80106e9339a290f1fa9632e7575515b4900a820b
9,9,14,11,23,S009_R14_T11,both_fists_imagery,0,both_fists_imagery,0,-0.7365988528202534,True,csp_4_empirical,1/2/3/4/5/6/7/8/10/11/12/13/14/15/16/17/18/19/20,True,False,physionet/eegmmidb/1.0.0/S009/S009R14.edf,e9ffb381cf76880a63c95ffe80106e9339a290f1fa9632e7575515b4900a820b
9,9,14,12,25,S009_R14_T12,both_fists_imagery,0,both_feet_imagery,1,0.3309727590670992,False,csp_4_empirical,1/2/3/4/5/6/7/8/10/11/12/13/14/15/16/17/18/19/20,True,False,physionet/eegmmidb/1.0.0/S009/S009R14.edf,e9ffb381cf76880a63c95ffe80106e9339a290f1fa9632e7575515b4900a820b
9,9,14,13,27,S009_R14_T13,both_feet_imagery,1,both_fists_imagery,0,-0.15827125828687927,False,csp_4_empirical,1/2/3/4/5/6/7/8/10/11/12/13/14/15/16/17/18/19/20,True,False,physionet/eegmmidb/1.0.0/S009/S009R14.edf,e9ffb381cf76880a63c95ffe80106e9339a290f1fa9632e7575515b4900a820b
9,9,14,14,29,S009_R14_T14,both_feet_imagery,1,both_fists_imagery,0,-0.3944360594789498,False,csp_4_empirical,1/2/3/4/5/6/7/8/10/11/12/13/14/15/16/17/18/19/20,True,False,physionet/eegmmidb/1.0.0/S009/S009R14.edf,e9ffb381cf76880a63c95ffe80106e9339a290f1fa9632e7575515b4900a820b
10,10,6,0,1,S010_R06_T00,both_fists_imagery,0,both_feet_imagery,1,0.5880065476137352,False,spectral_baseline_6,1/2/3/4/5/6/7/8/9/11/12/13/14/15/16/17/18/19/20,True,False,physionet/eegmmidb/1.0.0/S010/S010R06.edf,5f5c213f1f7db4bdb52d8d54e8074d7f5e73655b1e040d41a7916d3d0a00b666
10,10,6,1,3,S010_R06_T01,both_feet_imagery,1,both_feet_imagery,1,0.3128958369650457,True,spectral_baseline_6,1/2/3/4/5/6/7/8/9/11/12/13/14/15/16/17/18/19/20,True,False,physionet/eegmmidb/1.0.0/S010/S010R06.edf,5f5c213f1f7db4bdb52d8d54e8074d7f5e73655b1e040d41a7916d3d0a00b666
10,10,6,2,5,S010_R06_T02,both_fists_imagery,0,both_fists_imagery,0,-0.17437742799256606,True,spectral_baseline_6,1/2/3/4/5/6/7/8/9/11/12/13/14/15/16/17/18/19/20,True,False,physionet/eegmmidb/1.0.0/S010/S010R06.edf,5f5c213f1f7db4bdb52d8d54e8074d7f5e73655b1e040d41a7916d3d0a00b666
10,10,6,3,7,S010_R06_T03,both_feet_imagery,1,both_feet_imagery,1,0.8475507941737231,True,spectral_baseline_6,1/2/3/4/5/6/7/8/9/11/12/13/14/15/16/17/18/19/20,True,False,physionet/eegmmidb/1.0.0/S010/S010R06.edf,5f5c213f1f7db4bdb52d8d54e8074d7f5e73655b1e040d41a7916d3d0a00b666
10,10,6,4,9,S010_R06_T04,both_feet_imagery,1,both_fists_imagery,0,-0.05932918888213984,False,spectral_baseline_6,1/2/3/4/5/6/7/8/9/11/12/13/14/15/16/17/18/19/20,True,False,physionet/eegmmidb/1.0.0/S010/S010R06.edf,5f5c213f1f7db4bdb52d8d54e8074d7f5e73655b1e040d41a7916d3d0a00b666
10,10,6,5,11,S010_R06_T05,both_fists_imagery,0,both_fists_imagery,0,-0.03614539498284208,True,spectral_baseline_6,1/2/3/4/5/6/7/8/9/11/12/13/14/15/16/17/18/19/20,True,False,physionet/eegmmidb/1.0.0/S010/S010R06.edf,5f5c213f1f7db4bdb52d8d54e8074d7f5e73655b1e040d41a7916d3d0a00b666
10,10,6,6,13,S010_R06_T06,both_feet_imagery,1,both_feet_imagery,1,0.9014239026700827,True,spectral_baseline_6,1/2/3/4/5/6/7/8/9/11/12/13/14/15/16/17/18/19/20,True,False,physionet/eegmmidb/1.0.0/S010/S010R06.edf,5f5c213f1f7db4bdb52d8d54e8074d7f5e73655b1e040d41a7916d3d0a00b666
10,10,6,7,15,S010_R06_T07,both_fists_imagery,0,both_fists_imagery,0,-0.7534277097949238,True,spectral_baseline_6,1/2/3/4/5/6/7/8/9/11/12/13/14/15/16/17/18/19/20,True,False,physionet/eegmmidb/1.0.0/S010/S010R06.edf,5f5c213f1f7db4bdb52d8d54e8074d7f5e73655b1e040d41a7916d3d0a00b666
10,10,6,8,17,S010_R06_T08,both_feet_imagery,1,both_feet_imagery,1,0.08195511502864505,True,spectral_baseline_6,1/2/3/4/5/6/7/8/9/11/12/13/14/15/16/17/18/19/20,True,False,physionet/eegmmidb/1.0.0/S010/S010R06.edf,5f5c213f1f7db4bdb52d8d54e8074d7f5e73655b1e040d41a7916d3d0a00b666
10,10,6,9,19,S010_R06_T09,both_fists_imagery,0,both_fists_imagery,0,-0.7495785103108192,True,spectral_baseline_6,1/2/3/4/5/6/7/8/9/11/12/13/14/15/16/17/18/19/20,True,False,physionet/eegmmidb/1.0.0/S010/S010R06.edf,5f5c213f1f7db4bdb52d8d54e8074d7f5e73655b1e040d41a7916d3d0a00b666
10,10,6,10,21,S010_R06_T10,both_fists_imagery,0,both_feet_imagery,1,0.03702123444819655,False,spectral_baseline_6,1/2/3/4/5/6/7/8/9/11/12/13/14/15/16/17/18/19/20,True,False,physionet/eegmmidb/1.0.0/S010/S010R06.edf,5f5c213f1f7db4bdb52d8d54e8074d7f5e73655b1e040d41a7916d3d0a00b666
10,10,6,11,23,S010_R06_T11,both_feet_imagery,1,both_feet_imagery,1,0.09376033387610061,True,spectral_baseline_6,1/2/3/4/5/6/7/8/9/11/12/13/14/15/16/17/18/19/20,True,False,physionet/eegmmidb/1.0.0/S010/S010R06.edf,5f5c213f1f7db4bdb52d8d54e8074d7f5e73655b1e040d41a7916d3d0a00b666
10,10,6,12,25,S010_R06_T12,both_feet_imagery,1,both_fists_imagery,0,-0.0037817116503557346,False,spectral_baseline_6,1/2/3/4/5/6/7/8/9/11/12/13/14/15/16/17/18/19/20,True,False,physionet/eegmmidb/1.0.0/S010/S010R06.edf,5f5c213f1f7db4bdb52d8d54e8074d7f5e73655b1e040d41a7916d3d0a00b666
10,10,6,13,27,S010_R06_T13,both_fists_imagery,0,both_fists_imagery,0,-0.05700041489408736,True,spectral_baseline_6,1/2/3/4/5/6/7/8/9/11/12/13/14/15/16/17/18/19/20,True,False,physionet/eegmmidb/1.0.0/S010/S010R06.edf,5f5c213f1f7db4bdb52d8d54e8074d7f5e73655b1e040d41a7916d3d0a00b666
10,10,6,14,29,S010_R06_T14,both_feet_imagery,1,both_feet_imagery,1,0.2292141958036113,True,spectral_baseline_6,1/2/3/4/5/6/7/8/9/11/12/13/14/15/16/17/18/19/20,True,False,physionet/eegmmidb/1.0.0/S010/S010R06.edf,5f5c213f1f7db4bdb52d8d54e8074d7f5e73655b1e040d41a7916d3d0a00b666
10,10,10,0,1,S010_R10_T00,both_feet_imagery,1,both_feet_imagery,1,0.3255296768355834,True,spectral_baseline_6,1/2/3/4/5/6/7/8/9/11/12/13/14/15/16/17/18/19/20,True,False,physionet/eegmmidb/1.0.0/S010/S010R10.edf,693b0d9240095c01eb8ec5b2d0b3887cfbb8fbfeb85a04076b79c297b5b7d42c
10,10,10,1,3,S010_R10_T01,both_fists_imagery,0,both_fists_imagery,0,-0.1381886978168601,True,spectral_baseline_6,1/2/3/4/5/6/7/8/9/11/12/13/14/15/16/17/18/19/20,True,False,physionet/eegmmidb/1.0.0/S010/S010R10.edf,693b0d9240095c01eb8ec5b2d0b3887cfbb8fbfeb85a04076b79c297b5b7d42c
10,10,10,2,5,S010_R10_T02,both_feet_imagery,1,both_fists_imagery,0,-0.17016190040355927,False,spectral_baseline_6,1/2/3/4/5/6/7/8/9/11/12/13/14/15/16/17/18/19/20,True,False,physionet/eegmmidb/1.0.0/S010/S010R10.edf,693b0d9240095c01eb8ec5b2d0b3887cfbb8fbfeb85a04076b79c297b5b7d42c
10,10,10,3,7,S010_R10_T03,both_fists_imagery,0,both_feet_imagery,1,0.2761850219661213,False,spectral_baseline_6,1/2/3/4/5/6/7/8/9/11/12/13/14/15/16/17/18/19/20,True,False,physionet/eegmmidb/1.0.0/S010/S010R10.edf,693b0d9240095c01eb8ec5b2d0b3887cfbb8fbfeb85a04076b79c297b5b7d42c
10,10,10,4,9,S010_R10_T04,both_fists_imagery,0,both_feet_imagery,1,0.5071205594330628,False,spectral_baseline_6,1/2/3/4/5/6/7/8/9/11/12/13/14/15/16/17/18/19/20,True,False,physionet/eegmmidb/1.0.0/S010/S010R10.edf,693b0d9240095c01eb8ec5b2d0b3887cfbb8fbfeb85a04076b79c297b5b7d42c
10,10,10,5,11,S010_R10_T05,both_feet_imagery,1,both_feet_imagery,1,0.2979295516676487,True,spectral_baseline_6,1/2/3/4/5/6/7/8/9/11/12/13/14/15/16/17/18/19/20,True,False,physionet/eegmmidb/1.0.0/S010/S010R10.edf,693b0d9240095c01eb8ec5b2d0b3887cfbb8fbfeb85a04076b79c297b5b7d42c
10,10,10,6,13,S010_R10_T06,both_feet_imagery,1,both_feet_imagery,1,0.15213299272420513,True,spectral_baseline_6,1/2/3/4/5/6/7/8/9/11/12/13/14/15/16/17/18/19/20,True,False,physionet/eegmmidb/1.0.0/S010/S010R10.edf,693b0d9240095c01eb8ec5b2d0b3887cfbb8fbfeb85a04076b79c297b5b7d42c
10,10,10,7,15,S010_R10_T07,both_fists_imagery,0,both_feet_imagery,1,0.29232370187294027,False,spectral_baseline_6,1/2/3/4/5/6/7/8/9/11/12/13/14/15/16/17/18/19/20,True,False,physionet/eegmmidb/1.0.0/S010/S010R10.edf,693b0d9240095c01eb8ec5b2d0b3887cfbb8fbfeb85a04076b79c297b5b7d42c
10,10,10,8,17,S010_R10_T08,both_fists_imagery,0,both_feet_imagery,1,0.3681378187572075,False,spectral_baseline_6,1/2/3/4/5/6/7/8/9/11/12/13/14/15/16/17/18/19/20,True,False,physionet/eegmmidb/1.0.0/S010/S010R10.edf,693b0d9240095c01eb8ec5b2d0b3887cfbb8fbfeb85a04076b79c297b5b7d42c
10,10,10,9,19,S010_R10_T09,both_feet_imagery,1,both_feet_imagery,1,0.786600023132545,True,spectral_baseline_6,1/2/3/4/5/6/7/8/9/11/12/13/14/15/16/17/18/19/20,True,False,physionet/eegmmidb/1.0.0/S010/S010R10.edf,693b0d9240095c01eb8ec5b2d0b3887cfbb8fbfeb85a04076b79c297b5b7d42c
10,10,10,10,21,S010_R10_T10,both_feet_imagery,1,both_feet_imagery,1,0.927281764412418,True,spectral_baseline_6,1/2/3/4/5/6/7/8/9/11/12/13/14/15/16/17/18/19/20,True,False,physionet/eegmmidb/1.0.0/S010/S010R10.edf,693b0d9240095c01eb8ec5b2d0b3887cfbb8fbfeb85a04076b79c297b5b7d42c
10,10,10,11,23,S010_R10_T11,both_fists_imagery,0,both_fists_imagery,0,-0.29355037110983695,True,spectral_baseline_6,1/2/3/4/5/6/7/8/9/11/12/13/14/15/16/17/18/19/20,True,False,physionet/eegmmidb/1.0.0/S010/S010R10.edf,693b0d9240095c01eb8ec5b2d0b3887cfbb8fbfeb85a04076b79c297b5b7d42c
10,10,10,12,25,S010_R10_T12,both_feet_imagery,1,both_feet_imagery,1,1.2383064753199928,True,spectral_baseline_6,1/2/3/4/5/6/7/8/9/11/12/13/14/15/16/17/18/19/20,True,False,physionet/eegmmidb/1.0.0/S010/S010R10.edf,693b0d9240095c01eb8ec5b2d0b3887cfbb8fbfeb85a04076b79c297b5b7d42c
10,10,10,13,27,S010_R10_T13,both_fists_imagery,0,both_feet_imagery,1,0.00039897210095840574,False,spectral_baseline_6,1/2/3/4/5/6/7/8/9/11/12/13/14/15/16/17/18/19/20,True,False,physionet/eegmmidb/1.0.0/S010/S010R10.edf,693b0d9240095c01eb8ec5b2d0b3887cfbb8fbfeb85a04076b79c297b5b7d42c
10,10,10,14,29,S010_R10_T14,both_fists_imagery,0,both_fists_imagery,0,-0.4266650491255323,True,spectral_baseline_6,1/2/3/4/5/6/7/8/9/11/12/13/14/15/16/17/18/19/20,True,False,physionet/eegmmidb/1.0.0/S010/S010R10.edf,693b0d9240095c01eb8ec5b2d0b3887cfbb8fbfeb85a04076b79c297b5b7d42c
10,10,14,0,1,S010_R14_T00,both_fists_imagery,0,both_fists_imagery,0,-0.49234267355301187,True,spectral_baseline_6,1/2/3/4/5/6/7/8/9/11/12/13/14/15/16/17/18/19/20,True,False,physionet/eegmmidb/1.0.0/S010/S010R14.edf,138893d950405102e1536365290ac15255688eaab181170afbd5178e6714ae2e
10,10,14,1,3,S010_R14_T01,both_feet_imagery,1,both_feet_imagery,1,0.4456509613737354,True,spectral_baseline_6,1/2/3/4/5/6/7/8/9/11/12/13/14/15/16/17/18/19/20,True,False,physionet/eegmmidb/1.0.0/S010/S010R14.edf,138893d950405102e1536365290ac15255688eaab181170afbd5178e6714ae2e
10,10,14,2,5,S010_R14_T02,both_fists_imagery,0,both_fists_imagery,0,-0.06013563438276903,True,spectral_baseline_6,1/2/3/4/5/6/7/8/9/11/12/13/14/15/16/17/18/19/20,True,False,physionet/eegmmidb/1.0.0/S010/S010R14.edf,138893d950405102e1536365290ac15255688eaab181170afbd5178e6714ae2e
10,10,14,3,7,S010_R14_T03,both_feet_imagery,1,both_feet_imagery,1,0.43275328237836785,True,spectral_baseline_6,1/2/3/4/5/6/7/8/9/11/12/13/14/15/16/17/18/19/20,True,False,physionet/eegmmidb/1.0.0/S010/S010R14.edf,138893d950405102e1536365290ac15255688eaab181170afbd5178e6714ae2e
10,10,14,4,9,S010_R14_T04,both_feet_imagery,1,both_feet_imagery,1,0.9501995238532287,True,spectral_baseline_6,1/2/3/4/5/6/7/8/9/11/12/13/14/15/16/17/18/19/20,True,False,physionet/eegmmidb/1.0.0/S010/S010R14.edf,138893d950405102e1536365290ac15255688eaab181170afbd5178e6714ae2e
10,10,14,5,11,S010_R14_T05,both_fists_imagery,0,both_fists_imagery,0,-0.16458708845653336,True,spectral_baseline_6,1/2/3/4/5/6/7/8/9/11/12/13/14/15/16/17/18/19/20,True,False,physionet/eegmmidb/1.0.0/S010/S010R14.edf,138893d950405102e1536365290ac15255688eaab181170afbd5178e6714ae2e
10,10,14,6,13,S010_R14_T06,both_feet_imagery,1,both_feet_imagery,1,0.5459119798688723,True,spectral_baseline_6,1/2/3/4/5/6/7/8/9/11/12/13/14/15/16/17/18/19/20,True,False,physionet/eegmmidb/1.0.0/S010/S010R14.edf,138893d950405102e1536365290ac15255688eaab181170afbd5178e6714ae2e
10,10,14,7,15,S010_R14_T07,both_fists_imagery,0,both_feet_imagery,1,0.6417663979944814,False,spectral_baseline_6,1/2/3/4/5/6/7/8/9/11/12/13/14/15/16/17/18/19/20,True,False,physionet/eegmmidb/1.0.0/S010/S010R14.edf,138893d950405102e1536365290ac15255688eaab181170afbd5178e6714ae2e
10,10,14,8,17,S010_R14_T08,both_fists_imagery,0,both_fists_imagery,0,-0.0994084919672773,True,spectral_baseline_6,1/2/3/4/5/6/7/8/9/11/12/13/14/15/16/17/18/19/20,True,False,physionet/eegmmidb/1.0.0/S010/S010R14.edf,138893d950405102e1536365290ac15255688eaab181170afbd5178e6714ae2e
10,10,14,9,19,S010_R14_T09,both_feet_imagery,1,both_feet_imagery,1,0.5966707871535706,True,spectral_baseline_6,1/2/3/4/5/6/7/8/9/11/12/13/14/15/16/17/18/19/20,True,False,physionet/eegmmidb/1.0.0/S010/S010R14.edf,138893d950405102e1536365290ac15255688eaab181170afbd5178e6714ae2e
10,10,14,10,21,S010_R14_T10,both_feet_imagery,1,both_feet_imagery,1,0.27396825548762715,True,spectral_baseline_6,1/2/3/4/5/6/7/8/9/11/12/13/14/15/16/17/18/19/20,True,False,physionet/eegmmidb/1.0.0/S010/S010R14.edf,138893d950405102e1536365290ac15255688eaab181170afbd5178e6714ae2e
10,10,14,11,23,S010_R14_T11,both_fists_imagery,0,both_fists_imagery,0,-0.19418383362927788,True,spectral_baseline_6,1/2/3/4/5/6/7/8/9/11/12/13/14/15/16/17/18/19/20,True,False,physionet/eegmmidb/1.0.0/S010/S010R14.edf,138893d950405102e1536365290ac15255688eaab181170afbd5178e6714ae2e
10,10,14,12,25,S010_R14_T12,both_feet_imagery,1,both_feet_imagery,1,0.11721349254193253,True,spectral_baseline_6,1/2/3/4/5/6/7/8/9/11/12/13/14/15/16/17/18/19/20,True,False,physionet/eegmmidb/1.0.0/S010/S010R14.edf,138893d950405102e1536365290ac15255688eaab181170afbd5178e6714ae2e
10,10,14,13,27,S010_R14_T13,both_fists_imagery,0,both_feet_imagery,1,0.08727279627016932,False,spectral_baseline_6,1/2/3/4/5/6/7/8/9/11/12/13/14/15/16/17/18/19/20,True,False,physionet/eegmmidb/1.0.0/S010/S010R14.edf,138893d950405102e1536365290ac15255688eaab181170afbd5178e6714ae2e
10,10,14,14,29,S010_R14_T14,both_fists_imagery,0,both_feet_imagery,1,0.3508902872951606,False,spectral_baseline_6,1/2/3/4/5/6/7/8/9/11/12/13/14/15/16/17/18/19/20,True,False,physionet/eegmmidb/1.0.0/S010/S010R14.edf,138893d950405102e1536365290ac15255688eaab181170afbd5178e6714ae2e
10,10,6,0,1,S010_R06_T00,both_fists_imagery,0,both_fists_imagery,0,-0.14918564224253195,True,csp_4_empirical,1/2/3/4/5/6/7/8/9/11/12/13/14/15/16/17/18/19/20,True,False,physionet/eegmmidb/1.0.0/S010/S010R06.edf,5f5c213f1f7db4bdb52d8d54e8074d7f5e73655b1e040d41a7916d3d0a00b666
10,10,6,1,3,S010_R06_T01,both_feet_imagery,1,both_feet_imagery,1,0.3302276871021077,True,csp_4_empirical,1/2/3/4/5/6/7/8/9/11/12/13/14/15/16/17/18/19/20,True,False,physionet/eegmmidb/1.0.0/S010/S010R06.edf,5f5c213f1f7db4bdb52d8d54e8074d7f5e73655b1e040d41a7916d3d0a00b666
10,10,6,2,5,S010_R06_T02,both_fists_imagery,0,both_feet_imagery,1,0.028494048716856013,False,csp_4_empirical,1/2/3/4/5/6/7/8/9/11/12/13/14/15/16/17/18/19/20,True,False,physionet/eegmmidb/1.0.0/S010/S010R06.edf,5f5c213f1f7db4bdb52d8d54e8074d7f5e73655b1e040d41a7916d3d0a00b666
10,10,6,3,7,S010_R06_T03,both_feet_imagery,1,both_feet_imagery,1,0.8390805709308999,True,csp_4_empirical,1/2/3/4/5/6/7/8/9/11/12/13/14/15/16/17/18/19/20,True,False,physionet/eegmmidb/1.0.0/S010/S010R06.edf,5f5c213f1f7db4bdb52d8d54e8074d7f5e73655b1e040d41a7916d3d0a00b666
10,10,6,4,9,S010_R06_T04,both_feet_imagery,1,both_feet_imagery,1,0.7619050306218562,True,csp_4_empirical,1/2/3/4/5/6/7/8/9/11/12/13/14/15/16/17/18/19/20,True,False,physionet/eegmmidb/1.0.0/S010/S010R06.edf,5f5c213f1f7db4bdb52d8d54e8074d7f5e73655b1e040d41a7916d3d0a00b666
10,10,6,5,11,S010_R06_T05,both_fists_imagery,0,both_feet_imagery,1,0.16939646283644094,False,csp_4_empirical,1/2/3/4/5/6/7/8/9/11/12/13/14/15/16/17/18/19/20,True,False,physionet/eegmmidb/1.0.0/S010/S010R06.edf,5f5c213f1f7db4bdb52d8d54e8074d7f5e73655b1e040d41a7916d3d0a00b666
10,10,6,6,13,S010_R06_T06,both_feet_imagery,1,both_feet_imagery,1,1.4473265635916592,True,csp_4_empirical,1/2/3/4/5/6/7/8/9/11/12/13/14/15/16/17/18/19/20,True,False,physionet/eegmmidb/1.0.0/S010/S010R06.edf,5f5c213f1f7db4bdb52d8d54e8074d7f5e73655b1e040d41a7916d3d0a00b666
10,10,6,7,15,S010_R06_T07,both_fists_imagery,0,both_feet_imagery,1,0.023652835403956907,False,csp_4_empirical,1/2/3/4/5/6/7/8/9/11/12/13/14/15/16/17/18/19/20,True,False,physionet/eegmmidb/1.0.0/S010/S010R06.edf,5f5c213f1f7db4bdb52d8d54e8074d7f5e73655b1e040d41a7916d3d0a00b666
10,10,6,8,17,S010_R06_T08,both_feet_imagery,1,both_feet_imagery,1,0.08204074040335829,True,csp_4_empirical,1/2/3/4/5/6/7/8/9/11/12/13/14/15/16/17/18/19/20,True,False,physionet/eegmmidb/1.0.0/S010/S010R06.edf,5f5c213f1f7db4bdb52d8d54e8074d7f5e73655b1e040d41a7916d3d0a00b666
10,10,6,9,19,S010_R06_T09,both_fists_imagery,0,both_feet_imagery,1,0.6064476889124638,False,csp_4_empirical,1/2/3/4/5/6/7/8/9/11/12/13/14/15/16/17/18/19/20,True,False,physionet/eegmmidb/1.0.0/S010/S010R06.edf,5f5c213f1f7db4bdb52d8d54e8074d7f5e73655b1e040d41a7916d3d0a00b666
10,10,6,10,21,S010_R06_T10,both_fists_imagery,0,both_fists_imagery,0,-0.2232422582605818,True,csp_4_empirical,1/2/3/4/5/6/7/8/9/11/12/13/14/15/16/17/18/19/20,True,False,physionet/eegmmidb/1.0.0/S010/S010R06.edf,5f5c213f1f7db4bdb52d8d54e8074d7f5e73655b1e040d41a7916d3d0a00b666
10,10,6,11,23,S010_R06_T11,both_feet_imagery,1,both_fists_imagery,0,-0.25512664497572113,False,csp_4_empirical,1/2/3/4/5/6/7/8/9/11/12/13/14/15/16/17/18/19/20,True,False,physionet/eegmmidb/1.0.0/S010/S010R06.edf,5f5c213f1f7db4bdb52d8d54e8074d7f5e73655b1e040d41a7916d3d0a00b666
10,10,6,12,25,S010_R06_T12,both_feet_imagery,1,both_fists_imagery,0,-0.4108168252119716,False,csp_4_empirical,1/2/3/4/5/6/7/8/9/11/12/13/14/15/16/17/18/19/20,True,False,physionet/eegmmidb/1.0.0/S010/S010R06.edf,5f5c213f1f7db4bdb52d8d54e8074d7f5e73655b1e040d41a7916d3d0a00b666
10,10,6,13,27,S010_R06_T13,both_fists_imagery,0,both_fists_imagery,0,-0.7711869079566626,True,csp_4_empirical,1/2/3/4/5/6/7/8/9/11/12/13/14/15/16/17/18/19/20,True,False,physionet/eegmmidb/1.0.0/S010/S010R06.edf,5f5c213f1f7db4bdb52d8d54e8074d7f5e73655b1e040d41a7916d3d0a00b666
10,10,6,14,29,S010_R06_T14,both_feet_imagery,1,both_feet_imagery,1,0.3505652510735773,True,csp_4_empirical,1/2/3/4/5/6/7/8/9/11/12/13/14/15/16/17/18/19/20,True,False,physionet/eegmmidb/1.0.0/S010/S010R06.edf,5f5c213f1f7db4bdb52d8d54e8074d7f5e73655b1e040d41a7916d3d0a00b666
10,10,10,0,1,S010_R10_T00,both_feet_imagery,1,both_feet_imagery,1,1.0924241935904877,True,csp_4_empirical,1/2/3/4/5/6/7/8/9/11/12/13/14/15/16/17/18/19/20,True,False,physionet/eegmmidb/1.0.0/S010/S010R10.edf,693b0d9240095c01eb8ec5b2d0b3887cfbb8fbfeb85a04076b79c297b5b7d42c
10,10,10,1,3,S010_R10_T01,both_fists_imagery,0,both_fists_imagery,0,-0.007927905748113473,True,csp_4_empirical,1/2/3/4/5/6/7/8/9/11/12/13/14/15/16/17/18/19/20,True,False,physionet/eegmmidb/1.0.0/S010/S010R10.edf,693b0d9240095c01eb8ec5b2d0b3887cfbb8fbfeb85a04076b79c297b5b7d42c
10,10,10,2,5,S010_R10_T02,both_feet_imagery,1,both_fists_imagery,0,-0.2759713774990261,False,csp_4_empirical,1/2/3/4/5/6/7/8/9/11/12/13/14/15/16/17/18/19/20,True,False,physionet/eegmmidb/1.0.0/S010/S010R10.edf,693b0d9240095c01eb8ec5b2d0b3887cfbb8fbfeb85a04076b79c297b5b7d42c
10,10,10,3,7,S010_R10_T03,both_fists_imagery,0,both_feet_imagery,1,0.06865348785264958,False,csp_4_empirical,1/2/3/4/5/6/7/8/9/11/12/13/14/15/16/17/18/19/20,True,False,physionet/eegmmidb/1.0.0/S010/S010R10.edf,693b0d9240095c01eb8ec5b2d0b3887cfbb8fbfeb85a04076b79c297b5b7d42c
10,10,10,4,9,S010_R10_T04,both_fists_imagery,0,both_fists_imagery,0,-0.5814223053276845,True,csp_4_empirical,1/2/3/4/5/6/7/8/9/11/12/13/14/15/16/17/18/19/20,True,False,physionet/eegmmidb/1.0.0/S010/S010R10.edf,693b0d9240095c01eb8ec5b2d0b3887cfbb8fbfeb85a04076b79c297b5b7d42c
10,10,10,5,11,S010_R10_T05,both_feet_imagery,1,both_feet_imagery,1,0.47238101380416797,True,csp_4_empirical,1/2/3/4/5/6/7/8/9/11/12/13/14/15/16/17/18/19/20,True,False,physionet/eegmmidb/1.0.0/S010/S010R10.edf,693b0d9240095c01eb8ec5b2d0b3887cfbb8fbfeb85a04076b79c297b5b7d42c
10,10,10,6,13,S010_R10_T06,both_feet_imagery,1,both_fists_imagery,0,-0.6936732202613842,False,csp_4_empirical,1/2/3/4/5/6/7/8/9/11/12/13/14/15/16/17/18/19/20,True,False,physionet/eegmmidb/1.0.0/S010/S010R10.edf,693b0d9240095c01eb8ec5b2d0b3887cfbb8fbfeb85a04076b79c297b5b7d42c
10,10,10,7,15,S010_R10_T07,both_fists_imagery,0,both_fists_imagery,0,-0.002703208701358095,True,csp_4_empirical,1/2/3/4/5/6/7/8/9/11/12/13/14/15/16/17/18/19/20,True,False,physionet/eegmmidb/1.0.0/S010/S010R10.edf,693b0d9240095c01eb8ec5b2d0b3887cfbb8fbfeb85a04076b79c297b5b7d42c
10,10,10,8,17,S010_R10_T08,both_fists_imagery,0,both_fists_imagery,0,-0.7419039877269114,True,csp_4_empirical,1/2/3/4/5/6/7/8/9/11/12/13/14/15/16/17/18/19/20,True,False,physionet/eegmmidb/1.0.0/S010/S010R10.edf,693b0d9240095c01eb8ec5b2d0b3887cfbb8fbfeb85a04076b79c297b5b7d42c
10,10,10,9,19,S010_R10_T09,both_feet_imagery,1,both_feet_imagery,1,1.231443427672836,True,csp_4_empirical,1/2/3/4/5/6/7/8/9/11/12/13/14/15/16/17/18/19/20,True,False,physionet/eegmmidb/1.0.0/S010/S010R10.edf,693b0d9240095c01eb8ec5b2d0b3887cfbb8fbfeb85a04076b79c297b5b7d42c
10,10,10,10,21,S010_R10_T10,both_feet_imagery,1,both_feet_imagery,1,0.9450473765585968,True,csp_4_empirical,1/2/3/4/5/6/7/8/9/11/12/13/14/15/16/17/18/19/20,True,False,physionet/eegmmidb/1.0.0/S010/S010R10.edf,693b0d9240095c01eb8ec5b2d0b3887cfbb8fbfeb85a04076b79c297b5b7d42c
10,10,10,11,23,S010_R10_T11,both_fists_imagery,0,both_fists_imagery,0,-0.1435249266227654,True,csp_4_empirical,1/2/3/4/5/6/7/8/9/11/12/13/14/15/16/17/18/19/20,True,False,physionet/eegmmidb/1.0.0/S010/S010R10.edf,693b0d9240095c01eb8ec5b2d0b3887cfbb8fbfeb85a04076b79c297b5b7d42c
10,10,10,12,25,S010_R10_T12,both_feet_imagery,1,both_feet_imagery,1,0.9623415318127015,True,csp_4_empirical,1/2/3/4/5/6/7/8/9/11/12/13/14/15/16/17/18/19/20,True,False,physionet/eegmmidb/1.0.0/S010/S010R10.edf,693b0d9240095c01eb8ec5b2d0b3887cfbb8fbfeb85a04076b79c297b5b7d42c
10,10,10,13,27,S010_R10_T13,both_fists_imagery,0,both_fists_imagery,0,-0.43021017583343446,True,csp_4_empirical,1/2/3/4/5/6/7/8/9/11/12/13/14/15/16/17/18/19/20,True,False,physionet/eegmmidb/1.0.0/S010/S010R10.edf,693b0d9240095c01eb8ec5b2d0b3887cfbb8fbfeb85a04076b79c297b5b7d42c
10,10,10,14,29,S010_R10_T14,both_fists_imagery,0,both_fists_imagery,0,-0.30648137137880027,True,csp_4_empirical,1/2/3/4/5/6/7/8/9/11/12/13/14/15/16/17/18/19/20,True,False,physionet/eegmmidb/1.0.0/S010/S010R10.edf,693b0d9240095c01eb8ec5b2d0b3887cfbb8fbfeb85a04076b79c297b5b7d42c
10,10,14,0,1,S010_R14_T00,both_fists_imagery,0,both_fists_imagery,0,-0.15313352183163922,True,csp_4_empirical,1/2/3/4/5/6/7/8/9/11/12/13/14/15/16/17/18/19/20,True,False,physionet/eegmmidb/1.0.0/S010/S010R14.edf,138893d950405102e1536365290ac15255688eaab181170afbd5178e6714ae2e
10,10,14,1,3,S010_R14_T01,both_feet_imagery,1,both_feet_imagery,1,0.3570179950448747,True,csp_4_empirical,1/2/3/4/5/6/7/8/9/11/12/13/14/15/16/17/18/19/20,True,False,physionet/eegmmidb/1.0.0/S010/S010R14.edf,138893d950405102e1536365290ac15255688eaab181170afbd5178e6714ae2e
10,10,14,2,5,S010_R14_T02,both_fists_imagery,0,both_fists_imagery,0,-0.18377067791282775,True,csp_4_empirical,1/2/3/4/5/6/7/8/9/11/12/13/14/15/16/17/18/19/20,True,False,physionet/eegmmidb/1.0.0/S010/S010R14.edf,138893d950405102e1536365290ac15255688eaab181170afbd5178e6714ae2e
10,10,14,3,7,S010_R14_T03,both_feet_imagery,1,both_feet_imagery,1,0.7732270338515921,True,csp_4_empirical,1/2/3/4/5/6/7/8/9/11/12/13/14/15/16/17/18/19/20,True,False,physionet/eegmmidb/1.0.0/S010/S010R14.edf,138893d950405102e1536365290ac15255688eaab181170afbd5178e6714ae2e
10,10,14,4,9,S010_R14_T04,both_feet_imagery,1,both_feet_imagery,1,0.7620373151970211,True,csp_4_empirical,1/2/3/4/5/6/7/8/9/11/12/13/14/15/16/17/18/19/20,True,False,physionet/eegmmidb/1.0.0/S010/S010R14.edf,138893d950405102e1536365290ac15255688eaab181170afbd5178e6714ae2e
10,10,14,5,11,S010_R14_T05,both_fists_imagery,0,both_feet_imagery,1,0.13564538814151927,False,csp_4_empirical,1/2/3/4/5/6/7/8/9/11/12/13/14/15/16/17/18/19/20,True,False,physionet/eegmmidb/1.0.0/S010/S010R14.edf,138893d950405102e1536365290ac15255688eaab181170afbd5178e6714ae2e
10,10,14,6,13,S010_R14_T06,both_feet_imagery,1,both_feet_imagery,1,0.25052172989104604,True,csp_4_empirical,1/2/3/4/5/6/7/8/9/11/12/13/14/15/16/17/18/19/20,True,False,physionet/eegmmidb/1.0.0/S010/S010R14.edf,138893d950405102e1536365290ac15255688eaab181170afbd5178e6714ae2e
10,10,14,7,15,S010_R14_T07,both_fists_imagery,0,both_feet_imagery,1,0.5091550921344987,False,csp_4_empirical,1/2/3/4/5/6/7/8/9/11/12/13/14/15/16/17/18/19/20,True,False,physionet/eegmmidb/1.0.0/S010/S010R14.edf,138893d950405102e1536365290ac15255688eaab181170afbd5178e6714ae2e
10,10,14,8,17,S010_R14_T08,both_fists_imagery,0,both_fists_imagery,0,-0.8647737093211453,True,csp_4_empirical,1/2/3/4/5/6/7/8/9/11/12/13/14/15/16/17/18/19/20,True,False,physionet/eegmmidb/1.0.0/S010/S010R14.edf,138893d950405102e1536365290ac15255688eaab181170afbd5178e6714ae2e
10,10,14,9,19,S010_R14_T09,both_feet_imagery,1,both_feet_imagery,1,0.4016419625116534,True,csp_4_empirical,1/2/3/4/5/6/7/8/9/11/12/13/14/15/16/17/18/19/20,True,False,physionet/eegmmidb/1.0.0/S010/S010R14.edf,138893d950405102e1536365290ac15255688eaab181170afbd5178e6714ae2e
10,10,14,10,21,S010_R14_T10,both_feet_imagery,1,both_feet_imagery,1,0.32747894750793494,True,csp_4_empirical,1/2/3/4/5/6/7/8/9/11/12/13/14/15/16/17/18/19/20,True,False,physionet/eegmmidb/1.0.0/S010/S010R14.edf,138893d950405102e1536365290ac15255688eaab181170afbd5178e6714ae2e
10,10,14,11,23,S010_R14_T11,both_fists_imagery,0,both_fists_imagery,0,-0.4872113972098718,True,csp_4_empirical,1/2/3/4/5/6/7/8/9/11/12/13/14/15/16/17/18/19/20,True,False,physionet/eegmmidb/1.0.0/S010/S010R14.edf,138893d950405102e1536365290ac15255688eaab181170afbd5178e6714ae2e
10,10,14,12,25,S010_R14_T12,both_feet_imagery,1,both_feet_imagery,1,0.33440590874368126,True,csp_4_empirical,1/2/3/4/5/6/7/8/9/11/12/13/14/15/16/17/18/19/20,True,False,physionet/eegmmidb/1.0.0/S010/S010R14.edf,138893d950405102e1536365290ac15255688eaab181170afbd5178e6714ae2e
10,10,14,13,27,S010_R14_T13,both_fists_imagery,0,both_fists_imagery,0,-0.32980352701453675,True,csp_4_empirical,1/2/3/4/5/6/7/8/9/11/12/13/14/15/16/17/18/19/20,True,False,physionet/eegmmidb/1.0.0/S010/S010R14.edf,138893d950405102e1536365290ac15255688eaab181170afbd5178e6714ae2e
10,10,14,14,29,S010_R14_T14,both_fists_imagery,0,both_fists_imagery,0,-0.06309021202451637,True,csp_4_empirical,1/2/3/4/5/6/7/8/9/11/12/13/14/15/16/17/18/19/20,True,False,physionet/eegmmidb/1.0.0/S010/S010R14.edf,138893d950405102e1536365290ac15255688eaab181170afbd5178e6714ae2e
11,11,6,0,1,S011_R06_T00,both_feet_imagery,1,both_fists_imagery,0,-0.6144511933357022,False,spectral_baseline_6,1/2/3/4/5/6/7/8/9/10/12/13/14/15/16/17/18/19/20,True,False,physionet/eegmmidb/1.0.0/S011/S011R06.edf,05e960ac5207e35af7dc1fe492b78c7f473340aa88a6639a8e9d711d27c80270
11,11,6,1,3,S011_R06_T01,both_fists_imagery,0,both_fists_imagery,0,-0.05453074243715539,True,spectral_baseline_6,1/2/3/4/5/6/7/8/9/10/12/13/14/15/16/17/18/19/20,True,False,physionet/eegmmidb/1.0.0/S011/S011R06.edf,05e960ac5207e35af7dc1fe492b78c7f473340aa88a6639a8e9d711d27c80270
11,11,6,2,5,S011_R06_T02,both_fists_imagery,0,both_fists_imagery,0,-0.1311385880398468,True,spectral_baseline_6,1/2/3/4/5/6/7/8/9/10/12/13/14/15/16/17/18/19/20,True,False,physionet/eegmmidb/1.0.0/S011/S011R06.edf,05e960ac5207e35af7dc1fe492b78c7f473340aa88a6639a8e9d711d27c80270
11,11,6,3,7,S011_R06_T03,both_feet_imagery,1,both_fists_imagery,0,-0.07495268851994386,False,spectral_baseline_6,1/2/3/4/5/6/7/8/9/10/12/13/14/15/16/17/18/19/20,True,False,physionet/eegmmidb/1.0.0/S011/S011R06.edf,05e960ac5207e35af7dc1fe492b78c7f473340aa88a6639a8e9d711d27c80270
11,11,6,4,9,S011_R06_T04,both_feet_imagery,1,both_fists_imagery,0,-0.8168745181709051,False,spectral_baseline_6,1/2/3/4/5/6/7/8/9/10/12/13/14/15/16/17/18/19/20,True,False,physionet/eegmmidb/1.0.0/S011/S011R06.edf,05e960ac5207e35af7dc1fe492b78c7f473340aa88a6639a8e9d711d27c80270
11,11,6,5,11,S011_R06_T05,both_fists_imagery,0,both_fists_imagery,0,-0.7162136571806684,True,spectral_baseline_6,1/2/3/4/5/6/7/8/9/10/12/13/14/15/16/17/18/19/20,True,False,physionet/eegmmidb/1.0.0/S011/S011R06.edf,05e960ac5207e35af7dc1fe492b78c7f473340aa88a6639a8e9d711d27c80270
11,11,6,6,13,S011_R06_T06,both_feet_imagery,1,both_feet_imagery,1,0.12385420861050278,True,spectral_baseline_6,1/2/3/4/5/6/7/8/9/10/12/13/14/15/16/17/18/19/20,True,False,physionet/eegmmidb/1.0.0/S011/S011R06.edf,05e960ac5207e35af7dc1fe492b78c7f473340aa88a6639a8e9d711d27c80270
11,11,6,7,15,S011_R06_T07,both_fists_imagery,0,both_fists_imagery,0,-0.38543437429783,True,spectral_baseline_6,1/2/3/4/5/6/7/8/9/10/12/13/14/15/16/17/18/19/20,True,False,physionet/eegmmidb/1.0.0/S011/S011R06.edf,05e960ac5207e35af7dc1fe492b78c7f473340aa88a6639a8e9d711d27c80270
11,11,6,8,17,S011_R06_T08,both_fists_imagery,0,both_fists_imagery,0,-0.1832983453150805,True,spectral_baseline_6,1/2/3/4/5/6/7/8/9/10/12/13/14/15/16/17/18/19/20,True,False,physionet/eegmmidb/1.0.0/S011/S011R06.edf,05e960ac5207e35af7dc1fe492b78c7f473340aa88a6639a8e9d711d27c80270
11,11,6,9,19,S011_R06_T09,both_feet_imagery,1,both_fists_imagery,0,-0.668867331671977,False,spectral_baseline_6,1/2/3/4/5/6/7/8/9/10/12/13/14/15/16/17/18/19/20,True,False,physionet/eegmmidb/1.0.0/S011/S011R06.edf,05e960ac5207e35af7dc1fe492b78c7f473340aa88a6639a8e9d711d27c80270
11,11,6,10,21,S011_R06_T10,both_fists_imagery,0,both_fists_imagery,0,-0.451343543284682,True,spectral_baseline_6,1/2/3/4/5/6/7/8/9/10/12/13/14/15/16/17/18/19/20,True,False,physionet/eegmmidb/1.0.0/S011/S011R06.edf,05e960ac5207e35af7dc1fe492b78c7f473340aa88a6639a8e9d711d27c80270
11,11,6,11,23,S011_R06_T11,both_feet_imagery,1,both_feet_imagery,1,0.043735547590485147,True,spectral_baseline_6,1/2/3/4/5/6/7/8/9/10/12/13/14/15/16/17/18/19/20,True,False,physionet/eegmmidb/1.0.0/S011/S011R06.edf,05e960ac5207e35af7dc1fe492b78c7f473340aa88a6639a8e9d711d27c80270
11,11,6,12,25,S011_R06_T12,both_feet_imagery,1,both_fists_imagery,0,-0.5024136477149816,False,spectral_baseline_6,1/2/3/4/5/6/7/8/9/10/12/13/14/15/16/17/18/19/20,True,False,physionet/eegmmidb/1.0.0/S011/S011R06.edf,05e960ac5207e35af7dc1fe492b78c7f473340aa88a6639a8e9d711d27c80270
11,11,6,13,27,S011_R06_T13,both_fists_imagery,0,both_fists_imagery,0,-0.5021569048440244,True,spectral_baseline_6,1/2/3/4/5/6/7/8/9/10/12/13/14/15/16/17/18/19/20,True,False,physionet/eegmmidb/1.0.0/S011/S011R06.edf,05e960ac5207e35af7dc1fe492b78c7f473340aa88a6639a8e9d711d27c80270
11,11,6,14,29,S011_R06_T14,both_fists_imagery,0,both_feet_imagery,1,0.22755133350222756,False,spectral_baseline_6,1/2/3/4/5/6/7/8/9/10/12/13/14/15/16/17/18/19/20,True,False,physionet/eegmmidb/1.0.0/S011/S011R06.edf,05e960ac5207e35af7dc1fe492b78c7f473340aa88a6639a8e9d711d27c80270
11,11,10,0,1,S011_R10_T00,both_fists_imagery,0,both_feet_imagery,1,0.23724100927845027,False,spectral_baseline_6,1/2/3/4/5/6/7/8/9/10/12/13/14/15/16/17/18/19/20,True,False,physionet/eegmmidb/1.0.0/S011/S011R10.edf,f3941502e7692576978f24c14c837b07e760fb94cdc65f2358790375d5537d87
11,11,10,1,3,S011_R10_T01,both_feet_imagery,1,both_fists_imagery,0,-0.14594335381654577,False,spectral_baseline_6,1/2/3/4/5/6/7/8/9/10/12/13/14/15/16/17/18/19/20,True,False,physionet/eegmmidb/1.0.0/S011/S011R10.edf,f3941502e7692576978f24c14c837b07e760fb94cdc65f2358790375d5537d87
11,11,10,2,5,S011_R10_T02,both_feet_imagery,1,both_fists_imagery,0,-0.3845160655017849,False,spectral_baseline_6,1/2/3/4/5/6/7/8/9/10/12/13/14/15/16/17/18/19/20,True,False,physionet/eegmmidb/1.0.0/S011/S011R10.edf,f3941502e7692576978f24c14c837b07e760fb94cdc65f2358790375d5537d87
11,11,10,3,7,S011_R10_T03,both_fists_imagery,0,both_fists_imagery,0,-0.4206185552383207,True,spectral_baseline_6,1/2/3/4/5/6/7/8/9/10/12/13/14/15/16/17/18/19/20,True,False,physionet/eegmmidb/1.0.0/S011/S011R10.edf,f3941502e7692576978f24c14c837b07e760fb94cdc65f2358790375d5537d87
11,11,10,4,9,S011_R10_T04,both_feet_imagery,1,both_feet_imagery,1,0.6269967969247473,True,spectral_baseline_6,1/2/3/4/5/6/7/8/9/10/12/13/14/15/16/17/18/19/20,True,False,physionet/eegmmidb/1.0.0/S011/S011R10.edf,f3941502e7692576978f24c14c837b07e760fb94cdc65f2358790375d5537d87
11,11,10,5,11,S011_R10_T05,both_fists_imagery,0,both_fists_imagery,0,-0.015495091758743418,True,spectral_baseline_6,1/2/3/4/5/6/7/8/9/10/12/13/14/15/16/17/18/19/20,True,False,physionet/eegmmidb/1.0.0/S011/S011R10.edf,f3941502e7692576978f24c14c837b07e760fb94cdc65f2358790375d5537d87
11,11,10,6,13,S011_R10_T06,both_feet_imagery,1,both_fists_imagery,0,-0.5232407161180416,False,spectral_baseline_6,1/2/3/4/5/6/7/8/9/10/12/13/14/15/16/17/18/19/20,True,False,physionet/eegmmidb/1.0.0/S011/S011R10.edf,f3941502e7692576978f24c14c837b07e760fb94cdc65f2358790375d5537d87
11,11,10,7,15,S011_R10_T07,both_fists_imagery,0,both_fists_imagery,0,-0.13324723934621763,True,spectral_baseline_6,1/2/3/4/5/6/7/8/9/10/12/13/14/15/16/17/18/19/20,True,False,physionet/eegmmidb/1.0.0/S011/S011R10.edf,f3941502e7692576978f24c14c837b07e760fb94cdc65f2358790375d5537d87
11,11,10,8,17,S011_R10_T08,both_feet_imagery,1,both_fists_imagery,0,-0.37500744482607207,False,spectral_baseline_6,1/2/3/4/5/6/7/8/9/10/12/13/14/15/16/17/18/19/20,True,False,physionet/eegmmidb/1.0.0/S011/S011R10.edf,f3941502e7692576978f24c14c837b07e760fb94cdc65f2358790375d5537d87
11,11,10,9,19,S011_R10_T09,both_fists_imagery,0,both_feet_imagery,1,0.2526514120104777,False,spectral_baseline_6,1/2/3/4/5/6/7/8/9/10/12/13/14/15/16/17/18/19/20,True,False,physionet/eegmmidb/1.0.0/S011/S011R10.edf,f3941502e7692576978f24c14c837b07e760fb94cdc65f2358790375d5537d87
11,11,10,10,21,S011_R10_T10,both_fists_imagery,0,both_feet_imagery,1,0.11400515367118302,False,spectral_baseline_6,1/2/3/4/5/6/7/8/9/10/12/13/14/15/16/17/18/19/20,True,False,physionet/eegmmidb/1.0.0/S011/S011R10.edf,f3941502e7692576978f24c14c837b07e760fb94cdc65f2358790375d5537d87
11,11,10,11,23,S011_R10_T11,both_feet_imagery,1,both_feet_imagery,1,0.2018856660469589,True,spectral_baseline_6,1/2/3/4/5/6/7/8/9/10/12/13/14/15/16/17/18/19/20,True,False,physionet/eegmmidb/1.0.0/S011/S011R10.edf,f3941502e7692576978f24c14c837b07e760fb94cdc65f2358790375d5537d87
11,11,10,12,25,S011_R10_T12,both_feet_imagery,1,both_feet_imagery,1,0.6740925228428222,True,spectral_baseline_6,1/2/3/4/5/6/7/8/9/10/12/13/14/15/16/17/18/19/20,True,False,physionet/eegmmidb/1.0.0/S011/S011R10.edf,f3941502e7692576978f24c14c837b07e760fb94cdc65f2358790375d5537d87
11,11,10,13,27,S011_R10_T13,both_fists_imagery,0,both_fists_imagery,0,-0.17815904724393983,True,spectral_baseline_6,1/2/3/4/5/6/7/8/9/10/12/13/14/15/16/17/18/19/20,True,False,physionet/eegmmidb/1.0.0/S011/S011R10.edf,f3941502e7692576978f24c14c837b07e760fb94cdc65f2358790375d5537d87
11,11,10,14,29,S011_R10_T14,both_feet_imagery,1,both_fists_imagery,0,-0.03694270110376163,False,spectral_baseline_6,1/2/3/4/5/6/7/8/9/10/12/13/14/15/16/17/18/19/20,True,False,physionet/eegmmidb/1.0.0/S011/S011R10.edf,f3941502e7692576978f24c14c837b07e760fb94cdc65f2358790375d5537d87
11,11,14,0,1,S011_R14_T00,both_fists_imagery,0,both_fists_imagery,0,-0.2097758801947156,True,spectral_baseline_6,1/2/3/4/5/6/7/8/9/10/12/13/14/15/16/17/18/19/20,True,False,physionet/eegmmidb/1.0.0/S011/S011R14.edf,ba4007cd1ab12e9f87fb8a0d158b55e9b236cf29190db21709482290a05adbb9
11,11,14,1,3,S011_R14_T01,both_feet_imagery,1,both_fists_imagery,0,-0.11299298806762859,False,spectral_baseline_6,1/2/3/4/5/6/7/8/9/10/12/13/14/15/16/17/18/19/20,True,False,physionet/eegmmidb/1.0.0/S011/S011R14.edf,ba4007cd1ab12e9f87fb8a0d158b55e9b236cf29190db21709482290a05adbb9
11,11,14,2,5,S011_R14_T02,both_feet_imagery,1,both_fists_imagery,0,-0.2555445494206099,False,spectral_baseline_6,1/2/3/4/5/6/7/8/9/10/12/13/14/15/16/17/18/19/20,True,False,physionet/eegmmidb/1.0.0/S011/S011R14.edf,ba4007cd1ab12e9f87fb8a0d158b55e9b236cf29190db21709482290a05adbb9
11,11,14,3,7,S011_R14_T03,both_fists_imagery,0,both_feet_imagery,1,0.7259441730110615,False,spectral_baseline_6,1/2/3/4/5/6/7/8/9/10/12/13/14/15/16/17/18/19/20,True,False,physionet/eegmmidb/1.0.0/S011/S011R14.edf,ba4007cd1ab12e9f87fb8a0d158b55e9b236cf29190db21709482290a05adbb9
11,11,14,4,9,S011_R14_T04,both_feet_imagery,1,both_feet_imagery,1,0.7369916123610782,True,spectral_baseline_6,1/2/3/4/5/6/7/8/9/10/12/13/14/15/16/17/18/19/20,True,False,physionet/eegmmidb/1.0.0/S011/S011R14.edf,ba4007cd1ab12e9f87fb8a0d158b55e9b236cf29190db21709482290a05adbb9
11,11,14,5,11,S011_R14_T05,both_fists_imagery,0,both_fists_imagery,0,-0.7233912865352271,True,spectral_baseline_6,1/2/3/4/5/6/7/8/9/10/12/13/14/15/16/17/18/19/20,True,False,physionet/eegmmidb/1.0.0/S011/S011R14.edf,ba4007cd1ab12e9f87fb8a0d158b55e9b236cf29190db21709482290a05adbb9
11,11,14,6,13,S011_R14_T06,both_fists_imagery,0,both_fists_imagery,0,-0.772253588720381,True,spectral_baseline_6,1/2/3/4/5/6/7/8/9/10/12/13/14/15/16/17/18/19/20,True,False,physionet/eegmmidb/1.0.0/S011/S011R14.edf,ba4007cd1ab12e9f87fb8a0d158b55e9b236cf29190db21709482290a05adbb9
11,11,14,7,15,S011_R14_T07,both_feet_imagery,1,both_fists_imagery,0,-0.14474786870762746,False,spectral_baseline_6,1/2/3/4/5/6/7/8/9/10/12/13/14/15/16/17/18/19/20,True,False,physionet/eegmmidb/1.0.0/S011/S011R14.edf,ba4007cd1ab12e9f87fb8a0d158b55e9b236cf29190db21709482290a05adbb9
11,11,14,8,17,S011_R14_T08,both_feet_imagery,1,both_fists_imagery,0,-0.23930584582622616,False,spectral_baseline_6,1/2/3/4/5/6/7/8/9/10/12/13/14/15/16/17/18/19/20,True,False,physionet/eegmmidb/1.0.0/S011/S011R14.edf,ba4007cd1ab12e9f87fb8a0d158b55e9b236cf29190db21709482290a05adbb9
11,11,14,9,19,S011_R14_T09,both_fists_imagery,0,both_fists_imagery,0,-0.2622293661384322,True,spectral_baseline_6,1/2/3/4/5/6/7/8/9/10/12/13/14/15/16/17/18/19/20,True,False,physionet/eegmmidb/1.0.0/S011/S011R14.edf,ba4007cd1ab12e9f87fb8a0d158b55e9b236cf29190db21709482290a05adbb9
11,11,14,10,21,S011_R14_T10,both_feet_imagery,1,both_feet_imagery,1,0.2991354844101421,True,spectral_baseline_6,1/2/3/4/5/6/7/8/9/10/12/13/14/15/16/17/18/19/20,True,False,physionet/eegmmidb/1.0.0/S011/S011R14.edf,ba4007cd1ab12e9f87fb8a0d158b55e9b236cf29190db21709482290a05adbb9
11,11,14,11,23,S011_R14_T11,both_fists_imagery,0,both_feet_imagery,1,0.6920650098284516,False,spectral_baseline_6,1/2/3/4/5/6/7/8/9/10/12/13/14/15/16/17/18/19/20,True,False,physionet/eegmmidb/1.0.0/S011/S011R14.edf,ba4007cd1ab12e9f87fb8a0d158b55e9b236cf29190db21709482290a05adbb9
11,11,14,12,25,S011_R14_T12,both_feet_imagery,1,both_fists_imagery,0,-0.48510849651910937,False,spectral_baseline_6,1/2/3/4/5/6/7/8/9/10/12/13/14/15/16/17/18/19/20,True,False,physionet/eegmmidb/1.0.0/S011/S011R14.edf,ba4007cd1ab12e9f87fb8a0d158b55e9b236cf29190db21709482290a05adbb9
11,11,14,13,27,S011_R14_T13,both_fists_imagery,0,both_fists_imagery,0,-0.2601069507451148,True,spectral_baseline_6,1/2/3/4/5/6/7/8/9/10/12/13/14/15/16/17/18/19/20,True,False,physionet/eegmmidb/1.0.0/S011/S011R14.edf,ba4007cd1ab12e9f87fb8a0d158b55e9b236cf29190db21709482290a05adbb9
11,11,14,14,29,S011_R14_T14,both_feet_imagery,1,both_fists_imagery,0,-0.03350343054810623,False,spectral_baseline_6,1/2/3/4/5/6/7/8/9/10/12/13/14/15/16/17/18/19/20,True,False,physionet/eegmmidb/1.0.0/S011/S011R14.edf,ba4007cd1ab12e9f87fb8a0d158b55e9b236cf29190db21709482290a05adbb9
11,11,6,0,1,S011_R06_T00,both_feet_imagery,1,both_feet_imagery,1,0.08412050211461242,True,csp_4_empirical,1/2/3/4/5/6/7/8/9/10/12/13/14/15/16/17/18/19/20,True,False,physionet/eegmmidb/1.0.0/S011/S011R06.edf,05e960ac5207e35af7dc1fe492b78c7f473340aa88a6639a8e9d711d27c80270
11,11,6,1,3,S011_R06_T01,both_fists_imagery,0,both_fists_imagery,0,-0.04772390113209568,True,csp_4_empirical,1/2/3/4/5/6/7/8/9/10/12/13/14/15/16/17/18/19/20,True,False,physionet/eegmmidb/1.0.0/S011/S011R06.edf,05e960ac5207e35af7dc1fe492b78c7f473340aa88a6639a8e9d711d27c80270
11,11,6,2,5,S011_R06_T02,both_fists_imagery,0,both_fists_imagery,0,-0.03688316455998486,True,csp_4_empirical,1/2/3/4/5/6/7/8/9/10/12/13/14/15/16/17/18/19/20,True,False,physionet/eegmmidb/1.0.0/S011/S011R06.edf,05e960ac5207e35af7dc1fe492b78c7f473340aa88a6639a8e9d711d27c80270
11,11,6,3,7,S011_R06_T03,both_feet_imagery,1,both_feet_imagery,1,0.044531826706994404,True,csp_4_empirical,1/2/3/4/5/6/7/8/9/10/12/13/14/15/16/17/18/19/20,True,False,physionet/eegmmidb/1.0.0/S011/S011R06.edf,05e960ac5207e35af7dc1fe492b78c7f473340aa88a6639a8e9d711d27c80270
11,11,6,4,9,S011_R06_T04,both_feet_imagery,1,both_fists_imagery,0,-0.17124743216462168,False,csp_4_empirical,1/2/3/4/5/6/7/8/9/10/12/13/14/15/16/17/18/19/20,True,False,physionet/eegmmidb/1.0.0/S011/S011R06.edf,05e960ac5207e35af7dc1fe492b78c7f473340aa88a6639a8e9d711d27c80270
11,11,6,5,11,S011_R06_T05,both_fists_imagery,0,both_fists_imagery,0,-0.15531162563959344,True,csp_4_empirical,1/2/3/4/5/6/7/8/9/10/12/13/14/15/16/17/18/19/20,True,False,physionet/eegmmidb/1.0.0/S011/S011R06.edf,05e960ac5207e35af7dc1fe492b78c7f473340aa88a6639a8e9d711d27c80270
11,11,6,6,13,S011_R06_T06,both_feet_imagery,1,both_fists_imagery,0,-0.3363046277956274,False,csp_4_empirical,1/2/3/4/5/6/7/8/9/10/12/13/14/15/16/17/18/19/20,True,False,physionet/eegmmidb/1.0.0/S011/S011R06.edf,05e960ac5207e35af7dc1fe492b78c7f473340aa88a6639a8e9d711d27c80270
11,11,6,7,15,S011_R06_T07,both_fists_imagery,0,both_fists_imagery,0,-0.49958735712312696,True,csp_4_empirical,1/2/3/4/5/6/7/8/9/10/12/13/14/15/16/17/18/19/20,True,False,physionet/eegmmidb/1.0.0/S011/S011R06.edf,05e960ac5207e35af7dc1fe492b78c7f473340aa88a6639a8e9d711d27c80270
11,11,6,8,17,S011_R06_T08,both_fists_imagery,0,both_fists_imagery,0,-1.3873586741384796,True,csp_4_empirical,1/2/3/4/5/6/7/8/9/10/12/13/14/15/16/17/18/19/20,True,False,physionet/eegmmidb/1.0.0/S011/S011R06.edf,05e960ac5207e35af7dc1fe492b78c7f473340aa88a6639a8e9d711d27c80270
11,11,6,9,19,S011_R06_T09,both_feet_imagery,1,both_feet_imagery,1,0.7976397897455031,True,csp_4_empirical,1/2/3/4/5/6/7/8/9/10/12/13/14/15/16/17/18/19/20,True,False,physionet/eegmmidb/1.0.0/S011/S011R06.edf,05e960ac5207e35af7dc1fe492b78c7f473340aa88a6639a8e9d711d27c80270
11,11,6,10,21,S011_R06_T10,both_fists_imagery,0,both_fists_imagery,0,-1.375160431880261,True,csp_4_empirical,1/2/3/4/5/6/7/8/9/10/12/13/14/15/16/17/18/19/20,True,False,physionet/eegmmidb/1.0.0/S011/S011R06.edf,05e960ac5207e35af7dc1fe492b78c7f473340aa88a6639a8e9d711d27c80270
11,11,6,11,23,S011_R06_T11,both_feet_imagery,1,both_feet_imagery,1,0.12549497857849723,True,csp_4_empirical,1/2/3/4/5/6/7/8/9/10/12/13/14/15/16/17/18/19/20,True,False,physionet/eegmmidb/1.0.0/S011/S011R06.edf,05e960ac5207e35af7dc1fe492b78c7f473340aa88a6639a8e9d711d27c80270
11,11,6,12,25,S011_R06_T12,both_feet_imagery,1,both_fists_imagery,0,-0.11374452608920993,False,csp_4_empirical,1/2/3/4/5/6/7/8/9/10/12/13/14/15/16/17/18/19/20,True,False,physionet/eegmmidb/1.0.0/S011/S011R06.edf,05e960ac5207e35af7dc1fe492b78c7f473340aa88a6639a8e9d711d27c80270
11,11,6,13,27,S011_R06_T13,both_fists_imagery,0,both_fists_imagery,0,-0.5121369195764184,True,csp_4_empirical,1/2/3/4/5/6/7/8/9/10/12/13/14/15/16/17/18/19/20,True,False,physionet/eegmmidb/1.0.0/S011/S011R06.edf,05e960ac5207e35af7dc1fe492b78c7f473340aa88a6639a8e9d711d27c80270
11,11,6,14,29,S011_R06_T14,both_fists_imagery,0,both_fists_imagery,0,-1.2471385327674875,True,csp_4_empirical,1/2/3/4/5/6/7/8/9/10/12/13/14/15/16/17/18/19/20,True,False,physionet/eegmmidb/1.0.0/S011/S011R06.edf,05e960ac5207e35af7dc1fe492b78c7f473340aa88a6639a8e9d711d27c80270
11,11,10,0,1,S011_R10_T00,both_fists_imagery,0,both_fists_imagery,0,-0.3869696538120977,True,csp_4_empirical,1/2/3/4/5/6/7/8/9/10/12/13/14/15/16/17/18/19/20,True,False,physionet/eegmmidb/1.0.0/S011/S011R10.edf,f3941502e7692576978f24c14c837b07e760fb94cdc65f2358790375d5537d87
11,11,10,1,3,S011_R10_T01,both_feet_imagery,1,both_fists_imagery,0,-0.46944313313991415,False,csp_4_empirical,1/2/3/4/5/6/7/8/9/10/12/13/14/15/16/17/18/19/20,True,False,physionet/eegmmidb/1.0.0/S011/S011R10.edf,f3941502e7692576978f24c14c837b07e760fb94cdc65f2358790375d5537d87
11,11,10,2,5,S011_R10_T02,both_feet_imagery,1,both_feet_imagery,1,0.3683607325549486,True,csp_4_empirical,1/2/3/4/5/6/7/8/9/10/12/13/14/15/16/17/18/19/20,True,False,physionet/eegmmidb/1.0.0/S011/S011R10.edf,f3941502e7692576978f24c14c837b07e760fb94cdc65f2358790375d5537d87
11,11,10,3,7,S011_R10_T03,both_fists_imagery,0,both_feet_imagery,1,0.372272288511318,False,csp_4_empirical,1/2/3/4/5/6/7/8/9/10/12/13/14/15/16/17/18/19/20,True,False,physionet/eegmmidb/1.0.0/S011/S011R10.edf,f3941502e7692576978f24c14c837b07e760fb94cdc65f2358790375d5537d87
11,11,10,4,9,S011_R10_T04,both_feet_imagery,1,both_feet_imagery,1,0.5575921249286493,True,csp_4_empirical,1/2/3/4/5/6/7/8/9/10/12/13/14/15/16/17/18/19/20,True,False,physionet/eegmmidb/1.0.0/S011/S011R10.edf,f3941502e7692576978f24c14c837b07e760fb94cdc65f2358790375d5537d87
11,11,10,5,11,S011_R10_T05,both_fists_imagery,0,both_feet_imagery,1,0.33393936865097607,False,csp_4_empirical,1/2/3/4/5/6/7/8/9/10/12/13/14/15/16/17/18/19/20,True,False,physionet/eegmmidb/1.0.0/S011/S011R10.edf,f3941502e7692576978f24c14c837b07e760fb94cdc65f2358790375d5537d87
11,11,10,6,13,S011_R10_T06,both_feet_imagery,1,both_feet_imagery,1,0.37938026390334356,True,csp_4_empirical,1/2/3/4/5/6/7/8/9/10/12/13/14/15/16/17/18/19/20,True,False,physionet/eegmmidb/1.0.0/S011/S011R10.edf,f3941502e7692576978f24c14c837b07e760fb94cdc65f2358790375d5537d87
11,11,10,7,15,S011_R10_T07,both_fists_imagery,0,both_fists_imagery,0,-0.6360568791269543,True,csp_4_empirical,1/2/3/4/5/6/7/8/9/10/12/13/14/15/16/17/18/19/20,True,False,physionet/eegmmidb/1.0.0/S011/S011R10.edf,f3941502e7692576978f24c14c837b07e760fb94cdc65f2358790375d5537d87
11,11,10,8,17,S011_R10_T08,both_feet_imagery,1,both_feet_imagery,1,0.44347695574554025,True,csp_4_empirical,1/2/3/4/5/6/7/8/9/10/12/13/14/15/16/17/18/19/20,True,False,physionet/eegmmidb/1.0.0/S011/S011R10.edf,f3941502e7692576978f24c14c837b07e760fb94cdc65f2358790375d5537d87
11,11,10,9,19,S011_R10_T09,both_fists_imagery,0,both_fists_imagery,0,-0.6422626368608623,True,csp_4_empirical,1/2/3/4/5/6/7/8/9/10/12/13/14/15/16/17/18/19/20,True,False,physionet/eegmmidb/1.0.0/S011/S011R10.edf,f3941502e7692576978f24c14c837b07e760fb94cdc65f2358790375d5537d87
11,11,10,10,21,S011_R10_T10,both_fists_imagery,0,both_feet_imagery,1,0.2877049977532963,False,csp_4_empirical,1/2/3/4/5/6/7/8/9/10/12/13/14/15/16/17/18/19/20,True,False,physionet/eegmmidb/1.0.0/S011/S011R10.edf,f3941502e7692576978f24c14c837b07e760fb94cdc65f2358790375d5537d87
11,11,10,11,23,S011_R10_T11,both_feet_imagery,1,both_feet_imagery,1,0.29866886041376595,True,csp_4_empirical,1/2/3/4/5/6/7/8/9/10/12/13/14/15/16/17/18/19/20,True,False,physionet/eegmmidb/1.0.0/S011/S011R10.edf,f3941502e7692576978f24c14c837b07e760fb94cdc65f2358790375d5537d87
11,11,10,12,25,S011_R10_T12,both_feet_imagery,1,both_fists_imagery,0,-0.03709470588548125,False,csp_4_empirical,1/2/3/4/5/6/7/8/9/10/12/13/14/15/16/17/18/19/20,True,False,physionet/eegmmidb/1.0.0/S011/S011R10.edf,f3941502e7692576978f24c14c837b07e760fb94cdc65f2358790375d5537d87
11,11,10,13,27,S011_R10_T13,both_fists_imagery,0,both_fists_imagery,0,-0.16363481529301727,True,csp_4_empirical,1/2/3/4/5/6/7/8/9/10/12/13/14/15/16/17/18/19/20,True,False,physionet/eegmmidb/1.0.0/S011/S011R10.edf,f3941502e7692576978f24c14c837b07e760fb94cdc65f2358790375d5537d87
11,11,10,14,29,S011_R10_T14,both_feet_imagery,1,both_fists_imagery,0,-0.2018849069564621,False,csp_4_empirical,1/2/3/4/5/6/7/8/9/10/12/13/14/15/16/17/18/19/20,True,False,physionet/eegmmidb/1.0.0/S011/S011R10.edf,f3941502e7692576978f24c14c837b07e760fb94cdc65f2358790375d5537d87
11,11,14,0,1,S011_R14_T00,both_fists_imagery,0,both_feet_imagery,1,0.14134248623918666,False,csp_4_empirical,1/2/3/4/5/6/7/8/9/10/12/13/14/15/16/17/18/19/20,True,False,physionet/eegmmidb/1.0.0/S011/S011R14.edf,ba4007cd1ab12e9f87fb8a0d158b55e9b236cf29190db21709482290a05adbb9
11,11,14,1,3,S011_R14_T01,both_feet_imagery,1,both_feet_imagery,1,0.8440021527757501,True,csp_4_empirical,1/2/3/4/5/6/7/8/9/10/12/13/14/15/16/17/18/19/20,True,False,physionet/eegmmidb/1.0.0/S011/S011R14.edf,ba4007cd1ab12e9f87fb8a0d158b55e9b236cf29190db21709482290a05adbb9
11,11,14,2,5,S011_R14_T02,both_feet_imagery,1,both_feet_imagery,1,0.7392871664288896,True,csp_4_empirical,1/2/3/4/5/6/7/8/9/10/12/13/14/15/16/17/18/19/20,True,False,physionet/eegmmidb/1.0.0/S011/S011R14.edf,ba4007cd1ab12e9f87fb8a0d158b55e9b236cf29190db21709482290a05adbb9
11,11,14,3,7,S011_R14_T03,both_fists_imagery,0,both_fists_imagery,0,-1.4081040358160606,True,csp_4_empirical,1/2/3/4/5/6/7/8/9/10/12/13/14/15/16/17/18/19/20,True,False,physionet/eegmmidb/1.0.0/S011/S011R14.edf,ba4007cd1ab12e9f87fb8a0d158b55e9b236cf29190db21709482290a05adbb9
11,11,14,4,9,S011_R14_T04,both_feet_imagery,1,both_feet_imagery,1,0.7458536089845628,True,csp_4_empirical,1/2/3/4/5/6/7/8/9/10/12/13/14/15/16/17/18/19/20,True,False,physionet/eegmmidb/1.0.0/S011/S011R14.edf,ba4007cd1ab12e9f87fb8a0d158b55e9b236cf29190db21709482290a05adbb9
11,11,14,5,11,S011_R14_T05,both_fists_imagery,0,both_fists_imagery,0,-0.4539540163840975,True,csp_4_empirical,1/2/3/4/5/6/7/8/9/10/12/13/14/15/16/17/18/19/20,True,False,physionet/eegmmidb/1.0.0/S011/S011R14.edf,ba4007cd1ab12e9f87fb8a0d158b55e9b236cf29190db21709482290a05adbb9
11,11,14,6,13,S011_R14_T06,both_fists_imagery,0,both_fists_imagery,0,-1.5983873010364573,True,csp_4_empirical,1/2/3/4/5/6/7/8/9/10/12/13/14/15/16/17/18/19/20,True,False,physionet/eegmmidb/1.0.0/S011/S011R14.edf,ba4007cd1ab12e9f87fb8a0d158b55e9b236cf29190db21709482290a05adbb9
11,11,14,7,15,S011_R14_T07,both_feet_imagery,1,both_fists_imagery,0,-0.009445637218142955,False,csp_4_empirical,1/2/3/4/5/6/7/8/9/10/12/13/14/15/16/17/18/19/20,True,False,physionet/eegmmidb/1.0.0/S011/S011R14.edf,ba4007cd1ab12e9f87fb8a0d158b55e9b236cf29190db21709482290a05adbb9
11,11,14,8,17,S011_R14_T08,both_feet_imagery,1,both_feet_imagery,1,0.8165510125419941,True,csp_4_empirical,1/2/3/4/5/6/7/8/9/10/12/13/14/15/16/17/18/19/20,True,False,physionet/eegmmidb/1.0.0/S011/S011R14.edf,ba4007cd1ab12e9f87fb8a0d158b55e9b236cf29190db21709482290a05adbb9
11,11,14,9,19,S011_R14_T09,both_fists_imagery,0,both_fists_imagery,0,-0.35377815555025693,True,csp_4_empirical,1/2/3/4/5/6/7/8/9/10/12/13/14/15/16/17/18/19/20,True,False,physionet/eegmmidb/1.0.0/S011/S011R14.edf,ba4007cd1ab12e9f87fb8a0d158b55e9b236cf29190db21709482290a05adbb9
11,11,14,10,21,S011_R14_T10,both_feet_imagery,1,both_feet_imagery,1,0.41062226445460503,True,csp_4_empirical,1/2/3/4/5/6/7/8/9/10/12/13/14/15/16/17/18/19/20,True,False,physionet/eegmmidb/1.0.0/S011/S011R14.edf,ba4007cd1ab12e9f87fb8a0d158b55e9b236cf29190db21709482290a05adbb9
11,11,14,11,23,S011_R14_T11,both_fists_imagery,0,both_feet_imagery,1,0.7520737886741692,False,csp_4_empirical,1/2/3/4/5/6/7/8/9/10/12/13/14/15/16/17/18/19/20,True,False,physionet/eegmmidb/1.0.0/S011/S011R14.edf,ba4007cd1ab12e9f87fb8a0d158b55e9b236cf29190db21709482290a05adbb9
11,11,14,12,25,S011_R14_T12,both_feet_imagery,1,both_feet_imagery,1,0.7499928276126268,True,csp_4_empirical,1/2/3/4/5/6/7/8/9/10/12/13/14/15/16/17/18/19/20,True,False,physionet/eegmmidb/1.0.0/S011/S011R14.edf,ba4007cd1ab12e9f87fb8a0d158b55e9b236cf29190db21709482290a05adbb9
11,11,14,13,27,S011_R14_T13,both_fists_imagery,0,both_feet_imagery,1,0.7545170822387959,False,csp_4_empirical,1/2/3/4/5/6/7/8/9/10/12/13/14/15/16/17/18/19/20,True,False,physionet/eegmmidb/1.0.0/S011/S011R14.edf,ba4007cd1ab12e9f87fb8a0d158b55e9b236cf29190db21709482290a05adbb9
11,11,14,14,29,S011_R14_T14,both_feet_imagery,1,both_feet_imagery,1,0.4018200316711583,True,csp_4_empirical,1/2/3/4/5/6/7/8/9/10/12/13/14/15/16/17/18/19/20,True,False,physionet/eegmmidb/1.0.0/S011/S011R14.edf,ba4007cd1ab12e9f87fb8a0d158b55e9b236cf29190db21709482290a05adbb9
12,12,6,0,1,S012_R06_T00,both_feet_imagery,1,both_feet_imagery,1,0.30385798827560606,True,spectral_baseline_6,1/2/3/4/5/6/7/8/9/10/11/13/14/15/16/17/18/19/20,True,False,physionet/eegmmidb/1.0.0/S012/S012R06.edf,fe617707aa63e902238e4de12cd8ec22c55822d05d09f60bccab9d08ac53055a
12,12,6,1,3,S012_R06_T01,both_fists_imagery,0,both_fists_imagery,0,-0.10978342609933217,True,spectral_baseline_6,1/2/3/4/5/6/7/8/9/10/11/13/14/15/16/17/18/19/20,True,False,physionet/eegmmidb/1.0.0/S012/S012R06.edf,fe617707aa63e902238e4de12cd8ec22c55822d05d09f60bccab9d08ac53055a
12,12,6,2,5,S012_R06_T02,both_fists_imagery,0,both_fists_imagery,0,-0.13634096125778505,True,spectral_baseline_6,1/2/3/4/5/6/7/8/9/10/11/13/14/15/16/17/18/19/20,True,False,physionet/eegmmidb/1.0.0/S012/S012R06.edf,fe617707aa63e902238e4de12cd8ec22c55822d05d09f60bccab9d08ac53055a
12,12,6,3,7,S012_R06_T03,both_feet_imagery,1,both_feet_imagery,1,0.08841498981074336,True,spectral_baseline_6,1/2/3/4/5/6/7/8/9/10/11/13/14/15/16/17/18/19/20,True,False,physionet/eegmmidb/1.0.0/S012/S012R06.edf,fe617707aa63e902238e4de12cd8ec22c55822d05d09f60bccab9d08ac53055a
12,12,6,4,9,S012_R06_T04,both_feet_imagery,1,both_feet_imagery,1,0.2765588278913026,True,spectral_baseline_6,1/2/3/4/5/6/7/8/9/10/11/13/14/15/16/17/18/19/20,True,False,physionet/eegmmidb/1.0.0/S012/S012R06.edf,fe617707aa63e902238e4de12cd8ec22c55822d05d09f60bccab9d08ac53055a
12,12,6,5,11,S012_R06_T05,both_fists_imagery,0,both_feet_imagery,1,0.1755632948615372,False,spectral_baseline_6,1/2/3/4/5/6/7/8/9/10/11/13/14/15/16/17/18/19/20,True,False,physionet/eegmmidb/1.0.0/S012/S012R06.edf,fe617707aa63e902238e4de12cd8ec22c55822d05d09f60bccab9d08ac53055a
12,12,6,6,13,S012_R06_T06,both_feet_imagery,1,both_feet_imagery,1,0.3860732828568329,True,spectral_baseline_6,1/2/3/4/5/6/7/8/9/10/11/13/14/15/16/17/18/19/20,True,False,physionet/eegmmidb/1.0.0/S012/S012R06.edf,fe617707aa63e902238e4de12cd8ec22c55822d05d09f60bccab9d08ac53055a
12,12,6,7,15,S012_R06_T07,both_fists_imagery,0,both_feet_imagery,1,0.041414977552416854,False,spectral_baseline_6,1/2/3/4/5/6/7/8/9/10/11/13/14/15/16/17/18/19/20,True,False,physionet/eegmmidb/1.0.0/S012/S012R06.edf,fe617707aa63e902238e4de12cd8ec22c55822d05d09f60bccab9d08ac53055a
12,12,6,8,17,S012_R06_T08,both_feet_imagery,1,both_fists_imagery,0,-0.03413896033700723,False,spectral_baseline_6,1/2/3/4/5/6/7/8/9/10/11/13/14/15/16/17/18/19/20,True,False,physionet/eegmmidb/1.0.0/S012/S012R06.edf,fe617707aa63e902238e4de12cd8ec22c55822d05d09f60bccab9d08ac53055a
12,12,6,9,19,S012_R06_T09,both_fists_imagery,0,both_feet_imagery,1,0.3934638011439852,False,spectral_baseline_6,1/2/3/4/5/6/7/8/9/10/11/13/14/15/16/17/18/19/20,True,False,physionet/eegmmidb/1.0.0/S012/S012R06.edf,fe617707aa63e902238e4de12cd8ec22c55822d05d09f60bccab9d08ac53055a
12,12,6,10,21,S012_R06_T10,both_feet_imagery,1,both_feet_imagery,1,0.19719879038041238,True,spectral_baseline_6,1/2/3/4/5/6/7/8/9/10/11/13/14/15/16/17/18/19/20,True,False,physionet/eegmmidb/1.0.0/S012/S012R06.edf,fe617707aa63e902238e4de12cd8ec22c55822d05d09f60bccab9d08ac53055a
12,12,6,11,23,S012_R06_T11,both_fists_imagery,0,both_feet_imagery,1,1.0098615533179933,False,spectral_baseline_6,1/2/3/4/5/6/7/8/9/10/11/13/14/15/16/17/18/19/20,True,False,physionet/eegmmidb/1.0.0/S012/S012R06.edf,fe617707aa63e902238e4de12cd8ec22c55822d05d09f60bccab9d08ac53055a
12,12,6,12,25,S012_R06_T12,both_fists_imagery,0,both_feet_imagery,1,0.5581016670795057,False,spectral_baseline_6,1/2/3/4/5/6/7/8/9/10/11/13/14/15/16/17/18/19/20,True,False,physionet/eegmmidb/1.0.0/S012/S012R06.edf,fe617707aa63e902238e4de12cd8ec22c55822d05d09f60bccab9d08ac53055a
12,12,6,13,27,S012_R06_T13,both_feet_imagery,1,both_feet_imagery,1,0.3927358963129872,True,spectral_baseline_6,1/2/3/4/5/6/7/8/9/10/11/13/14/15/16/17/18/19/20,True,False,physionet/eegmmidb/1.0.0/S012/S012R06.edf,fe617707aa63e902238e4de12cd8ec22c55822d05d09f60bccab9d08ac53055a
12,12,6,14,29,S012_R06_T14,both_feet_imagery,1,both_feet_imagery,1,0.03666004153791269,True,spectral_baseline_6,1/2/3/4/5/6/7/8/9/10/11/13/14/15/16/17/18/19/20,True,False,physionet/eegmmidb/1.0.0/S012/S012R06.edf,fe617707aa63e902238e4de12cd8ec22c55822d05d09f60bccab9d08ac53055a
12,12,10,0,1,S012_R10_T00,both_feet_imagery,1,both_feet_imagery,1,0.03686510969533474,True,spectral_baseline_6,1/2/3/4/5/6/7/8/9/10/11/13/14/15/16/17/18/19/20,True,False,physionet/eegmmidb/1.0.0/S012/S012R10.edf,f70b4292ae24574f7f4835ae89e7d5fc6350c26d0d8da86b347ea0bf4956a17a
12,12,10,1,3,S012_R10_T01,both_fists_imagery,0,both_feet_imagery,1,0.37418803888732294,False,spectral_baseline_6,1/2/3/4/5/6/7/8/9/10/11/13/14/15/16/17/18/19/20,True,False,physionet/eegmmidb/1.0.0/S012/S012R10.edf,f70b4292ae24574f7f4835ae89e7d5fc6350c26d0d8da86b347ea0bf4956a17a
12,12,10,2,5,S012_R10_T02,both_feet_imagery,1,both_fists_imagery,0,-0.3701909927190278,False,spectral_baseline_6,1/2/3/4/5/6/7/8/9/10/11/13/14/15/16/17/18/19/20,True,False,physionet/eegmmidb/1.0.0/S012/S012R10.edf,f70b4292ae24574f7f4835ae89e7d5fc6350c26d0d8da86b347ea0bf4956a17a
12,12,10,3,7,S012_R10_T03,both_fists_imagery,0,both_feet_imagery,1,0.2935645327928761,False,spectral_baseline_6,1/2/3/4/5/6/7/8/9/10/11/13/14/15/16/17/18/19/20,True,False,physionet/eegmmidb/1.0.0/S012/S012R10.edf,f70b4292ae24574f7f4835ae89e7d5fc6350c26d0d8da86b347ea0bf4956a17a
12,12,10,4,9,S012_R10_T04,both_feet_imagery,1,both_fists_imagery,0,-0.05428542856523771,False,spectral_baseline_6,1/2/3/4/5/6/7/8/9/10/11/13/14/15/16/17/18/19/20,True,False,physionet/eegmmidb/1.0.0/S012/S012R10.edf,f70b4292ae24574f7f4835ae89e7d5fc6350c26d0d8da86b347ea0bf4956a17a
12,12,10,5,11,S012_R10_T05,both_fists_imagery,0,both_feet_imagery,1,0.4284125283719645,False,spectral_baseline_6,1/2/3/4/5/6/7/8/9/10/11/13/14/15/16/17/18/19/20,True,False,physionet/eegmmidb/1.0.0/S012/S012R10.edf,f70b4292ae24574f7f4835ae89e7d5fc6350c26d0d8da86b347ea0bf4956a17a
12,12,10,6,13,S012_R10_T06,both_fists_imagery,0,both_feet_imagery,1,0.17549811232124263,False,spectral_baseline_6,1/2/3/4/5/6/7/8/9/10/11/13/14/15/16/17/18/19/20,True,False,physionet/eegmmidb/1.0.0/S012/S012R10.edf,f70b4292ae24574f7f4835ae89e7d5fc6350c26d0d8da86b347ea0bf4956a17a
12,12,10,7,15,S012_R10_T07,both_feet_imagery,1,both_fists_imagery,0,-0.24695813211207715,False,spectral_baseline_6,1/2/3/4/5/6/7/8/9/10/11/13/14/15/16/17/18/19/20,True,False,physionet/eegmmidb/1.0.0/S012/S012R10.edf,f70b4292ae24574f7f4835ae89e7d5fc6350c26d0d8da86b347ea0bf4956a17a
12,12,10,8,17,S012_R10_T08,both_feet_imagery,1,both_fists_imagery,0,-0.05164422836711627,False,spectral_baseline_6,1/2/3/4/5/6/7/8/9/10/11/13/14/15/16/17/18/19/20,True,False,physionet/eegmmidb/1.0.0/S012/S012R10.edf,f70b4292ae24574f7f4835ae89e7d5fc6350c26d0d8da86b347ea0bf4956a17a
12,12,10,9,19,S012_R10_T09,both_fists_imagery,0,both_fists_imagery,0,-0.5717065319702521,True,spectral_baseline_6,1/2/3/4/5/6/7/8/9/10/11/13/14/15/16/17/18/19/20,True,False,physionet/eegmmidb/1.0.0/S012/S012R10.edf,f70b4292ae24574f7f4835ae89e7d5fc6350c26d0d8da86b347ea0bf4956a17a
12,12,10,10,21,S012_R10_T10,both_feet_imagery,1,both_feet_imagery,1,0.11030546198920793,True,spectral_baseline_6,1/2/3/4/5/6/7/8/9/10/11/13/14/15/16/17/18/19/20,True,False,physionet/eegmmidb/1.0.0/S012/S012R10.edf,f70b4292ae24574f7f4835ae89e7d5fc6350c26d0d8da86b347ea0bf4956a17a
12,12,10,11,23,S012_R10_T11,both_fists_imagery,0,both_fists_imagery,0,-0.3697124267526288,True,spectral_baseline_6,1/2/3/4/5/6/7/8/9/10/11/13/14/15/16/17/18/19/20,True,False,physionet/eegmmidb/1.0.0/S012/S012R10.edf,f70b4292ae24574f7f4835ae89e7d5fc6350c26d0d8da86b347ea0bf4956a17a
12,12,10,12,25,S012_R10_T12,both_feet_imagery,1,both_feet_imagery,1,0.13685008319179556,True,spectral_baseline_6,1/2/3/4/5/6/7/8/9/10/11/13/14/15/16/17/18/19/20,True,False,physionet/eegmmidb/1.0.0/S012/S012R10.edf,f70b4292ae24574f7f4835ae89e7d5fc6350c26d0d8da86b347ea0bf4956a17a
12,12,10,13,27,S012_R10_T13,both_fists_imagery,0,both_fists_imagery,0,-0.09635456260552899,True,spectral_baseline_6,1/2/3/4/5/6/7/8/9/10/11/13/14/15/16/17/18/19/20,True,False,physionet/eegmmidb/1.0.0/S012/S012R10.edf,f70b4292ae24574f7f4835ae89e7d5fc6350c26d0d8da86b347ea0bf4956a17a
12,12,10,14,29,S012_R10_T14,both_feet_imagery,1,both_feet_imagery,1,0.18904704634025088,True,spectral_baseline_6,1/2/3/4/5/6/7/8/9/10/11/13/14/15/16/17/18/19/20,True,False,physionet/eegmmidb/1.0.0/S012/S012R10.edf,f70b4292ae24574f7f4835ae89e7d5fc6350c26d0d8da86b347ea0bf4956a17a
12,12,14,0,1,S012_R14_T00,both_fists_imagery,0,both_feet_imagery,1,0.18576562577070277,False,spectral_baseline_6,1/2/3/4/5/6/7/8/9/10/11/13/14/15/16/17/18/19/20,True,False,physionet/eegmmidb/1.0.0/S012/S012R14.edf,e1b65406fcdf9107d1cb5ec813b7dac9a074a212172d1f79fc403304125900ff
12,12,14,1,3,S012_R14_T01,both_feet_imagery,1,both_feet_imagery,1,0.005755628306136795,True,spectral_baseline_6,1/2/3/4/5/6/7/8/9/10/11/13/14/15/16/17/18/19/20,True,False,physionet/eegmmidb/1.0.0/S012/S012R14.edf,e1b65406fcdf9107d1cb5ec813b7dac9a074a212172d1f79fc403304125900ff
12,12,14,2,5,S012_R14_T02,both_feet_imagery,1,both_feet_imagery,1,0.2052406288523636,True,spectral_baseline_6,1/2/3/4/5/6/7/8/9/10/11/13/14/15/16/17/18/19/20,True,False,physionet/eegmmidb/1.0.0/S012/S012R14.edf,e1b65406fcdf9107d1cb5ec813b7dac9a074a212172d1f79fc403304125900ff
12,12,14,3,7,S012_R14_T03,both_fists_imagery,0,both_feet_imagery,1,0.27202136625372175,False,spectral_baseline_6,1/2/3/4/5/6/7/8/9/10/11/13/14/15/16/17/18/19/20,True,False,physionet/eegmmidb/1.0.0/S012/S012R14.edf,e1b65406fcdf9107d1cb5ec813b7dac9a074a212172d1f79fc403304125900ff
12,12,14,4,9,S012_R14_T04,both_feet_imagery,1,both_feet_imagery,1,0.023080832429116405,True,spectral_baseline_6,1/2/3/4/5/6/7/8/9/10/11/13/14/15/16/17/18/19/20,True,False,physionet/eegmmidb/1.0.0/S012/S012R14.edf,e1b65406fcdf9107d1cb5ec813b7dac9a074a212172d1f79fc403304125900ff
12,12,14,5,11,S012_R14_T05,both_fists_imagery,0,both_fists_imagery,0,-0.35962075792089165,True,spectral_baseline_6,1/2/3/4/5/6/7/8/9/10/11/13/14/15/16/17/18/19/20,True,False,physionet/eegmmidb/1.0.0/S012/S012R14.edf,e1b65406fcdf9107d1cb5ec813b7dac9a074a212172d1f79fc403304125900ff
12,12,14,6,13,S012_R14_T06,both_fists_imagery,0,both_fists_imagery,0,-0.5720717737431654,True,spectral_baseline_6,1/2/3/4/5/6/7/8/9/10/11/13/14/15/16/17/18/19/20,True,False,physionet/eegmmidb/1.0.0/S012/S012R14.edf,e1b65406fcdf9107d1cb5ec813b7dac9a074a212172d1f79fc403304125900ff
12,12,14,7,15,S012_R14_T07,both_feet_imagery,1,both_fists_imagery,0,-0.2679683204483677,False,spectral_baseline_6,1/2/3/4/5/6/7/8/9/10/11/13/14/15/16/17/18/19/20,True,False,physionet/eegmmidb/1.0.0/S012/S012R14.edf,e1b65406fcdf9107d1cb5ec813b7dac9a074a212172d1f79fc403304125900ff
12,12,14,8,17,S012_R14_T08,both_fists_imagery,0,both_feet_imagery,1,0.02951382893224981,False,spectral_baseline_6,1/2/3/4/5/6/7/8/9/10/11/13/14/15/16/17/18/19/20,True,False,physionet/eegmmidb/1.0.0/S012/S012R14.edf,e1b65406fcdf9107d1cb5ec813b7dac9a074a212172d1f79fc403304125900ff
12,12,14,9,19,S012_R14_T09,both_feet_imagery,1,both_feet_imagery,1,0.4835992427320144,True,spectral_baseline_6,1/2/3/4/5/6/7/8/9/10/11/13/14/15/16/17/18/19/20,True,False,physionet/eegmmidb/1.0.0/S012/S012R14.edf,e1b65406fcdf9107d1cb5ec813b7dac9a074a212172d1f79fc403304125900ff
12,12,14,10,21,S012_R14_T10,both_fists_imagery,0,both_feet_imagery,1,0.11351455017267476,False,spectral_baseline_6,1/2/3/4/5/6/7/8/9/10/11/13/14/15/16/17/18/19/20,True,False,physionet/eegmmidb/1.0.0/S012/S012R14.edf,e1b65406fcdf9107d1cb5ec813b7dac9a074a212172d1f79fc403304125900ff
12,12,14,11,23,S012_R14_T11,both_feet_imagery,1,both_feet_imagery,1,0.6366207710884172,True,spectral_baseline_6,1/2/3/4/5/6/7/8/9/10/11/13/14/15/16/17/18/19/20,True,False,physionet/eegmmidb/1.0.0/S012/S012R14.edf,e1b65406fcdf9107d1cb5ec813b7dac9a074a212172d1f79fc403304125900ff
12,12,14,12,25,S012_R14_T12,both_fists_imagery,0,both_fists_imagery,0,-0.4392606039845116,True,spectral_baseline_6,1/2/3/4/5/6/7/8/9/10/11/13/14/15/16/17/18/19/20,True,False,physionet/eegmmidb/1.0.0/S012/S012R14.edf,e1b65406fcdf9107d1cb5ec813b7dac9a074a212172d1f79fc403304125900ff
12,12,14,13,27,S012_R14_T13,both_feet_imagery,1,both_feet_imagery,1,0.6549933151580339,True,spectral_baseline_6,1/2/3/4/5/6/7/8/9/10/11/13/14/15/16/17/18/19/20,True,False,physionet/eegmmidb/1.0.0/S012/S012R14.edf,e1b65406fcdf9107d1cb5ec813b7dac9a074a212172d1f79fc403304125900ff
12,12,14,14,29,S012_R14_T14,both_fists_imagery,0,both_fists_imagery,0,-0.4620960468330504,True,spectral_baseline_6,1/2/3/4/5/6/7/8/9/10/11/13/14/15/16/17/18/19/20,True,False,physionet/eegmmidb/1.0.0/S012/S012R14.edf,e1b65406fcdf9107d1cb5ec813b7dac9a074a212172d1f79fc403304125900ff
12,12,6,0,1,S012_R06_T00,both_feet_imagery,1,both_fists_imagery,0,-0.34548966512462476,False,csp_4_empirical,1/2/3/4/5/6/7/8/9/10/11/13/14/15/16/17/18/19/20,True,False,physionet/eegmmidb/1.0.0/S012/S012R06.edf,fe617707aa63e902238e4de12cd8ec22c55822d05d09f60bccab9d08ac53055a
12,12,6,1,3,S012_R06_T01,both_fists_imagery,0,both_fists_imagery,0,-1.2060106837644722,True,csp_4_empirical,1/2/3/4/5/6/7/8/9/10/11/13/14/15/16/17/18/19/20,True,False,physionet/eegmmidb/1.0.0/S012/S012R06.edf,fe617707aa63e902238e4de12cd8ec22c55822d05d09f60bccab9d08ac53055a
12,12,6,2,5,S012_R06_T02,both_fists_imagery,0,both_fists_imagery,0,-1.3531476050313738,True,csp_4_empirical,1/2/3/4/5/6/7/8/9/10/11/13/14/15/16/17/18/19/20,True,False,physionet/eegmmidb/1.0.0/S012/S012R06.edf,fe617707aa63e902238e4de12cd8ec22c55822d05d09f60bccab9d08ac53055a
12,12,6,3,7,S012_R06_T03,both_feet_imagery,1,both_fists_imagery,0,-0.25638894244161226,False,csp_4_empirical,1/2/3/4/5/6/7/8/9/10/11/13/14/15/16/17/18/19/20,True,False,physionet/eegmmidb/1.0.0/S012/S012R06.edf,fe617707aa63e902238e4de12cd8ec22c55822d05d09f60bccab9d08ac53055a
12,12,6,4,9,S012_R06_T04,both_feet_imagery,1,both_fists_imagery,0,-0.7710212923972187,False,csp_4_empirical,1/2/3/4/5/6/7/8/9/10/11/13/14/15/16/17/18/19/20,True,False,physionet/eegmmidb/1.0.0/S012/S012R06.edf,fe617707aa63e902238e4de12cd8ec22c55822d05d09f60bccab9d08ac53055a
12,12,6,5,11,S012_R06_T05,both_fists_imagery,0,both_fists_imagery,0,-1.5038028515903186,True,csp_4_empirical,1/2/3/4/5/6/7/8/9/10/11/13/14/15/16/17/18/19/20,True,False,physionet/eegmmidb/1.0.0/S012/S012R06.edf,fe617707aa63e902238e4de12cd8ec22c55822d05d09f60bccab9d08ac53055a
12,12,6,6,13,S012_R06_T06,both_feet_imagery,1,both_fists_imagery,0,-1.1745692710443296,False,csp_4_empirical,1/2/3/4/5/6/7/8/9/10/11/13/14/15/16/17/18/19/20,True,False,physionet/eegmmidb/1.0.0/S012/S012R06.edf,fe617707aa63e902238e4de12cd8ec22c55822d05d09f60bccab9d08ac53055a
12,12,6,7,15,S012_R06_T07,both_fists_imagery,0,both_fists_imagery,0,-1.802805019336339,True,csp_4_empirical,1/2/3/4/5/6/7/8/9/10/11/13/14/15/16/17/18/19/20,True,False,physionet/eegmmidb/1.0.0/S012/S012R06.edf,fe617707aa63e902238e4de12cd8ec22c55822d05d09f60bccab9d08ac53055a
12,12,6,8,17,S012_R06_T08,both_feet_imagery,1,both_fists_imagery,0,-1.0987668062409939,False,csp_4_empirical,1/2/3/4/5/6/7/8/9/10/11/13/14/15/16/17/18/19/20,True,False,physionet/eegmmidb/1.0.0/S012/S012R06.edf,fe617707aa63e902238e4de12cd8ec22c55822d05d09f60bccab9d08ac53055a
12,12,6,9,19,S012_R06_T09,both_fists_imagery,0,both_fists_imagery,0,-1.788687298341102,True,csp_4_empirical,1/2/3/4/5/6/7/8/9/10/11/13/14/15/16/17/18/19/20,True,False,physionet/eegmmidb/1.0.0/S012/S012R06.edf,fe617707aa63e902238e4de12cd8ec22c55822d05d09f60bccab9d08ac53055a
12,12,6,10,21,S012_R06_T10,both_feet_imagery,1,both_fists_imagery,0,-1.1888871472953948,False,csp_4_empirical,1/2/3/4/5/6/7/8/9/10/11/13/14/15/16/17/18/19/20,True,False,physionet/eegmmidb/1.0.0/S012/S012R06.edf,fe617707aa63e902238e4de12cd8ec22c55822d05d09f60bccab9d08ac53055a
12,12,6,11,23,S012_R06_T11,both_fists_imagery,0,both_fists_imagery,0,-1.1542442403650046,True,csp_4_empirical,1/2/3/4/5/6/7/8/9/10/11/13/14/15/16/17/18/19/20,True,False,physionet/eegmmidb/1.0.0/S012/S012R06.edf,fe617707aa63e902238e4de12cd8ec22c55822d05d09f60bccab9d08ac53055a
12,12,6,12,25,S012_R06_T12,both_fists_imagery,0,both_fists_imagery,0,-1.595340332263985,True,csp_4_empirical,1/2/3/4/5/6/7/8/9/10/11/13/14/15/16/17/18/19/20,True,False,physionet/eegmmidb/1.0.0/S012/S012R06.edf,fe617707aa63e902238e4de12cd8ec22c55822d05d09f60bccab9d08ac53055a
12,12,6,13,27,S012_R06_T13,both_feet_imagery,1,both_fists_imagery,0,-1.608412638990787,False,csp_4_empirical,1/2/3/4/5/6/7/8/9/10/11/13/14/15/16/17/18/19/20,True,False,physionet/eegmmidb/1.0.0/S012/S012R06.edf,fe617707aa63e902238e4de12cd8ec22c55822d05d09f60bccab9d08ac53055a
12,12,6,14,29,S012_R06_T14,both_feet_imagery,1,both_fists_imagery,0,-1.5943662462496841,False,csp_4_empirical,1/2/3/4/5/6/7/8/9/10/11/13/14/15/16/17/18/19/20,True,False,physionet/eegmmidb/1.0.0/S012/S012R06.edf,fe617707aa63e902238e4de12cd8ec22c55822d05d09f60bccab9d08ac53055a
12,12,10,0,1,S012_R10_T00,both_feet_imagery,1,both_fists_imagery,0,-0.21884402564061,False,csp_4_empirical,1/2/3/4/5/6/7/8/9/10/11/13/14/15/16/17/18/19/20,True,False,physionet/eegmmidb/1.0.0/S012/S012R10.edf,f70b4292ae24574f7f4835ae89e7d5fc6350c26d0d8da86b347ea0bf4956a17a
12,12,10,1,3,S012_R10_T01,both_fists_imagery,0,both_fists_imagery,0,-0.581073206730227,True,csp_4_empirical,1/2/3/4/5/6/7/8/9/10/11/13/14/15/16/17/18/19/20,True,False,physionet/eegmmidb/1.0.0/S012/S012R10.edf,f70b4292ae24574f7f4835ae89e7d5fc6350c26d0d8da86b347ea0bf4956a17a
12,12,10,2,5,S012_R10_T02,both_feet_imagery,1,both_fists_imagery,0,-1.208681033760382,False,csp_4_empirical,1/2/3/4/5/6/7/8/9/10/11/13/14/15/16/17/18/19/20,True,False,physionet/eegmmidb/1.0.0/S012/S012R10.edf,f70b4292ae24574f7f4835ae89e7d5fc6350c26d0d8da86b347ea0bf4956a17a
12,12,10,3,7,S012_R10_T03,both_fists_imagery,0,both_fists_imagery,0,-0.9770699805212385,True,csp_4_empirical,1/2/3/4/5/6/7/8/9/10/11/13/14/15/16/17/18/19/20,True,False,physionet/eegmmidb/1.0.0/S012/S012R10.edf,f70b4292ae24574f7f4835ae89e7d5fc6350c26d0d8da86b347ea0bf4956a17a
12,12,10,4,9,S012_R10_T04,both_feet_imagery,1,both_fists_imagery,0,-0.8594854878431862,False,csp_4_empirical,1/2/3/4/5/6/7/8/9/10/11/13/14/15/16/17/18/19/20,True,False,physionet/eegmmidb/1.0.0/S012/S012R10.edf,f70b4292ae24574f7f4835ae89e7d5fc6350c26d0d8da86b347ea0bf4956a17a
12,12,10,5,11,S012_R10_T05,both_fists_imagery,0,both_fists_imagery,0,-0.8740886560983882,True,csp_4_empirical,1/2/3/4/5/6/7/8/9/10/11/13/14/15/16/17/18/19/20,True,False,physionet/eegmmidb/1.0.0/S012/S012R10.edf,f70b4292ae24574f7f4835ae89e7d5fc6350c26d0d8da86b347ea0bf4956a17a
12,12,10,6,13,S012_R10_T06,both_fists_imagery,0,both_fists_imagery,0,-1.023796539401968,True,csp_4_empirical,1/2/3/4/5/6/7/8/9/10/11/13/14/15/16/17/18/19/20,True,False,physionet/eegmmidb/1.0.0/S012/S012R10.edf,f70b4292ae24574f7f4835ae89e7d5fc6350c26d0d8da86b347ea0bf4956a17a
12,12,10,7,15,S012_R10_T07,both_feet_imagery,1,both_fists_imagery,0,-0.07185899271496632,False,csp_4_empirical,1/2/3/4/5/6/7/8/9/10/11/13/14/15/16/17/18/19/20,True,False,physionet/eegmmidb/1.0.0/S012/S012R10.edf,f70b4292ae24574f7f4835ae89e7d5fc6350c26d0d8da86b347ea0bf4956a17a
12,12,10,8,17,S012_R10_T08,both_feet_imagery,1,both_fists_imagery,0,-0.06108842555359051,False,csp_4_empirical,1/2/3/4/5/6/7/8/9/10/11/13/14/15/16/17/18/19/20,True,False,physionet/eegmmidb/1.0.0/S012/S012R10.edf,f70b4292ae24574f7f4835ae89e7d5fc6350c26d0d8da86b347ea0bf4956a17a
12,12,10,9,19,S012_R10_T09,both_fists_imagery,0,both_fists_imagery,0,-1.0509079035965008,True,csp_4_empirical,1/2/3/4/5/6/7/8/9/10/11/13/14/15/16/17/18/19/20,True,False,physionet/eegmmidb/1.0.0/S012/S012R10.edf,f70b4292ae24574f7f4835ae89e7d5fc6350c26d0d8da86b347ea0bf4956a17a
12,12,10,10,21,S012_R10_T10,both_feet_imagery,1,both_fists_imagery,0,-0.7275929213351323,False,csp_4_empirical,1/2/3/4/5/6/7/8/9/10/11/13/14/15/16/17/18/19/20,True,False,physionet/eegmmidb/1.0.0/S012/S012R10.edf,f70b4292ae24574f7f4835ae89e7d5fc6350c26d0d8da86b347ea0bf4956a17a
12,12,10,11,23,S012_R10_T11,both_fists_imagery,0,both_fists_imagery,0,-0.8126206233975916,True,csp_4_empirical,1/2/3/4/5/6/7/8/9/10/11/13/14/15/16/17/18/19/20,True,False,physionet/eegmmidb/1.0.0/S012/S012R10.edf,f70b4292ae24574f7f4835ae89e7d5fc6350c26d0d8da86b347ea0bf4956a17a
12,12,10,12,25,S012_R10_T12,both_feet_imagery,1,both_fists_imagery,0,-0.22102055934644216,False,csp_4_empirical,1/2/3/4/5/6/7/8/9/10/11/13/14/15/16/17/18/19/20,True,False,physionet/eegmmidb/1.0.0/S012/S012R10.edf,f70b4292ae24574f7f4835ae89e7d5fc6350c26d0d8da86b347ea0bf4956a17a
12,12,10,13,27,S012_R10_T13,both_fists_imagery,0,both_fists_imagery,0,-0.9981482024337783,True,csp_4_empirical,1/2/3/4/5/6/7/8/9/10/11/13/14/15/16/17/18/19/20,True,False,physionet/eegmmidb/1.0.0/S012/S012R10.edf,f70b4292ae24574f7f4835ae89e7d5fc6350c26d0d8da86b347ea0bf4956a17a
12,12,10,14,29,S012_R10_T14,both_feet_imagery,1,both_fists_imagery,0,-0.651402040750389,False,csp_4_empirical,1/2/3/4/5/6/7/8/9/10/11/13/14/15/16/17/18/19/20,True,False,physionet/eegmmidb/1.0.0/S012/S012R10.edf,f70b4292ae24574f7f4835ae89e7d5fc6350c26d0d8da86b347ea0bf4956a17a
12,12,14,0,1,S012_R14_T00,both_fists_imagery,0,both_fists_imagery,0,-1.8283247806524674,True,csp_4_empirical,1/2/3/4/5/6/7/8/9/10/11/13/14/15/16/17/18/19/20,True,False,physionet/eegmmidb/1.0.0/S012/S012R14.edf,e1b65406fcdf9107d1cb5ec813b7dac9a074a212172d1f79fc403304125900ff
12,12,14,1,3,S012_R14_T01,both_feet_imagery,1,both_fists_imagery,0,-0.4025782377658923,False,csp_4_empirical,1/2/3/4/5/6/7/8/9/10/11/13/14/15/16/17/18/19/20,True,False,physionet/eegmmidb/1.0.0/S012/S012R14.edf,e1b65406fcdf9107d1cb5ec813b7dac9a074a212172d1f79fc403304125900ff
12,12,14,2,5,S012_R14_T02,both_feet_imagery,1,both_feet_imagery,1,0.8910718608843781,True,csp_4_empirical,1/2/3/4/5/6/7/8/9/10/11/13/14/15/16/17/18/19/20,True,False,physionet/eegmmidb/1.0.0/S012/S012R14.edf,e1b65406fcdf9107d1cb5ec813b7dac9a074a212172d1f79fc403304125900ff
12,12,14,3,7,S012_R14_T03,both_fists_imagery,0,both_fists_imagery,0,-1.2675959854873784,True,csp_4_empirical,1/2/3/4/5/6/7/8/9/10/11/13/14/15/16/17/18/19/20,True,False,physionet/eegmmidb/1.0.0/S012/S012R14.edf,e1b65406fcdf9107d1cb5ec813b7dac9a074a212172d1f79fc403304125900ff
12,12,14,4,9,S012_R14_T04,both_feet_imagery,1,both_fists_imagery,0,-0.4239730697784013,False,csp_4_empirical,1/2/3/4/5/6/7/8/9/10/11/13/14/15/16/17/18/19/20,True,False,physionet/eegmmidb/1.0.0/S012/S012R14.edf,e1b65406fcdf9107d1cb5ec813b7dac9a074a212172d1f79fc403304125900ff
12,12,14,5,11,S012_R14_T05,both_fists_imagery,0,both_fists_imagery,0,-1.2812270976921512,True,csp_4_empirical,1/2/3/4/5/6/7/8/9/10/11/13/14/15/16/17/18/19/20,True,False,physionet/eegmmidb/1.0.0/S012/S012R14.edf,e1b65406fcdf9107d1cb5ec813b7dac9a074a212172d1f79fc403304125900ff
12,12,14,6,13,S012_R14_T06,both_fists_imagery,0,both_fists_imagery,0,-1.321972976462598,True,csp_4_empirical,1/2/3/4/5/6/7/8/9/10/11/13/14/15/16/17/18/19/20,True,False,physionet/eegmmidb/1.0.0/S012/S012R14.edf,e1b65406fcdf9107d1cb5ec813b7dac9a074a212172d1f79fc403304125900ff
12,12,14,7,15,S012_R14_T07,both_feet_imagery,1,both_fists_imagery,0,-0.3885169542761434,False,csp_4_empirical,1/2/3/4/5/6/7/8/9/10/11/13/14/15/16/17/18/19/20,True,False,physionet/eegmmidb/1.0.0/S012/S012R14.edf,e1b65406fcdf9107d1cb5ec813b7dac9a074a212172d1f79fc403304125900ff
12,12,14,8,17,S012_R14_T08,both_fists_imagery,0,both_fists_imagery,0,-1.0457676084970609,True,csp_4_empirical,1/2/3/4/5/6/7/8/9/10/11/13/14/15/16/17/18/19/20,True,False,physionet/eegmmidb/1.0.0/S012/S012R14.edf,e1b65406fcdf9107d1cb5ec813b7dac9a074a212172d1f79fc403304125900ff
12,12,14,9,19,S012_R14_T09,both_feet_imagery,1,both_fists_imagery,0,-0.4627627851807673,False,csp_4_empirical,1/2/3/4/5/6/7/8/9/10/11/13/14/15/16/17/18/19/20,True,False,physionet/eegmmidb/1.0.0/S012/S012R14.edf,e1b65406fcdf9107d1cb5ec813b7dac9a074a212172d1f79fc403304125900ff
12,12,14,10,21,S012_R14_T10,both_fists_imagery,0,both_fists_imagery,0,-1.271498962870929,True,csp_4_empirical,1/2/3/4/5/6/7/8/9/10/11/13/14/15/16/17/18/19/20,True,False,physionet/eegmmidb/1.0.0/S012/S012R14.edf,e1b65406fcdf9107d1cb5ec813b7dac9a074a212172d1f79fc403304125900ff
12,12,14,11,23,S012_R14_T11,both_feet_imagery,1,both_feet_imagery,1,0.027643881523809477,True,csp_4_empirical,1/2/3/4/5/6/7/8/9/10/11/13/14/15/16/17/18/19/20,True,False,physionet/eegmmidb/1.0.0/S012/S012R14.edf,e1b65406fcdf9107d1cb5ec813b7dac9a074a212172d1f79fc403304125900ff
12,12,14,12,25,S012_R14_T12,both_fists_imagery,0,both_fists_imagery,0,-1.7543662113813445,True,csp_4_empirical,1/2/3/4/5/6/7/8/9/10/11/13/14/15/16/17/18/19/20,True,False,physionet/eegmmidb/1.0.0/S012/S012R14.edf,e1b65406fcdf9107d1cb5ec813b7dac9a074a212172d1f79fc403304125900ff
12,12,14,13,27,S012_R14_T13,both_feet_imagery,1,both_fists_imagery,0,-0.9463326578141767,False,csp_4_empirical,1/2/3/4/5/6/7/8/9/10/11/13/14/15/16/17/18/19/20,True,False,physionet/eegmmidb/1.0.0/S012/S012R14.edf,e1b65406fcdf9107d1cb5ec813b7dac9a074a212172d1f79fc403304125900ff
12,12,14,14,29,S012_R14_T14,both_fists_imagery,0,both_fists_imagery,0,-1.177073183958918,True,csp_4_empirical,1/2/3/4/5/6/7/8/9/10/11/13/14/15/16/17/18/19/20,True,False,physionet/eegmmidb/1.0.0/S012/S012R14.edf,e1b65406fcdf9107d1cb5ec813b7dac9a074a212172d1f79fc403304125900ff
13,13,6,0,1,S013_R06_T00,both_feet_imagery,1,both_fists_imagery,0,-1.1243146406359656,False,spectral_baseline_6,1/2/3/4/5/6/7/8/9/10/11/12/14/15/16/17/18/19/20,True,False,physionet/eegmmidb/1.0.0/S013/S013R06.edf,2e615fe7a657d7047f4fbe789b66968dbde9394c16cdb9d0995f1c0d376a94a6
13,13,6,1,3,S013_R06_T01,both_fists_imagery,0,both_feet_imagery,1,0.07690437421203294,False,spectral_baseline_6,1/2/3/4/5/6/7/8/9/10/11/12/14/15/16/17/18/19/20,True,False,physionet/eegmmidb/1.0.0/S013/S013R06.edf,2e615fe7a657d7047f4fbe789b66968dbde9394c16cdb9d0995f1c0d376a94a6
13,13,6,2,5,S013_R06_T02,both_fists_imagery,0,both_fists_imagery,0,-0.45144211481729835,True,spectral_baseline_6,1/2/3/4/5/6/7/8/9/10/11/12/14/15/16/17/18/19/20,True,False,physionet/eegmmidb/1.0.0/S013/S013R06.edf,2e615fe7a657d7047f4fbe789b66968dbde9394c16cdb9d0995f1c0d376a94a6
13,13,6,3,7,S013_R06_T03,both_feet_imagery,1,both_fists_imagery,0,-0.32800522365245877,False,spectral_baseline_6,1/2/3/4/5/6/7/8/9/10/11/12/14/15/16/17/18/19/20,True,False,physionet/eegmmidb/1.0.0/S013/S013R06.edf,2e615fe7a657d7047f4fbe789b66968dbde9394c16cdb9d0995f1c0d376a94a6
13,13,6,4,9,S013_R06_T04,both_fists_imagery,0,both_fists_imagery,0,-0.17302988511715145,True,spectral_baseline_6,1/2/3/4/5/6/7/8/9/10/11/12/14/15/16/17/18/19/20,True,False,physionet/eegmmidb/1.0.0/S013/S013R06.edf,2e615fe7a657d7047f4fbe789b66968dbde9394c16cdb9d0995f1c0d376a94a6
13,13,6,5,11,S013_R06_T05,both_feet_imagery,1,both_fists_imagery,0,-0.24038303251073967,False,spectral_baseline_6,1/2/3/4/5/6/7/8/9/10/11/12/14/15/16/17/18/19/20,True,False,physionet/eegmmidb/1.0.0/S013/S013R06.edf,2e615fe7a657d7047f4fbe789b66968dbde9394c16cdb9d0995f1c0d376a94a6
13,13,6,6,13,S013_R06_T06,both_fists_imagery,0,both_fists_imagery,0,-0.8810800232327755,True,spectral_baseline_6,1/2/3/4/5/6/7/8/9/10/11/12/14/15/16/17/18/19/20,True,False,physionet/eegmmidb/1.0.0/S013/S013R06.edf,2e615fe7a657d7047f4fbe789b66968dbde9394c16cdb9d0995f1c0d376a94a6
13,13,6,7,15,S013_R06_T07,both_feet_imagery,1,both_fists_imagery,0,-0.73968910744509,False,spectral_baseline_6,1/2/3/4/5/6/7/8/9/10/11/12/14/15/16/17/18/19/20,True,False,physionet/eegmmidb/1.0.0/S013/S013R06.edf,2e615fe7a657d7047f4fbe789b66968dbde9394c16cdb9d0995f1c0d376a94a6
13,13,6,8,17,S013_R06_T08,both_fists_imagery,0,both_fists_imagery,0,-0.9417959617408812,True,spectral_baseline_6,1/2/3/4/5/6/7/8/9/10/11/12/14/15/16/17/18/19/20,True,False,physionet/eegmmidb/1.0.0/S013/S013R06.edf,2e615fe7a657d7047f4fbe789b66968dbde9394c16cdb9d0995f1c0d376a94a6
13,13,6,9,19,S013_R06_T09,both_feet_imagery,1,both_fists_imagery,0,-0.6459840837983012,False,spectral_baseline_6,1/2/3/4/5/6/7/8/9/10/11/12/14/15/16/17/18/19/20,True,False,physionet/eegmmidb/1.0.0/S013/S013R06.edf,2e615fe7a657d7047f4fbe789b66968dbde9394c16cdb9d0995f1c0d376a94a6
13,13,6,10,21,S013_R06_T10,both_fists_imagery,0,both_fists_imagery,0,-0.5413590927724173,True,spectral_baseline_6,1/2/3/4/5/6/7/8/9/10/11/12/14/15/16/17/18/19/20,True,False,physionet/eegmmidb/1.0.0/S013/S013R06.edf,2e615fe7a657d7047f4fbe789b66968dbde9394c16cdb9d0995f1c0d376a94a6
13,13,6,11,23,S013_R06_T11,both_feet_imagery,1,both_fists_imagery,0,-1.2415110310763846,False,spectral_baseline_6,1/2/3/4/5/6/7/8/9/10/11/12/14/15/16/17/18/19/20,True,False,physionet/eegmmidb/1.0.0/S013/S013R06.edf,2e615fe7a657d7047f4fbe789b66968dbde9394c16cdb9d0995f1c0d376a94a6
13,13,6,12,25,S013_R06_T12,both_fists_imagery,0,both_fists_imagery,0,-1.8055461251738638,True,spectral_baseline_6,1/2/3/4/5/6/7/8/9/10/11/12/14/15/16/17/18/19/20,True,False,physionet/eegmmidb/1.0.0/S013/S013R06.edf,2e615fe7a657d7047f4fbe789b66968dbde9394c16cdb9d0995f1c0d376a94a6
13,13,6,13,27,S013_R06_T13,both_feet_imagery,1,both_feet_imagery,1,0.049757237408018046,True,spectral_baseline_6,1/2/3/4/5/6/7/8/9/10/11/12/14/15/16/17/18/19/20,True,False,physionet/eegmmidb/1.0.0/S013/S013R06.edf,2e615fe7a657d7047f4fbe789b66968dbde9394c16cdb9d0995f1c0d376a94a6
13,13,6,14,29,S013_R06_T14,both_fists_imagery,0,both_fists_imagery,0,-0.6173638338055746,True,spectral_baseline_6,1/2/3/4/5/6/7/8/9/10/11/12/14/15/16/17/18/19/20,True,False,physionet/eegmmidb/1.0.0/S013/S013R06.edf,2e615fe7a657d7047f4fbe789b66968dbde9394c16cdb9d0995f1c0d376a94a6
13,13,10,0,1,S013_R10_T00,both_fists_imagery,0,both_fists_imagery,0,-1.461096995849955,True,spectral_baseline_6,1/2/3/4/5/6/7/8/9/10/11/12/14/15/16/17/18/19/20,True,False,physionet/eegmmidb/1.0.0/S013/S013R10.edf,14c0536c6a2bbc572cf7b4b7e128aa2f1bd5b3a65e84a16184fd4b382609459d
13,13,10,1,3,S013_R10_T01,both_feet_imagery,1,both_fists_imagery,0,-0.04977797334654771,False,spectral_baseline_6,1/2/3/4/5/6/7/8/9/10/11/12/14/15/16/17/18/19/20,True,False,physionet/eegmmidb/1.0.0/S013/S013R10.edf,14c0536c6a2bbc572cf7b4b7e128aa2f1bd5b3a65e84a16184fd4b382609459d
13,13,10,2,5,S013_R10_T02,both_feet_imagery,1,both_fists_imagery,0,-0.5005718937690408,False,spectral_baseline_6,1/2/3/4/5/6/7/8/9/10/11/12/14/15/16/17/18/19/20,True,False,physionet/eegmmidb/1.0.0/S013/S013R10.edf,14c0536c6a2bbc572cf7b4b7e128aa2f1bd5b3a65e84a16184fd4b382609459d
13,13,10,3,7,S013_R10_T03,both_fists_imagery,0,both_fists_imagery,0,-0.5502562319558458,True,spectral_baseline_6,1/2/3/4/5/6/7/8/9/10/11/12/14/15/16/17/18/19/20,True,False,physionet/eegmmidb/1.0.0/S013/S013R10.edf,14c0536c6a2bbc572cf7b4b7e128aa2f1bd5b3a65e84a16184fd4b382609459d
13,13,10,4,9,S013_R10_T04,both_feet_imagery,1,both_fists_imagery,0,-0.8042847043210398,False,spectral_baseline_6,1/2/3/4/5/6/7/8/9/10/11/12/14/15/16/17/18/19/20,True,False,physionet/eegmmidb/1.0.0/S013/S013R10.edf,14c0536c6a2bbc572cf7b4b7e128aa2f1bd5b3a65e84a16184fd4b382609459d
13,13,10,5,11,S013_R10_T05,both_fists_imagery,0,both_feet_imagery,1,0.16950089841732885,False,spectral_baseline_6,1/2/3/4/5/6/7/8/9/10/11/12/14/15/16/17/18/19/20,True,False,physionet/eegmmidb/1.0.0/S013/S013R10.edf,14c0536c6a2bbc572cf7b4b7e128aa2f1bd5b3a65e84a16184fd4b382609459d
13,13,10,6,13,S013_R10_T06,both_feet_imagery,1,both_fists_imagery,0,-1.136493288327781,False,spectral_baseline_6,1/2/3/4/5/6/7/8/9/10/11/12/14/15/16/17/18/19/20,True,False,physionet/eegmmidb/1.0.0/S013/S013R10.edf,14c0536c6a2bbc572cf7b4b7e128aa2f1bd5b3a65e84a16184fd4b382609459d
13,13,10,7,15,S013_R10_T07,both_fists_imagery,0,both_fists_imagery,0,-0.7430862497067163,True,spectral_baseline_6,1/2/3/4/5/6/7/8/9/10/11/12/14/15/16/17/18/19/20,True,False,physionet/eegmmidb/1.0.0/S013/S013R10.edf,14c0536c6a2bbc572cf7b4b7e128aa2f1bd5b3a65e84a16184fd4b382609459d
13,13,10,8,17,S013_R10_T08,both_fists_imagery,0,both_fists_imagery,0,-1.351953408314034,True,spectral_baseline_6,1/2/3/4/5/6/7/8/9/10/11/12/14/15/16/17/18/19/20,True,False,physionet/eegmmidb/1.0.0/S013/S013R10.edf,14c0536c6a2bbc572cf7b4b7e128aa2f1bd5b3a65e84a16184fd4b382609459d
13,13,10,9,19,S013_R10_T09,both_feet_imagery,1,both_fists_imagery,0,-1.274265251795554,False,spectral_baseline_6,1/2/3/4/5/6/7/8/9/10/11/12/14/15/16/17/18/19/20,True,False,physionet/eegmmidb/1.0.0/S013/S013R10.edf,14c0536c6a2bbc572cf7b4b7e128aa2f1bd5b3a65e84a16184fd4b382609459d
13,13,10,10,21,S013_R10_T10,both_feet_imagery,1,both_fists_imagery,0,-0.31858351259487616,False,spectral_baseline_6,1/2/3/4/5/6/7/8/9/10/11/12/14/15/16/17/18/19/20,True,False,physionet/eegmmidb/1.0.0/S013/S013R10.edf,14c0536c6a2bbc572cf7b4b7e128aa2f1bd5b3a65e84a16184fd4b382609459d
13,13,10,11,23,S013_R10_T11,both_fists_imagery,0,both_fists_imagery,0,-0.5095488219318569,True,spectral_baseline_6,1/2/3/4/5/6/7/8/9/10/11/12/14/15/16/17/18/19/20,True,False,physionet/eegmmidb/1.0.0/S013/S013R10.edf,14c0536c6a2bbc572cf7b4b7e128aa2f1bd5b3a65e84a16184fd4b382609459d
13,13,10,12,25,S013_R10_T12,both_fists_imagery,0,both_fists_imagery,0,-0.8630778792171722,True,spectral_baseline_6,1/2/3/4/5/6/7/8/9/10/11/12/14/15/16/17/18/19/20,True,False,physionet/eegmmidb/1.0.0/S013/S013R10.edf,14c0536c6a2bbc572cf7b4b7e128aa2f1bd5b3a65e84a16184fd4b382609459d
13,13,10,13,27,S013_R10_T13,both_feet_imagery,1,both_feet_imagery,1,0.5673259697934125,True,spectral_baseline_6,1/2/3/4/5/6/7/8/9/10/11/12/14/15/16/17/18/19/20,True,False,physionet/eegmmidb/1.0.0/S013/S013R10.edf,14c0536c6a2bbc572cf7b4b7e128aa2f1bd5b3a65e84a16184fd4b382609459d
13,13,10,14,29,S013_R10_T14,both_feet_imagery,1,both_fists_imagery,0,-0.11624787074847308,False,spectral_baseline_6,1/2/3/4/5/6/7/8/9/10/11/12/14/15/16/17/18/19/20,True,False,physionet/eegmmidb/1.0.0/S013/S013R10.edf,14c0536c6a2bbc572cf7b4b7e128aa2f1bd5b3a65e84a16184fd4b382609459d
13,13,14,0,1,S013_R14_T00,both_feet_imagery,1,both_fists_imagery,0,-0.5814150035538611,False,spectral_baseline_6,1/2/3/4/5/6/7/8/9/10/11/12/14/15/16/17/18/19/20,True,False,physionet/eegmmidb/1.0.0/S013/S013R14.edf,ebdbc2b8c8d86022a8f285bf4b42674364d91cc46eecc1e1abc04043ef12c17b
13,13,14,1,3,S013_R14_T01,both_fists_imagery,0,both_fists_imagery,0,-0.14512355307880032,True,spectral_baseline_6,1/2/3/4/5/6/7/8/9/10/11/12/14/15/16/17/18/19/20,True,False,physionet/eegmmidb/1.0.0/S013/S013R14.edf,ebdbc2b8c8d86022a8f285bf4b42674364d91cc46eecc1e1abc04043ef12c17b
13,13,14,2,5,S013_R14_T02,both_fists_imagery,0,both_fists_imagery,0,-1.374242804812218,True,spectral_baseline_6,1/2/3/4/5/6/7/8/9/10/11/12/14/15/16/17/18/19/20,True,False,physionet/eegmmidb/1.0.0/S013/S013R14.edf,ebdbc2b8c8d86022a8f285bf4b42674364d91cc46eecc1e1abc04043ef12c17b
13,13,14,3,7,S013_R14_T03,both_feet_imagery,1,both_fists_imagery,0,-0.5657492193961264,False,spectral_baseline_6,1/2/3/4/5/6/7/8/9/10/11/12/14/15/16/17/18/19/20,True,False,physionet/eegmmidb/1.0.0/S013/S013R14.edf,ebdbc2b8c8d86022a8f285bf4b42674364d91cc46eecc1e1abc04043ef12c17b
13,13,14,4,9,S013_R14_T04,both_feet_imagery,1,both_fists_imagery,0,-1.6582898899594505,False,spectral_baseline_6,1/2/3/4/5/6/7/8/9/10/11/12/14/15/16/17/18/19/20,True,False,physionet/eegmmidb/1.0.0/S013/S013R14.edf,ebdbc2b8c8d86022a8f285bf4b42674364d91cc46eecc1e1abc04043ef12c17b
13,13,14,5,11,S013_R14_T05,both_fists_imagery,0,both_fists_imagery,0,-0.4907594679219939,True,spectral_baseline_6,1/2/3/4/5/6/7/8/9/10/11/12/14/15/16/17/18/19/20,True,False,physionet/eegmmidb/1.0.0/S013/S013R14.edf,ebdbc2b8c8d86022a8f285bf4b42674364d91cc46eecc1e1abc04043ef12c17b
13,13,14,6,13,S013_R14_T06,both_fists_imagery,0,both_fists_imagery,0,-1.0198899451457017,True,spectral_baseline_6,1/2/3/4/5/6/7/8/9/10/11/12/14/15/16/17/18/19/20,True,False,physionet/eegmmidb/1.0.0/S013/S013R14.edf,ebdbc2b8c8d86022a8f285bf4b42674364d91cc46eecc1e1abc04043ef12c17b
13,13,14,7,15,S013_R14_T07,both_feet_imagery,1,both_fists_imagery,0,-0.03533857869219714,False,spectral_baseline_6,1/2/3/4/5/6/7/8/9/10/11/12/14/15/16/17/18/19/20,True,False,physionet/eegmmidb/1.0.0/S013/S013R14.edf,ebdbc2b8c8d86022a8f285bf4b42674364d91cc46eecc1e1abc04043ef12c17b
13,13,14,8,17,S013_R14_T08,both_feet_imagery,1,both_fists_imagery,0,-0.355539764423564,False,spectral_baseline_6,1/2/3/4/5/6/7/8/9/10/11/12/14/15/16/17/18/19/20,True,False,physionet/eegmmidb/1.0.0/S013/S013R14.edf,ebdbc2b8c8d86022a8f285bf4b42674364d91cc46eecc1e1abc04043ef12c17b
13,13,14,9,19,S013_R14_T09,both_fists_imagery,0,both_feet_imagery,1,0.0687465318030539,False,spectral_baseline_6,1/2/3/4/5/6/7/8/9/10/11/12/14/15/16/17/18/19/20,True,False,physionet/eegmmidb/1.0.0/S013/S013R14.edf,ebdbc2b8c8d86022a8f285bf4b42674364d91cc46eecc1e1abc04043ef12c17b
13,13,14,10,21,S013_R14_T10,both_feet_imagery,1,both_fists_imagery,0,-0.8997295459291292,False,spectral_baseline_6,1/2/3/4/5/6/7/8/9/10/11/12/14/15/16/17/18/19/20,True,False,physionet/eegmmidb/1.0.0/S013/S013R14.edf,ebdbc2b8c8d86022a8f285bf4b42674364d91cc46eecc1e1abc04043ef12c17b
13,13,14,11,23,S013_R14_T11,both_fists_imagery,0,both_fists_imagery,0,-0.39147624294533384,True,spectral_baseline_6,1/2/3/4/5/6/7/8/9/10/11/12/14/15/16/17/18/19/20,True,False,physionet/eegmmidb/1.0.0/S013/S013R14.edf,ebdbc2b8c8d86022a8f285bf4b42674364d91cc46eecc1e1abc04043ef12c17b
13,13,14,12,25,S013_R14_T12,both_feet_imagery,1,both_fists_imagery,0,-1.029742808597844,False,spectral_baseline_6,1/2/3/4/5/6/7/8/9/10/11/12/14/15/16/17/18/19/20,True,False,physionet/eegmmidb/1.0.0/S013/S013R14.edf,ebdbc2b8c8d86022a8f285bf4b42674364d91cc46eecc1e1abc04043ef12c17b
13,13,14,13,27,S013_R14_T13,both_fists_imagery,0,both_feet_imagery,1,0.06680036030774028,False,spectral_baseline_6,1/2/3/4/5/6/7/8/9/10/11/12/14/15/16/17/18/19/20,True,False,physionet/eegmmidb/1.0.0/S013/S013R14.edf,ebdbc2b8c8d86022a8f285bf4b42674364d91cc46eecc1e1abc04043ef12c17b
13,13,14,14,29,S013_R14_T14,both_feet_imagery,1,both_fists_imagery,0,-0.5453348948523193,False,spectral_baseline_6,1/2/3/4/5/6/7/8/9/10/11/12/14/15/16/17/18/19/20,True,False,physionet/eegmmidb/1.0.0/S013/S013R14.edf,ebdbc2b8c8d86022a8f285bf4b42674364d91cc46eecc1e1abc04043ef12c17b
13,13,6,0,1,S013_R06_T00,both_feet_imagery,1,both_fists_imagery,0,-0.05739178329508332,False,csp_4_empirical,1/2/3/4/5/6/7/8/9/10/11/12/14/15/16/17/18/19/20,True,False,physionet/eegmmidb/1.0.0/S013/S013R06.edf,2e615fe7a657d7047f4fbe789b66968dbde9394c16cdb9d0995f1c0d376a94a6
13,13,6,1,3,S013_R06_T01,both_fists_imagery,0,both_fists_imagery,0,-0.3221740173501503,True,csp_4_empirical,1/2/3/4/5/6/7/8/9/10/11/12/14/15/16/17/18/19/20,True,False,physionet/eegmmidb/1.0.0/S013/S013R06.edf,2e615fe7a657d7047f4fbe789b66968dbde9394c16cdb9d0995f1c0d376a94a6
13,13,6,2,5,S013_R06_T02,both_fists_imagery,0,both_fists_imagery,0,-0.5429014429361112,True,csp_4_empirical,1/2/3/4/5/6/7/8/9/10/11/12/14/15/16/17/18/19/20,True,False,physionet/eegmmidb/1.0.0/S013/S013R06.edf,2e615fe7a657d7047f4fbe789b66968dbde9394c16cdb9d0995f1c0d376a94a6
13,13,6,3,7,S013_R06_T03,both_feet_imagery,1,both_fists_imagery,0,-0.2443716414216851,False,csp_4_empirical,1/2/3/4/5/6/7/8/9/10/11/12/14/15/16/17/18/19/20,True,False,physionet/eegmmidb/1.0.0/S013/S013R06.edf,2e615fe7a657d7047f4fbe789b66968dbde9394c16cdb9d0995f1c0d376a94a6
13,13,6,4,9,S013_R06_T04,both_fists_imagery,0,both_fists_imagery,0,-0.22155889463979883,True,csp_4_empirical,1/2/3/4/5/6/7/8/9/10/11/12/14/15/16/17/18/19/20,True,False,physionet/eegmmidb/1.0.0/S013/S013R06.edf,2e615fe7a657d7047f4fbe789b66968dbde9394c16cdb9d0995f1c0d376a94a6
13,13,6,5,11,S013_R06_T05,both_feet_imagery,1,both_feet_imagery,1,0.06680594580451005,True,csp_4_empirical,1/2/3/4/5/6/7/8/9/10/11/12/14/15/16/17/18/19/20,True,False,physionet/eegmmidb/1.0.0/S013/S013R06.edf,2e615fe7a657d7047f4fbe789b66968dbde9394c16cdb9d0995f1c0d376a94a6
13,13,6,6,13,S013_R06_T06,both_fists_imagery,0,both_fists_imagery,0,-0.13351544768489054,True,csp_4_empirical,1/2/3/4/5/6/7/8/9/10/11/12/14/15/16/17/18/19/20,True,False,physionet/eegmmidb/1.0.0/S013/S013R06.edf,2e615fe7a657d7047f4fbe789b66968dbde9394c16cdb9d0995f1c0d376a94a6
13,13,6,7,15,S013_R06_T07,both_feet_imagery,1,both_feet_imagery,1,0.1742160441232794,True,csp_4_empirical,1/2/3/4/5/6/7/8/9/10/11/12/14/15/16/17/18/19/20,True,False,physionet/eegmmidb/1.0.0/S013/S013R06.edf,2e615fe7a657d7047f4fbe789b66968dbde9394c16cdb9d0995f1c0d376a94a6
13,13,6,8,17,S013_R06_T08,both_fists_imagery,0,both_fists_imagery,0,-0.7321714357456661,True,csp_4_empirical,1/2/3/4/5/6/7/8/9/10/11/12/14/15/16/17/18/19/20,True,False,physionet/eegmmidb/1.0.0/S013/S013R06.edf,2e615fe7a657d7047f4fbe789b66968dbde9394c16cdb9d0995f1c0d376a94a6
13,13,6,9,19,S013_R06_T09,both_feet_imagery,1,both_feet_imagery,1,0.20614820725978955,True,csp_4_empirical,1/2/3/4/5/6/7/8/9/10/11/12/14/15/16/17/18/19/20,True,False,physionet/eegmmidb/1.0.0/S013/S013R06.edf,2e615fe7a657d7047f4fbe789b66968dbde9394c16cdb9d0995f1c0d376a94a6
13,13,6,10,21,S013_R06_T10,both_fists_imagery,0,both_fists_imagery,0,-0.3121099963496876,True,csp_4_empirical,1/2/3/4/5/6/7/8/9/10/11/12/14/15/16/17/18/19/20,True,False,physionet/eegmmidb/1.0.0/S013/S013R06.edf,2e615fe7a657d7047f4fbe789b66968dbde9394c16cdb9d0995f1c0d376a94a6
13,13,6,11,23,S013_R06_T11,both_feet_imagery,1,both_fists_imagery,0,-0.39325889404785497,False,csp_4_empirical,1/2/3/4/5/6/7/8/9/10/11/12/14/15/16/17/18/19/20,True,False,physionet/eegmmidb/1.0.0/S013/S013R06.edf,2e615fe7a657d7047f4fbe789b66968dbde9394c16cdb9d0995f1c0d376a94a6
13,13,6,12,25,S013_R06_T12,both_fists_imagery,0,both_feet_imagery,1,0.4188621154180223,False,csp_4_empirical,1/2/3/4/5/6/7/8/9/10/11/12/14/15/16/17/18/19/20,True,False,physionet/eegmmidb/1.0.0/S013/S013R06.edf,2e615fe7a657d7047f4fbe789b66968dbde9394c16cdb9d0995f1c0d376a94a6
13,13,6,13,27,S013_R06_T13,both_feet_imagery,1,both_feet_imagery,1,0.4909867693062585,True,csp_4_empirical,1/2/3/4/5/6/7/8/9/10/11/12/14/15/16/17/18/19/20,True,False,physionet/eegmmidb/1.0.0/S013/S013R06.edf,2e615fe7a657d7047f4fbe789b66968dbde9394c16cdb9d0995f1c0d376a94a6
13,13,6,14,29,S013_R06_T14,both_fists_imagery,0,both_fists_imagery,0,-0.2745165221340776,True,csp_4_empirical,1/2/3/4/5/6/7/8/9/10/11/12/14/15/16/17/18/19/20,True,False,physionet/eegmmidb/1.0.0/S013/S013R06.edf,2e615fe7a657d7047f4fbe789b66968dbde9394c16cdb9d0995f1c0d376a94a6
13,13,10,0,1,S013_R10_T00,both_fists_imagery,0,both_feet_imagery,1,0.14231532211062192,False,csp_4_empirical,1/2/3/4/5/6/7/8/9/10/11/12/14/15/16/17/18/19/20,True,False,physionet/eegmmidb/1.0.0/S013/S013R10.edf,14c0536c6a2bbc572cf7b4b7e128aa2f1bd5b3a65e84a16184fd4b382609459d
13,13,10,1,3,S013_R10_T01,both_feet_imagery,1,both_fists_imagery,0,-0.12427670507950572,False,csp_4_empirical,1/2/3/4/5/6/7/8/9/10/11/12/14/15/16/17/18/19/20,True,False,physionet/eegmmidb/1.0.0/S013/S013R10.edf,14c0536c6a2bbc572cf7b4b7e128aa2f1bd5b3a65e84a16184fd4b382609459d
13,13,10,2,5,S013_R10_T02,both_feet_imagery,1,both_feet_imagery,1,0.2014723474044786,True,csp_4_empirical,1/2/3/4/5/6/7/8/9/10/11/12/14/15/16/17/18/19/20,True,False,physionet/eegmmidb/1.0.0/S013/S013R10.edf,14c0536c6a2bbc572cf7b4b7e128aa2f1bd5b3a65e84a16184fd4b382609459d
13,13,10,3,7,S013_R10_T03,both_fists_imagery,0,both_fists_imagery,0,-0.6635061138792444,True,csp_4_empirical,1/2/3/4/5/6/7/8/9/10/11/12/14/15/16/17/18/19/20,True,False,physionet/eegmmidb/1.0.0/S013/S013R10.edf,14c0536c6a2bbc572cf7b4b7e128aa2f1bd5b3a65e84a16184fd4b382609459d
13,13,10,4,9,S013_R10_T04,both_feet_imagery,1,both_feet_imagery,1,0.6015934016429246,True,csp_4_empirical,1/2/3/4/5/6/7/8/9/10/11/12/14/15/16/17/18/19/20,True,False,physionet/eegmmidb/1.0.0/S013/S013R10.edf,14c0536c6a2bbc572cf7b4b7e128aa2f1bd5b3a65e84a16184fd4b382609459d
13,13,10,5,11,S013_R10_T05,both_fists_imagery,0,both_feet_imagery,1,1.3174216277896889,False,csp_4_empirical,1/2/3/4/5/6/7/8/9/10/11/12/14/15/16/17/18/19/20,True,False,physionet/eegmmidb/1.0.0/S013/S013R10.edf,14c0536c6a2bbc572cf7b4b7e128aa2f1bd5b3a65e84a16184fd4b382609459d
13,13,10,6,13,S013_R10_T06,both_feet_imagery,1,both_feet_imagery,1,0.2915701301417093,True,csp_4_empirical,1/2/3/4/5/6/7/8/9/10/11/12/14/15/16/17/18/19/20,True,False,physionet/eegmmidb/1.0.0/S013/S013R10.edf,14c0536c6a2bbc572cf7b4b7e128aa2f1bd5b3a65e84a16184fd4b382609459d
13,13,10,7,15,S013_R10_T07,both_fists_imagery,0,both_fists_imagery,0,-0.4836292023153168,True,csp_4_empirical,1/2/3/4/5/6/7/8/9/10/11/12/14/15/16/17/18/19/20,True,False,physionet/eegmmidb/1.0.0/S013/S013R10.edf,14c0536c6a2bbc572cf7b4b7e128aa2f1bd5b3a65e84a16184fd4b382609459d
13,13,10,8,17,S013_R10_T08,both_fists_imagery,0,both_fists_imagery,0,-0.32448486499389495,True,csp_4_empirical,1/2/3/4/5/6/7/8/9/10/11/12/14/15/16/17/18/19/20,True,False,physionet/eegmmidb/1.0.0/S013/S013R10.edf,14c0536c6a2bbc572cf7b4b7e128aa2f1bd5b3a65e84a16184fd4b382609459d
13,13,10,9,19,S013_R10_T09,both_feet_imagery,1,both_feet_imagery,1,0.6867765473925569,True,csp_4_empirical,1/2/3/4/5/6/7/8/9/10/11/12/14/15/16/17/18/19/20,True,False,physionet/eegmmidb/1.0.0/S013/S013R10.edf,14c0536c6a2bbc572cf7b4b7e128aa2f1bd5b3a65e84a16184fd4b382609459d
13,13,10,10,21,S013_R10_T10,both_feet_imagery,1,both_fists_imagery,0,-0.18472591120200654,False,csp_4_empirical,1/2/3/4/5/6/7/8/9/10/11/12/14/15/16/17/18/19/20,True,False,physionet/eegmmidb/1.0.0/S013/S013R10.edf,14c0536c6a2bbc572cf7b4b7e128aa2f1bd5b3a65e84a16184fd4b382609459d
13,13,10,11,23,S013_R10_T11,both_fists_imagery,0,both_fists_imagery,0,-0.6290822483199516,True,csp_4_empirical,1/2/3/4/5/6/7/8/9/10/11/12/14/15/16/17/18/19/20,True,False,physionet/eegmmidb/1.0.0/S013/S013R10.edf,14c0536c6a2bbc572cf7b4b7e128aa2f1bd5b3a65e84a16184fd4b382609459d
13,13,10,12,25,S013_R10_T12,both_fists_imagery,0,both_fists_imagery,0,-0.17627173188094258,True,csp_4_empirical,1/2/3/4/5/6/7/8/9/10/11/12/14/15/16/17/18/19/20,True,False,physionet/eegmmidb/1.0.0/S013/S013R10.edf,14c0536c6a2bbc572cf7b4b7e128aa2f1bd5b3a65e84a16184fd4b382609459d
13,13,10,13,27,S013_R10_T13,both_feet_imagery,1,both_feet_imagery,1,0.4966561449146092,True,csp_4_empirical,1/2/3/4/5/6/7/8/9/10/11/12/14/15/16/17/18/19/20,True,False,physionet/eegmmidb/1.0.0/S013/S013R10.edf,14c0536c6a2bbc572cf7b4b7e128aa2f1bd5b3a65e84a16184fd4b382609459d
13,13,10,14,29,S013_R10_T14,both_feet_imagery,1,both_feet_imagery,1,1.2510836219087493,True,csp_4_empirical,1/2/3/4/5/6/7/8/9/10/11/12/14/15/16/17/18/19/20,True,False,physionet/eegmmidb/1.0.0/S013/S013R10.edf,14c0536c6a2bbc572cf7b4b7e128aa2f1bd5b3a65e84a16184fd4b382609459d
13,13,14,0,1,S013_R14_T00,both_feet_imagery,1,both_feet_imagery,1,0.6054070523013462,True,csp_4_empirical,1/2/3/4/5/6/7/8/9/10/11/12/14/15/16/17/18/19/20,True,False,physionet/eegmmidb/1.0.0/S013/S013R14.edf,ebdbc2b8c8d86022a8f285bf4b42674364d91cc46eecc1e1abc04043ef12c17b
13,13,14,1,3,S013_R14_T01,both_fists_imagery,0,both_fists_imagery,0,-0.3264650590409105,True,csp_4_empirical,1/2/3/4/5/6/7/8/9/10/11/12/14/15/16/17/18/19/20,True,False,physionet/eegmmidb/1.0.0/S013/S013R14.edf,ebdbc2b8c8d86022a8f285bf4b42674364d91cc46eecc1e1abc04043ef12c17b
13,13,14,2,5,S013_R14_T02,both_fists_imagery,0,both_fists_imagery,0,-0.4600662768739916,True,csp_4_empirical,1/2/3/4/5/6/7/8/9/10/11/12/14/15/16/17/18/19/20,True,False,physionet/eegmmidb/1.0.0/S013/S013R14.edf,ebdbc2b8c8d86022a8f285bf4b42674364d91cc46eecc1e1abc04043ef12c17b
13,13,14,3,7,S013_R14_T03,both_feet_imagery,1,both_feet_imagery,1,0.2243494238645949,True,csp_4_empirical,1/2/3/4/5/6/7/8/9/10/11/12/14/15/16/17/18/19/20,True,False,physionet/eegmmidb/1.0.0/S013/S013R14.edf,ebdbc2b8c8d86022a8f285bf4b42674364d91cc46eecc1e1abc04043ef12c17b
13,13,14,4,9,S013_R14_T04,both_feet_imagery,1,both_feet_imagery,1,0.6641048219498438,True,csp_4_empirical,1/2/3/4/5/6/7/8/9/10/11/12/14/15/16/17/18/19/20,True,False,physionet/eegmmidb/1.0.0/S013/S013R14.edf,ebdbc2b8c8d86022a8f285bf4b42674364d91cc46eecc1e1abc04043ef12c17b
13,13,14,5,11,S013_R14_T05,both_fists_imagery,0,both_fists_imagery,0,-0.4853036409735154,True,csp_4_empirical,1/2/3/4/5/6/7/8/9/10/11/12/14/15/16/17/18/19/20,True,False,physionet/eegmmidb/1.0.0/S013/S013R14.edf,ebdbc2b8c8d86022a8f285bf4b42674364d91cc46eecc1e1abc04043ef12c17b
13,13,14,6,13,S013_R14_T06,both_fists_imagery,0,both_fists_imagery,0,-0.5154802953219622,True,csp_4_empirical,1/2/3/4/5/6/7/8/9/10/11/12/14/15/16/17/18/19/20,True,False,physionet/eegmmidb/1.0.0/S013/S013R14.edf,ebdbc2b8c8d86022a8f285bf4b42674364d91cc46eecc1e1abc04043ef12c17b
13,13,14,7,15,S013_R14_T07,both_feet_imagery,1,both_feet_imagery,1,0.08970689797000797,True,csp_4_empirical,1/2/3/4/5/6/7/8/9/10/11/12/14/15/16/17/18/19/20,True,False,physionet/eegmmidb/1.0.0/S013/S013R14.edf,ebdbc2b8c8d86022a8f285bf4b42674364d91cc46eecc1e1abc04043ef12c17b
13,13,14,8,17,S013_R14_T08,both_feet_imagery,1,both_fists_imagery,0,-0.12147160430049331,False,csp_4_empirical,1/2/3/4/5/6/7/8/9/10/11/12/14/15/16/17/18/19/20,True,False,physionet/eegmmidb/1.0.0/S013/S013R14.edf,ebdbc2b8c8d86022a8f285bf4b42674364d91cc46eecc1e1abc04043ef12c17b
13,13,14,9,19,S013_R14_T09,both_fists_imagery,0,both_feet_imagery,1,0.21030572913523082,False,csp_4_empirical,1/2/3/4/5/6/7/8/9/10/11/12/14/15/16/17/18/19/20,True,False,physionet/eegmmidb/1.0.0/S013/S013R14.edf,ebdbc2b8c8d86022a8f285bf4b42674364d91cc46eecc1e1abc04043ef12c17b
13,13,14,10,21,S013_R14_T10,both_feet_imagery,1,both_fists_imagery,0,-0.24454923470420153,False,csp_4_empirical,1/2/3/4/5/6/7/8/9/10/11/12/14/15/16/17/18/19/20,True,False,physionet/eegmmidb/1.0.0/S013/S013R14.edf,ebdbc2b8c8d86022a8f285bf4b42674364d91cc46eecc1e1abc04043ef12c17b
13,13,14,11,23,S013_R14_T11,both_fists_imagery,0,both_fists_imagery,0,-0.8071642655854644,True,csp_4_empirical,1/2/3/4/5/6/7/8/9/10/11/12/14/15/16/17/18/19/20,True,False,physionet/eegmmidb/1.0.0/S013/S013R14.edf,ebdbc2b8c8d86022a8f285bf4b42674364d91cc46eecc1e1abc04043ef12c17b
13,13,14,12,25,S013_R14_T12,both_feet_imagery,1,both_fists_imagery,0,-0.5721837839404147,False,csp_4_empirical,1/2/3/4/5/6/7/8/9/10/11/12/14/15/16/17/18/19/20,True,False,physionet/eegmmidb/1.0.0/S013/S013R14.edf,ebdbc2b8c8d86022a8f285bf4b42674364d91cc46eecc1e1abc04043ef12c17b
13,13,14,13,27,S013_R14_T13,both_fists_imagery,0,both_fists_imagery,0,-0.9737769512449603,True,csp_4_empirical,1/2/3/4/5/6/7/8/9/10/11/12/14/15/16/17/18/19/20,True,False,physionet/eegmmidb/1.0.0/S013/S013R14.edf,ebdbc2b8c8d86022a8f285bf4b42674364d91cc46eecc1e1abc04043ef12c17b
13,13,14,14,29,S013_R14_T14,both_feet_imagery,1,both_feet_imagery,1,0.3717785482219391,True,csp_4_empirical,1/2/3/4/5/6/7/8/9/10/11/12/14/15/16/17/18/19/20,True,False,physionet/eegmmidb/1.0.0/S013/S013R14.edf,ebdbc2b8c8d86022a8f285bf4b42674364d91cc46eecc1e1abc04043ef12c17b
14,14,6,0,1,S014_R06_T00,both_feet_imagery,1,both_feet_imagery,1,0.6305357720645228,True,spectral_baseline_6,1/2/3/4/5/6/7/8/9/10/11/12/13/15/16/17/18/19/20,True,False,physionet/eegmmidb/1.0.0/S014/S014R06.edf,2effc21654d198aa9b98432717d66111358ee5795b929bb4c433d5d9ab066e97
14,14,6,1,3,S014_R06_T01,both_fists_imagery,0,both_feet_imagery,1,0.7242598452849464,False,spectral_baseline_6,1/2/3/4/5/6/7/8/9/10/11/12/13/15/16/17/18/19/20,True,False,physionet/eegmmidb/1.0.0/S014/S014R06.edf,2effc21654d198aa9b98432717d66111358ee5795b929bb4c433d5d9ab066e97
14,14,6,2,5,S014_R06_T02,both_feet_imagery,1,both_fists_imagery,0,-0.17159521922981524,False,spectral_baseline_6,1/2/3/4/5/6/7/8/9/10/11/12/13/15/16/17/18/19/20,True,False,physionet/eegmmidb/1.0.0/S014/S014R06.edf,2effc21654d198aa9b98432717d66111358ee5795b929bb4c433d5d9ab066e97
14,14,6,3,7,S014_R06_T03,both_fists_imagery,0,both_feet_imagery,1,0.22238042827939933,False,spectral_baseline_6,1/2/3/4/5/6/7/8/9/10/11/12/13/15/16/17/18/19/20,True,False,physionet/eegmmidb/1.0.0/S014/S014R06.edf,2effc21654d198aa9b98432717d66111358ee5795b929bb4c433d5d9ab066e97
14,14,6,4,9,S014_R06_T04,both_fists_imagery,0,both_feet_imagery,1,0.12391638352144985,False,spectral_baseline_6,1/2/3/4/5/6/7/8/9/10/11/12/13/15/16/17/18/19/20,True,False,physionet/eegmmidb/1.0.0/S014/S014R06.edf,2effc21654d198aa9b98432717d66111358ee5795b929bb4c433d5d9ab066e97
14,14,6,5,11,S014_R06_T05,both_feet_imagery,1,both_feet_imagery,1,0.8959368825591898,True,spectral_baseline_6,1/2/3/4/5/6/7/8/9/10/11/12/13/15/16/17/18/19/20,True,False,physionet/eegmmidb/1.0.0/S014/S014R06.edf,2effc21654d198aa9b98432717d66111358ee5795b929bb4c433d5d9ab066e97
14,14,6,6,13,S014_R06_T06,both_feet_imagery,1,both_feet_imagery,1,0.6683499860473965,True,spectral_baseline_6,1/2/3/4/5/6/7/8/9/10/11/12/13/15/16/17/18/19/20,True,False,physionet/eegmmidb/1.0.0/S014/S014R06.edf,2effc21654d198aa9b98432717d66111358ee5795b929bb4c433d5d9ab066e97
14,14,6,7,15,S014_R06_T07,both_fists_imagery,0,both_feet_imagery,1,0.15908063946811601,False,spectral_baseline_6,1/2/3/4/5/6/7/8/9/10/11/12/13/15/16/17/18/19/20,True,False,physionet/eegmmidb/1.0.0/S014/S014R06.edf,2effc21654d198aa9b98432717d66111358ee5795b929bb4c433d5d9ab066e97
14,14,6,8,17,S014_R06_T08,both_feet_imagery,1,both_feet_imagery,1,1.2068114403412782,True,spectral_baseline_6,1/2/3/4/5/6/7/8/9/10/11/12/13/15/16/17/18/19/20,True,False,physionet/eegmmidb/1.0.0/S014/S014R06.edf,2effc21654d198aa9b98432717d66111358ee5795b929bb4c433d5d9ab066e97
14,14,6,9,19,S014_R06_T09,both_fists_imagery,0,both_feet_imagery,1,0.15590116233351536,False,spectral_baseline_6,1/2/3/4/5/6/7/8/9/10/11/12/13/15/16/17/18/19/20,True,False,physionet/eegmmidb/1.0.0/S014/S014R06.edf,2effc21654d198aa9b98432717d66111358ee5795b929bb4c433d5d9ab066e97
14,14,6,10,21,S014_R06_T10,both_feet_imagery,1,both_feet_imagery,1,0.8210367007057858,True,spectral_baseline_6,1/2/3/4/5/6/7/8/9/10/11/12/13/15/16/17/18/19/20,True,False,physionet/eegmmidb/1.0.0/S014/S014R06.edf,2effc21654d198aa9b98432717d66111358ee5795b929bb4c433d5d9ab066e97
14,14,6,11,23,S014_R06_T11,both_fists_imagery,0,both_feet_imagery,1,0.098627806999387,False,spectral_baseline_6,1/2/3/4/5/6/7/8/9/10/11/12/13/15/16/17/18/19/20,True,False,physionet/eegmmidb/1.0.0/S014/S014R06.edf,2effc21654d198aa9b98432717d66111358ee5795b929bb4c433d5d9ab066e97
14,14,6,12,25,S014_R06_T12,both_feet_imagery,1,both_feet_imagery,1,0.1443994837469723,True,spectral_baseline_6,1/2/3/4/5/6/7/8/9/10/11/12/13/15/16/17/18/19/20,True,False,physionet/eegmmidb/1.0.0/S014/S014R06.edf,2effc21654d198aa9b98432717d66111358ee5795b929bb4c433d5d9ab066e97
14,14,6,13,27,S014_R06_T13,both_fists_imagery,0,both_feet_imagery,1,0.3196572230909477,False,spectral_baseline_6,1/2/3/4/5/6/7/8/9/10/11/12/13/15/16/17/18/19/20,True,False,physionet/eegmmidb/1.0.0/S014/S014R06.edf,2effc21654d198aa9b98432717d66111358ee5795b929bb4c433d5d9ab066e97
14,14,6,14,29,S014_R06_T14,both_fists_imagery,0,both_fists_imagery,0,-0.1474001777693714,True,spectral_baseline_6,1/2/3/4/5/6/7/8/9/10/11/12/13/15/16/17/18/19/20,True,False,physionet/eegmmidb/1.0.0/S014/S014R06.edf,2effc21654d198aa9b98432717d66111358ee5795b929bb4c433d5d9ab066e97
14,14,10,0,1,S014_R10_T00,both_feet_imagery,1,both_fists_imagery,0,-0.05009501396317355,False,spectral_baseline_6,1/2/3/4/5/6/7/8/9/10/11/12/13/15/16/17/18/19/20,True,False,physionet/eegmmidb/1.0.0/S014/S014R10.edf,c0fdc474a78421cc6048a9c8dfc8cafa8424dd4379135b60d68a77c4ee0b2b6a
14,14,10,1,3,S014_R10_T01,both_fists_imagery,0,both_fists_imagery,0,-0.1568439412429984,True,spectral_baseline_6,1/2/3/4/5/6/7/8/9/10/11/12/13/15/16/17/18/19/20,True,False,physionet/eegmmidb/1.0.0/S014/S014R10.edf,c0fdc474a78421cc6048a9c8dfc8cafa8424dd4379135b60d68a77c4ee0b2b6a
14,14,10,2,5,S014_R10_T02,both_feet_imagery,1,both_feet_imagery,1,0.46860067706177866,True,spectral_baseline_6,1/2/3/4/5/6/7/8/9/10/11/12/13/15/16/17/18/19/20,True,False,physionet/eegmmidb/1.0.0/S014/S014R10.edf,c0fdc474a78421cc6048a9c8dfc8cafa8424dd4379135b60d68a77c4ee0b2b6a
14,14,10,3,7,S014_R10_T03,both_fists_imagery,0,both_feet_imagery,1,0.23644034265884928,False,spectral_baseline_6,1/2/3/4/5/6/7/8/9/10/11/12/13/15/16/17/18/19/20,True,False,physionet/eegmmidb/1.0.0/S014/S014R10.edf,c0fdc474a78421cc6048a9c8dfc8cafa8424dd4379135b60d68a77c4ee0b2b6a
14,14,10,4,9,S014_R10_T04,both_fists_imagery,0,both_feet_imagery,1,0.3289790098925643,False,spectral_baseline_6,1/2/3/4/5/6/7/8/9/10/11/12/13/15/16/17/18/19/20,True,False,physionet/eegmmidb/1.0.0/S014/S014R10.edf,c0fdc474a78421cc6048a9c8dfc8cafa8424dd4379135b60d68a77c4ee0b2b6a
14,14,10,5,11,S014_R10_T05,both_feet_imagery,1,both_feet_imagery,1,0.5336041679864816,True,spectral_baseline_6,1/2/3/4/5/6/7/8/9/10/11/12/13/15/16/17/18/19/20,True,False,physionet/eegmmidb/1.0.0/S014/S014R10.edf,c0fdc474a78421cc6048a9c8dfc8cafa8424dd4379135b60d68a77c4ee0b2b6a
14,14,10,6,13,S014_R10_T06,both_fists_imagery,0,both_fists_imagery,0,-0.15220664745673634,True,spectral_baseline_6,1/2/3/4/5/6/7/8/9/10/11/12/13/15/16/17/18/19/20,True,False,physionet/eegmmidb/1.0.0/S014/S014R10.edf,c0fdc474a78421cc6048a9c8dfc8cafa8424dd4379135b60d68a77c4ee0b2b6a
14,14,10,7,15,S014_R10_T07,both_feet_imagery,1,both_fists_imagery,0,-0.09484497722895613,False,spectral_baseline_6,1/2/3/4/5/6/7/8/9/10/11/12/13/15/16/17/18/19/20,True,False,physionet/eegmmidb/1.0.0/S014/S014R10.edf,c0fdc474a78421cc6048a9c8dfc8cafa8424dd4379135b60d68a77c4ee0b2b6a
14,14,10,8,17,S014_R10_T08,both_feet_imagery,1,both_feet_imagery,1,0.6929553019695565,True,spectral_baseline_6,1/2/3/4/5/6/7/8/9/10/11/12/13/15/16/17/18/19/20,True,False,physionet/eegmmidb/1.0.0/S014/S014R10.edf,c0fdc474a78421cc6048a9c8dfc8cafa8424dd4379135b60d68a77c4ee0b2b6a
14,14,10,9,19,S014_R10_T09,both_fists_imagery,0,both_feet_imagery,1,0.7095498029905973,False,spectral_baseline_6,1/2/3/4/5/6/7/8/9/10/11/12/13/15/16/17/18/19/20,True,False,physionet/eegmmidb/1.0.0/S014/S014R10.edf,c0fdc474a78421cc6048a9c8dfc8cafa8424dd4379135b60d68a77c4ee0b2b6a
14,14,10,10,21,S014_R10_T10,both_feet_imagery,1,both_feet_imagery,1,0.34895411153235434,True,spectral_baseline_6,1/2/3/4/5/6/7/8/9/10/11/12/13/15/16/17/18/19/20,True,False,physionet/eegmmidb/1.0.0/S014/S014R10.edf,c0fdc474a78421cc6048a9c8dfc8cafa8424dd4379135b60d68a77c4ee0b2b6a
14,14,10,11,23,S014_R10_T11,both_fists_imagery,0,both_feet_imagery,1,0.023547861176487994,False,spectral_baseline_6,1/2/3/4/5/6/7/8/9/10/11/12/13/15/16/17/18/19/20,True,False,physionet/eegmmidb/1.0.0/S014/S014R10.edf,c0fdc474a78421cc6048a9c8dfc8cafa8424dd4379135b60d68a77c4ee0b2b6a
14,14,10,12,25,S014_R10_T12,both_feet_imagery,1,both_feet_imagery,1,0.8719854692702708,True,spectral_baseline_6,1/2/3/4/5/6/7/8/9/10/11/12/13/15/16/17/18/19/20,True,False,physionet/eegmmidb/1.0.0/S014/S014R10.edf,c0fdc474a78421cc6048a9c8dfc8cafa8424dd4379135b60d68a77c4ee0b2b6a
14,14,10,13,27,S014_R10_T13,both_fists_imagery,0,both_fists_imagery,0,-0.15723977685671542,True,spectral_baseline_6,1/2/3/4/5/6/7/8/9/10/11/12/13/15/16/17/18/19/20,True,False,physionet/eegmmidb/1.0.0/S014/S014R10.edf,c0fdc474a78421cc6048a9c8dfc8cafa8424dd4379135b60d68a77c4ee0b2b6a
14,14,10,14,29,S014_R10_T14,both_fists_imagery,0,both_feet_imagery,1,0.47229430904156544,False,spectral_baseline_6,1/2/3/4/5/6/7/8/9/10/11/12/13/15/16/17/18/19/20,True,False,physionet/eegmmidb/1.0.0/S014/S014R10.edf,c0fdc474a78421cc6048a9c8dfc8cafa8424dd4379135b60d68a77c4ee0b2b6a
14,14,14,0,1,S014_R14_T00,both_fists_imagery,0,both_feet_imagery,1,0.8437121900688516,False,spectral_baseline_6,1/2/3/4/5/6/7/8/9/10/11/12/13/15/16/17/18/19/20,True,False,physionet/eegmmidb/1.0.0/S014/S014R14.edf,dc0139288de0668975cfde05cce9663a186ba1b2ccb3fce71fbd4bbbb206b5ba
14,14,14,1,3,S014_R14_T01,both_feet_imagery,1,both_feet_imagery,1,0.22911404944605968,True,spectral_baseline_6,1/2/3/4/5/6/7/8/9/10/11/12/13/15/16/17/18/19/20,True,False,physionet/eegmmidb/1.0.0/S014/S014R14.edf,dc0139288de0668975cfde05cce9663a186ba1b2ccb3fce71fbd4bbbb206b5ba
14,14,14,2,5,S014_R14_T02,both_feet_imagery,1,both_feet_imagery,1,0.7424171200336356,True,spectral_baseline_6,1/2/3/4/5/6/7/8/9/10/11/12/13/15/16/17/18/19/20,True,False,physionet/eegmmidb/1.0.0/S014/S014R14.edf,dc0139288de0668975cfde05cce9663a186ba1b2ccb3fce71fbd4bbbb206b5ba
14,14,14,3,7,S014_R14_T03,both_fists_imagery,0,both_feet_imagery,1,0.1510010490480369,False,spectral_baseline_6,1/2/3/4/5/6/7/8/9/10/11/12/13/15/16/17/18/19/20,True,False,physionet/eegmmidb/1.0.0/S014/S014R14.edf,dc0139288de0668975cfde05cce9663a186ba1b2ccb3fce71fbd4bbbb206b5ba
14,14,14,4,9,S014_R14_T04,both_fists_imagery,0,both_feet_imagery,1,0.5274628044587023,False,spectral_baseline_6,1/2/3/4/5/6/7/8/9/10/11/12/13/15/16/17/18/19/20,True,False,physionet/eegmmidb/1.0.0/S014/S014R14.edf,dc0139288de0668975cfde05cce9663a186ba1b2ccb3fce71fbd4bbbb206b5ba
14,14,14,5,11,S014_R14_T05,both_feet_imagery,1,both_feet_imagery,1,0.6017016662219457,True,spectral_baseline_6,1/2/3/4/5/6/7/8/9/10/11/12/13/15/16/17/18/19/20,True,False,physionet/eegmmidb/1.0.0/S014/S014R14.edf,dc0139288de0668975cfde05cce9663a186ba1b2ccb3fce71fbd4bbbb206b5ba
14,14,14,6,13,S014_R14_T06,both_feet_imagery,1,both_feet_imagery,1,0.30177445294085525,True,spectral_baseline_6,1/2/3/4/5/6/7/8/9/10/11/12/13/15/16/17/18/19/20,True,False,physionet/eegmmidb/1.0.0/S014/S014R14.edf,dc0139288de0668975cfde05cce9663a186ba1b2ccb3fce71fbd4bbbb206b5ba
14,14,14,7,15,S014_R14_T07,both_fists_imagery,0,both_feet_imagery,1,0.12065063504599699,False,spectral_baseline_6,1/2/3/4/5/6/7/8/9/10/11/12/13/15/16/17/18/19/20,True,False,physionet/eegmmidb/1.0.0/S014/S014R14.edf,dc0139288de0668975cfde05cce9663a186ba1b2ccb3fce71fbd4bbbb206b5ba
14,14,14,8,17,S014_R14_T08,both_feet_imagery,1,both_fists_imagery,0,-0.16255987706050457,False,spectral_baseline_6,1/2/3/4/5/6/7/8/9/10/11/12/13/15/16/17/18/19/20,True,False,physionet/eegmmidb/1.0.0/S014/S014R14.edf,dc0139288de0668975cfde05cce9663a186ba1b2ccb3fce71fbd4bbbb206b5ba
14,14,14,9,19,S014_R14_T09,both_fists_imagery,0,both_feet_imagery,1,0.6425800536264825,False,spectral_baseline_6,1/2/3/4/5/6/7/8/9/10/11/12/13/15/16/17/18/19/20,True,False,physionet/eegmmidb/1.0.0/S014/S014R14.edf,dc0139288de0668975cfde05cce9663a186ba1b2ccb3fce71fbd4bbbb206b5ba
14,14,14,10,21,S014_R14_T10,both_feet_imagery,1,both_feet_imagery,1,0.061836711654466525,True,spectral_baseline_6,1/2/3/4/5/6/7/8/9/10/11/12/13/15/16/17/18/19/20,True,False,physionet/eegmmidb/1.0.0/S014/S014R14.edf,dc0139288de0668975cfde05cce9663a186ba1b2ccb3fce71fbd4bbbb206b5ba
14,14,14,11,23,S014_R14_T11,both_fists_imagery,0,both_feet_imagery,1,0.09840817966331139,False,spectral_baseline_6,1/2/3/4/5/6/7/8/9/10/11/12/13/15/16/17/18/19/20,True,False,physionet/eegmmidb/1.0.0/S014/S014R14.edf,dc0139288de0668975cfde05cce9663a186ba1b2ccb3fce71fbd4bbbb206b5ba
14,14,14,12,25,S014_R14_T12,both_feet_imagery,1,both_feet_imagery,1,0.2959061920668806,True,spectral_baseline_6,1/2/3/4/5/6/7/8/9/10/11/12/13/15/16/17/18/19/20,True,False,physionet/eegmmidb/1.0.0/S014/S014R14.edf,dc0139288de0668975cfde05cce9663a186ba1b2ccb3fce71fbd4bbbb206b5ba
14,14,14,13,27,S014_R14_T13,both_fists_imagery,0,both_feet_imagery,1,0.32087071999903205,False,spectral_baseline_6,1/2/3/4/5/6/7/8/9/10/11/12/13/15/16/17/18/19/20,True,False,physionet/eegmmidb/1.0.0/S014/S014R14.edf,dc0139288de0668975cfde05cce9663a186ba1b2ccb3fce71fbd4bbbb206b5ba
14,14,14,14,29,S014_R14_T14,both_fists_imagery,0,both_feet_imagery,1,0.6673346913905094,False,spectral_baseline_6,1/2/3/4/5/6/7/8/9/10/11/12/13/15/16/17/18/19/20,True,False,physionet/eegmmidb/1.0.0/S014/S014R14.edf,dc0139288de0668975cfde05cce9663a186ba1b2ccb3fce71fbd4bbbb206b5ba
14,14,6,0,1,S014_R06_T00,both_feet_imagery,1,both_feet_imagery,1,0.9150189344430149,True,csp_4_empirical,1/2/3/4/5/6/7/8/9/10/11/12/13/15/16/17/18/19/20,True,False,physionet/eegmmidb/1.0.0/S014/S014R06.edf,2effc21654d198aa9b98432717d66111358ee5795b929bb4c433d5d9ab066e97
14,14,6,1,3,S014_R06_T01,both_fists_imagery,0,both_fists_imagery,0,-0.33301892467558575,True,csp_4_empirical,1/2/3/4/5/6/7/8/9/10/11/12/13/15/16/17/18/19/20,True,False,physionet/eegmmidb/1.0.0/S014/S014R06.edf,2effc21654d198aa9b98432717d66111358ee5795b929bb4c433d5d9ab066e97
14,14,6,2,5,S014_R06_T02,both_feet_imagery,1,both_feet_imagery,1,0.48243993433049814,True,csp_4_empirical,1/2/3/4/5/6/7/8/9/10/11/12/13/15/16/17/18/19/20,True,False,physionet/eegmmidb/1.0.0/S014/S014R06.edf,2effc21654d198aa9b98432717d66111358ee5795b929bb4c433d5d9ab066e97
14,14,6,3,7,S014_R06_T03,both_fists_imagery,0,both_feet_imagery,1,0.11467746004953516,False,csp_4_empirical,1/2/3/4/5/6/7/8/9/10/11/12/13/15/16/17/18/19/20,True,False,physionet/eegmmidb/1.0.0/S014/S014R06.edf,2effc21654d198aa9b98432717d66111358ee5795b929bb4c433d5d9ab066e97
14,14,6,4,9,S014_R06_T04,both_fists_imagery,0,both_fists_imagery,0,-0.44724075015407044,True,csp_4_empirical,1/2/3/4/5/6/7/8/9/10/11/12/13/15/16/17/18/19/20,True,False,physionet/eegmmidb/1.0.0/S014/S014R06.edf,2effc21654d198aa9b98432717d66111358ee5795b929bb4c433d5d9ab066e97
14,14,6,5,11,S014_R06_T05,both_feet_imagery,1,both_feet_imagery,1,0.018680264713348604,True,csp_4_empirical,1/2/3/4/5/6/7/8/9/10/11/12/13/15/16/17/18/19/20,True,False,physionet/eegmmidb/1.0.0/S014/S014R06.edf,2effc21654d198aa9b98432717d66111358ee5795b929bb4c433d5d9ab066e97
14,14,6,6,13,S014_R06_T06,both_feet_imagery,1,both_feet_imagery,1,0.12992375241463686,True,csp_4_empirical,1/2/3/4/5/6/7/8/9/10/11/12/13/15/16/17/18/19/20,True,False,physionet/eegmmidb/1.0.0/S014/S014R06.edf,2effc21654d198aa9b98432717d66111358ee5795b929bb4c433d5d9ab066e97
14,14,6,7,15,S014_R06_T07,both_fists_imagery,0,both_feet_imagery,1,0.13800087551243095,False,csp_4_empirical,1/2/3/4/5/6/7/8/9/10/11/12/13/15/16/17/18/19/20,True,False,physionet/eegmmidb/1.0.0/S014/S014R06.edf,2effc21654d198aa9b98432717d66111358ee5795b929bb4c433d5d9ab066e97
14,14,6,8,17,S014_R06_T08,both_feet_imagery,1,both_feet_imagery,1,0.9052968188994373,True,csp_4_empirical,1/2/3/4/5/6/7/8/9/10/11/12/13/15/16/17/18/19/20,True,False,physionet/eegmmidb/1.0.0/S014/S014R06.edf,2effc21654d198aa9b98432717d66111358ee5795b929bb4c433d5d9ab066e97
14,14,6,9,19,S014_R06_T09,both_fists_imagery,0,both_fists_imagery,0,-0.33928208786516845,True,csp_4_empirical,1/2/3/4/5/6/7/8/9/10/11/12/13/15/16/17/18/19/20,True,False,physionet/eegmmidb/1.0.0/S014/S014R06.edf,2effc21654d198aa9b98432717d66111358ee5795b929bb4c433d5d9ab066e97
14,14,6,10,21,S014_R06_T10,both_feet_imagery,1,both_feet_imagery,1,0.33996537709300095,True,csp_4_empirical,1/2/3/4/5/6/7/8/9/10/11/12/13/15/16/17/18/19/20,True,False,physionet/eegmmidb/1.0.0/S014/S014R06.edf,2effc21654d198aa9b98432717d66111358ee5795b929bb4c433d5d9ab066e97
14,14,6,11,23,S014_R06_T11,both_fists_imagery,0,both_fists_imagery,0,-0.21112205606115475,True,csp_4_empirical,1/2/3/4/5/6/7/8/9/10/11/12/13/15/16/17/18/19/20,True,False,physionet/eegmmidb/1.0.0/S014/S014R06.edf,2effc21654d198aa9b98432717d66111358ee5795b929bb4c433d5d9ab066e97
14,14,6,12,25,S014_R06_T12,both_feet_imagery,1,both_feet_imagery,1,0.6579176686052229,True,csp_4_empirical,1/2/3/4/5/6/7/8/9/10/11/12/13/15/16/17/18/19/20,True,False,physionet/eegmmidb/1.0.0/S014/S014R06.edf,2effc21654d198aa9b98432717d66111358ee5795b929bb4c433d5d9ab066e97
14,14,6,13,27,S014_R06_T13,both_fists_imagery,0,both_feet_imagery,1,0.558232765640034,False,csp_4_empirical,1/2/3/4/5/6/7/8/9/10/11/12/13/15/16/17/18/19/20,True,False,physionet/eegmmidb/1.0.0/S014/S014R06.edf,2effc21654d198aa9b98432717d66111358ee5795b929bb4c433d5d9ab066e97
14,14,6,14,29,S014_R06_T14,both_fists_imagery,0,both_fists_imagery,0,-0.7029106118771145,True,csp_4_empirical,1/2/3/4/5/6/7/8/9/10/11/12/13/15/16/17/18/19/20,True,False,physionet/eegmmidb/1.0.0/S014/S014R06.edf,2effc21654d198aa9b98432717d66111358ee5795b929bb4c433d5d9ab066e97
14,14,10,0,1,S014_R10_T00,both_feet_imagery,1,both_fists_imagery,0,-1.065724618912552,False,csp_4_empirical,1/2/3/4/5/6/7/8/9/10/11/12/13/15/16/17/18/19/20,True,False,physionet/eegmmidb/1.0.0/S014/S014R10.edf,c0fdc474a78421cc6048a9c8dfc8cafa8424dd4379135b60d68a77c4ee0b2b6a
14,14,10,1,3,S014_R10_T01,both_fists_imagery,0,both_fists_imagery,0,-0.5891237991437757,True,csp_4_empirical,1/2/3/4/5/6/7/8/9/10/11/12/13/15/16/17/18/19/20,True,False,physionet/eegmmidb/1.0.0/S014/S014R10.edf,c0fdc474a78421cc6048a9c8dfc8cafa8424dd4379135b60d68a77c4ee0b2b6a
14,14,10,2,5,S014_R10_T02,both_feet_imagery,1,both_fists_imagery,0,-0.11275042774318855,False,csp_4_empirical,1/2/3/4/5/6/7/8/9/10/11/12/13/15/16/17/18/19/20,True,False,physionet/eegmmidb/1.0.0/S014/S014R10.edf,c0fdc474a78421cc6048a9c8dfc8cafa8424dd4379135b60d68a77c4ee0b2b6a
14,14,10,3,7,S014_R10_T03,both_fists_imagery,0,both_fists_imagery,0,-0.11094101082569491,True,csp_4_empirical,1/2/3/4/5/6/7/8/9/10/11/12/13/15/16/17/18/19/20,True,False,physionet/eegmmidb/1.0.0/S014/S014R10.edf,c0fdc474a78421cc6048a9c8dfc8cafa8424dd4379135b60d68a77c4ee0b2b6a
14,14,10,4,9,S014_R10_T04,both_fists_imagery,0,both_feet_imagery,1,0.3495225054347,False,csp_4_empirical,1/2/3/4/5/6/7/8/9/10/11/12/13/15/16/17/18/19/20,True,False,physionet/eegmmidb/1.0.0/S014/S014R10.edf,c0fdc474a78421cc6048a9c8dfc8cafa8424dd4379135b60d68a77c4ee0b2b6a
14,14,10,5,11,S014_R10_T05,both_feet_imagery,1,both_feet_imagery,1,1.0629397683683741,True,csp_4_empirical,1/2/3/4/5/6/7/8/9/10/11/12/13/15/16/17/18/19/20,True,False,physionet/eegmmidb/1.0.0/S014/S014R10.edf,c0fdc474a78421cc6048a9c8dfc8cafa8424dd4379135b60d68a77c4ee0b2b6a
14,14,10,6,13,S014_R10_T06,both_fists_imagery,0,both_feet_imagery,1,0.25104229791718374,False,csp_4_empirical,1/2/3/4/5/6/7/8/9/10/11/12/13/15/16/17/18/19/20,True,False,physionet/eegmmidb/1.0.0/S014/S014R10.edf,c0fdc474a78421cc6048a9c8dfc8cafa8424dd4379135b60d68a77c4ee0b2b6a
14,14,10,7,15,S014_R10_T07,both_feet_imagery,1,both_feet_imagery,1,0.26662595907246667,True,csp_4_empirical,1/2/3/4/5/6/7/8/9/10/11/12/13/15/16/17/18/19/20,True,False,physionet/eegmmidb/1.0.0/S014/S014R10.edf,c0fdc474a78421cc6048a9c8dfc8cafa8424dd4379135b60d68a77c4ee0b2b6a
14,14,10,8,17,S014_R10_T08,both_feet_imagery,1,both_fists_imagery,0,-0.7172954277960455,False,csp_4_empirical,1/2/3/4/5/6/7/8/9/10/11/12/13/15/16/17/18/19/20,True,False,physionet/eegmmidb/1.0.0/S014/S014R10.edf,c0fdc474a78421cc6048a9c8dfc8cafa8424dd4379135b60d68a77c4ee0b2b6a
14,14,10,9,19,S014_R10_T09,both_fists_imagery,0,both_fists_imagery,0,-0.7018289522083654,True,csp_4_empirical,1/2/3/4/5/6/7/8/9/10/11/12/13/15/16/17/18/19/20,True,False,physionet/eegmmidb/1.0.0/S014/S014R10.edf,c0fdc474a78421cc6048a9c8dfc8cafa8424dd4379135b60d68a77c4ee0b2b6a
14,14,10,10,21,S014_R10_T10,both_feet_imagery,1,both_feet_imagery,1,0.12321325213071908,True,csp_4_empirical,1/2/3/4/5/6/7/8/9/10/11/12/13/15/16/17/18/19/20,True,False,physionet/eegmmidb/1.0.0/S014/S014R10.edf,c0fdc474a78421cc6048a9c8dfc8cafa8424dd4379135b60d68a77c4ee0b2b6a
14,14,10,11,23,S014_R10_T11,both_fists_imagery,0,both_fists_imagery,0,-0.42210804240328287,True,csp_4_empirical,1/2/3/4/5/6/7/8/9/10/11/12/13/15/16/17/18/19/20,True,False,physionet/eegmmidb/1.0.0/S014/S014R10.edf,c0fdc474a78421cc6048a9c8dfc8cafa8424dd4379135b60d68a77c4ee0b2b6a
14,14,10,12,25,S014_R10_T12,both_feet_imagery,1,both_fists_imagery,0,-0.669612122381323,False,csp_4_empirical,1/2/3/4/5/6/7/8/9/10/11/12/13/15/16/17/18/19/20,True,False,physionet/eegmmidb/1.0.0/S014/S014R10.edf,c0fdc474a78421cc6048a9c8dfc8cafa8424dd4379135b60d68a77c4ee0b2b6a
14,14,10,13,27,S014_R10_T13,both_fists_imagery,0,both_fists_imagery,0,-1.0572625251302687,True,csp_4_empirical,1/2/3/4/5/6/7/8/9/10/11/12/13/15/16/17/18/19/20,True,False,physionet/eegmmidb/1.0.0/S014/S014R10.edf,c0fdc474a78421cc6048a9c8dfc8cafa8424dd4379135b60d68a77c4ee0b2b6a
14,14,10,14,29,S014_R10_T14,both_fists_imagery,0,both_fists_imagery,0,-0.6486942255054777,True,csp_4_empirical,1/2/3/4/5/6/7/8/9/10/11/12/13/15/16/17/18/19/20,True,False,physionet/eegmmidb/1.0.0/S014/S014R10.edf,c0fdc474a78421cc6048a9c8dfc8cafa8424dd4379135b60d68a77c4ee0b2b6a
14,14,14,0,1,S014_R14_T00,both_fists_imagery,0,both_fists_imagery,0,-0.4876752098368604,True,csp_4_empirical,1/2/3/4/5/6/7/8/9/10/11/12/13/15/16/17/18/19/20,True,False,physionet/eegmmidb/1.0.0/S014/S014R14.edf,dc0139288de0668975cfde05cce9663a186ba1b2ccb3fce71fbd4bbbb206b5ba
14,14,14,1,3,S014_R14_T01,both_feet_imagery,1,both_fists_imagery,0,-0.26884969180232615,False,csp_4_empirical,1/2/3/4/5/6/7/8/9/10/11/12/13/15/16/17/18/19/20,True,False,physionet/eegmmidb/1.0.0/S014/S014R14.edf,dc0139288de0668975cfde05cce9663a186ba1b2ccb3fce71fbd4bbbb206b5ba
14,14,14,2,5,S014_R14_T02,both_feet_imagery,1,both_fists_imagery,0,-1.3831625640038507,False,csp_4_empirical,1/2/3/4/5/6/7/8/9/10/11/12/13/15/16/17/18/19/20,True,False,physionet/eegmmidb/1.0.0/S014/S014R14.edf,dc0139288de0668975cfde05cce9663a186ba1b2ccb3fce71fbd4bbbb206b5ba
14,14,14,3,7,S014_R14_T03,both_fists_imagery,0,both_fists_imagery,0,-0.4467285047211925,True,csp_4_empirical,1/2/3/4/5/6/7/8/9/10/11/12/13/15/16/17/18/19/20,True,False,physionet/eegmmidb/1.0.0/S014/S014R14.edf,dc0139288de0668975cfde05cce9663a186ba1b2ccb3fce71fbd4bbbb206b5ba
14,14,14,4,9,S014_R14_T04,both_fists_imagery,0,both_fists_imagery,0,-0.37297228165060037,True,csp_4_empirical,1/2/3/4/5/6/7/8/9/10/11/12/13/15/16/17/18/19/20,True,False,physionet/eegmmidb/1.0.0/S014/S014R14.edf,dc0139288de0668975cfde05cce9663a186ba1b2ccb3fce71fbd4bbbb206b5ba
14,14,14,5,11,S014_R14_T05,both_feet_imagery,1,both_feet_imagery,1,0.0035319996649353924,True,csp_4_empirical,1/2/3/4/5/6/7/8/9/10/11/12/13/15/16/17/18/19/20,True,False,physionet/eegmmidb/1.0.0/S014/S014R14.edf,dc0139288de0668975cfde05cce9663a186ba1b2ccb3fce71fbd4bbbb206b5ba
14,14,14,6,13,S014_R14_T06,both_feet_imagery,1,both_fists_imagery,0,-0.41612292523127176,False,csp_4_empirical,1/2/3/4/5/6/7/8/9/10/11/12/13/15/16/17/18/19/20,True,False,physionet/eegmmidb/1.0.0/S014/S014R14.edf,dc0139288de0668975cfde05cce9663a186ba1b2ccb3fce71fbd4bbbb206b5ba
14,14,14,7,15,S014_R14_T07,both_fists_imagery,0,both_fists_imagery,0,-1.34371153834063,True,csp_4_empirical,1/2/3/4/5/6/7/8/9/10/11/12/13/15/16/17/18/19/20,True,False,physionet/eegmmidb/1.0.0/S014/S014R14.edf,dc0139288de0668975cfde05cce9663a186ba1b2ccb3fce71fbd4bbbb206b5ba
14,14,14,8,17,S014_R14_T08,both_feet_imagery,1,both_fists_imagery,0,-0.36344820623136326,False,csp_4_empirical,1/2/3/4/5/6/7/8/9/10/11/12/13/15/16/17/18/19/20,True,False,physionet/eegmmidb/1.0.0/S014/S014R14.edf,dc0139288de0668975cfde05cce9663a186ba1b2ccb3fce71fbd4bbbb206b5ba
14,14,14,9,19,S014_R14_T09,both_fists_imagery,0,both_fists_imagery,0,-0.5251514518311399,True,csp_4_empirical,1/2/3/4/5/6/7/8/9/10/11/12/13/15/16/17/18/19/20,True,False,physionet/eegmmidb/1.0.0/S014/S014R14.edf,dc0139288de0668975cfde05cce9663a186ba1b2ccb3fce71fbd4bbbb206b5ba
14,14,14,10,21,S014_R14_T10,both_feet_imagery,1,both_fists_imagery,0,-0.24653734630245872,False,csp_4_empirical,1/2/3/4/5/6/7/8/9/10/11/12/13/15/16/17/18/19/20,True,False,physionet/eegmmidb/1.0.0/S014/S014R14.edf,dc0139288de0668975cfde05cce9663a186ba1b2ccb3fce71fbd4bbbb206b5ba
14,14,14,11,23,S014_R14_T11,both_fists_imagery,0,both_fists_imagery,0,-0.2958954790049212,True,csp_4_empirical,1/2/3/4/5/6/7/8/9/10/11/12/13/15/16/17/18/19/20,True,False,physionet/eegmmidb/1.0.0/S014/S014R14.edf,dc0139288de0668975cfde05cce9663a186ba1b2ccb3fce71fbd4bbbb206b5ba
14,14,14,12,25,S014_R14_T12,both_feet_imagery,1,both_fists_imagery,0,-0.5406598073907264,False,csp_4_empirical,1/2/3/4/5/6/7/8/9/10/11/12/13/15/16/17/18/19/20,True,False,physionet/eegmmidb/1.0.0/S014/S014R14.edf,dc0139288de0668975cfde05cce9663a186ba1b2ccb3fce71fbd4bbbb206b5ba
14,14,14,13,27,S014_R14_T13,both_fists_imagery,0,both_fists_imagery,0,-0.7676218984897509,True,csp_4_empirical,1/2/3/4/5/6/7/8/9/10/11/12/13/15/16/17/18/19/20,True,False,physionet/eegmmidb/1.0.0/S014/S014R14.edf,dc0139288de0668975cfde05cce9663a186ba1b2ccb3fce71fbd4bbbb206b5ba
14,14,14,14,29,S014_R14_T14,both_fists_imagery,0,both_fists_imagery,0,-1.5571009365610466,True,csp_4_empirical,1/2/3/4/5/6/7/8/9/10/11/12/13/15/16/17/18/19/20,True,False,physionet/eegmmidb/1.0.0/S014/S014R14.edf,dc0139288de0668975cfde05cce9663a186ba1b2ccb3fce71fbd4bbbb206b5ba
15,15,6,0,1,S015_R06_T00,both_fists_imagery,0,both_feet_imagery,1,0.24854995502693544,False,spectral_baseline_6,1/2/3/4/5/6/7/8/9/10/11/12/13/14/16/17/18/19/20,True,False,physionet/eegmmidb/1.0.0/S015/S015R06.edf,705c63ec04c0f9096cc6b4f32eec0bcea9a0bfa8d01aed7494b67a487e014afe
15,15,6,1,3,S015_R06_T01,both_feet_imagery,1,both_fists_imagery,0,-0.23781397909388718,False,spectral_baseline_6,1/2/3/4/5/6/7/8/9/10/11/12/13/14/16/17/18/19/20,True,False,physionet/eegmmidb/1.0.0/S015/S015R06.edf,705c63ec04c0f9096cc6b4f32eec0bcea9a0bfa8d01aed7494b67a487e014afe
15,15,6,2,5,S015_R06_T02,both_fists_imagery,0,both_fists_imagery,0,-0.37328131832628897,True,spectral_baseline_6,1/2/3/4/5/6/7/8/9/10/11/12/13/14/16/17/18/19/20,True,False,physionet/eegmmidb/1.0.0/S015/S015R06.edf,705c63ec04c0f9096cc6b4f32eec0bcea9a0bfa8d01aed7494b67a487e014afe
15,15,6,3,7,S015_R06_T03,both_feet_imagery,1,both_feet_imagery,1,0.8411370008957186,True,spectral_baseline_6,1/2/3/4/5/6/7/8/9/10/11/12/13/14/16/17/18/19/20,True,False,physionet/eegmmidb/1.0.0/S015/S015R06.edf,705c63ec04c0f9096cc6b4f32eec0bcea9a0bfa8d01aed7494b67a487e014afe
15,15,6,4,9,S015_R06_T04,both_fists_imagery,0,both_fists_imagery,0,-0.13818883538368043,True,spectral_baseline_6,1/2/3/4/5/6/7/8/9/10/11/12/13/14/16/17/18/19/20,True,False,physionet/eegmmidb/1.0.0/S015/S015R06.edf,705c63ec04c0f9096cc6b4f32eec0bcea9a0bfa8d01aed7494b67a487e014afe
15,15,6,5,11,S015_R06_T05,both_feet_imagery,1,both_feet_imagery,1,0.5301110778015646,True,spectral_baseline_6,1/2/3/4/5/6/7/8/9/10/11/12/13/14/16/17/18/19/20,True,False,physionet/eegmmidb/1.0.0/S015/S015R06.edf,705c63ec04c0f9096cc6b4f32eec0bcea9a0bfa8d01aed7494b67a487e014afe
15,15,6,6,13,S015_R06_T06,both_fists_imagery,0,both_feet_imagery,1,0.28758027694486193,False,spectral_baseline_6,1/2/3/4/5/6/7/8/9/10/11/12/13/14/16/17/18/19/20,True,False,physionet/eegmmidb/1.0.0/S015/S015R06.edf,705c63ec04c0f9096cc6b4f32eec0bcea9a0bfa8d01aed7494b67a487e014afe
15,15,6,7,15,S015_R06_T07,both_feet_imagery,1,both_fists_imagery,0,-0.4846918540010453,False,spectral_baseline_6,1/2/3/4/5/6/7/8/9/10/11/12/13/14/16/17/18/19/20,True,False,physionet/eegmmidb/1.0.0/S015/S015R06.edf,705c63ec04c0f9096cc6b4f32eec0bcea9a0bfa8d01aed7494b67a487e014afe
15,15,6,8,17,S015_R06_T08,both_feet_imagery,1,both_fists_imagery,0,-0.0998664648175106,False,spectral_baseline_6,1/2/3/4/5/6/7/8/9/10/11/12/13/14/16/17/18/19/20,True,False,physionet/eegmmidb/1.0.0/S015/S015R06.edf,705c63ec04c0f9096cc6b4f32eec0bcea9a0bfa8d01aed7494b67a487e014afe
15,15,6,9,19,S015_R06_T09,both_fists_imagery,0,both_fists_imagery,0,-0.40776621322409745,True,spectral_baseline_6,1/2/3/4/5/6/7/8/9/10/11/12/13/14/16/17/18/19/20,True,False,physionet/eegmmidb/1.0.0/S015/S015R06.edf,705c63ec04c0f9096cc6b4f32eec0bcea9a0bfa8d01aed7494b67a487e014afe
15,15,6,10,21,S015_R06_T10,both_feet_imagery,1,both_feet_imagery,1,0.49102794320533577,True,spectral_baseline_6,1/2/3/4/5/6/7/8/9/10/11/12/13/14/16/17/18/19/20,True,False,physionet/eegmmidb/1.0.0/S015/S015R06.edf,705c63ec04c0f9096cc6b4f32eec0bcea9a0bfa8d01aed7494b67a487e014afe
15,15,6,11,23,S015_R06_T11,both_fists_imagery,0,both_fists_imagery,0,-0.1973552999604089,True,spectral_baseline_6,1/2/3/4/5/6/7/8/9/10/11/12/13/14/16/17/18/19/20,True,False,physionet/eegmmidb/1.0.0/S015/S015R06.edf,705c63ec04c0f9096cc6b4f32eec0bcea9a0bfa8d01aed7494b67a487e014afe
15,15,6,12,25,S015_R06_T12,both_feet_imagery,1,both_feet_imagery,1,0.41852127839406095,True,spectral_baseline_6,1/2/3/4/5/6/7/8/9/10/11/12/13/14/16/17/18/19/20,True,False,physionet/eegmmidb/1.0.0/S015/S015R06.edf,705c63ec04c0f9096cc6b4f32eec0bcea9a0bfa8d01aed7494b67a487e014afe
15,15,6,13,27,S015_R06_T13,both_fists_imagery,0,both_feet_imagery,1,0.6694577217985551,False,spectral_baseline_6,1/2/3/4/5/6/7/8/9/10/11/12/13/14/16/17/18/19/20,True,False,physionet/eegmmidb/1.0.0/S015/S015R06.edf,705c63ec04c0f9096cc6b4f32eec0bcea9a0bfa8d01aed7494b67a487e014afe
15,15,6,14,29,S015_R06_T14,both_fists_imagery,0,both_feet_imagery,1,0.4688493123466013,False,spectral_baseline_6,1/2/3/4/5/6/7/8/9/10/11/12/13/14/16/17/18/19/20,True,False,physionet/eegmmidb/1.0.0/S015/S015R06.edf,705c63ec04c0f9096cc6b4f32eec0bcea9a0bfa8d01aed7494b67a487e014afe
15,15,10,0,1,S015_R10_T00,both_feet_imagery,1,both_feet_imagery,1,0.0997195927828829,True,spectral_baseline_6,1/2/3/4/5/6/7/8/9/10/11/12/13/14/16/17/18/19/20,True,False,physionet/eegmmidb/1.0.0/S015/S015R10.edf,67233630176aa19faa4133355be20476cc8f571d9327943b9d35a73ecb96f519
15,15,10,1,3,S015_R10_T01,both_fists_imagery,0,both_fists_imagery,0,-0.12647643705203804,True,spectral_baseline_6,1/2/3/4/5/6/7/8/9/10/11/12/13/14/16/17/18/19/20,True,False,physionet/eegmmidb/1.0.0/S015/S015R10.edf,67233630176aa19faa4133355be20476cc8f571d9327943b9d35a73ecb96f519
15,15,10,2,5,S015_R10_T02,both_feet_imagery,1,both_feet_imagery,1,0.18351020734435908,True,spectral_baseline_6,1/2/3/4/5/6/7/8/9/10/11/12/13/14/16/17/18/19/20,True,False,physionet/eegmmidb/1.0.0/S015/S015R10.edf,67233630176aa19faa4133355be20476cc8f571d9327943b9d35a73ecb96f519
15,15,10,3,7,S015_R10_T03,both_fists_imagery,0,both_fists_imagery,0,-0.23740565666724653,True,spectral_baseline_6,1/2/3/4/5/6/7/8/9/10/11/12/13/14/16/17/18/19/20,True,False,physionet/eegmmidb/1.0.0/S015/S015R10.edf,67233630176aa19faa4133355be20476cc8f571d9327943b9d35a73ecb96f519
15,15,10,4,9,S015_R10_T04,both_fists_imagery,0,both_fists_imagery,0,-0.13702054796959096,True,spectral_baseline_6,1/2/3/4/5/6/7/8/9/10/11/12/13/14/16/17/18/19/20,True,False,physionet/eegmmidb/1.0.0/S015/S015R10.edf,67233630176aa19faa4133355be20476cc8f571d9327943b9d35a73ecb96f519
15,15,10,5,11,S015_R10_T05,both_feet_imagery,1,both_feet_imagery,1,0.3788260400501807,True,spectral_baseline_6,1/2/3/4/5/6/7/8/9/10/11/12/13/14/16/17/18/19/20,True,False,physionet/eegmmidb/1.0.0/S015/S015R10.edf,67233630176aa19faa4133355be20476cc8f571d9327943b9d35a73ecb96f519
15,15,10,6,13,S015_R10_T06,both_fists_imagery,0,both_feet_imagery,1,0.2927033191355882,False,spectral_baseline_6,1/2/3/4/5/6/7/8/9/10/11/12/13/14/16/17/18/19/20,True,False,physionet/eegmmidb/1.0.0/S015/S015R10.edf,67233630176aa19faa4133355be20476cc8f571d9327943b9d35a73ecb96f519
15,15,10,7,15,S015_R10_T07,both_feet_imagery,1,both_feet_imagery,1,0.464177905994764,True,spectral_baseline_6,1/2/3/4/5/6/7/8/9/10/11/12/13/14/16/17/18/19/20,True,False,physionet/eegmmidb/1.0.0/S015/S015R10.edf,67233630176aa19faa4133355be20476cc8f571d9327943b9d35a73ecb96f519
15,15,10,8,17,S015_R10_T08,both_fists_imagery,0,both_fists_imagery,0,-0.07188048001019387,True,spectral_baseline_6,1/2/3/4/5/6/7/8/9/10/11/12/13/14/16/17/18/19/20,True,False,physionet/eegmmidb/1.0.0/S015/S015R10.edf,67233630176aa19faa4133355be20476cc8f571d9327943b9d35a73ecb96f519
15,15,10,9,19,S015_R10_T09,both_feet_imagery,1,both_fists_imagery,0,-0.0732008660877368,False,spectral_baseline_6,1/2/3/4/5/6/7/8/9/10/11/12/13/14/16/17/18/19/20,True,False,physionet/eegmmidb/1.0.0/S015/S015R10.edf,67233630176aa19faa4133355be20476cc8f571d9327943b9d35a73ecb96f519
15,15,10,10,21,S015_R10_T10,both_feet_imagery,1,both_fists_imagery,0,-0.26849172113127323,False,spectral_baseline_6,1/2/3/4/5/6/7/8/9/10/11/12/13/14/16/17/18/19/20,True,False,physionet/eegmmidb/1.0.0/S015/S015R10.edf,67233630176aa19faa4133355be20476cc8f571d9327943b9d35a73ecb96f519
15,15,10,11,23,S015_R10_T11,both_fists_imagery,0,both_fists_imagery,0,-0.5515138101329922,True,spectral_baseline_6,1/2/3/4/5/6/7/8/9/10/11/12/13/14/16/17/18/19/20,True,False,physionet/eegmmidb/1.0.0/S015/S015R10.edf,67233630176aa19faa4133355be20476cc8f571d9327943b9d35a73ecb96f519
15,15,10,12,25,S015_R10_T12,both_feet_imagery,1,both_fists_imagery,0,-0.04106837852856815,False,spectral_baseline_6,1/2/3/4/5/6/7/8/9/10/11/12/13/14/16/17/18/19/20,True,False,physionet/eegmmidb/1.0.0/S015/S015R10.edf,67233630176aa19faa4133355be20476cc8f571d9327943b9d35a73ecb96f519
15,15,10,13,27,S015_R10_T13,both_fists_imagery,0,both_fists_imagery,0,-0.20260783439225316,True,spectral_baseline_6,1/2/3/4/5/6/7/8/9/10/11/12/13/14/16/17/18/19/20,True,False,physionet/eegmmidb/1.0.0/S015/S015R10.edf,67233630176aa19faa4133355be20476cc8f571d9327943b9d35a73ecb96f519
15,15,10,14,29,S015_R10_T14,both_feet_imagery,1,both_feet_imagery,1,0.12734871820287041,True,spectral_baseline_6,1/2/3/4/5/6/7/8/9/10/11/12/13/14/16/17/18/19/20,True,False,physionet/eegmmidb/1.0.0/S015/S015R10.edf,67233630176aa19faa4133355be20476cc8f571d9327943b9d35a73ecb96f519
15,15,14,0,1,S015_R14_T00,both_feet_imagery,1,both_feet_imagery,1,0.07882184805722225,True,spectral_baseline_6,1/2/3/4/5/6/7/8/9/10/11/12/13/14/16/17/18/19/20,True,False,physionet/eegmmidb/1.0.0/S015/S015R14.edf,3f57b464e13807f30aacbfc2f6780bc02bf8faecea883725683177416503c875
15,15,14,1,3,S015_R14_T01,both_fists_imagery,0,both_fists_imagery,0,-0.9751178978992169,True,spectral_baseline_6,1/2/3/4/5/6/7/8/9/10/11/12/13/14/16/17/18/19/20,True,False,physionet/eegmmidb/1.0.0/S015/S015R14.edf,3f57b464e13807f30aacbfc2f6780bc02bf8faecea883725683177416503c875
15,15,14,2,5,S015_R14_T02,both_feet_imagery,1,both_feet_imagery,1,0.6339305497777095,True,spectral_baseline_6,1/2/3/4/5/6/7/8/9/10/11/12/13/14/16/17/18/19/20,True,False,physionet/eegmmidb/1.0.0/S015/S015R14.edf,3f57b464e13807f30aacbfc2f6780bc02bf8faecea883725683177416503c875
15,15,14,3,7,S015_R14_T03,both_fists_imagery,0,both_feet_imagery,1,0.12208954875929562,False,spectral_baseline_6,1/2/3/4/5/6/7/8/9/10/11/12/13/14/16/17/18/19/20,True,False,physionet/eegmmidb/1.0.0/S015/S015R14.edf,3f57b464e13807f30aacbfc2f6780bc02bf8faecea883725683177416503c875
15,15,14,4,9,S015_R14_T04,both_fists_imagery,0,both_feet_imagery,1,0.4066871873540955,False,spectral_baseline_6,1/2/3/4/5/6/7/8/9/10/11/12/13/14/16/17/18/19/20,True,False,physionet/eegmmidb/1.0.0/S015/S015R14.edf,3f57b464e13807f30aacbfc2f6780bc02bf8faecea883725683177416503c875
15,15,14,5,11,S015_R14_T05,both_feet_imagery,1,both_feet_imagery,1,0.38150330619322415,True,spectral_baseline_6,1/2/3/4/5/6/7/8/9/10/11/12/13/14/16/17/18/19/20,True,False,physionet/eegmmidb/1.0.0/S015/S015R14.edf,3f57b464e13807f30aacbfc2f6780bc02bf8faecea883725683177416503c875
15,15,14,6,13,S015_R14_T06,both_fists_imagery,0,both_fists_imagery,0,-0.39370063309659953,True,spectral_baseline_6,1/2/3/4/5/6/7/8/9/10/11/12/13/14/16/17/18/19/20,True,False,physionet/eegmmidb/1.0.0/S015/S015R14.edf,3f57b464e13807f30aacbfc2f6780bc02bf8faecea883725683177416503c875
15,15,14,7,15,S015_R14_T07,both_feet_imagery,1,both_feet_imagery,1,0.14320300760250554,True,spectral_baseline_6,1/2/3/4/5/6/7/8/9/10/11/12/13/14/16/17/18/19/20,True,False,physionet/eegmmidb/1.0.0/S015/S015R14.edf,3f57b464e13807f30aacbfc2f6780bc02bf8faecea883725683177416503c875
15,15,14,8,17,S015_R14_T08,both_fists_imagery,0,both_fists_imagery,0,-0.15286531004818282,True,spectral_baseline_6,1/2/3/4/5/6/7/8/9/10/11/12/13/14/16/17/18/19/20,True,False,physionet/eegmmidb/1.0.0/S015/S015R14.edf,3f57b464e13807f30aacbfc2f6780bc02bf8faecea883725683177416503c875
15,15,14,9,19,S015_R14_T09,both_feet_imagery,1,both_feet_imagery,1,0.3253973852094842,True,spectral_baseline_6,1/2/3/4/5/6/7/8/9/10/11/12/13/14/16/17/18/19/20,True,False,physionet/eegmmidb/1.0.0/S015/S015R14.edf,3f57b464e13807f30aacbfc2f6780bc02bf8faecea883725683177416503c875
15,15,14,10,21,S015_R14_T10,both_fists_imagery,0,both_feet_imagery,1,0.08681177932858775,False,spectral_baseline_6,1/2/3/4/5/6/7/8/9/10/11/12/13/14/16/17/18/19/20,True,False,physionet/eegmmidb/1.0.0/S015/S015R14.edf,3f57b464e13807f30aacbfc2f6780bc02bf8faecea883725683177416503c875
15,15,14,11,23,S015_R14_T11,both_feet_imagery,1,both_feet_imagery,1,0.15984888401342268,True,spectral_baseline_6,1/2/3/4/5/6/7/8/9/10/11/12/13/14/16/17/18/19/20,True,False,physionet/eegmmidb/1.0.0/S015/S015R14.edf,3f57b464e13807f30aacbfc2f6780bc02bf8faecea883725683177416503c875
15,15,14,12,25,S015_R14_T12,both_feet_imagery,1,both_feet_imagery,1,0.35968246074226445,True,spectral_baseline_6,1/2/3/4/5/6/7/8/9/10/11/12/13/14/16/17/18/19/20,True,False,physionet/eegmmidb/1.0.0/S015/S015R14.edf,3f57b464e13807f30aacbfc2f6780bc02bf8faecea883725683177416503c875
15,15,14,13,27,S015_R14_T13,both_fists_imagery,0,both_feet_imagery,1,0.0900823107096409,False,spectral_baseline_6,1/2/3/4/5/6/7/8/9/10/11/12/13/14/16/17/18/19/20,True,False,physionet/eegmmidb/1.0.0/S015/S015R14.edf,3f57b464e13807f30aacbfc2f6780bc02bf8faecea883725683177416503c875
15,15,14,14,29,S015_R14_T14,both_feet_imagery,1,both_fists_imagery,0,-0.20020127961981204,False,spectral_baseline_6,1/2/3/4/5/6/7/8/9/10/11/12/13/14/16/17/18/19/20,True,False,physionet/eegmmidb/1.0.0/S015/S015R14.edf,3f57b464e13807f30aacbfc2f6780bc02bf8faecea883725683177416503c875
15,15,6,0,1,S015_R06_T00,both_fists_imagery,0,both_fists_imagery,0,-0.4103545580716572,True,csp_4_empirical,1/2/3/4/5/6/7/8/9/10/11/12/13/14/16/17/18/19/20,True,False,physionet/eegmmidb/1.0.0/S015/S015R06.edf,705c63ec04c0f9096cc6b4f32eec0bcea9a0bfa8d01aed7494b67a487e014afe
15,15,6,1,3,S015_R06_T01,both_feet_imagery,1,both_feet_imagery,1,0.1620976294481371,True,csp_4_empirical,1/2/3/4/5/6/7/8/9/10/11/12/13/14/16/17/18/19/20,True,False,physionet/eegmmidb/1.0.0/S015/S015R06.edf,705c63ec04c0f9096cc6b4f32eec0bcea9a0bfa8d01aed7494b67a487e014afe
15,15,6,2,5,S015_R06_T02,both_fists_imagery,0,both_fists_imagery,0,-0.3230294733837411,True,csp_4_empirical,1/2/3/4/5/6/7/8/9/10/11/12/13/14/16/17/18/19/20,True,False,physionet/eegmmidb/1.0.0/S015/S015R06.edf,705c63ec04c0f9096cc6b4f32eec0bcea9a0bfa8d01aed7494b67a487e014afe
15,15,6,3,7,S015_R06_T03,both_feet_imagery,1,both_feet_imagery,1,0.4141607602268289,True,csp_4_empirical,1/2/3/4/5/6/7/8/9/10/11/12/13/14/16/17/18/19/20,True,False,physionet/eegmmidb/1.0.0/S015/S015R06.edf,705c63ec04c0f9096cc6b4f32eec0bcea9a0bfa8d01aed7494b67a487e014afe
15,15,6,4,9,S015_R06_T04,both_fists_imagery,0,both_fists_imagery,0,-0.3668171846628232,True,csp_4_empirical,1/2/3/4/5/6/7/8/9/10/11/12/13/14/16/17/18/19/20,True,False,physionet/eegmmidb/1.0.0/S015/S015R06.edf,705c63ec04c0f9096cc6b4f32eec0bcea9a0bfa8d01aed7494b67a487e014afe
15,15,6,5,11,S015_R06_T05,both_feet_imagery,1,both_feet_imagery,1,0.40751187093766794,True,csp_4_empirical,1/2/3/4/5/6/7/8/9/10/11/12/13/14/16/17/18/19/20,True,False,physionet/eegmmidb/1.0.0/S015/S015R06.edf,705c63ec04c0f9096cc6b4f32eec0bcea9a0bfa8d01aed7494b67a487e014afe
15,15,6,6,13,S015_R06_T06,both_fists_imagery,0,both_fists_imagery,0,-0.6297103220781537,True,csp_4_empirical,1/2/3/4/5/6/7/8/9/10/11/12/13/14/16/17/18/19/20,True,False,physionet/eegmmidb/1.0.0/S015/S015R06.edf,705c63ec04c0f9096cc6b4f32eec0bcea9a0bfa8d01aed7494b67a487e014afe
15,15,6,7,15,S015_R06_T07,both_feet_imagery,1,both_fists_imagery,0,-0.2473607612830584,False,csp_4_empirical,1/2/3/4/5/6/7/8/9/10/11/12/13/14/16/17/18/19/20,True,False,physionet/eegmmidb/1.0.0/S015/S015R06.edf,705c63ec04c0f9096cc6b4f32eec0bcea9a0bfa8d01aed7494b67a487e014afe
15,15,6,8,17,S015_R06_T08,both_feet_imagery,1,both_fists_imagery,0,-0.33165782495810414,False,csp_4_empirical,1/2/3/4/5/6/7/8/9/10/11/12/13/14/16/17/18/19/20,True,False,physionet/eegmmidb/1.0.0/S015/S015R06.edf,705c63ec04c0f9096cc6b4f32eec0bcea9a0bfa8d01aed7494b67a487e014afe
15,15,6,9,19,S015_R06_T09,both_fists_imagery,0,both_feet_imagery,1,0.24127808862925915,False,csp_4_empirical,1/2/3/4/5/6/7/8/9/10/11/12/13/14/16/17/18/19/20,True,False,physionet/eegmmidb/1.0.0/S015/S015R06.edf,705c63ec04c0f9096cc6b4f32eec0bcea9a0bfa8d01aed7494b67a487e014afe
15,15,6,10,21,S015_R06_T10,both_feet_imagery,1,both_feet_imagery,1,0.019866098971229373,True,csp_4_empirical,1/2/3/4/5/6/7/8/9/10/11/12/13/14/16/17/18/19/20,True,False,physionet/eegmmidb/1.0.0/S015/S015R06.edf,705c63ec04c0f9096cc6b4f32eec0bcea9a0bfa8d01aed7494b67a487e014afe
15,15,6,11,23,S015_R06_T11,both_fists_imagery,0,both_fists_imagery,0,-0.5929329469479985,True,csp_4_empirical,1/2/3/4/5/6/7/8/9/10/11/12/13/14/16/17/18/19/20,True,False,physionet/eegmmidb/1.0.0/S015/S015R06.edf,705c63ec04c0f9096cc6b4f32eec0bcea9a0bfa8d01aed7494b67a487e014afe
15,15,6,12,25,S015_R06_T12,both_feet_imagery,1,both_feet_imagery,1,0.1328700262123892,True,csp_4_empirical,1/2/3/4/5/6/7/8/9/10/11/12/13/14/16/17/18/19/20,True,False,physionet/eegmmidb/1.0.0/S015/S015R06.edf,705c63ec04c0f9096cc6b4f32eec0bcea9a0bfa8d01aed7494b67a487e014afe
15,15,6,13,27,S015_R06_T13,both_fists_imagery,0,both_fists_imagery,0,-0.18846123556009897,True,csp_4_empirical,1/2/3/4/5/6/7/8/9/10/11/12/13/14/16/17/18/19/20,True,False,physionet/eegmmidb/1.0.0/S015/S015R06.edf,705c63ec04c0f9096cc6b4f32eec0bcea9a0bfa8d01aed7494b67a487e014afe
15,15,6,14,29,S015_R06_T14,both_fists_imagery,0,both_fists_imagery,0,-0.8226361398929585,True,csp_4_empirical,1/2/3/4/5/6/7/8/9/10/11/12/13/14/16/17/18/19/20,True,False,physionet/eegmmidb/1.0.0/S015/S015R06.edf,705c63ec04c0f9096cc6b4f32eec0bcea9a0bfa8d01aed7494b67a487e014afe
15,15,10,0,1,S015_R10_T00,both_feet_imagery,1,both_feet_imagery,1,0.522139286483651,True,csp_4_empirical,1/2/3/4/5/6/7/8/9/10/11/12/13/14/16/17/18/19/20,True,False,physionet/eegmmidb/1.0.0/S015/S015R10.edf,67233630176aa19faa4133355be20476cc8f571d9327943b9d35a73ecb96f519
15,15,10,1,3,S015_R10_T01,both_fists_imagery,0,both_fists_imagery,0,-0.4107844742277835,True,csp_4_empirical,1/2/3/4/5/6/7/8/9/10/11/12/13/14/16/17/18/19/20,True,False,physionet/eegmmidb/1.0.0/S015/S015R10.edf,67233630176aa19faa4133355be20476cc8f571d9327943b9d35a73ecb96f519
15,15,10,2,5,S015_R10_T02,both_feet_imagery,1,both_feet_imagery,1,0.35109375163392476,True,csp_4_empirical,1/2/3/4/5/6/7/8/9/10/11/12/13/14/16/17/18/19/20,True,False,physionet/eegmmidb/1.0.0/S015/S015R10.edf,67233630176aa19faa4133355be20476cc8f571d9327943b9d35a73ecb96f519
15,15,10,3,7,S015_R10_T03,both_fists_imagery,0,both_fists_imagery,0,-0.1119036235462515,True,csp_4_empirical,1/2/3/4/5/6/7/8/9/10/11/12/13/14/16/17/18/19/20,True,False,physionet/eegmmidb/1.0.0/S015/S015R10.edf,67233630176aa19faa4133355be20476cc8f571d9327943b9d35a73ecb96f519
15,15,10,4,9,S015_R10_T04,both_fists_imagery,0,both_fists_imagery,0,-0.5134057505331633,True,csp_4_empirical,1/2/3/4/5/6/7/8/9/10/11/12/13/14/16/17/18/19/20,True,False,physionet/eegmmidb/1.0.0/S015/S015R10.edf,67233630176aa19faa4133355be20476cc8f571d9327943b9d35a73ecb96f519
15,15,10,5,11,S015_R10_T05,both_feet_imagery,1,both_feet_imagery,1,0.050023302043613826,True,csp_4_empirical,1/2/3/4/5/6/7/8/9/10/11/12/13/14/16/17/18/19/20,True,False,physionet/eegmmidb/1.0.0/S015/S015R10.edf,67233630176aa19faa4133355be20476cc8f571d9327943b9d35a73ecb96f519
15,15,10,6,13,S015_R10_T06,both_fists_imagery,0,both_fists_imagery,0,-0.15151387138578998,True,csp_4_empirical,1/2/3/4/5/6/7/8/9/10/11/12/13/14/16/17/18/19/20,True,False,physionet/eegmmidb/1.0.0/S015/S015R10.edf,67233630176aa19faa4133355be20476cc8f571d9327943b9d35a73ecb96f519
15,15,10,7,15,S015_R10_T07,both_feet_imagery,1,both_feet_imagery,1,0.10890588635811871,True,csp_4_empirical,1/2/3/4/5/6/7/8/9/10/11/12/13/14/16/17/18/19/20,True,False,physionet/eegmmidb/1.0.0/S015/S015R10.edf,67233630176aa19faa4133355be20476cc8f571d9327943b9d35a73ecb96f519
15,15,10,8,17,S015_R10_T08,both_fists_imagery,0,both_fists_imagery,0,-0.33775164339906905,True,csp_4_empirical,1/2/3/4/5/6/7/8/9/10/11/12/13/14/16/17/18/19/20,True,False,physionet/eegmmidb/1.0.0/S015/S015R10.edf,67233630176aa19faa4133355be20476cc8f571d9327943b9d35a73ecb96f519
15,15,10,9,19,S015_R10_T09,both_feet_imagery,1,both_feet_imagery,1,0.736646778731266,True,csp_4_empirical,1/2/3/4/5/6/7/8/9/10/11/12/13/14/16/17/18/19/20,True,False,physionet/eegmmidb/1.0.0/S015/S015R10.edf,67233630176aa19faa4133355be20476cc8f571d9327943b9d35a73ecb96f519
15,15,10,10,21,S015_R10_T10,both_feet_imagery,1,both_fists_imagery,0,-0.21649635540295942,False,csp_4_empirical,1/2/3/4/5/6/7/8/9/10/11/12/13/14/16/17/18/19/20,True,False,physionet/eegmmidb/1.0.0/S015/S015R10.edf,67233630176aa19faa4133355be20476cc8f571d9327943b9d35a73ecb96f519
15,15,10,11,23,S015_R10_T11,both_fists_imagery,0,both_fists_imagery,0,-0.6556580646715585,True,csp_4_empirical,1/2/3/4/5/6/7/8/9/10/11/12/13/14/16/17/18/19/20,True,False,physionet/eegmmidb/1.0.0/S015/S015R10.edf,67233630176aa19faa4133355be20476cc8f571d9327943b9d35a73ecb96f519
15,15,10,12,25,S015_R10_T12,both_feet_imagery,1,both_fists_imagery,0,-0.366678203537413,False,csp_4_empirical,1/2/3/4/5/6/7/8/9/10/11/12/13/14/16/17/18/19/20,True,False,physionet/eegmmidb/1.0.0/S015/S015R10.edf,67233630176aa19faa4133355be20476cc8f571d9327943b9d35a73ecb96f519
15,15,10,13,27,S015_R10_T13,both_fists_imagery,0,both_fists_imagery,0,-0.8713368953122809,True,csp_4_empirical,1/2/3/4/5/6/7/8/9/10/11/12/13/14/16/17/18/19/20,True,False,physionet/eegmmidb/1.0.0/S015/S015R10.edf,67233630176aa19faa4133355be20476cc8f571d9327943b9d35a73ecb96f519
15,15,10,14,29,S015_R10_T14,both_feet_imagery,1,both_feet_imagery,1,0.6601144063364242,True,csp_4_empirical,1/2/3/4/5/6/7/8/9/10/11/12/13/14/16/17/18/19/20,True,False,physionet/eegmmidb/1.0.0/S015/S015R10.edf,67233630176aa19faa4133355be20476cc8f571d9327943b9d35a73ecb96f519
15,15,14,0,1,S015_R14_T00,both_feet_imagery,1,both_feet_imagery,1,0.24188259587014582,True,csp_4_empirical,1/2/3/4/5/6/7/8/9/10/11/12/13/14/16/17/18/19/20,True,False,physionet/eegmmidb/1.0.0/S015/S015R14.edf,3f57b464e13807f30aacbfc2f6780bc02bf8faecea883725683177416503c875
15,15,14,1,3,S015_R14_T01,both_fists_imagery,0,both_fists_imagery,0,-0.33691513585396426,True,csp_4_empirical,1/2/3/4/5/6/7/8/9/10/11/12/13/14/16/17/18/19/20,True,False,physionet/eegmmidb/1.0.0/S015/S015R14.edf,3f57b464e13807f30aacbfc2f6780bc02bf8faecea883725683177416503c875
15,15,14,2,5,S015_R14_T02,both_feet_imagery,1,both_feet_imagery,1,0.5223348163188317,True,csp_4_empirical,1/2/3/4/5/6/7/8/9/10/11/12/13/14/16/17/18/19/20,True,False,physionet/eegmmidb/1.0.0/S015/S015R14.edf,3f57b464e13807f30aacbfc2f6780bc02bf8faecea883725683177416503c875
15,15,14,3,7,S015_R14_T03,both_fists_imagery,0,both_fists_imagery,0,-0.5987555499471859,True,csp_4_empirical,1/2/3/4/5/6/7/8/9/10/11/12/13/14/16/17/18/19/20,True,False,physionet/eegmmidb/1.0.0/S015/S015R14.edf,3f57b464e13807f30aacbfc2f6780bc02bf8faecea883725683177416503c875
15,15,14,4,9,S015_R14_T04,both_fists_imagery,0,both_fists_imagery,0,-0.43623176695054977,True,csp_4_empirical,1/2/3/4/5/6/7/8/9/10/11/12/13/14/16/17/18/19/20,True,False,physionet/eegmmidb/1.0.0/S015/S015R14.edf,3f57b464e13807f30aacbfc2f6780bc02bf8faecea883725683177416503c875
15,15,14,5,11,S015_R14_T05,both_feet_imagery,1,both_fists_imagery,0,-0.06940972247207666,False,csp_4_empirical,1/2/3/4/5/6/7/8/9/10/11/12/13/14/16/17/18/19/20,True,False,physionet/eegmmidb/1.0.0/S015/S015R14.edf,3f57b464e13807f30aacbfc2f6780bc02bf8faecea883725683177416503c875
15,15,14,6,13,S015_R14_T06,both_fists_imagery,0,both_fists_imagery,0,-0.27178971905488525,True,csp_4_empirical,1/2/3/4/5/6/7/8/9/10/11/12/13/14/16/17/18/19/20,True,False,physionet/eegmmidb/1.0.0/S015/S015R14.edf,3f57b464e13807f30aacbfc2f6780bc02bf8faecea883725683177416503c875
15,15,14,7,15,S015_R14_T07,both_feet_imagery,1,both_fists_imagery,0,-0.37145661966857335,False,csp_4_empirical,1/2/3/4/5/6/7/8/9/10/11/12/13/14/16/17/18/19/20,True,False,physionet/eegmmidb/1.0.0/S015/S015R14.edf,3f57b464e13807f30aacbfc2f6780bc02bf8faecea883725683177416503c875
15,15,14,8,17,S015_R14_T08,both_fists_imagery,0,both_fists_imagery,0,-0.29930379129887763,True,csp_4_empirical,1/2/3/4/5/6/7/8/9/10/11/12/13/14/16/17/18/19/20,True,False,physionet/eegmmidb/1.0.0/S015/S015R14.edf,3f57b464e13807f30aacbfc2f6780bc02bf8faecea883725683177416503c875
15,15,14,9,19,S015_R14_T09,both_feet_imagery,1,both_feet_imagery,1,0.9431803924978088,True,csp_4_empirical,1/2/3/4/5/6/7/8/9/10/11/12/13/14/16/17/18/19/20,True,False,physionet/eegmmidb/1.0.0/S015/S015R14.edf,3f57b464e13807f30aacbfc2f6780bc02bf8faecea883725683177416503c875
15,15,14,10,21,S015_R14_T10,both_fists_imagery,0,both_fists_imagery,0,-0.5581018658396781,True,csp_4_empirical,1/2/3/4/5/6/7/8/9/10/11/12/13/14/16/17/18/19/20,True,False,physionet/eegmmidb/1.0.0/S015/S015R14.edf,3f57b464e13807f30aacbfc2f6780bc02bf8faecea883725683177416503c875
15,15,14,11,23,S015_R14_T11,both_feet_imagery,1,both_feet_imagery,1,1.0398417943801161,True,csp_4_empirical,1/2/3/4/5/6/7/8/9/10/11/12/13/14/16/17/18/19/20,True,False,physionet/eegmmidb/1.0.0/S015/S015R14.edf,3f57b464e13807f30aacbfc2f6780bc02bf8faecea883725683177416503c875
15,15,14,12,25,S015_R14_T12,both_feet_imagery,1,both_feet_imagery,1,0.030608600513273077,True,csp_4_empirical,1/2/3/4/5/6/7/8/9/10/11/12/13/14/16/17/18/19/20,True,False,physionet/eegmmidb/1.0.0/S015/S015R14.edf,3f57b464e13807f30aacbfc2f6780bc02bf8faecea883725683177416503c875
15,15,14,13,27,S015_R14_T13,both_fists_imagery,0,both_fists_imagery,0,-0.6459114855147956,True,csp_4_empirical,1/2/3/4/5/6/7/8/9/10/11/12/13/14/16/17/18/19/20,True,False,physionet/eegmmidb/1.0.0/S015/S015R14.edf,3f57b464e13807f30aacbfc2f6780bc02bf8faecea883725683177416503c875
15,15,14,14,29,S015_R14_T14,both_feet_imagery,1,both_fists_imagery,0,-0.40494864232081984,False,csp_4_empirical,1/2/3/4/5/6/7/8/9/10/11/12/13/14/16/17/18/19/20,True,False,physionet/eegmmidb/1.0.0/S015/S015R14.edf,3f57b464e13807f30aacbfc2f6780bc02bf8faecea883725683177416503c875
16,16,6,0,1,S016_R06_T00,both_fists_imagery,0,both_feet_imagery,1,0.3293439548329926,False,spectral_baseline_6,1/2/3/4/5/6/7/8/9/10/11/12/13/14/15/17/18/19/20,True,False,physionet/eegmmidb/1.0.0/S016/S016R06.edf,8ff4a1d19384bffce8524194507bdb42946fa06da83bdb75518c9a23f9677876
16,16,6,1,3,S016_R06_T01,both_feet_imagery,1,both_fists_imagery,0,-0.9098739686008386,False,spectral_baseline_6,1/2/3/4/5/6/7/8/9/10/11/12/13/14/15/17/18/19/20,True,False,physionet/eegmmidb/1.0.0/S016/S016R06.edf,8ff4a1d19384bffce8524194507bdb42946fa06da83bdb75518c9a23f9677876
16,16,6,2,5,S016_R06_T02,both_feet_imagery,1,both_fists_imagery,0,-0.899191381310207,False,spectral_baseline_6,1/2/3/4/5/6/7/8/9/10/11/12/13/14/15/17/18/19/20,True,False,physionet/eegmmidb/1.0.0/S016/S016R06.edf,8ff4a1d19384bffce8524194507bdb42946fa06da83bdb75518c9a23f9677876
16,16,6,3,7,S016_R06_T03,both_fists_imagery,0,both_fists_imagery,0,-0.6265999208717723,True,spectral_baseline_6,1/2/3/4/5/6/7/8/9/10/11/12/13/14/15/17/18/19/20,True,False,physionet/eegmmidb/1.0.0/S016/S016R06.edf,8ff4a1d19384bffce8524194507bdb42946fa06da83bdb75518c9a23f9677876
16,16,6,4,9,S016_R06_T04,both_fists_imagery,0,both_fists_imagery,0,-0.07328782247183407,True,spectral_baseline_6,1/2/3/4/5/6/7/8/9/10/11/12/13/14/15/17/18/19/20,True,False,physionet/eegmmidb/1.0.0/S016/S016R06.edf,8ff4a1d19384bffce8524194507bdb42946fa06da83bdb75518c9a23f9677876
16,16,6,5,11,S016_R06_T05,both_feet_imagery,1,both_feet_imagery,1,0.15563567153815017,True,spectral_baseline_6,1/2/3/4/5/6/7/8/9/10/11/12/13/14/15/17/18/19/20,True,False,physionet/eegmmidb/1.0.0/S016/S016R06.edf,8ff4a1d19384bffce8524194507bdb42946fa06da83bdb75518c9a23f9677876
16,16,6,6,13,S016_R06_T06,both_fists_imagery,0,both_fists_imagery,0,-0.4534514615759217,True,spectral_baseline_6,1/2/3/4/5/6/7/8/9/10/11/12/13/14/15/17/18/19/20,True,False,physionet/eegmmidb/1.0.0/S016/S016R06.edf,8ff4a1d19384bffce8524194507bdb42946fa06da83bdb75518c9a23f9677876
16,16,6,7,15,S016_R06_T07,both_feet_imagery,1,both_fists_imagery,0,-0.5723654836475541,False,spectral_baseline_6,1/2/3/4/5/6/7/8/9/10/11/12/13/14/15/17/18/19/20,True,False,physionet/eegmmidb/1.0.0/S016/S016R06.edf,8ff4a1d19384bffce8524194507bdb42946fa06da83bdb75518c9a23f9677876
16,16,6,8,17,S016_R06_T08,both_fists_imagery,0,both_fists_imagery,0,-0.11192488086176867,True,spectral_baseline_6,1/2/3/4/5/6/7/8/9/10/11/12/13/14/15/17/18/19/20,True,False,physionet/eegmmidb/1.0.0/S016/S016R06.edf,8ff4a1d19384bffce8524194507bdb42946fa06da83bdb75518c9a23f9677876
16,16,6,9,19,S016_R06_T09,both_feet_imagery,1,both_fists_imagery,0,-0.12239014946507734,False,spectral_baseline_6,1/2/3/4/5/6/7/8/9/10/11/12/13/14/15/17/18/19/20,True,False,physionet/eegmmidb/1.0.0/S016/S016R06.edf,8ff4a1d19384bffce8524194507bdb42946fa06da83bdb75518c9a23f9677876
16,16,6,10,21,S016_R06_T10,both_fists_imagery,0,both_feet_imagery,1,0.9468279174023202,False,spectral_baseline_6,1/2/3/4/5/6/7/8/9/10/11/12/13/14/15/17/18/19/20,True,False,physionet/eegmmidb/1.0.0/S016/S016R06.edf,8ff4a1d19384bffce8524194507bdb42946fa06da83bdb75518c9a23f9677876
16,16,6,11,23,S016_R06_T11,both_feet_imagery,1,both_fists_imagery,0,-0.06807819268789388,False,spectral_baseline_6,1/2/3/4/5/6/7/8/9/10/11/12/13/14/15/17/18/19/20,True,False,physionet/eegmmidb/1.0.0/S016/S016R06.edf,8ff4a1d19384bffce8524194507bdb42946fa06da83bdb75518c9a23f9677876
16,16,6,12,25,S016_R06_T12,both_fists_imagery,0,both_feet_imagery,1,0.2430012861647775,False,spectral_baseline_6,1/2/3/4/5/6/7/8/9/10/11/12/13/14/15/17/18/19/20,True,False,physionet/eegmmidb/1.0.0/S016/S016R06.edf,8ff4a1d19384bffce8524194507bdb42946fa06da83bdb75518c9a23f9677876
16,16,6,13,27,S016_R06_T13,both_feet_imagery,1,both_fists_imagery,0,-0.25305831341867213,False,spectral_baseline_6,1/2/3/4/5/6/7/8/9/10/11/12/13/14/15/17/18/19/20,True,False,physionet/eegmmidb/1.0.0/S016/S016R06.edf,8ff4a1d19384bffce8524194507bdb42946fa06da83bdb75518c9a23f9677876
16,16,6,14,29,S016_R06_T14,both_fists_imagery,0,both_fists_imagery,0,-0.324473637167168,True,spectral_baseline_6,1/2/3/4/5/6/7/8/9/10/11/12/13/14/15/17/18/19/20,True,False,physionet/eegmmidb/1.0.0/S016/S016R06.edf,8ff4a1d19384bffce8524194507bdb42946fa06da83bdb75518c9a23f9677876
16,16,10,0,1,S016_R10_T00,both_feet_imagery,1,both_fists_imagery,0,-0.1304096208810674,False,spectral_baseline_6,1/2/3/4/5/6/7/8/9/10/11/12/13/14/15/17/18/19/20,True,False,physionet/eegmmidb/1.0.0/S016/S016R10.edf,dd359a54e0811d4a08e82284cc251e1ce193f365079578f18d006cf7f1e3919c
16,16,10,1,3,S016_R10_T01,both_fists_imagery,0,both_fists_imagery,0,-0.5043418539406079,True,spectral_baseline_6,1/2/3/4/5/6/7/8/9/10/11/12/13/14/15/17/18/19/20,True,False,physionet/eegmmidb/1.0.0/S016/S016R10.edf,dd359a54e0811d4a08e82284cc251e1ce193f365079578f18d006cf7f1e3919c
16,16,10,2,5,S016_R10_T02,both_feet_imagery,1,both_fists_imagery,0,-0.8632674857064846,False,spectral_baseline_6,1/2/3/4/5/6/7/8/9/10/11/12/13/14/15/17/18/19/20,True,False,physionet/eegmmidb/1.0.0/S016/S016R10.edf,dd359a54e0811d4a08e82284cc251e1ce193f365079578f18d006cf7f1e3919c
16,16,10,3,7,S016_R10_T03,both_fists_imagery,0,both_feet_imagery,1,0.9308850194010944,False,spectral_baseline_6,1/2/3/4/5/6/7/8/9/10/11/12/13/14/15/17/18/19/20,True,False,physionet/eegmmidb/1.0.0/S016/S016R10.edf,dd359a54e0811d4a08e82284cc251e1ce193f365079578f18d006cf7f1e3919c
16,16,10,4,9,S016_R10_T04,both_fists_imagery,0,both_feet_imagery,1,0.28034360440675055,False,spectral_baseline_6,1/2/3/4/5/6/7/8/9/10/11/12/13/14/15/17/18/19/20,True,False,physionet/eegmmidb/1.0.0/S016/S016R10.edf,dd359a54e0811d4a08e82284cc251e1ce193f365079578f18d006cf7f1e3919c
16,16,10,5,11,S016_R10_T05,both_feet_imagery,1,both_fists_imagery,0,-0.4757742027166969,False,spectral_baseline_6,1/2/3/4/5/6/7/8/9/10/11/12/13/14/15/17/18/19/20,True,False,physionet/eegmmidb/1.0.0/S016/S016R10.edf,dd359a54e0811d4a08e82284cc251e1ce193f365079578f18d006cf7f1e3919c
16,16,10,6,13,S016_R10_T06,both_feet_imagery,1,both_fists_imagery,0,-0.5465034654220037,False,spectral_baseline_6,1/2/3/4/5/6/7/8/9/10/11/12/13/14/15/17/18/19/20,True,False,physionet/eegmmidb/1.0.0/S016/S016R10.edf,dd359a54e0811d4a08e82284cc251e1ce193f365079578f18d006cf7f1e3919c
16,16,10,7,15,S016_R10_T07,both_fists_imagery,0,both_fists_imagery,0,-0.18290980470760781,True,spectral_baseline_6,1/2/3/4/5/6/7/8/9/10/11/12/13/14/15/17/18/19/20,True,False,physionet/eegmmidb/1.0.0/S016/S016R10.edf,dd359a54e0811d4a08e82284cc251e1ce193f365079578f18d006cf7f1e3919c
16,16,10,8,17,S016_R10_T08,both_fists_imagery,0,both_fists_imagery,0,-0.06292428743947448,True,spectral_baseline_6,1/2/3/4/5/6/7/8/9/10/11/12/13/14/15/17/18/19/20,True,False,physionet/eegmmidb/1.0.0/S016/S016R10.edf,dd359a54e0811d4a08e82284cc251e1ce193f365079578f18d006cf7f1e3919c
16,16,10,9,19,S016_R10_T09,both_feet_imagery,1,both_feet_imagery,1,0.06544377502445904,True,spectral_baseline_6,1/2/3/4/5/6/7/8/9/10/11/12/13/14/15/17/18/19/20,True,False,physionet/eegmmidb/1.0.0/S016/S016R10.edf,dd359a54e0811d4a08e82284cc251e1ce193f365079578f18d006cf7f1e3919c
16,16,10,10,21,S016_R10_T10,both_fists_imagery,0,both_feet_imagery,1,0.21053055956613026,False,spectral_baseline_6,1/2/3/4/5/6/7/8/9/10/11/12/13/14/15/17/18/19/20,True,False,physionet/eegmmidb/1.0.0/S016/S016R10.edf,dd359a54e0811d4a08e82284cc251e1ce193f365079578f18d006cf7f1e3919c
16,16,10,11,23,S016_R10_T11,both_feet_imagery,1,both_fists_imagery,0,-0.01309946622685787,False,spectral_baseline_6,1/2/3/4/5/6/7/8/9/10/11/12/13/14/15/17/18/19/20,True,False,physionet/eegmmidb/1.0.0/S016/S016R10.edf,dd359a54e0811d4a08e82284cc251e1ce193f365079578f18d006cf7f1e3919c
16,16,10,12,25,S016_R10_T12,both_feet_imagery,1,both_feet_imagery,1,0.025957152885327017,True,spectral_baseline_6,1/2/3/4/5/6/7/8/9/10/11/12/13/14/15/17/18/19/20,True,False,physionet/eegmmidb/1.0.0/S016/S016R10.edf,dd359a54e0811d4a08e82284cc251e1ce193f365079578f18d006cf7f1e3919c
16,16,10,13,27,S016_R10_T13,both_fists_imagery,0,both_feet_imagery,1,0.04433846672562197,False,spectral_baseline_6,1/2/3/4/5/6/7/8/9/10/11/12/13/14/15/17/18/19/20,True,False,physionet/eegmmidb/1.0.0/S016/S016R10.edf,dd359a54e0811d4a08e82284cc251e1ce193f365079578f18d006cf7f1e3919c
16,16,10,14,29,S016_R10_T14,both_fists_imagery,0,both_feet_imagery,1,0.10657080264735819,False,spectral_baseline_6,1/2/3/4/5/6/7/8/9/10/11/12/13/14/15/17/18/19/20,True,False,physionet/eegmmidb/1.0.0/S016/S016R10.edf,dd359a54e0811d4a08e82284cc251e1ce193f365079578f18d006cf7f1e3919c
16,16,14,0,1,S016_R14_T00,both_fists_imagery,0,both_fists_imagery,0,-0.8561964129197558,True,spectral_baseline_6,1/2/3/4/5/6/7/8/9/10/11/12/13/14/15/17/18/19/20,True,False,physionet/eegmmidb/1.0.0/S016/S016R14.edf,80dafefa87cba873be315c21c9bc805c9f3c57b50cb9d0efa9a5b8b71037b1c7
16,16,14,1,3,S016_R14_T01,both_feet_imagery,1,both_fists_imagery,0,-0.08934287038383418,False,spectral_baseline_6,1/2/3/4/5/6/7/8/9/10/11/12/13/14/15/17/18/19/20,True,False,physionet/eegmmidb/1.0.0/S016/S016R14.edf,80dafefa87cba873be315c21c9bc805c9f3c57b50cb9d0efa9a5b8b71037b1c7
16,16,14,2,5,S016_R14_T02,both_feet_imagery,1,both_feet_imagery,1,0.052234647429564796,True,spectral_baseline_6,1/2/3/4/5/6/7/8/9/10/11/12/13/14/15/17/18/19/20,True,False,physionet/eegmmidb/1.0.0/S016/S016R14.edf,80dafefa87cba873be315c21c9bc805c9f3c57b50cb9d0efa9a5b8b71037b1c7
16,16,14,3,7,S016_R14_T03,both_fists_imagery,0,both_fists_imagery,0,-0.1486458869771043,True,spectral_baseline_6,1/2/3/4/5/6/7/8/9/10/11/12/13/14/15/17/18/19/20,True,False,physionet/eegmmidb/1.0.0/S016/S016R14.edf,80dafefa87cba873be315c21c9bc805c9f3c57b50cb9d0efa9a5b8b71037b1c7
16,16,14,4,9,S016_R14_T04,both_feet_imagery,1,both_fists_imagery,0,-1.085262072072876,False,spectral_baseline_6,1/2/3/4/5/6/7/8/9/10/11/12/13/14/15/17/18/19/20,True,False,physionet/eegmmidb/1.0.0/S016/S016R14.edf,80dafefa87cba873be315c21c9bc805c9f3c57b50cb9d0efa9a5b8b71037b1c7
16,16,14,5,11,S016_R14_T05,both_fists_imagery,0,both_fists_imagery,0,-0.34845866207144954,True,spectral_baseline_6,1/2/3/4/5/6/7/8/9/10/11/12/13/14/15/17/18/19/20,True,False,physionet/eegmmidb/1.0.0/S016/S016R14.edf,80dafefa87cba873be315c21c9bc805c9f3c57b50cb9d0efa9a5b8b71037b1c7
16,16,14,6,13,S016_R14_T06,both_fists_imagery,0,both_fists_imagery,0,-0.8602376439287851,True,spectral_baseline_6,1/2/3/4/5/6/7/8/9/10/11/12/13/14/15/17/18/19/20,True,False,physionet/eegmmidb/1.0.0/S016/S016R14.edf,80dafefa87cba873be315c21c9bc805c9f3c57b50cb9d0efa9a5b8b71037b1c7
16,16,14,7,15,S016_R14_T07,both_feet_imagery,1,both_fists_imagery,0,-0.5035207452766723,False,spectral_baseline_6,1/2/3/4/5/6/7/8/9/10/11/12/13/14/15/17/18/19/20,True,False,physionet/eegmmidb/1.0.0/S016/S016R14.edf,80dafefa87cba873be315c21c9bc805c9f3c57b50cb9d0efa9a5b8b71037b1c7
16,16,14,8,17,S016_R14_T08,both_feet_imagery,1,both_feet_imagery,1,0.13680549193451647,True,spectral_baseline_6,1/2/3/4/5/6/7/8/9/10/11/12/13/14/15/17/18/19/20,True,False,physionet/eegmmidb/1.0.0/S016/S016R14.edf,80dafefa87cba873be315c21c9bc805c9f3c57b50cb9d0efa9a5b8b71037b1c7
16,16,14,9,19,S016_R14_T09,both_fists_imagery,0,both_fists_imagery,0,-0.9483146393255555,True,spectral_baseline_6,1/2/3/4/5/6/7/8/9/10/11/12/13/14/15/17/18/19/20,True,False,physionet/eegmmidb/1.0.0/S016/S016R14.edf,80dafefa87cba873be315c21c9bc805c9f3c57b50cb9d0efa9a5b8b71037b1c7
16,16,14,10,21,S016_R14_T10,both_fists_imagery,0,both_fists_imagery,0,-0.5264089218840105,True,spectral_baseline_6,1/2/3/4/5/6/7/8/9/10/11/12/13/14/15/17/18/19/20,True,False,physionet/eegmmidb/1.0.0/S016/S016R14.edf,80dafefa87cba873be315c21c9bc805c9f3c57b50cb9d0efa9a5b8b71037b1c7
16,16,14,11,23,S016_R14_T11,both_feet_imagery,1,both_fists_imagery,0,-0.16005576979913633,False,spectral_baseline_6,1/2/3/4/5/6/7/8/9/10/11/12/13/14/15/17/18/19/20,True,False,physionet/eegmmidb/1.0.0/S016/S016R14.edf,80dafefa87cba873be315c21c9bc805c9f3c57b50cb9d0efa9a5b8b71037b1c7
16,16,14,12,25,S016_R14_T12,both_feet_imagery,1,both_fists_imagery,0,-0.12191658198664451,False,spectral_baseline_6,1/2/3/4/5/6/7/8/9/10/11/12/13/14/15/17/18/19/20,True,False,physionet/eegmmidb/1.0.0/S016/S016R14.edf,80dafefa87cba873be315c21c9bc805c9f3c57b50cb9d0efa9a5b8b71037b1c7
16,16,14,13,27,S016_R14_T13,both_fists_imagery,0,both_fists_imagery,0,-0.3467929883627928,True,spectral_baseline_6,1/2/3/4/5/6/7/8/9/10/11/12/13/14/15/17/18/19/20,True,False,physionet/eegmmidb/1.0.0/S016/S016R14.edf,80dafefa87cba873be315c21c9bc805c9f3c57b50cb9d0efa9a5b8b71037b1c7
16,16,14,14,29,S016_R14_T14,both_fists_imagery,0,both_fists_imagery,0,-0.2532880785861344,True,spectral_baseline_6,1/2/3/4/5/6/7/8/9/10/11/12/13/14/15/17/18/19/20,True,False,physionet/eegmmidb/1.0.0/S016/S016R14.edf,80dafefa87cba873be315c21c9bc805c9f3c57b50cb9d0efa9a5b8b71037b1c7
16,16,6,0,1,S016_R06_T00,both_fists_imagery,0,both_feet_imagery,1,0.11818083955911929,False,csp_4_empirical,1/2/3/4/5/6/7/8/9/10/11/12/13/14/15/17/18/19/20,True,False,physionet/eegmmidb/1.0.0/S016/S016R06.edf,8ff4a1d19384bffce8524194507bdb42946fa06da83bdb75518c9a23f9677876
16,16,6,1,3,S016_R06_T01,both_feet_imagery,1,both_feet_imagery,1,0.07108500700625076,True,csp_4_empirical,1/2/3/4/5/6/7/8/9/10/11/12/13/14/15/17/18/19/20,True,False,physionet/eegmmidb/1.0.0/S016/S016R06.edf,8ff4a1d19384bffce8524194507bdb42946fa06da83bdb75518c9a23f9677876
16,16,6,2,5,S016_R06_T02,both_feet_imagery,1,both_fists_imagery,0,-0.09953809923951784,False,csp_4_empirical,1/2/3/4/5/6/7/8/9/10/11/12/13/14/15/17/18/19/20,True,False,physionet/eegmmidb/1.0.0/S016/S016R06.edf,8ff4a1d19384bffce8524194507bdb42946fa06da83bdb75518c9a23f9677876
16,16,6,3,7,S016_R06_T03,both_fists_imagery,0,both_feet_imagery,1,0.231445208603562,False,csp_4_empirical,1/2/3/4/5/6/7/8/9/10/11/12/13/14/15/17/18/19/20,True,False,physionet/eegmmidb/1.0.0/S016/S016R06.edf,8ff4a1d19384bffce8524194507bdb42946fa06da83bdb75518c9a23f9677876
16,16,6,4,9,S016_R06_T04,both_fists_imagery,0,both_feet_imagery,1,0.7719724136650363,False,csp_4_empirical,1/2/3/4/5/6/7/8/9/10/11/12/13/14/15/17/18/19/20,True,False,physionet/eegmmidb/1.0.0/S016/S016R06.edf,8ff4a1d19384bffce8524194507bdb42946fa06da83bdb75518c9a23f9677876
16,16,6,5,11,S016_R06_T05,both_feet_imagery,1,both_feet_imagery,1,0.46438900414117534,True,csp_4_empirical,1/2/3/4/5/6/7/8/9/10/11/12/13/14/15/17/18/19/20,True,False,physionet/eegmmidb/1.0.0/S016/S016R06.edf,8ff4a1d19384bffce8524194507bdb42946fa06da83bdb75518c9a23f9677876
16,16,6,6,13,S016_R06_T06,both_fists_imagery,0,both_feet_imagery,1,0.9154352459452267,False,csp_4_empirical,1/2/3/4/5/6/7/8/9/10/11/12/13/14/15/17/18/19/20,True,False,physionet/eegmmidb/1.0.0/S016/S016R06.edf,8ff4a1d19384bffce8524194507bdb42946fa06da83bdb75518c9a23f9677876
16,16,6,7,15,S016_R06_T07,both_feet_imagery,1,both_feet_imagery,1,0.26462483443686746,True,csp_4_empirical,1/2/3/4/5/6/7/8/9/10/11/12/13/14/15/17/18/19/20,True,False,physionet/eegmmidb/1.0.0/S016/S016R06.edf,8ff4a1d19384bffce8524194507bdb42946fa06da83bdb75518c9a23f9677876
16,16,6,8,17,S016_R06_T08,both_fists_imagery,0,both_feet_imagery,1,0.35933632010848626,False,csp_4_empirical,1/2/3/4/5/6/7/8/9/10/11/12/13/14/15/17/18/19/20,True,False,physionet/eegmmidb/1.0.0/S016/S016R06.edf,8ff4a1d19384bffce8524194507bdb42946fa06da83bdb75518c9a23f9677876
16,16,6,9,19,S016_R06_T09,both_feet_imagery,1,both_feet_imagery,1,0.6778976890815167,True,csp_4_empirical,1/2/3/4/5/6/7/8/9/10/11/12/13/14/15/17/18/19/20,True,False,physionet/eegmmidb/1.0.0/S016/S016R06.edf,8ff4a1d19384bffce8524194507bdb42946fa06da83bdb75518c9a23f9677876
16,16,6,10,21,S016_R06_T10,both_fists_imagery,0,both_feet_imagery,1,0.3067374542782064,False,csp_4_empirical,1/2/3/4/5/6/7/8/9/10/11/12/13/14/15/17/18/19/20,True,False,physionet/eegmmidb/1.0.0/S016/S016R06.edf,8ff4a1d19384bffce8524194507bdb42946fa06da83bdb75518c9a23f9677876
16,16,6,11,23,S016_R06_T11,both_feet_imagery,1,both_feet_imagery,1,0.33747728719248293,True,csp_4_empirical,1/2/3/4/5/6/7/8/9/10/11/12/13/14/15/17/18/19/20,True,False,physionet/eegmmidb/1.0.0/S016/S016R06.edf,8ff4a1d19384bffce8524194507bdb42946fa06da83bdb75518c9a23f9677876
16,16,6,12,25,S016_R06_T12,both_fists_imagery,0,both_feet_imagery,1,0.535275144348994,False,csp_4_empirical,1/2/3/4/5/6/7/8/9/10/11/12/13/14/15/17/18/19/20,True,False,physionet/eegmmidb/1.0.0/S016/S016R06.edf,8ff4a1d19384bffce8524194507bdb42946fa06da83bdb75518c9a23f9677876
16,16,6,13,27,S016_R06_T13,both_feet_imagery,1,both_feet_imagery,1,0.19241705066689252,True,csp_4_empirical,1/2/3/4/5/6/7/8/9/10/11/12/13/14/15/17/18/19/20,True,False,physionet/eegmmidb/1.0.0/S016/S016R06.edf,8ff4a1d19384bffce8524194507bdb42946fa06da83bdb75518c9a23f9677876
16,16,6,14,29,S016_R06_T14,both_fists_imagery,0,both_fists_imagery,0,-0.29000418498853875,True,csp_4_empirical,1/2/3/4/5/6/7/8/9/10/11/12/13/14/15/17/18/19/20,True,False,physionet/eegmmidb/1.0.0/S016/S016R06.edf,8ff4a1d19384bffce8524194507bdb42946fa06da83bdb75518c9a23f9677876
16,16,10,0,1,S016_R10_T00,both_feet_imagery,1,both_feet_imagery,1,0.27451248238190207,True,csp_4_empirical,1/2/3/4/5/6/7/8/9/10/11/12/13/14/15/17/18/19/20,True,False,physionet/eegmmidb/1.0.0/S016/S016R10.edf,dd359a54e0811d4a08e82284cc251e1ce193f365079578f18d006cf7f1e3919c
16,16,10,1,3,S016_R10_T01,both_fists_imagery,0,both_fists_imagery,0,-0.034161266140430024,True,csp_4_empirical,1/2/3/4/5/6/7/8/9/10/11/12/13/14/15/17/18/19/20,True,False,physionet/eegmmidb/1.0.0/S016/S016R10.edf,dd359a54e0811d4a08e82284cc251e1ce193f365079578f18d006cf7f1e3919c
16,16,10,2,5,S016_R10_T02,both_feet_imagery,1,both_feet_imagery,1,0.20029246978276205,True,csp_4_empirical,1/2/3/4/5/6/7/8/9/10/11/12/13/14/15/17/18/19/20,True,False,physionet/eegmmidb/1.0.0/S016/S016R10.edf,dd359a54e0811d4a08e82284cc251e1ce193f365079578f18d006cf7f1e3919c
16,16,10,3,7,S016_R10_T03,both_fists_imagery,0,both_feet_imagery,1,0.7373534753582959,False,csp_4_empirical,1/2/3/4/5/6/7/8/9/10/11/12/13/14/15/17/18/19/20,True,False,physionet/eegmmidb/1.0.0/S016/S016R10.edf,dd359a54e0811d4a08e82284cc251e1ce193f365079578f18d006cf7f1e3919c
16,16,10,4,9,S016_R10_T04,both_fists_imagery,0,both_feet_imagery,1,0.3231004859557186,False,csp_4_empirical,1/2/3/4/5/6/7/8/9/10/11/12/13/14/15/17/18/19/20,True,False,physionet/eegmmidb/1.0.0/S016/S016R10.edf,dd359a54e0811d4a08e82284cc251e1ce193f365079578f18d006cf7f1e3919c
16,16,10,5,11,S016_R10_T05,both_feet_imagery,1,both_feet_imagery,1,0.3161691492489864,True,csp_4_empirical,1/2/3/4/5/6/7/8/9/10/11/12/13/14/15/17/18/19/20,True,False,physionet/eegmmidb/1.0.0/S016/S016R10.edf,dd359a54e0811d4a08e82284cc251e1ce193f365079578f18d006cf7f1e3919c
16,16,10,6,13,S016_R10_T06,both_feet_imagery,1,both_feet_imagery,1,1.179226870774961,True,csp_4_empirical,1/2/3/4/5/6/7/8/9/10/11/12/13/14/15/17/18/19/20,True,False,physionet/eegmmidb/1.0.0/S016/S016R10.edf,dd359a54e0811d4a08e82284cc251e1ce193f365079578f18d006cf7f1e3919c
16,16,10,7,15,S016_R10_T07,both_fists_imagery,0,both_fists_imagery,0,-0.30595735699679105,True,csp_4_empirical,1/2/3/4/5/6/7/8/9/10/11/12/13/14/15/17/18/19/20,True,False,physionet/eegmmidb/1.0.0/S016/S016R10.edf,dd359a54e0811d4a08e82284cc251e1ce193f365079578f18d006cf7f1e3919c
16,16,10,8,17,S016_R10_T08,both_fists_imagery,0,both_fists_imagery,0,-0.33962961065737873,True,csp_4_empirical,1/2/3/4/5/6/7/8/9/10/11/12/13/14/15/17/18/19/20,True,False,physionet/eegmmidb/1.0.0/S016/S016R10.edf,dd359a54e0811d4a08e82284cc251e1ce193f365079578f18d006cf7f1e3919c
16,16,10,9,19,S016_R10_T09,both_feet_imagery,1,both_feet_imagery,1,0.22099637106478964,True,csp_4_empirical,1/2/3/4/5/6/7/8/9/10/11/12/13/14/15/17/18/19/20,True,False,physionet/eegmmidb/1.0.0/S016/S016R10.edf,dd359a54e0811d4a08e82284cc251e1ce193f365079578f18d006cf7f1e3919c
16,16,10,10,21,S016_R10_T10,both_fists_imagery,0,both_fists_imagery,0,-0.03313113204047535,True,csp_4_empirical,1/2/3/4/5/6/7/8/9/10/11/12/13/14/15/17/18/19/20,True,False,physionet/eegmmidb/1.0.0/S016/S016R10.edf,dd359a54e0811d4a08e82284cc251e1ce193f365079578f18d006cf7f1e3919c
16,16,10,11,23,S016_R10_T11,both_feet_imagery,1,both_feet_imagery,1,0.6849461417341896,True,csp_4_empirical,1/2/3/4/5/6/7/8/9/10/11/12/13/14/15/17/18/19/20,True,False,physionet/eegmmidb/1.0.0/S016/S016R10.edf,dd359a54e0811d4a08e82284cc251e1ce193f365079578f18d006cf7f1e3919c
16,16,10,12,25,S016_R10_T12,both_feet_imagery,1,both_fists_imagery,0,-0.10409081853826085,False,csp_4_empirical,1/2/3/4/5/6/7/8/9/10/11/12/13/14/15/17/18/19/20,True,False,physionet/eegmmidb/1.0.0/S016/S016R10.edf,dd359a54e0811d4a08e82284cc251e1ce193f365079578f18d006cf7f1e3919c
16,16,10,13,27,S016_R10_T13,both_fists_imagery,0,both_fists_imagery,0,-0.10061081851207454,True,csp_4_empirical,1/2/3/4/5/6/7/8/9/10/11/12/13/14/15/17/18/19/20,True,False,physionet/eegmmidb/1.0.0/S016/S016R10.edf,dd359a54e0811d4a08e82284cc251e1ce193f365079578f18d006cf7f1e3919c
16,16,10,14,29,S016_R10_T14,both_fists_imagery,0,both_fists_imagery,0,-0.022940998256573586,True,csp_4_empirical,1/2/3/4/5/6/7/8/9/10/11/12/13/14/15/17/18/19/20,True,False,physionet/eegmmidb/1.0.0/S016/S016R10.edf,dd359a54e0811d4a08e82284cc251e1ce193f365079578f18d006cf7f1e3919c
16,16,14,0,1,S016_R14_T00,both_fists_imagery,0,both_fists_imagery,0,-0.07099120702722028,True,csp_4_empirical,1/2/3/4/5/6/7/8/9/10/11/12/13/14/15/17/18/19/20,True,False,physionet/eegmmidb/1.0.0/S016/S016R14.edf,80dafefa87cba873be315c21c9bc805c9f3c57b50cb9d0efa9a5b8b71037b1c7
16,16,14,1,3,S016_R14_T01,both_feet_imagery,1,both_fists_imagery,0,-0.4570361141780869,False,csp_4_empirical,1/2/3/4/5/6/7/8/9/10/11/12/13/14/15/17/18/19/20,True,False,physionet/eegmmidb/1.0.0/S016/S016R14.edf,80dafefa87cba873be315c21c9bc805c9f3c57b50cb9d0efa9a5b8b71037b1c7
16,16,14,2,5,S016_R14_T02,both_feet_imagery,1,both_feet_imagery,1,0.14940995466636953,True,csp_4_empirical,1/2/3/4/5/6/7/8/9/10/11/12/13/14/15/17/18/19/20,True,False,physionet/eegmmidb/1.0.0/S016/S016R14.edf,80dafefa87cba873be315c21c9bc805c9f3c57b50cb9d0efa9a5b8b71037b1c7
16,16,14,3,7,S016_R14_T03,both_fists_imagery,0,both_feet_imagery,1,1.090890700998015,False,csp_4_empirical,1/2/3/4/5/6/7/8/9/10/11/12/13/14/15/17/18/19/20,True,False,physionet/eegmmidb/1.0.0/S016/S016R14.edf,80dafefa87cba873be315c21c9bc805c9f3c57b50cb9d0efa9a5b8b71037b1c7
16,16,14,4,9,S016_R14_T04,both_feet_imagery,1,both_feet_imagery,1,0.47308755024208815,True,csp_4_empirical,1/2/3/4/5/6/7/8/9/10/11/12/13/14/15/17/18/19/20,True,False,physionet/eegmmidb/1.0.0/S016/S016R14.edf,80dafefa87cba873be315c21c9bc805c9f3c57b50cb9d0efa9a5b8b71037b1c7
16,16,14,5,11,S016_R14_T05,both_fists_imagery,0,both_feet_imagery,1,0.4726661562390334,False,csp_4_empirical,1/2/3/4/5/6/7/8/9/10/11/12/13/14/15/17/18/19/20,True,False,physionet/eegmmidb/1.0.0/S016/S016R14.edf,80dafefa87cba873be315c21c9bc805c9f3c57b50cb9d0efa9a5b8b71037b1c7
16,16,14,6,13,S016_R14_T06,both_fists_imagery,0,both_feet_imagery,1,0.4826141595140683,False,csp_4_empirical,1/2/3/4/5/6/7/8/9/10/11/12/13/14/15/17/18/19/20,True,False,physionet/eegmmidb/1.0.0/S016/S016R14.edf,80dafefa87cba873be315c21c9bc805c9f3c57b50cb9d0efa9a5b8b71037b1c7
16,16,14,7,15,S016_R14_T07,both_feet_imagery,1,both_fists_imagery,0,-0.7368773880382239,False,csp_4_empirical,1/2/3/4/5/6/7/8/9/10/11/12/13/14/15/17/18/19/20,True,False,physionet/eegmmidb/1.0.0/S016/S016R14.edf,80dafefa87cba873be315c21c9bc805c9f3c57b50cb9d0efa9a5b8b71037b1c7
16,16,14,8,17,S016_R14_T08,both_feet_imagery,1,both_feet_imagery,1,0.7705305280117686,True,csp_4_empirical,1/2/3/4/5/6/7/8/9/10/11/12/13/14/15/17/18/19/20,True,False,physionet/eegmmidb/1.0.0/S016/S016R14.edf,80dafefa87cba873be315c21c9bc805c9f3c57b50cb9d0efa9a5b8b71037b1c7
16,16,14,9,19,S016_R14_T09,both_fists_imagery,0,both_feet_imagery,1,0.6813876094194852,False,csp_4_empirical,1/2/3/4/5/6/7/8/9/10/11/12/13/14/15/17/18/19/20,True,False,physionet/eegmmidb/1.0.0/S016/S016R14.edf,80dafefa87cba873be315c21c9bc805c9f3c57b50cb9d0efa9a5b8b71037b1c7
16,16,14,10,21,S016_R14_T10,both_fists_imagery,0,both_fists_imagery,0,-0.09394669153726176,True,csp_4_empirical,1/2/3/4/5/6/7/8/9/10/11/12/13/14/15/17/18/19/20,True,False,physionet/eegmmidb/1.0.0/S016/S016R14.edf,80dafefa87cba873be315c21c9bc805c9f3c57b50cb9d0efa9a5b8b71037b1c7
16,16,14,11,23,S016_R14_T11,both_feet_imagery,1,both_feet_imagery,1,0.2731677333940612,True,csp_4_empirical,1/2/3/4/5/6/7/8/9/10/11/12/13/14/15/17/18/19/20,True,False,physionet/eegmmidb/1.0.0/S016/S016R14.edf,80dafefa87cba873be315c21c9bc805c9f3c57b50cb9d0efa9a5b8b71037b1c7
16,16,14,12,25,S016_R14_T12,both_feet_imagery,1,both_fists_imagery,0,-0.3756215391841913,False,csp_4_empirical,1/2/3/4/5/6/7/8/9/10/11/12/13/14/15/17/18/19/20,True,False,physionet/eegmmidb/1.0.0/S016/S016R14.edf,80dafefa87cba873be315c21c9bc805c9f3c57b50cb9d0efa9a5b8b71037b1c7
16,16,14,13,27,S016_R14_T13,both_fists_imagery,0,both_feet_imagery,1,0.12847513153460433,False,csp_4_empirical,1/2/3/4/5/6/7/8/9/10/11/12/13/14/15/17/18/19/20,True,False,physionet/eegmmidb/1.0.0/S016/S016R14.edf,80dafefa87cba873be315c21c9bc805c9f3c57b50cb9d0efa9a5b8b71037b1c7
16,16,14,14,29,S016_R14_T14,both_fists_imagery,0,both_feet_imagery,1,0.2874606057690693,False,csp_4_empirical,1/2/3/4/5/6/7/8/9/10/11/12/13/14/15/17/18/19/20,True,False,physionet/eegmmidb/1.0.0/S016/S016R14.edf,80dafefa87cba873be315c21c9bc805c9f3c57b50cb9d0efa9a5b8b71037b1c7
17,17,6,0,1,S017_R06_T00,both_fists_imagery,0,both_feet_imagery,1,0.20078023218094826,False,spectral_baseline_6,1/2/3/4/5/6/7/8/9/10/11/12/13/14/15/16/18/19/20,True,False,physionet/eegmmidb/1.0.0/S017/S017R06.edf,0e32de926757e1a493c3df6d85955c30e0b45b0caa7f1ddac2a4cb483257891e
17,17,6,1,3,S017_R06_T01,both_feet_imagery,1,both_feet_imagery,1,0.011853645722670822,True,spectral_baseline_6,1/2/3/4/5/6/7/8/9/10/11/12/13/14/15/16/18/19/20,True,False,physionet/eegmmidb/1.0.0/S017/S017R06.edf,0e32de926757e1a493c3df6d85955c30e0b45b0caa7f1ddac2a4cb483257891e
17,17,6,2,5,S017_R06_T02,both_fists_imagery,0,both_fists_imagery,0,-0.12199221504957292,True,spectral_baseline_6,1/2/3/4/5/6/7/8/9/10/11/12/13/14/15/16/18/19/20,True,False,physionet/eegmmidb/1.0.0/S017/S017R06.edf,0e32de926757e1a493c3df6d85955c30e0b45b0caa7f1ddac2a4cb483257891e
17,17,6,3,7,S017_R06_T03,both_feet_imagery,1,both_fists_imagery,0,-0.2587432117100701,False,spectral_baseline_6,1/2/3/4/5/6/7/8/9/10/11/12/13/14/15/16/18/19/20,True,False,physionet/eegmmidb/1.0.0/S017/S017R06.edf,0e32de926757e1a493c3df6d85955c30e0b45b0caa7f1ddac2a4cb483257891e
17,17,6,4,9,S017_R06_T04,both_fists_imagery,0,both_feet_imagery,1,0.4970349638516497,False,spectral_baseline_6,1/2/3/4/5/6/7/8/9/10/11/12/13/14/15/16/18/19/20,True,False,physionet/eegmmidb/1.0.0/S017/S017R06.edf,0e32de926757e1a493c3df6d85955c30e0b45b0caa7f1ddac2a4cb483257891e
17,17,6,5,11,S017_R06_T05,both_feet_imagery,1,both_feet_imagery,1,0.004608687477367812,True,spectral_baseline_6,1/2/3/4/5/6/7/8/9/10/11/12/13/14/15/16/18/19/20,True,False,physionet/eegmmidb/1.0.0/S017/S017R06.edf,0e32de926757e1a493c3df6d85955c30e0b45b0caa7f1ddac2a4cb483257891e
17,17,6,6,13,S017_R06_T06,both_feet_imagery,1,both_feet_imagery,1,0.7410498111228199,True,spectral_baseline_6,1/2/3/4/5/6/7/8/9/10/11/12/13/14/15/16/18/19/20,True,False,physionet/eegmmidb/1.0.0/S017/S017R06.edf,0e32de926757e1a493c3df6d85955c30e0b45b0caa7f1ddac2a4cb483257891e
17,17,6,7,15,S017_R06_T07,both_fists_imagery,0,both_feet_imagery,1,0.4670330392406678,False,spectral_baseline_6,1/2/3/4/5/6/7/8/9/10/11/12/13/14/15/16/18/19/20,True,False,physionet/eegmmidb/1.0.0/S017/S017R06.edf,0e32de926757e1a493c3df6d85955c30e0b45b0caa7f1ddac2a4cb483257891e
17,17,6,8,17,S017_R06_T08,both_feet_imagery,1,both_fists_imagery,0,-0.43805287952081273,False,spectral_baseline_6,1/2/3/4/5/6/7/8/9/10/11/12/13/14/15/16/18/19/20,True,False,physionet/eegmmidb/1.0.0/S017/S017R06.edf,0e32de926757e1a493c3df6d85955c30e0b45b0caa7f1ddac2a4cb483257891e
17,17,6,9,19,S017_R06_T09,both_fists_imagery,0,both_feet_imagery,1,0.23618369103665843,False,spectral_baseline_6,1/2/3/4/5/6/7/8/9/10/11/12/13/14/15/16/18/19/20,True,False,physionet/eegmmidb/1.0.0/S017/S017R06.edf,0e32de926757e1a493c3df6d85955c30e0b45b0caa7f1ddac2a4cb483257891e
17,17,6,10,21,S017_R06_T10,both_fists_imagery,0,both_fists_imagery,0,-0.14124146208243277,True,spectral_baseline_6,1/2/3/4/5/6/7/8/9/10/11/12/13/14/15/16/18/19/20,True,False,physionet/eegmmidb/1.0.0/S017/S017R06.edf,0e32de926757e1a493c3df6d85955c30e0b45b0caa7f1ddac2a4cb483257891e
17,17,6,11,23,S017_R06_T11,both_feet_imagery,1,both_feet_imagery,1,0.35399590836554146,True,spectral_baseline_6,1/2/3/4/5/6/7/8/9/10/11/12/13/14/15/16/18/19/20,True,False,physionet/eegmmidb/1.0.0/S017/S017R06.edf,0e32de926757e1a493c3df6d85955c30e0b45b0caa7f1ddac2a4cb483257891e
17,17,6,12,25,S017_R06_T12,both_feet_imagery,1,both_fists_imagery,0,-0.4783975976360788,False,spectral_baseline_6,1/2/3/4/5/6/7/8/9/10/11/12/13/14/15/16/18/19/20,True,False,physionet/eegmmidb/1.0.0/S017/S017R06.edf,0e32de926757e1a493c3df6d85955c30e0b45b0caa7f1ddac2a4cb483257891e
17,17,6,13,27,S017_R06_T13,both_fists_imagery,0,both_feet_imagery,1,0.06689482152127435,False,spectral_baseline_6,1/2/3/4/5/6/7/8/9/10/11/12/13/14/15/16/18/19/20,True,False,physionet/eegmmidb/1.0.0/S017/S017R06.edf,0e32de926757e1a493c3df6d85955c30e0b45b0caa7f1ddac2a4cb483257891e
17,17,6,14,29,S017_R06_T14,both_fists_imagery,0,both_fists_imagery,0,-0.38817231259365537,True,spectral_baseline_6,1/2/3/4/5/6/7/8/9/10/11/12/13/14/15/16/18/19/20,True,False,physionet/eegmmidb/1.0.0/S017/S017R06.edf,0e32de926757e1a493c3df6d85955c30e0b45b0caa7f1ddac2a4cb483257891e
17,17,10,0,1,S017_R10_T00,both_fists_imagery,0,both_feet_imagery,1,0.5228506012991901,False,spectral_baseline_6,1/2/3/4/5/6/7/8/9/10/11/12/13/14/15/16/18/19/20,True,False,physionet/eegmmidb/1.0.0/S017/S017R10.edf,1cb81c247ff4d726beca43e0bd37d6ff1aacf0d0c63068c6d389af327a86484b
17,17,10,1,3,S017_R10_T01,both_feet_imagery,1,both_feet_imagery,1,0.8817386066845088,True,spectral_baseline_6,1/2/3/4/5/6/7/8/9/10/11/12/13/14/15/16/18/19/20,True,False,physionet/eegmmidb/1.0.0/S017/S017R10.edf,1cb81c247ff4d726beca43e0bd37d6ff1aacf0d0c63068c6d389af327a86484b
17,17,10,2,5,S017_R10_T02,both_fists_imagery,0,both_fists_imagery,0,-0.015864598750770398,True,spectral_baseline_6,1/2/3/4/5/6/7/8/9/10/11/12/13/14/15/16/18/19/20,True,False,physionet/eegmmidb/1.0.0/S017/S017R10.edf,1cb81c247ff4d726beca43e0bd37d6ff1aacf0d0c63068c6d389af327a86484b
17,17,10,3,7,S017_R10_T03,both_feet_imagery,1,both_feet_imagery,1,0.8147213219451186,True,spectral_baseline_6,1/2/3/4/5/6/7/8/9/10/11/12/13/14/15/16/18/19/20,True,False,physionet/eegmmidb/1.0.0/S017/S017R10.edf,1cb81c247ff4d726beca43e0bd37d6ff1aacf0d0c63068c6d389af327a86484b
17,17,10,4,9,S017_R10_T04,both_fists_imagery,0,both_fists_imagery,0,-0.08708216621087217,True,spectral_baseline_6,1/2/3/4/5/6/7/8/9/10/11/12/13/14/15/16/18/19/20,True,False,physionet/eegmmidb/1.0.0/S017/S017R10.edf,1cb81c247ff4d726beca43e0bd37d6ff1aacf0d0c63068c6d389af327a86484b
17,17,10,5,11,S017_R10_T05,both_feet_imagery,1,both_fists_imagery,0,-0.30012320736267095,False,spectral_baseline_6,1/2/3/4/5/6/7/8/9/10/11/12/13/14/15/16/18/19/20,True,False,physionet/eegmmidb/1.0.0/S017/S017R10.edf,1cb81c247ff4d726beca43e0bd37d6ff1aacf0d0c63068c6d389af327a86484b
17,17,10,6,13,S017_R10_T06,both_fists_imagery,0,both_feet_imagery,1,0.16103233473289413,False,spectral_baseline_6,1/2/3/4/5/6/7/8/9/10/11/12/13/14/15/16/18/19/20,True,False,physionet/eegmmidb/1.0.0/S017/S017R10.edf,1cb81c247ff4d726beca43e0bd37d6ff1aacf0d0c63068c6d389af327a86484b
17,17,10,7,15,S017_R10_T07,both_feet_imagery,1,both_feet_imagery,1,0.38136029155400103,True,spectral_baseline_6,1/2/3/4/5/6/7/8/9/10/11/12/13/14/15/16/18/19/20,True,False,physionet/eegmmidb/1.0.0/S017/S017R10.edf,1cb81c247ff4d726beca43e0bd37d6ff1aacf0d0c63068c6d389af327a86484b
17,17,10,8,17,S017_R10_T08,both_feet_imagery,1,both_feet_imagery,1,0.03692329767649638,True,spectral_baseline_6,1/2/3/4/5/6/7/8/9/10/11/12/13/14/15/16/18/19/20,True,False,physionet/eegmmidb/1.0.0/S017/S017R10.edf,1cb81c247ff4d726beca43e0bd37d6ff1aacf0d0c63068c6d389af327a86484b
17,17,10,9,19,S017_R10_T09,both_fists_imagery,0,both_fists_imagery,0,-0.38340670049729997,True,spectral_baseline_6,1/2/3/4/5/6/7/8/9/10/11/12/13/14/15/16/18/19/20,True,False,physionet/eegmmidb/1.0.0/S017/S017R10.edf,1cb81c247ff4d726beca43e0bd37d6ff1aacf0d0c63068c6d389af327a86484b
17,17,10,10,21,S017_R10_T10,both_fists_imagery,0,both_fists_imagery,0,-0.020182944912222833,True,spectral_baseline_6,1/2/3/4/5/6/7/8/9/10/11/12/13/14/15/16/18/19/20,True,False,physionet/eegmmidb/1.0.0/S017/S017R10.edf,1cb81c247ff4d726beca43e0bd37d6ff1aacf0d0c63068c6d389af327a86484b
17,17,10,11,23,S017_R10_T11,both_feet_imagery,1,both_feet_imagery,1,0.20410700294455264,True,spectral_baseline_6,1/2/3/4/5/6/7/8/9/10/11/12/13/14/15/16/18/19/20,True,False,physionet/eegmmidb/1.0.0/S017/S017R10.edf,1cb81c247ff4d726beca43e0bd37d6ff1aacf0d0c63068c6d389af327a86484b
17,17,10,12,25,S017_R10_T12,both_feet_imagery,1,both_feet_imagery,1,0.06544830290302406,True,spectral_baseline_6,1/2/3/4/5/6/7/8/9/10/11/12/13/14/15/16/18/19/20,True,False,physionet/eegmmidb/1.0.0/S017/S017R10.edf,1cb81c247ff4d726beca43e0bd37d6ff1aacf0d0c63068c6d389af327a86484b
17,17,10,13,27,S017_R10_T13,both_fists_imagery,0,both_feet_imagery,1,0.020859164731130364,False,spectral_baseline_6,1/2/3/4/5/6/7/8/9/10/11/12/13/14/15/16/18/19/20,True,False,physionet/eegmmidb/1.0.0/S017/S017R10.edf,1cb81c247ff4d726beca43e0bd37d6ff1aacf0d0c63068c6d389af327a86484b
17,17,10,14,29,S017_R10_T14,both_fists_imagery,0,both_fists_imagery,0,-0.48756853658004895,True,spectral_baseline_6,1/2/3/4/5/6/7/8/9/10/11/12/13/14/15/16/18/19/20,True,False,physionet/eegmmidb/1.0.0/S017/S017R10.edf,1cb81c247ff4d726beca43e0bd37d6ff1aacf0d0c63068c6d389af327a86484b
17,17,14,0,1,S017_R14_T00,both_fists_imagery,0,both_feet_imagery,1,0.2164959972794126,False,spectral_baseline_6,1/2/3/4/5/6/7/8/9/10/11/12/13/14/15/16/18/19/20,True,False,physionet/eegmmidb/1.0.0/S017/S017R14.edf,f95cb81454f050fc58c4d2bcb7698526e5a6cef17b157e601ec1d4abb96eb3ea
17,17,14,1,3,S017_R14_T01,both_feet_imagery,1,both_fists_imagery,0,-0.15158811589654908,False,spectral_baseline_6,1/2/3/4/5/6/7/8/9/10/11/12/13/14/15/16/18/19/20,True,False,physionet/eegmmidb/1.0.0/S017/S017R14.edf,f95cb81454f050fc58c4d2bcb7698526e5a6cef17b157e601ec1d4abb96eb3ea
17,17,14,2,5,S017_R14_T02,both_fists_imagery,0,both_feet_imagery,1,0.1473840486917693,False,spectral_baseline_6,1/2/3/4/5/6/7/8/9/10/11/12/13/14/15/16/18/19/20,True,False,physionet/eegmmidb/1.0.0/S017/S017R14.edf,f95cb81454f050fc58c4d2bcb7698526e5a6cef17b157e601ec1d4abb96eb3ea
17,17,14,3,7,S017_R14_T03,both_feet_imagery,1,both_feet_imagery,1,0.14471284967355802,True,spectral_baseline_6,1/2/3/4/5/6/7/8/9/10/11/12/13/14/15/16/18/19/20,True,False,physionet/eegmmidb/1.0.0/S017/S017R14.edf,f95cb81454f050fc58c4d2bcb7698526e5a6cef17b157e601ec1d4abb96eb3ea
17,17,14,4,9,S017_R14_T04,both_feet_imagery,1,both_feet_imagery,1,0.7184512844632263,True,spectral_baseline_6,1/2/3/4/5/6/7/8/9/10/11/12/13/14/15/16/18/19/20,True,False,physionet/eegmmidb/1.0.0/S017/S017R14.edf,f95cb81454f050fc58c4d2bcb7698526e5a6cef17b157e601ec1d4abb96eb3ea
17,17,14,5,11,S017_R14_T05,both_fists_imagery,0,both_feet_imagery,1,0.332293293972691,False,spectral_baseline_6,1/2/3/4/5/6/7/8/9/10/11/12/13/14/15/16/18/19/20,True,False,physionet/eegmmidb/1.0.0/S017/S017R14.edf,f95cb81454f050fc58c4d2bcb7698526e5a6cef17b157e601ec1d4abb96eb3ea
17,17,14,6,13,S017_R14_T06,both_feet_imagery,1,both_feet_imagery,1,0.7906409842743921,True,spectral_baseline_6,1/2/3/4/5/6/7/8/9/10/11/12/13/14/15/16/18/19/20,True,False,physionet/eegmmidb/1.0.0/S017/S017R14.edf,f95cb81454f050fc58c4d2bcb7698526e5a6cef17b157e601ec1d4abb96eb3ea
17,17,14,7,15,S017_R14_T07,both_fists_imagery,0,both_feet_imagery,1,1.3810682828051424,False,spectral_baseline_6,1/2/3/4/5/6/7/8/9/10/11/12/13/14/15/16/18/19/20,True,False,physionet/eegmmidb/1.0.0/S017/S017R14.edf,f95cb81454f050fc58c4d2bcb7698526e5a6cef17b157e601ec1d4abb96eb3ea
17,17,14,8,17,S017_R14_T08,both_feet_imagery,1,both_feet_imagery,1,0.16343351620974378,True,spectral_baseline_6,1/2/3/4/5/6/7/8/9/10/11/12/13/14/15/16/18/19/20,True,False,physionet/eegmmidb/1.0.0/S017/S017R14.edf,f95cb81454f050fc58c4d2bcb7698526e5a6cef17b157e601ec1d4abb96eb3ea
17,17,14,9,19,S017_R14_T09,both_fists_imagery,0,both_feet_imagery,1,0.31373412337791007,False,spectral_baseline_6,1/2/3/4/5/6/7/8/9/10/11/12/13/14/15/16/18/19/20,True,False,physionet/eegmmidb/1.0.0/S017/S017R14.edf,f95cb81454f050fc58c4d2bcb7698526e5a6cef17b157e601ec1d4abb96eb3ea
17,17,14,10,21,S017_R14_T10,both_feet_imagery,1,both_feet_imagery,1,0.5378774824990689,True,spectral_baseline_6,1/2/3/4/5/6/7/8/9/10/11/12/13/14/15/16/18/19/20,True,False,physionet/eegmmidb/1.0.0/S017/S017R14.edf,f95cb81454f050fc58c4d2bcb7698526e5a6cef17b157e601ec1d4abb96eb3ea
17,17,14,11,23,S017_R14_T11,both_fists_imagery,0,both_feet_imagery,1,0.28268947655131627,False,spectral_baseline_6,1/2/3/4/5/6/7/8/9/10/11/12/13/14/15/16/18/19/20,True,False,physionet/eegmmidb/1.0.0/S017/S017R14.edf,f95cb81454f050fc58c4d2bcb7698526e5a6cef17b157e601ec1d4abb96eb3ea
17,17,14,12,25,S017_R14_T12,both_fists_imagery,0,both_fists_imagery,0,-0.08981284661556721,True,spectral_baseline_6,1/2/3/4/5/6/7/8/9/10/11/12/13/14/15/16/18/19/20,True,False,physionet/eegmmidb/1.0.0/S017/S017R14.edf,f95cb81454f050fc58c4d2bcb7698526e5a6cef17b157e601ec1d4abb96eb3ea
17,17,14,13,27,S017_R14_T13,both_feet_imagery,1,both_feet_imagery,1,0.32382678287883904,True,spectral_baseline_6,1/2/3/4/5/6/7/8/9/10/11/12/13/14/15/16/18/19/20,True,False,physionet/eegmmidb/1.0.0/S017/S017R14.edf,f95cb81454f050fc58c4d2bcb7698526e5a6cef17b157e601ec1d4abb96eb3ea
17,17,14,14,29,S017_R14_T14,both_fists_imagery,0,both_feet_imagery,1,0.41703228546112137,False,spectral_baseline_6,1/2/3/4/5/6/7/8/9/10/11/12/13/14/15/16/18/19/20,True,False,physionet/eegmmidb/1.0.0/S017/S017R14.edf,f95cb81454f050fc58c4d2bcb7698526e5a6cef17b157e601ec1d4abb96eb3ea
17,17,6,0,1,S017_R06_T00,both_fists_imagery,0,both_feet_imagery,1,1.2788080487736102,False,csp_4_empirical,1/2/3/4/5/6/7/8/9/10/11/12/13/14/15/16/18/19/20,True,False,physionet/eegmmidb/1.0.0/S017/S017R06.edf,0e32de926757e1a493c3df6d85955c30e0b45b0caa7f1ddac2a4cb483257891e
17,17,6,1,3,S017_R06_T01,both_feet_imagery,1,both_feet_imagery,1,1.3494941424123823,True,csp_4_empirical,1/2/3/4/5/6/7/8/9/10/11/12/13/14/15/16/18/19/20,True,False,physionet/eegmmidb/1.0.0/S017/S017R06.edf,0e32de926757e1a493c3df6d85955c30e0b45b0caa7f1ddac2a4cb483257891e
17,17,6,2,5,S017_R06_T02,both_fists_imagery,0,both_feet_imagery,1,1.4773062913821713,False,csp_4_empirical,1/2/3/4/5/6/7/8/9/10/11/12/13/14/15/16/18/19/20,True,False,physionet/eegmmidb/1.0.0/S017/S017R06.edf,0e32de926757e1a493c3df6d85955c30e0b45b0caa7f1ddac2a4cb483257891e
17,17,6,3,7,S017_R06_T03,both_feet_imagery,1,both_feet_imagery,1,0.9199721853726995,True,csp_4_empirical,1/2/3/4/5/6/7/8/9/10/11/12/13/14/15/16/18/19/20,True,False,physionet/eegmmidb/1.0.0/S017/S017R06.edf,0e32de926757e1a493c3df6d85955c30e0b45b0caa7f1ddac2a4cb483257891e
17,17,6,4,9,S017_R06_T04,both_fists_imagery,0,both_feet_imagery,1,0.9626550436188114,False,csp_4_empirical,1/2/3/4/5/6/7/8/9/10/11/12/13/14/15/16/18/19/20,True,False,physionet/eegmmidb/1.0.0/S017/S017R06.edf,0e32de926757e1a493c3df6d85955c30e0b45b0caa7f1ddac2a4cb483257891e
17,17,6,5,11,S017_R06_T05,both_feet_imagery,1,both_feet_imagery,1,1.3317247328756059,True,csp_4_empirical,1/2/3/4/5/6/7/8/9/10/11/12/13/14/15/16/18/19/20,True,False,physionet/eegmmidb/1.0.0/S017/S017R06.edf,0e32de926757e1a493c3df6d85955c30e0b45b0caa7f1ddac2a4cb483257891e
17,17,6,6,13,S017_R06_T06,both_feet_imagery,1,both_feet_imagery,1,1.3441244702948505,True,csp_4_empirical,1/2/3/4/5/6/7/8/9/10/11/12/13/14/15/16/18/19/20,True,False,physionet/eegmmidb/1.0.0/S017/S017R06.edf,0e32de926757e1a493c3df6d85955c30e0b45b0caa7f1ddac2a4cb483257891e
17,17,6,7,15,S017_R06_T07,both_fists_imagery,0,both_feet_imagery,1,1.3845894484617842,False,csp_4_empirical,1/2/3/4/5/6/7/8/9/10/11/12/13/14/15/16/18/19/20,True,False,physionet/eegmmidb/1.0.0/S017/S017R06.edf,0e32de926757e1a493c3df6d85955c30e0b45b0caa7f1ddac2a4cb483257891e
17,17,6,8,17,S017_R06_T08,both_feet_imagery,1,both_feet_imagery,1,0.8793250763718116,True,csp_4_empirical,1/2/3/4/5/6/7/8/9/10/11/12/13/14/15/16/18/19/20,True,False,physionet/eegmmidb/1.0.0/S017/S017R06.edf,0e32de926757e1a493c3df6d85955c30e0b45b0caa7f1ddac2a4cb483257891e
17,17,6,9,19,S017_R06_T09,both_fists_imagery,0,both_feet_imagery,1,1.2434315704342471,False,csp_4_empirical,1/2/3/4/5/6/7/8/9/10/11/12/13/14/15/16/18/19/20,True,False,physionet/eegmmidb/1.0.0/S017/S017R06.edf,0e32de926757e1a493c3df6d85955c30e0b45b0caa7f1ddac2a4cb483257891e
17,17,6,10,21,S017_R06_T10,both_fists_imagery,0,both_feet_imagery,1,1.0460823403329762,False,csp_4_empirical,1/2/3/4/5/6/7/8/9/10/11/12/13/14/15/16/18/19/20,True,False,physionet/eegmmidb/1.0.0/S017/S017R06.edf,0e32de926757e1a493c3df6d85955c30e0b45b0caa7f1ddac2a4cb483257891e
17,17,6,11,23,S017_R06_T11,both_feet_imagery,1,both_feet_imagery,1,1.1242686013100558,True,csp_4_empirical,1/2/3/4/5/6/7/8/9/10/11/12/13/14/15/16/18/19/20,True,False,physionet/eegmmidb/1.0.0/S017/S017R06.edf,0e32de926757e1a493c3df6d85955c30e0b45b0caa7f1ddac2a4cb483257891e
17,17,6,12,25,S017_R06_T12,both_feet_imagery,1,both_feet_imagery,1,0.37648043351821736,True,csp_4_empirical,1/2/3/4/5/6/7/8/9/10/11/12/13/14/15/16/18/19/20,True,False,physionet/eegmmidb/1.0.0/S017/S017R06.edf,0e32de926757e1a493c3df6d85955c30e0b45b0caa7f1ddac2a4cb483257891e
17,17,6,13,27,S017_R06_T13,both_fists_imagery,0,both_feet_imagery,1,0.509831748659403,False,csp_4_empirical,1/2/3/4/5/6/7/8/9/10/11/12/13/14/15/16/18/19/20,True,False,physionet/eegmmidb/1.0.0/S017/S017R06.edf,0e32de926757e1a493c3df6d85955c30e0b45b0caa7f1ddac2a4cb483257891e
17,17,6,14,29,S017_R06_T14,both_fists_imagery,0,both_feet_imagery,1,0.33706854141685205,False,csp_4_empirical,1/2/3/4/5/6/7/8/9/10/11/12/13/14/15/16/18/19/20,True,False,physionet/eegmmidb/1.0.0/S017/S017R06.edf,0e32de926757e1a493c3df6d85955c30e0b45b0caa7f1ddac2a4cb483257891e
17,17,10,0,1,S017_R10_T00,both_fists_imagery,0,both_feet_imagery,1,1.6415075000436326,False,csp_4_empirical,1/2/3/4/5/6/7/8/9/10/11/12/13/14/15/16/18/19/20,True,False,physionet/eegmmidb/1.0.0/S017/S017R10.edf,1cb81c247ff4d726beca43e0bd37d6ff1aacf0d0c63068c6d389af327a86484b
17,17,10,1,3,S017_R10_T01,both_feet_imagery,1,both_feet_imagery,1,2.1228596286416734,True,csp_4_empirical,1/2/3/4/5/6/7/8/9/10/11/12/13/14/15/16/18/19/20,True,False,physionet/eegmmidb/1.0.0/S017/S017R10.edf,1cb81c247ff4d726beca43e0bd37d6ff1aacf0d0c63068c6d389af327a86484b
17,17,10,2,5,S017_R10_T02,both_fists_imagery,0,both_feet_imagery,1,1.5895599672058767,False,csp_4_empirical,1/2/3/4/5/6/7/8/9/10/11/12/13/14/15/16/18/19/20,True,False,physionet/eegmmidb/1.0.0/S017/S017R10.edf,1cb81c247ff4d726beca43e0bd37d6ff1aacf0d0c63068c6d389af327a86484b
17,17,10,3,7,S017_R10_T03,both_feet_imagery,1,both_feet_imagery,1,1.950822178745383,True,csp_4_empirical,1/2/3/4/5/6/7/8/9/10/11/12/13/14/15/16/18/19/20,True,False,physionet/eegmmidb/1.0.0/S017/S017R10.edf,1cb81c247ff4d726beca43e0bd37d6ff1aacf0d0c63068c6d389af327a86484b
17,17,10,4,9,S017_R10_T04,both_fists_imagery,0,both_feet_imagery,1,1.2213135653332552,False,csp_4_empirical,1/2/3/4/5/6/7/8/9/10/11/12/13/14/15/16/18/19/20,True,False,physionet/eegmmidb/1.0.0/S017/S017R10.edf,1cb81c247ff4d726beca43e0bd37d6ff1aacf0d0c63068c6d389af327a86484b
17,17,10,5,11,S017_R10_T05,both_feet_imagery,1,both_feet_imagery,1,2.18619784053969,True,csp_4_empirical,1/2/3/4/5/6/7/8/9/10/11/12/13/14/15/16/18/19/20,True,False,physionet/eegmmidb/1.0.0/S017/S017R10.edf,1cb81c247ff4d726beca43e0bd37d6ff1aacf0d0c63068c6d389af327a86484b
17,17,10,6,13,S017_R10_T06,both_fists_imagery,0,both_feet_imagery,1,1.8102971933942529,False,csp_4_empirical,1/2/3/4/5/6/7/8/9/10/11/12/13/14/15/16/18/19/20,True,False,physionet/eegmmidb/1.0.0/S017/S017R10.edf,1cb81c247ff4d726beca43e0bd37d6ff1aacf0d0c63068c6d389af327a86484b
17,17,10,7,15,S017_R10_T07,both_feet_imagery,1,both_feet_imagery,1,1.8378218201337266,True,csp_4_empirical,1/2/3/4/5/6/7/8/9/10/11/12/13/14/15/16/18/19/20,True,False,physionet/eegmmidb/1.0.0/S017/S017R10.edf,1cb81c247ff4d726beca43e0bd37d6ff1aacf0d0c63068c6d389af327a86484b
17,17,10,8,17,S017_R10_T08,both_feet_imagery,1,both_feet_imagery,1,2.2453012719981396,True,csp_4_empirical,1/2/3/4/5/6/7/8/9/10/11/12/13/14/15/16/18/19/20,True,False,physionet/eegmmidb/1.0.0/S017/S017R10.edf,1cb81c247ff4d726beca43e0bd37d6ff1aacf0d0c63068c6d389af327a86484b
17,17,10,9,19,S017_R10_T09,both_fists_imagery,0,both_feet_imagery,1,1.3289494953634349,False,csp_4_empirical,1/2/3/4/5/6/7/8/9/10/11/12/13/14/15/16/18/19/20,True,False,physionet/eegmmidb/1.0.0/S017/S017R10.edf,1cb81c247ff4d726beca43e0bd37d6ff1aacf0d0c63068c6d389af327a86484b
17,17,10,10,21,S017_R10_T10,both_fists_imagery,0,both_feet_imagery,1,1.296092219379521,False,csp_4_empirical,1/2/3/4/5/6/7/8/9/10/11/12/13/14/15/16/18/19/20,True,False,physionet/eegmmidb/1.0.0/S017/S017R10.edf,1cb81c247ff4d726beca43e0bd37d6ff1aacf0d0c63068c6d389af327a86484b
17,17,10,11,23,S017_R10_T11,both_feet_imagery,1,both_feet_imagery,1,1.9063272726622755,True,csp_4_empirical,1/2/3/4/5/6/7/8/9/10/11/12/13/14/15/16/18/19/20,True,False,physionet/eegmmidb/1.0.0/S017/S017R10.edf,1cb81c247ff4d726beca43e0bd37d6ff1aacf0d0c63068c6d389af327a86484b
17,17,10,12,25,S017_R10_T12,both_feet_imagery,1,both_feet_imagery,1,1.4371325138192597,True,csp_4_empirical,1/2/3/4/5/6/7/8/9/10/11/12/13/14/15/16/18/19/20,True,False,physionet/eegmmidb/1.0.0/S017/S017R10.edf,1cb81c247ff4d726beca43e0bd37d6ff1aacf0d0c63068c6d389af327a86484b
17,17,10,13,27,S017_R10_T13,both_fists_imagery,0,both_feet_imagery,1,1.770058980507498,False,csp_4_empirical,1/2/3/4/5/6/7/8/9/10/11/12/13/14/15/16/18/19/20,True,False,physionet/eegmmidb/1.0.0/S017/S017R10.edf,1cb81c247ff4d726beca43e0bd37d6ff1aacf0d0c63068c6d389af327a86484b
17,17,10,14,29,S017_R10_T14,both_fists_imagery,0,both_feet_imagery,1,1.4841260995309677,False,csp_4_empirical,1/2/3/4/5/6/7/8/9/10/11/12/13/14/15/16/18/19/20,True,False,physionet/eegmmidb/1.0.0/S017/S017R10.edf,1cb81c247ff4d726beca43e0bd37d6ff1aacf0d0c63068c6d389af327a86484b
17,17,14,0,1,S017_R14_T00,both_fists_imagery,0,both_feet_imagery,1,0.8491178995413304,False,csp_4_empirical,1/2/3/4/5/6/7/8/9/10/11/12/13/14/15/16/18/19/20,True,False,physionet/eegmmidb/1.0.0/S017/S017R14.edf,f95cb81454f050fc58c4d2bcb7698526e5a6cef17b157e601ec1d4abb96eb3ea
17,17,14,1,3,S017_R14_T01,both_feet_imagery,1,both_feet_imagery,1,1.0716422691444252,True,csp_4_empirical,1/2/3/4/5/6/7/8/9/10/11/12/13/14/15/16/18/19/20,True,False,physionet/eegmmidb/1.0.0/S017/S017R14.edf,f95cb81454f050fc58c4d2bcb7698526e5a6cef17b157e601ec1d4abb96eb3ea
17,17,14,2,5,S017_R14_T02,both_fists_imagery,0,both_feet_imagery,1,0.5929819853999434,False,csp_4_empirical,1/2/3/4/5/6/7/8/9/10/11/12/13/14/15/16/18/19/20,True,False,physionet/eegmmidb/1.0.0/S017/S017R14.edf,f95cb81454f050fc58c4d2bcb7698526e5a6cef17b157e601ec1d4abb96eb3ea
17,17,14,3,7,S017_R14_T03,both_feet_imagery,1,both_feet_imagery,1,0.9963756049807985,True,csp_4_empirical,1/2/3/4/5/6/7/8/9/10/11/12/13/14/15/16/18/19/20,True,False,physionet/eegmmidb/1.0.0/S017/S017R14.edf,f95cb81454f050fc58c4d2bcb7698526e5a6cef17b157e601ec1d4abb96eb3ea
17,17,14,4,9,S017_R14_T04,both_feet_imagery,1,both_feet_imagery,1,1.373126837463102,True,csp_4_empirical,1/2/3/4/5/6/7/8/9/10/11/12/13/14/15/16/18/19/20,True,False,physionet/eegmmidb/1.0.0/S017/S017R14.edf,f95cb81454f050fc58c4d2bcb7698526e5a6cef17b157e601ec1d4abb96eb3ea
17,17,14,5,11,S017_R14_T05,both_fists_imagery,0,both_feet_imagery,1,0.8204794390507749,False,csp_4_empirical,1/2/3/4/5/6/7/8/9/10/11/12/13/14/15/16/18/19/20,True,False,physionet/eegmmidb/1.0.0/S017/S017R14.edf,f95cb81454f050fc58c4d2bcb7698526e5a6cef17b157e601ec1d4abb96eb3ea
17,17,14,6,13,S017_R14_T06,both_feet_imagery,1,both_feet_imagery,1,0.9770644167526626,True,csp_4_empirical,1/2/3/4/5/6/7/8/9/10/11/12/13/14/15/16/18/19/20,True,False,physionet/eegmmidb/1.0.0/S017/S017R14.edf,f95cb81454f050fc58c4d2bcb7698526e5a6cef17b157e601ec1d4abb96eb3ea
17,17,14,7,15,S017_R14_T07,both_fists_imagery,0,both_feet_imagery,1,0.9810628183442508,False,csp_4_empirical,1/2/3/4/5/6/7/8/9/10/11/12/13/14/15/16/18/19/20,True,False,physionet/eegmmidb/1.0.0/S017/S017R14.edf,f95cb81454f050fc58c4d2bcb7698526e5a6cef17b157e601ec1d4abb96eb3ea
17,17,14,8,17,S017_R14_T08,both_feet_imagery,1,both_feet_imagery,1,1.0195848336018845,True,csp_4_empirical,1/2/3/4/5/6/7/8/9/10/11/12/13/14/15/16/18/19/20,True,False,physionet/eegmmidb/1.0.0/S017/S017R14.edf,f95cb81454f050fc58c4d2bcb7698526e5a6cef17b157e601ec1d4abb96eb3ea
17,17,14,9,19,S017_R14_T09,both_fists_imagery,0,both_feet_imagery,1,1.0960841142901763,False,csp_4_empirical,1/2/3/4/5/6/7/8/9/10/11/12/13/14/15/16/18/19/20,True,False,physionet/eegmmidb/1.0.0/S017/S017R14.edf,f95cb81454f050fc58c4d2bcb7698526e5a6cef17b157e601ec1d4abb96eb3ea
17,17,14,10,21,S017_R14_T10,both_feet_imagery,1,both_feet_imagery,1,1.0209967418254275,True,csp_4_empirical,1/2/3/4/5/6/7/8/9/10/11/12/13/14/15/16/18/19/20,True,False,physionet/eegmmidb/1.0.0/S017/S017R14.edf,f95cb81454f050fc58c4d2bcb7698526e5a6cef17b157e601ec1d4abb96eb3ea
17,17,14,11,23,S017_R14_T11,both_fists_imagery,0,both_feet_imagery,1,0.9735584395850444,False,csp_4_empirical,1/2/3/4/5/6/7/8/9/10/11/12/13/14/15/16/18/19/20,True,False,physionet/eegmmidb/1.0.0/S017/S017R14.edf,f95cb81454f050fc58c4d2bcb7698526e5a6cef17b157e601ec1d4abb96eb3ea
17,17,14,12,25,S017_R14_T12,both_fists_imagery,0,both_feet_imagery,1,0.5843775732060715,False,csp_4_empirical,1/2/3/4/5/6/7/8/9/10/11/12/13/14/15/16/18/19/20,True,False,physionet/eegmmidb/1.0.0/S017/S017R14.edf,f95cb81454f050fc58c4d2bcb7698526e5a6cef17b157e601ec1d4abb96eb3ea
17,17,14,13,27,S017_R14_T13,both_feet_imagery,1,both_feet_imagery,1,0.9735031417522512,True,csp_4_empirical,1/2/3/4/5/6/7/8/9/10/11/12/13/14/15/16/18/19/20,True,False,physionet/eegmmidb/1.0.0/S017/S017R14.edf,f95cb81454f050fc58c4d2bcb7698526e5a6cef17b157e601ec1d4abb96eb3ea
17,17,14,14,29,S017_R14_T14,both_fists_imagery,0,both_feet_imagery,1,0.9368123639472586,False,csp_4_empirical,1/2/3/4/5/6/7/8/9/10/11/12/13/14/15/16/18/19/20,True,False,physionet/eegmmidb/1.0.0/S017/S017R14.edf,f95cb81454f050fc58c4d2bcb7698526e5a6cef17b157e601ec1d4abb96eb3ea
18,18,6,0,1,S018_R06_T00,both_feet_imagery,1,both_feet_imagery,1,0.16108521075463345,True,spectral_baseline_6,1/2/3/4/5/6/7/8/9/10/11/12/13/14/15/16/17/19/20,True,False,physionet/eegmmidb/1.0.0/S018/S018R06.edf,c63f23d980060ac721c705567e65603808dffd0af32391c6e2528072bdaf3cec
18,18,6,1,3,S018_R06_T01,both_fists_imagery,0,both_fists_imagery,0,-0.6154721857587147,True,spectral_baseline_6,1/2/3/4/5/6/7/8/9/10/11/12/13/14/15/16/17/19/20,True,False,physionet/eegmmidb/1.0.0/S018/S018R06.edf,c63f23d980060ac721c705567e65603808dffd0af32391c6e2528072bdaf3cec
18,18,6,2,5,S018_R06_T02,both_fists_imagery,0,both_fists_imagery,0,-1.0154349756072913,True,spectral_baseline_6,1/2/3/4/5/6/7/8/9/10/11/12/13/14/15/16/17/19/20,True,False,physionet/eegmmidb/1.0.0/S018/S018R06.edf,c63f23d980060ac721c705567e65603808dffd0af32391c6e2528072bdaf3cec
18,18,6,3,7,S018_R06_T03,both_feet_imagery,1,both_fists_imagery,0,-0.5925019116249807,False,spectral_baseline_6,1/2/3/4/5/6/7/8/9/10/11/12/13/14/15/16/17/19/20,True,False,physionet/eegmmidb/1.0.0/S018/S018R06.edf,c63f23d980060ac721c705567e65603808dffd0af32391c6e2528072bdaf3cec
18,18,6,4,9,S018_R06_T04,both_feet_imagery,1,both_feet_imagery,1,0.21228722826778812,True,spectral_baseline_6,1/2/3/4/5/6/7/8/9/10/11/12/13/14/15/16/17/19/20,True,False,physionet/eegmmidb/1.0.0/S018/S018R06.edf,c63f23d980060ac721c705567e65603808dffd0af32391c6e2528072bdaf3cec
18,18,6,5,11,S018_R06_T05,both_fists_imagery,0,both_fists_imagery,0,-0.36350866463601017,True,spectral_baseline_6,1/2/3/4/5/6/7/8/9/10/11/12/13/14/15/16/17/19/20,True,False,physionet/eegmmidb/1.0.0/S018/S018R06.edf,c63f23d980060ac721c705567e65603808dffd0af32391c6e2528072bdaf3cec
18,18,6,6,13,S018_R06_T06,both_fists_imagery,0,both_fists_imagery,0,-0.7464738787499006,True,spectral_baseline_6,1/2/3/4/5/6/7/8/9/10/11/12/13/14/15/16/17/19/20,True,False,physionet/eegmmidb/1.0.0/S018/S018R06.edf,c63f23d980060ac721c705567e65603808dffd0af32391c6e2528072bdaf3cec
18,18,6,7,15,S018_R06_T07,both_feet_imagery,1,both_feet_imagery,1,0.18007192328900756,True,spectral_baseline_6,1/2/3/4/5/6/7/8/9/10/11/12/13/14/15/16/17/19/20,True,False,physionet/eegmmidb/1.0.0/S018/S018R06.edf,c63f23d980060ac721c705567e65603808dffd0af32391c6e2528072bdaf3cec
18,18,6,8,17,S018_R06_T08,both_fists_imagery,0,both_fists_imagery,0,-0.717089484627305,True,spectral_baseline_6,1/2/3/4/5/6/7/8/9/10/11/12/13/14/15/16/17/19/20,True,False,physionet/eegmmidb/1.0.0/S018/S018R06.edf,c63f23d980060ac721c705567e65603808dffd0af32391c6e2528072bdaf3cec
18,18,6,9,19,S018_R06_T09,both_feet_imagery,1,both_fists_imagery,0,-0.3097727298905213,False,spectral_baseline_6,1/2/3/4/5/6/7/8/9/10/11/12/13/14/15/16/17/19/20,True,False,physionet/eegmmidb/1.0.0/S018/S018R06.edf,c63f23d980060ac721c705567e65603808dffd0af32391c6e2528072bdaf3cec
18,18,6,10,21,S018_R06_T10,both_feet_imagery,1,both_fists_imagery,0,-0.6953454160033041,False,spectral_baseline_6,1/2/3/4/5/6/7/8/9/10/11/12/13/14/15/16/17/19/20,True,False,physionet/eegmmidb/1.0.0/S018/S018R06.edf,c63f23d980060ac721c705567e65603808dffd0af32391c6e2528072bdaf3cec
18,18,6,11,23,S018_R06_T11,both_fists_imagery,0,both_fists_imagery,0,-0.1267919921307279,True,spectral_baseline_6,1/2/3/4/5/6/7/8/9/10/11/12/13/14/15/16/17/19/20,True,False,physionet/eegmmidb/1.0.0/S018/S018R06.edf,c63f23d980060ac721c705567e65603808dffd0af32391c6e2528072bdaf3cec
18,18,6,12,25,S018_R06_T12,both_feet_imagery,1,both_feet_imagery,1,0.4155717613174601,True,spectral_baseline_6,1/2/3/4/5/6/7/8/9/10/11/12/13/14/15/16/17/19/20,True,False,physionet/eegmmidb/1.0.0/S018/S018R06.edf,c63f23d980060ac721c705567e65603808dffd0af32391c6e2528072bdaf3cec
18,18,6,13,27,S018_R06_T13,both_fists_imagery,0,both_fists_imagery,0,-0.5656468189627726,True,spectral_baseline_6,1/2/3/4/5/6/7/8/9/10/11/12/13/14/15/16/17/19/20,True,False,physionet/eegmmidb/1.0.0/S018/S018R06.edf,c63f23d980060ac721c705567e65603808dffd0af32391c6e2528072bdaf3cec
18,18,6,14,29,S018_R06_T14,both_feet_imagery,1,both_feet_imagery,1,0.018562876388609983,True,spectral_baseline_6,1/2/3/4/5/6/7/8/9/10/11/12/13/14/15/16/17/19/20,True,False,physionet/eegmmidb/1.0.0/S018/S018R06.edf,c63f23d980060ac721c705567e65603808dffd0af32391c6e2528072bdaf3cec
18,18,10,0,1,S018_R10_T00,both_feet_imagery,1,both_fists_imagery,0,-0.5436001269938594,False,spectral_baseline_6,1/2/3/4/5/6/7/8/9/10/11/12/13/14/15/16/17/19/20,True,False,physionet/eegmmidb/1.0.0/S018/S018R10.edf,de1322a24dc7d95c29d64d91488cb1cf3ea30aa5953c7fbc80b1fa42d4ab44f2
18,18,10,1,3,S018_R10_T01,both_fists_imagery,0,both_feet_imagery,1,0.08824620258373339,False,spectral_baseline_6,1/2/3/4/5/6/7/8/9/10/11/12/13/14/15/16/17/19/20,True,False,physionet/eegmmidb/1.0.0/S018/S018R10.edf,de1322a24dc7d95c29d64d91488cb1cf3ea30aa5953c7fbc80b1fa42d4ab44f2
18,18,10,2,5,S018_R10_T02,both_feet_imagery,1,both_fists_imagery,0,-0.48084439719880634,False,spectral_baseline_6,1/2/3/4/5/6/7/8/9/10/11/12/13/14/15/16/17/19/20,True,False,physionet/eegmmidb/1.0.0/S018/S018R10.edf,de1322a24dc7d95c29d64d91488cb1cf3ea30aa5953c7fbc80b1fa42d4ab44f2
18,18,10,3,7,S018_R10_T03,both_fists_imagery,0,both_fists_imagery,0,-0.31369382360075637,True,spectral_baseline_6,1/2/3/4/5/6/7/8/9/10/11/12/13/14/15/16/17/19/20,True,False,physionet/eegmmidb/1.0.0/S018/S018R10.edf,de1322a24dc7d95c29d64d91488cb1cf3ea30aa5953c7fbc80b1fa42d4ab44f2
18,18,10,4,9,S018_R10_T04,both_feet_imagery,1,both_fists_imagery,0,-0.3627019017649087,False,spectral_baseline_6,1/2/3/4/5/6/7/8/9/10/11/12/13/14/15/16/17/19/20,True,False,physionet/eegmmidb/1.0.0/S018/S018R10.edf,de1322a24dc7d95c29d64d91488cb1cf3ea30aa5953c7fbc80b1fa42d4ab44f2
18,18,10,5,11,S018_R10_T05,both_fists_imagery,0,both_fists_imagery,0,-0.05376314996778875,True,spectral_baseline_6,1/2/3/4/5/6/7/8/9/10/11/12/13/14/15/16/17/19/20,True,False,physionet/eegmmidb/1.0.0/S018/S018R10.edf,de1322a24dc7d95c29d64d91488cb1cf3ea30aa5953c7fbc80b1fa42d4ab44f2
18,18,10,6,13,S018_R10_T06,both_fists_imagery,0,both_fists_imagery,0,-0.1440079448735863,True,spectral_baseline_6,1/2/3/4/5/6/7/8/9/10/11/12/13/14/15/16/17/19/20,True,False,physionet/eegmmidb/1.0.0/S018/S018R10.edf,de1322a24dc7d95c29d64d91488cb1cf3ea30aa5953c7fbc80b1fa42d4ab44f2
18,18,10,7,15,S018_R10_T07,both_feet_imagery,1,both_fists_imagery,0,-0.7300100661624458,False,spectral_baseline_6,1/2/3/4/5/6/7/8/9/10/11/12/13/14/15/16/17/19/20,True,False,physionet/eegmmidb/1.0.0/S018/S018R10.edf,de1322a24dc7d95c29d64d91488cb1cf3ea30aa5953c7fbc80b1fa42d4ab44f2
18,18,10,8,17,S018_R10_T08,both_feet_imagery,1,both_fists_imagery,0,-0.1809474076037714,False,spectral_baseline_6,1/2/3/4/5/6/7/8/9/10/11/12/13/14/15/16/17/19/20,True,False,physionet/eegmmidb/1.0.0/S018/S018R10.edf,de1322a24dc7d95c29d64d91488cb1cf3ea30aa5953c7fbc80b1fa42d4ab44f2
18,18,10,9,19,S018_R10_T09,both_fists_imagery,0,both_feet_imagery,1,0.11570844973662087,False,spectral_baseline_6,1/2/3/4/5/6/7/8/9/10/11/12/13/14/15/16/17/19/20,True,False,physionet/eegmmidb/1.0.0/S018/S018R10.edf,de1322a24dc7d95c29d64d91488cb1cf3ea30aa5953c7fbc80b1fa42d4ab44f2
18,18,10,10,21,S018_R10_T10,both_fists_imagery,0,both_fists_imagery,0,-1.1359118281186986,True,spectral_baseline_6,1/2/3/4/5/6/7/8/9/10/11/12/13/14/15/16/17/19/20,True,False,physionet/eegmmidb/1.0.0/S018/S018R10.edf,de1322a24dc7d95c29d64d91488cb1cf3ea30aa5953c7fbc80b1fa42d4ab44f2
18,18,10,11,23,S018_R10_T11,both_feet_imagery,1,both_fists_imagery,0,-0.01658685278821037,False,spectral_baseline_6,1/2/3/4/5/6/7/8/9/10/11/12/13/14/15/16/17/19/20,True,False,physionet/eegmmidb/1.0.0/S018/S018R10.edf,de1322a24dc7d95c29d64d91488cb1cf3ea30aa5953c7fbc80b1fa42d4ab44f2
18,18,10,12,25,S018_R10_T12,both_fists_imagery,0,both_fists_imagery,0,-0.8011639811391804,True,spectral_baseline_6,1/2/3/4/5/6/7/8/9/10/11/12/13/14/15/16/17/19/20,True,False,physionet/eegmmidb/1.0.0/S018/S018R10.edf,de1322a24dc7d95c29d64d91488cb1cf3ea30aa5953c7fbc80b1fa42d4ab44f2
18,18,10,13,27,S018_R10_T13,both_feet_imagery,1,both_fists_imagery,0,-0.6731931721684744,False,spectral_baseline_6,1/2/3/4/5/6/7/8/9/10/11/12/13/14/15/16/17/19/20,True,False,physionet/eegmmidb/1.0.0/S018/S018R10.edf,de1322a24dc7d95c29d64d91488cb1cf3ea30aa5953c7fbc80b1fa42d4ab44f2
18,18,10,14,29,S018_R10_T14,both_feet_imagery,1,both_fists_imagery,0,-0.3490569961604142,False,spectral_baseline_6,1/2/3/4/5/6/7/8/9/10/11/12/13/14/15/16/17/19/20,True,False,physionet/eegmmidb/1.0.0/S018/S018R10.edf,de1322a24dc7d95c29d64d91488cb1cf3ea30aa5953c7fbc80b1fa42d4ab44f2
18,18,14,0,1,S018_R14_T00,both_feet_imagery,1,both_fists_imagery,0,-0.3664083430142525,False,spectral_baseline_6,1/2/3/4/5/6/7/8/9/10/11/12/13/14/15/16/17/19/20,True,False,physionet/eegmmidb/1.0.0/S018/S018R14.edf,33e7d70d1b51cb549dbe2785e85414e3c82b039c4dbfb71be40c2bcd48136dcc
18,18,14,1,3,S018_R14_T01,both_fists_imagery,0,both_fists_imagery,0,-0.9777891674425423,True,spectral_baseline_6,1/2/3/4/5/6/7/8/9/10/11/12/13/14/15/16/17/19/20,True,False,physionet/eegmmidb/1.0.0/S018/S018R14.edf,33e7d70d1b51cb549dbe2785e85414e3c82b039c4dbfb71be40c2bcd48136dcc
18,18,14,2,5,S018_R14_T02,both_feet_imagery,1,both_fists_imagery,0,-0.18700636525852388,False,spectral_baseline_6,1/2/3/4/5/6/7/8/9/10/11/12/13/14/15/16/17/19/20,True,False,physionet/eegmmidb/1.0.0/S018/S018R14.edf,33e7d70d1b51cb549dbe2785e85414e3c82b039c4dbfb71be40c2bcd48136dcc
18,18,14,3,7,S018_R14_T03,both_fists_imagery,0,both_fists_imagery,0,-0.888214233016719,True,spectral_baseline_6,1/2/3/4/5/6/7/8/9/10/11/12/13/14/15/16/17/19/20,True,False,physionet/eegmmidb/1.0.0/S018/S018R14.edf,33e7d70d1b51cb549dbe2785e85414e3c82b039c4dbfb71be40c2bcd48136dcc
18,18,14,4,9,S018_R14_T04,both_fists_imagery,0,both_feet_imagery,1,0.06197729234743388,False,spectral_baseline_6,1/2/3/4/5/6/7/8/9/10/11/12/13/14/15/16/17/19/20,True,False,physionet/eegmmidb/1.0.0/S018/S018R14.edf,33e7d70d1b51cb549dbe2785e85414e3c82b039c4dbfb71be40c2bcd48136dcc
18,18,14,5,11,S018_R14_T05,both_feet_imagery,1,both_fists_imagery,0,-0.22249320285481122,False,spectral_baseline_6,1/2/3/4/5/6/7/8/9/10/11/12/13/14/15/16/17/19/20,True,False,physionet/eegmmidb/1.0.0/S018/S018R14.edf,33e7d70d1b51cb549dbe2785e85414e3c82b039c4dbfb71be40c2bcd48136dcc
18,18,14,6,13,S018_R14_T06,both_fists_imagery,0,both_feet_imagery,1,0.13685074945192244,False,spectral_baseline_6,1/2/3/4/5/6/7/8/9/10/11/12/13/14/15/16/17/19/20,True,False,physionet/eegmmidb/1.0.0/S018/S018R14.edf,33e7d70d1b51cb549dbe2785e85414e3c82b039c4dbfb71be40c2bcd48136dcc
18,18,14,7,15,S018_R14_T07,both_feet_imagery,1,both_fists_imagery,0,-0.2158934021380603,False,spectral_baseline_6,1/2/3/4/5/6/7/8/9/10/11/12/13/14/15/16/17/19/20,True,False,physionet/eegmmidb/1.0.0/S018/S018R14.edf,33e7d70d1b51cb549dbe2785e85414e3c82b039c4dbfb71be40c2bcd48136dcc
18,18,14,8,17,S018_R14_T08,both_feet_imagery,1,both_feet_imagery,1,0.46841640869539714,True,spectral_baseline_6,1/2/3/4/5/6/7/8/9/10/11/12/13/14/15/16/17/19/20,True,False,physionet/eegmmidb/1.0.0/S018/S018R14.edf,33e7d70d1b51cb549dbe2785e85414e3c82b039c4dbfb71be40c2bcd48136dcc
18,18,14,9,19,S018_R14_T09,both_fists_imagery,0,both_feet_imagery,1,0.012334392195220256,False,spectral_baseline_6,1/2/3/4/5/6/7/8/9/10/11/12/13/14/15/16/17/19/20,True,False,physionet/eegmmidb/1.0.0/S018/S018R14.edf,33e7d70d1b51cb549dbe2785e85414e3c82b039c4dbfb71be40c2bcd48136dcc
18,18,14,10,21,S018_R14_T10,both_fists_imagery,0,both_fists_imagery,0,-0.09781145757341281,True,spectral_baseline_6,1/2/3/4/5/6/7/8/9/10/11/12/13/14/15/16/17/19/20,True,False,physionet/eegmmidb/1.0.0/S018/S018R14.edf,33e7d70d1b51cb549dbe2785e85414e3c82b039c4dbfb71be40c2bcd48136dcc
18,18,14,11,23,S018_R14_T11,both_feet_imagery,1,both_fists_imagery,0,-0.10216231824042243,False,spectral_baseline_6,1/2/3/4/5/6/7/8/9/10/11/12/13/14/15/16/17/19/20,True,False,physionet/eegmmidb/1.0.0/S018/S018R14.edf,33e7d70d1b51cb549dbe2785e85414e3c82b039c4dbfb71be40c2bcd48136dcc
18,18,14,12,25,S018_R14_T12,both_feet_imagery,1,both_feet_imagery,1,0.10654727190523838,True,spectral_baseline_6,1/2/3/4/5/6/7/8/9/10/11/12/13/14/15/16/17/19/20,True,False,physionet/eegmmidb/1.0.0/S018/S018R14.edf,33e7d70d1b51cb549dbe2785e85414e3c82b039c4dbfb71be40c2bcd48136dcc
18,18,14,13,27,S018_R14_T13,both_fists_imagery,0,both_fists_imagery,0,-0.47894463200216386,True,spectral_baseline_6,1/2/3/4/5/6/7/8/9/10/11/12/13/14/15/16/17/19/20,True,False,physionet/eegmmidb/1.0.0/S018/S018R14.edf,33e7d70d1b51cb549dbe2785e85414e3c82b039c4dbfb71be40c2bcd48136dcc
18,18,14,14,29,S018_R14_T14,both_fists_imagery,0,both_fists_imagery,0,-0.3211915236785199,True,spectral_baseline_6,1/2/3/4/5/6/7/8/9/10/11/12/13/14/15/16/17/19/20,True,False,physionet/eegmmidb/1.0.0/S018/S018R14.edf,33e7d70d1b51cb549dbe2785e85414e3c82b039c4dbfb71be40c2bcd48136dcc
18,18,6,0,1,S018_R06_T00,both_feet_imagery,1,both_fists_imagery,0,-0.49328751917482017,False,csp_4_empirical,1/2/3/4/5/6/7/8/9/10/11/12/13/14/15/16/17/19/20,True,False,physionet/eegmmidb/1.0.0/S018/S018R06.edf,c63f23d980060ac721c705567e65603808dffd0af32391c6e2528072bdaf3cec
18,18,6,1,3,S018_R06_T01,both_fists_imagery,0,both_fists_imagery,0,-0.6766745541423554,True,csp_4_empirical,1/2/3/4/5/6/7/8/9/10/11/12/13/14/15/16/17/19/20,True,False,physionet/eegmmidb/1.0.0/S018/S018R06.edf,c63f23d980060ac721c705567e65603808dffd0af32391c6e2528072bdaf3cec
18,18,6,2,5,S018_R06_T02,both_fists_imagery,0,both_fists_imagery,0,-0.33037907173040326,True,csp_4_empirical,1/2/3/4/5/6/7/8/9/10/11/12/13/14/15/16/17/19/20,True,False,physionet/eegmmidb/1.0.0/S018/S018R06.edf,c63f23d980060ac721c705567e65603808dffd0af32391c6e2528072bdaf3cec
18,18,6,3,7,S018_R06_T03,both_feet_imagery,1,both_fists_imagery,0,-0.9534735433642442,False,csp_4_empirical,1/2/3/4/5/6/7/8/9/10/11/12/13/14/15/16/17/19/20,True,False,physionet/eegmmidb/1.0.0/S018/S018R06.edf,c63f23d980060ac721c705567e65603808dffd0af32391c6e2528072bdaf3cec
18,18,6,4,9,S018_R06_T04,both_feet_imagery,1,both_fists_imagery,0,-0.012650473974799792,False,csp_4_empirical,1/2/3/4/5/6/7/8/9/10/11/12/13/14/15/16/17/19/20,True,False,physionet/eegmmidb/1.0.0/S018/S018R06.edf,c63f23d980060ac721c705567e65603808dffd0af32391c6e2528072bdaf3cec
18,18,6,5,11,S018_R06_T05,both_fists_imagery,0,both_fists_imagery,0,-0.7340548091532183,True,csp_4_empirical,1/2/3/4/5/6/7/8/9/10/11/12/13/14/15/16/17/19/20,True,False,physionet/eegmmidb/1.0.0/S018/S018R06.edf,c63f23d980060ac721c705567e65603808dffd0af32391c6e2528072bdaf3cec
18,18,6,6,13,S018_R06_T06,both_fists_imagery,0,both_fists_imagery,0,-0.034162994167395655,True,csp_4_empirical,1/2/3/4/5/6/7/8/9/10/11/12/13/14/15/16/17/19/20,True,False,physionet/eegmmidb/1.0.0/S018/S018R06.edf,c63f23d980060ac721c705567e65603808dffd0af32391c6e2528072bdaf3cec
18,18,6,7,15,S018_R06_T07,both_feet_imagery,1,both_fists_imagery,0,-0.3783004317389672,False,csp_4_empirical,1/2/3/4/5/6/7/8/9/10/11/12/13/14/15/16/17/19/20,True,False,physionet/eegmmidb/1.0.0/S018/S018R06.edf,c63f23d980060ac721c705567e65603808dffd0af32391c6e2528072bdaf3cec
18,18,6,8,17,S018_R06_T08,both_fists_imagery,0,both_fists_imagery,0,-0.5269974885362921,True,csp_4_empirical,1/2/3/4/5/6/7/8/9/10/11/12/13/14/15/16/17/19/20,True,False,physionet/eegmmidb/1.0.0/S018/S018R06.edf,c63f23d980060ac721c705567e65603808dffd0af32391c6e2528072bdaf3cec
18,18,6,9,19,S018_R06_T09,both_feet_imagery,1,both_fists_imagery,0,-1.209143558484005,False,csp_4_empirical,1/2/3/4/5/6/7/8/9/10/11/12/13/14/15/16/17/19/20,True,False,physionet/eegmmidb/1.0.0/S018/S018R06.edf,c63f23d980060ac721c705567e65603808dffd0af32391c6e2528072bdaf3cec
18,18,6,10,21,S018_R06_T10,both_feet_imagery,1,both_fists_imagery,0,-0.46148894903920124,False,csp_4_empirical,1/2/3/4/5/6/7/8/9/10/11/12/13/14/15/16/17/19/20,True,False,physionet/eegmmidb/1.0.0/S018/S018R06.edf,c63f23d980060ac721c705567e65603808dffd0af32391c6e2528072bdaf3cec
18,18,6,11,23,S018_R06_T11,both_fists_imagery,0,both_fists_imagery,0,-0.432649831885891,True,csp_4_empirical,1/2/3/4/5/6/7/8/9/10/11/12/13/14/15/16/17/19/20,True,False,physionet/eegmmidb/1.0.0/S018/S018R06.edf,c63f23d980060ac721c705567e65603808dffd0af32391c6e2528072bdaf3cec
18,18,6,12,25,S018_R06_T12,both_feet_imagery,1,both_feet_imagery,1,0.12228900260269471,True,csp_4_empirical,1/2/3/4/5/6/7/8/9/10/11/12/13/14/15/16/17/19/20,True,False,physionet/eegmmidb/1.0.0/S018/S018R06.edf,c63f23d980060ac721c705567e65603808dffd0af32391c6e2528072bdaf3cec
18,18,6,13,27,S018_R06_T13,both_fists_imagery,0,both_fists_imagery,0,-0.4917065774734938,True,csp_4_empirical,1/2/3/4/5/6/7/8/9/10/11/12/13/14/15/16/17/19/20,True,False,physionet/eegmmidb/1.0.0/S018/S018R06.edf,c63f23d980060ac721c705567e65603808dffd0af32391c6e2528072bdaf3cec
18,18,6,14,29,S018_R06_T14,both_feet_imagery,1,both_feet_imagery,1,0.01211603559758323,True,csp_4_empirical,1/2/3/4/5/6/7/8/9/10/11/12/13/14/15/16/17/19/20,True,False,physionet/eegmmidb/1.0.0/S018/S018R06.edf,c63f23d980060ac721c705567e65603808dffd0af32391c6e2528072bdaf3cec
18,18,10,0,1,S018_R10_T00,both_feet_imagery,1,both_fists_imagery,0,-0.5140650707250766,False,csp_4_empirical,1/2/3/4/5/6/7/8/9/10/11/12/13/14/15/16/17/19/20,True,False,physionet/eegmmidb/1.0.0/S018/S018R10.edf,de1322a24dc7d95c29d64d91488cb1cf3ea30aa5953c7fbc80b1fa42d4ab44f2
18,18,10,1,3,S018_R10_T01,both_fists_imagery,0,both_fists_imagery,0,-0.6858188648297691,True,csp_4_empirical,1/2/3/4/5/6/7/8/9/10/11/12/13/14/15/16/17/19/20,True,False,physionet/eegmmidb/1.0.0/S018/S018R10.edf,de1322a24dc7d95c29d64d91488cb1cf3ea30aa5953c7fbc80b1fa42d4ab44f2
18,18,10,2,5,S018_R10_T02,both_feet_imagery,1,both_fists_imagery,0,-0.5922261624745341,False,csp_4_empirical,1/2/3/4/5/6/7/8/9/10/11/12/13/14/15/16/17/19/20,True,False,physionet/eegmmidb/1.0.0/S018/S018R10.edf,de1322a24dc7d95c29d64d91488cb1cf3ea30aa5953c7fbc80b1fa42d4ab44f2
18,18,10,3,7,S018_R10_T03,both_fists_imagery,0,both_fists_imagery,0,-0.6438169813686431,True,csp_4_empirical,1/2/3/4/5/6/7/8/9/10/11/12/13/14/15/16/17/19/20,True,False,physionet/eegmmidb/1.0.0/S018/S018R10.edf,de1322a24dc7d95c29d64d91488cb1cf3ea30aa5953c7fbc80b1fa42d4ab44f2
18,18,10,4,9,S018_R10_T04,both_feet_imagery,1,both_fists_imagery,0,-0.3754167538036849,False,csp_4_empirical,1/2/3/4/5/6/7/8/9/10/11/12/13/14/15/16/17/19/20,True,False,physionet/eegmmidb/1.0.0/S018/S018R10.edf,de1322a24dc7d95c29d64d91488cb1cf3ea30aa5953c7fbc80b1fa42d4ab44f2
18,18,10,5,11,S018_R10_T05,both_fists_imagery,0,both_fists_imagery,0,-0.2208682657162676,True,csp_4_empirical,1/2/3/4/5/6/7/8/9/10/11/12/13/14/15/16/17/19/20,True,False,physionet/eegmmidb/1.0.0/S018/S018R10.edf,de1322a24dc7d95c29d64d91488cb1cf3ea30aa5953c7fbc80b1fa42d4ab44f2
18,18,10,6,13,S018_R10_T06,both_fists_imagery,0,both_fists_imagery,0,-0.16971499337978824,True,csp_4_empirical,1/2/3/4/5/6/7/8/9/10/11/12/13/14/15/16/17/19/20,True,False,physionet/eegmmidb/1.0.0/S018/S018R10.edf,de1322a24dc7d95c29d64d91488cb1cf3ea30aa5953c7fbc80b1fa42d4ab44f2
18,18,10,7,15,S018_R10_T07,both_feet_imagery,1,both_fists_imagery,0,-0.21453764600834846,False,csp_4_empirical,1/2/3/4/5/6/7/8/9/10/11/12/13/14/15/16/17/19/20,True,False,physionet/eegmmidb/1.0.0/S018/S018R10.edf,de1322a24dc7d95c29d64d91488cb1cf3ea30aa5953c7fbc80b1fa42d4ab44f2
18,18,10,8,17,S018_R10_T08,both_feet_imagery,1,both_fists_imagery,0,-0.6779217251077011,False,csp_4_empirical,1/2/3/4/5/6/7/8/9/10/11/12/13/14/15/16/17/19/20,True,False,physionet/eegmmidb/1.0.0/S018/S018R10.edf,de1322a24dc7d95c29d64d91488cb1cf3ea30aa5953c7fbc80b1fa42d4ab44f2
18,18,10,9,19,S018_R10_T09,both_fists_imagery,0,both_fists_imagery,0,-0.7243603225374714,True,csp_4_empirical,1/2/3/4/5/6/7/8/9/10/11/12/13/14/15/16/17/19/20,True,False,physionet/eegmmidb/1.0.0/S018/S018R10.edf,de1322a24dc7d95c29d64d91488cb1cf3ea30aa5953c7fbc80b1fa42d4ab44f2
18,18,10,10,21,S018_R10_T10,both_fists_imagery,0,both_fists_imagery,0,-0.16985212588204324,True,csp_4_empirical,1/2/3/4/5/6/7/8/9/10/11/12/13/14/15/16/17/19/20,True,False,physionet/eegmmidb/1.0.0/S018/S018R10.edf,de1322a24dc7d95c29d64d91488cb1cf3ea30aa5953c7fbc80b1fa42d4ab44f2
18,18,10,11,23,S018_R10_T11,both_feet_imagery,1,both_fists_imagery,0,-0.4472379479072567,False,csp_4_empirical,1/2/3/4/5/6/7/8/9/10/11/12/13/14/15/16/17/19/20,True,False,physionet/eegmmidb/1.0.0/S018/S018R10.edf,de1322a24dc7d95c29d64d91488cb1cf3ea30aa5953c7fbc80b1fa42d4ab44f2
18,18,10,12,25,S018_R10_T12,both_fists_imagery,0,both_fists_imagery,0,-0.07259294525950455,True,csp_4_empirical,1/2/3/4/5/6/7/8/9/10/11/12/13/14/15/16/17/19/20,True,False,physionet/eegmmidb/1.0.0/S018/S018R10.edf,de1322a24dc7d95c29d64d91488cb1cf3ea30aa5953c7fbc80b1fa42d4ab44f2
18,18,10,13,27,S018_R10_T13,both_feet_imagery,1,both_feet_imagery,1,0.4930890853909865,True,csp_4_empirical,1/2/3/4/5/6/7/8/9/10/11/12/13/14/15/16/17/19/20,True,False,physionet/eegmmidb/1.0.0/S018/S018R10.edf,de1322a24dc7d95c29d64d91488cb1cf3ea30aa5953c7fbc80b1fa42d4ab44f2
18,18,10,14,29,S018_R10_T14,both_feet_imagery,1,both_fists_imagery,0,-0.8441760195822204,False,csp_4_empirical,1/2/3/4/5/6/7/8/9/10/11/12/13/14/15/16/17/19/20,True,False,physionet/eegmmidb/1.0.0/S018/S018R10.edf,de1322a24dc7d95c29d64d91488cb1cf3ea30aa5953c7fbc80b1fa42d4ab44f2
18,18,14,0,1,S018_R14_T00,both_feet_imagery,1,both_fists_imagery,0,-0.7000908743669078,False,csp_4_empirical,1/2/3/4/5/6/7/8/9/10/11/12/13/14/15/16/17/19/20,True,False,physionet/eegmmidb/1.0.0/S018/S018R14.edf,33e7d70d1b51cb549dbe2785e85414e3c82b039c4dbfb71be40c2bcd48136dcc
18,18,14,1,3,S018_R14_T01,both_fists_imagery,0,both_fists_imagery,0,-0.6940331985703977,True,csp_4_empirical,1/2/3/4/5/6/7/8/9/10/11/12/13/14/15/16/17/19/20,True,False,physionet/eegmmidb/1.0.0/S018/S018R14.edf,33e7d70d1b51cb549dbe2785e85414e3c82b039c4dbfb71be40c2bcd48136dcc
18,18,14,2,5,S018_R14_T02,both_feet_imagery,1,both_fists_imagery,0,-0.12471700494899818,False,csp_4_empirical,1/2/3/4/5/6/7/8/9/10/11/12/13/14/15/16/17/19/20,True,False,physionet/eegmmidb/1.0.0/S018/S018R14.edf,33e7d70d1b51cb549dbe2785e85414e3c82b039c4dbfb71be40c2bcd48136dcc
18,18,14,3,7,S018_R14_T03,both_fists_imagery,0,both_fists_imagery,0,-0.41270012057431515,True,csp_4_empirical,1/2/3/4/5/6/7/8/9/10/11/12/13/14/15/16/17/19/20,True,False,physionet/eegmmidb/1.0.0/S018/S018R14.edf,33e7d70d1b51cb549dbe2785e85414e3c82b039c4dbfb71be40c2bcd48136dcc
18,18,14,4,9,S018_R14_T04,both_fists_imagery,0,both_fists_imagery,0,-0.03748324868584574,True,csp_4_empirical,1/2/3/4/5/6/7/8/9/10/11/12/13/14/15/16/17/19/20,True,False,physionet/eegmmidb/1.0.0/S018/S018R14.edf,33e7d70d1b51cb549dbe2785e85414e3c82b039c4dbfb71be40c2bcd48136dcc
18,18,14,5,11,S018_R14_T05,both_feet_imagery,1,both_feet_imagery,1,0.15577818274438548,True,csp_4_empirical,1/2/3/4/5/6/7/8/9/10/11/12/13/14/15/16/17/19/20,True,False,physionet/eegmmidb/1.0.0/S018/S018R14.edf,33e7d70d1b51cb549dbe2785e85414e3c82b039c4dbfb71be40c2bcd48136dcc
18,18,14,6,13,S018_R14_T06,both_fists_imagery,0,both_feet_imagery,1,0.37653313565907653,False,csp_4_empirical,1/2/3/4/5/6/7/8/9/10/11/12/13/14/15/16/17/19/20,True,False,physionet/eegmmidb/1.0.0/S018/S018R14.edf,33e7d70d1b51cb549dbe2785e85414e3c82b039c4dbfb71be40c2bcd48136dcc
18,18,14,7,15,S018_R14_T07,both_feet_imagery,1,both_fists_imagery,0,-0.7630327603311521,False,csp_4_empirical,1/2/3/4/5/6/7/8/9/10/11/12/13/14/15/16/17/19/20,True,False,physionet/eegmmidb/1.0.0/S018/S018R14.edf,33e7d70d1b51cb549dbe2785e85414e3c82b039c4dbfb71be40c2bcd48136dcc
18,18,14,8,17,S018_R14_T08,both_feet_imagery,1,both_fists_imagery,0,-0.5607457947143598,False,csp_4_empirical,1/2/3/4/5/6/7/8/9/10/11/12/13/14/15/16/17/19/20,True,False,physionet/eegmmidb/1.0.0/S018/S018R14.edf,33e7d70d1b51cb549dbe2785e85414e3c82b039c4dbfb71be40c2bcd48136dcc
18,18,14,9,19,S018_R14_T09,both_fists_imagery,0,both_fists_imagery,0,-0.28139248254660265,True,csp_4_empirical,1/2/3/4/5/6/7/8/9/10/11/12/13/14/15/16/17/19/20,True,False,physionet/eegmmidb/1.0.0/S018/S018R14.edf,33e7d70d1b51cb549dbe2785e85414e3c82b039c4dbfb71be40c2bcd48136dcc
18,18,14,10,21,S018_R14_T10,both_fists_imagery,0,both_fists_imagery,0,-0.4904479580410469,True,csp_4_empirical,1/2/3/4/5/6/7/8/9/10/11/12/13/14/15/16/17/19/20,True,False,physionet/eegmmidb/1.0.0/S018/S018R14.edf,33e7d70d1b51cb549dbe2785e85414e3c82b039c4dbfb71be40c2bcd48136dcc
18,18,14,11,23,S018_R14_T11,both_feet_imagery,1,both_fists_imagery,0,-0.4983240175097464,False,csp_4_empirical,1/2/3/4/5/6/7/8/9/10/11/12/13/14/15/16/17/19/20,True,False,physionet/eegmmidb/1.0.0/S018/S018R14.edf,33e7d70d1b51cb549dbe2785e85414e3c82b039c4dbfb71be40c2bcd48136dcc
18,18,14,12,25,S018_R14_T12,both_feet_imagery,1,both_fists_imagery,0,-0.20743029715784378,False,csp_4_empirical,1/2/3/4/5/6/7/8/9/10/11/12/13/14/15/16/17/19/20,True,False,physionet/eegmmidb/1.0.0/S018/S018R14.edf,33e7d70d1b51cb549dbe2785e85414e3c82b039c4dbfb71be40c2bcd48136dcc
18,18,14,13,27,S018_R14_T13,both_fists_imagery,0,both_fists_imagery,0,-0.11249860088225183,True,csp_4_empirical,1/2/3/4/5/6/7/8/9/10/11/12/13/14/15/16/17/19/20,True,False,physionet/eegmmidb/1.0.0/S018/S018R14.edf,33e7d70d1b51cb549dbe2785e85414e3c82b039c4dbfb71be40c2bcd48136dcc
18,18,14,14,29,S018_R14_T14,both_fists_imagery,0,both_fists_imagery,0,-0.6167941421432296,True,csp_4_empirical,1/2/3/4/5/6/7/8/9/10/11/12/13/14/15/16/17/19/20,True,False,physionet/eegmmidb/1.0.0/S018/S018R14.edf,33e7d70d1b51cb549dbe2785e85414e3c82b039c4dbfb71be40c2bcd48136dcc
19,19,6,0,1,S019_R06_T00,both_fists_imagery,0,both_feet_imagery,1,0.20558787145662902,False,spectral_baseline_6,1/2/3/4/5/6/7/8/9/10/11/12/13/14/15/16/17/18/20,True,False,physionet/eegmmidb/1.0.0/S019/S019R06.edf,1b0ad7d85228488fe95410bcb88108d41cd8bc2f9b078cf8c0641ed1e8656f42
19,19,6,1,3,S019_R06_T01,both_feet_imagery,1,both_fists_imagery,0,-0.3442134286941201,False,spectral_baseline_6,1/2/3/4/5/6/7/8/9/10/11/12/13/14/15/16/17/18/20,True,False,physionet/eegmmidb/1.0.0/S019/S019R06.edf,1b0ad7d85228488fe95410bcb88108d41cd8bc2f9b078cf8c0641ed1e8656f42
19,19,6,2,5,S019_R06_T02,both_feet_imagery,1,both_feet_imagery,1,0.10246285126504112,True,spectral_baseline_6,1/2/3/4/5/6/7/8/9/10/11/12/13/14/15/16/17/18/20,True,False,physionet/eegmmidb/1.0.0/S019/S019R06.edf,1b0ad7d85228488fe95410bcb88108d41cd8bc2f9b078cf8c0641ed1e8656f42
19,19,6,3,7,S019_R06_T03,both_fists_imagery,0,both_feet_imagery,1,0.497556683852375,False,spectral_baseline_6,1/2/3/4/5/6/7/8/9/10/11/12/13/14/15/16/17/18/20,True,False,physionet/eegmmidb/1.0.0/S019/S019R06.edf,1b0ad7d85228488fe95410bcb88108d41cd8bc2f9b078cf8c0641ed1e8656f42
19,19,6,4,9,S019_R06_T04,both_feet_imagery,1,both_fists_imagery,0,-0.25695598211674786,False,spectral_baseline_6,1/2/3/4/5/6/7/8/9/10/11/12/13/14/15/16/17/18/20,True,False,physionet/eegmmidb/1.0.0/S019/S019R06.edf,1b0ad7d85228488fe95410bcb88108d41cd8bc2f9b078cf8c0641ed1e8656f42
19,19,6,5,11,S019_R06_T05,both_fists_imagery,0,both_fists_imagery,0,-0.15083059643157495,True,spectral_baseline_6,1/2/3/4/5/6/7/8/9/10/11/12/13/14/15/16/17/18/20,True,False,physionet/eegmmidb/1.0.0/S019/S019R06.edf,1b0ad7d85228488fe95410bcb88108d41cd8bc2f9b078cf8c0641ed1e8656f42
19,19,6,6,13,S019_R06_T06,both_fists_imagery,0,both_feet_imagery,1,0.38685938994177177,False,spectral_baseline_6,1/2/3/4/5/6/7/8/9/10/11/12/13/14/15/16/17/18/20,True,False,physionet/eegmmidb/1.0.0/S019/S019R06.edf,1b0ad7d85228488fe95410bcb88108d41cd8bc2f9b078cf8c0641ed1e8656f42
19,19,6,7,15,S019_R06_T07,both_feet_imagery,1,both_fists_imagery,0,-0.09478418440638481,False,spectral_baseline_6,1/2/3/4/5/6/7/8/9/10/11/12/13/14/15/16/17/18/20,True,False,physionet/eegmmidb/1.0.0/S019/S019R06.edf,1b0ad7d85228488fe95410bcb88108d41cd8bc2f9b078cf8c0641ed1e8656f42
19,19,6,8,17,S019_R06_T08,both_feet_imagery,1,both_fists_imagery,0,-0.17591231144031888,False,spectral_baseline_6,1/2/3/4/5/6/7/8/9/10/11/12/13/14/15/16/17/18/20,True,False,physionet/eegmmidb/1.0.0/S019/S019R06.edf,1b0ad7d85228488fe95410bcb88108d41cd8bc2f9b078cf8c0641ed1e8656f42
19,19,6,9,19,S019_R06_T09,both_fists_imagery,0,both_fists_imagery,0,-0.19964444923795444,True,spectral_baseline_6,1/2/3/4/5/6/7/8/9/10/11/12/13/14/15/16/17/18/20,True,False,physionet/eegmmidb/1.0.0/S019/S019R06.edf,1b0ad7d85228488fe95410bcb88108d41cd8bc2f9b078cf8c0641ed1e8656f42
19,19,6,10,21,S019_R06_T10,both_fists_imagery,0,both_fists_imagery,0,-0.32838742300540835,True,spectral_baseline_6,1/2/3/4/5/6/7/8/9/10/11/12/13/14/15/16/17/18/20,True,False,physionet/eegmmidb/1.0.0/S019/S019R06.edf,1b0ad7d85228488fe95410bcb88108d41cd8bc2f9b078cf8c0641ed1e8656f42
19,19,6,11,23,S019_R06_T11,both_feet_imagery,1,both_fists_imagery,0,-0.018337097831253035,False,spectral_baseline_6,1/2/3/4/5/6/7/8/9/10/11/12/13/14/15/16/17/18/20,True,False,physionet/eegmmidb/1.0.0/S019/S019R06.edf,1b0ad7d85228488fe95410bcb88108d41cd8bc2f9b078cf8c0641ed1e8656f42
19,19,6,12,25,S019_R06_T12,both_feet_imagery,1,both_feet_imagery,1,0.36844684197246663,True,spectral_baseline_6,1/2/3/4/5/6/7/8/9/10/11/12/13/14/15/16/17/18/20,True,False,physionet/eegmmidb/1.0.0/S019/S019R06.edf,1b0ad7d85228488fe95410bcb88108d41cd8bc2f9b078cf8c0641ed1e8656f42
19,19,6,13,27,S019_R06_T13,both_fists_imagery,0,both_fists_imagery,0,-0.7485297635318524,True,spectral_baseline_6,1/2/3/4/5/6/7/8/9/10/11/12/13/14/15/16/17/18/20,True,False,physionet/eegmmidb/1.0.0/S019/S019R06.edf,1b0ad7d85228488fe95410bcb88108d41cd8bc2f9b078cf8c0641ed1e8656f42
19,19,6,14,29,S019_R06_T14,both_feet_imagery,1,both_feet_imagery,1,0.29523962992464464,True,spectral_baseline_6,1/2/3/4/5/6/7/8/9/10/11/12/13/14/15/16/17/18/20,True,False,physionet/eegmmidb/1.0.0/S019/S019R06.edf,1b0ad7d85228488fe95410bcb88108d41cd8bc2f9b078cf8c0641ed1e8656f42
19,19,10,0,1,S019_R10_T00,both_fists_imagery,0,both_feet_imagery,1,0.10482529768112692,False,spectral_baseline_6,1/2/3/4/5/6/7/8/9/10/11/12/13/14/15/16/17/18/20,True,False,physionet/eegmmidb/1.0.0/S019/S019R10.edf,809a866319f3dca5bc549d4ed8bb36a891ba270d4aee23950cb5e85c2819fdbe
19,19,10,1,3,S019_R10_T01,both_feet_imagery,1,both_fists_imagery,0,-0.0903558035308179,False,spectral_baseline_6,1/2/3/4/5/6/7/8/9/10/11/12/13/14/15/16/17/18/20,True,False,physionet/eegmmidb/1.0.0/S019/S019R10.edf,809a866319f3dca5bc549d4ed8bb36a891ba270d4aee23950cb5e85c2819fdbe
19,19,10,2,5,S019_R10_T02,both_fists_imagery,0,both_feet_imagery,1,0.2594773816654654,False,spectral_baseline_6,1/2/3/4/5/6/7/8/9/10/11/12/13/14/15/16/17/18/20,True,False,physionet/eegmmidb/1.0.0/S019/S019R10.edf,809a866319f3dca5bc549d4ed8bb36a891ba270d4aee23950cb5e85c2819fdbe
19,19,10,3,7,S019_R10_T03,both_feet_imagery,1,both_fists_imagery,0,-0.03544247387898958,False,spectral_baseline_6,1/2/3/4/5/6/7/8/9/10/11/12/13/14/15/16/17/18/20,True,False,physionet/eegmmidb/1.0.0/S019/S019R10.edf,809a866319f3dca5bc549d4ed8bb36a891ba270d4aee23950cb5e85c2819fdbe
19,19,10,4,9,S019_R10_T04,both_fists_imagery,0,both_feet_imagery,1,0.39102437804281326,False,spectral_baseline_6,1/2/3/4/5/6/7/8/9/10/11/12/13/14/15/16/17/18/20,True,False,physionet/eegmmidb/1.0.0/S019/S019R10.edf,809a866319f3dca5bc549d4ed8bb36a891ba270d4aee23950cb5e85c2819fdbe
19,19,10,5,11,S019_R10_T05,both_feet_imagery,1,both_fists_imagery,0,-0.7377568136412908,False,spectral_baseline_6,1/2/3/4/5/6/7/8/9/10/11/12/13/14/15/16/17/18/20,True,False,physionet/eegmmidb/1.0.0/S019/S019R10.edf,809a866319f3dca5bc549d4ed8bb36a891ba270d4aee23950cb5e85c2819fdbe
19,19,10,6,13,S019_R10_T06,both_fists_imagery,0,both_feet_imagery,1,0.4329628600239493,False,spectral_baseline_6,1/2/3/4/5/6/7/8/9/10/11/12/13/14/15/16/17/18/20,True,False,physionet/eegmmidb/1.0.0/S019/S019R10.edf,809a866319f3dca5bc549d4ed8bb36a891ba270d4aee23950cb5e85c2819fdbe
19,19,10,7,15,S019_R10_T07,both_feet_imagery,1,both_feet_imagery,1,0.253562071874441,True,spectral_baseline_6,1/2/3/4/5/6/7/8/9/10/11/12/13/14/15/16/17/18/20,True,False,physionet/eegmmidb/1.0.0/S019/S019R10.edf,809a866319f3dca5bc549d4ed8bb36a891ba270d4aee23950cb5e85c2819fdbe
19,19,10,8,17,S019_R10_T08,both_feet_imagery,1,both_feet_imagery,1,0.3013674545147259,True,spectral_baseline_6,1/2/3/4/5/6/7/8/9/10/11/12/13/14/15/16/17/18/20,True,False,physionet/eegmmidb/1.0.0/S019/S019R10.edf,809a866319f3dca5bc549d4ed8bb36a891ba270d4aee23950cb5e85c2819fdbe
19,19,10,9,19,S019_R10_T09,both_fists_imagery,0,both_fists_imagery,0,-0.47330859336995046,True,spectral_baseline_6,1/2/3/4/5/6/7/8/9/10/11/12/13/14/15/16/17/18/20,True,False,physionet/eegmmidb/1.0.0/S019/S019R10.edf,809a866319f3dca5bc549d4ed8bb36a891ba270d4aee23950cb5e85c2819fdbe
19,19,10,10,21,S019_R10_T10,both_fists_imagery,0,both_feet_imagery,1,0.18442086582720824,False,spectral_baseline_6,1/2/3/4/5/6/7/8/9/10/11/12/13/14/15/16/17/18/20,True,False,physionet/eegmmidb/1.0.0/S019/S019R10.edf,809a866319f3dca5bc549d4ed8bb36a891ba270d4aee23950cb5e85c2819fdbe
19,19,10,11,23,S019_R10_T11,both_feet_imagery,1,both_feet_imagery,1,0.08793706388737493,True,spectral_baseline_6,1/2/3/4/5/6/7/8/9/10/11/12/13/14/15/16/17/18/20,True,False,physionet/eegmmidb/1.0.0/S019/S019R10.edf,809a866319f3dca5bc549d4ed8bb36a891ba270d4aee23950cb5e85c2819fdbe
19,19,10,12,25,S019_R10_T12,both_fists_imagery,0,both_feet_imagery,1,0.31125735826709,False,spectral_baseline_6,1/2/3/4/5/6/7/8/9/10/11/12/13/14/15/16/17/18/20,True,False,physionet/eegmmidb/1.0.0/S019/S019R10.edf,809a866319f3dca5bc549d4ed8bb36a891ba270d4aee23950cb5e85c2819fdbe
19,19,10,13,27,S019_R10_T13,both_feet_imagery,1,both_fists_imagery,0,-0.10466619746753744,False,spectral_baseline_6,1/2/3/4/5/6/7/8/9/10/11/12/13/14/15/16/17/18/20,True,False,physionet/eegmmidb/1.0.0/S019/S019R10.edf,809a866319f3dca5bc549d4ed8bb36a891ba270d4aee23950cb5e85c2819fdbe
19,19,10,14,29,S019_R10_T14,both_feet_imagery,1,both_feet_imagery,1,0.019101019181755885,True,spectral_baseline_6,1/2/3/4/5/6/7/8/9/10/11/12/13/14/15/16/17/18/20,True,False,physionet/eegmmidb/1.0.0/S019/S019R10.edf,809a866319f3dca5bc549d4ed8bb36a891ba270d4aee23950cb5e85c2819fdbe
19,19,14,0,1,S019_R14_T00,both_feet_imagery,1,both_fists_imagery,0,-0.15677003536503753,False,spectral_baseline_6,1/2/3/4/5/6/7/8/9/10/11/12/13/14/15/16/17/18/20,True,False,physionet/eegmmidb/1.0.0/S019/S019R14.edf,f1c4268a5d230b83417494012193d3511dd8d4de5930a9ebbb03ad2e26a75dd2
19,19,14,1,3,S019_R14_T01,both_fists_imagery,0,both_feet_imagery,1,0.16674211290950863,False,spectral_baseline_6,1/2/3/4/5/6/7/8/9/10/11/12/13/14/15/16/17/18/20,True,False,physionet/eegmmidb/1.0.0/S019/S019R14.edf,f1c4268a5d230b83417494012193d3511dd8d4de5930a9ebbb03ad2e26a75dd2
19,19,14,2,5,S019_R14_T02,both_feet_imagery,1,both_feet_imagery,1,0.6943642828944808,True,spectral_baseline_6,1/2/3/4/5/6/7/8/9/10/11/12/13/14/15/16/17/18/20,True,False,physionet/eegmmidb/1.0.0/S019/S019R14.edf,f1c4268a5d230b83417494012193d3511dd8d4de5930a9ebbb03ad2e26a75dd2
19,19,14,3,7,S019_R14_T03,both_fists_imagery,0,both_fists_imagery,0,-0.3826277268571246,True,spectral_baseline_6,1/2/3/4/5/6/7/8/9/10/11/12/13/14/15/16/17/18/20,True,False,physionet/eegmmidb/1.0.0/S019/S019R14.edf,f1c4268a5d230b83417494012193d3511dd8d4de5930a9ebbb03ad2e26a75dd2
19,19,14,4,9,S019_R14_T04,both_feet_imagery,1,both_feet_imagery,1,0.2985498647294256,True,spectral_baseline_6,1/2/3/4/5/6/7/8/9/10/11/12/13/14/15/16/17/18/20,True,False,physionet/eegmmidb/1.0.0/S019/S019R14.edf,f1c4268a5d230b83417494012193d3511dd8d4de5930a9ebbb03ad2e26a75dd2
19,19,14,5,11,S019_R14_T05,both_fists_imagery,0,both_fists_imagery,0,-0.06562081902917985,True,spectral_baseline_6,1/2/3/4/5/6/7/8/9/10/11/12/13/14/15/16/17/18/20,True,False,physionet/eegmmidb/1.0.0/S019/S019R14.edf,f1c4268a5d230b83417494012193d3511dd8d4de5930a9ebbb03ad2e26a75dd2
19,19,14,6,13,S019_R14_T06,both_fists_imagery,0,both_feet_imagery,1,0.03868294612779999,False,spectral_baseline_6,1/2/3/4/5/6/7/8/9/10/11/12/13/14/15/16/17/18/20,True,False,physionet/eegmmidb/1.0.0/S019/S019R14.edf,f1c4268a5d230b83417494012193d3511dd8d4de5930a9ebbb03ad2e26a75dd2
19,19,14,7,15,S019_R14_T07,both_feet_imagery,1,both_feet_imagery,1,0.039382949381902344,True,spectral_baseline_6,1/2/3/4/5/6/7/8/9/10/11/12/13/14/15/16/17/18/20,True,False,physionet/eegmmidb/1.0.0/S019/S019R14.edf,f1c4268a5d230b83417494012193d3511dd8d4de5930a9ebbb03ad2e26a75dd2
19,19,14,8,17,S019_R14_T08,both_fists_imagery,0,both_feet_imagery,1,0.2533910598422118,False,spectral_baseline_6,1/2/3/4/5/6/7/8/9/10/11/12/13/14/15/16/17/18/20,True,False,physionet/eegmmidb/1.0.0/S019/S019R14.edf,f1c4268a5d230b83417494012193d3511dd8d4de5930a9ebbb03ad2e26a75dd2
19,19,14,9,19,S019_R14_T09,both_feet_imagery,1,both_fists_imagery,0,-0.6625017598362035,False,spectral_baseline_6,1/2/3/4/5/6/7/8/9/10/11/12/13/14/15/16/17/18/20,True,False,physionet/eegmmidb/1.0.0/S019/S019R14.edf,f1c4268a5d230b83417494012193d3511dd8d4de5930a9ebbb03ad2e26a75dd2
19,19,14,10,21,S019_R14_T10,both_feet_imagery,1,both_feet_imagery,1,0.04041139243606867,True,spectral_baseline_6,1/2/3/4/5/6/7/8/9/10/11/12/13/14/15/16/17/18/20,True,False,physionet/eegmmidb/1.0.0/S019/S019R14.edf,f1c4268a5d230b83417494012193d3511dd8d4de5930a9ebbb03ad2e26a75dd2
19,19,14,11,23,S019_R14_T11,both_fists_imagery,0,both_fists_imagery,0,-0.3583187777521011,True,spectral_baseline_6,1/2/3/4/5/6/7/8/9/10/11/12/13/14/15/16/17/18/20,True,False,physionet/eegmmidb/1.0.0/S019/S019R14.edf,f1c4268a5d230b83417494012193d3511dd8d4de5930a9ebbb03ad2e26a75dd2
19,19,14,12,25,S019_R14_T12,both_fists_imagery,0,both_fists_imagery,0,-0.13440647493904578,True,spectral_baseline_6,1/2/3/4/5/6/7/8/9/10/11/12/13/14/15/16/17/18/20,True,False,physionet/eegmmidb/1.0.0/S019/S019R14.edf,f1c4268a5d230b83417494012193d3511dd8d4de5930a9ebbb03ad2e26a75dd2
19,19,14,13,27,S019_R14_T13,both_feet_imagery,1,both_fists_imagery,0,-0.7156019715912407,False,spectral_baseline_6,1/2/3/4/5/6/7/8/9/10/11/12/13/14/15/16/17/18/20,True,False,physionet/eegmmidb/1.0.0/S019/S019R14.edf,f1c4268a5d230b83417494012193d3511dd8d4de5930a9ebbb03ad2e26a75dd2
19,19,14,14,29,S019_R14_T14,both_fists_imagery,0,both_fists_imagery,0,-0.09046643472031934,True,spectral_baseline_6,1/2/3/4/5/6/7/8/9/10/11/12/13/14/15/16/17/18/20,True,False,physionet/eegmmidb/1.0.0/S019/S019R14.edf,f1c4268a5d230b83417494012193d3511dd8d4de5930a9ebbb03ad2e26a75dd2
19,19,6,0,1,S019_R06_T00,both_fists_imagery,0,both_feet_imagery,1,0.16429407905241872,False,csp_4_empirical,1/2/3/4/5/6/7/8/9/10/11/12/13/14/15/16/17/18/20,True,False,physionet/eegmmidb/1.0.0/S019/S019R06.edf,1b0ad7d85228488fe95410bcb88108d41cd8bc2f9b078cf8c0641ed1e8656f42
19,19,6,1,3,S019_R06_T01,both_feet_imagery,1,both_feet_imagery,1,1.2243355381694334,True,csp_4_empirical,1/2/3/4/5/6/7/8/9/10/11/12/13/14/15/16/17/18/20,True,False,physionet/eegmmidb/1.0.0/S019/S019R06.edf,1b0ad7d85228488fe95410bcb88108d41cd8bc2f9b078cf8c0641ed1e8656f42
19,19,6,2,5,S019_R06_T02,both_feet_imagery,1,both_feet_imagery,1,1.7025024492048932,True,csp_4_empirical,1/2/3/4/5/6/7/8/9/10/11/12/13/14/15/16/17/18/20,True,False,physionet/eegmmidb/1.0.0/S019/S019R06.edf,1b0ad7d85228488fe95410bcb88108d41cd8bc2f9b078cf8c0641ed1e8656f42
19,19,6,3,7,S019_R06_T03,both_fists_imagery,0,both_feet_imagery,1,0.8179272022851748,False,csp_4_empirical,1/2/3/4/5/6/7/8/9/10/11/12/13/14/15/16/17/18/20,True,False,physionet/eegmmidb/1.0.0/S019/S019R06.edf,1b0ad7d85228488fe95410bcb88108d41cd8bc2f9b078cf8c0641ed1e8656f42
19,19,6,4,9,S019_R06_T04,both_feet_imagery,1,both_feet_imagery,1,1.4068348284751808,True,csp_4_empirical,1/2/3/4/5/6/7/8/9/10/11/12/13/14/15/16/17/18/20,True,False,physionet/eegmmidb/1.0.0/S019/S019R06.edf,1b0ad7d85228488fe95410bcb88108d41cd8bc2f9b078cf8c0641ed1e8656f42
19,19,6,5,11,S019_R06_T05,both_fists_imagery,0,both_feet_imagery,1,0.734871756924482,False,csp_4_empirical,1/2/3/4/5/6/7/8/9/10/11/12/13/14/15/16/17/18/20,True,False,physionet/eegmmidb/1.0.0/S019/S019R06.edf,1b0ad7d85228488fe95410bcb88108d41cd8bc2f9b078cf8c0641ed1e8656f42
19,19,6,6,13,S019_R06_T06,both_fists_imagery,0,both_feet_imagery,1,0.8002745875469319,False,csp_4_empirical,1/2/3/4/5/6/7/8/9/10/11/12/13/14/15/16/17/18/20,True,False,physionet/eegmmidb/1.0.0/S019/S019R06.edf,1b0ad7d85228488fe95410bcb88108d41cd8bc2f9b078cf8c0641ed1e8656f42
19,19,6,7,15,S019_R06_T07,both_feet_imagery,1,both_feet_imagery,1,0.5382371970045106,True,csp_4_empirical,1/2/3/4/5/6/7/8/9/10/11/12/13/14/15/16/17/18/20,True,False,physionet/eegmmidb/1.0.0/S019/S019R06.edf,1b0ad7d85228488fe95410bcb88108d41cd8bc2f9b078cf8c0641ed1e8656f42
19,19,6,8,17,S019_R06_T08,both_feet_imagery,1,both_feet_imagery,1,1.238765887993114,True,csp_4_empirical,1/2/3/4/5/6/7/8/9/10/11/12/13/14/15/16/17/18/20,True,False,physionet/eegmmidb/1.0.0/S019/S019R06.edf,1b0ad7d85228488fe95410bcb88108d41cd8bc2f9b078cf8c0641ed1e8656f42
19,19,6,9,19,S019_R06_T09,both_fists_imagery,0,both_feet_imagery,1,0.2969246173337985,False,csp_4_empirical,1/2/3/4/5/6/7/8/9/10/11/12/13/14/15/16/17/18/20,True,False,physionet/eegmmidb/1.0.0/S019/S019R06.edf,1b0ad7d85228488fe95410bcb88108d41cd8bc2f9b078cf8c0641ed1e8656f42
19,19,6,10,21,S019_R06_T10,both_fists_imagery,0,both_feet_imagery,1,0.602192186086034,False,csp_4_empirical,1/2/3/4/5/6/7/8/9/10/11/12/13/14/15/16/17/18/20,True,False,physionet/eegmmidb/1.0.0/S019/S019R06.edf,1b0ad7d85228488fe95410bcb88108d41cd8bc2f9b078cf8c0641ed1e8656f42
19,19,6,11,23,S019_R06_T11,both_feet_imagery,1,both_feet_imagery,1,1.4900734277706804,True,csp_4_empirical,1/2/3/4/5/6/7/8/9/10/11/12/13/14/15/16/17/18/20,True,False,physionet/eegmmidb/1.0.0/S019/S019R06.edf,1b0ad7d85228488fe95410bcb88108d41cd8bc2f9b078cf8c0641ed1e8656f42
19,19,6,12,25,S019_R06_T12,both_feet_imagery,1,both_feet_imagery,1,0.13488192535177623,True,csp_4_empirical,1/2/3/4/5/6/7/8/9/10/11/12/13/14/15/16/17/18/20,True,False,physionet/eegmmidb/1.0.0/S019/S019R06.edf,1b0ad7d85228488fe95410bcb88108d41cd8bc2f9b078cf8c0641ed1e8656f42
19,19,6,13,27,S019_R06_T13,both_fists_imagery,0,both_feet_imagery,1,1.1365079700293876,False,csp_4_empirical,1/2/3/4/5/6/7/8/9/10/11/12/13/14/15/16/17/18/20,True,False,physionet/eegmmidb/1.0.0/S019/S019R06.edf,1b0ad7d85228488fe95410bcb88108d41cd8bc2f9b078cf8c0641ed1e8656f42
19,19,6,14,29,S019_R06_T14,both_feet_imagery,1,both_feet_imagery,1,1.5253789888882885,True,csp_4_empirical,1/2/3/4/5/6/7/8/9/10/11/12/13/14/15/16/17/18/20,True,False,physionet/eegmmidb/1.0.0/S019/S019R06.edf,1b0ad7d85228488fe95410bcb88108d41cd8bc2f9b078cf8c0641ed1e8656f42
19,19,10,0,1,S019_R10_T00,both_fists_imagery,0,both_fists_imagery,0,-0.20853296003247823,True,csp_4_empirical,1/2/3/4/5/6/7/8/9/10/11/12/13/14/15/16/17/18/20,True,False,physionet/eegmmidb/1.0.0/S019/S019R10.edf,809a866319f3dca5bc549d4ed8bb36a891ba270d4aee23950cb5e85c2819fdbe
19,19,10,1,3,S019_R10_T01,both_feet_imagery,1,both_feet_imagery,1,1.4047777447067695,True,csp_4_empirical,1/2/3/4/5/6/7/8/9/10/11/12/13/14/15/16/17/18/20,True,False,physionet/eegmmidb/1.0.0/S019/S019R10.edf,809a866319f3dca5bc549d4ed8bb36a891ba270d4aee23950cb5e85c2819fdbe
19,19,10,2,5,S019_R10_T02,both_fists_imagery,0,both_feet_imagery,1,0.9357100990904829,False,csp_4_empirical,1/2/3/4/5/6/7/8/9/10/11/12/13/14/15/16/17/18/20,True,False,physionet/eegmmidb/1.0.0/S019/S019R10.edf,809a866319f3dca5bc549d4ed8bb36a891ba270d4aee23950cb5e85c2819fdbe
19,19,10,3,7,S019_R10_T03,both_feet_imagery,1,both_feet_imagery,1,1.0077588646682107,True,csp_4_empirical,1/2/3/4/5/6/7/8/9/10/11/12/13/14/15/16/17/18/20,True,False,physionet/eegmmidb/1.0.0/S019/S019R10.edf,809a866319f3dca5bc549d4ed8bb36a891ba270d4aee23950cb5e85c2819fdbe
19,19,10,4,9,S019_R10_T04,both_fists_imagery,0,both_feet_imagery,1,1.0500808616239738,False,csp_4_empirical,1/2/3/4/5/6/7/8/9/10/11/12/13/14/15/16/17/18/20,True,False,physionet/eegmmidb/1.0.0/S019/S019R10.edf,809a866319f3dca5bc549d4ed8bb36a891ba270d4aee23950cb5e85c2819fdbe
19,19,10,5,11,S019_R10_T05,both_feet_imagery,1,both_feet_imagery,1,0.279310265062489,True,csp_4_empirical,1/2/3/4/5/6/7/8/9/10/11/12/13/14/15/16/17/18/20,True,False,physionet/eegmmidb/1.0.0/S019/S019R10.edf,809a866319f3dca5bc549d4ed8bb36a891ba270d4aee23950cb5e85c2819fdbe
19,19,10,6,13,S019_R10_T06,both_fists_imagery,0,both_feet_imagery,1,0.39544988489620403,False,csp_4_empirical,1/2/3/4/5/6/7/8/9/10/11/12/13/14/15/16/17/18/20,True,False,physionet/eegmmidb/1.0.0/S019/S019R10.edf,809a866319f3dca5bc549d4ed8bb36a891ba270d4aee23950cb5e85c2819fdbe
19,19,10,7,15,S019_R10_T07,both_feet_imagery,1,both_feet_imagery,1,0.4420423759431439,True,csp_4_empirical,1/2/3/4/5/6/7/8/9/10/11/12/13/14/15/16/17/18/20,True,False,physionet/eegmmidb/1.0.0/S019/S019R10.edf,809a866319f3dca5bc549d4ed8bb36a891ba270d4aee23950cb5e85c2819fdbe
19,19,10,8,17,S019_R10_T08,both_feet_imagery,1,both_feet_imagery,1,1.2503714108481851,True,csp_4_empirical,1/2/3/4/5/6/7/8/9/10/11/12/13/14/15/16/17/18/20,True,False,physionet/eegmmidb/1.0.0/S019/S019R10.edf,809a866319f3dca5bc549d4ed8bb36a891ba270d4aee23950cb5e85c2819fdbe
19,19,10,9,19,S019_R10_T09,both_fists_imagery,0,both_feet_imagery,1,0.8221909032573491,False,csp_4_empirical,1/2/3/4/5/6/7/8/9/10/11/12/13/14/15/16/17/18/20,True,False,physionet/eegmmidb/1.0.0/S019/S019R10.edf,809a866319f3dca5bc549d4ed8bb36a891ba270d4aee23950cb5e85c2819fdbe
19,19,10,10,21,S019_R10_T10,both_fists_imagery,0,both_feet_imagery,1,0.6915264000036321,False,csp_4_empirical,1/2/3/4/5/6/7/8/9/10/11/12/13/14/15/16/17/18/20,True,False,physionet/eegmmidb/1.0.0/S019/S019R10.edf,809a866319f3dca5bc549d4ed8bb36a891ba270d4aee23950cb5e85c2819fdbe
19,19,10,11,23,S019_R10_T11,both_feet_imagery,1,both_feet_imagery,1,0.45624498794405816,True,csp_4_empirical,1/2/3/4/5/6/7/8/9/10/11/12/13/14/15/16/17/18/20,True,False,physionet/eegmmidb/1.0.0/S019/S019R10.edf,809a866319f3dca5bc549d4ed8bb36a891ba270d4aee23950cb5e85c2819fdbe
19,19,10,12,25,S019_R10_T12,both_fists_imagery,0,both_feet_imagery,1,0.730374514214954,False,csp_4_empirical,1/2/3/4/5/6/7/8/9/10/11/12/13/14/15/16/17/18/20,True,False,physionet/eegmmidb/1.0.0/S019/S019R10.edf,809a866319f3dca5bc549d4ed8bb36a891ba270d4aee23950cb5e85c2819fdbe
19,19,10,13,27,S019_R10_T13,both_feet_imagery,1,both_fists_imagery,0,-0.08377706002825436,False,csp_4_empirical,1/2/3/4/5/6/7/8/9/10/11/12/13/14/15/16/17/18/20,True,False,physionet/eegmmidb/1.0.0/S019/S019R10.edf,809a866319f3dca5bc549d4ed8bb36a891ba270d4aee23950cb5e85c2819fdbe
19,19,10,14,29,S019_R10_T14,both_feet_imagery,1,both_feet_imagery,1,0.29312847709275985,True,csp_4_empirical,1/2/3/4/5/6/7/8/9/10/11/12/13/14/15/16/17/18/20,True,False,physionet/eegmmidb/1.0.0/S019/S019R10.edf,809a866319f3dca5bc549d4ed8bb36a891ba270d4aee23950cb5e85c2819fdbe
19,19,14,0,1,S019_R14_T00,both_feet_imagery,1,both_feet_imagery,1,0.4148320352139059,True,csp_4_empirical,1/2/3/4/5/6/7/8/9/10/11/12/13/14/15/16/17/18/20,True,False,physionet/eegmmidb/1.0.0/S019/S019R14.edf,f1c4268a5d230b83417494012193d3511dd8d4de5930a9ebbb03ad2e26a75dd2
19,19,14,1,3,S019_R14_T01,both_fists_imagery,0,both_feet_imagery,1,0.8812820666985085,False,csp_4_empirical,1/2/3/4/5/6/7/8/9/10/11/12/13/14/15/16/17/18/20,True,False,physionet/eegmmidb/1.0.0/S019/S019R14.edf,f1c4268a5d230b83417494012193d3511dd8d4de5930a9ebbb03ad2e26a75dd2
19,19,14,2,5,S019_R14_T02,both_feet_imagery,1,both_feet_imagery,1,1.656697508925783,True,csp_4_empirical,1/2/3/4/5/6/7/8/9/10/11/12/13/14/15/16/17/18/20,True,False,physionet/eegmmidb/1.0.0/S019/S019R14.edf,f1c4268a5d230b83417494012193d3511dd8d4de5930a9ebbb03ad2e26a75dd2
19,19,14,3,7,S019_R14_T03,both_fists_imagery,0,both_fists_imagery,0,-0.08178640794295478,True,csp_4_empirical,1/2/3/4/5/6/7/8/9/10/11/12/13/14/15/16/17/18/20,True,False,physionet/eegmmidb/1.0.0/S019/S019R14.edf,f1c4268a5d230b83417494012193d3511dd8d4de5930a9ebbb03ad2e26a75dd2
19,19,14,4,9,S019_R14_T04,both_feet_imagery,1,both_feet_imagery,1,1.2395693666067549,True,csp_4_empirical,1/2/3/4/5/6/7/8/9/10/11/12/13/14/15/16/17/18/20,True,False,physionet/eegmmidb/1.0.0/S019/S019R14.edf,f1c4268a5d230b83417494012193d3511dd8d4de5930a9ebbb03ad2e26a75dd2
19,19,14,5,11,S019_R14_T05,both_fists_imagery,0,both_feet_imagery,1,0.23004565214818373,False,csp_4_empirical,1/2/3/4/5/6/7/8/9/10/11/12/13/14/15/16/17/18/20,True,False,physionet/eegmmidb/1.0.0/S019/S019R14.edf,f1c4268a5d230b83417494012193d3511dd8d4de5930a9ebbb03ad2e26a75dd2
19,19,14,6,13,S019_R14_T06,both_fists_imagery,0,both_feet_imagery,1,0.9460857408200076,False,csp_4_empirical,1/2/3/4/5/6/7/8/9/10/11/12/13/14/15/16/17/18/20,True,False,physionet/eegmmidb/1.0.0/S019/S019R14.edf,f1c4268a5d230b83417494012193d3511dd8d4de5930a9ebbb03ad2e26a75dd2
19,19,14,7,15,S019_R14_T07,both_feet_imagery,1,both_feet_imagery,1,0.8343833224752006,True,csp_4_empirical,1/2/3/4/5/6/7/8/9/10/11/12/13/14/15/16/17/18/20,True,False,physionet/eegmmidb/1.0.0/S019/S019R14.edf,f1c4268a5d230b83417494012193d3511dd8d4de5930a9ebbb03ad2e26a75dd2
19,19,14,8,17,S019_R14_T08,both_fists_imagery,0,both_feet_imagery,1,0.9201744980658373,False,csp_4_empirical,1/2/3/4/5/6/7/8/9/10/11/12/13/14/15/16/17/18/20,True,False,physionet/eegmmidb/1.0.0/S019/S019R14.edf,f1c4268a5d230b83417494012193d3511dd8d4de5930a9ebbb03ad2e26a75dd2
19,19,14,9,19,S019_R14_T09,both_feet_imagery,1,both_feet_imagery,1,0.7704338931122338,True,csp_4_empirical,1/2/3/4/5/6/7/8/9/10/11/12/13/14/15/16/17/18/20,True,False,physionet/eegmmidb/1.0.0/S019/S019R14.edf,f1c4268a5d230b83417494012193d3511dd8d4de5930a9ebbb03ad2e26a75dd2
19,19,14,10,21,S019_R14_T10,both_feet_imagery,1,both_feet_imagery,1,0.9180648167222303,True,csp_4_empirical,1/2/3/4/5/6/7/8/9/10/11/12/13/14/15/16/17/18/20,True,False,physionet/eegmmidb/1.0.0/S019/S019R14.edf,f1c4268a5d230b83417494012193d3511dd8d4de5930a9ebbb03ad2e26a75dd2
19,19,14,11,23,S019_R14_T11,both_fists_imagery,0,both_feet_imagery,1,0.7925326526226096,False,csp_4_empirical,1/2/3/4/5/6/7/8/9/10/11/12/13/14/15/16/17/18/20,True,False,physionet/eegmmidb/1.0.0/S019/S019R14.edf,f1c4268a5d230b83417494012193d3511dd8d4de5930a9ebbb03ad2e26a75dd2
19,19,14,12,25,S019_R14_T12,both_fists_imagery,0,both_feet_imagery,1,0.3966440143569816,False,csp_4_empirical,1/2/3/4/5/6/7/8/9/10/11/12/13/14/15/16/17/18/20,True,False,physionet/eegmmidb/1.0.0/S019/S019R14.edf,f1c4268a5d230b83417494012193d3511dd8d4de5930a9ebbb03ad2e26a75dd2
19,19,14,13,27,S019_R14_T13,both_feet_imagery,1,both_feet_imagery,1,1.1282767824470652,True,csp_4_empirical,1/2/3/4/5/6/7/8/9/10/11/12/13/14/15/16/17/18/20,True,False,physionet/eegmmidb/1.0.0/S019/S019R14.edf,f1c4268a5d230b83417494012193d3511dd8d4de5930a9ebbb03ad2e26a75dd2
19,19,14,14,29,S019_R14_T14,both_fists_imagery,0,both_feet_imagery,1,0.4953717533728712,False,csp_4_empirical,1/2/3/4/5/6/7/8/9/10/11/12/13/14/15/16/17/18/20,True,False,physionet/eegmmidb/1.0.0/S019/S019R14.edf,f1c4268a5d230b83417494012193d3511dd8d4de5930a9ebbb03ad2e26a75dd2
20,20,6,0,1,S020_R06_T00,both_fists_imagery,0,both_fists_imagery,0,-0.3355297685436551,True,spectral_baseline_6,1/2/3/4/5/6/7/8/9/10/11/12/13/14/15/16/17/18/19,True,False,physionet/eegmmidb/1.0.0/S020/S020R06.edf,6e127745b2b1031bb274f72063b954a79b584163e17c964aa8e859c878498145
20,20,6,1,3,S020_R06_T01,both_feet_imagery,1,both_feet_imagery,1,0.22854969451717577,True,spectral_baseline_6,1/2/3/4/5/6/7/8/9/10/11/12/13/14/15/16/17/18/19,True,False,physionet/eegmmidb/1.0.0/S020/S020R06.edf,6e127745b2b1031bb274f72063b954a79b584163e17c964aa8e859c878498145
20,20,6,2,5,S020_R06_T02,both_feet_imagery,1,both_fists_imagery,0,-0.3936676907713895,False,spectral_baseline_6,1/2/3/4/5/6/7/8/9/10/11/12/13/14/15/16/17/18/19,True,False,physionet/eegmmidb/1.0.0/S020/S020R06.edf,6e127745b2b1031bb274f72063b954a79b584163e17c964aa8e859c878498145
20,20,6,3,7,S020_R06_T03,both_fists_imagery,0,both_fists_imagery,0,-0.3514644491671274,True,spectral_baseline_6,1/2/3/4/5/6/7/8/9/10/11/12/13/14/15/16/17/18/19,True,False,physionet/eegmmidb/1.0.0/S020/S020R06.edf,6e127745b2b1031bb274f72063b954a79b584163e17c964aa8e859c878498145
20,20,6,4,9,S020_R06_T04,both_fists_imagery,0,both_feet_imagery,1,0.22145781140743148,False,spectral_baseline_6,1/2/3/4/5/6/7/8/9/10/11/12/13/14/15/16/17/18/19,True,False,physionet/eegmmidb/1.0.0/S020/S020R06.edf,6e127745b2b1031bb274f72063b954a79b584163e17c964aa8e859c878498145
20,20,6,5,11,S020_R06_T05,both_feet_imagery,1,both_feet_imagery,1,0.02828244655085732,True,spectral_baseline_6,1/2/3/4/5/6/7/8/9/10/11/12/13/14/15/16/17/18/19,True,False,physionet/eegmmidb/1.0.0/S020/S020R06.edf,6e127745b2b1031bb274f72063b954a79b584163e17c964aa8e859c878498145
20,20,6,6,13,S020_R06_T06,both_feet_imagery,1,both_feet_imagery,1,0.1829927088513592,True,spectral_baseline_6,1/2/3/4/5/6/7/8/9/10/11/12/13/14/15/16/17/18/19,True,False,physionet/eegmmidb/1.0.0/S020/S020R06.edf,6e127745b2b1031bb274f72063b954a79b584163e17c964aa8e859c878498145
20,20,6,7,15,S020_R06_T07,both_fists_imagery,0,both_fists_imagery,0,-0.12162684529502588,True,spectral_baseline_6,1/2/3/4/5/6/7/8/9/10/11/12/13/14/15/16/17/18/19,True,False,physionet/eegmmidb/1.0.0/S020/S020R06.edf,6e127745b2b1031bb274f72063b954a79b584163e17c964aa8e859c878498145
20,20,6,8,17,S020_R06_T08,both_feet_imagery,1,both_feet_imagery,1,0.20327748926807887,True,spectral_baseline_6,1/2/3/4/5/6/7/8/9/10/11/12/13/14/15/16/17/18/19,True,False,physionet/eegmmidb/1.0.0/S020/S020R06.edf,6e127745b2b1031bb274f72063b954a79b584163e17c964aa8e859c878498145
20,20,6,9,19,S020_R06_T09,both_fists_imagery,0,both_fists_imagery,0,-0.16732661400438942,True,spectral_baseline_6,1/2/3/4/5/6/7/8/9/10/11/12/13/14/15/16/17/18/19,True,False,physionet/eegmmidb/1.0.0/S020/S020R06.edf,6e127745b2b1031bb274f72063b954a79b584163e17c964aa8e859c878498145
20,20,6,10,21,S020_R06_T10,both_fists_imagery,0,both_fists_imagery,0,-0.24309481839394043,True,spectral_baseline_6,1/2/3/4/5/6/7/8/9/10/11/12/13/14/15/16/17/18/19,True,False,physionet/eegmmidb/1.0.0/S020/S020R06.edf,6e127745b2b1031bb274f72063b954a79b584163e17c964aa8e859c878498145
20,20,6,11,23,S020_R06_T11,both_feet_imagery,1,both_feet_imagery,1,0.6799139533744278,True,spectral_baseline_6,1/2/3/4/5/6/7/8/9/10/11/12/13/14/15/16/17/18/19,True,False,physionet/eegmmidb/1.0.0/S020/S020R06.edf,6e127745b2b1031bb274f72063b954a79b584163e17c964aa8e859c878498145
20,20,6,12,25,S020_R06_T12,both_fists_imagery,0,both_fists_imagery,0,-0.2614560774557997,True,spectral_baseline_6,1/2/3/4/5/6/7/8/9/10/11/12/13/14/15/16/17/18/19,True,False,physionet/eegmmidb/1.0.0/S020/S020R06.edf,6e127745b2b1031bb274f72063b954a79b584163e17c964aa8e859c878498145
20,20,6,13,27,S020_R06_T13,both_feet_imagery,1,both_fists_imagery,0,-0.15596424906213957,False,spectral_baseline_6,1/2/3/4/5/6/7/8/9/10/11/12/13/14/15/16/17/18/19,True,False,physionet/eegmmidb/1.0.0/S020/S020R06.edf,6e127745b2b1031bb274f72063b954a79b584163e17c964aa8e859c878498145
20,20,6,14,29,S020_R06_T14,both_fists_imagery,0,both_fists_imagery,0,-0.10698651543240512,True,spectral_baseline_6,1/2/3/4/5/6/7/8/9/10/11/12/13/14/15/16/17/18/19,True,False,physionet/eegmmidb/1.0.0/S020/S020R06.edf,6e127745b2b1031bb274f72063b954a79b584163e17c964aa8e859c878498145
20,20,10,0,1,S020_R10_T00,both_fists_imagery,0,both_feet_imagery,1,0.039440370396344626,False,spectral_baseline_6,1/2/3/4/5/6/7/8/9/10/11/12/13/14/15/16/17/18/19,True,False,physionet/eegmmidb/1.0.0/S020/S020R10.edf,aef44481a6fe1a8e732450ef594b3167bca2fbd01bb23a29d7ec79a670f0a658
20,20,10,1,3,S020_R10_T01,both_feet_imagery,1,both_feet_imagery,1,0.8312210508802064,True,spectral_baseline_6,1/2/3/4/5/6/7/8/9/10/11/12/13/14/15/16/17/18/19,True,False,physionet/eegmmidb/1.0.0/S020/S020R10.edf,aef44481a6fe1a8e732450ef594b3167bca2fbd01bb23a29d7ec79a670f0a658
20,20,10,2,5,S020_R10_T02,both_feet_imagery,1,both_fists_imagery,0,-0.010954528486938342,False,spectral_baseline_6,1/2/3/4/5/6/7/8/9/10/11/12/13/14/15/16/17/18/19,True,False,physionet/eegmmidb/1.0.0/S020/S020R10.edf,aef44481a6fe1a8e732450ef594b3167bca2fbd01bb23a29d7ec79a670f0a658
20,20,10,3,7,S020_R10_T03,both_fists_imagery,0,both_fists_imagery,0,-0.8801112742171625,True,spectral_baseline_6,1/2/3/4/5/6/7/8/9/10/11/12/13/14/15/16/17/18/19,True,False,physionet/eegmmidb/1.0.0/S020/S020R10.edf,aef44481a6fe1a8e732450ef594b3167bca2fbd01bb23a29d7ec79a670f0a658
20,20,10,4,9,S020_R10_T04,both_feet_imagery,1,both_feet_imagery,1,0.1881850673013601,True,spectral_baseline_6,1/2/3/4/5/6/7/8/9/10/11/12/13/14/15/16/17/18/19,True,False,physionet/eegmmidb/1.0.0/S020/S020R10.edf,aef44481a6fe1a8e732450ef594b3167bca2fbd01bb23a29d7ec79a670f0a658
20,20,10,5,11,S020_R10_T05,both_fists_imagery,0,both_fists_imagery,0,-0.285232704176535,True,spectral_baseline_6,1/2/3/4/5/6/7/8/9/10/11/12/13/14/15/16/17/18/19,True,False,physionet/eegmmidb/1.0.0/S020/S020R10.edf,aef44481a6fe1a8e732450ef594b3167bca2fbd01bb23a29d7ec79a670f0a658
20,20,10,6,13,S020_R10_T06,both_fists_imagery,0,both_fists_imagery,0,-0.2460485567153078,True,spectral_baseline_6,1/2/3/4/5/6/7/8/9/10/11/12/13/14/15/16/17/18/19,True,False,physionet/eegmmidb/1.0.0/S020/S020R10.edf,aef44481a6fe1a8e732450ef594b3167bca2fbd01bb23a29d7ec79a670f0a658
20,20,10,7,15,S020_R10_T07,both_feet_imagery,1,both_feet_imagery,1,0.09097841627019587,True,spectral_baseline_6,1/2/3/4/5/6/7/8/9/10/11/12/13/14/15/16/17/18/19,True,False,physionet/eegmmidb/1.0.0/S020/S020R10.edf,aef44481a6fe1a8e732450ef594b3167bca2fbd01bb23a29d7ec79a670f0a658
20,20,10,8,17,S020_R10_T08,both_fists_imagery,0,both_fists_imagery,0,-0.4296013309320442,True,spectral_baseline_6,1/2/3/4/5/6/7/8/9/10/11/12/13/14/15/16/17/18/19,True,False,physionet/eegmmidb/1.0.0/S020/S020R10.edf,aef44481a6fe1a8e732450ef594b3167bca2fbd01bb23a29d7ec79a670f0a658
20,20,10,9,19,S020_R10_T09,both_feet_imagery,1,both_fists_imagery,0,-0.41050890723218547,False,spectral_baseline_6,1/2/3/4/5/6/7/8/9/10/11/12/13/14/15/16/17/18/19,True,False,physionet/eegmmidb/1.0.0/S020/S020R10.edf,aef44481a6fe1a8e732450ef594b3167bca2fbd01bb23a29d7ec79a670f0a658
20,20,10,10,21,S020_R10_T10,both_feet_imagery,1,both_feet_imagery,1,0.035837900257518984,True,spectral_baseline_6,1/2/3/4/5/6/7/8/9/10/11/12/13/14/15/16/17/18/19,True,False,physionet/eegmmidb/1.0.0/S020/S020R10.edf,aef44481a6fe1a8e732450ef594b3167bca2fbd01bb23a29d7ec79a670f0a658
20,20,10,11,23,S020_R10_T11,both_fists_imagery,0,both_fists_imagery,0,-0.1675942691909229,True,spectral_baseline_6,1/2/3/4/5/6/7/8/9/10/11/12/13/14/15/16/17/18/19,True,False,physionet/eegmmidb/1.0.0/S020/S020R10.edf,aef44481a6fe1a8e732450ef594b3167bca2fbd01bb23a29d7ec79a670f0a658
20,20,10,12,25,S020_R10_T12,both_feet_imagery,1,both_fists_imagery,0,-0.2683993453101533,False,spectral_baseline_6,1/2/3/4/5/6/7/8/9/10/11/12/13/14/15/16/17/18/19,True,False,physionet/eegmmidb/1.0.0/S020/S020R10.edf,aef44481a6fe1a8e732450ef594b3167bca2fbd01bb23a29d7ec79a670f0a658
20,20,10,13,27,S020_R10_T13,both_fists_imagery,0,both_feet_imagery,1,0.07448935800420842,False,spectral_baseline_6,1/2/3/4/5/6/7/8/9/10/11/12/13/14/15/16/17/18/19,True,False,physionet/eegmmidb/1.0.0/S020/S020R10.edf,aef44481a6fe1a8e732450ef594b3167bca2fbd01bb23a29d7ec79a670f0a658
20,20,10,14,29,S020_R10_T14,both_feet_imagery,1,both_fists_imagery,0,-0.8712612958831139,False,spectral_baseline_6,1/2/3/4/5/6/7/8/9/10/11/12/13/14/15/16/17/18/19,True,False,physionet/eegmmidb/1.0.0/S020/S020R10.edf,aef44481a6fe1a8e732450ef594b3167bca2fbd01bb23a29d7ec79a670f0a658
20,20,14,0,1,S020_R14_T00,both_feet_imagery,1,both_fists_imagery,0,-0.02738987629477696,False,spectral_baseline_6,1/2/3/4/5/6/7/8/9/10/11/12/13/14/15/16/17/18/19,True,False,physionet/eegmmidb/1.0.0/S020/S020R14.edf,1d9a26f8c38886fa4d700deb86100e56df958b2507875f45adbac7c98de15ed8
20,20,14,1,3,S020_R14_T01,both_fists_imagery,0,both_fists_imagery,0,-0.0042350721983572814,True,spectral_baseline_6,1/2/3/4/5/6/7/8/9/10/11/12/13/14/15/16/17/18/19,True,False,physionet/eegmmidb/1.0.0/S020/S020R14.edf,1d9a26f8c38886fa4d700deb86100e56df958b2507875f45adbac7c98de15ed8
20,20,14,2,5,S020_R14_T02,both_fists_imagery,0,both_fists_imagery,0,-0.18790533026408918,True,spectral_baseline_6,1/2/3/4/5/6/7/8/9/10/11/12/13/14/15/16/17/18/19,True,False,physionet/eegmmidb/1.0.0/S020/S020R14.edf,1d9a26f8c38886fa4d700deb86100e56df958b2507875f45adbac7c98de15ed8
20,20,14,3,7,S020_R14_T03,both_feet_imagery,1,both_feet_imagery,1,0.37050916473701767,True,spectral_baseline_6,1/2/3/4/5/6/7/8/9/10/11/12/13/14/15/16/17/18/19,True,False,physionet/eegmmidb/1.0.0/S020/S020R14.edf,1d9a26f8c38886fa4d700deb86100e56df958b2507875f45adbac7c98de15ed8
20,20,14,4,9,S020_R14_T04,both_fists_imagery,0,both_fists_imagery,0,-0.13157058973675906,True,spectral_baseline_6,1/2/3/4/5/6/7/8/9/10/11/12/13/14/15/16/17/18/19,True,False,physionet/eegmmidb/1.0.0/S020/S020R14.edf,1d9a26f8c38886fa4d700deb86100e56df958b2507875f45adbac7c98de15ed8
20,20,14,5,11,S020_R14_T05,both_feet_imagery,1,both_feet_imagery,1,0.2437089271505628,True,spectral_baseline_6,1/2/3/4/5/6/7/8/9/10/11/12/13/14/15/16/17/18/19,True,False,physionet/eegmmidb/1.0.0/S020/S020R14.edf,1d9a26f8c38886fa4d700deb86100e56df958b2507875f45adbac7c98de15ed8
20,20,14,6,13,S020_R14_T06,both_fists_imagery,0,both_feet_imagery,1,0.10325692681974896,False,spectral_baseline_6,1/2/3/4/5/6/7/8/9/10/11/12/13/14/15/16/17/18/19,True,False,physionet/eegmmidb/1.0.0/S020/S020R14.edf,1d9a26f8c38886fa4d700deb86100e56df958b2507875f45adbac7c98de15ed8
20,20,14,7,15,S020_R14_T07,both_feet_imagery,1,both_fists_imagery,0,-0.013316118189013237,False,spectral_baseline_6,1/2/3/4/5/6/7/8/9/10/11/12/13/14/15/16/17/18/19,True,False,physionet/eegmmidb/1.0.0/S020/S020R14.edf,1d9a26f8c38886fa4d700deb86100e56df958b2507875f45adbac7c98de15ed8
20,20,14,8,17,S020_R14_T08,both_feet_imagery,1,both_fists_imagery,0,-0.22471711822273122,False,spectral_baseline_6,1/2/3/4/5/6/7/8/9/10/11/12/13/14/15/16/17/18/19,True,False,physionet/eegmmidb/1.0.0/S020/S020R14.edf,1d9a26f8c38886fa4d700deb86100e56df958b2507875f45adbac7c98de15ed8
20,20,14,9,19,S020_R14_T09,both_fists_imagery,0,both_feet_imagery,1,0.615671348778685,False,spectral_baseline_6,1/2/3/4/5/6/7/8/9/10/11/12/13/14/15/16/17/18/19,True,False,physionet/eegmmidb/1.0.0/S020/S020R14.edf,1d9a26f8c38886fa4d700deb86100e56df958b2507875f45adbac7c98de15ed8
20,20,14,10,21,S020_R14_T10,both_feet_imagery,1,both_feet_imagery,1,0.37563924028578244,True,spectral_baseline_6,1/2/3/4/5/6/7/8/9/10/11/12/13/14/15/16/17/18/19,True,False,physionet/eegmmidb/1.0.0/S020/S020R14.edf,1d9a26f8c38886fa4d700deb86100e56df958b2507875f45adbac7c98de15ed8
20,20,14,11,23,S020_R14_T11,both_fists_imagery,0,both_feet_imagery,1,0.26707017986813564,False,spectral_baseline_6,1/2/3/4/5/6/7/8/9/10/11/12/13/14/15/16/17/18/19,True,False,physionet/eegmmidb/1.0.0/S020/S020R14.edf,1d9a26f8c38886fa4d700deb86100e56df958b2507875f45adbac7c98de15ed8
20,20,14,12,25,S020_R14_T12,both_fists_imagery,0,both_fists_imagery,0,-0.2931588591194274,True,spectral_baseline_6,1/2/3/4/5/6/7/8/9/10/11/12/13/14/15/16/17/18/19,True,False,physionet/eegmmidb/1.0.0/S020/S020R14.edf,1d9a26f8c38886fa4d700deb86100e56df958b2507875f45adbac7c98de15ed8
20,20,14,13,27,S020_R14_T13,both_feet_imagery,1,both_feet_imagery,1,0.04870570785342743,True,spectral_baseline_6,1/2/3/4/5/6/7/8/9/10/11/12/13/14/15/16/17/18/19,True,False,physionet/eegmmidb/1.0.0/S020/S020R14.edf,1d9a26f8c38886fa4d700deb86100e56df958b2507875f45adbac7c98de15ed8
20,20,14,14,29,S020_R14_T14,both_fists_imagery,0,both_fists_imagery,0,-0.29335947211135627,True,spectral_baseline_6,1/2/3/4/5/6/7/8/9/10/11/12/13/14/15/16/17/18/19,True,False,physionet/eegmmidb/1.0.0/S020/S020R14.edf,1d9a26f8c38886fa4d700deb86100e56df958b2507875f45adbac7c98de15ed8
20,20,6,0,1,S020_R06_T00,both_fists_imagery,0,both_feet_imagery,1,0.49853151242018423,False,csp_4_empirical,1/2/3/4/5/6/7/8/9/10/11/12/13/14/15/16/17/18/19,True,False,physionet/eegmmidb/1.0.0/S020/S020R06.edf,6e127745b2b1031bb274f72063b954a79b584163e17c964aa8e859c878498145
20,20,6,1,3,S020_R06_T01,both_feet_imagery,1,both_feet_imagery,1,0.029077910918988592,True,csp_4_empirical,1/2/3/4/5/6/7/8/9/10/11/12/13/14/15/16/17/18/19,True,False,physionet/eegmmidb/1.0.0/S020/S020R06.edf,6e127745b2b1031bb274f72063b954a79b584163e17c964aa8e859c878498145
20,20,6,2,5,S020_R06_T02,both_feet_imagery,1,both_feet_imagery,1,0.2757586731400633,True,csp_4_empirical,1/2/3/4/5/6/7/8/9/10/11/12/13/14/15/16/17/18/19,True,False,physionet/eegmmidb/1.0.0/S020/S020R06.edf,6e127745b2b1031bb274f72063b954a79b584163e17c964aa8e859c878498145
20,20,6,3,7,S020_R06_T03,both_fists_imagery,0,both_feet_imagery,1,0.6895217968847637,False,csp_4_empirical,1/2/3/4/5/6/7/8/9/10/11/12/13/14/15/16/17/18/19,True,False,physionet/eegmmidb/1.0.0/S020/S020R06.edf,6e127745b2b1031bb274f72063b954a79b584163e17c964aa8e859c878498145
20,20,6,4,9,S020_R06_T04,both_fists_imagery,0,both_fists_imagery,0,-0.05407435198175159,True,csp_4_empirical,1/2/3/4/5/6/7/8/9/10/11/12/13/14/15/16/17/18/19,True,False,physionet/eegmmidb/1.0.0/S020/S020R06.edf,6e127745b2b1031bb274f72063b954a79b584163e17c964aa8e859c878498145
20,20,6,5,11,S020_R06_T05,both_feet_imagery,1,both_fists_imagery,0,-0.08114860056989259,False,csp_4_empirical,1/2/3/4/5/6/7/8/9/10/11/12/13/14/15/16/17/18/19,True,False,physionet/eegmmidb/1.0.0/S020/S020R06.edf,6e127745b2b1031bb274f72063b954a79b584163e17c964aa8e859c878498145
20,20,6,6,13,S020_R06_T06,both_feet_imagery,1,both_feet_imagery,1,0.3935313345164847,True,csp_4_empirical,1/2/3/4/5/6/7/8/9/10/11/12/13/14/15/16/17/18/19,True,False,physionet/eegmmidb/1.0.0/S020/S020R06.edf,6e127745b2b1031bb274f72063b954a79b584163e17c964aa8e859c878498145
20,20,6,7,15,S020_R06_T07,both_fists_imagery,0,both_fists_imagery,0,-0.008518059125452893,True,csp_4_empirical,1/2/3/4/5/6/7/8/9/10/11/12/13/14/15/16/17/18/19,True,False,physionet/eegmmidb/1.0.0/S020/S020R06.edf,6e127745b2b1031bb274f72063b954a79b584163e17c964aa8e859c878498145
20,20,6,8,17,S020_R06_T08,both_feet_imagery,1,both_fists_imagery,0,-0.1979715102179752,False,csp_4_empirical,1/2/3/4/5/6/7/8/9/10/11/12/13/14/15/16/17/18/19,True,False,physionet/eegmmidb/1.0.0/S020/S020R06.edf,6e127745b2b1031bb274f72063b954a79b584163e17c964aa8e859c878498145
20,20,6,9,19,S020_R06_T09,both_fists_imagery,0,both_feet_imagery,1,0.022966097016323572,False,csp_4_empirical,1/2/3/4/5/6/7/8/9/10/11/12/13/14/15/16/17/18/19,True,False,physionet/eegmmidb/1.0.0/S020/S020R06.edf,6e127745b2b1031bb274f72063b954a79b584163e17c964aa8e859c878498145
20,20,6,10,21,S020_R06_T10,both_fists_imagery,0,both_fists_imagery,0,-0.5043775582966034,True,csp_4_empirical,1/2/3/4/5/6/7/8/9/10/11/12/13/14/15/16/17/18/19,True,False,physionet/eegmmidb/1.0.0/S020/S020R06.edf,6e127745b2b1031bb274f72063b954a79b584163e17c964aa8e859c878498145
20,20,6,11,23,S020_R06_T11,both_feet_imagery,1,both_feet_imagery,1,0.3735185055127962,True,csp_4_empirical,1/2/3/4/5/6/7/8/9/10/11/12/13/14/15/16/17/18/19,True,False,physionet/eegmmidb/1.0.0/S020/S020R06.edf,6e127745b2b1031bb274f72063b954a79b584163e17c964aa8e859c878498145
20,20,6,12,25,S020_R06_T12,both_fists_imagery,0,both_feet_imagery,1,0.09271594411764894,False,csp_4_empirical,1/2/3/4/5/6/7/8/9/10/11/12/13/14/15/16/17/18/19,True,False,physionet/eegmmidb/1.0.0/S020/S020R06.edf,6e127745b2b1031bb274f72063b954a79b584163e17c964aa8e859c878498145
20,20,6,13,27,S020_R06_T13,both_feet_imagery,1,both_feet_imagery,1,0.35714371517638177,True,csp_4_empirical,1/2/3/4/5/6/7/8/9/10/11/12/13/14/15/16/17/18/19,True,False,physionet/eegmmidb/1.0.0/S020/S020R06.edf,6e127745b2b1031bb274f72063b954a79b584163e17c964aa8e859c878498145
20,20,6,14,29,S020_R06_T14,both_fists_imagery,0,both_fists_imagery,0,-0.4116371043924386,True,csp_4_empirical,1/2/3/4/5/6/7/8/9/10/11/12/13/14/15/16/17/18/19,True,False,physionet/eegmmidb/1.0.0/S020/S020R06.edf,6e127745b2b1031bb274f72063b954a79b584163e17c964aa8e859c878498145
20,20,10,0,1,S020_R10_T00,both_fists_imagery,0,both_fists_imagery,0,-0.7025285499657524,True,csp_4_empirical,1/2/3/4/5/6/7/8/9/10/11/12/13/14/15/16/17/18/19,True,False,physionet/eegmmidb/1.0.0/S020/S020R10.edf,aef44481a6fe1a8e732450ef594b3167bca2fbd01bb23a29d7ec79a670f0a658
20,20,10,1,3,S020_R10_T01,both_feet_imagery,1,both_fists_imagery,0,-0.7488909864781462,False,csp_4_empirical,1/2/3/4/5/6/7/8/9/10/11/12/13/14/15/16/17/18/19,True,False,physionet/eegmmidb/1.0.0/S020/S020R10.edf,aef44481a6fe1a8e732450ef594b3167bca2fbd01bb23a29d7ec79a670f0a658
20,20,10,2,5,S020_R10_T02,both_feet_imagery,1,both_feet_imagery,1,0.1839582100007483,True,csp_4_empirical,1/2/3/4/5/6/7/8/9/10/11/12/13/14/15/16/17/18/19,True,False,physionet/eegmmidb/1.0.0/S020/S020R10.edf,aef44481a6fe1a8e732450ef594b3167bca2fbd01bb23a29d7ec79a670f0a658
20,20,10,3,7,S020_R10_T03,both_fists_imagery,0,both_feet_imagery,1,0.18443057017967146,False,csp_4_empirical,1/2/3/4/5/6/7/8/9/10/11/12/13/14/15/16/17/18/19,True,False,physionet/eegmmidb/1.0.0/S020/S020R10.edf,aef44481a6fe1a8e732450ef594b3167bca2fbd01bb23a29d7ec79a670f0a658
20,20,10,4,9,S020_R10_T04,both_feet_imagery,1,both_feet_imagery,1,0.05531677424231474,True,csp_4_empirical,1/2/3/4/5/6/7/8/9/10/11/12/13/14/15/16/17/18/19,True,False,physionet/eegmmidb/1.0.0/S020/S020R10.edf,aef44481a6fe1a8e732450ef594b3167bca2fbd01bb23a29d7ec79a670f0a658
20,20,10,5,11,S020_R10_T05,both_fists_imagery,0,both_feet_imagery,1,0.09067985539404899,False,csp_4_empirical,1/2/3/4/5/6/7/8/9/10/11/12/13/14/15/16/17/18/19,True,False,physionet/eegmmidb/1.0.0/S020/S020R10.edf,aef44481a6fe1a8e732450ef594b3167bca2fbd01bb23a29d7ec79a670f0a658
20,20,10,6,13,S020_R10_T06,both_fists_imagery,0,both_fists_imagery,0,-0.1399086615077344,True,csp_4_empirical,1/2/3/4/5/6/7/8/9/10/11/12/13/14/15/16/17/18/19,True,False,physionet/eegmmidb/1.0.0/S020/S020R10.edf,aef44481a6fe1a8e732450ef594b3167bca2fbd01bb23a29d7ec79a670f0a658
20,20,10,7,15,S020_R10_T07,both_feet_imagery,1,both_fists_imagery,0,-0.639717588923474,False,csp_4_empirical,1/2/3/4/5/6/7/8/9/10/11/12/13/14/15/16/17/18/19,True,False,physionet/eegmmidb/1.0.0/S020/S020R10.edf,aef44481a6fe1a8e732450ef594b3167bca2fbd01bb23a29d7ec79a670f0a658
20,20,10,8,17,S020_R10_T08,both_fists_imagery,0,both_fists_imagery,0,-0.035717890195134605,True,csp_4_empirical,1/2/3/4/5/6/7/8/9/10/11/12/13/14/15/16/17/18/19,True,False,physionet/eegmmidb/1.0.0/S020/S020R10.edf,aef44481a6fe1a8e732450ef594b3167bca2fbd01bb23a29d7ec79a670f0a658
20,20,10,9,19,S020_R10_T09,both_feet_imagery,1,both_feet_imagery,1,0.4246281834093778,True,csp_4_empirical,1/2/3/4/5/6/7/8/9/10/11/12/13/14/15/16/17/18/19,True,False,physionet/eegmmidb/1.0.0/S020/S020R10.edf,aef44481a6fe1a8e732450ef594b3167bca2fbd01bb23a29d7ec79a670f0a658
20,20,10,10,21,S020_R10_T10,both_feet_imagery,1,both_feet_imagery,1,0.06921873611958496,True,csp_4_empirical,1/2/3/4/5/6/7/8/9/10/11/12/13/14/15/16/17/18/19,True,False,physionet/eegmmidb/1.0.0/S020/S020R10.edf,aef44481a6fe1a8e732450ef594b3167bca2fbd01bb23a29d7ec79a670f0a658
20,20,10,11,23,S020_R10_T11,both_fists_imagery,0,both_feet_imagery,1,0.48435190965383945,False,csp_4_empirical,1/2/3/4/5/6/7/8/9/10/11/12/13/14/15/16/17/18/19,True,False,physionet/eegmmidb/1.0.0/S020/S020R10.edf,aef44481a6fe1a8e732450ef594b3167bca2fbd01bb23a29d7ec79a670f0a658
20,20,10,12,25,S020_R10_T12,both_feet_imagery,1,both_feet_imagery,1,0.3026732804431339,True,csp_4_empirical,1/2/3/4/5/6/7/8/9/10/11/12/13/14/15/16/17/18/19,True,False,physionet/eegmmidb/1.0.0/S020/S020R10.edf,aef44481a6fe1a8e732450ef594b3167bca2fbd01bb23a29d7ec79a670f0a658
20,20,10,13,27,S020_R10_T13,both_fists_imagery,0,both_feet_imagery,1,0.5133512081839969,False,csp_4_empirical,1/2/3/4/5/6/7/8/9/10/11/12/13/14/15/16/17/18/19,True,False,physionet/eegmmidb/1.0.0/S020/S020R10.edf,aef44481a6fe1a8e732450ef594b3167bca2fbd01bb23a29d7ec79a670f0a658
20,20,10,14,29,S020_R10_T14,both_feet_imagery,1,both_feet_imagery,1,0.2676542990645824,True,csp_4_empirical,1/2/3/4/5/6/7/8/9/10/11/12/13/14/15/16/17/18/19,True,False,physionet/eegmmidb/1.0.0/S020/S020R10.edf,aef44481a6fe1a8e732450ef594b3167bca2fbd01bb23a29d7ec79a670f0a658
20,20,14,0,1,S020_R14_T00,both_feet_imagery,1,both_feet_imagery,1,1.200115501174995,True,csp_4_empirical,1/2/3/4/5/6/7/8/9/10/11/12/13/14/15/16/17/18/19,True,False,physionet/eegmmidb/1.0.0/S020/S020R14.edf,1d9a26f8c38886fa4d700deb86100e56df958b2507875f45adbac7c98de15ed8
20,20,14,1,3,S020_R14_T01,both_fists_imagery,0,both_feet_imagery,1,0.7491032791176352,False,csp_4_empirical,1/2/3/4/5/6/7/8/9/10/11/12/13/14/15/16/17/18/19,True,False,physionet/eegmmidb/1.0.0/S020/S020R14.edf,1d9a26f8c38886fa4d700deb86100e56df958b2507875f45adbac7c98de15ed8
20,20,14,2,5,S020_R14_T02,both_fists_imagery,0,both_feet_imagery,1,0.7823406158751954,False,csp_4_empirical,1/2/3/4/5/6/7/8/9/10/11/12/13/14/15/16/17/18/19,True,False,physionet/eegmmidb/1.0.0/S020/S020R14.edf,1d9a26f8c38886fa4d700deb86100e56df958b2507875f45adbac7c98de15ed8
20,20,14,3,7,S020_R14_T03,both_feet_imagery,1,both_feet_imagery,1,1.1346613054297743,True,csp_4_empirical,1/2/3/4/5/6/7/8/9/10/11/12/13/14/15/16/17/18/19,True,False,physionet/eegmmidb/1.0.0/S020/S020R14.edf,1d9a26f8c38886fa4d700deb86100e56df958b2507875f45adbac7c98de15ed8
20,20,14,4,9,S020_R14_T04,both_fists_imagery,0,both_feet_imagery,1,1.236779786677689,False,csp_4_empirical,1/2/3/4/5/6/7/8/9/10/11/12/13/14/15/16/17/18/19,True,False,physionet/eegmmidb/1.0.0/S020/S020R14.edf,1d9a26f8c38886fa4d700deb86100e56df958b2507875f45adbac7c98de15ed8
20,20,14,5,11,S020_R14_T05,both_feet_imagery,1,both_feet_imagery,1,0.10755715422054013,True,csp_4_empirical,1/2/3/4/5/6/7/8/9/10/11/12/13/14/15/16/17/18/19,True,False,physionet/eegmmidb/1.0.0/S020/S020R14.edf,1d9a26f8c38886fa4d700deb86100e56df958b2507875f45adbac7c98de15ed8
20,20,14,6,13,S020_R14_T06,both_fists_imagery,0,both_fists_imagery,0,-0.5514070528389542,True,csp_4_empirical,1/2/3/4/5/6/7/8/9/10/11/12/13/14/15/16/17/18/19,True,False,physionet/eegmmidb/1.0.0/S020/S020R14.edf,1d9a26f8c38886fa4d700deb86100e56df958b2507875f45adbac7c98de15ed8
20,20,14,7,15,S020_R14_T07,both_feet_imagery,1,both_feet_imagery,1,0.08815192510314207,True,csp_4_empirical,1/2/3/4/5/6/7/8/9/10/11/12/13/14/15/16/17/18/19,True,False,physionet/eegmmidb/1.0.0/S020/S020R14.edf,1d9a26f8c38886fa4d700deb86100e56df958b2507875f45adbac7c98de15ed8
20,20,14,8,17,S020_R14_T08,both_feet_imagery,1,both_fists_imagery,0,-0.11234055994694925,False,csp_4_empirical,1/2/3/4/5/6/7/8/9/10/11/12/13/14/15/16/17/18/19,True,False,physionet/eegmmidb/1.0.0/S020/S020R14.edf,1d9a26f8c38886fa4d700deb86100e56df958b2507875f45adbac7c98de15ed8
20,20,14,9,19,S020_R14_T09,both_fists_imagery,0,both_feet_imagery,1,0.6454598684864786,False,csp_4_empirical,1/2/3/4/5/6/7/8/9/10/11/12/13/14/15/16/17/18/19,True,False,physionet/eegmmidb/1.0.0/S020/S020R14.edf,1d9a26f8c38886fa4d700deb86100e56df958b2507875f45adbac7c98de15ed8
20,20,14,10,21,S020_R14_T10,both_feet_imagery,1,both_feet_imagery,1,0.4416728310782899,True,csp_4_empirical,1/2/3/4/5/6/7/8/9/10/11/12/13/14/15/16/17/18/19,True,False,physionet/eegmmidb/1.0.0/S020/S020R14.edf,1d9a26f8c38886fa4d700deb86100e56df958b2507875f45adbac7c98de15ed8
20,20,14,11,23,S020_R14_T11,both_fists_imagery,0,both_feet_imagery,1,0.5131237365185314,False,csp_4_empirical,1/2/3/4/5/6/7/8/9/10/11/12/13/14/15/16/17/18/19,True,False,physionet/eegmmidb/1.0.0/S020/S020R14.edf,1d9a26f8c38886fa4d700deb86100e56df958b2507875f45adbac7c98de15ed8
20,20,14,12,25,S020_R14_T12,both_fists_imagery,0,both_fists_imagery,0,-0.510186207487464,True,csp_4_empirical,1/2/3/4/5/6/7/8/9/10/11/12/13/14/15/16/17/18/19,True,False,physionet/eegmmidb/1.0.0/S020/S020R14.edf,1d9a26f8c38886fa4d700deb86100e56df958b2507875f45adbac7c98de15ed8
20,20,14,13,27,S020_R14_T13,both_feet_imagery,1,both_fists_imagery,0,-0.20624963906651617,False,csp_4_empirical,1/2/3/4/5/6/7/8/9/10/11/12/13/14/15/16/17/18/19,True,False,physionet/eegmmidb/1.0.0/S020/S020R14.edf,1d9a26f8c38886fa4d700deb86100e56df958b2507875f45adbac7c98de15ed8
20,20,14,14,29,S020_R14_T14,both_fists_imagery,0,both_fists_imagery,0,-0.6796541433171858,True,csp_4_empirical,1/2/3/4/5/6/7/8/9/10/11/12/13/14/15/16/17/18/19,True,False,physionet/eegmmidb/1.0.0/S020/S020R14.edf,1d9a26f8c38886fa4d700deb86100e56df958b2507875f45adbac7c98de15ed8
