subject,study_role,estimate_type,held_out_run,training_runs,method,search_low_hz,search_high_hz,minimum_prominence_db,peak_frequency_hz,candidate_frequency_hz,peak_prominence_db,peak_width_hz,peak_quality,method_available,failure_reason,rest_epoch_count,central_roi,frequency_estimation_data,task_outcome_used
2,method_development,independent_single_run,,6,search_7_14Hz_prom_0.5dB,7.0,14.0,0.5,12.0,12.0,6.323039750810125,2.235831889467536,well_defined_interior,True,,15,C3/Cz/C4_mean_log_psd,T0_rest_only,False
2,method_development,independent_single_run,,10,search_7_14Hz_prom_0.5dB,7.0,14.0,0.5,12.0,12.0,4.312241604870437,1.2537719288760005,well_defined_interior,True,,15,C3/Cz/C4_mean_log_psd,T0_rest_only,False
2,method_development,independent_single_run,,14,search_7_14Hz_prom_0.5dB,7.0,14.0,0.5,11.25,11.25,5.866266331821194,2.1652281951538237,well_defined_interior,True,,15,C3/Cz/C4_mean_log_psd,T0_rest_only,False
2,method_development,leave_one_run_out,6,10/14,search_7_14Hz_prom_0.5dB,7.0,14.0,0.5,11.5,11.5,4.256700107287202,2.0209465846862793,well_defined_interior,True,,30,C3/Cz/C4_mean_log_psd,T0_rest_only,False
2,method_development,leave_one_run_out,10,6/14,search_7_14Hz_prom_0.5dB,7.0,14.0,0.5,11.25,11.25,5.411876540430015,2.226595741838808,well_defined_interior,True,,30,C3/Cz/C4_mean_log_psd,T0_rest_only,False
2,method_development,leave_one_run_out,14,6/10,search_7_14Hz_prom_0.5dB,7.0,14.0,0.5,12.0,12.0,5.033548269681901,1.7553541812622075,well_defined_interior,True,,30,C3/Cz/C4_mean_log_psd,T0_rest_only,False
2,method_development,independent_single_run,,6,search_7_14Hz_prom_1dB,7.0,14.0,1.0,12.0,12.0,6.323039750810125,2.235831889467536,well_defined_interior,True,,15,C3/Cz/C4_mean_log_psd,T0_rest_only,False
2,method_development,independent_single_run,,10,search_7_14Hz_prom_1dB,7.0,14.0,1.0,12.0,12.0,4.312241604870437,1.2537719288760005,well_defined_interior,True,,15,C3/Cz/C4_mean_log_psd,T0_rest_only,False
2,method_development,independent_single_run,,14,search_7_14Hz_prom_1dB,7.0,14.0,1.0,11.25,11.25,5.866266331821194,2.1652281951538237,well_defined_interior,True,,15,C3/Cz/C4_mean_log_psd,T0_rest_only,False
2,method_development,leave_one_run_out,6,10/14,search_7_14Hz_prom_1dB,7.0,14.0,1.0,11.5,11.5,4.256700107287202,2.0209465846862793,well_defined_interior,True,,30,C3/Cz/C4_mean_log_psd,T0_rest_only,False
2,method_development,leave_one_run_out,10,6/14,search_7_14Hz_prom_1dB,7.0,14.0,1.0,11.25,11.25,5.411876540430015,2.226595741838808,well_defined_interior,True,,30,C3/Cz/C4_mean_log_psd,T0_rest_only,False
2,method_development,leave_one_run_out,14,6/10,search_7_14Hz_prom_1dB,7.0,14.0,1.0,12.0,12.0,5.033548269681901,1.7553541812622075,well_defined_interior,True,,30,C3/Cz/C4_mean_log_psd,T0_rest_only,False
2,method_development,independent_single_run,,6,search_7_14Hz_prom_1.5dB,7.0,14.0,1.5,12.0,12.0,6.323039750810125,2.235831889467536,well_defined_interior,True,,15,C3/Cz/C4_mean_log_psd,T0_rest_only,False
2,method_development,independent_single_run,,10,search_7_14Hz_prom_1.5dB,7.0,14.0,1.5,12.0,12.0,4.312241604870437,1.2537719288760005,well_defined_interior,True,,15,C3/Cz/C4_mean_log_psd,T0_rest_only,False
2,method_development,independent_single_run,,14,search_7_14Hz_prom_1.5dB,7.0,14.0,1.5,11.25,11.25,5.866266331821194,2.1652281951538237,well_defined_interior,True,,15,C3/Cz/C4_mean_log_psd,T0_rest_only,False
2,method_development,leave_one_run_out,6,10/14,search_7_14Hz_prom_1.5dB,7.0,14.0,1.5,11.5,11.5,4.256700107287202,2.0209465846862793,well_defined_interior,True,,30,C3/Cz/C4_mean_log_psd,T0_rest_only,False
2,method_development,leave_one_run_out,10,6/14,search_7_14Hz_prom_1.5dB,7.0,14.0,1.5,11.25,11.25,5.411876540430015,2.226595741838808,well_defined_interior,True,,30,C3/Cz/C4_mean_log_psd,T0_rest_only,False
2,method_development,leave_one_run_out,14,6/10,search_7_14Hz_prom_1.5dB,7.0,14.0,1.5,12.0,12.0,5.033548269681901,1.7553541812622075,well_defined_interior,True,,30,C3/Cz/C4_mean_log_psd,T0_rest_only,False
2,method_development,independent_single_run,,6,search_6_14Hz_prom_0.5dB,6.0,14.0,0.5,12.0,12.0,6.323039750810125,2.235831889467536,well_defined_interior,True,,15,C3/Cz/C4_mean_log_psd,T0_rest_only,False
2,method_development,independent_single_run,,10,search_6_14Hz_prom_0.5dB,6.0,14.0,0.5,12.0,12.0,5.247839719498344,1.3517631842643345,well_defined_interior,True,,15,C3/Cz/C4_mean_log_psd,T0_rest_only,False
2,method_development,independent_single_run,,14,search_6_14Hz_prom_0.5dB,6.0,14.0,0.5,11.25,11.25,5.866266331821194,2.1652281951538237,well_defined_interior,True,,15,C3/Cz/C4_mean_log_psd,T0_rest_only,False
2,method_development,leave_one_run_out,6,10/14,search_6_14Hz_prom_0.5dB,6.0,14.0,0.5,11.5,11.5,4.61202756685438,2.080839258303568,well_defined_interior,True,,30,C3/Cz/C4_mean_log_psd,T0_rest_only,False
2,method_development,leave_one_run_out,10,6/14,search_6_14Hz_prom_0.5dB,6.0,14.0,0.5,11.25,11.25,5.411876540430015,2.226595741838808,well_defined_interior,True,,30,C3/Cz/C4_mean_log_psd,T0_rest_only,False
2,method_development,leave_one_run_out,14,6/10,search_6_14Hz_prom_0.5dB,6.0,14.0,0.5,12.0,12.0,5.033548269681901,1.7553541812622075,well_defined_interior,True,,30,C3/Cz/C4_mean_log_psd,T0_rest_only,False
2,method_development,independent_single_run,,6,search_6_14Hz_prom_1dB,6.0,14.0,1.0,12.0,12.0,6.323039750810125,2.235831889467536,well_defined_interior,True,,15,C3/Cz/C4_mean_log_psd,T0_rest_only,False
2,method_development,independent_single_run,,10,search_6_14Hz_prom_1dB,6.0,14.0,1.0,12.0,12.0,5.247839719498344,1.3517631842643345,well_defined_interior,True,,15,C3/Cz/C4_mean_log_psd,T0_rest_only,False
2,method_development,independent_single_run,,14,search_6_14Hz_prom_1dB,6.0,14.0,1.0,11.25,11.25,5.866266331821194,2.1652281951538237,well_defined_interior,True,,15,C3/Cz/C4_mean_log_psd,T0_rest_only,False
2,method_development,leave_one_run_out,6,10/14,search_6_14Hz_prom_1dB,6.0,14.0,1.0,11.5,11.5,4.61202756685438,2.080839258303568,well_defined_interior,True,,30,C3/Cz/C4_mean_log_psd,T0_rest_only,False
2,method_development,leave_one_run_out,10,6/14,search_6_14Hz_prom_1dB,6.0,14.0,1.0,11.25,11.25,5.411876540430015,2.226595741838808,well_defined_interior,True,,30,C3/Cz/C4_mean_log_psd,T0_rest_only,False
2,method_development,leave_one_run_out,14,6/10,search_6_14Hz_prom_1dB,6.0,14.0,1.0,12.0,12.0,5.033548269681901,1.7553541812622075,well_defined_interior,True,,30,C3/Cz/C4_mean_log_psd,T0_rest_only,False
2,method_development,independent_single_run,,6,search_6_14Hz_prom_1.5dB,6.0,14.0,1.5,12.0,12.0,6.323039750810125,2.235831889467536,well_defined_interior,True,,15,C3/Cz/C4_mean_log_psd,T0_rest_only,False
2,method_development,independent_single_run,,10,search_6_14Hz_prom_1.5dB,6.0,14.0,1.5,12.0,12.0,5.247839719498344,1.3517631842643345,well_defined_interior,True,,15,C3/Cz/C4_mean_log_psd,T0_rest_only,False
2,method_development,independent_single_run,,14,search_6_14Hz_prom_1.5dB,6.0,14.0,1.5,11.25,11.25,5.866266331821194,2.1652281951538237,well_defined_interior,True,,15,C3/Cz/C4_mean_log_psd,T0_rest_only,False
2,method_development,leave_one_run_out,6,10/14,search_6_14Hz_prom_1.5dB,6.0,14.0,1.5,11.5,11.5,4.61202756685438,2.080839258303568,well_defined_interior,True,,30,C3/Cz/C4_mean_log_psd,T0_rest_only,False
2,method_development,leave_one_run_out,10,6/14,search_6_14Hz_prom_1.5dB,6.0,14.0,1.5,11.25,11.25,5.411876540430015,2.226595741838808,well_defined_interior,True,,30,C3/Cz/C4_mean_log_psd,T0_rest_only,False
2,method_development,leave_one_run_out,14,6/10,search_6_14Hz_prom_1.5dB,6.0,14.0,1.5,12.0,12.0,5.033548269681901,1.7553541812622075,well_defined_interior,True,,30,C3/Cz/C4_mean_log_psd,T0_rest_only,False
2,method_development,independent_single_run,,6,search_7_15Hz_prom_0.5dB,7.0,15.0,0.5,12.0,12.0,6.323039750810125,2.235831889467536,well_defined_interior,True,,15,C3/Cz/C4_mean_log_psd,T0_rest_only,False
2,method_development,independent_single_run,,10,search_7_15Hz_prom_0.5dB,7.0,15.0,0.5,12.0,12.0,4.312241604870437,1.2537719288760005,well_defined_interior,True,,15,C3/Cz/C4_mean_log_psd,T0_rest_only,False
2,method_development,independent_single_run,,14,search_7_15Hz_prom_0.5dB,7.0,15.0,0.5,11.25,11.25,5.866266331821194,2.1652281951538237,well_defined_interior,True,,15,C3/Cz/C4_mean_log_psd,T0_rest_only,False
2,method_development,leave_one_run_out,6,10/14,search_7_15Hz_prom_0.5dB,7.0,15.0,0.5,11.5,11.5,4.256700107287202,2.0209465846862793,well_defined_interior,True,,30,C3/Cz/C4_mean_log_psd,T0_rest_only,False
2,method_development,leave_one_run_out,10,6/14,search_7_15Hz_prom_0.5dB,7.0,15.0,0.5,11.25,11.25,5.411876540430015,2.226595741838808,well_defined_interior,True,,30,C3/Cz/C4_mean_log_psd,T0_rest_only,False
2,method_development,leave_one_run_out,14,6/10,search_7_15Hz_prom_0.5dB,7.0,15.0,0.5,12.0,12.0,5.033548269681901,1.7553541812622075,well_defined_interior,True,,30,C3/Cz/C4_mean_log_psd,T0_rest_only,False
2,method_development,independent_single_run,,6,search_7_15Hz_prom_1dB,7.0,15.0,1.0,12.0,12.0,6.323039750810125,2.235831889467536,well_defined_interior,True,,15,C3/Cz/C4_mean_log_psd,T0_rest_only,False
2,method_development,independent_single_run,,10,search_7_15Hz_prom_1dB,7.0,15.0,1.0,12.0,12.0,4.312241604870437,1.2537719288760005,well_defined_interior,True,,15,C3/Cz/C4_mean_log_psd,T0_rest_only,False
2,method_development,independent_single_run,,14,search_7_15Hz_prom_1dB,7.0,15.0,1.0,11.25,11.25,5.866266331821194,2.1652281951538237,well_defined_interior,True,,15,C3/Cz/C4_mean_log_psd,T0_rest_only,False
2,method_development,leave_one_run_out,6,10/14,search_7_15Hz_prom_1dB,7.0,15.0,1.0,11.5,11.5,4.256700107287202,2.0209465846862793,well_defined_interior,True,,30,C3/Cz/C4_mean_log_psd,T0_rest_only,False
2,method_development,leave_one_run_out,10,6/14,search_7_15Hz_prom_1dB,7.0,15.0,1.0,11.25,11.25,5.411876540430015,2.226595741838808,well_defined_interior,True,,30,C3/Cz/C4_mean_log_psd,T0_rest_only,False
2,method_development,leave_one_run_out,14,6/10,search_7_15Hz_prom_1dB,7.0,15.0,1.0,12.0,12.0,5.033548269681901,1.7553541812622075,well_defined_interior,True,,30,C3/Cz/C4_mean_log_psd,T0_rest_only,False
2,method_development,independent_single_run,,6,search_7_15Hz_prom_1.5dB,7.0,15.0,1.5,12.0,12.0,6.323039750810125,2.235831889467536,well_defined_interior,True,,15,C3/Cz/C4_mean_log_psd,T0_rest_only,False
2,method_development,independent_single_run,,10,search_7_15Hz_prom_1.5dB,7.0,15.0,1.5,12.0,12.0,4.312241604870437,1.2537719288760005,well_defined_interior,True,,15,C3/Cz/C4_mean_log_psd,T0_rest_only,False
2,method_development,independent_single_run,,14,search_7_15Hz_prom_1.5dB,7.0,15.0,1.5,11.25,11.25,5.866266331821194,2.1652281951538237,well_defined_interior,True,,15,C3/Cz/C4_mean_log_psd,T0_rest_only,False
2,method_development,leave_one_run_out,6,10/14,search_7_15Hz_prom_1.5dB,7.0,15.0,1.5,11.5,11.5,4.256700107287202,2.0209465846862793,well_defined_interior,True,,30,C3/Cz/C4_mean_log_psd,T0_rest_only,False
2,method_development,leave_one_run_out,10,6/14,search_7_15Hz_prom_1.5dB,7.0,15.0,1.5,11.25,11.25,5.411876540430015,2.226595741838808,well_defined_interior,True,,30,C3/Cz/C4_mean_log_psd,T0_rest_only,False
2,method_development,leave_one_run_out,14,6/10,search_7_15Hz_prom_1.5dB,7.0,15.0,1.5,12.0,12.0,5.033548269681901,1.7553541812622075,well_defined_interior,True,,30,C3/Cz/C4_mean_log_psd,T0_rest_only,False
4,method_development,independent_single_run,,6,search_7_14Hz_prom_0.5dB,7.0,14.0,0.5,11.75,11.75,3.361340614113388,0.5951108836710901,well_defined_interior,True,,15,C3/Cz/C4_mean_log_psd,T0_rest_only,False
4,method_development,independent_single_run,,10,search_7_14Hz_prom_0.5dB,7.0,14.0,0.5,11.5,11.5,2.0944070822140617,0.6356911517529538,well_defined_interior,True,,15,C3/Cz/C4_mean_log_psd,T0_rest_only,False
4,method_development,independent_single_run,,14,search_7_14Hz_prom_0.5dB,7.0,14.0,0.5,11.25,11.25,3.720170308407603,1.0957560243159392,well_defined_interior,True,,15,C3/Cz/C4_mean_log_psd,T0_rest_only,False
4,method_development,leave_one_run_out,6,10/14,search_7_14Hz_prom_0.5dB,7.0,14.0,0.5,11.25,11.25,2.4583268910750746,0.8144666272826715,well_defined_interior,True,,30,C3/Cz/C4_mean_log_psd,T0_rest_only,False
4,method_development,leave_one_run_out,10,6/14,search_7_14Hz_prom_0.5dB,7.0,14.0,0.5,11.75,11.75,2.6540201959850833,0.989529258956412,well_defined_interior,True,,30,C3/Cz/C4_mean_log_psd,T0_rest_only,False
4,method_development,leave_one_run_out,14,6/10,search_7_14Hz_prom_0.5dB,7.0,14.0,0.5,11.75,11.75,1.9386196233186865,1.0269144643828962,well_defined_interior,True,,30,C3/Cz/C4_mean_log_psd,T0_rest_only,False
4,method_development,independent_single_run,,6,search_7_14Hz_prom_1dB,7.0,14.0,1.0,11.75,11.75,3.361340614113388,0.5951108836710901,well_defined_interior,True,,15,C3/Cz/C4_mean_log_psd,T0_rest_only,False
4,method_development,independent_single_run,,10,search_7_14Hz_prom_1dB,7.0,14.0,1.0,11.5,11.5,2.0944070822140617,0.6356911517529538,well_defined_interior,True,,15,C3/Cz/C4_mean_log_psd,T0_rest_only,False
4,method_development,independent_single_run,,14,search_7_14Hz_prom_1dB,7.0,14.0,1.0,11.25,11.25,3.720170308407603,1.0957560243159392,well_defined_interior,True,,15,C3/Cz/C4_mean_log_psd,T0_rest_only,False
4,method_development,leave_one_run_out,6,10/14,search_7_14Hz_prom_1dB,7.0,14.0,1.0,11.25,11.25,2.4583268910750746,0.8144666272826715,well_defined_interior,True,,30,C3/Cz/C4_mean_log_psd,T0_rest_only,False
4,method_development,leave_one_run_out,10,6/14,search_7_14Hz_prom_1dB,7.0,14.0,1.0,11.75,11.75,2.6540201959850833,0.989529258956412,well_defined_interior,True,,30,C3/Cz/C4_mean_log_psd,T0_rest_only,False
4,method_development,leave_one_run_out,14,6/10,search_7_14Hz_prom_1dB,7.0,14.0,1.0,11.75,11.75,1.9386196233186865,1.0269144643828962,well_defined_interior,True,,30,C3/Cz/C4_mean_log_psd,T0_rest_only,False
4,method_development,independent_single_run,,6,search_7_14Hz_prom_1.5dB,7.0,14.0,1.5,11.75,11.75,3.361340614113388,0.5951108836710901,well_defined_interior,True,,15,C3/Cz/C4_mean_log_psd,T0_rest_only,False
4,method_development,independent_single_run,,10,search_7_14Hz_prom_1.5dB,7.0,14.0,1.5,11.5,11.5,2.0944070822140617,0.6356911517529538,well_defined_interior,True,,15,C3/Cz/C4_mean_log_psd,T0_rest_only,False
4,method_development,independent_single_run,,14,search_7_14Hz_prom_1.5dB,7.0,14.0,1.5,11.25,11.25,3.720170308407603,1.0957560243159392,well_defined_interior,True,,15,C3/Cz/C4_mean_log_psd,T0_rest_only,False
4,method_development,leave_one_run_out,6,10/14,search_7_14Hz_prom_1.5dB,7.0,14.0,1.5,11.25,11.25,2.4583268910750746,0.8144666272826715,well_defined_interior,True,,30,C3/Cz/C4_mean_log_psd,T0_rest_only,False
4,method_development,leave_one_run_out,10,6/14,search_7_14Hz_prom_1.5dB,7.0,14.0,1.5,11.75,11.75,2.6540201959850833,0.989529258956412,well_defined_interior,True,,30,C3/Cz/C4_mean_log_psd,T0_rest_only,False
4,method_development,leave_one_run_out,14,6/10,search_7_14Hz_prom_1.5dB,7.0,14.0,1.5,11.75,11.75,1.9386196233186865,1.0269144643828962,well_defined_interior,True,,30,C3/Cz/C4_mean_log_psd,T0_rest_only,False
4,method_development,independent_single_run,,6,search_6_14Hz_prom_0.5dB,6.0,14.0,0.5,11.75,11.75,3.361340614113388,0.5951108836710901,well_defined_interior,True,,15,C3/Cz/C4_mean_log_psd,T0_rest_only,False
4,method_development,independent_single_run,,10,search_6_14Hz_prom_0.5dB,6.0,14.0,0.5,11.5,11.5,2.0944070822140617,0.6356911517529538,well_defined_interior,True,,15,C3/Cz/C4_mean_log_psd,T0_rest_only,False
4,method_development,independent_single_run,,14,search_6_14Hz_prom_0.5dB,6.0,14.0,0.5,11.25,11.25,3.720170308407603,1.0957560243159392,well_defined_interior,True,,15,C3/Cz/C4_mean_log_psd,T0_rest_only,False
4,method_development,leave_one_run_out,6,10/14,search_6_14Hz_prom_0.5dB,6.0,14.0,0.5,11.25,11.25,2.4583268910750746,0.8144666272826715,well_defined_interior,True,,30,C3/Cz/C4_mean_log_psd,T0_rest_only,False
4,method_development,leave_one_run_out,10,6/14,search_6_14Hz_prom_0.5dB,6.0,14.0,0.5,11.75,11.75,2.6540201959850833,0.989529258956412,well_defined_interior,True,,30,C3/Cz/C4_mean_log_psd,T0_rest_only,False
4,method_development,leave_one_run_out,14,6/10,search_6_14Hz_prom_0.5dB,6.0,14.0,0.5,11.75,11.75,1.9386196233186865,1.0269144643828962,well_defined_interior,True,,30,C3/Cz/C4_mean_log_psd,T0_rest_only,False
4,method_development,independent_single_run,,6,search_6_14Hz_prom_1dB,6.0,14.0,1.0,11.75,11.75,3.361340614113388,0.5951108836710901,well_defined_interior,True,,15,C3/Cz/C4_mean_log_psd,T0_rest_only,False
4,method_development,independent_single_run,,10,search_6_14Hz_prom_1dB,6.0,14.0,1.0,11.5,11.5,2.0944070822140617,0.6356911517529538,well_defined_interior,True,,15,C3/Cz/C4_mean_log_psd,T0_rest_only,False
4,method_development,independent_single_run,,14,search_6_14Hz_prom_1dB,6.0,14.0,1.0,11.25,11.25,3.720170308407603,1.0957560243159392,well_defined_interior,True,,15,C3/Cz/C4_mean_log_psd,T0_rest_only,False
4,method_development,leave_one_run_out,6,10/14,search_6_14Hz_prom_1dB,6.0,14.0,1.0,11.25,11.25,2.4583268910750746,0.8144666272826715,well_defined_interior,True,,30,C3/Cz/C4_mean_log_psd,T0_rest_only,False
4,method_development,leave_one_run_out,10,6/14,search_6_14Hz_prom_1dB,6.0,14.0,1.0,11.75,11.75,2.6540201959850833,0.989529258956412,well_defined_interior,True,,30,C3/Cz/C4_mean_log_psd,T0_rest_only,False
4,method_development,leave_one_run_out,14,6/10,search_6_14Hz_prom_1dB,6.0,14.0,1.0,11.75,11.75,1.9386196233186865,1.0269144643828962,well_defined_interior,True,,30,C3/Cz/C4_mean_log_psd,T0_rest_only,False
4,method_development,independent_single_run,,6,search_6_14Hz_prom_1.5dB,6.0,14.0,1.5,11.75,11.75,3.361340614113388,0.5951108836710901,well_defined_interior,True,,15,C3/Cz/C4_mean_log_psd,T0_rest_only,False
4,method_development,independent_single_run,,10,search_6_14Hz_prom_1.5dB,6.0,14.0,1.5,11.5,11.5,2.0944070822140617,0.6356911517529538,well_defined_interior,True,,15,C3/Cz/C4_mean_log_psd,T0_rest_only,False
4,method_development,independent_single_run,,14,search_6_14Hz_prom_1.5dB,6.0,14.0,1.5,11.25,11.25,3.720170308407603,1.0957560243159392,well_defined_interior,True,,15,C3/Cz/C4_mean_log_psd,T0_rest_only,False
4,method_development,leave_one_run_out,6,10/14,search_6_14Hz_prom_1.5dB,6.0,14.0,1.5,11.25,11.25,2.4583268910750746,0.8144666272826715,well_defined_interior,True,,30,C3/Cz/C4_mean_log_psd,T0_rest_only,False
4,method_development,leave_one_run_out,10,6/14,search_6_14Hz_prom_1.5dB,6.0,14.0,1.5,11.75,11.75,2.6540201959850833,0.989529258956412,well_defined_interior,True,,30,C3/Cz/C4_mean_log_psd,T0_rest_only,False
4,method_development,leave_one_run_out,14,6/10,search_6_14Hz_prom_1.5dB,6.0,14.0,1.5,11.75,11.75,1.9386196233186865,1.0269144643828962,well_defined_interior,True,,30,C3/Cz/C4_mean_log_psd,T0_rest_only,False
4,method_development,independent_single_run,,6,search_7_15Hz_prom_0.5dB,7.0,15.0,0.5,13.75,13.75,5.890757855186607,0.8993177209341221,well_defined_interior,True,,15,C3/Cz/C4_mean_log_psd,T0_rest_only,False
4,method_development,independent_single_run,,10,search_7_15Hz_prom_0.5dB,7.0,15.0,0.5,13.5,13.5,2.6400277940890504,0.49894570507506497,well_defined_interior,True,,15,C3/Cz/C4_mean_log_psd,T0_rest_only,False
4,method_development,independent_single_run,,14,search_7_15Hz_prom_0.5dB,7.0,15.0,0.5,11.25,11.25,4.652653357237014,1.301675693005532,well_defined_interior,True,,15,C3/Cz/C4_mean_log_psd,T0_rest_only,False
4,method_development,leave_one_run_out,6,10/14,search_7_15Hz_prom_0.5dB,7.0,15.0,0.5,11.25,11.25,2.4583268910750746,0.8144666272826715,well_defined_interior,True,,30,C3/Cz/C4_mean_log_psd,T0_rest_only,False
4,method_development,leave_one_run_out,10,6/14,search_7_15Hz_prom_0.5dB,7.0,15.0,0.5,11.75,11.75,3.7388415194269413,1.2354900268603877,well_defined_interior,True,,30,C3/Cz/C4_mean_log_psd,T0_rest_only,False
4,method_development,leave_one_run_out,14,6/10,search_7_15Hz_prom_0.5dB,7.0,15.0,0.5,13.5,13.5,3.9849344875013912,0.782530173380791,well_defined_interior,True,,30,C3/Cz/C4_mean_log_psd,T0_rest_only,False
4,method_development,independent_single_run,,6,search_7_15Hz_prom_1dB,7.0,15.0,1.0,13.75,13.75,5.890757855186607,0.8993177209341221,well_defined_interior,True,,15,C3/Cz/C4_mean_log_psd,T0_rest_only,False
4,method_development,independent_single_run,,10,search_7_15Hz_prom_1dB,7.0,15.0,1.0,13.5,13.5,2.6400277940890504,0.49894570507506497,well_defined_interior,True,,15,C3/Cz/C4_mean_log_psd,T0_rest_only,False
4,method_development,independent_single_run,,14,search_7_15Hz_prom_1dB,7.0,15.0,1.0,11.25,11.25,4.652653357237014,1.301675693005532,well_defined_interior,True,,15,C3/Cz/C4_mean_log_psd,T0_rest_only,False
4,method_development,leave_one_run_out,6,10/14,search_7_15Hz_prom_1dB,7.0,15.0,1.0,11.25,11.25,2.4583268910750746,0.8144666272826715,well_defined_interior,True,,30,C3/Cz/C4_mean_log_psd,T0_rest_only,False
4,method_development,leave_one_run_out,10,6/14,search_7_15Hz_prom_1dB,7.0,15.0,1.0,11.75,11.75,3.7388415194269413,1.2354900268603877,well_defined_interior,True,,30,C3/Cz/C4_mean_log_psd,T0_rest_only,False
4,method_development,leave_one_run_out,14,6/10,search_7_15Hz_prom_1dB,7.0,15.0,1.0,13.5,13.5,3.9849344875013912,0.782530173380791,well_defined_interior,True,,30,C3/Cz/C4_mean_log_psd,T0_rest_only,False
4,method_development,independent_single_run,,6,search_7_15Hz_prom_1.5dB,7.0,15.0,1.5,13.75,13.75,5.890757855186607,0.8993177209341221,well_defined_interior,True,,15,C3/Cz/C4_mean_log_psd,T0_rest_only,False
4,method_development,independent_single_run,,10,search_7_15Hz_prom_1.5dB,7.0,15.0,1.5,13.5,13.5,2.6400277940890504,0.49894570507506497,well_defined_interior,True,,15,C3/Cz/C4_mean_log_psd,T0_rest_only,False
4,method_development,independent_single_run,,14,search_7_15Hz_prom_1.5dB,7.0,15.0,1.5,11.25,11.25,4.652653357237014,1.301675693005532,well_defined_interior,True,,15,C3/Cz/C4_mean_log_psd,T0_rest_only,False
4,method_development,leave_one_run_out,6,10/14,search_7_15Hz_prom_1.5dB,7.0,15.0,1.5,11.25,11.25,2.4583268910750746,0.8144666272826715,well_defined_interior,True,,30,C3/Cz/C4_mean_log_psd,T0_rest_only,False
4,method_development,leave_one_run_out,10,6/14,search_7_15Hz_prom_1.5dB,7.0,15.0,1.5,11.75,11.75,3.7388415194269413,1.2354900268603877,well_defined_interior,True,,30,C3/Cz/C4_mean_log_psd,T0_rest_only,False
4,method_development,leave_one_run_out,14,6/10,search_7_15Hz_prom_1.5dB,7.0,15.0,1.5,13.5,13.5,3.9849344875013912,0.782530173380791,well_defined_interior,True,,30,C3/Cz/C4_mean_log_psd,T0_rest_only,False
6,method_development,independent_single_run,,6,search_7_14Hz_prom_0.5dB,7.0,14.0,0.5,8.0,8.0,2.2798055368624404,0.6273940604361082,well_defined_interior,True,,15,C3/Cz/C4_mean_log_psd,T0_rest_only,False
6,method_development,independent_single_run,,10,search_7_14Hz_prom_0.5dB,7.0,14.0,0.5,12.25,12.25,1.9000837847325727,0.23941795472393235,well_defined_interior,True,,15,C3/Cz/C4_mean_log_psd,T0_rest_only,False
6,method_development,independent_single_run,,14,search_7_14Hz_prom_0.5dB,7.0,14.0,0.5,9.25,9.25,2.626834956661824,0.44258915210589667,well_defined_interior,True,,15,C3/Cz/C4_mean_log_psd,T0_rest_only,False
6,method_development,leave_one_run_out,6,10/14,search_7_14Hz_prom_0.5dB,7.0,14.0,0.5,8.25,8.25,1.743361734842921,0.49545628850758483,well_defined_interior,True,,30,C3/Cz/C4_mean_log_psd,T0_rest_only,False
6,method_development,leave_one_run_out,10,6/14,search_7_14Hz_prom_0.5dB,7.0,14.0,0.5,8.0,8.0,1.9010370972645063,0.6120993477844836,well_defined_interior,True,,30,C3/Cz/C4_mean_log_psd,T0_rest_only,False
6,method_development,leave_one_run_out,14,6/10,search_7_14Hz_prom_0.5dB,7.0,14.0,0.5,12.25,12.25,1.4086579722720387,0.3851695743220924,well_defined_interior,True,,30,C3/Cz/C4_mean_log_psd,T0_rest_only,False
6,method_development,independent_single_run,,6,search_7_14Hz_prom_1dB,7.0,14.0,1.0,8.0,8.0,2.2798055368624404,0.6273940604361082,well_defined_interior,True,,15,C3/Cz/C4_mean_log_psd,T0_rest_only,False
6,method_development,independent_single_run,,10,search_7_14Hz_prom_1dB,7.0,14.0,1.0,12.25,12.25,1.9000837847325727,0.23941795472393235,well_defined_interior,True,,15,C3/Cz/C4_mean_log_psd,T0_rest_only,False
6,method_development,independent_single_run,,14,search_7_14Hz_prom_1dB,7.0,14.0,1.0,9.25,9.25,2.626834956661824,0.44258915210589667,well_defined_interior,True,,15,C3/Cz/C4_mean_log_psd,T0_rest_only,False
6,method_development,leave_one_run_out,6,10/14,search_7_14Hz_prom_1dB,7.0,14.0,1.0,8.25,8.25,1.743361734842921,0.49545628850758483,well_defined_interior,True,,30,C3/Cz/C4_mean_log_psd,T0_rest_only,False
6,method_development,leave_one_run_out,10,6/14,search_7_14Hz_prom_1dB,7.0,14.0,1.0,8.0,8.0,1.9010370972645063,0.6120993477844836,well_defined_interior,True,,30,C3/Cz/C4_mean_log_psd,T0_rest_only,False
6,method_development,leave_one_run_out,14,6/10,search_7_14Hz_prom_1dB,7.0,14.0,1.0,12.25,12.25,1.4086579722720387,0.3851695743220924,well_defined_interior,True,,30,C3/Cz/C4_mean_log_psd,T0_rest_only,False
6,method_development,independent_single_run,,6,search_7_14Hz_prom_1.5dB,7.0,14.0,1.5,8.0,8.0,2.2798055368624404,0.6273940604361082,well_defined_interior,True,,15,C3/Cz/C4_mean_log_psd,T0_rest_only,False
6,method_development,independent_single_run,,10,search_7_14Hz_prom_1.5dB,7.0,14.0,1.5,12.25,12.25,1.9000837847325727,0.23941795472393235,well_defined_interior,True,,15,C3/Cz/C4_mean_log_psd,T0_rest_only,False
6,method_development,independent_single_run,,14,search_7_14Hz_prom_1.5dB,7.0,14.0,1.5,9.25,9.25,2.626834956661824,0.44258915210589667,well_defined_interior,True,,15,C3/Cz/C4_mean_log_psd,T0_rest_only,False
6,method_development,leave_one_run_out,6,10/14,search_7_14Hz_prom_1.5dB,7.0,14.0,1.5,8.25,8.25,1.743361734842921,0.49545628850758483,well_defined_interior,True,,30,C3/Cz/C4_mean_log_psd,T0_rest_only,False
6,method_development,leave_one_run_out,10,6/14,search_7_14Hz_prom_1.5dB,7.0,14.0,1.5,8.0,8.0,1.9010370972645063,0.6120993477844836,well_defined_interior,True,,30,C3/Cz/C4_mean_log_psd,T0_rest_only,False
6,method_development,leave_one_run_out,14,6/10,search_7_14Hz_prom_1.5dB,7.0,14.0,1.5,,7.25,2.881831470851168,,poorly_defined_no_peak,False,no_interior_peak_meets_prominence,30,C3/Cz/C4_mean_log_psd,T0_rest_only,False
6,method_development,independent_single_run,,6,search_6_14Hz_prom_0.5dB,6.0,14.0,0.5,6.5,6.5,3.1184111073934275,0.6741183287982516,well_defined_interior,True,,15,C3/Cz/C4_mean_log_psd,T0_rest_only,False
6,method_development,independent_single_run,,10,search_6_14Hz_prom_0.5dB,6.0,14.0,0.5,7.25,7.25,2.5238756616234355,0.42031631963242777,well_defined_interior,True,,15,C3/Cz/C4_mean_log_psd,T0_rest_only,False
6,method_development,independent_single_run,,14,search_6_14Hz_prom_0.5dB,6.0,14.0,0.5,9.25,9.25,2.626834956661824,0.44258915210589667,well_defined_interior,True,,15,C3/Cz/C4_mean_log_psd,T0_rest_only,False
6,method_development,leave_one_run_out,6,10/14,search_6_14Hz_prom_0.5dB,6.0,14.0,0.5,8.25,8.25,1.743361734842921,0.49545628850758483,well_defined_interior,True,,30,C3/Cz/C4_mean_log_psd,T0_rest_only,False
6,method_development,leave_one_run_out,10,6/14,search_6_14Hz_prom_0.5dB,6.0,14.0,0.5,8.0,8.0,1.9010370972645063,0.6120993477844836,well_defined_interior,True,,30,C3/Cz/C4_mean_log_psd,T0_rest_only,False
6,method_development,leave_one_run_out,14,6/10,search_6_14Hz_prom_0.5dB,6.0,14.0,0.5,12.25,12.25,1.4086579722720387,0.3851695743220924,well_defined_interior,True,,30,C3/Cz/C4_mean_log_psd,T0_rest_only,False
6,method_development,independent_single_run,,6,search_6_14Hz_prom_1dB,6.0,14.0,1.0,6.5,6.5,3.1184111073934275,0.6741183287982516,well_defined_interior,True,,15,C3/Cz/C4_mean_log_psd,T0_rest_only,False
6,method_development,independent_single_run,,10,search_6_14Hz_prom_1dB,6.0,14.0,1.0,7.25,7.25,2.5238756616234355,0.42031631963242777,well_defined_interior,True,,15,C3/Cz/C4_mean_log_psd,T0_rest_only,False
6,method_development,independent_single_run,,14,search_6_14Hz_prom_1dB,6.0,14.0,1.0,9.25,9.25,2.626834956661824,0.44258915210589667,well_defined_interior,True,,15,C3/Cz/C4_mean_log_psd,T0_rest_only,False
6,method_development,leave_one_run_out,6,10/14,search_6_14Hz_prom_1dB,6.0,14.0,1.0,8.25,8.25,1.743361734842921,0.49545628850758483,well_defined_interior,True,,30,C3/Cz/C4_mean_log_psd,T0_rest_only,False
6,method_development,leave_one_run_out,10,6/14,search_6_14Hz_prom_1dB,6.0,14.0,1.0,8.0,8.0,1.9010370972645063,0.6120993477844836,well_defined_interior,True,,30,C3/Cz/C4_mean_log_psd,T0_rest_only,False
6,method_development,leave_one_run_out,14,6/10,search_6_14Hz_prom_1dB,6.0,14.0,1.0,12.25,12.25,1.4086579722720387,0.3851695743220924,well_defined_interior,True,,30,C3/Cz/C4_mean_log_psd,T0_rest_only,False
6,method_development,independent_single_run,,6,search_6_14Hz_prom_1.5dB,6.0,14.0,1.5,6.5,6.5,3.1184111073934275,0.6741183287982516,well_defined_interior,True,,15,C3/Cz/C4_mean_log_psd,T0_rest_only,False
6,method_development,independent_single_run,,10,search_6_14Hz_prom_1.5dB,6.0,14.0,1.5,7.25,7.25,2.5238756616234355,0.42031631963242777,well_defined_interior,True,,15,C3/Cz/C4_mean_log_psd,T0_rest_only,False
6,method_development,independent_single_run,,14,search_6_14Hz_prom_1.5dB,6.0,14.0,1.5,9.25,9.25,2.626834956661824,0.44258915210589667,well_defined_interior,True,,15,C3/Cz/C4_mean_log_psd,T0_rest_only,False
6,method_development,leave_one_run_out,6,10/14,search_6_14Hz_prom_1.5dB,6.0,14.0,1.5,8.25,8.25,1.743361734842921,0.49545628850758483,well_defined_interior,True,,30,C3/Cz/C4_mean_log_psd,T0_rest_only,False
6,method_development,leave_one_run_out,10,6/14,search_6_14Hz_prom_1.5dB,6.0,14.0,1.5,8.0,8.0,1.9010370972645063,0.6120993477844836,well_defined_interior,True,,30,C3/Cz/C4_mean_log_psd,T0_rest_only,False
6,method_development,leave_one_run_out,14,6/10,search_6_14Hz_prom_1.5dB,6.0,14.0,1.5,,6.5,3.6065219857132433,,poorly_defined_no_peak,False,no_interior_peak_meets_prominence,30,C3/Cz/C4_mean_log_psd,T0_rest_only,False
6,method_development,independent_single_run,,6,search_7_15Hz_prom_0.5dB,7.0,15.0,0.5,8.0,8.0,2.2798055368624404,0.6273940604361082,well_defined_interior,True,,15,C3/Cz/C4_mean_log_psd,T0_rest_only,False
6,method_development,independent_single_run,,10,search_7_15Hz_prom_0.5dB,7.0,15.0,0.5,12.25,12.25,1.9000837847325727,0.23941795472393235,well_defined_interior,True,,15,C3/Cz/C4_mean_log_psd,T0_rest_only,False
6,method_development,independent_single_run,,14,search_7_15Hz_prom_0.5dB,7.0,15.0,0.5,11.75,11.75,2.8490903431066243,0.6004163100862314,well_defined_interior,True,,15,C3/Cz/C4_mean_log_psd,T0_rest_only,False
6,method_development,leave_one_run_out,6,10/14,search_7_15Hz_prom_0.5dB,7.0,15.0,0.5,8.25,8.25,1.743361734842921,0.49545628850758483,well_defined_interior,True,,30,C3/Cz/C4_mean_log_psd,T0_rest_only,False
6,method_development,leave_one_run_out,10,6/14,search_7_15Hz_prom_0.5dB,7.0,15.0,0.5,8.0,8.0,1.9010370972645063,0.6120993477844836,well_defined_interior,True,,30,C3/Cz/C4_mean_log_psd,T0_rest_only,False
6,method_development,leave_one_run_out,14,6/10,search_7_15Hz_prom_0.5dB,7.0,15.0,0.5,14.25,14.25,1.5613464196634652,0.3101757413500783,well_defined_interior,True,,30,C3/Cz/C4_mean_log_psd,T0_rest_only,False
6,method_development,independent_single_run,,6,search_7_15Hz_prom_1dB,7.0,15.0,1.0,8.0,8.0,2.2798055368624404,0.6273940604361082,well_defined_interior,True,,15,C3/Cz/C4_mean_log_psd,T0_rest_only,False
6,method_development,independent_single_run,,10,search_7_15Hz_prom_1dB,7.0,15.0,1.0,12.25,12.25,1.9000837847325727,0.23941795472393235,well_defined_interior,True,,15,C3/Cz/C4_mean_log_psd,T0_rest_only,False
6,method_development,independent_single_run,,14,search_7_15Hz_prom_1dB,7.0,15.0,1.0,11.75,11.75,2.8490903431066243,0.6004163100862314,well_defined_interior,True,,15,C3/Cz/C4_mean_log_psd,T0_rest_only,False
6,method_development,leave_one_run_out,6,10/14,search_7_15Hz_prom_1dB,7.0,15.0,1.0,8.25,8.25,1.743361734842921,0.49545628850758483,well_defined_interior,True,,30,C3/Cz/C4_mean_log_psd,T0_rest_only,False
6,method_development,leave_one_run_out,10,6/14,search_7_15Hz_prom_1dB,7.0,15.0,1.0,8.0,8.0,1.9010370972645063,0.6120993477844836,well_defined_interior,True,,30,C3/Cz/C4_mean_log_psd,T0_rest_only,False
6,method_development,leave_one_run_out,14,6/10,search_7_15Hz_prom_1dB,7.0,15.0,1.0,14.25,14.25,1.5613464196634652,0.3101757413500783,well_defined_interior,True,,30,C3/Cz/C4_mean_log_psd,T0_rest_only,False
6,method_development,independent_single_run,,6,search_7_15Hz_prom_1.5dB,7.0,15.0,1.5,8.0,8.0,2.2798055368624404,0.6273940604361082,well_defined_interior,True,,15,C3/Cz/C4_mean_log_psd,T0_rest_only,False
6,method_development,independent_single_run,,10,search_7_15Hz_prom_1.5dB,7.0,15.0,1.5,12.25,12.25,1.9000837847325727,0.23941795472393235,well_defined_interior,True,,15,C3/Cz/C4_mean_log_psd,T0_rest_only,False
6,method_development,independent_single_run,,14,search_7_15Hz_prom_1.5dB,7.0,15.0,1.5,11.75,11.75,2.8490903431066243,0.6004163100862314,well_defined_interior,True,,15,C3/Cz/C4_mean_log_psd,T0_rest_only,False
6,method_development,leave_one_run_out,6,10/14,search_7_15Hz_prom_1.5dB,7.0,15.0,1.5,8.25,8.25,1.743361734842921,0.49545628850758483,well_defined_interior,True,,30,C3/Cz/C4_mean_log_psd,T0_rest_only,False
6,method_development,leave_one_run_out,10,6/14,search_7_15Hz_prom_1.5dB,7.0,15.0,1.5,8.0,8.0,1.9010370972645063,0.6120993477844836,well_defined_interior,True,,30,C3/Cz/C4_mean_log_psd,T0_rest_only,False
6,method_development,leave_one_run_out,14,6/10,search_7_15Hz_prom_1.5dB,7.0,15.0,1.5,14.25,14.25,1.5613464196634652,0.3101757413500783,well_defined_interior,True,,30,C3/Cz/C4_mean_log_psd,T0_rest_only,False
8,method_development,independent_single_run,,6,search_7_14Hz_prom_0.5dB,7.0,14.0,0.5,10.5,10.5,2.7345344313872886,1.0857263541422868,well_defined_interior,True,,15,C3/Cz/C4_mean_log_psd,T0_rest_only,False
8,method_development,independent_single_run,,10,search_7_14Hz_prom_0.5dB,7.0,14.0,0.5,10.75,10.75,6.587688834408482,1.069111288176467,well_defined_interior,True,,15,C3/Cz/C4_mean_log_psd,T0_rest_only,False
8,method_development,independent_single_run,,14,search_7_14Hz_prom_0.5dB,7.0,14.0,0.5,10.5,10.5,7.128856217690895,1.330122503854775,well_defined_interior,True,,15,C3/Cz/C4_mean_log_psd,T0_rest_only,False
8,method_development,leave_one_run_out,6,10/14,search_7_14Hz_prom_0.5dB,7.0,14.0,0.5,10.25,10.25,6.727765187249304,1.2143269368925558,well_defined_interior,True,,30,C3/Cz/C4_mean_log_psd,T0_rest_only,False
8,method_development,leave_one_run_out,10,6/14,search_7_14Hz_prom_0.5dB,7.0,14.0,0.5,10.5,10.5,4.53727883546,1.218500146157076,well_defined_interior,True,,30,C3/Cz/C4_mean_log_psd,T0_rest_only,False
8,method_development,leave_one_run_out,14,6/10,search_7_14Hz_prom_0.5dB,7.0,14.0,0.5,10.75,10.75,4.068964816752896,1.0610627954174516,well_defined_interior,True,,30,C3/Cz/C4_mean_log_psd,T0_rest_only,False
8,method_development,independent_single_run,,6,search_7_14Hz_prom_1dB,7.0,14.0,1.0,10.5,10.5,2.7345344313872886,1.0857263541422868,well_defined_interior,True,,15,C3/Cz/C4_mean_log_psd,T0_rest_only,False
8,method_development,independent_single_run,,10,search_7_14Hz_prom_1dB,7.0,14.0,1.0,10.75,10.75,6.587688834408482,1.069111288176467,well_defined_interior,True,,15,C3/Cz/C4_mean_log_psd,T0_rest_only,False
8,method_development,independent_single_run,,14,search_7_14Hz_prom_1dB,7.0,14.0,1.0,10.5,10.5,7.128856217690895,1.330122503854775,well_defined_interior,True,,15,C3/Cz/C4_mean_log_psd,T0_rest_only,False
8,method_development,leave_one_run_out,6,10/14,search_7_14Hz_prom_1dB,7.0,14.0,1.0,10.25,10.25,6.727765187249304,1.2143269368925558,well_defined_interior,True,,30,C3/Cz/C4_mean_log_psd,T0_rest_only,False
8,method_development,leave_one_run_out,10,6/14,search_7_14Hz_prom_1dB,7.0,14.0,1.0,10.5,10.5,4.53727883546,1.218500146157076,well_defined_interior,True,,30,C3/Cz/C4_mean_log_psd,T0_rest_only,False
8,method_development,leave_one_run_out,14,6/10,search_7_14Hz_prom_1dB,7.0,14.0,1.0,10.75,10.75,4.068964816752896,1.0610627954174516,well_defined_interior,True,,30,C3/Cz/C4_mean_log_psd,T0_rest_only,False
8,method_development,independent_single_run,,6,search_7_14Hz_prom_1.5dB,7.0,14.0,1.5,10.5,10.5,2.7345344313872886,1.0857263541422868,well_defined_interior,True,,15,C3/Cz/C4_mean_log_psd,T0_rest_only,False
8,method_development,independent_single_run,,10,search_7_14Hz_prom_1.5dB,7.0,14.0,1.5,10.75,10.75,6.587688834408482,1.069111288176467,well_defined_interior,True,,15,C3/Cz/C4_mean_log_psd,T0_rest_only,False
8,method_development,independent_single_run,,14,search_7_14Hz_prom_1.5dB,7.0,14.0,1.5,10.5,10.5,7.128856217690895,1.330122503854775,well_defined_interior,True,,15,C3/Cz/C4_mean_log_psd,T0_rest_only,False
8,method_development,leave_one_run_out,6,10/14,search_7_14Hz_prom_1.5dB,7.0,14.0,1.5,10.25,10.25,6.727765187249304,1.2143269368925558,well_defined_interior,True,,30,C3/Cz/C4_mean_log_psd,T0_rest_only,False
8,method_development,leave_one_run_out,10,6/14,search_7_14Hz_prom_1.5dB,7.0,14.0,1.5,10.5,10.5,4.53727883546,1.218500146157076,well_defined_interior,True,,30,C3/Cz/C4_mean_log_psd,T0_rest_only,False
8,method_development,leave_one_run_out,14,6/10,search_7_14Hz_prom_1.5dB,7.0,14.0,1.5,10.75,10.75,4.068964816752896,1.0610627954174516,well_defined_interior,True,,30,C3/Cz/C4_mean_log_psd,T0_rest_only,False
8,method_development,independent_single_run,,6,search_6_14Hz_prom_0.5dB,6.0,14.0,0.5,10.5,10.5,2.825167577940988,1.1169103538283407,well_defined_interior,True,,15,C3/Cz/C4_mean_log_psd,T0_rest_only,False
8,method_development,independent_single_run,,10,search_6_14Hz_prom_0.5dB,6.0,14.0,0.5,10.75,10.75,6.587688834408482,1.069111288176467,well_defined_interior,True,,15,C3/Cz/C4_mean_log_psd,T0_rest_only,False
8,method_development,independent_single_run,,14,search_6_14Hz_prom_0.5dB,6.0,14.0,0.5,10.5,10.5,7.128856217690895,1.330122503854775,well_defined_interior,True,,15,C3/Cz/C4_mean_log_psd,T0_rest_only,False
8,method_development,leave_one_run_out,6,10/14,search_6_14Hz_prom_0.5dB,6.0,14.0,0.5,10.25,10.25,6.727765187249304,1.2143269368925558,well_defined_interior,True,,30,C3/Cz/C4_mean_log_psd,T0_rest_only,False
8,method_development,leave_one_run_out,10,6/14,search_6_14Hz_prom_0.5dB,6.0,14.0,0.5,10.5,10.5,4.53727883546,1.218500146157076,well_defined_interior,True,,30,C3/Cz/C4_mean_log_psd,T0_rest_only,False
8,method_development,leave_one_run_out,14,6/10,search_6_14Hz_prom_0.5dB,6.0,14.0,0.5,10.75,10.75,4.068964816752896,1.0610627954174516,well_defined_interior,True,,30,C3/Cz/C4_mean_log_psd,T0_rest_only,False
8,method_development,independent_single_run,,6,search_6_14Hz_prom_1dB,6.0,14.0,1.0,10.5,10.5,2.825167577940988,1.1169103538283407,well_defined_interior,True,,15,C3/Cz/C4_mean_log_psd,T0_rest_only,False
8,method_development,independent_single_run,,10,search_6_14Hz_prom_1dB,6.0,14.0,1.0,10.75,10.75,6.587688834408482,1.069111288176467,well_defined_interior,True,,15,C3/Cz/C4_mean_log_psd,T0_rest_only,False
8,method_development,independent_single_run,,14,search_6_14Hz_prom_1dB,6.0,14.0,1.0,10.5,10.5,7.128856217690895,1.330122503854775,well_defined_interior,True,,15,C3/Cz/C4_mean_log_psd,T0_rest_only,False
8,method_development,leave_one_run_out,6,10/14,search_6_14Hz_prom_1dB,6.0,14.0,1.0,10.25,10.25,6.727765187249304,1.2143269368925558,well_defined_interior,True,,30,C3/Cz/C4_mean_log_psd,T0_rest_only,False
8,method_development,leave_one_run_out,10,6/14,search_6_14Hz_prom_1dB,6.0,14.0,1.0,10.5,10.5,4.53727883546,1.218500146157076,well_defined_interior,True,,30,C3/Cz/C4_mean_log_psd,T0_rest_only,False
8,method_development,leave_one_run_out,14,6/10,search_6_14Hz_prom_1dB,6.0,14.0,1.0,10.75,10.75,4.068964816752896,1.0610627954174516,well_defined_interior,True,,30,C3/Cz/C4_mean_log_psd,T0_rest_only,False
8,method_development,independent_single_run,,6,search_6_14Hz_prom_1.5dB,6.0,14.0,1.5,10.5,10.5,2.825167577940988,1.1169103538283407,well_defined_interior,True,,15,C3/Cz/C4_mean_log_psd,T0_rest_only,False
8,method_development,independent_single_run,,10,search_6_14Hz_prom_1.5dB,6.0,14.0,1.5,10.75,10.75,6.587688834408482,1.069111288176467,well_defined_interior,True,,15,C3/Cz/C4_mean_log_psd,T0_rest_only,False
8,method_development,independent_single_run,,14,search_6_14Hz_prom_1.5dB,6.0,14.0,1.5,10.5,10.5,7.128856217690895,1.330122503854775,well_defined_interior,True,,15,C3/Cz/C4_mean_log_psd,T0_rest_only,False
8,method_development,leave_one_run_out,6,10/14,search_6_14Hz_prom_1.5dB,6.0,14.0,1.5,10.25,10.25,6.727765187249304,1.2143269368925558,well_defined_interior,True,,30,C3/Cz/C4_mean_log_psd,T0_rest_only,False
8,method_development,leave_one_run_out,10,6/14,search_6_14Hz_prom_1.5dB,6.0,14.0,1.5,10.5,10.5,4.53727883546,1.218500146157076,well_defined_interior,True,,30,C3/Cz/C4_mean_log_psd,T0_rest_only,False
8,method_development,leave_one_run_out,14,6/10,search_6_14Hz_prom_1.5dB,6.0,14.0,1.5,10.75,10.75,4.068964816752896,1.0610627954174516,well_defined_interior,True,,30,C3/Cz/C4_mean_log_psd,T0_rest_only,False
8,method_development,independent_single_run,,6,search_7_15Hz_prom_0.5dB,7.0,15.0,0.5,10.5,10.5,2.7345344313872886,1.0857263541422868,well_defined_interior,True,,15,C3/Cz/C4_mean_log_psd,T0_rest_only,False
8,method_development,independent_single_run,,10,search_7_15Hz_prom_0.5dB,7.0,15.0,0.5,10.75,10.75,6.587688834408482,1.069111288176467,well_defined_interior,True,,15,C3/Cz/C4_mean_log_psd,T0_rest_only,False
8,method_development,independent_single_run,,14,search_7_15Hz_prom_0.5dB,7.0,15.0,0.5,10.5,10.5,7.128856217690895,1.330122503854775,well_defined_interior,True,,15,C3/Cz/C4_mean_log_psd,T0_rest_only,False
8,method_development,leave_one_run_out,6,10/14,search_7_15Hz_prom_0.5dB,7.0,15.0,0.5,10.25,10.25,6.727765187249304,1.2143269368925558,well_defined_interior,True,,30,C3/Cz/C4_mean_log_psd,T0_rest_only,False
8,method_development,leave_one_run_out,10,6/14,search_7_15Hz_prom_0.5dB,7.0,15.0,0.5,10.5,10.5,4.53727883546,1.218500146157076,well_defined_interior,True,,30,C3/Cz/C4_mean_log_psd,T0_rest_only,False
8,method_development,leave_one_run_out,14,6/10,search_7_15Hz_prom_0.5dB,7.0,15.0,0.5,10.75,10.75,4.068964816752896,1.0610627954174516,well_defined_interior,True,,30,C3/Cz/C4_mean_log_psd,T0_rest_only,False
8,method_development,independent_single_run,,6,search_7_15Hz_prom_1dB,7.0,15.0,1.0,10.5,10.5,2.7345344313872886,1.0857263541422868,well_defined_interior,True,,15,C3/Cz/C4_mean_log_psd,T0_rest_only,False
8,method_development,independent_single_run,,10,search_7_15Hz_prom_1dB,7.0,15.0,1.0,10.75,10.75,6.587688834408482,1.069111288176467,well_defined_interior,True,,15,C3/Cz/C4_mean_log_psd,T0_rest_only,False
8,method_development,independent_single_run,,14,search_7_15Hz_prom_1dB,7.0,15.0,1.0,10.5,10.5,7.128856217690895,1.330122503854775,well_defined_interior,True,,15,C3/Cz/C4_mean_log_psd,T0_rest_only,False
8,method_development,leave_one_run_out,6,10/14,search_7_15Hz_prom_1dB,7.0,15.0,1.0,10.25,10.25,6.727765187249304,1.2143269368925558,well_defined_interior,True,,30,C3/Cz/C4_mean_log_psd,T0_rest_only,False
8,method_development,leave_one_run_out,10,6/14,search_7_15Hz_prom_1dB,7.0,15.0,1.0,10.5,10.5,4.53727883546,1.218500146157076,well_defined_interior,True,,30,C3/Cz/C4_mean_log_psd,T0_rest_only,False
8,method_development,leave_one_run_out,14,6/10,search_7_15Hz_prom_1dB,7.0,15.0,1.0,10.75,10.75,4.068964816752896,1.0610627954174516,well_defined_interior,True,,30,C3/Cz/C4_mean_log_psd,T0_rest_only,False
8,method_development,independent_single_run,,6,search_7_15Hz_prom_1.5dB,7.0,15.0,1.5,10.5,10.5,2.7345344313872886,1.0857263541422868,well_defined_interior,True,,15,C3/Cz/C4_mean_log_psd,T0_rest_only,False
8,method_development,independent_single_run,,10,search_7_15Hz_prom_1.5dB,7.0,15.0,1.5,10.75,10.75,6.587688834408482,1.069111288176467,well_defined_interior,True,,15,C3/Cz/C4_mean_log_psd,T0_rest_only,False
8,method_development,independent_single_run,,14,search_7_15Hz_prom_1.5dB,7.0,15.0,1.5,10.5,10.5,7.128856217690895,1.330122503854775,well_defined_interior,True,,15,C3/Cz/C4_mean_log_psd,T0_rest_only,False
8,method_development,leave_one_run_out,6,10/14,search_7_15Hz_prom_1.5dB,7.0,15.0,1.5,10.25,10.25,6.727765187249304,1.2143269368925558,well_defined_interior,True,,30,C3/Cz/C4_mean_log_psd,T0_rest_only,False
8,method_development,leave_one_run_out,10,6/14,search_7_15Hz_prom_1.5dB,7.0,15.0,1.5,10.5,10.5,4.53727883546,1.218500146157076,well_defined_interior,True,,30,C3/Cz/C4_mean_log_psd,T0_rest_only,False
8,method_development,leave_one_run_out,14,6/10,search_7_15Hz_prom_1.5dB,7.0,15.0,1.5,10.75,10.75,4.068964816752896,1.0610627954174516,well_defined_interior,True,,30,C3/Cz/C4_mean_log_psd,T0_rest_only,False
10,method_development,independent_single_run,,6,search_7_14Hz_prom_0.5dB,7.0,14.0,0.5,11.5,11.5,3.9464418446559932,1.5812667876433557,well_defined_interior,True,,15,C3/Cz/C4_mean_log_psd,T0_rest_only,False
10,method_development,independent_single_run,,10,search_7_14Hz_prom_0.5dB,7.0,14.0,0.5,11.5,11.5,3.2972143622582593,0.9143280328607917,well_defined_interior,True,,15,C3/Cz/C4_mean_log_psd,T0_rest_only,False
10,method_development,independent_single_run,,14,search_7_14Hz_prom_0.5dB,7.0,14.0,0.5,11.5,11.5,3.8520897622843364,1.0137053871133404,well_defined_interior,True,,15,C3/Cz/C4_mean_log_psd,T0_rest_only,False
10,method_development,leave_one_run_out,6,10/14,search_7_14Hz_prom_0.5dB,7.0,14.0,0.5,11.5,11.5,3.128248408325959,0.9222297758723292,well_defined_interior,True,,30,C3/Cz/C4_mean_log_psd,T0_rest_only,False
10,method_development,leave_one_run_out,10,6/14,search_7_14Hz_prom_0.5dB,7.0,14.0,0.5,11.5,11.5,3.3955189727342514,1.1423842269197246,well_defined_interior,True,,30,C3/Cz/C4_mean_log_psd,T0_rest_only,False
10,method_development,leave_one_run_out,14,6/10,search_7_14Hz_prom_0.5dB,7.0,14.0,0.5,11.5,11.5,3.6218281034571476,1.601219017826867,well_defined_interior,True,,30,C3/Cz/C4_mean_log_psd,T0_rest_only,False
10,method_development,independent_single_run,,6,search_7_14Hz_prom_1dB,7.0,14.0,1.0,11.5,11.5,3.9464418446559932,1.5812667876433557,well_defined_interior,True,,15,C3/Cz/C4_mean_log_psd,T0_rest_only,False
10,method_development,independent_single_run,,10,search_7_14Hz_prom_1dB,7.0,14.0,1.0,11.5,11.5,3.2972143622582593,0.9143280328607917,well_defined_interior,True,,15,C3/Cz/C4_mean_log_psd,T0_rest_only,False
10,method_development,independent_single_run,,14,search_7_14Hz_prom_1dB,7.0,14.0,1.0,11.5,11.5,3.8520897622843364,1.0137053871133404,well_defined_interior,True,,15,C3/Cz/C4_mean_log_psd,T0_rest_only,False
10,method_development,leave_one_run_out,6,10/14,search_7_14Hz_prom_1dB,7.0,14.0,1.0,11.5,11.5,3.128248408325959,0.9222297758723292,well_defined_interior,True,,30,C3/Cz/C4_mean_log_psd,T0_rest_only,False
10,method_development,leave_one_run_out,10,6/14,search_7_14Hz_prom_1dB,7.0,14.0,1.0,11.5,11.5,3.3955189727342514,1.1423842269197246,well_defined_interior,True,,30,C3/Cz/C4_mean_log_psd,T0_rest_only,False
10,method_development,leave_one_run_out,14,6/10,search_7_14Hz_prom_1dB,7.0,14.0,1.0,11.5,11.5,3.6218281034571476,1.601219017826867,well_defined_interior,True,,30,C3/Cz/C4_mean_log_psd,T0_rest_only,False
10,method_development,independent_single_run,,6,search_7_14Hz_prom_1.5dB,7.0,14.0,1.5,11.5,11.5,3.9464418446559932,1.5812667876433557,well_defined_interior,True,,15,C3/Cz/C4_mean_log_psd,T0_rest_only,False
10,method_development,independent_single_run,,10,search_7_14Hz_prom_1.5dB,7.0,14.0,1.5,11.5,11.5,3.2972143622582593,0.9143280328607917,well_defined_interior,True,,15,C3/Cz/C4_mean_log_psd,T0_rest_only,False
10,method_development,independent_single_run,,14,search_7_14Hz_prom_1.5dB,7.0,14.0,1.5,11.5,11.5,3.8520897622843364,1.0137053871133404,well_defined_interior,True,,15,C3/Cz/C4_mean_log_psd,T0_rest_only,False
10,method_development,leave_one_run_out,6,10/14,search_7_14Hz_prom_1.5dB,7.0,14.0,1.5,11.5,11.5,3.128248408325959,0.9222297758723292,well_defined_interior,True,,30,C3/Cz/C4_mean_log_psd,T0_rest_only,False
10,method_development,leave_one_run_out,10,6/14,search_7_14Hz_prom_1.5dB,7.0,14.0,1.5,11.5,11.5,3.3955189727342514,1.1423842269197246,well_defined_interior,True,,30,C3/Cz/C4_mean_log_psd,T0_rest_only,False
10,method_development,leave_one_run_out,14,6/10,search_7_14Hz_prom_1.5dB,7.0,14.0,1.5,11.5,11.5,3.6218281034571476,1.601219017826867,well_defined_interior,True,,30,C3/Cz/C4_mean_log_psd,T0_rest_only,False
10,method_development,independent_single_run,,6,search_6_14Hz_prom_0.5dB,6.0,14.0,0.5,11.5,11.5,3.9464418446559932,1.5812667876433562,well_defined_interior,True,,15,C3/Cz/C4_mean_log_psd,T0_rest_only,False
10,method_development,independent_single_run,,10,search_6_14Hz_prom_0.5dB,6.0,14.0,0.5,11.5,11.5,3.2972143622582593,0.9143280328607917,well_defined_interior,True,,15,C3/Cz/C4_mean_log_psd,T0_rest_only,False
10,method_development,independent_single_run,,14,search_6_14Hz_prom_0.5dB,6.0,14.0,0.5,11.5,11.5,3.8520897622843364,1.0137053871133404,well_defined_interior,True,,15,C3/Cz/C4_mean_log_psd,T0_rest_only,False
10,method_development,leave_one_run_out,6,10/14,search_6_14Hz_prom_0.5dB,6.0,14.0,0.5,11.5,11.5,3.128248408325959,0.9222297758723297,well_defined_interior,True,,30,C3/Cz/C4_mean_log_psd,T0_rest_only,False
10,method_development,leave_one_run_out,10,6/14,search_6_14Hz_prom_0.5dB,6.0,14.0,0.5,11.5,11.5,3.3955189727342514,1.1423842269197246,well_defined_interior,True,,30,C3/Cz/C4_mean_log_psd,T0_rest_only,False
10,method_development,leave_one_run_out,14,6/10,search_6_14Hz_prom_0.5dB,6.0,14.0,0.5,11.5,11.5,3.6218281034571476,1.6012190178268666,well_defined_interior,True,,30,C3/Cz/C4_mean_log_psd,T0_rest_only,False
10,method_development,independent_single_run,,6,search_6_14Hz_prom_1dB,6.0,14.0,1.0,11.5,11.5,3.9464418446559932,1.5812667876433562,well_defined_interior,True,,15,C3/Cz/C4_mean_log_psd,T0_rest_only,False
10,method_development,independent_single_run,,10,search_6_14Hz_prom_1dB,6.0,14.0,1.0,11.5,11.5,3.2972143622582593,0.9143280328607917,well_defined_interior,True,,15,C3/Cz/C4_mean_log_psd,T0_rest_only,False
10,method_development,independent_single_run,,14,search_6_14Hz_prom_1dB,6.0,14.0,1.0,11.5,11.5,3.8520897622843364,1.0137053871133404,well_defined_interior,True,,15,C3/Cz/C4_mean_log_psd,T0_rest_only,False
10,method_development,leave_one_run_out,6,10/14,search_6_14Hz_prom_1dB,6.0,14.0,1.0,11.5,11.5,3.128248408325959,0.9222297758723297,well_defined_interior,True,,30,C3/Cz/C4_mean_log_psd,T0_rest_only,False
10,method_development,leave_one_run_out,10,6/14,search_6_14Hz_prom_1dB,6.0,14.0,1.0,11.5,11.5,3.3955189727342514,1.1423842269197246,well_defined_interior,True,,30,C3/Cz/C4_mean_log_psd,T0_rest_only,False
10,method_development,leave_one_run_out,14,6/10,search_6_14Hz_prom_1dB,6.0,14.0,1.0,11.5,11.5,3.6218281034571476,1.6012190178268666,well_defined_interior,True,,30,C3/Cz/C4_mean_log_psd,T0_rest_only,False
10,method_development,independent_single_run,,6,search_6_14Hz_prom_1.5dB,6.0,14.0,1.5,11.5,11.5,3.9464418446559932,1.5812667876433562,well_defined_interior,True,,15,C3/Cz/C4_mean_log_psd,T0_rest_only,False
10,method_development,independent_single_run,,10,search_6_14Hz_prom_1.5dB,6.0,14.0,1.5,11.5,11.5,3.2972143622582593,0.9143280328607917,well_defined_interior,True,,15,C3/Cz/C4_mean_log_psd,T0_rest_only,False
10,method_development,independent_single_run,,14,search_6_14Hz_prom_1.5dB,6.0,14.0,1.5,11.5,11.5,3.8520897622843364,1.0137053871133404,well_defined_interior,True,,15,C3/Cz/C4_mean_log_psd,T0_rest_only,False
10,method_development,leave_one_run_out,6,10/14,search_6_14Hz_prom_1.5dB,6.0,14.0,1.5,11.5,11.5,3.128248408325959,0.9222297758723297,well_defined_interior,True,,30,C3/Cz/C4_mean_log_psd,T0_rest_only,False
10,method_development,leave_one_run_out,10,6/14,search_6_14Hz_prom_1.5dB,6.0,14.0,1.5,11.5,11.5,3.3955189727342514,1.1423842269197246,well_defined_interior,True,,30,C3/Cz/C4_mean_log_psd,T0_rest_only,False
10,method_development,leave_one_run_out,14,6/10,search_6_14Hz_prom_1.5dB,6.0,14.0,1.5,11.5,11.5,3.6218281034571476,1.6012190178268666,well_defined_interior,True,,30,C3/Cz/C4_mean_log_psd,T0_rest_only,False
10,method_development,independent_single_run,,6,search_7_15Hz_prom_0.5dB,7.0,15.0,0.5,11.5,11.5,3.9464418446559932,1.5812667876433557,well_defined_interior,True,,15,C3/Cz/C4_mean_log_psd,T0_rest_only,False
10,method_development,independent_single_run,,10,search_7_15Hz_prom_0.5dB,7.0,15.0,0.5,11.5,11.5,3.2972143622582593,0.9143280328607917,well_defined_interior,True,,15,C3/Cz/C4_mean_log_psd,T0_rest_only,False
10,method_development,independent_single_run,,14,search_7_15Hz_prom_0.5dB,7.0,15.0,0.5,11.5,11.5,3.8520897622843364,1.0137053871133404,well_defined_interior,True,,15,C3/Cz/C4_mean_log_psd,T0_rest_only,False
10,method_development,leave_one_run_out,6,10/14,search_7_15Hz_prom_0.5dB,7.0,15.0,0.5,11.5,11.5,3.128248408325959,0.9222297758723292,well_defined_interior,True,,30,C3/Cz/C4_mean_log_psd,T0_rest_only,False
10,method_development,leave_one_run_out,10,6/14,search_7_15Hz_prom_0.5dB,7.0,15.0,0.5,11.5,11.5,3.3955189727342514,1.1423842269197246,well_defined_interior,True,,30,C3/Cz/C4_mean_log_psd,T0_rest_only,False
10,method_development,leave_one_run_out,14,6/10,search_7_15Hz_prom_0.5dB,7.0,15.0,0.5,11.5,11.5,3.6218281034571476,1.601219017826867,well_defined_interior,True,,30,C3/Cz/C4_mean_log_psd,T0_rest_only,False
10,method_development,independent_single_run,,6,search_7_15Hz_prom_1dB,7.0,15.0,1.0,11.5,11.5,3.9464418446559932,1.5812667876433557,well_defined_interior,True,,15,C3/Cz/C4_mean_log_psd,T0_rest_only,False
10,method_development,independent_single_run,,10,search_7_15Hz_prom_1dB,7.0,15.0,1.0,11.5,11.5,3.2972143622582593,0.9143280328607917,well_defined_interior,True,,15,C3/Cz/C4_mean_log_psd,T0_rest_only,False
10,method_development,independent_single_run,,14,search_7_15Hz_prom_1dB,7.0,15.0,1.0,11.5,11.5,3.8520897622843364,1.0137053871133404,well_defined_interior,True,,15,C3/Cz/C4_mean_log_psd,T0_rest_only,False
10,method_development,leave_one_run_out,6,10/14,search_7_15Hz_prom_1dB,7.0,15.0,1.0,11.5,11.5,3.128248408325959,0.9222297758723292,well_defined_interior,True,,30,C3/Cz/C4_mean_log_psd,T0_rest_only,False
10,method_development,leave_one_run_out,10,6/14,search_7_15Hz_prom_1dB,7.0,15.0,1.0,11.5,11.5,3.3955189727342514,1.1423842269197246,well_defined_interior,True,,30,C3/Cz/C4_mean_log_psd,T0_rest_only,False
10,method_development,leave_one_run_out,14,6/10,search_7_15Hz_prom_1dB,7.0,15.0,1.0,11.5,11.5,3.6218281034571476,1.601219017826867,well_defined_interior,True,,30,C3/Cz/C4_mean_log_psd,T0_rest_only,False
10,method_development,independent_single_run,,6,search_7_15Hz_prom_1.5dB,7.0,15.0,1.5,11.5,11.5,3.9464418446559932,1.5812667876433557,well_defined_interior,True,,15,C3/Cz/C4_mean_log_psd,T0_rest_only,False
10,method_development,independent_single_run,,10,search_7_15Hz_prom_1.5dB,7.0,15.0,1.5,11.5,11.5,3.2972143622582593,0.9143280328607917,well_defined_interior,True,,15,C3/Cz/C4_mean_log_psd,T0_rest_only,False
10,method_development,independent_single_run,,14,search_7_15Hz_prom_1.5dB,7.0,15.0,1.5,11.5,11.5,3.8520897622843364,1.0137053871133404,well_defined_interior,True,,15,C3/Cz/C4_mean_log_psd,T0_rest_only,False
10,method_development,leave_one_run_out,6,10/14,search_7_15Hz_prom_1.5dB,7.0,15.0,1.5,11.5,11.5,3.128248408325959,0.9222297758723292,well_defined_interior,True,,30,C3/Cz/C4_mean_log_psd,T0_rest_only,False
10,method_development,leave_one_run_out,10,6/14,search_7_15Hz_prom_1.5dB,7.0,15.0,1.5,11.5,11.5,3.3955189727342514,1.1423842269197246,well_defined_interior,True,,30,C3/Cz/C4_mean_log_psd,T0_rest_only,False
10,method_development,leave_one_run_out,14,6/10,search_7_15Hz_prom_1.5dB,7.0,15.0,1.5,11.5,11.5,3.6218281034571476,1.601219017826867,well_defined_interior,True,,30,C3/Cz/C4_mean_log_psd,T0_rest_only,False
12,method_development,independent_single_run,,6,search_7_14Hz_prom_0.5dB,7.0,14.0,0.5,11.75,11.75,2.6528073741236113,0.6695174315326042,well_defined_interior,True,,15,C3/Cz/C4_mean_log_psd,T0_rest_only,False
12,method_development,independent_single_run,,10,search_7_14Hz_prom_0.5dB,7.0,14.0,0.5,11.75,11.75,3.547695911251708,0.971821274590547,well_defined_interior,True,,15,C3/Cz/C4_mean_log_psd,T0_rest_only,False
12,method_development,independent_single_run,,14,search_7_14Hz_prom_0.5dB,7.0,14.0,0.5,11.5,11.5,3.683828410608214,1.2775929015761172,well_defined_interior,True,,15,C3/Cz/C4_mean_log_psd,T0_rest_only,False
12,method_development,leave_one_run_out,6,10/14,search_7_14Hz_prom_0.5dB,7.0,14.0,0.5,11.5,11.5,3.1880418405479816,1.0961485583026453,well_defined_interior,True,,30,C3/Cz/C4_mean_log_psd,T0_rest_only,False
12,method_development,leave_one_run_out,10,6/14,search_7_14Hz_prom_0.5dB,7.0,14.0,0.5,11.75,11.75,1.9969775399054157,0.8869084350161138,well_defined_interior,True,,30,C3/Cz/C4_mean_log_psd,T0_rest_only,False
12,method_development,leave_one_run_out,14,6/10,search_7_14Hz_prom_0.5dB,7.0,14.0,0.5,11.75,11.75,2.820649891716158,0.8272802478417622,well_defined_interior,True,,30,C3/Cz/C4_mean_log_psd,T0_rest_only,False
12,method_development,independent_single_run,,6,search_7_14Hz_prom_1dB,7.0,14.0,1.0,11.75,11.75,2.6528073741236113,0.6695174315326042,well_defined_interior,True,,15,C3/Cz/C4_mean_log_psd,T0_rest_only,False
12,method_development,independent_single_run,,10,search_7_14Hz_prom_1dB,7.0,14.0,1.0,11.75,11.75,3.547695911251708,0.971821274590547,well_defined_interior,True,,15,C3/Cz/C4_mean_log_psd,T0_rest_only,False
12,method_development,independent_single_run,,14,search_7_14Hz_prom_1dB,7.0,14.0,1.0,11.5,11.5,3.683828410608214,1.2775929015761172,well_defined_interior,True,,15,C3/Cz/C4_mean_log_psd,T0_rest_only,False
12,method_development,leave_one_run_out,6,10/14,search_7_14Hz_prom_1dB,7.0,14.0,1.0,11.5,11.5,3.1880418405479816,1.0961485583026453,well_defined_interior,True,,30,C3/Cz/C4_mean_log_psd,T0_rest_only,False
12,method_development,leave_one_run_out,10,6/14,search_7_14Hz_prom_1dB,7.0,14.0,1.0,11.75,11.75,1.9969775399054157,0.8869084350161138,well_defined_interior,True,,30,C3/Cz/C4_mean_log_psd,T0_rest_only,False
12,method_development,leave_one_run_out,14,6/10,search_7_14Hz_prom_1dB,7.0,14.0,1.0,11.75,11.75,2.820649891716158,0.8272802478417622,well_defined_interior,True,,30,C3/Cz/C4_mean_log_psd,T0_rest_only,False
12,method_development,independent_single_run,,6,search_7_14Hz_prom_1.5dB,7.0,14.0,1.5,11.75,11.75,2.6528073741236113,0.6695174315326042,well_defined_interior,True,,15,C3/Cz/C4_mean_log_psd,T0_rest_only,False
12,method_development,independent_single_run,,10,search_7_14Hz_prom_1.5dB,7.0,14.0,1.5,11.75,11.75,3.547695911251708,0.971821274590547,well_defined_interior,True,,15,C3/Cz/C4_mean_log_psd,T0_rest_only,False
12,method_development,independent_single_run,,14,search_7_14Hz_prom_1.5dB,7.0,14.0,1.5,11.5,11.5,3.683828410608214,1.2775929015761172,well_defined_interior,True,,15,C3/Cz/C4_mean_log_psd,T0_rest_only,False
12,method_development,leave_one_run_out,6,10/14,search_7_14Hz_prom_1.5dB,7.0,14.0,1.5,11.5,11.5,3.1880418405479816,1.0961485583026453,well_defined_interior,True,,30,C3/Cz/C4_mean_log_psd,T0_rest_only,False
12,method_development,leave_one_run_out,10,6/14,search_7_14Hz_prom_1.5dB,7.0,14.0,1.5,11.75,11.75,1.9969775399054157,0.8869084350161138,well_defined_interior,True,,30,C3/Cz/C4_mean_log_psd,T0_rest_only,False
12,method_development,leave_one_run_out,14,6/10,search_7_14Hz_prom_1.5dB,7.0,14.0,1.5,11.75,11.75,2.820649891716158,0.8272802478417622,well_defined_interior,True,,30,C3/Cz/C4_mean_log_psd,T0_rest_only,False
12,method_development,independent_single_run,,6,search_6_14Hz_prom_0.5dB,6.0,14.0,0.5,11.75,11.75,2.6528073741236113,0.6695174315326042,well_defined_interior,True,,15,C3/Cz/C4_mean_log_psd,T0_rest_only,False
12,method_development,independent_single_run,,10,search_6_14Hz_prom_0.5dB,6.0,14.0,0.5,11.75,11.75,3.547695911251708,0.971821274590547,well_defined_interior,True,,15,C3/Cz/C4_mean_log_psd,T0_rest_only,False
12,method_development,independent_single_run,,14,search_6_14Hz_prom_0.5dB,6.0,14.0,0.5,11.5,11.5,3.683828410608214,1.2775929015761172,well_defined_interior,True,,15,C3/Cz/C4_mean_log_psd,T0_rest_only,False
12,method_development,leave_one_run_out,6,10/14,search_6_14Hz_prom_0.5dB,6.0,14.0,0.5,11.5,11.5,3.1880418405479816,1.0961485583026453,well_defined_interior,True,,30,C3/Cz/C4_mean_log_psd,T0_rest_only,False
12,method_development,leave_one_run_out,10,6/14,search_6_14Hz_prom_0.5dB,6.0,14.0,0.5,11.75,11.75,1.9969775399054157,0.8869084350161138,well_defined_interior,True,,30,C3/Cz/C4_mean_log_psd,T0_rest_only,False
12,method_development,leave_one_run_out,14,6/10,search_6_14Hz_prom_0.5dB,6.0,14.0,0.5,11.75,11.75,2.820649891716158,0.8272802478417622,well_defined_interior,True,,30,C3/Cz/C4_mean_log_psd,T0_rest_only,False
12,method_development,independent_single_run,,6,search_6_14Hz_prom_1dB,6.0,14.0,1.0,11.75,11.75,2.6528073741236113,0.6695174315326042,well_defined_interior,True,,15,C3/Cz/C4_mean_log_psd,T0_rest_only,False
12,method_development,independent_single_run,,10,search_6_14Hz_prom_1dB,6.0,14.0,1.0,11.75,11.75,3.547695911251708,0.971821274590547,well_defined_interior,True,,15,C3/Cz/C4_mean_log_psd,T0_rest_only,False
12,method_development,independent_single_run,,14,search_6_14Hz_prom_1dB,6.0,14.0,1.0,11.5,11.5,3.683828410608214,1.2775929015761172,well_defined_interior,True,,15,C3/Cz/C4_mean_log_psd,T0_rest_only,False
12,method_development,leave_one_run_out,6,10/14,search_6_14Hz_prom_1dB,6.0,14.0,1.0,11.5,11.5,3.1880418405479816,1.0961485583026453,well_defined_interior,True,,30,C3/Cz/C4_mean_log_psd,T0_rest_only,False
12,method_development,leave_one_run_out,10,6/14,search_6_14Hz_prom_1dB,6.0,14.0,1.0,11.75,11.75,1.9969775399054157,0.8869084350161138,well_defined_interior,True,,30,C3/Cz/C4_mean_log_psd,T0_rest_only,False
12,method_development,leave_one_run_out,14,6/10,search_6_14Hz_prom_1dB,6.0,14.0,1.0,11.75,11.75,2.820649891716158,0.8272802478417622,well_defined_interior,True,,30,C3/Cz/C4_mean_log_psd,T0_rest_only,False
12,method_development,independent_single_run,,6,search_6_14Hz_prom_1.5dB,6.0,14.0,1.5,11.75,11.75,2.6528073741236113,0.6695174315326042,well_defined_interior,True,,15,C3/Cz/C4_mean_log_psd,T0_rest_only,False
12,method_development,independent_single_run,,10,search_6_14Hz_prom_1.5dB,6.0,14.0,1.5,11.75,11.75,3.547695911251708,0.971821274590547,well_defined_interior,True,,15,C3/Cz/C4_mean_log_psd,T0_rest_only,False
12,method_development,independent_single_run,,14,search_6_14Hz_prom_1.5dB,6.0,14.0,1.5,11.5,11.5,3.683828410608214,1.2775929015761172,well_defined_interior,True,,15,C3/Cz/C4_mean_log_psd,T0_rest_only,False
12,method_development,leave_one_run_out,6,10/14,search_6_14Hz_prom_1.5dB,6.0,14.0,1.5,11.5,11.5,3.1880418405479816,1.0961485583026453,well_defined_interior,True,,30,C3/Cz/C4_mean_log_psd,T0_rest_only,False
12,method_development,leave_one_run_out,10,6/14,search_6_14Hz_prom_1.5dB,6.0,14.0,1.5,11.75,11.75,1.9969775399054157,0.8869084350161138,well_defined_interior,True,,30,C3/Cz/C4_mean_log_psd,T0_rest_only,False
12,method_development,leave_one_run_out,14,6/10,search_6_14Hz_prom_1.5dB,6.0,14.0,1.5,11.75,11.75,2.820649891716158,0.8272802478417622,well_defined_interior,True,,30,C3/Cz/C4_mean_log_psd,T0_rest_only,False
12,method_development,independent_single_run,,6,search_7_15Hz_prom_0.5dB,7.0,15.0,0.5,11.75,11.75,2.6528073741236113,0.6695174315326042,well_defined_interior,True,,15,C3/Cz/C4_mean_log_psd,T0_rest_only,False
12,method_development,independent_single_run,,10,search_7_15Hz_prom_0.5dB,7.0,15.0,0.5,11.75,11.75,3.547695911251708,0.971821274590547,well_defined_interior,True,,15,C3/Cz/C4_mean_log_psd,T0_rest_only,False
12,method_development,independent_single_run,,14,search_7_15Hz_prom_0.5dB,7.0,15.0,0.5,11.5,11.5,3.683828410608214,1.2775929015761172,well_defined_interior,True,,15,C3/Cz/C4_mean_log_psd,T0_rest_only,False
12,method_development,leave_one_run_out,6,10/14,search_7_15Hz_prom_0.5dB,7.0,15.0,0.5,11.5,11.5,3.1880418405479816,1.0961485583026453,well_defined_interior,True,,30,C3/Cz/C4_mean_log_psd,T0_rest_only,False
12,method_development,leave_one_run_out,10,6/14,search_7_15Hz_prom_0.5dB,7.0,15.0,0.5,11.75,11.75,1.9969775399054157,0.8869084350161138,well_defined_interior,True,,30,C3/Cz/C4_mean_log_psd,T0_rest_only,False
12,method_development,leave_one_run_out,14,6/10,search_7_15Hz_prom_0.5dB,7.0,15.0,0.5,11.75,11.75,2.820649891716158,0.8272802478417622,well_defined_interior,True,,30,C3/Cz/C4_mean_log_psd,T0_rest_only,False
12,method_development,independent_single_run,,6,search_7_15Hz_prom_1dB,7.0,15.0,1.0,11.75,11.75,2.6528073741236113,0.6695174315326042,well_defined_interior,True,,15,C3/Cz/C4_mean_log_psd,T0_rest_only,False
12,method_development,independent_single_run,,10,search_7_15Hz_prom_1dB,7.0,15.0,1.0,11.75,11.75,3.547695911251708,0.971821274590547,well_defined_interior,True,,15,C3/Cz/C4_mean_log_psd,T0_rest_only,False
12,method_development,independent_single_run,,14,search_7_15Hz_prom_1dB,7.0,15.0,1.0,11.5,11.5,3.683828410608214,1.2775929015761172,well_defined_interior,True,,15,C3/Cz/C4_mean_log_psd,T0_rest_only,False
12,method_development,leave_one_run_out,6,10/14,search_7_15Hz_prom_1dB,7.0,15.0,1.0,11.5,11.5,3.1880418405479816,1.0961485583026453,well_defined_interior,True,,30,C3/Cz/C4_mean_log_psd,T0_rest_only,False
12,method_development,leave_one_run_out,10,6/14,search_7_15Hz_prom_1dB,7.0,15.0,1.0,11.75,11.75,1.9969775399054157,0.8869084350161138,well_defined_interior,True,,30,C3/Cz/C4_mean_log_psd,T0_rest_only,False
12,method_development,leave_one_run_out,14,6/10,search_7_15Hz_prom_1dB,7.0,15.0,1.0,11.75,11.75,2.820649891716158,0.8272802478417622,well_defined_interior,True,,30,C3/Cz/C4_mean_log_psd,T0_rest_only,False
12,method_development,independent_single_run,,6,search_7_15Hz_prom_1.5dB,7.0,15.0,1.5,11.75,11.75,2.6528073741236113,0.6695174315326042,well_defined_interior,True,,15,C3/Cz/C4_mean_log_psd,T0_rest_only,False
12,method_development,independent_single_run,,10,search_7_15Hz_prom_1.5dB,7.0,15.0,1.5,11.75,11.75,3.547695911251708,0.971821274590547,well_defined_interior,True,,15,C3/Cz/C4_mean_log_psd,T0_rest_only,False
12,method_development,independent_single_run,,14,search_7_15Hz_prom_1.5dB,7.0,15.0,1.5,11.5,11.5,3.683828410608214,1.2775929015761172,well_defined_interior,True,,15,C3/Cz/C4_mean_log_psd,T0_rest_only,False
12,method_development,leave_one_run_out,6,10/14,search_7_15Hz_prom_1.5dB,7.0,15.0,1.5,11.5,11.5,3.1880418405479816,1.0961485583026453,well_defined_interior,True,,30,C3/Cz/C4_mean_log_psd,T0_rest_only,False
12,method_development,leave_one_run_out,10,6/14,search_7_15Hz_prom_1.5dB,7.0,15.0,1.5,11.75,11.75,1.9969775399054157,0.8869084350161138,well_defined_interior,True,,30,C3/Cz/C4_mean_log_psd,T0_rest_only,False
12,method_development,leave_one_run_out,14,6/10,search_7_15Hz_prom_1.5dB,7.0,15.0,1.5,11.75,11.75,2.820649891716158,0.8272802478417622,well_defined_interior,True,,30,C3/Cz/C4_mean_log_psd,T0_rest_only,False
14,method_development,independent_single_run,,6,search_7_14Hz_prom_0.5dB,7.0,14.0,0.5,11.5,11.5,4.121314859567207,2.825237510767777,well_defined_interior,True,,15,C3/Cz/C4_mean_log_psd,T0_rest_only,False
14,method_development,independent_single_run,,10,search_7_14Hz_prom_0.5dB,7.0,14.0,0.5,10.0,10.0,5.794632756325839,2.5603605569684262,well_defined_interior,True,,15,C3/Cz/C4_mean_log_psd,T0_rest_only,False
14,method_development,independent_single_run,,14,search_7_14Hz_prom_0.5dB,7.0,14.0,0.5,9.25,9.25,6.430097481185214,1.9070718618553564,well_defined_interior,True,,15,C3/Cz/C4_mean_log_psd,T0_rest_only,False
14,method_development,leave_one_run_out,6,10/14,search_7_14Hz_prom_0.5dB,7.0,14.0,0.5,9.75,9.75,5.84909023293163,4.5050569795240225,well_defined_interior,True,,30,C3/Cz/C4_mean_log_psd,T0_rest_only,False
14,method_development,leave_one_run_out,10,6/14,search_7_14Hz_prom_0.5dB,7.0,14.0,0.5,11.5,11.5,3.7386224681524425,4.890157902813603,well_defined_interior,True,,30,C3/Cz/C4_mean_log_psd,T0_rest_only,False
14,method_development,leave_one_run_out,14,6/10,search_7_14Hz_prom_0.5dB,7.0,14.0,0.5,11.5,11.5,4.864589237335835,3.1388232820497164,well_defined_interior,True,,30,C3/Cz/C4_mean_log_psd,T0_rest_only,False
14,method_development,independent_single_run,,6,search_7_14Hz_prom_1dB,7.0,14.0,1.0,11.5,11.5,4.121314859567207,2.825237510767777,well_defined_interior,True,,15,C3/Cz/C4_mean_log_psd,T0_rest_only,False
14,method_development,independent_single_run,,10,search_7_14Hz_prom_1dB,7.0,14.0,1.0,10.0,10.0,5.794632756325839,2.5603605569684262,well_defined_interior,True,,15,C3/Cz/C4_mean_log_psd,T0_rest_only,False
14,method_development,independent_single_run,,14,search_7_14Hz_prom_1dB,7.0,14.0,1.0,9.25,9.25,6.430097481185214,1.9070718618553564,well_defined_interior,True,,15,C3/Cz/C4_mean_log_psd,T0_rest_only,False
14,method_development,leave_one_run_out,6,10/14,search_7_14Hz_prom_1dB,7.0,14.0,1.0,9.75,9.75,5.84909023293163,4.5050569795240225,well_defined_interior,True,,30,C3/Cz/C4_mean_log_psd,T0_rest_only,False
14,method_development,leave_one_run_out,10,6/14,search_7_14Hz_prom_1dB,7.0,14.0,1.0,11.5,11.5,3.7386224681524425,4.890157902813603,well_defined_interior,True,,30,C3/Cz/C4_mean_log_psd,T0_rest_only,False
14,method_development,leave_one_run_out,14,6/10,search_7_14Hz_prom_1dB,7.0,14.0,1.0,11.5,11.5,4.864589237335835,3.1388232820497164,well_defined_interior,True,,30,C3/Cz/C4_mean_log_psd,T0_rest_only,False
14,method_development,independent_single_run,,6,search_7_14Hz_prom_1.5dB,7.0,14.0,1.5,11.5,11.5,4.121314859567207,2.825237510767777,well_defined_interior,True,,15,C3/Cz/C4_mean_log_psd,T0_rest_only,False
14,method_development,independent_single_run,,10,search_7_14Hz_prom_1.5dB,7.0,14.0,1.5,10.0,10.0,5.794632756325839,2.5603605569684262,well_defined_interior,True,,15,C3/Cz/C4_mean_log_psd,T0_rest_only,False
14,method_development,independent_single_run,,14,search_7_14Hz_prom_1.5dB,7.0,14.0,1.5,9.25,9.25,6.430097481185214,1.9070718618553564,well_defined_interior,True,,15,C3/Cz/C4_mean_log_psd,T0_rest_only,False
14,method_development,leave_one_run_out,6,10/14,search_7_14Hz_prom_1.5dB,7.0,14.0,1.5,9.75,9.75,5.84909023293163,4.5050569795240225,well_defined_interior,True,,30,C3/Cz/C4_mean_log_psd,T0_rest_only,False
14,method_development,leave_one_run_out,10,6/14,search_7_14Hz_prom_1.5dB,7.0,14.0,1.5,11.5,11.5,3.7386224681524425,4.890157902813603,well_defined_interior,True,,30,C3/Cz/C4_mean_log_psd,T0_rest_only,False
14,method_development,leave_one_run_out,14,6/10,search_7_14Hz_prom_1.5dB,7.0,14.0,1.5,11.5,11.5,4.864589237335835,3.1388232820497164,well_defined_interior,True,,30,C3/Cz/C4_mean_log_psd,T0_rest_only,False
14,method_development,independent_single_run,,6,search_6_14Hz_prom_0.5dB,6.0,14.0,0.5,11.5,11.5,4.252383226291386,2.848188085609531,well_defined_interior,True,,15,C3/Cz/C4_mean_log_psd,T0_rest_only,False
14,method_development,independent_single_run,,10,search_6_14Hz_prom_0.5dB,6.0,14.0,0.5,10.0,10.0,5.794632756325839,2.5603605569684262,well_defined_interior,True,,15,C3/Cz/C4_mean_log_psd,T0_rest_only,False
14,method_development,independent_single_run,,14,search_6_14Hz_prom_0.5dB,6.0,14.0,0.5,9.25,9.25,6.601691139157012,1.9496585355624956,well_defined_interior,True,,15,C3/Cz/C4_mean_log_psd,T0_rest_only,False
14,method_development,leave_one_run_out,6,10/14,search_6_14Hz_prom_0.5dB,6.0,14.0,0.5,9.75,9.75,5.84909023293163,4.5050569795240225,well_defined_interior,True,,30,C3/Cz/C4_mean_log_psd,T0_rest_only,False
14,method_development,leave_one_run_out,10,6/14,search_6_14Hz_prom_0.5dB,6.0,14.0,0.5,11.5,11.5,3.974077088007462,5.081796799289247,well_defined_interior,True,,30,C3/Cz/C4_mean_log_psd,T0_rest_only,False
14,method_development,leave_one_run_out,14,6/10,search_6_14Hz_prom_0.5dB,6.0,14.0,0.5,11.5,11.5,4.864589237335835,3.1388232820497164,well_defined_interior,True,,30,C3/Cz/C4_mean_log_psd,T0_rest_only,False
14,method_development,independent_single_run,,6,search_6_14Hz_prom_1dB,6.0,14.0,1.0,11.5,11.5,4.252383226291386,2.848188085609531,well_defined_interior,True,,15,C3/Cz/C4_mean_log_psd,T0_rest_only,False
14,method_development,independent_single_run,,10,search_6_14Hz_prom_1dB,6.0,14.0,1.0,10.0,10.0,5.794632756325839,2.5603605569684262,well_defined_interior,True,,15,C3/Cz/C4_mean_log_psd,T0_rest_only,False
14,method_development,independent_single_run,,14,search_6_14Hz_prom_1dB,6.0,14.0,1.0,9.25,9.25,6.601691139157012,1.9496585355624956,well_defined_interior,True,,15,C3/Cz/C4_mean_log_psd,T0_rest_only,False
14,method_development,leave_one_run_out,6,10/14,search_6_14Hz_prom_1dB,6.0,14.0,1.0,9.75,9.75,5.84909023293163,4.5050569795240225,well_defined_interior,True,,30,C3/Cz/C4_mean_log_psd,T0_rest_only,False
14,method_development,leave_one_run_out,10,6/14,search_6_14Hz_prom_1dB,6.0,14.0,1.0,11.5,11.5,3.974077088007462,5.081796799289247,well_defined_interior,True,,30,C3/Cz/C4_mean_log_psd,T0_rest_only,False
14,method_development,leave_one_run_out,14,6/10,search_6_14Hz_prom_1dB,6.0,14.0,1.0,11.5,11.5,4.864589237335835,3.1388232820497164,well_defined_interior,True,,30,C3/Cz/C4_mean_log_psd,T0_rest_only,False
14,method_development,independent_single_run,,6,search_6_14Hz_prom_1.5dB,6.0,14.0,1.5,11.5,11.5,4.252383226291386,2.848188085609531,well_defined_interior,True,,15,C3/Cz/C4_mean_log_psd,T0_rest_only,False
14,method_development,independent_single_run,,10,search_6_14Hz_prom_1.5dB,6.0,14.0,1.5,10.0,10.0,5.794632756325839,2.5603605569684262,well_defined_interior,True,,15,C3/Cz/C4_mean_log_psd,T0_rest_only,False
14,method_development,independent_single_run,,14,search_6_14Hz_prom_1.5dB,6.0,14.0,1.5,9.25,9.25,6.601691139157012,1.9496585355624956,well_defined_interior,True,,15,C3/Cz/C4_mean_log_psd,T0_rest_only,False
14,method_development,leave_one_run_out,6,10/14,search_6_14Hz_prom_1.5dB,6.0,14.0,1.5,9.75,9.75,5.84909023293163,4.5050569795240225,well_defined_interior,True,,30,C3/Cz/C4_mean_log_psd,T0_rest_only,False
14,method_development,leave_one_run_out,10,6/14,search_6_14Hz_prom_1.5dB,6.0,14.0,1.5,11.5,11.5,3.974077088007462,5.081796799289247,well_defined_interior,True,,30,C3/Cz/C4_mean_log_psd,T0_rest_only,False
14,method_development,leave_one_run_out,14,6/10,search_6_14Hz_prom_1.5dB,6.0,14.0,1.5,11.5,11.5,4.864589237335835,3.1388232820497164,well_defined_interior,True,,30,C3/Cz/C4_mean_log_psd,T0_rest_only,False
14,method_development,independent_single_run,,6,search_7_15Hz_prom_0.5dB,7.0,15.0,0.5,11.5,11.5,4.121314859567207,2.825237510767777,well_defined_interior,True,,15,C3/Cz/C4_mean_log_psd,T0_rest_only,False
14,method_development,independent_single_run,,10,search_7_15Hz_prom_0.5dB,7.0,15.0,0.5,10.0,10.0,7.2191542972383616,4.840426809702077,well_defined_interior,True,,15,C3/Cz/C4_mean_log_psd,T0_rest_only,False
14,method_development,independent_single_run,,14,search_7_15Hz_prom_0.5dB,7.0,15.0,0.5,9.25,9.25,6.430097481185214,1.9070718618553564,well_defined_interior,True,,15,C3/Cz/C4_mean_log_psd,T0_rest_only,False
14,method_development,leave_one_run_out,6,10/14,search_7_15Hz_prom_0.5dB,7.0,15.0,0.5,9.75,9.75,6.157817168121184,4.833635745360618,well_defined_interior,True,,30,C3/Cz/C4_mean_log_psd,T0_rest_only,False
14,method_development,leave_one_run_out,10,6/14,search_7_15Hz_prom_0.5dB,7.0,15.0,0.5,11.5,11.5,3.7386224681524425,4.890157902813603,well_defined_interior,True,,30,C3/Cz/C4_mean_log_psd,T0_rest_only,False
14,method_development,leave_one_run_out,14,6/10,search_7_15Hz_prom_0.5dB,7.0,15.0,0.5,11.5,11.5,5.093413452118256,3.210296516344285,well_defined_interior,True,,30,C3/Cz/C4_mean_log_psd,T0_rest_only,False
14,method_development,independent_single_run,,6,search_7_15Hz_prom_1dB,7.0,15.0,1.0,11.5,11.5,4.121314859567207,2.825237510767777,well_defined_interior,True,,15,C3/Cz/C4_mean_log_psd,T0_rest_only,False
14,method_development,independent_single_run,,10,search_7_15Hz_prom_1dB,7.0,15.0,1.0,10.0,10.0,7.2191542972383616,4.840426809702077,well_defined_interior,True,,15,C3/Cz/C4_mean_log_psd,T0_rest_only,False
14,method_development,independent_single_run,,14,search_7_15Hz_prom_1dB,7.0,15.0,1.0,9.25,9.25,6.430097481185214,1.9070718618553564,well_defined_interior,True,,15,C3/Cz/C4_mean_log_psd,T0_rest_only,False
14,method_development,leave_one_run_out,6,10/14,search_7_15Hz_prom_1dB,7.0,15.0,1.0,9.75,9.75,6.157817168121184,4.833635745360618,well_defined_interior,True,,30,C3/Cz/C4_mean_log_psd,T0_rest_only,False
14,method_development,leave_one_run_out,10,6/14,search_7_15Hz_prom_1dB,7.0,15.0,1.0,11.5,11.5,3.7386224681524425,4.890157902813603,well_defined_interior,True,,30,C3/Cz/C4_mean_log_psd,T0_rest_only,False
14,method_development,leave_one_run_out,14,6/10,search_7_15Hz_prom_1dB,7.0,15.0,1.0,11.5,11.5,5.093413452118256,3.210296516344285,well_defined_interior,True,,30,C3/Cz/C4_mean_log_psd,T0_rest_only,False
14,method_development,independent_single_run,,6,search_7_15Hz_prom_1.5dB,7.0,15.0,1.5,11.5,11.5,4.121314859567207,2.825237510767777,well_defined_interior,True,,15,C3/Cz/C4_mean_log_psd,T0_rest_only,False
14,method_development,independent_single_run,,10,search_7_15Hz_prom_1.5dB,7.0,15.0,1.5,10.0,10.0,7.2191542972383616,4.840426809702077,well_defined_interior,True,,15,C3/Cz/C4_mean_log_psd,T0_rest_only,False
14,method_development,independent_single_run,,14,search_7_15Hz_prom_1.5dB,7.0,15.0,1.5,9.25,9.25,6.430097481185214,1.9070718618553564,well_defined_interior,True,,15,C3/Cz/C4_mean_log_psd,T0_rest_only,False
14,method_development,leave_one_run_out,6,10/14,search_7_15Hz_prom_1.5dB,7.0,15.0,1.5,9.75,9.75,6.157817168121184,4.833635745360618,well_defined_interior,True,,30,C3/Cz/C4_mean_log_psd,T0_rest_only,False
14,method_development,leave_one_run_out,10,6/14,search_7_15Hz_prom_1.5dB,7.0,15.0,1.5,11.5,11.5,3.7386224681524425,4.890157902813603,well_defined_interior,True,,30,C3/Cz/C4_mean_log_psd,T0_rest_only,False
14,method_development,leave_one_run_out,14,6/10,search_7_15Hz_prom_1.5dB,7.0,15.0,1.5,11.5,11.5,5.093413452118256,3.210296516344285,well_defined_interior,True,,30,C3/Cz/C4_mean_log_psd,T0_rest_only,False
16,method_development,independent_single_run,,6,search_7_14Hz_prom_0.5dB,7.0,14.0,0.5,7.75,7.75,4.742091112973256,0.794515738206933,well_defined_interior,True,,15,C3/Cz/C4_mean_log_psd,T0_rest_only,False
16,method_development,independent_single_run,,10,search_7_14Hz_prom_0.5dB,7.0,14.0,0.5,8.0,8.0,3.6668239254151587,1.0710242152782534,well_defined_interior,True,,15,C3/Cz/C4_mean_log_psd,T0_rest_only,False
16,method_development,independent_single_run,,14,search_7_14Hz_prom_0.5dB,7.0,14.0,0.5,7.5,7.5,2.6025826238715837,0.36770980118132696,well_defined_interior,True,,15,C3/Cz/C4_mean_log_psd,T0_rest_only,False
16,method_development,leave_one_run_out,6,10/14,search_7_14Hz_prom_0.5dB,7.0,14.0,0.5,8.0,8.0,2.9309215164670235,0.9304342600903903,well_defined_interior,True,,30,C3/Cz/C4_mean_log_psd,T0_rest_only,False
16,method_development,leave_one_run_out,10,6/14,search_7_14Hz_prom_0.5dB,7.0,14.0,0.5,8.0,8.0,2.472902419781448,1.072018508553219,well_defined_interior,True,,30,C3/Cz/C4_mean_log_psd,T0_rest_only,False
16,method_development,leave_one_run_out,14,6/10,search_7_14Hz_prom_0.5dB,7.0,14.0,0.5,8.0,8.0,3.208804828729484,1.0435008548490572,well_defined_interior,True,,30,C3/Cz/C4_mean_log_psd,T0_rest_only,False
16,method_development,independent_single_run,,6,search_7_14Hz_prom_1dB,7.0,14.0,1.0,7.75,7.75,4.742091112973256,0.794515738206933,well_defined_interior,True,,15,C3/Cz/C4_mean_log_psd,T0_rest_only,False
16,method_development,independent_single_run,,10,search_7_14Hz_prom_1dB,7.0,14.0,1.0,8.0,8.0,3.6668239254151587,1.0710242152782534,well_defined_interior,True,,15,C3/Cz/C4_mean_log_psd,T0_rest_only,False
16,method_development,independent_single_run,,14,search_7_14Hz_prom_1dB,7.0,14.0,1.0,7.5,7.5,2.6025826238715837,0.36770980118132696,well_defined_interior,True,,15,C3/Cz/C4_mean_log_psd,T0_rest_only,False
16,method_development,leave_one_run_out,6,10/14,search_7_14Hz_prom_1dB,7.0,14.0,1.0,8.0,8.0,2.9309215164670235,0.9304342600903903,well_defined_interior,True,,30,C3/Cz/C4_mean_log_psd,T0_rest_only,False
16,method_development,leave_one_run_out,10,6/14,search_7_14Hz_prom_1dB,7.0,14.0,1.0,8.0,8.0,2.472902419781448,1.072018508553219,well_defined_interior,True,,30,C3/Cz/C4_mean_log_psd,T0_rest_only,False
16,method_development,leave_one_run_out,14,6/10,search_7_14Hz_prom_1dB,7.0,14.0,1.0,8.0,8.0,3.208804828729484,1.0435008548490572,well_defined_interior,True,,30,C3/Cz/C4_mean_log_psd,T0_rest_only,False
16,method_development,independent_single_run,,6,search_7_14Hz_prom_1.5dB,7.0,14.0,1.5,7.75,7.75,4.742091112973256,0.794515738206933,well_defined_interior,True,,15,C3/Cz/C4_mean_log_psd,T0_rest_only,False
16,method_development,independent_single_run,,10,search_7_14Hz_prom_1.5dB,7.0,14.0,1.5,8.0,8.0,3.6668239254151587,1.0710242152782534,well_defined_interior,True,,15,C3/Cz/C4_mean_log_psd,T0_rest_only,False
16,method_development,independent_single_run,,14,search_7_14Hz_prom_1.5dB,7.0,14.0,1.5,7.5,7.5,2.6025826238715837,0.36770980118132696,well_defined_interior,True,,15,C3/Cz/C4_mean_log_psd,T0_rest_only,False
16,method_development,leave_one_run_out,6,10/14,search_7_14Hz_prom_1.5dB,7.0,14.0,1.5,8.0,8.0,2.9309215164670235,0.9304342600903903,well_defined_interior,True,,30,C3/Cz/C4_mean_log_psd,T0_rest_only,False
16,method_development,leave_one_run_out,10,6/14,search_7_14Hz_prom_1.5dB,7.0,14.0,1.5,8.0,8.0,2.472902419781448,1.072018508553219,well_defined_interior,True,,30,C3/Cz/C4_mean_log_psd,T0_rest_only,False
16,method_development,leave_one_run_out,14,6/10,search_7_14Hz_prom_1.5dB,7.0,14.0,1.5,8.0,8.0,3.208804828729484,1.0435008548490572,well_defined_interior,True,,30,C3/Cz/C4_mean_log_psd,T0_rest_only,False
16,method_development,independent_single_run,,6,search_6_14Hz_prom_0.5dB,6.0,14.0,0.5,7.75,7.75,4.742091112973256,0.794515738206933,well_defined_interior,True,,15,C3/Cz/C4_mean_log_psd,T0_rest_only,False
16,method_development,independent_single_run,,10,search_6_14Hz_prom_0.5dB,6.0,14.0,0.5,8.0,8.0,3.6668239254151587,1.0710242152782532,well_defined_interior,True,,15,C3/Cz/C4_mean_log_psd,T0_rest_only,False
16,method_development,independent_single_run,,14,search_6_14Hz_prom_0.5dB,6.0,14.0,0.5,7.5,7.5,3.3220445522880624,0.4693600620525875,well_defined_interior,True,,15,C3/Cz/C4_mean_log_psd,T0_rest_only,False
16,method_development,leave_one_run_out,6,10/14,search_6_14Hz_prom_0.5dB,6.0,14.0,0.5,8.0,8.0,2.9309215164670235,0.9304342600903903,well_defined_interior,True,,30,C3/Cz/C4_mean_log_psd,T0_rest_only,False
16,method_development,leave_one_run_out,10,6/14,search_6_14Hz_prom_0.5dB,6.0,14.0,0.5,8.0,8.0,2.5757904044036906,1.0887660121952956,well_defined_interior,True,,30,C3/Cz/C4_mean_log_psd,T0_rest_only,False
16,method_development,leave_one_run_out,14,6/10,search_6_14Hz_prom_0.5dB,6.0,14.0,0.5,8.0,8.0,3.208804828729484,1.0435008548490574,well_defined_interior,True,,30,C3/Cz/C4_mean_log_psd,T0_rest_only,False
16,method_development,independent_single_run,,6,search_6_14Hz_prom_1dB,6.0,14.0,1.0,7.75,7.75,4.742091112973256,0.794515738206933,well_defined_interior,True,,15,C3/Cz/C4_mean_log_psd,T0_rest_only,False
16,method_development,independent_single_run,,10,search_6_14Hz_prom_1dB,6.0,14.0,1.0,8.0,8.0,3.6668239254151587,1.0710242152782532,well_defined_interior,True,,15,C3/Cz/C4_mean_log_psd,T0_rest_only,False
16,method_development,independent_single_run,,14,search_6_14Hz_prom_1dB,6.0,14.0,1.0,7.5,7.5,3.3220445522880624,0.4693600620525875,well_defined_interior,True,,15,C3/Cz/C4_mean_log_psd,T0_rest_only,False
16,method_development,leave_one_run_out,6,10/14,search_6_14Hz_prom_1dB,6.0,14.0,1.0,8.0,8.0,2.9309215164670235,0.9304342600903903,well_defined_interior,True,,30,C3/Cz/C4_mean_log_psd,T0_rest_only,False
16,method_development,leave_one_run_out,10,6/14,search_6_14Hz_prom_1dB,6.0,14.0,1.0,8.0,8.0,2.5757904044036906,1.0887660121952956,well_defined_interior,True,,30,C3/Cz/C4_mean_log_psd,T0_rest_only,False
16,method_development,leave_one_run_out,14,6/10,search_6_14Hz_prom_1dB,6.0,14.0,1.0,8.0,8.0,3.208804828729484,1.0435008548490574,well_defined_interior,True,,30,C3/Cz/C4_mean_log_psd,T0_rest_only,False
16,method_development,independent_single_run,,6,search_6_14Hz_prom_1.5dB,6.0,14.0,1.5,7.75,7.75,4.742091112973256,0.794515738206933,well_defined_interior,True,,15,C3/Cz/C4_mean_log_psd,T0_rest_only,False
16,method_development,independent_single_run,,10,search_6_14Hz_prom_1.5dB,6.0,14.0,1.5,8.0,8.0,3.6668239254151587,1.0710242152782532,well_defined_interior,True,,15,C3/Cz/C4_mean_log_psd,T0_rest_only,False
16,method_development,independent_single_run,,14,search_6_14Hz_prom_1.5dB,6.0,14.0,1.5,7.5,7.5,3.3220445522880624,0.4693600620525875,well_defined_interior,True,,15,C3/Cz/C4_mean_log_psd,T0_rest_only,False
16,method_development,leave_one_run_out,6,10/14,search_6_14Hz_prom_1.5dB,6.0,14.0,1.5,8.0,8.0,2.9309215164670235,0.9304342600903903,well_defined_interior,True,,30,C3/Cz/C4_mean_log_psd,T0_rest_only,False
16,method_development,leave_one_run_out,10,6/14,search_6_14Hz_prom_1.5dB,6.0,14.0,1.5,8.0,8.0,2.5757904044036906,1.0887660121952956,well_defined_interior,True,,30,C3/Cz/C4_mean_log_psd,T0_rest_only,False
16,method_development,leave_one_run_out,14,6/10,search_6_14Hz_prom_1.5dB,6.0,14.0,1.5,8.0,8.0,3.208804828729484,1.0435008548490574,well_defined_interior,True,,30,C3/Cz/C4_mean_log_psd,T0_rest_only,False
16,method_development,independent_single_run,,6,search_7_15Hz_prom_0.5dB,7.0,15.0,0.5,7.75,7.75,4.742091112973256,0.794515738206933,well_defined_interior,True,,15,C3/Cz/C4_mean_log_psd,T0_rest_only,False
16,method_development,independent_single_run,,10,search_7_15Hz_prom_0.5dB,7.0,15.0,0.5,8.0,8.0,3.6668239254151587,1.0710242152782534,well_defined_interior,True,,15,C3/Cz/C4_mean_log_psd,T0_rest_only,False
16,method_development,independent_single_run,,14,search_7_15Hz_prom_0.5dB,7.0,15.0,0.5,7.5,7.5,2.6025826238715837,0.36770980118132696,well_defined_interior,True,,15,C3/Cz/C4_mean_log_psd,T0_rest_only,False
16,method_development,leave_one_run_out,6,10/14,search_7_15Hz_prom_0.5dB,7.0,15.0,0.5,8.0,8.0,2.9309215164670235,0.9304342600903903,well_defined_interior,True,,30,C3/Cz/C4_mean_log_psd,T0_rest_only,False
16,method_development,leave_one_run_out,10,6/14,search_7_15Hz_prom_0.5dB,7.0,15.0,0.5,8.0,8.0,2.472902419781448,1.072018508553219,well_defined_interior,True,,30,C3/Cz/C4_mean_log_psd,T0_rest_only,False
16,method_development,leave_one_run_out,14,6/10,search_7_15Hz_prom_0.5dB,7.0,15.0,0.5,8.0,8.0,3.208804828729484,1.0435008548490572,well_defined_interior,True,,30,C3/Cz/C4_mean_log_psd,T0_rest_only,False
16,method_development,independent_single_run,,6,search_7_15Hz_prom_1dB,7.0,15.0,1.0,7.75,7.75,4.742091112973256,0.794515738206933,well_defined_interior,True,,15,C3/Cz/C4_mean_log_psd,T0_rest_only,False
16,method_development,independent_single_run,,10,search_7_15Hz_prom_1dB,7.0,15.0,1.0,8.0,8.0,3.6668239254151587,1.0710242152782534,well_defined_interior,True,,15,C3/Cz/C4_mean_log_psd,T0_rest_only,False
16,method_development,independent_single_run,,14,search_7_15Hz_prom_1dB,7.0,15.0,1.0,7.5,7.5,2.6025826238715837,0.36770980118132696,well_defined_interior,True,,15,C3/Cz/C4_mean_log_psd,T0_rest_only,False
16,method_development,leave_one_run_out,6,10/14,search_7_15Hz_prom_1dB,7.0,15.0,1.0,8.0,8.0,2.9309215164670235,0.9304342600903903,well_defined_interior,True,,30,C3/Cz/C4_mean_log_psd,T0_rest_only,False
16,method_development,leave_one_run_out,10,6/14,search_7_15Hz_prom_1dB,7.0,15.0,1.0,8.0,8.0,2.472902419781448,1.072018508553219,well_defined_interior,True,,30,C3/Cz/C4_mean_log_psd,T0_rest_only,False
16,method_development,leave_one_run_out,14,6/10,search_7_15Hz_prom_1dB,7.0,15.0,1.0,8.0,8.0,3.208804828729484,1.0435008548490572,well_defined_interior,True,,30,C3/Cz/C4_mean_log_psd,T0_rest_only,False
16,method_development,independent_single_run,,6,search_7_15Hz_prom_1.5dB,7.0,15.0,1.5,7.75,7.75,4.742091112973256,0.794515738206933,well_defined_interior,True,,15,C3/Cz/C4_mean_log_psd,T0_rest_only,False
16,method_development,independent_single_run,,10,search_7_15Hz_prom_1.5dB,7.0,15.0,1.5,8.0,8.0,3.6668239254151587,1.0710242152782534,well_defined_interior,True,,15,C3/Cz/C4_mean_log_psd,T0_rest_only,False
16,method_development,independent_single_run,,14,search_7_15Hz_prom_1.5dB,7.0,15.0,1.5,7.5,7.5,2.6025826238715837,0.36770980118132696,well_defined_interior,True,,15,C3/Cz/C4_mean_log_psd,T0_rest_only,False
16,method_development,leave_one_run_out,6,10/14,search_7_15Hz_prom_1.5dB,7.0,15.0,1.5,8.0,8.0,2.9309215164670235,0.9304342600903903,well_defined_interior,True,,30,C3/Cz/C4_mean_log_psd,T0_rest_only,False
16,method_development,leave_one_run_out,10,6/14,search_7_15Hz_prom_1.5dB,7.0,15.0,1.5,8.0,8.0,2.472902419781448,1.072018508553219,well_defined_interior,True,,30,C3/Cz/C4_mean_log_psd,T0_rest_only,False
16,method_development,leave_one_run_out,14,6/10,search_7_15Hz_prom_1.5dB,7.0,15.0,1.5,8.0,8.0,3.208804828729484,1.0435008548490572,well_defined_interior,True,,30,C3/Cz/C4_mean_log_psd,T0_rest_only,False
18,method_development,independent_single_run,,6,search_7_14Hz_prom_0.5dB,7.0,14.0,0.5,8.0,8.0,2.772319086697692,0.5469558543538245,well_defined_interior,True,,15,C3/Cz/C4_mean_log_psd,T0_rest_only,False
18,method_development,independent_single_run,,10,search_7_14Hz_prom_0.5dB,7.0,14.0,0.5,9.0,9.0,3.932784395563175,0.6043870650515881,well_defined_interior,True,,15,C3/Cz/C4_mean_log_psd,T0_rest_only,False
18,method_development,independent_single_run,,14,search_7_14Hz_prom_0.5dB,7.0,14.0,0.5,12.25,12.25,3.230280395127835,2.3281330765429917,well_defined_interior,True,,15,C3/Cz/C4_mean_log_psd,T0_rest_only,False
18,method_development,leave_one_run_out,6,10/14,search_7_14Hz_prom_0.5dB,7.0,14.0,0.5,9.0,9.0,2.402020930981678,0.3269146927090478,well_defined_interior,True,,30,C3/Cz/C4_mean_log_psd,T0_rest_only,False
18,method_development,leave_one_run_out,10,6/14,search_7_14Hz_prom_0.5dB,7.0,14.0,0.5,12.25,12.25,2.183417301857105,0.8927470701674443,well_defined_interior,True,,30,C3/Cz/C4_mean_log_psd,T0_rest_only,False
18,method_development,leave_one_run_out,14,6/10,search_7_14Hz_prom_0.5dB,7.0,14.0,0.5,12.0,12.0,2.0929919122179115,0.9845962439599099,well_defined_interior,True,,30,C3/Cz/C4_mean_log_psd,T0_rest_only,False
18,method_development,independent_single_run,,6,search_7_14Hz_prom_1dB,7.0,14.0,1.0,8.0,8.0,2.772319086697692,0.5469558543538245,well_defined_interior,True,,15,C3/Cz/C4_mean_log_psd,T0_rest_only,False
18,method_development,independent_single_run,,10,search_7_14Hz_prom_1dB,7.0,14.0,1.0,9.0,9.0,3.932784395563175,0.6043870650515881,well_defined_interior,True,,15,C3/Cz/C4_mean_log_psd,T0_rest_only,False
18,method_development,independent_single_run,,14,search_7_14Hz_prom_1dB,7.0,14.0,1.0,12.25,12.25,3.230280395127835,2.3281330765429917,well_defined_interior,True,,15,C3/Cz/C4_mean_log_psd,T0_rest_only,False
18,method_development,leave_one_run_out,6,10/14,search_7_14Hz_prom_1dB,7.0,14.0,1.0,9.0,9.0,2.402020930981678,0.3269146927090478,well_defined_interior,True,,30,C3/Cz/C4_mean_log_psd,T0_rest_only,False
18,method_development,leave_one_run_out,10,6/14,search_7_14Hz_prom_1dB,7.0,14.0,1.0,12.25,12.25,2.183417301857105,0.8927470701674443,well_defined_interior,True,,30,C3/Cz/C4_mean_log_psd,T0_rest_only,False
18,method_development,leave_one_run_out,14,6/10,search_7_14Hz_prom_1dB,7.0,14.0,1.0,12.0,12.0,2.0929919122179115,0.9845962439599099,well_defined_interior,True,,30,C3/Cz/C4_mean_log_psd,T0_rest_only,False
18,method_development,independent_single_run,,6,search_7_14Hz_prom_1.5dB,7.0,14.0,1.5,8.0,8.0,2.772319086697692,0.5469558543538245,well_defined_interior,True,,15,C3/Cz/C4_mean_log_psd,T0_rest_only,False
18,method_development,independent_single_run,,10,search_7_14Hz_prom_1.5dB,7.0,14.0,1.5,9.0,9.0,3.932784395563175,0.6043870650515881,well_defined_interior,True,,15,C3/Cz/C4_mean_log_psd,T0_rest_only,False
18,method_development,independent_single_run,,14,search_7_14Hz_prom_1.5dB,7.0,14.0,1.5,12.25,12.25,3.230280395127835,2.3281330765429917,well_defined_interior,True,,15,C3/Cz/C4_mean_log_psd,T0_rest_only,False
18,method_development,leave_one_run_out,6,10/14,search_7_14Hz_prom_1.5dB,7.0,14.0,1.5,9.0,9.0,2.402020930981678,0.3269146927090478,well_defined_interior,True,,30,C3/Cz/C4_mean_log_psd,T0_rest_only,False
18,method_development,leave_one_run_out,10,6/14,search_7_14Hz_prom_1.5dB,7.0,14.0,1.5,12.25,12.25,2.183417301857105,0.8927470701674443,well_defined_interior,True,,30,C3/Cz/C4_mean_log_psd,T0_rest_only,False
18,method_development,leave_one_run_out,14,6/10,search_7_14Hz_prom_1.5dB,7.0,14.0,1.5,12.0,12.0,2.0929919122179115,0.9845962439599099,well_defined_interior,True,,30,C3/Cz/C4_mean_log_psd,T0_rest_only,False
18,method_development,independent_single_run,,6,search_6_14Hz_prom_0.5dB,6.0,14.0,0.5,6.5,6.5,3.503127962989396,0.5872170609488403,well_defined_interior,True,,15,C3/Cz/C4_mean_log_psd,T0_rest_only,False
18,method_development,independent_single_run,,10,search_6_14Hz_prom_0.5dB,6.0,14.0,0.5,9.0,9.0,3.932784395563175,0.6043870650515881,well_defined_interior,True,,15,C3/Cz/C4_mean_log_psd,T0_rest_only,False
18,method_development,independent_single_run,,14,search_6_14Hz_prom_0.5dB,6.0,14.0,0.5,12.25,12.25,3.230280395127835,2.3281330765429917,well_defined_interior,True,,15,C3/Cz/C4_mean_log_psd,T0_rest_only,False
18,method_development,leave_one_run_out,6,10/14,search_6_14Hz_prom_0.5dB,6.0,14.0,0.5,9.0,9.0,2.402020930981678,0.3269146927090478,well_defined_interior,True,,30,C3/Cz/C4_mean_log_psd,T0_rest_only,False
18,method_development,leave_one_run_out,10,6/14,search_6_14Hz_prom_0.5dB,6.0,14.0,0.5,6.75,6.75,2.301947338147926,0.629575048708449,well_defined_interior,True,,30,C3/Cz/C4_mean_log_psd,T0_rest_only,False
18,method_development,leave_one_run_out,14,6/10,search_6_14Hz_prom_0.5dB,6.0,14.0,0.5,12.0,12.0,2.0929919122179115,0.9845962439599099,well_defined_interior,True,,30,C3/Cz/C4_mean_log_psd,T0_rest_only,False
18,method_development,independent_single_run,,6,search_6_14Hz_prom_1dB,6.0,14.0,1.0,6.5,6.5,3.503127962989396,0.5872170609488403,well_defined_interior,True,,15,C3/Cz/C4_mean_log_psd,T0_rest_only,False
18,method_development,independent_single_run,,10,search_6_14Hz_prom_1dB,6.0,14.0,1.0,9.0,9.0,3.932784395563175,0.6043870650515881,well_defined_interior,True,,15,C3/Cz/C4_mean_log_psd,T0_rest_only,False
18,method_development,independent_single_run,,14,search_6_14Hz_prom_1dB,6.0,14.0,1.0,12.25,12.25,3.230280395127835,2.3281330765429917,well_defined_interior,True,,15,C3/Cz/C4_mean_log_psd,T0_rest_only,False
18,method_development,leave_one_run_out,6,10/14,search_6_14Hz_prom_1dB,6.0,14.0,1.0,9.0,9.0,2.402020930981678,0.3269146927090478,well_defined_interior,True,,30,C3/Cz/C4_mean_log_psd,T0_rest_only,False
18,method_development,leave_one_run_out,10,6/14,search_6_14Hz_prom_1dB,6.0,14.0,1.0,6.75,6.75,2.301947338147926,0.629575048708449,well_defined_interior,True,,30,C3/Cz/C4_mean_log_psd,T0_rest_only,False
18,method_development,leave_one_run_out,14,6/10,search_6_14Hz_prom_1dB,6.0,14.0,1.0,12.0,12.0,2.0929919122179115,0.9845962439599099,well_defined_interior,True,,30,C3/Cz/C4_mean_log_psd,T0_rest_only,False
18,method_development,independent_single_run,,6,search_6_14Hz_prom_1.5dB,6.0,14.0,1.5,6.5,6.5,3.503127962989396,0.5872170609488403,well_defined_interior,True,,15,C3/Cz/C4_mean_log_psd,T0_rest_only,False
18,method_development,independent_single_run,,10,search_6_14Hz_prom_1.5dB,6.0,14.0,1.5,9.0,9.0,3.932784395563175,0.6043870650515881,well_defined_interior,True,,15,C3/Cz/C4_mean_log_psd,T0_rest_only,False
18,method_development,independent_single_run,,14,search_6_14Hz_prom_1.5dB,6.0,14.0,1.5,12.25,12.25,3.230280395127835,2.3281330765429917,well_defined_interior,True,,15,C3/Cz/C4_mean_log_psd,T0_rest_only,False
18,method_development,leave_one_run_out,6,10/14,search_6_14Hz_prom_1.5dB,6.0,14.0,1.5,9.0,9.0,2.402020930981678,0.3269146927090478,well_defined_interior,True,,30,C3/Cz/C4_mean_log_psd,T0_rest_only,False
18,method_development,leave_one_run_out,10,6/14,search_6_14Hz_prom_1.5dB,6.0,14.0,1.5,6.75,6.75,2.301947338147926,0.629575048708449,well_defined_interior,True,,30,C3/Cz/C4_mean_log_psd,T0_rest_only,False
18,method_development,leave_one_run_out,14,6/10,search_6_14Hz_prom_1.5dB,6.0,14.0,1.5,12.0,12.0,2.0929919122179115,0.9845962439599099,well_defined_interior,True,,30,C3/Cz/C4_mean_log_psd,T0_rest_only,False
18,method_development,independent_single_run,,6,search_7_15Hz_prom_0.5dB,7.0,15.0,0.5,8.0,8.0,2.772319086697692,0.5469558543538245,well_defined_interior,True,,15,C3/Cz/C4_mean_log_psd,T0_rest_only,False
18,method_development,independent_single_run,,10,search_7_15Hz_prom_0.5dB,7.0,15.0,0.5,9.0,9.0,3.932784395563175,0.6043870650515881,well_defined_interior,True,,15,C3/Cz/C4_mean_log_psd,T0_rest_only,False
18,method_development,independent_single_run,,14,search_7_15Hz_prom_0.5dB,7.0,15.0,0.5,12.25,12.25,3.230280395127835,2.3281330765429917,well_defined_interior,True,,15,C3/Cz/C4_mean_log_psd,T0_rest_only,False
18,method_development,leave_one_run_out,6,10/14,search_7_15Hz_prom_0.5dB,7.0,15.0,0.5,9.0,9.0,2.402020930981678,0.3269146927090478,well_defined_interior,True,,30,C3/Cz/C4_mean_log_psd,T0_rest_only,False
18,method_development,leave_one_run_out,10,6/14,search_7_15Hz_prom_0.5dB,7.0,15.0,0.5,12.25,12.25,2.183417301857105,0.8927470701674443,well_defined_interior,True,,30,C3/Cz/C4_mean_log_psd,T0_rest_only,False
18,method_development,leave_one_run_out,14,6/10,search_7_15Hz_prom_0.5dB,7.0,15.0,0.5,12.0,12.0,2.0929919122179115,0.9845962439599099,well_defined_interior,True,,30,C3/Cz/C4_mean_log_psd,T0_rest_only,False
18,method_development,independent_single_run,,6,search_7_15Hz_prom_1dB,7.0,15.0,1.0,8.0,8.0,2.772319086697692,0.5469558543538245,well_defined_interior,True,,15,C3/Cz/C4_mean_log_psd,T0_rest_only,False
18,method_development,independent_single_run,,10,search_7_15Hz_prom_1dB,7.0,15.0,1.0,9.0,9.0,3.932784395563175,0.6043870650515881,well_defined_interior,True,,15,C3/Cz/C4_mean_log_psd,T0_rest_only,False
18,method_development,independent_single_run,,14,search_7_15Hz_prom_1dB,7.0,15.0,1.0,12.25,12.25,3.230280395127835,2.3281330765429917,well_defined_interior,True,,15,C3/Cz/C4_mean_log_psd,T0_rest_only,False
18,method_development,leave_one_run_out,6,10/14,search_7_15Hz_prom_1dB,7.0,15.0,1.0,9.0,9.0,2.402020930981678,0.3269146927090478,well_defined_interior,True,,30,C3/Cz/C4_mean_log_psd,T0_rest_only,False
18,method_development,leave_one_run_out,10,6/14,search_7_15Hz_prom_1dB,7.0,15.0,1.0,12.25,12.25,2.183417301857105,0.8927470701674443,well_defined_interior,True,,30,C3/Cz/C4_mean_log_psd,T0_rest_only,False
18,method_development,leave_one_run_out,14,6/10,search_7_15Hz_prom_1dB,7.0,15.0,1.0,12.0,12.0,2.0929919122179115,0.9845962439599099,well_defined_interior,True,,30,C3/Cz/C4_mean_log_psd,T0_rest_only,False
18,method_development,independent_single_run,,6,search_7_15Hz_prom_1.5dB,7.0,15.0,1.5,8.0,8.0,2.772319086697692,0.5469558543538245,well_defined_interior,True,,15,C3/Cz/C4_mean_log_psd,T0_rest_only,False
18,method_development,independent_single_run,,10,search_7_15Hz_prom_1.5dB,7.0,15.0,1.5,9.0,9.0,3.932784395563175,0.6043870650515881,well_defined_interior,True,,15,C3/Cz/C4_mean_log_psd,T0_rest_only,False
18,method_development,independent_single_run,,14,search_7_15Hz_prom_1.5dB,7.0,15.0,1.5,12.25,12.25,3.230280395127835,2.3281330765429917,well_defined_interior,True,,15,C3/Cz/C4_mean_log_psd,T0_rest_only,False
18,method_development,leave_one_run_out,6,10/14,search_7_15Hz_prom_1.5dB,7.0,15.0,1.5,9.0,9.0,2.402020930981678,0.3269146927090478,well_defined_interior,True,,30,C3/Cz/C4_mean_log_psd,T0_rest_only,False
18,method_development,leave_one_run_out,10,6/14,search_7_15Hz_prom_1.5dB,7.0,15.0,1.5,12.25,12.25,2.183417301857105,0.8927470701674443,well_defined_interior,True,,30,C3/Cz/C4_mean_log_psd,T0_rest_only,False
18,method_development,leave_one_run_out,14,6/10,search_7_15Hz_prom_1.5dB,7.0,15.0,1.5,12.0,12.0,2.0929919122179115,0.9845962439599099,well_defined_interior,True,,30,C3/Cz/C4_mean_log_psd,T0_rest_only,False
20,method_development,independent_single_run,,6,search_7_14Hz_prom_0.5dB,7.0,14.0,0.5,12.25,12.25,1.8053943118913054,1.4759102804770388,well_defined_interior,True,,15,C3/Cz/C4_mean_log_psd,T0_rest_only,False
20,method_development,independent_single_run,,10,search_7_14Hz_prom_0.5dB,7.0,14.0,0.5,7.5,7.5,2.2862432850585606,0.42909737320815367,well_defined_interior,True,,15,C3/Cz/C4_mean_log_psd,T0_rest_only,False
20,method_development,independent_single_run,,14,search_7_14Hz_prom_0.5dB,7.0,14.0,0.5,11.25,11.25,2.011061191177049,0.8559337039833617,well_defined_interior,True,,15,C3/Cz/C4_mean_log_psd,T0_rest_only,False
20,method_development,leave_one_run_out,6,10/14,search_7_14Hz_prom_0.5dB,7.0,14.0,0.5,9.25,9.25,1.5326525382678682,0.5304978726272509,well_defined_interior,True,,30,C3/Cz/C4_mean_log_psd,T0_rest_only,False
20,method_development,leave_one_run_out,10,6/14,search_7_14Hz_prom_0.5dB,7.0,14.0,0.5,11.25,11.25,1.7565163911309867,1.5723994332160451,well_defined_interior,True,,30,C3/Cz/C4_mean_log_psd,T0_rest_only,False
20,method_development,leave_one_run_out,14,6/10,search_7_14Hz_prom_0.5dB,7.0,14.0,0.5,11.25,11.25,0.9109227345231403,1.145841711786372,well_defined_interior,True,,30,C3/Cz/C4_mean_log_psd,T0_rest_only,False
20,method_development,independent_single_run,,6,search_7_14Hz_prom_1dB,7.0,14.0,1.0,12.25,12.25,1.8053943118913054,1.4759102804770388,well_defined_interior,True,,15,C3/Cz/C4_mean_log_psd,T0_rest_only,False
20,method_development,independent_single_run,,10,search_7_14Hz_prom_1dB,7.0,14.0,1.0,7.5,7.5,2.2862432850585606,0.42909737320815367,well_defined_interior,True,,15,C3/Cz/C4_mean_log_psd,T0_rest_only,False
20,method_development,independent_single_run,,14,search_7_14Hz_prom_1dB,7.0,14.0,1.0,11.25,11.25,2.011061191177049,0.8559337039833617,well_defined_interior,True,,15,C3/Cz/C4_mean_log_psd,T0_rest_only,False
20,method_development,leave_one_run_out,6,10/14,search_7_14Hz_prom_1dB,7.0,14.0,1.0,9.25,9.25,1.5326525382678682,0.5304978726272509,well_defined_interior,True,,30,C3/Cz/C4_mean_log_psd,T0_rest_only,False
20,method_development,leave_one_run_out,10,6/14,search_7_14Hz_prom_1dB,7.0,14.0,1.0,11.25,11.25,1.7565163911309867,1.5723994332160451,well_defined_interior,True,,30,C3/Cz/C4_mean_log_psd,T0_rest_only,False
20,method_development,leave_one_run_out,14,6/10,search_7_14Hz_prom_1dB,7.0,14.0,1.0,,7.5,4.0936285514447945,,poorly_defined_no_peak,False,no_interior_peak_meets_prominence,30,C3/Cz/C4_mean_log_psd,T0_rest_only,False
20,method_development,independent_single_run,,6,search_7_14Hz_prom_1.5dB,7.0,14.0,1.5,12.25,12.25,1.8053943118913054,1.4759102804770388,well_defined_interior,True,,15,C3/Cz/C4_mean_log_psd,T0_rest_only,False
20,method_development,independent_single_run,,10,search_7_14Hz_prom_1.5dB,7.0,14.0,1.5,7.5,7.5,2.2862432850585606,0.42909737320815367,well_defined_interior,True,,15,C3/Cz/C4_mean_log_psd,T0_rest_only,False
20,method_development,independent_single_run,,14,search_7_14Hz_prom_1.5dB,7.0,14.0,1.5,11.25,11.25,2.011061191177049,0.8559337039833617,well_defined_interior,True,,15,C3/Cz/C4_mean_log_psd,T0_rest_only,False
20,method_development,leave_one_run_out,6,10/14,search_7_14Hz_prom_1.5dB,7.0,14.0,1.5,9.25,9.25,1.5326525382678682,0.5304978726272509,well_defined_interior,True,,30,C3/Cz/C4_mean_log_psd,T0_rest_only,False
20,method_development,leave_one_run_out,10,6/14,search_7_14Hz_prom_1.5dB,7.0,14.0,1.5,11.25,11.25,1.7565163911309867,1.5723994332160451,well_defined_interior,True,,30,C3/Cz/C4_mean_log_psd,T0_rest_only,False
20,method_development,leave_one_run_out,14,6/10,search_7_14Hz_prom_1.5dB,7.0,14.0,1.5,,7.5,4.0936285514447945,,poorly_defined_no_peak,False,no_interior_peak_meets_prominence,30,C3/Cz/C4_mean_log_psd,T0_rest_only,False
20,method_development,independent_single_run,,6,search_6_14Hz_prom_0.5dB,6.0,14.0,0.5,7.0,7.0,3.4632093716678156,1.7665712577697996,well_defined_interior,True,,15,C3/Cz/C4_mean_log_psd,T0_rest_only,False
20,method_development,independent_single_run,,10,search_6_14Hz_prom_0.5dB,6.0,14.0,0.5,7.5,7.5,2.2862432850585606,0.42909737320815355,well_defined_interior,True,,15,C3/Cz/C4_mean_log_psd,T0_rest_only,False
20,method_development,independent_single_run,,14,search_6_14Hz_prom_0.5dB,6.0,14.0,0.5,7.25,7.25,3.000849638340256,0.6920115898692669,well_defined_interior,True,,15,C3/Cz/C4_mean_log_psd,T0_rest_only,False
20,method_development,leave_one_run_out,6,10/14,search_6_14Hz_prom_0.5dB,6.0,14.0,0.5,7.25,7.25,1.7738642447771156,0.7490702275193621,well_defined_interior,True,,30,C3/Cz/C4_mean_log_psd,T0_rest_only,False
20,method_development,leave_one_run_out,10,6/14,search_6_14Hz_prom_0.5dB,6.0,14.0,0.5,7.0,7.0,2.6676156828661703,0.9336482128846915,well_defined_interior,True,,30,C3/Cz/C4_mean_log_psd,T0_rest_only,False
20,method_development,leave_one_run_out,14,6/10,search_6_14Hz_prom_0.5dB,6.0,14.0,0.5,7.5,7.5,2.2298873193196727,1.0648852736625365,well_defined_interior,True,,30,C3/Cz/C4_mean_log_psd,T0_rest_only,False
20,method_development,independent_single_run,,6,search_6_14Hz_prom_1dB,6.0,14.0,1.0,7.0,7.0,3.4632093716678156,1.7665712577697996,well_defined_interior,True,,15,C3/Cz/C4_mean_log_psd,T0_rest_only,False
20,method_development,independent_single_run,,10,search_6_14Hz_prom_1dB,6.0,14.0,1.0,7.5,7.5,2.2862432850585606,0.42909737320815355,well_defined_interior,True,,15,C3/Cz/C4_mean_log_psd,T0_rest_only,False
20,method_development,independent_single_run,,14,search_6_14Hz_prom_1dB,6.0,14.0,1.0,7.25,7.25,3.000849638340256,0.6920115898692669,well_defined_interior,True,,15,C3/Cz/C4_mean_log_psd,T0_rest_only,False
20,method_development,leave_one_run_out,6,10/14,search_6_14Hz_prom_1dB,6.0,14.0,1.0,7.25,7.25,1.7738642447771156,0.7490702275193621,well_defined_interior,True,,30,C3/Cz/C4_mean_log_psd,T0_rest_only,False
20,method_development,leave_one_run_out,10,6/14,search_6_14Hz_prom_1dB,6.0,14.0,1.0,7.0,7.0,2.6676156828661703,0.9336482128846915,well_defined_interior,True,,30,C3/Cz/C4_mean_log_psd,T0_rest_only,False
20,method_development,leave_one_run_out,14,6/10,search_6_14Hz_prom_1dB,6.0,14.0,1.0,7.5,7.5,2.2298873193196727,1.0648852736625365,well_defined_interior,True,,30,C3/Cz/C4_mean_log_psd,T0_rest_only,False
20,method_development,independent_single_run,,6,search_6_14Hz_prom_1.5dB,6.0,14.0,1.5,7.0,7.0,3.4632093716678156,1.7665712577697996,well_defined_interior,True,,15,C3/Cz/C4_mean_log_psd,T0_rest_only,False
20,method_development,independent_single_run,,10,search_6_14Hz_prom_1.5dB,6.0,14.0,1.5,7.5,7.5,2.2862432850585606,0.42909737320815355,well_defined_interior,True,,15,C3/Cz/C4_mean_log_psd,T0_rest_only,False
20,method_development,independent_single_run,,14,search_6_14Hz_prom_1.5dB,6.0,14.0,1.5,7.25,7.25,3.000849638340256,0.6920115898692669,well_defined_interior,True,,15,C3/Cz/C4_mean_log_psd,T0_rest_only,False
20,method_development,leave_one_run_out,6,10/14,search_6_14Hz_prom_1.5dB,6.0,14.0,1.5,7.25,7.25,1.7738642447771156,0.7490702275193621,well_defined_interior,True,,30,C3/Cz/C4_mean_log_psd,T0_rest_only,False
20,method_development,leave_one_run_out,10,6/14,search_6_14Hz_prom_1.5dB,6.0,14.0,1.5,7.0,7.0,2.6676156828661703,0.9336482128846915,well_defined_interior,True,,30,C3/Cz/C4_mean_log_psd,T0_rest_only,False
20,method_development,leave_one_run_out,14,6/10,search_6_14Hz_prom_1.5dB,6.0,14.0,1.5,7.5,7.5,2.2298873193196727,1.0648852736625365,well_defined_interior,True,,30,C3/Cz/C4_mean_log_psd,T0_rest_only,False
20,method_development,independent_single_run,,6,search_7_15Hz_prom_0.5dB,7.0,15.0,0.5,12.25,12.25,1.8053943118913054,1.4759102804770388,well_defined_interior,True,,15,C3/Cz/C4_mean_log_psd,T0_rest_only,False
20,method_development,independent_single_run,,10,search_7_15Hz_prom_0.5dB,7.0,15.0,0.5,7.5,7.5,2.2862432850585606,0.42909737320815367,well_defined_interior,True,,15,C3/Cz/C4_mean_log_psd,T0_rest_only,False
20,method_development,independent_single_run,,14,search_7_15Hz_prom_0.5dB,7.0,15.0,0.5,11.25,11.25,2.011061191177049,0.8559337039833617,well_defined_interior,True,,15,C3/Cz/C4_mean_log_psd,T0_rest_only,False
20,method_development,leave_one_run_out,6,10/14,search_7_15Hz_prom_0.5dB,7.0,15.0,0.5,9.25,9.25,1.5326525382678682,0.5304978726272509,well_defined_interior,True,,30,C3/Cz/C4_mean_log_psd,T0_rest_only,False
20,method_development,leave_one_run_out,10,6/14,search_7_15Hz_prom_0.5dB,7.0,15.0,0.5,11.25,11.25,1.7565163911309867,1.5723994332160451,well_defined_interior,True,,30,C3/Cz/C4_mean_log_psd,T0_rest_only,False
20,method_development,leave_one_run_out,14,6/10,search_7_15Hz_prom_0.5dB,7.0,15.0,0.5,13.5,13.5,1.0519732892481102,0.5152907408942458,well_defined_interior,True,,30,C3/Cz/C4_mean_log_psd,T0_rest_only,False
20,method_development,independent_single_run,,6,search_7_15Hz_prom_1dB,7.0,15.0,1.0,12.25,12.25,1.8053943118913054,1.4759102804770388,well_defined_interior,True,,15,C3/Cz/C4_mean_log_psd,T0_rest_only,False
20,method_development,independent_single_run,,10,search_7_15Hz_prom_1dB,7.0,15.0,1.0,7.5,7.5,2.2862432850585606,0.42909737320815367,well_defined_interior,True,,15,C3/Cz/C4_mean_log_psd,T0_rest_only,False
20,method_development,independent_single_run,,14,search_7_15Hz_prom_1dB,7.0,15.0,1.0,11.25,11.25,2.011061191177049,0.8559337039833617,well_defined_interior,True,,15,C3/Cz/C4_mean_log_psd,T0_rest_only,False
20,method_development,leave_one_run_out,6,10/14,search_7_15Hz_prom_1dB,7.0,15.0,1.0,9.25,9.25,1.5326525382678682,0.5304978726272509,well_defined_interior,True,,30,C3/Cz/C4_mean_log_psd,T0_rest_only,False
20,method_development,leave_one_run_out,10,6/14,search_7_15Hz_prom_1dB,7.0,15.0,1.0,11.25,11.25,1.7565163911309867,1.5723994332160451,well_defined_interior,True,,30,C3/Cz/C4_mean_log_psd,T0_rest_only,False
20,method_development,leave_one_run_out,14,6/10,search_7_15Hz_prom_1dB,7.0,15.0,1.0,13.5,13.5,1.0519732892481102,0.5152907408942458,well_defined_interior,True,,30,C3/Cz/C4_mean_log_psd,T0_rest_only,False
20,method_development,independent_single_run,,6,search_7_15Hz_prom_1.5dB,7.0,15.0,1.5,12.25,12.25,1.8053943118913054,1.4759102804770388,well_defined_interior,True,,15,C3/Cz/C4_mean_log_psd,T0_rest_only,False
20,method_development,independent_single_run,,10,search_7_15Hz_prom_1.5dB,7.0,15.0,1.5,7.5,7.5,2.2862432850585606,0.42909737320815367,well_defined_interior,True,,15,C3/Cz/C4_mean_log_psd,T0_rest_only,False
20,method_development,independent_single_run,,14,search_7_15Hz_prom_1.5dB,7.0,15.0,1.5,11.25,11.25,2.011061191177049,0.8559337039833617,well_defined_interior,True,,15,C3/Cz/C4_mean_log_psd,T0_rest_only,False
20,method_development,leave_one_run_out,6,10/14,search_7_15Hz_prom_1.5dB,7.0,15.0,1.5,9.25,9.25,1.5326525382678682,0.5304978726272509,well_defined_interior,True,,30,C3/Cz/C4_mean_log_psd,T0_rest_only,False
20,method_development,leave_one_run_out,10,6/14,search_7_15Hz_prom_1.5dB,7.0,15.0,1.5,11.25,11.25,1.7565163911309867,1.5723994332160451,well_defined_interior,True,,30,C3/Cz/C4_mean_log_psd,T0_rest_only,False
20,method_development,leave_one_run_out,14,6/10,search_7_15Hz_prom_1.5dB,7.0,15.0,1.5,,7.5,4.408268102044772,,poorly_defined_no_peak,False,no_interior_peak_meets_prominence,30,C3/Cz/C4_mean_log_psd,T0_rest_only,False
22,method_development,independent_single_run,,6,search_7_14Hz_prom_0.5dB,7.0,14.0,0.5,10.75,10.75,2.6073255311521137,0.47375697642769765,well_defined_interior,True,,15,C3/Cz/C4_mean_log_psd,T0_rest_only,False
22,method_development,independent_single_run,,10,search_7_14Hz_prom_0.5dB,7.0,14.0,0.5,9.0,9.0,1.4562684562679777,0.6747992210560514,well_defined_interior,True,,15,C3/Cz/C4_mean_log_psd,T0_rest_only,False
22,method_development,independent_single_run,,14,search_7_14Hz_prom_0.5dB,7.0,14.0,0.5,11.75,11.75,2.5741403864303294,0.9799800321455177,well_defined_interior,True,,15,C3/Cz/C4_mean_log_psd,T0_rest_only,False
22,method_development,leave_one_run_out,6,10/14,search_7_14Hz_prom_0.5dB,7.0,14.0,0.5,9.0,9.0,1.495849641478543,2.1331296316837314,well_defined_interior,True,,30,C3/Cz/C4_mean_log_psd,T0_rest_only,False
22,method_development,leave_one_run_out,10,6/14,search_7_14Hz_prom_0.5dB,7.0,14.0,0.5,11.75,11.75,2.226426107286869,0.5317701632071739,well_defined_interior,True,,30,C3/Cz/C4_mean_log_psd,T0_rest_only,False
22,method_development,leave_one_run_out,14,6/10,search_7_14Hz_prom_0.5dB,7.0,14.0,0.5,10.75,10.75,1.3800401003760498,0.5278943070566209,well_defined_interior,True,,30,C3/Cz/C4_mean_log_psd,T0_rest_only,False
22,method_development,independent_single_run,,6,search_7_14Hz_prom_1dB,7.0,14.0,1.0,10.75,10.75,2.6073255311521137,0.47375697642769765,well_defined_interior,True,,15,C3/Cz/C4_mean_log_psd,T0_rest_only,False
22,method_development,independent_single_run,,10,search_7_14Hz_prom_1dB,7.0,14.0,1.0,9.0,9.0,1.4562684562679777,0.6747992210560514,well_defined_interior,True,,15,C3/Cz/C4_mean_log_psd,T0_rest_only,False
22,method_development,independent_single_run,,14,search_7_14Hz_prom_1dB,7.0,14.0,1.0,11.75,11.75,2.5741403864303294,0.9799800321455177,well_defined_interior,True,,15,C3/Cz/C4_mean_log_psd,T0_rest_only,False
22,method_development,leave_one_run_out,6,10/14,search_7_14Hz_prom_1dB,7.0,14.0,1.0,9.0,9.0,1.495849641478543,2.1331296316837314,well_defined_interior,True,,30,C3/Cz/C4_mean_log_psd,T0_rest_only,False
22,method_development,leave_one_run_out,10,6/14,search_7_14Hz_prom_1dB,7.0,14.0,1.0,11.75,11.75,2.226426107286869,0.5317701632071739,well_defined_interior,True,,30,C3/Cz/C4_mean_log_psd,T0_rest_only,False
22,method_development,leave_one_run_out,14,6/10,search_7_14Hz_prom_1dB,7.0,14.0,1.0,10.75,10.75,1.3800401003760498,0.5278943070566209,well_defined_interior,True,,30,C3/Cz/C4_mean_log_psd,T0_rest_only,False
22,method_development,independent_single_run,,6,search_7_14Hz_prom_1.5dB,7.0,14.0,1.5,10.75,10.75,2.6073255311521137,0.47375697642769765,well_defined_interior,True,,15,C3/Cz/C4_mean_log_psd,T0_rest_only,False
22,method_development,independent_single_run,,10,search_7_14Hz_prom_1.5dB,7.0,14.0,1.5,,7.25,3.531005391433439,,poorly_defined_no_peak,False,no_interior_peak_meets_prominence,15,C3/Cz/C4_mean_log_psd,T0_rest_only,False
22,method_development,independent_single_run,,14,search_7_14Hz_prom_1.5dB,7.0,14.0,1.5,11.75,11.75,2.5741403864303294,0.9799800321455177,well_defined_interior,True,,15,C3/Cz/C4_mean_log_psd,T0_rest_only,False
22,method_development,leave_one_run_out,6,10/14,search_7_14Hz_prom_1.5dB,7.0,14.0,1.5,,7.0,3.867564229671288,,boundary_candidate,False,search_boundary_maximum,30,C3/Cz/C4_mean_log_psd,T0_rest_only,False
22,method_development,leave_one_run_out,10,6/14,search_7_14Hz_prom_1.5dB,7.0,14.0,1.5,11.75,11.75,2.226426107286869,0.5317701632071739,well_defined_interior,True,,30,C3/Cz/C4_mean_log_psd,T0_rest_only,False
22,method_development,leave_one_run_out,14,6/10,search_7_14Hz_prom_1.5dB,7.0,14.0,1.5,,7.25,3.720341004249306,,poorly_defined_no_peak,False,no_interior_peak_meets_prominence,30,C3/Cz/C4_mean_log_psd,T0_rest_only,False
22,method_development,independent_single_run,,6,search_6_14Hz_prom_0.5dB,6.0,14.0,0.5,10.75,10.75,2.6073255311521137,0.47375697642769765,well_defined_interior,True,,15,C3/Cz/C4_mean_log_psd,T0_rest_only,False
22,method_development,independent_single_run,,10,search_6_14Hz_prom_0.5dB,6.0,14.0,0.5,9.0,9.0,1.4562684562679777,0.6747992210560514,well_defined_interior,True,,15,C3/Cz/C4_mean_log_psd,T0_rest_only,False
22,method_development,independent_single_run,,14,search_6_14Hz_prom_0.5dB,6.0,14.0,0.5,11.75,11.75,2.5741403864303294,0.9799800321455177,well_defined_interior,True,,15,C3/Cz/C4_mean_log_psd,T0_rest_only,False
22,method_development,leave_one_run_out,6,10/14,search_6_14Hz_prom_0.5dB,6.0,14.0,0.5,9.0,9.0,1.495849641478543,2.1331296316837314,well_defined_interior,True,,30,C3/Cz/C4_mean_log_psd,T0_rest_only,False
22,method_development,leave_one_run_out,10,6/14,search_6_14Hz_prom_0.5dB,6.0,14.0,0.5,11.75,11.75,2.226426107286869,0.5317701632071739,well_defined_interior,True,,30,C3/Cz/C4_mean_log_psd,T0_rest_only,False
22,method_development,leave_one_run_out,14,6/10,search_6_14Hz_prom_0.5dB,6.0,14.0,0.5,10.75,10.75,1.3800401003760498,0.5278943070566209,well_defined_interior,True,,30,C3/Cz/C4_mean_log_psd,T0_rest_only,False
22,method_development,independent_single_run,,6,search_6_14Hz_prom_1dB,6.0,14.0,1.0,10.75,10.75,2.6073255311521137,0.47375697642769765,well_defined_interior,True,,15,C3/Cz/C4_mean_log_psd,T0_rest_only,False
22,method_development,independent_single_run,,10,search_6_14Hz_prom_1dB,6.0,14.0,1.0,9.0,9.0,1.4562684562679777,0.6747992210560514,well_defined_interior,True,,15,C3/Cz/C4_mean_log_psd,T0_rest_only,False
22,method_development,independent_single_run,,14,search_6_14Hz_prom_1dB,6.0,14.0,1.0,11.75,11.75,2.5741403864303294,0.9799800321455177,well_defined_interior,True,,15,C3/Cz/C4_mean_log_psd,T0_rest_only,False
22,method_development,leave_one_run_out,6,10/14,search_6_14Hz_prom_1dB,6.0,14.0,1.0,9.0,9.0,1.495849641478543,2.1331296316837314,well_defined_interior,True,,30,C3/Cz/C4_mean_log_psd,T0_rest_only,False
22,method_development,leave_one_run_out,10,6/14,search_6_14Hz_prom_1dB,6.0,14.0,1.0,11.75,11.75,2.226426107286869,0.5317701632071739,well_defined_interior,True,,30,C3/Cz/C4_mean_log_psd,T0_rest_only,False
22,method_development,leave_one_run_out,14,6/10,search_6_14Hz_prom_1dB,6.0,14.0,1.0,10.75,10.75,1.3800401003760498,0.5278943070566209,well_defined_interior,True,,30,C3/Cz/C4_mean_log_psd,T0_rest_only,False
22,method_development,independent_single_run,,6,search_6_14Hz_prom_1.5dB,6.0,14.0,1.5,10.75,10.75,2.6073255311521137,0.47375697642769765,well_defined_interior,True,,15,C3/Cz/C4_mean_log_psd,T0_rest_only,False
22,method_development,independent_single_run,,10,search_6_14Hz_prom_1.5dB,6.0,14.0,1.5,,6.0,5.500473428237058,,boundary_candidate,False,search_boundary_maximum,15,C3/Cz/C4_mean_log_psd,T0_rest_only,False
22,method_development,independent_single_run,,14,search_6_14Hz_prom_1.5dB,6.0,14.0,1.5,11.75,11.75,2.5741403864303294,0.9799800321455177,well_defined_interior,True,,15,C3/Cz/C4_mean_log_psd,T0_rest_only,False
22,method_development,leave_one_run_out,6,10/14,search_6_14Hz_prom_1.5dB,6.0,14.0,1.5,,6.25,4.901297976719178,,poorly_defined_no_peak,False,no_interior_peak_meets_prominence,30,C3/Cz/C4_mean_log_psd,T0_rest_only,False
22,method_development,leave_one_run_out,10,6/14,search_6_14Hz_prom_1.5dB,6.0,14.0,1.5,11.75,11.75,2.226426107286869,0.5317701632071739,well_defined_interior,True,,30,C3/Cz/C4_mean_log_psd,T0_rest_only,False
22,method_development,leave_one_run_out,14,6/10,search_6_14Hz_prom_1.5dB,6.0,14.0,1.5,,6.0,4.81645516465413,,boundary_candidate,False,search_boundary_maximum,30,C3/Cz/C4_mean_log_psd,T0_rest_only,False
22,method_development,independent_single_run,,6,search_7_15Hz_prom_0.5dB,7.0,15.0,0.5,10.75,10.75,2.6073255311521137,0.47375697642769765,well_defined_interior,True,,15,C3/Cz/C4_mean_log_psd,T0_rest_only,False
22,method_development,independent_single_run,,10,search_7_15Hz_prom_0.5dB,7.0,15.0,0.5,9.0,9.0,1.4562684562679777,0.6747992210560514,well_defined_interior,True,,15,C3/Cz/C4_mean_log_psd,T0_rest_only,False
22,method_development,independent_single_run,,14,search_7_15Hz_prom_0.5dB,7.0,15.0,0.5,14.0,14.0,3.301722675944731,0.4420764570802014,well_defined_interior,True,,15,C3/Cz/C4_mean_log_psd,T0_rest_only,False
22,method_development,leave_one_run_out,6,10/14,search_7_15Hz_prom_0.5dB,7.0,15.0,0.5,14.0,14.0,2.1097370948052543,0.44729314575626145,well_defined_interior,True,,30,C3/Cz/C4_mean_log_psd,T0_rest_only,False
22,method_development,leave_one_run_out,10,6/14,search_7_15Hz_prom_0.5dB,7.0,15.0,0.5,11.75,11.75,2.226426107286869,0.5317701632071739,well_defined_interior,True,,30,C3/Cz/C4_mean_log_psd,T0_rest_only,False
22,method_development,leave_one_run_out,14,6/10,search_7_15Hz_prom_0.5dB,7.0,15.0,0.5,10.75,10.75,1.3800401003760498,0.5278943070566209,well_defined_interior,True,,30,C3/Cz/C4_mean_log_psd,T0_rest_only,False
22,method_development,independent_single_run,,6,search_7_15Hz_prom_1dB,7.0,15.0,1.0,10.75,10.75,2.6073255311521137,0.47375697642769765,well_defined_interior,True,,15,C3/Cz/C4_mean_log_psd,T0_rest_only,False
22,method_development,independent_single_run,,10,search_7_15Hz_prom_1dB,7.0,15.0,1.0,9.0,9.0,1.4562684562679777,0.6747992210560514,well_defined_interior,True,,15,C3/Cz/C4_mean_log_psd,T0_rest_only,False
22,method_development,independent_single_run,,14,search_7_15Hz_prom_1dB,7.0,15.0,1.0,14.0,14.0,3.301722675944731,0.4420764570802014,well_defined_interior,True,,15,C3/Cz/C4_mean_log_psd,T0_rest_only,False
22,method_development,leave_one_run_out,6,10/14,search_7_15Hz_prom_1dB,7.0,15.0,1.0,14.0,14.0,2.1097370948052543,0.44729314575626145,well_defined_interior,True,,30,C3/Cz/C4_mean_log_psd,T0_rest_only,False
22,method_development,leave_one_run_out,10,6/14,search_7_15Hz_prom_1dB,7.0,15.0,1.0,11.75,11.75,2.226426107286869,0.5317701632071739,well_defined_interior,True,,30,C3/Cz/C4_mean_log_psd,T0_rest_only,False
22,method_development,leave_one_run_out,14,6/10,search_7_15Hz_prom_1dB,7.0,15.0,1.0,10.75,10.75,1.3800401003760498,0.5278943070566209,well_defined_interior,True,,30,C3/Cz/C4_mean_log_psd,T0_rest_only,False
22,method_development,independent_single_run,,6,search_7_15Hz_prom_1.5dB,7.0,15.0,1.5,10.75,10.75,2.6073255311521137,0.47375697642769765,well_defined_interior,True,,15,C3/Cz/C4_mean_log_psd,T0_rest_only,False
22,method_development,independent_single_run,,10,search_7_15Hz_prom_1.5dB,7.0,15.0,1.5,,7.25,3.7869579509028597,,poorly_defined_no_peak,False,no_interior_peak_meets_prominence,15,C3/Cz/C4_mean_log_psd,T0_rest_only,False
22,method_development,independent_single_run,,14,search_7_15Hz_prom_1.5dB,7.0,15.0,1.5,14.0,14.0,3.301722675944731,0.4420764570802014,well_defined_interior,True,,15,C3/Cz/C4_mean_log_psd,T0_rest_only,False
22,method_development,leave_one_run_out,6,10/14,search_7_15Hz_prom_1.5dB,7.0,15.0,1.5,14.0,14.0,2.1097370948052543,0.44729314575626145,well_defined_interior,True,,30,C3/Cz/C4_mean_log_psd,T0_rest_only,False
22,method_development,leave_one_run_out,10,6/14,search_7_15Hz_prom_1.5dB,7.0,15.0,1.5,11.75,11.75,2.226426107286869,0.5317701632071739,well_defined_interior,True,,30,C3/Cz/C4_mean_log_psd,T0_rest_only,False
22,method_development,leave_one_run_out,14,6/10,search_7_15Hz_prom_1.5dB,7.0,15.0,1.5,,7.25,3.9193431489970862,,poorly_defined_no_peak,False,no_interior_peak_meets_prominence,30,C3/Cz/C4_mean_log_psd,T0_rest_only,False
24,method_development,independent_single_run,,6,search_7_14Hz_prom_0.5dB,7.0,14.0,0.5,9.0,9.0,2.447278147150101,0.4433415964452492,well_defined_interior,True,,15,C3/Cz/C4_mean_log_psd,T0_rest_only,False
24,method_development,independent_single_run,,10,search_7_14Hz_prom_0.5dB,7.0,14.0,0.5,7.75,7.75,4.322958807024733,0.921777436355558,well_defined_interior,True,,15,C3/Cz/C4_mean_log_psd,T0_rest_only,False
24,method_development,independent_single_run,,14,search_7_14Hz_prom_0.5dB,7.0,14.0,0.5,7.75,7.75,4.4443449376550745,0.9581799776789033,well_defined_interior,True,,15,C3/Cz/C4_mean_log_psd,T0_rest_only,False
24,method_development,leave_one_run_out,6,10/14,search_7_14Hz_prom_0.5dB,7.0,14.0,0.5,7.75,7.75,4.3836518723398825,0.912073844282096,well_defined_interior,True,,30,C3/Cz/C4_mean_log_psd,T0_rest_only,False
24,method_development,leave_one_run_out,10,6/14,search_7_14Hz_prom_0.5dB,7.0,14.0,0.5,7.75,7.75,3.4376184907630005,0.6941873143116739,well_defined_interior,True,,30,C3/Cz/C4_mean_log_psd,T0_rest_only,False
24,method_development,leave_one_run_out,14,6/10,search_7_14Hz_prom_0.5dB,7.0,14.0,0.5,7.75,7.75,3.376925425447837,0.6667692211661884,well_defined_interior,True,,30,C3/Cz/C4_mean_log_psd,T0_rest_only,False
24,method_development,independent_single_run,,6,search_7_14Hz_prom_1dB,7.0,14.0,1.0,9.0,9.0,2.447278147150101,0.4433415964452492,well_defined_interior,True,,15,C3/Cz/C4_mean_log_psd,T0_rest_only,False
24,method_development,independent_single_run,,10,search_7_14Hz_prom_1dB,7.0,14.0,1.0,7.75,7.75,4.322958807024733,0.921777436355558,well_defined_interior,True,,15,C3/Cz/C4_mean_log_psd,T0_rest_only,False
24,method_development,independent_single_run,,14,search_7_14Hz_prom_1dB,7.0,14.0,1.0,7.75,7.75,4.4443449376550745,0.9581799776789033,well_defined_interior,True,,15,C3/Cz/C4_mean_log_psd,T0_rest_only,False
24,method_development,leave_one_run_out,6,10/14,search_7_14Hz_prom_1dB,7.0,14.0,1.0,7.75,7.75,4.3836518723398825,0.912073844282096,well_defined_interior,True,,30,C3/Cz/C4_mean_log_psd,T0_rest_only,False
24,method_development,leave_one_run_out,10,6/14,search_7_14Hz_prom_1dB,7.0,14.0,1.0,7.75,7.75,3.4376184907630005,0.6941873143116739,well_defined_interior,True,,30,C3/Cz/C4_mean_log_psd,T0_rest_only,False
24,method_development,leave_one_run_out,14,6/10,search_7_14Hz_prom_1dB,7.0,14.0,1.0,7.75,7.75,3.376925425447837,0.6667692211661884,well_defined_interior,True,,30,C3/Cz/C4_mean_log_psd,T0_rest_only,False
24,method_development,independent_single_run,,6,search_7_14Hz_prom_1.5dB,7.0,14.0,1.5,9.0,9.0,2.447278147150101,0.4433415964452492,well_defined_interior,True,,15,C3/Cz/C4_mean_log_psd,T0_rest_only,False
24,method_development,independent_single_run,,10,search_7_14Hz_prom_1.5dB,7.0,14.0,1.5,7.75,7.75,4.322958807024733,0.921777436355558,well_defined_interior,True,,15,C3/Cz/C4_mean_log_psd,T0_rest_only,False
24,method_development,independent_single_run,,14,search_7_14Hz_prom_1.5dB,7.0,14.0,1.5,7.75,7.75,4.4443449376550745,0.9581799776789033,well_defined_interior,True,,15,C3/Cz/C4_mean_log_psd,T0_rest_only,False
24,method_development,leave_one_run_out,6,10/14,search_7_14Hz_prom_1.5dB,7.0,14.0,1.5,7.75,7.75,4.3836518723398825,0.912073844282096,well_defined_interior,True,,30,C3/Cz/C4_mean_log_psd,T0_rest_only,False
24,method_development,leave_one_run_out,10,6/14,search_7_14Hz_prom_1.5dB,7.0,14.0,1.5,7.75,7.75,3.4376184907630005,0.6941873143116739,well_defined_interior,True,,30,C3/Cz/C4_mean_log_psd,T0_rest_only,False
24,method_development,leave_one_run_out,14,6/10,search_7_14Hz_prom_1.5dB,7.0,14.0,1.5,7.75,7.75,3.376925425447837,0.6667692211661884,well_defined_interior,True,,30,C3/Cz/C4_mean_log_psd,T0_rest_only,False
24,method_development,independent_single_run,,6,search_6_14Hz_prom_0.5dB,6.0,14.0,0.5,7.75,7.75,6.181024695044755,1.2526465408492737,well_defined_interior,True,,15,C3/Cz/C4_mean_log_psd,T0_rest_only,False
24,method_development,independent_single_run,,10,search_6_14Hz_prom_0.5dB,6.0,14.0,0.5,7.75,7.75,6.614162900391378,1.1623050534175807,well_defined_interior,True,,15,C3/Cz/C4_mean_log_psd,T0_rest_only,False
24,method_development,independent_single_run,,14,search_6_14Hz_prom_0.5dB,6.0,14.0,0.5,7.75,7.75,7.015799308520911,1.3190290736638657,well_defined_interior,True,,15,C3/Cz/C4_mean_log_psd,T0_rest_only,False
24,method_development,leave_one_run_out,6,10/14,search_6_14Hz_prom_0.5dB,6.0,14.0,0.5,7.75,7.75,6.137390660150487,1.1680989919884182,well_defined_interior,True,,30,C3/Cz/C4_mean_log_psd,T0_rest_only,False
24,method_development,leave_one_run_out,10,6/14,search_6_14Hz_prom_0.5dB,6.0,14.0,0.5,7.75,7.75,6.548473972180361,1.210180717475192,well_defined_interior,True,,30,C3/Cz/C4_mean_log_psd,T0_rest_only,False
24,method_development,leave_one_run_out,14,6/10,search_6_14Hz_prom_0.5dB,6.0,14.0,0.5,7.75,7.75,5.909276504055512,1.0270735370104922,well_defined_interior,True,,30,C3/Cz/C4_mean_log_psd,T0_rest_only,False
24,method_development,independent_single_run,,6,search_6_14Hz_prom_1dB,6.0,14.0,1.0,7.75,7.75,6.181024695044755,1.2526465408492737,well_defined_interior,True,,15,C3/Cz/C4_mean_log_psd,T0_rest_only,False
24,method_development,independent_single_run,,10,search_6_14Hz_prom_1dB,6.0,14.0,1.0,7.75,7.75,6.614162900391378,1.1623050534175807,well_defined_interior,True,,15,C3/Cz/C4_mean_log_psd,T0_rest_only,False
24,method_development,independent_single_run,,14,search_6_14Hz_prom_1dB,6.0,14.0,1.0,7.75,7.75,7.015799308520911,1.3190290736638657,well_defined_interior,True,,15,C3/Cz/C4_mean_log_psd,T0_rest_only,False
24,method_development,leave_one_run_out,6,10/14,search_6_14Hz_prom_1dB,6.0,14.0,1.0,7.75,7.75,6.137390660150487,1.1680989919884182,well_defined_interior,True,,30,C3/Cz/C4_mean_log_psd,T0_rest_only,False
24,method_development,leave_one_run_out,10,6/14,search_6_14Hz_prom_1dB,6.0,14.0,1.0,7.75,7.75,6.548473972180361,1.210180717475192,well_defined_interior,True,,30,C3/Cz/C4_mean_log_psd,T0_rest_only,False
24,method_development,leave_one_run_out,14,6/10,search_6_14Hz_prom_1dB,6.0,14.0,1.0,7.75,7.75,5.909276504055512,1.0270735370104922,well_defined_interior,True,,30,C3/Cz/C4_mean_log_psd,T0_rest_only,False
24,method_development,independent_single_run,,6,search_6_14Hz_prom_1.5dB,6.0,14.0,1.5,7.75,7.75,6.181024695044755,1.2526465408492737,well_defined_interior,True,,15,C3/Cz/C4_mean_log_psd,T0_rest_only,False
24,method_development,independent_single_run,,10,search_6_14Hz_prom_1.5dB,6.0,14.0,1.5,7.75,7.75,6.614162900391378,1.1623050534175807,well_defined_interior,True,,15,C3/Cz/C4_mean_log_psd,T0_rest_only,False
24,method_development,independent_single_run,,14,search_6_14Hz_prom_1.5dB,6.0,14.0,1.5,7.75,7.75,7.015799308520911,1.3190290736638657,well_defined_interior,True,,15,C3/Cz/C4_mean_log_psd,T0_rest_only,False
24,method_development,leave_one_run_out,6,10/14,search_6_14Hz_prom_1.5dB,6.0,14.0,1.5,7.75,7.75,6.137390660150487,1.1680989919884182,well_defined_interior,True,,30,C3/Cz/C4_mean_log_psd,T0_rest_only,False
24,method_development,leave_one_run_out,10,6/14,search_6_14Hz_prom_1.5dB,6.0,14.0,1.5,7.75,7.75,6.548473972180361,1.210180717475192,well_defined_interior,True,,30,C3/Cz/C4_mean_log_psd,T0_rest_only,False
24,method_development,leave_one_run_out,14,6/10,search_6_14Hz_prom_1.5dB,6.0,14.0,1.5,7.75,7.75,5.909276504055512,1.0270735370104922,well_defined_interior,True,,30,C3/Cz/C4_mean_log_psd,T0_rest_only,False
24,method_development,independent_single_run,,6,search_7_15Hz_prom_0.5dB,7.0,15.0,0.5,9.0,9.0,2.447278147150101,0.4433415964452492,well_defined_interior,True,,15,C3/Cz/C4_mean_log_psd,T0_rest_only,False
24,method_development,independent_single_run,,10,search_7_15Hz_prom_0.5dB,7.0,15.0,0.5,7.75,7.75,4.322958807024733,0.921777436355558,well_defined_interior,True,,15,C3/Cz/C4_mean_log_psd,T0_rest_only,False
24,method_development,independent_single_run,,14,search_7_15Hz_prom_0.5dB,7.0,15.0,0.5,7.75,7.75,4.4443449376550745,0.9581799776789033,well_defined_interior,True,,15,C3/Cz/C4_mean_log_psd,T0_rest_only,False
24,method_development,leave_one_run_out,6,10/14,search_7_15Hz_prom_0.5dB,7.0,15.0,0.5,7.75,7.75,4.3836518723398825,0.912073844282096,well_defined_interior,True,,30,C3/Cz/C4_mean_log_psd,T0_rest_only,False
24,method_development,leave_one_run_out,10,6/14,search_7_15Hz_prom_0.5dB,7.0,15.0,0.5,7.75,7.75,3.4376184907630005,0.6941873143116739,well_defined_interior,True,,30,C3/Cz/C4_mean_log_psd,T0_rest_only,False
24,method_development,leave_one_run_out,14,6/10,search_7_15Hz_prom_0.5dB,7.0,15.0,0.5,7.75,7.75,3.376925425447837,0.6667692211661884,well_defined_interior,True,,30,C3/Cz/C4_mean_log_psd,T0_rest_only,False
24,method_development,independent_single_run,,6,search_7_15Hz_prom_1dB,7.0,15.0,1.0,9.0,9.0,2.447278147150101,0.4433415964452492,well_defined_interior,True,,15,C3/Cz/C4_mean_log_psd,T0_rest_only,False
24,method_development,independent_single_run,,10,search_7_15Hz_prom_1dB,7.0,15.0,1.0,7.75,7.75,4.322958807024733,0.921777436355558,well_defined_interior,True,,15,C3/Cz/C4_mean_log_psd,T0_rest_only,False
24,method_development,independent_single_run,,14,search_7_15Hz_prom_1dB,7.0,15.0,1.0,7.75,7.75,4.4443449376550745,0.9581799776789033,well_defined_interior,True,,15,C3/Cz/C4_mean_log_psd,T0_rest_only,False
24,method_development,leave_one_run_out,6,10/14,search_7_15Hz_prom_1dB,7.0,15.0,1.0,7.75,7.75,4.3836518723398825,0.912073844282096,well_defined_interior,True,,30,C3/Cz/C4_mean_log_psd,T0_rest_only,False
24,method_development,leave_one_run_out,10,6/14,search_7_15Hz_prom_1dB,7.0,15.0,1.0,7.75,7.75,3.4376184907630005,0.6941873143116739,well_defined_interior,True,,30,C3/Cz/C4_mean_log_psd,T0_rest_only,False
24,method_development,leave_one_run_out,14,6/10,search_7_15Hz_prom_1dB,7.0,15.0,1.0,7.75,7.75,3.376925425447837,0.6667692211661884,well_defined_interior,True,,30,C3/Cz/C4_mean_log_psd,T0_rest_only,False
24,method_development,independent_single_run,,6,search_7_15Hz_prom_1.5dB,7.0,15.0,1.5,9.0,9.0,2.447278147150101,0.4433415964452492,well_defined_interior,True,,15,C3/Cz/C4_mean_log_psd,T0_rest_only,False
24,method_development,independent_single_run,,10,search_7_15Hz_prom_1.5dB,7.0,15.0,1.5,7.75,7.75,4.322958807024733,0.921777436355558,well_defined_interior,True,,15,C3/Cz/C4_mean_log_psd,T0_rest_only,False
24,method_development,independent_single_run,,14,search_7_15Hz_prom_1.5dB,7.0,15.0,1.5,7.75,7.75,4.4443449376550745,0.9581799776789033,well_defined_interior,True,,15,C3/Cz/C4_mean_log_psd,T0_rest_only,False
24,method_development,leave_one_run_out,6,10/14,search_7_15Hz_prom_1.5dB,7.0,15.0,1.5,7.75,7.75,4.3836518723398825,0.912073844282096,well_defined_interior,True,,30,C3/Cz/C4_mean_log_psd,T0_rest_only,False
24,method_development,leave_one_run_out,10,6/14,search_7_15Hz_prom_1.5dB,7.0,15.0,1.5,7.75,7.75,3.4376184907630005,0.6941873143116739,well_defined_interior,True,,30,C3/Cz/C4_mean_log_psd,T0_rest_only,False
24,method_development,leave_one_run_out,14,6/10,search_7_15Hz_prom_1.5dB,7.0,15.0,1.5,7.75,7.75,3.376925425447837,0.6667692211661884,well_defined_interior,True,,30,C3/Cz/C4_mean_log_psd,T0_rest_only,False
26,method_development,independent_single_run,,6,search_7_14Hz_prom_0.5dB,7.0,14.0,0.5,8.75,8.75,2.999060485559255,0.46841996515164497,well_defined_interior,True,,15,C3/Cz/C4_mean_log_psd,T0_rest_only,False
26,method_development,independent_single_run,,10,search_7_14Hz_prom_0.5dB,7.0,14.0,0.5,9.5,9.5,2.579869849616358,0.482867435889073,well_defined_interior,True,,15,C3/Cz/C4_mean_log_psd,T0_rest_only,False
26,method_development,independent_single_run,,14,search_7_14Hz_prom_0.5dB,7.0,14.0,0.5,11.5,11.5,2.9686426311810266,0.37317619533532387,well_defined_interior,True,,15,C3/Cz/C4_mean_log_psd,T0_rest_only,False
26,method_development,leave_one_run_out,6,10/14,search_7_14Hz_prom_0.5dB,7.0,14.0,0.5,11.5,11.5,2.407511143978823,0.3964485289183637,well_defined_interior,True,,30,C3/Cz/C4_mean_log_psd,T0_rest_only,False
26,method_development,leave_one_run_out,10,6/14,search_7_14Hz_prom_0.5dB,7.0,14.0,0.5,8.75,8.75,2.3283101044359427,0.644262525800549,well_defined_interior,True,,30,C3/Cz/C4_mean_log_psd,T0_rest_only,False
26,method_development,leave_one_run_out,14,6/10,search_7_14Hz_prom_0.5dB,7.0,14.0,0.5,8.75,8.75,1.8503998926620824,0.3658620143212683,well_defined_interior,True,,30,C3/Cz/C4_mean_log_psd,T0_rest_only,False
26,method_development,independent_single_run,,6,search_7_14Hz_prom_1dB,7.0,14.0,1.0,8.75,8.75,2.999060485559255,0.46841996515164497,well_defined_interior,True,,15,C3/Cz/C4_mean_log_psd,T0_rest_only,False
26,method_development,independent_single_run,,10,search_7_14Hz_prom_1dB,7.0,14.0,1.0,9.5,9.5,2.579869849616358,0.482867435889073,well_defined_interior,True,,15,C3/Cz/C4_mean_log_psd,T0_rest_only,False
26,method_development,independent_single_run,,14,search_7_14Hz_prom_1dB,7.0,14.0,1.0,11.5,11.5,2.9686426311810266,0.37317619533532387,well_defined_interior,True,,15,C3/Cz/C4_mean_log_psd,T0_rest_only,False
26,method_development,leave_one_run_out,6,10/14,search_7_14Hz_prom_1dB,7.0,14.0,1.0,11.5,11.5,2.407511143978823,0.3964485289183637,well_defined_interior,True,,30,C3/Cz/C4_mean_log_psd,T0_rest_only,False
26,method_development,leave_one_run_out,10,6/14,search_7_14Hz_prom_1dB,7.0,14.0,1.0,8.75,8.75,2.3283101044359427,0.644262525800549,well_defined_interior,True,,30,C3/Cz/C4_mean_log_psd,T0_rest_only,False
26,method_development,leave_one_run_out,14,6/10,search_7_14Hz_prom_1dB,7.0,14.0,1.0,8.75,8.75,1.8503998926620824,0.3658620143212683,well_defined_interior,True,,30,C3/Cz/C4_mean_log_psd,T0_rest_only,False
26,method_development,independent_single_run,,6,search_7_14Hz_prom_1.5dB,7.0,14.0,1.5,8.75,8.75,2.999060485559255,0.46841996515164497,well_defined_interior,True,,15,C3/Cz/C4_mean_log_psd,T0_rest_only,False
26,method_development,independent_single_run,,10,search_7_14Hz_prom_1.5dB,7.0,14.0,1.5,9.5,9.5,2.579869849616358,0.482867435889073,well_defined_interior,True,,15,C3/Cz/C4_mean_log_psd,T0_rest_only,False
26,method_development,independent_single_run,,14,search_7_14Hz_prom_1.5dB,7.0,14.0,1.5,11.5,11.5,2.9686426311810266,0.37317619533532387,well_defined_interior,True,,15,C3/Cz/C4_mean_log_psd,T0_rest_only,False
26,method_development,leave_one_run_out,6,10/14,search_7_14Hz_prom_1.5dB,7.0,14.0,1.5,11.5,11.5,2.407511143978823,0.3964485289183637,well_defined_interior,True,,30,C3/Cz/C4_mean_log_psd,T0_rest_only,False
26,method_development,leave_one_run_out,10,6/14,search_7_14Hz_prom_1.5dB,7.0,14.0,1.5,8.75,8.75,2.3283101044359427,0.644262525800549,well_defined_interior,True,,30,C3/Cz/C4_mean_log_psd,T0_rest_only,False
26,method_development,leave_one_run_out,14,6/10,search_7_14Hz_prom_1.5dB,7.0,14.0,1.5,8.75,8.75,1.8503998926620824,0.3658620143212683,well_defined_interior,True,,30,C3/Cz/C4_mean_log_psd,T0_rest_only,False
26,method_development,independent_single_run,,6,search_6_14Hz_prom_0.5dB,6.0,14.0,0.5,8.75,8.75,2.999060485559255,0.4684199651516452,well_defined_interior,True,,15,C3/Cz/C4_mean_log_psd,T0_rest_only,False
26,method_development,independent_single_run,,10,search_6_14Hz_prom_0.5dB,6.0,14.0,0.5,9.5,9.5,2.579869849616358,0.482867435889073,well_defined_interior,True,,15,C3/Cz/C4_mean_log_psd,T0_rest_only,False
26,method_development,independent_single_run,,14,search_6_14Hz_prom_0.5dB,6.0,14.0,0.5,11.5,11.5,2.9686426311810266,0.37317619533532387,well_defined_interior,True,,15,C3/Cz/C4_mean_log_psd,T0_rest_only,False
26,method_development,leave_one_run_out,6,10/14,search_6_14Hz_prom_0.5dB,6.0,14.0,0.5,11.5,11.5,2.407511143978823,0.3964485289183637,well_defined_interior,True,,30,C3/Cz/C4_mean_log_psd,T0_rest_only,False
26,method_development,leave_one_run_out,10,6/14,search_6_14Hz_prom_0.5dB,6.0,14.0,0.5,8.75,8.75,2.3283101044359427,0.6442625258005492,well_defined_interior,True,,30,C3/Cz/C4_mean_log_psd,T0_rest_only,False
26,method_development,leave_one_run_out,14,6/10,search_6_14Hz_prom_0.5dB,6.0,14.0,0.5,8.75,8.75,1.8503998926620824,0.3658620143212685,well_defined_interior,True,,30,C3/Cz/C4_mean_log_psd,T0_rest_only,False
26,method_development,independent_single_run,,6,search_6_14Hz_prom_1dB,6.0,14.0,1.0,8.75,8.75,2.999060485559255,0.4684199651516452,well_defined_interior,True,,15,C3/Cz/C4_mean_log_psd,T0_rest_only,False
26,method_development,independent_single_run,,10,search_6_14Hz_prom_1dB,6.0,14.0,1.0,9.5,9.5,2.579869849616358,0.482867435889073,well_defined_interior,True,,15,C3/Cz/C4_mean_log_psd,T0_rest_only,False
26,method_development,independent_single_run,,14,search_6_14Hz_prom_1dB,6.0,14.0,1.0,11.5,11.5,2.9686426311810266,0.37317619533532387,well_defined_interior,True,,15,C3/Cz/C4_mean_log_psd,T0_rest_only,False
26,method_development,leave_one_run_out,6,10/14,search_6_14Hz_prom_1dB,6.0,14.0,1.0,11.5,11.5,2.407511143978823,0.3964485289183637,well_defined_interior,True,,30,C3/Cz/C4_mean_log_psd,T0_rest_only,False
26,method_development,leave_one_run_out,10,6/14,search_6_14Hz_prom_1dB,6.0,14.0,1.0,8.75,8.75,2.3283101044359427,0.6442625258005492,well_defined_interior,True,,30,C3/Cz/C4_mean_log_psd,T0_rest_only,False
26,method_development,leave_one_run_out,14,6/10,search_6_14Hz_prom_1dB,6.0,14.0,1.0,8.75,8.75,1.8503998926620824,0.3658620143212685,well_defined_interior,True,,30,C3/Cz/C4_mean_log_psd,T0_rest_only,False
26,method_development,independent_single_run,,6,search_6_14Hz_prom_1.5dB,6.0,14.0,1.5,8.75,8.75,2.999060485559255,0.4684199651516452,well_defined_interior,True,,15,C3/Cz/C4_mean_log_psd,T0_rest_only,False
26,method_development,independent_single_run,,10,search_6_14Hz_prom_1.5dB,6.0,14.0,1.5,9.5,9.5,2.579869849616358,0.482867435889073,well_defined_interior,True,,15,C3/Cz/C4_mean_log_psd,T0_rest_only,False
26,method_development,independent_single_run,,14,search_6_14Hz_prom_1.5dB,6.0,14.0,1.5,11.5,11.5,2.9686426311810266,0.37317619533532387,well_defined_interior,True,,15,C3/Cz/C4_mean_log_psd,T0_rest_only,False
26,method_development,leave_one_run_out,6,10/14,search_6_14Hz_prom_1.5dB,6.0,14.0,1.5,11.5,11.5,2.407511143978823,0.3964485289183637,well_defined_interior,True,,30,C3/Cz/C4_mean_log_psd,T0_rest_only,False
26,method_development,leave_one_run_out,10,6/14,search_6_14Hz_prom_1.5dB,6.0,14.0,1.5,8.75,8.75,2.3283101044359427,0.6442625258005492,well_defined_interior,True,,30,C3/Cz/C4_mean_log_psd,T0_rest_only,False
26,method_development,leave_one_run_out,14,6/10,search_6_14Hz_prom_1.5dB,6.0,14.0,1.5,8.75,8.75,1.8503998926620824,0.3658620143212685,well_defined_interior,True,,30,C3/Cz/C4_mean_log_psd,T0_rest_only,False
26,method_development,independent_single_run,,6,search_7_15Hz_prom_0.5dB,7.0,15.0,0.5,8.75,8.75,2.999060485559255,0.46841996515164497,well_defined_interior,True,,15,C3/Cz/C4_mean_log_psd,T0_rest_only,False
26,method_development,independent_single_run,,10,search_7_15Hz_prom_0.5dB,7.0,15.0,0.5,9.5,9.5,2.579869849616358,0.482867435889073,well_defined_interior,True,,15,C3/Cz/C4_mean_log_psd,T0_rest_only,False
26,method_development,independent_single_run,,14,search_7_15Hz_prom_0.5dB,7.0,15.0,0.5,11.5,11.5,2.9686426311810266,0.37317619533532387,well_defined_interior,True,,15,C3/Cz/C4_mean_log_psd,T0_rest_only,False
26,method_development,leave_one_run_out,6,10/14,search_7_15Hz_prom_0.5dB,7.0,15.0,0.5,11.5,11.5,2.407511143978823,0.3964485289183637,well_defined_interior,True,,30,C3/Cz/C4_mean_log_psd,T0_rest_only,False
26,method_development,leave_one_run_out,10,6/14,search_7_15Hz_prom_0.5dB,7.0,15.0,0.5,8.75,8.75,2.3283101044359427,0.644262525800549,well_defined_interior,True,,30,C3/Cz/C4_mean_log_psd,T0_rest_only,False
26,method_development,leave_one_run_out,14,6/10,search_7_15Hz_prom_0.5dB,7.0,15.0,0.5,8.75,8.75,1.8503998926620824,0.3658620143212683,well_defined_interior,True,,30,C3/Cz/C4_mean_log_psd,T0_rest_only,False
26,method_development,independent_single_run,,6,search_7_15Hz_prom_1dB,7.0,15.0,1.0,8.75,8.75,2.999060485559255,0.46841996515164497,well_defined_interior,True,,15,C3/Cz/C4_mean_log_psd,T0_rest_only,False
26,method_development,independent_single_run,,10,search_7_15Hz_prom_1dB,7.0,15.0,1.0,9.5,9.5,2.579869849616358,0.482867435889073,well_defined_interior,True,,15,C3/Cz/C4_mean_log_psd,T0_rest_only,False
26,method_development,independent_single_run,,14,search_7_15Hz_prom_1dB,7.0,15.0,1.0,11.5,11.5,2.9686426311810266,0.37317619533532387,well_defined_interior,True,,15,C3/Cz/C4_mean_log_psd,T0_rest_only,False
26,method_development,leave_one_run_out,6,10/14,search_7_15Hz_prom_1dB,7.0,15.0,1.0,11.5,11.5,2.407511143978823,0.3964485289183637,well_defined_interior,True,,30,C3/Cz/C4_mean_log_psd,T0_rest_only,False
26,method_development,leave_one_run_out,10,6/14,search_7_15Hz_prom_1dB,7.0,15.0,1.0,8.75,8.75,2.3283101044359427,0.644262525800549,well_defined_interior,True,,30,C3/Cz/C4_mean_log_psd,T0_rest_only,False
26,method_development,leave_one_run_out,14,6/10,search_7_15Hz_prom_1dB,7.0,15.0,1.0,8.75,8.75,1.8503998926620824,0.3658620143212683,well_defined_interior,True,,30,C3/Cz/C4_mean_log_psd,T0_rest_only,False
26,method_development,independent_single_run,,6,search_7_15Hz_prom_1.5dB,7.0,15.0,1.5,8.75,8.75,2.999060485559255,0.46841996515164497,well_defined_interior,True,,15,C3/Cz/C4_mean_log_psd,T0_rest_only,False
26,method_development,independent_single_run,,10,search_7_15Hz_prom_1.5dB,7.0,15.0,1.5,9.5,9.5,2.579869849616358,0.482867435889073,well_defined_interior,True,,15,C3/Cz/C4_mean_log_psd,T0_rest_only,False
26,method_development,independent_single_run,,14,search_7_15Hz_prom_1.5dB,7.0,15.0,1.5,11.5,11.5,2.9686426311810266,0.37317619533532387,well_defined_interior,True,,15,C3/Cz/C4_mean_log_psd,T0_rest_only,False
26,method_development,leave_one_run_out,6,10/14,search_7_15Hz_prom_1.5dB,7.0,15.0,1.5,11.5,11.5,2.407511143978823,0.3964485289183637,well_defined_interior,True,,30,C3/Cz/C4_mean_log_psd,T0_rest_only,False
26,method_development,leave_one_run_out,10,6/14,search_7_15Hz_prom_1.5dB,7.0,15.0,1.5,8.75,8.75,2.3283101044359427,0.644262525800549,well_defined_interior,True,,30,C3/Cz/C4_mean_log_psd,T0_rest_only,False
26,method_development,leave_one_run_out,14,6/10,search_7_15Hz_prom_1.5dB,7.0,15.0,1.5,8.75,8.75,1.8503998926620824,0.3658620143212683,well_defined_interior,True,,30,C3/Cz/C4_mean_log_psd,T0_rest_only,False
28,method_development,independent_single_run,,6,search_7_14Hz_prom_0.5dB,7.0,14.0,0.5,10.5,10.5,2.1438684242517354,0.5829101076469385,well_defined_interior,True,,15,C3/Cz/C4_mean_log_psd,T0_rest_only,False
28,method_development,independent_single_run,,10,search_7_14Hz_prom_0.5dB,7.0,14.0,0.5,12.75,12.75,2.4389789577762997,0.6391451969788982,well_defined_interior,True,,15,C3/Cz/C4_mean_log_psd,T0_rest_only,False
28,method_development,independent_single_run,,14,search_7_14Hz_prom_0.5dB,7.0,14.0,0.5,9.0,9.0,2.7728667809317784,2.022892324678235,well_defined_interior,True,,15,C3/Cz/C4_mean_log_psd,T0_rest_only,False
28,method_development,leave_one_run_out,6,10/14,search_7_14Hz_prom_0.5dB,7.0,14.0,0.5,12.75,12.75,1.713309773044358,0.513060251771658,well_defined_interior,True,,30,C3/Cz/C4_mean_log_psd,T0_rest_only,False
28,method_development,leave_one_run_out,10,6/14,search_7_14Hz_prom_0.5dB,7.0,14.0,0.5,9.0,9.0,1.8489659549423294,1.3943046901796523,well_defined_interior,True,,30,C3/Cz/C4_mean_log_psd,T0_rest_only,False
28,method_development,leave_one_run_out,14,6/10,search_7_14Hz_prom_0.5dB,7.0,14.0,0.5,12.75,12.75,1.9462230739591462,0.3571119931531088,well_defined_interior,True,,30,C3/Cz/C4_mean_log_psd,T0_rest_only,False
28,method_development,independent_single_run,,6,search_7_14Hz_prom_1dB,7.0,14.0,1.0,10.5,10.5,2.1438684242517354,0.5829101076469385,well_defined_interior,True,,15,C3/Cz/C4_mean_log_psd,T0_rest_only,False
28,method_development,independent_single_run,,10,search_7_14Hz_prom_1dB,7.0,14.0,1.0,12.75,12.75,2.4389789577762997,0.6391451969788982,well_defined_interior,True,,15,C3/Cz/C4_mean_log_psd,T0_rest_only,False
28,method_development,independent_single_run,,14,search_7_14Hz_prom_1dB,7.0,14.0,1.0,9.0,9.0,2.7728667809317784,2.022892324678235,well_defined_interior,True,,15,C3/Cz/C4_mean_log_psd,T0_rest_only,False
28,method_development,leave_one_run_out,6,10/14,search_7_14Hz_prom_1dB,7.0,14.0,1.0,12.75,12.75,1.713309773044358,0.513060251771658,well_defined_interior,True,,30,C3/Cz/C4_mean_log_psd,T0_rest_only,False
28,method_development,leave_one_run_out,10,6/14,search_7_14Hz_prom_1dB,7.0,14.0,1.0,9.0,9.0,1.8489659549423294,1.3943046901796523,well_defined_interior,True,,30,C3/Cz/C4_mean_log_psd,T0_rest_only,False
28,method_development,leave_one_run_out,14,6/10,search_7_14Hz_prom_1dB,7.0,14.0,1.0,12.75,12.75,1.9462230739591462,0.3571119931531088,well_defined_interior,True,,30,C3/Cz/C4_mean_log_psd,T0_rest_only,False
28,method_development,independent_single_run,,6,search_7_14Hz_prom_1.5dB,7.0,14.0,1.5,10.5,10.5,2.1438684242517354,0.5829101076469385,well_defined_interior,True,,15,C3/Cz/C4_mean_log_psd,T0_rest_only,False
28,method_development,independent_single_run,,10,search_7_14Hz_prom_1.5dB,7.0,14.0,1.5,12.75,12.75,2.4389789577762997,0.6391451969788982,well_defined_interior,True,,15,C3/Cz/C4_mean_log_psd,T0_rest_only,False
28,method_development,independent_single_run,,14,search_7_14Hz_prom_1.5dB,7.0,14.0,1.5,9.0,9.0,2.7728667809317784,2.022892324678235,well_defined_interior,True,,15,C3/Cz/C4_mean_log_psd,T0_rest_only,False
28,method_development,leave_one_run_out,6,10/14,search_7_14Hz_prom_1.5dB,7.0,14.0,1.5,12.75,12.75,1.713309773044358,0.513060251771658,well_defined_interior,True,,30,C3/Cz/C4_mean_log_psd,T0_rest_only,False
28,method_development,leave_one_run_out,10,6/14,search_7_14Hz_prom_1.5dB,7.0,14.0,1.5,9.0,9.0,1.8489659549423294,1.3943046901796523,well_defined_interior,True,,30,C3/Cz/C4_mean_log_psd,T0_rest_only,False
28,method_development,leave_one_run_out,14,6/10,search_7_14Hz_prom_1.5dB,7.0,14.0,1.5,12.75,12.75,1.9462230739591462,0.3571119931531088,well_defined_interior,True,,30,C3/Cz/C4_mean_log_psd,T0_rest_only,False
28,method_development,independent_single_run,,6,search_6_14Hz_prom_0.5dB,6.0,14.0,0.5,9.0,9.0,4.416494239183109,3.1236815502436865,well_defined_interior,True,,15,C3/Cz/C4_mean_log_psd,T0_rest_only,False
28,method_development,independent_single_run,,10,search_6_14Hz_prom_0.5dB,6.0,14.0,0.5,7.25,7.25,4.214982880140127,0.6962896512504009,well_defined_interior,True,,15,C3/Cz/C4_mean_log_psd,T0_rest_only,False
28,method_development,independent_single_run,,14,search_6_14Hz_prom_0.5dB,6.0,14.0,0.5,9.0,9.0,3.8035749124486813,2.7425543672135904,well_defined_interior,True,,15,C3/Cz/C4_mean_log_psd,T0_rest_only,False
28,method_development,leave_one_run_out,6,10/14,search_6_14Hz_prom_0.5dB,6.0,14.0,0.5,9.0,9.0,2.8097655285078247,2.358714537357205,well_defined_interior,True,,30,C3/Cz/C4_mean_log_psd,T0_rest_only,False
28,method_development,leave_one_run_out,10,6/14,search_6_14Hz_prom_0.5dB,6.0,14.0,0.5,9.0,9.0,4.110034575815817,4.024116914633997,well_defined_interior,True,,30,C3/Cz/C4_mean_log_psd,T0_rest_only,False
28,method_development,leave_one_run_out,14,6/10,search_6_14Hz_prom_0.5dB,6.0,14.0,0.5,7.25,7.25,3.3796868297219476,1.0652872558260094,well_defined_interior,True,,30,C3/Cz/C4_mean_log_psd,T0_rest_only,False
28,method_development,independent_single_run,,6,search_6_14Hz_prom_1dB,6.0,14.0,1.0,9.0,9.0,4.416494239183109,3.1236815502436865,well_defined_interior,True,,15,C3/Cz/C4_mean_log_psd,T0_rest_only,False
28,method_development,independent_single_run,,10,search_6_14Hz_prom_1dB,6.0,14.0,1.0,7.25,7.25,4.214982880140127,0.6962896512504009,well_defined_interior,True,,15,C3/Cz/C4_mean_log_psd,T0_rest_only,False
28,method_development,independent_single_run,,14,search_6_14Hz_prom_1dB,6.0,14.0,1.0,9.0,9.0,3.8035749124486813,2.7425543672135904,well_defined_interior,True,,15,C3/Cz/C4_mean_log_psd,T0_rest_only,False
28,method_development,leave_one_run_out,6,10/14,search_6_14Hz_prom_1dB,6.0,14.0,1.0,9.0,9.0,2.8097655285078247,2.358714537357205,well_defined_interior,True,,30,C3/Cz/C4_mean_log_psd,T0_rest_only,False
28,method_development,leave_one_run_out,10,6/14,search_6_14Hz_prom_1dB,6.0,14.0,1.0,9.0,9.0,4.110034575815817,4.024116914633997,well_defined_interior,True,,30,C3/Cz/C4_mean_log_psd,T0_rest_only,False
28,method_development,leave_one_run_out,14,6/10,search_6_14Hz_prom_1dB,6.0,14.0,1.0,7.25,7.25,3.3796868297219476,1.0652872558260094,well_defined_interior,True,,30,C3/Cz/C4_mean_log_psd,T0_rest_only,False
28,method_development,independent_single_run,,6,search_6_14Hz_prom_1.5dB,6.0,14.0,1.5,9.0,9.0,4.416494239183109,3.1236815502436865,well_defined_interior,True,,15,C3/Cz/C4_mean_log_psd,T0_rest_only,False
28,method_development,independent_single_run,,10,search_6_14Hz_prom_1.5dB,6.0,14.0,1.5,7.25,7.25,4.214982880140127,0.6962896512504009,well_defined_interior,True,,15,C3/Cz/C4_mean_log_psd,T0_rest_only,False
28,method_development,independent_single_run,,14,search_6_14Hz_prom_1.5dB,6.0,14.0,1.5,9.0,9.0,3.8035749124486813,2.7425543672135904,well_defined_interior,True,,15,C3/Cz/C4_mean_log_psd,T0_rest_only,False
28,method_development,leave_one_run_out,6,10/14,search_6_14Hz_prom_1.5dB,6.0,14.0,1.5,9.0,9.0,2.8097655285078247,2.358714537357205,well_defined_interior,True,,30,C3/Cz/C4_mean_log_psd,T0_rest_only,False
28,method_development,leave_one_run_out,10,6/14,search_6_14Hz_prom_1.5dB,6.0,14.0,1.5,9.0,9.0,4.110034575815817,4.024116914633997,well_defined_interior,True,,30,C3/Cz/C4_mean_log_psd,T0_rest_only,False
28,method_development,leave_one_run_out,14,6/10,search_6_14Hz_prom_1.5dB,6.0,14.0,1.5,7.25,7.25,3.3796868297219476,1.0652872558260094,well_defined_interior,True,,30,C3/Cz/C4_mean_log_psd,T0_rest_only,False
28,method_development,independent_single_run,,6,search_7_15Hz_prom_0.5dB,7.0,15.0,0.5,14.25,14.25,2.895110667445522,0.627594367745659,well_defined_interior,True,,15,C3/Cz/C4_mean_log_psd,T0_rest_only,False
28,method_development,independent_single_run,,10,search_7_15Hz_prom_0.5dB,7.0,15.0,0.5,12.75,12.75,2.596630495804007,0.6608880851957162,well_defined_interior,True,,15,C3/Cz/C4_mean_log_psd,T0_rest_only,False
28,method_development,independent_single_run,,14,search_7_15Hz_prom_0.5dB,7.0,15.0,0.5,9.0,9.0,2.7728667809317784,2.022892324678235,well_defined_interior,True,,15,C3/Cz/C4_mean_log_psd,T0_rest_only,False
28,method_development,leave_one_run_out,6,10/14,search_7_15Hz_prom_0.5dB,7.0,15.0,0.5,12.75,12.75,1.713309773044358,0.513060251771658,well_defined_interior,True,,30,C3/Cz/C4_mean_log_psd,T0_rest_only,False
28,method_development,leave_one_run_out,10,6/14,search_7_15Hz_prom_0.5dB,7.0,15.0,0.5,9.0,9.0,1.8489659549423294,1.3943046901796523,well_defined_interior,True,,30,C3/Cz/C4_mean_log_psd,T0_rest_only,False
28,method_development,leave_one_run_out,14,6/10,search_7_15Hz_prom_0.5dB,7.0,15.0,0.5,12.75,12.75,1.9462230739591462,0.3571119931531088,well_defined_interior,True,,30,C3/Cz/C4_mean_log_psd,T0_rest_only,False
28,method_development,independent_single_run,,6,search_7_15Hz_prom_1dB,7.0,15.0,1.0,14.25,14.25,2.895110667445522,0.627594367745659,well_defined_interior,True,,15,C3/Cz/C4_mean_log_psd,T0_rest_only,False
28,method_development,independent_single_run,,10,search_7_15Hz_prom_1dB,7.0,15.0,1.0,12.75,12.75,2.596630495804007,0.6608880851957162,well_defined_interior,True,,15,C3/Cz/C4_mean_log_psd,T0_rest_only,False
28,method_development,independent_single_run,,14,search_7_15Hz_prom_1dB,7.0,15.0,1.0,9.0,9.0,2.7728667809317784,2.022892324678235,well_defined_interior,True,,15,C3/Cz/C4_mean_log_psd,T0_rest_only,False
28,method_development,leave_one_run_out,6,10/14,search_7_15Hz_prom_1dB,7.0,15.0,1.0,12.75,12.75,1.713309773044358,0.513060251771658,well_defined_interior,True,,30,C3/Cz/C4_mean_log_psd,T0_rest_only,False
28,method_development,leave_one_run_out,10,6/14,search_7_15Hz_prom_1dB,7.0,15.0,1.0,9.0,9.0,1.8489659549423294,1.3943046901796523,well_defined_interior,True,,30,C3/Cz/C4_mean_log_psd,T0_rest_only,False
28,method_development,leave_one_run_out,14,6/10,search_7_15Hz_prom_1dB,7.0,15.0,1.0,12.75,12.75,1.9462230739591462,0.3571119931531088,well_defined_interior,True,,30,C3/Cz/C4_mean_log_psd,T0_rest_only,False
28,method_development,independent_single_run,,6,search_7_15Hz_prom_1.5dB,7.0,15.0,1.5,14.25,14.25,2.895110667445522,0.627594367745659,well_defined_interior,True,,15,C3/Cz/C4_mean_log_psd,T0_rest_only,False
28,method_development,independent_single_run,,10,search_7_15Hz_prom_1.5dB,7.0,15.0,1.5,12.75,12.75,2.596630495804007,0.6608880851957162,well_defined_interior,True,,15,C3/Cz/C4_mean_log_psd,T0_rest_only,False
28,method_development,independent_single_run,,14,search_7_15Hz_prom_1.5dB,7.0,15.0,1.5,9.0,9.0,2.7728667809317784,2.022892324678235,well_defined_interior,True,,15,C3/Cz/C4_mean_log_psd,T0_rest_only,False
28,method_development,leave_one_run_out,6,10/14,search_7_15Hz_prom_1.5dB,7.0,15.0,1.5,12.75,12.75,1.713309773044358,0.513060251771658,well_defined_interior,True,,30,C3/Cz/C4_mean_log_psd,T0_rest_only,False
28,method_development,leave_one_run_out,10,6/14,search_7_15Hz_prom_1.5dB,7.0,15.0,1.5,9.0,9.0,1.8489659549423294,1.3943046901796523,well_defined_interior,True,,30,C3/Cz/C4_mean_log_psd,T0_rest_only,False
28,method_development,leave_one_run_out,14,6/10,search_7_15Hz_prom_1.5dB,7.0,15.0,1.5,12.75,12.75,1.9462230739591462,0.3571119931531088,well_defined_interior,True,,30,C3/Cz/C4_mean_log_psd,T0_rest_only,False
30,method_development,independent_single_run,,6,search_7_14Hz_prom_0.5dB,7.0,14.0,0.5,10.0,10.0,2.6619826124996564,0.6078665242649546,well_defined_interior,True,,15,C3/Cz/C4_mean_log_psd,T0_rest_only,False
30,method_development,independent_single_run,,10,search_7_14Hz_prom_0.5dB,7.0,14.0,0.5,9.75,9.75,4.678842872993087,2.3430855959933075,well_defined_interior,True,,15,C3/Cz/C4_mean_log_psd,T0_rest_only,False
30,method_development,independent_single_run,,14,search_7_14Hz_prom_0.5dB,7.0,14.0,0.5,9.75,9.75,2.63099684081854,0.6389673659948452,well_defined_interior,True,,15,C3/Cz/C4_mean_log_psd,T0_rest_only,False
30,method_development,leave_one_run_out,6,10/14,search_7_14Hz_prom_0.5dB,7.0,14.0,0.5,9.75,9.75,3.1085481766886858,0.8350552831589542,well_defined_interior,True,,30,C3/Cz/C4_mean_log_psd,T0_rest_only,False
30,method_development,leave_one_run_out,10,6/14,search_7_14Hz_prom_0.5dB,7.0,14.0,0.5,9.75,9.75,2.473650868910127,0.7183078134796617,well_defined_interior,True,,30,C3/Cz/C4_mean_log_psd,T0_rest_only,False
30,method_development,leave_one_run_out,14,6/10,search_7_14Hz_prom_0.5dB,7.0,14.0,0.5,9.75,9.75,2.6815903386362265,0.676691153353667,well_defined_interior,True,,30,C3/Cz/C4_mean_log_psd,T0_rest_only,False
30,method_development,independent_single_run,,6,search_7_14Hz_prom_1dB,7.0,14.0,1.0,10.0,10.0,2.6619826124996564,0.6078665242649546,well_defined_interior,True,,15,C3/Cz/C4_mean_log_psd,T0_rest_only,False
30,method_development,independent_single_run,,10,search_7_14Hz_prom_1dB,7.0,14.0,1.0,9.75,9.75,4.678842872993087,2.3430855959933075,well_defined_interior,True,,15,C3/Cz/C4_mean_log_psd,T0_rest_only,False
30,method_development,independent_single_run,,14,search_7_14Hz_prom_1dB,7.0,14.0,1.0,9.75,9.75,2.63099684081854,0.6389673659948452,well_defined_interior,True,,15,C3/Cz/C4_mean_log_psd,T0_rest_only,False
30,method_development,leave_one_run_out,6,10/14,search_7_14Hz_prom_1dB,7.0,14.0,1.0,9.75,9.75,3.1085481766886858,0.8350552831589542,well_defined_interior,True,,30,C3/Cz/C4_mean_log_psd,T0_rest_only,False
30,method_development,leave_one_run_out,10,6/14,search_7_14Hz_prom_1dB,7.0,14.0,1.0,9.75,9.75,2.473650868910127,0.7183078134796617,well_defined_interior,True,,30,C3/Cz/C4_mean_log_psd,T0_rest_only,False
30,method_development,leave_one_run_out,14,6/10,search_7_14Hz_prom_1dB,7.0,14.0,1.0,9.75,9.75,2.6815903386362265,0.676691153353667,well_defined_interior,True,,30,C3/Cz/C4_mean_log_psd,T0_rest_only,False
30,method_development,independent_single_run,,6,search_7_14Hz_prom_1.5dB,7.0,14.0,1.5,10.0,10.0,2.6619826124996564,0.6078665242649546,well_defined_interior,True,,15,C3/Cz/C4_mean_log_psd,T0_rest_only,False
30,method_development,independent_single_run,,10,search_7_14Hz_prom_1.5dB,7.0,14.0,1.5,9.75,9.75,4.678842872993087,2.3430855959933075,well_defined_interior,True,,15,C3/Cz/C4_mean_log_psd,T0_rest_only,False
30,method_development,independent_single_run,,14,search_7_14Hz_prom_1.5dB,7.0,14.0,1.5,9.75,9.75,2.63099684081854,0.6389673659948452,well_defined_interior,True,,15,C3/Cz/C4_mean_log_psd,T0_rest_only,False
30,method_development,leave_one_run_out,6,10/14,search_7_14Hz_prom_1.5dB,7.0,14.0,1.5,9.75,9.75,3.1085481766886858,0.8350552831589542,well_defined_interior,True,,30,C3/Cz/C4_mean_log_psd,T0_rest_only,False
30,method_development,leave_one_run_out,10,6/14,search_7_14Hz_prom_1.5dB,7.0,14.0,1.5,9.75,9.75,2.473650868910127,0.7183078134796617,well_defined_interior,True,,30,C3/Cz/C4_mean_log_psd,T0_rest_only,False
30,method_development,leave_one_run_out,14,6/10,search_7_14Hz_prom_1.5dB,7.0,14.0,1.5,9.75,9.75,2.6815903386362265,0.676691153353667,well_defined_interior,True,,30,C3/Cz/C4_mean_log_psd,T0_rest_only,False
30,method_development,independent_single_run,,6,search_6_14Hz_prom_0.5dB,6.0,14.0,0.5,10.0,10.0,5.883175860287878,4.162081352463364,well_defined_interior,True,,15,C3/Cz/C4_mean_log_psd,T0_rest_only,False
30,method_development,independent_single_run,,10,search_6_14Hz_prom_0.5dB,6.0,14.0,0.5,9.75,9.75,5.086282961361988,2.424521880951021,well_defined_interior,True,,15,C3/Cz/C4_mean_log_psd,T0_rest_only,False
30,method_development,independent_single_run,,14,search_6_14Hz_prom_0.5dB,6.0,14.0,0.5,9.75,9.75,6.33772393486764,4.135072897274926,well_defined_interior,True,,15,C3/Cz/C4_mean_log_psd,T0_rest_only,False
30,method_development,leave_one_run_out,6,10/14,search_6_14Hz_prom_0.5dB,6.0,14.0,0.5,9.75,9.75,5.712003448114828,2.641211304061913,well_defined_interior,True,,30,C3/Cz/C4_mean_log_psd,T0_rest_only,False
30,method_development,leave_one_run_out,10,6/14,search_6_14Hz_prom_0.5dB,6.0,14.0,0.5,9.75,9.75,5.9495199622550246,4.266620861836282,well_defined_interior,True,,30,C3/Cz/C4_mean_log_psd,T0_rest_only,False
30,method_development,leave_one_run_out,14,6/10,search_6_14Hz_prom_0.5dB,6.0,14.0,0.5,9.75,9.75,5.3237994755022555,2.922647047165192,well_defined_interior,True,,30,C3/Cz/C4_mean_log_psd,T0_rest_only,False
30,method_development,independent_single_run,,6,search_6_14Hz_prom_1dB,6.0,14.0,1.0,10.0,10.0,5.883175860287878,4.162081352463364,well_defined_interior,True,,15,C3/Cz/C4_mean_log_psd,T0_rest_only,False
30,method_development,independent_single_run,,10,search_6_14Hz_prom_1dB,6.0,14.0,1.0,9.75,9.75,5.086282961361988,2.424521880951021,well_defined_interior,True,,15,C3/Cz/C4_mean_log_psd,T0_rest_only,False
30,method_development,independent_single_run,,14,search_6_14Hz_prom_1dB,6.0,14.0,1.0,9.75,9.75,6.33772393486764,4.135072897274926,well_defined_interior,True,,15,C3/Cz/C4_mean_log_psd,T0_rest_only,False
30,method_development,leave_one_run_out,6,10/14,search_6_14Hz_prom_1dB,6.0,14.0,1.0,9.75,9.75,5.712003448114828,2.641211304061913,well_defined_interior,True,,30,C3/Cz/C4_mean_log_psd,T0_rest_only,False
30,method_development,leave_one_run_out,10,6/14,search_6_14Hz_prom_1dB,6.0,14.0,1.0,9.75,9.75,5.9495199622550246,4.266620861836282,well_defined_interior,True,,30,C3/Cz/C4_mean_log_psd,T0_rest_only,False
30,method_development,leave_one_run_out,14,6/10,search_6_14Hz_prom_1dB,6.0,14.0,1.0,9.75,9.75,5.3237994755022555,2.922647047165192,well_defined_interior,True,,30,C3/Cz/C4_mean_log_psd,T0_rest_only,False
30,method_development,independent_single_run,,6,search_6_14Hz_prom_1.5dB,6.0,14.0,1.5,10.0,10.0,5.883175860287878,4.162081352463364,well_defined_interior,True,,15,C3/Cz/C4_mean_log_psd,T0_rest_only,False
30,method_development,independent_single_run,,10,search_6_14Hz_prom_1.5dB,6.0,14.0,1.5,9.75,9.75,5.086282961361988,2.424521880951021,well_defined_interior,True,,15,C3/Cz/C4_mean_log_psd,T0_rest_only,False
30,method_development,independent_single_run,,14,search_6_14Hz_prom_1.5dB,6.0,14.0,1.5,9.75,9.75,6.33772393486764,4.135072897274926,well_defined_interior,True,,15,C3/Cz/C4_mean_log_psd,T0_rest_only,False
30,method_development,leave_one_run_out,6,10/14,search_6_14Hz_prom_1.5dB,6.0,14.0,1.5,9.75,9.75,5.712003448114828,2.641211304061913,well_defined_interior,True,,30,C3/Cz/C4_mean_log_psd,T0_rest_only,False
30,method_development,leave_one_run_out,10,6/14,search_6_14Hz_prom_1.5dB,6.0,14.0,1.5,9.75,9.75,5.9495199622550246,4.266620861836282,well_defined_interior,True,,30,C3/Cz/C4_mean_log_psd,T0_rest_only,False
30,method_development,leave_one_run_out,14,6/10,search_6_14Hz_prom_1.5dB,6.0,14.0,1.5,9.75,9.75,5.3237994755022555,2.922647047165192,well_defined_interior,True,,30,C3/Cz/C4_mean_log_psd,T0_rest_only,False
30,method_development,independent_single_run,,6,search_7_15Hz_prom_0.5dB,7.0,15.0,0.5,10.0,10.0,2.6619826124996564,0.6078665242649546,well_defined_interior,True,,15,C3/Cz/C4_mean_log_psd,T0_rest_only,False
30,method_development,independent_single_run,,10,search_7_15Hz_prom_0.5dB,7.0,15.0,0.5,9.75,9.75,4.678842872993087,2.3430855959933075,well_defined_interior,True,,15,C3/Cz/C4_mean_log_psd,T0_rest_only,False
30,method_development,independent_single_run,,14,search_7_15Hz_prom_0.5dB,7.0,15.0,0.5,9.75,9.75,2.63099684081854,0.6389673659948452,well_defined_interior,True,,15,C3/Cz/C4_mean_log_psd,T0_rest_only,False
30,method_development,leave_one_run_out,6,10/14,search_7_15Hz_prom_0.5dB,7.0,15.0,0.5,9.75,9.75,3.1085481766886858,0.8350552831589542,well_defined_interior,True,,30,C3/Cz/C4_mean_log_psd,T0_rest_only,False
30,method_development,leave_one_run_out,10,6/14,search_7_15Hz_prom_0.5dB,7.0,15.0,0.5,9.75,9.75,2.473650868910127,0.7183078134796617,well_defined_interior,True,,30,C3/Cz/C4_mean_log_psd,T0_rest_only,False
30,method_development,leave_one_run_out,14,6/10,search_7_15Hz_prom_0.5dB,7.0,15.0,0.5,9.75,9.75,2.6815903386362265,0.676691153353667,well_defined_interior,True,,30,C3/Cz/C4_mean_log_psd,T0_rest_only,False
30,method_development,independent_single_run,,6,search_7_15Hz_prom_1dB,7.0,15.0,1.0,10.0,10.0,2.6619826124996564,0.6078665242649546,well_defined_interior,True,,15,C3/Cz/C4_mean_log_psd,T0_rest_only,False
30,method_development,independent_single_run,,10,search_7_15Hz_prom_1dB,7.0,15.0,1.0,9.75,9.75,4.678842872993087,2.3430855959933075,well_defined_interior,True,,15,C3/Cz/C4_mean_log_psd,T0_rest_only,False
30,method_development,independent_single_run,,14,search_7_15Hz_prom_1dB,7.0,15.0,1.0,9.75,9.75,2.63099684081854,0.6389673659948452,well_defined_interior,True,,15,C3/Cz/C4_mean_log_psd,T0_rest_only,False
30,method_development,leave_one_run_out,6,10/14,search_7_15Hz_prom_1dB,7.0,15.0,1.0,9.75,9.75,3.1085481766886858,0.8350552831589542,well_defined_interior,True,,30,C3/Cz/C4_mean_log_psd,T0_rest_only,False
30,method_development,leave_one_run_out,10,6/14,search_7_15Hz_prom_1dB,7.0,15.0,1.0,9.75,9.75,2.473650868910127,0.7183078134796617,well_defined_interior,True,,30,C3/Cz/C4_mean_log_psd,T0_rest_only,False
30,method_development,leave_one_run_out,14,6/10,search_7_15Hz_prom_1dB,7.0,15.0,1.0,9.75,9.75,2.6815903386362265,0.676691153353667,well_defined_interior,True,,30,C3/Cz/C4_mean_log_psd,T0_rest_only,False
30,method_development,independent_single_run,,6,search_7_15Hz_prom_1.5dB,7.0,15.0,1.5,10.0,10.0,2.6619826124996564,0.6078665242649546,well_defined_interior,True,,15,C3/Cz/C4_mean_log_psd,T0_rest_only,False
30,method_development,independent_single_run,,10,search_7_15Hz_prom_1.5dB,7.0,15.0,1.5,9.75,9.75,4.678842872993087,2.3430855959933075,well_defined_interior,True,,15,C3/Cz/C4_mean_log_psd,T0_rest_only,False
30,method_development,independent_single_run,,14,search_7_15Hz_prom_1.5dB,7.0,15.0,1.5,9.75,9.75,2.63099684081854,0.6389673659948452,well_defined_interior,True,,15,C3/Cz/C4_mean_log_psd,T0_rest_only,False
30,method_development,leave_one_run_out,6,10/14,search_7_15Hz_prom_1.5dB,7.0,15.0,1.5,9.75,9.75,3.1085481766886858,0.8350552831589542,well_defined_interior,True,,30,C3/Cz/C4_mean_log_psd,T0_rest_only,False
30,method_development,leave_one_run_out,10,6/14,search_7_15Hz_prom_1.5dB,7.0,15.0,1.5,9.75,9.75,2.473650868910127,0.7183078134796617,well_defined_interior,True,,30,C3/Cz/C4_mean_log_psd,T0_rest_only,False
30,method_development,leave_one_run_out,14,6/10,search_7_15Hz_prom_1.5dB,7.0,15.0,1.5,9.75,9.75,2.6815903386362265,0.676691153353667,well_defined_interior,True,,30,C3/Cz/C4_mean_log_psd,T0_rest_only,False
32,method_development,independent_single_run,,6,search_7_14Hz_prom_0.5dB,7.0,14.0,0.5,13.25,13.25,2.0154591052337736,0.3363833544577268,well_defined_interior,True,,15,C3/Cz/C4_mean_log_psd,T0_rest_only,False
32,method_development,independent_single_run,,10,search_7_14Hz_prom_0.5dB,7.0,14.0,0.5,11.0,11.0,3.6016157577483057,1.137234495449687,well_defined_interior,True,,15,C3/Cz/C4_mean_log_psd,T0_rest_only,False
32,method_development,independent_single_run,,14,search_7_14Hz_prom_0.5dB,7.0,14.0,0.5,10.75,10.75,3.2963761145568213,1.6241747895759535,well_defined_interior,True,,15,C3/Cz/C4_mean_log_psd,T0_rest_only,False
32,method_development,leave_one_run_out,6,10/14,search_7_14Hz_prom_0.5dB,7.0,14.0,0.5,11.0,11.0,3.4048354174668845,2.534371487908106,well_defined_interior,True,,30,C3/Cz/C4_mean_log_psd,T0_rest_only,False
32,method_development,leave_one_run_out,10,6/14,search_7_14Hz_prom_0.5dB,7.0,14.0,0.5,10.25,10.25,1.62117591073536,1.5337440511894482,well_defined_interior,True,,30,C3/Cz/C4_mean_log_psd,T0_rest_only,False
32,method_development,leave_one_run_out,14,6/10,search_7_14Hz_prom_0.5dB,7.0,14.0,0.5,12.0,12.0,1.5843769857351333,0.9652116655057723,well_defined_interior,True,,30,C3/Cz/C4_mean_log_psd,T0_rest_only,False
32,method_development,independent_single_run,,6,search_7_14Hz_prom_1dB,7.0,14.0,1.0,13.25,13.25,2.0154591052337736,0.3363833544577268,well_defined_interior,True,,15,C3/Cz/C4_mean_log_psd,T0_rest_only,False
32,method_development,independent_single_run,,10,search_7_14Hz_prom_1dB,7.0,14.0,1.0,11.0,11.0,3.6016157577483057,1.137234495449687,well_defined_interior,True,,15,C3/Cz/C4_mean_log_psd,T0_rest_only,False
32,method_development,independent_single_run,,14,search_7_14Hz_prom_1dB,7.0,14.0,1.0,10.75,10.75,3.2963761145568213,1.6241747895759535,well_defined_interior,True,,15,C3/Cz/C4_mean_log_psd,T0_rest_only,False
32,method_development,leave_one_run_out,6,10/14,search_7_14Hz_prom_1dB,7.0,14.0,1.0,11.0,11.0,3.4048354174668845,2.534371487908106,well_defined_interior,True,,30,C3/Cz/C4_mean_log_psd,T0_rest_only,False
32,method_development,leave_one_run_out,10,6/14,search_7_14Hz_prom_1dB,7.0,14.0,1.0,10.25,10.25,1.62117591073536,1.5337440511894482,well_defined_interior,True,,30,C3/Cz/C4_mean_log_psd,T0_rest_only,False
32,method_development,leave_one_run_out,14,6/10,search_7_14Hz_prom_1dB,7.0,14.0,1.0,12.0,12.0,1.5843769857351333,0.9652116655057723,well_defined_interior,True,,30,C3/Cz/C4_mean_log_psd,T0_rest_only,False
32,method_development,independent_single_run,,6,search_7_14Hz_prom_1.5dB,7.0,14.0,1.5,13.25,13.25,2.0154591052337736,0.3363833544577268,well_defined_interior,True,,15,C3/Cz/C4_mean_log_psd,T0_rest_only,False
32,method_development,independent_single_run,,10,search_7_14Hz_prom_1.5dB,7.0,14.0,1.5,11.0,11.0,3.6016157577483057,1.137234495449687,well_defined_interior,True,,15,C3/Cz/C4_mean_log_psd,T0_rest_only,False
32,method_development,independent_single_run,,14,search_7_14Hz_prom_1.5dB,7.0,14.0,1.5,10.75,10.75,3.2963761145568213,1.6241747895759535,well_defined_interior,True,,15,C3/Cz/C4_mean_log_psd,T0_rest_only,False
32,method_development,leave_one_run_out,6,10/14,search_7_14Hz_prom_1.5dB,7.0,14.0,1.5,11.0,11.0,3.4048354174668845,2.534371487908106,well_defined_interior,True,,30,C3/Cz/C4_mean_log_psd,T0_rest_only,False
32,method_development,leave_one_run_out,10,6/14,search_7_14Hz_prom_1.5dB,7.0,14.0,1.5,10.25,10.25,1.62117591073536,1.5337440511894482,well_defined_interior,True,,30,C3/Cz/C4_mean_log_psd,T0_rest_only,False
32,method_development,leave_one_run_out,14,6/10,search_7_14Hz_prom_1.5dB,7.0,14.0,1.5,12.0,12.0,1.5843769857351333,0.9652116655057723,well_defined_interior,True,,30,C3/Cz/C4_mean_log_psd,T0_rest_only,False
32,method_development,independent_single_run,,6,search_6_14Hz_prom_0.5dB,6.0,14.0,0.5,13.25,13.25,2.0154591052337736,0.3363833544577268,well_defined_interior,True,,15,C3/Cz/C4_mean_log_psd,T0_rest_only,False
32,method_development,independent_single_run,,10,search_6_14Hz_prom_0.5dB,6.0,14.0,0.5,11.0,11.0,3.6016157577483057,1.137234495449687,well_defined_interior,True,,15,C3/Cz/C4_mean_log_psd,T0_rest_only,False
32,method_development,independent_single_run,,14,search_6_14Hz_prom_0.5dB,6.0,14.0,0.5,10.75,10.75,3.2963761145568213,1.6241747895759535,well_defined_interior,True,,15,C3/Cz/C4_mean_log_psd,T0_rest_only,False
32,method_development,leave_one_run_out,6,10/14,search_6_14Hz_prom_0.5dB,6.0,14.0,0.5,11.0,11.0,3.4048354174668845,2.534371487908106,well_defined_interior,True,,30,C3/Cz/C4_mean_log_psd,T0_rest_only,False
32,method_development,leave_one_run_out,10,6/14,search_6_14Hz_prom_0.5dB,6.0,14.0,0.5,10.25,10.25,1.62117591073536,1.5337440511894482,well_defined_interior,True,,30,C3/Cz/C4_mean_log_psd,T0_rest_only,False
32,method_development,leave_one_run_out,14,6/10,search_6_14Hz_prom_0.5dB,6.0,14.0,0.5,12.0,12.0,1.5843769857351333,0.9652116655057723,well_defined_interior,True,,30,C3/Cz/C4_mean_log_psd,T0_rest_only,False
32,method_development,independent_single_run,,6,search_6_14Hz_prom_1dB,6.0,14.0,1.0,13.25,13.25,2.0154591052337736,0.3363833544577268,well_defined_interior,True,,15,C3/Cz/C4_mean_log_psd,T0_rest_only,False
32,method_development,independent_single_run,,10,search_6_14Hz_prom_1dB,6.0,14.0,1.0,11.0,11.0,3.6016157577483057,1.137234495449687,well_defined_interior,True,,15,C3/Cz/C4_mean_log_psd,T0_rest_only,False
32,method_development,independent_single_run,,14,search_6_14Hz_prom_1dB,6.0,14.0,1.0,10.75,10.75,3.2963761145568213,1.6241747895759535,well_defined_interior,True,,15,C3/Cz/C4_mean_log_psd,T0_rest_only,False
32,method_development,leave_one_run_out,6,10/14,search_6_14Hz_prom_1dB,6.0,14.0,1.0,11.0,11.0,3.4048354174668845,2.534371487908106,well_defined_interior,True,,30,C3/Cz/C4_mean_log_psd,T0_rest_only,False
32,method_development,leave_one_run_out,10,6/14,search_6_14Hz_prom_1dB,6.0,14.0,1.0,10.25,10.25,1.62117591073536,1.5337440511894482,well_defined_interior,True,,30,C3/Cz/C4_mean_log_psd,T0_rest_only,False
32,method_development,leave_one_run_out,14,6/10,search_6_14Hz_prom_1dB,6.0,14.0,1.0,12.0,12.0,1.5843769857351333,0.9652116655057723,well_defined_interior,True,,30,C3/Cz/C4_mean_log_psd,T0_rest_only,False
32,method_development,independent_single_run,,6,search_6_14Hz_prom_1.5dB,6.0,14.0,1.5,13.25,13.25,2.0154591052337736,0.3363833544577268,well_defined_interior,True,,15,C3/Cz/C4_mean_log_psd,T0_rest_only,False
32,method_development,independent_single_run,,10,search_6_14Hz_prom_1.5dB,6.0,14.0,1.5,11.0,11.0,3.6016157577483057,1.137234495449687,well_defined_interior,True,,15,C3/Cz/C4_mean_log_psd,T0_rest_only,False
32,method_development,independent_single_run,,14,search_6_14Hz_prom_1.5dB,6.0,14.0,1.5,10.75,10.75,3.2963761145568213,1.6241747895759535,well_defined_interior,True,,15,C3/Cz/C4_mean_log_psd,T0_rest_only,False
32,method_development,leave_one_run_out,6,10/14,search_6_14Hz_prom_1.5dB,6.0,14.0,1.5,11.0,11.0,3.4048354174668845,2.534371487908106,well_defined_interior,True,,30,C3/Cz/C4_mean_log_psd,T0_rest_only,False
32,method_development,leave_one_run_out,10,6/14,search_6_14Hz_prom_1.5dB,6.0,14.0,1.5,10.25,10.25,1.62117591073536,1.5337440511894482,well_defined_interior,True,,30,C3/Cz/C4_mean_log_psd,T0_rest_only,False
32,method_development,leave_one_run_out,14,6/10,search_6_14Hz_prom_1.5dB,6.0,14.0,1.5,12.0,12.0,1.5843769857351333,0.9652116655057723,well_defined_interior,True,,30,C3/Cz/C4_mean_log_psd,T0_rest_only,False
32,method_development,independent_single_run,,6,search_7_15Hz_prom_0.5dB,7.0,15.0,0.5,13.25,13.25,2.0154591052337736,0.3363833544577268,well_defined_interior,True,,15,C3/Cz/C4_mean_log_psd,T0_rest_only,False
32,method_development,independent_single_run,,10,search_7_15Hz_prom_0.5dB,7.0,15.0,0.5,11.0,11.0,3.6016157577483057,1.137234495449687,well_defined_interior,True,,15,C3/Cz/C4_mean_log_psd,T0_rest_only,False
32,method_development,independent_single_run,,14,search_7_15Hz_prom_0.5dB,7.0,15.0,0.5,10.75,10.75,3.2963761145568213,1.6241747895759535,well_defined_interior,True,,15,C3/Cz/C4_mean_log_psd,T0_rest_only,False
32,method_development,leave_one_run_out,6,10/14,search_7_15Hz_prom_0.5dB,7.0,15.0,0.5,11.0,11.0,3.4048354174668845,2.534371487908106,well_defined_interior,True,,30,C3/Cz/C4_mean_log_psd,T0_rest_only,False
32,method_development,leave_one_run_out,10,6/14,search_7_15Hz_prom_0.5dB,7.0,15.0,0.5,10.25,10.25,1.62117591073536,1.5337440511894482,well_defined_interior,True,,30,C3/Cz/C4_mean_log_psd,T0_rest_only,False
32,method_development,leave_one_run_out,14,6/10,search_7_15Hz_prom_0.5dB,7.0,15.0,0.5,12.0,12.0,1.5843769857351333,0.9652116655057723,well_defined_interior,True,,30,C3/Cz/C4_mean_log_psd,T0_rest_only,False
32,method_development,independent_single_run,,6,search_7_15Hz_prom_1dB,7.0,15.0,1.0,13.25,13.25,2.0154591052337736,0.3363833544577268,well_defined_interior,True,,15,C3/Cz/C4_mean_log_psd,T0_rest_only,False
32,method_development,independent_single_run,,10,search_7_15Hz_prom_1dB,7.0,15.0,1.0,11.0,11.0,3.6016157577483057,1.137234495449687,well_defined_interior,True,,15,C3/Cz/C4_mean_log_psd,T0_rest_only,False
32,method_development,independent_single_run,,14,search_7_15Hz_prom_1dB,7.0,15.0,1.0,10.75,10.75,3.2963761145568213,1.6241747895759535,well_defined_interior,True,,15,C3/Cz/C4_mean_log_psd,T0_rest_only,False
32,method_development,leave_one_run_out,6,10/14,search_7_15Hz_prom_1dB,7.0,15.0,1.0,11.0,11.0,3.4048354174668845,2.534371487908106,well_defined_interior,True,,30,C3/Cz/C4_mean_log_psd,T0_rest_only,False
32,method_development,leave_one_run_out,10,6/14,search_7_15Hz_prom_1dB,7.0,15.0,1.0,10.25,10.25,1.62117591073536,1.5337440511894482,well_defined_interior,True,,30,C3/Cz/C4_mean_log_psd,T0_rest_only,False
32,method_development,leave_one_run_out,14,6/10,search_7_15Hz_prom_1dB,7.0,15.0,1.0,12.0,12.0,1.5843769857351333,0.9652116655057723,well_defined_interior,True,,30,C3/Cz/C4_mean_log_psd,T0_rest_only,False
32,method_development,independent_single_run,,6,search_7_15Hz_prom_1.5dB,7.0,15.0,1.5,13.25,13.25,2.0154591052337736,0.3363833544577268,well_defined_interior,True,,15,C3/Cz/C4_mean_log_psd,T0_rest_only,False
32,method_development,independent_single_run,,10,search_7_15Hz_prom_1.5dB,7.0,15.0,1.5,11.0,11.0,3.6016157577483057,1.137234495449687,well_defined_interior,True,,15,C3/Cz/C4_mean_log_psd,T0_rest_only,False
32,method_development,independent_single_run,,14,search_7_15Hz_prom_1.5dB,7.0,15.0,1.5,10.75,10.75,3.2963761145568213,1.6241747895759535,well_defined_interior,True,,15,C3/Cz/C4_mean_log_psd,T0_rest_only,False
32,method_development,leave_one_run_out,6,10/14,search_7_15Hz_prom_1.5dB,7.0,15.0,1.5,11.0,11.0,3.4048354174668845,2.534371487908106,well_defined_interior,True,,30,C3/Cz/C4_mean_log_psd,T0_rest_only,False
32,method_development,leave_one_run_out,10,6/14,search_7_15Hz_prom_1.5dB,7.0,15.0,1.5,10.25,10.25,1.62117591073536,1.5337440511894482,well_defined_interior,True,,30,C3/Cz/C4_mean_log_psd,T0_rest_only,False
32,method_development,leave_one_run_out,14,6/10,search_7_15Hz_prom_1.5dB,7.0,15.0,1.5,12.0,12.0,1.5843769857351333,0.9652116655057723,well_defined_interior,True,,30,C3/Cz/C4_mean_log_psd,T0_rest_only,False
34,method_development,independent_single_run,,6,search_7_14Hz_prom_0.5dB,7.0,14.0,0.5,10.25,10.25,9.461139334315845,1.4446109643955238,well_defined_interior,True,,15,C3/Cz/C4_mean_log_psd,T0_rest_only,False
34,method_development,independent_single_run,,10,search_7_14Hz_prom_0.5dB,7.0,14.0,0.5,10.0,10.0,6.636196122233173,1.3785689701462722,well_defined_interior,True,,15,C3/Cz/C4_mean_log_psd,T0_rest_only,False
34,method_development,independent_single_run,,14,search_7_14Hz_prom_0.5dB,7.0,14.0,0.5,10.0,10.0,7.133469016849929,1.8818310944133638,well_defined_interior,True,,15,C3/Cz/C4_mean_log_psd,T0_rest_only,False
34,method_development,leave_one_run_out,6,10/14,search_7_14Hz_prom_0.5dB,7.0,14.0,0.5,10.0,10.0,6.766889334484645,1.863127404804325,well_defined_interior,True,,30,C3/Cz/C4_mean_log_psd,T0_rest_only,False
34,method_development,leave_one_run_out,10,6/14,search_7_14Hz_prom_0.5dB,7.0,14.0,0.5,10.25,10.25,8.132643216215612,1.745498824915721,well_defined_interior,True,,30,C3/Cz/C4_mean_log_psd,T0_rest_only,False
34,method_development,leave_one_run_out,14,6/10,search_7_14Hz_prom_0.5dB,7.0,14.0,0.5,10.25,10.25,7.738879387516903,1.4127034693410594,well_defined_interior,True,,30,C3/Cz/C4_mean_log_psd,T0_rest_only,False
34,method_development,independent_single_run,,6,search_7_14Hz_prom_1dB,7.0,14.0,1.0,10.25,10.25,9.461139334315845,1.4446109643955238,well_defined_interior,True,,15,C3/Cz/C4_mean_log_psd,T0_rest_only,False
34,method_development,independent_single_run,,10,search_7_14Hz_prom_1dB,7.0,14.0,1.0,10.0,10.0,6.636196122233173,1.3785689701462722,well_defined_interior,True,,15,C3/Cz/C4_mean_log_psd,T0_rest_only,False
34,method_development,independent_single_run,,14,search_7_14Hz_prom_1dB,7.0,14.0,1.0,10.0,10.0,7.133469016849929,1.8818310944133638,well_defined_interior,True,,15,C3/Cz/C4_mean_log_psd,T0_rest_only,False
34,method_development,leave_one_run_out,6,10/14,search_7_14Hz_prom_1dB,7.0,14.0,1.0,10.0,10.0,6.766889334484645,1.863127404804325,well_defined_interior,True,,30,C3/Cz/C4_mean_log_psd,T0_rest_only,False
34,method_development,leave_one_run_out,10,6/14,search_7_14Hz_prom_1dB,7.0,14.0,1.0,10.25,10.25,8.132643216215612,1.745498824915721,well_defined_interior,True,,30,C3/Cz/C4_mean_log_psd,T0_rest_only,False
34,method_development,leave_one_run_out,14,6/10,search_7_14Hz_prom_1dB,7.0,14.0,1.0,10.25,10.25,7.738879387516903,1.4127034693410594,well_defined_interior,True,,30,C3/Cz/C4_mean_log_psd,T0_rest_only,False
34,method_development,independent_single_run,,6,search_7_14Hz_prom_1.5dB,7.0,14.0,1.5,10.25,10.25,9.461139334315845,1.4446109643955238,well_defined_interior,True,,15,C3/Cz/C4_mean_log_psd,T0_rest_only,False
34,method_development,independent_single_run,,10,search_7_14Hz_prom_1.5dB,7.0,14.0,1.5,10.0,10.0,6.636196122233173,1.3785689701462722,well_defined_interior,True,,15,C3/Cz/C4_mean_log_psd,T0_rest_only,False
34,method_development,independent_single_run,,14,search_7_14Hz_prom_1.5dB,7.0,14.0,1.5,10.0,10.0,7.133469016849929,1.8818310944133638,well_defined_interior,True,,15,C3/Cz/C4_mean_log_psd,T0_rest_only,False
34,method_development,leave_one_run_out,6,10/14,search_7_14Hz_prom_1.5dB,7.0,14.0,1.5,10.0,10.0,6.766889334484645,1.863127404804325,well_defined_interior,True,,30,C3/Cz/C4_mean_log_psd,T0_rest_only,False
34,method_development,leave_one_run_out,10,6/14,search_7_14Hz_prom_1.5dB,7.0,14.0,1.5,10.25,10.25,8.132643216215612,1.745498824915721,well_defined_interior,True,,30,C3/Cz/C4_mean_log_psd,T0_rest_only,False
34,method_development,leave_one_run_out,14,6/10,search_7_14Hz_prom_1.5dB,7.0,14.0,1.5,10.25,10.25,7.738879387516903,1.4127034693410594,well_defined_interior,True,,30,C3/Cz/C4_mean_log_psd,T0_rest_only,False
34,method_development,independent_single_run,,6,search_6_14Hz_prom_0.5dB,6.0,14.0,0.5,10.25,10.25,9.760724342802959,1.486131222238785,well_defined_interior,True,,15,C3/Cz/C4_mean_log_psd,T0_rest_only,False
34,method_development,independent_single_run,,10,search_6_14Hz_prom_0.5dB,6.0,14.0,0.5,10.0,10.0,7.4505105515736005,1.4502140708610853,well_defined_interior,True,,15,C3/Cz/C4_mean_log_psd,T0_rest_only,False
34,method_development,independent_single_run,,14,search_6_14Hz_prom_0.5dB,6.0,14.0,0.5,10.0,10.0,7.3973058343718066,1.9141573391147602,well_defined_interior,True,,15,C3/Cz/C4_mean_log_psd,T0_rest_only,False
34,method_development,leave_one_run_out,6,10/14,search_6_14Hz_prom_0.5dB,6.0,14.0,0.5,10.0,10.0,7.224164422212951,1.9273526666364629,well_defined_interior,True,,30,C3/Cz/C4_mean_log_psd,T0_rest_only,False
34,method_development,leave_one_run_out,10,6/14,search_6_14Hz_prom_0.5dB,6.0,14.0,0.5,10.25,10.25,8.275615993931638,1.7691593288220657,well_defined_interior,True,,30,C3/Cz/C4_mean_log_psd,T0_rest_only,False
34,method_development,leave_one_run_out,14,6/10,search_6_14Hz_prom_0.5dB,6.0,14.0,0.5,10.25,10.25,8.343871584943642,1.4771404457369743,well_defined_interior,True,,30,C3/Cz/C4_mean_log_psd,T0_rest_only,False
34,method_development,independent_single_run,,6,search_6_14Hz_prom_1dB,6.0,14.0,1.0,10.25,10.25,9.760724342802959,1.486131222238785,well_defined_interior,True,,15,C3/Cz/C4_mean_log_psd,T0_rest_only,False
34,method_development,independent_single_run,,10,search_6_14Hz_prom_1dB,6.0,14.0,1.0,10.0,10.0,7.4505105515736005,1.4502140708610853,well_defined_interior,True,,15,C3/Cz/C4_mean_log_psd,T0_rest_only,False
34,method_development,independent_single_run,,14,search_6_14Hz_prom_1dB,6.0,14.0,1.0,10.0,10.0,7.3973058343718066,1.9141573391147602,well_defined_interior,True,,15,C3/Cz/C4_mean_log_psd,T0_rest_only,False
34,method_development,leave_one_run_out,6,10/14,search_6_14Hz_prom_1dB,6.0,14.0,1.0,10.0,10.0,7.224164422212951,1.9273526666364629,well_defined_interior,True,,30,C3/Cz/C4_mean_log_psd,T0_rest_only,False
34,method_development,leave_one_run_out,10,6/14,search_6_14Hz_prom_1dB,6.0,14.0,1.0,10.25,10.25,8.275615993931638,1.7691593288220657,well_defined_interior,True,,30,C3/Cz/C4_mean_log_psd,T0_rest_only,False
34,method_development,leave_one_run_out,14,6/10,search_6_14Hz_prom_1dB,6.0,14.0,1.0,10.25,10.25,8.343871584943642,1.4771404457369743,well_defined_interior,True,,30,C3/Cz/C4_mean_log_psd,T0_rest_only,False
34,method_development,independent_single_run,,6,search_6_14Hz_prom_1.5dB,6.0,14.0,1.5,10.25,10.25,9.760724342802959,1.486131222238785,well_defined_interior,True,,15,C3/Cz/C4_mean_log_psd,T0_rest_only,False
34,method_development,independent_single_run,,10,search_6_14Hz_prom_1.5dB,6.0,14.0,1.5,10.0,10.0,7.4505105515736005,1.4502140708610853,well_defined_interior,True,,15,C3/Cz/C4_mean_log_psd,T0_rest_only,False
34,method_development,independent_single_run,,14,search_6_14Hz_prom_1.5dB,6.0,14.0,1.5,10.0,10.0,7.3973058343718066,1.9141573391147602,well_defined_interior,True,,15,C3/Cz/C4_mean_log_psd,T0_rest_only,False
34,method_development,leave_one_run_out,6,10/14,search_6_14Hz_prom_1.5dB,6.0,14.0,1.5,10.0,10.0,7.224164422212951,1.9273526666364629,well_defined_interior,True,,30,C3/Cz/C4_mean_log_psd,T0_rest_only,False
34,method_development,leave_one_run_out,10,6/14,search_6_14Hz_prom_1.5dB,6.0,14.0,1.5,10.25,10.25,8.275615993931638,1.7691593288220657,well_defined_interior,True,,30,C3/Cz/C4_mean_log_psd,T0_rest_only,False
34,method_development,leave_one_run_out,14,6/10,search_6_14Hz_prom_1.5dB,6.0,14.0,1.5,10.25,10.25,8.343871584943642,1.4771404457369743,well_defined_interior,True,,30,C3/Cz/C4_mean_log_psd,T0_rest_only,False
34,method_development,independent_single_run,,6,search_7_15Hz_prom_0.5dB,7.0,15.0,0.5,10.25,10.25,9.461139334315845,1.4446109643955238,well_defined_interior,True,,15,C3/Cz/C4_mean_log_psd,T0_rest_only,False
34,method_development,independent_single_run,,10,search_7_15Hz_prom_0.5dB,7.0,15.0,0.5,10.0,10.0,6.636196122233173,1.3785689701462722,well_defined_interior,True,,15,C3/Cz/C4_mean_log_psd,T0_rest_only,False
34,method_development,independent_single_run,,14,search_7_15Hz_prom_0.5dB,7.0,15.0,0.5,10.0,10.0,7.133469016849929,1.8818310944133638,well_defined_interior,True,,15,C3/Cz/C4_mean_log_psd,T0_rest_only,False
34,method_development,leave_one_run_out,6,10/14,search_7_15Hz_prom_0.5dB,7.0,15.0,0.5,10.0,10.0,6.766889334484645,1.863127404804325,well_defined_interior,True,,30,C3/Cz/C4_mean_log_psd,T0_rest_only,False
34,method_development,leave_one_run_out,10,6/14,search_7_15Hz_prom_0.5dB,7.0,15.0,0.5,10.25,10.25,8.132643216215612,1.745498824915721,well_defined_interior,True,,30,C3/Cz/C4_mean_log_psd,T0_rest_only,False
34,method_development,leave_one_run_out,14,6/10,search_7_15Hz_prom_0.5dB,7.0,15.0,0.5,10.25,10.25,7.738879387516903,1.4127034693410594,well_defined_interior,True,,30,C3/Cz/C4_mean_log_psd,T0_rest_only,False
34,method_development,independent_single_run,,6,search_7_15Hz_prom_1dB,7.0,15.0,1.0,10.25,10.25,9.461139334315845,1.4446109643955238,well_defined_interior,True,,15,C3/Cz/C4_mean_log_psd,T0_rest_only,False
34,method_development,independent_single_run,,10,search_7_15Hz_prom_1dB,7.0,15.0,1.0,10.0,10.0,6.636196122233173,1.3785689701462722,well_defined_interior,True,,15,C3/Cz/C4_mean_log_psd,T0_rest_only,False
34,method_development,independent_single_run,,14,search_7_15Hz_prom_1dB,7.0,15.0,1.0,10.0,10.0,7.133469016849929,1.8818310944133638,well_defined_interior,True,,15,C3/Cz/C4_mean_log_psd,T0_rest_only,False
34,method_development,leave_one_run_out,6,10/14,search_7_15Hz_prom_1dB,7.0,15.0,1.0,10.0,10.0,6.766889334484645,1.863127404804325,well_defined_interior,True,,30,C3/Cz/C4_mean_log_psd,T0_rest_only,False
34,method_development,leave_one_run_out,10,6/14,search_7_15Hz_prom_1dB,7.0,15.0,1.0,10.25,10.25,8.132643216215612,1.745498824915721,well_defined_interior,True,,30,C3/Cz/C4_mean_log_psd,T0_rest_only,False
34,method_development,leave_one_run_out,14,6/10,search_7_15Hz_prom_1dB,7.0,15.0,1.0,10.25,10.25,7.738879387516903,1.4127034693410594,well_defined_interior,True,,30,C3/Cz/C4_mean_log_psd,T0_rest_only,False
34,method_development,independent_single_run,,6,search_7_15Hz_prom_1.5dB,7.0,15.0,1.5,10.25,10.25,9.461139334315845,1.4446109643955238,well_defined_interior,True,,15,C3/Cz/C4_mean_log_psd,T0_rest_only,False
34,method_development,independent_single_run,,10,search_7_15Hz_prom_1.5dB,7.0,15.0,1.5,10.0,10.0,6.636196122233173,1.3785689701462722,well_defined_interior,True,,15,C3/Cz/C4_mean_log_psd,T0_rest_only,False
34,method_development,independent_single_run,,14,search_7_15Hz_prom_1.5dB,7.0,15.0,1.5,10.0,10.0,7.133469016849929,1.8818310944133638,well_defined_interior,True,,15,C3/Cz/C4_mean_log_psd,T0_rest_only,False
34,method_development,leave_one_run_out,6,10/14,search_7_15Hz_prom_1.5dB,7.0,15.0,1.5,10.0,10.0,6.766889334484645,1.863127404804325,well_defined_interior,True,,30,C3/Cz/C4_mean_log_psd,T0_rest_only,False
34,method_development,leave_one_run_out,10,6/14,search_7_15Hz_prom_1.5dB,7.0,15.0,1.5,10.25,10.25,8.132643216215612,1.745498824915721,well_defined_interior,True,,30,C3/Cz/C4_mean_log_psd,T0_rest_only,False
34,method_development,leave_one_run_out,14,6/10,search_7_15Hz_prom_1.5dB,7.0,15.0,1.5,10.25,10.25,7.738879387516903,1.4127034693410594,well_defined_interior,True,,30,C3/Cz/C4_mean_log_psd,T0_rest_only,False
36,method_development,independent_single_run,,6,search_7_14Hz_prom_0.5dB,7.0,14.0,0.5,9.0,9.0,3.4486039334433087,1.543700151011119,well_defined_interior,True,,15,C3/Cz/C4_mean_log_psd,T0_rest_only,False
36,method_development,independent_single_run,,10,search_7_14Hz_prom_0.5dB,7.0,14.0,0.5,8.25,8.25,4.183552302723413,0.8297936644072501,well_defined_interior,True,,15,C3/Cz/C4_mean_log_psd,T0_rest_only,False
36,method_development,independent_single_run,,14,search_7_14Hz_prom_0.5dB,7.0,14.0,0.5,11.25,11.25,2.6833272684171448,0.410435134561022,well_defined_interior,True,,15,C3/Cz/C4_mean_log_psd,T0_rest_only,False
36,method_development,leave_one_run_out,6,10/14,search_7_14Hz_prom_0.5dB,7.0,14.0,0.5,8.25,8.25,1.9722935233465932,1.3903612483431507,well_defined_interior,True,,30,C3/Cz/C4_mean_log_psd,T0_rest_only,False
36,method_development,leave_one_run_out,10,6/14,search_7_14Hz_prom_0.5dB,7.0,14.0,0.5,9.0,9.0,2.4917857024455117,0.5971010732075759,well_defined_interior,True,,30,C3/Cz/C4_mean_log_psd,T0_rest_only,False
36,method_development,leave_one_run_out,14,6/10,search_7_14Hz_prom_0.5dB,7.0,14.0,0.5,8.25,8.25,3.4806153669897384,1.3562604845200628,well_defined_interior,True,,30,C3/Cz/C4_mean_log_psd,T0_rest_only,False
36,method_development,independent_single_run,,6,search_7_14Hz_prom_1dB,7.0,14.0,1.0,9.0,9.0,3.4486039334433087,1.543700151011119,well_defined_interior,True,,15,C3/Cz/C4_mean_log_psd,T0_rest_only,False
36,method_development,independent_single_run,,10,search_7_14Hz_prom_1dB,7.0,14.0,1.0,8.25,8.25,4.183552302723413,0.8297936644072501,well_defined_interior,True,,15,C3/Cz/C4_mean_log_psd,T0_rest_only,False
36,method_development,independent_single_run,,14,search_7_14Hz_prom_1dB,7.0,14.0,1.0,11.25,11.25,2.6833272684171448,0.410435134561022,well_defined_interior,True,,15,C3/Cz/C4_mean_log_psd,T0_rest_only,False
36,method_development,leave_one_run_out,6,10/14,search_7_14Hz_prom_1dB,7.0,14.0,1.0,8.25,8.25,1.9722935233465932,1.3903612483431507,well_defined_interior,True,,30,C3/Cz/C4_mean_log_psd,T0_rest_only,False
36,method_development,leave_one_run_out,10,6/14,search_7_14Hz_prom_1dB,7.0,14.0,1.0,9.0,9.0,2.4917857024455117,0.5971010732075759,well_defined_interior,True,,30,C3/Cz/C4_mean_log_psd,T0_rest_only,False
36,method_development,leave_one_run_out,14,6/10,search_7_14Hz_prom_1dB,7.0,14.0,1.0,8.25,8.25,3.4806153669897384,1.3562604845200628,well_defined_interior,True,,30,C3/Cz/C4_mean_log_psd,T0_rest_only,False
36,method_development,independent_single_run,,6,search_7_14Hz_prom_1.5dB,7.0,14.0,1.5,9.0,9.0,3.4486039334433087,1.543700151011119,well_defined_interior,True,,15,C3/Cz/C4_mean_log_psd,T0_rest_only,False
36,method_development,independent_single_run,,10,search_7_14Hz_prom_1.5dB,7.0,14.0,1.5,8.25,8.25,4.183552302723413,0.8297936644072501,well_defined_interior,True,,15,C3/Cz/C4_mean_log_psd,T0_rest_only,False
36,method_development,independent_single_run,,14,search_7_14Hz_prom_1.5dB,7.0,14.0,1.5,11.25,11.25,2.6833272684171448,0.410435134561022,well_defined_interior,True,,15,C3/Cz/C4_mean_log_psd,T0_rest_only,False
36,method_development,leave_one_run_out,6,10/14,search_7_14Hz_prom_1.5dB,7.0,14.0,1.5,8.25,8.25,1.9722935233465932,1.3903612483431507,well_defined_interior,True,,30,C3/Cz/C4_mean_log_psd,T0_rest_only,False
36,method_development,leave_one_run_out,10,6/14,search_7_14Hz_prom_1.5dB,7.0,14.0,1.5,9.0,9.0,2.4917857024455117,0.5971010732075759,well_defined_interior,True,,30,C3/Cz/C4_mean_log_psd,T0_rest_only,False
36,method_development,leave_one_run_out,14,6/10,search_7_14Hz_prom_1.5dB,7.0,14.0,1.5,8.25,8.25,3.4806153669897384,1.3562604845200628,well_defined_interior,True,,30,C3/Cz/C4_mean_log_psd,T0_rest_only,False
36,method_development,independent_single_run,,6,search_6_14Hz_prom_0.5dB,6.0,14.0,0.5,9.0,9.0,3.4486039334433087,1.543700151011119,well_defined_interior,True,,15,C3/Cz/C4_mean_log_psd,T0_rest_only,False
36,method_development,independent_single_run,,10,search_6_14Hz_prom_0.5dB,6.0,14.0,0.5,8.25,8.25,4.183552302723413,0.8297936644072503,well_defined_interior,True,,15,C3/Cz/C4_mean_log_psd,T0_rest_only,False
36,method_development,independent_single_run,,14,search_6_14Hz_prom_0.5dB,6.0,14.0,0.5,11.25,11.25,2.6833272684171448,0.41043513456102243,well_defined_interior,True,,15,C3/Cz/C4_mean_log_psd,T0_rest_only,False
36,method_development,leave_one_run_out,6,10/14,search_6_14Hz_prom_0.5dB,6.0,14.0,0.5,8.25,8.25,1.9722935233465932,1.3903612483431507,well_defined_interior,True,,30,C3/Cz/C4_mean_log_psd,T0_rest_only,False
36,method_development,leave_one_run_out,10,6/14,search_6_14Hz_prom_0.5dB,6.0,14.0,0.5,9.0,9.0,2.4917857024455117,0.5971010732075759,well_defined_interior,True,,30,C3/Cz/C4_mean_log_psd,T0_rest_only,False
36,method_development,leave_one_run_out,14,6/10,search_6_14Hz_prom_0.5dB,6.0,14.0,0.5,8.25,8.25,3.4806153669897384,1.3562604845200628,well_defined_interior,True,,30,C3/Cz/C4_mean_log_psd,T0_rest_only,False
36,method_development,independent_single_run,,6,search_6_14Hz_prom_1dB,6.0,14.0,1.0,9.0,9.0,3.4486039334433087,1.543700151011119,well_defined_interior,True,,15,C3/Cz/C4_mean_log_psd,T0_rest_only,False
36,method_development,independent_single_run,,10,search_6_14Hz_prom_1dB,6.0,14.0,1.0,8.25,8.25,4.183552302723413,0.8297936644072503,well_defined_interior,True,,15,C3/Cz/C4_mean_log_psd,T0_rest_only,False
36,method_development,independent_single_run,,14,search_6_14Hz_prom_1dB,6.0,14.0,1.0,11.25,11.25,2.6833272684171448,0.41043513456102243,well_defined_interior,True,,15,C3/Cz/C4_mean_log_psd,T0_rest_only,False
36,method_development,leave_one_run_out,6,10/14,search_6_14Hz_prom_1dB,6.0,14.0,1.0,8.25,8.25,1.9722935233465932,1.3903612483431507,well_defined_interior,True,,30,C3/Cz/C4_mean_log_psd,T0_rest_only,False
36,method_development,leave_one_run_out,10,6/14,search_6_14Hz_prom_1dB,6.0,14.0,1.0,9.0,9.0,2.4917857024455117,0.5971010732075759,well_defined_interior,True,,30,C3/Cz/C4_mean_log_psd,T0_rest_only,False
36,method_development,leave_one_run_out,14,6/10,search_6_14Hz_prom_1dB,6.0,14.0,1.0,8.25,8.25,3.4806153669897384,1.3562604845200628,well_defined_interior,True,,30,C3/Cz/C4_mean_log_psd,T0_rest_only,False
36,method_development,independent_single_run,,6,search_6_14Hz_prom_1.5dB,6.0,14.0,1.5,9.0,9.0,3.4486039334433087,1.543700151011119,well_defined_interior,True,,15,C3/Cz/C4_mean_log_psd,T0_rest_only,False
36,method_development,independent_single_run,,10,search_6_14Hz_prom_1.5dB,6.0,14.0,1.5,8.25,8.25,4.183552302723413,0.8297936644072503,well_defined_interior,True,,15,C3/Cz/C4_mean_log_psd,T0_rest_only,False
36,method_development,independent_single_run,,14,search_6_14Hz_prom_1.5dB,6.0,14.0,1.5,11.25,11.25,2.6833272684171448,0.41043513456102243,well_defined_interior,True,,15,C3/Cz/C4_mean_log_psd,T0_rest_only,False
36,method_development,leave_one_run_out,6,10/14,search_6_14Hz_prom_1.5dB,6.0,14.0,1.5,8.25,8.25,1.9722935233465932,1.3903612483431507,well_defined_interior,True,,30,C3/Cz/C4_mean_log_psd,T0_rest_only,False
36,method_development,leave_one_run_out,10,6/14,search_6_14Hz_prom_1.5dB,6.0,14.0,1.5,9.0,9.0,2.4917857024455117,0.5971010732075759,well_defined_interior,True,,30,C3/Cz/C4_mean_log_psd,T0_rest_only,False
36,method_development,leave_one_run_out,14,6/10,search_6_14Hz_prom_1.5dB,6.0,14.0,1.5,8.25,8.25,3.4806153669897384,1.3562604845200628,well_defined_interior,True,,30,C3/Cz/C4_mean_log_psd,T0_rest_only,False
36,method_development,independent_single_run,,6,search_7_15Hz_prom_0.5dB,7.0,15.0,0.5,9.0,9.0,3.4486039334433087,1.543700151011119,well_defined_interior,True,,15,C3/Cz/C4_mean_log_psd,T0_rest_only,False
36,method_development,independent_single_run,,10,search_7_15Hz_prom_0.5dB,7.0,15.0,0.5,8.25,8.25,4.183552302723413,0.8297936644072501,well_defined_interior,True,,15,C3/Cz/C4_mean_log_psd,T0_rest_only,False
36,method_development,independent_single_run,,14,search_7_15Hz_prom_0.5dB,7.0,15.0,0.5,11.25,11.25,2.6833272684171448,0.410435134561022,well_defined_interior,True,,15,C3/Cz/C4_mean_log_psd,T0_rest_only,False
36,method_development,leave_one_run_out,6,10/14,search_7_15Hz_prom_0.5dB,7.0,15.0,0.5,13.0,13.0,2.5824070688435086,1.6723217281516396,well_defined_interior,True,,30,C3/Cz/C4_mean_log_psd,T0_rest_only,False
36,method_development,leave_one_run_out,10,6/14,search_7_15Hz_prom_0.5dB,7.0,15.0,0.5,9.0,9.0,2.4917857024455117,0.5971010732075759,well_defined_interior,True,,30,C3/Cz/C4_mean_log_psd,T0_rest_only,False
36,method_development,leave_one_run_out,14,6/10,search_7_15Hz_prom_0.5dB,7.0,15.0,0.5,8.25,8.25,3.4806153669897384,1.3562604845200628,well_defined_interior,True,,30,C3/Cz/C4_mean_log_psd,T0_rest_only,False
36,method_development,independent_single_run,,6,search_7_15Hz_prom_1dB,7.0,15.0,1.0,9.0,9.0,3.4486039334433087,1.543700151011119,well_defined_interior,True,,15,C3/Cz/C4_mean_log_psd,T0_rest_only,False
36,method_development,independent_single_run,,10,search_7_15Hz_prom_1dB,7.0,15.0,1.0,8.25,8.25,4.183552302723413,0.8297936644072501,well_defined_interior,True,,15,C3/Cz/C4_mean_log_psd,T0_rest_only,False
36,method_development,independent_single_run,,14,search_7_15Hz_prom_1dB,7.0,15.0,1.0,11.25,11.25,2.6833272684171448,0.410435134561022,well_defined_interior,True,,15,C3/Cz/C4_mean_log_psd,T0_rest_only,False
36,method_development,leave_one_run_out,6,10/14,search_7_15Hz_prom_1dB,7.0,15.0,1.0,13.0,13.0,2.5824070688435086,1.6723217281516396,well_defined_interior,True,,30,C3/Cz/C4_mean_log_psd,T0_rest_only,False
36,method_development,leave_one_run_out,10,6/14,search_7_15Hz_prom_1dB,7.0,15.0,1.0,9.0,9.0,2.4917857024455117,0.5971010732075759,well_defined_interior,True,,30,C3/Cz/C4_mean_log_psd,T0_rest_only,False
36,method_development,leave_one_run_out,14,6/10,search_7_15Hz_prom_1dB,7.0,15.0,1.0,8.25,8.25,3.4806153669897384,1.3562604845200628,well_defined_interior,True,,30,C3/Cz/C4_mean_log_psd,T0_rest_only,False
36,method_development,independent_single_run,,6,search_7_15Hz_prom_1.5dB,7.0,15.0,1.5,9.0,9.0,3.4486039334433087,1.543700151011119,well_defined_interior,True,,15,C3/Cz/C4_mean_log_psd,T0_rest_only,False
36,method_development,independent_single_run,,10,search_7_15Hz_prom_1.5dB,7.0,15.0,1.5,8.25,8.25,4.183552302723413,0.8297936644072501,well_defined_interior,True,,15,C3/Cz/C4_mean_log_psd,T0_rest_only,False
36,method_development,independent_single_run,,14,search_7_15Hz_prom_1.5dB,7.0,15.0,1.5,11.25,11.25,2.6833272684171448,0.410435134561022,well_defined_interior,True,,15,C3/Cz/C4_mean_log_psd,T0_rest_only,False
36,method_development,leave_one_run_out,6,10/14,search_7_15Hz_prom_1.5dB,7.0,15.0,1.5,13.0,13.0,2.5824070688435086,1.6723217281516396,well_defined_interior,True,,30,C3/Cz/C4_mean_log_psd,T0_rest_only,False
36,method_development,leave_one_run_out,10,6/14,search_7_15Hz_prom_1.5dB,7.0,15.0,1.5,9.0,9.0,2.4917857024455117,0.5971010732075759,well_defined_interior,True,,30,C3/Cz/C4_mean_log_psd,T0_rest_only,False
36,method_development,leave_one_run_out,14,6/10,search_7_15Hz_prom_1.5dB,7.0,15.0,1.5,8.25,8.25,3.4806153669897384,1.3562604845200628,well_defined_interior,True,,30,C3/Cz/C4_mean_log_psd,T0_rest_only,False
38,method_development,independent_single_run,,6,search_7_14Hz_prom_0.5dB,7.0,14.0,0.5,10.25,10.25,5.1347731467919715,0.6019190679863176,well_defined_interior,True,,15,C3/Cz/C4_mean_log_psd,T0_rest_only,False
38,method_development,independent_single_run,,10,search_7_14Hz_prom_0.5dB,7.0,14.0,0.5,10.5,10.5,5.304671298708712,0.961407746092656,well_defined_interior,True,,15,C3/Cz/C4_mean_log_psd,T0_rest_only,False
38,method_development,independent_single_run,,14,search_7_14Hz_prom_0.5dB,7.0,14.0,0.5,10.25,10.25,3.1652991992642825,1.2134252693326273,well_defined_interior,True,,15,C3/Cz/C4_mean_log_psd,T0_rest_only,False
38,method_development,leave_one_run_out,6,10/14,search_7_14Hz_prom_0.5dB,7.0,14.0,0.5,10.25,10.25,3.8668486390014465,1.045684438686631,well_defined_interior,True,,30,C3/Cz/C4_mean_log_psd,T0_rest_only,False
38,method_development,leave_one_run_out,10,6/14,search_7_14Hz_prom_0.5dB,7.0,14.0,0.5,10.25,10.25,3.9333798385105467,0.7669854088562045,well_defined_interior,True,,30,C3/Cz/C4_mean_log_psd,T0_rest_only,False
38,method_development,leave_one_run_out,14,6/10,search_7_14Hz_prom_0.5dB,7.0,14.0,0.5,10.25,10.25,4.012465012853184,0.7027015132579351,well_defined_interior,True,,30,C3/Cz/C4_mean_log_psd,T0_rest_only,False
38,method_development,independent_single_run,,6,search_7_14Hz_prom_1dB,7.0,14.0,1.0,10.25,10.25,5.1347731467919715,0.6019190679863176,well_defined_interior,True,,15,C3/Cz/C4_mean_log_psd,T0_rest_only,False
38,method_development,independent_single_run,,10,search_7_14Hz_prom_1dB,7.0,14.0,1.0,10.5,10.5,5.304671298708712,0.961407746092656,well_defined_interior,True,,15,C3/Cz/C4_mean_log_psd,T0_rest_only,False
38,method_development,independent_single_run,,14,search_7_14Hz_prom_1dB,7.0,14.0,1.0,10.25,10.25,3.1652991992642825,1.2134252693326273,well_defined_interior,True,,15,C3/Cz/C4_mean_log_psd,T0_rest_only,False
38,method_development,leave_one_run_out,6,10/14,search_7_14Hz_prom_1dB,7.0,14.0,1.0,10.25,10.25,3.8668486390014465,1.045684438686631,well_defined_interior,True,,30,C3/Cz/C4_mean_log_psd,T0_rest_only,False
38,method_development,leave_one_run_out,10,6/14,search_7_14Hz_prom_1dB,7.0,14.0,1.0,10.25,10.25,3.9333798385105467,0.7669854088562045,well_defined_interior,True,,30,C3/Cz/C4_mean_log_psd,T0_rest_only,False
38,method_development,leave_one_run_out,14,6/10,search_7_14Hz_prom_1dB,7.0,14.0,1.0,10.25,10.25,4.012465012853184,0.7027015132579351,well_defined_interior,True,,30,C3/Cz/C4_mean_log_psd,T0_rest_only,False
38,method_development,independent_single_run,,6,search_7_14Hz_prom_1.5dB,7.0,14.0,1.5,10.25,10.25,5.1347731467919715,0.6019190679863176,well_defined_interior,True,,15,C3/Cz/C4_mean_log_psd,T0_rest_only,False
38,method_development,independent_single_run,,10,search_7_14Hz_prom_1.5dB,7.0,14.0,1.5,10.5,10.5,5.304671298708712,0.961407746092656,well_defined_interior,True,,15,C3/Cz/C4_mean_log_psd,T0_rest_only,False
38,method_development,independent_single_run,,14,search_7_14Hz_prom_1.5dB,7.0,14.0,1.5,10.25,10.25,3.1652991992642825,1.2134252693326273,well_defined_interior,True,,15,C3/Cz/C4_mean_log_psd,T0_rest_only,False
38,method_development,leave_one_run_out,6,10/14,search_7_14Hz_prom_1.5dB,7.0,14.0,1.5,10.25,10.25,3.8668486390014465,1.045684438686631,well_defined_interior,True,,30,C3/Cz/C4_mean_log_psd,T0_rest_only,False
38,method_development,leave_one_run_out,10,6/14,search_7_14Hz_prom_1.5dB,7.0,14.0,1.5,10.25,10.25,3.9333798385105467,0.7669854088562045,well_defined_interior,True,,30,C3/Cz/C4_mean_log_psd,T0_rest_only,False
38,method_development,leave_one_run_out,14,6/10,search_7_14Hz_prom_1.5dB,7.0,14.0,1.5,10.25,10.25,4.012465012853184,0.7027015132579351,well_defined_interior,True,,30,C3/Cz/C4_mean_log_psd,T0_rest_only,False
38,method_development,independent_single_run,,6,search_6_14Hz_prom_0.5dB,6.0,14.0,0.5,10.25,10.25,5.1347731467919715,0.6019190679863176,well_defined_interior,True,,15,C3/Cz/C4_mean_log_psd,T0_rest_only,False
38,method_development,independent_single_run,,10,search_6_14Hz_prom_0.5dB,6.0,14.0,0.5,10.5,10.5,5.304671298708712,0.9614077460926564,well_defined_interior,True,,15,C3/Cz/C4_mean_log_psd,T0_rest_only,False
38,method_development,independent_single_run,,14,search_6_14Hz_prom_0.5dB,6.0,14.0,0.5,10.25,10.25,3.1652991992642825,1.2134252693326273,well_defined_interior,True,,15,C3/Cz/C4_mean_log_psd,T0_rest_only,False
38,method_development,leave_one_run_out,6,10/14,search_6_14Hz_prom_0.5dB,6.0,14.0,0.5,10.25,10.25,3.8668486390014465,1.0456844386866315,well_defined_interior,True,,30,C3/Cz/C4_mean_log_psd,T0_rest_only,False
38,method_development,leave_one_run_out,10,6/14,search_6_14Hz_prom_0.5dB,6.0,14.0,0.5,10.25,10.25,3.9333798385105467,0.7669854088562049,well_defined_interior,True,,30,C3/Cz/C4_mean_log_psd,T0_rest_only,False
38,method_development,leave_one_run_out,14,6/10,search_6_14Hz_prom_0.5dB,6.0,14.0,0.5,10.25,10.25,4.012465012853184,0.7027015132579351,well_defined_interior,True,,30,C3/Cz/C4_mean_log_psd,T0_rest_only,False
38,method_development,independent_single_run,,6,search_6_14Hz_prom_1dB,6.0,14.0,1.0,10.25,10.25,5.1347731467919715,0.6019190679863176,well_defined_interior,True,,15,C3/Cz/C4_mean_log_psd,T0_rest_only,False
38,method_development,independent_single_run,,10,search_6_14Hz_prom_1dB,6.0,14.0,1.0,10.5,10.5,5.304671298708712,0.9614077460926564,well_defined_interior,True,,15,C3/Cz/C4_mean_log_psd,T0_rest_only,False
38,method_development,independent_single_run,,14,search_6_14Hz_prom_1dB,6.0,14.0,1.0,10.25,10.25,3.1652991992642825,1.2134252693326273,well_defined_interior,True,,15,C3/Cz/C4_mean_log_psd,T0_rest_only,False
38,method_development,leave_one_run_out,6,10/14,search_6_14Hz_prom_1dB,6.0,14.0,1.0,10.25,10.25,3.8668486390014465,1.0456844386866315,well_defined_interior,True,,30,C3/Cz/C4_mean_log_psd,T0_rest_only,False
38,method_development,leave_one_run_out,10,6/14,search_6_14Hz_prom_1dB,6.0,14.0,1.0,10.25,10.25,3.9333798385105467,0.7669854088562049,well_defined_interior,True,,30,C3/Cz/C4_mean_log_psd,T0_rest_only,False
38,method_development,leave_one_run_out,14,6/10,search_6_14Hz_prom_1dB,6.0,14.0,1.0,10.25,10.25,4.012465012853184,0.7027015132579351,well_defined_interior,True,,30,C3/Cz/C4_mean_log_psd,T0_rest_only,False
38,method_development,independent_single_run,,6,search_6_14Hz_prom_1.5dB,6.0,14.0,1.5,10.25,10.25,5.1347731467919715,0.6019190679863176,well_defined_interior,True,,15,C3/Cz/C4_mean_log_psd,T0_rest_only,False
38,method_development,independent_single_run,,10,search_6_14Hz_prom_1.5dB,6.0,14.0,1.5,10.5,10.5,5.304671298708712,0.9614077460926564,well_defined_interior,True,,15,C3/Cz/C4_mean_log_psd,T0_rest_only,False
38,method_development,independent_single_run,,14,search_6_14Hz_prom_1.5dB,6.0,14.0,1.5,10.25,10.25,3.1652991992642825,1.2134252693326273,well_defined_interior,True,,15,C3/Cz/C4_mean_log_psd,T0_rest_only,False
38,method_development,leave_one_run_out,6,10/14,search_6_14Hz_prom_1.5dB,6.0,14.0,1.5,10.25,10.25,3.8668486390014465,1.0456844386866315,well_defined_interior,True,,30,C3/Cz/C4_mean_log_psd,T0_rest_only,False
38,method_development,leave_one_run_out,10,6/14,search_6_14Hz_prom_1.5dB,6.0,14.0,1.5,10.25,10.25,3.9333798385105467,0.7669854088562049,well_defined_interior,True,,30,C3/Cz/C4_mean_log_psd,T0_rest_only,False
38,method_development,leave_one_run_out,14,6/10,search_6_14Hz_prom_1.5dB,6.0,14.0,1.5,10.25,10.25,4.012465012853184,0.7027015132579351,well_defined_interior,True,,30,C3/Cz/C4_mean_log_psd,T0_rest_only,False
38,method_development,independent_single_run,,6,search_7_15Hz_prom_0.5dB,7.0,15.0,0.5,10.25,10.25,5.1347731467919715,0.6019190679863176,well_defined_interior,True,,15,C3/Cz/C4_mean_log_psd,T0_rest_only,False
38,method_development,independent_single_run,,10,search_7_15Hz_prom_0.5dB,7.0,15.0,0.5,10.5,10.5,5.304671298708712,0.961407746092656,well_defined_interior,True,,15,C3/Cz/C4_mean_log_psd,T0_rest_only,False
38,method_development,independent_single_run,,14,search_7_15Hz_prom_0.5dB,7.0,15.0,0.5,10.25,10.25,3.1652991992642825,1.2134252693326273,well_defined_interior,True,,15,C3/Cz/C4_mean_log_psd,T0_rest_only,False
38,method_development,leave_one_run_out,6,10/14,search_7_15Hz_prom_0.5dB,7.0,15.0,0.5,10.25,10.25,3.8668486390014465,1.045684438686631,well_defined_interior,True,,30,C3/Cz/C4_mean_log_psd,T0_rest_only,False
38,method_development,leave_one_run_out,10,6/14,search_7_15Hz_prom_0.5dB,7.0,15.0,0.5,10.25,10.25,3.9333798385105467,0.7669854088562045,well_defined_interior,True,,30,C3/Cz/C4_mean_log_psd,T0_rest_only,False
38,method_development,leave_one_run_out,14,6/10,search_7_15Hz_prom_0.5dB,7.0,15.0,0.5,10.25,10.25,4.012465012853184,0.7027015132579351,well_defined_interior,True,,30,C3/Cz/C4_mean_log_psd,T0_rest_only,False
38,method_development,independent_single_run,,6,search_7_15Hz_prom_1dB,7.0,15.0,1.0,10.25,10.25,5.1347731467919715,0.6019190679863176,well_defined_interior,True,,15,C3/Cz/C4_mean_log_psd,T0_rest_only,False
38,method_development,independent_single_run,,10,search_7_15Hz_prom_1dB,7.0,15.0,1.0,10.5,10.5,5.304671298708712,0.961407746092656,well_defined_interior,True,,15,C3/Cz/C4_mean_log_psd,T0_rest_only,False
38,method_development,independent_single_run,,14,search_7_15Hz_prom_1dB,7.0,15.0,1.0,10.25,10.25,3.1652991992642825,1.2134252693326273,well_defined_interior,True,,15,C3/Cz/C4_mean_log_psd,T0_rest_only,False
38,method_development,leave_one_run_out,6,10/14,search_7_15Hz_prom_1dB,7.0,15.0,1.0,10.25,10.25,3.8668486390014465,1.045684438686631,well_defined_interior,True,,30,C3/Cz/C4_mean_log_psd,T0_rest_only,False
38,method_development,leave_one_run_out,10,6/14,search_7_15Hz_prom_1dB,7.0,15.0,1.0,10.25,10.25,3.9333798385105467,0.7669854088562045,well_defined_interior,True,,30,C3/Cz/C4_mean_log_psd,T0_rest_only,False
38,method_development,leave_one_run_out,14,6/10,search_7_15Hz_prom_1dB,7.0,15.0,1.0,10.25,10.25,4.012465012853184,0.7027015132579351,well_defined_interior,True,,30,C3/Cz/C4_mean_log_psd,T0_rest_only,False
38,method_development,independent_single_run,,6,search_7_15Hz_prom_1.5dB,7.0,15.0,1.5,10.25,10.25,5.1347731467919715,0.6019190679863176,well_defined_interior,True,,15,C3/Cz/C4_mean_log_psd,T0_rest_only,False
38,method_development,independent_single_run,,10,search_7_15Hz_prom_1.5dB,7.0,15.0,1.5,10.5,10.5,5.304671298708712,0.961407746092656,well_defined_interior,True,,15,C3/Cz/C4_mean_log_psd,T0_rest_only,False
38,method_development,independent_single_run,,14,search_7_15Hz_prom_1.5dB,7.0,15.0,1.5,10.25,10.25,3.1652991992642825,1.2134252693326273,well_defined_interior,True,,15,C3/Cz/C4_mean_log_psd,T0_rest_only,False
38,method_development,leave_one_run_out,6,10/14,search_7_15Hz_prom_1.5dB,7.0,15.0,1.5,10.25,10.25,3.8668486390014465,1.045684438686631,well_defined_interior,True,,30,C3/Cz/C4_mean_log_psd,T0_rest_only,False
38,method_development,leave_one_run_out,10,6/14,search_7_15Hz_prom_1.5dB,7.0,15.0,1.5,10.25,10.25,3.9333798385105467,0.7669854088562045,well_defined_interior,True,,30,C3/Cz/C4_mean_log_psd,T0_rest_only,False
38,method_development,leave_one_run_out,14,6/10,search_7_15Hz_prom_1.5dB,7.0,15.0,1.5,10.25,10.25,4.012465012853184,0.7027015132579351,well_defined_interior,True,,30,C3/Cz/C4_mean_log_psd,T0_rest_only,False
40,method_development,independent_single_run,,6,search_7_14Hz_prom_0.5dB,7.0,14.0,0.5,13.5,13.5,2.4861221312744703,0.49097449945817395,well_defined_interior,True,,15,C3/Cz/C4_mean_log_psd,T0_rest_only,False
40,method_development,independent_single_run,,10,search_7_14Hz_prom_0.5dB,7.0,14.0,0.5,8.75,8.75,2.0973554282557245,0.6994284726618978,well_defined_interior,True,,15,C3/Cz/C4_mean_log_psd,T0_rest_only,False
40,method_development,independent_single_run,,14,search_7_14Hz_prom_0.5dB,7.0,14.0,0.5,12.25,12.25,1.7221511414634136,0.46590391088297345,well_defined_interior,True,,15,C3/Cz/C4_mean_log_psd,T0_rest_only,False
40,method_development,leave_one_run_out,6,10/14,search_7_14Hz_prom_0.5dB,7.0,14.0,0.5,7.5,7.5,1.1347560017470784,0.3888772005694754,well_defined_interior,True,,30,C3/Cz/C4_mean_log_psd,T0_rest_only,False
40,method_development,leave_one_run_out,10,6/14,search_7_14Hz_prom_0.5dB,7.0,14.0,0.5,12.25,12.25,1.7200941708089488,0.5020379272238777,well_defined_interior,True,,30,C3/Cz/C4_mean_log_psd,T0_rest_only,False
40,method_development,leave_one_run_out,14,6/10,search_7_14Hz_prom_0.5dB,7.0,14.0,0.5,12.25,12.25,1.2853783727361616,0.4535397021413772,well_defined_interior,True,,30,C3/Cz/C4_mean_log_psd,T0_rest_only,False
40,method_development,independent_single_run,,6,search_7_14Hz_prom_1dB,7.0,14.0,1.0,13.5,13.5,2.4861221312744703,0.49097449945817395,well_defined_interior,True,,15,C3/Cz/C4_mean_log_psd,T0_rest_only,False
40,method_development,independent_single_run,,10,search_7_14Hz_prom_1dB,7.0,14.0,1.0,8.75,8.75,2.0973554282557245,0.6994284726618978,well_defined_interior,True,,15,C3/Cz/C4_mean_log_psd,T0_rest_only,False
40,method_development,independent_single_run,,14,search_7_14Hz_prom_1dB,7.0,14.0,1.0,12.25,12.25,1.7221511414634136,0.46590391088297345,well_defined_interior,True,,15,C3/Cz/C4_mean_log_psd,T0_rest_only,False
40,method_development,leave_one_run_out,6,10/14,search_7_14Hz_prom_1dB,7.0,14.0,1.0,7.5,7.5,1.1347560017470784,0.3888772005694754,well_defined_interior,True,,30,C3/Cz/C4_mean_log_psd,T0_rest_only,False
40,method_development,leave_one_run_out,10,6/14,search_7_14Hz_prom_1dB,7.0,14.0,1.0,12.25,12.25,1.7200941708089488,0.5020379272238777,well_defined_interior,True,,30,C3/Cz/C4_mean_log_psd,T0_rest_only,False
40,method_development,leave_one_run_out,14,6/10,search_7_14Hz_prom_1dB,7.0,14.0,1.0,12.25,12.25,1.2853783727361616,0.4535397021413772,well_defined_interior,True,,30,C3/Cz/C4_mean_log_psd,T0_rest_only,False
40,method_development,independent_single_run,,6,search_7_14Hz_prom_1.5dB,7.0,14.0,1.5,13.5,13.5,2.4861221312744703,0.49097449945817395,well_defined_interior,True,,15,C3/Cz/C4_mean_log_psd,T0_rest_only,False
40,method_development,independent_single_run,,10,search_7_14Hz_prom_1.5dB,7.0,14.0,1.5,8.75,8.75,2.0973554282557245,0.6994284726618978,well_defined_interior,True,,15,C3/Cz/C4_mean_log_psd,T0_rest_only,False
40,method_development,independent_single_run,,14,search_7_14Hz_prom_1.5dB,7.0,14.0,1.5,12.25,12.25,1.7221511414634136,0.46590391088297345,well_defined_interior,True,,15,C3/Cz/C4_mean_log_psd,T0_rest_only,False
40,method_development,leave_one_run_out,6,10/14,search_7_14Hz_prom_1.5dB,7.0,14.0,1.5,,7.5,3.425051502685932,,poorly_defined_no_peak,False,no_interior_peak_meets_prominence,30,C3/Cz/C4_mean_log_psd,T0_rest_only,False
40,method_development,leave_one_run_out,10,6/14,search_7_14Hz_prom_1.5dB,7.0,14.0,1.5,12.25,12.25,1.7200941708089488,0.5020379272238777,well_defined_interior,True,,30,C3/Cz/C4_mean_log_psd,T0_rest_only,False
40,method_development,leave_one_run_out,14,6/10,search_7_14Hz_prom_1.5dB,7.0,14.0,1.5,,7.25,3.8543695410840684,,poorly_defined_no_peak,False,no_interior_peak_meets_prominence,30,C3/Cz/C4_mean_log_psd,T0_rest_only,False
40,method_development,independent_single_run,,6,search_6_14Hz_prom_0.5dB,6.0,14.0,0.5,7.25,7.25,2.5810578509950375,0.5462898255744532,well_defined_interior,True,,15,C3/Cz/C4_mean_log_psd,T0_rest_only,False
40,method_development,independent_single_run,,10,search_6_14Hz_prom_0.5dB,6.0,14.0,0.5,8.75,8.75,2.0973554282557245,0.6994284726618978,well_defined_interior,True,,15,C3/Cz/C4_mean_log_psd,T0_rest_only,False
40,method_development,independent_single_run,,14,search_6_14Hz_prom_0.5dB,6.0,14.0,0.5,12.25,12.25,1.7221511414634136,0.46590391088297345,well_defined_interior,True,,15,C3/Cz/C4_mean_log_psd,T0_rest_only,False
40,method_development,leave_one_run_out,6,10/14,search_6_14Hz_prom_0.5dB,6.0,14.0,0.5,7.5,7.5,1.1347560017470784,0.3888772005694754,well_defined_interior,True,,30,C3/Cz/C4_mean_log_psd,T0_rest_only,False
40,method_development,leave_one_run_out,10,6/14,search_6_14Hz_prom_0.5dB,6.0,14.0,0.5,12.25,12.25,1.7200941708089488,0.5020379272238777,well_defined_interior,True,,30,C3/Cz/C4_mean_log_psd,T0_rest_only,False
40,method_development,leave_one_run_out,14,6/10,search_6_14Hz_prom_0.5dB,6.0,14.0,0.5,7.25,7.25,1.8905044666300626,0.8833824132123836,well_defined_interior,True,,30,C3/Cz/C4_mean_log_psd,T0_rest_only,False
40,method_development,independent_single_run,,6,search_6_14Hz_prom_1dB,6.0,14.0,1.0,7.25,7.25,2.5810578509950375,0.5462898255744532,well_defined_interior,True,,15,C3/Cz/C4_mean_log_psd,T0_rest_only,False
40,method_development,independent_single_run,,10,search_6_14Hz_prom_1dB,6.0,14.0,1.0,8.75,8.75,2.0973554282557245,0.6994284726618978,well_defined_interior,True,,15,C3/Cz/C4_mean_log_psd,T0_rest_only,False
40,method_development,independent_single_run,,14,search_6_14Hz_prom_1dB,6.0,14.0,1.0,12.25,12.25,1.7221511414634136,0.46590391088297345,well_defined_interior,True,,15,C3/Cz/C4_mean_log_psd,T0_rest_only,False
40,method_development,leave_one_run_out,6,10/14,search_6_14Hz_prom_1dB,6.0,14.0,1.0,7.5,7.5,1.1347560017470784,0.3888772005694754,well_defined_interior,True,,30,C3/Cz/C4_mean_log_psd,T0_rest_only,False
40,method_development,leave_one_run_out,10,6/14,search_6_14Hz_prom_1dB,6.0,14.0,1.0,12.25,12.25,1.7200941708089488,0.5020379272238777,well_defined_interior,True,,30,C3/Cz/C4_mean_log_psd,T0_rest_only,False
40,method_development,leave_one_run_out,14,6/10,search_6_14Hz_prom_1dB,6.0,14.0,1.0,7.25,7.25,1.8905044666300626,0.8833824132123836,well_defined_interior,True,,30,C3/Cz/C4_mean_log_psd,T0_rest_only,False
40,method_development,independent_single_run,,6,search_6_14Hz_prom_1.5dB,6.0,14.0,1.5,7.25,7.25,2.5810578509950375,0.5462898255744532,well_defined_interior,True,,15,C3/Cz/C4_mean_log_psd,T0_rest_only,False
40,method_development,independent_single_run,,10,search_6_14Hz_prom_1.5dB,6.0,14.0,1.5,8.75,8.75,2.0973554282557245,0.6994284726618978,well_defined_interior,True,,15,C3/Cz/C4_mean_log_psd,T0_rest_only,False
40,method_development,independent_single_run,,14,search_6_14Hz_prom_1.5dB,6.0,14.0,1.5,12.25,12.25,1.7221511414634136,0.46590391088297345,well_defined_interior,True,,15,C3/Cz/C4_mean_log_psd,T0_rest_only,False
40,method_development,leave_one_run_out,6,10/14,search_6_14Hz_prom_1.5dB,6.0,14.0,1.5,,6.0,3.6792914424041356,,boundary_candidate,False,search_boundary_maximum,30,C3/Cz/C4_mean_log_psd,T0_rest_only,False
40,method_development,leave_one_run_out,10,6/14,search_6_14Hz_prom_1.5dB,6.0,14.0,1.5,12.25,12.25,1.7200941708089488,0.5020379272238777,well_defined_interior,True,,30,C3/Cz/C4_mean_log_psd,T0_rest_only,False
40,method_development,leave_one_run_out,14,6/10,search_6_14Hz_prom_1.5dB,6.0,14.0,1.5,7.25,7.25,1.8905044666300626,0.8833824132123836,well_defined_interior,True,,30,C3/Cz/C4_mean_log_psd,T0_rest_only,False
40,method_development,independent_single_run,,6,search_7_15Hz_prom_0.5dB,7.0,15.0,0.5,13.5,13.5,2.4861221312744703,0.49097449945817395,well_defined_interior,True,,15,C3/Cz/C4_mean_log_psd,T0_rest_only,False
40,method_development,independent_single_run,,10,search_7_15Hz_prom_0.5dB,7.0,15.0,0.5,8.75,8.75,2.0973554282557245,0.6994284726618978,well_defined_interior,True,,15,C3/Cz/C4_mean_log_psd,T0_rest_only,False
40,method_development,independent_single_run,,14,search_7_15Hz_prom_0.5dB,7.0,15.0,0.5,12.25,12.25,1.7221511414634136,0.46590391088297345,well_defined_interior,True,,15,C3/Cz/C4_mean_log_psd,T0_rest_only,False
40,method_development,leave_one_run_out,6,10/14,search_7_15Hz_prom_0.5dB,7.0,15.0,0.5,12.25,12.25,1.2033481811527622,0.4049219883290993,well_defined_interior,True,,30,C3/Cz/C4_mean_log_psd,T0_rest_only,False
40,method_development,leave_one_run_out,10,6/14,search_7_15Hz_prom_0.5dB,7.0,15.0,0.5,12.25,12.25,1.7200941708089488,0.5020379272238777,well_defined_interior,True,,30,C3/Cz/C4_mean_log_psd,T0_rest_only,False
40,method_development,leave_one_run_out,14,6/10,search_7_15Hz_prom_0.5dB,7.0,15.0,0.5,12.25,12.25,1.2853783727361616,0.4535397021413772,well_defined_interior,True,,30,C3/Cz/C4_mean_log_psd,T0_rest_only,False
40,method_development,independent_single_run,,6,search_7_15Hz_prom_1dB,7.0,15.0,1.0,13.5,13.5,2.4861221312744703,0.49097449945817395,well_defined_interior,True,,15,C3/Cz/C4_mean_log_psd,T0_rest_only,False
40,method_development,independent_single_run,,10,search_7_15Hz_prom_1dB,7.0,15.0,1.0,8.75,8.75,2.0973554282557245,0.6994284726618978,well_defined_interior,True,,15,C3/Cz/C4_mean_log_psd,T0_rest_only,False
40,method_development,independent_single_run,,14,search_7_15Hz_prom_1dB,7.0,15.0,1.0,12.25,12.25,1.7221511414634136,0.46590391088297345,well_defined_interior,True,,15,C3/Cz/C4_mean_log_psd,T0_rest_only,False
40,method_development,leave_one_run_out,6,10/14,search_7_15Hz_prom_1dB,7.0,15.0,1.0,12.25,12.25,1.2033481811527622,0.4049219883290993,well_defined_interior,True,,30,C3/Cz/C4_mean_log_psd,T0_rest_only,False
40,method_development,leave_one_run_out,10,6/14,search_7_15Hz_prom_1dB,7.0,15.0,1.0,12.25,12.25,1.7200941708089488,0.5020379272238777,well_defined_interior,True,,30,C3/Cz/C4_mean_log_psd,T0_rest_only,False
40,method_development,leave_one_run_out,14,6/10,search_7_15Hz_prom_1dB,7.0,15.0,1.0,12.25,12.25,1.2853783727361616,0.4535397021413772,well_defined_interior,True,,30,C3/Cz/C4_mean_log_psd,T0_rest_only,False
40,method_development,independent_single_run,,6,search_7_15Hz_prom_1.5dB,7.0,15.0,1.5,13.5,13.5,2.4861221312744703,0.49097449945817395,well_defined_interior,True,,15,C3/Cz/C4_mean_log_psd,T0_rest_only,False
40,method_development,independent_single_run,,10,search_7_15Hz_prom_1.5dB,7.0,15.0,1.5,8.75,8.75,2.0973554282557245,0.6994284726618978,well_defined_interior,True,,15,C3/Cz/C4_mean_log_psd,T0_rest_only,False
40,method_development,independent_single_run,,14,search_7_15Hz_prom_1.5dB,7.0,15.0,1.5,12.25,12.25,1.7221511414634136,0.46590391088297345,well_defined_interior,True,,15,C3/Cz/C4_mean_log_psd,T0_rest_only,False
40,method_development,leave_one_run_out,6,10/14,search_7_15Hz_prom_1.5dB,7.0,15.0,1.5,,7.5,3.770181581251933,,poorly_defined_no_peak,False,no_interior_peak_meets_prominence,30,C3/Cz/C4_mean_log_psd,T0_rest_only,False
40,method_development,leave_one_run_out,10,6/14,search_7_15Hz_prom_1.5dB,7.0,15.0,1.5,12.25,12.25,1.7200941708089488,0.5020379272238777,well_defined_interior,True,,30,C3/Cz/C4_mean_log_psd,T0_rest_only,False
40,method_development,leave_one_run_out,14,6/10,search_7_15Hz_prom_1.5dB,7.0,15.0,1.5,,7.25,4.242900885499992,,poorly_defined_no_peak,False,no_interior_peak_meets_prominence,30,C3/Cz/C4_mean_log_psd,T0_rest_only,False
42,method_development,independent_single_run,,6,search_7_14Hz_prom_0.5dB,7.0,14.0,0.5,13.0,13.0,7.223968887308487,0.9952352354781553,well_defined_interior,True,,15,C3/Cz/C4_mean_log_psd,T0_rest_only,False
42,method_development,independent_single_run,,10,search_7_14Hz_prom_0.5dB,7.0,14.0,0.5,12.75,12.75,6.39691726562711,1.1096994925932533,well_defined_interior,True,,15,C3/Cz/C4_mean_log_psd,T0_rest_only,False
42,method_development,independent_single_run,,14,search_7_14Hz_prom_0.5dB,7.0,14.0,0.5,13.0,13.0,8.941700431723362,2.009585977893476,well_defined_interior,True,,15,C3/Cz/C4_mean_log_psd,T0_rest_only,False
42,method_development,leave_one_run_out,6,10/14,search_7_14Hz_prom_0.5dB,7.0,14.0,0.5,13.0,13.0,7.66889463276145,1.6030504387308575,well_defined_interior,True,,30,C3/Cz/C4_mean_log_psd,T0_rest_only,False
42,method_development,leave_one_run_out,10,6/14,search_7_14Hz_prom_0.5dB,7.0,14.0,0.5,13.0,13.0,8.082834659515882,1.3671316035338927,well_defined_interior,True,,30,C3/Cz/C4_mean_log_psd,T0_rest_only,False
42,method_development,leave_one_run_out,14,6/10,search_7_14Hz_prom_0.5dB,7.0,14.0,0.5,13.0,13.0,6.810028860554041,1.049576845572835,well_defined_interior,True,,30,C3/Cz/C4_mean_log_psd,T0_rest_only,False
42,method_development,independent_single_run,,6,search_7_14Hz_prom_1dB,7.0,14.0,1.0,13.0,13.0,7.223968887308487,0.9952352354781553,well_defined_interior,True,,15,C3/Cz/C4_mean_log_psd,T0_rest_only,False
42,method_development,independent_single_run,,10,search_7_14Hz_prom_1dB,7.0,14.0,1.0,12.75,12.75,6.39691726562711,1.1096994925932533,well_defined_interior,True,,15,C3/Cz/C4_mean_log_psd,T0_rest_only,False
42,method_development,independent_single_run,,14,search_7_14Hz_prom_1dB,7.0,14.0,1.0,13.0,13.0,8.941700431723362,2.009585977893476,well_defined_interior,True,,15,C3/Cz/C4_mean_log_psd,T0_rest_only,False
42,method_development,leave_one_run_out,6,10/14,search_7_14Hz_prom_1dB,7.0,14.0,1.0,13.0,13.0,7.66889463276145,1.6030504387308575,well_defined_interior,True,,30,C3/Cz/C4_mean_log_psd,T0_rest_only,False
42,method_development,leave_one_run_out,10,6/14,search_7_14Hz_prom_1dB,7.0,14.0,1.0,13.0,13.0,8.082834659515882,1.3671316035338927,well_defined_interior,True,,30,C3/Cz/C4_mean_log_psd,T0_rest_only,False
42,method_development,leave_one_run_out,14,6/10,search_7_14Hz_prom_1dB,7.0,14.0,1.0,13.0,13.0,6.810028860554041,1.049576845572835,well_defined_interior,True,,30,C3/Cz/C4_mean_log_psd,T0_rest_only,False
42,method_development,independent_single_run,,6,search_7_14Hz_prom_1.5dB,7.0,14.0,1.5,13.0,13.0,7.223968887308487,0.9952352354781553,well_defined_interior,True,,15,C3/Cz/C4_mean_log_psd,T0_rest_only,False
42,method_development,independent_single_run,,10,search_7_14Hz_prom_1.5dB,7.0,14.0,1.5,12.75,12.75,6.39691726562711,1.1096994925932533,well_defined_interior,True,,15,C3/Cz/C4_mean_log_psd,T0_rest_only,False
42,method_development,independent_single_run,,14,search_7_14Hz_prom_1.5dB,7.0,14.0,1.5,13.0,13.0,8.941700431723362,2.009585977893476,well_defined_interior,True,,15,C3/Cz/C4_mean_log_psd,T0_rest_only,False
42,method_development,leave_one_run_out,6,10/14,search_7_14Hz_prom_1.5dB,7.0,14.0,1.5,13.0,13.0,7.66889463276145,1.6030504387308575,well_defined_interior,True,,30,C3/Cz/C4_mean_log_psd,T0_rest_only,False
42,method_development,leave_one_run_out,10,6/14,search_7_14Hz_prom_1.5dB,7.0,14.0,1.5,13.0,13.0,8.082834659515882,1.3671316035338927,well_defined_interior,True,,30,C3/Cz/C4_mean_log_psd,T0_rest_only,False
42,method_development,leave_one_run_out,14,6/10,search_7_14Hz_prom_1.5dB,7.0,14.0,1.5,13.0,13.0,6.810028860554041,1.049576845572835,well_defined_interior,True,,30,C3/Cz/C4_mean_log_psd,T0_rest_only,False
42,method_development,independent_single_run,,6,search_6_14Hz_prom_0.5dB,6.0,14.0,0.5,13.0,13.0,7.223968887308487,0.9952352354781553,well_defined_interior,True,,15,C3/Cz/C4_mean_log_psd,T0_rest_only,False
42,method_development,independent_single_run,,10,search_6_14Hz_prom_0.5dB,6.0,14.0,0.5,12.75,12.75,6.39691726562711,1.1096994925932533,well_defined_interior,True,,15,C3/Cz/C4_mean_log_psd,T0_rest_only,False
42,method_development,independent_single_run,,14,search_6_14Hz_prom_0.5dB,6.0,14.0,0.5,13.0,13.0,8.941700431723362,2.009585977893476,well_defined_interior,True,,15,C3/Cz/C4_mean_log_psd,T0_rest_only,False
42,method_development,leave_one_run_out,6,10/14,search_6_14Hz_prom_0.5dB,6.0,14.0,0.5,13.0,13.0,7.66889463276145,1.6030504387308575,well_defined_interior,True,,30,C3/Cz/C4_mean_log_psd,T0_rest_only,False
42,method_development,leave_one_run_out,10,6/14,search_6_14Hz_prom_0.5dB,6.0,14.0,0.5,13.0,13.0,8.082834659515882,1.3671316035338927,well_defined_interior,True,,30,C3/Cz/C4_mean_log_psd,T0_rest_only,False
42,method_development,leave_one_run_out,14,6/10,search_6_14Hz_prom_0.5dB,6.0,14.0,0.5,13.0,13.0,6.810028860554041,1.049576845572835,well_defined_interior,True,,30,C3/Cz/C4_mean_log_psd,T0_rest_only,False
42,method_development,independent_single_run,,6,search_6_14Hz_prom_1dB,6.0,14.0,1.0,13.0,13.0,7.223968887308487,0.9952352354781553,well_defined_interior,True,,15,C3/Cz/C4_mean_log_psd,T0_rest_only,False
42,method_development,independent_single_run,,10,search_6_14Hz_prom_1dB,6.0,14.0,1.0,12.75,12.75,6.39691726562711,1.1096994925932533,well_defined_interior,True,,15,C3/Cz/C4_mean_log_psd,T0_rest_only,False
42,method_development,independent_single_run,,14,search_6_14Hz_prom_1dB,6.0,14.0,1.0,13.0,13.0,8.941700431723362,2.009585977893476,well_defined_interior,True,,15,C3/Cz/C4_mean_log_psd,T0_rest_only,False
42,method_development,leave_one_run_out,6,10/14,search_6_14Hz_prom_1dB,6.0,14.0,1.0,13.0,13.0,7.66889463276145,1.6030504387308575,well_defined_interior,True,,30,C3/Cz/C4_mean_log_psd,T0_rest_only,False
42,method_development,leave_one_run_out,10,6/14,search_6_14Hz_prom_1dB,6.0,14.0,1.0,13.0,13.0,8.082834659515882,1.3671316035338927,well_defined_interior,True,,30,C3/Cz/C4_mean_log_psd,T0_rest_only,False
42,method_development,leave_one_run_out,14,6/10,search_6_14Hz_prom_1dB,6.0,14.0,1.0,13.0,13.0,6.810028860554041,1.049576845572835,well_defined_interior,True,,30,C3/Cz/C4_mean_log_psd,T0_rest_only,False
42,method_development,independent_single_run,,6,search_6_14Hz_prom_1.5dB,6.0,14.0,1.5,13.0,13.0,7.223968887308487,0.9952352354781553,well_defined_interior,True,,15,C3/Cz/C4_mean_log_psd,T0_rest_only,False
42,method_development,independent_single_run,,10,search_6_14Hz_prom_1.5dB,6.0,14.0,1.5,12.75,12.75,6.39691726562711,1.1096994925932533,well_defined_interior,True,,15,C3/Cz/C4_mean_log_psd,T0_rest_only,False
42,method_development,independent_single_run,,14,search_6_14Hz_prom_1.5dB,6.0,14.0,1.5,13.0,13.0,8.941700431723362,2.009585977893476,well_defined_interior,True,,15,C3/Cz/C4_mean_log_psd,T0_rest_only,False
42,method_development,leave_one_run_out,6,10/14,search_6_14Hz_prom_1.5dB,6.0,14.0,1.5,13.0,13.0,7.66889463276145,1.6030504387308575,well_defined_interior,True,,30,C3/Cz/C4_mean_log_psd,T0_rest_only,False
42,method_development,leave_one_run_out,10,6/14,search_6_14Hz_prom_1.5dB,6.0,14.0,1.5,13.0,13.0,8.082834659515882,1.3671316035338927,well_defined_interior,True,,30,C3/Cz/C4_mean_log_psd,T0_rest_only,False
42,method_development,leave_one_run_out,14,6/10,search_6_14Hz_prom_1.5dB,6.0,14.0,1.5,13.0,13.0,6.810028860554041,1.049576845572835,well_defined_interior,True,,30,C3/Cz/C4_mean_log_psd,T0_rest_only,False
42,method_development,independent_single_run,,6,search_7_15Hz_prom_0.5dB,7.0,15.0,0.5,13.0,13.0,12.807631465842206,2.1864968532024704,well_defined_interior,True,,15,C3/Cz/C4_mean_log_psd,T0_rest_only,False
42,method_development,independent_single_run,,10,search_7_15Hz_prom_0.5dB,7.0,15.0,0.5,12.75,12.75,14.510163439876465,3.7138807617483445,well_defined_interior,True,,15,C3/Cz/C4_mean_log_psd,T0_rest_only,False
42,method_development,independent_single_run,,14,search_7_15Hz_prom_0.5dB,7.0,15.0,0.5,13.0,13.0,13.137238229567956,2.874088168175967,well_defined_interior,True,,15,C3/Cz/C4_mean_log_psd,T0_rest_only,False
42,method_development,leave_one_run_out,6,10/14,search_7_15Hz_prom_0.5dB,7.0,15.0,0.5,13.0,13.0,13.771539523516168,3.399336776078221,well_defined_interior,True,,30,C3/Cz/C4_mean_log_psd,T0_rest_only,False
42,method_development,leave_one_run_out,10,6/14,search_7_15Hz_prom_0.5dB,7.0,15.0,0.5,13.0,13.0,12.877355382715379,2.4198267481387523,well_defined_interior,True,,30,C3/Cz/C4_mean_log_psd,T0_rest_only,False
42,method_development,leave_one_run_out,14,6/10,search_7_15Hz_prom_0.5dB,7.0,15.0,0.5,13.0,13.0,13.482049525915272,2.932372758991262,well_defined_interior,True,,30,C3/Cz/C4_mean_log_psd,T0_rest_only,False
42,method_development,independent_single_run,,6,search_7_15Hz_prom_1dB,7.0,15.0,1.0,13.0,13.0,12.807631465842206,2.1864968532024704,well_defined_interior,True,,15,C3/Cz/C4_mean_log_psd,T0_rest_only,False
42,method_development,independent_single_run,,10,search_7_15Hz_prom_1dB,7.0,15.0,1.0,12.75,12.75,14.510163439876465,3.7138807617483445,well_defined_interior,True,,15,C3/Cz/C4_mean_log_psd,T0_rest_only,False
42,method_development,independent_single_run,,14,search_7_15Hz_prom_1dB,7.0,15.0,1.0,13.0,13.0,13.137238229567956,2.874088168175967,well_defined_interior,True,,15,C3/Cz/C4_mean_log_psd,T0_rest_only,False
42,method_development,leave_one_run_out,6,10/14,search_7_15Hz_prom_1dB,7.0,15.0,1.0,13.0,13.0,13.771539523516168,3.399336776078221,well_defined_interior,True,,30,C3/Cz/C4_mean_log_psd,T0_rest_only,False
42,method_development,leave_one_run_out,10,6/14,search_7_15Hz_prom_1dB,7.0,15.0,1.0,13.0,13.0,12.877355382715379,2.4198267481387523,well_defined_interior,True,,30,C3/Cz/C4_mean_log_psd,T0_rest_only,False
42,method_development,leave_one_run_out,14,6/10,search_7_15Hz_prom_1dB,7.0,15.0,1.0,13.0,13.0,13.482049525915272,2.932372758991262,well_defined_interior,True,,30,C3/Cz/C4_mean_log_psd,T0_rest_only,False
42,method_development,independent_single_run,,6,search_7_15Hz_prom_1.5dB,7.0,15.0,1.5,13.0,13.0,12.807631465842206,2.1864968532024704,well_defined_interior,True,,15,C3/Cz/C4_mean_log_psd,T0_rest_only,False
42,method_development,independent_single_run,,10,search_7_15Hz_prom_1.5dB,7.0,15.0,1.5,12.75,12.75,14.510163439876465,3.7138807617483445,well_defined_interior,True,,15,C3/Cz/C4_mean_log_psd,T0_rest_only,False
42,method_development,independent_single_run,,14,search_7_15Hz_prom_1.5dB,7.0,15.0,1.5,13.0,13.0,13.137238229567956,2.874088168175967,well_defined_interior,True,,15,C3/Cz/C4_mean_log_psd,T0_rest_only,False
42,method_development,leave_one_run_out,6,10/14,search_7_15Hz_prom_1.5dB,7.0,15.0,1.5,13.0,13.0,13.771539523516168,3.399336776078221,well_defined_interior,True,,30,C3/Cz/C4_mean_log_psd,T0_rest_only,False
42,method_development,leave_one_run_out,10,6/14,search_7_15Hz_prom_1.5dB,7.0,15.0,1.5,13.0,13.0,12.877355382715379,2.4198267481387523,well_defined_interior,True,,30,C3/Cz/C4_mean_log_psd,T0_rest_only,False
42,method_development,leave_one_run_out,14,6/10,search_7_15Hz_prom_1.5dB,7.0,15.0,1.5,13.0,13.0,13.482049525915272,2.932372758991262,well_defined_interior,True,,30,C3/Cz/C4_mean_log_psd,T0_rest_only,False
44,method_development,independent_single_run,,6,search_7_14Hz_prom_0.5dB,7.0,14.0,0.5,9.5,9.5,5.9543787021852665,1.7175330540507772,well_defined_interior,True,,15,C3/Cz/C4_mean_log_psd,T0_rest_only,False
44,method_development,independent_single_run,,10,search_7_14Hz_prom_0.5dB,7.0,14.0,0.5,9.5,9.5,7.462246811734204,1.7274737998274154,well_defined_interior,True,,15,C3/Cz/C4_mean_log_psd,T0_rest_only,False
44,method_development,independent_single_run,,14,search_7_14Hz_prom_0.5dB,7.0,14.0,0.5,9.75,9.75,8.876747105852573,1.3955455788054403,well_defined_interior,True,,15,C3/Cz/C4_mean_log_psd,T0_rest_only,False
44,method_development,leave_one_run_out,6,10/14,search_7_14Hz_prom_0.5dB,7.0,14.0,0.5,9.75,9.75,7.302092263860743,1.3805426370852527,well_defined_interior,True,,30,C3/Cz/C4_mean_log_psd,T0_rest_only,False
44,method_development,leave_one_run_out,10,6/14,search_7_14Hz_prom_0.5dB,7.0,14.0,0.5,9.5,9.5,6.351053623185734,1.6553239726122604,well_defined_interior,True,,30,C3/Cz/C4_mean_log_psd,T0_rest_only,False
44,method_development,leave_one_run_out,14,6/10,search_7_14Hz_prom_0.5dB,7.0,14.0,0.5,9.5,9.5,5.964578820849852,1.5141128624985791,well_defined_interior,True,,30,C3/Cz/C4_mean_log_psd,T0_rest_only,False
44,method_development,independent_single_run,,6,search_7_14Hz_prom_1dB,7.0,14.0,1.0,9.5,9.5,5.9543787021852665,1.7175330540507772,well_defined_interior,True,,15,C3/Cz/C4_mean_log_psd,T0_rest_only,False
44,method_development,independent_single_run,,10,search_7_14Hz_prom_1dB,7.0,14.0,1.0,9.5,9.5,7.462246811734204,1.7274737998274154,well_defined_interior,True,,15,C3/Cz/C4_mean_log_psd,T0_rest_only,False
44,method_development,independent_single_run,,14,search_7_14Hz_prom_1dB,7.0,14.0,1.0,9.75,9.75,8.876747105852573,1.3955455788054403,well_defined_interior,True,,15,C3/Cz/C4_mean_log_psd,T0_rest_only,False
44,method_development,leave_one_run_out,6,10/14,search_7_14Hz_prom_1dB,7.0,14.0,1.0,9.75,9.75,7.302092263860743,1.3805426370852527,well_defined_interior,True,,30,C3/Cz/C4_mean_log_psd,T0_rest_only,False
44,method_development,leave_one_run_out,10,6/14,search_7_14Hz_prom_1dB,7.0,14.0,1.0,9.5,9.5,6.351053623185734,1.6553239726122604,well_defined_interior,True,,30,C3/Cz/C4_mean_log_psd,T0_rest_only,False
44,method_development,leave_one_run_out,14,6/10,search_7_14Hz_prom_1dB,7.0,14.0,1.0,9.5,9.5,5.964578820849852,1.5141128624985791,well_defined_interior,True,,30,C3/Cz/C4_mean_log_psd,T0_rest_only,False
44,method_development,independent_single_run,,6,search_7_14Hz_prom_1.5dB,7.0,14.0,1.5,9.5,9.5,5.9543787021852665,1.7175330540507772,well_defined_interior,True,,15,C3/Cz/C4_mean_log_psd,T0_rest_only,False
44,method_development,independent_single_run,,10,search_7_14Hz_prom_1.5dB,7.0,14.0,1.5,9.5,9.5,7.462246811734204,1.7274737998274154,well_defined_interior,True,,15,C3/Cz/C4_mean_log_psd,T0_rest_only,False
44,method_development,independent_single_run,,14,search_7_14Hz_prom_1.5dB,7.0,14.0,1.5,9.75,9.75,8.876747105852573,1.3955455788054403,well_defined_interior,True,,15,C3/Cz/C4_mean_log_psd,T0_rest_only,False
44,method_development,leave_one_run_out,6,10/14,search_7_14Hz_prom_1.5dB,7.0,14.0,1.5,9.75,9.75,7.302092263860743,1.3805426370852527,well_defined_interior,True,,30,C3/Cz/C4_mean_log_psd,T0_rest_only,False
44,method_development,leave_one_run_out,10,6/14,search_7_14Hz_prom_1.5dB,7.0,14.0,1.5,9.5,9.5,6.351053623185734,1.6553239726122604,well_defined_interior,True,,30,C3/Cz/C4_mean_log_psd,T0_rest_only,False
44,method_development,leave_one_run_out,14,6/10,search_7_14Hz_prom_1.5dB,7.0,14.0,1.5,9.5,9.5,5.964578820849852,1.5141128624985791,well_defined_interior,True,,30,C3/Cz/C4_mean_log_psd,T0_rest_only,False
44,method_development,independent_single_run,,6,search_6_14Hz_prom_0.5dB,6.0,14.0,0.5,9.5,9.5,7.220228756104802,2.705042637663345,well_defined_interior,True,,15,C3/Cz/C4_mean_log_psd,T0_rest_only,False
44,method_development,independent_single_run,,10,search_6_14Hz_prom_0.5dB,6.0,14.0,0.5,9.5,9.5,8.744678689984624,2.0008613077114474,well_defined_interior,True,,15,C3/Cz/C4_mean_log_psd,T0_rest_only,False
44,method_development,independent_single_run,,14,search_6_14Hz_prom_0.5dB,6.0,14.0,0.5,9.75,9.75,9.25271849183163,1.4281684644545671,well_defined_interior,True,,15,C3/Cz/C4_mean_log_psd,T0_rest_only,False
44,method_development,leave_one_run_out,6,10/14,search_6_14Hz_prom_0.5dB,6.0,14.0,0.5,9.75,9.75,8.633194182321674,1.8111673290874637,well_defined_interior,True,,30,C3/Cz/C4_mean_log_psd,T0_rest_only,False
44,method_development,leave_one_run_out,10,6/14,search_6_14Hz_prom_0.5dB,6.0,14.0,0.5,9.5,9.5,7.120405245683514,1.8626157086244999,well_defined_interior,True,,30,C3/Cz/C4_mean_log_psd,T0_rest_only,False
44,method_development,leave_one_run_out,14,6/10,search_6_14Hz_prom_0.5dB,6.0,14.0,0.5,9.5,9.5,7.716709918509096,2.02037736981739,well_defined_interior,True,,30,C3/Cz/C4_mean_log_psd,T0_rest_only,False
44,method_development,independent_single_run,,6,search_6_14Hz_prom_1dB,6.0,14.0,1.0,9.5,9.5,7.220228756104802,2.705042637663345,well_defined_interior,True,,15,C3/Cz/C4_mean_log_psd,T0_rest_only,False
44,method_development,independent_single_run,,10,search_6_14Hz_prom_1dB,6.0,14.0,1.0,9.5,9.5,8.744678689984624,2.0008613077114474,well_defined_interior,True,,15,C3/Cz/C4_mean_log_psd,T0_rest_only,False
44,method_development,independent_single_run,,14,search_6_14Hz_prom_1dB,6.0,14.0,1.0,9.75,9.75,9.25271849183163,1.4281684644545671,well_defined_interior,True,,15,C3/Cz/C4_mean_log_psd,T0_rest_only,False
44,method_development,leave_one_run_out,6,10/14,search_6_14Hz_prom_1dB,6.0,14.0,1.0,9.75,9.75,8.633194182321674,1.8111673290874637,well_defined_interior,True,,30,C3/Cz/C4_mean_log_psd,T0_rest_only,False
44,method_development,leave_one_run_out,10,6/14,search_6_14Hz_prom_1dB,6.0,14.0,1.0,9.5,9.5,7.120405245683514,1.8626157086244999,well_defined_interior,True,,30,C3/Cz/C4_mean_log_psd,T0_rest_only,False
44,method_development,leave_one_run_out,14,6/10,search_6_14Hz_prom_1dB,6.0,14.0,1.0,9.5,9.5,7.716709918509096,2.02037736981739,well_defined_interior,True,,30,C3/Cz/C4_mean_log_psd,T0_rest_only,False
44,method_development,independent_single_run,,6,search_6_14Hz_prom_1.5dB,6.0,14.0,1.5,9.5,9.5,7.220228756104802,2.705042637663345,well_defined_interior,True,,15,C3/Cz/C4_mean_log_psd,T0_rest_only,False
44,method_development,independent_single_run,,10,search_6_14Hz_prom_1.5dB,6.0,14.0,1.5,9.5,9.5,8.744678689984624,2.0008613077114474,well_defined_interior,True,,15,C3/Cz/C4_mean_log_psd,T0_rest_only,False
44,method_development,independent_single_run,,14,search_6_14Hz_prom_1.5dB,6.0,14.0,1.5,9.75,9.75,9.25271849183163,1.4281684644545671,well_defined_interior,True,,15,C3/Cz/C4_mean_log_psd,T0_rest_only,False
44,method_development,leave_one_run_out,6,10/14,search_6_14Hz_prom_1.5dB,6.0,14.0,1.5,9.75,9.75,8.633194182321674,1.8111673290874637,well_defined_interior,True,,30,C3/Cz/C4_mean_log_psd,T0_rest_only,False
44,method_development,leave_one_run_out,10,6/14,search_6_14Hz_prom_1.5dB,6.0,14.0,1.5,9.5,9.5,7.120405245683514,1.8626157086244999,well_defined_interior,True,,30,C3/Cz/C4_mean_log_psd,T0_rest_only,False
44,method_development,leave_one_run_out,14,6/10,search_6_14Hz_prom_1.5dB,6.0,14.0,1.5,9.5,9.5,7.716709918509096,2.02037736981739,well_defined_interior,True,,30,C3/Cz/C4_mean_log_psd,T0_rest_only,False
44,method_development,independent_single_run,,6,search_7_15Hz_prom_0.5dB,7.0,15.0,0.5,9.5,9.5,5.9543787021852665,1.7175330540507772,well_defined_interior,True,,15,C3/Cz/C4_mean_log_psd,T0_rest_only,False
44,method_development,independent_single_run,,10,search_7_15Hz_prom_0.5dB,7.0,15.0,0.5,9.5,9.5,7.462246811734204,1.7274737998274154,well_defined_interior,True,,15,C3/Cz/C4_mean_log_psd,T0_rest_only,False
44,method_development,independent_single_run,,14,search_7_15Hz_prom_0.5dB,7.0,15.0,0.5,9.75,9.75,8.876747105852573,1.3955455788054403,well_defined_interior,True,,15,C3/Cz/C4_mean_log_psd,T0_rest_only,False
44,method_development,leave_one_run_out,6,10/14,search_7_15Hz_prom_0.5dB,7.0,15.0,0.5,9.75,9.75,7.302092263860743,1.3805426370852527,well_defined_interior,True,,30,C3/Cz/C4_mean_log_psd,T0_rest_only,False
44,method_development,leave_one_run_out,10,6/14,search_7_15Hz_prom_0.5dB,7.0,15.0,0.5,9.5,9.5,6.351053623185734,1.6553239726122604,well_defined_interior,True,,30,C3/Cz/C4_mean_log_psd,T0_rest_only,False
44,method_development,leave_one_run_out,14,6/10,search_7_15Hz_prom_0.5dB,7.0,15.0,0.5,9.5,9.5,5.964578820849852,1.5141128624985791,well_defined_interior,True,,30,C3/Cz/C4_mean_log_psd,T0_rest_only,False
44,method_development,independent_single_run,,6,search_7_15Hz_prom_1dB,7.0,15.0,1.0,9.5,9.5,5.9543787021852665,1.7175330540507772,well_defined_interior,True,,15,C3/Cz/C4_mean_log_psd,T0_rest_only,False
44,method_development,independent_single_run,,10,search_7_15Hz_prom_1dB,7.0,15.0,1.0,9.5,9.5,7.462246811734204,1.7274737998274154,well_defined_interior,True,,15,C3/Cz/C4_mean_log_psd,T0_rest_only,False
44,method_development,independent_single_run,,14,search_7_15Hz_prom_1dB,7.0,15.0,1.0,9.75,9.75,8.876747105852573,1.3955455788054403,well_defined_interior,True,,15,C3/Cz/C4_mean_log_psd,T0_rest_only,False
44,method_development,leave_one_run_out,6,10/14,search_7_15Hz_prom_1dB,7.0,15.0,1.0,9.75,9.75,7.302092263860743,1.3805426370852527,well_defined_interior,True,,30,C3/Cz/C4_mean_log_psd,T0_rest_only,False
44,method_development,leave_one_run_out,10,6/14,search_7_15Hz_prom_1dB,7.0,15.0,1.0,9.5,9.5,6.351053623185734,1.6553239726122604,well_defined_interior,True,,30,C3/Cz/C4_mean_log_psd,T0_rest_only,False
44,method_development,leave_one_run_out,14,6/10,search_7_15Hz_prom_1dB,7.0,15.0,1.0,9.5,9.5,5.964578820849852,1.5141128624985791,well_defined_interior,True,,30,C3/Cz/C4_mean_log_psd,T0_rest_only,False
44,method_development,independent_single_run,,6,search_7_15Hz_prom_1.5dB,7.0,15.0,1.5,9.5,9.5,5.9543787021852665,1.7175330540507772,well_defined_interior,True,,15,C3/Cz/C4_mean_log_psd,T0_rest_only,False
44,method_development,independent_single_run,,10,search_7_15Hz_prom_1.5dB,7.0,15.0,1.5,9.5,9.5,7.462246811734204,1.7274737998274154,well_defined_interior,True,,15,C3/Cz/C4_mean_log_psd,T0_rest_only,False
44,method_development,independent_single_run,,14,search_7_15Hz_prom_1.5dB,7.0,15.0,1.5,9.75,9.75,8.876747105852573,1.3955455788054403,well_defined_interior,True,,15,C3/Cz/C4_mean_log_psd,T0_rest_only,False
44,method_development,leave_one_run_out,6,10/14,search_7_15Hz_prom_1.5dB,7.0,15.0,1.5,9.75,9.75,7.302092263860743,1.3805426370852527,well_defined_interior,True,,30,C3/Cz/C4_mean_log_psd,T0_rest_only,False
44,method_development,leave_one_run_out,10,6/14,search_7_15Hz_prom_1.5dB,7.0,15.0,1.5,9.5,9.5,6.351053623185734,1.6553239726122604,well_defined_interior,True,,30,C3/Cz/C4_mean_log_psd,T0_rest_only,False
44,method_development,leave_one_run_out,14,6/10,search_7_15Hz_prom_1.5dB,7.0,15.0,1.5,9.5,9.5,5.964578820849852,1.5141128624985791,well_defined_interior,True,,30,C3/Cz/C4_mean_log_psd,T0_rest_only,False
46,method_development,independent_single_run,,6,search_7_14Hz_prom_0.5dB,7.0,14.0,0.5,12.5,12.5,2.9617634709304497,1.0435904542457868,well_defined_interior,True,,15,C3/Cz/C4_mean_log_psd,T0_rest_only,False
46,method_development,independent_single_run,,10,search_7_14Hz_prom_0.5dB,7.0,14.0,0.5,9.75,9.75,2.2232776067659046,0.34686638573992745,well_defined_interior,True,,15,C3/Cz/C4_mean_log_psd,T0_rest_only,False
46,method_development,independent_single_run,,14,search_7_14Hz_prom_0.5dB,7.0,14.0,0.5,12.25,12.25,3.316258806539139,0.8184526442501214,well_defined_interior,True,,15,C3/Cz/C4_mean_log_psd,T0_rest_only,False
46,method_development,leave_one_run_out,6,10/14,search_7_14Hz_prom_0.5dB,7.0,14.0,0.5,12.25,12.25,1.4808442046680597,0.6289065295224967,well_defined_interior,True,,30,C3/Cz/C4_mean_log_psd,T0_rest_only,False
46,method_development,leave_one_run_out,10,6/14,search_7_14Hz_prom_0.5dB,7.0,14.0,0.5,12.25,12.25,2.4584397250968237,0.8676294334596513,well_defined_interior,True,,30,C3/Cz/C4_mean_log_psd,T0_rest_only,False
46,method_development,leave_one_run_out,14,6/10,search_7_14Hz_prom_0.5dB,7.0,14.0,0.5,12.5,12.5,2.159263365526911,0.7568412298107594,well_defined_interior,True,,30,C3/Cz/C4_mean_log_psd,T0_rest_only,False
46,method_development,independent_single_run,,6,search_7_14Hz_prom_1dB,7.0,14.0,1.0,12.5,12.5,2.9617634709304497,1.0435904542457868,well_defined_interior,True,,15,C3/Cz/C4_mean_log_psd,T0_rest_only,False
46,method_development,independent_single_run,,10,search_7_14Hz_prom_1dB,7.0,14.0,1.0,9.75,9.75,2.2232776067659046,0.34686638573992745,well_defined_interior,True,,15,C3/Cz/C4_mean_log_psd,T0_rest_only,False
46,method_development,independent_single_run,,14,search_7_14Hz_prom_1dB,7.0,14.0,1.0,12.25,12.25,3.316258806539139,0.8184526442501214,well_defined_interior,True,,15,C3/Cz/C4_mean_log_psd,T0_rest_only,False
46,method_development,leave_one_run_out,6,10/14,search_7_14Hz_prom_1dB,7.0,14.0,1.0,12.25,12.25,1.4808442046680597,0.6289065295224967,well_defined_interior,True,,30,C3/Cz/C4_mean_log_psd,T0_rest_only,False
46,method_development,leave_one_run_out,10,6/14,search_7_14Hz_prom_1dB,7.0,14.0,1.0,12.25,12.25,2.4584397250968237,0.8676294334596513,well_defined_interior,True,,30,C3/Cz/C4_mean_log_psd,T0_rest_only,False
46,method_development,leave_one_run_out,14,6/10,search_7_14Hz_prom_1dB,7.0,14.0,1.0,12.5,12.5,2.159263365526911,0.7568412298107594,well_defined_interior,True,,30,C3/Cz/C4_mean_log_psd,T0_rest_only,False
46,method_development,independent_single_run,,6,search_7_14Hz_prom_1.5dB,7.0,14.0,1.5,12.5,12.5,2.9617634709304497,1.0435904542457868,well_defined_interior,True,,15,C3/Cz/C4_mean_log_psd,T0_rest_only,False
46,method_development,independent_single_run,,10,search_7_14Hz_prom_1.5dB,7.0,14.0,1.5,9.75,9.75,2.2232776067659046,0.34686638573992745,well_defined_interior,True,,15,C3/Cz/C4_mean_log_psd,T0_rest_only,False
46,method_development,independent_single_run,,14,search_7_14Hz_prom_1.5dB,7.0,14.0,1.5,12.25,12.25,3.316258806539139,0.8184526442501214,well_defined_interior,True,,15,C3/Cz/C4_mean_log_psd,T0_rest_only,False
46,method_development,leave_one_run_out,6,10/14,search_7_14Hz_prom_1.5dB,7.0,14.0,1.5,,7.0,3.8796997253605667,,boundary_candidate,False,search_boundary_maximum,30,C3/Cz/C4_mean_log_psd,T0_rest_only,False
46,method_development,leave_one_run_out,10,6/14,search_7_14Hz_prom_1.5dB,7.0,14.0,1.5,12.25,12.25,2.4584397250968237,0.8676294334596513,well_defined_interior,True,,30,C3/Cz/C4_mean_log_psd,T0_rest_only,False
46,method_development,leave_one_run_out,14,6/10,search_7_14Hz_prom_1.5dB,7.0,14.0,1.5,12.5,12.5,2.159263365526911,0.7568412298107594,well_defined_interior,True,,30,C3/Cz/C4_mean_log_psd,T0_rest_only,False
46,method_development,independent_single_run,,6,search_6_14Hz_prom_0.5dB,6.0,14.0,0.5,12.5,12.5,2.9617634709304497,1.0435904542457868,well_defined_interior,True,,15,C3/Cz/C4_mean_log_psd,T0_rest_only,False
46,method_development,independent_single_run,,10,search_6_14Hz_prom_0.5dB,6.0,14.0,0.5,9.75,9.75,2.2232776067659046,0.34686638573992745,well_defined_interior,True,,15,C3/Cz/C4_mean_log_psd,T0_rest_only,False
46,method_development,independent_single_run,,14,search_6_14Hz_prom_0.5dB,6.0,14.0,0.5,12.25,12.25,3.316258806539139,0.8184526442501214,well_defined_interior,True,,15,C3/Cz/C4_mean_log_psd,T0_rest_only,False
46,method_development,leave_one_run_out,6,10/14,search_6_14Hz_prom_0.5dB,6.0,14.0,0.5,12.25,12.25,1.4808442046680597,0.6289065295224967,well_defined_interior,True,,30,C3/Cz/C4_mean_log_psd,T0_rest_only,False
46,method_development,leave_one_run_out,10,6/14,search_6_14Hz_prom_0.5dB,6.0,14.0,0.5,12.25,12.25,2.4584397250968237,0.8676294334596513,well_defined_interior,True,,30,C3/Cz/C4_mean_log_psd,T0_rest_only,False
46,method_development,leave_one_run_out,14,6/10,search_6_14Hz_prom_0.5dB,6.0,14.0,0.5,12.5,12.5,2.159263365526911,0.7568412298107594,well_defined_interior,True,,30,C3/Cz/C4_mean_log_psd,T0_rest_only,False
46,method_development,independent_single_run,,6,search_6_14Hz_prom_1dB,6.0,14.0,1.0,12.5,12.5,2.9617634709304497,1.0435904542457868,well_defined_interior,True,,15,C3/Cz/C4_mean_log_psd,T0_rest_only,False
46,method_development,independent_single_run,,10,search_6_14Hz_prom_1dB,6.0,14.0,1.0,9.75,9.75,2.2232776067659046,0.34686638573992745,well_defined_interior,True,,15,C3/Cz/C4_mean_log_psd,T0_rest_only,False
46,method_development,independent_single_run,,14,search_6_14Hz_prom_1dB,6.0,14.0,1.0,12.25,12.25,3.316258806539139,0.8184526442501214,well_defined_interior,True,,15,C3/Cz/C4_mean_log_psd,T0_rest_only,False
46,method_development,leave_one_run_out,6,10/14,search_6_14Hz_prom_1dB,6.0,14.0,1.0,12.25,12.25,1.4808442046680597,0.6289065295224967,well_defined_interior,True,,30,C3/Cz/C4_mean_log_psd,T0_rest_only,False
46,method_development,leave_one_run_out,10,6/14,search_6_14Hz_prom_1dB,6.0,14.0,1.0,12.25,12.25,2.4584397250968237,0.8676294334596513,well_defined_interior,True,,30,C3/Cz/C4_mean_log_psd,T0_rest_only,False
46,method_development,leave_one_run_out,14,6/10,search_6_14Hz_prom_1dB,6.0,14.0,1.0,12.5,12.5,2.159263365526911,0.7568412298107594,well_defined_interior,True,,30,C3/Cz/C4_mean_log_psd,T0_rest_only,False
46,method_development,independent_single_run,,6,search_6_14Hz_prom_1.5dB,6.0,14.0,1.5,12.5,12.5,2.9617634709304497,1.0435904542457868,well_defined_interior,True,,15,C3/Cz/C4_mean_log_psd,T0_rest_only,False
46,method_development,independent_single_run,,10,search_6_14Hz_prom_1.5dB,6.0,14.0,1.5,9.75,9.75,2.2232776067659046,0.34686638573992745,well_defined_interior,True,,15,C3/Cz/C4_mean_log_psd,T0_rest_only,False
46,method_development,independent_single_run,,14,search_6_14Hz_prom_1.5dB,6.0,14.0,1.5,12.25,12.25,3.316258806539139,0.8184526442501214,well_defined_interior,True,,15,C3/Cz/C4_mean_log_psd,T0_rest_only,False
46,method_development,leave_one_run_out,6,10/14,search_6_14Hz_prom_1.5dB,6.0,14.0,1.5,,6.0,6.553802986011391,,boundary_candidate,False,search_boundary_maximum,30,C3/Cz/C4_mean_log_psd,T0_rest_only,False
46,method_development,leave_one_run_out,10,6/14,search_6_14Hz_prom_1.5dB,6.0,14.0,1.5,12.25,12.25,2.4584397250968237,0.8676294334596513,well_defined_interior,True,,30,C3/Cz/C4_mean_log_psd,T0_rest_only,False
46,method_development,leave_one_run_out,14,6/10,search_6_14Hz_prom_1.5dB,6.0,14.0,1.5,12.5,12.5,2.159263365526911,0.7568412298107594,well_defined_interior,True,,30,C3/Cz/C4_mean_log_psd,T0_rest_only,False
46,method_development,independent_single_run,,6,search_7_15Hz_prom_0.5dB,7.0,15.0,0.5,12.5,12.5,3.3736600331302213,1.1777971555300333,well_defined_interior,True,,15,C3/Cz/C4_mean_log_psd,T0_rest_only,False
46,method_development,independent_single_run,,10,search_7_15Hz_prom_0.5dB,7.0,15.0,0.5,9.75,9.75,2.2232776067659046,0.34686638573992745,well_defined_interior,True,,15,C3/Cz/C4_mean_log_psd,T0_rest_only,False
46,method_development,independent_single_run,,14,search_7_15Hz_prom_0.5dB,7.0,15.0,0.5,12.25,12.25,3.316258806539139,0.8184526442501214,well_defined_interior,True,,15,C3/Cz/C4_mean_log_psd,T0_rest_only,False
46,method_development,leave_one_run_out,6,10/14,search_7_15Hz_prom_0.5dB,7.0,15.0,0.5,12.25,12.25,1.4808442046680597,0.6289065295224967,well_defined_interior,True,,30,C3/Cz/C4_mean_log_psd,T0_rest_only,False
46,method_development,leave_one_run_out,10,6/14,search_7_15Hz_prom_0.5dB,7.0,15.0,0.5,12.25,12.25,2.4584397250968237,0.8676294334596513,well_defined_interior,True,,30,C3/Cz/C4_mean_log_psd,T0_rest_only,False
46,method_development,leave_one_run_out,14,6/10,search_7_15Hz_prom_0.5dB,7.0,15.0,0.5,12.5,12.5,2.159263365526911,0.7568412298107594,well_defined_interior,True,,30,C3/Cz/C4_mean_log_psd,T0_rest_only,False
46,method_development,independent_single_run,,6,search_7_15Hz_prom_1dB,7.0,15.0,1.0,12.5,12.5,3.3736600331302213,1.1777971555300333,well_defined_interior,True,,15,C3/Cz/C4_mean_log_psd,T0_rest_only,False
46,method_development,independent_single_run,,10,search_7_15Hz_prom_1dB,7.0,15.0,1.0,9.75,9.75,2.2232776067659046,0.34686638573992745,well_defined_interior,True,,15,C3/Cz/C4_mean_log_psd,T0_rest_only,False
46,method_development,independent_single_run,,14,search_7_15Hz_prom_1dB,7.0,15.0,1.0,12.25,12.25,3.316258806539139,0.8184526442501214,well_defined_interior,True,,15,C3/Cz/C4_mean_log_psd,T0_rest_only,False
46,method_development,leave_one_run_out,6,10/14,search_7_15Hz_prom_1dB,7.0,15.0,1.0,12.25,12.25,1.4808442046680597,0.6289065295224967,well_defined_interior,True,,30,C3/Cz/C4_mean_log_psd,T0_rest_only,False
46,method_development,leave_one_run_out,10,6/14,search_7_15Hz_prom_1dB,7.0,15.0,1.0,12.25,12.25,2.4584397250968237,0.8676294334596513,well_defined_interior,True,,30,C3/Cz/C4_mean_log_psd,T0_rest_only,False
46,method_development,leave_one_run_out,14,6/10,search_7_15Hz_prom_1dB,7.0,15.0,1.0,12.5,12.5,2.159263365526911,0.7568412298107594,well_defined_interior,True,,30,C3/Cz/C4_mean_log_psd,T0_rest_only,False
46,method_development,independent_single_run,,6,search_7_15Hz_prom_1.5dB,7.0,15.0,1.5,12.5,12.5,3.3736600331302213,1.1777971555300333,well_defined_interior,True,,15,C3/Cz/C4_mean_log_psd,T0_rest_only,False
46,method_development,independent_single_run,,10,search_7_15Hz_prom_1.5dB,7.0,15.0,1.5,9.75,9.75,2.2232776067659046,0.34686638573992745,well_defined_interior,True,,15,C3/Cz/C4_mean_log_psd,T0_rest_only,False
46,method_development,independent_single_run,,14,search_7_15Hz_prom_1.5dB,7.0,15.0,1.5,12.25,12.25,3.316258806539139,0.8184526442501214,well_defined_interior,True,,15,C3/Cz/C4_mean_log_psd,T0_rest_only,False
46,method_development,leave_one_run_out,6,10/14,search_7_15Hz_prom_1.5dB,7.0,15.0,1.5,,7.0,4.036204561896142,,boundary_candidate,False,search_boundary_maximum,30,C3/Cz/C4_mean_log_psd,T0_rest_only,False
46,method_development,leave_one_run_out,10,6/14,search_7_15Hz_prom_1.5dB,7.0,15.0,1.5,12.25,12.25,2.4584397250968237,0.8676294334596513,well_defined_interior,True,,30,C3/Cz/C4_mean_log_psd,T0_rest_only,False
46,method_development,leave_one_run_out,14,6/10,search_7_15Hz_prom_1.5dB,7.0,15.0,1.5,12.5,12.5,2.159263365526911,0.7568412298107594,well_defined_interior,True,,30,C3/Cz/C4_mean_log_psd,T0_rest_only,False
48,method_development,independent_single_run,,6,search_7_14Hz_prom_0.5dB,7.0,14.0,0.5,10.0,10.0,8.647105490261978,2.7086555989827037,well_defined_interior,True,,15,C3/Cz/C4_mean_log_psd,T0_rest_only,False
48,method_development,independent_single_run,,10,search_7_14Hz_prom_0.5dB,7.0,14.0,0.5,8.25,8.25,5.723262342572141,2.5945939551284027,well_defined_interior,True,,15,C3/Cz/C4_mean_log_psd,T0_rest_only,False
48,method_development,independent_single_run,,14,search_7_14Hz_prom_0.5dB,7.0,14.0,0.5,9.0,9.0,9.101259133114667,3.2641753977982524,well_defined_interior,True,,15,C3/Cz/C4_mean_log_psd,T0_rest_only,False
48,method_development,leave_one_run_out,6,10/14,search_7_14Hz_prom_0.5dB,7.0,14.0,0.5,8.75,8.75,6.698713548735171,3.14504167259028,well_defined_interior,True,,30,C3/Cz/C4_mean_log_psd,T0_rest_only,False
48,method_development,leave_one_run_out,10,6/14,search_7_14Hz_prom_0.5dB,7.0,14.0,0.5,10.0,10.0,8.310313523995276,3.2384581645528248,well_defined_interior,True,,30,C3/Cz/C4_mean_log_psd,T0_rest_only,False
48,method_development,leave_one_run_out,14,6/10,search_7_14Hz_prom_0.5dB,7.0,14.0,0.5,10.25,10.25,6.461257486147545,2.928232563365389,well_defined_interior,True,,30,C3/Cz/C4_mean_log_psd,T0_rest_only,False
48,method_development,independent_single_run,,6,search_7_14Hz_prom_1dB,7.0,14.0,1.0,10.0,10.0,8.647105490261978,2.7086555989827037,well_defined_interior,True,,15,C3/Cz/C4_mean_log_psd,T0_rest_only,False
48,method_development,independent_single_run,,10,search_7_14Hz_prom_1dB,7.0,14.0,1.0,8.25,8.25,5.723262342572141,2.5945939551284027,well_defined_interior,True,,15,C3/Cz/C4_mean_log_psd,T0_rest_only,False
48,method_development,independent_single_run,,14,search_7_14Hz_prom_1dB,7.0,14.0,1.0,9.0,9.0,9.101259133114667,3.2641753977982524,well_defined_interior,True,,15,C3/Cz/C4_mean_log_psd,T0_rest_only,False
48,method_development,leave_one_run_out,6,10/14,search_7_14Hz_prom_1dB,7.0,14.0,1.0,8.75,8.75,6.698713548735171,3.14504167259028,well_defined_interior,True,,30,C3/Cz/C4_mean_log_psd,T0_rest_only,False
48,method_development,leave_one_run_out,10,6/14,search_7_14Hz_prom_1dB,7.0,14.0,1.0,10.0,10.0,8.310313523995276,3.2384581645528248,well_defined_interior,True,,30,C3/Cz/C4_mean_log_psd,T0_rest_only,False
48,method_development,leave_one_run_out,14,6/10,search_7_14Hz_prom_1dB,7.0,14.0,1.0,10.25,10.25,6.461257486147545,2.928232563365389,well_defined_interior,True,,30,C3/Cz/C4_mean_log_psd,T0_rest_only,False
48,method_development,independent_single_run,,6,search_7_14Hz_prom_1.5dB,7.0,14.0,1.5,10.0,10.0,8.647105490261978,2.7086555989827037,well_defined_interior,True,,15,C3/Cz/C4_mean_log_psd,T0_rest_only,False
48,method_development,independent_single_run,,10,search_7_14Hz_prom_1.5dB,7.0,14.0,1.5,8.25,8.25,5.723262342572141,2.5945939551284027,well_defined_interior,True,,15,C3/Cz/C4_mean_log_psd,T0_rest_only,False
48,method_development,independent_single_run,,14,search_7_14Hz_prom_1.5dB,7.0,14.0,1.5,9.0,9.0,9.101259133114667,3.2641753977982524,well_defined_interior,True,,15,C3/Cz/C4_mean_log_psd,T0_rest_only,False
48,method_development,leave_one_run_out,6,10/14,search_7_14Hz_prom_1.5dB,7.0,14.0,1.5,8.75,8.75,6.698713548735171,3.14504167259028,well_defined_interior,True,,30,C3/Cz/C4_mean_log_psd,T0_rest_only,False
48,method_development,leave_one_run_out,10,6/14,search_7_14Hz_prom_1.5dB,7.0,14.0,1.5,10.0,10.0,8.310313523995276,3.2384581645528248,well_defined_interior,True,,30,C3/Cz/C4_mean_log_psd,T0_rest_only,False
48,method_development,leave_one_run_out,14,6/10,search_7_14Hz_prom_1.5dB,7.0,14.0,1.5,10.25,10.25,6.461257486147545,2.928232563365389,well_defined_interior,True,,30,C3/Cz/C4_mean_log_psd,T0_rest_only,False
48,method_development,independent_single_run,,6,search_6_14Hz_prom_0.5dB,6.0,14.0,0.5,10.0,10.0,11.384414715569946,3.515883595810511,well_defined_interior,True,,15,C3/Cz/C4_mean_log_psd,T0_rest_only,False
48,method_development,independent_single_run,,10,search_6_14Hz_prom_0.5dB,6.0,14.0,0.5,8.25,8.25,9.064273825092911,3.3630854908964247,well_defined_interior,True,,15,C3/Cz/C4_mean_log_psd,T0_rest_only,False
48,method_development,independent_single_run,,14,search_6_14Hz_prom_0.5dB,6.0,14.0,0.5,9.0,9.0,9.95638420547688,3.3665153478149055,well_defined_interior,True,,15,C3/Cz/C4_mean_log_psd,T0_rest_only,False
48,method_development,leave_one_run_out,6,10/14,search_6_14Hz_prom_0.5dB,6.0,14.0,0.5,8.75,8.75,8.745127391954313,3.469291455570687,well_defined_interior,True,,30,C3/Cz/C4_mean_log_psd,T0_rest_only,False
48,method_development,leave_one_run_out,10,6/14,search_6_14Hz_prom_0.5dB,6.0,14.0,0.5,10.0,10.0,9.995671219944157,3.6097237984354917,well_defined_interior,True,,30,C3/Cz/C4_mean_log_psd,T0_rest_only,False
48,method_development,leave_one_run_out,14,6/10,search_6_14Hz_prom_0.5dB,6.0,14.0,0.5,10.25,10.25,9.33790395295344,3.6754604242923357,well_defined_interior,True,,30,C3/Cz/C4_mean_log_psd,T0_rest_only,False
48,method_development,independent_single_run,,6,search_6_14Hz_prom_1dB,6.0,14.0,1.0,10.0,10.0,11.384414715569946,3.515883595810511,well_defined_interior,True,,15,C3/Cz/C4_mean_log_psd,T0_rest_only,False
48,method_development,independent_single_run,,10,search_6_14Hz_prom_1dB,6.0,14.0,1.0,8.25,8.25,9.064273825092911,3.3630854908964247,well_defined_interior,True,,15,C3/Cz/C4_mean_log_psd,T0_rest_only,False
48,method_development,independent_single_run,,14,search_6_14Hz_prom_1dB,6.0,14.0,1.0,9.0,9.0,9.95638420547688,3.3665153478149055,well_defined_interior,True,,15,C3/Cz/C4_mean_log_psd,T0_rest_only,False
48,method_development,leave_one_run_out,6,10/14,search_6_14Hz_prom_1dB,6.0,14.0,1.0,8.75,8.75,8.745127391954313,3.469291455570687,well_defined_interior,True,,30,C3/Cz/C4_mean_log_psd,T0_rest_only,False
48,method_development,leave_one_run_out,10,6/14,search_6_14Hz_prom_1dB,6.0,14.0,1.0,10.0,10.0,9.995671219944157,3.6097237984354917,well_defined_interior,True,,30,C3/Cz/C4_mean_log_psd,T0_rest_only,False
48,method_development,leave_one_run_out,14,6/10,search_6_14Hz_prom_1dB,6.0,14.0,1.0,10.25,10.25,9.33790395295344,3.6754604242923357,well_defined_interior,True,,30,C3/Cz/C4_mean_log_psd,T0_rest_only,False
48,method_development,independent_single_run,,6,search_6_14Hz_prom_1.5dB,6.0,14.0,1.5,10.0,10.0,11.384414715569946,3.515883595810511,well_defined_interior,True,,15,C3/Cz/C4_mean_log_psd,T0_rest_only,False
48,method_development,independent_single_run,,10,search_6_14Hz_prom_1.5dB,6.0,14.0,1.5,8.25,8.25,9.064273825092911,3.3630854908964247,well_defined_interior,True,,15,C3/Cz/C4_mean_log_psd,T0_rest_only,False
48,method_development,independent_single_run,,14,search_6_14Hz_prom_1.5dB,6.0,14.0,1.5,9.0,9.0,9.95638420547688,3.3665153478149055,well_defined_interior,True,,15,C3/Cz/C4_mean_log_psd,T0_rest_only,False
48,method_development,leave_one_run_out,6,10/14,search_6_14Hz_prom_1.5dB,6.0,14.0,1.5,8.75,8.75,8.745127391954313,3.469291455570687,well_defined_interior,True,,30,C3/Cz/C4_mean_log_psd,T0_rest_only,False
48,method_development,leave_one_run_out,10,6/14,search_6_14Hz_prom_1.5dB,6.0,14.0,1.5,10.0,10.0,9.995671219944157,3.6097237984354917,well_defined_interior,True,,30,C3/Cz/C4_mean_log_psd,T0_rest_only,False
48,method_development,leave_one_run_out,14,6/10,search_6_14Hz_prom_1.5dB,6.0,14.0,1.5,10.25,10.25,9.33790395295344,3.6754604242923357,well_defined_interior,True,,30,C3/Cz/C4_mean_log_psd,T0_rest_only,False
48,method_development,independent_single_run,,6,search_7_15Hz_prom_0.5dB,7.0,15.0,0.5,10.0,10.0,8.647105490261978,2.7086555989827037,well_defined_interior,True,,15,C3/Cz/C4_mean_log_psd,T0_rest_only,False
48,method_development,independent_single_run,,10,search_7_15Hz_prom_0.5dB,7.0,15.0,0.5,8.25,8.25,5.723262342572141,2.5945939551284027,well_defined_interior,True,,15,C3/Cz/C4_mean_log_psd,T0_rest_only,False
48,method_development,independent_single_run,,14,search_7_15Hz_prom_0.5dB,7.0,15.0,0.5,9.0,9.0,9.101259133114667,3.2641753977982524,well_defined_interior,True,,15,C3/Cz/C4_mean_log_psd,T0_rest_only,False
48,method_development,leave_one_run_out,6,10/14,search_7_15Hz_prom_0.5dB,7.0,15.0,0.5,8.75,8.75,6.698713548735171,3.14504167259028,well_defined_interior,True,,30,C3/Cz/C4_mean_log_psd,T0_rest_only,False
48,method_development,leave_one_run_out,10,6/14,search_7_15Hz_prom_0.5dB,7.0,15.0,0.5,10.0,10.0,8.310313523995276,3.2384581645528248,well_defined_interior,True,,30,C3/Cz/C4_mean_log_psd,T0_rest_only,False
48,method_development,leave_one_run_out,14,6/10,search_7_15Hz_prom_0.5dB,7.0,15.0,0.5,10.25,10.25,6.461257486147545,2.928232563365389,well_defined_interior,True,,30,C3/Cz/C4_mean_log_psd,T0_rest_only,False
48,method_development,independent_single_run,,6,search_7_15Hz_prom_1dB,7.0,15.0,1.0,10.0,10.0,8.647105490261978,2.7086555989827037,well_defined_interior,True,,15,C3/Cz/C4_mean_log_psd,T0_rest_only,False
48,method_development,independent_single_run,,10,search_7_15Hz_prom_1dB,7.0,15.0,1.0,8.25,8.25,5.723262342572141,2.5945939551284027,well_defined_interior,True,,15,C3/Cz/C4_mean_log_psd,T0_rest_only,False
48,method_development,independent_single_run,,14,search_7_15Hz_prom_1dB,7.0,15.0,1.0,9.0,9.0,9.101259133114667,3.2641753977982524,well_defined_interior,True,,15,C3/Cz/C4_mean_log_psd,T0_rest_only,False
48,method_development,leave_one_run_out,6,10/14,search_7_15Hz_prom_1dB,7.0,15.0,1.0,8.75,8.75,6.698713548735171,3.14504167259028,well_defined_interior,True,,30,C3/Cz/C4_mean_log_psd,T0_rest_only,False
48,method_development,leave_one_run_out,10,6/14,search_7_15Hz_prom_1dB,7.0,15.0,1.0,10.0,10.0,8.310313523995276,3.2384581645528248,well_defined_interior,True,,30,C3/Cz/C4_mean_log_psd,T0_rest_only,False
48,method_development,leave_one_run_out,14,6/10,search_7_15Hz_prom_1dB,7.0,15.0,1.0,10.25,10.25,6.461257486147545,2.928232563365389,well_defined_interior,True,,30,C3/Cz/C4_mean_log_psd,T0_rest_only,False
48,method_development,independent_single_run,,6,search_7_15Hz_prom_1.5dB,7.0,15.0,1.5,10.0,10.0,8.647105490261978,2.7086555989827037,well_defined_interior,True,,15,C3/Cz/C4_mean_log_psd,T0_rest_only,False
48,method_development,independent_single_run,,10,search_7_15Hz_prom_1.5dB,7.0,15.0,1.5,8.25,8.25,5.723262342572141,2.5945939551284027,well_defined_interior,True,,15,C3/Cz/C4_mean_log_psd,T0_rest_only,False
48,method_development,independent_single_run,,14,search_7_15Hz_prom_1.5dB,7.0,15.0,1.5,9.0,9.0,9.101259133114667,3.2641753977982524,well_defined_interior,True,,15,C3/Cz/C4_mean_log_psd,T0_rest_only,False
48,method_development,leave_one_run_out,6,10/14,search_7_15Hz_prom_1.5dB,7.0,15.0,1.5,8.75,8.75,6.698713548735171,3.14504167259028,well_defined_interior,True,,30,C3/Cz/C4_mean_log_psd,T0_rest_only,False
48,method_development,leave_one_run_out,10,6/14,search_7_15Hz_prom_1.5dB,7.0,15.0,1.5,10.0,10.0,8.310313523995276,3.2384581645528248,well_defined_interior,True,,30,C3/Cz/C4_mean_log_psd,T0_rest_only,False
48,method_development,leave_one_run_out,14,6/10,search_7_15Hz_prom_1.5dB,7.0,15.0,1.5,10.25,10.25,6.461257486147545,2.928232563365389,well_defined_interior,True,,30,C3/Cz/C4_mean_log_psd,T0_rest_only,False
50,method_development,independent_single_run,,6,search_7_14Hz_prom_0.5dB,7.0,14.0,0.5,11.75,11.75,3.270910012947624,0.7599263650672983,well_defined_interior,True,,15,C3/Cz/C4_mean_log_psd,T0_rest_only,False
50,method_development,independent_single_run,,10,search_7_14Hz_prom_0.5dB,7.0,14.0,0.5,9.75,9.75,2.578714373608193,0.4463619873642024,well_defined_interior,True,,15,C3/Cz/C4_mean_log_psd,T0_rest_only,False
50,method_development,independent_single_run,,14,search_7_14Hz_prom_0.5dB,7.0,14.0,0.5,11.0,11.0,2.424261900903005,0.3098392325527506,well_defined_interior,True,,15,C3/Cz/C4_mean_log_psd,T0_rest_only,False
50,method_development,leave_one_run_out,6,10/14,search_7_14Hz_prom_0.5dB,7.0,14.0,0.5,9.75,9.75,1.9399482608123861,0.39939448097481156,well_defined_interior,True,,30,C3/Cz/C4_mean_log_psd,T0_rest_only,False
50,method_development,leave_one_run_out,10,6/14,search_7_14Hz_prom_0.5dB,7.0,14.0,0.5,10.5,10.5,2.073828438070933,0.7779563233005731,well_defined_interior,True,,30,C3/Cz/C4_mean_log_psd,T0_rest_only,False
50,method_development,leave_one_run_out,14,6/10,search_7_14Hz_prom_0.5dB,7.0,14.0,0.5,10.5,10.5,2.030139507155482,0.5566408971055061,well_defined_interior,True,,30,C3/Cz/C4_mean_log_psd,T0_rest_only,False
50,method_development,independent_single_run,,6,search_7_14Hz_prom_1dB,7.0,14.0,1.0,11.75,11.75,3.270910012947624,0.7599263650672983,well_defined_interior,True,,15,C3/Cz/C4_mean_log_psd,T0_rest_only,False
50,method_development,independent_single_run,,10,search_7_14Hz_prom_1dB,7.0,14.0,1.0,9.75,9.75,2.578714373608193,0.4463619873642024,well_defined_interior,True,,15,C3/Cz/C4_mean_log_psd,T0_rest_only,False
50,method_development,independent_single_run,,14,search_7_14Hz_prom_1dB,7.0,14.0,1.0,11.0,11.0,2.424261900903005,0.3098392325527506,well_defined_interior,True,,15,C3/Cz/C4_mean_log_psd,T0_rest_only,False
50,method_development,leave_one_run_out,6,10/14,search_7_14Hz_prom_1dB,7.0,14.0,1.0,9.75,9.75,1.9399482608123861,0.39939448097481156,well_defined_interior,True,,30,C3/Cz/C4_mean_log_psd,T0_rest_only,False
50,method_development,leave_one_run_out,10,6/14,search_7_14Hz_prom_1dB,7.0,14.0,1.0,10.5,10.5,2.073828438070933,0.7779563233005731,well_defined_interior,True,,30,C3/Cz/C4_mean_log_psd,T0_rest_only,False
50,method_development,leave_one_run_out,14,6/10,search_7_14Hz_prom_1dB,7.0,14.0,1.0,10.5,10.5,2.030139507155482,0.5566408971055061,well_defined_interior,True,,30,C3/Cz/C4_mean_log_psd,T0_rest_only,False
50,method_development,independent_single_run,,6,search_7_14Hz_prom_1.5dB,7.0,14.0,1.5,11.75,11.75,3.270910012947624,0.7599263650672983,well_defined_interior,True,,15,C3/Cz/C4_mean_log_psd,T0_rest_only,False
50,method_development,independent_single_run,,10,search_7_14Hz_prom_1.5dB,7.0,14.0,1.5,9.75,9.75,2.578714373608193,0.4463619873642024,well_defined_interior,True,,15,C3/Cz/C4_mean_log_psd,T0_rest_only,False
50,method_development,independent_single_run,,14,search_7_14Hz_prom_1.5dB,7.0,14.0,1.5,11.0,11.0,2.424261900903005,0.3098392325527506,well_defined_interior,True,,15,C3/Cz/C4_mean_log_psd,T0_rest_only,False
50,method_development,leave_one_run_out,6,10/14,search_7_14Hz_prom_1.5dB,7.0,14.0,1.5,9.75,9.75,1.9399482608123861,0.39939448097481156,well_defined_interior,True,,30,C3/Cz/C4_mean_log_psd,T0_rest_only,False
50,method_development,leave_one_run_out,10,6/14,search_7_14Hz_prom_1.5dB,7.0,14.0,1.5,10.5,10.5,2.073828438070933,0.7779563233005731,well_defined_interior,True,,30,C3/Cz/C4_mean_log_psd,T0_rest_only,False
50,method_development,leave_one_run_out,14,6/10,search_7_14Hz_prom_1.5dB,7.0,14.0,1.5,10.5,10.5,2.030139507155482,0.5566408971055061,well_defined_interior,True,,30,C3/Cz/C4_mean_log_psd,T0_rest_only,False
50,method_development,independent_single_run,,6,search_6_14Hz_prom_0.5dB,6.0,14.0,0.5,11.75,11.75,3.270910012947624,0.7599263650672983,well_defined_interior,True,,15,C3/Cz/C4_mean_log_psd,T0_rest_only,False
50,method_development,independent_single_run,,10,search_6_14Hz_prom_0.5dB,6.0,14.0,0.5,9.75,9.75,2.578714373608193,0.44636198736420285,well_defined_interior,True,,15,C3/Cz/C4_mean_log_psd,T0_rest_only,False
50,method_development,independent_single_run,,14,search_6_14Hz_prom_0.5dB,6.0,14.0,0.5,11.0,11.0,2.424261900903005,0.3098392325527506,well_defined_interior,True,,15,C3/Cz/C4_mean_log_psd,T0_rest_only,False
50,method_development,leave_one_run_out,6,10/14,search_6_14Hz_prom_0.5dB,6.0,14.0,0.5,9.75,9.75,1.9399482608123861,0.39939448097481156,well_defined_interior,True,,30,C3/Cz/C4_mean_log_psd,T0_rest_only,False
50,method_development,leave_one_run_out,10,6/14,search_6_14Hz_prom_0.5dB,6.0,14.0,0.5,10.5,10.5,2.073828438070933,0.7779563233005735,well_defined_interior,True,,30,C3/Cz/C4_mean_log_psd,T0_rest_only,False
50,method_development,leave_one_run_out,14,6/10,search_6_14Hz_prom_0.5dB,6.0,14.0,0.5,10.5,10.5,2.030139507155482,0.5566408971055052,well_defined_interior,True,,30,C3/Cz/C4_mean_log_psd,T0_rest_only,False
50,method_development,independent_single_run,,6,search_6_14Hz_prom_1dB,6.0,14.0,1.0,11.75,11.75,3.270910012947624,0.7599263650672983,well_defined_interior,True,,15,C3/Cz/C4_mean_log_psd,T0_rest_only,False
50,method_development,independent_single_run,,10,search_6_14Hz_prom_1dB,6.0,14.0,1.0,9.75,9.75,2.578714373608193,0.44636198736420285,well_defined_interior,True,,15,C3/Cz/C4_mean_log_psd,T0_rest_only,False
50,method_development,independent_single_run,,14,search_6_14Hz_prom_1dB,6.0,14.0,1.0,11.0,11.0,2.424261900903005,0.3098392325527506,well_defined_interior,True,,15,C3/Cz/C4_mean_log_psd,T0_rest_only,False
50,method_development,leave_one_run_out,6,10/14,search_6_14Hz_prom_1dB,6.0,14.0,1.0,9.75,9.75,1.9399482608123861,0.39939448097481156,well_defined_interior,True,,30,C3/Cz/C4_mean_log_psd,T0_rest_only,False
50,method_development,leave_one_run_out,10,6/14,search_6_14Hz_prom_1dB,6.0,14.0,1.0,10.5,10.5,2.073828438070933,0.7779563233005735,well_defined_interior,True,,30,C3/Cz/C4_mean_log_psd,T0_rest_only,False
50,method_development,leave_one_run_out,14,6/10,search_6_14Hz_prom_1dB,6.0,14.0,1.0,10.5,10.5,2.030139507155482,0.5566408971055052,well_defined_interior,True,,30,C3/Cz/C4_mean_log_psd,T0_rest_only,False
50,method_development,independent_single_run,,6,search_6_14Hz_prom_1.5dB,6.0,14.0,1.5,11.75,11.75,3.270910012947624,0.7599263650672983,well_defined_interior,True,,15,C3/Cz/C4_mean_log_psd,T0_rest_only,False
50,method_development,independent_single_run,,10,search_6_14Hz_prom_1.5dB,6.0,14.0,1.5,9.75,9.75,2.578714373608193,0.44636198736420285,well_defined_interior,True,,15,C3/Cz/C4_mean_log_psd,T0_rest_only,False
50,method_development,independent_single_run,,14,search_6_14Hz_prom_1.5dB,6.0,14.0,1.5,11.0,11.0,2.424261900903005,0.3098392325527506,well_defined_interior,True,,15,C3/Cz/C4_mean_log_psd,T0_rest_only,False
50,method_development,leave_one_run_out,6,10/14,search_6_14Hz_prom_1.5dB,6.0,14.0,1.5,9.75,9.75,1.9399482608123861,0.39939448097481156,well_defined_interior,True,,30,C3/Cz/C4_mean_log_psd,T0_rest_only,False
50,method_development,leave_one_run_out,10,6/14,search_6_14Hz_prom_1.5dB,6.0,14.0,1.5,10.5,10.5,2.073828438070933,0.7779563233005735,well_defined_interior,True,,30,C3/Cz/C4_mean_log_psd,T0_rest_only,False
50,method_development,leave_one_run_out,14,6/10,search_6_14Hz_prom_1.5dB,6.0,14.0,1.5,10.5,10.5,2.030139507155482,0.5566408971055052,well_defined_interior,True,,30,C3/Cz/C4_mean_log_psd,T0_rest_only,False
50,method_development,independent_single_run,,6,search_7_15Hz_prom_0.5dB,7.0,15.0,0.5,11.75,11.75,3.270910012947624,0.7599263650672983,well_defined_interior,True,,15,C3/Cz/C4_mean_log_psd,T0_rest_only,False
50,method_development,independent_single_run,,10,search_7_15Hz_prom_0.5dB,7.0,15.0,0.5,9.75,9.75,2.578714373608193,0.4463619873642024,well_defined_interior,True,,15,C3/Cz/C4_mean_log_psd,T0_rest_only,False
50,method_development,independent_single_run,,14,search_7_15Hz_prom_0.5dB,7.0,15.0,0.5,11.0,11.0,2.424261900903005,0.3098392325527506,well_defined_interior,True,,15,C3/Cz/C4_mean_log_psd,T0_rest_only,False
50,method_development,leave_one_run_out,6,10/14,search_7_15Hz_prom_0.5dB,7.0,15.0,0.5,9.75,9.75,1.9399482608123861,0.39939448097481156,well_defined_interior,True,,30,C3/Cz/C4_mean_log_psd,T0_rest_only,False
50,method_development,leave_one_run_out,10,6/14,search_7_15Hz_prom_0.5dB,7.0,15.0,0.5,10.5,10.5,2.073828438070933,0.7779563233005731,well_defined_interior,True,,30,C3/Cz/C4_mean_log_psd,T0_rest_only,False
50,method_development,leave_one_run_out,14,6/10,search_7_15Hz_prom_0.5dB,7.0,15.0,0.5,10.5,10.5,2.030139507155482,0.5566408971055061,well_defined_interior,True,,30,C3/Cz/C4_mean_log_psd,T0_rest_only,False
50,method_development,independent_single_run,,6,search_7_15Hz_prom_1dB,7.0,15.0,1.0,11.75,11.75,3.270910012947624,0.7599263650672983,well_defined_interior,True,,15,C3/Cz/C4_mean_log_psd,T0_rest_only,False
50,method_development,independent_single_run,,10,search_7_15Hz_prom_1dB,7.0,15.0,1.0,9.75,9.75,2.578714373608193,0.4463619873642024,well_defined_interior,True,,15,C3/Cz/C4_mean_log_psd,T0_rest_only,False
50,method_development,independent_single_run,,14,search_7_15Hz_prom_1dB,7.0,15.0,1.0,11.0,11.0,2.424261900903005,0.3098392325527506,well_defined_interior,True,,15,C3/Cz/C4_mean_log_psd,T0_rest_only,False
50,method_development,leave_one_run_out,6,10/14,search_7_15Hz_prom_1dB,7.0,15.0,1.0,9.75,9.75,1.9399482608123861,0.39939448097481156,well_defined_interior,True,,30,C3/Cz/C4_mean_log_psd,T0_rest_only,False
50,method_development,leave_one_run_out,10,6/14,search_7_15Hz_prom_1dB,7.0,15.0,1.0,10.5,10.5,2.073828438070933,0.7779563233005731,well_defined_interior,True,,30,C3/Cz/C4_mean_log_psd,T0_rest_only,False
50,method_development,leave_one_run_out,14,6/10,search_7_15Hz_prom_1dB,7.0,15.0,1.0,10.5,10.5,2.030139507155482,0.5566408971055061,well_defined_interior,True,,30,C3/Cz/C4_mean_log_psd,T0_rest_only,False
50,method_development,independent_single_run,,6,search_7_15Hz_prom_1.5dB,7.0,15.0,1.5,11.75,11.75,3.270910012947624,0.7599263650672983,well_defined_interior,True,,15,C3/Cz/C4_mean_log_psd,T0_rest_only,False
50,method_development,independent_single_run,,10,search_7_15Hz_prom_1.5dB,7.0,15.0,1.5,9.75,9.75,2.578714373608193,0.4463619873642024,well_defined_interior,True,,15,C3/Cz/C4_mean_log_psd,T0_rest_only,False
50,method_development,independent_single_run,,14,search_7_15Hz_prom_1.5dB,7.0,15.0,1.5,11.0,11.0,2.424261900903005,0.3098392325527506,well_defined_interior,True,,15,C3/Cz/C4_mean_log_psd,T0_rest_only,False
50,method_development,leave_one_run_out,6,10/14,search_7_15Hz_prom_1.5dB,7.0,15.0,1.5,9.75,9.75,1.9399482608123861,0.39939448097481156,well_defined_interior,True,,30,C3/Cz/C4_mean_log_psd,T0_rest_only,False
50,method_development,leave_one_run_out,10,6/14,search_7_15Hz_prom_1.5dB,7.0,15.0,1.5,10.5,10.5,2.073828438070933,0.7779563233005731,well_defined_interior,True,,30,C3/Cz/C4_mean_log_psd,T0_rest_only,False
50,method_development,leave_one_run_out,14,6/10,search_7_15Hz_prom_1.5dB,7.0,15.0,1.5,10.5,10.5,2.030139507155482,0.5566408971055061,well_defined_interior,True,,30,C3/Cz/C4_mean_log_psd,T0_rest_only,False
52,method_development,independent_single_run,,6,search_7_14Hz_prom_0.5dB,7.0,14.0,0.5,11.25,11.25,8.151506829189458,3.4161119096326615,well_defined_interior,True,,15,C3/Cz/C4_mean_log_psd,T0_rest_only,False
52,method_development,independent_single_run,,10,search_7_14Hz_prom_0.5dB,7.0,14.0,0.5,10.75,10.75,5.301899303523058,2.037222896469379,well_defined_interior,True,,15,C3/Cz/C4_mean_log_psd,T0_rest_only,False
52,method_development,independent_single_run,,14,search_7_14Hz_prom_0.5dB,7.0,14.0,0.5,11.5,11.5,7.065599090556859,3.2319423953931494,well_defined_interior,True,,15,C3/Cz/C4_mean_log_psd,T0_rest_only,False
52,method_development,leave_one_run_out,6,10/14,search_7_14Hz_prom_0.5dB,7.0,14.0,0.5,11.5,11.5,5.02155596108075,3.1804539858262304,well_defined_interior,True,,30,C3/Cz/C4_mean_log_psd,T0_rest_only,False
52,method_development,leave_one_run_out,10,6/14,search_7_14Hz_prom_0.5dB,7.0,14.0,0.5,11.25,11.25,7.012524452096585,3.239096269837705,well_defined_interior,True,,30,C3/Cz/C4_mean_log_psd,T0_rest_only,False
52,method_development,leave_one_run_out,14,6/10,search_7_14Hz_prom_0.5dB,7.0,14.0,0.5,11.25,11.25,5.749915326113268,3.325716786529556,well_defined_interior,True,,30,C3/Cz/C4_mean_log_psd,T0_rest_only,False
52,method_development,independent_single_run,,6,search_7_14Hz_prom_1dB,7.0,14.0,1.0,11.25,11.25,8.151506829189458,3.4161119096326615,well_defined_interior,True,,15,C3/Cz/C4_mean_log_psd,T0_rest_only,False
52,method_development,independent_single_run,,10,search_7_14Hz_prom_1dB,7.0,14.0,1.0,10.75,10.75,5.301899303523058,2.037222896469379,well_defined_interior,True,,15,C3/Cz/C4_mean_log_psd,T0_rest_only,False
52,method_development,independent_single_run,,14,search_7_14Hz_prom_1dB,7.0,14.0,1.0,11.5,11.5,7.065599090556859,3.2319423953931494,well_defined_interior,True,,15,C3/Cz/C4_mean_log_psd,T0_rest_only,False
52,method_development,leave_one_run_out,6,10/14,search_7_14Hz_prom_1dB,7.0,14.0,1.0,11.5,11.5,5.02155596108075,3.1804539858262304,well_defined_interior,True,,30,C3/Cz/C4_mean_log_psd,T0_rest_only,False
52,method_development,leave_one_run_out,10,6/14,search_7_14Hz_prom_1dB,7.0,14.0,1.0,11.25,11.25,7.012524452096585,3.239096269837705,well_defined_interior,True,,30,C3/Cz/C4_mean_log_psd,T0_rest_only,False
52,method_development,leave_one_run_out,14,6/10,search_7_14Hz_prom_1dB,7.0,14.0,1.0,11.25,11.25,5.749915326113268,3.325716786529556,well_defined_interior,True,,30,C3/Cz/C4_mean_log_psd,T0_rest_only,False
52,method_development,independent_single_run,,6,search_7_14Hz_prom_1.5dB,7.0,14.0,1.5,11.25,11.25,8.151506829189458,3.4161119096326615,well_defined_interior,True,,15,C3/Cz/C4_mean_log_psd,T0_rest_only,False
52,method_development,independent_single_run,,10,search_7_14Hz_prom_1.5dB,7.0,14.0,1.5,10.75,10.75,5.301899303523058,2.037222896469379,well_defined_interior,True,,15,C3/Cz/C4_mean_log_psd,T0_rest_only,False
52,method_development,independent_single_run,,14,search_7_14Hz_prom_1.5dB,7.0,14.0,1.5,11.5,11.5,7.065599090556859,3.2319423953931494,well_defined_interior,True,,15,C3/Cz/C4_mean_log_psd,T0_rest_only,False
52,method_development,leave_one_run_out,6,10/14,search_7_14Hz_prom_1.5dB,7.0,14.0,1.5,11.5,11.5,5.02155596108075,3.1804539858262304,well_defined_interior,True,,30,C3/Cz/C4_mean_log_psd,T0_rest_only,False
52,method_development,leave_one_run_out,10,6/14,search_7_14Hz_prom_1.5dB,7.0,14.0,1.5,11.25,11.25,7.012524452096585,3.239096269837705,well_defined_interior,True,,30,C3/Cz/C4_mean_log_psd,T0_rest_only,False
52,method_development,leave_one_run_out,14,6/10,search_7_14Hz_prom_1.5dB,7.0,14.0,1.5,11.25,11.25,5.749915326113268,3.325716786529556,well_defined_interior,True,,30,C3/Cz/C4_mean_log_psd,T0_rest_only,False
52,method_development,independent_single_run,,6,search_6_14Hz_prom_0.5dB,6.0,14.0,0.5,11.25,11.25,8.844771914063443,3.501808292579048,well_defined_interior,True,,15,C3/Cz/C4_mean_log_psd,T0_rest_only,False
52,method_development,independent_single_run,,10,search_6_14Hz_prom_0.5dB,6.0,14.0,0.5,10.75,10.75,5.301899303523058,2.0372228964693795,well_defined_interior,True,,15,C3/Cz/C4_mean_log_psd,T0_rest_only,False
52,method_development,independent_single_run,,14,search_6_14Hz_prom_0.5dB,6.0,14.0,0.5,11.5,11.5,7.065599090556859,3.2319423953931494,well_defined_interior,True,,15,C3/Cz/C4_mean_log_psd,T0_rest_only,False
52,method_development,leave_one_run_out,6,10/14,search_6_14Hz_prom_0.5dB,6.0,14.0,0.5,11.5,11.5,5.02155596108075,3.1804539858262304,well_defined_interior,True,,30,C3/Cz/C4_mean_log_psd,T0_rest_only,False
52,method_development,leave_one_run_out,10,6/14,search_6_14Hz_prom_0.5dB,6.0,14.0,0.5,11.25,11.25,7.012524452096585,3.239096269837705,well_defined_interior,True,,30,C3/Cz/C4_mean_log_psd,T0_rest_only,False
52,method_development,leave_one_run_out,14,6/10,search_6_14Hz_prom_0.5dB,6.0,14.0,0.5,11.25,11.25,6.28029468140943,3.4262490735134126,well_defined_interior,True,,30,C3/Cz/C4_mean_log_psd,T0_rest_only,False
52,method_development,independent_single_run,,6,search_6_14Hz_prom_1dB,6.0,14.0,1.0,11.25,11.25,8.844771914063443,3.501808292579048,well_defined_interior,True,,15,C3/Cz/C4_mean_log_psd,T0_rest_only,False
52,method_development,independent_single_run,,10,search_6_14Hz_prom_1dB,6.0,14.0,1.0,10.75,10.75,5.301899303523058,2.0372228964693795,well_defined_interior,True,,15,C3/Cz/C4_mean_log_psd,T0_rest_only,False
52,method_development,independent_single_run,,14,search_6_14Hz_prom_1dB,6.0,14.0,1.0,11.5,11.5,7.065599090556859,3.2319423953931494,well_defined_interior,True,,15,C3/Cz/C4_mean_log_psd,T0_rest_only,False
52,method_development,leave_one_run_out,6,10/14,search_6_14Hz_prom_1dB,6.0,14.0,1.0,11.5,11.5,5.02155596108075,3.1804539858262304,well_defined_interior,True,,30,C3/Cz/C4_mean_log_psd,T0_rest_only,False
52,method_development,leave_one_run_out,10,6/14,search_6_14Hz_prom_1dB,6.0,14.0,1.0,11.25,11.25,7.012524452096585,3.239096269837705,well_defined_interior,True,,30,C3/Cz/C4_mean_log_psd,T0_rest_only,False
52,method_development,leave_one_run_out,14,6/10,search_6_14Hz_prom_1dB,6.0,14.0,1.0,11.25,11.25,6.28029468140943,3.4262490735134126,well_defined_interior,True,,30,C3/Cz/C4_mean_log_psd,T0_rest_only,False
52,method_development,independent_single_run,,6,search_6_14Hz_prom_1.5dB,6.0,14.0,1.5,11.25,11.25,8.844771914063443,3.501808292579048,well_defined_interior,True,,15,C3/Cz/C4_mean_log_psd,T0_rest_only,False
52,method_development,independent_single_run,,10,search_6_14Hz_prom_1.5dB,6.0,14.0,1.5,10.75,10.75,5.301899303523058,2.0372228964693795,well_defined_interior,True,,15,C3/Cz/C4_mean_log_psd,T0_rest_only,False
52,method_development,independent_single_run,,14,search_6_14Hz_prom_1.5dB,6.0,14.0,1.5,11.5,11.5,7.065599090556859,3.2319423953931494,well_defined_interior,True,,15,C3/Cz/C4_mean_log_psd,T0_rest_only,False
52,method_development,leave_one_run_out,6,10/14,search_6_14Hz_prom_1.5dB,6.0,14.0,1.5,11.5,11.5,5.02155596108075,3.1804539858262304,well_defined_interior,True,,30,C3/Cz/C4_mean_log_psd,T0_rest_only,False
52,method_development,leave_one_run_out,10,6/14,search_6_14Hz_prom_1.5dB,6.0,14.0,1.5,11.25,11.25,7.012524452096585,3.239096269837705,well_defined_interior,True,,30,C3/Cz/C4_mean_log_psd,T0_rest_only,False
52,method_development,leave_one_run_out,14,6/10,search_6_14Hz_prom_1.5dB,6.0,14.0,1.5,11.25,11.25,6.28029468140943,3.4262490735134126,well_defined_interior,True,,30,C3/Cz/C4_mean_log_psd,T0_rest_only,False
52,method_development,independent_single_run,,6,search_7_15Hz_prom_0.5dB,7.0,15.0,0.5,11.25,11.25,8.151506829189458,3.4161119096326615,well_defined_interior,True,,15,C3/Cz/C4_mean_log_psd,T0_rest_only,False
52,method_development,independent_single_run,,10,search_7_15Hz_prom_0.5dB,7.0,15.0,0.5,10.75,10.75,5.301899303523058,2.037222896469379,well_defined_interior,True,,15,C3/Cz/C4_mean_log_psd,T0_rest_only,False
52,method_development,independent_single_run,,14,search_7_15Hz_prom_0.5dB,7.0,15.0,0.5,11.5,11.5,7.065599090556859,3.2319423953931494,well_defined_interior,True,,15,C3/Cz/C4_mean_log_psd,T0_rest_only,False
52,method_development,leave_one_run_out,6,10/14,search_7_15Hz_prom_0.5dB,7.0,15.0,0.5,11.5,11.5,5.02155596108075,3.1804539858262304,well_defined_interior,True,,30,C3/Cz/C4_mean_log_psd,T0_rest_only,False
52,method_development,leave_one_run_out,10,6/14,search_7_15Hz_prom_0.5dB,7.0,15.0,0.5,11.25,11.25,7.012524452096585,3.239096269837705,well_defined_interior,True,,30,C3/Cz/C4_mean_log_psd,T0_rest_only,False
52,method_development,leave_one_run_out,14,6/10,search_7_15Hz_prom_0.5dB,7.0,15.0,0.5,11.25,11.25,5.749915326113268,3.325716786529556,well_defined_interior,True,,30,C3/Cz/C4_mean_log_psd,T0_rest_only,False
52,method_development,independent_single_run,,6,search_7_15Hz_prom_1dB,7.0,15.0,1.0,11.25,11.25,8.151506829189458,3.4161119096326615,well_defined_interior,True,,15,C3/Cz/C4_mean_log_psd,T0_rest_only,False
52,method_development,independent_single_run,,10,search_7_15Hz_prom_1dB,7.0,15.0,1.0,10.75,10.75,5.301899303523058,2.037222896469379,well_defined_interior,True,,15,C3/Cz/C4_mean_log_psd,T0_rest_only,False
52,method_development,independent_single_run,,14,search_7_15Hz_prom_1dB,7.0,15.0,1.0,11.5,11.5,7.065599090556859,3.2319423953931494,well_defined_interior,True,,15,C3/Cz/C4_mean_log_psd,T0_rest_only,False
52,method_development,leave_one_run_out,6,10/14,search_7_15Hz_prom_1dB,7.0,15.0,1.0,11.5,11.5,5.02155596108075,3.1804539858262304,well_defined_interior,True,,30,C3/Cz/C4_mean_log_psd,T0_rest_only,False
52,method_development,leave_one_run_out,10,6/14,search_7_15Hz_prom_1dB,7.0,15.0,1.0,11.25,11.25,7.012524452096585,3.239096269837705,well_defined_interior,True,,30,C3/Cz/C4_mean_log_psd,T0_rest_only,False
52,method_development,leave_one_run_out,14,6/10,search_7_15Hz_prom_1dB,7.0,15.0,1.0,11.25,11.25,5.749915326113268,3.325716786529556,well_defined_interior,True,,30,C3/Cz/C4_mean_log_psd,T0_rest_only,False
52,method_development,independent_single_run,,6,search_7_15Hz_prom_1.5dB,7.0,15.0,1.5,11.25,11.25,8.151506829189458,3.4161119096326615,well_defined_interior,True,,15,C3/Cz/C4_mean_log_psd,T0_rest_only,False
52,method_development,independent_single_run,,10,search_7_15Hz_prom_1.5dB,7.0,15.0,1.5,10.75,10.75,5.301899303523058,2.037222896469379,well_defined_interior,True,,15,C3/Cz/C4_mean_log_psd,T0_rest_only,False
52,method_development,independent_single_run,,14,search_7_15Hz_prom_1.5dB,7.0,15.0,1.5,11.5,11.5,7.065599090556859,3.2319423953931494,well_defined_interior,True,,15,C3/Cz/C4_mean_log_psd,T0_rest_only,False
52,method_development,leave_one_run_out,6,10/14,search_7_15Hz_prom_1.5dB,7.0,15.0,1.5,11.5,11.5,5.02155596108075,3.1804539858262304,well_defined_interior,True,,30,C3/Cz/C4_mean_log_psd,T0_rest_only,False
52,method_development,leave_one_run_out,10,6/14,search_7_15Hz_prom_1.5dB,7.0,15.0,1.5,11.25,11.25,7.012524452096585,3.239096269837705,well_defined_interior,True,,30,C3/Cz/C4_mean_log_psd,T0_rest_only,False
52,method_development,leave_one_run_out,14,6/10,search_7_15Hz_prom_1.5dB,7.0,15.0,1.5,11.25,11.25,5.749915326113268,3.325716786529556,well_defined_interior,True,,30,C3/Cz/C4_mean_log_psd,T0_rest_only,False
54,method_development,independent_single_run,,6,search_7_14Hz_prom_0.5dB,7.0,14.0,0.5,10.5,10.5,7.808288229437991,2.5764454982074465,well_defined_interior,True,,15,C3/Cz/C4_mean_log_psd,T0_rest_only,False
54,method_development,independent_single_run,,10,search_7_14Hz_prom_0.5dB,7.0,14.0,0.5,10.75,10.75,7.273369269890907,1.817004521560754,well_defined_interior,True,,15,C3/Cz/C4_mean_log_psd,T0_rest_only,False
54,method_development,independent_single_run,,14,search_7_14Hz_prom_0.5dB,7.0,14.0,0.5,9.75,9.75,9.017623040595979,2.3576173203570825,well_defined_interior,True,,15,C3/Cz/C4_mean_log_psd,T0_rest_only,False
54,method_development,leave_one_run_out,6,10/14,search_7_14Hz_prom_0.5dB,7.0,14.0,0.5,9.75,9.75,7.763219830108312,2.210768636208976,well_defined_interior,True,,30,C3/Cz/C4_mean_log_psd,T0_rest_only,False
54,method_development,leave_one_run_out,10,6/14,search_7_14Hz_prom_0.5dB,7.0,14.0,0.5,10.0,10.0,7.280518742962684,2.674683873736567,well_defined_interior,True,,30,C3/Cz/C4_mean_log_psd,T0_rest_only,False
54,method_development,leave_one_run_out,14,6/10,search_7_14Hz_prom_0.5dB,7.0,14.0,0.5,10.75,10.75,6.686010527506255,2.12486417421488,well_defined_interior,True,,30,C3/Cz/C4_mean_log_psd,T0_rest_only,False
54,method_development,independent_single_run,,6,search_7_14Hz_prom_1dB,7.0,14.0,1.0,10.5,10.5,7.808288229437991,2.5764454982074465,well_defined_interior,True,,15,C3/Cz/C4_mean_log_psd,T0_rest_only,False
54,method_development,independent_single_run,,10,search_7_14Hz_prom_1dB,7.0,14.0,1.0,10.75,10.75,7.273369269890907,1.817004521560754,well_defined_interior,True,,15,C3/Cz/C4_mean_log_psd,T0_rest_only,False
54,method_development,independent_single_run,,14,search_7_14Hz_prom_1dB,7.0,14.0,1.0,9.75,9.75,9.017623040595979,2.3576173203570825,well_defined_interior,True,,15,C3/Cz/C4_mean_log_psd,T0_rest_only,False
54,method_development,leave_one_run_out,6,10/14,search_7_14Hz_prom_1dB,7.0,14.0,1.0,9.75,9.75,7.763219830108312,2.210768636208976,well_defined_interior,True,,30,C3/Cz/C4_mean_log_psd,T0_rest_only,False
54,method_development,leave_one_run_out,10,6/14,search_7_14Hz_prom_1dB,7.0,14.0,1.0,10.0,10.0,7.280518742962684,2.674683873736567,well_defined_interior,True,,30,C3/Cz/C4_mean_log_psd,T0_rest_only,False
54,method_development,leave_one_run_out,14,6/10,search_7_14Hz_prom_1dB,7.0,14.0,1.0,10.75,10.75,6.686010527506255,2.12486417421488,well_defined_interior,True,,30,C3/Cz/C4_mean_log_psd,T0_rest_only,False
54,method_development,independent_single_run,,6,search_7_14Hz_prom_1.5dB,7.0,14.0,1.5,10.5,10.5,7.808288229437991,2.5764454982074465,well_defined_interior,True,,15,C3/Cz/C4_mean_log_psd,T0_rest_only,False
54,method_development,independent_single_run,,10,search_7_14Hz_prom_1.5dB,7.0,14.0,1.5,10.75,10.75,7.273369269890907,1.817004521560754,well_defined_interior,True,,15,C3/Cz/C4_mean_log_psd,T0_rest_only,False
54,method_development,independent_single_run,,14,search_7_14Hz_prom_1.5dB,7.0,14.0,1.5,9.75,9.75,9.017623040595979,2.3576173203570825,well_defined_interior,True,,15,C3/Cz/C4_mean_log_psd,T0_rest_only,False
54,method_development,leave_one_run_out,6,10/14,search_7_14Hz_prom_1.5dB,7.0,14.0,1.5,9.75,9.75,7.763219830108312,2.210768636208976,well_defined_interior,True,,30,C3/Cz/C4_mean_log_psd,T0_rest_only,False
54,method_development,leave_one_run_out,10,6/14,search_7_14Hz_prom_1.5dB,7.0,14.0,1.5,10.0,10.0,7.280518742962684,2.674683873736567,well_defined_interior,True,,30,C3/Cz/C4_mean_log_psd,T0_rest_only,False
54,method_development,leave_one_run_out,14,6/10,search_7_14Hz_prom_1.5dB,7.0,14.0,1.5,10.75,10.75,6.686010527506255,2.12486417421488,well_defined_interior,True,,30,C3/Cz/C4_mean_log_psd,T0_rest_only,False
54,method_development,independent_single_run,,6,search_6_14Hz_prom_0.5dB,6.0,14.0,0.5,10.5,10.5,7.808288229437991,2.5764454982074465,well_defined_interior,True,,15,C3/Cz/C4_mean_log_psd,T0_rest_only,False
54,method_development,independent_single_run,,10,search_6_14Hz_prom_0.5dB,6.0,14.0,0.5,10.75,10.75,8.75507767616918,2.0094652521277436,well_defined_interior,True,,15,C3/Cz/C4_mean_log_psd,T0_rest_only,False
54,method_development,independent_single_run,,14,search_6_14Hz_prom_0.5dB,6.0,14.0,0.5,9.75,9.75,10.328545729017122,2.6350818756135026,well_defined_interior,True,,15,C3/Cz/C4_mean_log_psd,T0_rest_only,False
54,method_development,leave_one_run_out,6,10/14,search_6_14Hz_prom_0.5dB,6.0,14.0,0.5,9.75,9.75,9.300668895180436,2.751971976455117,well_defined_interior,True,,30,C3/Cz/C4_mean_log_psd,T0_rest_only,False
54,method_development,leave_one_run_out,10,6/14,search_6_14Hz_prom_0.5dB,6.0,14.0,0.5,10.0,10.0,8.157566465751415,2.849489614776092,well_defined_interior,True,,30,C3/Cz/C4_mean_log_psd,T0_rest_only,False
54,method_development,leave_one_run_out,14,6/10,search_6_14Hz_prom_0.5dB,6.0,14.0,0.5,10.75,10.75,7.7895846269461515,2.322923441342322,well_defined_interior,True,,30,C3/Cz/C4_mean_log_psd,T0_rest_only,False
54,method_development,independent_single_run,,6,search_6_14Hz_prom_1dB,6.0,14.0,1.0,10.5,10.5,7.808288229437991,2.5764454982074465,well_defined_interior,True,,15,C3/Cz/C4_mean_log_psd,T0_rest_only,False
54,method_development,independent_single_run,,10,search_6_14Hz_prom_1dB,6.0,14.0,1.0,10.75,10.75,8.75507767616918,2.0094652521277436,well_defined_interior,True,,15,C3/Cz/C4_mean_log_psd,T0_rest_only,False
54,method_development,independent_single_run,,14,search_6_14Hz_prom_1dB,6.0,14.0,1.0,9.75,9.75,10.328545729017122,2.6350818756135026,well_defined_interior,True,,15,C3/Cz/C4_mean_log_psd,T0_rest_only,False
54,method_development,leave_one_run_out,6,10/14,search_6_14Hz_prom_1dB,6.0,14.0,1.0,9.75,9.75,9.300668895180436,2.751971976455117,well_defined_interior,True,,30,C3/Cz/C4_mean_log_psd,T0_rest_only,False
54,method_development,leave_one_run_out,10,6/14,search_6_14Hz_prom_1dB,6.0,14.0,1.0,10.0,10.0,8.157566465751415,2.849489614776092,well_defined_interior,True,,30,C3/Cz/C4_mean_log_psd,T0_rest_only,False
54,method_development,leave_one_run_out,14,6/10,search_6_14Hz_prom_1dB,6.0,14.0,1.0,10.75,10.75,7.7895846269461515,2.322923441342322,well_defined_interior,True,,30,C3/Cz/C4_mean_log_psd,T0_rest_only,False
54,method_development,independent_single_run,,6,search_6_14Hz_prom_1.5dB,6.0,14.0,1.5,10.5,10.5,7.808288229437991,2.5764454982074465,well_defined_interior,True,,15,C3/Cz/C4_mean_log_psd,T0_rest_only,False
54,method_development,independent_single_run,,10,search_6_14Hz_prom_1.5dB,6.0,14.0,1.5,10.75,10.75,8.75507767616918,2.0094652521277436,well_defined_interior,True,,15,C3/Cz/C4_mean_log_psd,T0_rest_only,False
54,method_development,independent_single_run,,14,search_6_14Hz_prom_1.5dB,6.0,14.0,1.5,9.75,9.75,10.328545729017122,2.6350818756135026,well_defined_interior,True,,15,C3/Cz/C4_mean_log_psd,T0_rest_only,False
54,method_development,leave_one_run_out,6,10/14,search_6_14Hz_prom_1.5dB,6.0,14.0,1.5,9.75,9.75,9.300668895180436,2.751971976455117,well_defined_interior,True,,30,C3/Cz/C4_mean_log_psd,T0_rest_only,False
54,method_development,leave_one_run_out,10,6/14,search_6_14Hz_prom_1.5dB,6.0,14.0,1.5,10.0,10.0,8.157566465751415,2.849489614776092,well_defined_interior,True,,30,C3/Cz/C4_mean_log_psd,T0_rest_only,False
54,method_development,leave_one_run_out,14,6/10,search_6_14Hz_prom_1.5dB,6.0,14.0,1.5,10.75,10.75,7.7895846269461515,2.322923441342322,well_defined_interior,True,,30,C3/Cz/C4_mean_log_psd,T0_rest_only,False
54,method_development,independent_single_run,,6,search_7_15Hz_prom_0.5dB,7.0,15.0,0.5,10.5,10.5,7.808288229437991,2.5764454982074465,well_defined_interior,True,,15,C3/Cz/C4_mean_log_psd,T0_rest_only,False
54,method_development,independent_single_run,,10,search_7_15Hz_prom_0.5dB,7.0,15.0,0.5,10.75,10.75,7.273369269890907,1.817004521560754,well_defined_interior,True,,15,C3/Cz/C4_mean_log_psd,T0_rest_only,False
54,method_development,independent_single_run,,14,search_7_15Hz_prom_0.5dB,7.0,15.0,0.5,9.75,9.75,9.017623040595979,2.3576173203570825,well_defined_interior,True,,15,C3/Cz/C4_mean_log_psd,T0_rest_only,False
54,method_development,leave_one_run_out,6,10/14,search_7_15Hz_prom_0.5dB,7.0,15.0,0.5,9.75,9.75,7.763219830108312,2.210768636208976,well_defined_interior,True,,30,C3/Cz/C4_mean_log_psd,T0_rest_only,False
54,method_development,leave_one_run_out,10,6/14,search_7_15Hz_prom_0.5dB,7.0,15.0,0.5,10.0,10.0,7.280518742962684,2.674683873736567,well_defined_interior,True,,30,C3/Cz/C4_mean_log_psd,T0_rest_only,False
54,method_development,leave_one_run_out,14,6/10,search_7_15Hz_prom_0.5dB,7.0,15.0,0.5,10.75,10.75,6.686010527506255,2.12486417421488,well_defined_interior,True,,30,C3/Cz/C4_mean_log_psd,T0_rest_only,False
54,method_development,independent_single_run,,6,search_7_15Hz_prom_1dB,7.0,15.0,1.0,10.5,10.5,7.808288229437991,2.5764454982074465,well_defined_interior,True,,15,C3/Cz/C4_mean_log_psd,T0_rest_only,False
54,method_development,independent_single_run,,10,search_7_15Hz_prom_1dB,7.0,15.0,1.0,10.75,10.75,7.273369269890907,1.817004521560754,well_defined_interior,True,,15,C3/Cz/C4_mean_log_psd,T0_rest_only,False
54,method_development,independent_single_run,,14,search_7_15Hz_prom_1dB,7.0,15.0,1.0,9.75,9.75,9.017623040595979,2.3576173203570825,well_defined_interior,True,,15,C3/Cz/C4_mean_log_psd,T0_rest_only,False
54,method_development,leave_one_run_out,6,10/14,search_7_15Hz_prom_1dB,7.0,15.0,1.0,9.75,9.75,7.763219830108312,2.210768636208976,well_defined_interior,True,,30,C3/Cz/C4_mean_log_psd,T0_rest_only,False
54,method_development,leave_one_run_out,10,6/14,search_7_15Hz_prom_1dB,7.0,15.0,1.0,10.0,10.0,7.280518742962684,2.674683873736567,well_defined_interior,True,,30,C3/Cz/C4_mean_log_psd,T0_rest_only,False
54,method_development,leave_one_run_out,14,6/10,search_7_15Hz_prom_1dB,7.0,15.0,1.0,10.75,10.75,6.686010527506255,2.12486417421488,well_defined_interior,True,,30,C3/Cz/C4_mean_log_psd,T0_rest_only,False
54,method_development,independent_single_run,,6,search_7_15Hz_prom_1.5dB,7.0,15.0,1.5,10.5,10.5,7.808288229437991,2.5764454982074465,well_defined_interior,True,,15,C3/Cz/C4_mean_log_psd,T0_rest_only,False
54,method_development,independent_single_run,,10,search_7_15Hz_prom_1.5dB,7.0,15.0,1.5,10.75,10.75,7.273369269890907,1.817004521560754,well_defined_interior,True,,15,C3/Cz/C4_mean_log_psd,T0_rest_only,False
54,method_development,independent_single_run,,14,search_7_15Hz_prom_1.5dB,7.0,15.0,1.5,9.75,9.75,9.017623040595979,2.3576173203570825,well_defined_interior,True,,15,C3/Cz/C4_mean_log_psd,T0_rest_only,False
54,method_development,leave_one_run_out,6,10/14,search_7_15Hz_prom_1.5dB,7.0,15.0,1.5,9.75,9.75,7.763219830108312,2.210768636208976,well_defined_interior,True,,30,C3/Cz/C4_mean_log_psd,T0_rest_only,False
54,method_development,leave_one_run_out,10,6/14,search_7_15Hz_prom_1.5dB,7.0,15.0,1.5,10.0,10.0,7.280518742962684,2.674683873736567,well_defined_interior,True,,30,C3/Cz/C4_mean_log_psd,T0_rest_only,False
54,method_development,leave_one_run_out,14,6/10,search_7_15Hz_prom_1.5dB,7.0,15.0,1.5,10.75,10.75,6.686010527506255,2.12486417421488,well_defined_interior,True,,30,C3/Cz/C4_mean_log_psd,T0_rest_only,False
56,method_development,independent_single_run,,6,search_7_14Hz_prom_0.5dB,7.0,14.0,0.5,10.0,10.0,6.343771245277821,1.2242048301535404,well_defined_interior,True,,15,C3/Cz/C4_mean_log_psd,T0_rest_only,False
56,method_development,independent_single_run,,10,search_7_14Hz_prom_0.5dB,7.0,14.0,0.5,9.75,9.75,6.531085364189167,2.0409526222509213,well_defined_interior,True,,15,C3/Cz/C4_mean_log_psd,T0_rest_only,False
56,method_development,independent_single_run,,14,search_7_14Hz_prom_0.5dB,7.0,14.0,0.5,10.25,10.25,5.119997027840043,1.781568837622649,well_defined_interior,True,,15,C3/Cz/C4_mean_log_psd,T0_rest_only,False
56,method_development,leave_one_run_out,6,10/14,search_7_14Hz_prom_0.5dB,7.0,14.0,0.5,9.75,9.75,5.181470319478095,1.8836222310725383,well_defined_interior,True,,30,C3/Cz/C4_mean_log_psd,T0_rest_only,False
56,method_development,leave_one_run_out,10,6/14,search_7_14Hz_prom_0.5dB,7.0,14.0,0.5,10.0,10.0,4.8151478624800035,1.5781818922995332,well_defined_interior,True,,30,C3/Cz/C4_mean_log_psd,T0_rest_only,False
56,method_development,leave_one_run_out,14,6/10,search_7_14Hz_prom_0.5dB,7.0,14.0,0.5,9.75,9.75,5.931000773034228,1.3685949565658277,well_defined_interior,True,,30,C3/Cz/C4_mean_log_psd,T0_rest_only,False
56,method_development,independent_single_run,,6,search_7_14Hz_prom_1dB,7.0,14.0,1.0,10.0,10.0,6.343771245277821,1.2242048301535404,well_defined_interior,True,,15,C3/Cz/C4_mean_log_psd,T0_rest_only,False
56,method_development,independent_single_run,,10,search_7_14Hz_prom_1dB,7.0,14.0,1.0,9.75,9.75,6.531085364189167,2.0409526222509213,well_defined_interior,True,,15,C3/Cz/C4_mean_log_psd,T0_rest_only,False
56,method_development,independent_single_run,,14,search_7_14Hz_prom_1dB,7.0,14.0,1.0,10.25,10.25,5.119997027840043,1.781568837622649,well_defined_interior,True,,15,C3/Cz/C4_mean_log_psd,T0_rest_only,False
56,method_development,leave_one_run_out,6,10/14,search_7_14Hz_prom_1dB,7.0,14.0,1.0,9.75,9.75,5.181470319478095,1.8836222310725383,well_defined_interior,True,,30,C3/Cz/C4_mean_log_psd,T0_rest_only,False
56,method_development,leave_one_run_out,10,6/14,search_7_14Hz_prom_1dB,7.0,14.0,1.0,10.0,10.0,4.8151478624800035,1.5781818922995332,well_defined_interior,True,,30,C3/Cz/C4_mean_log_psd,T0_rest_only,False
56,method_development,leave_one_run_out,14,6/10,search_7_14Hz_prom_1dB,7.0,14.0,1.0,9.75,9.75,5.931000773034228,1.3685949565658277,well_defined_interior,True,,30,C3/Cz/C4_mean_log_psd,T0_rest_only,False
56,method_development,independent_single_run,,6,search_7_14Hz_prom_1.5dB,7.0,14.0,1.5,10.0,10.0,6.343771245277821,1.2242048301535404,well_defined_interior,True,,15,C3/Cz/C4_mean_log_psd,T0_rest_only,False
56,method_development,independent_single_run,,10,search_7_14Hz_prom_1.5dB,7.0,14.0,1.5,9.75,9.75,6.531085364189167,2.0409526222509213,well_defined_interior,True,,15,C3/Cz/C4_mean_log_psd,T0_rest_only,False
56,method_development,independent_single_run,,14,search_7_14Hz_prom_1.5dB,7.0,14.0,1.5,10.25,10.25,5.119997027840043,1.781568837622649,well_defined_interior,True,,15,C3/Cz/C4_mean_log_psd,T0_rest_only,False
56,method_development,leave_one_run_out,6,10/14,search_7_14Hz_prom_1.5dB,7.0,14.0,1.5,9.75,9.75,5.181470319478095,1.8836222310725383,well_defined_interior,True,,30,C3/Cz/C4_mean_log_psd,T0_rest_only,False
56,method_development,leave_one_run_out,10,6/14,search_7_14Hz_prom_1.5dB,7.0,14.0,1.5,10.0,10.0,4.8151478624800035,1.5781818922995332,well_defined_interior,True,,30,C3/Cz/C4_mean_log_psd,T0_rest_only,False
56,method_development,leave_one_run_out,14,6/10,search_7_14Hz_prom_1.5dB,7.0,14.0,1.5,9.75,9.75,5.931000773034228,1.3685949565658277,well_defined_interior,True,,30,C3/Cz/C4_mean_log_psd,T0_rest_only,False
56,method_development,independent_single_run,,6,search_6_14Hz_prom_0.5dB,6.0,14.0,0.5,10.0,10.0,6.343771245277821,1.2242048301535409,well_defined_interior,True,,15,C3/Cz/C4_mean_log_psd,T0_rest_only,False
56,method_development,independent_single_run,,10,search_6_14Hz_prom_0.5dB,6.0,14.0,0.5,9.75,9.75,6.531085364189167,2.040952622250921,well_defined_interior,True,,15,C3/Cz/C4_mean_log_psd,T0_rest_only,False
56,method_development,independent_single_run,,14,search_6_14Hz_prom_0.5dB,6.0,14.0,0.5,10.25,10.25,5.119997027840043,1.781568837622649,well_defined_interior,True,,15,C3/Cz/C4_mean_log_psd,T0_rest_only,False
56,method_development,leave_one_run_out,6,10/14,search_6_14Hz_prom_0.5dB,6.0,14.0,0.5,9.75,9.75,5.181470319478095,1.8836222310725383,well_defined_interior,True,,30,C3/Cz/C4_mean_log_psd,T0_rest_only,False
56,method_development,leave_one_run_out,10,6/14,search_6_14Hz_prom_0.5dB,6.0,14.0,0.5,10.0,10.0,4.8151478624800035,1.5781818922995332,well_defined_interior,True,,30,C3/Cz/C4_mean_log_psd,T0_rest_only,False
56,method_development,leave_one_run_out,14,6/10,search_6_14Hz_prom_0.5dB,6.0,14.0,0.5,9.75,9.75,5.931000773034228,1.3685949565658282,well_defined_interior,True,,30,C3/Cz/C4_mean_log_psd,T0_rest_only,False
56,method_development,independent_single_run,,6,search_6_14Hz_prom_1dB,6.0,14.0,1.0,10.0,10.0,6.343771245277821,1.2242048301535409,well_defined_interior,True,,15,C3/Cz/C4_mean_log_psd,T0_rest_only,False
56,method_development,independent_single_run,,10,search_6_14Hz_prom_1dB,6.0,14.0,1.0,9.75,9.75,6.531085364189167,2.040952622250921,well_defined_interior,True,,15,C3/Cz/C4_mean_log_psd,T0_rest_only,False
56,method_development,independent_single_run,,14,search_6_14Hz_prom_1dB,6.0,14.0,1.0,10.25,10.25,5.119997027840043,1.781568837622649,well_defined_interior,True,,15,C3/Cz/C4_mean_log_psd,T0_rest_only,False
56,method_development,leave_one_run_out,6,10/14,search_6_14Hz_prom_1dB,6.0,14.0,1.0,9.75,9.75,5.181470319478095,1.8836222310725383,well_defined_interior,True,,30,C3/Cz/C4_mean_log_psd,T0_rest_only,False
56,method_development,leave_one_run_out,10,6/14,search_6_14Hz_prom_1dB,6.0,14.0,1.0,10.0,10.0,4.8151478624800035,1.5781818922995332,well_defined_interior,True,,30,C3/Cz/C4_mean_log_psd,T0_rest_only,False
56,method_development,leave_one_run_out,14,6/10,search_6_14Hz_prom_1dB,6.0,14.0,1.0,9.75,9.75,5.931000773034228,1.3685949565658282,well_defined_interior,True,,30,C3/Cz/C4_mean_log_psd,T0_rest_only,False
56,method_development,independent_single_run,,6,search_6_14Hz_prom_1.5dB,6.0,14.0,1.5,10.0,10.0,6.343771245277821,1.2242048301535409,well_defined_interior,True,,15,C3/Cz/C4_mean_log_psd,T0_rest_only,False
56,method_development,independent_single_run,,10,search_6_14Hz_prom_1.5dB,6.0,14.0,1.5,9.75,9.75,6.531085364189167,2.040952622250921,well_defined_interior,True,,15,C3/Cz/C4_mean_log_psd,T0_rest_only,False
56,method_development,independent_single_run,,14,search_6_14Hz_prom_1.5dB,6.0,14.0,1.5,10.25,10.25,5.119997027840043,1.781568837622649,well_defined_interior,True,,15,C3/Cz/C4_mean_log_psd,T0_rest_only,False
56,method_development,leave_one_run_out,6,10/14,search_6_14Hz_prom_1.5dB,6.0,14.0,1.5,9.75,9.75,5.181470319478095,1.8836222310725383,well_defined_interior,True,,30,C3/Cz/C4_mean_log_psd,T0_rest_only,False
56,method_development,leave_one_run_out,10,6/14,search_6_14Hz_prom_1.5dB,6.0,14.0,1.5,10.0,10.0,4.8151478624800035,1.5781818922995332,well_defined_interior,True,,30,C3/Cz/C4_mean_log_psd,T0_rest_only,False
56,method_development,leave_one_run_out,14,6/10,search_6_14Hz_prom_1.5dB,6.0,14.0,1.5,9.75,9.75,5.931000773034228,1.3685949565658282,well_defined_interior,True,,30,C3/Cz/C4_mean_log_psd,T0_rest_only,False
56,method_development,independent_single_run,,6,search_7_15Hz_prom_0.5dB,7.0,15.0,0.5,10.0,10.0,6.343771245277821,1.2242048301535404,well_defined_interior,True,,15,C3/Cz/C4_mean_log_psd,T0_rest_only,False
56,method_development,independent_single_run,,10,search_7_15Hz_prom_0.5dB,7.0,15.0,0.5,9.75,9.75,6.531085364189167,2.0409526222509213,well_defined_interior,True,,15,C3/Cz/C4_mean_log_psd,T0_rest_only,False
56,method_development,independent_single_run,,14,search_7_15Hz_prom_0.5dB,7.0,15.0,0.5,10.25,10.25,5.119997027840043,1.781568837622649,well_defined_interior,True,,15,C3/Cz/C4_mean_log_psd,T0_rest_only,False
56,method_development,leave_one_run_out,6,10/14,search_7_15Hz_prom_0.5dB,7.0,15.0,0.5,9.75,9.75,5.181470319478095,1.8836222310725383,well_defined_interior,True,,30,C3/Cz/C4_mean_log_psd,T0_rest_only,False
56,method_development,leave_one_run_out,10,6/14,search_7_15Hz_prom_0.5dB,7.0,15.0,0.5,10.0,10.0,4.8151478624800035,1.5781818922995332,well_defined_interior,True,,30,C3/Cz/C4_mean_log_psd,T0_rest_only,False
56,method_development,leave_one_run_out,14,6/10,search_7_15Hz_prom_0.5dB,7.0,15.0,0.5,9.75,9.75,5.931000773034228,1.3685949565658277,well_defined_interior,True,,30,C3/Cz/C4_mean_log_psd,T0_rest_only,False
56,method_development,independent_single_run,,6,search_7_15Hz_prom_1dB,7.0,15.0,1.0,10.0,10.0,6.343771245277821,1.2242048301535404,well_defined_interior,True,,15,C3/Cz/C4_mean_log_psd,T0_rest_only,False
56,method_development,independent_single_run,,10,search_7_15Hz_prom_1dB,7.0,15.0,1.0,9.75,9.75,6.531085364189167,2.0409526222509213,well_defined_interior,True,,15,C3/Cz/C4_mean_log_psd,T0_rest_only,False
56,method_development,independent_single_run,,14,search_7_15Hz_prom_1dB,7.0,15.0,1.0,10.25,10.25,5.119997027840043,1.781568837622649,well_defined_interior,True,,15,C3/Cz/C4_mean_log_psd,T0_rest_only,False
56,method_development,leave_one_run_out,6,10/14,search_7_15Hz_prom_1dB,7.0,15.0,1.0,9.75,9.75,5.181470319478095,1.8836222310725383,well_defined_interior,True,,30,C3/Cz/C4_mean_log_psd,T0_rest_only,False
56,method_development,leave_one_run_out,10,6/14,search_7_15Hz_prom_1dB,7.0,15.0,1.0,10.0,10.0,4.8151478624800035,1.5781818922995332,well_defined_interior,True,,30,C3/Cz/C4_mean_log_psd,T0_rest_only,False
56,method_development,leave_one_run_out,14,6/10,search_7_15Hz_prom_1dB,7.0,15.0,1.0,9.75,9.75,5.931000773034228,1.3685949565658277,well_defined_interior,True,,30,C3/Cz/C4_mean_log_psd,T0_rest_only,False
56,method_development,independent_single_run,,6,search_7_15Hz_prom_1.5dB,7.0,15.0,1.5,10.0,10.0,6.343771245277821,1.2242048301535404,well_defined_interior,True,,15,C3/Cz/C4_mean_log_psd,T0_rest_only,False
56,method_development,independent_single_run,,10,search_7_15Hz_prom_1.5dB,7.0,15.0,1.5,9.75,9.75,6.531085364189167,2.0409526222509213,well_defined_interior,True,,15,C3/Cz/C4_mean_log_psd,T0_rest_only,False
56,method_development,independent_single_run,,14,search_7_15Hz_prom_1.5dB,7.0,15.0,1.5,10.25,10.25,5.119997027840043,1.781568837622649,well_defined_interior,True,,15,C3/Cz/C4_mean_log_psd,T0_rest_only,False
56,method_development,leave_one_run_out,6,10/14,search_7_15Hz_prom_1.5dB,7.0,15.0,1.5,9.75,9.75,5.181470319478095,1.8836222310725383,well_defined_interior,True,,30,C3/Cz/C4_mean_log_psd,T0_rest_only,False
56,method_development,leave_one_run_out,10,6/14,search_7_15Hz_prom_1.5dB,7.0,15.0,1.5,10.0,10.0,4.8151478624800035,1.5781818922995332,well_defined_interior,True,,30,C3/Cz/C4_mean_log_psd,T0_rest_only,False
56,method_development,leave_one_run_out,14,6/10,search_7_15Hz_prom_1.5dB,7.0,15.0,1.5,9.75,9.75,5.931000773034228,1.3685949565658277,well_defined_interior,True,,30,C3/Cz/C4_mean_log_psd,T0_rest_only,False
58,method_development,independent_single_run,,6,search_7_14Hz_prom_0.5dB,7.0,14.0,0.5,9.5,9.5,6.7031480384688535,0.8889362823370437,well_defined_interior,True,,15,C3/Cz/C4_mean_log_psd,T0_rest_only,False
58,method_development,independent_single_run,,10,search_7_14Hz_prom_0.5dB,7.0,14.0,0.5,9.5,9.5,7.8225003966753235,1.078476246163876,well_defined_interior,True,,15,C3/Cz/C4_mean_log_psd,T0_rest_only,False
58,method_development,independent_single_run,,14,search_7_14Hz_prom_0.5dB,7.0,14.0,0.5,9.75,9.75,8.547303883858262,1.137997233679879,well_defined_interior,True,,15,C3/Cz/C4_mean_log_psd,T0_rest_only,False
58,method_development,leave_one_run_out,6,10/14,search_7_14Hz_prom_0.5dB,7.0,14.0,0.5,9.5,9.5,6.849177336488964,1.1825112230209873,well_defined_interior,True,,30,C3/Cz/C4_mean_log_psd,T0_rest_only,False
58,method_development,leave_one_run_out,10,6/14,search_7_14Hz_prom_0.5dB,7.0,14.0,0.5,9.5,9.5,6.259407487262237,1.088093016228969,well_defined_interior,True,,30,C3/Cz/C4_mean_log_psd,T0_rest_only,False
58,method_development,leave_one_run_out,14,6/10,search_7_14Hz_prom_0.5dB,7.0,14.0,0.5,9.5,9.5,6.511238118539481,0.8504482049298985,well_defined_interior,True,,30,C3/Cz/C4_mean_log_psd,T0_rest_only,False
58,method_development,independent_single_run,,6,search_7_14Hz_prom_1dB,7.0,14.0,1.0,9.5,9.5,6.7031480384688535,0.8889362823370437,well_defined_interior,True,,15,C3/Cz/C4_mean_log_psd,T0_rest_only,False
58,method_development,independent_single_run,,10,search_7_14Hz_prom_1dB,7.0,14.0,1.0,9.5,9.5,7.8225003966753235,1.078476246163876,well_defined_interior,True,,15,C3/Cz/C4_mean_log_psd,T0_rest_only,False
58,method_development,independent_single_run,,14,search_7_14Hz_prom_1dB,7.0,14.0,1.0,9.75,9.75,8.547303883858262,1.137997233679879,well_defined_interior,True,,15,C3/Cz/C4_mean_log_psd,T0_rest_only,False
58,method_development,leave_one_run_out,6,10/14,search_7_14Hz_prom_1dB,7.0,14.0,1.0,9.5,9.5,6.849177336488964,1.1825112230209873,well_defined_interior,True,,30,C3/Cz/C4_mean_log_psd,T0_rest_only,False
58,method_development,leave_one_run_out,10,6/14,search_7_14Hz_prom_1dB,7.0,14.0,1.0,9.5,9.5,6.259407487262237,1.088093016228969,well_defined_interior,True,,30,C3/Cz/C4_mean_log_psd,T0_rest_only,False
58,method_development,leave_one_run_out,14,6/10,search_7_14Hz_prom_1dB,7.0,14.0,1.0,9.5,9.5,6.511238118539481,0.8504482049298985,well_defined_interior,True,,30,C3/Cz/C4_mean_log_psd,T0_rest_only,False
58,method_development,independent_single_run,,6,search_7_14Hz_prom_1.5dB,7.0,14.0,1.5,9.5,9.5,6.7031480384688535,0.8889362823370437,well_defined_interior,True,,15,C3/Cz/C4_mean_log_psd,T0_rest_only,False
58,method_development,independent_single_run,,10,search_7_14Hz_prom_1.5dB,7.0,14.0,1.5,9.5,9.5,7.8225003966753235,1.078476246163876,well_defined_interior,True,,15,C3/Cz/C4_mean_log_psd,T0_rest_only,False
58,method_development,independent_single_run,,14,search_7_14Hz_prom_1.5dB,7.0,14.0,1.5,9.75,9.75,8.547303883858262,1.137997233679879,well_defined_interior,True,,15,C3/Cz/C4_mean_log_psd,T0_rest_only,False
58,method_development,leave_one_run_out,6,10/14,search_7_14Hz_prom_1.5dB,7.0,14.0,1.5,9.5,9.5,6.849177336488964,1.1825112230209873,well_defined_interior,True,,30,C3/Cz/C4_mean_log_psd,T0_rest_only,False
58,method_development,leave_one_run_out,10,6/14,search_7_14Hz_prom_1.5dB,7.0,14.0,1.5,9.5,9.5,6.259407487262237,1.088093016228969,well_defined_interior,True,,30,C3/Cz/C4_mean_log_psd,T0_rest_only,False
58,method_development,leave_one_run_out,14,6/10,search_7_14Hz_prom_1.5dB,7.0,14.0,1.5,9.5,9.5,6.511238118539481,0.8504482049298985,well_defined_interior,True,,30,C3/Cz/C4_mean_log_psd,T0_rest_only,False
58,method_development,independent_single_run,,6,search_6_14Hz_prom_0.5dB,6.0,14.0,0.5,9.5,9.5,6.7031480384688535,0.8889362823370437,well_defined_interior,True,,15,C3/Cz/C4_mean_log_psd,T0_rest_only,False
58,method_development,independent_single_run,,10,search_6_14Hz_prom_0.5dB,6.0,14.0,0.5,9.5,9.5,7.8225003966753235,1.0784762461638753,well_defined_interior,True,,15,C3/Cz/C4_mean_log_psd,T0_rest_only,False
58,method_development,independent_single_run,,14,search_6_14Hz_prom_0.5dB,6.0,14.0,0.5,9.75,9.75,8.547303883858262,1.1379972336798794,well_defined_interior,True,,15,C3/Cz/C4_mean_log_psd,T0_rest_only,False
58,method_development,leave_one_run_out,6,10/14,search_6_14Hz_prom_0.5dB,6.0,14.0,0.5,9.5,9.5,6.849177336488964,1.1825112230209878,well_defined_interior,True,,30,C3/Cz/C4_mean_log_psd,T0_rest_only,False
58,method_development,leave_one_run_out,10,6/14,search_6_14Hz_prom_0.5dB,6.0,14.0,0.5,9.5,9.5,6.259407487262237,1.0880930162289695,well_defined_interior,True,,30,C3/Cz/C4_mean_log_psd,T0_rest_only,False
58,method_development,leave_one_run_out,14,6/10,search_6_14Hz_prom_0.5dB,6.0,14.0,0.5,9.5,9.5,6.511238118539481,0.8504482049298985,well_defined_interior,True,,30,C3/Cz/C4_mean_log_psd,T0_rest_only,False
58,method_development,independent_single_run,,6,search_6_14Hz_prom_1dB,6.0,14.0,1.0,9.5,9.5,6.7031480384688535,0.8889362823370437,well_defined_interior,True,,15,C3/Cz/C4_mean_log_psd,T0_rest_only,False
58,method_development,independent_single_run,,10,search_6_14Hz_prom_1dB,6.0,14.0,1.0,9.5,9.5,7.8225003966753235,1.0784762461638753,well_defined_interior,True,,15,C3/Cz/C4_mean_log_psd,T0_rest_only,False
58,method_development,independent_single_run,,14,search_6_14Hz_prom_1dB,6.0,14.0,1.0,9.75,9.75,8.547303883858262,1.1379972336798794,well_defined_interior,True,,15,C3/Cz/C4_mean_log_psd,T0_rest_only,False
58,method_development,leave_one_run_out,6,10/14,search_6_14Hz_prom_1dB,6.0,14.0,1.0,9.5,9.5,6.849177336488964,1.1825112230209878,well_defined_interior,True,,30,C3/Cz/C4_mean_log_psd,T0_rest_only,False
58,method_development,leave_one_run_out,10,6/14,search_6_14Hz_prom_1dB,6.0,14.0,1.0,9.5,9.5,6.259407487262237,1.0880930162289695,well_defined_interior,True,,30,C3/Cz/C4_mean_log_psd,T0_rest_only,False
58,method_development,leave_one_run_out,14,6/10,search_6_14Hz_prom_1dB,6.0,14.0,1.0,9.5,9.5,6.511238118539481,0.8504482049298985,well_defined_interior,True,,30,C3/Cz/C4_mean_log_psd,T0_rest_only,False
58,method_development,independent_single_run,,6,search_6_14Hz_prom_1.5dB,6.0,14.0,1.5,9.5,9.5,6.7031480384688535,0.8889362823370437,well_defined_interior,True,,15,C3/Cz/C4_mean_log_psd,T0_rest_only,False
58,method_development,independent_single_run,,10,search_6_14Hz_prom_1.5dB,6.0,14.0,1.5,9.5,9.5,7.8225003966753235,1.0784762461638753,well_defined_interior,True,,15,C3/Cz/C4_mean_log_psd,T0_rest_only,False
58,method_development,independent_single_run,,14,search_6_14Hz_prom_1.5dB,6.0,14.0,1.5,9.75,9.75,8.547303883858262,1.1379972336798794,well_defined_interior,True,,15,C3/Cz/C4_mean_log_psd,T0_rest_only,False
58,method_development,leave_one_run_out,6,10/14,search_6_14Hz_prom_1.5dB,6.0,14.0,1.5,9.5,9.5,6.849177336488964,1.1825112230209878,well_defined_interior,True,,30,C3/Cz/C4_mean_log_psd,T0_rest_only,False
58,method_development,leave_one_run_out,10,6/14,search_6_14Hz_prom_1.5dB,6.0,14.0,1.5,9.5,9.5,6.259407487262237,1.0880930162289695,well_defined_interior,True,,30,C3/Cz/C4_mean_log_psd,T0_rest_only,False
58,method_development,leave_one_run_out,14,6/10,search_6_14Hz_prom_1.5dB,6.0,14.0,1.5,9.5,9.5,6.511238118539481,0.8504482049298985,well_defined_interior,True,,30,C3/Cz/C4_mean_log_psd,T0_rest_only,False
58,method_development,independent_single_run,,6,search_7_15Hz_prom_0.5dB,7.0,15.0,0.5,9.5,9.5,6.7031480384688535,0.8889362823370437,well_defined_interior,True,,15,C3/Cz/C4_mean_log_psd,T0_rest_only,False
58,method_development,independent_single_run,,10,search_7_15Hz_prom_0.5dB,7.0,15.0,0.5,9.5,9.5,7.8225003966753235,1.078476246163876,well_defined_interior,True,,15,C3/Cz/C4_mean_log_psd,T0_rest_only,False
58,method_development,independent_single_run,,14,search_7_15Hz_prom_0.5dB,7.0,15.0,0.5,9.75,9.75,8.547303883858262,1.137997233679879,well_defined_interior,True,,15,C3/Cz/C4_mean_log_psd,T0_rest_only,False
58,method_development,leave_one_run_out,6,10/14,search_7_15Hz_prom_0.5dB,7.0,15.0,0.5,9.5,9.5,6.849177336488964,1.1825112230209873,well_defined_interior,True,,30,C3/Cz/C4_mean_log_psd,T0_rest_only,False
58,method_development,leave_one_run_out,10,6/14,search_7_15Hz_prom_0.5dB,7.0,15.0,0.5,9.5,9.5,6.259407487262237,1.088093016228969,well_defined_interior,True,,30,C3/Cz/C4_mean_log_psd,T0_rest_only,False
58,method_development,leave_one_run_out,14,6/10,search_7_15Hz_prom_0.5dB,7.0,15.0,0.5,9.5,9.5,6.511238118539481,0.8504482049298985,well_defined_interior,True,,30,C3/Cz/C4_mean_log_psd,T0_rest_only,False
58,method_development,independent_single_run,,6,search_7_15Hz_prom_1dB,7.0,15.0,1.0,9.5,9.5,6.7031480384688535,0.8889362823370437,well_defined_interior,True,,15,C3/Cz/C4_mean_log_psd,T0_rest_only,False
58,method_development,independent_single_run,,10,search_7_15Hz_prom_1dB,7.0,15.0,1.0,9.5,9.5,7.8225003966753235,1.078476246163876,well_defined_interior,True,,15,C3/Cz/C4_mean_log_psd,T0_rest_only,False
58,method_development,independent_single_run,,14,search_7_15Hz_prom_1dB,7.0,15.0,1.0,9.75,9.75,8.547303883858262,1.137997233679879,well_defined_interior,True,,15,C3/Cz/C4_mean_log_psd,T0_rest_only,False
58,method_development,leave_one_run_out,6,10/14,search_7_15Hz_prom_1dB,7.0,15.0,1.0,9.5,9.5,6.849177336488964,1.1825112230209873,well_defined_interior,True,,30,C3/Cz/C4_mean_log_psd,T0_rest_only,False
58,method_development,leave_one_run_out,10,6/14,search_7_15Hz_prom_1dB,7.0,15.0,1.0,9.5,9.5,6.259407487262237,1.088093016228969,well_defined_interior,True,,30,C3/Cz/C4_mean_log_psd,T0_rest_only,False
58,method_development,leave_one_run_out,14,6/10,search_7_15Hz_prom_1dB,7.0,15.0,1.0,9.5,9.5,6.511238118539481,0.8504482049298985,well_defined_interior,True,,30,C3/Cz/C4_mean_log_psd,T0_rest_only,False
58,method_development,independent_single_run,,6,search_7_15Hz_prom_1.5dB,7.0,15.0,1.5,9.5,9.5,6.7031480384688535,0.8889362823370437,well_defined_interior,True,,15,C3/Cz/C4_mean_log_psd,T0_rest_only,False
58,method_development,independent_single_run,,10,search_7_15Hz_prom_1.5dB,7.0,15.0,1.5,9.5,9.5,7.8225003966753235,1.078476246163876,well_defined_interior,True,,15,C3/Cz/C4_mean_log_psd,T0_rest_only,False
58,method_development,independent_single_run,,14,search_7_15Hz_prom_1.5dB,7.0,15.0,1.5,9.75,9.75,8.547303883858262,1.137997233679879,well_defined_interior,True,,15,C3/Cz/C4_mean_log_psd,T0_rest_only,False
58,method_development,leave_one_run_out,6,10/14,search_7_15Hz_prom_1.5dB,7.0,15.0,1.5,9.5,9.5,6.849177336488964,1.1825112230209873,well_defined_interior,True,,30,C3/Cz/C4_mean_log_psd,T0_rest_only,False
58,method_development,leave_one_run_out,10,6/14,search_7_15Hz_prom_1.5dB,7.0,15.0,1.5,9.5,9.5,6.259407487262237,1.088093016228969,well_defined_interior,True,,30,C3/Cz/C4_mean_log_psd,T0_rest_only,False
58,method_development,leave_one_run_out,14,6/10,search_7_15Hz_prom_1.5dB,7.0,15.0,1.5,9.5,9.5,6.511238118539481,0.8504482049298985,well_defined_interior,True,,30,C3/Cz/C4_mean_log_psd,T0_rest_only,False
60,method_development,independent_single_run,,6,search_7_14Hz_prom_0.5dB,7.0,14.0,0.5,12.25,12.25,5.8271056153882625,2.1588285556268305,well_defined_interior,True,,15,C3/Cz/C4_mean_log_psd,T0_rest_only,False
60,method_development,independent_single_run,,10,search_7_14Hz_prom_0.5dB,7.0,14.0,0.5,11.75,11.75,6.9154635030765945,1.7955971123067807,well_defined_interior,True,,15,C3/Cz/C4_mean_log_psd,T0_rest_only,False
60,method_development,independent_single_run,,14,search_7_14Hz_prom_0.5dB,7.0,14.0,0.5,11.75,11.75,5.440826560010208,2.32410388848903,well_defined_interior,True,,15,C3/Cz/C4_mean_log_psd,T0_rest_only,False
60,method_development,leave_one_run_out,6,10/14,search_7_14Hz_prom_0.5dB,7.0,14.0,0.5,11.75,11.75,5.874066270967916,1.978114784584255,well_defined_interior,True,,30,C3/Cz/C4_mean_log_psd,T0_rest_only,False
60,method_development,leave_one_run_out,10,6/14,search_7_14Hz_prom_0.5dB,7.0,14.0,0.5,12.0,12.0,5.445563216965581,2.282910105720384,well_defined_interior,True,,30,C3/Cz/C4_mean_log_psd,T0_rest_only,False
60,method_development,leave_one_run_out,14,6/10,search_7_14Hz_prom_0.5dB,7.0,14.0,0.5,12.0,12.0,5.95216602928798,2.2344932734792176,well_defined_interior,True,,30,C3/Cz/C4_mean_log_psd,T0_rest_only,False
60,method_development,independent_single_run,,6,search_7_14Hz_prom_1dB,7.0,14.0,1.0,12.25,12.25,5.8271056153882625,2.1588285556268305,well_defined_interior,True,,15,C3/Cz/C4_mean_log_psd,T0_rest_only,False
60,method_development,independent_single_run,,10,search_7_14Hz_prom_1dB,7.0,14.0,1.0,11.75,11.75,6.9154635030765945,1.7955971123067807,well_defined_interior,True,,15,C3/Cz/C4_mean_log_psd,T0_rest_only,False
60,method_development,independent_single_run,,14,search_7_14Hz_prom_1dB,7.0,14.0,1.0,11.75,11.75,5.440826560010208,2.32410388848903,well_defined_interior,True,,15,C3/Cz/C4_mean_log_psd,T0_rest_only,False
60,method_development,leave_one_run_out,6,10/14,search_7_14Hz_prom_1dB,7.0,14.0,1.0,11.75,11.75,5.874066270967916,1.978114784584255,well_defined_interior,True,,30,C3/Cz/C4_mean_log_psd,T0_rest_only,False
60,method_development,leave_one_run_out,10,6/14,search_7_14Hz_prom_1dB,7.0,14.0,1.0,12.0,12.0,5.445563216965581,2.282910105720384,well_defined_interior,True,,30,C3/Cz/C4_mean_log_psd,T0_rest_only,False
60,method_development,leave_one_run_out,14,6/10,search_7_14Hz_prom_1dB,7.0,14.0,1.0,12.0,12.0,5.95216602928798,2.2344932734792176,well_defined_interior,True,,30,C3/Cz/C4_mean_log_psd,T0_rest_only,False
60,method_development,independent_single_run,,6,search_7_14Hz_prom_1.5dB,7.0,14.0,1.5,12.25,12.25,5.8271056153882625,2.1588285556268305,well_defined_interior,True,,15,C3/Cz/C4_mean_log_psd,T0_rest_only,False
60,method_development,independent_single_run,,10,search_7_14Hz_prom_1.5dB,7.0,14.0,1.5,11.75,11.75,6.9154635030765945,1.7955971123067807,well_defined_interior,True,,15,C3/Cz/C4_mean_log_psd,T0_rest_only,False
60,method_development,independent_single_run,,14,search_7_14Hz_prom_1.5dB,7.0,14.0,1.5,11.75,11.75,5.440826560010208,2.32410388848903,well_defined_interior,True,,15,C3/Cz/C4_mean_log_psd,T0_rest_only,False
60,method_development,leave_one_run_out,6,10/14,search_7_14Hz_prom_1.5dB,7.0,14.0,1.5,11.75,11.75,5.874066270967916,1.978114784584255,well_defined_interior,True,,30,C3/Cz/C4_mean_log_psd,T0_rest_only,False
60,method_development,leave_one_run_out,10,6/14,search_7_14Hz_prom_1.5dB,7.0,14.0,1.5,12.0,12.0,5.445563216965581,2.282910105720384,well_defined_interior,True,,30,C3/Cz/C4_mean_log_psd,T0_rest_only,False
60,method_development,leave_one_run_out,14,6/10,search_7_14Hz_prom_1.5dB,7.0,14.0,1.5,12.0,12.0,5.95216602928798,2.2344932734792176,well_defined_interior,True,,30,C3/Cz/C4_mean_log_psd,T0_rest_only,False
60,method_development,independent_single_run,,6,search_6_14Hz_prom_0.5dB,6.0,14.0,0.5,12.25,12.25,5.8271056153882625,2.1588285556268305,well_defined_interior,True,,15,C3/Cz/C4_mean_log_psd,T0_rest_only,False
60,method_development,independent_single_run,,10,search_6_14Hz_prom_0.5dB,6.0,14.0,0.5,11.75,11.75,6.9154635030765945,1.7955971123067807,well_defined_interior,True,,15,C3/Cz/C4_mean_log_psd,T0_rest_only,False
60,method_development,independent_single_run,,14,search_6_14Hz_prom_0.5dB,6.0,14.0,0.5,11.75,11.75,6.029021901480519,3.308071495225653,well_defined_interior,True,,15,C3/Cz/C4_mean_log_psd,T0_rest_only,False
60,method_development,leave_one_run_out,6,10/14,search_6_14Hz_prom_0.5dB,6.0,14.0,0.5,11.75,11.75,6.265424687021195,2.1146050521491837,well_defined_interior,True,,30,C3/Cz/C4_mean_log_psd,T0_rest_only,False
60,method_development,leave_one_run_out,10,6/14,search_6_14Hz_prom_0.5dB,6.0,14.0,0.5,12.0,12.0,5.445563216965581,2.2829101057203838,well_defined_interior,True,,30,C3/Cz/C4_mean_log_psd,T0_rest_only,False
60,method_development,leave_one_run_out,14,6/10,search_6_14Hz_prom_0.5dB,6.0,14.0,0.5,12.0,12.0,5.95216602928798,2.2344932734792176,well_defined_interior,True,,30,C3/Cz/C4_mean_log_psd,T0_rest_only,False
60,method_development,independent_single_run,,6,search_6_14Hz_prom_1dB,6.0,14.0,1.0,12.25,12.25,5.8271056153882625,2.1588285556268305,well_defined_interior,True,,15,C3/Cz/C4_mean_log_psd,T0_rest_only,False
60,method_development,independent_single_run,,10,search_6_14Hz_prom_1dB,6.0,14.0,1.0,11.75,11.75,6.9154635030765945,1.7955971123067807,well_defined_interior,True,,15,C3/Cz/C4_mean_log_psd,T0_rest_only,False
60,method_development,independent_single_run,,14,search_6_14Hz_prom_1dB,6.0,14.0,1.0,11.75,11.75,6.029021901480519,3.308071495225653,well_defined_interior,True,,15,C3/Cz/C4_mean_log_psd,T0_rest_only,False
60,method_development,leave_one_run_out,6,10/14,search_6_14Hz_prom_1dB,6.0,14.0,1.0,11.75,11.75,6.265424687021195,2.1146050521491837,well_defined_interior,True,,30,C3/Cz/C4_mean_log_psd,T0_rest_only,False
60,method_development,leave_one_run_out,10,6/14,search_6_14Hz_prom_1dB,6.0,14.0,1.0,12.0,12.0,5.445563216965581,2.2829101057203838,well_defined_interior,True,,30,C3/Cz/C4_mean_log_psd,T0_rest_only,False
60,method_development,leave_one_run_out,14,6/10,search_6_14Hz_prom_1dB,6.0,14.0,1.0,12.0,12.0,5.95216602928798,2.2344932734792176,well_defined_interior,True,,30,C3/Cz/C4_mean_log_psd,T0_rest_only,False
60,method_development,independent_single_run,,6,search_6_14Hz_prom_1.5dB,6.0,14.0,1.5,12.25,12.25,5.8271056153882625,2.1588285556268305,well_defined_interior,True,,15,C3/Cz/C4_mean_log_psd,T0_rest_only,False
60,method_development,independent_single_run,,10,search_6_14Hz_prom_1.5dB,6.0,14.0,1.5,11.75,11.75,6.9154635030765945,1.7955971123067807,well_defined_interior,True,,15,C3/Cz/C4_mean_log_psd,T0_rest_only,False
60,method_development,independent_single_run,,14,search_6_14Hz_prom_1.5dB,6.0,14.0,1.5,11.75,11.75,6.029021901480519,3.308071495225653,well_defined_interior,True,,15,C3/Cz/C4_mean_log_psd,T0_rest_only,False
60,method_development,leave_one_run_out,6,10/14,search_6_14Hz_prom_1.5dB,6.0,14.0,1.5,11.75,11.75,6.265424687021195,2.1146050521491837,well_defined_interior,True,,30,C3/Cz/C4_mean_log_psd,T0_rest_only,False
60,method_development,leave_one_run_out,10,6/14,search_6_14Hz_prom_1.5dB,6.0,14.0,1.5,12.0,12.0,5.445563216965581,2.2829101057203838,well_defined_interior,True,,30,C3/Cz/C4_mean_log_psd,T0_rest_only,False
60,method_development,leave_one_run_out,14,6/10,search_6_14Hz_prom_1.5dB,6.0,14.0,1.5,12.0,12.0,5.95216602928798,2.2344932734792176,well_defined_interior,True,,30,C3/Cz/C4_mean_log_psd,T0_rest_only,False
60,method_development,independent_single_run,,6,search_7_15Hz_prom_0.5dB,7.0,15.0,0.5,12.25,12.25,5.8271056153882625,2.1588285556268305,well_defined_interior,True,,15,C3/Cz/C4_mean_log_psd,T0_rest_only,False
60,method_development,independent_single_run,,10,search_7_15Hz_prom_0.5dB,7.0,15.0,0.5,11.75,11.75,6.9154635030765945,1.7955971123067807,well_defined_interior,True,,15,C3/Cz/C4_mean_log_psd,T0_rest_only,False
60,method_development,independent_single_run,,14,search_7_15Hz_prom_0.5dB,7.0,15.0,0.5,11.75,11.75,5.440826560010208,2.32410388848903,well_defined_interior,True,,15,C3/Cz/C4_mean_log_psd,T0_rest_only,False
60,method_development,leave_one_run_out,6,10/14,search_7_15Hz_prom_0.5dB,7.0,15.0,0.5,11.75,11.75,5.874066270967916,1.978114784584255,well_defined_interior,True,,30,C3/Cz/C4_mean_log_psd,T0_rest_only,False
60,method_development,leave_one_run_out,10,6/14,search_7_15Hz_prom_0.5dB,7.0,15.0,0.5,12.0,12.0,5.445563216965581,2.282910105720384,well_defined_interior,True,,30,C3/Cz/C4_mean_log_psd,T0_rest_only,False
60,method_development,leave_one_run_out,14,6/10,search_7_15Hz_prom_0.5dB,7.0,15.0,0.5,12.0,12.0,5.95216602928798,2.2344932734792176,well_defined_interior,True,,30,C3/Cz/C4_mean_log_psd,T0_rest_only,False
60,method_development,independent_single_run,,6,search_7_15Hz_prom_1dB,7.0,15.0,1.0,12.25,12.25,5.8271056153882625,2.1588285556268305,well_defined_interior,True,,15,C3/Cz/C4_mean_log_psd,T0_rest_only,False
60,method_development,independent_single_run,,10,search_7_15Hz_prom_1dB,7.0,15.0,1.0,11.75,11.75,6.9154635030765945,1.7955971123067807,well_defined_interior,True,,15,C3/Cz/C4_mean_log_psd,T0_rest_only,False
60,method_development,independent_single_run,,14,search_7_15Hz_prom_1dB,7.0,15.0,1.0,11.75,11.75,5.440826560010208,2.32410388848903,well_defined_interior,True,,15,C3/Cz/C4_mean_log_psd,T0_rest_only,False
60,method_development,leave_one_run_out,6,10/14,search_7_15Hz_prom_1dB,7.0,15.0,1.0,11.75,11.75,5.874066270967916,1.978114784584255,well_defined_interior,True,,30,C3/Cz/C4_mean_log_psd,T0_rest_only,False
60,method_development,leave_one_run_out,10,6/14,search_7_15Hz_prom_1dB,7.0,15.0,1.0,12.0,12.0,5.445563216965581,2.282910105720384,well_defined_interior,True,,30,C3/Cz/C4_mean_log_psd,T0_rest_only,False
60,method_development,leave_one_run_out,14,6/10,search_7_15Hz_prom_1dB,7.0,15.0,1.0,12.0,12.0,5.95216602928798,2.2344932734792176,well_defined_interior,True,,30,C3/Cz/C4_mean_log_psd,T0_rest_only,False
60,method_development,independent_single_run,,6,search_7_15Hz_prom_1.5dB,7.0,15.0,1.5,12.25,12.25,5.8271056153882625,2.1588285556268305,well_defined_interior,True,,15,C3/Cz/C4_mean_log_psd,T0_rest_only,False
60,method_development,independent_single_run,,10,search_7_15Hz_prom_1.5dB,7.0,15.0,1.5,11.75,11.75,6.9154635030765945,1.7955971123067807,well_defined_interior,True,,15,C3/Cz/C4_mean_log_psd,T0_rest_only,False
60,method_development,independent_single_run,,14,search_7_15Hz_prom_1.5dB,7.0,15.0,1.5,11.75,11.75,5.440826560010208,2.32410388848903,well_defined_interior,True,,15,C3/Cz/C4_mean_log_psd,T0_rest_only,False
60,method_development,leave_one_run_out,6,10/14,search_7_15Hz_prom_1.5dB,7.0,15.0,1.5,11.75,11.75,5.874066270967916,1.978114784584255,well_defined_interior,True,,30,C3/Cz/C4_mean_log_psd,T0_rest_only,False
60,method_development,leave_one_run_out,10,6/14,search_7_15Hz_prom_1.5dB,7.0,15.0,1.5,12.0,12.0,5.445563216965581,2.282910105720384,well_defined_interior,True,,30,C3/Cz/C4_mean_log_psd,T0_rest_only,False
60,method_development,leave_one_run_out,14,6/10,search_7_15Hz_prom_1.5dB,7.0,15.0,1.5,12.0,12.0,5.95216602928798,2.2344932734792176,well_defined_interior,True,,30,C3/Cz/C4_mean_log_psd,T0_rest_only,False
62,method_development,independent_single_run,,6,search_7_14Hz_prom_0.5dB,7.0,14.0,0.5,11.75,11.75,9.164796007920728,2.228655165056316,well_defined_interior,True,,15,C3/Cz/C4_mean_log_psd,T0_rest_only,False
62,method_development,independent_single_run,,10,search_7_14Hz_prom_0.5dB,7.0,14.0,0.5,11.25,11.25,10.556035105704652,2.037270888618106,well_defined_interior,True,,15,C3/Cz/C4_mean_log_psd,T0_rest_only,False
62,method_development,independent_single_run,,14,search_7_14Hz_prom_0.5dB,7.0,14.0,0.5,11.5,11.5,10.62462211268577,1.7561807756960977,well_defined_interior,True,,15,C3/Cz/C4_mean_log_psd,T0_rest_only,False
62,method_development,leave_one_run_out,6,10/14,search_7_14Hz_prom_0.5dB,7.0,14.0,0.5,11.5,11.5,9.913251607263192,1.882489539517152,well_defined_interior,True,,30,C3/Cz/C4_mean_log_psd,T0_rest_only,False
62,method_development,leave_one_run_out,10,6/14,search_7_14Hz_prom_0.5dB,7.0,14.0,0.5,11.5,11.5,8.747387789872732,2.1628229440222833,well_defined_interior,True,,30,C3/Cz/C4_mean_log_psd,T0_rest_only,False
62,method_development,leave_one_run_out,14,6/10,search_7_14Hz_prom_0.5dB,7.0,14.0,0.5,11.5,11.5,9.228161485434342,2.229966148275178,well_defined_interior,True,,30,C3/Cz/C4_mean_log_psd,T0_rest_only,False
62,method_development,independent_single_run,,6,search_7_14Hz_prom_1dB,7.0,14.0,1.0,11.75,11.75,9.164796007920728,2.228655165056316,well_defined_interior,True,,15,C3/Cz/C4_mean_log_psd,T0_rest_only,False
62,method_development,independent_single_run,,10,search_7_14Hz_prom_1dB,7.0,14.0,1.0,11.25,11.25,10.556035105704652,2.037270888618106,well_defined_interior,True,,15,C3/Cz/C4_mean_log_psd,T0_rest_only,False
62,method_development,independent_single_run,,14,search_7_14Hz_prom_1dB,7.0,14.0,1.0,11.5,11.5,10.62462211268577,1.7561807756960977,well_defined_interior,True,,15,C3/Cz/C4_mean_log_psd,T0_rest_only,False
62,method_development,leave_one_run_out,6,10/14,search_7_14Hz_prom_1dB,7.0,14.0,1.0,11.5,11.5,9.913251607263192,1.882489539517152,well_defined_interior,True,,30,C3/Cz/C4_mean_log_psd,T0_rest_only,False
62,method_development,leave_one_run_out,10,6/14,search_7_14Hz_prom_1dB,7.0,14.0,1.0,11.5,11.5,8.747387789872732,2.1628229440222833,well_defined_interior,True,,30,C3/Cz/C4_mean_log_psd,T0_rest_only,False
62,method_development,leave_one_run_out,14,6/10,search_7_14Hz_prom_1dB,7.0,14.0,1.0,11.5,11.5,9.228161485434342,2.229966148275178,well_defined_interior,True,,30,C3/Cz/C4_mean_log_psd,T0_rest_only,False
62,method_development,independent_single_run,,6,search_7_14Hz_prom_1.5dB,7.0,14.0,1.5,11.75,11.75,9.164796007920728,2.228655165056316,well_defined_interior,True,,15,C3/Cz/C4_mean_log_psd,T0_rest_only,False
62,method_development,independent_single_run,,10,search_7_14Hz_prom_1.5dB,7.0,14.0,1.5,11.25,11.25,10.556035105704652,2.037270888618106,well_defined_interior,True,,15,C3/Cz/C4_mean_log_psd,T0_rest_only,False
62,method_development,independent_single_run,,14,search_7_14Hz_prom_1.5dB,7.0,14.0,1.5,11.5,11.5,10.62462211268577,1.7561807756960977,well_defined_interior,True,,15,C3/Cz/C4_mean_log_psd,T0_rest_only,False
62,method_development,leave_one_run_out,6,10/14,search_7_14Hz_prom_1.5dB,7.0,14.0,1.5,11.5,11.5,9.913251607263192,1.882489539517152,well_defined_interior,True,,30,C3/Cz/C4_mean_log_psd,T0_rest_only,False
62,method_development,leave_one_run_out,10,6/14,search_7_14Hz_prom_1.5dB,7.0,14.0,1.5,11.5,11.5,8.747387789872732,2.1628229440222833,well_defined_interior,True,,30,C3/Cz/C4_mean_log_psd,T0_rest_only,False
62,method_development,leave_one_run_out,14,6/10,search_7_14Hz_prom_1.5dB,7.0,14.0,1.5,11.5,11.5,9.228161485434342,2.229966148275178,well_defined_interior,True,,30,C3/Cz/C4_mean_log_psd,T0_rest_only,False
62,method_development,independent_single_run,,6,search_6_14Hz_prom_0.5dB,6.0,14.0,0.5,11.75,11.75,9.164796007920728,2.228655165056316,well_defined_interior,True,,15,C3/Cz/C4_mean_log_psd,T0_rest_only,False
62,method_development,independent_single_run,,10,search_6_14Hz_prom_0.5dB,6.0,14.0,0.5,11.25,11.25,10.556035105704652,2.0372708886181057,well_defined_interior,True,,15,C3/Cz/C4_mean_log_psd,T0_rest_only,False
62,method_development,independent_single_run,,14,search_6_14Hz_prom_0.5dB,6.0,14.0,0.5,11.5,11.5,10.62462211268577,1.7561807756960972,well_defined_interior,True,,15,C3/Cz/C4_mean_log_psd,T0_rest_only,False
62,method_development,leave_one_run_out,6,10/14,search_6_14Hz_prom_0.5dB,6.0,14.0,0.5,11.5,11.5,9.913251607263192,1.8824895395171515,well_defined_interior,True,,30,C3/Cz/C4_mean_log_psd,T0_rest_only,False
62,method_development,leave_one_run_out,10,6/14,search_6_14Hz_prom_0.5dB,6.0,14.0,0.5,11.5,11.5,8.747387789872732,2.1628229440222833,well_defined_interior,True,,30,C3/Cz/C4_mean_log_psd,T0_rest_only,False
62,method_development,leave_one_run_out,14,6/10,search_6_14Hz_prom_0.5dB,6.0,14.0,0.5,11.5,11.5,9.228161485434342,2.229966148275178,well_defined_interior,True,,30,C3/Cz/C4_mean_log_psd,T0_rest_only,False
62,method_development,independent_single_run,,6,search_6_14Hz_prom_1dB,6.0,14.0,1.0,11.75,11.75,9.164796007920728,2.228655165056316,well_defined_interior,True,,15,C3/Cz/C4_mean_log_psd,T0_rest_only,False
62,method_development,independent_single_run,,10,search_6_14Hz_prom_1dB,6.0,14.0,1.0,11.25,11.25,10.556035105704652,2.0372708886181057,well_defined_interior,True,,15,C3/Cz/C4_mean_log_psd,T0_rest_only,False
62,method_development,independent_single_run,,14,search_6_14Hz_prom_1dB,6.0,14.0,1.0,11.5,11.5,10.62462211268577,1.7561807756960972,well_defined_interior,True,,15,C3/Cz/C4_mean_log_psd,T0_rest_only,False
62,method_development,leave_one_run_out,6,10/14,search_6_14Hz_prom_1dB,6.0,14.0,1.0,11.5,11.5,9.913251607263192,1.8824895395171515,well_defined_interior,True,,30,C3/Cz/C4_mean_log_psd,T0_rest_only,False
62,method_development,leave_one_run_out,10,6/14,search_6_14Hz_prom_1dB,6.0,14.0,1.0,11.5,11.5,8.747387789872732,2.1628229440222833,well_defined_interior,True,,30,C3/Cz/C4_mean_log_psd,T0_rest_only,False
62,method_development,leave_one_run_out,14,6/10,search_6_14Hz_prom_1dB,6.0,14.0,1.0,11.5,11.5,9.228161485434342,2.229966148275178,well_defined_interior,True,,30,C3/Cz/C4_mean_log_psd,T0_rest_only,False
62,method_development,independent_single_run,,6,search_6_14Hz_prom_1.5dB,6.0,14.0,1.5,11.75,11.75,9.164796007920728,2.228655165056316,well_defined_interior,True,,15,C3/Cz/C4_mean_log_psd,T0_rest_only,False
62,method_development,independent_single_run,,10,search_6_14Hz_prom_1.5dB,6.0,14.0,1.5,11.25,11.25,10.556035105704652,2.0372708886181057,well_defined_interior,True,,15,C3/Cz/C4_mean_log_psd,T0_rest_only,False
62,method_development,independent_single_run,,14,search_6_14Hz_prom_1.5dB,6.0,14.0,1.5,11.5,11.5,10.62462211268577,1.7561807756960972,well_defined_interior,True,,15,C3/Cz/C4_mean_log_psd,T0_rest_only,False
62,method_development,leave_one_run_out,6,10/14,search_6_14Hz_prom_1.5dB,6.0,14.0,1.5,11.5,11.5,9.913251607263192,1.8824895395171515,well_defined_interior,True,,30,C3/Cz/C4_mean_log_psd,T0_rest_only,False
62,method_development,leave_one_run_out,10,6/14,search_6_14Hz_prom_1.5dB,6.0,14.0,1.5,11.5,11.5,8.747387789872732,2.1628229440222833,well_defined_interior,True,,30,C3/Cz/C4_mean_log_psd,T0_rest_only,False
62,method_development,leave_one_run_out,14,6/10,search_6_14Hz_prom_1.5dB,6.0,14.0,1.5,11.5,11.5,9.228161485434342,2.229966148275178,well_defined_interior,True,,30,C3/Cz/C4_mean_log_psd,T0_rest_only,False
62,method_development,independent_single_run,,6,search_7_15Hz_prom_0.5dB,7.0,15.0,0.5,11.75,11.75,9.164796007920728,2.228655165056316,well_defined_interior,True,,15,C3/Cz/C4_mean_log_psd,T0_rest_only,False
62,method_development,independent_single_run,,10,search_7_15Hz_prom_0.5dB,7.0,15.0,0.5,11.25,11.25,10.556035105704652,2.037270888618106,well_defined_interior,True,,15,C3/Cz/C4_mean_log_psd,T0_rest_only,False
62,method_development,independent_single_run,,14,search_7_15Hz_prom_0.5dB,7.0,15.0,0.5,11.5,11.5,10.62462211268577,1.7561807756960977,well_defined_interior,True,,15,C3/Cz/C4_mean_log_psd,T0_rest_only,False
62,method_development,leave_one_run_out,6,10/14,search_7_15Hz_prom_0.5dB,7.0,15.0,0.5,11.5,11.5,9.913251607263192,1.882489539517152,well_defined_interior,True,,30,C3/Cz/C4_mean_log_psd,T0_rest_only,False
62,method_development,leave_one_run_out,10,6/14,search_7_15Hz_prom_0.5dB,7.0,15.0,0.5,11.5,11.5,8.747387789872732,2.1628229440222833,well_defined_interior,True,,30,C3/Cz/C4_mean_log_psd,T0_rest_only,False
62,method_development,leave_one_run_out,14,6/10,search_7_15Hz_prom_0.5dB,7.0,15.0,0.5,11.5,11.5,9.228161485434342,2.229966148275178,well_defined_interior,True,,30,C3/Cz/C4_mean_log_psd,T0_rest_only,False
62,method_development,independent_single_run,,6,search_7_15Hz_prom_1dB,7.0,15.0,1.0,11.75,11.75,9.164796007920728,2.228655165056316,well_defined_interior,True,,15,C3/Cz/C4_mean_log_psd,T0_rest_only,False
62,method_development,independent_single_run,,10,search_7_15Hz_prom_1dB,7.0,15.0,1.0,11.25,11.25,10.556035105704652,2.037270888618106,well_defined_interior,True,,15,C3/Cz/C4_mean_log_psd,T0_rest_only,False
62,method_development,independent_single_run,,14,search_7_15Hz_prom_1dB,7.0,15.0,1.0,11.5,11.5,10.62462211268577,1.7561807756960977,well_defined_interior,True,,15,C3/Cz/C4_mean_log_psd,T0_rest_only,False
62,method_development,leave_one_run_out,6,10/14,search_7_15Hz_prom_1dB,7.0,15.0,1.0,11.5,11.5,9.913251607263192,1.882489539517152,well_defined_interior,True,,30,C3/Cz/C4_mean_log_psd,T0_rest_only,False
62,method_development,leave_one_run_out,10,6/14,search_7_15Hz_prom_1dB,7.0,15.0,1.0,11.5,11.5,8.747387789872732,2.1628229440222833,well_defined_interior,True,,30,C3/Cz/C4_mean_log_psd,T0_rest_only,False
62,method_development,leave_one_run_out,14,6/10,search_7_15Hz_prom_1dB,7.0,15.0,1.0,11.5,11.5,9.228161485434342,2.229966148275178,well_defined_interior,True,,30,C3/Cz/C4_mean_log_psd,T0_rest_only,False
62,method_development,independent_single_run,,6,search_7_15Hz_prom_1.5dB,7.0,15.0,1.5,11.75,11.75,9.164796007920728,2.228655165056316,well_defined_interior,True,,15,C3/Cz/C4_mean_log_psd,T0_rest_only,False
62,method_development,independent_single_run,,10,search_7_15Hz_prom_1.5dB,7.0,15.0,1.5,11.25,11.25,10.556035105704652,2.037270888618106,well_defined_interior,True,,15,C3/Cz/C4_mean_log_psd,T0_rest_only,False
62,method_development,independent_single_run,,14,search_7_15Hz_prom_1.5dB,7.0,15.0,1.5,11.5,11.5,10.62462211268577,1.7561807756960977,well_defined_interior,True,,15,C3/Cz/C4_mean_log_psd,T0_rest_only,False
62,method_development,leave_one_run_out,6,10/14,search_7_15Hz_prom_1.5dB,7.0,15.0,1.5,11.5,11.5,9.913251607263192,1.882489539517152,well_defined_interior,True,,30,C3/Cz/C4_mean_log_psd,T0_rest_only,False
62,method_development,leave_one_run_out,10,6/14,search_7_15Hz_prom_1.5dB,7.0,15.0,1.5,11.5,11.5,8.747387789872732,2.1628229440222833,well_defined_interior,True,,30,C3/Cz/C4_mean_log_psd,T0_rest_only,False
62,method_development,leave_one_run_out,14,6/10,search_7_15Hz_prom_1.5dB,7.0,15.0,1.5,11.5,11.5,9.228161485434342,2.229966148275178,well_defined_interior,True,,30,C3/Cz/C4_mean_log_psd,T0_rest_only,False
64,method_development,independent_single_run,,6,search_7_14Hz_prom_0.5dB,7.0,14.0,0.5,12.0,12.0,1.507222361974243,0.3508846771529832,well_defined_interior,True,,15,C3/Cz/C4_mean_log_psd,T0_rest_only,False
64,method_development,independent_single_run,,10,search_7_14Hz_prom_0.5dB,7.0,14.0,0.5,9.75,9.75,3.8773896090468014,1.0752105314590308,well_defined_interior,True,,15,C3/Cz/C4_mean_log_psd,T0_rest_only,False
64,method_development,independent_single_run,,14,search_7_14Hz_prom_0.5dB,7.0,14.0,0.5,9.75,9.75,3.9770243402413854,1.2403706223745172,well_defined_interior,True,,15,C3/Cz/C4_mean_log_psd,T0_rest_only,False
64,method_development,leave_one_run_out,6,10/14,search_7_14Hz_prom_0.5dB,7.0,14.0,0.5,9.75,9.75,3.2637479031613594,1.0384478761219156,well_defined_interior,True,,30,C3/Cz/C4_mean_log_psd,T0_rest_only,False
64,method_development,leave_one_run_out,10,6/14,search_7_14Hz_prom_0.5dB,7.0,14.0,0.5,9.75,9.75,2.4237544449156445,1.2347093079375258,well_defined_interior,True,,30,C3/Cz/C4_mean_log_psd,T0_rest_only,False
64,method_development,leave_one_run_out,14,6/10,search_7_14Hz_prom_0.5dB,7.0,14.0,0.5,9.75,9.75,2.0122503673142376,0.9153484017793216,well_defined_interior,True,,30,C3/Cz/C4_mean_log_psd,T0_rest_only,False
64,method_development,independent_single_run,,6,search_7_14Hz_prom_1dB,7.0,14.0,1.0,12.0,12.0,1.507222361974243,0.3508846771529832,well_defined_interior,True,,15,C3/Cz/C4_mean_log_psd,T0_rest_only,False
64,method_development,independent_single_run,,10,search_7_14Hz_prom_1dB,7.0,14.0,1.0,9.75,9.75,3.8773896090468014,1.0752105314590308,well_defined_interior,True,,15,C3/Cz/C4_mean_log_psd,T0_rest_only,False
64,method_development,independent_single_run,,14,search_7_14Hz_prom_1dB,7.0,14.0,1.0,9.75,9.75,3.9770243402413854,1.2403706223745172,well_defined_interior,True,,15,C3/Cz/C4_mean_log_psd,T0_rest_only,False
64,method_development,leave_one_run_out,6,10/14,search_7_14Hz_prom_1dB,7.0,14.0,1.0,9.75,9.75,3.2637479031613594,1.0384478761219156,well_defined_interior,True,,30,C3/Cz/C4_mean_log_psd,T0_rest_only,False
64,method_development,leave_one_run_out,10,6/14,search_7_14Hz_prom_1dB,7.0,14.0,1.0,9.75,9.75,2.4237544449156445,1.2347093079375258,well_defined_interior,True,,30,C3/Cz/C4_mean_log_psd,T0_rest_only,False
64,method_development,leave_one_run_out,14,6/10,search_7_14Hz_prom_1dB,7.0,14.0,1.0,9.75,9.75,2.0122503673142376,0.9153484017793216,well_defined_interior,True,,30,C3/Cz/C4_mean_log_psd,T0_rest_only,False
64,method_development,independent_single_run,,6,search_7_14Hz_prom_1.5dB,7.0,14.0,1.5,12.0,12.0,1.507222361974243,0.3508846771529832,well_defined_interior,True,,15,C3/Cz/C4_mean_log_psd,T0_rest_only,False
64,method_development,independent_single_run,,10,search_7_14Hz_prom_1.5dB,7.0,14.0,1.5,9.75,9.75,3.8773896090468014,1.0752105314590308,well_defined_interior,True,,15,C3/Cz/C4_mean_log_psd,T0_rest_only,False
64,method_development,independent_single_run,,14,search_7_14Hz_prom_1.5dB,7.0,14.0,1.5,9.75,9.75,3.9770243402413854,1.2403706223745172,well_defined_interior,True,,15,C3/Cz/C4_mean_log_psd,T0_rest_only,False
64,method_development,leave_one_run_out,6,10/14,search_7_14Hz_prom_1.5dB,7.0,14.0,1.5,9.75,9.75,3.2637479031613594,1.0384478761219156,well_defined_interior,True,,30,C3/Cz/C4_mean_log_psd,T0_rest_only,False
64,method_development,leave_one_run_out,10,6/14,search_7_14Hz_prom_1.5dB,7.0,14.0,1.5,9.75,9.75,2.4237544449156445,1.2347093079375258,well_defined_interior,True,,30,C3/Cz/C4_mean_log_psd,T0_rest_only,False
64,method_development,leave_one_run_out,14,6/10,search_7_14Hz_prom_1.5dB,7.0,14.0,1.5,9.75,9.75,2.0122503673142376,0.9153484017793216,well_defined_interior,True,,30,C3/Cz/C4_mean_log_psd,T0_rest_only,False
64,method_development,independent_single_run,,6,search_6_14Hz_prom_0.5dB,6.0,14.0,0.5,7.25,7.25,2.2938351359249083,0.7548062805228177,well_defined_interior,True,,15,C3/Cz/C4_mean_log_psd,T0_rest_only,False
64,method_development,independent_single_run,,10,search_6_14Hz_prom_0.5dB,6.0,14.0,0.5,9.75,9.75,3.8773896090468014,1.0752105314590308,well_defined_interior,True,,15,C3/Cz/C4_mean_log_psd,T0_rest_only,False
64,method_development,independent_single_run,,14,search_6_14Hz_prom_0.5dB,6.0,14.0,0.5,9.75,9.75,3.9770243402413854,1.2403706223745177,well_defined_interior,True,,15,C3/Cz/C4_mean_log_psd,T0_rest_only,False
64,method_development,leave_one_run_out,6,10/14,search_6_14Hz_prom_0.5dB,6.0,14.0,0.5,9.75,9.75,3.2637479031613594,1.0384478761219156,well_defined_interior,True,,30,C3/Cz/C4_mean_log_psd,T0_rest_only,False
64,method_development,leave_one_run_out,10,6/14,search_6_14Hz_prom_0.5dB,6.0,14.0,0.5,9.75,9.75,2.4237544449156445,1.2347093079375262,well_defined_interior,True,,30,C3/Cz/C4_mean_log_psd,T0_rest_only,False
64,method_development,leave_one_run_out,14,6/10,search_6_14Hz_prom_0.5dB,6.0,14.0,0.5,9.75,9.75,2.0122503673142376,0.9153484017793216,well_defined_interior,True,,30,C3/Cz/C4_mean_log_psd,T0_rest_only,False
64,method_development,independent_single_run,,6,search_6_14Hz_prom_1dB,6.0,14.0,1.0,7.25,7.25,2.2938351359249083,0.7548062805228177,well_defined_interior,True,,15,C3/Cz/C4_mean_log_psd,T0_rest_only,False
64,method_development,independent_single_run,,10,search_6_14Hz_prom_1dB,6.0,14.0,1.0,9.75,9.75,3.8773896090468014,1.0752105314590308,well_defined_interior,True,,15,C3/Cz/C4_mean_log_psd,T0_rest_only,False
64,method_development,independent_single_run,,14,search_6_14Hz_prom_1dB,6.0,14.0,1.0,9.75,9.75,3.9770243402413854,1.2403706223745177,well_defined_interior,True,,15,C3/Cz/C4_mean_log_psd,T0_rest_only,False
64,method_development,leave_one_run_out,6,10/14,search_6_14Hz_prom_1dB,6.0,14.0,1.0,9.75,9.75,3.2637479031613594,1.0384478761219156,well_defined_interior,True,,30,C3/Cz/C4_mean_log_psd,T0_rest_only,False
64,method_development,leave_one_run_out,10,6/14,search_6_14Hz_prom_1dB,6.0,14.0,1.0,9.75,9.75,2.4237544449156445,1.2347093079375262,well_defined_interior,True,,30,C3/Cz/C4_mean_log_psd,T0_rest_only,False
64,method_development,leave_one_run_out,14,6/10,search_6_14Hz_prom_1dB,6.0,14.0,1.0,9.75,9.75,2.0122503673142376,0.9153484017793216,well_defined_interior,True,,30,C3/Cz/C4_mean_log_psd,T0_rest_only,False
64,method_development,independent_single_run,,6,search_6_14Hz_prom_1.5dB,6.0,14.0,1.5,7.25,7.25,2.2938351359249083,0.7548062805228177,well_defined_interior,True,,15,C3/Cz/C4_mean_log_psd,T0_rest_only,False
64,method_development,independent_single_run,,10,search_6_14Hz_prom_1.5dB,6.0,14.0,1.5,9.75,9.75,3.8773896090468014,1.0752105314590308,well_defined_interior,True,,15,C3/Cz/C4_mean_log_psd,T0_rest_only,False
64,method_development,independent_single_run,,14,search_6_14Hz_prom_1.5dB,6.0,14.0,1.5,9.75,9.75,3.9770243402413854,1.2403706223745177,well_defined_interior,True,,15,C3/Cz/C4_mean_log_psd,T0_rest_only,False
64,method_development,leave_one_run_out,6,10/14,search_6_14Hz_prom_1.5dB,6.0,14.0,1.5,9.75,9.75,3.2637479031613594,1.0384478761219156,well_defined_interior,True,,30,C3/Cz/C4_mean_log_psd,T0_rest_only,False
64,method_development,leave_one_run_out,10,6/14,search_6_14Hz_prom_1.5dB,6.0,14.0,1.5,9.75,9.75,2.4237544449156445,1.2347093079375262,well_defined_interior,True,,30,C3/Cz/C4_mean_log_psd,T0_rest_only,False
64,method_development,leave_one_run_out,14,6/10,search_6_14Hz_prom_1.5dB,6.0,14.0,1.5,9.75,9.75,2.0122503673142376,0.9153484017793216,well_defined_interior,True,,30,C3/Cz/C4_mean_log_psd,T0_rest_only,False
64,method_development,independent_single_run,,6,search_7_15Hz_prom_0.5dB,7.0,15.0,0.5,14.5,14.5,2.1918030078300035,0.9345160149770368,well_defined_interior,True,,15,C3/Cz/C4_mean_log_psd,T0_rest_only,False
64,method_development,independent_single_run,,10,search_7_15Hz_prom_0.5dB,7.0,15.0,0.5,9.75,9.75,3.8773896090468014,1.0752105314590308,well_defined_interior,True,,15,C3/Cz/C4_mean_log_psd,T0_rest_only,False
64,method_development,independent_single_run,,14,search_7_15Hz_prom_0.5dB,7.0,15.0,0.5,9.75,9.75,3.9770243402413854,1.2403706223745172,well_defined_interior,True,,15,C3/Cz/C4_mean_log_psd,T0_rest_only,False
64,method_development,leave_one_run_out,6,10/14,search_7_15Hz_prom_0.5dB,7.0,15.0,0.5,9.75,9.75,3.2637479031613594,1.0384478761219156,well_defined_interior,True,,30,C3/Cz/C4_mean_log_psd,T0_rest_only,False
64,method_development,leave_one_run_out,10,6/14,search_7_15Hz_prom_0.5dB,7.0,15.0,0.5,9.75,9.75,2.4237544449156445,1.2347093079375258,well_defined_interior,True,,30,C3/Cz/C4_mean_log_psd,T0_rest_only,False
64,method_development,leave_one_run_out,14,6/10,search_7_15Hz_prom_0.5dB,7.0,15.0,0.5,9.75,9.75,2.0122503673142376,0.9153484017793216,well_defined_interior,True,,30,C3/Cz/C4_mean_log_psd,T0_rest_only,False
64,method_development,independent_single_run,,6,search_7_15Hz_prom_1dB,7.0,15.0,1.0,14.5,14.5,2.1918030078300035,0.9345160149770368,well_defined_interior,True,,15,C3/Cz/C4_mean_log_psd,T0_rest_only,False
64,method_development,independent_single_run,,10,search_7_15Hz_prom_1dB,7.0,15.0,1.0,9.75,9.75,3.8773896090468014,1.0752105314590308,well_defined_interior,True,,15,C3/Cz/C4_mean_log_psd,T0_rest_only,False
64,method_development,independent_single_run,,14,search_7_15Hz_prom_1dB,7.0,15.0,1.0,9.75,9.75,3.9770243402413854,1.2403706223745172,well_defined_interior,True,,15,C3/Cz/C4_mean_log_psd,T0_rest_only,False
64,method_development,leave_one_run_out,6,10/14,search_7_15Hz_prom_1dB,7.0,15.0,1.0,9.75,9.75,3.2637479031613594,1.0384478761219156,well_defined_interior,True,,30,C3/Cz/C4_mean_log_psd,T0_rest_only,False
64,method_development,leave_one_run_out,10,6/14,search_7_15Hz_prom_1dB,7.0,15.0,1.0,9.75,9.75,2.4237544449156445,1.2347093079375258,well_defined_interior,True,,30,C3/Cz/C4_mean_log_psd,T0_rest_only,False
64,method_development,leave_one_run_out,14,6/10,search_7_15Hz_prom_1dB,7.0,15.0,1.0,9.75,9.75,2.0122503673142376,0.9153484017793216,well_defined_interior,True,,30,C3/Cz/C4_mean_log_psd,T0_rest_only,False
64,method_development,independent_single_run,,6,search_7_15Hz_prom_1.5dB,7.0,15.0,1.5,14.5,14.5,2.1918030078300035,0.9345160149770368,well_defined_interior,True,,15,C3/Cz/C4_mean_log_psd,T0_rest_only,False
64,method_development,independent_single_run,,10,search_7_15Hz_prom_1.5dB,7.0,15.0,1.5,9.75,9.75,3.8773896090468014,1.0752105314590308,well_defined_interior,True,,15,C3/Cz/C4_mean_log_psd,T0_rest_only,False
64,method_development,independent_single_run,,14,search_7_15Hz_prom_1.5dB,7.0,15.0,1.5,9.75,9.75,3.9770243402413854,1.2403706223745172,well_defined_interior,True,,15,C3/Cz/C4_mean_log_psd,T0_rest_only,False
64,method_development,leave_one_run_out,6,10/14,search_7_15Hz_prom_1.5dB,7.0,15.0,1.5,9.75,9.75,3.2637479031613594,1.0384478761219156,well_defined_interior,True,,30,C3/Cz/C4_mean_log_psd,T0_rest_only,False
64,method_development,leave_one_run_out,10,6/14,search_7_15Hz_prom_1.5dB,7.0,15.0,1.5,9.75,9.75,2.4237544449156445,1.2347093079375258,well_defined_interior,True,,30,C3/Cz/C4_mean_log_psd,T0_rest_only,False
64,method_development,leave_one_run_out,14,6/10,search_7_15Hz_prom_1.5dB,7.0,15.0,1.5,9.75,9.75,2.0122503673142376,0.9153484017793216,well_defined_interior,True,,30,C3/Cz/C4_mean_log_psd,T0_rest_only,False
66,method_development,independent_single_run,,6,search_7_14Hz_prom_0.5dB,7.0,14.0,0.5,10.0,10.0,4.758037283475147,1.7012636537264978,well_defined_interior,True,,15,C3/Cz/C4_mean_log_psd,T0_rest_only,False
66,method_development,independent_single_run,,10,search_7_14Hz_prom_0.5dB,7.0,14.0,0.5,10.0,10.0,3.6867871643537313,1.2134326007676481,well_defined_interior,True,,15,C3/Cz/C4_mean_log_psd,T0_rest_only,False
66,method_development,independent_single_run,,14,search_7_14Hz_prom_0.5dB,7.0,14.0,0.5,9.75,9.75,3.1862480338824355,1.1900461242038256,well_defined_interior,True,,15,C3/Cz/C4_mean_log_psd,T0_rest_only,False
66,method_development,leave_one_run_out,6,10/14,search_7_14Hz_prom_0.5dB,7.0,14.0,0.5,10.0,10.0,2.7451788078209347,1.1983322813817847,well_defined_interior,True,,30,C3/Cz/C4_mean_log_psd,T0_rest_only,False
66,method_development,leave_one_run_out,10,6/14,search_7_14Hz_prom_0.5dB,7.0,14.0,0.5,10.0,10.0,3.38677381490416,1.5684897851390356,well_defined_interior,True,,30,C3/Cz/C4_mean_log_psd,T0_rest_only,False
66,method_development,leave_one_run_out,14,6/10,search_7_14Hz_prom_0.5dB,7.0,14.0,0.5,10.0,10.0,3.3350575825122633,1.2302614757500137,well_defined_interior,True,,30,C3/Cz/C4_mean_log_psd,T0_rest_only,False
66,method_development,independent_single_run,,6,search_7_14Hz_prom_1dB,7.0,14.0,1.0,10.0,10.0,4.758037283475147,1.7012636537264978,well_defined_interior,True,,15,C3/Cz/C4_mean_log_psd,T0_rest_only,False
66,method_development,independent_single_run,,10,search_7_14Hz_prom_1dB,7.0,14.0,1.0,10.0,10.0,3.6867871643537313,1.2134326007676481,well_defined_interior,True,,15,C3/Cz/C4_mean_log_psd,T0_rest_only,False
66,method_development,independent_single_run,,14,search_7_14Hz_prom_1dB,7.0,14.0,1.0,9.75,9.75,3.1862480338824355,1.1900461242038256,well_defined_interior,True,,15,C3/Cz/C4_mean_log_psd,T0_rest_only,False
66,method_development,leave_one_run_out,6,10/14,search_7_14Hz_prom_1dB,7.0,14.0,1.0,10.0,10.0,2.7451788078209347,1.1983322813817847,well_defined_interior,True,,30,C3/Cz/C4_mean_log_psd,T0_rest_only,False
66,method_development,leave_one_run_out,10,6/14,search_7_14Hz_prom_1dB,7.0,14.0,1.0,10.0,10.0,3.38677381490416,1.5684897851390356,well_defined_interior,True,,30,C3/Cz/C4_mean_log_psd,T0_rest_only,False
66,method_development,leave_one_run_out,14,6/10,search_7_14Hz_prom_1dB,7.0,14.0,1.0,10.0,10.0,3.3350575825122633,1.2302614757500137,well_defined_interior,True,,30,C3/Cz/C4_mean_log_psd,T0_rest_only,False
66,method_development,independent_single_run,,6,search_7_14Hz_prom_1.5dB,7.0,14.0,1.5,10.0,10.0,4.758037283475147,1.7012636537264978,well_defined_interior,True,,15,C3/Cz/C4_mean_log_psd,T0_rest_only,False
66,method_development,independent_single_run,,10,search_7_14Hz_prom_1.5dB,7.0,14.0,1.5,10.0,10.0,3.6867871643537313,1.2134326007676481,well_defined_interior,True,,15,C3/Cz/C4_mean_log_psd,T0_rest_only,False
66,method_development,independent_single_run,,14,search_7_14Hz_prom_1.5dB,7.0,14.0,1.5,9.75,9.75,3.1862480338824355,1.1900461242038256,well_defined_interior,True,,15,C3/Cz/C4_mean_log_psd,T0_rest_only,False
66,method_development,leave_one_run_out,6,10/14,search_7_14Hz_prom_1.5dB,7.0,14.0,1.5,10.0,10.0,2.7451788078209347,1.1983322813817847,well_defined_interior,True,,30,C3/Cz/C4_mean_log_psd,T0_rest_only,False
66,method_development,leave_one_run_out,10,6/14,search_7_14Hz_prom_1.5dB,7.0,14.0,1.5,10.0,10.0,3.38677381490416,1.5684897851390356,well_defined_interior,True,,30,C3/Cz/C4_mean_log_psd,T0_rest_only,False
66,method_development,leave_one_run_out,14,6/10,search_7_14Hz_prom_1.5dB,7.0,14.0,1.5,10.0,10.0,3.3350575825122633,1.2302614757500137,well_defined_interior,True,,30,C3/Cz/C4_mean_log_psd,T0_rest_only,False
66,method_development,independent_single_run,,6,search_6_14Hz_prom_0.5dB,6.0,14.0,0.5,10.0,10.0,4.758037283475147,1.7012636537264978,well_defined_interior,True,,15,C3/Cz/C4_mean_log_psd,T0_rest_only,False
66,method_development,independent_single_run,,10,search_6_14Hz_prom_0.5dB,6.0,14.0,0.5,10.0,10.0,3.6867871643537313,1.2134326007676481,well_defined_interior,True,,15,C3/Cz/C4_mean_log_psd,T0_rest_only,False
66,method_development,independent_single_run,,14,search_6_14Hz_prom_0.5dB,6.0,14.0,0.5,9.75,9.75,3.1862480338824355,1.1900461242038256,well_defined_interior,True,,15,C3/Cz/C4_mean_log_psd,T0_rest_only,False
66,method_development,leave_one_run_out,6,10/14,search_6_14Hz_prom_0.5dB,6.0,14.0,0.5,10.0,10.0,2.7451788078209347,1.1983322813817847,well_defined_interior,True,,30,C3/Cz/C4_mean_log_psd,T0_rest_only,False
66,method_development,leave_one_run_out,10,6/14,search_6_14Hz_prom_0.5dB,6.0,14.0,0.5,10.0,10.0,3.38677381490416,1.5684897851390356,well_defined_interior,True,,30,C3/Cz/C4_mean_log_psd,T0_rest_only,False
66,method_development,leave_one_run_out,14,6/10,search_6_14Hz_prom_0.5dB,6.0,14.0,0.5,10.0,10.0,3.3350575825122633,1.2302614757500137,well_defined_interior,True,,30,C3/Cz/C4_mean_log_psd,T0_rest_only,False
66,method_development,independent_single_run,,6,search_6_14Hz_prom_1dB,6.0,14.0,1.0,10.0,10.0,4.758037283475147,1.7012636537264978,well_defined_interior,True,,15,C3/Cz/C4_mean_log_psd,T0_rest_only,False
66,method_development,independent_single_run,,10,search_6_14Hz_prom_1dB,6.0,14.0,1.0,10.0,10.0,3.6867871643537313,1.2134326007676481,well_defined_interior,True,,15,C3/Cz/C4_mean_log_psd,T0_rest_only,False
66,method_development,independent_single_run,,14,search_6_14Hz_prom_1dB,6.0,14.0,1.0,9.75,9.75,3.1862480338824355,1.1900461242038256,well_defined_interior,True,,15,C3/Cz/C4_mean_log_psd,T0_rest_only,False
66,method_development,leave_one_run_out,6,10/14,search_6_14Hz_prom_1dB,6.0,14.0,1.0,10.0,10.0,2.7451788078209347,1.1983322813817847,well_defined_interior,True,,30,C3/Cz/C4_mean_log_psd,T0_rest_only,False
66,method_development,leave_one_run_out,10,6/14,search_6_14Hz_prom_1dB,6.0,14.0,1.0,10.0,10.0,3.38677381490416,1.5684897851390356,well_defined_interior,True,,30,C3/Cz/C4_mean_log_psd,T0_rest_only,False
66,method_development,leave_one_run_out,14,6/10,search_6_14Hz_prom_1dB,6.0,14.0,1.0,10.0,10.0,3.3350575825122633,1.2302614757500137,well_defined_interior,True,,30,C3/Cz/C4_mean_log_psd,T0_rest_only,False
66,method_development,independent_single_run,,6,search_6_14Hz_prom_1.5dB,6.0,14.0,1.5,10.0,10.0,4.758037283475147,1.7012636537264978,well_defined_interior,True,,15,C3/Cz/C4_mean_log_psd,T0_rest_only,False
66,method_development,independent_single_run,,10,search_6_14Hz_prom_1.5dB,6.0,14.0,1.5,10.0,10.0,3.6867871643537313,1.2134326007676481,well_defined_interior,True,,15,C3/Cz/C4_mean_log_psd,T0_rest_only,False
66,method_development,independent_single_run,,14,search_6_14Hz_prom_1.5dB,6.0,14.0,1.5,9.75,9.75,3.1862480338824355,1.1900461242038256,well_defined_interior,True,,15,C3/Cz/C4_mean_log_psd,T0_rest_only,False
66,method_development,leave_one_run_out,6,10/14,search_6_14Hz_prom_1.5dB,6.0,14.0,1.5,10.0,10.0,2.7451788078209347,1.1983322813817847,well_defined_interior,True,,30,C3/Cz/C4_mean_log_psd,T0_rest_only,False
66,method_development,leave_one_run_out,10,6/14,search_6_14Hz_prom_1.5dB,6.0,14.0,1.5,10.0,10.0,3.38677381490416,1.5684897851390356,well_defined_interior,True,,30,C3/Cz/C4_mean_log_psd,T0_rest_only,False
66,method_development,leave_one_run_out,14,6/10,search_6_14Hz_prom_1.5dB,6.0,14.0,1.5,10.0,10.0,3.3350575825122633,1.2302614757500137,well_defined_interior,True,,30,C3/Cz/C4_mean_log_psd,T0_rest_only,False
66,method_development,independent_single_run,,6,search_7_15Hz_prom_0.5dB,7.0,15.0,0.5,10.0,10.0,4.758037283475147,1.7012636537264978,well_defined_interior,True,,15,C3/Cz/C4_mean_log_psd,T0_rest_only,False
66,method_development,independent_single_run,,10,search_7_15Hz_prom_0.5dB,7.0,15.0,0.5,10.0,10.0,3.6867871643537313,1.2134326007676481,well_defined_interior,True,,15,C3/Cz/C4_mean_log_psd,T0_rest_only,False
66,method_development,independent_single_run,,14,search_7_15Hz_prom_0.5dB,7.0,15.0,0.5,9.75,9.75,3.1862480338824355,1.1900461242038256,well_defined_interior,True,,15,C3/Cz/C4_mean_log_psd,T0_rest_only,False
66,method_development,leave_one_run_out,6,10/14,search_7_15Hz_prom_0.5dB,7.0,15.0,0.5,10.0,10.0,2.7451788078209347,1.1983322813817847,well_defined_interior,True,,30,C3/Cz/C4_mean_log_psd,T0_rest_only,False
66,method_development,leave_one_run_out,10,6/14,search_7_15Hz_prom_0.5dB,7.0,15.0,0.5,10.0,10.0,3.38677381490416,1.5684897851390356,well_defined_interior,True,,30,C3/Cz/C4_mean_log_psd,T0_rest_only,False
66,method_development,leave_one_run_out,14,6/10,search_7_15Hz_prom_0.5dB,7.0,15.0,0.5,10.0,10.0,3.3350575825122633,1.2302614757500137,well_defined_interior,True,,30,C3/Cz/C4_mean_log_psd,T0_rest_only,False
66,method_development,independent_single_run,,6,search_7_15Hz_prom_1dB,7.0,15.0,1.0,10.0,10.0,4.758037283475147,1.7012636537264978,well_defined_interior,True,,15,C3/Cz/C4_mean_log_psd,T0_rest_only,False
66,method_development,independent_single_run,,10,search_7_15Hz_prom_1dB,7.0,15.0,1.0,10.0,10.0,3.6867871643537313,1.2134326007676481,well_defined_interior,True,,15,C3/Cz/C4_mean_log_psd,T0_rest_only,False
66,method_development,independent_single_run,,14,search_7_15Hz_prom_1dB,7.0,15.0,1.0,9.75,9.75,3.1862480338824355,1.1900461242038256,well_defined_interior,True,,15,C3/Cz/C4_mean_log_psd,T0_rest_only,False
66,method_development,leave_one_run_out,6,10/14,search_7_15Hz_prom_1dB,7.0,15.0,1.0,10.0,10.0,2.7451788078209347,1.1983322813817847,well_defined_interior,True,,30,C3/Cz/C4_mean_log_psd,T0_rest_only,False
66,method_development,leave_one_run_out,10,6/14,search_7_15Hz_prom_1dB,7.0,15.0,1.0,10.0,10.0,3.38677381490416,1.5684897851390356,well_defined_interior,True,,30,C3/Cz/C4_mean_log_psd,T0_rest_only,False
66,method_development,leave_one_run_out,14,6/10,search_7_15Hz_prom_1dB,7.0,15.0,1.0,10.0,10.0,3.3350575825122633,1.2302614757500137,well_defined_interior,True,,30,C3/Cz/C4_mean_log_psd,T0_rest_only,False
66,method_development,independent_single_run,,6,search_7_15Hz_prom_1.5dB,7.0,15.0,1.5,10.0,10.0,4.758037283475147,1.7012636537264978,well_defined_interior,True,,15,C3/Cz/C4_mean_log_psd,T0_rest_only,False
66,method_development,independent_single_run,,10,search_7_15Hz_prom_1.5dB,7.0,15.0,1.5,10.0,10.0,3.6867871643537313,1.2134326007676481,well_defined_interior,True,,15,C3/Cz/C4_mean_log_psd,T0_rest_only,False
66,method_development,independent_single_run,,14,search_7_15Hz_prom_1.5dB,7.0,15.0,1.5,9.75,9.75,3.1862480338824355,1.1900461242038256,well_defined_interior,True,,15,C3/Cz/C4_mean_log_psd,T0_rest_only,False
66,method_development,leave_one_run_out,6,10/14,search_7_15Hz_prom_1.5dB,7.0,15.0,1.5,10.0,10.0,2.7451788078209347,1.1983322813817847,well_defined_interior,True,,30,C3/Cz/C4_mean_log_psd,T0_rest_only,False
66,method_development,leave_one_run_out,10,6/14,search_7_15Hz_prom_1.5dB,7.0,15.0,1.5,10.0,10.0,3.38677381490416,1.5684897851390356,well_defined_interior,True,,30,C3/Cz/C4_mean_log_psd,T0_rest_only,False
66,method_development,leave_one_run_out,14,6/10,search_7_15Hz_prom_1.5dB,7.0,15.0,1.5,10.0,10.0,3.3350575825122633,1.2302614757500137,well_defined_interior,True,,30,C3/Cz/C4_mean_log_psd,T0_rest_only,False
68,method_development,independent_single_run,,6,search_7_14Hz_prom_0.5dB,7.0,14.0,0.5,13.25,13.25,2.1730217338780875,0.5955603165425885,well_defined_interior,True,,15,C3/Cz/C4_mean_log_psd,T0_rest_only,False
68,method_development,independent_single_run,,10,search_7_14Hz_prom_0.5dB,7.0,14.0,0.5,8.0,8.0,3.903100727004528,1.292186761732937,well_defined_interior,True,,15,C3/Cz/C4_mean_log_psd,T0_rest_only,False
68,method_development,independent_single_run,,14,search_7_14Hz_prom_0.5dB,7.0,14.0,0.5,8.75,8.75,5.455533763487821,1.209739495764112,well_defined_interior,True,,15,C3/Cz/C4_mean_log_psd,T0_rest_only,False
68,method_development,leave_one_run_out,6,10/14,search_7_14Hz_prom_0.5dB,7.0,14.0,0.5,8.25,8.25,4.250116736471426,1.458516373177757,well_defined_interior,True,,30,C3/Cz/C4_mean_log_psd,T0_rest_only,False
68,method_development,leave_one_run_out,10,6/14,search_7_14Hz_prom_0.5dB,7.0,14.0,0.5,8.5,8.5,2.3835151302817223,0.9692417951111172,well_defined_interior,True,,30,C3/Cz/C4_mean_log_psd,T0_rest_only,False
68,method_development,leave_one_run_out,14,6/10,search_7_14Hz_prom_0.5dB,7.0,14.0,0.5,8.0,8.0,1.8115193673736911,0.938458769760761,well_defined_interior,True,,30,C3/Cz/C4_mean_log_psd,T0_rest_only,False
68,method_development,independent_single_run,,6,search_7_14Hz_prom_1dB,7.0,14.0,1.0,13.25,13.25,2.1730217338780875,0.5955603165425885,well_defined_interior,True,,15,C3/Cz/C4_mean_log_psd,T0_rest_only,False
68,method_development,independent_single_run,,10,search_7_14Hz_prom_1dB,7.0,14.0,1.0,8.0,8.0,3.903100727004528,1.292186761732937,well_defined_interior,True,,15,C3/Cz/C4_mean_log_psd,T0_rest_only,False
68,method_development,independent_single_run,,14,search_7_14Hz_prom_1dB,7.0,14.0,1.0,8.75,8.75,5.455533763487821,1.209739495764112,well_defined_interior,True,,15,C3/Cz/C4_mean_log_psd,T0_rest_only,False
68,method_development,leave_one_run_out,6,10/14,search_7_14Hz_prom_1dB,7.0,14.0,1.0,8.25,8.25,4.250116736471426,1.458516373177757,well_defined_interior,True,,30,C3/Cz/C4_mean_log_psd,T0_rest_only,False
68,method_development,leave_one_run_out,10,6/14,search_7_14Hz_prom_1dB,7.0,14.0,1.0,8.5,8.5,2.3835151302817223,0.9692417951111172,well_defined_interior,True,,30,C3/Cz/C4_mean_log_psd,T0_rest_only,False
68,method_development,leave_one_run_out,14,6/10,search_7_14Hz_prom_1dB,7.0,14.0,1.0,8.0,8.0,1.8115193673736911,0.938458769760761,well_defined_interior,True,,30,C3/Cz/C4_mean_log_psd,T0_rest_only,False
68,method_development,independent_single_run,,6,search_7_14Hz_prom_1.5dB,7.0,14.0,1.5,13.25,13.25,2.1730217338780875,0.5955603165425885,well_defined_interior,True,,15,C3/Cz/C4_mean_log_psd,T0_rest_only,False
68,method_development,independent_single_run,,10,search_7_14Hz_prom_1.5dB,7.0,14.0,1.5,8.0,8.0,3.903100727004528,1.292186761732937,well_defined_interior,True,,15,C3/Cz/C4_mean_log_psd,T0_rest_only,False
68,method_development,independent_single_run,,14,search_7_14Hz_prom_1.5dB,7.0,14.0,1.5,8.75,8.75,5.455533763487821,1.209739495764112,well_defined_interior,True,,15,C3/Cz/C4_mean_log_psd,T0_rest_only,False
68,method_development,leave_one_run_out,6,10/14,search_7_14Hz_prom_1.5dB,7.0,14.0,1.5,8.25,8.25,4.250116736471426,1.458516373177757,well_defined_interior,True,,30,C3/Cz/C4_mean_log_psd,T0_rest_only,False
68,method_development,leave_one_run_out,10,6/14,search_7_14Hz_prom_1.5dB,7.0,14.0,1.5,8.5,8.5,2.3835151302817223,0.9692417951111172,well_defined_interior,True,,30,C3/Cz/C4_mean_log_psd,T0_rest_only,False
68,method_development,leave_one_run_out,14,6/10,search_7_14Hz_prom_1.5dB,7.0,14.0,1.5,8.0,8.0,1.8115193673736911,0.938458769760761,well_defined_interior,True,,30,C3/Cz/C4_mean_log_psd,T0_rest_only,False
68,method_development,independent_single_run,,6,search_6_14Hz_prom_0.5dB,6.0,14.0,0.5,13.25,13.25,2.1730217338780875,0.5955603165425885,well_defined_interior,True,,15,C3/Cz/C4_mean_log_psd,T0_rest_only,False
68,method_development,independent_single_run,,10,search_6_14Hz_prom_0.5dB,6.0,14.0,0.5,8.0,8.0,5.048101970133857,1.4936867010493655,well_defined_interior,True,,15,C3/Cz/C4_mean_log_psd,T0_rest_only,False
68,method_development,independent_single_run,,14,search_6_14Hz_prom_0.5dB,6.0,14.0,0.5,8.75,8.75,5.455533763487821,1.2097394957641119,well_defined_interior,True,,15,C3/Cz/C4_mean_log_psd,T0_rest_only,False
68,method_development,leave_one_run_out,6,10/14,search_6_14Hz_prom_0.5dB,6.0,14.0,0.5,8.25,8.25,4.250116736471426,1.4585163731777568,well_defined_interior,True,,30,C3/Cz/C4_mean_log_psd,T0_rest_only,False
68,method_development,leave_one_run_out,10,6/14,search_6_14Hz_prom_0.5dB,6.0,14.0,0.5,8.5,8.5,2.3835151302817223,0.9692417951111172,well_defined_interior,True,,30,C3/Cz/C4_mean_log_psd,T0_rest_only,False
68,method_development,leave_one_run_out,14,6/10,search_6_14Hz_prom_0.5dB,6.0,14.0,0.5,8.0,8.0,2.5590489339867872,1.1395529061484626,well_defined_interior,True,,30,C3/Cz/C4_mean_log_psd,T0_rest_only,False
68,method_development,independent_single_run,,6,search_6_14Hz_prom_1dB,6.0,14.0,1.0,13.25,13.25,2.1730217338780875,0.5955603165425885,well_defined_interior,True,,15,C3/Cz/C4_mean_log_psd,T0_rest_only,False
68,method_development,independent_single_run,,10,search_6_14Hz_prom_1dB,6.0,14.0,1.0,8.0,8.0,5.048101970133857,1.4936867010493655,well_defined_interior,True,,15,C3/Cz/C4_mean_log_psd,T0_rest_only,False
68,method_development,independent_single_run,,14,search_6_14Hz_prom_1dB,6.0,14.0,1.0,8.75,8.75,5.455533763487821,1.2097394957641119,well_defined_interior,True,,15,C3/Cz/C4_mean_log_psd,T0_rest_only,False
68,method_development,leave_one_run_out,6,10/14,search_6_14Hz_prom_1dB,6.0,14.0,1.0,8.25,8.25,4.250116736471426,1.4585163731777568,well_defined_interior,True,,30,C3/Cz/C4_mean_log_psd,T0_rest_only,False
68,method_development,leave_one_run_out,10,6/14,search_6_14Hz_prom_1dB,6.0,14.0,1.0,8.5,8.5,2.3835151302817223,0.9692417951111172,well_defined_interior,True,,30,C3/Cz/C4_mean_log_psd,T0_rest_only,False
68,method_development,leave_one_run_out,14,6/10,search_6_14Hz_prom_1dB,6.0,14.0,1.0,8.0,8.0,2.5590489339867872,1.1395529061484626,well_defined_interior,True,,30,C3/Cz/C4_mean_log_psd,T0_rest_only,False
68,method_development,independent_single_run,,6,search_6_14Hz_prom_1.5dB,6.0,14.0,1.5,13.25,13.25,2.1730217338780875,0.5955603165425885,well_defined_interior,True,,15,C3/Cz/C4_mean_log_psd,T0_rest_only,False
68,method_development,independent_single_run,,10,search_6_14Hz_prom_1.5dB,6.0,14.0,1.5,8.0,8.0,5.048101970133857,1.4936867010493655,well_defined_interior,True,,15,C3/Cz/C4_mean_log_psd,T0_rest_only,False
68,method_development,independent_single_run,,14,search_6_14Hz_prom_1.5dB,6.0,14.0,1.5,8.75,8.75,5.455533763487821,1.2097394957641119,well_defined_interior,True,,15,C3/Cz/C4_mean_log_psd,T0_rest_only,False
68,method_development,leave_one_run_out,6,10/14,search_6_14Hz_prom_1.5dB,6.0,14.0,1.5,8.25,8.25,4.250116736471426,1.4585163731777568,well_defined_interior,True,,30,C3/Cz/C4_mean_log_psd,T0_rest_only,False
68,method_development,leave_one_run_out,10,6/14,search_6_14Hz_prom_1.5dB,6.0,14.0,1.5,8.5,8.5,2.3835151302817223,0.9692417951111172,well_defined_interior,True,,30,C3/Cz/C4_mean_log_psd,T0_rest_only,False
68,method_development,leave_one_run_out,14,6/10,search_6_14Hz_prom_1.5dB,6.0,14.0,1.5,8.0,8.0,2.5590489339867872,1.1395529061484626,well_defined_interior,True,,30,C3/Cz/C4_mean_log_psd,T0_rest_only,False
68,method_development,independent_single_run,,6,search_7_15Hz_prom_0.5dB,7.0,15.0,0.5,13.25,13.25,2.1730217338780875,0.5955603165425885,well_defined_interior,True,,15,C3/Cz/C4_mean_log_psd,T0_rest_only,False
68,method_development,independent_single_run,,10,search_7_15Hz_prom_0.5dB,7.0,15.0,0.5,8.0,8.0,3.903100727004528,1.292186761732937,well_defined_interior,True,,15,C3/Cz/C4_mean_log_psd,T0_rest_only,False
68,method_development,independent_single_run,,14,search_7_15Hz_prom_0.5dB,7.0,15.0,0.5,8.75,8.75,5.455533763487821,1.209739495764112,well_defined_interior,True,,15,C3/Cz/C4_mean_log_psd,T0_rest_only,False
68,method_development,leave_one_run_out,6,10/14,search_7_15Hz_prom_0.5dB,7.0,15.0,0.5,8.25,8.25,4.250116736471426,1.458516373177757,well_defined_interior,True,,30,C3/Cz/C4_mean_log_psd,T0_rest_only,False
68,method_development,leave_one_run_out,10,6/14,search_7_15Hz_prom_0.5dB,7.0,15.0,0.5,8.5,8.5,2.3835151302817223,0.9692417951111172,well_defined_interior,True,,30,C3/Cz/C4_mean_log_psd,T0_rest_only,False
68,method_development,leave_one_run_out,14,6/10,search_7_15Hz_prom_0.5dB,7.0,15.0,0.5,8.0,8.0,1.8115193673736911,0.938458769760761,well_defined_interior,True,,30,C3/Cz/C4_mean_log_psd,T0_rest_only,False
68,method_development,independent_single_run,,6,search_7_15Hz_prom_1dB,7.0,15.0,1.0,13.25,13.25,2.1730217338780875,0.5955603165425885,well_defined_interior,True,,15,C3/Cz/C4_mean_log_psd,T0_rest_only,False
68,method_development,independent_single_run,,10,search_7_15Hz_prom_1dB,7.0,15.0,1.0,8.0,8.0,3.903100727004528,1.292186761732937,well_defined_interior,True,,15,C3/Cz/C4_mean_log_psd,T0_rest_only,False
68,method_development,independent_single_run,,14,search_7_15Hz_prom_1dB,7.0,15.0,1.0,8.75,8.75,5.455533763487821,1.209739495764112,well_defined_interior,True,,15,C3/Cz/C4_mean_log_psd,T0_rest_only,False
68,method_development,leave_one_run_out,6,10/14,search_7_15Hz_prom_1dB,7.0,15.0,1.0,8.25,8.25,4.250116736471426,1.458516373177757,well_defined_interior,True,,30,C3/Cz/C4_mean_log_psd,T0_rest_only,False
68,method_development,leave_one_run_out,10,6/14,search_7_15Hz_prom_1dB,7.0,15.0,1.0,8.5,8.5,2.3835151302817223,0.9692417951111172,well_defined_interior,True,,30,C3/Cz/C4_mean_log_psd,T0_rest_only,False
68,method_development,leave_one_run_out,14,6/10,search_7_15Hz_prom_1dB,7.0,15.0,1.0,8.0,8.0,1.8115193673736911,0.938458769760761,well_defined_interior,True,,30,C3/Cz/C4_mean_log_psd,T0_rest_only,False
68,method_development,independent_single_run,,6,search_7_15Hz_prom_1.5dB,7.0,15.0,1.5,13.25,13.25,2.1730217338780875,0.5955603165425885,well_defined_interior,True,,15,C3/Cz/C4_mean_log_psd,T0_rest_only,False
68,method_development,independent_single_run,,10,search_7_15Hz_prom_1.5dB,7.0,15.0,1.5,8.0,8.0,3.903100727004528,1.292186761732937,well_defined_interior,True,,15,C3/Cz/C4_mean_log_psd,T0_rest_only,False
68,method_development,independent_single_run,,14,search_7_15Hz_prom_1.5dB,7.0,15.0,1.5,8.75,8.75,5.455533763487821,1.209739495764112,well_defined_interior,True,,15,C3/Cz/C4_mean_log_psd,T0_rest_only,False
68,method_development,leave_one_run_out,6,10/14,search_7_15Hz_prom_1.5dB,7.0,15.0,1.5,8.25,8.25,4.250116736471426,1.458516373177757,well_defined_interior,True,,30,C3/Cz/C4_mean_log_psd,T0_rest_only,False
68,method_development,leave_one_run_out,10,6/14,search_7_15Hz_prom_1.5dB,7.0,15.0,1.5,8.5,8.5,2.3835151302817223,0.9692417951111172,well_defined_interior,True,,30,C3/Cz/C4_mean_log_psd,T0_rest_only,False
68,method_development,leave_one_run_out,14,6/10,search_7_15Hz_prom_1.5dB,7.0,15.0,1.5,8.0,8.0,1.8115193673736911,0.938458769760761,well_defined_interior,True,,30,C3/Cz/C4_mean_log_psd,T0_rest_only,False
70,method_development,independent_single_run,,6,search_7_14Hz_prom_0.5dB,7.0,14.0,0.5,11.0,11.0,4.980228396664302,1.7796800811530238,well_defined_interior,True,,15,C3/Cz/C4_mean_log_psd,T0_rest_only,False
70,method_development,independent_single_run,,10,search_7_14Hz_prom_0.5dB,7.0,14.0,0.5,10.5,10.5,4.153591372593482,1.11810719402654,well_defined_interior,True,,15,C3/Cz/C4_mean_log_psd,T0_rest_only,False
70,method_development,independent_single_run,,14,search_7_14Hz_prom_0.5dB,7.0,14.0,0.5,10.5,10.5,4.058555677373079,1.5460544331792674,well_defined_interior,True,,15,C3/Cz/C4_mean_log_psd,T0_rest_only,False
70,method_development,leave_one_run_out,6,10/14,search_7_14Hz_prom_0.5dB,7.0,14.0,0.5,10.5,10.5,3.8023835905867855,1.2034395451409936,well_defined_interior,True,,30,C3/Cz/C4_mean_log_psd,T0_rest_only,False
70,method_development,leave_one_run_out,10,6/14,search_7_14Hz_prom_0.5dB,7.0,14.0,0.5,10.5,10.5,3.6470505787222436,1.6313274371495075,well_defined_interior,True,,30,C3/Cz/C4_mean_log_psd,T0_rest_only,False
70,method_development,leave_one_run_out,14,6/10,search_7_14Hz_prom_0.5dB,7.0,14.0,0.5,10.5,10.5,4.243936498926104,1.5079440193077067,well_defined_interior,True,,30,C3/Cz/C4_mean_log_psd,T0_rest_only,False
70,method_development,independent_single_run,,6,search_7_14Hz_prom_1dB,7.0,14.0,1.0,11.0,11.0,4.980228396664302,1.7796800811530238,well_defined_interior,True,,15,C3/Cz/C4_mean_log_psd,T0_rest_only,False
70,method_development,independent_single_run,,10,search_7_14Hz_prom_1dB,7.0,14.0,1.0,10.5,10.5,4.153591372593482,1.11810719402654,well_defined_interior,True,,15,C3/Cz/C4_mean_log_psd,T0_rest_only,False
70,method_development,independent_single_run,,14,search_7_14Hz_prom_1dB,7.0,14.0,1.0,10.5,10.5,4.058555677373079,1.5460544331792674,well_defined_interior,True,,15,C3/Cz/C4_mean_log_psd,T0_rest_only,False
70,method_development,leave_one_run_out,6,10/14,search_7_14Hz_prom_1dB,7.0,14.0,1.0,10.5,10.5,3.8023835905867855,1.2034395451409936,well_defined_interior,True,,30,C3/Cz/C4_mean_log_psd,T0_rest_only,False
70,method_development,leave_one_run_out,10,6/14,search_7_14Hz_prom_1dB,7.0,14.0,1.0,10.5,10.5,3.6470505787222436,1.6313274371495075,well_defined_interior,True,,30,C3/Cz/C4_mean_log_psd,T0_rest_only,False
70,method_development,leave_one_run_out,14,6/10,search_7_14Hz_prom_1dB,7.0,14.0,1.0,10.5,10.5,4.243936498926104,1.5079440193077067,well_defined_interior,True,,30,C3/Cz/C4_mean_log_psd,T0_rest_only,False
70,method_development,independent_single_run,,6,search_7_14Hz_prom_1.5dB,7.0,14.0,1.5,11.0,11.0,4.980228396664302,1.7796800811530238,well_defined_interior,True,,15,C3/Cz/C4_mean_log_psd,T0_rest_only,False
70,method_development,independent_single_run,,10,search_7_14Hz_prom_1.5dB,7.0,14.0,1.5,10.5,10.5,4.153591372593482,1.11810719402654,well_defined_interior,True,,15,C3/Cz/C4_mean_log_psd,T0_rest_only,False
70,method_development,independent_single_run,,14,search_7_14Hz_prom_1.5dB,7.0,14.0,1.5,10.5,10.5,4.058555677373079,1.5460544331792674,well_defined_interior,True,,15,C3/Cz/C4_mean_log_psd,T0_rest_only,False
70,method_development,leave_one_run_out,6,10/14,search_7_14Hz_prom_1.5dB,7.0,14.0,1.5,10.5,10.5,3.8023835905867855,1.2034395451409936,well_defined_interior,True,,30,C3/Cz/C4_mean_log_psd,T0_rest_only,False
70,method_development,leave_one_run_out,10,6/14,search_7_14Hz_prom_1.5dB,7.0,14.0,1.5,10.5,10.5,3.6470505787222436,1.6313274371495075,well_defined_interior,True,,30,C3/Cz/C4_mean_log_psd,T0_rest_only,False
70,method_development,leave_one_run_out,14,6/10,search_7_14Hz_prom_1.5dB,7.0,14.0,1.5,10.5,10.5,4.243936498926104,1.5079440193077067,well_defined_interior,True,,30,C3/Cz/C4_mean_log_psd,T0_rest_only,False
70,method_development,independent_single_run,,6,search_6_14Hz_prom_0.5dB,6.0,14.0,0.5,11.0,11.0,4.980228396664302,1.7796800811530238,well_defined_interior,True,,15,C3/Cz/C4_mean_log_psd,T0_rest_only,False
70,method_development,independent_single_run,,10,search_6_14Hz_prom_0.5dB,6.0,14.0,0.5,10.5,10.5,4.153591372593482,1.11810719402654,well_defined_interior,True,,15,C3/Cz/C4_mean_log_psd,T0_rest_only,False
70,method_development,independent_single_run,,14,search_6_14Hz_prom_0.5dB,6.0,14.0,0.5,10.5,10.5,4.058555677373079,1.5460544331792674,well_defined_interior,True,,15,C3/Cz/C4_mean_log_psd,T0_rest_only,False
70,method_development,leave_one_run_out,6,10/14,search_6_14Hz_prom_0.5dB,6.0,14.0,0.5,10.5,10.5,3.8023835905867855,1.2034395451409936,well_defined_interior,True,,30,C3/Cz/C4_mean_log_psd,T0_rest_only,False
70,method_development,leave_one_run_out,10,6/14,search_6_14Hz_prom_0.5dB,6.0,14.0,0.5,10.5,10.5,3.6470505787222436,1.6313274371495075,well_defined_interior,True,,30,C3/Cz/C4_mean_log_psd,T0_rest_only,False
70,method_development,leave_one_run_out,14,6/10,search_6_14Hz_prom_0.5dB,6.0,14.0,0.5,10.5,10.5,4.243936498926104,1.5079440193077067,well_defined_interior,True,,30,C3/Cz/C4_mean_log_psd,T0_rest_only,False
70,method_development,independent_single_run,,6,search_6_14Hz_prom_1dB,6.0,14.0,1.0,11.0,11.0,4.980228396664302,1.7796800811530238,well_defined_interior,True,,15,C3/Cz/C4_mean_log_psd,T0_rest_only,False
70,method_development,independent_single_run,,10,search_6_14Hz_prom_1dB,6.0,14.0,1.0,10.5,10.5,4.153591372593482,1.11810719402654,well_defined_interior,True,,15,C3/Cz/C4_mean_log_psd,T0_rest_only,False
70,method_development,independent_single_run,,14,search_6_14Hz_prom_1dB,6.0,14.0,1.0,10.5,10.5,4.058555677373079,1.5460544331792674,well_defined_interior,True,,15,C3/Cz/C4_mean_log_psd,T0_rest_only,False
70,method_development,leave_one_run_out,6,10/14,search_6_14Hz_prom_1dB,6.0,14.0,1.0,10.5,10.5,3.8023835905867855,1.2034395451409936,well_defined_interior,True,,30,C3/Cz/C4_mean_log_psd,T0_rest_only,False
70,method_development,leave_one_run_out,10,6/14,search_6_14Hz_prom_1dB,6.0,14.0,1.0,10.5,10.5,3.6470505787222436,1.6313274371495075,well_defined_interior,True,,30,C3/Cz/C4_mean_log_psd,T0_rest_only,False
70,method_development,leave_one_run_out,14,6/10,search_6_14Hz_prom_1dB,6.0,14.0,1.0,10.5,10.5,4.243936498926104,1.5079440193077067,well_defined_interior,True,,30,C3/Cz/C4_mean_log_psd,T0_rest_only,False
70,method_development,independent_single_run,,6,search_6_14Hz_prom_1.5dB,6.0,14.0,1.5,11.0,11.0,4.980228396664302,1.7796800811530238,well_defined_interior,True,,15,C3/Cz/C4_mean_log_psd,T0_rest_only,False
70,method_development,independent_single_run,,10,search_6_14Hz_prom_1.5dB,6.0,14.0,1.5,10.5,10.5,4.153591372593482,1.11810719402654,well_defined_interior,True,,15,C3/Cz/C4_mean_log_psd,T0_rest_only,False
70,method_development,independent_single_run,,14,search_6_14Hz_prom_1.5dB,6.0,14.0,1.5,10.5,10.5,4.058555677373079,1.5460544331792674,well_defined_interior,True,,15,C3/Cz/C4_mean_log_psd,T0_rest_only,False
70,method_development,leave_one_run_out,6,10/14,search_6_14Hz_prom_1.5dB,6.0,14.0,1.5,10.5,10.5,3.8023835905867855,1.2034395451409936,well_defined_interior,True,,30,C3/Cz/C4_mean_log_psd,T0_rest_only,False
70,method_development,leave_one_run_out,10,6/14,search_6_14Hz_prom_1.5dB,6.0,14.0,1.5,10.5,10.5,3.6470505787222436,1.6313274371495075,well_defined_interior,True,,30,C3/Cz/C4_mean_log_psd,T0_rest_only,False
70,method_development,leave_one_run_out,14,6/10,search_6_14Hz_prom_1.5dB,6.0,14.0,1.5,10.5,10.5,4.243936498926104,1.5079440193077067,well_defined_interior,True,,30,C3/Cz/C4_mean_log_psd,T0_rest_only,False
70,method_development,independent_single_run,,6,search_7_15Hz_prom_0.5dB,7.0,15.0,0.5,13.75,13.75,5.181035462746692,1.3426513266560516,well_defined_interior,True,,15,C3/Cz/C4_mean_log_psd,T0_rest_only,False
70,method_development,independent_single_run,,10,search_7_15Hz_prom_0.5dB,7.0,15.0,0.5,14.0,14.0,5.288852197539043,1.177813841326211,well_defined_interior,True,,15,C3/Cz/C4_mean_log_psd,T0_rest_only,False
70,method_development,independent_single_run,,14,search_7_15Hz_prom_0.5dB,7.0,15.0,0.5,13.5,13.5,5.064950016988917,1.162278112181573,well_defined_interior,True,,15,C3/Cz/C4_mean_log_psd,T0_rest_only,False
70,method_development,leave_one_run_out,6,10/14,search_7_15Hz_prom_0.5dB,7.0,15.0,0.5,14.0,14.0,3.938664141990728,1.3726326154415949,well_defined_interior,True,,30,C3/Cz/C4_mean_log_psd,T0_rest_only,False
70,method_development,leave_one_run_out,10,6/14,search_7_15Hz_prom_0.5dB,7.0,15.0,0.5,13.5,13.5,4.228649455016807,1.49039399896699,well_defined_interior,True,,30,C3/Cz/C4_mean_log_psd,T0_rest_only,False
70,method_development,leave_one_run_out,14,6/10,search_7_15Hz_prom_0.5dB,7.0,15.0,0.5,14.0,14.0,4.520226632868415,1.286199314333702,well_defined_interior,True,,30,C3/Cz/C4_mean_log_psd,T0_rest_only,False
70,method_development,independent_single_run,,6,search_7_15Hz_prom_1dB,7.0,15.0,1.0,13.75,13.75,5.181035462746692,1.3426513266560516,well_defined_interior,True,,15,C3/Cz/C4_mean_log_psd,T0_rest_only,False
70,method_development,independent_single_run,,10,search_7_15Hz_prom_1dB,7.0,15.0,1.0,14.0,14.0,5.288852197539043,1.177813841326211,well_defined_interior,True,,15,C3/Cz/C4_mean_log_psd,T0_rest_only,False
70,method_development,independent_single_run,,14,search_7_15Hz_prom_1dB,7.0,15.0,1.0,13.5,13.5,5.064950016988917,1.162278112181573,well_defined_interior,True,,15,C3/Cz/C4_mean_log_psd,T0_rest_only,False
70,method_development,leave_one_run_out,6,10/14,search_7_15Hz_prom_1dB,7.0,15.0,1.0,14.0,14.0,3.938664141990728,1.3726326154415949,well_defined_interior,True,,30,C3/Cz/C4_mean_log_psd,T0_rest_only,False
70,method_development,leave_one_run_out,10,6/14,search_7_15Hz_prom_1dB,7.0,15.0,1.0,13.5,13.5,4.228649455016807,1.49039399896699,well_defined_interior,True,,30,C3/Cz/C4_mean_log_psd,T0_rest_only,False
70,method_development,leave_one_run_out,14,6/10,search_7_15Hz_prom_1dB,7.0,15.0,1.0,14.0,14.0,4.520226632868415,1.286199314333702,well_defined_interior,True,,30,C3/Cz/C4_mean_log_psd,T0_rest_only,False
70,method_development,independent_single_run,,6,search_7_15Hz_prom_1.5dB,7.0,15.0,1.5,13.75,13.75,5.181035462746692,1.3426513266560516,well_defined_interior,True,,15,C3/Cz/C4_mean_log_psd,T0_rest_only,False
70,method_development,independent_single_run,,10,search_7_15Hz_prom_1.5dB,7.0,15.0,1.5,14.0,14.0,5.288852197539043,1.177813841326211,well_defined_interior,True,,15,C3/Cz/C4_mean_log_psd,T0_rest_only,False
70,method_development,independent_single_run,,14,search_7_15Hz_prom_1.5dB,7.0,15.0,1.5,13.5,13.5,5.064950016988917,1.162278112181573,well_defined_interior,True,,15,C3/Cz/C4_mean_log_psd,T0_rest_only,False
70,method_development,leave_one_run_out,6,10/14,search_7_15Hz_prom_1.5dB,7.0,15.0,1.5,14.0,14.0,3.938664141990728,1.3726326154415949,well_defined_interior,True,,30,C3/Cz/C4_mean_log_psd,T0_rest_only,False
70,method_development,leave_one_run_out,10,6/14,search_7_15Hz_prom_1.5dB,7.0,15.0,1.5,13.5,13.5,4.228649455016807,1.49039399896699,well_defined_interior,True,,30,C3/Cz/C4_mean_log_psd,T0_rest_only,False
70,method_development,leave_one_run_out,14,6/10,search_7_15Hz_prom_1.5dB,7.0,15.0,1.5,14.0,14.0,4.520226632868415,1.286199314333702,well_defined_interior,True,,30,C3/Cz/C4_mean_log_psd,T0_rest_only,False
72,method_development,independent_single_run,,6,search_7_14Hz_prom_0.5dB,7.0,14.0,0.5,11.0,11.0,8.804711893947044,1.3415002025972207,well_defined_interior,True,,15,C3/Cz/C4_mean_log_psd,T0_rest_only,False
72,method_development,independent_single_run,,10,search_7_14Hz_prom_0.5dB,7.0,14.0,0.5,11.0,11.0,8.378319108943245,1.4373442594750951,well_defined_interior,True,,15,C3/Cz/C4_mean_log_psd,T0_rest_only,False
72,method_development,independent_single_run,,14,search_7_14Hz_prom_0.5dB,7.0,14.0,0.5,11.25,11.25,8.88273609335387,1.6897535290165435,well_defined_interior,True,,15,C3/Cz/C4_mean_log_psd,T0_rest_only,False
72,method_development,leave_one_run_out,6,10/14,search_7_14Hz_prom_0.5dB,7.0,14.0,0.5,11.25,11.25,7.3913878228788406,1.631828296861412,well_defined_interior,True,,30,C3/Cz/C4_mean_log_psd,T0_rest_only,False
72,method_development,leave_one_run_out,10,6/14,search_7_14Hz_prom_0.5dB,7.0,14.0,0.5,11.25,11.25,7.537485262038032,1.5303537569226076,well_defined_interior,True,,30,C3/Cz/C4_mean_log_psd,T0_rest_only,False
72,method_development,leave_one_run_out,14,6/10,search_7_14Hz_prom_0.5dB,7.0,14.0,0.5,11.0,11.0,8.090552888440229,1.3941174718367564,well_defined_interior,True,,30,C3/Cz/C4_mean_log_psd,T0_rest_only,False
72,method_development,independent_single_run,,6,search_7_14Hz_prom_1dB,7.0,14.0,1.0,11.0,11.0,8.804711893947044,1.3415002025972207,well_defined_interior,True,,15,C3/Cz/C4_mean_log_psd,T0_rest_only,False
72,method_development,independent_single_run,,10,search_7_14Hz_prom_1dB,7.0,14.0,1.0,11.0,11.0,8.378319108943245,1.4373442594750951,well_defined_interior,True,,15,C3/Cz/C4_mean_log_psd,T0_rest_only,False
72,method_development,independent_single_run,,14,search_7_14Hz_prom_1dB,7.0,14.0,1.0,11.25,11.25,8.88273609335387,1.6897535290165435,well_defined_interior,True,,15,C3/Cz/C4_mean_log_psd,T0_rest_only,False
72,method_development,leave_one_run_out,6,10/14,search_7_14Hz_prom_1dB,7.0,14.0,1.0,11.25,11.25,7.3913878228788406,1.631828296861412,well_defined_interior,True,,30,C3/Cz/C4_mean_log_psd,T0_rest_only,False
72,method_development,leave_one_run_out,10,6/14,search_7_14Hz_prom_1dB,7.0,14.0,1.0,11.25,11.25,7.537485262038032,1.5303537569226076,well_defined_interior,True,,30,C3/Cz/C4_mean_log_psd,T0_rest_only,False
72,method_development,leave_one_run_out,14,6/10,search_7_14Hz_prom_1dB,7.0,14.0,1.0,11.0,11.0,8.090552888440229,1.3941174718367564,well_defined_interior,True,,30,C3/Cz/C4_mean_log_psd,T0_rest_only,False
72,method_development,independent_single_run,,6,search_7_14Hz_prom_1.5dB,7.0,14.0,1.5,11.0,11.0,8.804711893947044,1.3415002025972207,well_defined_interior,True,,15,C3/Cz/C4_mean_log_psd,T0_rest_only,False
72,method_development,independent_single_run,,10,search_7_14Hz_prom_1.5dB,7.0,14.0,1.5,11.0,11.0,8.378319108943245,1.4373442594750951,well_defined_interior,True,,15,C3/Cz/C4_mean_log_psd,T0_rest_only,False
72,method_development,independent_single_run,,14,search_7_14Hz_prom_1.5dB,7.0,14.0,1.5,11.25,11.25,8.88273609335387,1.6897535290165435,well_defined_interior,True,,15,C3/Cz/C4_mean_log_psd,T0_rest_only,False
72,method_development,leave_one_run_out,6,10/14,search_7_14Hz_prom_1.5dB,7.0,14.0,1.5,11.25,11.25,7.3913878228788406,1.631828296861412,well_defined_interior,True,,30,C3/Cz/C4_mean_log_psd,T0_rest_only,False
72,method_development,leave_one_run_out,10,6/14,search_7_14Hz_prom_1.5dB,7.0,14.0,1.5,11.25,11.25,7.537485262038032,1.5303537569226076,well_defined_interior,True,,30,C3/Cz/C4_mean_log_psd,T0_rest_only,False
72,method_development,leave_one_run_out,14,6/10,search_7_14Hz_prom_1.5dB,7.0,14.0,1.5,11.0,11.0,8.090552888440229,1.3941174718367564,well_defined_interior,True,,30,C3/Cz/C4_mean_log_psd,T0_rest_only,False
72,method_development,independent_single_run,,6,search_6_14Hz_prom_0.5dB,6.0,14.0,0.5,11.0,11.0,9.286436048226435,1.3944367212051292,well_defined_interior,True,,15,C3/Cz/C4_mean_log_psd,T0_rest_only,False
72,method_development,independent_single_run,,10,search_6_14Hz_prom_0.5dB,6.0,14.0,0.5,11.0,11.0,8.378319108943245,1.4373442594750951,well_defined_interior,True,,15,C3/Cz/C4_mean_log_psd,T0_rest_only,False
72,method_development,independent_single_run,,14,search_6_14Hz_prom_0.5dB,6.0,14.0,0.5,11.25,11.25,8.88273609335387,1.689753529016543,well_defined_interior,True,,15,C3/Cz/C4_mean_log_psd,T0_rest_only,False
72,method_development,leave_one_run_out,6,10/14,search_6_14Hz_prom_0.5dB,6.0,14.0,0.5,11.25,11.25,7.3913878228788406,1.6318282968614115,well_defined_interior,True,,30,C3/Cz/C4_mean_log_psd,T0_rest_only,False
72,method_development,leave_one_run_out,10,6/14,search_6_14Hz_prom_0.5dB,6.0,14.0,0.5,11.25,11.25,7.632824462279331,1.5424127612567773,well_defined_interior,True,,30,C3/Cz/C4_mean_log_psd,T0_rest_only,False
72,method_development,leave_one_run_out,14,6/10,search_6_14Hz_prom_0.5dB,6.0,14.0,0.5,11.0,11.0,8.303260234774683,1.4204913865294033,well_defined_interior,True,,30,C3/Cz/C4_mean_log_psd,T0_rest_only,False
72,method_development,independent_single_run,,6,search_6_14Hz_prom_1dB,6.0,14.0,1.0,11.0,11.0,9.286436048226435,1.3944367212051292,well_defined_interior,True,,15,C3/Cz/C4_mean_log_psd,T0_rest_only,False
72,method_development,independent_single_run,,10,search_6_14Hz_prom_1dB,6.0,14.0,1.0,11.0,11.0,8.378319108943245,1.4373442594750951,well_defined_interior,True,,15,C3/Cz/C4_mean_log_psd,T0_rest_only,False
72,method_development,independent_single_run,,14,search_6_14Hz_prom_1dB,6.0,14.0,1.0,11.25,11.25,8.88273609335387,1.689753529016543,well_defined_interior,True,,15,C3/Cz/C4_mean_log_psd,T0_rest_only,False
72,method_development,leave_one_run_out,6,10/14,search_6_14Hz_prom_1dB,6.0,14.0,1.0,11.25,11.25,7.3913878228788406,1.6318282968614115,well_defined_interior,True,,30,C3/Cz/C4_mean_log_psd,T0_rest_only,False
72,method_development,leave_one_run_out,10,6/14,search_6_14Hz_prom_1dB,6.0,14.0,1.0,11.25,11.25,7.632824462279331,1.5424127612567773,well_defined_interior,True,,30,C3/Cz/C4_mean_log_psd,T0_rest_only,False
72,method_development,leave_one_run_out,14,6/10,search_6_14Hz_prom_1dB,6.0,14.0,1.0,11.0,11.0,8.303260234774683,1.4204913865294033,well_defined_interior,True,,30,C3/Cz/C4_mean_log_psd,T0_rest_only,False
72,method_development,independent_single_run,,6,search_6_14Hz_prom_1.5dB,6.0,14.0,1.5,11.0,11.0,9.286436048226435,1.3944367212051292,well_defined_interior,True,,15,C3/Cz/C4_mean_log_psd,T0_rest_only,False
72,method_development,independent_single_run,,10,search_6_14Hz_prom_1.5dB,6.0,14.0,1.5,11.0,11.0,8.378319108943245,1.4373442594750951,well_defined_interior,True,,15,C3/Cz/C4_mean_log_psd,T0_rest_only,False
72,method_development,independent_single_run,,14,search_6_14Hz_prom_1.5dB,6.0,14.0,1.5,11.25,11.25,8.88273609335387,1.689753529016543,well_defined_interior,True,,15,C3/Cz/C4_mean_log_psd,T0_rest_only,False
72,method_development,leave_one_run_out,6,10/14,search_6_14Hz_prom_1.5dB,6.0,14.0,1.5,11.25,11.25,7.3913878228788406,1.6318282968614115,well_defined_interior,True,,30,C3/Cz/C4_mean_log_psd,T0_rest_only,False
72,method_development,leave_one_run_out,10,6/14,search_6_14Hz_prom_1.5dB,6.0,14.0,1.5,11.25,11.25,7.632824462279331,1.5424127612567773,well_defined_interior,True,,30,C3/Cz/C4_mean_log_psd,T0_rest_only,False
72,method_development,leave_one_run_out,14,6/10,search_6_14Hz_prom_1.5dB,6.0,14.0,1.5,11.0,11.0,8.303260234774683,1.4204913865294033,well_defined_interior,True,,30,C3/Cz/C4_mean_log_psd,T0_rest_only,False
72,method_development,independent_single_run,,6,search_7_15Hz_prom_0.5dB,7.0,15.0,0.5,11.0,11.0,8.804711893947044,1.3415002025972207,well_defined_interior,True,,15,C3/Cz/C4_mean_log_psd,T0_rest_only,False
72,method_development,independent_single_run,,10,search_7_15Hz_prom_0.5dB,7.0,15.0,0.5,11.0,11.0,8.378319108943245,1.4373442594750951,well_defined_interior,True,,15,C3/Cz/C4_mean_log_psd,T0_rest_only,False
72,method_development,independent_single_run,,14,search_7_15Hz_prom_0.5dB,7.0,15.0,0.5,11.25,11.25,8.88273609335387,1.6897535290165435,well_defined_interior,True,,15,C3/Cz/C4_mean_log_psd,T0_rest_only,False
72,method_development,leave_one_run_out,6,10/14,search_7_15Hz_prom_0.5dB,7.0,15.0,0.5,11.25,11.25,7.3913878228788406,1.631828296861412,well_defined_interior,True,,30,C3/Cz/C4_mean_log_psd,T0_rest_only,False
72,method_development,leave_one_run_out,10,6/14,search_7_15Hz_prom_0.5dB,7.0,15.0,0.5,11.25,11.25,7.537485262038032,1.5303537569226076,well_defined_interior,True,,30,C3/Cz/C4_mean_log_psd,T0_rest_only,False
72,method_development,leave_one_run_out,14,6/10,search_7_15Hz_prom_0.5dB,7.0,15.0,0.5,11.0,11.0,8.090552888440229,1.3941174718367564,well_defined_interior,True,,30,C3/Cz/C4_mean_log_psd,T0_rest_only,False
72,method_development,independent_single_run,,6,search_7_15Hz_prom_1dB,7.0,15.0,1.0,11.0,11.0,8.804711893947044,1.3415002025972207,well_defined_interior,True,,15,C3/Cz/C4_mean_log_psd,T0_rest_only,False
72,method_development,independent_single_run,,10,search_7_15Hz_prom_1dB,7.0,15.0,1.0,11.0,11.0,8.378319108943245,1.4373442594750951,well_defined_interior,True,,15,C3/Cz/C4_mean_log_psd,T0_rest_only,False
72,method_development,independent_single_run,,14,search_7_15Hz_prom_1dB,7.0,15.0,1.0,11.25,11.25,8.88273609335387,1.6897535290165435,well_defined_interior,True,,15,C3/Cz/C4_mean_log_psd,T0_rest_only,False
72,method_development,leave_one_run_out,6,10/14,search_7_15Hz_prom_1dB,7.0,15.0,1.0,11.25,11.25,7.3913878228788406,1.631828296861412,well_defined_interior,True,,30,C3/Cz/C4_mean_log_psd,T0_rest_only,False
72,method_development,leave_one_run_out,10,6/14,search_7_15Hz_prom_1dB,7.0,15.0,1.0,11.25,11.25,7.537485262038032,1.5303537569226076,well_defined_interior,True,,30,C3/Cz/C4_mean_log_psd,T0_rest_only,False
72,method_development,leave_one_run_out,14,6/10,search_7_15Hz_prom_1dB,7.0,15.0,1.0,11.0,11.0,8.090552888440229,1.3941174718367564,well_defined_interior,True,,30,C3/Cz/C4_mean_log_psd,T0_rest_only,False
72,method_development,independent_single_run,,6,search_7_15Hz_prom_1.5dB,7.0,15.0,1.5,11.0,11.0,8.804711893947044,1.3415002025972207,well_defined_interior,True,,15,C3/Cz/C4_mean_log_psd,T0_rest_only,False
72,method_development,independent_single_run,,10,search_7_15Hz_prom_1.5dB,7.0,15.0,1.5,11.0,11.0,8.378319108943245,1.4373442594750951,well_defined_interior,True,,15,C3/Cz/C4_mean_log_psd,T0_rest_only,False
72,method_development,independent_single_run,,14,search_7_15Hz_prom_1.5dB,7.0,15.0,1.5,11.25,11.25,8.88273609335387,1.6897535290165435,well_defined_interior,True,,15,C3/Cz/C4_mean_log_psd,T0_rest_only,False
72,method_development,leave_one_run_out,6,10/14,search_7_15Hz_prom_1.5dB,7.0,15.0,1.5,11.25,11.25,7.3913878228788406,1.631828296861412,well_defined_interior,True,,30,C3/Cz/C4_mean_log_psd,T0_rest_only,False
72,method_development,leave_one_run_out,10,6/14,search_7_15Hz_prom_1.5dB,7.0,15.0,1.5,11.25,11.25,7.537485262038032,1.5303537569226076,well_defined_interior,True,,30,C3/Cz/C4_mean_log_psd,T0_rest_only,False
72,method_development,leave_one_run_out,14,6/10,search_7_15Hz_prom_1.5dB,7.0,15.0,1.5,11.0,11.0,8.090552888440229,1.3941174718367564,well_defined_interior,True,,30,C3/Cz/C4_mean_log_psd,T0_rest_only,False
74,method_development,independent_single_run,,6,search_7_14Hz_prom_0.5dB,7.0,14.0,0.5,8.25,8.25,2.734512631910249,1.6110395466712601,well_defined_interior,True,,15,C3/Cz/C4_mean_log_psd,T0_rest_only,False
74,method_development,independent_single_run,,10,search_7_14Hz_prom_0.5dB,7.0,14.0,0.5,8.5,8.5,3.7174987201113083,0.7096447349034505,well_defined_interior,True,,15,C3/Cz/C4_mean_log_psd,T0_rest_only,False
74,method_development,independent_single_run,,14,search_7_14Hz_prom_0.5dB,7.0,14.0,0.5,8.75,8.75,3.5267964172731183,1.7971176692535114,well_defined_interior,True,,15,C3/Cz/C4_mean_log_psd,T0_rest_only,False
74,method_development,leave_one_run_out,6,10/14,search_7_14Hz_prom_0.5dB,7.0,14.0,0.5,8.5,8.5,3.0238783724061165,1.6653756711015535,well_defined_interior,True,,30,C3/Cz/C4_mean_log_psd,T0_rest_only,False
74,method_development,leave_one_run_out,10,6/14,search_7_14Hz_prom_0.5dB,7.0,14.0,0.5,8.25,8.25,2.385424092371977,1.437828061392481,well_defined_interior,True,,30,C3/Cz/C4_mean_log_psd,T0_rest_only,False
74,method_development,leave_one_run_out,14,6/10,search_7_14Hz_prom_0.5dB,7.0,14.0,0.5,8.5,8.5,3.1394789811871675,1.7122193691198386,well_defined_interior,True,,30,C3/Cz/C4_mean_log_psd,T0_rest_only,False
74,method_development,independent_single_run,,6,search_7_14Hz_prom_1dB,7.0,14.0,1.0,8.25,8.25,2.734512631910249,1.6110395466712601,well_defined_interior,True,,15,C3/Cz/C4_mean_log_psd,T0_rest_only,False
74,method_development,independent_single_run,,10,search_7_14Hz_prom_1dB,7.0,14.0,1.0,8.5,8.5,3.7174987201113083,0.7096447349034505,well_defined_interior,True,,15,C3/Cz/C4_mean_log_psd,T0_rest_only,False
74,method_development,independent_single_run,,14,search_7_14Hz_prom_1dB,7.0,14.0,1.0,8.75,8.75,3.5267964172731183,1.7971176692535114,well_defined_interior,True,,15,C3/Cz/C4_mean_log_psd,T0_rest_only,False
74,method_development,leave_one_run_out,6,10/14,search_7_14Hz_prom_1dB,7.0,14.0,1.0,8.5,8.5,3.0238783724061165,1.6653756711015535,well_defined_interior,True,,30,C3/Cz/C4_mean_log_psd,T0_rest_only,False
74,method_development,leave_one_run_out,10,6/14,search_7_14Hz_prom_1dB,7.0,14.0,1.0,8.25,8.25,2.385424092371977,1.437828061392481,well_defined_interior,True,,30,C3/Cz/C4_mean_log_psd,T0_rest_only,False
74,method_development,leave_one_run_out,14,6/10,search_7_14Hz_prom_1dB,7.0,14.0,1.0,8.5,8.5,3.1394789811871675,1.7122193691198386,well_defined_interior,True,,30,C3/Cz/C4_mean_log_psd,T0_rest_only,False
74,method_development,independent_single_run,,6,search_7_14Hz_prom_1.5dB,7.0,14.0,1.5,8.25,8.25,2.734512631910249,1.6110395466712601,well_defined_interior,True,,15,C3/Cz/C4_mean_log_psd,T0_rest_only,False
74,method_development,independent_single_run,,10,search_7_14Hz_prom_1.5dB,7.0,14.0,1.5,8.5,8.5,3.7174987201113083,0.7096447349034505,well_defined_interior,True,,15,C3/Cz/C4_mean_log_psd,T0_rest_only,False
74,method_development,independent_single_run,,14,search_7_14Hz_prom_1.5dB,7.0,14.0,1.5,8.75,8.75,3.5267964172731183,1.7971176692535114,well_defined_interior,True,,15,C3/Cz/C4_mean_log_psd,T0_rest_only,False
74,method_development,leave_one_run_out,6,10/14,search_7_14Hz_prom_1.5dB,7.0,14.0,1.5,8.5,8.5,3.0238783724061165,1.6653756711015535,well_defined_interior,True,,30,C3/Cz/C4_mean_log_psd,T0_rest_only,False
74,method_development,leave_one_run_out,10,6/14,search_7_14Hz_prom_1.5dB,7.0,14.0,1.5,8.25,8.25,2.385424092371977,1.437828061392481,well_defined_interior,True,,30,C3/Cz/C4_mean_log_psd,T0_rest_only,False
74,method_development,leave_one_run_out,14,6/10,search_7_14Hz_prom_1.5dB,7.0,14.0,1.5,8.5,8.5,3.1394789811871675,1.7122193691198386,well_defined_interior,True,,30,C3/Cz/C4_mean_log_psd,T0_rest_only,False
74,method_development,independent_single_run,,6,search_6_14Hz_prom_0.5dB,6.0,14.0,0.5,8.25,8.25,2.734512631910249,1.6110395466712601,well_defined_interior,True,,15,C3/Cz/C4_mean_log_psd,T0_rest_only,False
74,method_development,independent_single_run,,10,search_6_14Hz_prom_0.5dB,6.0,14.0,0.5,8.5,8.5,4.245338953500891,1.7986019963248738,well_defined_interior,True,,15,C3/Cz/C4_mean_log_psd,T0_rest_only,False
74,method_development,independent_single_run,,14,search_6_14Hz_prom_0.5dB,6.0,14.0,0.5,8.75,8.75,3.5267964172731183,1.7971176692535114,well_defined_interior,True,,15,C3/Cz/C4_mean_log_psd,T0_rest_only,False
74,method_development,leave_one_run_out,6,10/14,search_6_14Hz_prom_0.5dB,6.0,14.0,0.5,8.5,8.5,3.83423686923517,1.8302929146326972,well_defined_interior,True,,30,C3/Cz/C4_mean_log_psd,T0_rest_only,False
74,method_development,leave_one_run_out,10,6/14,search_6_14Hz_prom_0.5dB,6.0,14.0,0.5,8.25,8.25,2.385424092371977,1.437828061392481,well_defined_interior,True,,30,C3/Cz/C4_mean_log_psd,T0_rest_only,False
74,method_development,leave_one_run_out,14,6/10,search_6_14Hz_prom_0.5dB,6.0,14.0,0.5,8.5,8.5,3.1394789811871675,1.7122193691198389,well_defined_interior,True,,30,C3/Cz/C4_mean_log_psd,T0_rest_only,False
74,method_development,independent_single_run,,6,search_6_14Hz_prom_1dB,6.0,14.0,1.0,8.25,8.25,2.734512631910249,1.6110395466712601,well_defined_interior,True,,15,C3/Cz/C4_mean_log_psd,T0_rest_only,False
74,method_development,independent_single_run,,10,search_6_14Hz_prom_1dB,6.0,14.0,1.0,8.5,8.5,4.245338953500891,1.7986019963248738,well_defined_interior,True,,15,C3/Cz/C4_mean_log_psd,T0_rest_only,False
74,method_development,independent_single_run,,14,search_6_14Hz_prom_1dB,6.0,14.0,1.0,8.75,8.75,3.5267964172731183,1.7971176692535114,well_defined_interior,True,,15,C3/Cz/C4_mean_log_psd,T0_rest_only,False
74,method_development,leave_one_run_out,6,10/14,search_6_14Hz_prom_1dB,6.0,14.0,1.0,8.5,8.5,3.83423686923517,1.8302929146326972,well_defined_interior,True,,30,C3/Cz/C4_mean_log_psd,T0_rest_only,False
74,method_development,leave_one_run_out,10,6/14,search_6_14Hz_prom_1dB,6.0,14.0,1.0,8.25,8.25,2.385424092371977,1.437828061392481,well_defined_interior,True,,30,C3/Cz/C4_mean_log_psd,T0_rest_only,False
74,method_development,leave_one_run_out,14,6/10,search_6_14Hz_prom_1dB,6.0,14.0,1.0,8.5,8.5,3.1394789811871675,1.7122193691198389,well_defined_interior,True,,30,C3/Cz/C4_mean_log_psd,T0_rest_only,False
74,method_development,independent_single_run,,6,search_6_14Hz_prom_1.5dB,6.0,14.0,1.5,8.25,8.25,2.734512631910249,1.6110395466712601,well_defined_interior,True,,15,C3/Cz/C4_mean_log_psd,T0_rest_only,False
74,method_development,independent_single_run,,10,search_6_14Hz_prom_1.5dB,6.0,14.0,1.5,8.5,8.5,4.245338953500891,1.7986019963248738,well_defined_interior,True,,15,C3/Cz/C4_mean_log_psd,T0_rest_only,False
74,method_development,independent_single_run,,14,search_6_14Hz_prom_1.5dB,6.0,14.0,1.5,8.75,8.75,3.5267964172731183,1.7971176692535114,well_defined_interior,True,,15,C3/Cz/C4_mean_log_psd,T0_rest_only,False
74,method_development,leave_one_run_out,6,10/14,search_6_14Hz_prom_1.5dB,6.0,14.0,1.5,8.5,8.5,3.83423686923517,1.8302929146326972,well_defined_interior,True,,30,C3/Cz/C4_mean_log_psd,T0_rest_only,False
74,method_development,leave_one_run_out,10,6/14,search_6_14Hz_prom_1.5dB,6.0,14.0,1.5,8.25,8.25,2.385424092371977,1.437828061392481,well_defined_interior,True,,30,C3/Cz/C4_mean_log_psd,T0_rest_only,False
74,method_development,leave_one_run_out,14,6/10,search_6_14Hz_prom_1.5dB,6.0,14.0,1.5,8.5,8.5,3.1394789811871675,1.7122193691198389,well_defined_interior,True,,30,C3/Cz/C4_mean_log_psd,T0_rest_only,False
74,method_development,independent_single_run,,6,search_7_15Hz_prom_0.5dB,7.0,15.0,0.5,8.25,8.25,2.734512631910249,1.6110395466712601,well_defined_interior,True,,15,C3/Cz/C4_mean_log_psd,T0_rest_only,False
74,method_development,independent_single_run,,10,search_7_15Hz_prom_0.5dB,7.0,15.0,0.5,8.5,8.5,3.7174987201113083,0.7096447349034505,well_defined_interior,True,,15,C3/Cz/C4_mean_log_psd,T0_rest_only,False
74,method_development,independent_single_run,,14,search_7_15Hz_prom_0.5dB,7.0,15.0,0.5,8.75,8.75,3.5267964172731183,1.7971176692535114,well_defined_interior,True,,15,C3/Cz/C4_mean_log_psd,T0_rest_only,False
74,method_development,leave_one_run_out,6,10/14,search_7_15Hz_prom_0.5dB,7.0,15.0,0.5,8.5,8.5,3.0238783724061165,1.6653756711015535,well_defined_interior,True,,30,C3/Cz/C4_mean_log_psd,T0_rest_only,False
74,method_development,leave_one_run_out,10,6/14,search_7_15Hz_prom_0.5dB,7.0,15.0,0.5,8.25,8.25,2.385424092371977,1.437828061392481,well_defined_interior,True,,30,C3/Cz/C4_mean_log_psd,T0_rest_only,False
74,method_development,leave_one_run_out,14,6/10,search_7_15Hz_prom_0.5dB,7.0,15.0,0.5,8.5,8.5,3.1394789811871675,1.7122193691198386,well_defined_interior,True,,30,C3/Cz/C4_mean_log_psd,T0_rest_only,False
74,method_development,independent_single_run,,6,search_7_15Hz_prom_1dB,7.0,15.0,1.0,8.25,8.25,2.734512631910249,1.6110395466712601,well_defined_interior,True,,15,C3/Cz/C4_mean_log_psd,T0_rest_only,False
74,method_development,independent_single_run,,10,search_7_15Hz_prom_1dB,7.0,15.0,1.0,8.5,8.5,3.7174987201113083,0.7096447349034505,well_defined_interior,True,,15,C3/Cz/C4_mean_log_psd,T0_rest_only,False
74,method_development,independent_single_run,,14,search_7_15Hz_prom_1dB,7.0,15.0,1.0,8.75,8.75,3.5267964172731183,1.7971176692535114,well_defined_interior,True,,15,C3/Cz/C4_mean_log_psd,T0_rest_only,False
74,method_development,leave_one_run_out,6,10/14,search_7_15Hz_prom_1dB,7.0,15.0,1.0,8.5,8.5,3.0238783724061165,1.6653756711015535,well_defined_interior,True,,30,C3/Cz/C4_mean_log_psd,T0_rest_only,False
74,method_development,leave_one_run_out,10,6/14,search_7_15Hz_prom_1dB,7.0,15.0,1.0,8.25,8.25,2.385424092371977,1.437828061392481,well_defined_interior,True,,30,C3/Cz/C4_mean_log_psd,T0_rest_only,False
74,method_development,leave_one_run_out,14,6/10,search_7_15Hz_prom_1dB,7.0,15.0,1.0,8.5,8.5,3.1394789811871675,1.7122193691198386,well_defined_interior,True,,30,C3/Cz/C4_mean_log_psd,T0_rest_only,False
74,method_development,independent_single_run,,6,search_7_15Hz_prom_1.5dB,7.0,15.0,1.5,8.25,8.25,2.734512631910249,1.6110395466712601,well_defined_interior,True,,15,C3/Cz/C4_mean_log_psd,T0_rest_only,False
74,method_development,independent_single_run,,10,search_7_15Hz_prom_1.5dB,7.0,15.0,1.5,8.5,8.5,3.7174987201113083,0.7096447349034505,well_defined_interior,True,,15,C3/Cz/C4_mean_log_psd,T0_rest_only,False
74,method_development,independent_single_run,,14,search_7_15Hz_prom_1.5dB,7.0,15.0,1.5,8.75,8.75,3.5267964172731183,1.7971176692535114,well_defined_interior,True,,15,C3/Cz/C4_mean_log_psd,T0_rest_only,False
74,method_development,leave_one_run_out,6,10/14,search_7_15Hz_prom_1.5dB,7.0,15.0,1.5,8.5,8.5,3.0238783724061165,1.6653756711015535,well_defined_interior,True,,30,C3/Cz/C4_mean_log_psd,T0_rest_only,False
74,method_development,leave_one_run_out,10,6/14,search_7_15Hz_prom_1.5dB,7.0,15.0,1.5,8.25,8.25,2.385424092371977,1.437828061392481,well_defined_interior,True,,30,C3/Cz/C4_mean_log_psd,T0_rest_only,False
74,method_development,leave_one_run_out,14,6/10,search_7_15Hz_prom_1.5dB,7.0,15.0,1.5,8.5,8.5,3.1394789811871675,1.7122193691198386,well_defined_interior,True,,30,C3/Cz/C4_mean_log_psd,T0_rest_only,False
76,method_development,independent_single_run,,6,search_7_14Hz_prom_0.5dB,7.0,14.0,0.5,9.5,9.5,2.413431833184319,0.9533446626459703,well_defined_interior,True,,15,C3/Cz/C4_mean_log_psd,T0_rest_only,False
76,method_development,independent_single_run,,10,search_7_14Hz_prom_0.5dB,7.0,14.0,0.5,8.75,8.75,4.0159095109744385,0.478404766378298,well_defined_interior,True,,15,C3/Cz/C4_mean_log_psd,T0_rest_only,False
76,method_development,independent_single_run,,14,search_7_14Hz_prom_0.5dB,7.0,14.0,0.5,9.0,9.0,1.5827657102748134,0.32426598596017553,well_defined_interior,True,,15,C3/Cz/C4_mean_log_psd,T0_rest_only,False
76,method_development,leave_one_run_out,6,10/14,search_7_14Hz_prom_0.5dB,7.0,14.0,0.5,8.75,8.75,1.7270219350704963,0.6351881109215796,well_defined_interior,True,,30,C3/Cz/C4_mean_log_psd,T0_rest_only,False
76,method_development,leave_one_run_out,10,6/14,search_7_14Hz_prom_0.5dB,7.0,14.0,0.5,13.25,13.25,1.7445970083674496,0.29528390411034255,well_defined_interior,True,,30,C3/Cz/C4_mean_log_psd,T0_rest_only,False
76,method_development,leave_one_run_out,14,6/10,search_7_14Hz_prom_0.5dB,7.0,14.0,0.5,8.75,8.75,2.6718778370656935,0.5589513871380809,well_defined_interior,True,,30,C3/Cz/C4_mean_log_psd,T0_rest_only,False
76,method_development,independent_single_run,,6,search_7_14Hz_prom_1dB,7.0,14.0,1.0,9.5,9.5,2.413431833184319,0.9533446626459703,well_defined_interior,True,,15,C3/Cz/C4_mean_log_psd,T0_rest_only,False
76,method_development,independent_single_run,,10,search_7_14Hz_prom_1dB,7.0,14.0,1.0,8.75,8.75,4.0159095109744385,0.478404766378298,well_defined_interior,True,,15,C3/Cz/C4_mean_log_psd,T0_rest_only,False
76,method_development,independent_single_run,,14,search_7_14Hz_prom_1dB,7.0,14.0,1.0,9.0,9.0,1.5827657102748134,0.32426598596017553,well_defined_interior,True,,15,C3/Cz/C4_mean_log_psd,T0_rest_only,False
76,method_development,leave_one_run_out,6,10/14,search_7_14Hz_prom_1dB,7.0,14.0,1.0,8.75,8.75,1.7270219350704963,0.6351881109215796,well_defined_interior,True,,30,C3/Cz/C4_mean_log_psd,T0_rest_only,False
76,method_development,leave_one_run_out,10,6/14,search_7_14Hz_prom_1dB,7.0,14.0,1.0,13.25,13.25,1.7445970083674496,0.29528390411034255,well_defined_interior,True,,30,C3/Cz/C4_mean_log_psd,T0_rest_only,False
76,method_development,leave_one_run_out,14,6/10,search_7_14Hz_prom_1dB,7.0,14.0,1.0,8.75,8.75,2.6718778370656935,0.5589513871380809,well_defined_interior,True,,30,C3/Cz/C4_mean_log_psd,T0_rest_only,False
76,method_development,independent_single_run,,6,search_7_14Hz_prom_1.5dB,7.0,14.0,1.5,9.5,9.5,2.413431833184319,0.9533446626459703,well_defined_interior,True,,15,C3/Cz/C4_mean_log_psd,T0_rest_only,False
76,method_development,independent_single_run,,10,search_7_14Hz_prom_1.5dB,7.0,14.0,1.5,8.75,8.75,4.0159095109744385,0.478404766378298,well_defined_interior,True,,15,C3/Cz/C4_mean_log_psd,T0_rest_only,False
76,method_development,independent_single_run,,14,search_7_14Hz_prom_1.5dB,7.0,14.0,1.5,9.0,9.0,1.5827657102748134,0.32426598596017553,well_defined_interior,True,,15,C3/Cz/C4_mean_log_psd,T0_rest_only,False
76,method_development,leave_one_run_out,6,10/14,search_7_14Hz_prom_1.5dB,7.0,14.0,1.5,8.75,8.75,1.7270219350704963,0.6351881109215796,well_defined_interior,True,,30,C3/Cz/C4_mean_log_psd,T0_rest_only,False
76,method_development,leave_one_run_out,10,6/14,search_7_14Hz_prom_1.5dB,7.0,14.0,1.5,13.25,13.25,1.7445970083674496,0.29528390411034255,well_defined_interior,True,,30,C3/Cz/C4_mean_log_psd,T0_rest_only,False
76,method_development,leave_one_run_out,14,6/10,search_7_14Hz_prom_1.5dB,7.0,14.0,1.5,8.75,8.75,2.6718778370656935,0.5589513871380809,well_defined_interior,True,,30,C3/Cz/C4_mean_log_psd,T0_rest_only,False
76,method_development,independent_single_run,,6,search_6_14Hz_prom_0.5dB,6.0,14.0,0.5,7.25,7.25,3.682570190877641,1.0380935410245713,well_defined_interior,True,,15,C3/Cz/C4_mean_log_psd,T0_rest_only,False
76,method_development,independent_single_run,,10,search_6_14Hz_prom_0.5dB,6.0,14.0,0.5,8.75,8.75,4.0159095109744385,0.478404766378298,well_defined_interior,True,,15,C3/Cz/C4_mean_log_psd,T0_rest_only,False
76,method_development,independent_single_run,,14,search_6_14Hz_prom_0.5dB,6.0,14.0,0.5,7.25,7.25,2.4078650136691238,0.4853251538405763,well_defined_interior,True,,15,C3/Cz/C4_mean_log_psd,T0_rest_only,False
76,method_development,leave_one_run_out,6,10/14,search_6_14Hz_prom_0.5dB,6.0,14.0,0.5,8.75,8.75,1.7270219350704963,0.6351881109215798,well_defined_interior,True,,30,C3/Cz/C4_mean_log_psd,T0_rest_only,False
76,method_development,leave_one_run_out,10,6/14,search_6_14Hz_prom_0.5dB,6.0,14.0,0.5,7.25,7.25,3.045217602273482,0.5909767555058633,well_defined_interior,True,,30,C3/Cz/C4_mean_log_psd,T0_rest_only,False
76,method_development,leave_one_run_out,14,6/10,search_6_14Hz_prom_0.5dB,6.0,14.0,0.5,8.75,8.75,2.6718778370656935,0.5589513871380807,well_defined_interior,True,,30,C3/Cz/C4_mean_log_psd,T0_rest_only,False
76,method_development,independent_single_run,,6,search_6_14Hz_prom_1dB,6.0,14.0,1.0,7.25,7.25,3.682570190877641,1.0380935410245713,well_defined_interior,True,,15,C3/Cz/C4_mean_log_psd,T0_rest_only,False
76,method_development,independent_single_run,,10,search_6_14Hz_prom_1dB,6.0,14.0,1.0,8.75,8.75,4.0159095109744385,0.478404766378298,well_defined_interior,True,,15,C3/Cz/C4_mean_log_psd,T0_rest_only,False
76,method_development,independent_single_run,,14,search_6_14Hz_prom_1dB,6.0,14.0,1.0,7.25,7.25,2.4078650136691238,0.4853251538405763,well_defined_interior,True,,15,C3/Cz/C4_mean_log_psd,T0_rest_only,False
76,method_development,leave_one_run_out,6,10/14,search_6_14Hz_prom_1dB,6.0,14.0,1.0,8.75,8.75,1.7270219350704963,0.6351881109215798,well_defined_interior,True,,30,C3/Cz/C4_mean_log_psd,T0_rest_only,False
76,method_development,leave_one_run_out,10,6/14,search_6_14Hz_prom_1dB,6.0,14.0,1.0,7.25,7.25,3.045217602273482,0.5909767555058633,well_defined_interior,True,,30,C3/Cz/C4_mean_log_psd,T0_rest_only,False
76,method_development,leave_one_run_out,14,6/10,search_6_14Hz_prom_1dB,6.0,14.0,1.0,8.75,8.75,2.6718778370656935,0.5589513871380807,well_defined_interior,True,,30,C3/Cz/C4_mean_log_psd,T0_rest_only,False
76,method_development,independent_single_run,,6,search_6_14Hz_prom_1.5dB,6.0,14.0,1.5,7.25,7.25,3.682570190877641,1.0380935410245713,well_defined_interior,True,,15,C3/Cz/C4_mean_log_psd,T0_rest_only,False
76,method_development,independent_single_run,,10,search_6_14Hz_prom_1.5dB,6.0,14.0,1.5,8.75,8.75,4.0159095109744385,0.478404766378298,well_defined_interior,True,,15,C3/Cz/C4_mean_log_psd,T0_rest_only,False
76,method_development,independent_single_run,,14,search_6_14Hz_prom_1.5dB,6.0,14.0,1.5,7.25,7.25,2.4078650136691238,0.4853251538405763,well_defined_interior,True,,15,C3/Cz/C4_mean_log_psd,T0_rest_only,False
76,method_development,leave_one_run_out,6,10/14,search_6_14Hz_prom_1.5dB,6.0,14.0,1.5,8.75,8.75,1.7270219350704963,0.6351881109215798,well_defined_interior,True,,30,C3/Cz/C4_mean_log_psd,T0_rest_only,False
76,method_development,leave_one_run_out,10,6/14,search_6_14Hz_prom_1.5dB,6.0,14.0,1.5,7.25,7.25,3.045217602273482,0.5909767555058633,well_defined_interior,True,,30,C3/Cz/C4_mean_log_psd,T0_rest_only,False
76,method_development,leave_one_run_out,14,6/10,search_6_14Hz_prom_1.5dB,6.0,14.0,1.5,8.75,8.75,2.6718778370656935,0.5589513871380807,well_defined_interior,True,,30,C3/Cz/C4_mean_log_psd,T0_rest_only,False
76,method_development,independent_single_run,,6,search_7_15Hz_prom_0.5dB,7.0,15.0,0.5,9.5,9.5,2.413431833184319,0.9533446626459703,well_defined_interior,True,,15,C3/Cz/C4_mean_log_psd,T0_rest_only,False
76,method_development,independent_single_run,,10,search_7_15Hz_prom_0.5dB,7.0,15.0,0.5,8.75,8.75,4.0159095109744385,0.478404766378298,well_defined_interior,True,,15,C3/Cz/C4_mean_log_psd,T0_rest_only,False
76,method_development,independent_single_run,,14,search_7_15Hz_prom_0.5dB,7.0,15.0,0.5,14.0,14.0,1.789789545337257,0.4582208106369716,well_defined_interior,True,,15,C3/Cz/C4_mean_log_psd,T0_rest_only,False
76,method_development,leave_one_run_out,6,10/14,search_7_15Hz_prom_0.5dB,7.0,15.0,0.5,14.0,14.0,1.7661114390019463,1.0583013346123948,well_defined_interior,True,,30,C3/Cz/C4_mean_log_psd,T0_rest_only,False
76,method_development,leave_one_run_out,10,6/14,search_7_15Hz_prom_0.5dB,7.0,15.0,0.5,13.25,13.25,1.7445970083674496,0.29528390411034255,well_defined_interior,True,,30,C3/Cz/C4_mean_log_psd,T0_rest_only,False
76,method_development,leave_one_run_out,14,6/10,search_7_15Hz_prom_0.5dB,7.0,15.0,0.5,8.75,8.75,2.6718778370656935,0.5589513871380809,well_defined_interior,True,,30,C3/Cz/C4_mean_log_psd,T0_rest_only,False
76,method_development,independent_single_run,,6,search_7_15Hz_prom_1dB,7.0,15.0,1.0,9.5,9.5,2.413431833184319,0.9533446626459703,well_defined_interior,True,,15,C3/Cz/C4_mean_log_psd,T0_rest_only,False
76,method_development,independent_single_run,,10,search_7_15Hz_prom_1dB,7.0,15.0,1.0,8.75,8.75,4.0159095109744385,0.478404766378298,well_defined_interior,True,,15,C3/Cz/C4_mean_log_psd,T0_rest_only,False
76,method_development,independent_single_run,,14,search_7_15Hz_prom_1dB,7.0,15.0,1.0,14.0,14.0,1.789789545337257,0.4582208106369716,well_defined_interior,True,,15,C3/Cz/C4_mean_log_psd,T0_rest_only,False
76,method_development,leave_one_run_out,6,10/14,search_7_15Hz_prom_1dB,7.0,15.0,1.0,14.0,14.0,1.7661114390019463,1.0583013346123948,well_defined_interior,True,,30,C3/Cz/C4_mean_log_psd,T0_rest_only,False
76,method_development,leave_one_run_out,10,6/14,search_7_15Hz_prom_1dB,7.0,15.0,1.0,13.25,13.25,1.7445970083674496,0.29528390411034255,well_defined_interior,True,,30,C3/Cz/C4_mean_log_psd,T0_rest_only,False
76,method_development,leave_one_run_out,14,6/10,search_7_15Hz_prom_1dB,7.0,15.0,1.0,8.75,8.75,2.6718778370656935,0.5589513871380809,well_defined_interior,True,,30,C3/Cz/C4_mean_log_psd,T0_rest_only,False
76,method_development,independent_single_run,,6,search_7_15Hz_prom_1.5dB,7.0,15.0,1.5,9.5,9.5,2.413431833184319,0.9533446626459703,well_defined_interior,True,,15,C3/Cz/C4_mean_log_psd,T0_rest_only,False
76,method_development,independent_single_run,,10,search_7_15Hz_prom_1.5dB,7.0,15.0,1.5,8.75,8.75,4.0159095109744385,0.478404766378298,well_defined_interior,True,,15,C3/Cz/C4_mean_log_psd,T0_rest_only,False
76,method_development,independent_single_run,,14,search_7_15Hz_prom_1.5dB,7.0,15.0,1.5,14.0,14.0,1.789789545337257,0.4582208106369716,well_defined_interior,True,,15,C3/Cz/C4_mean_log_psd,T0_rest_only,False
76,method_development,leave_one_run_out,6,10/14,search_7_15Hz_prom_1.5dB,7.0,15.0,1.5,14.0,14.0,1.7661114390019463,1.0583013346123948,well_defined_interior,True,,30,C3/Cz/C4_mean_log_psd,T0_rest_only,False
76,method_development,leave_one_run_out,10,6/14,search_7_15Hz_prom_1.5dB,7.0,15.0,1.5,13.25,13.25,1.7445970083674496,0.29528390411034255,well_defined_interior,True,,30,C3/Cz/C4_mean_log_psd,T0_rest_only,False
76,method_development,leave_one_run_out,14,6/10,search_7_15Hz_prom_1.5dB,7.0,15.0,1.5,8.75,8.75,2.6718778370656935,0.5589513871380809,well_defined_interior,True,,30,C3/Cz/C4_mean_log_psd,T0_rest_only,False
78,method_development,independent_single_run,,6,search_7_14Hz_prom_0.5dB,7.0,14.0,0.5,10.25,10.25,4.363776742136764,1.6157657170835291,well_defined_interior,True,,15,C3/Cz/C4_mean_log_psd,T0_rest_only,False
78,method_development,independent_single_run,,10,search_7_14Hz_prom_0.5dB,7.0,14.0,0.5,10.5,10.5,3.6727387255533017,1.3065273720513062,well_defined_interior,True,,15,C3/Cz/C4_mean_log_psd,T0_rest_only,False
78,method_development,independent_single_run,,14,search_7_14Hz_prom_0.5dB,7.0,14.0,0.5,11.25,11.25,3.7539668813679867,1.9345063259917405,well_defined_interior,True,,15,C3/Cz/C4_mean_log_psd,T0_rest_only,False
78,method_development,leave_one_run_out,6,10/14,search_7_14Hz_prom_0.5dB,7.0,14.0,0.5,10.75,10.75,2.374826416512491,1.542525962047535,well_defined_interior,True,,30,C3/Cz/C4_mean_log_psd,T0_rest_only,False
78,method_development,leave_one_run_out,10,6/14,search_7_14Hz_prom_0.5dB,7.0,14.0,0.5,10.25,10.25,3.68552439517633,2.5989926294659256,well_defined_interior,True,,30,C3/Cz/C4_mean_log_psd,T0_rest_only,False
78,method_development,leave_one_run_out,14,6/10,search_7_14Hz_prom_0.5dB,7.0,14.0,0.5,10.25,10.25,3.7898295239645847,1.2586491371534771,well_defined_interior,True,,30,C3/Cz/C4_mean_log_psd,T0_rest_only,False
78,method_development,independent_single_run,,6,search_7_14Hz_prom_1dB,7.0,14.0,1.0,10.25,10.25,4.363776742136764,1.6157657170835291,well_defined_interior,True,,15,C3/Cz/C4_mean_log_psd,T0_rest_only,False
78,method_development,independent_single_run,,10,search_7_14Hz_prom_1dB,7.0,14.0,1.0,10.5,10.5,3.6727387255533017,1.3065273720513062,well_defined_interior,True,,15,C3/Cz/C4_mean_log_psd,T0_rest_only,False
78,method_development,independent_single_run,,14,search_7_14Hz_prom_1dB,7.0,14.0,1.0,11.25,11.25,3.7539668813679867,1.9345063259917405,well_defined_interior,True,,15,C3/Cz/C4_mean_log_psd,T0_rest_only,False
78,method_development,leave_one_run_out,6,10/14,search_7_14Hz_prom_1dB,7.0,14.0,1.0,10.75,10.75,2.374826416512491,1.542525962047535,well_defined_interior,True,,30,C3/Cz/C4_mean_log_psd,T0_rest_only,False
78,method_development,leave_one_run_out,10,6/14,search_7_14Hz_prom_1dB,7.0,14.0,1.0,10.25,10.25,3.68552439517633,2.5989926294659256,well_defined_interior,True,,30,C3/Cz/C4_mean_log_psd,T0_rest_only,False
78,method_development,leave_one_run_out,14,6/10,search_7_14Hz_prom_1dB,7.0,14.0,1.0,10.25,10.25,3.7898295239645847,1.2586491371534771,well_defined_interior,True,,30,C3/Cz/C4_mean_log_psd,T0_rest_only,False
78,method_development,independent_single_run,,6,search_7_14Hz_prom_1.5dB,7.0,14.0,1.5,10.25,10.25,4.363776742136764,1.6157657170835291,well_defined_interior,True,,15,C3/Cz/C4_mean_log_psd,T0_rest_only,False
78,method_development,independent_single_run,,10,search_7_14Hz_prom_1.5dB,7.0,14.0,1.5,10.5,10.5,3.6727387255533017,1.3065273720513062,well_defined_interior,True,,15,C3/Cz/C4_mean_log_psd,T0_rest_only,False
78,method_development,independent_single_run,,14,search_7_14Hz_prom_1.5dB,7.0,14.0,1.5,11.25,11.25,3.7539668813679867,1.9345063259917405,well_defined_interior,True,,15,C3/Cz/C4_mean_log_psd,T0_rest_only,False
78,method_development,leave_one_run_out,6,10/14,search_7_14Hz_prom_1.5dB,7.0,14.0,1.5,10.75,10.75,2.374826416512491,1.542525962047535,well_defined_interior,True,,30,C3/Cz/C4_mean_log_psd,T0_rest_only,False
78,method_development,leave_one_run_out,10,6/14,search_7_14Hz_prom_1.5dB,7.0,14.0,1.5,10.25,10.25,3.68552439517633,2.5989926294659256,well_defined_interior,True,,30,C3/Cz/C4_mean_log_psd,T0_rest_only,False
78,method_development,leave_one_run_out,14,6/10,search_7_14Hz_prom_1.5dB,7.0,14.0,1.5,10.25,10.25,3.7898295239645847,1.2586491371534771,well_defined_interior,True,,30,C3/Cz/C4_mean_log_psd,T0_rest_only,False
78,method_development,independent_single_run,,6,search_6_14Hz_prom_0.5dB,6.0,14.0,0.5,10.25,10.25,4.363776742136764,1.6157657170835291,well_defined_interior,True,,15,C3/Cz/C4_mean_log_psd,T0_rest_only,False
78,method_development,independent_single_run,,10,search_6_14Hz_prom_0.5dB,6.0,14.0,0.5,10.5,10.5,3.6727387255533017,1.3065273720513062,well_defined_interior,True,,15,C3/Cz/C4_mean_log_psd,T0_rest_only,False
78,method_development,independent_single_run,,14,search_6_14Hz_prom_0.5dB,6.0,14.0,0.5,11.25,11.25,3.7539668813679867,1.9345063259917405,well_defined_interior,True,,15,C3/Cz/C4_mean_log_psd,T0_rest_only,False
78,method_development,leave_one_run_out,6,10/14,search_6_14Hz_prom_0.5dB,6.0,14.0,0.5,10.75,10.75,2.374826416512491,1.542525962047535,well_defined_interior,True,,30,C3/Cz/C4_mean_log_psd,T0_rest_only,False
78,method_development,leave_one_run_out,10,6/14,search_6_14Hz_prom_0.5dB,6.0,14.0,0.5,10.25,10.25,3.68552439517633,2.598992629465926,well_defined_interior,True,,30,C3/Cz/C4_mean_log_psd,T0_rest_only,False
78,method_development,leave_one_run_out,14,6/10,search_6_14Hz_prom_0.5dB,6.0,14.0,0.5,10.25,10.25,3.7898295239645847,1.2586491371534771,well_defined_interior,True,,30,C3/Cz/C4_mean_log_psd,T0_rest_only,False
78,method_development,independent_single_run,,6,search_6_14Hz_prom_1dB,6.0,14.0,1.0,10.25,10.25,4.363776742136764,1.6157657170835291,well_defined_interior,True,,15,C3/Cz/C4_mean_log_psd,T0_rest_only,False
78,method_development,independent_single_run,,10,search_6_14Hz_prom_1dB,6.0,14.0,1.0,10.5,10.5,3.6727387255533017,1.3065273720513062,well_defined_interior,True,,15,C3/Cz/C4_mean_log_psd,T0_rest_only,False
78,method_development,independent_single_run,,14,search_6_14Hz_prom_1dB,6.0,14.0,1.0,11.25,11.25,3.7539668813679867,1.9345063259917405,well_defined_interior,True,,15,C3/Cz/C4_mean_log_psd,T0_rest_only,False
78,method_development,leave_one_run_out,6,10/14,search_6_14Hz_prom_1dB,6.0,14.0,1.0,10.75,10.75,2.374826416512491,1.542525962047535,well_defined_interior,True,,30,C3/Cz/C4_mean_log_psd,T0_rest_only,False
78,method_development,leave_one_run_out,10,6/14,search_6_14Hz_prom_1dB,6.0,14.0,1.0,10.25,10.25,3.68552439517633,2.598992629465926,well_defined_interior,True,,30,C3/Cz/C4_mean_log_psd,T0_rest_only,False
78,method_development,leave_one_run_out,14,6/10,search_6_14Hz_prom_1dB,6.0,14.0,1.0,10.25,10.25,3.7898295239645847,1.2586491371534771,well_defined_interior,True,,30,C3/Cz/C4_mean_log_psd,T0_rest_only,False
78,method_development,independent_single_run,,6,search_6_14Hz_prom_1.5dB,6.0,14.0,1.5,10.25,10.25,4.363776742136764,1.6157657170835291,well_defined_interior,True,,15,C3/Cz/C4_mean_log_psd,T0_rest_only,False
78,method_development,independent_single_run,,10,search_6_14Hz_prom_1.5dB,6.0,14.0,1.5,10.5,10.5,3.6727387255533017,1.3065273720513062,well_defined_interior,True,,15,C3/Cz/C4_mean_log_psd,T0_rest_only,False
78,method_development,independent_single_run,,14,search_6_14Hz_prom_1.5dB,6.0,14.0,1.5,11.25,11.25,3.7539668813679867,1.9345063259917405,well_defined_interior,True,,15,C3/Cz/C4_mean_log_psd,T0_rest_only,False
78,method_development,leave_one_run_out,6,10/14,search_6_14Hz_prom_1.5dB,6.0,14.0,1.5,10.75,10.75,2.374826416512491,1.542525962047535,well_defined_interior,True,,30,C3/Cz/C4_mean_log_psd,T0_rest_only,False
78,method_development,leave_one_run_out,10,6/14,search_6_14Hz_prom_1.5dB,6.0,14.0,1.5,10.25,10.25,3.68552439517633,2.598992629465926,well_defined_interior,True,,30,C3/Cz/C4_mean_log_psd,T0_rest_only,False
78,method_development,leave_one_run_out,14,6/10,search_6_14Hz_prom_1.5dB,6.0,14.0,1.5,10.25,10.25,3.7898295239645847,1.2586491371534771,well_defined_interior,True,,30,C3/Cz/C4_mean_log_psd,T0_rest_only,False
78,method_development,independent_single_run,,6,search_7_15Hz_prom_0.5dB,7.0,15.0,0.5,10.25,10.25,4.363776742136764,1.6157657170835291,well_defined_interior,True,,15,C3/Cz/C4_mean_log_psd,T0_rest_only,False
78,method_development,independent_single_run,,10,search_7_15Hz_prom_0.5dB,7.0,15.0,0.5,10.5,10.5,3.6727387255533017,1.3065273720513062,well_defined_interior,True,,15,C3/Cz/C4_mean_log_psd,T0_rest_only,False
78,method_development,independent_single_run,,14,search_7_15Hz_prom_0.5dB,7.0,15.0,0.5,11.25,11.25,3.7539668813679867,1.9345063259917405,well_defined_interior,True,,15,C3/Cz/C4_mean_log_psd,T0_rest_only,False
78,method_development,leave_one_run_out,6,10/14,search_7_15Hz_prom_0.5dB,7.0,15.0,0.5,10.75,10.75,2.374826416512491,1.542525962047535,well_defined_interior,True,,30,C3/Cz/C4_mean_log_psd,T0_rest_only,False
78,method_development,leave_one_run_out,10,6/14,search_7_15Hz_prom_0.5dB,7.0,15.0,0.5,10.25,10.25,3.68552439517633,2.5989926294659256,well_defined_interior,True,,30,C3/Cz/C4_mean_log_psd,T0_rest_only,False
78,method_development,leave_one_run_out,14,6/10,search_7_15Hz_prom_0.5dB,7.0,15.0,0.5,10.25,10.25,3.7898295239645847,1.2586491371534771,well_defined_interior,True,,30,C3/Cz/C4_mean_log_psd,T0_rest_only,False
78,method_development,independent_single_run,,6,search_7_15Hz_prom_1dB,7.0,15.0,1.0,10.25,10.25,4.363776742136764,1.6157657170835291,well_defined_interior,True,,15,C3/Cz/C4_mean_log_psd,T0_rest_only,False
78,method_development,independent_single_run,,10,search_7_15Hz_prom_1dB,7.0,15.0,1.0,10.5,10.5,3.6727387255533017,1.3065273720513062,well_defined_interior,True,,15,C3/Cz/C4_mean_log_psd,T0_rest_only,False
78,method_development,independent_single_run,,14,search_7_15Hz_prom_1dB,7.0,15.0,1.0,11.25,11.25,3.7539668813679867,1.9345063259917405,well_defined_interior,True,,15,C3/Cz/C4_mean_log_psd,T0_rest_only,False
78,method_development,leave_one_run_out,6,10/14,search_7_15Hz_prom_1dB,7.0,15.0,1.0,10.75,10.75,2.374826416512491,1.542525962047535,well_defined_interior,True,,30,C3/Cz/C4_mean_log_psd,T0_rest_only,False
78,method_development,leave_one_run_out,10,6/14,search_7_15Hz_prom_1dB,7.0,15.0,1.0,10.25,10.25,3.68552439517633,2.5989926294659256,well_defined_interior,True,,30,C3/Cz/C4_mean_log_psd,T0_rest_only,False
78,method_development,leave_one_run_out,14,6/10,search_7_15Hz_prom_1dB,7.0,15.0,1.0,10.25,10.25,3.7898295239645847,1.2586491371534771,well_defined_interior,True,,30,C3/Cz/C4_mean_log_psd,T0_rest_only,False
78,method_development,independent_single_run,,6,search_7_15Hz_prom_1.5dB,7.0,15.0,1.5,10.25,10.25,4.363776742136764,1.6157657170835291,well_defined_interior,True,,15,C3/Cz/C4_mean_log_psd,T0_rest_only,False
78,method_development,independent_single_run,,10,search_7_15Hz_prom_1.5dB,7.0,15.0,1.5,10.5,10.5,3.6727387255533017,1.3065273720513062,well_defined_interior,True,,15,C3/Cz/C4_mean_log_psd,T0_rest_only,False
78,method_development,independent_single_run,,14,search_7_15Hz_prom_1.5dB,7.0,15.0,1.5,11.25,11.25,3.7539668813679867,1.9345063259917405,well_defined_interior,True,,15,C3/Cz/C4_mean_log_psd,T0_rest_only,False
78,method_development,leave_one_run_out,6,10/14,search_7_15Hz_prom_1.5dB,7.0,15.0,1.5,10.75,10.75,2.374826416512491,1.542525962047535,well_defined_interior,True,,30,C3/Cz/C4_mean_log_psd,T0_rest_only,False
78,method_development,leave_one_run_out,10,6/14,search_7_15Hz_prom_1.5dB,7.0,15.0,1.5,10.25,10.25,3.68552439517633,2.5989926294659256,well_defined_interior,True,,30,C3/Cz/C4_mean_log_psd,T0_rest_only,False
78,method_development,leave_one_run_out,14,6/10,search_7_15Hz_prom_1.5dB,7.0,15.0,1.5,10.25,10.25,3.7898295239645847,1.2586491371534771,well_defined_interior,True,,30,C3/Cz/C4_mean_log_psd,T0_rest_only,False
80,method_development,independent_single_run,,6,search_7_14Hz_prom_0.5dB,7.0,14.0,0.5,12.25,12.25,4.83515498420762,1.6803433431792776,well_defined_interior,True,,15,C3/Cz/C4_mean_log_psd,T0_rest_only,False
80,method_development,independent_single_run,,10,search_7_14Hz_prom_0.5dB,7.0,14.0,0.5,12.25,12.25,3.988422955722129,0.8749269876303574,well_defined_interior,True,,15,C3/Cz/C4_mean_log_psd,T0_rest_only,False
80,method_development,independent_single_run,,14,search_7_14Hz_prom_0.5dB,7.0,14.0,0.5,10.75,10.75,4.927780230853585,0.6504473338190864,well_defined_interior,True,,15,C3/Cz/C4_mean_log_psd,T0_rest_only,False
80,method_development,leave_one_run_out,6,10/14,search_7_14Hz_prom_0.5dB,7.0,14.0,0.5,12.25,12.25,4.259910930685635,1.0356511252525555,well_defined_interior,True,,30,C3/Cz/C4_mean_log_psd,T0_rest_only,False
80,method_development,leave_one_run_out,10,6/14,search_7_14Hz_prom_0.5dB,7.0,14.0,0.5,12.25,12.25,4.346960089473399,0.9016945350216234,well_defined_interior,True,,30,C3/Cz/C4_mean_log_psd,T0_rest_only,False
80,method_development,leave_one_run_out,14,6/10,search_7_14Hz_prom_0.5dB,7.0,14.0,0.5,12.25,12.25,4.075472114509935,1.3379997634496013,well_defined_interior,True,,30,C3/Cz/C4_mean_log_psd,T0_rest_only,False
80,method_development,independent_single_run,,6,search_7_14Hz_prom_1dB,7.0,14.0,1.0,12.25,12.25,4.83515498420762,1.6803433431792776,well_defined_interior,True,,15,C3/Cz/C4_mean_log_psd,T0_rest_only,False
80,method_development,independent_single_run,,10,search_7_14Hz_prom_1dB,7.0,14.0,1.0,12.25,12.25,3.988422955722129,0.8749269876303574,well_defined_interior,True,,15,C3/Cz/C4_mean_log_psd,T0_rest_only,False
80,method_development,independent_single_run,,14,search_7_14Hz_prom_1dB,7.0,14.0,1.0,10.75,10.75,4.927780230853585,0.6504473338190864,well_defined_interior,True,,15,C3/Cz/C4_mean_log_psd,T0_rest_only,False
80,method_development,leave_one_run_out,6,10/14,search_7_14Hz_prom_1dB,7.0,14.0,1.0,12.25,12.25,4.259910930685635,1.0356511252525555,well_defined_interior,True,,30,C3/Cz/C4_mean_log_psd,T0_rest_only,False
80,method_development,leave_one_run_out,10,6/14,search_7_14Hz_prom_1dB,7.0,14.0,1.0,12.25,12.25,4.346960089473399,0.9016945350216234,well_defined_interior,True,,30,C3/Cz/C4_mean_log_psd,T0_rest_only,False
80,method_development,leave_one_run_out,14,6/10,search_7_14Hz_prom_1dB,7.0,14.0,1.0,12.25,12.25,4.075472114509935,1.3379997634496013,well_defined_interior,True,,30,C3/Cz/C4_mean_log_psd,T0_rest_only,False
80,method_development,independent_single_run,,6,search_7_14Hz_prom_1.5dB,7.0,14.0,1.5,12.25,12.25,4.83515498420762,1.6803433431792776,well_defined_interior,True,,15,C3/Cz/C4_mean_log_psd,T0_rest_only,False
80,method_development,independent_single_run,,10,search_7_14Hz_prom_1.5dB,7.0,14.0,1.5,12.25,12.25,3.988422955722129,0.8749269876303574,well_defined_interior,True,,15,C3/Cz/C4_mean_log_psd,T0_rest_only,False
80,method_development,independent_single_run,,14,search_7_14Hz_prom_1.5dB,7.0,14.0,1.5,10.75,10.75,4.927780230853585,0.6504473338190864,well_defined_interior,True,,15,C3/Cz/C4_mean_log_psd,T0_rest_only,False
80,method_development,leave_one_run_out,6,10/14,search_7_14Hz_prom_1.5dB,7.0,14.0,1.5,12.25,12.25,4.259910930685635,1.0356511252525555,well_defined_interior,True,,30,C3/Cz/C4_mean_log_psd,T0_rest_only,False
80,method_development,leave_one_run_out,10,6/14,search_7_14Hz_prom_1.5dB,7.0,14.0,1.5,12.25,12.25,4.346960089473399,0.9016945350216234,well_defined_interior,True,,30,C3/Cz/C4_mean_log_psd,T0_rest_only,False
80,method_development,leave_one_run_out,14,6/10,search_7_14Hz_prom_1.5dB,7.0,14.0,1.5,12.25,12.25,4.075472114509935,1.3379997634496013,well_defined_interior,True,,30,C3/Cz/C4_mean_log_psd,T0_rest_only,False
80,method_development,independent_single_run,,6,search_6_14Hz_prom_0.5dB,6.0,14.0,0.5,12.25,12.25,4.83515498420762,1.6803433431792776,well_defined_interior,True,,15,C3/Cz/C4_mean_log_psd,T0_rest_only,False
80,method_development,independent_single_run,,10,search_6_14Hz_prom_0.5dB,6.0,14.0,0.5,12.25,12.25,3.988422955722129,0.8749269876303574,well_defined_interior,True,,15,C3/Cz/C4_mean_log_psd,T0_rest_only,False
80,method_development,independent_single_run,,14,search_6_14Hz_prom_0.5dB,6.0,14.0,0.5,10.75,10.75,4.927780230853585,0.6504473338190859,well_defined_interior,True,,15,C3/Cz/C4_mean_log_psd,T0_rest_only,False
80,method_development,leave_one_run_out,6,10/14,search_6_14Hz_prom_0.5dB,6.0,14.0,0.5,12.25,12.25,4.259910930685635,1.0356511252525555,well_defined_interior,True,,30,C3/Cz/C4_mean_log_psd,T0_rest_only,False
80,method_development,leave_one_run_out,10,6/14,search_6_14Hz_prom_0.5dB,6.0,14.0,0.5,12.25,12.25,4.346960089473399,0.9016945350216234,well_defined_interior,True,,30,C3/Cz/C4_mean_log_psd,T0_rest_only,False
80,method_development,leave_one_run_out,14,6/10,search_6_14Hz_prom_0.5dB,6.0,14.0,0.5,12.25,12.25,4.075472114509935,1.3379997634496013,well_defined_interior,True,,30,C3/Cz/C4_mean_log_psd,T0_rest_only,False
80,method_development,independent_single_run,,6,search_6_14Hz_prom_1dB,6.0,14.0,1.0,12.25,12.25,4.83515498420762,1.6803433431792776,well_defined_interior,True,,15,C3/Cz/C4_mean_log_psd,T0_rest_only,False
80,method_development,independent_single_run,,10,search_6_14Hz_prom_1dB,6.0,14.0,1.0,12.25,12.25,3.988422955722129,0.8749269876303574,well_defined_interior,True,,15,C3/Cz/C4_mean_log_psd,T0_rest_only,False
80,method_development,independent_single_run,,14,search_6_14Hz_prom_1dB,6.0,14.0,1.0,10.75,10.75,4.927780230853585,0.6504473338190859,well_defined_interior,True,,15,C3/Cz/C4_mean_log_psd,T0_rest_only,False
80,method_development,leave_one_run_out,6,10/14,search_6_14Hz_prom_1dB,6.0,14.0,1.0,12.25,12.25,4.259910930685635,1.0356511252525555,well_defined_interior,True,,30,C3/Cz/C4_mean_log_psd,T0_rest_only,False
80,method_development,leave_one_run_out,10,6/14,search_6_14Hz_prom_1dB,6.0,14.0,1.0,12.25,12.25,4.346960089473399,0.9016945350216234,well_defined_interior,True,,30,C3/Cz/C4_mean_log_psd,T0_rest_only,False
80,method_development,leave_one_run_out,14,6/10,search_6_14Hz_prom_1dB,6.0,14.0,1.0,12.25,12.25,4.075472114509935,1.3379997634496013,well_defined_interior,True,,30,C3/Cz/C4_mean_log_psd,T0_rest_only,False
80,method_development,independent_single_run,,6,search_6_14Hz_prom_1.5dB,6.0,14.0,1.5,12.25,12.25,4.83515498420762,1.6803433431792776,well_defined_interior,True,,15,C3/Cz/C4_mean_log_psd,T0_rest_only,False
80,method_development,independent_single_run,,10,search_6_14Hz_prom_1.5dB,6.0,14.0,1.5,12.25,12.25,3.988422955722129,0.8749269876303574,well_defined_interior,True,,15,C3/Cz/C4_mean_log_psd,T0_rest_only,False
80,method_development,independent_single_run,,14,search_6_14Hz_prom_1.5dB,6.0,14.0,1.5,10.75,10.75,4.927780230853585,0.6504473338190859,well_defined_interior,True,,15,C3/Cz/C4_mean_log_psd,T0_rest_only,False
80,method_development,leave_one_run_out,6,10/14,search_6_14Hz_prom_1.5dB,6.0,14.0,1.5,12.25,12.25,4.259910930685635,1.0356511252525555,well_defined_interior,True,,30,C3/Cz/C4_mean_log_psd,T0_rest_only,False
80,method_development,leave_one_run_out,10,6/14,search_6_14Hz_prom_1.5dB,6.0,14.0,1.5,12.25,12.25,4.346960089473399,0.9016945350216234,well_defined_interior,True,,30,C3/Cz/C4_mean_log_psd,T0_rest_only,False
80,method_development,leave_one_run_out,14,6/10,search_6_14Hz_prom_1.5dB,6.0,14.0,1.5,12.25,12.25,4.075472114509935,1.3379997634496013,well_defined_interior,True,,30,C3/Cz/C4_mean_log_psd,T0_rest_only,False
80,method_development,independent_single_run,,6,search_7_15Hz_prom_0.5dB,7.0,15.0,0.5,12.25,12.25,4.83515498420762,1.6803433431792776,well_defined_interior,True,,15,C3/Cz/C4_mean_log_psd,T0_rest_only,False
80,method_development,independent_single_run,,10,search_7_15Hz_prom_0.5dB,7.0,15.0,0.5,12.25,12.25,3.988422955722129,0.8749269876303574,well_defined_interior,True,,15,C3/Cz/C4_mean_log_psd,T0_rest_only,False
80,method_development,independent_single_run,,14,search_7_15Hz_prom_0.5dB,7.0,15.0,0.5,10.75,10.75,4.927780230853585,0.6504473338190864,well_defined_interior,True,,15,C3/Cz/C4_mean_log_psd,T0_rest_only,False
80,method_development,leave_one_run_out,6,10/14,search_7_15Hz_prom_0.5dB,7.0,15.0,0.5,12.25,12.25,4.259910930685635,1.0356511252525555,well_defined_interior,True,,30,C3/Cz/C4_mean_log_psd,T0_rest_only,False
80,method_development,leave_one_run_out,10,6/14,search_7_15Hz_prom_0.5dB,7.0,15.0,0.5,12.25,12.25,4.346960089473399,0.9016945350216234,well_defined_interior,True,,30,C3/Cz/C4_mean_log_psd,T0_rest_only,False
80,method_development,leave_one_run_out,14,6/10,search_7_15Hz_prom_0.5dB,7.0,15.0,0.5,12.25,12.25,4.075472114509935,1.3379997634496013,well_defined_interior,True,,30,C3/Cz/C4_mean_log_psd,T0_rest_only,False
80,method_development,independent_single_run,,6,search_7_15Hz_prom_1dB,7.0,15.0,1.0,12.25,12.25,4.83515498420762,1.6803433431792776,well_defined_interior,True,,15,C3/Cz/C4_mean_log_psd,T0_rest_only,False
80,method_development,independent_single_run,,10,search_7_15Hz_prom_1dB,7.0,15.0,1.0,12.25,12.25,3.988422955722129,0.8749269876303574,well_defined_interior,True,,15,C3/Cz/C4_mean_log_psd,T0_rest_only,False
80,method_development,independent_single_run,,14,search_7_15Hz_prom_1dB,7.0,15.0,1.0,10.75,10.75,4.927780230853585,0.6504473338190864,well_defined_interior,True,,15,C3/Cz/C4_mean_log_psd,T0_rest_only,False
80,method_development,leave_one_run_out,6,10/14,search_7_15Hz_prom_1dB,7.0,15.0,1.0,12.25,12.25,4.259910930685635,1.0356511252525555,well_defined_interior,True,,30,C3/Cz/C4_mean_log_psd,T0_rest_only,False
80,method_development,leave_one_run_out,10,6/14,search_7_15Hz_prom_1dB,7.0,15.0,1.0,12.25,12.25,4.346960089473399,0.9016945350216234,well_defined_interior,True,,30,C3/Cz/C4_mean_log_psd,T0_rest_only,False
80,method_development,leave_one_run_out,14,6/10,search_7_15Hz_prom_1dB,7.0,15.0,1.0,12.25,12.25,4.075472114509935,1.3379997634496013,well_defined_interior,True,,30,C3/Cz/C4_mean_log_psd,T0_rest_only,False
80,method_development,independent_single_run,,6,search_7_15Hz_prom_1.5dB,7.0,15.0,1.5,12.25,12.25,4.83515498420762,1.6803433431792776,well_defined_interior,True,,15,C3/Cz/C4_mean_log_psd,T0_rest_only,False
80,method_development,independent_single_run,,10,search_7_15Hz_prom_1.5dB,7.0,15.0,1.5,12.25,12.25,3.988422955722129,0.8749269876303574,well_defined_interior,True,,15,C3/Cz/C4_mean_log_psd,T0_rest_only,False
80,method_development,independent_single_run,,14,search_7_15Hz_prom_1.5dB,7.0,15.0,1.5,10.75,10.75,4.927780230853585,0.6504473338190864,well_defined_interior,True,,15,C3/Cz/C4_mean_log_psd,T0_rest_only,False
80,method_development,leave_one_run_out,6,10/14,search_7_15Hz_prom_1.5dB,7.0,15.0,1.5,12.25,12.25,4.259910930685635,1.0356511252525555,well_defined_interior,True,,30,C3/Cz/C4_mean_log_psd,T0_rest_only,False
80,method_development,leave_one_run_out,10,6/14,search_7_15Hz_prom_1.5dB,7.0,15.0,1.5,12.25,12.25,4.346960089473399,0.9016945350216234,well_defined_interior,True,,30,C3/Cz/C4_mean_log_psd,T0_rest_only,False
80,method_development,leave_one_run_out,14,6/10,search_7_15Hz_prom_1.5dB,7.0,15.0,1.5,12.25,12.25,4.075472114509935,1.3379997634496013,well_defined_interior,True,,30,C3/Cz/C4_mean_log_psd,T0_rest_only,False
82,method_development,independent_single_run,,6,search_7_14Hz_prom_0.5dB,7.0,14.0,0.5,10.25,10.25,4.695104006294713,1.3044979886917432,well_defined_interior,True,,15,C3/Cz/C4_mean_log_psd,T0_rest_only,False
82,method_development,independent_single_run,,10,search_7_14Hz_prom_0.5dB,7.0,14.0,0.5,10.0,10.0,5.648482810363745,2.60566127646511,well_defined_interior,True,,15,C3/Cz/C4_mean_log_psd,T0_rest_only,False
82,method_development,independent_single_run,,14,search_7_14Hz_prom_0.5dB,7.0,14.0,0.5,9.75,9.75,5.349992872937591,1.2179821678315728,well_defined_interior,True,,15,C3/Cz/C4_mean_log_psd,T0_rest_only,False
82,method_development,leave_one_run_out,6,10/14,search_7_14Hz_prom_0.5dB,7.0,14.0,0.5,9.75,9.75,4.814699467823559,2.11724863255919,well_defined_interior,True,,30,C3/Cz/C4_mean_log_psd,T0_rest_only,False
82,method_development,leave_one_run_out,10,6/14,search_7_14Hz_prom_0.5dB,7.0,14.0,0.5,9.75,9.75,4.420246176847954,2.1043339914036547,well_defined_interior,True,,30,C3/Cz/C4_mean_log_psd,T0_rest_only,False
82,method_development,leave_one_run_out,14,6/10,search_7_14Hz_prom_0.5dB,7.0,14.0,0.5,10.25,10.25,4.824381564654914,2.562992579498909,well_defined_interior,True,,30,C3/Cz/C4_mean_log_psd,T0_rest_only,False
82,method_development,independent_single_run,,6,search_7_14Hz_prom_1dB,7.0,14.0,1.0,10.25,10.25,4.695104006294713,1.3044979886917432,well_defined_interior,True,,15,C3/Cz/C4_mean_log_psd,T0_rest_only,False
82,method_development,independent_single_run,,10,search_7_14Hz_prom_1dB,7.0,14.0,1.0,10.0,10.0,5.648482810363745,2.60566127646511,well_defined_interior,True,,15,C3/Cz/C4_mean_log_psd,T0_rest_only,False
82,method_development,independent_single_run,,14,search_7_14Hz_prom_1dB,7.0,14.0,1.0,9.75,9.75,5.349992872937591,1.2179821678315728,well_defined_interior,True,,15,C3/Cz/C4_mean_log_psd,T0_rest_only,False
82,method_development,leave_one_run_out,6,10/14,search_7_14Hz_prom_1dB,7.0,14.0,1.0,9.75,9.75,4.814699467823559,2.11724863255919,well_defined_interior,True,,30,C3/Cz/C4_mean_log_psd,T0_rest_only,False
82,method_development,leave_one_run_out,10,6/14,search_7_14Hz_prom_1dB,7.0,14.0,1.0,9.75,9.75,4.420246176847954,2.1043339914036547,well_defined_interior,True,,30,C3/Cz/C4_mean_log_psd,T0_rest_only,False
82,method_development,leave_one_run_out,14,6/10,search_7_14Hz_prom_1dB,7.0,14.0,1.0,10.25,10.25,4.824381564654914,2.562992579498909,well_defined_interior,True,,30,C3/Cz/C4_mean_log_psd,T0_rest_only,False
82,method_development,independent_single_run,,6,search_7_14Hz_prom_1.5dB,7.0,14.0,1.5,10.25,10.25,4.695104006294713,1.3044979886917432,well_defined_interior,True,,15,C3/Cz/C4_mean_log_psd,T0_rest_only,False
82,method_development,independent_single_run,,10,search_7_14Hz_prom_1.5dB,7.0,14.0,1.5,10.0,10.0,5.648482810363745,2.60566127646511,well_defined_interior,True,,15,C3/Cz/C4_mean_log_psd,T0_rest_only,False
82,method_development,independent_single_run,,14,search_7_14Hz_prom_1.5dB,7.0,14.0,1.5,9.75,9.75,5.349992872937591,1.2179821678315728,well_defined_interior,True,,15,C3/Cz/C4_mean_log_psd,T0_rest_only,False
82,method_development,leave_one_run_out,6,10/14,search_7_14Hz_prom_1.5dB,7.0,14.0,1.5,9.75,9.75,4.814699467823559,2.11724863255919,well_defined_interior,True,,30,C3/Cz/C4_mean_log_psd,T0_rest_only,False
82,method_development,leave_one_run_out,10,6/14,search_7_14Hz_prom_1.5dB,7.0,14.0,1.5,9.75,9.75,4.420246176847954,2.1043339914036547,well_defined_interior,True,,30,C3/Cz/C4_mean_log_psd,T0_rest_only,False
82,method_development,leave_one_run_out,14,6/10,search_7_14Hz_prom_1.5dB,7.0,14.0,1.5,10.25,10.25,4.824381564654914,2.562992579498909,well_defined_interior,True,,30,C3/Cz/C4_mean_log_psd,T0_rest_only,False
82,method_development,independent_single_run,,6,search_6_14Hz_prom_0.5dB,6.0,14.0,0.5,10.25,10.25,4.880258895804346,1.326721687171152,well_defined_interior,True,,15,C3/Cz/C4_mean_log_psd,T0_rest_only,False
82,method_development,independent_single_run,,10,search_6_14Hz_prom_0.5dB,6.0,14.0,0.5,10.0,10.0,5.957490640921705,2.776317604707874,well_defined_interior,True,,15,C3/Cz/C4_mean_log_psd,T0_rest_only,False
82,method_development,independent_single_run,,14,search_6_14Hz_prom_0.5dB,6.0,14.0,0.5,9.75,9.75,6.729478967018878,1.3659118211389116,well_defined_interior,True,,15,C3/Cz/C4_mean_log_psd,T0_rest_only,False
82,method_development,leave_one_run_out,6,10/14,search_6_14Hz_prom_0.5dB,6.0,14.0,0.5,9.75,9.75,5.63364704732119,2.93290902315681,well_defined_interior,True,,30,C3/Cz/C4_mean_log_psd,T0_rest_only,False
82,method_development,leave_one_run_out,10,6/14,search_6_14Hz_prom_0.5dB,6.0,14.0,0.5,9.75,9.75,5.451284542590315,3.0327232174715246,well_defined_interior,True,,30,C3/Cz/C4_mean_log_psd,T0_rest_only,False
82,method_development,leave_one_run_out,14,6/10,search_6_14Hz_prom_0.5dB,6.0,14.0,0.5,10.25,10.25,5.1308937706592985,2.62469434927019,well_defined_interior,True,,30,C3/Cz/C4_mean_log_psd,T0_rest_only,False
82,method_development,independent_single_run,,6,search_6_14Hz_prom_1dB,6.0,14.0,1.0,10.25,10.25,4.880258895804346,1.326721687171152,well_defined_interior,True,,15,C3/Cz/C4_mean_log_psd,T0_rest_only,False
82,method_development,independent_single_run,,10,search_6_14Hz_prom_1dB,6.0,14.0,1.0,10.0,10.0,5.957490640921705,2.776317604707874,well_defined_interior,True,,15,C3/Cz/C4_mean_log_psd,T0_rest_only,False
82,method_development,independent_single_run,,14,search_6_14Hz_prom_1dB,6.0,14.0,1.0,9.75,9.75,6.729478967018878,1.3659118211389116,well_defined_interior,True,,15,C3/Cz/C4_mean_log_psd,T0_rest_only,False
82,method_development,leave_one_run_out,6,10/14,search_6_14Hz_prom_1dB,6.0,14.0,1.0,9.75,9.75,5.63364704732119,2.93290902315681,well_defined_interior,True,,30,C3/Cz/C4_mean_log_psd,T0_rest_only,False
82,method_development,leave_one_run_out,10,6/14,search_6_14Hz_prom_1dB,6.0,14.0,1.0,9.75,9.75,5.451284542590315,3.0327232174715246,well_defined_interior,True,,30,C3/Cz/C4_mean_log_psd,T0_rest_only,False
82,method_development,leave_one_run_out,14,6/10,search_6_14Hz_prom_1dB,6.0,14.0,1.0,10.25,10.25,5.1308937706592985,2.62469434927019,well_defined_interior,True,,30,C3/Cz/C4_mean_log_psd,T0_rest_only,False
82,method_development,independent_single_run,,6,search_6_14Hz_prom_1.5dB,6.0,14.0,1.5,10.25,10.25,4.880258895804346,1.326721687171152,well_defined_interior,True,,15,C3/Cz/C4_mean_log_psd,T0_rest_only,False
82,method_development,independent_single_run,,10,search_6_14Hz_prom_1.5dB,6.0,14.0,1.5,10.0,10.0,5.957490640921705,2.776317604707874,well_defined_interior,True,,15,C3/Cz/C4_mean_log_psd,T0_rest_only,False
82,method_development,independent_single_run,,14,search_6_14Hz_prom_1.5dB,6.0,14.0,1.5,9.75,9.75,6.729478967018878,1.3659118211389116,well_defined_interior,True,,15,C3/Cz/C4_mean_log_psd,T0_rest_only,False
82,method_development,leave_one_run_out,6,10/14,search_6_14Hz_prom_1.5dB,6.0,14.0,1.5,9.75,9.75,5.63364704732119,2.93290902315681,well_defined_interior,True,,30,C3/Cz/C4_mean_log_psd,T0_rest_only,False
82,method_development,leave_one_run_out,10,6/14,search_6_14Hz_prom_1.5dB,6.0,14.0,1.5,9.75,9.75,5.451284542590315,3.0327232174715246,well_defined_interior,True,,30,C3/Cz/C4_mean_log_psd,T0_rest_only,False
82,method_development,leave_one_run_out,14,6/10,search_6_14Hz_prom_1.5dB,6.0,14.0,1.5,10.25,10.25,5.1308937706592985,2.62469434927019,well_defined_interior,True,,30,C3/Cz/C4_mean_log_psd,T0_rest_only,False
82,method_development,independent_single_run,,6,search_7_15Hz_prom_0.5dB,7.0,15.0,0.5,10.25,10.25,4.695104006294713,1.3044979886917432,well_defined_interior,True,,15,C3/Cz/C4_mean_log_psd,T0_rest_only,False
82,method_development,independent_single_run,,10,search_7_15Hz_prom_0.5dB,7.0,15.0,0.5,10.0,10.0,5.648482810363745,2.60566127646511,well_defined_interior,True,,15,C3/Cz/C4_mean_log_psd,T0_rest_only,False
82,method_development,independent_single_run,,14,search_7_15Hz_prom_0.5dB,7.0,15.0,0.5,9.75,9.75,5.349992872937591,1.2179821678315728,well_defined_interior,True,,15,C3/Cz/C4_mean_log_psd,T0_rest_only,False
82,method_development,leave_one_run_out,6,10/14,search_7_15Hz_prom_0.5dB,7.0,15.0,0.5,9.75,9.75,4.814699467823559,2.11724863255919,well_defined_interior,True,,30,C3/Cz/C4_mean_log_psd,T0_rest_only,False
82,method_development,leave_one_run_out,10,6/14,search_7_15Hz_prom_0.5dB,7.0,15.0,0.5,9.75,9.75,4.420246176847954,2.1043339914036547,well_defined_interior,True,,30,C3/Cz/C4_mean_log_psd,T0_rest_only,False
82,method_development,leave_one_run_out,14,6/10,search_7_15Hz_prom_0.5dB,7.0,15.0,0.5,10.25,10.25,4.824381564654914,2.562992579498909,well_defined_interior,True,,30,C3/Cz/C4_mean_log_psd,T0_rest_only,False
82,method_development,independent_single_run,,6,search_7_15Hz_prom_1dB,7.0,15.0,1.0,10.25,10.25,4.695104006294713,1.3044979886917432,well_defined_interior,True,,15,C3/Cz/C4_mean_log_psd,T0_rest_only,False
82,method_development,independent_single_run,,10,search_7_15Hz_prom_1dB,7.0,15.0,1.0,10.0,10.0,5.648482810363745,2.60566127646511,well_defined_interior,True,,15,C3/Cz/C4_mean_log_psd,T0_rest_only,False
82,method_development,independent_single_run,,14,search_7_15Hz_prom_1dB,7.0,15.0,1.0,9.75,9.75,5.349992872937591,1.2179821678315728,well_defined_interior,True,,15,C3/Cz/C4_mean_log_psd,T0_rest_only,False
82,method_development,leave_one_run_out,6,10/14,search_7_15Hz_prom_1dB,7.0,15.0,1.0,9.75,9.75,4.814699467823559,2.11724863255919,well_defined_interior,True,,30,C3/Cz/C4_mean_log_psd,T0_rest_only,False
82,method_development,leave_one_run_out,10,6/14,search_7_15Hz_prom_1dB,7.0,15.0,1.0,9.75,9.75,4.420246176847954,2.1043339914036547,well_defined_interior,True,,30,C3/Cz/C4_mean_log_psd,T0_rest_only,False
82,method_development,leave_one_run_out,14,6/10,search_7_15Hz_prom_1dB,7.0,15.0,1.0,10.25,10.25,4.824381564654914,2.562992579498909,well_defined_interior,True,,30,C3/Cz/C4_mean_log_psd,T0_rest_only,False
82,method_development,independent_single_run,,6,search_7_15Hz_prom_1.5dB,7.0,15.0,1.5,10.25,10.25,4.695104006294713,1.3044979886917432,well_defined_interior,True,,15,C3/Cz/C4_mean_log_psd,T0_rest_only,False
82,method_development,independent_single_run,,10,search_7_15Hz_prom_1.5dB,7.0,15.0,1.5,10.0,10.0,5.648482810363745,2.60566127646511,well_defined_interior,True,,15,C3/Cz/C4_mean_log_psd,T0_rest_only,False
82,method_development,independent_single_run,,14,search_7_15Hz_prom_1.5dB,7.0,15.0,1.5,9.75,9.75,5.349992872937591,1.2179821678315728,well_defined_interior,True,,15,C3/Cz/C4_mean_log_psd,T0_rest_only,False
82,method_development,leave_one_run_out,6,10/14,search_7_15Hz_prom_1.5dB,7.0,15.0,1.5,9.75,9.75,4.814699467823559,2.11724863255919,well_defined_interior,True,,30,C3/Cz/C4_mean_log_psd,T0_rest_only,False
82,method_development,leave_one_run_out,10,6/14,search_7_15Hz_prom_1.5dB,7.0,15.0,1.5,9.75,9.75,4.420246176847954,2.1043339914036547,well_defined_interior,True,,30,C3/Cz/C4_mean_log_psd,T0_rest_only,False
82,method_development,leave_one_run_out,14,6/10,search_7_15Hz_prom_1.5dB,7.0,15.0,1.5,10.25,10.25,4.824381564654914,2.562992579498909,well_defined_interior,True,,30,C3/Cz/C4_mean_log_psd,T0_rest_only,False
84,method_development,independent_single_run,,6,search_7_14Hz_prom_0.5dB,7.0,14.0,0.5,10.25,10.25,6.543111528188334,3.0148065208508763,well_defined_interior,True,,15,C3/Cz/C4_mean_log_psd,T0_rest_only,False
84,method_development,independent_single_run,,10,search_7_14Hz_prom_0.5dB,7.0,14.0,0.5,10.75,10.75,8.053922960324996,2.1359561509796317,well_defined_interior,True,,15,C3/Cz/C4_mean_log_psd,T0_rest_only,False
84,method_development,independent_single_run,,14,search_7_14Hz_prom_0.5dB,7.0,14.0,0.5,9.25,9.25,8.064045233282386,2.9373325646575834,well_defined_interior,True,,15,C3/Cz/C4_mean_log_psd,T0_rest_only,False
84,method_development,leave_one_run_out,6,10/14,search_7_14Hz_prom_0.5dB,7.0,14.0,0.5,10.75,10.75,7.655698970739351,2.6465351844978073,well_defined_interior,True,,30,C3/Cz/C4_mean_log_psd,T0_rest_only,False
84,method_development,leave_one_run_out,10,6/14,search_7_14Hz_prom_0.5dB,7.0,14.0,0.5,10.25,10.25,6.960320026438879,2.949628261251715,well_defined_interior,True,,30,C3/Cz/C4_mean_log_psd,T0_rest_only,False
84,method_development,leave_one_run_out,14,6/10,search_7_14Hz_prom_0.5dB,7.0,14.0,0.5,10.75,10.75,6.308761239410472,3.173518548141838,well_defined_interior,True,,30,C3/Cz/C4_mean_log_psd,T0_rest_only,False
84,method_development,independent_single_run,,6,search_7_14Hz_prom_1dB,7.0,14.0,1.0,10.25,10.25,6.543111528188334,3.0148065208508763,well_defined_interior,True,,15,C3/Cz/C4_mean_log_psd,T0_rest_only,False
84,method_development,independent_single_run,,10,search_7_14Hz_prom_1dB,7.0,14.0,1.0,10.75,10.75,8.053922960324996,2.1359561509796317,well_defined_interior,True,,15,C3/Cz/C4_mean_log_psd,T0_rest_only,False
84,method_development,independent_single_run,,14,search_7_14Hz_prom_1dB,7.0,14.0,1.0,9.25,9.25,8.064045233282386,2.9373325646575834,well_defined_interior,True,,15,C3/Cz/C4_mean_log_psd,T0_rest_only,False
84,method_development,leave_one_run_out,6,10/14,search_7_14Hz_prom_1dB,7.0,14.0,1.0,10.75,10.75,7.655698970739351,2.6465351844978073,well_defined_interior,True,,30,C3/Cz/C4_mean_log_psd,T0_rest_only,False
84,method_development,leave_one_run_out,10,6/14,search_7_14Hz_prom_1dB,7.0,14.0,1.0,10.25,10.25,6.960320026438879,2.949628261251715,well_defined_interior,True,,30,C3/Cz/C4_mean_log_psd,T0_rest_only,False
84,method_development,leave_one_run_out,14,6/10,search_7_14Hz_prom_1dB,7.0,14.0,1.0,10.75,10.75,6.308761239410472,3.173518548141838,well_defined_interior,True,,30,C3/Cz/C4_mean_log_psd,T0_rest_only,False
84,method_development,independent_single_run,,6,search_7_14Hz_prom_1.5dB,7.0,14.0,1.5,10.25,10.25,6.543111528188334,3.0148065208508763,well_defined_interior,True,,15,C3/Cz/C4_mean_log_psd,T0_rest_only,False
84,method_development,independent_single_run,,10,search_7_14Hz_prom_1.5dB,7.0,14.0,1.5,10.75,10.75,8.053922960324996,2.1359561509796317,well_defined_interior,True,,15,C3/Cz/C4_mean_log_psd,T0_rest_only,False
84,method_development,independent_single_run,,14,search_7_14Hz_prom_1.5dB,7.0,14.0,1.5,9.25,9.25,8.064045233282386,2.9373325646575834,well_defined_interior,True,,15,C3/Cz/C4_mean_log_psd,T0_rest_only,False
84,method_development,leave_one_run_out,6,10/14,search_7_14Hz_prom_1.5dB,7.0,14.0,1.5,10.75,10.75,7.655698970739351,2.6465351844978073,well_defined_interior,True,,30,C3/Cz/C4_mean_log_psd,T0_rest_only,False
84,method_development,leave_one_run_out,10,6/14,search_7_14Hz_prom_1.5dB,7.0,14.0,1.5,10.25,10.25,6.960320026438879,2.949628261251715,well_defined_interior,True,,30,C3/Cz/C4_mean_log_psd,T0_rest_only,False
84,method_development,leave_one_run_out,14,6/10,search_7_14Hz_prom_1.5dB,7.0,14.0,1.5,10.75,10.75,6.308761239410472,3.173518548141838,well_defined_interior,True,,30,C3/Cz/C4_mean_log_psd,T0_rest_only,False
84,method_development,independent_single_run,,6,search_6_14Hz_prom_0.5dB,6.0,14.0,0.5,10.25,10.25,7.955684916680227,3.309915856613685,well_defined_interior,True,,15,C3/Cz/C4_mean_log_psd,T0_rest_only,False
84,method_development,independent_single_run,,10,search_6_14Hz_prom_0.5dB,6.0,14.0,0.5,10.75,10.75,9.190151259110323,3.156108615953983,well_defined_interior,True,,15,C3/Cz/C4_mean_log_psd,T0_rest_only,False
84,method_development,independent_single_run,,14,search_6_14Hz_prom_0.5dB,6.0,14.0,0.5,9.25,9.25,8.440355140837596,2.997691558759014,well_defined_interior,True,,15,C3/Cz/C4_mean_log_psd,T0_rest_only,False
84,method_development,leave_one_run_out,6,10/14,search_6_14Hz_prom_0.5dB,6.0,14.0,0.5,10.75,10.75,8.634752411396974,2.8216917029083017,well_defined_interior,True,,30,C3/Cz/C4_mean_log_psd,T0_rest_only,False
84,method_development,leave_one_run_out,10,6/14,search_6_14Hz_prom_0.5dB,6.0,14.0,0.5,10.25,10.25,7.724437080577729,3.0585854889322195,well_defined_interior,True,,30,C3/Cz/C4_mean_log_psd,T0_rest_only,False
84,method_development,leave_one_run_out,14,6/10,search_6_14Hz_prom_0.5dB,6.0,14.0,0.5,10.75,10.75,6.775013962478653,3.2838216964249103,well_defined_interior,True,,30,C3/Cz/C4_mean_log_psd,T0_rest_only,False
84,method_development,independent_single_run,,6,search_6_14Hz_prom_1dB,6.0,14.0,1.0,10.25,10.25,7.955684916680227,3.309915856613685,well_defined_interior,True,,15,C3/Cz/C4_mean_log_psd,T0_rest_only,False
84,method_development,independent_single_run,,10,search_6_14Hz_prom_1dB,6.0,14.0,1.0,10.75,10.75,9.190151259110323,3.156108615953983,well_defined_interior,True,,15,C3/Cz/C4_mean_log_psd,T0_rest_only,False
84,method_development,independent_single_run,,14,search_6_14Hz_prom_1dB,6.0,14.0,1.0,9.25,9.25,8.440355140837596,2.997691558759014,well_defined_interior,True,,15,C3/Cz/C4_mean_log_psd,T0_rest_only,False
84,method_development,leave_one_run_out,6,10/14,search_6_14Hz_prom_1dB,6.0,14.0,1.0,10.75,10.75,8.634752411396974,2.8216917029083017,well_defined_interior,True,,30,C3/Cz/C4_mean_log_psd,T0_rest_only,False
84,method_development,leave_one_run_out,10,6/14,search_6_14Hz_prom_1dB,6.0,14.0,1.0,10.25,10.25,7.724437080577729,3.0585854889322195,well_defined_interior,True,,30,C3/Cz/C4_mean_log_psd,T0_rest_only,False
84,method_development,leave_one_run_out,14,6/10,search_6_14Hz_prom_1dB,6.0,14.0,1.0,10.75,10.75,6.775013962478653,3.2838216964249103,well_defined_interior,True,,30,C3/Cz/C4_mean_log_psd,T0_rest_only,False
84,method_development,independent_single_run,,6,search_6_14Hz_prom_1.5dB,6.0,14.0,1.5,10.25,10.25,7.955684916680227,3.309915856613685,well_defined_interior,True,,15,C3/Cz/C4_mean_log_psd,T0_rest_only,False
84,method_development,independent_single_run,,10,search_6_14Hz_prom_1.5dB,6.0,14.0,1.5,10.75,10.75,9.190151259110323,3.156108615953983,well_defined_interior,True,,15,C3/Cz/C4_mean_log_psd,T0_rest_only,False
84,method_development,independent_single_run,,14,search_6_14Hz_prom_1.5dB,6.0,14.0,1.5,9.25,9.25,8.440355140837596,2.997691558759014,well_defined_interior,True,,15,C3/Cz/C4_mean_log_psd,T0_rest_only,False
84,method_development,leave_one_run_out,6,10/14,search_6_14Hz_prom_1.5dB,6.0,14.0,1.5,10.75,10.75,8.634752411396974,2.8216917029083017,well_defined_interior,True,,30,C3/Cz/C4_mean_log_psd,T0_rest_only,False
84,method_development,leave_one_run_out,10,6/14,search_6_14Hz_prom_1.5dB,6.0,14.0,1.5,10.25,10.25,7.724437080577729,3.0585854889322195,well_defined_interior,True,,30,C3/Cz/C4_mean_log_psd,T0_rest_only,False
84,method_development,leave_one_run_out,14,6/10,search_6_14Hz_prom_1.5dB,6.0,14.0,1.5,10.75,10.75,6.775013962478653,3.2838216964249103,well_defined_interior,True,,30,C3/Cz/C4_mean_log_psd,T0_rest_only,False
84,method_development,independent_single_run,,6,search_7_15Hz_prom_0.5dB,7.0,15.0,0.5,10.25,10.25,6.543111528188334,3.0148065208508763,well_defined_interior,True,,15,C3/Cz/C4_mean_log_psd,T0_rest_only,False
84,method_development,independent_single_run,,10,search_7_15Hz_prom_0.5dB,7.0,15.0,0.5,10.75,10.75,8.053922960324996,2.1359561509796317,well_defined_interior,True,,15,C3/Cz/C4_mean_log_psd,T0_rest_only,False
84,method_development,independent_single_run,,14,search_7_15Hz_prom_0.5dB,7.0,15.0,0.5,9.25,9.25,8.064045233282386,2.9373325646575834,well_defined_interior,True,,15,C3/Cz/C4_mean_log_psd,T0_rest_only,False
84,method_development,leave_one_run_out,6,10/14,search_7_15Hz_prom_0.5dB,7.0,15.0,0.5,10.75,10.75,7.655698970739351,2.6465351844978073,well_defined_interior,True,,30,C3/Cz/C4_mean_log_psd,T0_rest_only,False
84,method_development,leave_one_run_out,10,6/14,search_7_15Hz_prom_0.5dB,7.0,15.0,0.5,10.25,10.25,6.960320026438879,2.949628261251715,well_defined_interior,True,,30,C3/Cz/C4_mean_log_psd,T0_rest_only,False
84,method_development,leave_one_run_out,14,6/10,search_7_15Hz_prom_0.5dB,7.0,15.0,0.5,10.75,10.75,6.308761239410472,3.173518548141838,well_defined_interior,True,,30,C3/Cz/C4_mean_log_psd,T0_rest_only,False
84,method_development,independent_single_run,,6,search_7_15Hz_prom_1dB,7.0,15.0,1.0,10.25,10.25,6.543111528188334,3.0148065208508763,well_defined_interior,True,,15,C3/Cz/C4_mean_log_psd,T0_rest_only,False
84,method_development,independent_single_run,,10,search_7_15Hz_prom_1dB,7.0,15.0,1.0,10.75,10.75,8.053922960324996,2.1359561509796317,well_defined_interior,True,,15,C3/Cz/C4_mean_log_psd,T0_rest_only,False
84,method_development,independent_single_run,,14,search_7_15Hz_prom_1dB,7.0,15.0,1.0,9.25,9.25,8.064045233282386,2.9373325646575834,well_defined_interior,True,,15,C3/Cz/C4_mean_log_psd,T0_rest_only,False
84,method_development,leave_one_run_out,6,10/14,search_7_15Hz_prom_1dB,7.0,15.0,1.0,10.75,10.75,7.655698970739351,2.6465351844978073,well_defined_interior,True,,30,C3/Cz/C4_mean_log_psd,T0_rest_only,False
84,method_development,leave_one_run_out,10,6/14,search_7_15Hz_prom_1dB,7.0,15.0,1.0,10.25,10.25,6.960320026438879,2.949628261251715,well_defined_interior,True,,30,C3/Cz/C4_mean_log_psd,T0_rest_only,False
84,method_development,leave_one_run_out,14,6/10,search_7_15Hz_prom_1dB,7.0,15.0,1.0,10.75,10.75,6.308761239410472,3.173518548141838,well_defined_interior,True,,30,C3/Cz/C4_mean_log_psd,T0_rest_only,False
84,method_development,independent_single_run,,6,search_7_15Hz_prom_1.5dB,7.0,15.0,1.5,10.25,10.25,6.543111528188334,3.0148065208508763,well_defined_interior,True,,15,C3/Cz/C4_mean_log_psd,T0_rest_only,False
84,method_development,independent_single_run,,10,search_7_15Hz_prom_1.5dB,7.0,15.0,1.5,10.75,10.75,8.053922960324996,2.1359561509796317,well_defined_interior,True,,15,C3/Cz/C4_mean_log_psd,T0_rest_only,False
84,method_development,independent_single_run,,14,search_7_15Hz_prom_1.5dB,7.0,15.0,1.5,9.25,9.25,8.064045233282386,2.9373325646575834,well_defined_interior,True,,15,C3/Cz/C4_mean_log_psd,T0_rest_only,False
84,method_development,leave_one_run_out,6,10/14,search_7_15Hz_prom_1.5dB,7.0,15.0,1.5,10.75,10.75,7.655698970739351,2.6465351844978073,well_defined_interior,True,,30,C3/Cz/C4_mean_log_psd,T0_rest_only,False
84,method_development,leave_one_run_out,10,6/14,search_7_15Hz_prom_1.5dB,7.0,15.0,1.5,10.25,10.25,6.960320026438879,2.949628261251715,well_defined_interior,True,,30,C3/Cz/C4_mean_log_psd,T0_rest_only,False
84,method_development,leave_one_run_out,14,6/10,search_7_15Hz_prom_1.5dB,7.0,15.0,1.5,10.75,10.75,6.308761239410472,3.173518548141838,well_defined_interior,True,,30,C3/Cz/C4_mean_log_psd,T0_rest_only,False
86,method_development,independent_single_run,,6,search_7_14Hz_prom_0.5dB,7.0,14.0,0.5,9.25,9.25,1.9831185654512495,0.5728876488740564,well_defined_interior,True,,15,C3/Cz/C4_mean_log_psd,T0_rest_only,False
86,method_development,independent_single_run,,10,search_7_14Hz_prom_0.5dB,7.0,14.0,0.5,10.0,10.0,2.6764404449227612,0.41135979895370234,well_defined_interior,True,,15,C3/Cz/C4_mean_log_psd,T0_rest_only,False
86,method_development,independent_single_run,,14,search_7_14Hz_prom_0.5dB,7.0,14.0,0.5,7.25,7.25,2.534791366499718,0.22389328293487465,well_defined_interior,True,,15,C3/Cz/C4_mean_log_psd,T0_rest_only,False
86,method_development,leave_one_run_out,6,10/14,search_7_14Hz_prom_0.5dB,7.0,14.0,0.5,10.0,10.0,1.187070636335477,0.40962676673195153,well_defined_interior,True,,30,C3/Cz/C4_mean_log_psd,T0_rest_only,False
86,method_development,leave_one_run_out,10,6/14,search_7_14Hz_prom_0.5dB,7.0,14.0,0.5,13.0,13.0,1.024775304186889,0.268627881558559,well_defined_interior,True,,30,C3/Cz/C4_mean_log_psd,T0_rest_only,False
86,method_development,leave_one_run_out,14,6/10,search_7_14Hz_prom_0.5dB,7.0,14.0,0.5,9.0,9.0,1.4714639138614274,0.5456740815884316,well_defined_interior,True,,30,C3/Cz/C4_mean_log_psd,T0_rest_only,False
86,method_development,independent_single_run,,6,search_7_14Hz_prom_1dB,7.0,14.0,1.0,9.25,9.25,1.9831185654512495,0.5728876488740564,well_defined_interior,True,,15,C3/Cz/C4_mean_log_psd,T0_rest_only,False
86,method_development,independent_single_run,,10,search_7_14Hz_prom_1dB,7.0,14.0,1.0,10.0,10.0,2.6764404449227612,0.41135979895370234,well_defined_interior,True,,15,C3/Cz/C4_mean_log_psd,T0_rest_only,False
86,method_development,independent_single_run,,14,search_7_14Hz_prom_1dB,7.0,14.0,1.0,7.25,7.25,2.534791366499718,0.22389328293487465,well_defined_interior,True,,15,C3/Cz/C4_mean_log_psd,T0_rest_only,False
86,method_development,leave_one_run_out,6,10/14,search_7_14Hz_prom_1dB,7.0,14.0,1.0,10.0,10.0,1.187070636335477,0.40962676673195153,well_defined_interior,True,,30,C3/Cz/C4_mean_log_psd,T0_rest_only,False
86,method_development,leave_one_run_out,10,6/14,search_7_14Hz_prom_1dB,7.0,14.0,1.0,13.0,13.0,1.024775304186889,0.268627881558559,well_defined_interior,True,,30,C3/Cz/C4_mean_log_psd,T0_rest_only,False
86,method_development,leave_one_run_out,14,6/10,search_7_14Hz_prom_1dB,7.0,14.0,1.0,9.0,9.0,1.4714639138614274,0.5456740815884316,well_defined_interior,True,,30,C3/Cz/C4_mean_log_psd,T0_rest_only,False
86,method_development,independent_single_run,,6,search_7_14Hz_prom_1.5dB,7.0,14.0,1.5,9.25,9.25,1.9831185654512495,0.5728876488740564,well_defined_interior,True,,15,C3/Cz/C4_mean_log_psd,T0_rest_only,False
86,method_development,independent_single_run,,10,search_7_14Hz_prom_1.5dB,7.0,14.0,1.5,10.0,10.0,2.6764404449227612,0.41135979895370234,well_defined_interior,True,,15,C3/Cz/C4_mean_log_psd,T0_rest_only,False
86,method_development,independent_single_run,,14,search_7_14Hz_prom_1.5dB,7.0,14.0,1.5,7.25,7.25,2.534791366499718,0.22389328293487465,well_defined_interior,True,,15,C3/Cz/C4_mean_log_psd,T0_rest_only,False
86,method_development,leave_one_run_out,6,10/14,search_7_14Hz_prom_1.5dB,7.0,14.0,1.5,,7.0,3.720894937432689,,boundary_candidate,False,search_boundary_maximum,30,C3/Cz/C4_mean_log_psd,T0_rest_only,False
86,method_development,leave_one_run_out,10,6/14,search_7_14Hz_prom_1.5dB,7.0,14.0,1.5,,7.25,3.4613974304016466,,poorly_defined_no_peak,False,no_interior_peak_meets_prominence,30,C3/Cz/C4_mean_log_psd,T0_rest_only,False
86,method_development,leave_one_run_out,14,6/10,search_7_14Hz_prom_1.5dB,7.0,14.0,1.5,,7.0,3.7564352286002958,,boundary_candidate,False,search_boundary_maximum,30,C3/Cz/C4_mean_log_psd,T0_rest_only,False
86,method_development,independent_single_run,,6,search_6_14Hz_prom_0.5dB,6.0,14.0,0.5,9.25,9.25,1.9831185654512495,0.5728876488740564,well_defined_interior,True,,15,C3/Cz/C4_mean_log_psd,T0_rest_only,False
86,method_development,independent_single_run,,10,search_6_14Hz_prom_0.5dB,6.0,14.0,0.5,10.0,10.0,2.6764404449227612,0.41135979895370234,well_defined_interior,True,,15,C3/Cz/C4_mean_log_psd,T0_rest_only,False
86,method_development,independent_single_run,,14,search_6_14Hz_prom_0.5dB,6.0,14.0,0.5,7.25,7.25,2.534791366499718,0.22389328293487476,well_defined_interior,True,,15,C3/Cz/C4_mean_log_psd,T0_rest_only,False
86,method_development,leave_one_run_out,6,10/14,search_6_14Hz_prom_0.5dB,6.0,14.0,0.5,10.0,10.0,1.187070636335477,0.4096267667319511,well_defined_interior,True,,30,C3/Cz/C4_mean_log_psd,T0_rest_only,False
86,method_development,leave_one_run_out,10,6/14,search_6_14Hz_prom_0.5dB,6.0,14.0,0.5,13.0,13.0,1.024775304186889,0.268627881558559,well_defined_interior,True,,30,C3/Cz/C4_mean_log_psd,T0_rest_only,False
86,method_development,leave_one_run_out,14,6/10,search_6_14Hz_prom_0.5dB,6.0,14.0,0.5,9.0,9.0,1.4714639138614274,0.5456740815884316,well_defined_interior,True,,30,C3/Cz/C4_mean_log_psd,T0_rest_only,False
86,method_development,independent_single_run,,6,search_6_14Hz_prom_1dB,6.0,14.0,1.0,9.25,9.25,1.9831185654512495,0.5728876488740564,well_defined_interior,True,,15,C3/Cz/C4_mean_log_psd,T0_rest_only,False
86,method_development,independent_single_run,,10,search_6_14Hz_prom_1dB,6.0,14.0,1.0,10.0,10.0,2.6764404449227612,0.41135979895370234,well_defined_interior,True,,15,C3/Cz/C4_mean_log_psd,T0_rest_only,False
86,method_development,independent_single_run,,14,search_6_14Hz_prom_1dB,6.0,14.0,1.0,7.25,7.25,2.534791366499718,0.22389328293487476,well_defined_interior,True,,15,C3/Cz/C4_mean_log_psd,T0_rest_only,False
86,method_development,leave_one_run_out,6,10/14,search_6_14Hz_prom_1dB,6.0,14.0,1.0,10.0,10.0,1.187070636335477,0.4096267667319511,well_defined_interior,True,,30,C3/Cz/C4_mean_log_psd,T0_rest_only,False
86,method_development,leave_one_run_out,10,6/14,search_6_14Hz_prom_1dB,6.0,14.0,1.0,13.0,13.0,1.024775304186889,0.268627881558559,well_defined_interior,True,,30,C3/Cz/C4_mean_log_psd,T0_rest_only,False
86,method_development,leave_one_run_out,14,6/10,search_6_14Hz_prom_1dB,6.0,14.0,1.0,9.0,9.0,1.4714639138614274,0.5456740815884316,well_defined_interior,True,,30,C3/Cz/C4_mean_log_psd,T0_rest_only,False
86,method_development,independent_single_run,,6,search_6_14Hz_prom_1.5dB,6.0,14.0,1.5,9.25,9.25,1.9831185654512495,0.5728876488740564,well_defined_interior,True,,15,C3/Cz/C4_mean_log_psd,T0_rest_only,False
86,method_development,independent_single_run,,10,search_6_14Hz_prom_1.5dB,6.0,14.0,1.5,10.0,10.0,2.6764404449227612,0.41135979895370234,well_defined_interior,True,,15,C3/Cz/C4_mean_log_psd,T0_rest_only,False
86,method_development,independent_single_run,,14,search_6_14Hz_prom_1.5dB,6.0,14.0,1.5,7.25,7.25,2.534791366499718,0.22389328293487476,well_defined_interior,True,,15,C3/Cz/C4_mean_log_psd,T0_rest_only,False
86,method_development,leave_one_run_out,6,10/14,search_6_14Hz_prom_1.5dB,6.0,14.0,1.5,,6.0,5.256574763718774,,boundary_candidate,False,search_boundary_maximum,30,C3/Cz/C4_mean_log_psd,T0_rest_only,False
86,method_development,leave_one_run_out,10,6/14,search_6_14Hz_prom_1.5dB,6.0,14.0,1.5,,6.0,4.393869147838757,,boundary_candidate,False,search_boundary_maximum,30,C3/Cz/C4_mean_log_psd,T0_rest_only,False
86,method_development,leave_one_run_out,14,6/10,search_6_14Hz_prom_1.5dB,6.0,14.0,1.5,,6.0,3.5064332835434158,,boundary_candidate,False,search_boundary_maximum,30,C3/Cz/C4_mean_log_psd,T0_rest_only,False
86,method_development,independent_single_run,,6,search_7_15Hz_prom_0.5dB,7.0,15.0,0.5,9.25,9.25,1.9831185654512495,0.5728876488740564,well_defined_interior,True,,15,C3/Cz/C4_mean_log_psd,T0_rest_only,False
86,method_development,independent_single_run,,10,search_7_15Hz_prom_0.5dB,7.0,15.0,0.5,10.0,10.0,2.6764404449227612,0.41135979895370234,well_defined_interior,True,,15,C3/Cz/C4_mean_log_psd,T0_rest_only,False
86,method_development,independent_single_run,,14,search_7_15Hz_prom_0.5dB,7.0,15.0,0.5,7.25,7.25,2.534791366499718,0.22389328293487465,well_defined_interior,True,,15,C3/Cz/C4_mean_log_psd,T0_rest_only,False
86,method_development,leave_one_run_out,6,10/14,search_7_15Hz_prom_0.5dB,7.0,15.0,0.5,14.25,14.25,1.2719048714226915,0.6063197462262933,well_defined_interior,True,,30,C3/Cz/C4_mean_log_psd,T0_rest_only,False
86,method_development,leave_one_run_out,10,6/14,search_7_15Hz_prom_0.5dB,7.0,15.0,0.5,13.0,13.0,1.024775304186889,0.268627881558559,well_defined_interior,True,,30,C3/Cz/C4_mean_log_psd,T0_rest_only,False
86,method_development,leave_one_run_out,14,6/10,search_7_15Hz_prom_0.5dB,7.0,15.0,0.5,9.0,9.0,1.4714639138614274,0.5456740815884316,well_defined_interior,True,,30,C3/Cz/C4_mean_log_psd,T0_rest_only,False
86,method_development,independent_single_run,,6,search_7_15Hz_prom_1dB,7.0,15.0,1.0,9.25,9.25,1.9831185654512495,0.5728876488740564,well_defined_interior,True,,15,C3/Cz/C4_mean_log_psd,T0_rest_only,False
86,method_development,independent_single_run,,10,search_7_15Hz_prom_1dB,7.0,15.0,1.0,10.0,10.0,2.6764404449227612,0.41135979895370234,well_defined_interior,True,,15,C3/Cz/C4_mean_log_psd,T0_rest_only,False
86,method_development,independent_single_run,,14,search_7_15Hz_prom_1dB,7.0,15.0,1.0,7.25,7.25,2.534791366499718,0.22389328293487465,well_defined_interior,True,,15,C3/Cz/C4_mean_log_psd,T0_rest_only,False
86,method_development,leave_one_run_out,6,10/14,search_7_15Hz_prom_1dB,7.0,15.0,1.0,14.25,14.25,1.2719048714226915,0.6063197462262933,well_defined_interior,True,,30,C3/Cz/C4_mean_log_psd,T0_rest_only,False
86,method_development,leave_one_run_out,10,6/14,search_7_15Hz_prom_1dB,7.0,15.0,1.0,13.0,13.0,1.024775304186889,0.268627881558559,well_defined_interior,True,,30,C3/Cz/C4_mean_log_psd,T0_rest_only,False
86,method_development,leave_one_run_out,14,6/10,search_7_15Hz_prom_1dB,7.0,15.0,1.0,9.0,9.0,1.4714639138614274,0.5456740815884316,well_defined_interior,True,,30,C3/Cz/C4_mean_log_psd,T0_rest_only,False
86,method_development,independent_single_run,,6,search_7_15Hz_prom_1.5dB,7.0,15.0,1.5,9.25,9.25,1.9831185654512495,0.5728876488740564,well_defined_interior,True,,15,C3/Cz/C4_mean_log_psd,T0_rest_only,False
86,method_development,independent_single_run,,10,search_7_15Hz_prom_1.5dB,7.0,15.0,1.5,10.0,10.0,2.6764404449227612,0.41135979895370234,well_defined_interior,True,,15,C3/Cz/C4_mean_log_psd,T0_rest_only,False
86,method_development,independent_single_run,,14,search_7_15Hz_prom_1.5dB,7.0,15.0,1.5,7.25,7.25,2.534791366499718,0.22389328293487465,well_defined_interior,True,,15,C3/Cz/C4_mean_log_psd,T0_rest_only,False
86,method_development,leave_one_run_out,6,10/14,search_7_15Hz_prom_1.5dB,7.0,15.0,1.5,,7.0,4.021671968710862,,boundary_candidate,False,search_boundary_maximum,30,C3/Cz/C4_mean_log_psd,T0_rest_only,False
86,method_development,leave_one_run_out,10,6/14,search_7_15Hz_prom_1.5dB,7.0,15.0,1.5,,7.25,3.7491359592663116,,poorly_defined_no_peak,False,no_interior_peak_meets_prominence,30,C3/Cz/C4_mean_log_psd,T0_rest_only,False
86,method_development,leave_one_run_out,14,6/10,search_7_15Hz_prom_1.5dB,7.0,15.0,1.5,,7.0,4.017367099016852,,boundary_candidate,False,search_boundary_maximum,30,C3/Cz/C4_mean_log_psd,T0_rest_only,False
90,method_development,independent_single_run,,6,search_7_14Hz_prom_0.5dB,7.0,14.0,0.5,11.25,11.25,4.982375583349423,0.8361558073609725,well_defined_interior,True,,15,C3/Cz/C4_mean_log_psd,T0_rest_only,False
90,method_development,independent_single_run,,10,search_7_14Hz_prom_0.5dB,7.0,14.0,0.5,11.0,11.0,5.245253202053092,1.1466547400828482,well_defined_interior,True,,15,C3/Cz/C4_mean_log_psd,T0_rest_only,False
90,method_development,independent_single_run,,14,search_7_14Hz_prom_0.5dB,7.0,14.0,0.5,10.75,10.75,6.348847388002824,1.4184446031120803,well_defined_interior,True,,15,C3/Cz/C4_mean_log_psd,T0_rest_only,False
90,method_development,leave_one_run_out,6,10/14,search_7_14Hz_prom_0.5dB,7.0,14.0,0.5,10.75,10.75,4.861254230167532,1.132187139478745,well_defined_interior,True,,30,C3/Cz/C4_mean_log_psd,T0_rest_only,False
90,method_development,leave_one_run_out,10,6/14,search_7_14Hz_prom_0.5dB,7.0,14.0,0.5,11.25,11.25,4.438978394764874,1.0521850158527988,well_defined_interior,True,,30,C3/Cz/C4_mean_log_psd,T0_rest_only,False
90,method_development,leave_one_run_out,14,6/10,search_7_14Hz_prom_0.5dB,7.0,14.0,0.5,11.0,11.0,5.005816104740305,1.0013670082235664,well_defined_interior,True,,30,C3/Cz/C4_mean_log_psd,T0_rest_only,False
90,method_development,independent_single_run,,6,search_7_14Hz_prom_1dB,7.0,14.0,1.0,11.25,11.25,4.982375583349423,0.8361558073609725,well_defined_interior,True,,15,C3/Cz/C4_mean_log_psd,T0_rest_only,False
90,method_development,independent_single_run,,10,search_7_14Hz_prom_1dB,7.0,14.0,1.0,11.0,11.0,5.245253202053092,1.1466547400828482,well_defined_interior,True,,15,C3/Cz/C4_mean_log_psd,T0_rest_only,False
90,method_development,independent_single_run,,14,search_7_14Hz_prom_1dB,7.0,14.0,1.0,10.75,10.75,6.348847388002824,1.4184446031120803,well_defined_interior,True,,15,C3/Cz/C4_mean_log_psd,T0_rest_only,False
90,method_development,leave_one_run_out,6,10/14,search_7_14Hz_prom_1dB,7.0,14.0,1.0,10.75,10.75,4.861254230167532,1.132187139478745,well_defined_interior,True,,30,C3/Cz/C4_mean_log_psd,T0_rest_only,False
90,method_development,leave_one_run_out,10,6/14,search_7_14Hz_prom_1dB,7.0,14.0,1.0,11.25,11.25,4.438978394764874,1.0521850158527988,well_defined_interior,True,,30,C3/Cz/C4_mean_log_psd,T0_rest_only,False
90,method_development,leave_one_run_out,14,6/10,search_7_14Hz_prom_1dB,7.0,14.0,1.0,11.0,11.0,5.005816104740305,1.0013670082235664,well_defined_interior,True,,30,C3/Cz/C4_mean_log_psd,T0_rest_only,False
90,method_development,independent_single_run,,6,search_7_14Hz_prom_1.5dB,7.0,14.0,1.5,11.25,11.25,4.982375583349423,0.8361558073609725,well_defined_interior,True,,15,C3/Cz/C4_mean_log_psd,T0_rest_only,False
90,method_development,independent_single_run,,10,search_7_14Hz_prom_1.5dB,7.0,14.0,1.5,11.0,11.0,5.245253202053092,1.1466547400828482,well_defined_interior,True,,15,C3/Cz/C4_mean_log_psd,T0_rest_only,False
90,method_development,independent_single_run,,14,search_7_14Hz_prom_1.5dB,7.0,14.0,1.5,10.75,10.75,6.348847388002824,1.4184446031120803,well_defined_interior,True,,15,C3/Cz/C4_mean_log_psd,T0_rest_only,False
90,method_development,leave_one_run_out,6,10/14,search_7_14Hz_prom_1.5dB,7.0,14.0,1.5,10.75,10.75,4.861254230167532,1.132187139478745,well_defined_interior,True,,30,C3/Cz/C4_mean_log_psd,T0_rest_only,False
90,method_development,leave_one_run_out,10,6/14,search_7_14Hz_prom_1.5dB,7.0,14.0,1.5,11.25,11.25,4.438978394764874,1.0521850158527988,well_defined_interior,True,,30,C3/Cz/C4_mean_log_psd,T0_rest_only,False
90,method_development,leave_one_run_out,14,6/10,search_7_14Hz_prom_1.5dB,7.0,14.0,1.5,11.0,11.0,5.005816104740305,1.0013670082235664,well_defined_interior,True,,30,C3/Cz/C4_mean_log_psd,T0_rest_only,False
90,method_development,independent_single_run,,6,search_6_14Hz_prom_0.5dB,6.0,14.0,0.5,11.25,11.25,4.982375583349423,0.8361558073609725,well_defined_interior,True,,15,C3/Cz/C4_mean_log_psd,T0_rest_only,False
90,method_development,independent_single_run,,10,search_6_14Hz_prom_0.5dB,6.0,14.0,0.5,11.0,11.0,5.245253202053092,1.1466547400828482,well_defined_interior,True,,15,C3/Cz/C4_mean_log_psd,T0_rest_only,False
90,method_development,independent_single_run,,14,search_6_14Hz_prom_0.5dB,6.0,14.0,0.5,10.75,10.75,6.348847388002824,1.4184446031120803,well_defined_interior,True,,15,C3/Cz/C4_mean_log_psd,T0_rest_only,False
90,method_development,leave_one_run_out,6,10/14,search_6_14Hz_prom_0.5dB,6.0,14.0,0.5,10.75,10.75,4.861254230167532,1.132187139478745,well_defined_interior,True,,30,C3/Cz/C4_mean_log_psd,T0_rest_only,False
90,method_development,leave_one_run_out,10,6/14,search_6_14Hz_prom_0.5dB,6.0,14.0,0.5,11.25,11.25,4.438978394764874,1.0521850158527988,well_defined_interior,True,,30,C3/Cz/C4_mean_log_psd,T0_rest_only,False
90,method_development,leave_one_run_out,14,6/10,search_6_14Hz_prom_0.5dB,6.0,14.0,0.5,11.0,11.0,5.005816104740305,1.0013670082235668,well_defined_interior,True,,30,C3/Cz/C4_mean_log_psd,T0_rest_only,False
90,method_development,independent_single_run,,6,search_6_14Hz_prom_1dB,6.0,14.0,1.0,11.25,11.25,4.982375583349423,0.8361558073609725,well_defined_interior,True,,15,C3/Cz/C4_mean_log_psd,T0_rest_only,False
90,method_development,independent_single_run,,10,search_6_14Hz_prom_1dB,6.0,14.0,1.0,11.0,11.0,5.245253202053092,1.1466547400828482,well_defined_interior,True,,15,C3/Cz/C4_mean_log_psd,T0_rest_only,False
90,method_development,independent_single_run,,14,search_6_14Hz_prom_1dB,6.0,14.0,1.0,10.75,10.75,6.348847388002824,1.4184446031120803,well_defined_interior,True,,15,C3/Cz/C4_mean_log_psd,T0_rest_only,False
90,method_development,leave_one_run_out,6,10/14,search_6_14Hz_prom_1dB,6.0,14.0,1.0,10.75,10.75,4.861254230167532,1.132187139478745,well_defined_interior,True,,30,C3/Cz/C4_mean_log_psd,T0_rest_only,False
90,method_development,leave_one_run_out,10,6/14,search_6_14Hz_prom_1dB,6.0,14.0,1.0,11.25,11.25,4.438978394764874,1.0521850158527988,well_defined_interior,True,,30,C3/Cz/C4_mean_log_psd,T0_rest_only,False
90,method_development,leave_one_run_out,14,6/10,search_6_14Hz_prom_1dB,6.0,14.0,1.0,11.0,11.0,5.005816104740305,1.0013670082235668,well_defined_interior,True,,30,C3/Cz/C4_mean_log_psd,T0_rest_only,False
90,method_development,independent_single_run,,6,search_6_14Hz_prom_1.5dB,6.0,14.0,1.5,11.25,11.25,4.982375583349423,0.8361558073609725,well_defined_interior,True,,15,C3/Cz/C4_mean_log_psd,T0_rest_only,False
90,method_development,independent_single_run,,10,search_6_14Hz_prom_1.5dB,6.0,14.0,1.5,11.0,11.0,5.245253202053092,1.1466547400828482,well_defined_interior,True,,15,C3/Cz/C4_mean_log_psd,T0_rest_only,False
90,method_development,independent_single_run,,14,search_6_14Hz_prom_1.5dB,6.0,14.0,1.5,10.75,10.75,6.348847388002824,1.4184446031120803,well_defined_interior,True,,15,C3/Cz/C4_mean_log_psd,T0_rest_only,False
90,method_development,leave_one_run_out,6,10/14,search_6_14Hz_prom_1.5dB,6.0,14.0,1.5,10.75,10.75,4.861254230167532,1.132187139478745,well_defined_interior,True,,30,C3/Cz/C4_mean_log_psd,T0_rest_only,False
90,method_development,leave_one_run_out,10,6/14,search_6_14Hz_prom_1.5dB,6.0,14.0,1.5,11.25,11.25,4.438978394764874,1.0521850158527988,well_defined_interior,True,,30,C3/Cz/C4_mean_log_psd,T0_rest_only,False
90,method_development,leave_one_run_out,14,6/10,search_6_14Hz_prom_1.5dB,6.0,14.0,1.5,11.0,11.0,5.005816104740305,1.0013670082235668,well_defined_interior,True,,30,C3/Cz/C4_mean_log_psd,T0_rest_only,False
90,method_development,independent_single_run,,6,search_7_15Hz_prom_0.5dB,7.0,15.0,0.5,11.25,11.25,4.982375583349423,0.8361558073609725,well_defined_interior,True,,15,C3/Cz/C4_mean_log_psd,T0_rest_only,False
90,method_development,independent_single_run,,10,search_7_15Hz_prom_0.5dB,7.0,15.0,0.5,11.0,11.0,5.245253202053092,1.1466547400828482,well_defined_interior,True,,15,C3/Cz/C4_mean_log_psd,T0_rest_only,False
90,method_development,independent_single_run,,14,search_7_15Hz_prom_0.5dB,7.0,15.0,0.5,10.75,10.75,6.348847388002824,1.4184446031120803,well_defined_interior,True,,15,C3/Cz/C4_mean_log_psd,T0_rest_only,False
90,method_development,leave_one_run_out,6,10/14,search_7_15Hz_prom_0.5dB,7.0,15.0,0.5,10.75,10.75,4.861254230167532,1.132187139478745,well_defined_interior,True,,30,C3/Cz/C4_mean_log_psd,T0_rest_only,False
90,method_development,leave_one_run_out,10,6/14,search_7_15Hz_prom_0.5dB,7.0,15.0,0.5,11.25,11.25,4.438978394764874,1.0521850158527988,well_defined_interior,True,,30,C3/Cz/C4_mean_log_psd,T0_rest_only,False
90,method_development,leave_one_run_out,14,6/10,search_7_15Hz_prom_0.5dB,7.0,15.0,0.5,11.0,11.0,5.005816104740305,1.0013670082235664,well_defined_interior,True,,30,C3/Cz/C4_mean_log_psd,T0_rest_only,False
90,method_development,independent_single_run,,6,search_7_15Hz_prom_1dB,7.0,15.0,1.0,11.25,11.25,4.982375583349423,0.8361558073609725,well_defined_interior,True,,15,C3/Cz/C4_mean_log_psd,T0_rest_only,False
90,method_development,independent_single_run,,10,search_7_15Hz_prom_1dB,7.0,15.0,1.0,11.0,11.0,5.245253202053092,1.1466547400828482,well_defined_interior,True,,15,C3/Cz/C4_mean_log_psd,T0_rest_only,False
90,method_development,independent_single_run,,14,search_7_15Hz_prom_1dB,7.0,15.0,1.0,10.75,10.75,6.348847388002824,1.4184446031120803,well_defined_interior,True,,15,C3/Cz/C4_mean_log_psd,T0_rest_only,False
90,method_development,leave_one_run_out,6,10/14,search_7_15Hz_prom_1dB,7.0,15.0,1.0,10.75,10.75,4.861254230167532,1.132187139478745,well_defined_interior,True,,30,C3/Cz/C4_mean_log_psd,T0_rest_only,False
90,method_development,leave_one_run_out,10,6/14,search_7_15Hz_prom_1dB,7.0,15.0,1.0,11.25,11.25,4.438978394764874,1.0521850158527988,well_defined_interior,True,,30,C3/Cz/C4_mean_log_psd,T0_rest_only,False
90,method_development,leave_one_run_out,14,6/10,search_7_15Hz_prom_1dB,7.0,15.0,1.0,11.0,11.0,5.005816104740305,1.0013670082235664,well_defined_interior,True,,30,C3/Cz/C4_mean_log_psd,T0_rest_only,False
90,method_development,independent_single_run,,6,search_7_15Hz_prom_1.5dB,7.0,15.0,1.5,11.25,11.25,4.982375583349423,0.8361558073609725,well_defined_interior,True,,15,C3/Cz/C4_mean_log_psd,T0_rest_only,False
90,method_development,independent_single_run,,10,search_7_15Hz_prom_1.5dB,7.0,15.0,1.5,11.0,11.0,5.245253202053092,1.1466547400828482,well_defined_interior,True,,15,C3/Cz/C4_mean_log_psd,T0_rest_only,False
90,method_development,independent_single_run,,14,search_7_15Hz_prom_1.5dB,7.0,15.0,1.5,10.75,10.75,6.348847388002824,1.4184446031120803,well_defined_interior,True,,15,C3/Cz/C4_mean_log_psd,T0_rest_only,False
90,method_development,leave_one_run_out,6,10/14,search_7_15Hz_prom_1.5dB,7.0,15.0,1.5,10.75,10.75,4.861254230167532,1.132187139478745,well_defined_interior,True,,30,C3/Cz/C4_mean_log_psd,T0_rest_only,False
90,method_development,leave_one_run_out,10,6/14,search_7_15Hz_prom_1.5dB,7.0,15.0,1.5,11.25,11.25,4.438978394764874,1.0521850158527988,well_defined_interior,True,,30,C3/Cz/C4_mean_log_psd,T0_rest_only,False
90,method_development,leave_one_run_out,14,6/10,search_7_15Hz_prom_1.5dB,7.0,15.0,1.5,11.0,11.0,5.005816104740305,1.0013670082235664,well_defined_interior,True,,30,C3/Cz/C4_mean_log_psd,T0_rest_only,False
94,method_development,independent_single_run,,6,search_7_14Hz_prom_0.5dB,7.0,14.0,0.5,12.5,12.5,9.046605463845296,1.323925779410982,well_defined_interior,True,,15,C3/Cz/C4_mean_log_psd,T0_rest_only,False
94,method_development,independent_single_run,,10,search_7_14Hz_prom_0.5dB,7.0,14.0,0.5,12.75,12.75,9.324279127085418,1.6632003023283604,well_defined_interior,True,,15,C3/Cz/C4_mean_log_psd,T0_rest_only,False
94,method_development,independent_single_run,,14,search_7_14Hz_prom_0.5dB,7.0,14.0,0.5,12.25,12.25,11.046830881485533,2.028388716060012,well_defined_interior,True,,15,C3/Cz/C4_mean_log_psd,T0_rest_only,False
94,method_development,leave_one_run_out,6,10/14,search_7_14Hz_prom_0.5dB,7.0,14.0,0.5,12.25,12.25,10.116137433846845,2.0370542389176354,well_defined_interior,True,,30,C3/Cz/C4_mean_log_psd,T0_rest_only,False
94,method_development,leave_one_run_out,10,6/14,search_7_14Hz_prom_0.5dB,7.0,14.0,0.5,12.25,12.25,9.700157047620166,2.051963974099163,well_defined_interior,True,,30,C3/Cz/C4_mean_log_psd,T0_rest_only,False
94,method_development,leave_one_run_out,14,6/10,search_7_14Hz_prom_0.5dB,7.0,14.0,0.5,12.5,12.5,9.43424779005339,1.899809780141113,well_defined_interior,True,,30,C3/Cz/C4_mean_log_psd,T0_rest_only,False
94,method_development,independent_single_run,,6,search_7_14Hz_prom_1dB,7.0,14.0,1.0,12.5,12.5,9.046605463845296,1.323925779410982,well_defined_interior,True,,15,C3/Cz/C4_mean_log_psd,T0_rest_only,False
94,method_development,independent_single_run,,10,search_7_14Hz_prom_1dB,7.0,14.0,1.0,12.75,12.75,9.324279127085418,1.6632003023283604,well_defined_interior,True,,15,C3/Cz/C4_mean_log_psd,T0_rest_only,False
94,method_development,independent_single_run,,14,search_7_14Hz_prom_1dB,7.0,14.0,1.0,12.25,12.25,11.046830881485533,2.028388716060012,well_defined_interior,True,,15,C3/Cz/C4_mean_log_psd,T0_rest_only,False
94,method_development,leave_one_run_out,6,10/14,search_7_14Hz_prom_1dB,7.0,14.0,1.0,12.25,12.25,10.116137433846845,2.0370542389176354,well_defined_interior,True,,30,C3/Cz/C4_mean_log_psd,T0_rest_only,False
94,method_development,leave_one_run_out,10,6/14,search_7_14Hz_prom_1dB,7.0,14.0,1.0,12.25,12.25,9.700157047620166,2.051963974099163,well_defined_interior,True,,30,C3/Cz/C4_mean_log_psd,T0_rest_only,False
94,method_development,leave_one_run_out,14,6/10,search_7_14Hz_prom_1dB,7.0,14.0,1.0,12.5,12.5,9.43424779005339,1.899809780141113,well_defined_interior,True,,30,C3/Cz/C4_mean_log_psd,T0_rest_only,False
94,method_development,independent_single_run,,6,search_7_14Hz_prom_1.5dB,7.0,14.0,1.5,12.5,12.5,9.046605463845296,1.323925779410982,well_defined_interior,True,,15,C3/Cz/C4_mean_log_psd,T0_rest_only,False
94,method_development,independent_single_run,,10,search_7_14Hz_prom_1.5dB,7.0,14.0,1.5,12.75,12.75,9.324279127085418,1.6632003023283604,well_defined_interior,True,,15,C3/Cz/C4_mean_log_psd,T0_rest_only,False
94,method_development,independent_single_run,,14,search_7_14Hz_prom_1.5dB,7.0,14.0,1.5,12.25,12.25,11.046830881485533,2.028388716060012,well_defined_interior,True,,15,C3/Cz/C4_mean_log_psd,T0_rest_only,False
94,method_development,leave_one_run_out,6,10/14,search_7_14Hz_prom_1.5dB,7.0,14.0,1.5,12.25,12.25,10.116137433846845,2.0370542389176354,well_defined_interior,True,,30,C3/Cz/C4_mean_log_psd,T0_rest_only,False
94,method_development,leave_one_run_out,10,6/14,search_7_14Hz_prom_1.5dB,7.0,14.0,1.5,12.25,12.25,9.700157047620166,2.051963974099163,well_defined_interior,True,,30,C3/Cz/C4_mean_log_psd,T0_rest_only,False
94,method_development,leave_one_run_out,14,6/10,search_7_14Hz_prom_1.5dB,7.0,14.0,1.5,12.5,12.5,9.43424779005339,1.899809780141113,well_defined_interior,True,,30,C3/Cz/C4_mean_log_psd,T0_rest_only,False
94,method_development,independent_single_run,,6,search_6_14Hz_prom_0.5dB,6.0,14.0,0.5,12.5,12.5,9.046605463845296,1.323925779410982,well_defined_interior,True,,15,C3/Cz/C4_mean_log_psd,T0_rest_only,False
94,method_development,independent_single_run,,10,search_6_14Hz_prom_0.5dB,6.0,14.0,0.5,12.75,12.75,9.324279127085418,1.6632003023283604,well_defined_interior,True,,15,C3/Cz/C4_mean_log_psd,T0_rest_only,False
94,method_development,independent_single_run,,14,search_6_14Hz_prom_0.5dB,6.0,14.0,0.5,12.25,12.25,11.046830881485533,2.028388716060012,well_defined_interior,True,,15,C3/Cz/C4_mean_log_psd,T0_rest_only,False
94,method_development,leave_one_run_out,6,10/14,search_6_14Hz_prom_0.5dB,6.0,14.0,0.5,12.25,12.25,10.116137433846845,2.0370542389176354,well_defined_interior,True,,30,C3/Cz/C4_mean_log_psd,T0_rest_only,False
94,method_development,leave_one_run_out,10,6/14,search_6_14Hz_prom_0.5dB,6.0,14.0,0.5,12.25,12.25,9.700157047620166,2.051963974099163,well_defined_interior,True,,30,C3/Cz/C4_mean_log_psd,T0_rest_only,False
94,method_development,leave_one_run_out,14,6/10,search_6_14Hz_prom_0.5dB,6.0,14.0,0.5,12.5,12.5,9.43424779005339,1.899809780141113,well_defined_interior,True,,30,C3/Cz/C4_mean_log_psd,T0_rest_only,False
94,method_development,independent_single_run,,6,search_6_14Hz_prom_1dB,6.0,14.0,1.0,12.5,12.5,9.046605463845296,1.323925779410982,well_defined_interior,True,,15,C3/Cz/C4_mean_log_psd,T0_rest_only,False
94,method_development,independent_single_run,,10,search_6_14Hz_prom_1dB,6.0,14.0,1.0,12.75,12.75,9.324279127085418,1.6632003023283604,well_defined_interior,True,,15,C3/Cz/C4_mean_log_psd,T0_rest_only,False
94,method_development,independent_single_run,,14,search_6_14Hz_prom_1dB,6.0,14.0,1.0,12.25,12.25,11.046830881485533,2.028388716060012,well_defined_interior,True,,15,C3/Cz/C4_mean_log_psd,T0_rest_only,False
94,method_development,leave_one_run_out,6,10/14,search_6_14Hz_prom_1dB,6.0,14.0,1.0,12.25,12.25,10.116137433846845,2.0370542389176354,well_defined_interior,True,,30,C3/Cz/C4_mean_log_psd,T0_rest_only,False
94,method_development,leave_one_run_out,10,6/14,search_6_14Hz_prom_1dB,6.0,14.0,1.0,12.25,12.25,9.700157047620166,2.051963974099163,well_defined_interior,True,,30,C3/Cz/C4_mean_log_psd,T0_rest_only,False
94,method_development,leave_one_run_out,14,6/10,search_6_14Hz_prom_1dB,6.0,14.0,1.0,12.5,12.5,9.43424779005339,1.899809780141113,well_defined_interior,True,,30,C3/Cz/C4_mean_log_psd,T0_rest_only,False
94,method_development,independent_single_run,,6,search_6_14Hz_prom_1.5dB,6.0,14.0,1.5,12.5,12.5,9.046605463845296,1.323925779410982,well_defined_interior,True,,15,C3/Cz/C4_mean_log_psd,T0_rest_only,False
94,method_development,independent_single_run,,10,search_6_14Hz_prom_1.5dB,6.0,14.0,1.5,12.75,12.75,9.324279127085418,1.6632003023283604,well_defined_interior,True,,15,C3/Cz/C4_mean_log_psd,T0_rest_only,False
94,method_development,independent_single_run,,14,search_6_14Hz_prom_1.5dB,6.0,14.0,1.5,12.25,12.25,11.046830881485533,2.028388716060012,well_defined_interior,True,,15,C3/Cz/C4_mean_log_psd,T0_rest_only,False
94,method_development,leave_one_run_out,6,10/14,search_6_14Hz_prom_1.5dB,6.0,14.0,1.5,12.25,12.25,10.116137433846845,2.0370542389176354,well_defined_interior,True,,30,C3/Cz/C4_mean_log_psd,T0_rest_only,False
94,method_development,leave_one_run_out,10,6/14,search_6_14Hz_prom_1.5dB,6.0,14.0,1.5,12.25,12.25,9.700157047620166,2.051963974099163,well_defined_interior,True,,30,C3/Cz/C4_mean_log_psd,T0_rest_only,False
94,method_development,leave_one_run_out,14,6/10,search_6_14Hz_prom_1.5dB,6.0,14.0,1.5,12.5,12.5,9.43424779005339,1.899809780141113,well_defined_interior,True,,30,C3/Cz/C4_mean_log_psd,T0_rest_only,False
94,method_development,independent_single_run,,6,search_7_15Hz_prom_0.5dB,7.0,15.0,0.5,12.5,12.5,10.170992123627016,1.6368054436055868,well_defined_interior,True,,15,C3/Cz/C4_mean_log_psd,T0_rest_only,False
94,method_development,independent_single_run,,10,search_7_15Hz_prom_0.5dB,7.0,15.0,0.5,12.75,12.75,9.324279127085418,1.6632003023283604,well_defined_interior,True,,15,C3/Cz/C4_mean_log_psd,T0_rest_only,False
94,method_development,independent_single_run,,14,search_7_15Hz_prom_0.5dB,7.0,15.0,0.5,12.25,12.25,11.046830881485533,2.028388716060012,well_defined_interior,True,,15,C3/Cz/C4_mean_log_psd,T0_rest_only,False
94,method_development,leave_one_run_out,6,10/14,search_7_15Hz_prom_0.5dB,7.0,15.0,0.5,12.25,12.25,10.116137433846845,2.0370542389176354,well_defined_interior,True,,30,C3/Cz/C4_mean_log_psd,T0_rest_only,False
94,method_development,leave_one_run_out,10,6/14,search_7_15Hz_prom_0.5dB,7.0,15.0,0.5,12.25,12.25,9.700157047620166,2.051963974099163,well_defined_interior,True,,30,C3/Cz/C4_mean_log_psd,T0_rest_only,False
94,method_development,leave_one_run_out,14,6/10,search_7_15Hz_prom_0.5dB,7.0,15.0,0.5,12.5,12.5,9.43424779005339,1.899809780141113,well_defined_interior,True,,30,C3/Cz/C4_mean_log_psd,T0_rest_only,False
94,method_development,independent_single_run,,6,search_7_15Hz_prom_1dB,7.0,15.0,1.0,12.5,12.5,10.170992123627016,1.6368054436055868,well_defined_interior,True,,15,C3/Cz/C4_mean_log_psd,T0_rest_only,False
94,method_development,independent_single_run,,10,search_7_15Hz_prom_1dB,7.0,15.0,1.0,12.75,12.75,9.324279127085418,1.6632003023283604,well_defined_interior,True,,15,C3/Cz/C4_mean_log_psd,T0_rest_only,False
94,method_development,independent_single_run,,14,search_7_15Hz_prom_1dB,7.0,15.0,1.0,12.25,12.25,11.046830881485533,2.028388716060012,well_defined_interior,True,,15,C3/Cz/C4_mean_log_psd,T0_rest_only,False
94,method_development,leave_one_run_out,6,10/14,search_7_15Hz_prom_1dB,7.0,15.0,1.0,12.25,12.25,10.116137433846845,2.0370542389176354,well_defined_interior,True,,30,C3/Cz/C4_mean_log_psd,T0_rest_only,False
94,method_development,leave_one_run_out,10,6/14,search_7_15Hz_prom_1dB,7.0,15.0,1.0,12.25,12.25,9.700157047620166,2.051963974099163,well_defined_interior,True,,30,C3/Cz/C4_mean_log_psd,T0_rest_only,False
94,method_development,leave_one_run_out,14,6/10,search_7_15Hz_prom_1dB,7.0,15.0,1.0,12.5,12.5,9.43424779005339,1.899809780141113,well_defined_interior,True,,30,C3/Cz/C4_mean_log_psd,T0_rest_only,False
94,method_development,independent_single_run,,6,search_7_15Hz_prom_1.5dB,7.0,15.0,1.5,12.5,12.5,10.170992123627016,1.6368054436055868,well_defined_interior,True,,15,C3/Cz/C4_mean_log_psd,T0_rest_only,False
94,method_development,independent_single_run,,10,search_7_15Hz_prom_1.5dB,7.0,15.0,1.5,12.75,12.75,9.324279127085418,1.6632003023283604,well_defined_interior,True,,15,C3/Cz/C4_mean_log_psd,T0_rest_only,False
94,method_development,independent_single_run,,14,search_7_15Hz_prom_1.5dB,7.0,15.0,1.5,12.25,12.25,11.046830881485533,2.028388716060012,well_defined_interior,True,,15,C3/Cz/C4_mean_log_psd,T0_rest_only,False
94,method_development,leave_one_run_out,6,10/14,search_7_15Hz_prom_1.5dB,7.0,15.0,1.5,12.25,12.25,10.116137433846845,2.0370542389176354,well_defined_interior,True,,30,C3/Cz/C4_mean_log_psd,T0_rest_only,False
94,method_development,leave_one_run_out,10,6/14,search_7_15Hz_prom_1.5dB,7.0,15.0,1.5,12.25,12.25,9.700157047620166,2.051963974099163,well_defined_interior,True,,30,C3/Cz/C4_mean_log_psd,T0_rest_only,False
94,method_development,leave_one_run_out,14,6/10,search_7_15Hz_prom_1.5dB,7.0,15.0,1.5,12.5,12.5,9.43424779005339,1.899809780141113,well_defined_interior,True,,30,C3/Cz/C4_mean_log_psd,T0_rest_only,False
96,method_development,independent_single_run,,6,search_7_14Hz_prom_0.5dB,7.0,14.0,0.5,7.25,7.25,2.9115334923362752,0.407610730580116,well_defined_interior,True,,15,C3/Cz/C4_mean_log_psd,T0_rest_only,False
96,method_development,independent_single_run,,10,search_7_14Hz_prom_0.5dB,7.0,14.0,0.5,10.5,10.5,2.4835682914802106,0.5732374255676773,well_defined_interior,True,,15,C3/Cz/C4_mean_log_psd,T0_rest_only,False
96,method_development,independent_single_run,,14,search_7_14Hz_prom_0.5dB,7.0,14.0,0.5,12.5,12.5,1.8580727496492813,0.3826514215903041,well_defined_interior,True,,15,C3/Cz/C4_mean_log_psd,T0_rest_only,False
96,method_development,leave_one_run_out,6,10/14,search_7_14Hz_prom_0.5dB,7.0,14.0,0.5,10.25,10.25,1.2487397898084254,0.37547767487893013,well_defined_interior,True,,30,C3/Cz/C4_mean_log_psd,T0_rest_only,False
96,method_development,leave_one_run_out,10,6/14,search_7_14Hz_prom_0.5dB,7.0,14.0,0.5,12.5,12.5,1.705431695208361,0.35327013761274895,well_defined_interior,True,,30,C3/Cz/C4_mean_log_psd,T0_rest_only,False
96,method_development,leave_one_run_out,14,6/10,search_7_14Hz_prom_0.5dB,7.0,14.0,0.5,7.25,7.25,1.2618904235616952,0.2789087008194837,well_defined_interior,True,,30,C3/Cz/C4_mean_log_psd,T0_rest_only,False
96,method_development,independent_single_run,,6,search_7_14Hz_prom_1dB,7.0,14.0,1.0,7.25,7.25,2.9115334923362752,0.407610730580116,well_defined_interior,True,,15,C3/Cz/C4_mean_log_psd,T0_rest_only,False
96,method_development,independent_single_run,,10,search_7_14Hz_prom_1dB,7.0,14.0,1.0,10.5,10.5,2.4835682914802106,0.5732374255676773,well_defined_interior,True,,15,C3/Cz/C4_mean_log_psd,T0_rest_only,False
96,method_development,independent_single_run,,14,search_7_14Hz_prom_1dB,7.0,14.0,1.0,12.5,12.5,1.8580727496492813,0.3826514215903041,well_defined_interior,True,,15,C3/Cz/C4_mean_log_psd,T0_rest_only,False
96,method_development,leave_one_run_out,6,10/14,search_7_14Hz_prom_1dB,7.0,14.0,1.0,10.25,10.25,1.2487397898084254,0.37547767487893013,well_defined_interior,True,,30,C3/Cz/C4_mean_log_psd,T0_rest_only,False
96,method_development,leave_one_run_out,10,6/14,search_7_14Hz_prom_1dB,7.0,14.0,1.0,12.5,12.5,1.705431695208361,0.35327013761274895,well_defined_interior,True,,30,C3/Cz/C4_mean_log_psd,T0_rest_only,False
96,method_development,leave_one_run_out,14,6/10,search_7_14Hz_prom_1dB,7.0,14.0,1.0,7.25,7.25,1.2618904235616952,0.2789087008194837,well_defined_interior,True,,30,C3/Cz/C4_mean_log_psd,T0_rest_only,False
96,method_development,independent_single_run,,6,search_7_14Hz_prom_1.5dB,7.0,14.0,1.5,7.25,7.25,2.9115334923362752,0.407610730580116,well_defined_interior,True,,15,C3/Cz/C4_mean_log_psd,T0_rest_only,False
96,method_development,independent_single_run,,10,search_7_14Hz_prom_1.5dB,7.0,14.0,1.5,10.5,10.5,2.4835682914802106,0.5732374255676773,well_defined_interior,True,,15,C3/Cz/C4_mean_log_psd,T0_rest_only,False
96,method_development,independent_single_run,,14,search_7_14Hz_prom_1.5dB,7.0,14.0,1.5,12.5,12.5,1.8580727496492813,0.3826514215903041,well_defined_interior,True,,15,C3/Cz/C4_mean_log_psd,T0_rest_only,False
96,method_development,leave_one_run_out,6,10/14,search_7_14Hz_prom_1.5dB,7.0,14.0,1.5,,7.0,2.2953650097374094,,boundary_candidate,False,search_boundary_maximum,30,C3/Cz/C4_mean_log_psd,T0_rest_only,False
96,method_development,leave_one_run_out,10,6/14,search_7_14Hz_prom_1.5dB,7.0,14.0,1.5,12.5,12.5,1.705431695208361,0.35327013761274895,well_defined_interior,True,,30,C3/Cz/C4_mean_log_psd,T0_rest_only,False
96,method_development,leave_one_run_out,14,6/10,search_7_14Hz_prom_1.5dB,7.0,14.0,1.5,,7.25,3.1344917671885355,,poorly_defined_no_peak,False,no_interior_peak_meets_prominence,30,C3/Cz/C4_mean_log_psd,T0_rest_only,False
96,method_development,independent_single_run,,6,search_6_14Hz_prom_0.5dB,6.0,14.0,0.5,7.25,7.25,2.9115334923362752,0.407610730580116,well_defined_interior,True,,15,C3/Cz/C4_mean_log_psd,T0_rest_only,False
96,method_development,independent_single_run,,10,search_6_14Hz_prom_0.5dB,6.0,14.0,0.5,10.5,10.5,2.4835682914802106,0.5732374255676778,well_defined_interior,True,,15,C3/Cz/C4_mean_log_psd,T0_rest_only,False
96,method_development,independent_single_run,,14,search_6_14Hz_prom_0.5dB,6.0,14.0,0.5,6.5,6.5,2.1374116839297557,0.4563455666362238,well_defined_interior,True,,15,C3/Cz/C4_mean_log_psd,T0_rest_only,False
96,method_development,leave_one_run_out,6,10/14,search_6_14Hz_prom_0.5dB,6.0,14.0,0.5,6.5,6.5,1.2851303053948868,0.2900356769966249,well_defined_interior,True,,30,C3/Cz/C4_mean_log_psd,T0_rest_only,False
96,method_development,leave_one_run_out,10,6/14,search_6_14Hz_prom_0.5dB,6.0,14.0,0.5,12.5,12.5,1.705431695208361,0.35327013761274895,well_defined_interior,True,,30,C3/Cz/C4_mean_log_psd,T0_rest_only,False
96,method_development,leave_one_run_out,14,6/10,search_6_14Hz_prom_0.5dB,6.0,14.0,0.5,7.25,7.25,1.2618904235616952,0.27890870081948393,well_defined_interior,True,,30,C3/Cz/C4_mean_log_psd,T0_rest_only,False
96,method_development,independent_single_run,,6,search_6_14Hz_prom_1dB,6.0,14.0,1.0,7.25,7.25,2.9115334923362752,0.407610730580116,well_defined_interior,True,,15,C3/Cz/C4_mean_log_psd,T0_rest_only,False
96,method_development,independent_single_run,,10,search_6_14Hz_prom_1dB,6.0,14.0,1.0,10.5,10.5,2.4835682914802106,0.5732374255676778,well_defined_interior,True,,15,C3/Cz/C4_mean_log_psd,T0_rest_only,False
96,method_development,independent_single_run,,14,search_6_14Hz_prom_1dB,6.0,14.0,1.0,6.5,6.5,2.1374116839297557,0.4563455666362238,well_defined_interior,True,,15,C3/Cz/C4_mean_log_psd,T0_rest_only,False
96,method_development,leave_one_run_out,6,10/14,search_6_14Hz_prom_1dB,6.0,14.0,1.0,6.5,6.5,1.2851303053948868,0.2900356769966249,well_defined_interior,True,,30,C3/Cz/C4_mean_log_psd,T0_rest_only,False
96,method_development,leave_one_run_out,10,6/14,search_6_14Hz_prom_1dB,6.0,14.0,1.0,12.5,12.5,1.705431695208361,0.35327013761274895,well_defined_interior,True,,30,C3/Cz/C4_mean_log_psd,T0_rest_only,False
96,method_development,leave_one_run_out,14,6/10,search_6_14Hz_prom_1dB,6.0,14.0,1.0,7.25,7.25,1.2618904235616952,0.27890870081948393,well_defined_interior,True,,30,C3/Cz/C4_mean_log_psd,T0_rest_only,False
96,method_development,independent_single_run,,6,search_6_14Hz_prom_1.5dB,6.0,14.0,1.5,7.25,7.25,2.9115334923362752,0.407610730580116,well_defined_interior,True,,15,C3/Cz/C4_mean_log_psd,T0_rest_only,False
96,method_development,independent_single_run,,10,search_6_14Hz_prom_1.5dB,6.0,14.0,1.5,10.5,10.5,2.4835682914802106,0.5732374255676778,well_defined_interior,True,,15,C3/Cz/C4_mean_log_psd,T0_rest_only,False
96,method_development,independent_single_run,,14,search_6_14Hz_prom_1.5dB,6.0,14.0,1.5,6.5,6.5,2.1374116839297557,0.4563455666362238,well_defined_interior,True,,15,C3/Cz/C4_mean_log_psd,T0_rest_only,False
96,method_development,leave_one_run_out,6,10/14,search_6_14Hz_prom_1.5dB,6.0,14.0,1.5,,6.5,4.882204260205256,,poorly_defined_no_peak,False,no_interior_peak_meets_prominence,30,C3/Cz/C4_mean_log_psd,T0_rest_only,False
96,method_development,leave_one_run_out,10,6/14,search_6_14Hz_prom_1.5dB,6.0,14.0,1.5,12.5,12.5,1.705431695208361,0.35327013761274895,well_defined_interior,True,,30,C3/Cz/C4_mean_log_psd,T0_rest_only,False
96,method_development,leave_one_run_out,14,6/10,search_6_14Hz_prom_1.5dB,6.0,14.0,1.5,,6.0,5.141923598605814,,boundary_candidate,False,search_boundary_maximum,30,C3/Cz/C4_mean_log_psd,T0_rest_only,False
96,method_development,independent_single_run,,6,search_7_15Hz_prom_0.5dB,7.0,15.0,0.5,7.25,7.25,2.9115334923362752,0.407610730580116,well_defined_interior,True,,15,C3/Cz/C4_mean_log_psd,T0_rest_only,False
96,method_development,independent_single_run,,10,search_7_15Hz_prom_0.5dB,7.0,15.0,0.5,10.5,10.5,2.4835682914802106,0.5732374255676773,well_defined_interior,True,,15,C3/Cz/C4_mean_log_psd,T0_rest_only,False
96,method_development,independent_single_run,,14,search_7_15Hz_prom_0.5dB,7.0,15.0,0.5,12.5,12.5,1.8580727496492813,0.3826514215903041,well_defined_interior,True,,15,C3/Cz/C4_mean_log_psd,T0_rest_only,False
96,method_development,leave_one_run_out,6,10/14,search_7_15Hz_prom_0.5dB,7.0,15.0,0.5,10.25,10.25,1.2487397898084254,0.37547767487893013,well_defined_interior,True,,30,C3/Cz/C4_mean_log_psd,T0_rest_only,False
96,method_development,leave_one_run_out,10,6/14,search_7_15Hz_prom_0.5dB,7.0,15.0,0.5,12.5,12.5,1.705431695208361,0.35327013761274895,well_defined_interior,True,,30,C3/Cz/C4_mean_log_psd,T0_rest_only,False
96,method_development,leave_one_run_out,14,6/10,search_7_15Hz_prom_0.5dB,7.0,15.0,0.5,7.25,7.25,1.2618904235616952,0.2789087008194837,well_defined_interior,True,,30,C3/Cz/C4_mean_log_psd,T0_rest_only,False
96,method_development,independent_single_run,,6,search_7_15Hz_prom_1dB,7.0,15.0,1.0,7.25,7.25,2.9115334923362752,0.407610730580116,well_defined_interior,True,,15,C3/Cz/C4_mean_log_psd,T0_rest_only,False
96,method_development,independent_single_run,,10,search_7_15Hz_prom_1dB,7.0,15.0,1.0,10.5,10.5,2.4835682914802106,0.5732374255676773,well_defined_interior,True,,15,C3/Cz/C4_mean_log_psd,T0_rest_only,False
96,method_development,independent_single_run,,14,search_7_15Hz_prom_1dB,7.0,15.0,1.0,12.5,12.5,1.8580727496492813,0.3826514215903041,well_defined_interior,True,,15,C3/Cz/C4_mean_log_psd,T0_rest_only,False
96,method_development,leave_one_run_out,6,10/14,search_7_15Hz_prom_1dB,7.0,15.0,1.0,10.25,10.25,1.2487397898084254,0.37547767487893013,well_defined_interior,True,,30,C3/Cz/C4_mean_log_psd,T0_rest_only,False
96,method_development,leave_one_run_out,10,6/14,search_7_15Hz_prom_1dB,7.0,15.0,1.0,12.5,12.5,1.705431695208361,0.35327013761274895,well_defined_interior,True,,30,C3/Cz/C4_mean_log_psd,T0_rest_only,False
96,method_development,leave_one_run_out,14,6/10,search_7_15Hz_prom_1dB,7.0,15.0,1.0,7.25,7.25,1.2618904235616952,0.2789087008194837,well_defined_interior,True,,30,C3/Cz/C4_mean_log_psd,T0_rest_only,False
96,method_development,independent_single_run,,6,search_7_15Hz_prom_1.5dB,7.0,15.0,1.5,7.25,7.25,2.9115334923362752,0.407610730580116,well_defined_interior,True,,15,C3/Cz/C4_mean_log_psd,T0_rest_only,False
96,method_development,independent_single_run,,10,search_7_15Hz_prom_1.5dB,7.0,15.0,1.5,10.5,10.5,2.4835682914802106,0.5732374255676773,well_defined_interior,True,,15,C3/Cz/C4_mean_log_psd,T0_rest_only,False
96,method_development,independent_single_run,,14,search_7_15Hz_prom_1.5dB,7.0,15.0,1.5,12.5,12.5,1.8580727496492813,0.3826514215903041,well_defined_interior,True,,15,C3/Cz/C4_mean_log_psd,T0_rest_only,False
96,method_development,leave_one_run_out,6,10/14,search_7_15Hz_prom_1.5dB,7.0,15.0,1.5,,7.0,2.410800818163608,,boundary_candidate,False,search_boundary_maximum,30,C3/Cz/C4_mean_log_psd,T0_rest_only,False
96,method_development,leave_one_run_out,10,6/14,search_7_15Hz_prom_1.5dB,7.0,15.0,1.5,12.5,12.5,1.705431695208361,0.35327013761274895,well_defined_interior,True,,30,C3/Cz/C4_mean_log_psd,T0_rest_only,False
96,method_development,leave_one_run_out,14,6/10,search_7_15Hz_prom_1.5dB,7.0,15.0,1.5,,7.25,3.2219021375089767,,poorly_defined_no_peak,False,no_interior_peak_meets_prominence,30,C3/Cz/C4_mean_log_psd,T0_rest_only,False
98,method_development,independent_single_run,,6,search_7_14Hz_prom_0.5dB,7.0,14.0,0.5,10.0,10.0,10.429467673856209,2.4734314976093,well_defined_interior,True,,15,C3/Cz/C4_mean_log_psd,T0_rest_only,False
98,method_development,independent_single_run,,10,search_7_14Hz_prom_0.5dB,7.0,14.0,0.5,10.25,10.25,8.67121295620774,1.6960864429630949,well_defined_interior,True,,15,C3/Cz/C4_mean_log_psd,T0_rest_only,False
98,method_development,independent_single_run,,14,search_7_14Hz_prom_0.5dB,7.0,14.0,0.5,10.25,10.25,8.809296248569083,1.8314115179255248,well_defined_interior,True,,15,C3/Cz/C4_mean_log_psd,T0_rest_only,False
98,method_development,leave_one_run_out,6,10/14,search_7_14Hz_prom_0.5dB,7.0,14.0,0.5,10.25,10.25,8.595954579848339,1.7602583128769225,well_defined_interior,True,,30,C3/Cz/C4_mean_log_psd,T0_rest_only,False
98,method_development,leave_one_run_out,10,6/14,search_7_14Hz_prom_0.5dB,7.0,14.0,0.5,10.25,10.25,8.686489975607344,2.327665367951612,well_defined_interior,True,,30,C3/Cz/C4_mean_log_psd,T0_rest_only,False
98,method_development,leave_one_run_out,14,6/10,search_7_14Hz_prom_0.5dB,7.0,14.0,0.5,10.0,10.0,9.224000172556998,2.3892909737120203,well_defined_interior,True,,30,C3/Cz/C4_mean_log_psd,T0_rest_only,False
98,method_development,independent_single_run,,6,search_7_14Hz_prom_1dB,7.0,14.0,1.0,10.0,10.0,10.429467673856209,2.4734314976093,well_defined_interior,True,,15,C3/Cz/C4_mean_log_psd,T0_rest_only,False
98,method_development,independent_single_run,,10,search_7_14Hz_prom_1dB,7.0,14.0,1.0,10.25,10.25,8.67121295620774,1.6960864429630949,well_defined_interior,True,,15,C3/Cz/C4_mean_log_psd,T0_rest_only,False
98,method_development,independent_single_run,,14,search_7_14Hz_prom_1dB,7.0,14.0,1.0,10.25,10.25,8.809296248569083,1.8314115179255248,well_defined_interior,True,,15,C3/Cz/C4_mean_log_psd,T0_rest_only,False
98,method_development,leave_one_run_out,6,10/14,search_7_14Hz_prom_1dB,7.0,14.0,1.0,10.25,10.25,8.595954579848339,1.7602583128769225,well_defined_interior,True,,30,C3/Cz/C4_mean_log_psd,T0_rest_only,False
98,method_development,leave_one_run_out,10,6/14,search_7_14Hz_prom_1dB,7.0,14.0,1.0,10.25,10.25,8.686489975607344,2.327665367951612,well_defined_interior,True,,30,C3/Cz/C4_mean_log_psd,T0_rest_only,False
98,method_development,leave_one_run_out,14,6/10,search_7_14Hz_prom_1dB,7.0,14.0,1.0,10.0,10.0,9.224000172556998,2.3892909737120203,well_defined_interior,True,,30,C3/Cz/C4_mean_log_psd,T0_rest_only,False
98,method_development,independent_single_run,,6,search_7_14Hz_prom_1.5dB,7.0,14.0,1.5,10.0,10.0,10.429467673856209,2.4734314976093,well_defined_interior,True,,15,C3/Cz/C4_mean_log_psd,T0_rest_only,False
98,method_development,independent_single_run,,10,search_7_14Hz_prom_1.5dB,7.0,14.0,1.5,10.25,10.25,8.67121295620774,1.6960864429630949,well_defined_interior,True,,15,C3/Cz/C4_mean_log_psd,T0_rest_only,False
98,method_development,independent_single_run,,14,search_7_14Hz_prom_1.5dB,7.0,14.0,1.5,10.25,10.25,8.809296248569083,1.8314115179255248,well_defined_interior,True,,15,C3/Cz/C4_mean_log_psd,T0_rest_only,False
98,method_development,leave_one_run_out,6,10/14,search_7_14Hz_prom_1.5dB,7.0,14.0,1.5,10.25,10.25,8.595954579848339,1.7602583128769225,well_defined_interior,True,,30,C3/Cz/C4_mean_log_psd,T0_rest_only,False
98,method_development,leave_one_run_out,10,6/14,search_7_14Hz_prom_1.5dB,7.0,14.0,1.5,10.25,10.25,8.686489975607344,2.327665367951612,well_defined_interior,True,,30,C3/Cz/C4_mean_log_psd,T0_rest_only,False
98,method_development,leave_one_run_out,14,6/10,search_7_14Hz_prom_1.5dB,7.0,14.0,1.5,10.0,10.0,9.224000172556998,2.3892909737120203,well_defined_interior,True,,30,C3/Cz/C4_mean_log_psd,T0_rest_only,False
98,method_development,independent_single_run,,6,search_6_14Hz_prom_0.5dB,6.0,14.0,0.5,10.0,10.0,10.429467673856209,2.4734314976093,well_defined_interior,True,,15,C3/Cz/C4_mean_log_psd,T0_rest_only,False
98,method_development,independent_single_run,,10,search_6_14Hz_prom_0.5dB,6.0,14.0,0.5,10.25,10.25,10.148089177829817,2.131448162148056,well_defined_interior,True,,15,C3/Cz/C4_mean_log_psd,T0_rest_only,False
98,method_development,independent_single_run,,14,search_6_14Hz_prom_0.5dB,6.0,14.0,0.5,10.25,10.25,11.122878532616468,2.3793694049981204,well_defined_interior,True,,15,C3/Cz/C4_mean_log_psd,T0_rest_only,False
98,method_development,leave_one_run_out,6,10/14,search_6_14Hz_prom_0.5dB,6.0,14.0,0.5,10.25,10.25,10.546224788487493,2.1986486323939873,well_defined_interior,True,,30,C3/Cz/C4_mean_log_psd,T0_rest_only,False
98,method_development,leave_one_run_out,10,6/14,search_6_14Hz_prom_0.5dB,6.0,14.0,0.5,10.25,10.25,9.735419562550234,2.520989998970065,well_defined_interior,True,,30,C3/Cz/C4_mean_log_psd,T0_rest_only,False
98,method_development,leave_one_run_out,14,6/10,search_6_14Hz_prom_0.5dB,6.0,14.0,0.5,10.0,10.0,9.391104909100136,2.410908397176003,well_defined_interior,True,,30,C3/Cz/C4_mean_log_psd,T0_rest_only,False
98,method_development,independent_single_run,,6,search_6_14Hz_prom_1dB,6.0,14.0,1.0,10.0,10.0,10.429467673856209,2.4734314976093,well_defined_interior,True,,15,C3/Cz/C4_mean_log_psd,T0_rest_only,False
98,method_development,independent_single_run,,10,search_6_14Hz_prom_1dB,6.0,14.0,1.0,10.25,10.25,10.148089177829817,2.131448162148056,well_defined_interior,True,,15,C3/Cz/C4_mean_log_psd,T0_rest_only,False
98,method_development,independent_single_run,,14,search_6_14Hz_prom_1dB,6.0,14.0,1.0,10.25,10.25,11.122878532616468,2.3793694049981204,well_defined_interior,True,,15,C3/Cz/C4_mean_log_psd,T0_rest_only,False
98,method_development,leave_one_run_out,6,10/14,search_6_14Hz_prom_1dB,6.0,14.0,1.0,10.25,10.25,10.546224788487493,2.1986486323939873,well_defined_interior,True,,30,C3/Cz/C4_mean_log_psd,T0_rest_only,False
98,method_development,leave_one_run_out,10,6/14,search_6_14Hz_prom_1dB,6.0,14.0,1.0,10.25,10.25,9.735419562550234,2.520989998970065,well_defined_interior,True,,30,C3/Cz/C4_mean_log_psd,T0_rest_only,False
98,method_development,leave_one_run_out,14,6/10,search_6_14Hz_prom_1dB,6.0,14.0,1.0,10.0,10.0,9.391104909100136,2.410908397176003,well_defined_interior,True,,30,C3/Cz/C4_mean_log_psd,T0_rest_only,False
98,method_development,independent_single_run,,6,search_6_14Hz_prom_1.5dB,6.0,14.0,1.5,10.0,10.0,10.429467673856209,2.4734314976093,well_defined_interior,True,,15,C3/Cz/C4_mean_log_psd,T0_rest_only,False
98,method_development,independent_single_run,,10,search_6_14Hz_prom_1.5dB,6.0,14.0,1.5,10.25,10.25,10.148089177829817,2.131448162148056,well_defined_interior,True,,15,C3/Cz/C4_mean_log_psd,T0_rest_only,False
98,method_development,independent_single_run,,14,search_6_14Hz_prom_1.5dB,6.0,14.0,1.5,10.25,10.25,11.122878532616468,2.3793694049981204,well_defined_interior,True,,15,C3/Cz/C4_mean_log_psd,T0_rest_only,False
98,method_development,leave_one_run_out,6,10/14,search_6_14Hz_prom_1.5dB,6.0,14.0,1.5,10.25,10.25,10.546224788487493,2.1986486323939873,well_defined_interior,True,,30,C3/Cz/C4_mean_log_psd,T0_rest_only,False
98,method_development,leave_one_run_out,10,6/14,search_6_14Hz_prom_1.5dB,6.0,14.0,1.5,10.25,10.25,9.735419562550234,2.520989998970065,well_defined_interior,True,,30,C3/Cz/C4_mean_log_psd,T0_rest_only,False
98,method_development,leave_one_run_out,14,6/10,search_6_14Hz_prom_1.5dB,6.0,14.0,1.5,10.0,10.0,9.391104909100136,2.410908397176003,well_defined_interior,True,,30,C3/Cz/C4_mean_log_psd,T0_rest_only,False
98,method_development,independent_single_run,,6,search_7_15Hz_prom_0.5dB,7.0,15.0,0.5,10.0,10.0,10.429467673856209,2.4734314976093,well_defined_interior,True,,15,C3/Cz/C4_mean_log_psd,T0_rest_only,False
98,method_development,independent_single_run,,10,search_7_15Hz_prom_0.5dB,7.0,15.0,0.5,10.25,10.25,8.67121295620774,1.6960864429630949,well_defined_interior,True,,15,C3/Cz/C4_mean_log_psd,T0_rest_only,False
98,method_development,independent_single_run,,14,search_7_15Hz_prom_0.5dB,7.0,15.0,0.5,10.25,10.25,8.809296248569083,1.8314115179255248,well_defined_interior,True,,15,C3/Cz/C4_mean_log_psd,T0_rest_only,False
98,method_development,leave_one_run_out,6,10/14,search_7_15Hz_prom_0.5dB,7.0,15.0,0.5,10.25,10.25,8.595954579848339,1.7602583128769225,well_defined_interior,True,,30,C3/Cz/C4_mean_log_psd,T0_rest_only,False
98,method_development,leave_one_run_out,10,6/14,search_7_15Hz_prom_0.5dB,7.0,15.0,0.5,10.25,10.25,8.686489975607344,2.327665367951612,well_defined_interior,True,,30,C3/Cz/C4_mean_log_psd,T0_rest_only,False
98,method_development,leave_one_run_out,14,6/10,search_7_15Hz_prom_0.5dB,7.0,15.0,0.5,10.0,10.0,9.224000172556998,2.3892909737120203,well_defined_interior,True,,30,C3/Cz/C4_mean_log_psd,T0_rest_only,False
98,method_development,independent_single_run,,6,search_7_15Hz_prom_1dB,7.0,15.0,1.0,10.0,10.0,10.429467673856209,2.4734314976093,well_defined_interior,True,,15,C3/Cz/C4_mean_log_psd,T0_rest_only,False
98,method_development,independent_single_run,,10,search_7_15Hz_prom_1dB,7.0,15.0,1.0,10.25,10.25,8.67121295620774,1.6960864429630949,well_defined_interior,True,,15,C3/Cz/C4_mean_log_psd,T0_rest_only,False
98,method_development,independent_single_run,,14,search_7_15Hz_prom_1dB,7.0,15.0,1.0,10.25,10.25,8.809296248569083,1.8314115179255248,well_defined_interior,True,,15,C3/Cz/C4_mean_log_psd,T0_rest_only,False
98,method_development,leave_one_run_out,6,10/14,search_7_15Hz_prom_1dB,7.0,15.0,1.0,10.25,10.25,8.595954579848339,1.7602583128769225,well_defined_interior,True,,30,C3/Cz/C4_mean_log_psd,T0_rest_only,False
98,method_development,leave_one_run_out,10,6/14,search_7_15Hz_prom_1dB,7.0,15.0,1.0,10.25,10.25,8.686489975607344,2.327665367951612,well_defined_interior,True,,30,C3/Cz/C4_mean_log_psd,T0_rest_only,False
98,method_development,leave_one_run_out,14,6/10,search_7_15Hz_prom_1dB,7.0,15.0,1.0,10.0,10.0,9.224000172556998,2.3892909737120203,well_defined_interior,True,,30,C3/Cz/C4_mean_log_psd,T0_rest_only,False
98,method_development,independent_single_run,,6,search_7_15Hz_prom_1.5dB,7.0,15.0,1.5,10.0,10.0,10.429467673856209,2.4734314976093,well_defined_interior,True,,15,C3/Cz/C4_mean_log_psd,T0_rest_only,False
98,method_development,independent_single_run,,10,search_7_15Hz_prom_1.5dB,7.0,15.0,1.5,10.25,10.25,8.67121295620774,1.6960864429630949,well_defined_interior,True,,15,C3/Cz/C4_mean_log_psd,T0_rest_only,False
98,method_development,independent_single_run,,14,search_7_15Hz_prom_1.5dB,7.0,15.0,1.5,10.25,10.25,8.809296248569083,1.8314115179255248,well_defined_interior,True,,15,C3/Cz/C4_mean_log_psd,T0_rest_only,False
98,method_development,leave_one_run_out,6,10/14,search_7_15Hz_prom_1.5dB,7.0,15.0,1.5,10.25,10.25,8.595954579848339,1.7602583128769225,well_defined_interior,True,,30,C3/Cz/C4_mean_log_psd,T0_rest_only,False
98,method_development,leave_one_run_out,10,6/14,search_7_15Hz_prom_1.5dB,7.0,15.0,1.5,10.25,10.25,8.686489975607344,2.327665367951612,well_defined_interior,True,,30,C3/Cz/C4_mean_log_psd,T0_rest_only,False
98,method_development,leave_one_run_out,14,6/10,search_7_15Hz_prom_1.5dB,7.0,15.0,1.5,10.0,10.0,9.224000172556998,2.3892909737120203,well_defined_interior,True,,30,C3/Cz/C4_mean_log_psd,T0_rest_only,False
102,method_development,independent_single_run,,6,search_7_14Hz_prom_0.5dB,7.0,14.0,0.5,11.75,11.75,2.992401924346666,0.4517925841890573,well_defined_interior,True,,15,C3/Cz/C4_mean_log_psd,T0_rest_only,False
102,method_development,independent_single_run,,10,search_7_14Hz_prom_0.5dB,7.0,14.0,0.5,10.25,10.25,2.0587431085543386,0.30073466626677625,well_defined_interior,True,,15,C3/Cz/C4_mean_log_psd,T0_rest_only,False
102,method_development,independent_single_run,,14,search_7_14Hz_prom_0.5dB,7.0,14.0,0.5,8.25,8.25,6.404608726493777,4.60930182130189,well_defined_interior,True,,15,C3/Cz/C4_mean_log_psd,T0_rest_only,False
102,method_development,leave_one_run_out,6,10/14,search_7_14Hz_prom_0.5dB,7.0,14.0,0.5,8.25,8.25,3.3237204467563117,1.3420373912187853,well_defined_interior,True,,30,C3/Cz/C4_mean_log_psd,T0_rest_only,False
102,method_development,leave_one_run_out,10,6/14,search_7_14Hz_prom_0.5dB,7.0,14.0,0.5,8.25,8.25,3.489263935406683,1.2284188234528224,well_defined_interior,True,,30,C3/Cz/C4_mean_log_psd,T0_rest_only,False
102,method_development,leave_one_run_out,14,6/10,search_7_14Hz_prom_0.5dB,7.0,14.0,0.5,11.75,11.75,1.641015529888577,0.5012855150027216,well_defined_interior,True,,30,C3/Cz/C4_mean_log_psd,T0_rest_only,False
102,method_development,independent_single_run,,6,search_7_14Hz_prom_1dB,7.0,14.0,1.0,11.75,11.75,2.992401924346666,0.4517925841890573,well_defined_interior,True,,15,C3/Cz/C4_mean_log_psd,T0_rest_only,False
102,method_development,independent_single_run,,10,search_7_14Hz_prom_1dB,7.0,14.0,1.0,10.25,10.25,2.0587431085543386,0.30073466626677625,well_defined_interior,True,,15,C3/Cz/C4_mean_log_psd,T0_rest_only,False
102,method_development,independent_single_run,,14,search_7_14Hz_prom_1dB,7.0,14.0,1.0,8.25,8.25,6.404608726493777,4.60930182130189,well_defined_interior,True,,15,C3/Cz/C4_mean_log_psd,T0_rest_only,False
102,method_development,leave_one_run_out,6,10/14,search_7_14Hz_prom_1dB,7.0,14.0,1.0,8.25,8.25,3.3237204467563117,1.3420373912187853,well_defined_interior,True,,30,C3/Cz/C4_mean_log_psd,T0_rest_only,False
102,method_development,leave_one_run_out,10,6/14,search_7_14Hz_prom_1dB,7.0,14.0,1.0,8.25,8.25,3.489263935406683,1.2284188234528224,well_defined_interior,True,,30,C3/Cz/C4_mean_log_psd,T0_rest_only,False
102,method_development,leave_one_run_out,14,6/10,search_7_14Hz_prom_1dB,7.0,14.0,1.0,11.75,11.75,1.641015529888577,0.5012855150027216,well_defined_interior,True,,30,C3/Cz/C4_mean_log_psd,T0_rest_only,False
102,method_development,independent_single_run,,6,search_7_14Hz_prom_1.5dB,7.0,14.0,1.5,11.75,11.75,2.992401924346666,0.4517925841890573,well_defined_interior,True,,15,C3/Cz/C4_mean_log_psd,T0_rest_only,False
102,method_development,independent_single_run,,10,search_7_14Hz_prom_1.5dB,7.0,14.0,1.5,10.25,10.25,2.0587431085543386,0.30073466626677625,well_defined_interior,True,,15,C3/Cz/C4_mean_log_psd,T0_rest_only,False
102,method_development,independent_single_run,,14,search_7_14Hz_prom_1.5dB,7.0,14.0,1.5,8.25,8.25,6.404608726493777,4.60930182130189,well_defined_interior,True,,15,C3/Cz/C4_mean_log_psd,T0_rest_only,False
102,method_development,leave_one_run_out,6,10/14,search_7_14Hz_prom_1.5dB,7.0,14.0,1.5,8.25,8.25,3.3237204467563117,1.3420373912187853,well_defined_interior,True,,30,C3/Cz/C4_mean_log_psd,T0_rest_only,False
102,method_development,leave_one_run_out,10,6/14,search_7_14Hz_prom_1.5dB,7.0,14.0,1.5,8.25,8.25,3.489263935406683,1.2284188234528224,well_defined_interior,True,,30,C3/Cz/C4_mean_log_psd,T0_rest_only,False
102,method_development,leave_one_run_out,14,6/10,search_7_14Hz_prom_1.5dB,7.0,14.0,1.5,11.75,11.75,1.641015529888577,0.5012855150027216,well_defined_interior,True,,30,C3/Cz/C4_mean_log_psd,T0_rest_only,False
102,method_development,independent_single_run,,6,search_6_14Hz_prom_0.5dB,6.0,14.0,0.5,11.75,11.75,2.992401924346666,0.4517925841890573,well_defined_interior,True,,15,C3/Cz/C4_mean_log_psd,T0_rest_only,False
102,method_development,independent_single_run,,10,search_6_14Hz_prom_0.5dB,6.0,14.0,0.5,10.25,10.25,2.0587431085543386,0.30073466626677625,well_defined_interior,True,,15,C3/Cz/C4_mean_log_psd,T0_rest_only,False
102,method_development,independent_single_run,,14,search_6_14Hz_prom_0.5dB,6.0,14.0,0.5,8.25,8.25,6.404608726493777,4.60930182130189,well_defined_interior,True,,15,C3/Cz/C4_mean_log_psd,T0_rest_only,False
102,method_development,leave_one_run_out,6,10/14,search_6_14Hz_prom_0.5dB,6.0,14.0,0.5,8.25,8.25,3.3237204467563117,1.3420373912187853,well_defined_interior,True,,30,C3/Cz/C4_mean_log_psd,T0_rest_only,False
102,method_development,leave_one_run_out,10,6/14,search_6_14Hz_prom_0.5dB,6.0,14.0,0.5,8.25,8.25,3.489263935406683,1.2284188234528224,well_defined_interior,True,,30,C3/Cz/C4_mean_log_psd,T0_rest_only,False
102,method_development,leave_one_run_out,14,6/10,search_6_14Hz_prom_0.5dB,6.0,14.0,0.5,11.75,11.75,1.641015529888577,0.5012855150027216,well_defined_interior,True,,30,C3/Cz/C4_mean_log_psd,T0_rest_only,False
102,method_development,independent_single_run,,6,search_6_14Hz_prom_1dB,6.0,14.0,1.0,11.75,11.75,2.992401924346666,0.4517925841890573,well_defined_interior,True,,15,C3/Cz/C4_mean_log_psd,T0_rest_only,False
102,method_development,independent_single_run,,10,search_6_14Hz_prom_1dB,6.0,14.0,1.0,10.25,10.25,2.0587431085543386,0.30073466626677625,well_defined_interior,True,,15,C3/Cz/C4_mean_log_psd,T0_rest_only,False
102,method_development,independent_single_run,,14,search_6_14Hz_prom_1dB,6.0,14.0,1.0,8.25,8.25,6.404608726493777,4.60930182130189,well_defined_interior,True,,15,C3/Cz/C4_mean_log_psd,T0_rest_only,False
102,method_development,leave_one_run_out,6,10/14,search_6_14Hz_prom_1dB,6.0,14.0,1.0,8.25,8.25,3.3237204467563117,1.3420373912187853,well_defined_interior,True,,30,C3/Cz/C4_mean_log_psd,T0_rest_only,False
102,method_development,leave_one_run_out,10,6/14,search_6_14Hz_prom_1dB,6.0,14.0,1.0,8.25,8.25,3.489263935406683,1.2284188234528224,well_defined_interior,True,,30,C3/Cz/C4_mean_log_psd,T0_rest_only,False
102,method_development,leave_one_run_out,14,6/10,search_6_14Hz_prom_1dB,6.0,14.0,1.0,11.75,11.75,1.641015529888577,0.5012855150027216,well_defined_interior,True,,30,C3/Cz/C4_mean_log_psd,T0_rest_only,False
102,method_development,independent_single_run,,6,search_6_14Hz_prom_1.5dB,6.0,14.0,1.5,11.75,11.75,2.992401924346666,0.4517925841890573,well_defined_interior,True,,15,C3/Cz/C4_mean_log_psd,T0_rest_only,False
102,method_development,independent_single_run,,10,search_6_14Hz_prom_1.5dB,6.0,14.0,1.5,10.25,10.25,2.0587431085543386,0.30073466626677625,well_defined_interior,True,,15,C3/Cz/C4_mean_log_psd,T0_rest_only,False
102,method_development,independent_single_run,,14,search_6_14Hz_prom_1.5dB,6.0,14.0,1.5,8.25,8.25,6.404608726493777,4.60930182130189,well_defined_interior,True,,15,C3/Cz/C4_mean_log_psd,T0_rest_only,False
102,method_development,leave_one_run_out,6,10/14,search_6_14Hz_prom_1.5dB,6.0,14.0,1.5,8.25,8.25,3.3237204467563117,1.3420373912187853,well_defined_interior,True,,30,C3/Cz/C4_mean_log_psd,T0_rest_only,False
102,method_development,leave_one_run_out,10,6/14,search_6_14Hz_prom_1.5dB,6.0,14.0,1.5,8.25,8.25,3.489263935406683,1.2284188234528224,well_defined_interior,True,,30,C3/Cz/C4_mean_log_psd,T0_rest_only,False
102,method_development,leave_one_run_out,14,6/10,search_6_14Hz_prom_1.5dB,6.0,14.0,1.5,11.75,11.75,1.641015529888577,0.5012855150027216,well_defined_interior,True,,30,C3/Cz/C4_mean_log_psd,T0_rest_only,False
102,method_development,independent_single_run,,6,search_7_15Hz_prom_0.5dB,7.0,15.0,0.5,11.75,11.75,2.992401924346666,0.4517925841890573,well_defined_interior,True,,15,C3/Cz/C4_mean_log_psd,T0_rest_only,False
102,method_development,independent_single_run,,10,search_7_15Hz_prom_0.5dB,7.0,15.0,0.5,14.5,14.5,2.477524869025487,0.5768603059685837,well_defined_interior,True,,15,C3/Cz/C4_mean_log_psd,T0_rest_only,False
102,method_development,independent_single_run,,14,search_7_15Hz_prom_0.5dB,7.0,15.0,0.5,8.25,8.25,6.404608726493777,4.60930182130189,well_defined_interior,True,,15,C3/Cz/C4_mean_log_psd,T0_rest_only,False
102,method_development,leave_one_run_out,6,10/14,search_7_15Hz_prom_0.5dB,7.0,15.0,0.5,8.25,8.25,3.3237204467563117,1.3420373912187853,well_defined_interior,True,,30,C3/Cz/C4_mean_log_psd,T0_rest_only,False
102,method_development,leave_one_run_out,10,6/14,search_7_15Hz_prom_0.5dB,7.0,15.0,0.5,8.25,8.25,3.489263935406683,1.2284188234528224,well_defined_interior,True,,30,C3/Cz/C4_mean_log_psd,T0_rest_only,False
102,method_development,leave_one_run_out,14,6/10,search_7_15Hz_prom_0.5dB,7.0,15.0,0.5,11.75,11.75,1.641015529888577,0.5012855150027216,well_defined_interior,True,,30,C3/Cz/C4_mean_log_psd,T0_rest_only,False
102,method_development,independent_single_run,,6,search_7_15Hz_prom_1dB,7.0,15.0,1.0,11.75,11.75,2.992401924346666,0.4517925841890573,well_defined_interior,True,,15,C3/Cz/C4_mean_log_psd,T0_rest_only,False
102,method_development,independent_single_run,,10,search_7_15Hz_prom_1dB,7.0,15.0,1.0,14.5,14.5,2.477524869025487,0.5768603059685837,well_defined_interior,True,,15,C3/Cz/C4_mean_log_psd,T0_rest_only,False
102,method_development,independent_single_run,,14,search_7_15Hz_prom_1dB,7.0,15.0,1.0,8.25,8.25,6.404608726493777,4.60930182130189,well_defined_interior,True,,15,C3/Cz/C4_mean_log_psd,T0_rest_only,False
102,method_development,leave_one_run_out,6,10/14,search_7_15Hz_prom_1dB,7.0,15.0,1.0,8.25,8.25,3.3237204467563117,1.3420373912187853,well_defined_interior,True,,30,C3/Cz/C4_mean_log_psd,T0_rest_only,False
102,method_development,leave_one_run_out,10,6/14,search_7_15Hz_prom_1dB,7.0,15.0,1.0,8.25,8.25,3.489263935406683,1.2284188234528224,well_defined_interior,True,,30,C3/Cz/C4_mean_log_psd,T0_rest_only,False
102,method_development,leave_one_run_out,14,6/10,search_7_15Hz_prom_1dB,7.0,15.0,1.0,11.75,11.75,1.641015529888577,0.5012855150027216,well_defined_interior,True,,30,C3/Cz/C4_mean_log_psd,T0_rest_only,False
102,method_development,independent_single_run,,6,search_7_15Hz_prom_1.5dB,7.0,15.0,1.5,11.75,11.75,2.992401924346666,0.4517925841890573,well_defined_interior,True,,15,C3/Cz/C4_mean_log_psd,T0_rest_only,False
102,method_development,independent_single_run,,10,search_7_15Hz_prom_1.5dB,7.0,15.0,1.5,14.5,14.5,2.477524869025487,0.5768603059685837,well_defined_interior,True,,15,C3/Cz/C4_mean_log_psd,T0_rest_only,False
102,method_development,independent_single_run,,14,search_7_15Hz_prom_1.5dB,7.0,15.0,1.5,8.25,8.25,6.404608726493777,4.60930182130189,well_defined_interior,True,,15,C3/Cz/C4_mean_log_psd,T0_rest_only,False
102,method_development,leave_one_run_out,6,10/14,search_7_15Hz_prom_1.5dB,7.0,15.0,1.5,8.25,8.25,3.3237204467563117,1.3420373912187853,well_defined_interior,True,,30,C3/Cz/C4_mean_log_psd,T0_rest_only,False
102,method_development,leave_one_run_out,10,6/14,search_7_15Hz_prom_1.5dB,7.0,15.0,1.5,8.25,8.25,3.489263935406683,1.2284188234528224,well_defined_interior,True,,30,C3/Cz/C4_mean_log_psd,T0_rest_only,False
102,method_development,leave_one_run_out,14,6/10,search_7_15Hz_prom_1.5dB,7.0,15.0,1.5,11.75,11.75,1.641015529888577,0.5012855150027216,well_defined_interior,True,,30,C3/Cz/C4_mean_log_psd,T0_rest_only,False
104,method_development,independent_single_run,,6,search_7_14Hz_prom_0.5dB,7.0,14.0,0.5,9.75,9.75,2.287380184557364,0.6403209922259951,well_defined_interior,True,,15,C3/Cz/C4_mean_log_psd,T0_rest_only,False
104,method_development,independent_single_run,,10,search_7_14Hz_prom_0.5dB,7.0,14.0,0.5,12.5,12.5,2.5444323711370345,0.4945206590243325,well_defined_interior,True,,15,C3/Cz/C4_mean_log_psd,T0_rest_only,False
104,method_development,independent_single_run,,14,search_7_14Hz_prom_0.5dB,7.0,14.0,0.5,11.75,11.75,3.8212857392338293,1.1397287662397106,well_defined_interior,True,,15,C3/Cz/C4_mean_log_psd,T0_rest_only,False
104,method_development,leave_one_run_out,6,10/14,search_7_14Hz_prom_0.5dB,7.0,14.0,0.5,11.25,11.25,2.0016889014117396,0.9724656492543091,well_defined_interior,True,,30,C3/Cz/C4_mean_log_psd,T0_rest_only,False
104,method_development,leave_one_run_out,10,6/14,search_7_14Hz_prom_0.5dB,7.0,14.0,0.5,11.75,11.75,1.6360673414105094,1.05083316943445,well_defined_interior,True,,30,C3/Cz/C4_mean_log_psd,T0_rest_only,False
104,method_development,leave_one_run_out,14,6/10,search_7_14Hz_prom_0.5dB,7.0,14.0,0.5,7.25,7.25,0.9060654970220838,0.31443501491922676,well_defined_interior,True,,30,C3/Cz/C4_mean_log_psd,T0_rest_only,False
104,method_development,independent_single_run,,6,search_7_14Hz_prom_1dB,7.0,14.0,1.0,9.75,9.75,2.287380184557364,0.6403209922259951,well_defined_interior,True,,15,C3/Cz/C4_mean_log_psd,T0_rest_only,False
104,method_development,independent_single_run,,10,search_7_14Hz_prom_1dB,7.0,14.0,1.0,12.5,12.5,2.5444323711370345,0.4945206590243325,well_defined_interior,True,,15,C3/Cz/C4_mean_log_psd,T0_rest_only,False
104,method_development,independent_single_run,,14,search_7_14Hz_prom_1dB,7.0,14.0,1.0,11.75,11.75,3.8212857392338293,1.1397287662397106,well_defined_interior,True,,15,C3/Cz/C4_mean_log_psd,T0_rest_only,False
104,method_development,leave_one_run_out,6,10/14,search_7_14Hz_prom_1dB,7.0,14.0,1.0,11.25,11.25,2.0016889014117396,0.9724656492543091,well_defined_interior,True,,30,C3/Cz/C4_mean_log_psd,T0_rest_only,False
104,method_development,leave_one_run_out,10,6/14,search_7_14Hz_prom_1dB,7.0,14.0,1.0,11.75,11.75,1.6360673414105094,1.05083316943445,well_defined_interior,True,,30,C3/Cz/C4_mean_log_psd,T0_rest_only,False
104,method_development,leave_one_run_out,14,6/10,search_7_14Hz_prom_1dB,7.0,14.0,1.0,,7.25,1.0459497449120505,,poorly_defined_no_peak,False,no_interior_peak_meets_prominence,30,C3/Cz/C4_mean_log_psd,T0_rest_only,False
104,method_development,independent_single_run,,6,search_7_14Hz_prom_1.5dB,7.0,14.0,1.5,9.75,9.75,2.287380184557364,0.6403209922259951,well_defined_interior,True,,15,C3/Cz/C4_mean_log_psd,T0_rest_only,False
104,method_development,independent_single_run,,10,search_7_14Hz_prom_1.5dB,7.0,14.0,1.5,12.5,12.5,2.5444323711370345,0.4945206590243325,well_defined_interior,True,,15,C3/Cz/C4_mean_log_psd,T0_rest_only,False
104,method_development,independent_single_run,,14,search_7_14Hz_prom_1.5dB,7.0,14.0,1.5,11.75,11.75,3.8212857392338293,1.1397287662397106,well_defined_interior,True,,15,C3/Cz/C4_mean_log_psd,T0_rest_only,False
104,method_development,leave_one_run_out,6,10/14,search_7_14Hz_prom_1.5dB,7.0,14.0,1.5,11.25,11.25,2.0016889014117396,0.9724656492543091,well_defined_interior,True,,30,C3/Cz/C4_mean_log_psd,T0_rest_only,False
104,method_development,leave_one_run_out,10,6/14,search_7_14Hz_prom_1.5dB,7.0,14.0,1.5,11.75,11.75,1.6360673414105094,1.05083316943445,well_defined_interior,True,,30,C3/Cz/C4_mean_log_psd,T0_rest_only,False
104,method_development,leave_one_run_out,14,6/10,search_7_14Hz_prom_1.5dB,7.0,14.0,1.5,,7.25,1.0459497449120505,,poorly_defined_no_peak,False,no_interior_peak_meets_prominence,30,C3/Cz/C4_mean_log_psd,T0_rest_only,False
104,method_development,independent_single_run,,6,search_6_14Hz_prom_0.5dB,6.0,14.0,0.5,9.75,9.75,2.287380184557364,0.6403209922259947,well_defined_interior,True,,15,C3/Cz/C4_mean_log_psd,T0_rest_only,False
104,method_development,independent_single_run,,10,search_6_14Hz_prom_0.5dB,6.0,14.0,0.5,7.25,7.25,3.678794504227497,0.8934144578094467,well_defined_interior,True,,15,C3/Cz/C4_mean_log_psd,T0_rest_only,False
104,method_development,independent_single_run,,14,search_6_14Hz_prom_0.5dB,6.0,14.0,0.5,11.75,11.75,3.8212857392338293,1.1397287662397106,well_defined_interior,True,,15,C3/Cz/C4_mean_log_psd,T0_rest_only,False
104,method_development,leave_one_run_out,6,10/14,search_6_14Hz_prom_0.5dB,6.0,14.0,0.5,11.25,11.25,2.0016889014117396,0.9724656492543087,well_defined_interior,True,,30,C3/Cz/C4_mean_log_psd,T0_rest_only,False
104,method_development,leave_one_run_out,10,6/14,search_6_14Hz_prom_0.5dB,6.0,14.0,0.5,11.75,11.75,1.6360673414105094,1.0508331694344495,well_defined_interior,True,,30,C3/Cz/C4_mean_log_psd,T0_rest_only,False
104,method_development,leave_one_run_out,14,6/10,search_6_14Hz_prom_0.5dB,6.0,14.0,0.5,7.25,7.25,0.9060654970220838,0.31443501491922676,well_defined_interior,True,,30,C3/Cz/C4_mean_log_psd,T0_rest_only,False
104,method_development,independent_single_run,,6,search_6_14Hz_prom_1dB,6.0,14.0,1.0,9.75,9.75,2.287380184557364,0.6403209922259947,well_defined_interior,True,,15,C3/Cz/C4_mean_log_psd,T0_rest_only,False
104,method_development,independent_single_run,,10,search_6_14Hz_prom_1dB,6.0,14.0,1.0,7.25,7.25,3.678794504227497,0.8934144578094467,well_defined_interior,True,,15,C3/Cz/C4_mean_log_psd,T0_rest_only,False
104,method_development,independent_single_run,,14,search_6_14Hz_prom_1dB,6.0,14.0,1.0,11.75,11.75,3.8212857392338293,1.1397287662397106,well_defined_interior,True,,15,C3/Cz/C4_mean_log_psd,T0_rest_only,False
104,method_development,leave_one_run_out,6,10/14,search_6_14Hz_prom_1dB,6.0,14.0,1.0,11.25,11.25,2.0016889014117396,0.9724656492543087,well_defined_interior,True,,30,C3/Cz/C4_mean_log_psd,T0_rest_only,False
104,method_development,leave_one_run_out,10,6/14,search_6_14Hz_prom_1dB,6.0,14.0,1.0,11.75,11.75,1.6360673414105094,1.0508331694344495,well_defined_interior,True,,30,C3/Cz/C4_mean_log_psd,T0_rest_only,False
104,method_development,leave_one_run_out,14,6/10,search_6_14Hz_prom_1dB,6.0,14.0,1.0,,6.0,1.8817406156501733,,boundary_candidate,False,search_boundary_maximum,30,C3/Cz/C4_mean_log_psd,T0_rest_only,False
104,method_development,independent_single_run,,6,search_6_14Hz_prom_1.5dB,6.0,14.0,1.5,9.75,9.75,2.287380184557364,0.6403209922259947,well_defined_interior,True,,15,C3/Cz/C4_mean_log_psd,T0_rest_only,False
104,method_development,independent_single_run,,10,search_6_14Hz_prom_1.5dB,6.0,14.0,1.5,7.25,7.25,3.678794504227497,0.8934144578094467,well_defined_interior,True,,15,C3/Cz/C4_mean_log_psd,T0_rest_only,False
104,method_development,independent_single_run,,14,search_6_14Hz_prom_1.5dB,6.0,14.0,1.5,11.75,11.75,3.8212857392338293,1.1397287662397106,well_defined_interior,True,,15,C3/Cz/C4_mean_log_psd,T0_rest_only,False
104,method_development,leave_one_run_out,6,10/14,search_6_14Hz_prom_1.5dB,6.0,14.0,1.5,11.25,11.25,2.0016889014117396,0.9724656492543087,well_defined_interior,True,,30,C3/Cz/C4_mean_log_psd,T0_rest_only,False
104,method_development,leave_one_run_out,10,6/14,search_6_14Hz_prom_1.5dB,6.0,14.0,1.5,11.75,11.75,1.6360673414105094,1.0508331694344495,well_defined_interior,True,,30,C3/Cz/C4_mean_log_psd,T0_rest_only,False
104,method_development,leave_one_run_out,14,6/10,search_6_14Hz_prom_1.5dB,6.0,14.0,1.5,,6.0,1.8817406156501733,,boundary_candidate,False,search_boundary_maximum,30,C3/Cz/C4_mean_log_psd,T0_rest_only,False
104,method_development,independent_single_run,,6,search_7_15Hz_prom_0.5dB,7.0,15.0,0.5,9.75,9.75,2.287380184557364,0.6403209922259951,well_defined_interior,True,,15,C3/Cz/C4_mean_log_psd,T0_rest_only,False
104,method_development,independent_single_run,,10,search_7_15Hz_prom_0.5dB,7.0,15.0,0.5,12.5,12.5,2.5444323711370345,0.4945206590243325,well_defined_interior,True,,15,C3/Cz/C4_mean_log_psd,T0_rest_only,False
104,method_development,independent_single_run,,14,search_7_15Hz_prom_0.5dB,7.0,15.0,0.5,11.75,11.75,3.8212857392338293,1.1397287662397106,well_defined_interior,True,,15,C3/Cz/C4_mean_log_psd,T0_rest_only,False
104,method_development,leave_one_run_out,6,10/14,search_7_15Hz_prom_0.5dB,7.0,15.0,0.5,11.25,11.25,2.0016889014117396,0.9724656492543091,well_defined_interior,True,,30,C3/Cz/C4_mean_log_psd,T0_rest_only,False
104,method_development,leave_one_run_out,10,6/14,search_7_15Hz_prom_0.5dB,7.0,15.0,0.5,11.75,11.75,1.6360673414105094,1.05083316943445,well_defined_interior,True,,30,C3/Cz/C4_mean_log_psd,T0_rest_only,False
104,method_development,leave_one_run_out,14,6/10,search_7_15Hz_prom_0.5dB,7.0,15.0,0.5,7.25,7.25,0.9060654970220838,0.31443501491922676,well_defined_interior,True,,30,C3/Cz/C4_mean_log_psd,T0_rest_only,False
104,method_development,independent_single_run,,6,search_7_15Hz_prom_1dB,7.0,15.0,1.0,9.75,9.75,2.287380184557364,0.6403209922259951,well_defined_interior,True,,15,C3/Cz/C4_mean_log_psd,T0_rest_only,False
104,method_development,independent_single_run,,10,search_7_15Hz_prom_1dB,7.0,15.0,1.0,12.5,12.5,2.5444323711370345,0.4945206590243325,well_defined_interior,True,,15,C3/Cz/C4_mean_log_psd,T0_rest_only,False
104,method_development,independent_single_run,,14,search_7_15Hz_prom_1dB,7.0,15.0,1.0,11.75,11.75,3.8212857392338293,1.1397287662397106,well_defined_interior,True,,15,C3/Cz/C4_mean_log_psd,T0_rest_only,False
104,method_development,leave_one_run_out,6,10/14,search_7_15Hz_prom_1dB,7.0,15.0,1.0,11.25,11.25,2.0016889014117396,0.9724656492543091,well_defined_interior,True,,30,C3/Cz/C4_mean_log_psd,T0_rest_only,False
104,method_development,leave_one_run_out,10,6/14,search_7_15Hz_prom_1dB,7.0,15.0,1.0,11.75,11.75,1.6360673414105094,1.05083316943445,well_defined_interior,True,,30,C3/Cz/C4_mean_log_psd,T0_rest_only,False
104,method_development,leave_one_run_out,14,6/10,search_7_15Hz_prom_1dB,7.0,15.0,1.0,,7.25,1.1041804690872254,,poorly_defined_no_peak,False,no_interior_peak_meets_prominence,30,C3/Cz/C4_mean_log_psd,T0_rest_only,False
104,method_development,independent_single_run,,6,search_7_15Hz_prom_1.5dB,7.0,15.0,1.5,9.75,9.75,2.287380184557364,0.6403209922259951,well_defined_interior,True,,15,C3/Cz/C4_mean_log_psd,T0_rest_only,False
104,method_development,independent_single_run,,10,search_7_15Hz_prom_1.5dB,7.0,15.0,1.5,12.5,12.5,2.5444323711370345,0.4945206590243325,well_defined_interior,True,,15,C3/Cz/C4_mean_log_psd,T0_rest_only,False
104,method_development,independent_single_run,,14,search_7_15Hz_prom_1.5dB,7.0,15.0,1.5,11.75,11.75,3.8212857392338293,1.1397287662397106,well_defined_interior,True,,15,C3/Cz/C4_mean_log_psd,T0_rest_only,False
104,method_development,leave_one_run_out,6,10/14,search_7_15Hz_prom_1.5dB,7.0,15.0,1.5,11.25,11.25,2.0016889014117396,0.9724656492543091,well_defined_interior,True,,30,C3/Cz/C4_mean_log_psd,T0_rest_only,False
104,method_development,leave_one_run_out,10,6/14,search_7_15Hz_prom_1.5dB,7.0,15.0,1.5,11.75,11.75,1.6360673414105094,1.05083316943445,well_defined_interior,True,,30,C3/Cz/C4_mean_log_psd,T0_rest_only,False
104,method_development,leave_one_run_out,14,6/10,search_7_15Hz_prom_1.5dB,7.0,15.0,1.5,,7.25,1.1041804690872254,,poorly_defined_no_peak,False,no_interior_peak_meets_prominence,30,C3/Cz/C4_mean_log_psd,T0_rest_only,False
106,method_development,independent_single_run,,6,search_7_14Hz_prom_0.5dB,7.0,14.0,0.5,8.5,8.5,2.737932860527465,1.2440845238470537,well_defined_interior,True,,15,C3/Cz/C4_mean_log_psd,T0_rest_only,False
106,method_development,independent_single_run,,10,search_7_14Hz_prom_0.5dB,7.0,14.0,0.5,9.25,9.25,5.6056697041171475,1.6601546532464142,well_defined_interior,True,,15,C3/Cz/C4_mean_log_psd,T0_rest_only,False
106,method_development,independent_single_run,,14,search_7_14Hz_prom_0.5dB,7.0,14.0,0.5,9.0,9.0,4.733931351537478,1.5400331095092685,well_defined_interior,True,,15,C3/Cz/C4_mean_log_psd,T0_rest_only,False
106,method_development,leave_one_run_out,6,10/14,search_7_14Hz_prom_0.5dB,7.0,14.0,0.5,9.0,9.0,4.483495650966788,1.321621418341763,well_defined_interior,True,,30,C3/Cz/C4_mean_log_psd,T0_rest_only,False
106,method_development,leave_one_run_out,10,6/14,search_7_14Hz_prom_0.5dB,7.0,14.0,0.5,8.75,8.75,2.4703910782075837,1.4651966928159808,well_defined_interior,True,,30,C3/Cz/C4_mean_log_psd,T0_rest_only,False
106,method_development,leave_one_run_out,14,6/10,search_7_14Hz_prom_0.5dB,7.0,14.0,0.5,9.25,9.25,3.26329577922003,1.6303800814043696,well_defined_interior,True,,30,C3/Cz/C4_mean_log_psd,T0_rest_only,False
106,method_development,independent_single_run,,6,search_7_14Hz_prom_1dB,7.0,14.0,1.0,8.5,8.5,2.737932860527465,1.2440845238470537,well_defined_interior,True,,15,C3/Cz/C4_mean_log_psd,T0_rest_only,False
106,method_development,independent_single_run,,10,search_7_14Hz_prom_1dB,7.0,14.0,1.0,9.25,9.25,5.6056697041171475,1.6601546532464142,well_defined_interior,True,,15,C3/Cz/C4_mean_log_psd,T0_rest_only,False
106,method_development,independent_single_run,,14,search_7_14Hz_prom_1dB,7.0,14.0,1.0,9.0,9.0,4.733931351537478,1.5400331095092685,well_defined_interior,True,,15,C3/Cz/C4_mean_log_psd,T0_rest_only,False
106,method_development,leave_one_run_out,6,10/14,search_7_14Hz_prom_1dB,7.0,14.0,1.0,9.0,9.0,4.483495650966788,1.321621418341763,well_defined_interior,True,,30,C3/Cz/C4_mean_log_psd,T0_rest_only,False
106,method_development,leave_one_run_out,10,6/14,search_7_14Hz_prom_1dB,7.0,14.0,1.0,8.75,8.75,2.4703910782075837,1.4651966928159808,well_defined_interior,True,,30,C3/Cz/C4_mean_log_psd,T0_rest_only,False
106,method_development,leave_one_run_out,14,6/10,search_7_14Hz_prom_1dB,7.0,14.0,1.0,9.25,9.25,3.26329577922003,1.6303800814043696,well_defined_interior,True,,30,C3/Cz/C4_mean_log_psd,T0_rest_only,False
106,method_development,independent_single_run,,6,search_7_14Hz_prom_1.5dB,7.0,14.0,1.5,8.5,8.5,2.737932860527465,1.2440845238470537,well_defined_interior,True,,15,C3/Cz/C4_mean_log_psd,T0_rest_only,False
106,method_development,independent_single_run,,10,search_7_14Hz_prom_1.5dB,7.0,14.0,1.5,9.25,9.25,5.6056697041171475,1.6601546532464142,well_defined_interior,True,,15,C3/Cz/C4_mean_log_psd,T0_rest_only,False
106,method_development,independent_single_run,,14,search_7_14Hz_prom_1.5dB,7.0,14.0,1.5,9.0,9.0,4.733931351537478,1.5400331095092685,well_defined_interior,True,,15,C3/Cz/C4_mean_log_psd,T0_rest_only,False
106,method_development,leave_one_run_out,6,10/14,search_7_14Hz_prom_1.5dB,7.0,14.0,1.5,9.0,9.0,4.483495650966788,1.321621418341763,well_defined_interior,True,,30,C3/Cz/C4_mean_log_psd,T0_rest_only,False
106,method_development,leave_one_run_out,10,6/14,search_7_14Hz_prom_1.5dB,7.0,14.0,1.5,8.75,8.75,2.4703910782075837,1.4651966928159808,well_defined_interior,True,,30,C3/Cz/C4_mean_log_psd,T0_rest_only,False
106,method_development,leave_one_run_out,14,6/10,search_7_14Hz_prom_1.5dB,7.0,14.0,1.5,9.25,9.25,3.26329577922003,1.6303800814043696,well_defined_interior,True,,30,C3/Cz/C4_mean_log_psd,T0_rest_only,False
106,method_development,independent_single_run,,6,search_6_14Hz_prom_0.5dB,6.0,14.0,0.5,8.5,8.5,3.027051231357106,1.343236497446234,well_defined_interior,True,,15,C3/Cz/C4_mean_log_psd,T0_rest_only,False
106,method_development,independent_single_run,,10,search_6_14Hz_prom_0.5dB,6.0,14.0,0.5,9.25,9.25,7.031949841980719,1.8994402023232178,well_defined_interior,True,,15,C3/Cz/C4_mean_log_psd,T0_rest_only,False
106,method_development,independent_single_run,,14,search_6_14Hz_prom_0.5dB,6.0,14.0,0.5,9.0,9.0,4.733931351537478,1.5400331095092685,well_defined_interior,True,,15,C3/Cz/C4_mean_log_psd,T0_rest_only,False
106,method_development,leave_one_run_out,6,10/14,search_6_14Hz_prom_0.5dB,6.0,14.0,0.5,9.0,9.0,4.633685167027707,1.3444948348181844,well_defined_interior,True,,30,C3/Cz/C4_mean_log_psd,T0_rest_only,False
106,method_development,leave_one_run_out,10,6/14,search_6_14Hz_prom_0.5dB,6.0,14.0,0.5,8.75,8.75,2.7359722866723075,1.51064593803294,well_defined_interior,True,,30,C3/Cz/C4_mean_log_psd,T0_rest_only,False
106,method_development,leave_one_run_out,14,6/10,search_6_14Hz_prom_0.5dB,6.0,14.0,0.5,9.25,9.25,3.867160613535333,1.768253832060803,well_defined_interior,True,,30,C3/Cz/C4_mean_log_psd,T0_rest_only,False
106,method_development,independent_single_run,,6,search_6_14Hz_prom_1dB,6.0,14.0,1.0,8.5,8.5,3.027051231357106,1.343236497446234,well_defined_interior,True,,15,C3/Cz/C4_mean_log_psd,T0_rest_only,False
106,method_development,independent_single_run,,10,search_6_14Hz_prom_1dB,6.0,14.0,1.0,9.25,9.25,7.031949841980719,1.8994402023232178,well_defined_interior,True,,15,C3/Cz/C4_mean_log_psd,T0_rest_only,False
106,method_development,independent_single_run,,14,search_6_14Hz_prom_1dB,6.0,14.0,1.0,9.0,9.0,4.733931351537478,1.5400331095092685,well_defined_interior,True,,15,C3/Cz/C4_mean_log_psd,T0_rest_only,False
106,method_development,leave_one_run_out,6,10/14,search_6_14Hz_prom_1dB,6.0,14.0,1.0,9.0,9.0,4.633685167027707,1.3444948348181844,well_defined_interior,True,,30,C3/Cz/C4_mean_log_psd,T0_rest_only,False
106,method_development,leave_one_run_out,10,6/14,search_6_14Hz_prom_1dB,6.0,14.0,1.0,8.75,8.75,2.7359722866723075,1.51064593803294,well_defined_interior,True,,30,C3/Cz/C4_mean_log_psd,T0_rest_only,False
106,method_development,leave_one_run_out,14,6/10,search_6_14Hz_prom_1dB,6.0,14.0,1.0,9.25,9.25,3.867160613535333,1.768253832060803,well_defined_interior,True,,30,C3/Cz/C4_mean_log_psd,T0_rest_only,False
106,method_development,independent_single_run,,6,search_6_14Hz_prom_1.5dB,6.0,14.0,1.5,8.5,8.5,3.027051231357106,1.343236497446234,well_defined_interior,True,,15,C3/Cz/C4_mean_log_psd,T0_rest_only,False
106,method_development,independent_single_run,,10,search_6_14Hz_prom_1.5dB,6.0,14.0,1.5,9.25,9.25,7.031949841980719,1.8994402023232178,well_defined_interior,True,,15,C3/Cz/C4_mean_log_psd,T0_rest_only,False
106,method_development,independent_single_run,,14,search_6_14Hz_prom_1.5dB,6.0,14.0,1.5,9.0,9.0,4.733931351537478,1.5400331095092685,well_defined_interior,True,,15,C3/Cz/C4_mean_log_psd,T0_rest_only,False
106,method_development,leave_one_run_out,6,10/14,search_6_14Hz_prom_1.5dB,6.0,14.0,1.5,9.0,9.0,4.633685167027707,1.3444948348181844,well_defined_interior,True,,30,C3/Cz/C4_mean_log_psd,T0_rest_only,False
106,method_development,leave_one_run_out,10,6/14,search_6_14Hz_prom_1.5dB,6.0,14.0,1.5,8.75,8.75,2.7359722866723075,1.51064593803294,well_defined_interior,True,,30,C3/Cz/C4_mean_log_psd,T0_rest_only,False
106,method_development,leave_one_run_out,14,6/10,search_6_14Hz_prom_1.5dB,6.0,14.0,1.5,9.25,9.25,3.867160613535333,1.768253832060803,well_defined_interior,True,,30,C3/Cz/C4_mean_log_psd,T0_rest_only,False
106,method_development,independent_single_run,,6,search_7_15Hz_prom_0.5dB,7.0,15.0,0.5,8.5,8.5,2.737932860527465,1.2440845238470537,well_defined_interior,True,,15,C3/Cz/C4_mean_log_psd,T0_rest_only,False
106,method_development,independent_single_run,,10,search_7_15Hz_prom_0.5dB,7.0,15.0,0.5,9.25,9.25,5.6056697041171475,1.6601546532464142,well_defined_interior,True,,15,C3/Cz/C4_mean_log_psd,T0_rest_only,False
106,method_development,independent_single_run,,14,search_7_15Hz_prom_0.5dB,7.0,15.0,0.5,9.0,9.0,4.733931351537478,1.5400331095092685,well_defined_interior,True,,15,C3/Cz/C4_mean_log_psd,T0_rest_only,False
106,method_development,leave_one_run_out,6,10/14,search_7_15Hz_prom_0.5dB,7.0,15.0,0.5,9.0,9.0,4.483495650966788,1.321621418341763,well_defined_interior,True,,30,C3/Cz/C4_mean_log_psd,T0_rest_only,False
106,method_development,leave_one_run_out,10,6/14,search_7_15Hz_prom_0.5dB,7.0,15.0,0.5,8.75,8.75,2.4703910782075837,1.4651966928159808,well_defined_interior,True,,30,C3/Cz/C4_mean_log_psd,T0_rest_only,False
106,method_development,leave_one_run_out,14,6/10,search_7_15Hz_prom_0.5dB,7.0,15.0,0.5,9.25,9.25,3.26329577922003,1.6303800814043696,well_defined_interior,True,,30,C3/Cz/C4_mean_log_psd,T0_rest_only,False
106,method_development,independent_single_run,,6,search_7_15Hz_prom_1dB,7.0,15.0,1.0,8.5,8.5,2.737932860527465,1.2440845238470537,well_defined_interior,True,,15,C3/Cz/C4_mean_log_psd,T0_rest_only,False
106,method_development,independent_single_run,,10,search_7_15Hz_prom_1dB,7.0,15.0,1.0,9.25,9.25,5.6056697041171475,1.6601546532464142,well_defined_interior,True,,15,C3/Cz/C4_mean_log_psd,T0_rest_only,False
106,method_development,independent_single_run,,14,search_7_15Hz_prom_1dB,7.0,15.0,1.0,9.0,9.0,4.733931351537478,1.5400331095092685,well_defined_interior,True,,15,C3/Cz/C4_mean_log_psd,T0_rest_only,False
106,method_development,leave_one_run_out,6,10/14,search_7_15Hz_prom_1dB,7.0,15.0,1.0,9.0,9.0,4.483495650966788,1.321621418341763,well_defined_interior,True,,30,C3/Cz/C4_mean_log_psd,T0_rest_only,False
106,method_development,leave_one_run_out,10,6/14,search_7_15Hz_prom_1dB,7.0,15.0,1.0,8.75,8.75,2.4703910782075837,1.4651966928159808,well_defined_interior,True,,30,C3/Cz/C4_mean_log_psd,T0_rest_only,False
106,method_development,leave_one_run_out,14,6/10,search_7_15Hz_prom_1dB,7.0,15.0,1.0,9.25,9.25,3.26329577922003,1.6303800814043696,well_defined_interior,True,,30,C3/Cz/C4_mean_log_psd,T0_rest_only,False
106,method_development,independent_single_run,,6,search_7_15Hz_prom_1.5dB,7.0,15.0,1.5,8.5,8.5,2.737932860527465,1.2440845238470537,well_defined_interior,True,,15,C3/Cz/C4_mean_log_psd,T0_rest_only,False
106,method_development,independent_single_run,,10,search_7_15Hz_prom_1.5dB,7.0,15.0,1.5,9.25,9.25,5.6056697041171475,1.6601546532464142,well_defined_interior,True,,15,C3/Cz/C4_mean_log_psd,T0_rest_only,False
106,method_development,independent_single_run,,14,search_7_15Hz_prom_1.5dB,7.0,15.0,1.5,9.0,9.0,4.733931351537478,1.5400331095092685,well_defined_interior,True,,15,C3/Cz/C4_mean_log_psd,T0_rest_only,False
106,method_development,leave_one_run_out,6,10/14,search_7_15Hz_prom_1.5dB,7.0,15.0,1.5,9.0,9.0,4.483495650966788,1.321621418341763,well_defined_interior,True,,30,C3/Cz/C4_mean_log_psd,T0_rest_only,False
106,method_development,leave_one_run_out,10,6/14,search_7_15Hz_prom_1.5dB,7.0,15.0,1.5,8.75,8.75,2.4703910782075837,1.4651966928159808,well_defined_interior,True,,30,C3/Cz/C4_mean_log_psd,T0_rest_only,False
106,method_development,leave_one_run_out,14,6/10,search_7_15Hz_prom_1.5dB,7.0,15.0,1.5,9.25,9.25,3.26329577922003,1.6303800814043696,well_defined_interior,True,,30,C3/Cz/C4_mean_log_psd,T0_rest_only,False
108,method_development,independent_single_run,,6,search_7_14Hz_prom_0.5dB,7.0,14.0,0.5,11.25,11.25,9.086073072327935,2.144325565587375,well_defined_interior,True,,15,C3/Cz/C4_mean_log_psd,T0_rest_only,False
108,method_development,independent_single_run,,10,search_7_14Hz_prom_0.5dB,7.0,14.0,0.5,11.0,11.0,7.528788626899853,1.4673255126483338,well_defined_interior,True,,15,C3/Cz/C4_mean_log_psd,T0_rest_only,False
108,method_development,independent_single_run,,14,search_7_14Hz_prom_0.5dB,7.0,14.0,0.5,10.5,10.5,8.658668433765541,1.5429174902861544,well_defined_interior,True,,15,C3/Cz/C4_mean_log_psd,T0_rest_only,False
108,method_development,leave_one_run_out,6,10/14,search_7_14Hz_prom_0.5dB,7.0,14.0,0.5,11.0,11.0,6.780812801522956,1.5977689749812383,well_defined_interior,True,,30,C3/Cz/C4_mean_log_psd,T0_rest_only,False
108,method_development,leave_one_run_out,10,6/14,search_7_14Hz_prom_0.5dB,7.0,14.0,0.5,10.75,10.75,7.253447756562139,2.0140545777119887,well_defined_interior,True,,30,C3/Cz/C4_mean_log_psd,T0_rest_only,False
108,method_development,leave_one_run_out,14,6/10,search_7_14Hz_prom_0.5dB,7.0,14.0,0.5,11.0,11.0,7.223308904529148,1.7745748339780412,well_defined_interior,True,,30,C3/Cz/C4_mean_log_psd,T0_rest_only,False
108,method_development,independent_single_run,,6,search_7_14Hz_prom_1dB,7.0,14.0,1.0,11.25,11.25,9.086073072327935,2.144325565587375,well_defined_interior,True,,15,C3/Cz/C4_mean_log_psd,T0_rest_only,False
108,method_development,independent_single_run,,10,search_7_14Hz_prom_1dB,7.0,14.0,1.0,11.0,11.0,7.528788626899853,1.4673255126483338,well_defined_interior,True,,15,C3/Cz/C4_mean_log_psd,T0_rest_only,False
108,method_development,independent_single_run,,14,search_7_14Hz_prom_1dB,7.0,14.0,1.0,10.5,10.5,8.658668433765541,1.5429174902861544,well_defined_interior,True,,15,C3/Cz/C4_mean_log_psd,T0_rest_only,False
108,method_development,leave_one_run_out,6,10/14,search_7_14Hz_prom_1dB,7.0,14.0,1.0,11.0,11.0,6.780812801522956,1.5977689749812383,well_defined_interior,True,,30,C3/Cz/C4_mean_log_psd,T0_rest_only,False
108,method_development,leave_one_run_out,10,6/14,search_7_14Hz_prom_1dB,7.0,14.0,1.0,10.75,10.75,7.253447756562139,2.0140545777119887,well_defined_interior,True,,30,C3/Cz/C4_mean_log_psd,T0_rest_only,False
108,method_development,leave_one_run_out,14,6/10,search_7_14Hz_prom_1dB,7.0,14.0,1.0,11.0,11.0,7.223308904529148,1.7745748339780412,well_defined_interior,True,,30,C3/Cz/C4_mean_log_psd,T0_rest_only,False
108,method_development,independent_single_run,,6,search_7_14Hz_prom_1.5dB,7.0,14.0,1.5,11.25,11.25,9.086073072327935,2.144325565587375,well_defined_interior,True,,15,C3/Cz/C4_mean_log_psd,T0_rest_only,False
108,method_development,independent_single_run,,10,search_7_14Hz_prom_1.5dB,7.0,14.0,1.5,11.0,11.0,7.528788626899853,1.4673255126483338,well_defined_interior,True,,15,C3/Cz/C4_mean_log_psd,T0_rest_only,False
108,method_development,independent_single_run,,14,search_7_14Hz_prom_1.5dB,7.0,14.0,1.5,10.5,10.5,8.658668433765541,1.5429174902861544,well_defined_interior,True,,15,C3/Cz/C4_mean_log_psd,T0_rest_only,False
108,method_development,leave_one_run_out,6,10/14,search_7_14Hz_prom_1.5dB,7.0,14.0,1.5,11.0,11.0,6.780812801522956,1.5977689749812383,well_defined_interior,True,,30,C3/Cz/C4_mean_log_psd,T0_rest_only,False
108,method_development,leave_one_run_out,10,6/14,search_7_14Hz_prom_1.5dB,7.0,14.0,1.5,10.75,10.75,7.253447756562139,2.0140545777119887,well_defined_interior,True,,30,C3/Cz/C4_mean_log_psd,T0_rest_only,False
108,method_development,leave_one_run_out,14,6/10,search_7_14Hz_prom_1.5dB,7.0,14.0,1.5,11.0,11.0,7.223308904529148,1.7745748339780412,well_defined_interior,True,,30,C3/Cz/C4_mean_log_psd,T0_rest_only,False
108,method_development,independent_single_run,,6,search_6_14Hz_prom_0.5dB,6.0,14.0,0.5,11.25,11.25,9.086073072327935,2.144325565587375,well_defined_interior,True,,15,C3/Cz/C4_mean_log_psd,T0_rest_only,False
108,method_development,independent_single_run,,10,search_6_14Hz_prom_0.5dB,6.0,14.0,0.5,11.0,11.0,7.528788626899853,1.4673255126483342,well_defined_interior,True,,15,C3/Cz/C4_mean_log_psd,T0_rest_only,False
108,method_development,independent_single_run,,14,search_6_14Hz_prom_0.5dB,6.0,14.0,0.5,10.5,10.5,8.658668433765541,1.5429174902861544,well_defined_interior,True,,15,C3/Cz/C4_mean_log_psd,T0_rest_only,False
108,method_development,leave_one_run_out,6,10/14,search_6_14Hz_prom_0.5dB,6.0,14.0,0.5,11.0,11.0,6.780812801522956,1.5977689749812383,well_defined_interior,True,,30,C3/Cz/C4_mean_log_psd,T0_rest_only,False
108,method_development,leave_one_run_out,10,6/14,search_6_14Hz_prom_0.5dB,6.0,14.0,0.5,10.75,10.75,7.253447756562139,2.0140545777119887,well_defined_interior,True,,30,C3/Cz/C4_mean_log_psd,T0_rest_only,False
108,method_development,leave_one_run_out,14,6/10,search_6_14Hz_prom_0.5dB,6.0,14.0,0.5,11.0,11.0,7.223308904529148,1.7745748339780412,well_defined_interior,True,,30,C3/Cz/C4_mean_log_psd,T0_rest_only,False
108,method_development,independent_single_run,,6,search_6_14Hz_prom_1dB,6.0,14.0,1.0,11.25,11.25,9.086073072327935,2.144325565587375,well_defined_interior,True,,15,C3/Cz/C4_mean_log_psd,T0_rest_only,False
108,method_development,independent_single_run,,10,search_6_14Hz_prom_1dB,6.0,14.0,1.0,11.0,11.0,7.528788626899853,1.4673255126483342,well_defined_interior,True,,15,C3/Cz/C4_mean_log_psd,T0_rest_only,False
108,method_development,independent_single_run,,14,search_6_14Hz_prom_1dB,6.0,14.0,1.0,10.5,10.5,8.658668433765541,1.5429174902861544,well_defined_interior,True,,15,C3/Cz/C4_mean_log_psd,T0_rest_only,False
108,method_development,leave_one_run_out,6,10/14,search_6_14Hz_prom_1dB,6.0,14.0,1.0,11.0,11.0,6.780812801522956,1.5977689749812383,well_defined_interior,True,,30,C3/Cz/C4_mean_log_psd,T0_rest_only,False
108,method_development,leave_one_run_out,10,6/14,search_6_14Hz_prom_1dB,6.0,14.0,1.0,10.75,10.75,7.253447756562139,2.0140545777119887,well_defined_interior,True,,30,C3/Cz/C4_mean_log_psd,T0_rest_only,False
108,method_development,leave_one_run_out,14,6/10,search_6_14Hz_prom_1dB,6.0,14.0,1.0,11.0,11.0,7.223308904529148,1.7745748339780412,well_defined_interior,True,,30,C3/Cz/C4_mean_log_psd,T0_rest_only,False
108,method_development,independent_single_run,,6,search_6_14Hz_prom_1.5dB,6.0,14.0,1.5,11.25,11.25,9.086073072327935,2.144325565587375,well_defined_interior,True,,15,C3/Cz/C4_mean_log_psd,T0_rest_only,False
108,method_development,independent_single_run,,10,search_6_14Hz_prom_1.5dB,6.0,14.0,1.5,11.0,11.0,7.528788626899853,1.4673255126483342,well_defined_interior,True,,15,C3/Cz/C4_mean_log_psd,T0_rest_only,False
108,method_development,independent_single_run,,14,search_6_14Hz_prom_1.5dB,6.0,14.0,1.5,10.5,10.5,8.658668433765541,1.5429174902861544,well_defined_interior,True,,15,C3/Cz/C4_mean_log_psd,T0_rest_only,False
108,method_development,leave_one_run_out,6,10/14,search_6_14Hz_prom_1.5dB,6.0,14.0,1.5,11.0,11.0,6.780812801522956,1.5977689749812383,well_defined_interior,True,,30,C3/Cz/C4_mean_log_psd,T0_rest_only,False
108,method_development,leave_one_run_out,10,6/14,search_6_14Hz_prom_1.5dB,6.0,14.0,1.5,10.75,10.75,7.253447756562139,2.0140545777119887,well_defined_interior,True,,30,C3/Cz/C4_mean_log_psd,T0_rest_only,False
108,method_development,leave_one_run_out,14,6/10,search_6_14Hz_prom_1.5dB,6.0,14.0,1.5,11.0,11.0,7.223308904529148,1.7745748339780412,well_defined_interior,True,,30,C3/Cz/C4_mean_log_psd,T0_rest_only,False
108,method_development,independent_single_run,,6,search_7_15Hz_prom_0.5dB,7.0,15.0,0.5,11.25,11.25,9.086073072327935,2.144325565587375,well_defined_interior,True,,15,C3/Cz/C4_mean_log_psd,T0_rest_only,False
108,method_development,independent_single_run,,10,search_7_15Hz_prom_0.5dB,7.0,15.0,0.5,11.0,11.0,7.528788626899853,1.4673255126483338,well_defined_interior,True,,15,C3/Cz/C4_mean_log_psd,T0_rest_only,False
108,method_development,independent_single_run,,14,search_7_15Hz_prom_0.5dB,7.0,15.0,0.5,10.5,10.5,8.658668433765541,1.5429174902861544,well_defined_interior,True,,15,C3/Cz/C4_mean_log_psd,T0_rest_only,False
108,method_development,leave_one_run_out,6,10/14,search_7_15Hz_prom_0.5dB,7.0,15.0,0.5,11.0,11.0,6.780812801522956,1.5977689749812383,well_defined_interior,True,,30,C3/Cz/C4_mean_log_psd,T0_rest_only,False
108,method_development,leave_one_run_out,10,6/14,search_7_15Hz_prom_0.5dB,7.0,15.0,0.5,10.75,10.75,7.253447756562139,2.0140545777119887,well_defined_interior,True,,30,C3/Cz/C4_mean_log_psd,T0_rest_only,False
108,method_development,leave_one_run_out,14,6/10,search_7_15Hz_prom_0.5dB,7.0,15.0,0.5,11.0,11.0,7.223308904529148,1.7745748339780412,well_defined_interior,True,,30,C3/Cz/C4_mean_log_psd,T0_rest_only,False
108,method_development,independent_single_run,,6,search_7_15Hz_prom_1dB,7.0,15.0,1.0,11.25,11.25,9.086073072327935,2.144325565587375,well_defined_interior,True,,15,C3/Cz/C4_mean_log_psd,T0_rest_only,False
108,method_development,independent_single_run,,10,search_7_15Hz_prom_1dB,7.0,15.0,1.0,11.0,11.0,7.528788626899853,1.4673255126483338,well_defined_interior,True,,15,C3/Cz/C4_mean_log_psd,T0_rest_only,False
108,method_development,independent_single_run,,14,search_7_15Hz_prom_1dB,7.0,15.0,1.0,10.5,10.5,8.658668433765541,1.5429174902861544,well_defined_interior,True,,15,C3/Cz/C4_mean_log_psd,T0_rest_only,False
108,method_development,leave_one_run_out,6,10/14,search_7_15Hz_prom_1dB,7.0,15.0,1.0,11.0,11.0,6.780812801522956,1.5977689749812383,well_defined_interior,True,,30,C3/Cz/C4_mean_log_psd,T0_rest_only,False
108,method_development,leave_one_run_out,10,6/14,search_7_15Hz_prom_1dB,7.0,15.0,1.0,10.75,10.75,7.253447756562139,2.0140545777119887,well_defined_interior,True,,30,C3/Cz/C4_mean_log_psd,T0_rest_only,False
108,method_development,leave_one_run_out,14,6/10,search_7_15Hz_prom_1dB,7.0,15.0,1.0,11.0,11.0,7.223308904529148,1.7745748339780412,well_defined_interior,True,,30,C3/Cz/C4_mean_log_psd,T0_rest_only,False
108,method_development,independent_single_run,,6,search_7_15Hz_prom_1.5dB,7.0,15.0,1.5,11.25,11.25,9.086073072327935,2.144325565587375,well_defined_interior,True,,15,C3/Cz/C4_mean_log_psd,T0_rest_only,False
108,method_development,independent_single_run,,10,search_7_15Hz_prom_1.5dB,7.0,15.0,1.5,11.0,11.0,7.528788626899853,1.4673255126483338,well_defined_interior,True,,15,C3/Cz/C4_mean_log_psd,T0_rest_only,False
108,method_development,independent_single_run,,14,search_7_15Hz_prom_1.5dB,7.0,15.0,1.5,10.5,10.5,8.658668433765541,1.5429174902861544,well_defined_interior,True,,15,C3/Cz/C4_mean_log_psd,T0_rest_only,False
108,method_development,leave_one_run_out,6,10/14,search_7_15Hz_prom_1.5dB,7.0,15.0,1.5,11.0,11.0,6.780812801522956,1.5977689749812383,well_defined_interior,True,,30,C3/Cz/C4_mean_log_psd,T0_rest_only,False
108,method_development,leave_one_run_out,10,6/14,search_7_15Hz_prom_1.5dB,7.0,15.0,1.5,10.75,10.75,7.253447756562139,2.0140545777119887,well_defined_interior,True,,30,C3/Cz/C4_mean_log_psd,T0_rest_only,False
108,method_development,leave_one_run_out,14,6/10,search_7_15Hz_prom_1.5dB,7.0,15.0,1.5,11.0,11.0,7.223308904529148,1.7745748339780412,well_defined_interior,True,,30,C3/Cz/C4_mean_log_psd,T0_rest_only,False
