development_fold,subject,run,run_trial_index,annotation_index,trial_key,true_condition,true_label,predicted_condition,predicted_label,decision_score_feet,correct,model,training_subjects,zero_shot,target_adaptation_used,qc_candidate,source_file,source_sha256
1,1,6,0,1,S001_R06_T00,both_feet_imagery,1,both_fists_imagery,0,-3.6552941887054615,False,shrinkage_lda,2/3/4/5/6/7/8/9/10/11/12/13/14/15/16/17/18/19/20,True,False,True,physionet/eegmmidb/1.0.0/S001/S001R06.edf,5369364f2c4e81ca141679d6dd2ba6ece61c7eb53d7fae31241b308876e1b6b3
1,1,6,1,3,S001_R06_T01,both_fists_imagery,0,both_fists_imagery,0,-11.934810111338976,True,shrinkage_lda,2/3/4/5/6/7/8/9/10/11/12/13/14/15/16/17/18/19/20,True,False,False,physionet/eegmmidb/1.0.0/S001/S001R06.edf,5369364f2c4e81ca141679d6dd2ba6ece61c7eb53d7fae31241b308876e1b6b3
1,1,6,2,5,S001_R06_T02,both_fists_imagery,0,both_fists_imagery,0,-3.9134827864882435,True,shrinkage_lda,2/3/4/5/6/7/8/9/10/11/12/13/14/15/16/17/18/19/20,True,False,False,physionet/eegmmidb/1.0.0/S001/S001R06.edf,5369364f2c4e81ca141679d6dd2ba6ece61c7eb53d7fae31241b308876e1b6b3
1,1,6,3,7,S001_R06_T03,both_feet_imagery,1,both_fists_imagery,0,-5.164903361959764,False,shrinkage_lda,2/3/4/5/6/7/8/9/10/11/12/13/14/15/16/17/18/19/20,True,False,True,physionet/eegmmidb/1.0.0/S001/S001R06.edf,5369364f2c4e81ca141679d6dd2ba6ece61c7eb53d7fae31241b308876e1b6b3
1,1,6,4,9,S001_R06_T04,both_fists_imagery,0,both_fists_imagery,0,-11.797500241160641,True,shrinkage_lda,2/3/4/5/6/7/8/9/10/11/12/13/14/15/16/17/18/19/20,True,False,False,physionet/eegmmidb/1.0.0/S001/S001R06.edf,5369364f2c4e81ca141679d6dd2ba6ece61c7eb53d7fae31241b308876e1b6b3
1,1,6,5,11,S001_R06_T05,both_feet_imagery,1,both_fists_imagery,0,-11.393401053782458,False,shrinkage_lda,2/3/4/5/6/7/8/9/10/11/12/13/14/15/16/17/18/19/20,True,False,False,physionet/eegmmidb/1.0.0/S001/S001R06.edf,5369364f2c4e81ca141679d6dd2ba6ece61c7eb53d7fae31241b308876e1b6b3
1,1,6,6,13,S001_R06_T06,both_feet_imagery,1,both_fists_imagery,0,-12.618462060917828,False,shrinkage_lda,2/3/4/5/6/7/8/9/10/11/12/13/14/15/16/17/18/19/20,True,False,False,physionet/eegmmidb/1.0.0/S001/S001R06.edf,5369364f2c4e81ca141679d6dd2ba6ece61c7eb53d7fae31241b308876e1b6b3
1,1,6,7,15,S001_R06_T07,both_fists_imagery,0,both_fists_imagery,0,-17.3607273183715,True,shrinkage_lda,2/3/4/5/6/7/8/9/10/11/12/13/14/15/16/17/18/19/20,True,False,False,physionet/eegmmidb/1.0.0/S001/S001R06.edf,5369364f2c4e81ca141679d6dd2ba6ece61c7eb53d7fae31241b308876e1b6b3
1,1,6,8,17,S001_R06_T08,both_fists_imagery,0,both_feet_imagery,1,1.425506168528243,False,shrinkage_lda,2/3/4/5/6/7/8/9/10/11/12/13/14/15/16/17/18/19/20,True,False,True,physionet/eegmmidb/1.0.0/S001/S001R06.edf,5369364f2c4e81ca141679d6dd2ba6ece61c7eb53d7fae31241b308876e1b6b3
1,1,6,9,19,S001_R06_T09,both_feet_imagery,1,both_fists_imagery,0,-7.6669033902952615,False,shrinkage_lda,2/3/4/5/6/7/8/9/10/11/12/13/14/15/16/17/18/19/20,True,False,False,physionet/eegmmidb/1.0.0/S001/S001R06.edf,5369364f2c4e81ca141679d6dd2ba6ece61c7eb53d7fae31241b308876e1b6b3
1,1,6,10,21,S001_R06_T10,both_feet_imagery,1,both_fists_imagery,0,-9.244180826254002,False,shrinkage_lda,2/3/4/5/6/7/8/9/10/11/12/13/14/15/16/17/18/19/20,True,False,False,physionet/eegmmidb/1.0.0/S001/S001R06.edf,5369364f2c4e81ca141679d6dd2ba6ece61c7eb53d7fae31241b308876e1b6b3
1,1,6,11,23,S001_R06_T11,both_fists_imagery,0,both_fists_imagery,0,-5.0333654399064125,True,shrinkage_lda,2/3/4/5/6/7/8/9/10/11/12/13/14/15/16/17/18/19/20,True,False,False,physionet/eegmmidb/1.0.0/S001/S001R06.edf,5369364f2c4e81ca141679d6dd2ba6ece61c7eb53d7fae31241b308876e1b6b3
1,1,6,12,25,S001_R06_T12,both_fists_imagery,0,both_feet_imagery,1,2.87654126406393,False,shrinkage_lda,2/3/4/5/6/7/8/9/10/11/12/13/14/15/16/17/18/19/20,True,False,True,physionet/eegmmidb/1.0.0/S001/S001R06.edf,5369364f2c4e81ca141679d6dd2ba6ece61c7eb53d7fae31241b308876e1b6b3
1,1,6,13,27,S001_R06_T13,both_feet_imagery,1,both_fists_imagery,0,-1.9194099473332331,False,shrinkage_lda,2/3/4/5/6/7/8/9/10/11/12/13/14/15/16/17/18/19/20,True,False,False,physionet/eegmmidb/1.0.0/S001/S001R06.edf,5369364f2c4e81ca141679d6dd2ba6ece61c7eb53d7fae31241b308876e1b6b3
1,1,6,14,29,S001_R06_T14,both_feet_imagery,1,both_fists_imagery,0,-15.769978448183121,False,shrinkage_lda,2/3/4/5/6/7/8/9/10/11/12/13/14/15/16/17/18/19/20,True,False,False,physionet/eegmmidb/1.0.0/S001/S001R06.edf,5369364f2c4e81ca141679d6dd2ba6ece61c7eb53d7fae31241b308876e1b6b3
1,1,10,0,1,S001_R10_T00,both_fists_imagery,0,both_fists_imagery,0,-13.136876363357246,True,shrinkage_lda,2/3/4/5/6/7/8/9/10/11/12/13/14/15/16/17/18/19/20,True,False,False,physionet/eegmmidb/1.0.0/S001/S001R10.edf,20de1c7746c2349d16bda5e9f1b0ac7b7ad1581102a2e30dd2ac422696f62fb1
1,1,10,1,3,S001_R10_T01,both_feet_imagery,1,both_fists_imagery,0,-6.696691195108478,False,shrinkage_lda,2/3/4/5/6/7/8/9/10/11/12/13/14/15/16/17/18/19/20,True,False,False,physionet/eegmmidb/1.0.0/S001/S001R10.edf,20de1c7746c2349d16bda5e9f1b0ac7b7ad1581102a2e30dd2ac422696f62fb1
1,1,10,2,5,S001_R10_T02,both_feet_imagery,1,both_feet_imagery,1,5.413290778003688,True,shrinkage_lda,2/3/4/5/6/7/8/9/10/11/12/13/14/15/16/17/18/19/20,True,False,False,physionet/eegmmidb/1.0.0/S001/S001R10.edf,20de1c7746c2349d16bda5e9f1b0ac7b7ad1581102a2e30dd2ac422696f62fb1
1,1,10,3,7,S001_R10_T03,both_fists_imagery,0,both_fists_imagery,0,-6.831398481276356,True,shrinkage_lda,2/3/4/5/6/7/8/9/10/11/12/13/14/15/16/17/18/19/20,True,False,False,physionet/eegmmidb/1.0.0/S001/S001R10.edf,20de1c7746c2349d16bda5e9f1b0ac7b7ad1581102a2e30dd2ac422696f62fb1
1,1,10,4,9,S001_R10_T04,both_feet_imagery,1,both_feet_imagery,1,2.6128277538207128,True,shrinkage_lda,2/3/4/5/6/7/8/9/10/11/12/13/14/15/16/17/18/19/20,True,False,False,physionet/eegmmidb/1.0.0/S001/S001R10.edf,20de1c7746c2349d16bda5e9f1b0ac7b7ad1581102a2e30dd2ac422696f62fb1
1,1,10,5,11,S001_R10_T05,both_fists_imagery,0,both_feet_imagery,1,0.32494902856599084,False,shrinkage_lda,2/3/4/5/6/7/8/9/10/11/12/13/14/15/16/17/18/19/20,True,False,False,physionet/eegmmidb/1.0.0/S001/S001R10.edf,20de1c7746c2349d16bda5e9f1b0ac7b7ad1581102a2e30dd2ac422696f62fb1
1,1,10,6,13,S001_R10_T06,both_fists_imagery,0,both_fists_imagery,0,-11.48175139148151,True,shrinkage_lda,2/3/4/5/6/7/8/9/10/11/12/13/14/15/16/17/18/19/20,True,False,False,physionet/eegmmidb/1.0.0/S001/S001R10.edf,20de1c7746c2349d16bda5e9f1b0ac7b7ad1581102a2e30dd2ac422696f62fb1
1,1,10,7,15,S001_R10_T07,both_feet_imagery,1,both_fists_imagery,0,-13.554959478656631,False,shrinkage_lda,2/3/4/5/6/7/8/9/10/11/12/13/14/15/16/17/18/19/20,True,False,False,physionet/eegmmidb/1.0.0/S001/S001R10.edf,20de1c7746c2349d16bda5e9f1b0ac7b7ad1581102a2e30dd2ac422696f62fb1
1,1,10,8,17,S001_R10_T08,both_feet_imagery,1,both_fists_imagery,0,-25.237039080796148,False,shrinkage_lda,2/3/4/5/6/7/8/9/10/11/12/13/14/15/16/17/18/19/20,True,False,True,physionet/eegmmidb/1.0.0/S001/S001R10.edf,20de1c7746c2349d16bda5e9f1b0ac7b7ad1581102a2e30dd2ac422696f62fb1
1,1,10,9,19,S001_R10_T09,both_fists_imagery,0,both_fists_imagery,0,-0.6469885729900542,True,shrinkage_lda,2/3/4/5/6/7/8/9/10/11/12/13/14/15/16/17/18/19/20,True,False,False,physionet/eegmmidb/1.0.0/S001/S001R10.edf,20de1c7746c2349d16bda5e9f1b0ac7b7ad1581102a2e30dd2ac422696f62fb1
1,1,10,10,21,S001_R10_T10,both_fists_imagery,0,both_fists_imagery,0,-6.62503201990097,True,shrinkage_lda,2/3/4/5/6/7/8/9/10/11/12/13/14/15/16/17/18/19/20,True,False,False,physionet/eegmmidb/1.0.0/S001/S001R10.edf,20de1c7746c2349d16bda5e9f1b0ac7b7ad1581102a2e30dd2ac422696f62fb1
1,1,10,11,23,S001_R10_T11,both_feet_imagery,1,both_fists_imagery,0,-2.503706728220375,False,shrinkage_lda,2/3/4/5/6/7/8/9/10/11/12/13/14/15/16/17/18/19/20,True,False,False,physionet/eegmmidb/1.0.0/S001/S001R10.edf,20de1c7746c2349d16bda5e9f1b0ac7b7ad1581102a2e30dd2ac422696f62fb1
1,1,10,12,25,S001_R10_T12,both_feet_imagery,1,both_fists_imagery,0,-0.38970676052801934,False,shrinkage_lda,2/3/4/5/6/7/8/9/10/11/12/13/14/15/16/17/18/19/20,True,False,False,physionet/eegmmidb/1.0.0/S001/S001R10.edf,20de1c7746c2349d16bda5e9f1b0ac7b7ad1581102a2e30dd2ac422696f62fb1
1,1,10,13,27,S001_R10_T13,both_fists_imagery,0,both_fists_imagery,0,-1.9261826539957247,True,shrinkage_lda,2/3/4/5/6/7/8/9/10/11/12/13/14/15/16/17/18/19/20,True,False,False,physionet/eegmmidb/1.0.0/S001/S001R10.edf,20de1c7746c2349d16bda5e9f1b0ac7b7ad1581102a2e30dd2ac422696f62fb1
1,1,10,14,29,S001_R10_T14,both_feet_imagery,1,both_fists_imagery,0,-8.908435872862455,False,shrinkage_lda,2/3/4/5/6/7/8/9/10/11/12/13/14/15/16/17/18/19/20,True,False,False,physionet/eegmmidb/1.0.0/S001/S001R10.edf,20de1c7746c2349d16bda5e9f1b0ac7b7ad1581102a2e30dd2ac422696f62fb1
1,1,14,0,1,S001_R14_T00,both_feet_imagery,1,both_feet_imagery,1,2.223066471741699,True,shrinkage_lda,2/3/4/5/6/7/8/9/10/11/12/13/14/15/16/17/18/19/20,True,False,False,physionet/eegmmidb/1.0.0/S001/S001R14.edf,2110c48e3106898e3dbca47e39b330637afd3d3b8bc2da3ba1e44f4ac1118137
1,1,14,1,3,S001_R14_T01,both_fists_imagery,0,both_fists_imagery,0,-11.385004633384032,True,shrinkage_lda,2/3/4/5/6/7/8/9/10/11/12/13/14/15/16/17/18/19/20,True,False,False,physionet/eegmmidb/1.0.0/S001/S001R14.edf,2110c48e3106898e3dbca47e39b330637afd3d3b8bc2da3ba1e44f4ac1118137
1,1,14,2,5,S001_R14_T02,both_feet_imagery,1,both_fists_imagery,0,-5.642810228670298,False,shrinkage_lda,2/3/4/5/6/7/8/9/10/11/12/13/14/15/16/17/18/19/20,True,False,False,physionet/eegmmidb/1.0.0/S001/S001R14.edf,2110c48e3106898e3dbca47e39b330637afd3d3b8bc2da3ba1e44f4ac1118137
1,1,14,3,7,S001_R14_T03,both_fists_imagery,0,both_feet_imagery,1,0.1314378614572452,False,shrinkage_lda,2/3/4/5/6/7/8/9/10/11/12/13/14/15/16/17/18/19/20,True,False,False,physionet/eegmmidb/1.0.0/S001/S001R14.edf,2110c48e3106898e3dbca47e39b330637afd3d3b8bc2da3ba1e44f4ac1118137
1,1,14,4,9,S001_R14_T04,both_fists_imagery,0,both_fists_imagery,0,-16.58581732135159,True,shrinkage_lda,2/3/4/5/6/7/8/9/10/11/12/13/14/15/16/17/18/19/20,True,False,False,physionet/eegmmidb/1.0.0/S001/S001R14.edf,2110c48e3106898e3dbca47e39b330637afd3d3b8bc2da3ba1e44f4ac1118137
1,1,14,5,11,S001_R14_T05,both_feet_imagery,1,both_feet_imagery,1,3.5376516900523165,True,shrinkage_lda,2/3/4/5/6/7/8/9/10/11/12/13/14/15/16/17/18/19/20,True,False,False,physionet/eegmmidb/1.0.0/S001/S001R14.edf,2110c48e3106898e3dbca47e39b330637afd3d3b8bc2da3ba1e44f4ac1118137
1,1,14,6,13,S001_R14_T06,both_fists_imagery,0,both_fists_imagery,0,-7.390455278925068,True,shrinkage_lda,2/3/4/5/6/7/8/9/10/11/12/13/14/15/16/17/18/19/20,True,False,False,physionet/eegmmidb/1.0.0/S001/S001R14.edf,2110c48e3106898e3dbca47e39b330637afd3d3b8bc2da3ba1e44f4ac1118137
1,1,14,7,15,S001_R14_T07,both_feet_imagery,1,both_fists_imagery,0,-2.652772252120454,False,shrinkage_lda,2/3/4/5/6/7/8/9/10/11/12/13/14/15/16/17/18/19/20,True,False,False,physionet/eegmmidb/1.0.0/S001/S001R14.edf,2110c48e3106898e3dbca47e39b330637afd3d3b8bc2da3ba1e44f4ac1118137
1,1,14,8,17,S001_R14_T08,both_fists_imagery,0,both_fists_imagery,0,-8.029650366426278,True,shrinkage_lda,2/3/4/5/6/7/8/9/10/11/12/13/14/15/16/17/18/19/20,True,False,False,physionet/eegmmidb/1.0.0/S001/S001R14.edf,2110c48e3106898e3dbca47e39b330637afd3d3b8bc2da3ba1e44f4ac1118137
1,1,14,9,19,S001_R14_T09,both_feet_imagery,1,both_feet_imagery,1,2.0144143105636205,True,shrinkage_lda,2/3/4/5/6/7/8/9/10/11/12/13/14/15/16/17/18/19/20,True,False,True,physionet/eegmmidb/1.0.0/S001/S001R14.edf,2110c48e3106898e3dbca47e39b330637afd3d3b8bc2da3ba1e44f4ac1118137
1,1,14,10,21,S001_R14_T10,both_feet_imagery,1,both_feet_imagery,1,2.1999196392854663,True,shrinkage_lda,2/3/4/5/6/7/8/9/10/11/12/13/14/15/16/17/18/19/20,True,False,False,physionet/eegmmidb/1.0.0/S001/S001R14.edf,2110c48e3106898e3dbca47e39b330637afd3d3b8bc2da3ba1e44f4ac1118137
1,1,14,11,23,S001_R14_T11,both_fists_imagery,0,both_fists_imagery,0,-3.968385545062487,True,shrinkage_lda,2/3/4/5/6/7/8/9/10/11/12/13/14/15/16/17/18/19/20,True,False,False,physionet/eegmmidb/1.0.0/S001/S001R14.edf,2110c48e3106898e3dbca47e39b330637afd3d3b8bc2da3ba1e44f4ac1118137
1,1,14,12,25,S001_R14_T12,both_feet_imagery,1,both_fists_imagery,0,-6.901035177109077,False,shrinkage_lda,2/3/4/5/6/7/8/9/10/11/12/13/14/15/16/17/18/19/20,True,False,False,physionet/eegmmidb/1.0.0/S001/S001R14.edf,2110c48e3106898e3dbca47e39b330637afd3d3b8bc2da3ba1e44f4ac1118137
1,1,14,13,27,S001_R14_T13,both_fists_imagery,0,both_fists_imagery,0,-23.30542952518001,True,shrinkage_lda,2/3/4/5/6/7/8/9/10/11/12/13/14/15/16/17/18/19/20,True,False,False,physionet/eegmmidb/1.0.0/S001/S001R14.edf,2110c48e3106898e3dbca47e39b330637afd3d3b8bc2da3ba1e44f4ac1118137
1,1,14,14,29,S001_R14_T14,both_feet_imagery,1,both_fists_imagery,0,-9.36738652843643,False,shrinkage_lda,2/3/4/5/6/7/8/9/10/11/12/13/14/15/16/17/18/19/20,True,False,False,physionet/eegmmidb/1.0.0/S001/S001R14.edf,2110c48e3106898e3dbca47e39b330637afd3d3b8bc2da3ba1e44f4ac1118137
1,1,6,0,1,S001_R06_T00,both_feet_imagery,1,both_fists_imagery,0,-1.7183848685199197,False,l2_logistic_regression,2/3/4/5/6/7/8/9/10/11/12/13/14/15/16/17/18/19/20,True,False,True,physionet/eegmmidb/1.0.0/S001/S001R06.edf,5369364f2c4e81ca141679d6dd2ba6ece61c7eb53d7fae31241b308876e1b6b3
1,1,6,1,3,S001_R06_T01,both_fists_imagery,0,both_fists_imagery,0,-8.938829344501706,True,l2_logistic_regression,2/3/4/5/6/7/8/9/10/11/12/13/14/15/16/17/18/19/20,True,False,False,physionet/eegmmidb/1.0.0/S001/S001R06.edf,5369364f2c4e81ca141679d6dd2ba6ece61c7eb53d7fae31241b308876e1b6b3
1,1,6,2,5,S001_R06_T02,both_fists_imagery,0,both_fists_imagery,0,-1.6784355550340182,True,l2_logistic_regression,2/3/4/5/6/7/8/9/10/11/12/13/14/15/16/17/18/19/20,True,False,False,physionet/eegmmidb/1.0.0/S001/S001R06.edf,5369364f2c4e81ca141679d6dd2ba6ece61c7eb53d7fae31241b308876e1b6b3
1,1,6,3,7,S001_R06_T03,both_feet_imagery,1,both_fists_imagery,0,-3.1502678901129606,False,l2_logistic_regression,2/3/4/5/6/7/8/9/10/11/12/13/14/15/16/17/18/19/20,True,False,True,physionet/eegmmidb/1.0.0/S001/S001R06.edf,5369364f2c4e81ca141679d6dd2ba6ece61c7eb53d7fae31241b308876e1b6b3
1,1,6,4,9,S001_R06_T04,both_fists_imagery,0,both_fists_imagery,0,-7.771111162982073,True,l2_logistic_regression,2/3/4/5/6/7/8/9/10/11/12/13/14/15/16/17/18/19/20,True,False,False,physionet/eegmmidb/1.0.0/S001/S001R06.edf,5369364f2c4e81ca141679d6dd2ba6ece61c7eb53d7fae31241b308876e1b6b3
1,1,6,5,11,S001_R06_T05,both_feet_imagery,1,both_fists_imagery,0,-6.922839933001879,False,l2_logistic_regression,2/3/4/5/6/7/8/9/10/11/12/13/14/15/16/17/18/19/20,True,False,False,physionet/eegmmidb/1.0.0/S001/S001R06.edf,5369364f2c4e81ca141679d6dd2ba6ece61c7eb53d7fae31241b308876e1b6b3
1,1,6,6,13,S001_R06_T06,both_feet_imagery,1,both_fists_imagery,0,-6.939324525175924,False,l2_logistic_regression,2/3/4/5/6/7/8/9/10/11/12/13/14/15/16/17/18/19/20,True,False,False,physionet/eegmmidb/1.0.0/S001/S001R06.edf,5369364f2c4e81ca141679d6dd2ba6ece61c7eb53d7fae31241b308876e1b6b3
1,1,6,7,15,S001_R06_T07,both_fists_imagery,0,both_fists_imagery,0,-9.170499190260479,True,l2_logistic_regression,2/3/4/5/6/7/8/9/10/11/12/13/14/15/16/17/18/19/20,True,False,False,physionet/eegmmidb/1.0.0/S001/S001R06.edf,5369364f2c4e81ca141679d6dd2ba6ece61c7eb53d7fae31241b308876e1b6b3
1,1,6,8,17,S001_R06_T08,both_fists_imagery,0,both_fists_imagery,0,-0.8885646923276433,True,l2_logistic_regression,2/3/4/5/6/7/8/9/10/11/12/13/14/15/16/17/18/19/20,True,False,True,physionet/eegmmidb/1.0.0/S001/S001R06.edf,5369364f2c4e81ca141679d6dd2ba6ece61c7eb53d7fae31241b308876e1b6b3
1,1,6,9,19,S001_R06_T09,both_feet_imagery,1,both_fists_imagery,0,-3.216718796399724,False,l2_logistic_regression,2/3/4/5/6/7/8/9/10/11/12/13/14/15/16/17/18/19/20,True,False,False,physionet/eegmmidb/1.0.0/S001/S001R06.edf,5369364f2c4e81ca141679d6dd2ba6ece61c7eb53d7fae31241b308876e1b6b3
1,1,6,10,21,S001_R06_T10,both_feet_imagery,1,both_fists_imagery,0,-5.510294882117558,False,l2_logistic_regression,2/3/4/5/6/7/8/9/10/11/12/13/14/15/16/17/18/19/20,True,False,False,physionet/eegmmidb/1.0.0/S001/S001R06.edf,5369364f2c4e81ca141679d6dd2ba6ece61c7eb53d7fae31241b308876e1b6b3
1,1,6,11,23,S001_R06_T11,both_fists_imagery,0,both_fists_imagery,0,-1.6713324153463147,True,l2_logistic_regression,2/3/4/5/6/7/8/9/10/11/12/13/14/15/16/17/18/19/20,True,False,False,physionet/eegmmidb/1.0.0/S001/S001R06.edf,5369364f2c4e81ca141679d6dd2ba6ece61c7eb53d7fae31241b308876e1b6b3
1,1,6,12,25,S001_R06_T12,both_fists_imagery,0,both_feet_imagery,1,1.1106953303197553,False,l2_logistic_regression,2/3/4/5/6/7/8/9/10/11/12/13/14/15/16/17/18/19/20,True,False,True,physionet/eegmmidb/1.0.0/S001/S001R06.edf,5369364f2c4e81ca141679d6dd2ba6ece61c7eb53d7fae31241b308876e1b6b3
1,1,6,13,27,S001_R06_T13,both_feet_imagery,1,both_fists_imagery,0,-1.3387001459881218,False,l2_logistic_regression,2/3/4/5/6/7/8/9/10/11/12/13/14/15/16/17/18/19/20,True,False,False,physionet/eegmmidb/1.0.0/S001/S001R06.edf,5369364f2c4e81ca141679d6dd2ba6ece61c7eb53d7fae31241b308876e1b6b3
1,1,6,14,29,S001_R06_T14,both_feet_imagery,1,both_fists_imagery,0,-7.428694423997707,False,l2_logistic_regression,2/3/4/5/6/7/8/9/10/11/12/13/14/15/16/17/18/19/20,True,False,False,physionet/eegmmidb/1.0.0/S001/S001R06.edf,5369364f2c4e81ca141679d6dd2ba6ece61c7eb53d7fae31241b308876e1b6b3
1,1,10,0,1,S001_R10_T00,both_fists_imagery,0,both_fists_imagery,0,-7.487040109291149,True,l2_logistic_regression,2/3/4/5/6/7/8/9/10/11/12/13/14/15/16/17/18/19/20,True,False,False,physionet/eegmmidb/1.0.0/S001/S001R10.edf,20de1c7746c2349d16bda5e9f1b0ac7b7ad1581102a2e30dd2ac422696f62fb1
1,1,10,1,3,S001_R10_T01,both_feet_imagery,1,both_fists_imagery,0,-5.884823097300542,False,l2_logistic_regression,2/3/4/5/6/7/8/9/10/11/12/13/14/15/16/17/18/19/20,True,False,False,physionet/eegmmidb/1.0.0/S001/S001R10.edf,20de1c7746c2349d16bda5e9f1b0ac7b7ad1581102a2e30dd2ac422696f62fb1
1,1,10,2,5,S001_R10_T02,both_feet_imagery,1,both_feet_imagery,1,2.8971214051853034,True,l2_logistic_regression,2/3/4/5/6/7/8/9/10/11/12/13/14/15/16/17/18/19/20,True,False,False,physionet/eegmmidb/1.0.0/S001/S001R10.edf,20de1c7746c2349d16bda5e9f1b0ac7b7ad1581102a2e30dd2ac422696f62fb1
1,1,10,3,7,S001_R10_T03,both_fists_imagery,0,both_fists_imagery,0,-4.115245884219843,True,l2_logistic_regression,2/3/4/5/6/7/8/9/10/11/12/13/14/15/16/17/18/19/20,True,False,False,physionet/eegmmidb/1.0.0/S001/S001R10.edf,20de1c7746c2349d16bda5e9f1b0ac7b7ad1581102a2e30dd2ac422696f62fb1
1,1,10,4,9,S001_R10_T04,both_feet_imagery,1,both_feet_imagery,1,1.1582565607920698,True,l2_logistic_regression,2/3/4/5/6/7/8/9/10/11/12/13/14/15/16/17/18/19/20,True,False,False,physionet/eegmmidb/1.0.0/S001/S001R10.edf,20de1c7746c2349d16bda5e9f1b0ac7b7ad1581102a2e30dd2ac422696f62fb1
1,1,10,5,11,S001_R10_T05,both_fists_imagery,0,both_feet_imagery,1,0.46117543339048717,False,l2_logistic_regression,2/3/4/5/6/7/8/9/10/11/12/13/14/15/16/17/18/19/20,True,False,False,physionet/eegmmidb/1.0.0/S001/S001R10.edf,20de1c7746c2349d16bda5e9f1b0ac7b7ad1581102a2e30dd2ac422696f62fb1
1,1,10,6,13,S001_R10_T06,both_fists_imagery,0,both_fists_imagery,0,-7.677732620540999,True,l2_logistic_regression,2/3/4/5/6/7/8/9/10/11/12/13/14/15/16/17/18/19/20,True,False,False,physionet/eegmmidb/1.0.0/S001/S001R10.edf,20de1c7746c2349d16bda5e9f1b0ac7b7ad1581102a2e30dd2ac422696f62fb1
1,1,10,7,15,S001_R10_T07,both_feet_imagery,1,both_fists_imagery,0,-9.63203223146519,False,l2_logistic_regression,2/3/4/5/6/7/8/9/10/11/12/13/14/15/16/17/18/19/20,True,False,False,physionet/eegmmidb/1.0.0/S001/S001R10.edf,20de1c7746c2349d16bda5e9f1b0ac7b7ad1581102a2e30dd2ac422696f62fb1
1,1,10,8,17,S001_R10_T08,both_feet_imagery,1,both_fists_imagery,0,-13.935879718669826,False,l2_logistic_regression,2/3/4/5/6/7/8/9/10/11/12/13/14/15/16/17/18/19/20,True,False,True,physionet/eegmmidb/1.0.0/S001/S001R10.edf,20de1c7746c2349d16bda5e9f1b0ac7b7ad1581102a2e30dd2ac422696f62fb1
1,1,10,9,19,S001_R10_T09,both_fists_imagery,0,both_fists_imagery,0,-0.21798483928886933,True,l2_logistic_regression,2/3/4/5/6/7/8/9/10/11/12/13/14/15/16/17/18/19/20,True,False,False,physionet/eegmmidb/1.0.0/S001/S001R10.edf,20de1c7746c2349d16bda5e9f1b0ac7b7ad1581102a2e30dd2ac422696f62fb1
1,1,10,10,21,S001_R10_T10,both_fists_imagery,0,both_fists_imagery,0,-4.161705834626664,True,l2_logistic_regression,2/3/4/5/6/7/8/9/10/11/12/13/14/15/16/17/18/19/20,True,False,False,physionet/eegmmidb/1.0.0/S001/S001R10.edf,20de1c7746c2349d16bda5e9f1b0ac7b7ad1581102a2e30dd2ac422696f62fb1
1,1,10,11,23,S001_R10_T11,both_feet_imagery,1,both_fists_imagery,0,-1.405194283885297,False,l2_logistic_regression,2/3/4/5/6/7/8/9/10/11/12/13/14/15/16/17/18/19/20,True,False,False,physionet/eegmmidb/1.0.0/S001/S001R10.edf,20de1c7746c2349d16bda5e9f1b0ac7b7ad1581102a2e30dd2ac422696f62fb1
1,1,10,12,25,S001_R10_T12,both_feet_imagery,1,both_feet_imagery,1,0.7612818155126881,True,l2_logistic_regression,2/3/4/5/6/7/8/9/10/11/12/13/14/15/16/17/18/19/20,True,False,False,physionet/eegmmidb/1.0.0/S001/S001R10.edf,20de1c7746c2349d16bda5e9f1b0ac7b7ad1581102a2e30dd2ac422696f62fb1
1,1,10,13,27,S001_R10_T13,both_fists_imagery,0,both_fists_imagery,0,-1.3037457731417006,True,l2_logistic_regression,2/3/4/5/6/7/8/9/10/11/12/13/14/15/16/17/18/19/20,True,False,False,physionet/eegmmidb/1.0.0/S001/S001R10.edf,20de1c7746c2349d16bda5e9f1b0ac7b7ad1581102a2e30dd2ac422696f62fb1
1,1,10,14,29,S001_R10_T14,both_feet_imagery,1,both_fists_imagery,0,-5.926813485073046,False,l2_logistic_regression,2/3/4/5/6/7/8/9/10/11/12/13/14/15/16/17/18/19/20,True,False,False,physionet/eegmmidb/1.0.0/S001/S001R10.edf,20de1c7746c2349d16bda5e9f1b0ac7b7ad1581102a2e30dd2ac422696f62fb1
1,1,14,0,1,S001_R14_T00,both_feet_imagery,1,both_feet_imagery,1,2.5765675029127446,True,l2_logistic_regression,2/3/4/5/6/7/8/9/10/11/12/13/14/15/16/17/18/19/20,True,False,False,physionet/eegmmidb/1.0.0/S001/S001R14.edf,2110c48e3106898e3dbca47e39b330637afd3d3b8bc2da3ba1e44f4ac1118137
1,1,14,1,3,S001_R14_T01,both_fists_imagery,0,both_fists_imagery,0,-7.403744553208622,True,l2_logistic_regression,2/3/4/5/6/7/8/9/10/11/12/13/14/15/16/17/18/19/20,True,False,False,physionet/eegmmidb/1.0.0/S001/S001R14.edf,2110c48e3106898e3dbca47e39b330637afd3d3b8bc2da3ba1e44f4ac1118137
1,1,14,2,5,S001_R14_T02,both_feet_imagery,1,both_fists_imagery,0,-3.5471673303287146,False,l2_logistic_regression,2/3/4/5/6/7/8/9/10/11/12/13/14/15/16/17/18/19/20,True,False,False,physionet/eegmmidb/1.0.0/S001/S001R14.edf,2110c48e3106898e3dbca47e39b330637afd3d3b8bc2da3ba1e44f4ac1118137
1,1,14,3,7,S001_R14_T03,both_fists_imagery,0,both_fists_imagery,0,-0.05333199103780864,True,l2_logistic_regression,2/3/4/5/6/7/8/9/10/11/12/13/14/15/16/17/18/19/20,True,False,False,physionet/eegmmidb/1.0.0/S001/S001R14.edf,2110c48e3106898e3dbca47e39b330637afd3d3b8bc2da3ba1e44f4ac1118137
1,1,14,4,9,S001_R14_T04,both_fists_imagery,0,both_fists_imagery,0,-14.043692776637036,True,l2_logistic_regression,2/3/4/5/6/7/8/9/10/11/12/13/14/15/16/17/18/19/20,True,False,False,physionet/eegmmidb/1.0.0/S001/S001R14.edf,2110c48e3106898e3dbca47e39b330637afd3d3b8bc2da3ba1e44f4ac1118137
1,1,14,5,11,S001_R14_T05,both_feet_imagery,1,both_feet_imagery,1,0.17250466378822535,True,l2_logistic_regression,2/3/4/5/6/7/8/9/10/11/12/13/14/15/16/17/18/19/20,True,False,False,physionet/eegmmidb/1.0.0/S001/S001R14.edf,2110c48e3106898e3dbca47e39b330637afd3d3b8bc2da3ba1e44f4ac1118137
1,1,14,6,13,S001_R14_T06,both_fists_imagery,0,both_fists_imagery,0,-3.4176128352721022,True,l2_logistic_regression,2/3/4/5/6/7/8/9/10/11/12/13/14/15/16/17/18/19/20,True,False,False,physionet/eegmmidb/1.0.0/S001/S001R14.edf,2110c48e3106898e3dbca47e39b330637afd3d3b8bc2da3ba1e44f4ac1118137
1,1,14,7,15,S001_R14_T07,both_feet_imagery,1,both_fists_imagery,0,-0.9778506676939622,False,l2_logistic_regression,2/3/4/5/6/7/8/9/10/11/12/13/14/15/16/17/18/19/20,True,False,False,physionet/eegmmidb/1.0.0/S001/S001R14.edf,2110c48e3106898e3dbca47e39b330637afd3d3b8bc2da3ba1e44f4ac1118137
1,1,14,8,17,S001_R14_T08,both_fists_imagery,0,both_fists_imagery,0,-5.387112708286239,True,l2_logistic_regression,2/3/4/5/6/7/8/9/10/11/12/13/14/15/16/17/18/19/20,True,False,False,physionet/eegmmidb/1.0.0/S001/S001R14.edf,2110c48e3106898e3dbca47e39b330637afd3d3b8bc2da3ba1e44f4ac1118137
1,1,14,9,19,S001_R14_T09,both_feet_imagery,1,both_feet_imagery,1,1.0991913687007506,True,l2_logistic_regression,2/3/4/5/6/7/8/9/10/11/12/13/14/15/16/17/18/19/20,True,False,True,physionet/eegmmidb/1.0.0/S001/S001R14.edf,2110c48e3106898e3dbca47e39b330637afd3d3b8bc2da3ba1e44f4ac1118137
1,1,14,10,21,S001_R14_T10,both_feet_imagery,1,both_feet_imagery,1,0.4158002868115247,True,l2_logistic_regression,2/3/4/5/6/7/8/9/10/11/12/13/14/15/16/17/18/19/20,True,False,False,physionet/eegmmidb/1.0.0/S001/S001R14.edf,2110c48e3106898e3dbca47e39b330637afd3d3b8bc2da3ba1e44f4ac1118137
1,1,14,11,23,S001_R14_T11,both_fists_imagery,0,both_fists_imagery,0,-2.361476484000821,True,l2_logistic_regression,2/3/4/5/6/7/8/9/10/11/12/13/14/15/16/17/18/19/20,True,False,False,physionet/eegmmidb/1.0.0/S001/S001R14.edf,2110c48e3106898e3dbca47e39b330637afd3d3b8bc2da3ba1e44f4ac1118137
1,1,14,12,25,S001_R14_T12,both_feet_imagery,1,both_fists_imagery,0,-3.73639611971927,False,l2_logistic_regression,2/3/4/5/6/7/8/9/10/11/12/13/14/15/16/17/18/19/20,True,False,False,physionet/eegmmidb/1.0.0/S001/S001R14.edf,2110c48e3106898e3dbca47e39b330637afd3d3b8bc2da3ba1e44f4ac1118137
1,1,14,13,27,S001_R14_T13,both_fists_imagery,0,both_fists_imagery,0,-14.739593572583411,True,l2_logistic_regression,2/3/4/5/6/7/8/9/10/11/12/13/14/15/16/17/18/19/20,True,False,False,physionet/eegmmidb/1.0.0/S001/S001R14.edf,2110c48e3106898e3dbca47e39b330637afd3d3b8bc2da3ba1e44f4ac1118137
1,1,14,14,29,S001_R14_T14,both_feet_imagery,1,both_fists_imagery,0,-5.171203436323602,False,l2_logistic_regression,2/3/4/5/6/7/8/9/10/11/12/13/14/15/16/17/18/19/20,True,False,False,physionet/eegmmidb/1.0.0/S001/S001R14.edf,2110c48e3106898e3dbca47e39b330637afd3d3b8bc2da3ba1e44f4ac1118137
2,2,6,0,1,S002_R06_T00,both_fists_imagery,0,both_fists_imagery,0,-9.105674006308023,True,shrinkage_lda,1/3/4/5/6/7/8/9/10/11/12/13/14/15/16/17/18/19/20,True,False,False,physionet/eegmmidb/1.0.0/S002/S002R06.edf,08b07a8495a51ddca66a91fcc1275651f2d3e6b0a7a56711f06769b4ecbb8d53
2,2,6,1,3,S002_R06_T01,both_feet_imagery,1,both_fists_imagery,0,-7.655618153211874,False,shrinkage_lda,1/3/4/5/6/7/8/9/10/11/12/13/14/15/16/17/18/19/20,True,False,True,physionet/eegmmidb/1.0.0/S002/S002R06.edf,08b07a8495a51ddca66a91fcc1275651f2d3e6b0a7a56711f06769b4ecbb8d53
2,2,6,2,5,S002_R06_T02,both_feet_imagery,1,both_feet_imagery,1,12.946161818793259,True,shrinkage_lda,1/3/4/5/6/7/8/9/10/11/12/13/14/15/16/17/18/19/20,True,False,False,physionet/eegmmidb/1.0.0/S002/S002R06.edf,08b07a8495a51ddca66a91fcc1275651f2d3e6b0a7a56711f06769b4ecbb8d53
2,2,6,3,7,S002_R06_T03,both_fists_imagery,0,both_fists_imagery,0,-10.909814199200536,True,shrinkage_lda,1/3/4/5/6/7/8/9/10/11/12/13/14/15/16/17/18/19/20,True,False,False,physionet/eegmmidb/1.0.0/S002/S002R06.edf,08b07a8495a51ddca66a91fcc1275651f2d3e6b0a7a56711f06769b4ecbb8d53
2,2,6,4,9,S002_R06_T04,both_feet_imagery,1,both_fists_imagery,0,-25.5137801920498,False,shrinkage_lda,1/3/4/5/6/7/8/9/10/11/12/13/14/15/16/17/18/19/20,True,False,False,physionet/eegmmidb/1.0.0/S002/S002R06.edf,08b07a8495a51ddca66a91fcc1275651f2d3e6b0a7a56711f06769b4ecbb8d53
2,2,6,5,11,S002_R06_T05,both_fists_imagery,0,both_fists_imagery,0,-16.291633058790836,True,shrinkage_lda,1/3/4/5/6/7/8/9/10/11/12/13/14/15/16/17/18/19/20,True,False,True,physionet/eegmmidb/1.0.0/S002/S002R06.edf,08b07a8495a51ddca66a91fcc1275651f2d3e6b0a7a56711f06769b4ecbb8d53
2,2,6,6,13,S002_R06_T06,both_feet_imagery,1,both_fists_imagery,0,-3.5974904454470846,False,shrinkage_lda,1/3/4/5/6/7/8/9/10/11/12/13/14/15/16/17/18/19/20,True,False,False,physionet/eegmmidb/1.0.0/S002/S002R06.edf,08b07a8495a51ddca66a91fcc1275651f2d3e6b0a7a56711f06769b4ecbb8d53
2,2,6,7,15,S002_R06_T07,both_fists_imagery,0,both_fists_imagery,0,-4.846873918921905,True,shrinkage_lda,1/3/4/5/6/7/8/9/10/11/12/13/14/15/16/17/18/19/20,True,False,False,physionet/eegmmidb/1.0.0/S002/S002R06.edf,08b07a8495a51ddca66a91fcc1275651f2d3e6b0a7a56711f06769b4ecbb8d53
2,2,6,8,17,S002_R06_T08,both_feet_imagery,1,both_fists_imagery,0,-5.697866459005727,False,shrinkage_lda,1/3/4/5/6/7/8/9/10/11/12/13/14/15/16/17/18/19/20,True,False,False,physionet/eegmmidb/1.0.0/S002/S002R06.edf,08b07a8495a51ddca66a91fcc1275651f2d3e6b0a7a56711f06769b4ecbb8d53
2,2,6,9,19,S002_R06_T09,both_fists_imagery,0,both_feet_imagery,1,4.65853652993663,False,shrinkage_lda,1/3/4/5/6/7/8/9/10/11/12/13/14/15/16/17/18/19/20,True,False,False,physionet/eegmmidb/1.0.0/S002/S002R06.edf,08b07a8495a51ddca66a91fcc1275651f2d3e6b0a7a56711f06769b4ecbb8d53
2,2,6,10,21,S002_R06_T10,both_fists_imagery,0,both_fists_imagery,0,-4.519251848038648,True,shrinkage_lda,1/3/4/5/6/7/8/9/10/11/12/13/14/15/16/17/18/19/20,True,False,False,physionet/eegmmidb/1.0.0/S002/S002R06.edf,08b07a8495a51ddca66a91fcc1275651f2d3e6b0a7a56711f06769b4ecbb8d53
2,2,6,11,23,S002_R06_T11,both_feet_imagery,1,both_feet_imagery,1,0.11906316164432984,True,shrinkage_lda,1/3/4/5/6/7/8/9/10/11/12/13/14/15/16/17/18/19/20,True,False,False,physionet/eegmmidb/1.0.0/S002/S002R06.edf,08b07a8495a51ddca66a91fcc1275651f2d3e6b0a7a56711f06769b4ecbb8d53
2,2,6,12,25,S002_R06_T12,both_feet_imagery,1,both_fists_imagery,0,-2.1511738167669874,False,shrinkage_lda,1/3/4/5/6/7/8/9/10/11/12/13/14/15/16/17/18/19/20,True,False,False,physionet/eegmmidb/1.0.0/S002/S002R06.edf,08b07a8495a51ddca66a91fcc1275651f2d3e6b0a7a56711f06769b4ecbb8d53
2,2,6,13,27,S002_R06_T13,both_fists_imagery,0,both_feet_imagery,1,0.4826551740190297,False,shrinkage_lda,1/3/4/5/6/7/8/9/10/11/12/13/14/15/16/17/18/19/20,True,False,False,physionet/eegmmidb/1.0.0/S002/S002R06.edf,08b07a8495a51ddca66a91fcc1275651f2d3e6b0a7a56711f06769b4ecbb8d53
2,2,6,14,29,S002_R06_T14,both_fists_imagery,0,both_feet_imagery,1,3.1737393306892288,False,shrinkage_lda,1/3/4/5/6/7/8/9/10/11/12/13/14/15/16/17/18/19/20,True,False,False,physionet/eegmmidb/1.0.0/S002/S002R06.edf,08b07a8495a51ddca66a91fcc1275651f2d3e6b0a7a56711f06769b4ecbb8d53
2,2,10,0,1,S002_R10_T00,both_feet_imagery,1,both_feet_imagery,1,5.63596826371245,True,shrinkage_lda,1/3/4/5/6/7/8/9/10/11/12/13/14/15/16/17/18/19/20,True,False,False,physionet/eegmmidb/1.0.0/S002/S002R10.edf,817961f28a7acfebc45c664f1a9e40dcf4a8e1e1e51dc089062d7e3e2cef44e9
2,2,10,1,3,S002_R10_T01,both_fists_imagery,0,both_feet_imagery,1,0.23824105616076163,False,shrinkage_lda,1/3/4/5/6/7/8/9/10/11/12/13/14/15/16/17/18/19/20,True,False,False,physionet/eegmmidb/1.0.0/S002/S002R10.edf,817961f28a7acfebc45c664f1a9e40dcf4a8e1e1e51dc089062d7e3e2cef44e9
2,2,10,2,5,S002_R10_T02,both_feet_imagery,1,both_fists_imagery,0,-9.017763188557035,False,shrinkage_lda,1/3/4/5/6/7/8/9/10/11/12/13/14/15/16/17/18/19/20,True,False,False,physionet/eegmmidb/1.0.0/S002/S002R10.edf,817961f28a7acfebc45c664f1a9e40dcf4a8e1e1e51dc089062d7e3e2cef44e9
2,2,10,3,7,S002_R10_T03,both_fists_imagery,0,both_fists_imagery,0,-2.9703770004434977,True,shrinkage_lda,1/3/4/5/6/7/8/9/10/11/12/13/14/15/16/17/18/19/20,True,False,False,physionet/eegmmidb/1.0.0/S002/S002R10.edf,817961f28a7acfebc45c664f1a9e40dcf4a8e1e1e51dc089062d7e3e2cef44e9
2,2,10,4,9,S002_R10_T04,both_fists_imagery,0,both_feet_imagery,1,4.354313863035426,False,shrinkage_lda,1/3/4/5/6/7/8/9/10/11/12/13/14/15/16/17/18/19/20,True,False,False,physionet/eegmmidb/1.0.0/S002/S002R10.edf,817961f28a7acfebc45c664f1a9e40dcf4a8e1e1e51dc089062d7e3e2cef44e9
2,2,10,5,11,S002_R10_T05,both_feet_imagery,1,both_fists_imagery,0,-4.6880321974835715,False,shrinkage_lda,1/3/4/5/6/7/8/9/10/11/12/13/14/15/16/17/18/19/20,True,False,False,physionet/eegmmidb/1.0.0/S002/S002R10.edf,817961f28a7acfebc45c664f1a9e40dcf4a8e1e1e51dc089062d7e3e2cef44e9
2,2,10,6,13,S002_R10_T06,both_fists_imagery,0,both_fists_imagery,0,-26.45897537038413,True,shrinkage_lda,1/3/4/5/6/7/8/9/10/11/12/13/14/15/16/17/18/19/20,True,False,False,physionet/eegmmidb/1.0.0/S002/S002R10.edf,817961f28a7acfebc45c664f1a9e40dcf4a8e1e1e51dc089062d7e3e2cef44e9
2,2,10,7,15,S002_R10_T07,both_feet_imagery,1,both_feet_imagery,1,6.99064078105129,True,shrinkage_lda,1/3/4/5/6/7/8/9/10/11/12/13/14/15/16/17/18/19/20,True,False,False,physionet/eegmmidb/1.0.0/S002/S002R10.edf,817961f28a7acfebc45c664f1a9e40dcf4a8e1e1e51dc089062d7e3e2cef44e9
2,2,10,8,17,S002_R10_T08,both_feet_imagery,1,both_fists_imagery,0,-16.47052259939806,False,shrinkage_lda,1/3/4/5/6/7/8/9/10/11/12/13/14/15/16/17/18/19/20,True,False,False,physionet/eegmmidb/1.0.0/S002/S002R10.edf,817961f28a7acfebc45c664f1a9e40dcf4a8e1e1e51dc089062d7e3e2cef44e9
2,2,10,9,19,S002_R10_T09,both_fists_imagery,0,both_fists_imagery,0,-21.63538619049077,True,shrinkage_lda,1/3/4/5/6/7/8/9/10/11/12/13/14/15/16/17/18/19/20,True,False,True,physionet/eegmmidb/1.0.0/S002/S002R10.edf,817961f28a7acfebc45c664f1a9e40dcf4a8e1e1e51dc089062d7e3e2cef44e9
2,2,10,10,21,S002_R10_T10,both_feet_imagery,1,both_feet_imagery,1,14.874609609410506,True,shrinkage_lda,1/3/4/5/6/7/8/9/10/11/12/13/14/15/16/17/18/19/20,True,False,True,physionet/eegmmidb/1.0.0/S002/S002R10.edf,817961f28a7acfebc45c664f1a9e40dcf4a8e1e1e51dc089062d7e3e2cef44e9
2,2,10,11,23,S002_R10_T11,both_fists_imagery,0,both_feet_imagery,1,4.629609114475725,False,shrinkage_lda,1/3/4/5/6/7/8/9/10/11/12/13/14/15/16/17/18/19/20,True,False,True,physionet/eegmmidb/1.0.0/S002/S002R10.edf,817961f28a7acfebc45c664f1a9e40dcf4a8e1e1e51dc089062d7e3e2cef44e9
2,2,10,12,25,S002_R10_T12,both_feet_imagery,1,both_feet_imagery,1,6.386736991612156,True,shrinkage_lda,1/3/4/5/6/7/8/9/10/11/12/13/14/15/16/17/18/19/20,True,False,False,physionet/eegmmidb/1.0.0/S002/S002R10.edf,817961f28a7acfebc45c664f1a9e40dcf4a8e1e1e51dc089062d7e3e2cef44e9
2,2,10,13,27,S002_R10_T13,both_fists_imagery,0,both_fists_imagery,0,-3.4645535592450525,True,shrinkage_lda,1/3/4/5/6/7/8/9/10/11/12/13/14/15/16/17/18/19/20,True,False,True,physionet/eegmmidb/1.0.0/S002/S002R10.edf,817961f28a7acfebc45c664f1a9e40dcf4a8e1e1e51dc089062d7e3e2cef44e9
2,2,10,14,29,S002_R10_T14,both_fists_imagery,0,both_fists_imagery,0,-5.759365997599713,True,shrinkage_lda,1/3/4/5/6/7/8/9/10/11/12/13/14/15/16/17/18/19/20,True,False,True,physionet/eegmmidb/1.0.0/S002/S002R10.edf,817961f28a7acfebc45c664f1a9e40dcf4a8e1e1e51dc089062d7e3e2cef44e9
2,2,14,0,1,S002_R14_T00,both_fists_imagery,0,both_feet_imagery,1,7.484036922375891,False,shrinkage_lda,1/3/4/5/6/7/8/9/10/11/12/13/14/15/16/17/18/19/20,True,False,False,physionet/eegmmidb/1.0.0/S002/S002R14.edf,21e20c72ae3f52cc95f6fd6d4b5b958e28fc85bc0d3886f494de97a82c2aa24d
2,2,14,1,3,S002_R14_T01,both_feet_imagery,1,both_fists_imagery,0,-6.6807673772037965,False,shrinkage_lda,1/3/4/5/6/7/8/9/10/11/12/13/14/15/16/17/18/19/20,True,False,False,physionet/eegmmidb/1.0.0/S002/S002R14.edf,21e20c72ae3f52cc95f6fd6d4b5b958e28fc85bc0d3886f494de97a82c2aa24d
2,2,14,2,5,S002_R14_T02,both_fists_imagery,0,both_feet_imagery,1,10.821812964075248,False,shrinkage_lda,1/3/4/5/6/7/8/9/10/11/12/13/14/15/16/17/18/19/20,True,False,False,physionet/eegmmidb/1.0.0/S002/S002R14.edf,21e20c72ae3f52cc95f6fd6d4b5b958e28fc85bc0d3886f494de97a82c2aa24d
2,2,14,3,7,S002_R14_T03,both_feet_imagery,1,both_feet_imagery,1,4.085493881717565,True,shrinkage_lda,1/3/4/5/6/7/8/9/10/11/12/13/14/15/16/17/18/19/20,True,False,False,physionet/eegmmidb/1.0.0/S002/S002R14.edf,21e20c72ae3f52cc95f6fd6d4b5b958e28fc85bc0d3886f494de97a82c2aa24d
2,2,14,4,9,S002_R14_T04,both_fists_imagery,0,both_fists_imagery,0,-5.374481390218518,True,shrinkage_lda,1/3/4/5/6/7/8/9/10/11/12/13/14/15/16/17/18/19/20,True,False,False,physionet/eegmmidb/1.0.0/S002/S002R14.edf,21e20c72ae3f52cc95f6fd6d4b5b958e28fc85bc0d3886f494de97a82c2aa24d
2,2,14,5,11,S002_R14_T05,both_feet_imagery,1,both_feet_imagery,1,4.125050396694465,True,shrinkage_lda,1/3/4/5/6/7/8/9/10/11/12/13/14/15/16/17/18/19/20,True,False,False,physionet/eegmmidb/1.0.0/S002/S002R14.edf,21e20c72ae3f52cc95f6fd6d4b5b958e28fc85bc0d3886f494de97a82c2aa24d
2,2,14,6,13,S002_R14_T06,both_fists_imagery,0,both_fists_imagery,0,-29.45745780897309,True,shrinkage_lda,1/3/4/5/6/7/8/9/10/11/12/13/14/15/16/17/18/19/20,True,False,False,physionet/eegmmidb/1.0.0/S002/S002R14.edf,21e20c72ae3f52cc95f6fd6d4b5b958e28fc85bc0d3886f494de97a82c2aa24d
2,2,14,7,15,S002_R14_T07,both_feet_imagery,1,both_feet_imagery,1,19.344739748112737,True,shrinkage_lda,1/3/4/5/6/7/8/9/10/11/12/13/14/15/16/17/18/19/20,True,False,False,physionet/eegmmidb/1.0.0/S002/S002R14.edf,21e20c72ae3f52cc95f6fd6d4b5b958e28fc85bc0d3886f494de97a82c2aa24d
2,2,14,8,17,S002_R14_T08,both_feet_imagery,1,both_feet_imagery,1,1.8733827601600632,True,shrinkage_lda,1/3/4/5/6/7/8/9/10/11/12/13/14/15/16/17/18/19/20,True,False,False,physionet/eegmmidb/1.0.0/S002/S002R14.edf,21e20c72ae3f52cc95f6fd6d4b5b958e28fc85bc0d3886f494de97a82c2aa24d
2,2,14,9,19,S002_R14_T09,both_fists_imagery,0,both_fists_imagery,0,-5.915787532933896,True,shrinkage_lda,1/3/4/5/6/7/8/9/10/11/12/13/14/15/16/17/18/19/20,True,False,False,physionet/eegmmidb/1.0.0/S002/S002R14.edf,21e20c72ae3f52cc95f6fd6d4b5b958e28fc85bc0d3886f494de97a82c2aa24d
2,2,14,10,21,S002_R14_T10,both_fists_imagery,0,both_fists_imagery,0,-8.367493767166692,True,shrinkage_lda,1/3/4/5/6/7/8/9/10/11/12/13/14/15/16/17/18/19/20,True,False,False,physionet/eegmmidb/1.0.0/S002/S002R14.edf,21e20c72ae3f52cc95f6fd6d4b5b958e28fc85bc0d3886f494de97a82c2aa24d
2,2,14,11,23,S002_R14_T11,both_feet_imagery,1,both_feet_imagery,1,17.190659781666973,True,shrinkage_lda,1/3/4/5/6/7/8/9/10/11/12/13/14/15/16/17/18/19/20,True,False,True,physionet/eegmmidb/1.0.0/S002/S002R14.edf,21e20c72ae3f52cc95f6fd6d4b5b958e28fc85bc0d3886f494de97a82c2aa24d
2,2,14,12,25,S002_R14_T12,both_fists_imagery,0,both_fists_imagery,0,-10.482646355660751,True,shrinkage_lda,1/3/4/5/6/7/8/9/10/11/12/13/14/15/16/17/18/19/20,True,False,True,physionet/eegmmidb/1.0.0/S002/S002R14.edf,21e20c72ae3f52cc95f6fd6d4b5b958e28fc85bc0d3886f494de97a82c2aa24d
2,2,14,13,27,S002_R14_T13,both_feet_imagery,1,both_feet_imagery,1,6.724900902264876,True,shrinkage_lda,1/3/4/5/6/7/8/9/10/11/12/13/14/15/16/17/18/19/20,True,False,True,physionet/eegmmidb/1.0.0/S002/S002R14.edf,21e20c72ae3f52cc95f6fd6d4b5b958e28fc85bc0d3886f494de97a82c2aa24d
2,2,14,14,29,S002_R14_T14,both_fists_imagery,0,both_fists_imagery,0,-2.7560282008993635,True,shrinkage_lda,1/3/4/5/6/7/8/9/10/11/12/13/14/15/16/17/18/19/20,True,False,False,physionet/eegmmidb/1.0.0/S002/S002R14.edf,21e20c72ae3f52cc95f6fd6d4b5b958e28fc85bc0d3886f494de97a82c2aa24d
2,2,6,0,1,S002_R06_T00,both_fists_imagery,0,both_fists_imagery,0,-6.775099851384249,True,l2_logistic_regression,1/3/4/5/6/7/8/9/10/11/12/13/14/15/16/17/18/19/20,True,False,False,physionet/eegmmidb/1.0.0/S002/S002R06.edf,08b07a8495a51ddca66a91fcc1275651f2d3e6b0a7a56711f06769b4ecbb8d53
2,2,6,1,3,S002_R06_T01,both_feet_imagery,1,both_fists_imagery,0,-5.401787061283388,False,l2_logistic_regression,1/3/4/5/6/7/8/9/10/11/12/13/14/15/16/17/18/19/20,True,False,True,physionet/eegmmidb/1.0.0/S002/S002R06.edf,08b07a8495a51ddca66a91fcc1275651f2d3e6b0a7a56711f06769b4ecbb8d53
2,2,6,2,5,S002_R06_T02,both_feet_imagery,1,both_feet_imagery,1,6.561709828374127,True,l2_logistic_regression,1/3/4/5/6/7/8/9/10/11/12/13/14/15/16/17/18/19/20,True,False,False,physionet/eegmmidb/1.0.0/S002/S002R06.edf,08b07a8495a51ddca66a91fcc1275651f2d3e6b0a7a56711f06769b4ecbb8d53
2,2,6,3,7,S002_R06_T03,both_fists_imagery,0,both_fists_imagery,0,-7.767885535269818,True,l2_logistic_regression,1/3/4/5/6/7/8/9/10/11/12/13/14/15/16/17/18/19/20,True,False,False,physionet/eegmmidb/1.0.0/S002/S002R06.edf,08b07a8495a51ddca66a91fcc1275651f2d3e6b0a7a56711f06769b4ecbb8d53
2,2,6,4,9,S002_R06_T04,both_feet_imagery,1,both_fists_imagery,0,-16.556404292488338,False,l2_logistic_regression,1/3/4/5/6/7/8/9/10/11/12/13/14/15/16/17/18/19/20,True,False,False,physionet/eegmmidb/1.0.0/S002/S002R06.edf,08b07a8495a51ddca66a91fcc1275651f2d3e6b0a7a56711f06769b4ecbb8d53
2,2,6,5,11,S002_R06_T05,both_fists_imagery,0,both_fists_imagery,0,-8.915952752996628,True,l2_logistic_regression,1/3/4/5/6/7/8/9/10/11/12/13/14/15/16/17/18/19/20,True,False,True,physionet/eegmmidb/1.0.0/S002/S002R06.edf,08b07a8495a51ddca66a91fcc1275651f2d3e6b0a7a56711f06769b4ecbb8d53
2,2,6,6,13,S002_R06_T06,both_feet_imagery,1,both_fists_imagery,0,-3.756736027260056,False,l2_logistic_regression,1/3/4/5/6/7/8/9/10/11/12/13/14/15/16/17/18/19/20,True,False,False,physionet/eegmmidb/1.0.0/S002/S002R06.edf,08b07a8495a51ddca66a91fcc1275651f2d3e6b0a7a56711f06769b4ecbb8d53
2,2,6,7,15,S002_R06_T07,both_fists_imagery,0,both_fists_imagery,0,-2.9807443773810025,True,l2_logistic_regression,1/3/4/5/6/7/8/9/10/11/12/13/14/15/16/17/18/19/20,True,False,False,physionet/eegmmidb/1.0.0/S002/S002R06.edf,08b07a8495a51ddca66a91fcc1275651f2d3e6b0a7a56711f06769b4ecbb8d53
2,2,6,8,17,S002_R06_T08,both_feet_imagery,1,both_fists_imagery,0,-3.4608174710899635,False,l2_logistic_regression,1/3/4/5/6/7/8/9/10/11/12/13/14/15/16/17/18/19/20,True,False,False,physionet/eegmmidb/1.0.0/S002/S002R06.edf,08b07a8495a51ddca66a91fcc1275651f2d3e6b0a7a56711f06769b4ecbb8d53
2,2,6,9,19,S002_R06_T09,both_fists_imagery,0,both_feet_imagery,1,1.2807547394329566,False,l2_logistic_regression,1/3/4/5/6/7/8/9/10/11/12/13/14/15/16/17/18/19/20,True,False,False,physionet/eegmmidb/1.0.0/S002/S002R06.edf,08b07a8495a51ddca66a91fcc1275651f2d3e6b0a7a56711f06769b4ecbb8d53
2,2,6,10,21,S002_R06_T10,both_fists_imagery,0,both_fists_imagery,0,-2.823901480725369,True,l2_logistic_regression,1/3/4/5/6/7/8/9/10/11/12/13/14/15/16/17/18/19/20,True,False,False,physionet/eegmmidb/1.0.0/S002/S002R06.edf,08b07a8495a51ddca66a91fcc1275651f2d3e6b0a7a56711f06769b4ecbb8d53
2,2,6,11,23,S002_R06_T11,both_feet_imagery,1,both_fists_imagery,0,-1.3148994670040355,False,l2_logistic_regression,1/3/4/5/6/7/8/9/10/11/12/13/14/15/16/17/18/19/20,True,False,False,physionet/eegmmidb/1.0.0/S002/S002R06.edf,08b07a8495a51ddca66a91fcc1275651f2d3e6b0a7a56711f06769b4ecbb8d53
2,2,6,12,25,S002_R06_T12,both_feet_imagery,1,both_fists_imagery,0,-2.0015004814564574,False,l2_logistic_regression,1/3/4/5/6/7/8/9/10/11/12/13/14/15/16/17/18/19/20,True,False,False,physionet/eegmmidb/1.0.0/S002/S002R06.edf,08b07a8495a51ddca66a91fcc1275651f2d3e6b0a7a56711f06769b4ecbb8d53
2,2,6,13,27,S002_R06_T13,both_fists_imagery,0,both_fists_imagery,0,-0.7897728249119056,True,l2_logistic_regression,1/3/4/5/6/7/8/9/10/11/12/13/14/15/16/17/18/19/20,True,False,False,physionet/eegmmidb/1.0.0/S002/S002R06.edf,08b07a8495a51ddca66a91fcc1275651f2d3e6b0a7a56711f06769b4ecbb8d53
2,2,6,14,29,S002_R06_T14,both_fists_imagery,0,both_feet_imagery,1,0.7015834634071889,False,l2_logistic_regression,1/3/4/5/6/7/8/9/10/11/12/13/14/15/16/17/18/19/20,True,False,False,physionet/eegmmidb/1.0.0/S002/S002R06.edf,08b07a8495a51ddca66a91fcc1275651f2d3e6b0a7a56711f06769b4ecbb8d53
2,2,10,0,1,S002_R10_T00,both_feet_imagery,1,both_feet_imagery,1,1.0091649856748026,True,l2_logistic_regression,1/3/4/5/6/7/8/9/10/11/12/13/14/15/16/17/18/19/20,True,False,False,physionet/eegmmidb/1.0.0/S002/S002R10.edf,817961f28a7acfebc45c664f1a9e40dcf4a8e1e1e51dc089062d7e3e2cef44e9
2,2,10,1,3,S002_R10_T01,both_fists_imagery,0,both_fists_imagery,0,-1.2817757395919975,True,l2_logistic_regression,1/3/4/5/6/7/8/9/10/11/12/13/14/15/16/17/18/19/20,True,False,False,physionet/eegmmidb/1.0.0/S002/S002R10.edf,817961f28a7acfebc45c664f1a9e40dcf4a8e1e1e51dc089062d7e3e2cef44e9
2,2,10,2,5,S002_R10_T02,both_feet_imagery,1,both_fists_imagery,0,-6.027773334537625,False,l2_logistic_regression,1/3/4/5/6/7/8/9/10/11/12/13/14/15/16/17/18/19/20,True,False,False,physionet/eegmmidb/1.0.0/S002/S002R10.edf,817961f28a7acfebc45c664f1a9e40dcf4a8e1e1e51dc089062d7e3e2cef44e9
2,2,10,3,7,S002_R10_T03,both_fists_imagery,0,both_fists_imagery,0,-2.9385805832796925,True,l2_logistic_regression,1/3/4/5/6/7/8/9/10/11/12/13/14/15/16/17/18/19/20,True,False,False,physionet/eegmmidb/1.0.0/S002/S002R10.edf,817961f28a7acfebc45c664f1a9e40dcf4a8e1e1e51dc089062d7e3e2cef44e9
2,2,10,4,9,S002_R10_T04,both_fists_imagery,0,both_feet_imagery,1,0.9541465389657797,False,l2_logistic_regression,1/3/4/5/6/7/8/9/10/11/12/13/14/15/16/17/18/19/20,True,False,False,physionet/eegmmidb/1.0.0/S002/S002R10.edf,817961f28a7acfebc45c664f1a9e40dcf4a8e1e1e51dc089062d7e3e2cef44e9
2,2,10,5,11,S002_R10_T05,both_feet_imagery,1,both_fists_imagery,0,-2.5236011479366636,False,l2_logistic_regression,1/3/4/5/6/7/8/9/10/11/12/13/14/15/16/17/18/19/20,True,False,False,physionet/eegmmidb/1.0.0/S002/S002R10.edf,817961f28a7acfebc45c664f1a9e40dcf4a8e1e1e51dc089062d7e3e2cef44e9
2,2,10,6,13,S002_R10_T06,both_fists_imagery,0,both_fists_imagery,0,-16.70199015062413,True,l2_logistic_regression,1/3/4/5/6/7/8/9/10/11/12/13/14/15/16/17/18/19/20,True,False,False,physionet/eegmmidb/1.0.0/S002/S002R10.edf,817961f28a7acfebc45c664f1a9e40dcf4a8e1e1e51dc089062d7e3e2cef44e9
2,2,10,7,15,S002_R10_T07,both_feet_imagery,1,both_feet_imagery,1,2.9174232811512413,True,l2_logistic_regression,1/3/4/5/6/7/8/9/10/11/12/13/14/15/16/17/18/19/20,True,False,False,physionet/eegmmidb/1.0.0/S002/S002R10.edf,817961f28a7acfebc45c664f1a9e40dcf4a8e1e1e51dc089062d7e3e2cef44e9
2,2,10,8,17,S002_R10_T08,both_feet_imagery,1,both_fists_imagery,0,-10.661526191397858,False,l2_logistic_regression,1/3/4/5/6/7/8/9/10/11/12/13/14/15/16/17/18/19/20,True,False,False,physionet/eegmmidb/1.0.0/S002/S002R10.edf,817961f28a7acfebc45c664f1a9e40dcf4a8e1e1e51dc089062d7e3e2cef44e9
2,2,10,9,19,S002_R10_T09,both_fists_imagery,0,both_fists_imagery,0,-12.814563475414632,True,l2_logistic_regression,1/3/4/5/6/7/8/9/10/11/12/13/14/15/16/17/18/19/20,True,False,True,physionet/eegmmidb/1.0.0/S002/S002R10.edf,817961f28a7acfebc45c664f1a9e40dcf4a8e1e1e51dc089062d7e3e2cef44e9
2,2,10,10,21,S002_R10_T10,both_feet_imagery,1,both_feet_imagery,1,7.437188381767312,True,l2_logistic_regression,1/3/4/5/6/7/8/9/10/11/12/13/14/15/16/17/18/19/20,True,False,True,physionet/eegmmidb/1.0.0/S002/S002R10.edf,817961f28a7acfebc45c664f1a9e40dcf4a8e1e1e51dc089062d7e3e2cef44e9
2,2,10,11,23,S002_R10_T11,both_fists_imagery,0,both_feet_imagery,1,1.6364371480171322,False,l2_logistic_regression,1/3/4/5/6/7/8/9/10/11/12/13/14/15/16/17/18/19/20,True,False,True,physionet/eegmmidb/1.0.0/S002/S002R10.edf,817961f28a7acfebc45c664f1a9e40dcf4a8e1e1e51dc089062d7e3e2cef44e9
2,2,10,12,25,S002_R10_T12,both_feet_imagery,1,both_feet_imagery,1,3.824001500734051,True,l2_logistic_regression,1/3/4/5/6/7/8/9/10/11/12/13/14/15/16/17/18/19/20,True,False,False,physionet/eegmmidb/1.0.0/S002/S002R10.edf,817961f28a7acfebc45c664f1a9e40dcf4a8e1e1e51dc089062d7e3e2cef44e9
2,2,10,13,27,S002_R10_T13,both_fists_imagery,0,both_fists_imagery,0,-4.43108060271188,True,l2_logistic_regression,1/3/4/5/6/7/8/9/10/11/12/13/14/15/16/17/18/19/20,True,False,True,physionet/eegmmidb/1.0.0/S002/S002R10.edf,817961f28a7acfebc45c664f1a9e40dcf4a8e1e1e51dc089062d7e3e2cef44e9
2,2,10,14,29,S002_R10_T14,both_fists_imagery,0,both_fists_imagery,0,-3.432765005082856,True,l2_logistic_regression,1/3/4/5/6/7/8/9/10/11/12/13/14/15/16/17/18/19/20,True,False,True,physionet/eegmmidb/1.0.0/S002/S002R10.edf,817961f28a7acfebc45c664f1a9e40dcf4a8e1e1e51dc089062d7e3e2cef44e9
2,2,14,0,1,S002_R14_T00,both_fists_imagery,0,both_feet_imagery,1,3.508660003072378,False,l2_logistic_regression,1/3/4/5/6/7/8/9/10/11/12/13/14/15/16/17/18/19/20,True,False,False,physionet/eegmmidb/1.0.0/S002/S002R14.edf,21e20c72ae3f52cc95f6fd6d4b5b958e28fc85bc0d3886f494de97a82c2aa24d
2,2,14,1,3,S002_R14_T01,both_feet_imagery,1,both_fists_imagery,0,-6.2570848639863765,False,l2_logistic_regression,1/3/4/5/6/7/8/9/10/11/12/13/14/15/16/17/18/19/20,True,False,False,physionet/eegmmidb/1.0.0/S002/S002R14.edf,21e20c72ae3f52cc95f6fd6d4b5b958e28fc85bc0d3886f494de97a82c2aa24d
2,2,14,2,5,S002_R14_T02,both_fists_imagery,0,both_feet_imagery,1,5.407382028063276,False,l2_logistic_regression,1/3/4/5/6/7/8/9/10/11/12/13/14/15/16/17/18/19/20,True,False,False,physionet/eegmmidb/1.0.0/S002/S002R14.edf,21e20c72ae3f52cc95f6fd6d4b5b958e28fc85bc0d3886f494de97a82c2aa24d
2,2,14,3,7,S002_R14_T03,both_feet_imagery,1,both_feet_imagery,1,0.36570223354933545,True,l2_logistic_regression,1/3/4/5/6/7/8/9/10/11/12/13/14/15/16/17/18/19/20,True,False,False,physionet/eegmmidb/1.0.0/S002/S002R14.edf,21e20c72ae3f52cc95f6fd6d4b5b958e28fc85bc0d3886f494de97a82c2aa24d
2,2,14,4,9,S002_R14_T04,both_fists_imagery,0,both_fists_imagery,0,-4.832159546368032,True,l2_logistic_regression,1/3/4/5/6/7/8/9/10/11/12/13/14/15/16/17/18/19/20,True,False,False,physionet/eegmmidb/1.0.0/S002/S002R14.edf,21e20c72ae3f52cc95f6fd6d4b5b958e28fc85bc0d3886f494de97a82c2aa24d
2,2,14,5,11,S002_R14_T05,both_feet_imagery,1,both_feet_imagery,1,3.5900334652621937,True,l2_logistic_regression,1/3/4/5/6/7/8/9/10/11/12/13/14/15/16/17/18/19/20,True,False,False,physionet/eegmmidb/1.0.0/S002/S002R14.edf,21e20c72ae3f52cc95f6fd6d4b5b958e28fc85bc0d3886f494de97a82c2aa24d
2,2,14,6,13,S002_R14_T06,both_fists_imagery,0,both_fists_imagery,0,-18.774227926975986,True,l2_logistic_regression,1/3/4/5/6/7/8/9/10/11/12/13/14/15/16/17/18/19/20,True,False,False,physionet/eegmmidb/1.0.0/S002/S002R14.edf,21e20c72ae3f52cc95f6fd6d4b5b958e28fc85bc0d3886f494de97a82c2aa24d
2,2,14,7,15,S002_R14_T07,both_feet_imagery,1,both_feet_imagery,1,9.218543712831151,True,l2_logistic_regression,1/3/4/5/6/7/8/9/10/11/12/13/14/15/16/17/18/19/20,True,False,False,physionet/eegmmidb/1.0.0/S002/S002R14.edf,21e20c72ae3f52cc95f6fd6d4b5b958e28fc85bc0d3886f494de97a82c2aa24d
2,2,14,8,17,S002_R14_T08,both_feet_imagery,1,both_fists_imagery,0,-0.1566235549052083,False,l2_logistic_regression,1/3/4/5/6/7/8/9/10/11/12/13/14/15/16/17/18/19/20,True,False,False,physionet/eegmmidb/1.0.0/S002/S002R14.edf,21e20c72ae3f52cc95f6fd6d4b5b958e28fc85bc0d3886f494de97a82c2aa24d
2,2,14,9,19,S002_R14_T09,both_fists_imagery,0,both_fists_imagery,0,-5.433230310677254,True,l2_logistic_regression,1/3/4/5/6/7/8/9/10/11/12/13/14/15/16/17/18/19/20,True,False,False,physionet/eegmmidb/1.0.0/S002/S002R14.edf,21e20c72ae3f52cc95f6fd6d4b5b958e28fc85bc0d3886f494de97a82c2aa24d
2,2,14,10,21,S002_R14_T10,both_fists_imagery,0,both_fists_imagery,0,-5.6681310075947176,True,l2_logistic_regression,1/3/4/5/6/7/8/9/10/11/12/13/14/15/16/17/18/19/20,True,False,False,physionet/eegmmidb/1.0.0/S002/S002R14.edf,21e20c72ae3f52cc95f6fd6d4b5b958e28fc85bc0d3886f494de97a82c2aa24d
2,2,14,11,23,S002_R14_T11,both_feet_imagery,1,both_feet_imagery,1,8.205987666326275,True,l2_logistic_regression,1/3/4/5/6/7/8/9/10/11/12/13/14/15/16/17/18/19/20,True,False,True,physionet/eegmmidb/1.0.0/S002/S002R14.edf,21e20c72ae3f52cc95f6fd6d4b5b958e28fc85bc0d3886f494de97a82c2aa24d
2,2,14,12,25,S002_R14_T12,both_fists_imagery,0,both_fists_imagery,0,-7.2069138748154815,True,l2_logistic_regression,1/3/4/5/6/7/8/9/10/11/12/13/14/15/16/17/18/19/20,True,False,True,physionet/eegmmidb/1.0.0/S002/S002R14.edf,21e20c72ae3f52cc95f6fd6d4b5b958e28fc85bc0d3886f494de97a82c2aa24d
2,2,14,13,27,S002_R14_T13,both_feet_imagery,1,both_feet_imagery,1,2.374491652684913,True,l2_logistic_regression,1/3/4/5/6/7/8/9/10/11/12/13/14/15/16/17/18/19/20,True,False,True,physionet/eegmmidb/1.0.0/S002/S002R14.edf,21e20c72ae3f52cc95f6fd6d4b5b958e28fc85bc0d3886f494de97a82c2aa24d
2,2,14,14,29,S002_R14_T14,both_fists_imagery,0,both_fists_imagery,0,-2.9921742069725674,True,l2_logistic_regression,1/3/4/5/6/7/8/9/10/11/12/13/14/15/16/17/18/19/20,True,False,False,physionet/eegmmidb/1.0.0/S002/S002R14.edf,21e20c72ae3f52cc95f6fd6d4b5b958e28fc85bc0d3886f494de97a82c2aa24d
3,3,6,0,1,S003_R06_T00,both_feet_imagery,1,both_fists_imagery,0,-18.364141980306165,False,shrinkage_lda,1/2/4/5/6/7/8/9/10/11/12/13/14/15/16/17/18/19/20,True,False,False,physionet/eegmmidb/1.0.0/S003/S003R06.edf,8d48a46397416bbea19eb6b97474aaade72029364231202295bbda805ed79c97
3,3,6,1,3,S003_R06_T01,both_fists_imagery,0,both_feet_imagery,1,8.653548119448338,False,shrinkage_lda,1/2/4/5/6/7/8/9/10/11/12/13/14/15/16/17/18/19/20,True,False,False,physionet/eegmmidb/1.0.0/S003/S003R06.edf,8d48a46397416bbea19eb6b97474aaade72029364231202295bbda805ed79c97
3,3,6,2,5,S003_R06_T02,both_fists_imagery,0,both_fists_imagery,0,-15.568293162616321,True,shrinkage_lda,1/2/4/5/6/7/8/9/10/11/12/13/14/15/16/17/18/19/20,True,False,False,physionet/eegmmidb/1.0.0/S003/S003R06.edf,8d48a46397416bbea19eb6b97474aaade72029364231202295bbda805ed79c97
3,3,6,3,7,S003_R06_T03,both_feet_imagery,1,both_fists_imagery,0,-4.2237025446991785,False,shrinkage_lda,1/2/4/5/6/7/8/9/10/11/12/13/14/15/16/17/18/19/20,True,False,False,physionet/eegmmidb/1.0.0/S003/S003R06.edf,8d48a46397416bbea19eb6b97474aaade72029364231202295bbda805ed79c97
3,3,6,4,9,S003_R06_T04,both_fists_imagery,0,both_fists_imagery,0,-1.8918801931570877,True,shrinkage_lda,1/2/4/5/6/7/8/9/10/11/12/13/14/15/16/17/18/19/20,True,False,False,physionet/eegmmidb/1.0.0/S003/S003R06.edf,8d48a46397416bbea19eb6b97474aaade72029364231202295bbda805ed79c97
3,3,6,5,11,S003_R06_T05,both_feet_imagery,1,both_fists_imagery,0,-3.298383523410104,False,shrinkage_lda,1/2/4/5/6/7/8/9/10/11/12/13/14/15/16/17/18/19/20,True,False,False,physionet/eegmmidb/1.0.0/S003/S003R06.edf,8d48a46397416bbea19eb6b97474aaade72029364231202295bbda805ed79c97
3,3,6,6,13,S003_R06_T06,both_fists_imagery,0,both_feet_imagery,1,18.545622249992682,False,shrinkage_lda,1/2/4/5/6/7/8/9/10/11/12/13/14/15/16/17/18/19/20,True,False,False,physionet/eegmmidb/1.0.0/S003/S003R06.edf,8d48a46397416bbea19eb6b97474aaade72029364231202295bbda805ed79c97
3,3,6,7,15,S003_R06_T07,both_feet_imagery,1,both_fists_imagery,0,-2.4245872567629734,False,shrinkage_lda,1/2/4/5/6/7/8/9/10/11/12/13/14/15/16/17/18/19/20,True,False,False,physionet/eegmmidb/1.0.0/S003/S003R06.edf,8d48a46397416bbea19eb6b97474aaade72029364231202295bbda805ed79c97
3,3,6,8,17,S003_R06_T08,both_feet_imagery,1,both_fists_imagery,0,-3.834161632846796,False,shrinkage_lda,1/2/4/5/6/7/8/9/10/11/12/13/14/15/16/17/18/19/20,True,False,False,physionet/eegmmidb/1.0.0/S003/S003R06.edf,8d48a46397416bbea19eb6b97474aaade72029364231202295bbda805ed79c97
3,3,6,9,19,S003_R06_T09,both_fists_imagery,0,both_fists_imagery,0,-16.25920657535415,True,shrinkage_lda,1/2/4/5/6/7/8/9/10/11/12/13/14/15/16/17/18/19/20,True,False,False,physionet/eegmmidb/1.0.0/S003/S003R06.edf,8d48a46397416bbea19eb6b97474aaade72029364231202295bbda805ed79c97
3,3,6,10,21,S003_R06_T10,both_feet_imagery,1,both_fists_imagery,0,-16.066219434137906,False,shrinkage_lda,1/2/4/5/6/7/8/9/10/11/12/13/14/15/16/17/18/19/20,True,False,False,physionet/eegmmidb/1.0.0/S003/S003R06.edf,8d48a46397416bbea19eb6b97474aaade72029364231202295bbda805ed79c97
3,3,6,11,23,S003_R06_T11,both_fists_imagery,0,both_feet_imagery,1,0.4106902013703242,False,shrinkage_lda,1/2/4/5/6/7/8/9/10/11/12/13/14/15/16/17/18/19/20,True,False,False,physionet/eegmmidb/1.0.0/S003/S003R06.edf,8d48a46397416bbea19eb6b97474aaade72029364231202295bbda805ed79c97
3,3,6,12,25,S003_R06_T12,both_feet_imagery,1,both_feet_imagery,1,0.41013800135151984,True,shrinkage_lda,1/2/4/5/6/7/8/9/10/11/12/13/14/15/16/17/18/19/20,True,False,False,physionet/eegmmidb/1.0.0/S003/S003R06.edf,8d48a46397416bbea19eb6b97474aaade72029364231202295bbda805ed79c97
3,3,6,13,27,S003_R06_T13,both_fists_imagery,0,both_fists_imagery,0,-21.878837070823224,True,shrinkage_lda,1/2/4/5/6/7/8/9/10/11/12/13/14/15/16/17/18/19/20,True,False,False,physionet/eegmmidb/1.0.0/S003/S003R06.edf,8d48a46397416bbea19eb6b97474aaade72029364231202295bbda805ed79c97
3,3,6,14,29,S003_R06_T14,both_feet_imagery,1,both_fists_imagery,0,-8.4339715109106,False,shrinkage_lda,1/2/4/5/6/7/8/9/10/11/12/13/14/15/16/17/18/19/20,True,False,False,physionet/eegmmidb/1.0.0/S003/S003R06.edf,8d48a46397416bbea19eb6b97474aaade72029364231202295bbda805ed79c97
3,3,10,0,1,S003_R10_T00,both_fists_imagery,0,both_fists_imagery,0,-0.38168608067452725,True,shrinkage_lda,1/2/4/5/6/7/8/9/10/11/12/13/14/15/16/17/18/19/20,True,False,False,physionet/eegmmidb/1.0.0/S003/S003R10.edf,99429f0075f59216a10b75eea4029a7ded7bccec34d17100b08a55770cf1f014
3,3,10,1,3,S003_R10_T01,both_feet_imagery,1,both_fists_imagery,0,-21.3344275363702,False,shrinkage_lda,1/2/4/5/6/7/8/9/10/11/12/13/14/15/16/17/18/19/20,True,False,False,physionet/eegmmidb/1.0.0/S003/S003R10.edf,99429f0075f59216a10b75eea4029a7ded7bccec34d17100b08a55770cf1f014
3,3,10,2,5,S003_R10_T02,both_fists_imagery,0,both_fists_imagery,0,-23.335939223463185,True,shrinkage_lda,1/2/4/5/6/7/8/9/10/11/12/13/14/15/16/17/18/19/20,True,False,False,physionet/eegmmidb/1.0.0/S003/S003R10.edf,99429f0075f59216a10b75eea4029a7ded7bccec34d17100b08a55770cf1f014
3,3,10,3,7,S003_R10_T03,both_feet_imagery,1,both_fists_imagery,0,-7.628332269190798,False,shrinkage_lda,1/2/4/5/6/7/8/9/10/11/12/13/14/15/16/17/18/19/20,True,False,False,physionet/eegmmidb/1.0.0/S003/S003R10.edf,99429f0075f59216a10b75eea4029a7ded7bccec34d17100b08a55770cf1f014
3,3,10,4,9,S003_R10_T04,both_feet_imagery,1,both_fists_imagery,0,-9.859550156555024,False,shrinkage_lda,1/2/4/5/6/7/8/9/10/11/12/13/14/15/16/17/18/19/20,True,False,False,physionet/eegmmidb/1.0.0/S003/S003R10.edf,99429f0075f59216a10b75eea4029a7ded7bccec34d17100b08a55770cf1f014
3,3,10,5,11,S003_R10_T05,both_fists_imagery,0,both_fists_imagery,0,-10.973844317917962,True,shrinkage_lda,1/2/4/5/6/7/8/9/10/11/12/13/14/15/16/17/18/19/20,True,False,False,physionet/eegmmidb/1.0.0/S003/S003R10.edf,99429f0075f59216a10b75eea4029a7ded7bccec34d17100b08a55770cf1f014
3,3,10,6,13,S003_R10_T06,both_fists_imagery,0,both_feet_imagery,1,0.23515491424544716,False,shrinkage_lda,1/2/4/5/6/7/8/9/10/11/12/13/14/15/16/17/18/19/20,True,False,False,physionet/eegmmidb/1.0.0/S003/S003R10.edf,99429f0075f59216a10b75eea4029a7ded7bccec34d17100b08a55770cf1f014
3,3,10,7,15,S003_R10_T07,both_feet_imagery,1,both_fists_imagery,0,-2.200955699200805,False,shrinkage_lda,1/2/4/5/6/7/8/9/10/11/12/13/14/15/16/17/18/19/20,True,False,False,physionet/eegmmidb/1.0.0/S003/S003R10.edf,99429f0075f59216a10b75eea4029a7ded7bccec34d17100b08a55770cf1f014
3,3,10,8,17,S003_R10_T08,both_fists_imagery,0,both_fists_imagery,0,-7.0485802604797785,True,shrinkage_lda,1/2/4/5/6/7/8/9/10/11/12/13/14/15/16/17/18/19/20,True,False,False,physionet/eegmmidb/1.0.0/S003/S003R10.edf,99429f0075f59216a10b75eea4029a7ded7bccec34d17100b08a55770cf1f014
3,3,10,9,19,S003_R10_T09,both_feet_imagery,1,both_fists_imagery,0,-3.9567702512924487,False,shrinkage_lda,1/2/4/5/6/7/8/9/10/11/12/13/14/15/16/17/18/19/20,True,False,False,physionet/eegmmidb/1.0.0/S003/S003R10.edf,99429f0075f59216a10b75eea4029a7ded7bccec34d17100b08a55770cf1f014
3,3,10,10,21,S003_R10_T10,both_fists_imagery,0,both_fists_imagery,0,-6.942072205139708,True,shrinkage_lda,1/2/4/5/6/7/8/9/10/11/12/13/14/15/16/17/18/19/20,True,False,False,physionet/eegmmidb/1.0.0/S003/S003R10.edf,99429f0075f59216a10b75eea4029a7ded7bccec34d17100b08a55770cf1f014
3,3,10,11,23,S003_R10_T11,both_feet_imagery,1,both_fists_imagery,0,-10.103089435020852,False,shrinkage_lda,1/2/4/5/6/7/8/9/10/11/12/13/14/15/16/17/18/19/20,True,False,False,physionet/eegmmidb/1.0.0/S003/S003R10.edf,99429f0075f59216a10b75eea4029a7ded7bccec34d17100b08a55770cf1f014
3,3,10,12,25,S003_R10_T12,both_feet_imagery,1,both_feet_imagery,1,5.207033948939091,True,shrinkage_lda,1/2/4/5/6/7/8/9/10/11/12/13/14/15/16/17/18/19/20,True,False,False,physionet/eegmmidb/1.0.0/S003/S003R10.edf,99429f0075f59216a10b75eea4029a7ded7bccec34d17100b08a55770cf1f014
3,3,10,13,27,S003_R10_T13,both_fists_imagery,0,both_feet_imagery,1,1.0083015511939308,False,shrinkage_lda,1/2/4/5/6/7/8/9/10/11/12/13/14/15/16/17/18/19/20,True,False,False,physionet/eegmmidb/1.0.0/S003/S003R10.edf,99429f0075f59216a10b75eea4029a7ded7bccec34d17100b08a55770cf1f014
3,3,10,14,29,S003_R10_T14,both_feet_imagery,1,both_fists_imagery,0,-20.188284402119734,False,shrinkage_lda,1/2/4/5/6/7/8/9/10/11/12/13/14/15/16/17/18/19/20,True,False,False,physionet/eegmmidb/1.0.0/S003/S003R10.edf,99429f0075f59216a10b75eea4029a7ded7bccec34d17100b08a55770cf1f014
3,3,14,0,1,S003_R14_T00,both_fists_imagery,0,both_fists_imagery,0,-1.2839260107923007,True,shrinkage_lda,1/2/4/5/6/7/8/9/10/11/12/13/14/15/16/17/18/19/20,True,False,False,physionet/eegmmidb/1.0.0/S003/S003R14.edf,c80a7a0fab93074cdead76450b49ba8d27b7183f1baa406daf5207d2c1825194
3,3,14,1,3,S003_R14_T01,both_feet_imagery,1,both_fists_imagery,0,-6.063904480798683,False,shrinkage_lda,1/2/4/5/6/7/8/9/10/11/12/13/14/15/16/17/18/19/20,True,False,False,physionet/eegmmidb/1.0.0/S003/S003R14.edf,c80a7a0fab93074cdead76450b49ba8d27b7183f1baa406daf5207d2c1825194
3,3,14,2,5,S003_R14_T02,both_fists_imagery,0,both_fists_imagery,0,-3.3817635749625197,True,shrinkage_lda,1/2/4/5/6/7/8/9/10/11/12/13/14/15/16/17/18/19/20,True,False,False,physionet/eegmmidb/1.0.0/S003/S003R14.edf,c80a7a0fab93074cdead76450b49ba8d27b7183f1baa406daf5207d2c1825194
3,3,14,3,7,S003_R14_T03,both_feet_imagery,1,both_fists_imagery,0,-14.778879486299632,False,shrinkage_lda,1/2/4/5/6/7/8/9/10/11/12/13/14/15/16/17/18/19/20,True,False,False,physionet/eegmmidb/1.0.0/S003/S003R14.edf,c80a7a0fab93074cdead76450b49ba8d27b7183f1baa406daf5207d2c1825194
3,3,14,4,9,S003_R14_T04,both_feet_imagery,1,both_feet_imagery,1,4.40219061905824,True,shrinkage_lda,1/2/4/5/6/7/8/9/10/11/12/13/14/15/16/17/18/19/20,True,False,False,physionet/eegmmidb/1.0.0/S003/S003R14.edf,c80a7a0fab93074cdead76450b49ba8d27b7183f1baa406daf5207d2c1825194
3,3,14,5,11,S003_R14_T05,both_fists_imagery,0,both_fists_imagery,0,-10.435736867738546,True,shrinkage_lda,1/2/4/5/6/7/8/9/10/11/12/13/14/15/16/17/18/19/20,True,False,False,physionet/eegmmidb/1.0.0/S003/S003R14.edf,c80a7a0fab93074cdead76450b49ba8d27b7183f1baa406daf5207d2c1825194
3,3,14,6,13,S003_R14_T06,both_feet_imagery,1,both_fists_imagery,0,-15.803109409752887,False,shrinkage_lda,1/2/4/5/6/7/8/9/10/11/12/13/14/15/16/17/18/19/20,True,False,False,physionet/eegmmidb/1.0.0/S003/S003R14.edf,c80a7a0fab93074cdead76450b49ba8d27b7183f1baa406daf5207d2c1825194
3,3,14,7,15,S003_R14_T07,both_fists_imagery,0,both_fists_imagery,0,-16.130977726618234,True,shrinkage_lda,1/2/4/5/6/7/8/9/10/11/12/13/14/15/16/17/18/19/20,True,False,False,physionet/eegmmidb/1.0.0/S003/S003R14.edf,c80a7a0fab93074cdead76450b49ba8d27b7183f1baa406daf5207d2c1825194
3,3,14,8,17,S003_R14_T08,both_fists_imagery,0,both_fists_imagery,0,-14.603956801209085,True,shrinkage_lda,1/2/4/5/6/7/8/9/10/11/12/13/14/15/16/17/18/19/20,True,False,False,physionet/eegmmidb/1.0.0/S003/S003R14.edf,c80a7a0fab93074cdead76450b49ba8d27b7183f1baa406daf5207d2c1825194
3,3,14,9,19,S003_R14_T09,both_feet_imagery,1,both_fists_imagery,0,-0.8427690532014781,False,shrinkage_lda,1/2/4/5/6/7/8/9/10/11/12/13/14/15/16/17/18/19/20,True,False,False,physionet/eegmmidb/1.0.0/S003/S003R14.edf,c80a7a0fab93074cdead76450b49ba8d27b7183f1baa406daf5207d2c1825194
3,3,14,10,21,S003_R14_T10,both_fists_imagery,0,both_fists_imagery,0,-12.241779522978174,True,shrinkage_lda,1/2/4/5/6/7/8/9/10/11/12/13/14/15/16/17/18/19/20,True,False,False,physionet/eegmmidb/1.0.0/S003/S003R14.edf,c80a7a0fab93074cdead76450b49ba8d27b7183f1baa406daf5207d2c1825194
3,3,14,11,23,S003_R14_T11,both_feet_imagery,1,both_fists_imagery,0,-4.9404000640907135,False,shrinkage_lda,1/2/4/5/6/7/8/9/10/11/12/13/14/15/16/17/18/19/20,True,False,False,physionet/eegmmidb/1.0.0/S003/S003R14.edf,c80a7a0fab93074cdead76450b49ba8d27b7183f1baa406daf5207d2c1825194
3,3,14,12,25,S003_R14_T12,both_feet_imagery,1,both_feet_imagery,1,0.6639916664693433,True,shrinkage_lda,1/2/4/5/6/7/8/9/10/11/12/13/14/15/16/17/18/19/20,True,False,False,physionet/eegmmidb/1.0.0/S003/S003R14.edf,c80a7a0fab93074cdead76450b49ba8d27b7183f1baa406daf5207d2c1825194
3,3,14,13,27,S003_R14_T13,both_fists_imagery,0,both_fists_imagery,0,-5.607861426993814,True,shrinkage_lda,1/2/4/5/6/7/8/9/10/11/12/13/14/15/16/17/18/19/20,True,False,False,physionet/eegmmidb/1.0.0/S003/S003R14.edf,c80a7a0fab93074cdead76450b49ba8d27b7183f1baa406daf5207d2c1825194
3,3,14,14,29,S003_R14_T14,both_feet_imagery,1,both_fists_imagery,0,-6.620111535772205,False,shrinkage_lda,1/2/4/5/6/7/8/9/10/11/12/13/14/15/16/17/18/19/20,True,False,False,physionet/eegmmidb/1.0.0/S003/S003R14.edf,c80a7a0fab93074cdead76450b49ba8d27b7183f1baa406daf5207d2c1825194
3,3,6,0,1,S003_R06_T00,both_feet_imagery,1,both_fists_imagery,0,-10.199445433453796,False,l2_logistic_regression,1/2/4/5/6/7/8/9/10/11/12/13/14/15/16/17/18/19/20,True,False,False,physionet/eegmmidb/1.0.0/S003/S003R06.edf,8d48a46397416bbea19eb6b97474aaade72029364231202295bbda805ed79c97
3,3,6,1,3,S003_R06_T01,both_fists_imagery,0,both_feet_imagery,1,4.322797029484679,False,l2_logistic_regression,1/2/4/5/6/7/8/9/10/11/12/13/14/15/16/17/18/19/20,True,False,False,physionet/eegmmidb/1.0.0/S003/S003R06.edf,8d48a46397416bbea19eb6b97474aaade72029364231202295bbda805ed79c97
3,3,6,2,5,S003_R06_T02,both_fists_imagery,0,both_fists_imagery,0,-8.28760480418994,True,l2_logistic_regression,1/2/4/5/6/7/8/9/10/11/12/13/14/15/16/17/18/19/20,True,False,False,physionet/eegmmidb/1.0.0/S003/S003R06.edf,8d48a46397416bbea19eb6b97474aaade72029364231202295bbda805ed79c97
3,3,6,3,7,S003_R06_T03,both_feet_imagery,1,both_fists_imagery,0,-3.5157991846942966,False,l2_logistic_regression,1/2/4/5/6/7/8/9/10/11/12/13/14/15/16/17/18/19/20,True,False,False,physionet/eegmmidb/1.0.0/S003/S003R06.edf,8d48a46397416bbea19eb6b97474aaade72029364231202295bbda805ed79c97
3,3,6,4,9,S003_R06_T04,both_fists_imagery,0,both_fists_imagery,0,-1.8881965076690805,True,l2_logistic_regression,1/2/4/5/6/7/8/9/10/11/12/13/14/15/16/17/18/19/20,True,False,False,physionet/eegmmidb/1.0.0/S003/S003R06.edf,8d48a46397416bbea19eb6b97474aaade72029364231202295bbda805ed79c97
3,3,6,5,11,S003_R06_T05,both_feet_imagery,1,both_fists_imagery,0,-2.8065629502671867,False,l2_logistic_regression,1/2/4/5/6/7/8/9/10/11/12/13/14/15/16/17/18/19/20,True,False,False,physionet/eegmmidb/1.0.0/S003/S003R06.edf,8d48a46397416bbea19eb6b97474aaade72029364231202295bbda805ed79c97
3,3,6,6,13,S003_R06_T06,both_fists_imagery,0,both_feet_imagery,1,8.034205703595648,False,l2_logistic_regression,1/2/4/5/6/7/8/9/10/11/12/13/14/15/16/17/18/19/20,True,False,False,physionet/eegmmidb/1.0.0/S003/S003R06.edf,8d48a46397416bbea19eb6b97474aaade72029364231202295bbda805ed79c97
3,3,6,7,15,S003_R06_T07,both_feet_imagery,1,both_fists_imagery,0,-1.3368012580744084,False,l2_logistic_regression,1/2/4/5/6/7/8/9/10/11/12/13/14/15/16/17/18/19/20,True,False,False,physionet/eegmmidb/1.0.0/S003/S003R06.edf,8d48a46397416bbea19eb6b97474aaade72029364231202295bbda805ed79c97
3,3,6,8,17,S003_R06_T08,both_feet_imagery,1,both_fists_imagery,0,-2.84591656309092,False,l2_logistic_regression,1/2/4/5/6/7/8/9/10/11/12/13/14/15/16/17/18/19/20,True,False,False,physionet/eegmmidb/1.0.0/S003/S003R06.edf,8d48a46397416bbea19eb6b97474aaade72029364231202295bbda805ed79c97
3,3,6,9,19,S003_R06_T09,both_fists_imagery,0,both_fists_imagery,0,-8.760403231943727,True,l2_logistic_regression,1/2/4/5/6/7/8/9/10/11/12/13/14/15/16/17/18/19/20,True,False,False,physionet/eegmmidb/1.0.0/S003/S003R06.edf,8d48a46397416bbea19eb6b97474aaade72029364231202295bbda805ed79c97
3,3,6,10,21,S003_R06_T10,both_feet_imagery,1,both_fists_imagery,0,-8.862967243231633,False,l2_logistic_regression,1/2/4/5/6/7/8/9/10/11/12/13/14/15/16/17/18/19/20,True,False,False,physionet/eegmmidb/1.0.0/S003/S003R06.edf,8d48a46397416bbea19eb6b97474aaade72029364231202295bbda805ed79c97
3,3,6,11,23,S003_R06_T11,both_fists_imagery,0,both_fists_imagery,0,-0.4750511274677855,True,l2_logistic_regression,1/2/4/5/6/7/8/9/10/11/12/13/14/15/16/17/18/19/20,True,False,False,physionet/eegmmidb/1.0.0/S003/S003R06.edf,8d48a46397416bbea19eb6b97474aaade72029364231202295bbda805ed79c97
3,3,6,12,25,S003_R06_T12,both_feet_imagery,1,both_feet_imagery,1,1.7951504975736532,True,l2_logistic_regression,1/2/4/5/6/7/8/9/10/11/12/13/14/15/16/17/18/19/20,True,False,False,physionet/eegmmidb/1.0.0/S003/S003R06.edf,8d48a46397416bbea19eb6b97474aaade72029364231202295bbda805ed79c97
3,3,6,13,27,S003_R06_T13,both_fists_imagery,0,both_fists_imagery,0,-10.447953034321298,True,l2_logistic_regression,1/2/4/5/6/7/8/9/10/11/12/13/14/15/16/17/18/19/20,True,False,False,physionet/eegmmidb/1.0.0/S003/S003R06.edf,8d48a46397416bbea19eb6b97474aaade72029364231202295bbda805ed79c97
3,3,6,14,29,S003_R06_T14,both_feet_imagery,1,both_fists_imagery,0,-3.969047738258303,False,l2_logistic_regression,1/2/4/5/6/7/8/9/10/11/12/13/14/15/16/17/18/19/20,True,False,False,physionet/eegmmidb/1.0.0/S003/S003R06.edf,8d48a46397416bbea19eb6b97474aaade72029364231202295bbda805ed79c97
3,3,10,0,1,S003_R10_T00,both_fists_imagery,0,both_fists_imagery,0,-0.12956048357875538,True,l2_logistic_regression,1/2/4/5/6/7/8/9/10/11/12/13/14/15/16/17/18/19/20,True,False,False,physionet/eegmmidb/1.0.0/S003/S003R10.edf,99429f0075f59216a10b75eea4029a7ded7bccec34d17100b08a55770cf1f014
3,3,10,1,3,S003_R10_T01,both_feet_imagery,1,both_fists_imagery,0,-12.351313070187517,False,l2_logistic_regression,1/2/4/5/6/7/8/9/10/11/12/13/14/15/16/17/18/19/20,True,False,False,physionet/eegmmidb/1.0.0/S003/S003R10.edf,99429f0075f59216a10b75eea4029a7ded7bccec34d17100b08a55770cf1f014
3,3,10,2,5,S003_R10_T02,both_fists_imagery,0,both_fists_imagery,0,-12.027332262202492,True,l2_logistic_regression,1/2/4/5/6/7/8/9/10/11/12/13/14/15/16/17/18/19/20,True,False,False,physionet/eegmmidb/1.0.0/S003/S003R10.edf,99429f0075f59216a10b75eea4029a7ded7bccec34d17100b08a55770cf1f014
3,3,10,3,7,S003_R10_T03,both_feet_imagery,1,both_fists_imagery,0,-5.468607883496469,False,l2_logistic_regression,1/2/4/5/6/7/8/9/10/11/12/13/14/15/16/17/18/19/20,True,False,False,physionet/eegmmidb/1.0.0/S003/S003R10.edf,99429f0075f59216a10b75eea4029a7ded7bccec34d17100b08a55770cf1f014
3,3,10,4,9,S003_R10_T04,both_feet_imagery,1,both_fists_imagery,0,-4.267061214445921,False,l2_logistic_regression,1/2/4/5/6/7/8/9/10/11/12/13/14/15/16/17/18/19/20,True,False,False,physionet/eegmmidb/1.0.0/S003/S003R10.edf,99429f0075f59216a10b75eea4029a7ded7bccec34d17100b08a55770cf1f014
3,3,10,5,11,S003_R10_T05,both_fists_imagery,0,both_fists_imagery,0,-7.448822770187041,True,l2_logistic_regression,1/2/4/5/6/7/8/9/10/11/12/13/14/15/16/17/18/19/20,True,False,False,physionet/eegmmidb/1.0.0/S003/S003R10.edf,99429f0075f59216a10b75eea4029a7ded7bccec34d17100b08a55770cf1f014
3,3,10,6,13,S003_R10_T06,both_fists_imagery,0,both_fists_imagery,0,-0.6924136506449472,True,l2_logistic_regression,1/2/4/5/6/7/8/9/10/11/12/13/14/15/16/17/18/19/20,True,False,False,physionet/eegmmidb/1.0.0/S003/S003R10.edf,99429f0075f59216a10b75eea4029a7ded7bccec34d17100b08a55770cf1f014
3,3,10,7,15,S003_R10_T07,both_feet_imagery,1,both_fists_imagery,0,-2.6792955517939436,False,l2_logistic_regression,1/2/4/5/6/7/8/9/10/11/12/13/14/15/16/17/18/19/20,True,False,False,physionet/eegmmidb/1.0.0/S003/S003R10.edf,99429f0075f59216a10b75eea4029a7ded7bccec34d17100b08a55770cf1f014
3,3,10,8,17,S003_R10_T08,both_fists_imagery,0,both_fists_imagery,0,-3.3792024638628035,True,l2_logistic_regression,1/2/4/5/6/7/8/9/10/11/12/13/14/15/16/17/18/19/20,True,False,False,physionet/eegmmidb/1.0.0/S003/S003R10.edf,99429f0075f59216a10b75eea4029a7ded7bccec34d17100b08a55770cf1f014
3,3,10,9,19,S003_R10_T09,both_feet_imagery,1,both_fists_imagery,0,-2.9783626352479935,False,l2_logistic_regression,1/2/4/5/6/7/8/9/10/11/12/13/14/15/16/17/18/19/20,True,False,False,physionet/eegmmidb/1.0.0/S003/S003R10.edf,99429f0075f59216a10b75eea4029a7ded7bccec34d17100b08a55770cf1f014
3,3,10,10,21,S003_R10_T10,both_fists_imagery,0,both_fists_imagery,0,-4.045270194380388,True,l2_logistic_regression,1/2/4/5/6/7/8/9/10/11/12/13/14/15/16/17/18/19/20,True,False,False,physionet/eegmmidb/1.0.0/S003/S003R10.edf,99429f0075f59216a10b75eea4029a7ded7bccec34d17100b08a55770cf1f014
3,3,10,11,23,S003_R10_T11,both_feet_imagery,1,both_fists_imagery,0,-4.089835238190446,False,l2_logistic_regression,1/2/4/5/6/7/8/9/10/11/12/13/14/15/16/17/18/19/20,True,False,False,physionet/eegmmidb/1.0.0/S003/S003R10.edf,99429f0075f59216a10b75eea4029a7ded7bccec34d17100b08a55770cf1f014
3,3,10,12,25,S003_R10_T12,both_feet_imagery,1,both_feet_imagery,1,2.5294682925885428,True,l2_logistic_regression,1/2/4/5/6/7/8/9/10/11/12/13/14/15/16/17/18/19/20,True,False,False,physionet/eegmmidb/1.0.0/S003/S003R10.edf,99429f0075f59216a10b75eea4029a7ded7bccec34d17100b08a55770cf1f014
3,3,10,13,27,S003_R10_T13,both_fists_imagery,0,both_feet_imagery,1,0.827822735309668,False,l2_logistic_regression,1/2/4/5/6/7/8/9/10/11/12/13/14/15/16/17/18/19/20,True,False,False,physionet/eegmmidb/1.0.0/S003/S003R10.edf,99429f0075f59216a10b75eea4029a7ded7bccec34d17100b08a55770cf1f014
3,3,10,14,29,S003_R10_T14,both_feet_imagery,1,both_fists_imagery,0,-10.997219784585033,False,l2_logistic_regression,1/2/4/5/6/7/8/9/10/11/12/13/14/15/16/17/18/19/20,True,False,False,physionet/eegmmidb/1.0.0/S003/S003R10.edf,99429f0075f59216a10b75eea4029a7ded7bccec34d17100b08a55770cf1f014
3,3,14,0,1,S003_R14_T00,both_fists_imagery,0,both_fists_imagery,0,-1.1485856737124036,True,l2_logistic_regression,1/2/4/5/6/7/8/9/10/11/12/13/14/15/16/17/18/19/20,True,False,False,physionet/eegmmidb/1.0.0/S003/S003R14.edf,c80a7a0fab93074cdead76450b49ba8d27b7183f1baa406daf5207d2c1825194
3,3,14,1,3,S003_R14_T01,both_feet_imagery,1,both_fists_imagery,0,-3.84575466967007,False,l2_logistic_regression,1/2/4/5/6/7/8/9/10/11/12/13/14/15/16/17/18/19/20,True,False,False,physionet/eegmmidb/1.0.0/S003/S003R14.edf,c80a7a0fab93074cdead76450b49ba8d27b7183f1baa406daf5207d2c1825194
3,3,14,2,5,S003_R14_T02,both_fists_imagery,0,both_fists_imagery,0,-1.4370423424296894,True,l2_logistic_regression,1/2/4/5/6/7/8/9/10/11/12/13/14/15/16/17/18/19/20,True,False,False,physionet/eegmmidb/1.0.0/S003/S003R14.edf,c80a7a0fab93074cdead76450b49ba8d27b7183f1baa406daf5207d2c1825194
3,3,14,3,7,S003_R14_T03,both_feet_imagery,1,both_fists_imagery,0,-8.612046701203694,False,l2_logistic_regression,1/2/4/5/6/7/8/9/10/11/12/13/14/15/16/17/18/19/20,True,False,False,physionet/eegmmidb/1.0.0/S003/S003R14.edf,c80a7a0fab93074cdead76450b49ba8d27b7183f1baa406daf5207d2c1825194
3,3,14,4,9,S003_R14_T04,both_feet_imagery,1,both_feet_imagery,1,2.3318694411520786,True,l2_logistic_regression,1/2/4/5/6/7/8/9/10/11/12/13/14/15/16/17/18/19/20,True,False,False,physionet/eegmmidb/1.0.0/S003/S003R14.edf,c80a7a0fab93074cdead76450b49ba8d27b7183f1baa406daf5207d2c1825194
3,3,14,5,11,S003_R14_T05,both_fists_imagery,0,both_fists_imagery,0,-6.159996242672075,True,l2_logistic_regression,1/2/4/5/6/7/8/9/10/11/12/13/14/15/16/17/18/19/20,True,False,False,physionet/eegmmidb/1.0.0/S003/S003R14.edf,c80a7a0fab93074cdead76450b49ba8d27b7183f1baa406daf5207d2c1825194
3,3,14,6,13,S003_R14_T06,both_feet_imagery,1,both_fists_imagery,0,-9.155589058807289,False,l2_logistic_regression,1/2/4/5/6/7/8/9/10/11/12/13/14/15/16/17/18/19/20,True,False,False,physionet/eegmmidb/1.0.0/S003/S003R14.edf,c80a7a0fab93074cdead76450b49ba8d27b7183f1baa406daf5207d2c1825194
3,3,14,7,15,S003_R14_T07,both_fists_imagery,0,both_fists_imagery,0,-7.904994060523621,True,l2_logistic_regression,1/2/4/5/6/7/8/9/10/11/12/13/14/15/16/17/18/19/20,True,False,False,physionet/eegmmidb/1.0.0/S003/S003R14.edf,c80a7a0fab93074cdead76450b49ba8d27b7183f1baa406daf5207d2c1825194
3,3,14,8,17,S003_R14_T08,both_fists_imagery,0,both_fists_imagery,0,-8.213959993628452,True,l2_logistic_regression,1/2/4/5/6/7/8/9/10/11/12/13/14/15/16/17/18/19/20,True,False,False,physionet/eegmmidb/1.0.0/S003/S003R14.edf,c80a7a0fab93074cdead76450b49ba8d27b7183f1baa406daf5207d2c1825194
3,3,14,9,19,S003_R14_T09,both_feet_imagery,1,both_fists_imagery,0,-0.6945137436711836,False,l2_logistic_regression,1/2/4/5/6/7/8/9/10/11/12/13/14/15/16/17/18/19/20,True,False,False,physionet/eegmmidb/1.0.0/S003/S003R14.edf,c80a7a0fab93074cdead76450b49ba8d27b7183f1baa406daf5207d2c1825194
3,3,14,10,21,S003_R14_T10,both_fists_imagery,0,both_fists_imagery,0,-7.693578555284655,True,l2_logistic_regression,1/2/4/5/6/7/8/9/10/11/12/13/14/15/16/17/18/19/20,True,False,False,physionet/eegmmidb/1.0.0/S003/S003R14.edf,c80a7a0fab93074cdead76450b49ba8d27b7183f1baa406daf5207d2c1825194
3,3,14,11,23,S003_R14_T11,both_feet_imagery,1,both_fists_imagery,0,-3.8410110710336673,False,l2_logistic_regression,1/2/4/5/6/7/8/9/10/11/12/13/14/15/16/17/18/19/20,True,False,False,physionet/eegmmidb/1.0.0/S003/S003R14.edf,c80a7a0fab93074cdead76450b49ba8d27b7183f1baa406daf5207d2c1825194
3,3,14,12,25,S003_R14_T12,both_feet_imagery,1,both_fists_imagery,0,-0.15734777367650643,False,l2_logistic_regression,1/2/4/5/6/7/8/9/10/11/12/13/14/15/16/17/18/19/20,True,False,False,physionet/eegmmidb/1.0.0/S003/S003R14.edf,c80a7a0fab93074cdead76450b49ba8d27b7183f1baa406daf5207d2c1825194
3,3,14,13,27,S003_R14_T13,both_fists_imagery,0,both_fists_imagery,0,-2.375492388409591,True,l2_logistic_regression,1/2/4/5/6/7/8/9/10/11/12/13/14/15/16/17/18/19/20,True,False,False,physionet/eegmmidb/1.0.0/S003/S003R14.edf,c80a7a0fab93074cdead76450b49ba8d27b7183f1baa406daf5207d2c1825194
3,3,14,14,29,S003_R14_T14,both_feet_imagery,1,both_fists_imagery,0,-5.1013981819714695,False,l2_logistic_regression,1/2/4/5/6/7/8/9/10/11/12/13/14/15/16/17/18/19/20,True,False,False,physionet/eegmmidb/1.0.0/S003/S003R14.edf,c80a7a0fab93074cdead76450b49ba8d27b7183f1baa406daf5207d2c1825194
4,4,6,0,1,S004_R06_T00,both_fists_imagery,0,both_feet_imagery,1,1.8878101583750606,False,shrinkage_lda,1/2/3/5/6/7/8/9/10/11/12/13/14/15/16/17/18/19/20,True,False,True,physionet/eegmmidb/1.0.0/S004/S004R06.edf,2d9afd10462b0dc93c07e605ce6dd49ddf42c856c843a18a8236cbf08c9af7fa
4,4,6,1,3,S004_R06_T01,both_feet_imagery,1,both_feet_imagery,1,1.725837277608521,True,shrinkage_lda,1/2/3/5/6/7/8/9/10/11/12/13/14/15/16/17/18/19/20,True,False,False,physionet/eegmmidb/1.0.0/S004/S004R06.edf,2d9afd10462b0dc93c07e605ce6dd49ddf42c856c843a18a8236cbf08c9af7fa
4,4,6,2,5,S004_R06_T02,both_feet_imagery,1,both_feet_imagery,1,5.955789710559776,True,shrinkage_lda,1/2/3/5/6/7/8/9/10/11/12/13/14/15/16/17/18/19/20,True,False,False,physionet/eegmmidb/1.0.0/S004/S004R06.edf,2d9afd10462b0dc93c07e605ce6dd49ddf42c856c843a18a8236cbf08c9af7fa
4,4,6,3,7,S004_R06_T03,both_fists_imagery,0,both_fists_imagery,0,-4.386259827546299,True,shrinkage_lda,1/2/3/5/6/7/8/9/10/11/12/13/14/15/16/17/18/19/20,True,False,False,physionet/eegmmidb/1.0.0/S004/S004R06.edf,2d9afd10462b0dc93c07e605ce6dd49ddf42c856c843a18a8236cbf08c9af7fa
4,4,6,4,9,S004_R06_T04,both_fists_imagery,0,both_fists_imagery,0,-1.1101626057977478,True,shrinkage_lda,1/2/3/5/6/7/8/9/10/11/12/13/14/15/16/17/18/19/20,True,False,False,physionet/eegmmidb/1.0.0/S004/S004R06.edf,2d9afd10462b0dc93c07e605ce6dd49ddf42c856c843a18a8236cbf08c9af7fa
4,4,6,5,11,S004_R06_T05,both_feet_imagery,1,both_fists_imagery,0,-6.342287395860154,False,shrinkage_lda,1/2/3/5/6/7/8/9/10/11/12/13/14/15/16/17/18/19/20,True,False,False,physionet/eegmmidb/1.0.0/S004/S004R06.edf,2d9afd10462b0dc93c07e605ce6dd49ddf42c856c843a18a8236cbf08c9af7fa
4,4,6,6,13,S004_R06_T06,both_feet_imagery,1,both_feet_imagery,1,2.051953742461262,True,shrinkage_lda,1/2/3/5/6/7/8/9/10/11/12/13/14/15/16/17/18/19/20,True,False,False,physionet/eegmmidb/1.0.0/S004/S004R06.edf,2d9afd10462b0dc93c07e605ce6dd49ddf42c856c843a18a8236cbf08c9af7fa
4,4,6,7,15,S004_R06_T07,both_fists_imagery,0,both_feet_imagery,1,4.597807224016492,False,shrinkage_lda,1/2/3/5/6/7/8/9/10/11/12/13/14/15/16/17/18/19/20,True,False,True,physionet/eegmmidb/1.0.0/S004/S004R06.edf,2d9afd10462b0dc93c07e605ce6dd49ddf42c856c843a18a8236cbf08c9af7fa
4,4,6,8,17,S004_R06_T08,both_feet_imagery,1,both_feet_imagery,1,11.64734942226006,True,shrinkage_lda,1/2/3/5/6/7/8/9/10/11/12/13/14/15/16/17/18/19/20,True,False,False,physionet/eegmmidb/1.0.0/S004/S004R06.edf,2d9afd10462b0dc93c07e605ce6dd49ddf42c856c843a18a8236cbf08c9af7fa
4,4,6,9,19,S004_R06_T09,both_fists_imagery,0,both_fists_imagery,0,-3.414838996681078,True,shrinkage_lda,1/2/3/5/6/7/8/9/10/11/12/13/14/15/16/17/18/19/20,True,False,False,physionet/eegmmidb/1.0.0/S004/S004R06.edf,2d9afd10462b0dc93c07e605ce6dd49ddf42c856c843a18a8236cbf08c9af7fa
4,4,6,10,21,S004_R06_T10,both_feet_imagery,1,both_feet_imagery,1,9.240545722557146,True,shrinkage_lda,1/2/3/5/6/7/8/9/10/11/12/13/14/15/16/17/18/19/20,True,False,False,physionet/eegmmidb/1.0.0/S004/S004R06.edf,2d9afd10462b0dc93c07e605ce6dd49ddf42c856c843a18a8236cbf08c9af7fa
4,4,6,11,23,S004_R06_T11,both_fists_imagery,0,both_feet_imagery,1,13.216567684441385,False,shrinkage_lda,1/2/3/5/6/7/8/9/10/11/12/13/14/15/16/17/18/19/20,True,False,False,physionet/eegmmidb/1.0.0/S004/S004R06.edf,2d9afd10462b0dc93c07e605ce6dd49ddf42c856c843a18a8236cbf08c9af7fa
4,4,6,12,25,S004_R06_T12,both_fists_imagery,0,both_fists_imagery,0,-7.634527394052119,True,shrinkage_lda,1/2/3/5/6/7/8/9/10/11/12/13/14/15/16/17/18/19/20,True,False,False,physionet/eegmmidb/1.0.0/S004/S004R06.edf,2d9afd10462b0dc93c07e605ce6dd49ddf42c856c843a18a8236cbf08c9af7fa
4,4,6,13,27,S004_R06_T13,both_feet_imagery,1,both_feet_imagery,1,6.293254360586415,True,shrinkage_lda,1/2/3/5/6/7/8/9/10/11/12/13/14/15/16/17/18/19/20,True,False,False,physionet/eegmmidb/1.0.0/S004/S004R06.edf,2d9afd10462b0dc93c07e605ce6dd49ddf42c856c843a18a8236cbf08c9af7fa
4,4,6,14,29,S004_R06_T14,both_fists_imagery,0,both_fists_imagery,0,-3.430481535194678,True,shrinkage_lda,1/2/3/5/6/7/8/9/10/11/12/13/14/15/16/17/18/19/20,True,False,False,physionet/eegmmidb/1.0.0/S004/S004R06.edf,2d9afd10462b0dc93c07e605ce6dd49ddf42c856c843a18a8236cbf08c9af7fa
4,4,10,0,1,S004_R10_T00,both_fists_imagery,0,both_fists_imagery,0,-7.386448379890913,True,shrinkage_lda,1/2/3/5/6/7/8/9/10/11/12/13/14/15/16/17/18/19/20,True,False,True,physionet/eegmmidb/1.0.0/S004/S004R10.edf,8f8034251a5bc4bf8dd8ecc1869da6ffd9e61bb9d9f8a4ae0df9003d72d40e9f
4,4,10,1,3,S004_R10_T01,both_feet_imagery,1,both_fists_imagery,0,-0.3833620778035124,False,shrinkage_lda,1/2/3/5/6/7/8/9/10/11/12/13/14/15/16/17/18/19/20,True,False,True,physionet/eegmmidb/1.0.0/S004/S004R10.edf,8f8034251a5bc4bf8dd8ecc1869da6ffd9e61bb9d9f8a4ae0df9003d72d40e9f
4,4,10,2,5,S004_R10_T02,both_feet_imagery,1,both_feet_imagery,1,2.0048045017178495,True,shrinkage_lda,1/2/3/5/6/7/8/9/10/11/12/13/14/15/16/17/18/19/20,True,False,True,physionet/eegmmidb/1.0.0/S004/S004R10.edf,8f8034251a5bc4bf8dd8ecc1869da6ffd9e61bb9d9f8a4ae0df9003d72d40e9f
4,4,10,3,7,S004_R10_T03,both_fists_imagery,0,both_feet_imagery,1,9.577312025390164,False,shrinkage_lda,1/2/3/5/6/7/8/9/10/11/12/13/14/15/16/17/18/19/20,True,False,True,physionet/eegmmidb/1.0.0/S004/S004R10.edf,8f8034251a5bc4bf8dd8ecc1869da6ffd9e61bb9d9f8a4ae0df9003d72d40e9f
4,4,10,4,9,S004_R10_T04,both_fists_imagery,0,both_fists_imagery,0,-3.600138944063642,True,shrinkage_lda,1/2/3/5/6/7/8/9/10/11/12/13/14/15/16/17/18/19/20,True,False,True,physionet/eegmmidb/1.0.0/S004/S004R10.edf,8f8034251a5bc4bf8dd8ecc1869da6ffd9e61bb9d9f8a4ae0df9003d72d40e9f
4,4,10,5,11,S004_R10_T05,both_feet_imagery,1,both_feet_imagery,1,1.1408270500054591,True,shrinkage_lda,1/2/3/5/6/7/8/9/10/11/12/13/14/15/16/17/18/19/20,True,False,False,physionet/eegmmidb/1.0.0/S004/S004R10.edf,8f8034251a5bc4bf8dd8ecc1869da6ffd9e61bb9d9f8a4ae0df9003d72d40e9f
4,4,10,6,13,S004_R10_T06,both_feet_imagery,1,both_fists_imagery,0,-0.8829108114237643,False,shrinkage_lda,1/2/3/5/6/7/8/9/10/11/12/13/14/15/16/17/18/19/20,True,False,False,physionet/eegmmidb/1.0.0/S004/S004R10.edf,8f8034251a5bc4bf8dd8ecc1869da6ffd9e61bb9d9f8a4ae0df9003d72d40e9f
4,4,10,7,15,S004_R10_T07,both_fists_imagery,0,both_feet_imagery,1,0.6756508661022849,False,shrinkage_lda,1/2/3/5/6/7/8/9/10/11/12/13/14/15/16/17/18/19/20,True,False,True,physionet/eegmmidb/1.0.0/S004/S004R10.edf,8f8034251a5bc4bf8dd8ecc1869da6ffd9e61bb9d9f8a4ae0df9003d72d40e9f
4,4,10,8,17,S004_R10_T08,both_fists_imagery,0,both_fists_imagery,0,-13.705066879215051,True,shrinkage_lda,1/2/3/5/6/7/8/9/10/11/12/13/14/15/16/17/18/19/20,True,False,False,physionet/eegmmidb/1.0.0/S004/S004R10.edf,8f8034251a5bc4bf8dd8ecc1869da6ffd9e61bb9d9f8a4ae0df9003d72d40e9f
4,4,10,9,19,S004_R10_T09,both_feet_imagery,1,both_fists_imagery,0,-15.336385958832766,False,shrinkage_lda,1/2/3/5/6/7/8/9/10/11/12/13/14/15/16/17/18/19/20,True,False,True,physionet/eegmmidb/1.0.0/S004/S004R10.edf,8f8034251a5bc4bf8dd8ecc1869da6ffd9e61bb9d9f8a4ae0df9003d72d40e9f
4,4,10,10,21,S004_R10_T10,both_feet_imagery,1,both_fists_imagery,0,-5.275319922265512,False,shrinkage_lda,1/2/3/5/6/7/8/9/10/11/12/13/14/15/16/17/18/19/20,True,False,False,physionet/eegmmidb/1.0.0/S004/S004R10.edf,8f8034251a5bc4bf8dd8ecc1869da6ffd9e61bb9d9f8a4ae0df9003d72d40e9f
4,4,10,11,23,S004_R10_T11,both_fists_imagery,0,both_feet_imagery,1,13.441718406570482,False,shrinkage_lda,1/2/3/5/6/7/8/9/10/11/12/13/14/15/16/17/18/19/20,True,False,True,physionet/eegmmidb/1.0.0/S004/S004R10.edf,8f8034251a5bc4bf8dd8ecc1869da6ffd9e61bb9d9f8a4ae0df9003d72d40e9f
4,4,10,12,25,S004_R10_T12,both_feet_imagery,1,both_feet_imagery,1,5.3518267080451984,True,shrinkage_lda,1/2/3/5/6/7/8/9/10/11/12/13/14/15/16/17/18/19/20,True,False,False,physionet/eegmmidb/1.0.0/S004/S004R10.edf,8f8034251a5bc4bf8dd8ecc1869da6ffd9e61bb9d9f8a4ae0df9003d72d40e9f
4,4,10,13,27,S004_R10_T13,both_fists_imagery,0,both_feet_imagery,1,0.5027875645564381,False,shrinkage_lda,1/2/3/5/6/7/8/9/10/11/12/13/14/15/16/17/18/19/20,True,False,False,physionet/eegmmidb/1.0.0/S004/S004R10.edf,8f8034251a5bc4bf8dd8ecc1869da6ffd9e61bb9d9f8a4ae0df9003d72d40e9f
4,4,10,14,29,S004_R10_T14,both_feet_imagery,1,both_feet_imagery,1,1.1658070800476854,True,shrinkage_lda,1/2/3/5/6/7/8/9/10/11/12/13/14/15/16/17/18/19/20,True,False,False,physionet/eegmmidb/1.0.0/S004/S004R10.edf,8f8034251a5bc4bf8dd8ecc1869da6ffd9e61bb9d9f8a4ae0df9003d72d40e9f
4,4,14,0,1,S004_R14_T00,both_fists_imagery,0,both_feet_imagery,1,1.7862317353311659,False,shrinkage_lda,1/2/3/5/6/7/8/9/10/11/12/13/14/15/16/17/18/19/20,True,False,False,physionet/eegmmidb/1.0.0/S004/S004R14.edf,06a3c88276f1db76214f8b1068878add45b22836327fe6b95d0231d415cce752
4,4,14,1,3,S004_R14_T01,both_feet_imagery,1,both_fists_imagery,0,-4.8589002558013465,False,shrinkage_lda,1/2/3/5/6/7/8/9/10/11/12/13/14/15/16/17/18/19/20,True,False,False,physionet/eegmmidb/1.0.0/S004/S004R14.edf,06a3c88276f1db76214f8b1068878add45b22836327fe6b95d0231d415cce752
4,4,14,2,5,S004_R14_T02,both_feet_imagery,1,both_feet_imagery,1,8.734921791652827,True,shrinkage_lda,1/2/3/5/6/7/8/9/10/11/12/13/14/15/16/17/18/19/20,True,False,False,physionet/eegmmidb/1.0.0/S004/S004R14.edf,06a3c88276f1db76214f8b1068878add45b22836327fe6b95d0231d415cce752
4,4,14,3,7,S004_R14_T03,both_fists_imagery,0,both_fists_imagery,0,-2.935698238878465,True,shrinkage_lda,1/2/3/5/6/7/8/9/10/11/12/13/14/15/16/17/18/19/20,True,False,False,physionet/eegmmidb/1.0.0/S004/S004R14.edf,06a3c88276f1db76214f8b1068878add45b22836327fe6b95d0231d415cce752
4,4,14,4,9,S004_R14_T04,both_fists_imagery,0,both_fists_imagery,0,-3.052269748309007,True,shrinkage_lda,1/2/3/5/6/7/8/9/10/11/12/13/14/15/16/17/18/19/20,True,False,False,physionet/eegmmidb/1.0.0/S004/S004R14.edf,06a3c88276f1db76214f8b1068878add45b22836327fe6b95d0231d415cce752
4,4,14,5,11,S004_R14_T05,both_feet_imagery,1,both_feet_imagery,1,1.4010835968900834,True,shrinkage_lda,1/2/3/5/6/7/8/9/10/11/12/13/14/15/16/17/18/19/20,True,False,False,physionet/eegmmidb/1.0.0/S004/S004R14.edf,06a3c88276f1db76214f8b1068878add45b22836327fe6b95d0231d415cce752
4,4,14,6,13,S004_R14_T06,both_feet_imagery,1,both_feet_imagery,1,6.1974314613443,True,shrinkage_lda,1/2/3/5/6/7/8/9/10/11/12/13/14/15/16/17/18/19/20,True,False,False,physionet/eegmmidb/1.0.0/S004/S004R14.edf,06a3c88276f1db76214f8b1068878add45b22836327fe6b95d0231d415cce752
4,4,14,7,15,S004_R14_T07,both_fists_imagery,0,both_feet_imagery,1,14.525603591494255,False,shrinkage_lda,1/2/3/5/6/7/8/9/10/11/12/13/14/15/16/17/18/19/20,True,False,False,physionet/eegmmidb/1.0.0/S004/S004R14.edf,06a3c88276f1db76214f8b1068878add45b22836327fe6b95d0231d415cce752
4,4,14,8,17,S004_R14_T08,both_fists_imagery,0,both_feet_imagery,1,10.716767645044857,False,shrinkage_lda,1/2/3/5/6/7/8/9/10/11/12/13/14/15/16/17/18/19/20,True,False,False,physionet/eegmmidb/1.0.0/S004/S004R14.edf,06a3c88276f1db76214f8b1068878add45b22836327fe6b95d0231d415cce752
4,4,14,9,19,S004_R14_T09,both_feet_imagery,1,both_fists_imagery,0,-3.8156537679414955,False,shrinkage_lda,1/2/3/5/6/7/8/9/10/11/12/13/14/15/16/17/18/19/20,True,False,False,physionet/eegmmidb/1.0.0/S004/S004R14.edf,06a3c88276f1db76214f8b1068878add45b22836327fe6b95d0231d415cce752
4,4,14,10,21,S004_R14_T10,both_fists_imagery,0,both_feet_imagery,1,9.844677876772398,False,shrinkage_lda,1/2/3/5/6/7/8/9/10/11/12/13/14/15/16/17/18/19/20,True,False,False,physionet/eegmmidb/1.0.0/S004/S004R14.edf,06a3c88276f1db76214f8b1068878add45b22836327fe6b95d0231d415cce752
4,4,14,11,23,S004_R14_T11,both_feet_imagery,1,both_feet_imagery,1,18.139494572082874,True,shrinkage_lda,1/2/3/5/6/7/8/9/10/11/12/13/14/15/16/17/18/19/20,True,False,True,physionet/eegmmidb/1.0.0/S004/S004R14.edf,06a3c88276f1db76214f8b1068878add45b22836327fe6b95d0231d415cce752
4,4,14,12,25,S004_R14_T12,both_feet_imagery,1,both_feet_imagery,1,0.9548511434674514,True,shrinkage_lda,1/2/3/5/6/7/8/9/10/11/12/13/14/15/16/17/18/19/20,True,False,False,physionet/eegmmidb/1.0.0/S004/S004R14.edf,06a3c88276f1db76214f8b1068878add45b22836327fe6b95d0231d415cce752
4,4,14,13,27,S004_R14_T13,both_fists_imagery,0,both_feet_imagery,1,0.9576298303850147,False,shrinkage_lda,1/2/3/5/6/7/8/9/10/11/12/13/14/15/16/17/18/19/20,True,False,True,physionet/eegmmidb/1.0.0/S004/S004R14.edf,06a3c88276f1db76214f8b1068878add45b22836327fe6b95d0231d415cce752
4,4,14,14,29,S004_R14_T14,both_feet_imagery,1,both_feet_imagery,1,9.413804533614996,True,shrinkage_lda,1/2/3/5/6/7/8/9/10/11/12/13/14/15/16/17/18/19/20,True,False,False,physionet/eegmmidb/1.0.0/S004/S004R14.edf,06a3c88276f1db76214f8b1068878add45b22836327fe6b95d0231d415cce752
4,4,6,0,1,S004_R06_T00,both_fists_imagery,0,both_feet_imagery,1,1.6227100196552973,False,l2_logistic_regression,1/2/3/5/6/7/8/9/10/11/12/13/14/15/16/17/18/19/20,True,False,True,physionet/eegmmidb/1.0.0/S004/S004R06.edf,2d9afd10462b0dc93c07e605ce6dd49ddf42c856c843a18a8236cbf08c9af7fa
4,4,6,1,3,S004_R06_T01,both_feet_imagery,1,both_feet_imagery,1,2.243733870609466,True,l2_logistic_regression,1/2/3/5/6/7/8/9/10/11/12/13/14/15/16/17/18/19/20,True,False,False,physionet/eegmmidb/1.0.0/S004/S004R06.edf,2d9afd10462b0dc93c07e605ce6dd49ddf42c856c843a18a8236cbf08c9af7fa
4,4,6,2,5,S004_R06_T02,both_feet_imagery,1,both_feet_imagery,1,4.827002424942445,True,l2_logistic_regression,1/2/3/5/6/7/8/9/10/11/12/13/14/15/16/17/18/19/20,True,False,False,physionet/eegmmidb/1.0.0/S004/S004R06.edf,2d9afd10462b0dc93c07e605ce6dd49ddf42c856c843a18a8236cbf08c9af7fa
4,4,6,3,7,S004_R06_T03,both_fists_imagery,0,both_fists_imagery,0,-2.8645199038885436,True,l2_logistic_regression,1/2/3/5/6/7/8/9/10/11/12/13/14/15/16/17/18/19/20,True,False,False,physionet/eegmmidb/1.0.0/S004/S004R06.edf,2d9afd10462b0dc93c07e605ce6dd49ddf42c856c843a18a8236cbf08c9af7fa
4,4,6,4,9,S004_R06_T04,both_fists_imagery,0,both_fists_imagery,0,-1.2539307214151978,True,l2_logistic_regression,1/2/3/5/6/7/8/9/10/11/12/13/14/15/16/17/18/19/20,True,False,False,physionet/eegmmidb/1.0.0/S004/S004R06.edf,2d9afd10462b0dc93c07e605ce6dd49ddf42c856c843a18a8236cbf08c9af7fa
4,4,6,5,11,S004_R06_T05,both_feet_imagery,1,both_fists_imagery,0,-1.6366376417294874,False,l2_logistic_regression,1/2/3/5/6/7/8/9/10/11/12/13/14/15/16/17/18/19/20,True,False,False,physionet/eegmmidb/1.0.0/S004/S004R06.edf,2d9afd10462b0dc93c07e605ce6dd49ddf42c856c843a18a8236cbf08c9af7fa
4,4,6,6,13,S004_R06_T06,both_feet_imagery,1,both_feet_imagery,1,1.346112899744977,True,l2_logistic_regression,1/2/3/5/6/7/8/9/10/11/12/13/14/15/16/17/18/19/20,True,False,False,physionet/eegmmidb/1.0.0/S004/S004R06.edf,2d9afd10462b0dc93c07e605ce6dd49ddf42c856c843a18a8236cbf08c9af7fa
4,4,6,7,15,S004_R06_T07,both_fists_imagery,0,both_feet_imagery,1,2.9584674636715134,False,l2_logistic_regression,1/2/3/5/6/7/8/9/10/11/12/13/14/15/16/17/18/19/20,True,False,True,physionet/eegmmidb/1.0.0/S004/S004R06.edf,2d9afd10462b0dc93c07e605ce6dd49ddf42c856c843a18a8236cbf08c9af7fa
4,4,6,8,17,S004_R06_T08,both_feet_imagery,1,both_feet_imagery,1,7.430025961199689,True,l2_logistic_regression,1/2/3/5/6/7/8/9/10/11/12/13/14/15/16/17/18/19/20,True,False,False,physionet/eegmmidb/1.0.0/S004/S004R06.edf,2d9afd10462b0dc93c07e605ce6dd49ddf42c856c843a18a8236cbf08c9af7fa
4,4,6,9,19,S004_R06_T09,both_fists_imagery,0,both_fists_imagery,0,-2.5349109849290263,True,l2_logistic_regression,1/2/3/5/6/7/8/9/10/11/12/13/14/15/16/17/18/19/20,True,False,False,physionet/eegmmidb/1.0.0/S004/S004R06.edf,2d9afd10462b0dc93c07e605ce6dd49ddf42c856c843a18a8236cbf08c9af7fa
4,4,6,10,21,S004_R06_T10,both_feet_imagery,1,both_feet_imagery,1,4.343977290313024,True,l2_logistic_regression,1/2/3/5/6/7/8/9/10/11/12/13/14/15/16/17/18/19/20,True,False,False,physionet/eegmmidb/1.0.0/S004/S004R06.edf,2d9afd10462b0dc93c07e605ce6dd49ddf42c856c843a18a8236cbf08c9af7fa
4,4,6,11,23,S004_R06_T11,both_fists_imagery,0,both_feet_imagery,1,5.732995780149423,False,l2_logistic_regression,1/2/3/5/6/7/8/9/10/11/12/13/14/15/16/17/18/19/20,True,False,False,physionet/eegmmidb/1.0.0/S004/S004R06.edf,2d9afd10462b0dc93c07e605ce6dd49ddf42c856c843a18a8236cbf08c9af7fa
4,4,6,12,25,S004_R06_T12,both_fists_imagery,0,both_fists_imagery,0,-4.8037085786062494,True,l2_logistic_regression,1/2/3/5/6/7/8/9/10/11/12/13/14/15/16/17/18/19/20,True,False,False,physionet/eegmmidb/1.0.0/S004/S004R06.edf,2d9afd10462b0dc93c07e605ce6dd49ddf42c856c843a18a8236cbf08c9af7fa
4,4,6,13,27,S004_R06_T13,both_feet_imagery,1,both_feet_imagery,1,3.1231148876284083,True,l2_logistic_regression,1/2/3/5/6/7/8/9/10/11/12/13/14/15/16/17/18/19/20,True,False,False,physionet/eegmmidb/1.0.0/S004/S004R06.edf,2d9afd10462b0dc93c07e605ce6dd49ddf42c856c843a18a8236cbf08c9af7fa
4,4,6,14,29,S004_R06_T14,both_fists_imagery,0,both_fists_imagery,0,-1.771156865808554,True,l2_logistic_regression,1/2/3/5/6/7/8/9/10/11/12/13/14/15/16/17/18/19/20,True,False,False,physionet/eegmmidb/1.0.0/S004/S004R06.edf,2d9afd10462b0dc93c07e605ce6dd49ddf42c856c843a18a8236cbf08c9af7fa
4,4,10,0,1,S004_R10_T00,both_fists_imagery,0,both_fists_imagery,0,-4.738553545855458,True,l2_logistic_regression,1/2/3/5/6/7/8/9/10/11/12/13/14/15/16/17/18/19/20,True,False,True,physionet/eegmmidb/1.0.0/S004/S004R10.edf,8f8034251a5bc4bf8dd8ecc1869da6ffd9e61bb9d9f8a4ae0df9003d72d40e9f
4,4,10,1,3,S004_R10_T01,both_feet_imagery,1,both_fists_imagery,0,-1.2168112561749354,False,l2_logistic_regression,1/2/3/5/6/7/8/9/10/11/12/13/14/15/16/17/18/19/20,True,False,True,physionet/eegmmidb/1.0.0/S004/S004R10.edf,8f8034251a5bc4bf8dd8ecc1869da6ffd9e61bb9d9f8a4ae0df9003d72d40e9f
4,4,10,2,5,S004_R10_T02,both_feet_imagery,1,both_feet_imagery,1,2.8168426260002497,True,l2_logistic_regression,1/2/3/5/6/7/8/9/10/11/12/13/14/15/16/17/18/19/20,True,False,True,physionet/eegmmidb/1.0.0/S004/S004R10.edf,8f8034251a5bc4bf8dd8ecc1869da6ffd9e61bb9d9f8a4ae0df9003d72d40e9f
4,4,10,3,7,S004_R10_T03,both_fists_imagery,0,both_feet_imagery,1,5.720732255390277,False,l2_logistic_regression,1/2/3/5/6/7/8/9/10/11/12/13/14/15/16/17/18/19/20,True,False,True,physionet/eegmmidb/1.0.0/S004/S004R10.edf,8f8034251a5bc4bf8dd8ecc1869da6ffd9e61bb9d9f8a4ae0df9003d72d40e9f
4,4,10,4,9,S004_R10_T04,both_fists_imagery,0,both_fists_imagery,0,-0.1374368253539912,True,l2_logistic_regression,1/2/3/5/6/7/8/9/10/11/12/13/14/15/16/17/18/19/20,True,False,True,physionet/eegmmidb/1.0.0/S004/S004R10.edf,8f8034251a5bc4bf8dd8ecc1869da6ffd9e61bb9d9f8a4ae0df9003d72d40e9f
4,4,10,5,11,S004_R10_T05,both_feet_imagery,1,both_feet_imagery,1,2.9775090048910866,True,l2_logistic_regression,1/2/3/5/6/7/8/9/10/11/12/13/14/15/16/17/18/19/20,True,False,False,physionet/eegmmidb/1.0.0/S004/S004R10.edf,8f8034251a5bc4bf8dd8ecc1869da6ffd9e61bb9d9f8a4ae0df9003d72d40e9f
4,4,10,6,13,S004_R10_T06,both_feet_imagery,1,both_fists_imagery,0,-1.4503866169284467,False,l2_logistic_regression,1/2/3/5/6/7/8/9/10/11/12/13/14/15/16/17/18/19/20,True,False,False,physionet/eegmmidb/1.0.0/S004/S004R10.edf,8f8034251a5bc4bf8dd8ecc1869da6ffd9e61bb9d9f8a4ae0df9003d72d40e9f
4,4,10,7,15,S004_R10_T07,both_fists_imagery,0,both_fists_imagery,0,-0.14947684524782257,True,l2_logistic_regression,1/2/3/5/6/7/8/9/10/11/12/13/14/15/16/17/18/19/20,True,False,True,physionet/eegmmidb/1.0.0/S004/S004R10.edf,8f8034251a5bc4bf8dd8ecc1869da6ffd9e61bb9d9f8a4ae0df9003d72d40e9f
4,4,10,8,17,S004_R10_T08,both_fists_imagery,0,both_fists_imagery,0,-8.239999480701746,True,l2_logistic_regression,1/2/3/5/6/7/8/9/10/11/12/13/14/15/16/17/18/19/20,True,False,False,physionet/eegmmidb/1.0.0/S004/S004R10.edf,8f8034251a5bc4bf8dd8ecc1869da6ffd9e61bb9d9f8a4ae0df9003d72d40e9f
4,4,10,9,19,S004_R10_T09,both_feet_imagery,1,both_fists_imagery,0,-8.20579085878787,False,l2_logistic_regression,1/2/3/5/6/7/8/9/10/11/12/13/14/15/16/17/18/19/20,True,False,True,physionet/eegmmidb/1.0.0/S004/S004R10.edf,8f8034251a5bc4bf8dd8ecc1869da6ffd9e61bb9d9f8a4ae0df9003d72d40e9f
4,4,10,10,21,S004_R10_T10,both_feet_imagery,1,both_fists_imagery,0,-2.1439261525840916,False,l2_logistic_regression,1/2/3/5/6/7/8/9/10/11/12/13/14/15/16/17/18/19/20,True,False,False,physionet/eegmmidb/1.0.0/S004/S004R10.edf,8f8034251a5bc4bf8dd8ecc1869da6ffd9e61bb9d9f8a4ae0df9003d72d40e9f
4,4,10,11,23,S004_R10_T11,both_fists_imagery,0,both_feet_imagery,1,7.290060334535803,False,l2_logistic_regression,1/2/3/5/6/7/8/9/10/11/12/13/14/15/16/17/18/19/20,True,False,True,physionet/eegmmidb/1.0.0/S004/S004R10.edf,8f8034251a5bc4bf8dd8ecc1869da6ffd9e61bb9d9f8a4ae0df9003d72d40e9f
4,4,10,12,25,S004_R10_T12,both_feet_imagery,1,both_feet_imagery,1,4.165290928804797,True,l2_logistic_regression,1/2/3/5/6/7/8/9/10/11/12/13/14/15/16/17/18/19/20,True,False,False,physionet/eegmmidb/1.0.0/S004/S004R10.edf,8f8034251a5bc4bf8dd8ecc1869da6ffd9e61bb9d9f8a4ae0df9003d72d40e9f
4,4,10,13,27,S004_R10_T13,both_fists_imagery,0,both_feet_imagery,1,0.7085854634296133,False,l2_logistic_regression,1/2/3/5/6/7/8/9/10/11/12/13/14/15/16/17/18/19/20,True,False,False,physionet/eegmmidb/1.0.0/S004/S004R10.edf,8f8034251a5bc4bf8dd8ecc1869da6ffd9e61bb9d9f8a4ae0df9003d72d40e9f
4,4,10,14,29,S004_R10_T14,both_feet_imagery,1,both_feet_imagery,1,1.40834905039579,True,l2_logistic_regression,1/2/3/5/6/7/8/9/10/11/12/13/14/15/16/17/18/19/20,True,False,False,physionet/eegmmidb/1.0.0/S004/S004R10.edf,8f8034251a5bc4bf8dd8ecc1869da6ffd9e61bb9d9f8a4ae0df9003d72d40e9f
4,4,14,0,1,S004_R14_T00,both_fists_imagery,0,both_feet_imagery,1,2.599624862249418,False,l2_logistic_regression,1/2/3/5/6/7/8/9/10/11/12/13/14/15/16/17/18/19/20,True,False,False,physionet/eegmmidb/1.0.0/S004/S004R14.edf,06a3c88276f1db76214f8b1068878add45b22836327fe6b95d0231d415cce752
4,4,14,1,3,S004_R14_T01,both_feet_imagery,1,both_fists_imagery,0,-3.2683629796305094,False,l2_logistic_regression,1/2/3/5/6/7/8/9/10/11/12/13/14/15/16/17/18/19/20,True,False,False,physionet/eegmmidb/1.0.0/S004/S004R14.edf,06a3c88276f1db76214f8b1068878add45b22836327fe6b95d0231d415cce752
4,4,14,2,5,S004_R14_T02,both_feet_imagery,1,both_feet_imagery,1,2.333751861393047,True,l2_logistic_regression,1/2/3/5/6/7/8/9/10/11/12/13/14/15/16/17/18/19/20,True,False,False,physionet/eegmmidb/1.0.0/S004/S004R14.edf,06a3c88276f1db76214f8b1068878add45b22836327fe6b95d0231d415cce752
4,4,14,3,7,S004_R14_T03,both_fists_imagery,0,both_fists_imagery,0,-0.39314756192885175,True,l2_logistic_regression,1/2/3/5/6/7/8/9/10/11/12/13/14/15/16/17/18/19/20,True,False,False,physionet/eegmmidb/1.0.0/S004/S004R14.edf,06a3c88276f1db76214f8b1068878add45b22836327fe6b95d0231d415cce752
4,4,14,4,9,S004_R14_T04,both_fists_imagery,0,both_fists_imagery,0,-1.9433235463831484,True,l2_logistic_regression,1/2/3/5/6/7/8/9/10/11/12/13/14/15/16/17/18/19/20,True,False,False,physionet/eegmmidb/1.0.0/S004/S004R14.edf,06a3c88276f1db76214f8b1068878add45b22836327fe6b95d0231d415cce752
4,4,14,5,11,S004_R14_T05,both_feet_imagery,1,both_feet_imagery,1,0.4427506700522818,True,l2_logistic_regression,1/2/3/5/6/7/8/9/10/11/12/13/14/15/16/17/18/19/20,True,False,False,physionet/eegmmidb/1.0.0/S004/S004R14.edf,06a3c88276f1db76214f8b1068878add45b22836327fe6b95d0231d415cce752
4,4,14,6,13,S004_R14_T06,both_feet_imagery,1,both_feet_imagery,1,1.7004823814627017,True,l2_logistic_regression,1/2/3/5/6/7/8/9/10/11/12/13/14/15/16/17/18/19/20,True,False,False,physionet/eegmmidb/1.0.0/S004/S004R14.edf,06a3c88276f1db76214f8b1068878add45b22836327fe6b95d0231d415cce752
4,4,14,7,15,S004_R14_T07,both_fists_imagery,0,both_feet_imagery,1,9.674006842587128,False,l2_logistic_regression,1/2/3/5/6/7/8/9/10/11/12/13/14/15/16/17/18/19/20,True,False,False,physionet/eegmmidb/1.0.0/S004/S004R14.edf,06a3c88276f1db76214f8b1068878add45b22836327fe6b95d0231d415cce752
4,4,14,8,17,S004_R14_T08,both_fists_imagery,0,both_feet_imagery,1,6.680097065976775,False,l2_logistic_regression,1/2/3/5/6/7/8/9/10/11/12/13/14/15/16/17/18/19/20,True,False,False,physionet/eegmmidb/1.0.0/S004/S004R14.edf,06a3c88276f1db76214f8b1068878add45b22836327fe6b95d0231d415cce752
4,4,14,9,19,S004_R14_T09,both_feet_imagery,1,both_fists_imagery,0,-2.605202120542667,False,l2_logistic_regression,1/2/3/5/6/7/8/9/10/11/12/13/14/15/16/17/18/19/20,True,False,False,physionet/eegmmidb/1.0.0/S004/S004R14.edf,06a3c88276f1db76214f8b1068878add45b22836327fe6b95d0231d415cce752
4,4,14,10,21,S004_R14_T10,both_fists_imagery,0,both_feet_imagery,1,4.588808097590019,False,l2_logistic_regression,1/2/3/5/6/7/8/9/10/11/12/13/14/15/16/17/18/19/20,True,False,False,physionet/eegmmidb/1.0.0/S004/S004R14.edf,06a3c88276f1db76214f8b1068878add45b22836327fe6b95d0231d415cce752
4,4,14,11,23,S004_R14_T11,both_feet_imagery,1,both_feet_imagery,1,10.06097375402432,True,l2_logistic_regression,1/2/3/5/6/7/8/9/10/11/12/13/14/15/16/17/18/19/20,True,False,True,physionet/eegmmidb/1.0.0/S004/S004R14.edf,06a3c88276f1db76214f8b1068878add45b22836327fe6b95d0231d415cce752
4,4,14,12,25,S004_R14_T12,both_feet_imagery,1,both_feet_imagery,1,1.6118908431479706,True,l2_logistic_regression,1/2/3/5/6/7/8/9/10/11/12/13/14/15/16/17/18/19/20,True,False,False,physionet/eegmmidb/1.0.0/S004/S004R14.edf,06a3c88276f1db76214f8b1068878add45b22836327fe6b95d0231d415cce752
4,4,14,13,27,S004_R14_T13,both_fists_imagery,0,both_feet_imagery,1,1.760334783268065,False,l2_logistic_regression,1/2/3/5/6/7/8/9/10/11/12/13/14/15/16/17/18/19/20,True,False,True,physionet/eegmmidb/1.0.0/S004/S004R14.edf,06a3c88276f1db76214f8b1068878add45b22836327fe6b95d0231d415cce752
4,4,14,14,29,S004_R14_T14,both_feet_imagery,1,both_feet_imagery,1,4.1945519229819626,True,l2_logistic_regression,1/2/3/5/6/7/8/9/10/11/12/13/14/15/16/17/18/19/20,True,False,False,physionet/eegmmidb/1.0.0/S004/S004R14.edf,06a3c88276f1db76214f8b1068878add45b22836327fe6b95d0231d415cce752
5,5,6,0,1,S005_R06_T00,both_fists_imagery,0,both_feet_imagery,1,1.5178102001720328,False,shrinkage_lda,1/2/3/4/6/7/8/9/10/11/12/13/14/15/16/17/18/19/20,True,False,True,physionet/eegmmidb/1.0.0/S005/S005R06.edf,07260f0bc56394b88fc506823779ebaf9e0b6ab6286608b010900155a4d206dc
5,5,6,1,3,S005_R06_T01,both_feet_imagery,1,both_feet_imagery,1,7.469330035083548,True,shrinkage_lda,1/2/3/4/6/7/8/9/10/11/12/13/14/15/16/17/18/19/20,True,False,False,physionet/eegmmidb/1.0.0/S005/S005R06.edf,07260f0bc56394b88fc506823779ebaf9e0b6ab6286608b010900155a4d206dc
5,5,6,2,5,S005_R06_T02,both_fists_imagery,0,both_fists_imagery,0,-0.2139646975172812,True,shrinkage_lda,1/2/3/4/6/7/8/9/10/11/12/13/14/15/16/17/18/19/20,True,False,True,physionet/eegmmidb/1.0.0/S005/S005R06.edf,07260f0bc56394b88fc506823779ebaf9e0b6ab6286608b010900155a4d206dc
5,5,6,3,7,S005_R06_T03,both_feet_imagery,1,both_fists_imagery,0,-7.81158007136602,False,shrinkage_lda,1/2/3/4/6/7/8/9/10/11/12/13/14/15/16/17/18/19/20,True,False,False,physionet/eegmmidb/1.0.0/S005/S005R06.edf,07260f0bc56394b88fc506823779ebaf9e0b6ab6286608b010900155a4d206dc
5,5,6,4,9,S005_R06_T04,both_feet_imagery,1,both_fists_imagery,0,-0.8644679827661158,False,shrinkage_lda,1/2/3/4/6/7/8/9/10/11/12/13/14/15/16/17/18/19/20,True,False,False,physionet/eegmmidb/1.0.0/S005/S005R06.edf,07260f0bc56394b88fc506823779ebaf9e0b6ab6286608b010900155a4d206dc
5,5,6,5,11,S005_R06_T05,both_fists_imagery,0,both_feet_imagery,1,5.570411072543102,False,shrinkage_lda,1/2/3/4/6/7/8/9/10/11/12/13/14/15/16/17/18/19/20,True,False,False,physionet/eegmmidb/1.0.0/S005/S005R06.edf,07260f0bc56394b88fc506823779ebaf9e0b6ab6286608b010900155a4d206dc
5,5,6,6,13,S005_R06_T06,both_feet_imagery,1,both_fists_imagery,0,-12.941102538408115,False,shrinkage_lda,1/2/3/4/6/7/8/9/10/11/12/13/14/15/16/17/18/19/20,True,False,False,physionet/eegmmidb/1.0.0/S005/S005R06.edf,07260f0bc56394b88fc506823779ebaf9e0b6ab6286608b010900155a4d206dc
5,5,6,7,15,S005_R06_T07,both_fists_imagery,0,both_fists_imagery,0,-3.6661550942032632,True,shrinkage_lda,1/2/3/4/6/7/8/9/10/11/12/13/14/15/16/17/18/19/20,True,False,False,physionet/eegmmidb/1.0.0/S005/S005R06.edf,07260f0bc56394b88fc506823779ebaf9e0b6ab6286608b010900155a4d206dc
5,5,6,8,17,S005_R06_T08,both_fists_imagery,0,both_fists_imagery,0,-2.0676556650174303,True,shrinkage_lda,1/2/3/4/6/7/8/9/10/11/12/13/14/15/16/17/18/19/20,True,False,False,physionet/eegmmidb/1.0.0/S005/S005R06.edf,07260f0bc56394b88fc506823779ebaf9e0b6ab6286608b010900155a4d206dc
5,5,6,9,19,S005_R06_T09,both_feet_imagery,1,both_fists_imagery,0,-16.388399944819234,False,shrinkage_lda,1/2/3/4/6/7/8/9/10/11/12/13/14/15/16/17/18/19/20,True,False,False,physionet/eegmmidb/1.0.0/S005/S005R06.edf,07260f0bc56394b88fc506823779ebaf9e0b6ab6286608b010900155a4d206dc
5,5,6,10,21,S005_R06_T10,both_feet_imagery,1,both_feet_imagery,1,2.390831825497943,True,shrinkage_lda,1/2/3/4/6/7/8/9/10/11/12/13/14/15/16/17/18/19/20,True,False,False,physionet/eegmmidb/1.0.0/S005/S005R06.edf,07260f0bc56394b88fc506823779ebaf9e0b6ab6286608b010900155a4d206dc
5,5,6,11,23,S005_R06_T11,both_fists_imagery,0,both_feet_imagery,1,0.1478475903518594,False,shrinkage_lda,1/2/3/4/6/7/8/9/10/11/12/13/14/15/16/17/18/19/20,True,False,True,physionet/eegmmidb/1.0.0/S005/S005R06.edf,07260f0bc56394b88fc506823779ebaf9e0b6ab6286608b010900155a4d206dc
5,5,6,12,25,S005_R06_T12,both_feet_imagery,1,both_feet_imagery,1,6.807081236852502,True,shrinkage_lda,1/2/3/4/6/7/8/9/10/11/12/13/14/15/16/17/18/19/20,True,False,True,physionet/eegmmidb/1.0.0/S005/S005R06.edf,07260f0bc56394b88fc506823779ebaf9e0b6ab6286608b010900155a4d206dc
5,5,6,13,27,S005_R06_T13,both_fists_imagery,0,both_fists_imagery,0,-2.7788588683367323,True,shrinkage_lda,1/2/3/4/6/7/8/9/10/11/12/13/14/15/16/17/18/19/20,True,False,False,physionet/eegmmidb/1.0.0/S005/S005R06.edf,07260f0bc56394b88fc506823779ebaf9e0b6ab6286608b010900155a4d206dc
5,5,6,14,29,S005_R06_T14,both_feet_imagery,1,both_fists_imagery,0,-1.894199536683064,False,shrinkage_lda,1/2/3/4/6/7/8/9/10/11/12/13/14/15/16/17/18/19/20,True,False,False,physionet/eegmmidb/1.0.0/S005/S005R06.edf,07260f0bc56394b88fc506823779ebaf9e0b6ab6286608b010900155a4d206dc
5,5,10,0,1,S005_R10_T00,both_feet_imagery,1,both_fists_imagery,0,-3.595855183434209,False,shrinkage_lda,1/2/3/4/6/7/8/9/10/11/12/13/14/15/16/17/18/19/20,True,False,False,physionet/eegmmidb/1.0.0/S005/S005R10.edf,a5721f5a8229799b6323e26f5f2fa149c121ff87d4ba73b30fe9280602aee140
5,5,10,1,3,S005_R10_T01,both_fists_imagery,0,both_fists_imagery,0,-1.8723459063058772,True,shrinkage_lda,1/2/3/4/6/7/8/9/10/11/12/13/14/15/16/17/18/19/20,True,False,False,physionet/eegmmidb/1.0.0/S005/S005R10.edf,a5721f5a8229799b6323e26f5f2fa149c121ff87d4ba73b30fe9280602aee140
5,5,10,2,5,S005_R10_T02,both_feet_imagery,1,both_fists_imagery,0,-24.528457422577695,False,shrinkage_lda,1/2/3/4/6/7/8/9/10/11/12/13/14/15/16/17/18/19/20,True,False,False,physionet/eegmmidb/1.0.0/S005/S005R10.edf,a5721f5a8229799b6323e26f5f2fa149c121ff87d4ba73b30fe9280602aee140
5,5,10,3,7,S005_R10_T03,both_fists_imagery,0,both_fists_imagery,0,-17.55552539887637,True,shrinkage_lda,1/2/3/4/6/7/8/9/10/11/12/13/14/15/16/17/18/19/20,True,False,False,physionet/eegmmidb/1.0.0/S005/S005R10.edf,a5721f5a8229799b6323e26f5f2fa149c121ff87d4ba73b30fe9280602aee140
5,5,10,4,9,S005_R10_T04,both_fists_imagery,0,both_feet_imagery,1,5.4314593952994965,False,shrinkage_lda,1/2/3/4/6/7/8/9/10/11/12/13/14/15/16/17/18/19/20,True,False,False,physionet/eegmmidb/1.0.0/S005/S005R10.edf,a5721f5a8229799b6323e26f5f2fa149c121ff87d4ba73b30fe9280602aee140
5,5,10,5,11,S005_R10_T05,both_feet_imagery,1,both_fists_imagery,0,-7.9223991465453025,False,shrinkage_lda,1/2/3/4/6/7/8/9/10/11/12/13/14/15/16/17/18/19/20,True,False,False,physionet/eegmmidb/1.0.0/S005/S005R10.edf,a5721f5a8229799b6323e26f5f2fa149c121ff87d4ba73b30fe9280602aee140
5,5,10,6,13,S005_R10_T06,both_fists_imagery,0,both_fists_imagery,0,-12.608538642808044,True,shrinkage_lda,1/2/3/4/6/7/8/9/10/11/12/13/14/15/16/17/18/19/20,True,False,False,physionet/eegmmidb/1.0.0/S005/S005R10.edf,a5721f5a8229799b6323e26f5f2fa149c121ff87d4ba73b30fe9280602aee140
5,5,10,7,15,S005_R10_T07,both_feet_imagery,1,both_feet_imagery,1,2.405100021111925,True,shrinkage_lda,1/2/3/4/6/7/8/9/10/11/12/13/14/15/16/17/18/19/20,True,False,True,physionet/eegmmidb/1.0.0/S005/S005R10.edf,a5721f5a8229799b6323e26f5f2fa149c121ff87d4ba73b30fe9280602aee140
5,5,10,8,17,S005_R10_T08,both_feet_imagery,1,both_feet_imagery,1,0.8545909177825439,True,shrinkage_lda,1/2/3/4/6/7/8/9/10/11/12/13/14/15/16/17/18/19/20,True,False,False,physionet/eegmmidb/1.0.0/S005/S005R10.edf,a5721f5a8229799b6323e26f5f2fa149c121ff87d4ba73b30fe9280602aee140
5,5,10,9,19,S005_R10_T09,both_fists_imagery,0,both_fists_imagery,0,-1.2260378216005816,True,shrinkage_lda,1/2/3/4/6/7/8/9/10/11/12/13/14/15/16/17/18/19/20,True,False,False,physionet/eegmmidb/1.0.0/S005/S005R10.edf,a5721f5a8229799b6323e26f5f2fa149c121ff87d4ba73b30fe9280602aee140
5,5,10,10,21,S005_R10_T10,both_feet_imagery,1,both_feet_imagery,1,8.027024616375224,True,shrinkage_lda,1/2/3/4/6/7/8/9/10/11/12/13/14/15/16/17/18/19/20,True,False,False,physionet/eegmmidb/1.0.0/S005/S005R10.edf,a5721f5a8229799b6323e26f5f2fa149c121ff87d4ba73b30fe9280602aee140
5,5,10,11,23,S005_R10_T11,both_fists_imagery,0,both_feet_imagery,1,3.8575634970311645,False,shrinkage_lda,1/2/3/4/6/7/8/9/10/11/12/13/14/15/16/17/18/19/20,True,False,False,physionet/eegmmidb/1.0.0/S005/S005R10.edf,a5721f5a8229799b6323e26f5f2fa149c121ff87d4ba73b30fe9280602aee140
5,5,10,12,25,S005_R10_T12,both_fists_imagery,0,both_fists_imagery,0,-0.9506944819051509,True,shrinkage_lda,1/2/3/4/6/7/8/9/10/11/12/13/14/15/16/17/18/19/20,True,False,False,physionet/eegmmidb/1.0.0/S005/S005R10.edf,a5721f5a8229799b6323e26f5f2fa149c121ff87d4ba73b30fe9280602aee140
5,5,10,13,27,S005_R10_T13,both_feet_imagery,1,both_feet_imagery,1,15.10150197644135,True,shrinkage_lda,1/2/3/4/6/7/8/9/10/11/12/13/14/15/16/17/18/19/20,True,False,False,physionet/eegmmidb/1.0.0/S005/S005R10.edf,a5721f5a8229799b6323e26f5f2fa149c121ff87d4ba73b30fe9280602aee140
5,5,10,14,29,S005_R10_T14,both_fists_imagery,0,both_fists_imagery,0,-0.5807150317021983,True,shrinkage_lda,1/2/3/4/6/7/8/9/10/11/12/13/14/15/16/17/18/19/20,True,False,False,physionet/eegmmidb/1.0.0/S005/S005R10.edf,a5721f5a8229799b6323e26f5f2fa149c121ff87d4ba73b30fe9280602aee140
5,5,14,0,1,S005_R14_T00,both_fists_imagery,0,both_feet_imagery,1,8.216123878054033,False,shrinkage_lda,1/2/3/4/6/7/8/9/10/11/12/13/14/15/16/17/18/19/20,True,False,False,physionet/eegmmidb/1.0.0/S005/S005R14.edf,77d5b9b1f03074e96c0e42234f57363272fa90501661cbe038bd387f3ce922e0
5,5,14,1,3,S005_R14_T01,both_feet_imagery,1,both_fists_imagery,0,-2.399862352904126,False,shrinkage_lda,1/2/3/4/6/7/8/9/10/11/12/13/14/15/16/17/18/19/20,True,False,True,physionet/eegmmidb/1.0.0/S005/S005R14.edf,77d5b9b1f03074e96c0e42234f57363272fa90501661cbe038bd387f3ce922e0
5,5,14,2,5,S005_R14_T02,both_feet_imagery,1,both_fists_imagery,0,-0.340265482177458,False,shrinkage_lda,1/2/3/4/6/7/8/9/10/11/12/13/14/15/16/17/18/19/20,True,False,True,physionet/eegmmidb/1.0.0/S005/S005R14.edf,77d5b9b1f03074e96c0e42234f57363272fa90501661cbe038bd387f3ce922e0
5,5,14,3,7,S005_R14_T03,both_fists_imagery,0,both_fists_imagery,0,-8.54077285007437,True,shrinkage_lda,1/2/3/4/6/7/8/9/10/11/12/13/14/15/16/17/18/19/20,True,False,True,physionet/eegmmidb/1.0.0/S005/S005R14.edf,77d5b9b1f03074e96c0e42234f57363272fa90501661cbe038bd387f3ce922e0
5,5,14,4,9,S005_R14_T04,both_feet_imagery,1,both_fists_imagery,0,-6.35698168805091,False,shrinkage_lda,1/2/3/4/6/7/8/9/10/11/12/13/14/15/16/17/18/19/20,True,False,False,physionet/eegmmidb/1.0.0/S005/S005R14.edf,77d5b9b1f03074e96c0e42234f57363272fa90501661cbe038bd387f3ce922e0
5,5,14,5,11,S005_R14_T05,both_fists_imagery,0,both_feet_imagery,1,6.07522343110872,False,shrinkage_lda,1/2/3/4/6/7/8/9/10/11/12/13/14/15/16/17/18/19/20,True,False,False,physionet/eegmmidb/1.0.0/S005/S005R14.edf,77d5b9b1f03074e96c0e42234f57363272fa90501661cbe038bd387f3ce922e0
5,5,14,6,13,S005_R14_T06,both_fists_imagery,0,both_feet_imagery,1,0.012338731073380793,False,shrinkage_lda,1/2/3/4/6/7/8/9/10/11/12/13/14/15/16/17/18/19/20,True,False,False,physionet/eegmmidb/1.0.0/S005/S005R14.edf,77d5b9b1f03074e96c0e42234f57363272fa90501661cbe038bd387f3ce922e0
5,5,14,7,15,S005_R14_T07,both_feet_imagery,1,both_fists_imagery,0,-17.569356827933785,False,shrinkage_lda,1/2/3/4/6/7/8/9/10/11/12/13/14/15/16/17/18/19/20,True,False,True,physionet/eegmmidb/1.0.0/S005/S005R14.edf,77d5b9b1f03074e96c0e42234f57363272fa90501661cbe038bd387f3ce922e0
5,5,14,8,17,S005_R14_T08,both_feet_imagery,1,both_feet_imagery,1,9.863016778463422,True,shrinkage_lda,1/2/3/4/6/7/8/9/10/11/12/13/14/15/16/17/18/19/20,True,False,False,physionet/eegmmidb/1.0.0/S005/S005R14.edf,77d5b9b1f03074e96c0e42234f57363272fa90501661cbe038bd387f3ce922e0
5,5,14,9,19,S005_R14_T09,both_fists_imagery,0,both_fists_imagery,0,-11.398355308341989,True,shrinkage_lda,1/2/3/4/6/7/8/9/10/11/12/13/14/15/16/17/18/19/20,True,False,False,physionet/eegmmidb/1.0.0/S005/S005R14.edf,77d5b9b1f03074e96c0e42234f57363272fa90501661cbe038bd387f3ce922e0
5,5,14,10,21,S005_R14_T10,both_feet_imagery,1,both_feet_imagery,1,17.01589960961389,True,shrinkage_lda,1/2/3/4/6/7/8/9/10/11/12/13/14/15/16/17/18/19/20,True,False,False,physionet/eegmmidb/1.0.0/S005/S005R14.edf,77d5b9b1f03074e96c0e42234f57363272fa90501661cbe038bd387f3ce922e0
5,5,14,11,23,S005_R14_T11,both_fists_imagery,0,both_fists_imagery,0,-5.846369454829922,True,shrinkage_lda,1/2/3/4/6/7/8/9/10/11/12/13/14/15/16/17/18/19/20,True,False,False,physionet/eegmmidb/1.0.0/S005/S005R14.edf,77d5b9b1f03074e96c0e42234f57363272fa90501661cbe038bd387f3ce922e0
5,5,14,12,25,S005_R14_T12,both_fists_imagery,0,both_fists_imagery,0,-1.670162686408472,True,shrinkage_lda,1/2/3/4/6/7/8/9/10/11/12/13/14/15/16/17/18/19/20,True,False,False,physionet/eegmmidb/1.0.0/S005/S005R14.edf,77d5b9b1f03074e96c0e42234f57363272fa90501661cbe038bd387f3ce922e0
5,5,14,13,27,S005_R14_T13,both_feet_imagery,1,both_feet_imagery,1,0.13374652423046546,True,shrinkage_lda,1/2/3/4/6/7/8/9/10/11/12/13/14/15/16/17/18/19/20,True,False,False,physionet/eegmmidb/1.0.0/S005/S005R14.edf,77d5b9b1f03074e96c0e42234f57363272fa90501661cbe038bd387f3ce922e0
5,5,14,14,29,S005_R14_T14,both_fists_imagery,0,both_feet_imagery,1,7.50948540930132,False,shrinkage_lda,1/2/3/4/6/7/8/9/10/11/12/13/14/15/16/17/18/19/20,True,False,True,physionet/eegmmidb/1.0.0/S005/S005R14.edf,77d5b9b1f03074e96c0e42234f57363272fa90501661cbe038bd387f3ce922e0
5,5,6,0,1,S005_R06_T00,both_fists_imagery,0,both_feet_imagery,1,2.9491321870757363,False,l2_logistic_regression,1/2/3/4/6/7/8/9/10/11/12/13/14/15/16/17/18/19/20,True,False,True,physionet/eegmmidb/1.0.0/S005/S005R06.edf,07260f0bc56394b88fc506823779ebaf9e0b6ab6286608b010900155a4d206dc
5,5,6,1,3,S005_R06_T01,both_feet_imagery,1,both_feet_imagery,1,5.1388392030731005,True,l2_logistic_regression,1/2/3/4/6/7/8/9/10/11/12/13/14/15/16/17/18/19/20,True,False,False,physionet/eegmmidb/1.0.0/S005/S005R06.edf,07260f0bc56394b88fc506823779ebaf9e0b6ab6286608b010900155a4d206dc
5,5,6,2,5,S005_R06_T02,both_fists_imagery,0,both_feet_imagery,1,0.026077350099458774,False,l2_logistic_regression,1/2/3/4/6/7/8/9/10/11/12/13/14/15/16/17/18/19/20,True,False,True,physionet/eegmmidb/1.0.0/S005/S005R06.edf,07260f0bc56394b88fc506823779ebaf9e0b6ab6286608b010900155a4d206dc
5,5,6,3,7,S005_R06_T03,both_feet_imagery,1,both_fists_imagery,0,-3.013056105622786,False,l2_logistic_regression,1/2/3/4/6/7/8/9/10/11/12/13/14/15/16/17/18/19/20,True,False,False,physionet/eegmmidb/1.0.0/S005/S005R06.edf,07260f0bc56394b88fc506823779ebaf9e0b6ab6286608b010900155a4d206dc
5,5,6,4,9,S005_R06_T04,both_feet_imagery,1,both_fists_imagery,0,-0.5102949383307948,False,l2_logistic_regression,1/2/3/4/6/7/8/9/10/11/12/13/14/15/16/17/18/19/20,True,False,False,physionet/eegmmidb/1.0.0/S005/S005R06.edf,07260f0bc56394b88fc506823779ebaf9e0b6ab6286608b010900155a4d206dc
5,5,6,5,11,S005_R06_T05,both_fists_imagery,0,both_feet_imagery,1,4.081125325326676,False,l2_logistic_regression,1/2/3/4/6/7/8/9/10/11/12/13/14/15/16/17/18/19/20,True,False,False,physionet/eegmmidb/1.0.0/S005/S005R06.edf,07260f0bc56394b88fc506823779ebaf9e0b6ab6286608b010900155a4d206dc
5,5,6,6,13,S005_R06_T06,both_feet_imagery,1,both_fists_imagery,0,-6.23307034775082,False,l2_logistic_regression,1/2/3/4/6/7/8/9/10/11/12/13/14/15/16/17/18/19/20,True,False,False,physionet/eegmmidb/1.0.0/S005/S005R06.edf,07260f0bc56394b88fc506823779ebaf9e0b6ab6286608b010900155a4d206dc
5,5,6,7,15,S005_R06_T07,both_fists_imagery,0,both_fists_imagery,0,-2.0075480519417357,True,l2_logistic_regression,1/2/3/4/6/7/8/9/10/11/12/13/14/15/16/17/18/19/20,True,False,False,physionet/eegmmidb/1.0.0/S005/S005R06.edf,07260f0bc56394b88fc506823779ebaf9e0b6ab6286608b010900155a4d206dc
5,5,6,8,17,S005_R06_T08,both_fists_imagery,0,both_fists_imagery,0,-2.3045117857173105,True,l2_logistic_regression,1/2/3/4/6/7/8/9/10/11/12/13/14/15/16/17/18/19/20,True,False,False,physionet/eegmmidb/1.0.0/S005/S005R06.edf,07260f0bc56394b88fc506823779ebaf9e0b6ab6286608b010900155a4d206dc
5,5,6,9,19,S005_R06_T09,both_feet_imagery,1,both_fists_imagery,0,-7.716739519833654,False,l2_logistic_regression,1/2/3/4/6/7/8/9/10/11/12/13/14/15/16/17/18/19/20,True,False,False,physionet/eegmmidb/1.0.0/S005/S005R06.edf,07260f0bc56394b88fc506823779ebaf9e0b6ab6286608b010900155a4d206dc
5,5,6,10,21,S005_R06_T10,both_feet_imagery,1,both_feet_imagery,1,0.9559196994063076,True,l2_logistic_regression,1/2/3/4/6/7/8/9/10/11/12/13/14/15/16/17/18/19/20,True,False,False,physionet/eegmmidb/1.0.0/S005/S005R06.edf,07260f0bc56394b88fc506823779ebaf9e0b6ab6286608b010900155a4d206dc
5,5,6,11,23,S005_R06_T11,both_fists_imagery,0,both_feet_imagery,1,1.6569582020912046,False,l2_logistic_regression,1/2/3/4/6/7/8/9/10/11/12/13/14/15/16/17/18/19/20,True,False,True,physionet/eegmmidb/1.0.0/S005/S005R06.edf,07260f0bc56394b88fc506823779ebaf9e0b6ab6286608b010900155a4d206dc
5,5,6,12,25,S005_R06_T12,both_feet_imagery,1,both_feet_imagery,1,5.424936672549345,True,l2_logistic_regression,1/2/3/4/6/7/8/9/10/11/12/13/14/15/16/17/18/19/20,True,False,True,physionet/eegmmidb/1.0.0/S005/S005R06.edf,07260f0bc56394b88fc506823779ebaf9e0b6ab6286608b010900155a4d206dc
5,5,6,13,27,S005_R06_T13,both_fists_imagery,0,both_feet_imagery,1,0.7301478715720543,False,l2_logistic_regression,1/2/3/4/6/7/8/9/10/11/12/13/14/15/16/17/18/19/20,True,False,False,physionet/eegmmidb/1.0.0/S005/S005R06.edf,07260f0bc56394b88fc506823779ebaf9e0b6ab6286608b010900155a4d206dc
5,5,6,14,29,S005_R06_T14,both_feet_imagery,1,both_fists_imagery,0,-2.5000597819052377,False,l2_logistic_regression,1/2/3/4/6/7/8/9/10/11/12/13/14/15/16/17/18/19/20,True,False,False,physionet/eegmmidb/1.0.0/S005/S005R06.edf,07260f0bc56394b88fc506823779ebaf9e0b6ab6286608b010900155a4d206dc
5,5,10,0,1,S005_R10_T00,both_feet_imagery,1,both_fists_imagery,0,-1.8316263828162012,False,l2_logistic_regression,1/2/3/4/6/7/8/9/10/11/12/13/14/15/16/17/18/19/20,True,False,False,physionet/eegmmidb/1.0.0/S005/S005R10.edf,a5721f5a8229799b6323e26f5f2fa149c121ff87d4ba73b30fe9280602aee140
5,5,10,1,3,S005_R10_T01,both_fists_imagery,0,both_fists_imagery,0,-0.41462746834357667,True,l2_logistic_regression,1/2/3/4/6/7/8/9/10/11/12/13/14/15/16/17/18/19/20,True,False,False,physionet/eegmmidb/1.0.0/S005/S005R10.edf,a5721f5a8229799b6323e26f5f2fa149c121ff87d4ba73b30fe9280602aee140
5,5,10,2,5,S005_R10_T02,both_feet_imagery,1,both_fists_imagery,0,-12.876563102335538,False,l2_logistic_regression,1/2/3/4/6/7/8/9/10/11/12/13/14/15/16/17/18/19/20,True,False,False,physionet/eegmmidb/1.0.0/S005/S005R10.edf,a5721f5a8229799b6323e26f5f2fa149c121ff87d4ba73b30fe9280602aee140
5,5,10,3,7,S005_R10_T03,both_fists_imagery,0,both_fists_imagery,0,-9.334412506766888,True,l2_logistic_regression,1/2/3/4/6/7/8/9/10/11/12/13/14/15/16/17/18/19/20,True,False,False,physionet/eegmmidb/1.0.0/S005/S005R10.edf,a5721f5a8229799b6323e26f5f2fa149c121ff87d4ba73b30fe9280602aee140
5,5,10,4,9,S005_R10_T04,both_fists_imagery,0,both_feet_imagery,1,0.39960305834955057,False,l2_logistic_regression,1/2/3/4/6/7/8/9/10/11/12/13/14/15/16/17/18/19/20,True,False,False,physionet/eegmmidb/1.0.0/S005/S005R10.edf,a5721f5a8229799b6323e26f5f2fa149c121ff87d4ba73b30fe9280602aee140
5,5,10,5,11,S005_R10_T05,both_feet_imagery,1,both_fists_imagery,0,-3.684366873718172,False,l2_logistic_regression,1/2/3/4/6/7/8/9/10/11/12/13/14/15/16/17/18/19/20,True,False,False,physionet/eegmmidb/1.0.0/S005/S005R10.edf,a5721f5a8229799b6323e26f5f2fa149c121ff87d4ba73b30fe9280602aee140
5,5,10,6,13,S005_R10_T06,both_fists_imagery,0,both_fists_imagery,0,-6.7451597988970935,True,l2_logistic_regression,1/2/3/4/6/7/8/9/10/11/12/13/14/15/16/17/18/19/20,True,False,False,physionet/eegmmidb/1.0.0/S005/S005R10.edf,a5721f5a8229799b6323e26f5f2fa149c121ff87d4ba73b30fe9280602aee140
5,5,10,7,15,S005_R10_T07,both_feet_imagery,1,both_feet_imagery,1,2.250773857937824,True,l2_logistic_regression,1/2/3/4/6/7/8/9/10/11/12/13/14/15/16/17/18/19/20,True,False,True,physionet/eegmmidb/1.0.0/S005/S005R10.edf,a5721f5a8229799b6323e26f5f2fa149c121ff87d4ba73b30fe9280602aee140
5,5,10,8,17,S005_R10_T08,both_feet_imagery,1,both_feet_imagery,1,0.42425855807284296,True,l2_logistic_regression,1/2/3/4/6/7/8/9/10/11/12/13/14/15/16/17/18/19/20,True,False,False,physionet/eegmmidb/1.0.0/S005/S005R10.edf,a5721f5a8229799b6323e26f5f2fa149c121ff87d4ba73b30fe9280602aee140
5,5,10,9,19,S005_R10_T09,both_fists_imagery,0,both_fists_imagery,0,-0.3968882824730373,True,l2_logistic_regression,1/2/3/4/6/7/8/9/10/11/12/13/14/15/16/17/18/19/20,True,False,False,physionet/eegmmidb/1.0.0/S005/S005R10.edf,a5721f5a8229799b6323e26f5f2fa149c121ff87d4ba73b30fe9280602aee140
5,5,10,10,21,S005_R10_T10,both_feet_imagery,1,both_feet_imagery,1,3.868552495623853,True,l2_logistic_regression,1/2/3/4/6/7/8/9/10/11/12/13/14/15/16/17/18/19/20,True,False,False,physionet/eegmmidb/1.0.0/S005/S005R10.edf,a5721f5a8229799b6323e26f5f2fa149c121ff87d4ba73b30fe9280602aee140
5,5,10,11,23,S005_R10_T11,both_fists_imagery,0,both_feet_imagery,1,2.0958644373305346,False,l2_logistic_regression,1/2/3/4/6/7/8/9/10/11/12/13/14/15/16/17/18/19/20,True,False,False,physionet/eegmmidb/1.0.0/S005/S005R10.edf,a5721f5a8229799b6323e26f5f2fa149c121ff87d4ba73b30fe9280602aee140
5,5,10,12,25,S005_R10_T12,both_fists_imagery,0,both_fists_imagery,0,-1.8432509931848913,True,l2_logistic_regression,1/2/3/4/6/7/8/9/10/11/12/13/14/15/16/17/18/19/20,True,False,False,physionet/eegmmidb/1.0.0/S005/S005R10.edf,a5721f5a8229799b6323e26f5f2fa149c121ff87d4ba73b30fe9280602aee140
5,5,10,13,27,S005_R10_T13,both_feet_imagery,1,both_feet_imagery,1,7.6815931286374015,True,l2_logistic_regression,1/2/3/4/6/7/8/9/10/11/12/13/14/15/16/17/18/19/20,True,False,False,physionet/eegmmidb/1.0.0/S005/S005R10.edf,a5721f5a8229799b6323e26f5f2fa149c121ff87d4ba73b30fe9280602aee140
5,5,10,14,29,S005_R10_T14,both_fists_imagery,0,both_fists_imagery,0,-0.9788189436018825,True,l2_logistic_regression,1/2/3/4/6/7/8/9/10/11/12/13/14/15/16/17/18/19/20,True,False,False,physionet/eegmmidb/1.0.0/S005/S005R10.edf,a5721f5a8229799b6323e26f5f2fa149c121ff87d4ba73b30fe9280602aee140
5,5,14,0,1,S005_R14_T00,both_fists_imagery,0,both_feet_imagery,1,4.374541204261375,False,l2_logistic_regression,1/2/3/4/6/7/8/9/10/11/12/13/14/15/16/17/18/19/20,True,False,False,physionet/eegmmidb/1.0.0/S005/S005R14.edf,77d5b9b1f03074e96c0e42234f57363272fa90501661cbe038bd387f3ce922e0
5,5,14,1,3,S005_R14_T01,both_feet_imagery,1,both_fists_imagery,0,-1.4114225920622547,False,l2_logistic_regression,1/2/3/4/6/7/8/9/10/11/12/13/14/15/16/17/18/19/20,True,False,True,physionet/eegmmidb/1.0.0/S005/S005R14.edf,77d5b9b1f03074e96c0e42234f57363272fa90501661cbe038bd387f3ce922e0
5,5,14,2,5,S005_R14_T02,both_feet_imagery,1,both_fists_imagery,0,-0.18409802933777622,False,l2_logistic_regression,1/2/3/4/6/7/8/9/10/11/12/13/14/15/16/17/18/19/20,True,False,True,physionet/eegmmidb/1.0.0/S005/S005R14.edf,77d5b9b1f03074e96c0e42234f57363272fa90501661cbe038bd387f3ce922e0
5,5,14,3,7,S005_R14_T03,both_fists_imagery,0,both_fists_imagery,0,-4.279877579404732,True,l2_logistic_regression,1/2/3/4/6/7/8/9/10/11/12/13/14/15/16/17/18/19/20,True,False,True,physionet/eegmmidb/1.0.0/S005/S005R14.edf,77d5b9b1f03074e96c0e42234f57363272fa90501661cbe038bd387f3ce922e0
5,5,14,4,9,S005_R14_T04,both_feet_imagery,1,both_fists_imagery,0,-2.561182701157793,False,l2_logistic_regression,1/2/3/4/6/7/8/9/10/11/12/13/14/15/16/17/18/19/20,True,False,False,physionet/eegmmidb/1.0.0/S005/S005R14.edf,77d5b9b1f03074e96c0e42234f57363272fa90501661cbe038bd387f3ce922e0
5,5,14,5,11,S005_R14_T05,both_fists_imagery,0,both_feet_imagery,1,4.654506253283715,False,l2_logistic_regression,1/2/3/4/6/7/8/9/10/11/12/13/14/15/16/17/18/19/20,True,False,False,physionet/eegmmidb/1.0.0/S005/S005R14.edf,77d5b9b1f03074e96c0e42234f57363272fa90501661cbe038bd387f3ce922e0
5,5,14,6,13,S005_R14_T06,both_fists_imagery,0,both_fists_imagery,0,-0.6678240180692087,True,l2_logistic_regression,1/2/3/4/6/7/8/9/10/11/12/13/14/15/16/17/18/19/20,True,False,False,physionet/eegmmidb/1.0.0/S005/S005R14.edf,77d5b9b1f03074e96c0e42234f57363272fa90501661cbe038bd387f3ce922e0
5,5,14,7,15,S005_R14_T07,both_feet_imagery,1,both_fists_imagery,0,-9.454576831501917,False,l2_logistic_regression,1/2/3/4/6/7/8/9/10/11/12/13/14/15/16/17/18/19/20,True,False,True,physionet/eegmmidb/1.0.0/S005/S005R14.edf,77d5b9b1f03074e96c0e42234f57363272fa90501661cbe038bd387f3ce922e0
5,5,14,8,17,S005_R14_T08,both_feet_imagery,1,both_feet_imagery,1,4.084563691449275,True,l2_logistic_regression,1/2/3/4/6/7/8/9/10/11/12/13/14/15/16/17/18/19/20,True,False,False,physionet/eegmmidb/1.0.0/S005/S005R14.edf,77d5b9b1f03074e96c0e42234f57363272fa90501661cbe038bd387f3ce922e0
5,5,14,9,19,S005_R14_T09,both_fists_imagery,0,both_fists_imagery,0,-6.390610013995345,True,l2_logistic_regression,1/2/3/4/6/7/8/9/10/11/12/13/14/15/16/17/18/19/20,True,False,False,physionet/eegmmidb/1.0.0/S005/S005R14.edf,77d5b9b1f03074e96c0e42234f57363272fa90501661cbe038bd387f3ce922e0
5,5,14,10,21,S005_R14_T10,both_feet_imagery,1,both_feet_imagery,1,10.361798787620307,True,l2_logistic_regression,1/2/3/4/6/7/8/9/10/11/12/13/14/15/16/17/18/19/20,True,False,False,physionet/eegmmidb/1.0.0/S005/S005R14.edf,77d5b9b1f03074e96c0e42234f57363272fa90501661cbe038bd387f3ce922e0
5,5,14,11,23,S005_R14_T11,both_fists_imagery,0,both_fists_imagery,0,-2.4275442110476555,True,l2_logistic_regression,1/2/3/4/6/7/8/9/10/11/12/13/14/15/16/17/18/19/20,True,False,False,physionet/eegmmidb/1.0.0/S005/S005R14.edf,77d5b9b1f03074e96c0e42234f57363272fa90501661cbe038bd387f3ce922e0
5,5,14,12,25,S005_R14_T12,both_fists_imagery,0,both_fists_imagery,0,-3.0752146205973068,True,l2_logistic_regression,1/2/3/4/6/7/8/9/10/11/12/13/14/15/16/17/18/19/20,True,False,False,physionet/eegmmidb/1.0.0/S005/S005R14.edf,77d5b9b1f03074e96c0e42234f57363272fa90501661cbe038bd387f3ce922e0
5,5,14,13,27,S005_R14_T13,both_feet_imagery,1,both_feet_imagery,1,1.2535973900160977,True,l2_logistic_regression,1/2/3/4/6/7/8/9/10/11/12/13/14/15/16/17/18/19/20,True,False,False,physionet/eegmmidb/1.0.0/S005/S005R14.edf,77d5b9b1f03074e96c0e42234f57363272fa90501661cbe038bd387f3ce922e0
5,5,14,14,29,S005_R14_T14,both_fists_imagery,0,both_feet_imagery,1,4.160458695720682,False,l2_logistic_regression,1/2/3/4/6/7/8/9/10/11/12/13/14/15/16/17/18/19/20,True,False,True,physionet/eegmmidb/1.0.0/S005/S005R14.edf,77d5b9b1f03074e96c0e42234f57363272fa90501661cbe038bd387f3ce922e0
6,6,6,0,1,S006_R06_T00,both_feet_imagery,1,both_fists_imagery,0,-12.733076099970418,False,shrinkage_lda,1/2/3/4/5/7/8/9/10/11/12/13/14/15/16/17/18/19/20,True,False,False,physionet/eegmmidb/1.0.0/S006/S006R06.edf,fc5e1cc21df8b1de6a63fe1a063db27d14ac882d6105057c9d4f924365730a4d
6,6,6,1,3,S006_R06_T01,both_fists_imagery,0,both_fists_imagery,0,-12.385051192350078,True,shrinkage_lda,1/2/3/4/5/7/8/9/10/11/12/13/14/15/16/17/18/19/20,True,False,False,physionet/eegmmidb/1.0.0/S006/S006R06.edf,fc5e1cc21df8b1de6a63fe1a063db27d14ac882d6105057c9d4f924365730a4d
6,6,6,2,5,S006_R06_T02,both_fists_imagery,0,both_fists_imagery,0,-12.362428614710867,True,shrinkage_lda,1/2/3/4/5/7/8/9/10/11/12/13/14/15/16/17/18/19/20,True,False,False,physionet/eegmmidb/1.0.0/S006/S006R06.edf,fc5e1cc21df8b1de6a63fe1a063db27d14ac882d6105057c9d4f924365730a4d
6,6,6,3,7,S006_R06_T03,both_feet_imagery,1,both_feet_imagery,1,6.846798058244033,True,shrinkage_lda,1/2/3/4/5/7/8/9/10/11/12/13/14/15/16/17/18/19/20,True,False,False,physionet/eegmmidb/1.0.0/S006/S006R06.edf,fc5e1cc21df8b1de6a63fe1a063db27d14ac882d6105057c9d4f924365730a4d
6,6,6,4,9,S006_R06_T04,both_feet_imagery,1,both_feet_imagery,1,0.8682770966945715,True,shrinkage_lda,1/2/3/4/5/7/8/9/10/11/12/13/14/15/16/17/18/19/20,True,False,False,physionet/eegmmidb/1.0.0/S006/S006R06.edf,fc5e1cc21df8b1de6a63fe1a063db27d14ac882d6105057c9d4f924365730a4d
6,6,6,5,11,S006_R06_T05,both_fists_imagery,0,both_fists_imagery,0,-8.888398690702676,True,shrinkage_lda,1/2/3/4/5/7/8/9/10/11/12/13/14/15/16/17/18/19/20,True,False,False,physionet/eegmmidb/1.0.0/S006/S006R06.edf,fc5e1cc21df8b1de6a63fe1a063db27d14ac882d6105057c9d4f924365730a4d
6,6,6,6,13,S006_R06_T06,both_fists_imagery,0,both_fists_imagery,0,-15.916207842400853,True,shrinkage_lda,1/2/3/4/5/7/8/9/10/11/12/13/14/15/16/17/18/19/20,True,False,False,physionet/eegmmidb/1.0.0/S006/S006R06.edf,fc5e1cc21df8b1de6a63fe1a063db27d14ac882d6105057c9d4f924365730a4d
6,6,6,7,15,S006_R06_T07,both_feet_imagery,1,both_fists_imagery,0,-3.8234215844546293,False,shrinkage_lda,1/2/3/4/5/7/8/9/10/11/12/13/14/15/16/17/18/19/20,True,False,False,physionet/eegmmidb/1.0.0/S006/S006R06.edf,fc5e1cc21df8b1de6a63fe1a063db27d14ac882d6105057c9d4f924365730a4d
6,6,6,8,17,S006_R06_T08,both_feet_imagery,1,both_fists_imagery,0,-0.37474181330020584,False,shrinkage_lda,1/2/3/4/5/7/8/9/10/11/12/13/14/15/16/17/18/19/20,True,False,False,physionet/eegmmidb/1.0.0/S006/S006R06.edf,fc5e1cc21df8b1de6a63fe1a063db27d14ac882d6105057c9d4f924365730a4d
6,6,6,9,19,S006_R06_T09,both_fists_imagery,0,both_fists_imagery,0,-1.8096603803137101,True,shrinkage_lda,1/2/3/4/5/7/8/9/10/11/12/13/14/15/16/17/18/19/20,True,False,False,physionet/eegmmidb/1.0.0/S006/S006R06.edf,fc5e1cc21df8b1de6a63fe1a063db27d14ac882d6105057c9d4f924365730a4d
6,6,6,10,21,S006_R06_T10,both_fists_imagery,0,both_fists_imagery,0,-6.731596917782818,True,shrinkage_lda,1/2/3/4/5/7/8/9/10/11/12/13/14/15/16/17/18/19/20,True,False,False,physionet/eegmmidb/1.0.0/S006/S006R06.edf,fc5e1cc21df8b1de6a63fe1a063db27d14ac882d6105057c9d4f924365730a4d
6,6,6,11,23,S006_R06_T11,both_feet_imagery,1,both_feet_imagery,1,0.007492414737052588,True,shrinkage_lda,1/2/3/4/5/7/8/9/10/11/12/13/14/15/16/17/18/19/20,True,False,False,physionet/eegmmidb/1.0.0/S006/S006R06.edf,fc5e1cc21df8b1de6a63fe1a063db27d14ac882d6105057c9d4f924365730a4d
6,6,6,12,25,S006_R06_T12,both_feet_imagery,1,both_fists_imagery,0,-11.797465499120072,False,shrinkage_lda,1/2/3/4/5/7/8/9/10/11/12/13/14/15/16/17/18/19/20,True,False,False,physionet/eegmmidb/1.0.0/S006/S006R06.edf,fc5e1cc21df8b1de6a63fe1a063db27d14ac882d6105057c9d4f924365730a4d
6,6,6,13,27,S006_R06_T13,both_fists_imagery,0,both_fists_imagery,0,-10.109478921977992,True,shrinkage_lda,1/2/3/4/5/7/8/9/10/11/12/13/14/15/16/17/18/19/20,True,False,False,physionet/eegmmidb/1.0.0/S006/S006R06.edf,fc5e1cc21df8b1de6a63fe1a063db27d14ac882d6105057c9d4f924365730a4d
6,6,6,14,29,S006_R06_T14,both_feet_imagery,1,both_feet_imagery,1,3.5455280609384228,True,shrinkage_lda,1/2/3/4/5/7/8/9/10/11/12/13/14/15/16/17/18/19/20,True,False,False,physionet/eegmmidb/1.0.0/S006/S006R06.edf,fc5e1cc21df8b1de6a63fe1a063db27d14ac882d6105057c9d4f924365730a4d
6,6,10,0,1,S006_R10_T00,both_feet_imagery,1,both_fists_imagery,0,-0.17902124108339756,False,shrinkage_lda,1/2/3/4/5/7/8/9/10/11/12/13/14/15/16/17/18/19/20,True,False,False,physionet/eegmmidb/1.0.0/S006/S006R10.edf,d4a1d432d4c703decce7f7ce0a6d7c05a030fd19f562fe2be52d4c581ca24365
6,6,10,1,3,S006_R10_T01,both_fists_imagery,0,both_fists_imagery,0,-4.515926435130754,True,shrinkage_lda,1/2/3/4/5/7/8/9/10/11/12/13/14/15/16/17/18/19/20,True,False,False,physionet/eegmmidb/1.0.0/S006/S006R10.edf,d4a1d432d4c703decce7f7ce0a6d7c05a030fd19f562fe2be52d4c581ca24365
6,6,10,2,5,S006_R10_T02,both_feet_imagery,1,both_fists_imagery,0,-6.453683845758141,False,shrinkage_lda,1/2/3/4/5/7/8/9/10/11/12/13/14/15/16/17/18/19/20,True,False,False,physionet/eegmmidb/1.0.0/S006/S006R10.edf,d4a1d432d4c703decce7f7ce0a6d7c05a030fd19f562fe2be52d4c581ca24365
6,6,10,3,7,S006_R10_T03,both_fists_imagery,0,both_fists_imagery,0,-1.0017887682061675,True,shrinkage_lda,1/2/3/4/5/7/8/9/10/11/12/13/14/15/16/17/18/19/20,True,False,False,physionet/eegmmidb/1.0.0/S006/S006R10.edf,d4a1d432d4c703decce7f7ce0a6d7c05a030fd19f562fe2be52d4c581ca24365
6,6,10,4,9,S006_R10_T04,both_fists_imagery,0,both_fists_imagery,0,-3.85459359033526,True,shrinkage_lda,1/2/3/4/5/7/8/9/10/11/12/13/14/15/16/17/18/19/20,True,False,False,physionet/eegmmidb/1.0.0/S006/S006R10.edf,d4a1d432d4c703decce7f7ce0a6d7c05a030fd19f562fe2be52d4c581ca24365
6,6,10,5,11,S006_R10_T05,both_feet_imagery,1,both_feet_imagery,1,5.264336070128243,True,shrinkage_lda,1/2/3/4/5/7/8/9/10/11/12/13/14/15/16/17/18/19/20,True,False,False,physionet/eegmmidb/1.0.0/S006/S006R10.edf,d4a1d432d4c703decce7f7ce0a6d7c05a030fd19f562fe2be52d4c581ca24365
6,6,10,6,13,S006_R10_T06,both_fists_imagery,0,both_fists_imagery,0,-13.142174104643177,True,shrinkage_lda,1/2/3/4/5/7/8/9/10/11/12/13/14/15/16/17/18/19/20,True,False,True,physionet/eegmmidb/1.0.0/S006/S006R10.edf,d4a1d432d4c703decce7f7ce0a6d7c05a030fd19f562fe2be52d4c581ca24365
6,6,10,7,15,S006_R10_T07,both_feet_imagery,1,both_feet_imagery,1,3.9742277406715356,True,shrinkage_lda,1/2/3/4/5/7/8/9/10/11/12/13/14/15/16/17/18/19/20,True,False,False,physionet/eegmmidb/1.0.0/S006/S006R10.edf,d4a1d432d4c703decce7f7ce0a6d7c05a030fd19f562fe2be52d4c581ca24365
6,6,10,8,17,S006_R10_T08,both_fists_imagery,0,both_fists_imagery,0,-6.912904907610725,True,shrinkage_lda,1/2/3/4/5/7/8/9/10/11/12/13/14/15/16/17/18/19/20,True,False,False,physionet/eegmmidb/1.0.0/S006/S006R10.edf,d4a1d432d4c703decce7f7ce0a6d7c05a030fd19f562fe2be52d4c581ca24365
6,6,10,9,19,S006_R10_T09,both_feet_imagery,1,both_fists_imagery,0,-1.8360028600592182,False,shrinkage_lda,1/2/3/4/5/7/8/9/10/11/12/13/14/15/16/17/18/19/20,True,False,False,physionet/eegmmidb/1.0.0/S006/S006R10.edf,d4a1d432d4c703decce7f7ce0a6d7c05a030fd19f562fe2be52d4c581ca24365
6,6,10,10,21,S006_R10_T10,both_feet_imagery,1,both_fists_imagery,0,-9.072190194991368,False,shrinkage_lda,1/2/3/4/5/7/8/9/10/11/12/13/14/15/16/17/18/19/20,True,False,False,physionet/eegmmidb/1.0.0/S006/S006R10.edf,d4a1d432d4c703decce7f7ce0a6d7c05a030fd19f562fe2be52d4c581ca24365
6,6,10,11,23,S006_R10_T11,both_fists_imagery,0,both_fists_imagery,0,-2.9396939774209527,True,shrinkage_lda,1/2/3/4/5/7/8/9/10/11/12/13/14/15/16/17/18/19/20,True,False,False,physionet/eegmmidb/1.0.0/S006/S006R10.edf,d4a1d432d4c703decce7f7ce0a6d7c05a030fd19f562fe2be52d4c581ca24365
6,6,10,12,25,S006_R10_T12,both_feet_imagery,1,both_fists_imagery,0,-16.00169202214203,False,shrinkage_lda,1/2/3/4/5/7/8/9/10/11/12/13/14/15/16/17/18/19/20,True,False,False,physionet/eegmmidb/1.0.0/S006/S006R10.edf,d4a1d432d4c703decce7f7ce0a6d7c05a030fd19f562fe2be52d4c581ca24365
6,6,10,13,27,S006_R10_T13,both_fists_imagery,0,both_fists_imagery,0,-10.45821063060429,True,shrinkage_lda,1/2/3/4/5/7/8/9/10/11/12/13/14/15/16/17/18/19/20,True,False,False,physionet/eegmmidb/1.0.0/S006/S006R10.edf,d4a1d432d4c703decce7f7ce0a6d7c05a030fd19f562fe2be52d4c581ca24365
6,6,10,14,29,S006_R10_T14,both_feet_imagery,1,both_feet_imagery,1,1.471483161080068,True,shrinkage_lda,1/2/3/4/5/7/8/9/10/11/12/13/14/15/16/17/18/19/20,True,False,False,physionet/eegmmidb/1.0.0/S006/S006R10.edf,d4a1d432d4c703decce7f7ce0a6d7c05a030fd19f562fe2be52d4c581ca24365
6,6,14,0,1,S006_R14_T00,both_fists_imagery,0,both_fists_imagery,0,-12.013145146764243,True,shrinkage_lda,1/2/3/4/5/7/8/9/10/11/12/13/14/15/16/17/18/19/20,True,False,False,physionet/eegmmidb/1.0.0/S006/S006R14.edf,4fb5946ed7a29268af9b1770db80d4c6a3dbeacab4be573b6da9c095b8a5e68b
6,6,14,1,3,S006_R14_T01,both_feet_imagery,1,both_fists_imagery,0,-0.7125505355286186,False,shrinkage_lda,1/2/3/4/5/7/8/9/10/11/12/13/14/15/16/17/18/19/20,True,False,False,physionet/eegmmidb/1.0.0/S006/S006R14.edf,4fb5946ed7a29268af9b1770db80d4c6a3dbeacab4be573b6da9c095b8a5e68b
6,6,14,2,5,S006_R14_T02,both_feet_imagery,1,both_fists_imagery,0,-11.211562775436025,False,shrinkage_lda,1/2/3/4/5/7/8/9/10/11/12/13/14/15/16/17/18/19/20,True,False,False,physionet/eegmmidb/1.0.0/S006/S006R14.edf,4fb5946ed7a29268af9b1770db80d4c6a3dbeacab4be573b6da9c095b8a5e68b
6,6,14,3,7,S006_R14_T03,both_fists_imagery,0,both_fists_imagery,0,-1.2740941009790885,True,shrinkage_lda,1/2/3/4/5/7/8/9/10/11/12/13/14/15/16/17/18/19/20,True,False,False,physionet/eegmmidb/1.0.0/S006/S006R14.edf,4fb5946ed7a29268af9b1770db80d4c6a3dbeacab4be573b6da9c095b8a5e68b
6,6,14,4,9,S006_R14_T04,both_fists_imagery,0,both_feet_imagery,1,0.7605118554604908,False,shrinkage_lda,1/2/3/4/5/7/8/9/10/11/12/13/14/15/16/17/18/19/20,True,False,False,physionet/eegmmidb/1.0.0/S006/S006R14.edf,4fb5946ed7a29268af9b1770db80d4c6a3dbeacab4be573b6da9c095b8a5e68b
6,6,14,5,11,S006_R14_T05,both_feet_imagery,1,both_fists_imagery,0,-1.906600428434179,False,shrinkage_lda,1/2/3/4/5/7/8/9/10/11/12/13/14/15/16/17/18/19/20,True,False,False,physionet/eegmmidb/1.0.0/S006/S006R14.edf,4fb5946ed7a29268af9b1770db80d4c6a3dbeacab4be573b6da9c095b8a5e68b
6,6,14,6,13,S006_R14_T06,both_fists_imagery,0,both_feet_imagery,1,1.7831598430075937,False,shrinkage_lda,1/2/3/4/5/7/8/9/10/11/12/13/14/15/16/17/18/19/20,True,False,False,physionet/eegmmidb/1.0.0/S006/S006R14.edf,4fb5946ed7a29268af9b1770db80d4c6a3dbeacab4be573b6da9c095b8a5e68b
6,6,14,7,15,S006_R14_T07,both_feet_imagery,1,both_feet_imagery,1,1.140182377173135,True,shrinkage_lda,1/2/3/4/5/7/8/9/10/11/12/13/14/15/16/17/18/19/20,True,False,False,physionet/eegmmidb/1.0.0/S006/S006R14.edf,4fb5946ed7a29268af9b1770db80d4c6a3dbeacab4be573b6da9c095b8a5e68b
6,6,14,8,17,S006_R14_T08,both_feet_imagery,1,both_fists_imagery,0,-6.661591499551837,False,shrinkage_lda,1/2/3/4/5/7/8/9/10/11/12/13/14/15/16/17/18/19/20,True,False,False,physionet/eegmmidb/1.0.0/S006/S006R14.edf,4fb5946ed7a29268af9b1770db80d4c6a3dbeacab4be573b6da9c095b8a5e68b
6,6,14,9,19,S006_R14_T09,both_fists_imagery,0,both_feet_imagery,1,3.7445099811939375,False,shrinkage_lda,1/2/3/4/5/7/8/9/10/11/12/13/14/15/16/17/18/19/20,True,False,False,physionet/eegmmidb/1.0.0/S006/S006R14.edf,4fb5946ed7a29268af9b1770db80d4c6a3dbeacab4be573b6da9c095b8a5e68b
6,6,14,10,21,S006_R14_T10,both_feet_imagery,1,both_fists_imagery,0,-0.9494038641465341,False,shrinkage_lda,1/2/3/4/5/7/8/9/10/11/12/13/14/15/16/17/18/19/20,True,False,False,physionet/eegmmidb/1.0.0/S006/S006R14.edf,4fb5946ed7a29268af9b1770db80d4c6a3dbeacab4be573b6da9c095b8a5e68b
6,6,14,11,23,S006_R14_T11,both_fists_imagery,0,both_feet_imagery,1,4.357331630783135,False,shrinkage_lda,1/2/3/4/5/7/8/9/10/11/12/13/14/15/16/17/18/19/20,True,False,False,physionet/eegmmidb/1.0.0/S006/S006R14.edf,4fb5946ed7a29268af9b1770db80d4c6a3dbeacab4be573b6da9c095b8a5e68b
6,6,14,12,25,S006_R14_T12,both_feet_imagery,1,both_fists_imagery,0,-3.2116550703003446,False,shrinkage_lda,1/2/3/4/5/7/8/9/10/11/12/13/14/15/16/17/18/19/20,True,False,False,physionet/eegmmidb/1.0.0/S006/S006R14.edf,4fb5946ed7a29268af9b1770db80d4c6a3dbeacab4be573b6da9c095b8a5e68b
6,6,14,13,27,S006_R14_T13,both_fists_imagery,0,both_fists_imagery,0,-2.3459267397377226,True,shrinkage_lda,1/2/3/4/5/7/8/9/10/11/12/13/14/15/16/17/18/19/20,True,False,False,physionet/eegmmidb/1.0.0/S006/S006R14.edf,4fb5946ed7a29268af9b1770db80d4c6a3dbeacab4be573b6da9c095b8a5e68b
6,6,14,14,29,S006_R14_T14,both_fists_imagery,0,both_fists_imagery,0,-1.0171374500888852,True,shrinkage_lda,1/2/3/4/5/7/8/9/10/11/12/13/14/15/16/17/18/19/20,True,False,False,physionet/eegmmidb/1.0.0/S006/S006R14.edf,4fb5946ed7a29268af9b1770db80d4c6a3dbeacab4be573b6da9c095b8a5e68b
6,6,6,0,1,S006_R06_T00,both_feet_imagery,1,both_fists_imagery,0,-7.500847463102089,False,l2_logistic_regression,1/2/3/4/5/7/8/9/10/11/12/13/14/15/16/17/18/19/20,True,False,False,physionet/eegmmidb/1.0.0/S006/S006R06.edf,fc5e1cc21df8b1de6a63fe1a063db27d14ac882d6105057c9d4f924365730a4d
6,6,6,1,3,S006_R06_T01,both_fists_imagery,0,both_fists_imagery,0,-8.240375327404722,True,l2_logistic_regression,1/2/3/4/5/7/8/9/10/11/12/13/14/15/16/17/18/19/20,True,False,False,physionet/eegmmidb/1.0.0/S006/S006R06.edf,fc5e1cc21df8b1de6a63fe1a063db27d14ac882d6105057c9d4f924365730a4d
6,6,6,2,5,S006_R06_T02,both_fists_imagery,0,both_fists_imagery,0,-4.99862394181183,True,l2_logistic_regression,1/2/3/4/5/7/8/9/10/11/12/13/14/15/16/17/18/19/20,True,False,False,physionet/eegmmidb/1.0.0/S006/S006R06.edf,fc5e1cc21df8b1de6a63fe1a063db27d14ac882d6105057c9d4f924365730a4d
6,6,6,3,7,S006_R06_T03,both_feet_imagery,1,both_feet_imagery,1,2.1450317293598267,True,l2_logistic_regression,1/2/3/4/5/7/8/9/10/11/12/13/14/15/16/17/18/19/20,True,False,False,physionet/eegmmidb/1.0.0/S006/S006R06.edf,fc5e1cc21df8b1de6a63fe1a063db27d14ac882d6105057c9d4f924365730a4d
6,6,6,4,9,S006_R06_T04,both_feet_imagery,1,both_fists_imagery,0,-0.057017387932179545,False,l2_logistic_regression,1/2/3/4/5/7/8/9/10/11/12/13/14/15/16/17/18/19/20,True,False,False,physionet/eegmmidb/1.0.0/S006/S006R06.edf,fc5e1cc21df8b1de6a63fe1a063db27d14ac882d6105057c9d4f924365730a4d
6,6,6,5,11,S006_R06_T05,both_fists_imagery,0,both_fists_imagery,0,-6.22686300440699,True,l2_logistic_regression,1/2/3/4/5/7/8/9/10/11/12/13/14/15/16/17/18/19/20,True,False,False,physionet/eegmmidb/1.0.0/S006/S006R06.edf,fc5e1cc21df8b1de6a63fe1a063db27d14ac882d6105057c9d4f924365730a4d
6,6,6,6,13,S006_R06_T06,both_fists_imagery,0,both_fists_imagery,0,-9.29672895179931,True,l2_logistic_regression,1/2/3/4/5/7/8/9/10/11/12/13/14/15/16/17/18/19/20,True,False,False,physionet/eegmmidb/1.0.0/S006/S006R06.edf,fc5e1cc21df8b1de6a63fe1a063db27d14ac882d6105057c9d4f924365730a4d
6,6,6,7,15,S006_R06_T07,both_feet_imagery,1,both_fists_imagery,0,-2.5177527816828573,False,l2_logistic_regression,1/2/3/4/5/7/8/9/10/11/12/13/14/15/16/17/18/19/20,True,False,False,physionet/eegmmidb/1.0.0/S006/S006R06.edf,fc5e1cc21df8b1de6a63fe1a063db27d14ac882d6105057c9d4f924365730a4d
6,6,6,8,17,S006_R06_T08,both_feet_imagery,1,both_fists_imagery,0,-1.0728802572986356,False,l2_logistic_regression,1/2/3/4/5/7/8/9/10/11/12/13/14/15/16/17/18/19/20,True,False,False,physionet/eegmmidb/1.0.0/S006/S006R06.edf,fc5e1cc21df8b1de6a63fe1a063db27d14ac882d6105057c9d4f924365730a4d
6,6,6,9,19,S006_R06_T09,both_fists_imagery,0,both_fists_imagery,0,-1.2433995284712558,True,l2_logistic_regression,1/2/3/4/5/7/8/9/10/11/12/13/14/15/16/17/18/19/20,True,False,False,physionet/eegmmidb/1.0.0/S006/S006R06.edf,fc5e1cc21df8b1de6a63fe1a063db27d14ac882d6105057c9d4f924365730a4d
6,6,6,10,21,S006_R06_T10,both_fists_imagery,0,both_fists_imagery,0,-3.735889450095314,True,l2_logistic_regression,1/2/3/4/5/7/8/9/10/11/12/13/14/15/16/17/18/19/20,True,False,False,physionet/eegmmidb/1.0.0/S006/S006R06.edf,fc5e1cc21df8b1de6a63fe1a063db27d14ac882d6105057c9d4f924365730a4d
6,6,6,11,23,S006_R06_T11,both_feet_imagery,1,both_feet_imagery,1,0.036442324272390136,True,l2_logistic_regression,1/2/3/4/5/7/8/9/10/11/12/13/14/15/16/17/18/19/20,True,False,False,physionet/eegmmidb/1.0.0/S006/S006R06.edf,fc5e1cc21df8b1de6a63fe1a063db27d14ac882d6105057c9d4f924365730a4d
6,6,6,12,25,S006_R06_T12,both_feet_imagery,1,both_fists_imagery,0,-6.391259170907988,False,l2_logistic_regression,1/2/3/4/5/7/8/9/10/11/12/13/14/15/16/17/18/19/20,True,False,False,physionet/eegmmidb/1.0.0/S006/S006R06.edf,fc5e1cc21df8b1de6a63fe1a063db27d14ac882d6105057c9d4f924365730a4d
6,6,6,13,27,S006_R06_T13,both_fists_imagery,0,both_fists_imagery,0,-5.875079724288317,True,l2_logistic_regression,1/2/3/4/5/7/8/9/10/11/12/13/14/15/16/17/18/19/20,True,False,False,physionet/eegmmidb/1.0.0/S006/S006R06.edf,fc5e1cc21df8b1de6a63fe1a063db27d14ac882d6105057c9d4f924365730a4d
6,6,6,14,29,S006_R06_T14,both_feet_imagery,1,both_feet_imagery,1,2.802614852359931,True,l2_logistic_regression,1/2/3/4/5/7/8/9/10/11/12/13/14/15/16/17/18/19/20,True,False,False,physionet/eegmmidb/1.0.0/S006/S006R06.edf,fc5e1cc21df8b1de6a63fe1a063db27d14ac882d6105057c9d4f924365730a4d
6,6,10,0,1,S006_R10_T00,both_feet_imagery,1,both_fists_imagery,0,-0.14163530575942324,False,l2_logistic_regression,1/2/3/4/5/7/8/9/10/11/12/13/14/15/16/17/18/19/20,True,False,False,physionet/eegmmidb/1.0.0/S006/S006R10.edf,d4a1d432d4c703decce7f7ce0a6d7c05a030fd19f562fe2be52d4c581ca24365
6,6,10,1,3,S006_R10_T01,both_fists_imagery,0,both_fists_imagery,0,-3.0975508871739414,True,l2_logistic_regression,1/2/3/4/5/7/8/9/10/11/12/13/14/15/16/17/18/19/20,True,False,False,physionet/eegmmidb/1.0.0/S006/S006R10.edf,d4a1d432d4c703decce7f7ce0a6d7c05a030fd19f562fe2be52d4c581ca24365
6,6,10,2,5,S006_R10_T02,both_feet_imagery,1,both_fists_imagery,0,-5.583956135362883,False,l2_logistic_regression,1/2/3/4/5/7/8/9/10/11/12/13/14/15/16/17/18/19/20,True,False,False,physionet/eegmmidb/1.0.0/S006/S006R10.edf,d4a1d432d4c703decce7f7ce0a6d7c05a030fd19f562fe2be52d4c581ca24365
6,6,10,3,7,S006_R10_T03,both_fists_imagery,0,both_fists_imagery,0,-0.23818345177963374,True,l2_logistic_regression,1/2/3/4/5/7/8/9/10/11/12/13/14/15/16/17/18/19/20,True,False,False,physionet/eegmmidb/1.0.0/S006/S006R10.edf,d4a1d432d4c703decce7f7ce0a6d7c05a030fd19f562fe2be52d4c581ca24365
6,6,10,4,9,S006_R10_T04,both_fists_imagery,0,both_fists_imagery,0,-1.0288051072063138,True,l2_logistic_regression,1/2/3/4/5/7/8/9/10/11/12/13/14/15/16/17/18/19/20,True,False,False,physionet/eegmmidb/1.0.0/S006/S006R10.edf,d4a1d432d4c703decce7f7ce0a6d7c05a030fd19f562fe2be52d4c581ca24365
6,6,10,5,11,S006_R10_T05,both_feet_imagery,1,both_feet_imagery,1,2.167632517218912,True,l2_logistic_regression,1/2/3/4/5/7/8/9/10/11/12/13/14/15/16/17/18/19/20,True,False,False,physionet/eegmmidb/1.0.0/S006/S006R10.edf,d4a1d432d4c703decce7f7ce0a6d7c05a030fd19f562fe2be52d4c581ca24365
6,6,10,6,13,S006_R10_T06,both_fists_imagery,0,both_fists_imagery,0,-6.382653498071253,True,l2_logistic_regression,1/2/3/4/5/7/8/9/10/11/12/13/14/15/16/17/18/19/20,True,False,True,physionet/eegmmidb/1.0.0/S006/S006R10.edf,d4a1d432d4c703decce7f7ce0a6d7c05a030fd19f562fe2be52d4c581ca24365
6,6,10,7,15,S006_R10_T07,both_feet_imagery,1,both_feet_imagery,1,3.4918504111802267,True,l2_logistic_regression,1/2/3/4/5/7/8/9/10/11/12/13/14/15/16/17/18/19/20,True,False,False,physionet/eegmmidb/1.0.0/S006/S006R10.edf,d4a1d432d4c703decce7f7ce0a6d7c05a030fd19f562fe2be52d4c581ca24365
6,6,10,8,17,S006_R10_T08,both_fists_imagery,0,both_fists_imagery,0,-2.1490145190757786,True,l2_logistic_regression,1/2/3/4/5/7/8/9/10/11/12/13/14/15/16/17/18/19/20,True,False,False,physionet/eegmmidb/1.0.0/S006/S006R10.edf,d4a1d432d4c703decce7f7ce0a6d7c05a030fd19f562fe2be52d4c581ca24365
6,6,10,9,19,S006_R10_T09,both_feet_imagery,1,both_fists_imagery,0,-0.024010678601976823,False,l2_logistic_regression,1/2/3/4/5/7/8/9/10/11/12/13/14/15/16/17/18/19/20,True,False,False,physionet/eegmmidb/1.0.0/S006/S006R10.edf,d4a1d432d4c703decce7f7ce0a6d7c05a030fd19f562fe2be52d4c581ca24365
6,6,10,10,21,S006_R10_T10,both_feet_imagery,1,both_fists_imagery,0,-3.682531991333206,False,l2_logistic_regression,1/2/3/4/5/7/8/9/10/11/12/13/14/15/16/17/18/19/20,True,False,False,physionet/eegmmidb/1.0.0/S006/S006R10.edf,d4a1d432d4c703decce7f7ce0a6d7c05a030fd19f562fe2be52d4c581ca24365
6,6,10,11,23,S006_R10_T11,both_fists_imagery,0,both_fists_imagery,0,-0.9833920040940654,True,l2_logistic_regression,1/2/3/4/5/7/8/9/10/11/12/13/14/15/16/17/18/19/20,True,False,False,physionet/eegmmidb/1.0.0/S006/S006R10.edf,d4a1d432d4c703decce7f7ce0a6d7c05a030fd19f562fe2be52d4c581ca24365
6,6,10,12,25,S006_R10_T12,both_feet_imagery,1,both_fists_imagery,0,-8.287129076981666,False,l2_logistic_regression,1/2/3/4/5/7/8/9/10/11/12/13/14/15/16/17/18/19/20,True,False,False,physionet/eegmmidb/1.0.0/S006/S006R10.edf,d4a1d432d4c703decce7f7ce0a6d7c05a030fd19f562fe2be52d4c581ca24365
6,6,10,13,27,S006_R10_T13,both_fists_imagery,0,both_fists_imagery,0,-4.921526378898077,True,l2_logistic_regression,1/2/3/4/5/7/8/9/10/11/12/13/14/15/16/17/18/19/20,True,False,False,physionet/eegmmidb/1.0.0/S006/S006R10.edf,d4a1d432d4c703decce7f7ce0a6d7c05a030fd19f562fe2be52d4c581ca24365
6,6,10,14,29,S006_R10_T14,both_feet_imagery,1,both_feet_imagery,1,1.6924168980096959,True,l2_logistic_regression,1/2/3/4/5/7/8/9/10/11/12/13/14/15/16/17/18/19/20,True,False,False,physionet/eegmmidb/1.0.0/S006/S006R10.edf,d4a1d432d4c703decce7f7ce0a6d7c05a030fd19f562fe2be52d4c581ca24365
6,6,14,0,1,S006_R14_T00,both_fists_imagery,0,both_fists_imagery,0,-5.327010149873781,True,l2_logistic_regression,1/2/3/4/5/7/8/9/10/11/12/13/14/15/16/17/18/19/20,True,False,False,physionet/eegmmidb/1.0.0/S006/S006R14.edf,4fb5946ed7a29268af9b1770db80d4c6a3dbeacab4be573b6da9c095b8a5e68b
6,6,14,1,3,S006_R14_T01,both_feet_imagery,1,both_fists_imagery,0,-1.6706642611884521,False,l2_logistic_regression,1/2/3/4/5/7/8/9/10/11/12/13/14/15/16/17/18/19/20,True,False,False,physionet/eegmmidb/1.0.0/S006/S006R14.edf,4fb5946ed7a29268af9b1770db80d4c6a3dbeacab4be573b6da9c095b8a5e68b
6,6,14,2,5,S006_R14_T02,both_feet_imagery,1,both_fists_imagery,0,-4.472486371155107,False,l2_logistic_regression,1/2/3/4/5/7/8/9/10/11/12/13/14/15/16/17/18/19/20,True,False,False,physionet/eegmmidb/1.0.0/S006/S006R14.edf,4fb5946ed7a29268af9b1770db80d4c6a3dbeacab4be573b6da9c095b8a5e68b
6,6,14,3,7,S006_R14_T03,both_fists_imagery,0,both_fists_imagery,0,-0.07062984752361297,True,l2_logistic_regression,1/2/3/4/5/7/8/9/10/11/12/13/14/15/16/17/18/19/20,True,False,False,physionet/eegmmidb/1.0.0/S006/S006R14.edf,4fb5946ed7a29268af9b1770db80d4c6a3dbeacab4be573b6da9c095b8a5e68b
6,6,14,4,9,S006_R14_T04,both_fists_imagery,0,both_feet_imagery,1,0.5785561437998846,False,l2_logistic_regression,1/2/3/4/5/7/8/9/10/11/12/13/14/15/16/17/18/19/20,True,False,False,physionet/eegmmidb/1.0.0/S006/S006R14.edf,4fb5946ed7a29268af9b1770db80d4c6a3dbeacab4be573b6da9c095b8a5e68b
6,6,14,5,11,S006_R14_T05,both_feet_imagery,1,both_fists_imagery,0,-1.5644195920230095,False,l2_logistic_regression,1/2/3/4/5/7/8/9/10/11/12/13/14/15/16/17/18/19/20,True,False,False,physionet/eegmmidb/1.0.0/S006/S006R14.edf,4fb5946ed7a29268af9b1770db80d4c6a3dbeacab4be573b6da9c095b8a5e68b
6,6,14,6,13,S006_R14_T06,both_fists_imagery,0,both_feet_imagery,1,1.0061685230756425,False,l2_logistic_regression,1/2/3/4/5/7/8/9/10/11/12/13/14/15/16/17/18/19/20,True,False,False,physionet/eegmmidb/1.0.0/S006/S006R14.edf,4fb5946ed7a29268af9b1770db80d4c6a3dbeacab4be573b6da9c095b8a5e68b
6,6,14,7,15,S006_R14_T07,both_feet_imagery,1,both_feet_imagery,1,1.3013405306189476,True,l2_logistic_regression,1/2/3/4/5/7/8/9/10/11/12/13/14/15/16/17/18/19/20,True,False,False,physionet/eegmmidb/1.0.0/S006/S006R14.edf,4fb5946ed7a29268af9b1770db80d4c6a3dbeacab4be573b6da9c095b8a5e68b
6,6,14,8,17,S006_R14_T08,both_feet_imagery,1,both_fists_imagery,0,-1.980503214784358,False,l2_logistic_regression,1/2/3/4/5/7/8/9/10/11/12/13/14/15/16/17/18/19/20,True,False,False,physionet/eegmmidb/1.0.0/S006/S006R14.edf,4fb5946ed7a29268af9b1770db80d4c6a3dbeacab4be573b6da9c095b8a5e68b
6,6,14,9,19,S006_R14_T09,both_fists_imagery,0,both_feet_imagery,1,3.850167737618306,False,l2_logistic_regression,1/2/3/4/5/7/8/9/10/11/12/13/14/15/16/17/18/19/20,True,False,False,physionet/eegmmidb/1.0.0/S006/S006R14.edf,4fb5946ed7a29268af9b1770db80d4c6a3dbeacab4be573b6da9c095b8a5e68b
6,6,14,10,21,S006_R14_T10,both_feet_imagery,1,both_feet_imagery,1,1.448761392172824,True,l2_logistic_regression,1/2/3/4/5/7/8/9/10/11/12/13/14/15/16/17/18/19/20,True,False,False,physionet/eegmmidb/1.0.0/S006/S006R14.edf,4fb5946ed7a29268af9b1770db80d4c6a3dbeacab4be573b6da9c095b8a5e68b
6,6,14,11,23,S006_R14_T11,both_fists_imagery,0,both_feet_imagery,1,3.4012127304340063,False,l2_logistic_regression,1/2/3/4/5/7/8/9/10/11/12/13/14/15/16/17/18/19/20,True,False,False,physionet/eegmmidb/1.0.0/S006/S006R14.edf,4fb5946ed7a29268af9b1770db80d4c6a3dbeacab4be573b6da9c095b8a5e68b
6,6,14,12,25,S006_R14_T12,both_feet_imagery,1,both_fists_imagery,0,-0.6083180746989351,False,l2_logistic_regression,1/2/3/4/5/7/8/9/10/11/12/13/14/15/16/17/18/19/20,True,False,False,physionet/eegmmidb/1.0.0/S006/S006R14.edf,4fb5946ed7a29268af9b1770db80d4c6a3dbeacab4be573b6da9c095b8a5e68b
6,6,14,13,27,S006_R14_T13,both_fists_imagery,0,both_fists_imagery,0,-0.2423108923419629,True,l2_logistic_regression,1/2/3/4/5/7/8/9/10/11/12/13/14/15/16/17/18/19/20,True,False,False,physionet/eegmmidb/1.0.0/S006/S006R14.edf,4fb5946ed7a29268af9b1770db80d4c6a3dbeacab4be573b6da9c095b8a5e68b
6,6,14,14,29,S006_R14_T14,both_fists_imagery,0,both_feet_imagery,1,0.7171502600871857,False,l2_logistic_regression,1/2/3/4/5/7/8/9/10/11/12/13/14/15/16/17/18/19/20,True,False,False,physionet/eegmmidb/1.0.0/S006/S006R14.edf,4fb5946ed7a29268af9b1770db80d4c6a3dbeacab4be573b6da9c095b8a5e68b
7,7,6,0,1,S007_R06_T00,both_fists_imagery,0,both_fists_imagery,0,-0.45166564901289685,True,shrinkage_lda,1/2/3/4/5/6/8/9/10/11/12/13/14/15/16/17/18/19/20,True,False,True,physionet/eegmmidb/1.0.0/S007/S007R06.edf,9f6e8d2367dd2965fe71380ad6d42c94e13848d589516fda86fa0eb93481998e
7,7,6,1,3,S007_R06_T01,both_feet_imagery,1,both_feet_imagery,1,0.1881513092361465,True,shrinkage_lda,1/2/3/4/5/6/8/9/10/11/12/13/14/15/16/17/18/19/20,True,False,True,physionet/eegmmidb/1.0.0/S007/S007R06.edf,9f6e8d2367dd2965fe71380ad6d42c94e13848d589516fda86fa0eb93481998e
7,7,6,2,5,S007_R06_T02,both_fists_imagery,0,both_fists_imagery,0,-14.443920829148906,True,shrinkage_lda,1/2/3/4/5/6/8/9/10/11/12/13/14/15/16/17/18/19/20,True,False,False,physionet/eegmmidb/1.0.0/S007/S007R06.edf,9f6e8d2367dd2965fe71380ad6d42c94e13848d589516fda86fa0eb93481998e
7,7,6,3,7,S007_R06_T03,both_feet_imagery,1,both_feet_imagery,1,9.344553779561647,True,shrinkage_lda,1/2/3/4/5/6/8/9/10/11/12/13/14/15/16/17/18/19/20,True,False,False,physionet/eegmmidb/1.0.0/S007/S007R06.edf,9f6e8d2367dd2965fe71380ad6d42c94e13848d589516fda86fa0eb93481998e
7,7,6,4,9,S007_R06_T04,both_fists_imagery,0,both_fists_imagery,0,-10.404702476699146,True,shrinkage_lda,1/2/3/4/5/6/8/9/10/11/12/13/14/15/16/17/18/19/20,True,False,False,physionet/eegmmidb/1.0.0/S007/S007R06.edf,9f6e8d2367dd2965fe71380ad6d42c94e13848d589516fda86fa0eb93481998e
7,7,6,5,11,S007_R06_T05,both_feet_imagery,1,both_feet_imagery,1,10.574675457722808,True,shrinkage_lda,1/2/3/4/5/6/8/9/10/11/12/13/14/15/16/17/18/19/20,True,False,False,physionet/eegmmidb/1.0.0/S007/S007R06.edf,9f6e8d2367dd2965fe71380ad6d42c94e13848d589516fda86fa0eb93481998e
7,7,6,6,13,S007_R06_T06,both_feet_imagery,1,both_feet_imagery,1,8.241464118352086,True,shrinkage_lda,1/2/3/4/5/6/8/9/10/11/12/13/14/15/16/17/18/19/20,True,False,False,physionet/eegmmidb/1.0.0/S007/S007R06.edf,9f6e8d2367dd2965fe71380ad6d42c94e13848d589516fda86fa0eb93481998e
7,7,6,7,15,S007_R06_T07,both_fists_imagery,0,both_feet_imagery,1,0.9716816574641112,False,shrinkage_lda,1/2/3/4/5/6/8/9/10/11/12/13/14/15/16/17/18/19/20,True,False,False,physionet/eegmmidb/1.0.0/S007/S007R06.edf,9f6e8d2367dd2965fe71380ad6d42c94e13848d589516fda86fa0eb93481998e
7,7,6,8,17,S007_R06_T08,both_fists_imagery,0,both_fists_imagery,0,-5.975803523567354,True,shrinkage_lda,1/2/3/4/5/6/8/9/10/11/12/13/14/15/16/17/18/19/20,True,False,True,physionet/eegmmidb/1.0.0/S007/S007R06.edf,9f6e8d2367dd2965fe71380ad6d42c94e13848d589516fda86fa0eb93481998e
7,7,6,9,19,S007_R06_T09,both_feet_imagery,1,both_fists_imagery,0,-5.227953847319604,False,shrinkage_lda,1/2/3/4/5/6/8/9/10/11/12/13/14/15/16/17/18/19/20,True,False,False,physionet/eegmmidb/1.0.0/S007/S007R06.edf,9f6e8d2367dd2965fe71380ad6d42c94e13848d589516fda86fa0eb93481998e
7,7,6,10,21,S007_R06_T10,both_feet_imagery,1,both_fists_imagery,0,-6.248175675337443,False,shrinkage_lda,1/2/3/4/5/6/8/9/10/11/12/13/14/15/16/17/18/19/20,True,False,False,physionet/eegmmidb/1.0.0/S007/S007R06.edf,9f6e8d2367dd2965fe71380ad6d42c94e13848d589516fda86fa0eb93481998e
7,7,6,11,23,S007_R06_T11,both_fists_imagery,0,both_fists_imagery,0,-11.464296692938795,True,shrinkage_lda,1/2/3/4/5/6/8/9/10/11/12/13/14/15/16/17/18/19/20,True,False,False,physionet/eegmmidb/1.0.0/S007/S007R06.edf,9f6e8d2367dd2965fe71380ad6d42c94e13848d589516fda86fa0eb93481998e
7,7,6,12,25,S007_R06_T12,both_feet_imagery,1,both_feet_imagery,1,5.524142174939083,True,shrinkage_lda,1/2/3/4/5/6/8/9/10/11/12/13/14/15/16/17/18/19/20,True,False,False,physionet/eegmmidb/1.0.0/S007/S007R06.edf,9f6e8d2367dd2965fe71380ad6d42c94e13848d589516fda86fa0eb93481998e
7,7,6,13,27,S007_R06_T13,both_fists_imagery,0,both_fists_imagery,0,-17.393433379296827,True,shrinkage_lda,1/2/3/4/5/6/8/9/10/11/12/13/14/15/16/17/18/19/20,True,False,False,physionet/eegmmidb/1.0.0/S007/S007R06.edf,9f6e8d2367dd2965fe71380ad6d42c94e13848d589516fda86fa0eb93481998e
7,7,6,14,29,S007_R06_T14,both_feet_imagery,1,both_fists_imagery,0,-3.7114137711497523,False,shrinkage_lda,1/2/3/4/5/6/8/9/10/11/12/13/14/15/16/17/18/19/20,True,False,False,physionet/eegmmidb/1.0.0/S007/S007R06.edf,9f6e8d2367dd2965fe71380ad6d42c94e13848d589516fda86fa0eb93481998e
7,7,10,0,1,S007_R10_T00,both_feet_imagery,1,both_feet_imagery,1,4.71874624860329,True,shrinkage_lda,1/2/3/4/5/6/8/9/10/11/12/13/14/15/16/17/18/19/20,True,False,True,physionet/eegmmidb/1.0.0/S007/S007R10.edf,acd9571b0a6b1f864807e556d09d913592d1eff978e7469bb68a9fefed62e172
7,7,10,1,3,S007_R10_T01,both_fists_imagery,0,both_fists_imagery,0,-4.7810749687866725,True,shrinkage_lda,1/2/3/4/5/6/8/9/10/11/12/13/14/15/16/17/18/19/20,True,False,True,physionet/eegmmidb/1.0.0/S007/S007R10.edf,acd9571b0a6b1f864807e556d09d913592d1eff978e7469bb68a9fefed62e172
7,7,10,2,5,S007_R10_T02,both_feet_imagery,1,both_fists_imagery,0,-5.506561155208714,False,shrinkage_lda,1/2/3/4/5/6/8/9/10/11/12/13/14/15/16/17/18/19/20,True,False,False,physionet/eegmmidb/1.0.0/S007/S007R10.edf,acd9571b0a6b1f864807e556d09d913592d1eff978e7469bb68a9fefed62e172
7,7,10,3,7,S007_R10_T03,both_fists_imagery,0,both_fists_imagery,0,-10.909445627062118,True,shrinkage_lda,1/2/3/4/5/6/8/9/10/11/12/13/14/15/16/17/18/19/20,True,False,False,physionet/eegmmidb/1.0.0/S007/S007R10.edf,acd9571b0a6b1f864807e556d09d913592d1eff978e7469bb68a9fefed62e172
7,7,10,4,9,S007_R10_T04,both_feet_imagery,1,both_fists_imagery,0,-9.932861195760658,False,shrinkage_lda,1/2/3/4/5/6/8/9/10/11/12/13/14/15/16/17/18/19/20,True,False,False,physionet/eegmmidb/1.0.0/S007/S007R10.edf,acd9571b0a6b1f864807e556d09d913592d1eff978e7469bb68a9fefed62e172
7,7,10,5,11,S007_R10_T05,both_fists_imagery,0,both_fists_imagery,0,-17.268133855804315,True,shrinkage_lda,1/2/3/4/5/6/8/9/10/11/12/13/14/15/16/17/18/19/20,True,False,False,physionet/eegmmidb/1.0.0/S007/S007R10.edf,acd9571b0a6b1f864807e556d09d913592d1eff978e7469bb68a9fefed62e172
7,7,10,6,13,S007_R10_T06,both_feet_imagery,1,both_fists_imagery,0,-4.051182429894355,False,shrinkage_lda,1/2/3/4/5/6/8/9/10/11/12/13/14/15/16/17/18/19/20,True,False,False,physionet/eegmmidb/1.0.0/S007/S007R10.edf,acd9571b0a6b1f864807e556d09d913592d1eff978e7469bb68a9fefed62e172
7,7,10,7,15,S007_R10_T07,both_fists_imagery,0,both_fists_imagery,0,-10.934439979129381,True,shrinkage_lda,1/2/3/4/5/6/8/9/10/11/12/13/14/15/16/17/18/19/20,True,False,False,physionet/eegmmidb/1.0.0/S007/S007R10.edf,acd9571b0a6b1f864807e556d09d913592d1eff978e7469bb68a9fefed62e172
7,7,10,8,17,S007_R10_T08,both_feet_imagery,1,both_fists_imagery,0,-10.33194052539192,False,shrinkage_lda,1/2/3/4/5/6/8/9/10/11/12/13/14/15/16/17/18/19/20,True,False,False,physionet/eegmmidb/1.0.0/S007/S007R10.edf,acd9571b0a6b1f864807e556d09d913592d1eff978e7469bb68a9fefed62e172
7,7,10,9,19,S007_R10_T09,both_fists_imagery,0,both_fists_imagery,0,-4.221354232739576,True,shrinkage_lda,1/2/3/4/5/6/8/9/10/11/12/13/14/15/16/17/18/19/20,True,False,False,physionet/eegmmidb/1.0.0/S007/S007R10.edf,acd9571b0a6b1f864807e556d09d913592d1eff978e7469bb68a9fefed62e172
7,7,10,10,21,S007_R10_T10,both_fists_imagery,0,both_fists_imagery,0,-15.929653003840913,True,shrinkage_lda,1/2/3/4/5/6/8/9/10/11/12/13/14/15/16/17/18/19/20,True,False,False,physionet/eegmmidb/1.0.0/S007/S007R10.edf,acd9571b0a6b1f864807e556d09d913592d1eff978e7469bb68a9fefed62e172
7,7,10,11,23,S007_R10_T11,both_feet_imagery,1,both_feet_imagery,1,1.5649466201954039,True,shrinkage_lda,1/2/3/4/5/6/8/9/10/11/12/13/14/15/16/17/18/19/20,True,False,False,physionet/eegmmidb/1.0.0/S007/S007R10.edf,acd9571b0a6b1f864807e556d09d913592d1eff978e7469bb68a9fefed62e172
7,7,10,12,25,S007_R10_T12,both_feet_imagery,1,both_feet_imagery,1,2.3546345224500858,True,shrinkage_lda,1/2/3/4/5/6/8/9/10/11/12/13/14/15/16/17/18/19/20,True,False,False,physionet/eegmmidb/1.0.0/S007/S007R10.edf,acd9571b0a6b1f864807e556d09d913592d1eff978e7469bb68a9fefed62e172
7,7,10,13,27,S007_R10_T13,both_fists_imagery,0,both_fists_imagery,0,-5.024910586629881,True,shrinkage_lda,1/2/3/4/5/6/8/9/10/11/12/13/14/15/16/17/18/19/20,True,False,False,physionet/eegmmidb/1.0.0/S007/S007R10.edf,acd9571b0a6b1f864807e556d09d913592d1eff978e7469bb68a9fefed62e172
7,7,10,14,29,S007_R10_T14,both_fists_imagery,0,both_fists_imagery,0,-8.915359023376087,True,shrinkage_lda,1/2/3/4/5/6/8/9/10/11/12/13/14/15/16/17/18/19/20,True,False,False,physionet/eegmmidb/1.0.0/S007/S007R10.edf,acd9571b0a6b1f864807e556d09d913592d1eff978e7469bb68a9fefed62e172
7,7,14,0,1,S007_R14_T00,both_fists_imagery,0,both_fists_imagery,0,-17.409816526567234,True,shrinkage_lda,1/2/3/4/5/6/8/9/10/11/12/13/14/15/16/17/18/19/20,True,False,False,physionet/eegmmidb/1.0.0/S007/S007R14.edf,d6245b9bf35efde8522982146138e2f03fc352217579cb0c8f4d83eedd7d8c9c
7,7,14,1,3,S007_R14_T01,both_feet_imagery,1,both_fists_imagery,0,-8.172614759027697,False,shrinkage_lda,1/2/3/4/5/6/8/9/10/11/12/13/14/15/16/17/18/19/20,True,False,False,physionet/eegmmidb/1.0.0/S007/S007R14.edf,d6245b9bf35efde8522982146138e2f03fc352217579cb0c8f4d83eedd7d8c9c
7,7,14,2,5,S007_R14_T02,both_feet_imagery,1,both_fists_imagery,0,-9.02756279829879,False,shrinkage_lda,1/2/3/4/5/6/8/9/10/11/12/13/14/15/16/17/18/19/20,True,False,True,physionet/eegmmidb/1.0.0/S007/S007R14.edf,d6245b9bf35efde8522982146138e2f03fc352217579cb0c8f4d83eedd7d8c9c
7,7,14,3,7,S007_R14_T03,both_fists_imagery,0,both_fists_imagery,0,-11.021320393210667,True,shrinkage_lda,1/2/3/4/5/6/8/9/10/11/12/13/14/15/16/17/18/19/20,True,False,False,physionet/eegmmidb/1.0.0/S007/S007R14.edf,d6245b9bf35efde8522982146138e2f03fc352217579cb0c8f4d83eedd7d8c9c
7,7,14,4,9,S007_R14_T04,both_fists_imagery,0,both_fists_imagery,0,-5.681991511221517,True,shrinkage_lda,1/2/3/4/5/6/8/9/10/11/12/13/14/15/16/17/18/19/20,True,False,True,physionet/eegmmidb/1.0.0/S007/S007R14.edf,d6245b9bf35efde8522982146138e2f03fc352217579cb0c8f4d83eedd7d8c9c
7,7,14,5,11,S007_R14_T05,both_feet_imagery,1,both_fists_imagery,0,-2.2710418429311097,False,shrinkage_lda,1/2/3/4/5/6/8/9/10/11/12/13/14/15/16/17/18/19/20,True,False,False,physionet/eegmmidb/1.0.0/S007/S007R14.edf,d6245b9bf35efde8522982146138e2f03fc352217579cb0c8f4d83eedd7d8c9c
7,7,14,6,13,S007_R14_T06,both_feet_imagery,1,both_fists_imagery,0,-14.124298756214316,False,shrinkage_lda,1/2/3/4/5/6/8/9/10/11/12/13/14/15/16/17/18/19/20,True,False,True,physionet/eegmmidb/1.0.0/S007/S007R14.edf,d6245b9bf35efde8522982146138e2f03fc352217579cb0c8f4d83eedd7d8c9c
7,7,14,7,15,S007_R14_T07,both_fists_imagery,0,both_fists_imagery,0,-5.335761026801289,True,shrinkage_lda,1/2/3/4/5/6/8/9/10/11/12/13/14/15/16/17/18/19/20,True,False,False,physionet/eegmmidb/1.0.0/S007/S007R14.edf,d6245b9bf35efde8522982146138e2f03fc352217579cb0c8f4d83eedd7d8c9c
7,7,14,8,17,S007_R14_T08,both_feet_imagery,1,both_fists_imagery,0,-7.1443326955550654,False,shrinkage_lda,1/2/3/4/5/6/8/9/10/11/12/13/14/15/16/17/18/19/20,True,False,False,physionet/eegmmidb/1.0.0/S007/S007R14.edf,d6245b9bf35efde8522982146138e2f03fc352217579cb0c8f4d83eedd7d8c9c
7,7,14,9,19,S007_R14_T09,both_fists_imagery,0,both_fists_imagery,0,-0.9036755746471712,True,shrinkage_lda,1/2/3/4/5/6/8/9/10/11/12/13/14/15/16/17/18/19/20,True,False,False,physionet/eegmmidb/1.0.0/S007/S007R14.edf,d6245b9bf35efde8522982146138e2f03fc352217579cb0c8f4d83eedd7d8c9c
7,7,14,10,21,S007_R14_T10,both_fists_imagery,0,both_fists_imagery,0,-21.193861106572033,True,shrinkage_lda,1/2/3/4/5/6/8/9/10/11/12/13/14/15/16/17/18/19/20,True,False,False,physionet/eegmmidb/1.0.0/S007/S007R14.edf,d6245b9bf35efde8522982146138e2f03fc352217579cb0c8f4d83eedd7d8c9c
7,7,14,11,23,S007_R14_T11,both_feet_imagery,1,both_fists_imagery,0,-8.53673223802447,False,shrinkage_lda,1/2/3/4/5/6/8/9/10/11/12/13/14/15/16/17/18/19/20,True,False,False,physionet/eegmmidb/1.0.0/S007/S007R14.edf,d6245b9bf35efde8522982146138e2f03fc352217579cb0c8f4d83eedd7d8c9c
7,7,14,12,25,S007_R14_T12,both_fists_imagery,0,both_fists_imagery,0,-7.317828039246345,True,shrinkage_lda,1/2/3/4/5/6/8/9/10/11/12/13/14/15/16/17/18/19/20,True,False,False,physionet/eegmmidb/1.0.0/S007/S007R14.edf,d6245b9bf35efde8522982146138e2f03fc352217579cb0c8f4d83eedd7d8c9c
7,7,14,13,27,S007_R14_T13,both_feet_imagery,1,both_fists_imagery,0,-8.1273601335803,False,shrinkage_lda,1/2/3/4/5/6/8/9/10/11/12/13/14/15/16/17/18/19/20,True,False,False,physionet/eegmmidb/1.0.0/S007/S007R14.edf,d6245b9bf35efde8522982146138e2f03fc352217579cb0c8f4d83eedd7d8c9c
7,7,14,14,29,S007_R14_T14,both_feet_imagery,1,both_feet_imagery,1,3.730897096714594,True,shrinkage_lda,1/2/3/4/5/6/8/9/10/11/12/13/14/15/16/17/18/19/20,True,False,False,physionet/eegmmidb/1.0.0/S007/S007R14.edf,d6245b9bf35efde8522982146138e2f03fc352217579cb0c8f4d83eedd7d8c9c
7,7,6,0,1,S007_R06_T00,both_fists_imagery,0,both_feet_imagery,1,0.8597295983467667,False,l2_logistic_regression,1/2/3/4/5/6/8/9/10/11/12/13/14/15/16/17/18/19/20,True,False,True,physionet/eegmmidb/1.0.0/S007/S007R06.edf,9f6e8d2367dd2965fe71380ad6d42c94e13848d589516fda86fa0eb93481998e
7,7,6,1,3,S007_R06_T01,both_feet_imagery,1,both_feet_imagery,1,0.9038983060637338,True,l2_logistic_regression,1/2/3/4/5/6/8/9/10/11/12/13/14/15/16/17/18/19/20,True,False,True,physionet/eegmmidb/1.0.0/S007/S007R06.edf,9f6e8d2367dd2965fe71380ad6d42c94e13848d589516fda86fa0eb93481998e
7,7,6,2,5,S007_R06_T02,both_fists_imagery,0,both_fists_imagery,0,-8.691331726267041,True,l2_logistic_regression,1/2/3/4/5/6/8/9/10/11/12/13/14/15/16/17/18/19/20,True,False,False,physionet/eegmmidb/1.0.0/S007/S007R06.edf,9f6e8d2367dd2965fe71380ad6d42c94e13848d589516fda86fa0eb93481998e
7,7,6,3,7,S007_R06_T03,both_feet_imagery,1,both_feet_imagery,1,6.983113051412354,True,l2_logistic_regression,1/2/3/4/5/6/8/9/10/11/12/13/14/15/16/17/18/19/20,True,False,False,physionet/eegmmidb/1.0.0/S007/S007R06.edf,9f6e8d2367dd2965fe71380ad6d42c94e13848d589516fda86fa0eb93481998e
7,7,6,4,9,S007_R06_T04,both_fists_imagery,0,both_fists_imagery,0,-4.435557791789238,True,l2_logistic_regression,1/2/3/4/5/6/8/9/10/11/12/13/14/15/16/17/18/19/20,True,False,False,physionet/eegmmidb/1.0.0/S007/S007R06.edf,9f6e8d2367dd2965fe71380ad6d42c94e13848d589516fda86fa0eb93481998e
7,7,6,5,11,S007_R06_T05,both_feet_imagery,1,both_feet_imagery,1,7.06956056592806,True,l2_logistic_regression,1/2/3/4/5/6/8/9/10/11/12/13/14/15/16/17/18/19/20,True,False,False,physionet/eegmmidb/1.0.0/S007/S007R06.edf,9f6e8d2367dd2965fe71380ad6d42c94e13848d589516fda86fa0eb93481998e
7,7,6,6,13,S007_R06_T06,both_feet_imagery,1,both_feet_imagery,1,5.573039176895393,True,l2_logistic_regression,1/2/3/4/5/6/8/9/10/11/12/13/14/15/16/17/18/19/20,True,False,False,physionet/eegmmidb/1.0.0/S007/S007R06.edf,9f6e8d2367dd2965fe71380ad6d42c94e13848d589516fda86fa0eb93481998e
7,7,6,7,15,S007_R06_T07,both_fists_imagery,0,both_feet_imagery,1,0.06941737733389178,False,l2_logistic_regression,1/2/3/4/5/6/8/9/10/11/12/13/14/15/16/17/18/19/20,True,False,False,physionet/eegmmidb/1.0.0/S007/S007R06.edf,9f6e8d2367dd2965fe71380ad6d42c94e13848d589516fda86fa0eb93481998e
7,7,6,8,17,S007_R06_T08,both_fists_imagery,0,both_fists_imagery,0,-3.376605080530304,True,l2_logistic_regression,1/2/3/4/5/6/8/9/10/11/12/13/14/15/16/17/18/19/20,True,False,True,physionet/eegmmidb/1.0.0/S007/S007R06.edf,9f6e8d2367dd2965fe71380ad6d42c94e13848d589516fda86fa0eb93481998e
7,7,6,9,19,S007_R06_T09,both_feet_imagery,1,both_fists_imagery,0,-1.9963339568737044,False,l2_logistic_regression,1/2/3/4/5/6/8/9/10/11/12/13/14/15/16/17/18/19/20,True,False,False,physionet/eegmmidb/1.0.0/S007/S007R06.edf,9f6e8d2367dd2965fe71380ad6d42c94e13848d589516fda86fa0eb93481998e
7,7,6,10,21,S007_R06_T10,both_feet_imagery,1,both_fists_imagery,0,-2.4073723375760587,False,l2_logistic_regression,1/2/3/4/5/6/8/9/10/11/12/13/14/15/16/17/18/19/20,True,False,False,physionet/eegmmidb/1.0.0/S007/S007R06.edf,9f6e8d2367dd2965fe71380ad6d42c94e13848d589516fda86fa0eb93481998e
7,7,6,11,23,S007_R06_T11,both_fists_imagery,0,both_fists_imagery,0,-6.933293171959139,True,l2_logistic_regression,1/2/3/4/5/6/8/9/10/11/12/13/14/15/16/17/18/19/20,True,False,False,physionet/eegmmidb/1.0.0/S007/S007R06.edf,9f6e8d2367dd2965fe71380ad6d42c94e13848d589516fda86fa0eb93481998e
7,7,6,12,25,S007_R06_T12,both_feet_imagery,1,both_feet_imagery,1,2.583706530484386,True,l2_logistic_regression,1/2/3/4/5/6/8/9/10/11/12/13/14/15/16/17/18/19/20,True,False,False,physionet/eegmmidb/1.0.0/S007/S007R06.edf,9f6e8d2367dd2965fe71380ad6d42c94e13848d589516fda86fa0eb93481998e
7,7,6,13,27,S007_R06_T13,both_fists_imagery,0,both_fists_imagery,0,-9.278495679744628,True,l2_logistic_regression,1/2/3/4/5/6/8/9/10/11/12/13/14/15/16/17/18/19/20,True,False,False,physionet/eegmmidb/1.0.0/S007/S007R06.edf,9f6e8d2367dd2965fe71380ad6d42c94e13848d589516fda86fa0eb93481998e
7,7,6,14,29,S007_R06_T14,both_feet_imagery,1,both_fists_imagery,0,-0.7886502897744764,False,l2_logistic_regression,1/2/3/4/5/6/8/9/10/11/12/13/14/15/16/17/18/19/20,True,False,False,physionet/eegmmidb/1.0.0/S007/S007R06.edf,9f6e8d2367dd2965fe71380ad6d42c94e13848d589516fda86fa0eb93481998e
7,7,10,0,1,S007_R10_T00,both_feet_imagery,1,both_feet_imagery,1,3.767587869825952,True,l2_logistic_regression,1/2/3/4/5/6/8/9/10/11/12/13/14/15/16/17/18/19/20,True,False,True,physionet/eegmmidb/1.0.0/S007/S007R10.edf,acd9571b0a6b1f864807e556d09d913592d1eff978e7469bb68a9fefed62e172
7,7,10,1,3,S007_R10_T01,both_fists_imagery,0,both_fists_imagery,0,-2.941127744699659,True,l2_logistic_regression,1/2/3/4/5/6/8/9/10/11/12/13/14/15/16/17/18/19/20,True,False,True,physionet/eegmmidb/1.0.0/S007/S007R10.edf,acd9571b0a6b1f864807e556d09d913592d1eff978e7469bb68a9fefed62e172
7,7,10,2,5,S007_R10_T02,both_feet_imagery,1,both_fists_imagery,0,-2.1394620101219304,False,l2_logistic_regression,1/2/3/4/5/6/8/9/10/11/12/13/14/15/16/17/18/19/20,True,False,False,physionet/eegmmidb/1.0.0/S007/S007R10.edf,acd9571b0a6b1f864807e556d09d913592d1eff978e7469bb68a9fefed62e172
7,7,10,3,7,S007_R10_T03,both_fists_imagery,0,both_fists_imagery,0,-5.785507192140157,True,l2_logistic_regression,1/2/3/4/5/6/8/9/10/11/12/13/14/15/16/17/18/19/20,True,False,False,physionet/eegmmidb/1.0.0/S007/S007R10.edf,acd9571b0a6b1f864807e556d09d913592d1eff978e7469bb68a9fefed62e172
7,7,10,4,9,S007_R10_T04,both_feet_imagery,1,both_fists_imagery,0,-5.556489869272005,False,l2_logistic_regression,1/2/3/4/5/6/8/9/10/11/12/13/14/15/16/17/18/19/20,True,False,False,physionet/eegmmidb/1.0.0/S007/S007R10.edf,acd9571b0a6b1f864807e556d09d913592d1eff978e7469bb68a9fefed62e172
7,7,10,5,11,S007_R10_T05,both_fists_imagery,0,both_fists_imagery,0,-8.480680406851906,True,l2_logistic_regression,1/2/3/4/5/6/8/9/10/11/12/13/14/15/16/17/18/19/20,True,False,False,physionet/eegmmidb/1.0.0/S007/S007R10.edf,acd9571b0a6b1f864807e556d09d913592d1eff978e7469bb68a9fefed62e172
7,7,10,6,13,S007_R10_T06,both_feet_imagery,1,both_fists_imagery,0,-1.538103706016368,False,l2_logistic_regression,1/2/3/4/5/6/8/9/10/11/12/13/14/15/16/17/18/19/20,True,False,False,physionet/eegmmidb/1.0.0/S007/S007R10.edf,acd9571b0a6b1f864807e556d09d913592d1eff978e7469bb68a9fefed62e172
7,7,10,7,15,S007_R10_T07,both_fists_imagery,0,both_fists_imagery,0,-4.9694460701705285,True,l2_logistic_regression,1/2/3/4/5/6/8/9/10/11/12/13/14/15/16/17/18/19/20,True,False,False,physionet/eegmmidb/1.0.0/S007/S007R10.edf,acd9571b0a6b1f864807e556d09d913592d1eff978e7469bb68a9fefed62e172
7,7,10,8,17,S007_R10_T08,both_feet_imagery,1,both_fists_imagery,0,-4.838679605598973,False,l2_logistic_regression,1/2/3/4/5/6/8/9/10/11/12/13/14/15/16/17/18/19/20,True,False,False,physionet/eegmmidb/1.0.0/S007/S007R10.edf,acd9571b0a6b1f864807e556d09d913592d1eff978e7469bb68a9fefed62e172
7,7,10,9,19,S007_R10_T09,both_fists_imagery,0,both_fists_imagery,0,-1.9151283520509501,True,l2_logistic_regression,1/2/3/4/5/6/8/9/10/11/12/13/14/15/16/17/18/19/20,True,False,False,physionet/eegmmidb/1.0.0/S007/S007R10.edf,acd9571b0a6b1f864807e556d09d913592d1eff978e7469bb68a9fefed62e172
7,7,10,10,21,S007_R10_T10,both_fists_imagery,0,both_fists_imagery,0,-8.775577921512424,True,l2_logistic_regression,1/2/3/4/5/6/8/9/10/11/12/13/14/15/16/17/18/19/20,True,False,False,physionet/eegmmidb/1.0.0/S007/S007R10.edf,acd9571b0a6b1f864807e556d09d913592d1eff978e7469bb68a9fefed62e172
7,7,10,11,23,S007_R10_T11,both_feet_imagery,1,both_feet_imagery,1,2.070202706634823,True,l2_logistic_regression,1/2/3/4/5/6/8/9/10/11/12/13/14/15/16/17/18/19/20,True,False,False,physionet/eegmmidb/1.0.0/S007/S007R10.edf,acd9571b0a6b1f864807e556d09d913592d1eff978e7469bb68a9fefed62e172
7,7,10,12,25,S007_R10_T12,both_feet_imagery,1,both_feet_imagery,1,1.8175233200864416,True,l2_logistic_regression,1/2/3/4/5/6/8/9/10/11/12/13/14/15/16/17/18/19/20,True,False,False,physionet/eegmmidb/1.0.0/S007/S007R10.edf,acd9571b0a6b1f864807e556d09d913592d1eff978e7469bb68a9fefed62e172
7,7,10,13,27,S007_R10_T13,both_fists_imagery,0,both_fists_imagery,0,-2.2970565585013096,True,l2_logistic_regression,1/2/3/4/5/6/8/9/10/11/12/13/14/15/16/17/18/19/20,True,False,False,physionet/eegmmidb/1.0.0/S007/S007R10.edf,acd9571b0a6b1f864807e556d09d913592d1eff978e7469bb68a9fefed62e172
7,7,10,14,29,S007_R10_T14,both_fists_imagery,0,both_fists_imagery,0,-4.3992623966814985,True,l2_logistic_regression,1/2/3/4/5/6/8/9/10/11/12/13/14/15/16/17/18/19/20,True,False,False,physionet/eegmmidb/1.0.0/S007/S007R10.edf,acd9571b0a6b1f864807e556d09d913592d1eff978e7469bb68a9fefed62e172
7,7,14,0,1,S007_R14_T00,both_fists_imagery,0,both_fists_imagery,0,-8.769761529258853,True,l2_logistic_regression,1/2/3/4/5/6/8/9/10/11/12/13/14/15/16/17/18/19/20,True,False,False,physionet/eegmmidb/1.0.0/S007/S007R14.edf,d6245b9bf35efde8522982146138e2f03fc352217579cb0c8f4d83eedd7d8c9c
7,7,14,1,3,S007_R14_T01,both_feet_imagery,1,both_fists_imagery,0,-3.4948415610643675,False,l2_logistic_regression,1/2/3/4/5/6/8/9/10/11/12/13/14/15/16/17/18/19/20,True,False,False,physionet/eegmmidb/1.0.0/S007/S007R14.edf,d6245b9bf35efde8522982146138e2f03fc352217579cb0c8f4d83eedd7d8c9c
7,7,14,2,5,S007_R14_T02,both_feet_imagery,1,both_fists_imagery,0,-4.587277879122454,False,l2_logistic_regression,1/2/3/4/5/6/8/9/10/11/12/13/14/15/16/17/18/19/20,True,False,True,physionet/eegmmidb/1.0.0/S007/S007R14.edf,d6245b9bf35efde8522982146138e2f03fc352217579cb0c8f4d83eedd7d8c9c
7,7,14,3,7,S007_R14_T03,both_fists_imagery,0,both_fists_imagery,0,-5.106640109068162,True,l2_logistic_regression,1/2/3/4/5/6/8/9/10/11/12/13/14/15/16/17/18/19/20,True,False,False,physionet/eegmmidb/1.0.0/S007/S007R14.edf,d6245b9bf35efde8522982146138e2f03fc352217579cb0c8f4d83eedd7d8c9c
7,7,14,4,9,S007_R14_T04,both_fists_imagery,0,both_fists_imagery,0,-2.399049533109979,True,l2_logistic_regression,1/2/3/4/5/6/8/9/10/11/12/13/14/15/16/17/18/19/20,True,False,True,physionet/eegmmidb/1.0.0/S007/S007R14.edf,d6245b9bf35efde8522982146138e2f03fc352217579cb0c8f4d83eedd7d8c9c
7,7,14,5,11,S007_R14_T05,both_feet_imagery,1,both_fists_imagery,0,-0.9097841393326033,False,l2_logistic_regression,1/2/3/4/5/6/8/9/10/11/12/13/14/15/16/17/18/19/20,True,False,False,physionet/eegmmidb/1.0.0/S007/S007R14.edf,d6245b9bf35efde8522982146138e2f03fc352217579cb0c8f4d83eedd7d8c9c
7,7,14,6,13,S007_R14_T06,both_feet_imagery,1,both_fists_imagery,0,-6.824672857870813,False,l2_logistic_regression,1/2/3/4/5/6/8/9/10/11/12/13/14/15/16/17/18/19/20,True,False,True,physionet/eegmmidb/1.0.0/S007/S007R14.edf,d6245b9bf35efde8522982146138e2f03fc352217579cb0c8f4d83eedd7d8c9c
7,7,14,7,15,S007_R14_T07,both_fists_imagery,0,both_fists_imagery,0,-2.354054187385166,True,l2_logistic_regression,1/2/3/4/5/6/8/9/10/11/12/13/14/15/16/17/18/19/20,True,False,False,physionet/eegmmidb/1.0.0/S007/S007R14.edf,d6245b9bf35efde8522982146138e2f03fc352217579cb0c8f4d83eedd7d8c9c
7,7,14,8,17,S007_R14_T08,both_feet_imagery,1,both_fists_imagery,0,-3.3901801356981833,False,l2_logistic_regression,1/2/3/4/5/6/8/9/10/11/12/13/14/15/16/17/18/19/20,True,False,False,physionet/eegmmidb/1.0.0/S007/S007R14.edf,d6245b9bf35efde8522982146138e2f03fc352217579cb0c8f4d83eedd7d8c9c
7,7,14,9,19,S007_R14_T09,both_fists_imagery,0,both_fists_imagery,0,-0.4511562276356984,True,l2_logistic_regression,1/2/3/4/5/6/8/9/10/11/12/13/14/15/16/17/18/19/20,True,False,False,physionet/eegmmidb/1.0.0/S007/S007R14.edf,d6245b9bf35efde8522982146138e2f03fc352217579cb0c8f4d83eedd7d8c9c
7,7,14,10,21,S007_R14_T10,both_fists_imagery,0,both_fists_imagery,0,-11.693674740816226,True,l2_logistic_regression,1/2/3/4/5/6/8/9/10/11/12/13/14/15/16/17/18/19/20,True,False,False,physionet/eegmmidb/1.0.0/S007/S007R14.edf,d6245b9bf35efde8522982146138e2f03fc352217579cb0c8f4d83eedd7d8c9c
7,7,14,11,23,S007_R14_T11,both_feet_imagery,1,both_fists_imagery,0,-3.780530275326959,False,l2_logistic_regression,1/2/3/4/5/6/8/9/10/11/12/13/14/15/16/17/18/19/20,True,False,False,physionet/eegmmidb/1.0.0/S007/S007R14.edf,d6245b9bf35efde8522982146138e2f03fc352217579cb0c8f4d83eedd7d8c9c
7,7,14,12,25,S007_R14_T12,both_fists_imagery,0,both_fists_imagery,0,-3.5141952039171653,True,l2_logistic_regression,1/2/3/4/5/6/8/9/10/11/12/13/14/15/16/17/18/19/20,True,False,False,physionet/eegmmidb/1.0.0/S007/S007R14.edf,d6245b9bf35efde8522982146138e2f03fc352217579cb0c8f4d83eedd7d8c9c
7,7,14,13,27,S007_R14_T13,both_feet_imagery,1,both_fists_imagery,0,-3.1431575037609023,False,l2_logistic_regression,1/2/3/4/5/6/8/9/10/11/12/13/14/15/16/17/18/19/20,True,False,False,physionet/eegmmidb/1.0.0/S007/S007R14.edf,d6245b9bf35efde8522982146138e2f03fc352217579cb0c8f4d83eedd7d8c9c
7,7,14,14,29,S007_R14_T14,both_feet_imagery,1,both_feet_imagery,1,2.1261795113484165,True,l2_logistic_regression,1/2/3/4/5/6/8/9/10/11/12/13/14/15/16/17/18/19/20,True,False,False,physionet/eegmmidb/1.0.0/S007/S007R14.edf,d6245b9bf35efde8522982146138e2f03fc352217579cb0c8f4d83eedd7d8c9c
8,8,6,0,1,S008_R06_T00,both_feet_imagery,1,both_feet_imagery,1,18.73972200378099,True,shrinkage_lda,1/2/3/4/5/6/7/9/10/11/12/13/14/15/16/17/18/19/20,True,False,True,physionet/eegmmidb/1.0.0/S008/S008R06.edf,c2afadf0b5cbc8764825fbe26ae358df677c46ce44c6e8622e4fa3d47d6abb14
8,8,6,1,3,S008_R06_T01,both_fists_imagery,0,both_fists_imagery,0,-11.730060194703475,True,shrinkage_lda,1/2/3/4/5/6/7/9/10/11/12/13/14/15/16/17/18/19/20,True,False,True,physionet/eegmmidb/1.0.0/S008/S008R06.edf,c2afadf0b5cbc8764825fbe26ae358df677c46ce44c6e8622e4fa3d47d6abb14
8,8,6,2,5,S008_R06_T02,both_feet_imagery,1,both_feet_imagery,1,15.864885441533676,True,shrinkage_lda,1/2/3/4/5/6/7/9/10/11/12/13/14/15/16/17/18/19/20,True,False,False,physionet/eegmmidb/1.0.0/S008/S008R06.edf,c2afadf0b5cbc8764825fbe26ae358df677c46ce44c6e8622e4fa3d47d6abb14
8,8,6,3,7,S008_R06_T03,both_fists_imagery,0,both_feet_imagery,1,4.96953084065381,False,shrinkage_lda,1/2/3/4/5/6/7/9/10/11/12/13/14/15/16/17/18/19/20,True,False,False,physionet/eegmmidb/1.0.0/S008/S008R06.edf,c2afadf0b5cbc8764825fbe26ae358df677c46ce44c6e8622e4fa3d47d6abb14
8,8,6,4,9,S008_R06_T04,both_feet_imagery,1,both_feet_imagery,1,1.4786627415617069,True,shrinkage_lda,1/2/3/4/5/6/7/9/10/11/12/13/14/15/16/17/18/19/20,True,False,True,physionet/eegmmidb/1.0.0/S008/S008R06.edf,c2afadf0b5cbc8764825fbe26ae358df677c46ce44c6e8622e4fa3d47d6abb14
8,8,6,5,11,S008_R06_T05,both_fists_imagery,0,both_fists_imagery,0,-3.5090330991362477,True,shrinkage_lda,1/2/3/4/5/6/7/9/10/11/12/13/14/15/16/17/18/19/20,True,False,True,physionet/eegmmidb/1.0.0/S008/S008R06.edf,c2afadf0b5cbc8764825fbe26ae358df677c46ce44c6e8622e4fa3d47d6abb14
8,8,6,6,13,S008_R06_T06,both_fists_imagery,0,both_fists_imagery,0,-7.078997319148629,True,shrinkage_lda,1/2/3/4/5/6/7/9/10/11/12/13/14/15/16/17/18/19/20,True,False,False,physionet/eegmmidb/1.0.0/S008/S008R06.edf,c2afadf0b5cbc8764825fbe26ae358df677c46ce44c6e8622e4fa3d47d6abb14
8,8,6,7,15,S008_R06_T07,both_feet_imagery,1,both_feet_imagery,1,9.161434348416963,True,shrinkage_lda,1/2/3/4/5/6/7/9/10/11/12/13/14/15/16/17/18/19/20,True,False,False,physionet/eegmmidb/1.0.0/S008/S008R06.edf,c2afadf0b5cbc8764825fbe26ae358df677c46ce44c6e8622e4fa3d47d6abb14
8,8,6,8,17,S008_R06_T08,both_fists_imagery,0,both_fists_imagery,0,-4.61694636163158,True,shrinkage_lda,1/2/3/4/5/6/7/9/10/11/12/13/14/15/16/17/18/19/20,True,False,False,physionet/eegmmidb/1.0.0/S008/S008R06.edf,c2afadf0b5cbc8764825fbe26ae358df677c46ce44c6e8622e4fa3d47d6abb14
8,8,6,9,19,S008_R06_T09,both_feet_imagery,1,both_feet_imagery,1,6.484058661784993,True,shrinkage_lda,1/2/3/4/5/6/7/9/10/11/12/13/14/15/16/17/18/19/20,True,False,False,physionet/eegmmidb/1.0.0/S008/S008R06.edf,c2afadf0b5cbc8764825fbe26ae358df677c46ce44c6e8622e4fa3d47d6abb14
8,8,6,10,21,S008_R06_T10,both_feet_imagery,1,both_feet_imagery,1,5.015221096156498,True,shrinkage_lda,1/2/3/4/5/6/7/9/10/11/12/13/14/15/16/17/18/19/20,True,False,False,physionet/eegmmidb/1.0.0/S008/S008R06.edf,c2afadf0b5cbc8764825fbe26ae358df677c46ce44c6e8622e4fa3d47d6abb14
8,8,6,11,23,S008_R06_T11,both_fists_imagery,0,both_fists_imagery,0,-1.8874987419511073,True,shrinkage_lda,1/2/3/4/5/6/7/9/10/11/12/13/14/15/16/17/18/19/20,True,False,False,physionet/eegmmidb/1.0.0/S008/S008R06.edf,c2afadf0b5cbc8764825fbe26ae358df677c46ce44c6e8622e4fa3d47d6abb14
8,8,6,12,25,S008_R06_T12,both_fists_imagery,0,both_fists_imagery,0,-14.32874500074438,True,shrinkage_lda,1/2/3/4/5/6/7/9/10/11/12/13/14/15/16/17/18/19/20,True,False,False,physionet/eegmmidb/1.0.0/S008/S008R06.edf,c2afadf0b5cbc8764825fbe26ae358df677c46ce44c6e8622e4fa3d47d6abb14
8,8,6,13,27,S008_R06_T13,both_feet_imagery,1,both_feet_imagery,1,2.6359043904581974,True,shrinkage_lda,1/2/3/4/5/6/7/9/10/11/12/13/14/15/16/17/18/19/20,True,False,False,physionet/eegmmidb/1.0.0/S008/S008R06.edf,c2afadf0b5cbc8764825fbe26ae358df677c46ce44c6e8622e4fa3d47d6abb14
8,8,6,14,29,S008_R06_T14,both_feet_imagery,1,both_feet_imagery,1,5.4276518355081915,True,shrinkage_lda,1/2/3/4/5/6/7/9/10/11/12/13/14/15/16/17/18/19/20,True,False,True,physionet/eegmmidb/1.0.0/S008/S008R06.edf,c2afadf0b5cbc8764825fbe26ae358df677c46ce44c6e8622e4fa3d47d6abb14
8,8,10,0,1,S008_R10_T00,both_fists_imagery,0,both_fists_imagery,0,-7.33404195320665,True,shrinkage_lda,1/2/3/4/5/6/7/9/10/11/12/13/14/15/16/17/18/19/20,True,False,False,physionet/eegmmidb/1.0.0/S008/S008R10.edf,6a7934c18466078caf899f724cf13b665d98e41fac9d978d9521f89021e0377c
8,8,10,1,3,S008_R10_T01,both_feet_imagery,1,both_fists_imagery,0,-3.60680780325113,False,shrinkage_lda,1/2/3/4/5/6/7/9/10/11/12/13/14/15/16/17/18/19/20,True,False,True,physionet/eegmmidb/1.0.0/S008/S008R10.edf,6a7934c18466078caf899f724cf13b665d98e41fac9d978d9521f89021e0377c
8,8,10,2,5,S008_R10_T02,both_fists_imagery,0,both_feet_imagery,1,3.596775592136397,False,shrinkage_lda,1/2/3/4/5/6/7/9/10/11/12/13/14/15/16/17/18/19/20,True,False,True,physionet/eegmmidb/1.0.0/S008/S008R10.edf,6a7934c18466078caf899f724cf13b665d98e41fac9d978d9521f89021e0377c
8,8,10,3,7,S008_R10_T03,both_feet_imagery,1,both_fists_imagery,0,-4.276240728478923,False,shrinkage_lda,1/2/3/4/5/6/7/9/10/11/12/13/14/15/16/17/18/19/20,True,False,True,physionet/eegmmidb/1.0.0/S008/S008R10.edf,6a7934c18466078caf899f724cf13b665d98e41fac9d978d9521f89021e0377c
8,8,10,4,9,S008_R10_T04,both_feet_imagery,1,both_feet_imagery,1,10.324717030902672,True,shrinkage_lda,1/2/3/4/5/6/7/9/10/11/12/13/14/15/16/17/18/19/20,True,False,True,physionet/eegmmidb/1.0.0/S008/S008R10.edf,6a7934c18466078caf899f724cf13b665d98e41fac9d978d9521f89021e0377c
8,8,10,5,11,S008_R10_T05,both_fists_imagery,0,both_feet_imagery,1,0.46027354227935924,False,shrinkage_lda,1/2/3/4/5/6/7/9/10/11/12/13/14/15/16/17/18/19/20,True,False,True,physionet/eegmmidb/1.0.0/S008/S008R10.edf,6a7934c18466078caf899f724cf13b665d98e41fac9d978d9521f89021e0377c
8,8,10,6,13,S008_R10_T06,both_fists_imagery,0,both_fists_imagery,0,-9.962268043214346,True,shrinkage_lda,1/2/3/4/5/6/7/9/10/11/12/13/14/15/16/17/18/19/20,True,False,True,physionet/eegmmidb/1.0.0/S008/S008R10.edf,6a7934c18466078caf899f724cf13b665d98e41fac9d978d9521f89021e0377c
8,8,10,7,15,S008_R10_T07,both_feet_imagery,1,both_fists_imagery,0,-4.694200193888289,False,shrinkage_lda,1/2/3/4/5/6/7/9/10/11/12/13/14/15/16/17/18/19/20,True,False,True,physionet/eegmmidb/1.0.0/S008/S008R10.edf,6a7934c18466078caf899f724cf13b665d98e41fac9d978d9521f89021e0377c
8,8,10,8,17,S008_R10_T08,both_feet_imagery,1,both_feet_imagery,1,1.5339430367796794,True,shrinkage_lda,1/2/3/4/5/6/7/9/10/11/12/13/14/15/16/17/18/19/20,True,False,False,physionet/eegmmidb/1.0.0/S008/S008R10.edf,6a7934c18466078caf899f724cf13b665d98e41fac9d978d9521f89021e0377c
8,8,10,9,19,S008_R10_T09,both_fists_imagery,0,both_fists_imagery,0,-8.858889128959486,True,shrinkage_lda,1/2/3/4/5/6/7/9/10/11/12/13/14/15/16/17/18/19/20,True,False,False,physionet/eegmmidb/1.0.0/S008/S008R10.edf,6a7934c18466078caf899f724cf13b665d98e41fac9d978d9521f89021e0377c
8,8,10,10,21,S008_R10_T10,both_feet_imagery,1,both_fists_imagery,0,-0.2947379481284211,False,shrinkage_lda,1/2/3/4/5/6/7/9/10/11/12/13/14/15/16/17/18/19/20,True,False,False,physionet/eegmmidb/1.0.0/S008/S008R10.edf,6a7934c18466078caf899f724cf13b665d98e41fac9d978d9521f89021e0377c
8,8,10,11,23,S008_R10_T11,both_fists_imagery,0,both_feet_imagery,1,5.33659034058637,False,shrinkage_lda,1/2/3/4/5/6/7/9/10/11/12/13/14/15/16/17/18/19/20,True,False,False,physionet/eegmmidb/1.0.0/S008/S008R10.edf,6a7934c18466078caf899f724cf13b665d98e41fac9d978d9521f89021e0377c
8,8,10,12,25,S008_R10_T12,both_fists_imagery,0,both_fists_imagery,0,-8.975440185728509,True,shrinkage_lda,1/2/3/4/5/6/7/9/10/11/12/13/14/15/16/17/18/19/20,True,False,False,physionet/eegmmidb/1.0.0/S008/S008R10.edf,6a7934c18466078caf899f724cf13b665d98e41fac9d978d9521f89021e0377c
8,8,10,13,27,S008_R10_T13,both_feet_imagery,1,both_feet_imagery,1,3.6763898573446214,True,shrinkage_lda,1/2/3/4/5/6/7/9/10/11/12/13/14/15/16/17/18/19/20,True,False,True,physionet/eegmmidb/1.0.0/S008/S008R10.edf,6a7934c18466078caf899f724cf13b665d98e41fac9d978d9521f89021e0377c
8,8,10,14,29,S008_R10_T14,both_fists_imagery,0,both_fists_imagery,0,-3.50044220296451,True,shrinkage_lda,1/2/3/4/5/6/7/9/10/11/12/13/14/15/16/17/18/19/20,True,False,False,physionet/eegmmidb/1.0.0/S008/S008R10.edf,6a7934c18466078caf899f724cf13b665d98e41fac9d978d9521f89021e0377c
8,8,14,0,1,S008_R14_T00,both_fists_imagery,0,both_fists_imagery,0,-1.9401885000302344,True,shrinkage_lda,1/2/3/4/5/6/7/9/10/11/12/13/14/15/16/17/18/19/20,True,False,True,physionet/eegmmidb/1.0.0/S008/S008R14.edf,19c943fb32f7749b7e37d8765f84a3bbf76c4ac7ea48ff29fa074322ebcad885
8,8,14,1,3,S008_R14_T01,both_feet_imagery,1,both_feet_imagery,1,12.694456081166058,True,shrinkage_lda,1/2/3/4/5/6/7/9/10/11/12/13/14/15/16/17/18/19/20,True,False,True,physionet/eegmmidb/1.0.0/S008/S008R14.edf,19c943fb32f7749b7e37d8765f84a3bbf76c4ac7ea48ff29fa074322ebcad885
8,8,14,2,5,S008_R14_T02,both_fists_imagery,0,both_fists_imagery,0,-3.4020081902082433,True,shrinkage_lda,1/2/3/4/5/6/7/9/10/11/12/13/14/15/16/17/18/19/20,True,False,False,physionet/eegmmidb/1.0.0/S008/S008R14.edf,19c943fb32f7749b7e37d8765f84a3bbf76c4ac7ea48ff29fa074322ebcad885
8,8,14,3,7,S008_R14_T03,both_feet_imagery,1,both_feet_imagery,1,15.838621732978822,True,shrinkage_lda,1/2/3/4/5/6/7/9/10/11/12/13/14/15/16/17/18/19/20,True,False,False,physionet/eegmmidb/1.0.0/S008/S008R14.edf,19c943fb32f7749b7e37d8765f84a3bbf76c4ac7ea48ff29fa074322ebcad885
8,8,14,4,9,S008_R14_T04,both_fists_imagery,0,both_feet_imagery,1,15.997457626379354,False,shrinkage_lda,1/2/3/4/5/6/7/9/10/11/12/13/14/15/16/17/18/19/20,True,False,True,physionet/eegmmidb/1.0.0/S008/S008R14.edf,19c943fb32f7749b7e37d8765f84a3bbf76c4ac7ea48ff29fa074322ebcad885
8,8,14,5,11,S008_R14_T05,both_feet_imagery,1,both_feet_imagery,1,1.0927659090824282,True,shrinkage_lda,1/2/3/4/5/6/7/9/10/11/12/13/14/15/16/17/18/19/20,True,False,True,physionet/eegmmidb/1.0.0/S008/S008R14.edf,19c943fb32f7749b7e37d8765f84a3bbf76c4ac7ea48ff29fa074322ebcad885
8,8,14,6,13,S008_R14_T06,both_fists_imagery,0,both_feet_imagery,1,0.7208466925839119,False,shrinkage_lda,1/2/3/4/5/6/7/9/10/11/12/13/14/15/16/17/18/19/20,True,False,True,physionet/eegmmidb/1.0.0/S008/S008R14.edf,19c943fb32f7749b7e37d8765f84a3bbf76c4ac7ea48ff29fa074322ebcad885
8,8,14,7,15,S008_R14_T07,both_feet_imagery,1,both_fists_imagery,0,-2.4901692605656858,False,shrinkage_lda,1/2/3/4/5/6/7/9/10/11/12/13/14/15/16/17/18/19/20,True,False,False,physionet/eegmmidb/1.0.0/S008/S008R14.edf,19c943fb32f7749b7e37d8765f84a3bbf76c4ac7ea48ff29fa074322ebcad885
8,8,14,8,17,S008_R14_T08,both_fists_imagery,0,both_fists_imagery,0,-10.018261482928033,True,shrinkage_lda,1/2/3/4/5/6/7/9/10/11/12/13/14/15/16/17/18/19/20,True,False,True,physionet/eegmmidb/1.0.0/S008/S008R14.edf,19c943fb32f7749b7e37d8765f84a3bbf76c4ac7ea48ff29fa074322ebcad885
8,8,14,9,19,S008_R14_T09,both_feet_imagery,1,both_fists_imagery,0,-0.5144368566349138,False,shrinkage_lda,1/2/3/4/5/6/7/9/10/11/12/13/14/15/16/17/18/19/20,True,False,False,physionet/eegmmidb/1.0.0/S008/S008R14.edf,19c943fb32f7749b7e37d8765f84a3bbf76c4ac7ea48ff29fa074322ebcad885
8,8,14,10,21,S008_R14_T10,both_feet_imagery,1,both_feet_imagery,1,18.34556718838974,True,shrinkage_lda,1/2/3/4/5/6/7/9/10/11/12/13/14/15/16/17/18/19/20,True,False,True,physionet/eegmmidb/1.0.0/S008/S008R14.edf,19c943fb32f7749b7e37d8765f84a3bbf76c4ac7ea48ff29fa074322ebcad885
8,8,14,11,23,S008_R14_T11,both_fists_imagery,0,both_feet_imagery,1,2.9742464556248627,False,shrinkage_lda,1/2/3/4/5/6/7/9/10/11/12/13/14/15/16/17/18/19/20,True,False,False,physionet/eegmmidb/1.0.0/S008/S008R14.edf,19c943fb32f7749b7e37d8765f84a3bbf76c4ac7ea48ff29fa074322ebcad885
8,8,14,12,25,S008_R14_T12,both_fists_imagery,0,both_fists_imagery,0,-10.160000693199448,True,shrinkage_lda,1/2/3/4/5/6/7/9/10/11/12/13/14/15/16/17/18/19/20,True,False,False,physionet/eegmmidb/1.0.0/S008/S008R14.edf,19c943fb32f7749b7e37d8765f84a3bbf76c4ac7ea48ff29fa074322ebcad885
8,8,14,13,27,S008_R14_T13,both_feet_imagery,1,both_feet_imagery,1,4.537787641421032,True,shrinkage_lda,1/2/3/4/5/6/7/9/10/11/12/13/14/15/16/17/18/19/20,True,False,False,physionet/eegmmidb/1.0.0/S008/S008R14.edf,19c943fb32f7749b7e37d8765f84a3bbf76c4ac7ea48ff29fa074322ebcad885
8,8,14,14,29,S008_R14_T14,both_fists_imagery,0,both_feet_imagery,1,0.47261656090912224,False,shrinkage_lda,1/2/3/4/5/6/7/9/10/11/12/13/14/15/16/17/18/19/20,True,False,False,physionet/eegmmidb/1.0.0/S008/S008R14.edf,19c943fb32f7749b7e37d8765f84a3bbf76c4ac7ea48ff29fa074322ebcad885
8,8,6,0,1,S008_R06_T00,both_feet_imagery,1,both_feet_imagery,1,12.577134848199211,True,l2_logistic_regression,1/2/3/4/5/6/7/9/10/11/12/13/14/15/16/17/18/19/20,True,False,True,physionet/eegmmidb/1.0.0/S008/S008R06.edf,c2afadf0b5cbc8764825fbe26ae358df677c46ce44c6e8622e4fa3d47d6abb14
8,8,6,1,3,S008_R06_T01,both_fists_imagery,0,both_fists_imagery,0,-5.492462260646644,True,l2_logistic_regression,1/2/3/4/5/6/7/9/10/11/12/13/14/15/16/17/18/19/20,True,False,True,physionet/eegmmidb/1.0.0/S008/S008R06.edf,c2afadf0b5cbc8764825fbe26ae358df677c46ce44c6e8622e4fa3d47d6abb14
8,8,6,2,5,S008_R06_T02,both_feet_imagery,1,both_feet_imagery,1,9.607548453371276,True,l2_logistic_regression,1/2/3/4/5/6/7/9/10/11/12/13/14/15/16/17/18/19/20,True,False,False,physionet/eegmmidb/1.0.0/S008/S008R06.edf,c2afadf0b5cbc8764825fbe26ae358df677c46ce44c6e8622e4fa3d47d6abb14
8,8,6,3,7,S008_R06_T03,both_fists_imagery,0,both_feet_imagery,1,4.533929052800679,False,l2_logistic_regression,1/2/3/4/5/6/7/9/10/11/12/13/14/15/16/17/18/19/20,True,False,False,physionet/eegmmidb/1.0.0/S008/S008R06.edf,c2afadf0b5cbc8764825fbe26ae358df677c46ce44c6e8622e4fa3d47d6abb14
8,8,6,4,9,S008_R06_T04,both_feet_imagery,1,both_feet_imagery,1,1.5832314767036684,True,l2_logistic_regression,1/2/3/4/5/6/7/9/10/11/12/13/14/15/16/17/18/19/20,True,False,True,physionet/eegmmidb/1.0.0/S008/S008R06.edf,c2afadf0b5cbc8764825fbe26ae358df677c46ce44c6e8622e4fa3d47d6abb14
8,8,6,5,11,S008_R06_T05,both_fists_imagery,0,both_fists_imagery,0,-1.453345034910148,True,l2_logistic_regression,1/2/3/4/5/6/7/9/10/11/12/13/14/15/16/17/18/19/20,True,False,True,physionet/eegmmidb/1.0.0/S008/S008R06.edf,c2afadf0b5cbc8764825fbe26ae358df677c46ce44c6e8622e4fa3d47d6abb14
8,8,6,6,13,S008_R06_T06,both_fists_imagery,0,both_fists_imagery,0,-5.282471355606699,True,l2_logistic_regression,1/2/3/4/5/6/7/9/10/11/12/13/14/15/16/17/18/19/20,True,False,False,physionet/eegmmidb/1.0.0/S008/S008R06.edf,c2afadf0b5cbc8764825fbe26ae358df677c46ce44c6e8622e4fa3d47d6abb14
8,8,6,7,15,S008_R06_T07,both_feet_imagery,1,both_feet_imagery,1,7.316184178217022,True,l2_logistic_regression,1/2/3/4/5/6/7/9/10/11/12/13/14/15/16/17/18/19/20,True,False,False,physionet/eegmmidb/1.0.0/S008/S008R06.edf,c2afadf0b5cbc8764825fbe26ae358df677c46ce44c6e8622e4fa3d47d6abb14
8,8,6,8,17,S008_R06_T08,both_fists_imagery,0,both_fists_imagery,0,-1.3002623061629368,True,l2_logistic_regression,1/2/3/4/5/6/7/9/10/11/12/13/14/15/16/17/18/19/20,True,False,False,physionet/eegmmidb/1.0.0/S008/S008R06.edf,c2afadf0b5cbc8764825fbe26ae358df677c46ce44c6e8622e4fa3d47d6abb14
8,8,6,9,19,S008_R06_T09,both_feet_imagery,1,both_feet_imagery,1,3.4424715905515963,True,l2_logistic_regression,1/2/3/4/5/6/7/9/10/11/12/13/14/15/16/17/18/19/20,True,False,False,physionet/eegmmidb/1.0.0/S008/S008R06.edf,c2afadf0b5cbc8764825fbe26ae358df677c46ce44c6e8622e4fa3d47d6abb14
8,8,6,10,21,S008_R06_T10,both_feet_imagery,1,both_feet_imagery,1,3.5361497713271572,True,l2_logistic_regression,1/2/3/4/5/6/7/9/10/11/12/13/14/15/16/17/18/19/20,True,False,False,physionet/eegmmidb/1.0.0/S008/S008R06.edf,c2afadf0b5cbc8764825fbe26ae358df677c46ce44c6e8622e4fa3d47d6abb14
8,8,6,11,23,S008_R06_T11,both_fists_imagery,0,both_fists_imagery,0,-1.8971216940031108,True,l2_logistic_regression,1/2/3/4/5/6/7/9/10/11/12/13/14/15/16/17/18/19/20,True,False,False,physionet/eegmmidb/1.0.0/S008/S008R06.edf,c2afadf0b5cbc8764825fbe26ae358df677c46ce44c6e8622e4fa3d47d6abb14
8,8,6,12,25,S008_R06_T12,both_fists_imagery,0,both_fists_imagery,0,-8.092132316624507,True,l2_logistic_regression,1/2/3/4/5/6/7/9/10/11/12/13/14/15/16/17/18/19/20,True,False,False,physionet/eegmmidb/1.0.0/S008/S008R06.edf,c2afadf0b5cbc8764825fbe26ae358df677c46ce44c6e8622e4fa3d47d6abb14
8,8,6,13,27,S008_R06_T13,both_feet_imagery,1,both_feet_imagery,1,1.4617101382575393,True,l2_logistic_regression,1/2/3/4/5/6/7/9/10/11/12/13/14/15/16/17/18/19/20,True,False,False,physionet/eegmmidb/1.0.0/S008/S008R06.edf,c2afadf0b5cbc8764825fbe26ae358df677c46ce44c6e8622e4fa3d47d6abb14
8,8,6,14,29,S008_R06_T14,both_feet_imagery,1,both_feet_imagery,1,4.194259456222762,True,l2_logistic_regression,1/2/3/4/5/6/7/9/10/11/12/13/14/15/16/17/18/19/20,True,False,True,physionet/eegmmidb/1.0.0/S008/S008R06.edf,c2afadf0b5cbc8764825fbe26ae358df677c46ce44c6e8622e4fa3d47d6abb14
8,8,10,0,1,S008_R10_T00,both_fists_imagery,0,both_fists_imagery,0,-2.4200678296649216,True,l2_logistic_regression,1/2/3/4/5/6/7/9/10/11/12/13/14/15/16/17/18/19/20,True,False,False,physionet/eegmmidb/1.0.0/S008/S008R10.edf,6a7934c18466078caf899f724cf13b665d98e41fac9d978d9521f89021e0377c
8,8,10,1,3,S008_R10_T01,both_feet_imagery,1,both_fists_imagery,0,-0.9358953718892364,False,l2_logistic_regression,1/2/3/4/5/6/7/9/10/11/12/13/14/15/16/17/18/19/20,True,False,True,physionet/eegmmidb/1.0.0/S008/S008R10.edf,6a7934c18466078caf899f724cf13b665d98e41fac9d978d9521f89021e0377c
8,8,10,2,5,S008_R10_T02,both_fists_imagery,0,both_feet_imagery,1,2.4861132125064986,False,l2_logistic_regression,1/2/3/4/5/6/7/9/10/11/12/13/14/15/16/17/18/19/20,True,False,True,physionet/eegmmidb/1.0.0/S008/S008R10.edf,6a7934c18466078caf899f724cf13b665d98e41fac9d978d9521f89021e0377c
8,8,10,3,7,S008_R10_T03,both_feet_imagery,1,both_fists_imagery,0,-1.9262175842791394,False,l2_logistic_regression,1/2/3/4/5/6/7/9/10/11/12/13/14/15/16/17/18/19/20,True,False,True,physionet/eegmmidb/1.0.0/S008/S008R10.edf,6a7934c18466078caf899f724cf13b665d98e41fac9d978d9521f89021e0377c
8,8,10,4,9,S008_R10_T04,both_feet_imagery,1,both_feet_imagery,1,6.731588081284543,True,l2_logistic_regression,1/2/3/4/5/6/7/9/10/11/12/13/14/15/16/17/18/19/20,True,False,True,physionet/eegmmidb/1.0.0/S008/S008R10.edf,6a7934c18466078caf899f724cf13b665d98e41fac9d978d9521f89021e0377c
8,8,10,5,11,S008_R10_T05,both_fists_imagery,0,both_feet_imagery,1,1.786542618166344,False,l2_logistic_regression,1/2/3/4/5/6/7/9/10/11/12/13/14/15/16/17/18/19/20,True,False,True,physionet/eegmmidb/1.0.0/S008/S008R10.edf,6a7934c18466078caf899f724cf13b665d98e41fac9d978d9521f89021e0377c
8,8,10,6,13,S008_R10_T06,both_fists_imagery,0,both_fists_imagery,0,-5.017822770194274,True,l2_logistic_regression,1/2/3/4/5/6/7/9/10/11/12/13/14/15/16/17/18/19/20,True,False,True,physionet/eegmmidb/1.0.0/S008/S008R10.edf,6a7934c18466078caf899f724cf13b665d98e41fac9d978d9521f89021e0377c
8,8,10,7,15,S008_R10_T07,both_feet_imagery,1,both_fists_imagery,0,-3.2114450363392755,False,l2_logistic_regression,1/2/3/4/5/6/7/9/10/11/12/13/14/15/16/17/18/19/20,True,False,True,physionet/eegmmidb/1.0.0/S008/S008R10.edf,6a7934c18466078caf899f724cf13b665d98e41fac9d978d9521f89021e0377c
8,8,10,8,17,S008_R10_T08,both_feet_imagery,1,both_fists_imagery,0,-0.8480569949584911,False,l2_logistic_regression,1/2/3/4/5/6/7/9/10/11/12/13/14/15/16/17/18/19/20,True,False,False,physionet/eegmmidb/1.0.0/S008/S008R10.edf,6a7934c18466078caf899f724cf13b665d98e41fac9d978d9521f89021e0377c
8,8,10,9,19,S008_R10_T09,both_fists_imagery,0,both_fists_imagery,0,-5.154441666263535,True,l2_logistic_regression,1/2/3/4/5/6/7/9/10/11/12/13/14/15/16/17/18/19/20,True,False,False,physionet/eegmmidb/1.0.0/S008/S008R10.edf,6a7934c18466078caf899f724cf13b665d98e41fac9d978d9521f89021e0377c
8,8,10,10,21,S008_R10_T10,both_feet_imagery,1,both_feet_imagery,1,0.20544154140378465,True,l2_logistic_regression,1/2/3/4/5/6/7/9/10/11/12/13/14/15/16/17/18/19/20,True,False,False,physionet/eegmmidb/1.0.0/S008/S008R10.edf,6a7934c18466078caf899f724cf13b665d98e41fac9d978d9521f89021e0377c
8,8,10,11,23,S008_R10_T11,both_fists_imagery,0,both_feet_imagery,1,4.298858542253346,False,l2_logistic_regression,1/2/3/4/5/6/7/9/10/11/12/13/14/15/16/17/18/19/20,True,False,False,physionet/eegmmidb/1.0.0/S008/S008R10.edf,6a7934c18466078caf899f724cf13b665d98e41fac9d978d9521f89021e0377c
8,8,10,12,25,S008_R10_T12,both_fists_imagery,0,both_fists_imagery,0,-4.2260504438151285,True,l2_logistic_regression,1/2/3/4/5/6/7/9/10/11/12/13/14/15/16/17/18/19/20,True,False,False,physionet/eegmmidb/1.0.0/S008/S008R10.edf,6a7934c18466078caf899f724cf13b665d98e41fac9d978d9521f89021e0377c
8,8,10,13,27,S008_R10_T13,both_feet_imagery,1,both_feet_imagery,1,3.579908517732957,True,l2_logistic_regression,1/2/3/4/5/6/7/9/10/11/12/13/14/15/16/17/18/19/20,True,False,True,physionet/eegmmidb/1.0.0/S008/S008R10.edf,6a7934c18466078caf899f724cf13b665d98e41fac9d978d9521f89021e0377c
8,8,10,14,29,S008_R10_T14,both_fists_imagery,0,both_fists_imagery,0,-1.9454350265877622,True,l2_logistic_regression,1/2/3/4/5/6/7/9/10/11/12/13/14/15/16/17/18/19/20,True,False,False,physionet/eegmmidb/1.0.0/S008/S008R10.edf,6a7934c18466078caf899f724cf13b665d98e41fac9d978d9521f89021e0377c
8,8,14,0,1,S008_R14_T00,both_fists_imagery,0,both_fists_imagery,0,-0.5838564299453661,True,l2_logistic_regression,1/2/3/4/5/6/7/9/10/11/12/13/14/15/16/17/18/19/20,True,False,True,physionet/eegmmidb/1.0.0/S008/S008R14.edf,19c943fb32f7749b7e37d8765f84a3bbf76c4ac7ea48ff29fa074322ebcad885
8,8,14,1,3,S008_R14_T01,both_feet_imagery,1,both_feet_imagery,1,8.340104837741581,True,l2_logistic_regression,1/2/3/4/5/6/7/9/10/11/12/13/14/15/16/17/18/19/20,True,False,True,physionet/eegmmidb/1.0.0/S008/S008R14.edf,19c943fb32f7749b7e37d8765f84a3bbf76c4ac7ea48ff29fa074322ebcad885
8,8,14,2,5,S008_R14_T02,both_fists_imagery,0,both_fists_imagery,0,-0.770180352874904,True,l2_logistic_regression,1/2/3/4/5/6/7/9/10/11/12/13/14/15/16/17/18/19/20,True,False,False,physionet/eegmmidb/1.0.0/S008/S008R14.edf,19c943fb32f7749b7e37d8765f84a3bbf76c4ac7ea48ff29fa074322ebcad885
8,8,14,3,7,S008_R14_T03,both_feet_imagery,1,both_feet_imagery,1,9.207106567901715,True,l2_logistic_regression,1/2/3/4/5/6/7/9/10/11/12/13/14/15/16/17/18/19/20,True,False,False,physionet/eegmmidb/1.0.0/S008/S008R14.edf,19c943fb32f7749b7e37d8765f84a3bbf76c4ac7ea48ff29fa074322ebcad885
8,8,14,4,9,S008_R14_T04,both_fists_imagery,0,both_feet_imagery,1,8.436185417600612,False,l2_logistic_regression,1/2/3/4/5/6/7/9/10/11/12/13/14/15/16/17/18/19/20,True,False,True,physionet/eegmmidb/1.0.0/S008/S008R14.edf,19c943fb32f7749b7e37d8765f84a3bbf76c4ac7ea48ff29fa074322ebcad885
8,8,14,5,11,S008_R14_T05,both_feet_imagery,1,both_feet_imagery,1,0.2484025654372251,True,l2_logistic_regression,1/2/3/4/5/6/7/9/10/11/12/13/14/15/16/17/18/19/20,True,False,True,physionet/eegmmidb/1.0.0/S008/S008R14.edf,19c943fb32f7749b7e37d8765f84a3bbf76c4ac7ea48ff29fa074322ebcad885
8,8,14,6,13,S008_R14_T06,both_fists_imagery,0,both_feet_imagery,1,1.8422370875050535,False,l2_logistic_regression,1/2/3/4/5/6/7/9/10/11/12/13/14/15/16/17/18/19/20,True,False,True,physionet/eegmmidb/1.0.0/S008/S008R14.edf,19c943fb32f7749b7e37d8765f84a3bbf76c4ac7ea48ff29fa074322ebcad885
8,8,14,7,15,S008_R14_T07,both_feet_imagery,1,both_feet_imagery,1,1.428443053973799,True,l2_logistic_regression,1/2/3/4/5/6/7/9/10/11/12/13/14/15/16/17/18/19/20,True,False,False,physionet/eegmmidb/1.0.0/S008/S008R14.edf,19c943fb32f7749b7e37d8765f84a3bbf76c4ac7ea48ff29fa074322ebcad885
8,8,14,8,17,S008_R14_T08,both_fists_imagery,0,both_fists_imagery,0,-4.5771074982974085,True,l2_logistic_regression,1/2/3/4/5/6/7/9/10/11/12/13/14/15/16/17/18/19/20,True,False,True,physionet/eegmmidb/1.0.0/S008/S008R14.edf,19c943fb32f7749b7e37d8765f84a3bbf76c4ac7ea48ff29fa074322ebcad885
8,8,14,9,19,S008_R14_T09,both_feet_imagery,1,both_feet_imagery,1,1.4298789254143727,True,l2_logistic_regression,1/2/3/4/5/6/7/9/10/11/12/13/14/15/16/17/18/19/20,True,False,False,physionet/eegmmidb/1.0.0/S008/S008R14.edf,19c943fb32f7749b7e37d8765f84a3bbf76c4ac7ea48ff29fa074322ebcad885
8,8,14,10,21,S008_R14_T10,both_feet_imagery,1,both_feet_imagery,1,11.296248981404652,True,l2_logistic_regression,1/2/3/4/5/6/7/9/10/11/12/13/14/15/16/17/18/19/20,True,False,True,physionet/eegmmidb/1.0.0/S008/S008R14.edf,19c943fb32f7749b7e37d8765f84a3bbf76c4ac7ea48ff29fa074322ebcad885
8,8,14,11,23,S008_R14_T11,both_fists_imagery,0,both_feet_imagery,1,1.9828801722893148,False,l2_logistic_regression,1/2/3/4/5/6/7/9/10/11/12/13/14/15/16/17/18/19/20,True,False,False,physionet/eegmmidb/1.0.0/S008/S008R14.edf,19c943fb32f7749b7e37d8765f84a3bbf76c4ac7ea48ff29fa074322ebcad885
8,8,14,12,25,S008_R14_T12,both_fists_imagery,0,both_fists_imagery,0,-5.765969510966975,True,l2_logistic_regression,1/2/3/4/5/6/7/9/10/11/12/13/14/15/16/17/18/19/20,True,False,False,physionet/eegmmidb/1.0.0/S008/S008R14.edf,19c943fb32f7749b7e37d8765f84a3bbf76c4ac7ea48ff29fa074322ebcad885
8,8,14,13,27,S008_R14_T13,both_feet_imagery,1,both_feet_imagery,1,5.080641386362443,True,l2_logistic_regression,1/2/3/4/5/6/7/9/10/11/12/13/14/15/16/17/18/19/20,True,False,False,physionet/eegmmidb/1.0.0/S008/S008R14.edf,19c943fb32f7749b7e37d8765f84a3bbf76c4ac7ea48ff29fa074322ebcad885
8,8,14,14,29,S008_R14_T14,both_fists_imagery,0,both_feet_imagery,1,0.2676503181098165,False,l2_logistic_regression,1/2/3/4/5/6/7/9/10/11/12/13/14/15/16/17/18/19/20,True,False,False,physionet/eegmmidb/1.0.0/S008/S008R14.edf,19c943fb32f7749b7e37d8765f84a3bbf76c4ac7ea48ff29fa074322ebcad885
9,9,6,0,1,S009_R06_T00,both_feet_imagery,1,both_feet_imagery,1,0.45295740648443406,True,shrinkage_lda,1/2/3/4/5/6/7/8/10/11/12/13/14/15/16/17/18/19/20,True,False,False,physionet/eegmmidb/1.0.0/S009/S009R06.edf,c6665f0c93288610a0f3cc379edb8064072e7b276722358912a76e899bd6b194
9,9,6,1,3,S009_R06_T01,both_fists_imagery,0,both_fists_imagery,0,-0.4601363667187941,True,shrinkage_lda,1/2/3/4/5/6/7/8/10/11/12/13/14/15/16/17/18/19/20,True,False,True,physionet/eegmmidb/1.0.0/S009/S009R06.edf,c6665f0c93288610a0f3cc379edb8064072e7b276722358912a76e899bd6b194
9,9,6,2,5,S009_R06_T02,both_fists_imagery,0,both_feet_imagery,1,6.860984282094242,False,shrinkage_lda,1/2/3/4/5/6/7/8/10/11/12/13/14/15/16/17/18/19/20,True,False,False,physionet/eegmmidb/1.0.0/S009/S009R06.edf,c6665f0c93288610a0f3cc379edb8064072e7b276722358912a76e899bd6b194
9,9,6,3,7,S009_R06_T03,both_feet_imagery,1,both_fists_imagery,0,-1.0023921080276033,False,shrinkage_lda,1/2/3/4/5/6/7/8/10/11/12/13/14/15/16/17/18/19/20,True,False,False,physionet/eegmmidb/1.0.0/S009/S009R06.edf,c6665f0c93288610a0f3cc379edb8064072e7b276722358912a76e899bd6b194
9,9,6,4,9,S009_R06_T04,both_fists_imagery,0,both_feet_imagery,1,0.33845471482792405,False,shrinkage_lda,1/2/3/4/5/6/7/8/10/11/12/13/14/15/16/17/18/19/20,True,False,False,physionet/eegmmidb/1.0.0/S009/S009R06.edf,c6665f0c93288610a0f3cc379edb8064072e7b276722358912a76e899bd6b194
9,9,6,5,11,S009_R06_T05,both_feet_imagery,1,both_feet_imagery,1,8.53753485425425,True,shrinkage_lda,1/2/3/4/5/6/7/8/10/11/12/13/14/15/16/17/18/19/20,True,False,False,physionet/eegmmidb/1.0.0/S009/S009R06.edf,c6665f0c93288610a0f3cc379edb8064072e7b276722358912a76e899bd6b194
9,9,6,6,13,S009_R06_T06,both_feet_imagery,1,both_feet_imagery,1,7.637443483388084,True,shrinkage_lda,1/2/3/4/5/6/7/8/10/11/12/13/14/15/16/17/18/19/20,True,False,False,physionet/eegmmidb/1.0.0/S009/S009R06.edf,c6665f0c93288610a0f3cc379edb8064072e7b276722358912a76e899bd6b194
9,9,6,7,15,S009_R06_T07,both_fists_imagery,0,both_feet_imagery,1,2.806979137174025,False,shrinkage_lda,1/2/3/4/5/6/7/8/10/11/12/13/14/15/16/17/18/19/20,True,False,False,physionet/eegmmidb/1.0.0/S009/S009R06.edf,c6665f0c93288610a0f3cc379edb8064072e7b276722358912a76e899bd6b194
9,9,6,8,17,S009_R06_T08,both_fists_imagery,0,both_feet_imagery,1,0.22412214531148023,False,shrinkage_lda,1/2/3/4/5/6/7/8/10/11/12/13/14/15/16/17/18/19/20,True,False,False,physionet/eegmmidb/1.0.0/S009/S009R06.edf,c6665f0c93288610a0f3cc379edb8064072e7b276722358912a76e899bd6b194
9,9,6,9,19,S009_R06_T09,both_feet_imagery,1,both_fists_imagery,0,-2.4121885842148845,False,shrinkage_lda,1/2/3/4/5/6/7/8/10/11/12/13/14/15/16/17/18/19/20,True,False,False,physionet/eegmmidb/1.0.0/S009/S009R06.edf,c6665f0c93288610a0f3cc379edb8064072e7b276722358912a76e899bd6b194
9,9,6,10,21,S009_R06_T10,both_fists_imagery,0,both_feet_imagery,1,9.6742491318869,False,shrinkage_lda,1/2/3/4/5/6/7/8/10/11/12/13/14/15/16/17/18/19/20,True,False,False,physionet/eegmmidb/1.0.0/S009/S009R06.edf,c6665f0c93288610a0f3cc379edb8064072e7b276722358912a76e899bd6b194
9,9,6,11,23,S009_R06_T11,both_feet_imagery,1,both_feet_imagery,1,8.951148497036627,True,shrinkage_lda,1/2/3/4/5/6/7/8/10/11/12/13/14/15/16/17/18/19/20,True,False,False,physionet/eegmmidb/1.0.0/S009/S009R06.edf,c6665f0c93288610a0f3cc379edb8064072e7b276722358912a76e899bd6b194
9,9,6,12,25,S009_R06_T12,both_feet_imagery,1,both_fists_imagery,0,-2.359451282595006,False,shrinkage_lda,1/2/3/4/5/6/7/8/10/11/12/13/14/15/16/17/18/19/20,True,False,False,physionet/eegmmidb/1.0.0/S009/S009R06.edf,c6665f0c93288610a0f3cc379edb8064072e7b276722358912a76e899bd6b194
9,9,6,13,27,S009_R06_T13,both_fists_imagery,0,both_feet_imagery,1,9.45968008308272,False,shrinkage_lda,1/2/3/4/5/6/7/8/10/11/12/13/14/15/16/17/18/19/20,True,False,True,physionet/eegmmidb/1.0.0/S009/S009R06.edf,c6665f0c93288610a0f3cc379edb8064072e7b276722358912a76e899bd6b194
9,9,6,14,29,S009_R06_T14,both_fists_imagery,0,both_fists_imagery,0,-5.0011613793499095,True,shrinkage_lda,1/2/3/4/5/6/7/8/10/11/12/13/14/15/16/17/18/19/20,True,False,False,physionet/eegmmidb/1.0.0/S009/S009R06.edf,c6665f0c93288610a0f3cc379edb8064072e7b276722358912a76e899bd6b194
9,9,10,0,1,S009_R10_T00,both_fists_imagery,0,both_fists_imagery,0,-6.210151113724157,True,shrinkage_lda,1/2/3/4/5/6/7/8/10/11/12/13/14/15/16/17/18/19/20,True,False,False,physionet/eegmmidb/1.0.0/S009/S009R10.edf,eeeeb3a1fad45ab52993a7696c8f86b0f4cb7de3aa68a62cb2b1379fe87b4084
9,9,10,1,3,S009_R10_T01,both_feet_imagery,1,both_feet_imagery,1,2.3707799297582333,True,shrinkage_lda,1/2/3/4/5/6/7/8/10/11/12/13/14/15/16/17/18/19/20,True,False,False,physionet/eegmmidb/1.0.0/S009/S009R10.edf,eeeeb3a1fad45ab52993a7696c8f86b0f4cb7de3aa68a62cb2b1379fe87b4084
9,9,10,2,5,S009_R10_T02,both_fists_imagery,0,both_feet_imagery,1,12.910139876105635,False,shrinkage_lda,1/2/3/4/5/6/7/8/10/11/12/13/14/15/16/17/18/19/20,True,False,False,physionet/eegmmidb/1.0.0/S009/S009R10.edf,eeeeb3a1fad45ab52993a7696c8f86b0f4cb7de3aa68a62cb2b1379fe87b4084
9,9,10,3,7,S009_R10_T03,both_feet_imagery,1,both_feet_imagery,1,1.1729657778452844,True,shrinkage_lda,1/2/3/4/5/6/7/8/10/11/12/13/14/15/16/17/18/19/20,True,False,False,physionet/eegmmidb/1.0.0/S009/S009R10.edf,eeeeb3a1fad45ab52993a7696c8f86b0f4cb7de3aa68a62cb2b1379fe87b4084
9,9,10,4,9,S009_R10_T04,both_feet_imagery,1,both_feet_imagery,1,3.7097568312382383,True,shrinkage_lda,1/2/3/4/5/6/7/8/10/11/12/13/14/15/16/17/18/19/20,True,False,False,physionet/eegmmidb/1.0.0/S009/S009R10.edf,eeeeb3a1fad45ab52993a7696c8f86b0f4cb7de3aa68a62cb2b1379fe87b4084
9,9,10,5,11,S009_R10_T05,both_fists_imagery,0,both_fists_imagery,0,-0.6747008342390366,True,shrinkage_lda,1/2/3/4/5/6/7/8/10/11/12/13/14/15/16/17/18/19/20,True,False,False,physionet/eegmmidb/1.0.0/S009/S009R10.edf,eeeeb3a1fad45ab52993a7696c8f86b0f4cb7de3aa68a62cb2b1379fe87b4084
9,9,10,6,13,S009_R10_T06,both_fists_imagery,0,both_feet_imagery,1,3.6247007326270406,False,shrinkage_lda,1/2/3/4/5/6/7/8/10/11/12/13/14/15/16/17/18/19/20,True,False,False,physionet/eegmmidb/1.0.0/S009/S009R10.edf,eeeeb3a1fad45ab52993a7696c8f86b0f4cb7de3aa68a62cb2b1379fe87b4084
9,9,10,7,15,S009_R10_T07,both_feet_imagery,1,both_feet_imagery,1,0.5474695885009153,True,shrinkage_lda,1/2/3/4/5/6/7/8/10/11/12/13/14/15/16/17/18/19/20,True,False,False,physionet/eegmmidb/1.0.0/S009/S009R10.edf,eeeeb3a1fad45ab52993a7696c8f86b0f4cb7de3aa68a62cb2b1379fe87b4084
9,9,10,8,17,S009_R10_T08,both_feet_imagery,1,both_fists_imagery,0,-11.411523619661832,False,shrinkage_lda,1/2/3/4/5/6/7/8/10/11/12/13/14/15/16/17/18/19/20,True,False,False,physionet/eegmmidb/1.0.0/S009/S009R10.edf,eeeeb3a1fad45ab52993a7696c8f86b0f4cb7de3aa68a62cb2b1379fe87b4084
9,9,10,9,19,S009_R10_T09,both_fists_imagery,0,both_fists_imagery,0,-0.02707628722971711,True,shrinkage_lda,1/2/3/4/5/6/7/8/10/11/12/13/14/15/16/17/18/19/20,True,False,False,physionet/eegmmidb/1.0.0/S009/S009R10.edf,eeeeb3a1fad45ab52993a7696c8f86b0f4cb7de3aa68a62cb2b1379fe87b4084
9,9,10,10,21,S009_R10_T10,both_feet_imagery,1,both_feet_imagery,1,1.0751855052399004,True,shrinkage_lda,1/2/3/4/5/6/7/8/10/11/12/13/14/15/16/17/18/19/20,True,False,False,physionet/eegmmidb/1.0.0/S009/S009R10.edf,eeeeb3a1fad45ab52993a7696c8f86b0f4cb7de3aa68a62cb2b1379fe87b4084
9,9,10,11,23,S009_R10_T11,both_fists_imagery,0,both_fists_imagery,0,-2.446546180217707,True,shrinkage_lda,1/2/3/4/5/6/7/8/10/11/12/13/14/15/16/17/18/19/20,True,False,False,physionet/eegmmidb/1.0.0/S009/S009R10.edf,eeeeb3a1fad45ab52993a7696c8f86b0f4cb7de3aa68a62cb2b1379fe87b4084
9,9,10,12,25,S009_R10_T12,both_fists_imagery,0,both_fists_imagery,0,-5.8842794920461206,True,shrinkage_lda,1/2/3/4/5/6/7/8/10/11/12/13/14/15/16/17/18/19/20,True,False,False,physionet/eegmmidb/1.0.0/S009/S009R10.edf,eeeeb3a1fad45ab52993a7696c8f86b0f4cb7de3aa68a62cb2b1379fe87b4084
9,9,10,13,27,S009_R10_T13,both_feet_imagery,1,both_feet_imagery,1,5.567131580056785,True,shrinkage_lda,1/2/3/4/5/6/7/8/10/11/12/13/14/15/16/17/18/19/20,True,False,False,physionet/eegmmidb/1.0.0/S009/S009R10.edf,eeeeb3a1fad45ab52993a7696c8f86b0f4cb7de3aa68a62cb2b1379fe87b4084
9,9,10,14,29,S009_R10_T14,both_fists_imagery,0,both_feet_imagery,1,2.162660120401327,False,shrinkage_lda,1/2/3/4/5/6/7/8/10/11/12/13/14/15/16/17/18/19/20,True,False,False,physionet/eegmmidb/1.0.0/S009/S009R10.edf,eeeeb3a1fad45ab52993a7696c8f86b0f4cb7de3aa68a62cb2b1379fe87b4084
9,9,14,0,1,S009_R14_T00,both_feet_imagery,1,both_fists_imagery,0,-2.0487577824071788,False,shrinkage_lda,1/2/3/4/5/6/7/8/10/11/12/13/14/15/16/17/18/19/20,True,False,False,physionet/eegmmidb/1.0.0/S009/S009R14.edf,e9ffb381cf76880a63c95ffe80106e9339a290f1fa9632e7575515b4900a820b
9,9,14,1,3,S009_R14_T01,both_fists_imagery,0,both_feet_imagery,1,5.120687494827887,False,shrinkage_lda,1/2/3/4/5/6/7/8/10/11/12/13/14/15/16/17/18/19/20,True,False,False,physionet/eegmmidb/1.0.0/S009/S009R14.edf,e9ffb381cf76880a63c95ffe80106e9339a290f1fa9632e7575515b4900a820b
9,9,14,2,5,S009_R14_T02,both_feet_imagery,1,both_fists_imagery,0,-4.776848260660276,False,shrinkage_lda,1/2/3/4/5/6/7/8/10/11/12/13/14/15/16/17/18/19/20,True,False,False,physionet/eegmmidb/1.0.0/S009/S009R14.edf,e9ffb381cf76880a63c95ffe80106e9339a290f1fa9632e7575515b4900a820b
9,9,14,3,7,S009_R14_T03,both_fists_imagery,0,both_feet_imagery,1,1.8131528620264463,False,shrinkage_lda,1/2/3/4/5/6/7/8/10/11/12/13/14/15/16/17/18/19/20,True,False,False,physionet/eegmmidb/1.0.0/S009/S009R14.edf,e9ffb381cf76880a63c95ffe80106e9339a290f1fa9632e7575515b4900a820b
9,9,14,4,9,S009_R14_T04,both_fists_imagery,0,both_fists_imagery,0,-2.508025353099381,True,shrinkage_lda,1/2/3/4/5/6/7/8/10/11/12/13/14/15/16/17/18/19/20,True,False,False,physionet/eegmmidb/1.0.0/S009/S009R14.edf,e9ffb381cf76880a63c95ffe80106e9339a290f1fa9632e7575515b4900a820b
9,9,14,5,11,S009_R14_T05,both_feet_imagery,1,both_fists_imagery,0,-13.083737425589586,False,shrinkage_lda,1/2/3/4/5/6/7/8/10/11/12/13/14/15/16/17/18/19/20,True,False,False,physionet/eegmmidb/1.0.0/S009/S009R14.edf,e9ffb381cf76880a63c95ffe80106e9339a290f1fa9632e7575515b4900a820b
9,9,14,6,13,S009_R14_T06,both_fists_imagery,0,both_fists_imagery,0,-2.688024840734679,True,shrinkage_lda,1/2/3/4/5/6/7/8/10/11/12/13/14/15/16/17/18/19/20,True,False,False,physionet/eegmmidb/1.0.0/S009/S009R14.edf,e9ffb381cf76880a63c95ffe80106e9339a290f1fa9632e7575515b4900a820b
9,9,14,7,15,S009_R14_T07,both_feet_imagery,1,both_feet_imagery,1,7.804564369840394,True,shrinkage_lda,1/2/3/4/5/6/7/8/10/11/12/13/14/15/16/17/18/19/20,True,False,False,physionet/eegmmidb/1.0.0/S009/S009R14.edf,e9ffb381cf76880a63c95ffe80106e9339a290f1fa9632e7575515b4900a820b
9,9,14,8,17,S009_R14_T08,both_fists_imagery,0,both_feet_imagery,1,1.7068769097010756,False,shrinkage_lda,1/2/3/4/5/6/7/8/10/11/12/13/14/15/16/17/18/19/20,True,False,False,physionet/eegmmidb/1.0.0/S009/S009R14.edf,e9ffb381cf76880a63c95ffe80106e9339a290f1fa9632e7575515b4900a820b
9,9,14,9,19,S009_R14_T09,both_feet_imagery,1,both_feet_imagery,1,3.5622604189200655,True,shrinkage_lda,1/2/3/4/5/6/7/8/10/11/12/13/14/15/16/17/18/19/20,True,False,False,physionet/eegmmidb/1.0.0/S009/S009R14.edf,e9ffb381cf76880a63c95ffe80106e9339a290f1fa9632e7575515b4900a820b
9,9,14,10,21,S009_R14_T10,both_feet_imagery,1,both_fists_imagery,0,-3.6832832851682764,False,shrinkage_lda,1/2/3/4/5/6/7/8/10/11/12/13/14/15/16/17/18/19/20,True,False,False,physionet/eegmmidb/1.0.0/S009/S009R14.edf,e9ffb381cf76880a63c95ffe80106e9339a290f1fa9632e7575515b4900a820b
9,9,14,11,23,S009_R14_T11,both_fists_imagery,0,both_feet_imagery,1,2.534440597930858,False,shrinkage_lda,1/2/3/4/5/6/7/8/10/11/12/13/14/15/16/17/18/19/20,True,False,False,physionet/eegmmidb/1.0.0/S009/S009R14.edf,e9ffb381cf76880a63c95ffe80106e9339a290f1fa9632e7575515b4900a820b
9,9,14,12,25,S009_R14_T12,both_fists_imagery,0,both_fists_imagery,0,-9.297741221613055,True,shrinkage_lda,1/2/3/4/5/6/7/8/10/11/12/13/14/15/16/17/18/19/20,True,False,False,physionet/eegmmidb/1.0.0/S009/S009R14.edf,e9ffb381cf76880a63c95ffe80106e9339a290f1fa9632e7575515b4900a820b
9,9,14,13,27,S009_R14_T13,both_feet_imagery,1,both_feet_imagery,1,5.1368156782913825,True,shrinkage_lda,1/2/3/4/5/6/7/8/10/11/12/13/14/15/16/17/18/19/20,True,False,False,physionet/eegmmidb/1.0.0/S009/S009R14.edf,e9ffb381cf76880a63c95ffe80106e9339a290f1fa9632e7575515b4900a820b
9,9,14,14,29,S009_R14_T14,both_feet_imagery,1,both_feet_imagery,1,0.3607452054758155,True,shrinkage_lda,1/2/3/4/5/6/7/8/10/11/12/13/14/15/16/17/18/19/20,True,False,False,physionet/eegmmidb/1.0.0/S009/S009R14.edf,e9ffb381cf76880a63c95ffe80106e9339a290f1fa9632e7575515b4900a820b
9,9,6,0,1,S009_R06_T00,both_feet_imagery,1,both_feet_imagery,1,0.4533384491878317,True,l2_logistic_regression,1/2/3/4/5/6/7/8/10/11/12/13/14/15/16/17/18/19/20,True,False,False,physionet/eegmmidb/1.0.0/S009/S009R06.edf,c6665f0c93288610a0f3cc379edb8064072e7b276722358912a76e899bd6b194
9,9,6,1,3,S009_R06_T01,both_fists_imagery,0,both_feet_imagery,1,0.784191658002401,False,l2_logistic_regression,1/2/3/4/5/6/7/8/10/11/12/13/14/15/16/17/18/19/20,True,False,True,physionet/eegmmidb/1.0.0/S009/S009R06.edf,c6665f0c93288610a0f3cc379edb8064072e7b276722358912a76e899bd6b194
9,9,6,2,5,S009_R06_T02,both_fists_imagery,0,both_feet_imagery,1,3.09505347693158,False,l2_logistic_regression,1/2/3/4/5/6/7/8/10/11/12/13/14/15/16/17/18/19/20,True,False,False,physionet/eegmmidb/1.0.0/S009/S009R06.edf,c6665f0c93288610a0f3cc379edb8064072e7b276722358912a76e899bd6b194
9,9,6,3,7,S009_R06_T03,both_feet_imagery,1,both_fists_imagery,0,-0.3705557374246541,False,l2_logistic_regression,1/2/3/4/5/6/7/8/10/11/12/13/14/15/16/17/18/19/20,True,False,False,physionet/eegmmidb/1.0.0/S009/S009R06.edf,c6665f0c93288610a0f3cc379edb8064072e7b276722358912a76e899bd6b194
9,9,6,4,9,S009_R06_T04,both_fists_imagery,0,both_feet_imagery,1,0.37479172682220485,False,l2_logistic_regression,1/2/3/4/5/6/7/8/10/11/12/13/14/15/16/17/18/19/20,True,False,False,physionet/eegmmidb/1.0.0/S009/S009R06.edf,c6665f0c93288610a0f3cc379edb8064072e7b276722358912a76e899bd6b194
9,9,6,5,11,S009_R06_T05,both_feet_imagery,1,both_feet_imagery,1,4.434744060410336,True,l2_logistic_regression,1/2/3/4/5/6/7/8/10/11/12/13/14/15/16/17/18/19/20,True,False,False,physionet/eegmmidb/1.0.0/S009/S009R06.edf,c6665f0c93288610a0f3cc379edb8064072e7b276722358912a76e899bd6b194
9,9,6,6,13,S009_R06_T06,both_feet_imagery,1,both_feet_imagery,1,3.4888546109170235,True,l2_logistic_regression,1/2/3/4/5/6/7/8/10/11/12/13/14/15/16/17/18/19/20,True,False,False,physionet/eegmmidb/1.0.0/S009/S009R06.edf,c6665f0c93288610a0f3cc379edb8064072e7b276722358912a76e899bd6b194
9,9,6,7,15,S009_R06_T07,both_fists_imagery,0,both_feet_imagery,1,1.166290367810784,False,l2_logistic_regression,1/2/3/4/5/6/7/8/10/11/12/13/14/15/16/17/18/19/20,True,False,False,physionet/eegmmidb/1.0.0/S009/S009R06.edf,c6665f0c93288610a0f3cc379edb8064072e7b276722358912a76e899bd6b194
9,9,6,8,17,S009_R06_T08,both_fists_imagery,0,both_feet_imagery,1,0.28212837207766395,False,l2_logistic_regression,1/2/3/4/5/6/7/8/10/11/12/13/14/15/16/17/18/19/20,True,False,False,physionet/eegmmidb/1.0.0/S009/S009R06.edf,c6665f0c93288610a0f3cc379edb8064072e7b276722358912a76e899bd6b194
9,9,6,9,19,S009_R06_T09,both_feet_imagery,1,both_fists_imagery,0,-0.8977196289242714,False,l2_logistic_regression,1/2/3/4/5/6/7/8/10/11/12/13/14/15/16/17/18/19/20,True,False,False,physionet/eegmmidb/1.0.0/S009/S009R06.edf,c6665f0c93288610a0f3cc379edb8064072e7b276722358912a76e899bd6b194
9,9,6,10,21,S009_R06_T10,both_fists_imagery,0,both_feet_imagery,1,3.3468679813953726,False,l2_logistic_regression,1/2/3/4/5/6/7/8/10/11/12/13/14/15/16/17/18/19/20,True,False,False,physionet/eegmmidb/1.0.0/S009/S009R06.edf,c6665f0c93288610a0f3cc379edb8064072e7b276722358912a76e899bd6b194
9,9,6,11,23,S009_R06_T11,both_feet_imagery,1,both_feet_imagery,1,4.277850162973681,True,l2_logistic_regression,1/2/3/4/5/6/7/8/10/11/12/13/14/15/16/17/18/19/20,True,False,False,physionet/eegmmidb/1.0.0/S009/S009R06.edf,c6665f0c93288610a0f3cc379edb8064072e7b276722358912a76e899bd6b194
9,9,6,12,25,S009_R06_T12,both_feet_imagery,1,both_fists_imagery,0,-1.8159369391379139,False,l2_logistic_regression,1/2/3/4/5/6/7/8/10/11/12/13/14/15/16/17/18/19/20,True,False,False,physionet/eegmmidb/1.0.0/S009/S009R06.edf,c6665f0c93288610a0f3cc379edb8064072e7b276722358912a76e899bd6b194
9,9,6,13,27,S009_R06_T13,both_fists_imagery,0,both_feet_imagery,1,5.123253144497128,False,l2_logistic_regression,1/2/3/4/5/6/7/8/10/11/12/13/14/15/16/17/18/19/20,True,False,True,physionet/eegmmidb/1.0.0/S009/S009R06.edf,c6665f0c93288610a0f3cc379edb8064072e7b276722358912a76e899bd6b194
9,9,6,14,29,S009_R06_T14,both_fists_imagery,0,both_fists_imagery,0,-2.514249849597272,True,l2_logistic_regression,1/2/3/4/5/6/7/8/10/11/12/13/14/15/16/17/18/19/20,True,False,False,physionet/eegmmidb/1.0.0/S009/S009R06.edf,c6665f0c93288610a0f3cc379edb8064072e7b276722358912a76e899bd6b194
9,9,10,0,1,S009_R10_T00,both_fists_imagery,0,both_fists_imagery,0,-3.1734355547006263,True,l2_logistic_regression,1/2/3/4/5/6/7/8/10/11/12/13/14/15/16/17/18/19/20,True,False,False,physionet/eegmmidb/1.0.0/S009/S009R10.edf,eeeeb3a1fad45ab52993a7696c8f86b0f4cb7de3aa68a62cb2b1379fe87b4084
9,9,10,1,3,S009_R10_T01,both_feet_imagery,1,both_feet_imagery,1,1.1854248777021599,True,l2_logistic_regression,1/2/3/4/5/6/7/8/10/11/12/13/14/15/16/17/18/19/20,True,False,False,physionet/eegmmidb/1.0.0/S009/S009R10.edf,eeeeb3a1fad45ab52993a7696c8f86b0f4cb7de3aa68a62cb2b1379fe87b4084
9,9,10,2,5,S009_R10_T02,both_fists_imagery,0,both_feet_imagery,1,6.65863606586547,False,l2_logistic_regression,1/2/3/4/5/6/7/8/10/11/12/13/14/15/16/17/18/19/20,True,False,False,physionet/eegmmidb/1.0.0/S009/S009R10.edf,eeeeb3a1fad45ab52993a7696c8f86b0f4cb7de3aa68a62cb2b1379fe87b4084
9,9,10,3,7,S009_R10_T03,both_feet_imagery,1,both_feet_imagery,1,0.5956202283777532,True,l2_logistic_regression,1/2/3/4/5/6/7/8/10/11/12/13/14/15/16/17/18/19/20,True,False,False,physionet/eegmmidb/1.0.0/S009/S009R10.edf,eeeeb3a1fad45ab52993a7696c8f86b0f4cb7de3aa68a62cb2b1379fe87b4084
9,9,10,4,9,S009_R10_T04,both_feet_imagery,1,both_feet_imagery,1,0.8110430611554997,True,l2_logistic_regression,1/2/3/4/5/6/7/8/10/11/12/13/14/15/16/17/18/19/20,True,False,False,physionet/eegmmidb/1.0.0/S009/S009R10.edf,eeeeb3a1fad45ab52993a7696c8f86b0f4cb7de3aa68a62cb2b1379fe87b4084
9,9,10,5,11,S009_R10_T05,both_fists_imagery,0,both_fists_imagery,0,-0.4272836241134539,True,l2_logistic_regression,1/2/3/4/5/6/7/8/10/11/12/13/14/15/16/17/18/19/20,True,False,False,physionet/eegmmidb/1.0.0/S009/S009R10.edf,eeeeb3a1fad45ab52993a7696c8f86b0f4cb7de3aa68a62cb2b1379fe87b4084
9,9,10,6,13,S009_R10_T06,both_fists_imagery,0,both_feet_imagery,1,1.4730268539160662,False,l2_logistic_regression,1/2/3/4/5/6/7/8/10/11/12/13/14/15/16/17/18/19/20,True,False,False,physionet/eegmmidb/1.0.0/S009/S009R10.edf,eeeeb3a1fad45ab52993a7696c8f86b0f4cb7de3aa68a62cb2b1379fe87b4084
9,9,10,7,15,S009_R10_T07,both_feet_imagery,1,both_fists_imagery,0,-0.4592285057878597,False,l2_logistic_regression,1/2/3/4/5/6/7/8/10/11/12/13/14/15/16/17/18/19/20,True,False,False,physionet/eegmmidb/1.0.0/S009/S009R10.edf,eeeeb3a1fad45ab52993a7696c8f86b0f4cb7de3aa68a62cb2b1379fe87b4084
9,9,10,8,17,S009_R10_T08,both_feet_imagery,1,both_fists_imagery,0,-6.5888971971071415,False,l2_logistic_regression,1/2/3/4/5/6/7/8/10/11/12/13/14/15/16/17/18/19/20,True,False,False,physionet/eegmmidb/1.0.0/S009/S009R10.edf,eeeeb3a1fad45ab52993a7696c8f86b0f4cb7de3aa68a62cb2b1379fe87b4084
9,9,10,9,19,S009_R10_T09,both_fists_imagery,0,both_fists_imagery,0,-0.7112524644900198,True,l2_logistic_regression,1/2/3/4/5/6/7/8/10/11/12/13/14/15/16/17/18/19/20,True,False,False,physionet/eegmmidb/1.0.0/S009/S009R10.edf,eeeeb3a1fad45ab52993a7696c8f86b0f4cb7de3aa68a62cb2b1379fe87b4084
9,9,10,10,21,S009_R10_T10,both_feet_imagery,1,both_feet_imagery,1,0.8994512653282226,True,l2_logistic_regression,1/2/3/4/5/6/7/8/10/11/12/13/14/15/16/17/18/19/20,True,False,False,physionet/eegmmidb/1.0.0/S009/S009R10.edf,eeeeb3a1fad45ab52993a7696c8f86b0f4cb7de3aa68a62cb2b1379fe87b4084
9,9,10,11,23,S009_R10_T11,both_fists_imagery,0,both_fists_imagery,0,-1.665535406044723,True,l2_logistic_regression,1/2/3/4/5/6/7/8/10/11/12/13/14/15/16/17/18/19/20,True,False,False,physionet/eegmmidb/1.0.0/S009/S009R10.edf,eeeeb3a1fad45ab52993a7696c8f86b0f4cb7de3aa68a62cb2b1379fe87b4084
9,9,10,12,25,S009_R10_T12,both_fists_imagery,0,both_fists_imagery,0,-2.7079657608538175,True,l2_logistic_regression,1/2/3/4/5/6/7/8/10/11/12/13/14/15/16/17/18/19/20,True,False,False,physionet/eegmmidb/1.0.0/S009/S009R10.edf,eeeeb3a1fad45ab52993a7696c8f86b0f4cb7de3aa68a62cb2b1379fe87b4084
9,9,10,13,27,S009_R10_T13,both_feet_imagery,1,both_feet_imagery,1,3.6056589358666344,True,l2_logistic_regression,1/2/3/4/5/6/7/8/10/11/12/13/14/15/16/17/18/19/20,True,False,False,physionet/eegmmidb/1.0.0/S009/S009R10.edf,eeeeb3a1fad45ab52993a7696c8f86b0f4cb7de3aa68a62cb2b1379fe87b4084
9,9,10,14,29,S009_R10_T14,both_fists_imagery,0,both_feet_imagery,1,0.05468246656831316,False,l2_logistic_regression,1/2/3/4/5/6/7/8/10/11/12/13/14/15/16/17/18/19/20,True,False,False,physionet/eegmmidb/1.0.0/S009/S009R10.edf,eeeeb3a1fad45ab52993a7696c8f86b0f4cb7de3aa68a62cb2b1379fe87b4084
9,9,14,0,1,S009_R14_T00,both_feet_imagery,1,both_fists_imagery,0,-2.516128024472003,False,l2_logistic_regression,1/2/3/4/5/6/7/8/10/11/12/13/14/15/16/17/18/19/20,True,False,False,physionet/eegmmidb/1.0.0/S009/S009R14.edf,e9ffb381cf76880a63c95ffe80106e9339a290f1fa9632e7575515b4900a820b
9,9,14,1,3,S009_R14_T01,both_fists_imagery,0,both_feet_imagery,1,2.91425886720308,False,l2_logistic_regression,1/2/3/4/5/6/7/8/10/11/12/13/14/15/16/17/18/19/20,True,False,False,physionet/eegmmidb/1.0.0/S009/S009R14.edf,e9ffb381cf76880a63c95ffe80106e9339a290f1fa9632e7575515b4900a820b
9,9,14,2,5,S009_R14_T02,both_feet_imagery,1,both_fists_imagery,0,-1.930718655115165,False,l2_logistic_regression,1/2/3/4/5/6/7/8/10/11/12/13/14/15/16/17/18/19/20,True,False,False,physionet/eegmmidb/1.0.0/S009/S009R14.edf,e9ffb381cf76880a63c95ffe80106e9339a290f1fa9632e7575515b4900a820b
9,9,14,3,7,S009_R14_T03,both_fists_imagery,0,both_feet_imagery,1,2.1897985047535444,False,l2_logistic_regression,1/2/3/4/5/6/7/8/10/11/12/13/14/15/16/17/18/19/20,True,False,False,physionet/eegmmidb/1.0.0/S009/S009R14.edf,e9ffb381cf76880a63c95ffe80106e9339a290f1fa9632e7575515b4900a820b
9,9,14,4,9,S009_R14_T04,both_fists_imagery,0,both_fists_imagery,0,-0.31528179981500104,True,l2_logistic_regression,1/2/3/4/5/6/7/8/10/11/12/13/14/15/16/17/18/19/20,True,False,False,physionet/eegmmidb/1.0.0/S009/S009R14.edf,e9ffb381cf76880a63c95ffe80106e9339a290f1fa9632e7575515b4900a820b
9,9,14,5,11,S009_R14_T05,both_feet_imagery,1,both_fists_imagery,0,-6.877751655017235,False,l2_logistic_regression,1/2/3/4/5/6/7/8/10/11/12/13/14/15/16/17/18/19/20,True,False,False,physionet/eegmmidb/1.0.0/S009/S009R14.edf,e9ffb381cf76880a63c95ffe80106e9339a290f1fa9632e7575515b4900a820b
9,9,14,6,13,S009_R14_T06,both_fists_imagery,0,both_fists_imagery,0,-1.376356695818099,True,l2_logistic_regression,1/2/3/4/5/6/7/8/10/11/12/13/14/15/16/17/18/19/20,True,False,False,physionet/eegmmidb/1.0.0/S009/S009R14.edf,e9ffb381cf76880a63c95ffe80106e9339a290f1fa9632e7575515b4900a820b
9,9,14,7,15,S009_R14_T07,both_feet_imagery,1,both_feet_imagery,1,4.049661267522208,True,l2_logistic_regression,1/2/3/4/5/6/7/8/10/11/12/13/14/15/16/17/18/19/20,True,False,False,physionet/eegmmidb/1.0.0/S009/S009R14.edf,e9ffb381cf76880a63c95ffe80106e9339a290f1fa9632e7575515b4900a820b
9,9,14,8,17,S009_R14_T08,both_fists_imagery,0,both_feet_imagery,1,1.2903142113255186,False,l2_logistic_regression,1/2/3/4/5/6/7/8/10/11/12/13/14/15/16/17/18/19/20,True,False,False,physionet/eegmmidb/1.0.0/S009/S009R14.edf,e9ffb381cf76880a63c95ffe80106e9339a290f1fa9632e7575515b4900a820b
9,9,14,9,19,S009_R14_T09,both_feet_imagery,1,both_feet_imagery,1,0.9744617168740904,True,l2_logistic_regression,1/2/3/4/5/6/7/8/10/11/12/13/14/15/16/17/18/19/20,True,False,False,physionet/eegmmidb/1.0.0/S009/S009R14.edf,e9ffb381cf76880a63c95ffe80106e9339a290f1fa9632e7575515b4900a820b
9,9,14,10,21,S009_R14_T10,both_feet_imagery,1,both_fists_imagery,0,-2.0823376107762077,False,l2_logistic_regression,1/2/3/4/5/6/7/8/10/11/12/13/14/15/16/17/18/19/20,True,False,False,physionet/eegmmidb/1.0.0/S009/S009R14.edf,e9ffb381cf76880a63c95ffe80106e9339a290f1fa9632e7575515b4900a820b
9,9,14,11,23,S009_R14_T11,both_fists_imagery,0,both_feet_imagery,1,1.4730449688680707,False,l2_logistic_regression,1/2/3/4/5/6/7/8/10/11/12/13/14/15/16/17/18/19/20,True,False,False,physionet/eegmmidb/1.0.0/S009/S009R14.edf,e9ffb381cf76880a63c95ffe80106e9339a290f1fa9632e7575515b4900a820b
9,9,14,12,25,S009_R14_T12,both_fists_imagery,0,both_fists_imagery,0,-2.925931493526826,True,l2_logistic_regression,1/2/3/4/5/6/7/8/10/11/12/13/14/15/16/17/18/19/20,True,False,False,physionet/eegmmidb/1.0.0/S009/S009R14.edf,e9ffb381cf76880a63c95ffe80106e9339a290f1fa9632e7575515b4900a820b
9,9,14,13,27,S009_R14_T13,both_feet_imagery,1,both_feet_imagery,1,3.4525294164775677,True,l2_logistic_regression,1/2/3/4/5/6/7/8/10/11/12/13/14/15/16/17/18/19/20,True,False,False,physionet/eegmmidb/1.0.0/S009/S009R14.edf,e9ffb381cf76880a63c95ffe80106e9339a290f1fa9632e7575515b4900a820b
9,9,14,14,29,S009_R14_T14,both_feet_imagery,1,both_feet_imagery,1,0.6514001331972096,True,l2_logistic_regression,1/2/3/4/5/6/7/8/10/11/12/13/14/15/16/17/18/19/20,True,False,False,physionet/eegmmidb/1.0.0/S009/S009R14.edf,e9ffb381cf76880a63c95ffe80106e9339a290f1fa9632e7575515b4900a820b
10,10,6,0,1,S010_R06_T00,both_fists_imagery,0,both_fists_imagery,0,-14.244179098999965,True,shrinkage_lda,1/2/3/4/5/6/7/8/9/11/12/13/14/15/16/17/18/19/20,True,False,True,physionet/eegmmidb/1.0.0/S010/S010R06.edf,5f5c213f1f7db4bdb52d8d54e8074d7f5e73655b1e040d41a7916d3d0a00b666
10,10,6,1,3,S010_R06_T01,both_feet_imagery,1,both_feet_imagery,1,3.383719803586238,True,shrinkage_lda,1/2/3/4/5/6/7/8/9/11/12/13/14/15/16/17/18/19/20,True,False,False,physionet/eegmmidb/1.0.0/S010/S010R06.edf,5f5c213f1f7db4bdb52d8d54e8074d7f5e73655b1e040d41a7916d3d0a00b666
10,10,6,2,5,S010_R06_T02,both_fists_imagery,0,both_feet_imagery,1,0.25321558023919,False,shrinkage_lda,1/2/3/4/5/6/7/8/9/11/12/13/14/15/16/17/18/19/20,True,False,True,physionet/eegmmidb/1.0.0/S010/S010R06.edf,5f5c213f1f7db4bdb52d8d54e8074d7f5e73655b1e040d41a7916d3d0a00b666
10,10,6,3,7,S010_R06_T03,both_feet_imagery,1,both_fists_imagery,0,-11.759595656236552,False,shrinkage_lda,1/2/3/4/5/6/7/8/9/11/12/13/14/15/16/17/18/19/20,True,False,False,physionet/eegmmidb/1.0.0/S010/S010R06.edf,5f5c213f1f7db4bdb52d8d54e8074d7f5e73655b1e040d41a7916d3d0a00b666
10,10,6,4,9,S010_R06_T04,both_feet_imagery,1,both_fists_imagery,0,-10.282556218280327,False,shrinkage_lda,1/2/3/4/5/6/7/8/9/11/12/13/14/15/16/17/18/19/20,True,False,False,physionet/eegmmidb/1.0.0/S010/S010R06.edf,5f5c213f1f7db4bdb52d8d54e8074d7f5e73655b1e040d41a7916d3d0a00b666
10,10,6,5,11,S010_R06_T05,both_fists_imagery,0,both_feet_imagery,1,14.2456408402271,False,shrinkage_lda,1/2/3/4/5/6/7/8/9/11/12/13/14/15/16/17/18/19/20,True,False,False,physionet/eegmmidb/1.0.0/S010/S010R06.edf,5f5c213f1f7db4bdb52d8d54e8074d7f5e73655b1e040d41a7916d3d0a00b666
10,10,6,6,13,S010_R06_T06,both_feet_imagery,1,both_feet_imagery,1,17.874062916402934,True,shrinkage_lda,1/2/3/4/5/6/7/8/9/11/12/13/14/15/16/17/18/19/20,True,False,False,physionet/eegmmidb/1.0.0/S010/S010R06.edf,5f5c213f1f7db4bdb52d8d54e8074d7f5e73655b1e040d41a7916d3d0a00b666
10,10,6,7,15,S010_R06_T07,both_fists_imagery,0,both_feet_imagery,1,16.439350834096203,False,shrinkage_lda,1/2/3/4/5/6/7/8/9/11/12/13/14/15/16/17/18/19/20,True,False,False,physionet/eegmmidb/1.0.0/S010/S010R06.edf,5f5c213f1f7db4bdb52d8d54e8074d7f5e73655b1e040d41a7916d3d0a00b666
10,10,6,8,17,S010_R06_T08,both_feet_imagery,1,both_feet_imagery,1,10.583719910747543,True,shrinkage_lda,1/2/3/4/5/6/7/8/9/11/12/13/14/15/16/17/18/19/20,True,False,False,physionet/eegmmidb/1.0.0/S010/S010R06.edf,5f5c213f1f7db4bdb52d8d54e8074d7f5e73655b1e040d41a7916d3d0a00b666
10,10,6,9,19,S010_R06_T09,both_fists_imagery,0,both_feet_imagery,1,2.4983936424743,False,shrinkage_lda,1/2/3/4/5/6/7/8/9/11/12/13/14/15/16/17/18/19/20,True,False,False,physionet/eegmmidb/1.0.0/S010/S010R06.edf,5f5c213f1f7db4bdb52d8d54e8074d7f5e73655b1e040d41a7916d3d0a00b666
10,10,6,10,21,S010_R06_T10,both_fists_imagery,0,both_feet_imagery,1,11.214574511606273,False,shrinkage_lda,1/2/3/4/5/6/7/8/9/11/12/13/14/15/16/17/18/19/20,True,False,True,physionet/eegmmidb/1.0.0/S010/S010R06.edf,5f5c213f1f7db4bdb52d8d54e8074d7f5e73655b1e040d41a7916d3d0a00b666
10,10,6,11,23,S010_R06_T11,both_feet_imagery,1,both_feet_imagery,1,4.096660804913982,True,shrinkage_lda,1/2/3/4/5/6/7/8/9/11/12/13/14/15/16/17/18/19/20,True,False,True,physionet/eegmmidb/1.0.0/S010/S010R06.edf,5f5c213f1f7db4bdb52d8d54e8074d7f5e73655b1e040d41a7916d3d0a00b666
10,10,6,12,25,S010_R06_T12,both_feet_imagery,1,both_feet_imagery,1,19.326734273336115,True,shrinkage_lda,1/2/3/4/5/6/7/8/9/11/12/13/14/15/16/17/18/19/20,True,False,False,physionet/eegmmidb/1.0.0/S010/S010R06.edf,5f5c213f1f7db4bdb52d8d54e8074d7f5e73655b1e040d41a7916d3d0a00b666
10,10,6,13,27,S010_R06_T13,both_fists_imagery,0,both_feet_imagery,1,2.0780966608253975,False,shrinkage_lda,1/2/3/4/5/6/7/8/9/11/12/13/14/15/16/17/18/19/20,True,False,True,physionet/eegmmidb/1.0.0/S010/S010R06.edf,5f5c213f1f7db4bdb52d8d54e8074d7f5e73655b1e040d41a7916d3d0a00b666
10,10,6,14,29,S010_R06_T14,both_feet_imagery,1,both_feet_imagery,1,8.529876136914911,True,shrinkage_lda,1/2/3/4/5/6/7/8/9/11/12/13/14/15/16/17/18/19/20,True,False,True,physionet/eegmmidb/1.0.0/S010/S010R06.edf,5f5c213f1f7db4bdb52d8d54e8074d7f5e73655b1e040d41a7916d3d0a00b666
10,10,10,0,1,S010_R10_T00,both_feet_imagery,1,both_feet_imagery,1,18.495684430332894,True,shrinkage_lda,1/2/3/4/5/6/7/8/9/11/12/13/14/15/16/17/18/19/20,True,False,False,physionet/eegmmidb/1.0.0/S010/S010R10.edf,693b0d9240095c01eb8ec5b2d0b3887cfbb8fbfeb85a04076b79c297b5b7d42c
10,10,10,1,3,S010_R10_T01,both_fists_imagery,0,both_feet_imagery,1,3.550862498189109,False,shrinkage_lda,1/2/3/4/5/6/7/8/9/11/12/13/14/15/16/17/18/19/20,True,False,False,physionet/eegmmidb/1.0.0/S010/S010R10.edf,693b0d9240095c01eb8ec5b2d0b3887cfbb8fbfeb85a04076b79c297b5b7d42c
10,10,10,2,5,S010_R10_T02,both_feet_imagery,1,both_feet_imagery,1,16.221345169206568,True,shrinkage_lda,1/2/3/4/5/6/7/8/9/11/12/13/14/15/16/17/18/19/20,True,False,False,physionet/eegmmidb/1.0.0/S010/S010R10.edf,693b0d9240095c01eb8ec5b2d0b3887cfbb8fbfeb85a04076b79c297b5b7d42c
10,10,10,3,7,S010_R10_T03,both_fists_imagery,0,both_fists_imagery,0,-5.730999172399764,True,shrinkage_lda,1/2/3/4/5/6/7/8/9/11/12/13/14/15/16/17/18/19/20,True,False,False,physionet/eegmmidb/1.0.0/S010/S010R10.edf,693b0d9240095c01eb8ec5b2d0b3887cfbb8fbfeb85a04076b79c297b5b7d42c
10,10,10,4,9,S010_R10_T04,both_fists_imagery,0,both_fists_imagery,0,-11.43398121376087,True,shrinkage_lda,1/2/3/4/5/6/7/8/9/11/12/13/14/15/16/17/18/19/20,True,False,False,physionet/eegmmidb/1.0.0/S010/S010R10.edf,693b0d9240095c01eb8ec5b2d0b3887cfbb8fbfeb85a04076b79c297b5b7d42c
10,10,10,5,11,S010_R10_T05,both_feet_imagery,1,both_fists_imagery,0,-2.4130837142235584,False,shrinkage_lda,1/2/3/4/5/6/7/8/9/11/12/13/14/15/16/17/18/19/20,True,False,True,physionet/eegmmidb/1.0.0/S010/S010R10.edf,693b0d9240095c01eb8ec5b2d0b3887cfbb8fbfeb85a04076b79c297b5b7d42c
10,10,10,6,13,S010_R10_T06,both_feet_imagery,1,both_feet_imagery,1,0.9614119118691209,True,shrinkage_lda,1/2/3/4/5/6/7/8/9/11/12/13/14/15/16/17/18/19/20,True,False,False,physionet/eegmmidb/1.0.0/S010/S010R10.edf,693b0d9240095c01eb8ec5b2d0b3887cfbb8fbfeb85a04076b79c297b5b7d42c
10,10,10,7,15,S010_R10_T07,both_fists_imagery,0,both_feet_imagery,1,1.1145206533640186,False,shrinkage_lda,1/2/3/4/5/6/7/8/9/11/12/13/14/15/16/17/18/19/20,True,False,False,physionet/eegmmidb/1.0.0/S010/S010R10.edf,693b0d9240095c01eb8ec5b2d0b3887cfbb8fbfeb85a04076b79c297b5b7d42c
10,10,10,8,17,S010_R10_T08,both_fists_imagery,0,both_fists_imagery,0,-7.916776260490647,True,shrinkage_lda,1/2/3/4/5/6/7/8/9/11/12/13/14/15/16/17/18/19/20,True,False,False,physionet/eegmmidb/1.0.0/S010/S010R10.edf,693b0d9240095c01eb8ec5b2d0b3887cfbb8fbfeb85a04076b79c297b5b7d42c
10,10,10,9,19,S010_R10_T09,both_feet_imagery,1,both_feet_imagery,1,17.125636796999547,True,shrinkage_lda,1/2/3/4/5/6/7/8/9/11/12/13/14/15/16/17/18/19/20,True,False,False,physionet/eegmmidb/1.0.0/S010/S010R10.edf,693b0d9240095c01eb8ec5b2d0b3887cfbb8fbfeb85a04076b79c297b5b7d42c
10,10,10,10,21,S010_R10_T10,both_feet_imagery,1,both_fists_imagery,0,-1.2146975335744017,False,shrinkage_lda,1/2/3/4/5/6/7/8/9/11/12/13/14/15/16/17/18/19/20,True,False,True,physionet/eegmmidb/1.0.0/S010/S010R10.edf,693b0d9240095c01eb8ec5b2d0b3887cfbb8fbfeb85a04076b79c297b5b7d42c
10,10,10,11,23,S010_R10_T11,both_fists_imagery,0,both_fists_imagery,0,-7.66174093071706,True,shrinkage_lda,1/2/3/4/5/6/7/8/9/11/12/13/14/15/16/17/18/19/20,True,False,False,physionet/eegmmidb/1.0.0/S010/S010R10.edf,693b0d9240095c01eb8ec5b2d0b3887cfbb8fbfeb85a04076b79c297b5b7d42c
10,10,10,12,25,S010_R10_T12,both_feet_imagery,1,both_feet_imagery,1,18.201271893667954,True,shrinkage_lda,1/2/3/4/5/6/7/8/9/11/12/13/14/15/16/17/18/19/20,True,False,False,physionet/eegmmidb/1.0.0/S010/S010R10.edf,693b0d9240095c01eb8ec5b2d0b3887cfbb8fbfeb85a04076b79c297b5b7d42c
10,10,10,13,27,S010_R10_T13,both_fists_imagery,0,both_feet_imagery,1,1.6114965607863971,False,shrinkage_lda,1/2/3/4/5/6/7/8/9/11/12/13/14/15/16/17/18/19/20,True,False,True,physionet/eegmmidb/1.0.0/S010/S010R10.edf,693b0d9240095c01eb8ec5b2d0b3887cfbb8fbfeb85a04076b79c297b5b7d42c
10,10,10,14,29,S010_R10_T14,both_fists_imagery,0,both_fists_imagery,0,-0.6581771990949599,True,shrinkage_lda,1/2/3/4/5/6/7/8/9/11/12/13/14/15/16/17/18/19/20,True,False,False,physionet/eegmmidb/1.0.0/S010/S010R10.edf,693b0d9240095c01eb8ec5b2d0b3887cfbb8fbfeb85a04076b79c297b5b7d42c
10,10,14,0,1,S010_R14_T00,both_fists_imagery,0,both_feet_imagery,1,2.9492450475283998,False,shrinkage_lda,1/2/3/4/5/6/7/8/9/11/12/13/14/15/16/17/18/19/20,True,False,False,physionet/eegmmidb/1.0.0/S010/S010R14.edf,138893d950405102e1536365290ac15255688eaab181170afbd5178e6714ae2e
10,10,14,1,3,S010_R14_T01,both_feet_imagery,1,both_feet_imagery,1,10.14164741802464,True,shrinkage_lda,1/2/3/4/5/6/7/8/9/11/12/13/14/15/16/17/18/19/20,True,False,True,physionet/eegmmidb/1.0.0/S010/S010R14.edf,138893d950405102e1536365290ac15255688eaab181170afbd5178e6714ae2e
10,10,14,2,5,S010_R14_T02,both_fists_imagery,0,both_fists_imagery,0,-6.155250810986949,True,shrinkage_lda,1/2/3/4/5/6/7/8/9/11/12/13/14/15/16/17/18/19/20,True,False,False,physionet/eegmmidb/1.0.0/S010/S010R14.edf,138893d950405102e1536365290ac15255688eaab181170afbd5178e6714ae2e
10,10,14,3,7,S010_R14_T03,both_feet_imagery,1,both_feet_imagery,1,5.435771875916066,True,shrinkage_lda,1/2/3/4/5/6/7/8/9/11/12/13/14/15/16/17/18/19/20,True,False,False,physionet/eegmmidb/1.0.0/S010/S010R14.edf,138893d950405102e1536365290ac15255688eaab181170afbd5178e6714ae2e
10,10,14,4,9,S010_R14_T04,both_feet_imagery,1,both_feet_imagery,1,9.743715389266256,True,shrinkage_lda,1/2/3/4/5/6/7/8/9/11/12/13/14/15/16/17/18/19/20,True,False,False,physionet/eegmmidb/1.0.0/S010/S010R14.edf,138893d950405102e1536365290ac15255688eaab181170afbd5178e6714ae2e
10,10,14,5,11,S010_R14_T05,both_fists_imagery,0,both_fists_imagery,0,-4.6450762009599424,True,shrinkage_lda,1/2/3/4/5/6/7/8/9/11/12/13/14/15/16/17/18/19/20,True,False,False,physionet/eegmmidb/1.0.0/S010/S010R14.edf,138893d950405102e1536365290ac15255688eaab181170afbd5178e6714ae2e
10,10,14,6,13,S010_R14_T06,both_feet_imagery,1,both_feet_imagery,1,4.487272534666331,True,shrinkage_lda,1/2/3/4/5/6/7/8/9/11/12/13/14/15/16/17/18/19/20,True,False,False,physionet/eegmmidb/1.0.0/S010/S010R14.edf,138893d950405102e1536365290ac15255688eaab181170afbd5178e6714ae2e
10,10,14,7,15,S010_R14_T07,both_fists_imagery,0,both_fists_imagery,0,-1.5076613266421903,True,shrinkage_lda,1/2/3/4/5/6/7/8/9/11/12/13/14/15/16/17/18/19/20,True,False,False,physionet/eegmmidb/1.0.0/S010/S010R14.edf,138893d950405102e1536365290ac15255688eaab181170afbd5178e6714ae2e
10,10,14,8,17,S010_R14_T08,both_fists_imagery,0,both_feet_imagery,1,2.7052852596778116,False,shrinkage_lda,1/2/3/4/5/6/7/8/9/11/12/13/14/15/16/17/18/19/20,True,False,False,physionet/eegmmidb/1.0.0/S010/S010R14.edf,138893d950405102e1536365290ac15255688eaab181170afbd5178e6714ae2e
10,10,14,9,19,S010_R14_T09,both_feet_imagery,1,both_feet_imagery,1,4.34334586912335,True,shrinkage_lda,1/2/3/4/5/6/7/8/9/11/12/13/14/15/16/17/18/19/20,True,False,False,physionet/eegmmidb/1.0.0/S010/S010R14.edf,138893d950405102e1536365290ac15255688eaab181170afbd5178e6714ae2e
10,10,14,10,21,S010_R14_T10,both_feet_imagery,1,both_feet_imagery,1,14.101150462587928,True,shrinkage_lda,1/2/3/4/5/6/7/8/9/11/12/13/14/15/16/17/18/19/20,True,False,False,physionet/eegmmidb/1.0.0/S010/S010R14.edf,138893d950405102e1536365290ac15255688eaab181170afbd5178e6714ae2e
10,10,14,11,23,S010_R14_T11,both_fists_imagery,0,both_fists_imagery,0,-0.4580871321048531,True,shrinkage_lda,1/2/3/4/5/6/7/8/9/11/12/13/14/15/16/17/18/19/20,True,False,False,physionet/eegmmidb/1.0.0/S010/S010R14.edf,138893d950405102e1536365290ac15255688eaab181170afbd5178e6714ae2e
10,10,14,12,25,S010_R14_T12,both_feet_imagery,1,both_fists_imagery,0,-2.7884534089611384,False,shrinkage_lda,1/2/3/4/5/6/7/8/9/11/12/13/14/15/16/17/18/19/20,True,False,False,physionet/eegmmidb/1.0.0/S010/S010R14.edf,138893d950405102e1536365290ac15255688eaab181170afbd5178e6714ae2e
10,10,14,13,27,S010_R14_T13,both_fists_imagery,0,both_fists_imagery,0,-14.629617076193028,True,shrinkage_lda,1/2/3/4/5/6/7/8/9/11/12/13/14/15/16/17/18/19/20,True,False,False,physionet/eegmmidb/1.0.0/S010/S010R14.edf,138893d950405102e1536365290ac15255688eaab181170afbd5178e6714ae2e
10,10,14,14,29,S010_R14_T14,both_fists_imagery,0,both_fists_imagery,0,-4.607253224427138,True,shrinkage_lda,1/2/3/4/5/6/7/8/9/11/12/13/14/15/16/17/18/19/20,True,False,False,physionet/eegmmidb/1.0.0/S010/S010R14.edf,138893d950405102e1536365290ac15255688eaab181170afbd5178e6714ae2e
10,10,6,0,1,S010_R06_T00,both_fists_imagery,0,both_fists_imagery,0,-7.54589105257758,True,l2_logistic_regression,1/2/3/4/5/6/7/8/9/11/12/13/14/15/16/17/18/19/20,True,False,True,physionet/eegmmidb/1.0.0/S010/S010R06.edf,5f5c213f1f7db4bdb52d8d54e8074d7f5e73655b1e040d41a7916d3d0a00b666
10,10,6,1,3,S010_R06_T01,both_feet_imagery,1,both_feet_imagery,1,0.8065195786364111,True,l2_logistic_regression,1/2/3/4/5/6/7/8/9/11/12/13/14/15/16/17/18/19/20,True,False,False,physionet/eegmmidb/1.0.0/S010/S010R06.edf,5f5c213f1f7db4bdb52d8d54e8074d7f5e73655b1e040d41a7916d3d0a00b666
10,10,6,2,5,S010_R06_T02,both_fists_imagery,0,both_feet_imagery,1,1.2332061664183571,False,l2_logistic_regression,1/2/3/4/5/6/7/8/9/11/12/13/14/15/16/17/18/19/20,True,False,True,physionet/eegmmidb/1.0.0/S010/S010R06.edf,5f5c213f1f7db4bdb52d8d54e8074d7f5e73655b1e040d41a7916d3d0a00b666
10,10,6,3,7,S010_R06_T03,both_feet_imagery,1,both_fists_imagery,0,-5.88553594657158,False,l2_logistic_regression,1/2/3/4/5/6/7/8/9/11/12/13/14/15/16/17/18/19/20,True,False,False,physionet/eegmmidb/1.0.0/S010/S010R06.edf,5f5c213f1f7db4bdb52d8d54e8074d7f5e73655b1e040d41a7916d3d0a00b666
10,10,6,4,9,S010_R06_T04,both_feet_imagery,1,both_fists_imagery,0,-5.120902781758725,False,l2_logistic_regression,1/2/3/4/5/6/7/8/9/11/12/13/14/15/16/17/18/19/20,True,False,False,physionet/eegmmidb/1.0.0/S010/S010R06.edf,5f5c213f1f7db4bdb52d8d54e8074d7f5e73655b1e040d41a7916d3d0a00b666
10,10,6,5,11,S010_R06_T05,both_fists_imagery,0,both_feet_imagery,1,10.020040984463686,False,l2_logistic_regression,1/2/3/4/5/6/7/8/9/11/12/13/14/15/16/17/18/19/20,True,False,False,physionet/eegmmidb/1.0.0/S010/S010R06.edf,5f5c213f1f7db4bdb52d8d54e8074d7f5e73655b1e040d41a7916d3d0a00b666
10,10,6,6,13,S010_R06_T06,both_feet_imagery,1,both_feet_imagery,1,7.62131146153971,True,l2_logistic_regression,1/2/3/4/5/6/7/8/9/11/12/13/14/15/16/17/18/19/20,True,False,False,physionet/eegmmidb/1.0.0/S010/S010R06.edf,5f5c213f1f7db4bdb52d8d54e8074d7f5e73655b1e040d41a7916d3d0a00b666
10,10,6,7,15,S010_R06_T07,both_fists_imagery,0,both_feet_imagery,1,8.732926784187402,False,l2_logistic_regression,1/2/3/4/5/6/7/8/9/11/12/13/14/15/16/17/18/19/20,True,False,False,physionet/eegmmidb/1.0.0/S010/S010R06.edf,5f5c213f1f7db4bdb52d8d54e8074d7f5e73655b1e040d41a7916d3d0a00b666
10,10,6,8,17,S010_R06_T08,both_feet_imagery,1,both_feet_imagery,1,7.8890883548628965,True,l2_logistic_regression,1/2/3/4/5/6/7/8/9/11/12/13/14/15/16/17/18/19/20,True,False,False,physionet/eegmmidb/1.0.0/S010/S010R06.edf,5f5c213f1f7db4bdb52d8d54e8074d7f5e73655b1e040d41a7916d3d0a00b666
10,10,6,9,19,S010_R06_T09,both_fists_imagery,0,both_fists_imagery,0,-0.07515139323521251,True,l2_logistic_regression,1/2/3/4/5/6/7/8/9/11/12/13/14/15/16/17/18/19/20,True,False,False,physionet/eegmmidb/1.0.0/S010/S010R06.edf,5f5c213f1f7db4bdb52d8d54e8074d7f5e73655b1e040d41a7916d3d0a00b666
10,10,6,10,21,S010_R06_T10,both_fists_imagery,0,both_feet_imagery,1,4.7735125988627525,False,l2_logistic_regression,1/2/3/4/5/6/7/8/9/11/12/13/14/15/16/17/18/19/20,True,False,True,physionet/eegmmidb/1.0.0/S010/S010R06.edf,5f5c213f1f7db4bdb52d8d54e8074d7f5e73655b1e040d41a7916d3d0a00b666
10,10,6,11,23,S010_R06_T11,both_feet_imagery,1,both_feet_imagery,1,0.4390972325969927,True,l2_logistic_regression,1/2/3/4/5/6/7/8/9/11/12/13/14/15/16/17/18/19/20,True,False,True,physionet/eegmmidb/1.0.0/S010/S010R06.edf,5f5c213f1f7db4bdb52d8d54e8074d7f5e73655b1e040d41a7916d3d0a00b666
10,10,6,12,25,S010_R06_T12,both_feet_imagery,1,both_feet_imagery,1,12.314288921988393,True,l2_logistic_regression,1/2/3/4/5/6/7/8/9/11/12/13/14/15/16/17/18/19/20,True,False,False,physionet/eegmmidb/1.0.0/S010/S010R06.edf,5f5c213f1f7db4bdb52d8d54e8074d7f5e73655b1e040d41a7916d3d0a00b666
10,10,6,13,27,S010_R06_T13,both_fists_imagery,0,both_feet_imagery,1,3.0272485017360276,False,l2_logistic_regression,1/2/3/4/5/6/7/8/9/11/12/13/14/15/16/17/18/19/20,True,False,True,physionet/eegmmidb/1.0.0/S010/S010R06.edf,5f5c213f1f7db4bdb52d8d54e8074d7f5e73655b1e040d41a7916d3d0a00b666
10,10,6,14,29,S010_R06_T14,both_feet_imagery,1,both_feet_imagery,1,4.53851552954243,True,l2_logistic_regression,1/2/3/4/5/6/7/8/9/11/12/13/14/15/16/17/18/19/20,True,False,True,physionet/eegmmidb/1.0.0/S010/S010R06.edf,5f5c213f1f7db4bdb52d8d54e8074d7f5e73655b1e040d41a7916d3d0a00b666
10,10,10,0,1,S010_R10_T00,both_feet_imagery,1,both_feet_imagery,1,8.668211745500496,True,l2_logistic_regression,1/2/3/4/5/6/7/8/9/11/12/13/14/15/16/17/18/19/20,True,False,False,physionet/eegmmidb/1.0.0/S010/S010R10.edf,693b0d9240095c01eb8ec5b2d0b3887cfbb8fbfeb85a04076b79c297b5b7d42c
10,10,10,1,3,S010_R10_T01,both_fists_imagery,0,both_feet_imagery,1,0.6041280414845536,False,l2_logistic_regression,1/2/3/4/5/6/7/8/9/11/12/13/14/15/16/17/18/19/20,True,False,False,physionet/eegmmidb/1.0.0/S010/S010R10.edf,693b0d9240095c01eb8ec5b2d0b3887cfbb8fbfeb85a04076b79c297b5b7d42c
10,10,10,2,5,S010_R10_T02,both_feet_imagery,1,both_feet_imagery,1,8.62372011693145,True,l2_logistic_regression,1/2/3/4/5/6/7/8/9/11/12/13/14/15/16/17/18/19/20,True,False,False,physionet/eegmmidb/1.0.0/S010/S010R10.edf,693b0d9240095c01eb8ec5b2d0b3887cfbb8fbfeb85a04076b79c297b5b7d42c
10,10,10,3,7,S010_R10_T03,both_fists_imagery,0,both_fists_imagery,0,-4.740553901700979,True,l2_logistic_regression,1/2/3/4/5/6/7/8/9/11/12/13/14/15/16/17/18/19/20,True,False,False,physionet/eegmmidb/1.0.0/S010/S010R10.edf,693b0d9240095c01eb8ec5b2d0b3887cfbb8fbfeb85a04076b79c297b5b7d42c
10,10,10,4,9,S010_R10_T04,both_fists_imagery,0,both_fists_imagery,0,-6.443822937073926,True,l2_logistic_regression,1/2/3/4/5/6/7/8/9/11/12/13/14/15/16/17/18/19/20,True,False,False,physionet/eegmmidb/1.0.0/S010/S010R10.edf,693b0d9240095c01eb8ec5b2d0b3887cfbb8fbfeb85a04076b79c297b5b7d42c
10,10,10,5,11,S010_R10_T05,both_feet_imagery,1,both_fists_imagery,0,-1.2237773898779187,False,l2_logistic_regression,1/2/3/4/5/6/7/8/9/11/12/13/14/15/16/17/18/19/20,True,False,True,physionet/eegmmidb/1.0.0/S010/S010R10.edf,693b0d9240095c01eb8ec5b2d0b3887cfbb8fbfeb85a04076b79c297b5b7d42c
10,10,10,6,13,S010_R10_T06,both_feet_imagery,1,both_fists_imagery,0,-0.35410289844077414,False,l2_logistic_regression,1/2/3/4/5/6/7/8/9/11/12/13/14/15/16/17/18/19/20,True,False,False,physionet/eegmmidb/1.0.0/S010/S010R10.edf,693b0d9240095c01eb8ec5b2d0b3887cfbb8fbfeb85a04076b79c297b5b7d42c
10,10,10,7,15,S010_R10_T07,both_fists_imagery,0,both_fists_imagery,0,-0.8839208313269488,True,l2_logistic_regression,1/2/3/4/5/6/7/8/9/11/12/13/14/15/16/17/18/19/20,True,False,False,physionet/eegmmidb/1.0.0/S010/S010R10.edf,693b0d9240095c01eb8ec5b2d0b3887cfbb8fbfeb85a04076b79c297b5b7d42c
10,10,10,8,17,S010_R10_T08,both_fists_imagery,0,both_fists_imagery,0,-4.681214895009476,True,l2_logistic_regression,1/2/3/4/5/6/7/8/9/11/12/13/14/15/16/17/18/19/20,True,False,False,physionet/eegmmidb/1.0.0/S010/S010R10.edf,693b0d9240095c01eb8ec5b2d0b3887cfbb8fbfeb85a04076b79c297b5b7d42c
10,10,10,9,19,S010_R10_T09,both_feet_imagery,1,both_feet_imagery,1,9.907168304965609,True,l2_logistic_regression,1/2/3/4/5/6/7/8/9/11/12/13/14/15/16/17/18/19/20,True,False,False,physionet/eegmmidb/1.0.0/S010/S010R10.edf,693b0d9240095c01eb8ec5b2d0b3887cfbb8fbfeb85a04076b79c297b5b7d42c
10,10,10,10,21,S010_R10_T10,both_feet_imagery,1,both_feet_imagery,1,0.5555134636044078,True,l2_logistic_regression,1/2/3/4/5/6/7/8/9/11/12/13/14/15/16/17/18/19/20,True,False,True,physionet/eegmmidb/1.0.0/S010/S010R10.edf,693b0d9240095c01eb8ec5b2d0b3887cfbb8fbfeb85a04076b79c297b5b7d42c
10,10,10,11,23,S010_R10_T11,both_fists_imagery,0,both_fists_imagery,0,-3.189065960066764,True,l2_logistic_regression,1/2/3/4/5/6/7/8/9/11/12/13/14/15/16/17/18/19/20,True,False,False,physionet/eegmmidb/1.0.0/S010/S010R10.edf,693b0d9240095c01eb8ec5b2d0b3887cfbb8fbfeb85a04076b79c297b5b7d42c
10,10,10,12,25,S010_R10_T12,both_feet_imagery,1,both_feet_imagery,1,10.76574152419673,True,l2_logistic_regression,1/2/3/4/5/6/7/8/9/11/12/13/14/15/16/17/18/19/20,True,False,False,physionet/eegmmidb/1.0.0/S010/S010R10.edf,693b0d9240095c01eb8ec5b2d0b3887cfbb8fbfeb85a04076b79c297b5b7d42c
10,10,10,13,27,S010_R10_T13,both_fists_imagery,0,both_feet_imagery,1,0.6400959978568876,False,l2_logistic_regression,1/2/3/4/5/6/7/8/9/11/12/13/14/15/16/17/18/19/20,True,False,True,physionet/eegmmidb/1.0.0/S010/S010R10.edf,693b0d9240095c01eb8ec5b2d0b3887cfbb8fbfeb85a04076b79c297b5b7d42c
10,10,10,14,29,S010_R10_T14,both_fists_imagery,0,both_fists_imagery,0,-2.237620205802532,True,l2_logistic_regression,1/2/3/4/5/6/7/8/9/11/12/13/14/15/16/17/18/19/20,True,False,False,physionet/eegmmidb/1.0.0/S010/S010R10.edf,693b0d9240095c01eb8ec5b2d0b3887cfbb8fbfeb85a04076b79c297b5b7d42c
10,10,14,0,1,S010_R14_T00,both_fists_imagery,0,both_feet_imagery,1,2.4064542454379856,False,l2_logistic_regression,1/2/3/4/5/6/7/8/9/11/12/13/14/15/16/17/18/19/20,True,False,False,physionet/eegmmidb/1.0.0/S010/S010R14.edf,138893d950405102e1536365290ac15255688eaab181170afbd5178e6714ae2e
10,10,14,1,3,S010_R14_T01,both_feet_imagery,1,both_feet_imagery,1,4.518126909256535,True,l2_logistic_regression,1/2/3/4/5/6/7/8/9/11/12/13/14/15/16/17/18/19/20,True,False,True,physionet/eegmmidb/1.0.0/S010/S010R14.edf,138893d950405102e1536365290ac15255688eaab181170afbd5178e6714ae2e
10,10,14,2,5,S010_R14_T02,both_fists_imagery,0,both_fists_imagery,0,-3.522421607908581,True,l2_logistic_regression,1/2/3/4/5/6/7/8/9/11/12/13/14/15/16/17/18/19/20,True,False,False,physionet/eegmmidb/1.0.0/S010/S010R14.edf,138893d950405102e1536365290ac15255688eaab181170afbd5178e6714ae2e
10,10,14,3,7,S010_R14_T03,both_feet_imagery,1,both_feet_imagery,1,3.683176563207825,True,l2_logistic_regression,1/2/3/4/5/6/7/8/9/11/12/13/14/15/16/17/18/19/20,True,False,False,physionet/eegmmidb/1.0.0/S010/S010R14.edf,138893d950405102e1536365290ac15255688eaab181170afbd5178e6714ae2e
10,10,14,4,9,S010_R14_T04,both_feet_imagery,1,both_feet_imagery,1,8.745424891452924,True,l2_logistic_regression,1/2/3/4/5/6/7/8/9/11/12/13/14/15/16/17/18/19/20,True,False,False,physionet/eegmmidb/1.0.0/S010/S010R14.edf,138893d950405102e1536365290ac15255688eaab181170afbd5178e6714ae2e
10,10,14,5,11,S010_R14_T05,both_fists_imagery,0,both_fists_imagery,0,-2.16728826589465,True,l2_logistic_regression,1/2/3/4/5/6/7/8/9/11/12/13/14/15/16/17/18/19/20,True,False,False,physionet/eegmmidb/1.0.0/S010/S010R14.edf,138893d950405102e1536365290ac15255688eaab181170afbd5178e6714ae2e
10,10,14,6,13,S010_R14_T06,both_feet_imagery,1,both_feet_imagery,1,3.5116287088953047,True,l2_logistic_regression,1/2/3/4/5/6/7/8/9/11/12/13/14/15/16/17/18/19/20,True,False,False,physionet/eegmmidb/1.0.0/S010/S010R14.edf,138893d950405102e1536365290ac15255688eaab181170afbd5178e6714ae2e
10,10,14,7,15,S010_R14_T07,both_fists_imagery,0,both_fists_imagery,0,-1.3710475054120752,True,l2_logistic_regression,1/2/3/4/5/6/7/8/9/11/12/13/14/15/16/17/18/19/20,True,False,False,physionet/eegmmidb/1.0.0/S010/S010R14.edf,138893d950405102e1536365290ac15255688eaab181170afbd5178e6714ae2e
10,10,14,8,17,S010_R14_T08,both_fists_imagery,0,both_fists_imagery,0,-0.6471810586865673,True,l2_logistic_regression,1/2/3/4/5/6/7/8/9/11/12/13/14/15/16/17/18/19/20,True,False,False,physionet/eegmmidb/1.0.0/S010/S010R14.edf,138893d950405102e1536365290ac15255688eaab181170afbd5178e6714ae2e
10,10,14,9,19,S010_R14_T09,both_feet_imagery,1,both_feet_imagery,1,3.3489894680201657,True,l2_logistic_regression,1/2/3/4/5/6/7/8/9/11/12/13/14/15/16/17/18/19/20,True,False,False,physionet/eegmmidb/1.0.0/S010/S010R14.edf,138893d950405102e1536365290ac15255688eaab181170afbd5178e6714ae2e
10,10,14,10,21,S010_R14_T10,both_feet_imagery,1,both_feet_imagery,1,9.831600750969256,True,l2_logistic_regression,1/2/3/4/5/6/7/8/9/11/12/13/14/15/16/17/18/19/20,True,False,False,physionet/eegmmidb/1.0.0/S010/S010R14.edf,138893d950405102e1536365290ac15255688eaab181170afbd5178e6714ae2e
10,10,14,11,23,S010_R14_T11,both_fists_imagery,0,both_fists_imagery,0,-1.4531973853921918,True,l2_logistic_regression,1/2/3/4/5/6/7/8/9/11/12/13/14/15/16/17/18/19/20,True,False,False,physionet/eegmmidb/1.0.0/S010/S010R14.edf,138893d950405102e1536365290ac15255688eaab181170afbd5178e6714ae2e
10,10,14,12,25,S010_R14_T12,both_feet_imagery,1,both_fists_imagery,0,-0.9440451916293263,False,l2_logistic_regression,1/2/3/4/5/6/7/8/9/11/12/13/14/15/16/17/18/19/20,True,False,False,physionet/eegmmidb/1.0.0/S010/S010R14.edf,138893d950405102e1536365290ac15255688eaab181170afbd5178e6714ae2e
10,10,14,13,27,S010_R14_T13,both_fists_imagery,0,both_fists_imagery,0,-9.37192214195618,True,l2_logistic_regression,1/2/3/4/5/6/7/8/9/11/12/13/14/15/16/17/18/19/20,True,False,False,physionet/eegmmidb/1.0.0/S010/S010R14.edf,138893d950405102e1536365290ac15255688eaab181170afbd5178e6714ae2e
10,10,14,14,29,S010_R14_T14,both_fists_imagery,0,both_fists_imagery,0,-3.212613818714897,True,l2_logistic_regression,1/2/3/4/5/6/7/8/9/11/12/13/14/15/16/17/18/19/20,True,False,False,physionet/eegmmidb/1.0.0/S010/S010R14.edf,138893d950405102e1536365290ac15255688eaab181170afbd5178e6714ae2e
11,11,6,0,1,S011_R06_T00,both_feet_imagery,1,both_fists_imagery,0,-2.1269810106360656,False,shrinkage_lda,1/2/3/4/5/6/7/8/9/10/12/13/14/15/16/17/18/19/20,True,False,False,physionet/eegmmidb/1.0.0/S011/S011R06.edf,05e960ac5207e35af7dc1fe492b78c7f473340aa88a6639a8e9d711d27c80270
11,11,6,1,3,S011_R06_T01,both_fists_imagery,0,both_fists_imagery,0,-2.251285689606807,True,shrinkage_lda,1/2/3/4/5/6/7/8/9/10/12/13/14/15/16/17/18/19/20,True,False,False,physionet/eegmmidb/1.0.0/S011/S011R06.edf,05e960ac5207e35af7dc1fe492b78c7f473340aa88a6639a8e9d711d27c80270
11,11,6,2,5,S011_R06_T02,both_fists_imagery,0,both_fists_imagery,0,-6.520108598098307,True,shrinkage_lda,1/2/3/4/5/6/7/8/9/10/12/13/14/15/16/17/18/19/20,True,False,False,physionet/eegmmidb/1.0.0/S011/S011R06.edf,05e960ac5207e35af7dc1fe492b78c7f473340aa88a6639a8e9d711d27c80270
11,11,6,3,7,S011_R06_T03,both_feet_imagery,1,both_fists_imagery,0,-2.0117142191137223,False,shrinkage_lda,1/2/3/4/5/6/7/8/9/10/12/13/14/15/16/17/18/19/20,True,False,False,physionet/eegmmidb/1.0.0/S011/S011R06.edf,05e960ac5207e35af7dc1fe492b78c7f473340aa88a6639a8e9d711d27c80270
11,11,6,4,9,S011_R06_T04,both_feet_imagery,1,both_fists_imagery,0,-13.544093862203482,False,shrinkage_lda,1/2/3/4/5/6/7/8/9/10/12/13/14/15/16/17/18/19/20,True,False,False,physionet/eegmmidb/1.0.0/S011/S011R06.edf,05e960ac5207e35af7dc1fe492b78c7f473340aa88a6639a8e9d711d27c80270
11,11,6,5,11,S011_R06_T05,both_fists_imagery,0,both_fists_imagery,0,-19.796135520296453,True,shrinkage_lda,1/2/3/4/5/6/7/8/9/10/12/13/14/15/16/17/18/19/20,True,False,False,physionet/eegmmidb/1.0.0/S011/S011R06.edf,05e960ac5207e35af7dc1fe492b78c7f473340aa88a6639a8e9d711d27c80270
11,11,6,6,13,S011_R06_T06,both_feet_imagery,1,both_fists_imagery,0,-5.8999461839737535,False,shrinkage_lda,1/2/3/4/5/6/7/8/9/10/12/13/14/15/16/17/18/19/20,True,False,False,physionet/eegmmidb/1.0.0/S011/S011R06.edf,05e960ac5207e35af7dc1fe492b78c7f473340aa88a6639a8e9d711d27c80270
11,11,6,7,15,S011_R06_T07,both_fists_imagery,0,both_fists_imagery,0,-6.487198955703116,True,shrinkage_lda,1/2/3/4/5/6/7/8/9/10/12/13/14/15/16/17/18/19/20,True,False,False,physionet/eegmmidb/1.0.0/S011/S011R06.edf,05e960ac5207e35af7dc1fe492b78c7f473340aa88a6639a8e9d711d27c80270
11,11,6,8,17,S011_R06_T08,both_fists_imagery,0,both_fists_imagery,0,-5.618904060741505,True,shrinkage_lda,1/2/3/4/5/6/7/8/9/10/12/13/14/15/16/17/18/19/20,True,False,False,physionet/eegmmidb/1.0.0/S011/S011R06.edf,05e960ac5207e35af7dc1fe492b78c7f473340aa88a6639a8e9d711d27c80270
11,11,6,9,19,S011_R06_T09,both_feet_imagery,1,both_feet_imagery,1,8.620740539083979,True,shrinkage_lda,1/2/3/4/5/6/7/8/9/10/12/13/14/15/16/17/18/19/20,True,False,False,physionet/eegmmidb/1.0.0/S011/S011R06.edf,05e960ac5207e35af7dc1fe492b78c7f473340aa88a6639a8e9d711d27c80270
11,11,6,10,21,S011_R06_T10,both_fists_imagery,0,both_fists_imagery,0,-10.542527445086286,True,shrinkage_lda,1/2/3/4/5/6/7/8/9/10/12/13/14/15/16/17/18/19/20,True,False,False,physionet/eegmmidb/1.0.0/S011/S011R06.edf,05e960ac5207e35af7dc1fe492b78c7f473340aa88a6639a8e9d711d27c80270
11,11,6,11,23,S011_R06_T11,both_feet_imagery,1,both_feet_imagery,1,0.5114700510017298,True,shrinkage_lda,1/2/3/4/5/6/7/8/9/10/12/13/14/15/16/17/18/19/20,True,False,False,physionet/eegmmidb/1.0.0/S011/S011R06.edf,05e960ac5207e35af7dc1fe492b78c7f473340aa88a6639a8e9d711d27c80270
11,11,6,12,25,S011_R06_T12,both_feet_imagery,1,both_fists_imagery,0,-10.890827748962451,False,shrinkage_lda,1/2/3/4/5/6/7/8/9/10/12/13/14/15/16/17/18/19/20,True,False,False,physionet/eegmmidb/1.0.0/S011/S011R06.edf,05e960ac5207e35af7dc1fe492b78c7f473340aa88a6639a8e9d711d27c80270
11,11,6,13,27,S011_R06_T13,both_fists_imagery,0,both_fists_imagery,0,-10.75862485326319,True,shrinkage_lda,1/2/3/4/5/6/7/8/9/10/12/13/14/15/16/17/18/19/20,True,False,False,physionet/eegmmidb/1.0.0/S011/S011R06.edf,05e960ac5207e35af7dc1fe492b78c7f473340aa88a6639a8e9d711d27c80270
11,11,6,14,29,S011_R06_T14,both_fists_imagery,0,both_fists_imagery,0,-6.47951489371475,True,shrinkage_lda,1/2/3/4/5/6/7/8/9/10/12/13/14/15/16/17/18/19/20,True,False,False,physionet/eegmmidb/1.0.0/S011/S011R06.edf,05e960ac5207e35af7dc1fe492b78c7f473340aa88a6639a8e9d711d27c80270
11,11,10,0,1,S011_R10_T00,both_fists_imagery,0,both_fists_imagery,0,-6.698240508149553,True,shrinkage_lda,1/2/3/4/5/6/7/8/9/10/12/13/14/15/16/17/18/19/20,True,False,False,physionet/eegmmidb/1.0.0/S011/S011R10.edf,f3941502e7692576978f24c14c837b07e760fb94cdc65f2358790375d5537d87
11,11,10,1,3,S011_R10_T01,both_feet_imagery,1,both_fists_imagery,0,-10.702339481054302,False,shrinkage_lda,1/2/3/4/5/6/7/8/9/10/12/13/14/15/16/17/18/19/20,True,False,False,physionet/eegmmidb/1.0.0/S011/S011R10.edf,f3941502e7692576978f24c14c837b07e760fb94cdc65f2358790375d5537d87
11,11,10,2,5,S011_R10_T02,both_feet_imagery,1,both_feet_imagery,1,6.485485083612316,True,shrinkage_lda,1/2/3/4/5/6/7/8/9/10/12/13/14/15/16/17/18/19/20,True,False,True,physionet/eegmmidb/1.0.0/S011/S011R10.edf,f3941502e7692576978f24c14c837b07e760fb94cdc65f2358790375d5537d87
11,11,10,3,7,S011_R10_T03,both_fists_imagery,0,both_feet_imagery,1,10.175123127893624,False,shrinkage_lda,1/2/3/4/5/6/7/8/9/10/12/13/14/15/16/17/18/19/20,True,False,False,physionet/eegmmidb/1.0.0/S011/S011R10.edf,f3941502e7692576978f24c14c837b07e760fb94cdc65f2358790375d5537d87
11,11,10,4,9,S011_R10_T04,both_feet_imagery,1,both_fists_imagery,0,-6.5368353868639755,False,shrinkage_lda,1/2/3/4/5/6/7/8/9/10/12/13/14/15/16/17/18/19/20,True,False,False,physionet/eegmmidb/1.0.0/S011/S011R10.edf,f3941502e7692576978f24c14c837b07e760fb94cdc65f2358790375d5537d87
11,11,10,5,11,S011_R10_T05,both_fists_imagery,0,both_fists_imagery,0,-15.253434897912902,True,shrinkage_lda,1/2/3/4/5/6/7/8/9/10/12/13/14/15/16/17/18/19/20,True,False,False,physionet/eegmmidb/1.0.0/S011/S011R10.edf,f3941502e7692576978f24c14c837b07e760fb94cdc65f2358790375d5537d87
11,11,10,6,13,S011_R10_T06,both_feet_imagery,1,both_feet_imagery,1,0.09950157722740532,True,shrinkage_lda,1/2/3/4/5/6/7/8/9/10/12/13/14/15/16/17/18/19/20,True,False,False,physionet/eegmmidb/1.0.0/S011/S011R10.edf,f3941502e7692576978f24c14c837b07e760fb94cdc65f2358790375d5537d87
11,11,10,7,15,S011_R10_T07,both_fists_imagery,0,both_fists_imagery,0,-11.438862585653485,True,shrinkage_lda,1/2/3/4/5/6/7/8/9/10/12/13/14/15/16/17/18/19/20,True,False,False,physionet/eegmmidb/1.0.0/S011/S011R10.edf,f3941502e7692576978f24c14c837b07e760fb94cdc65f2358790375d5537d87
11,11,10,8,17,S011_R10_T08,both_feet_imagery,1,both_fists_imagery,0,-4.184074586462209,False,shrinkage_lda,1/2/3/4/5/6/7/8/9/10/12/13/14/15/16/17/18/19/20,True,False,False,physionet/eegmmidb/1.0.0/S011/S011R10.edf,f3941502e7692576978f24c14c837b07e760fb94cdc65f2358790375d5537d87
11,11,10,9,19,S011_R10_T09,both_fists_imagery,0,both_fists_imagery,0,-10.784052705538748,True,shrinkage_lda,1/2/3/4/5/6/7/8/9/10/12/13/14/15/16/17/18/19/20,True,False,False,physionet/eegmmidb/1.0.0/S011/S011R10.edf,f3941502e7692576978f24c14c837b07e760fb94cdc65f2358790375d5537d87
11,11,10,10,21,S011_R10_T10,both_fists_imagery,0,both_fists_imagery,0,-4.200469580667921,True,shrinkage_lda,1/2/3/4/5/6/7/8/9/10/12/13/14/15/16/17/18/19/20,True,False,False,physionet/eegmmidb/1.0.0/S011/S011R10.edf,f3941502e7692576978f24c14c837b07e760fb94cdc65f2358790375d5537d87
11,11,10,11,23,S011_R10_T11,both_feet_imagery,1,both_fists_imagery,0,-16.39345028827073,False,shrinkage_lda,1/2/3/4/5/6/7/8/9/10/12/13/14/15/16/17/18/19/20,True,False,False,physionet/eegmmidb/1.0.0/S011/S011R10.edf,f3941502e7692576978f24c14c837b07e760fb94cdc65f2358790375d5537d87
11,11,10,12,25,S011_R10_T12,both_feet_imagery,1,both_feet_imagery,1,0.31608088929687345,True,shrinkage_lda,1/2/3/4/5/6/7/8/9/10/12/13/14/15/16/17/18/19/20,True,False,False,physionet/eegmmidb/1.0.0/S011/S011R10.edf,f3941502e7692576978f24c14c837b07e760fb94cdc65f2358790375d5537d87
11,11,10,13,27,S011_R10_T13,both_fists_imagery,0,both_fists_imagery,0,-4.30290761075943,True,shrinkage_lda,1/2/3/4/5/6/7/8/9/10/12/13/14/15/16/17/18/19/20,True,False,False,physionet/eegmmidb/1.0.0/S011/S011R10.edf,f3941502e7692576978f24c14c837b07e760fb94cdc65f2358790375d5537d87
11,11,10,14,29,S011_R10_T14,both_feet_imagery,1,both_fists_imagery,0,-11.225589945457248,False,shrinkage_lda,1/2/3/4/5/6/7/8/9/10/12/13/14/15/16/17/18/19/20,True,False,False,physionet/eegmmidb/1.0.0/S011/S011R10.edf,f3941502e7692576978f24c14c837b07e760fb94cdc65f2358790375d5537d87
11,11,14,0,1,S011_R14_T00,both_fists_imagery,0,both_feet_imagery,1,10.290851092546756,False,shrinkage_lda,1/2/3/4/5/6/7/8/9/10/12/13/14/15/16/17/18/19/20,True,False,False,physionet/eegmmidb/1.0.0/S011/S011R14.edf,ba4007cd1ab12e9f87fb8a0d158b55e9b236cf29190db21709482290a05adbb9
11,11,14,1,3,S011_R14_T01,both_feet_imagery,1,both_feet_imagery,1,6.552966766157253,True,shrinkage_lda,1/2/3/4/5/6/7/8/9/10/12/13/14/15/16/17/18/19/20,True,False,False,physionet/eegmmidb/1.0.0/S011/S011R14.edf,ba4007cd1ab12e9f87fb8a0d158b55e9b236cf29190db21709482290a05adbb9
11,11,14,2,5,S011_R14_T02,both_feet_imagery,1,both_feet_imagery,1,16.138042257212,True,shrinkage_lda,1/2/3/4/5/6/7/8/9/10/12/13/14/15/16/17/18/19/20,True,False,False,physionet/eegmmidb/1.0.0/S011/S011R14.edf,ba4007cd1ab12e9f87fb8a0d158b55e9b236cf29190db21709482290a05adbb9
11,11,14,3,7,S011_R14_T03,both_fists_imagery,0,both_fists_imagery,0,-7.2084593939488375,True,shrinkage_lda,1/2/3/4/5/6/7/8/9/10/12/13/14/15/16/17/18/19/20,True,False,False,physionet/eegmmidb/1.0.0/S011/S011R14.edf,ba4007cd1ab12e9f87fb8a0d158b55e9b236cf29190db21709482290a05adbb9
11,11,14,4,9,S011_R14_T04,both_feet_imagery,1,both_feet_imagery,1,29.49471598938403,True,shrinkage_lda,1/2/3/4/5/6/7/8/9/10/12/13/14/15/16/17/18/19/20,True,False,False,physionet/eegmmidb/1.0.0/S011/S011R14.edf,ba4007cd1ab12e9f87fb8a0d158b55e9b236cf29190db21709482290a05adbb9
11,11,14,5,11,S011_R14_T05,both_fists_imagery,0,both_fists_imagery,0,-4.9963290780073315,True,shrinkage_lda,1/2/3/4/5/6/7/8/9/10/12/13/14/15/16/17/18/19/20,True,False,False,physionet/eegmmidb/1.0.0/S011/S011R14.edf,ba4007cd1ab12e9f87fb8a0d158b55e9b236cf29190db21709482290a05adbb9
11,11,14,6,13,S011_R14_T06,both_fists_imagery,0,both_fists_imagery,0,-1.9846373355319573,True,shrinkage_lda,1/2/3/4/5/6/7/8/9/10/12/13/14/15/16/17/18/19/20,True,False,False,physionet/eegmmidb/1.0.0/S011/S011R14.edf,ba4007cd1ab12e9f87fb8a0d158b55e9b236cf29190db21709482290a05adbb9
11,11,14,7,15,S011_R14_T07,both_feet_imagery,1,both_feet_imagery,1,0.2567714151409154,True,shrinkage_lda,1/2/3/4/5/6/7/8/9/10/12/13/14/15/16/17/18/19/20,True,False,False,physionet/eegmmidb/1.0.0/S011/S011R14.edf,ba4007cd1ab12e9f87fb8a0d158b55e9b236cf29190db21709482290a05adbb9
11,11,14,8,17,S011_R14_T08,both_feet_imagery,1,both_feet_imagery,1,3.6603080251988875,True,shrinkage_lda,1/2/3/4/5/6/7/8/9/10/12/13/14/15/16/17/18/19/20,True,False,False,physionet/eegmmidb/1.0.0/S011/S011R14.edf,ba4007cd1ab12e9f87fb8a0d158b55e9b236cf29190db21709482290a05adbb9
11,11,14,9,19,S011_R14_T09,both_fists_imagery,0,both_fists_imagery,0,-3.7758185685088743,True,shrinkage_lda,1/2/3/4/5/6/7/8/9/10/12/13/14/15/16/17/18/19/20,True,False,False,physionet/eegmmidb/1.0.0/S011/S011R14.edf,ba4007cd1ab12e9f87fb8a0d158b55e9b236cf29190db21709482290a05adbb9
11,11,14,10,21,S011_R14_T10,both_feet_imagery,1,both_feet_imagery,1,2.803030670635228,True,shrinkage_lda,1/2/3/4/5/6/7/8/9/10/12/13/14/15/16/17/18/19/20,True,False,False,physionet/eegmmidb/1.0.0/S011/S011R14.edf,ba4007cd1ab12e9f87fb8a0d158b55e9b236cf29190db21709482290a05adbb9
11,11,14,11,23,S011_R14_T11,both_fists_imagery,0,both_fists_imagery,0,-8.607925501861471,True,shrinkage_lda,1/2/3/4/5/6/7/8/9/10/12/13/14/15/16/17/18/19/20,True,False,False,physionet/eegmmidb/1.0.0/S011/S011R14.edf,ba4007cd1ab12e9f87fb8a0d158b55e9b236cf29190db21709482290a05adbb9
11,11,14,12,25,S011_R14_T12,both_feet_imagery,1,both_fists_imagery,0,-6.833433920870757,False,shrinkage_lda,1/2/3/4/5/6/7/8/9/10/12/13/14/15/16/17/18/19/20,True,False,False,physionet/eegmmidb/1.0.0/S011/S011R14.edf,ba4007cd1ab12e9f87fb8a0d158b55e9b236cf29190db21709482290a05adbb9
11,11,14,13,27,S011_R14_T13,both_fists_imagery,0,both_feet_imagery,1,2.7442138448250724,False,shrinkage_lda,1/2/3/4/5/6/7/8/9/10/12/13/14/15/16/17/18/19/20,True,False,False,physionet/eegmmidb/1.0.0/S011/S011R14.edf,ba4007cd1ab12e9f87fb8a0d158b55e9b236cf29190db21709482290a05adbb9
11,11,14,14,29,S011_R14_T14,both_feet_imagery,1,both_fists_imagery,0,-3.601917188715261,False,shrinkage_lda,1/2/3/4/5/6/7/8/9/10/12/13/14/15/16/17/18/19/20,True,False,False,physionet/eegmmidb/1.0.0/S011/S011R14.edf,ba4007cd1ab12e9f87fb8a0d158b55e9b236cf29190db21709482290a05adbb9
11,11,6,0,1,S011_R06_T00,both_feet_imagery,1,both_fists_imagery,0,-1.5448620911290738,False,l2_logistic_regression,1/2/3/4/5/6/7/8/9/10/12/13/14/15/16/17/18/19/20,True,False,False,physionet/eegmmidb/1.0.0/S011/S011R06.edf,05e960ac5207e35af7dc1fe492b78c7f473340aa88a6639a8e9d711d27c80270
11,11,6,1,3,S011_R06_T01,both_fists_imagery,0,both_fists_imagery,0,-2.034399587806739,True,l2_logistic_regression,1/2/3/4/5/6/7/8/9/10/12/13/14/15/16/17/18/19/20,True,False,False,physionet/eegmmidb/1.0.0/S011/S011R06.edf,05e960ac5207e35af7dc1fe492b78c7f473340aa88a6639a8e9d711d27c80270
11,11,6,2,5,S011_R06_T02,both_fists_imagery,0,both_fists_imagery,0,-2.8234427000970594,True,l2_logistic_regression,1/2/3/4/5/6/7/8/9/10/12/13/14/15/16/17/18/19/20,True,False,False,physionet/eegmmidb/1.0.0/S011/S011R06.edf,05e960ac5207e35af7dc1fe492b78c7f473340aa88a6639a8e9d711d27c80270
11,11,6,3,7,S011_R06_T03,both_feet_imagery,1,both_fists_imagery,0,-0.698052680970088,False,l2_logistic_regression,1/2/3/4/5/6/7/8/9/10/12/13/14/15/16/17/18/19/20,True,False,False,physionet/eegmmidb/1.0.0/S011/S011R06.edf,05e960ac5207e35af7dc1fe492b78c7f473340aa88a6639a8e9d711d27c80270
11,11,6,4,9,S011_R06_T04,both_feet_imagery,1,both_fists_imagery,0,-7.772069781999164,False,l2_logistic_regression,1/2/3/4/5/6/7/8/9/10/12/13/14/15/16/17/18/19/20,True,False,False,physionet/eegmmidb/1.0.0/S011/S011R06.edf,05e960ac5207e35af7dc1fe492b78c7f473340aa88a6639a8e9d711d27c80270
11,11,6,5,11,S011_R06_T05,both_fists_imagery,0,both_fists_imagery,0,-10.635596707894772,True,l2_logistic_regression,1/2/3/4/5/6/7/8/9/10/12/13/14/15/16/17/18/19/20,True,False,False,physionet/eegmmidb/1.0.0/S011/S011R06.edf,05e960ac5207e35af7dc1fe492b78c7f473340aa88a6639a8e9d711d27c80270
11,11,6,6,13,S011_R06_T06,both_feet_imagery,1,both_fists_imagery,0,-4.3705622665757815,False,l2_logistic_regression,1/2/3/4/5/6/7/8/9/10/12/13/14/15/16/17/18/19/20,True,False,False,physionet/eegmmidb/1.0.0/S011/S011R06.edf,05e960ac5207e35af7dc1fe492b78c7f473340aa88a6639a8e9d711d27c80270
11,11,6,7,15,S011_R06_T07,both_fists_imagery,0,both_fists_imagery,0,-5.042837525147066,True,l2_logistic_regression,1/2/3/4/5/6/7/8/9/10/12/13/14/15/16/17/18/19/20,True,False,False,physionet/eegmmidb/1.0.0/S011/S011R06.edf,05e960ac5207e35af7dc1fe492b78c7f473340aa88a6639a8e9d711d27c80270
11,11,6,8,17,S011_R06_T08,both_fists_imagery,0,both_fists_imagery,0,-2.1124675070368277,True,l2_logistic_regression,1/2/3/4/5/6/7/8/9/10/12/13/14/15/16/17/18/19/20,True,False,False,physionet/eegmmidb/1.0.0/S011/S011R06.edf,05e960ac5207e35af7dc1fe492b78c7f473340aa88a6639a8e9d711d27c80270
11,11,6,9,19,S011_R06_T09,both_feet_imagery,1,both_feet_imagery,1,3.8201665918065832,True,l2_logistic_regression,1/2/3/4/5/6/7/8/9/10/12/13/14/15/16/17/18/19/20,True,False,False,physionet/eegmmidb/1.0.0/S011/S011R06.edf,05e960ac5207e35af7dc1fe492b78c7f473340aa88a6639a8e9d711d27c80270
11,11,6,10,21,S011_R06_T10,both_fists_imagery,0,both_fists_imagery,0,-4.838291263207373,True,l2_logistic_regression,1/2/3/4/5/6/7/8/9/10/12/13/14/15/16/17/18/19/20,True,False,False,physionet/eegmmidb/1.0.0/S011/S011R06.edf,05e960ac5207e35af7dc1fe492b78c7f473340aa88a6639a8e9d711d27c80270
11,11,6,11,23,S011_R06_T11,both_feet_imagery,1,both_feet_imagery,1,1.191186005480539,True,l2_logistic_regression,1/2/3/4/5/6/7/8/9/10/12/13/14/15/16/17/18/19/20,True,False,False,physionet/eegmmidb/1.0.0/S011/S011R06.edf,05e960ac5207e35af7dc1fe492b78c7f473340aa88a6639a8e9d711d27c80270
11,11,6,12,25,S011_R06_T12,both_feet_imagery,1,both_fists_imagery,0,-7.802811913157447,False,l2_logistic_regression,1/2/3/4/5/6/7/8/9/10/12/13/14/15/16/17/18/19/20,True,False,False,physionet/eegmmidb/1.0.0/S011/S011R06.edf,05e960ac5207e35af7dc1fe492b78c7f473340aa88a6639a8e9d711d27c80270
11,11,6,13,27,S011_R06_T13,both_fists_imagery,0,both_fists_imagery,0,-6.009012638050205,True,l2_logistic_regression,1/2/3/4/5/6/7/8/9/10/12/13/14/15/16/17/18/19/20,True,False,False,physionet/eegmmidb/1.0.0/S011/S011R06.edf,05e960ac5207e35af7dc1fe492b78c7f473340aa88a6639a8e9d711d27c80270
11,11,6,14,29,S011_R06_T14,both_fists_imagery,0,both_fists_imagery,0,-5.435105595141117,True,l2_logistic_regression,1/2/3/4/5/6/7/8/9/10/12/13/14/15/16/17/18/19/20,True,False,False,physionet/eegmmidb/1.0.0/S011/S011R06.edf,05e960ac5207e35af7dc1fe492b78c7f473340aa88a6639a8e9d711d27c80270
11,11,10,0,1,S011_R10_T00,both_fists_imagery,0,both_fists_imagery,0,-4.575270845977235,True,l2_logistic_regression,1/2/3/4/5/6/7/8/9/10/12/13/14/15/16/17/18/19/20,True,False,False,physionet/eegmmidb/1.0.0/S011/S011R10.edf,f3941502e7692576978f24c14c837b07e760fb94cdc65f2358790375d5537d87
11,11,10,1,3,S011_R10_T01,both_feet_imagery,1,both_fists_imagery,0,-4.847676373103211,False,l2_logistic_regression,1/2/3/4/5/6/7/8/9/10/12/13/14/15/16/17/18/19/20,True,False,False,physionet/eegmmidb/1.0.0/S011/S011R10.edf,f3941502e7692576978f24c14c837b07e760fb94cdc65f2358790375d5537d87
11,11,10,2,5,S011_R10_T02,both_feet_imagery,1,both_feet_imagery,1,2.143753021484702,True,l2_logistic_regression,1/2/3/4/5/6/7/8/9/10/12/13/14/15/16/17/18/19/20,True,False,True,physionet/eegmmidb/1.0.0/S011/S011R10.edf,f3941502e7692576978f24c14c837b07e760fb94cdc65f2358790375d5537d87
11,11,10,3,7,S011_R10_T03,both_fists_imagery,0,both_feet_imagery,1,3.8856202964134043,False,l2_logistic_regression,1/2/3/4/5/6/7/8/9/10/12/13/14/15/16/17/18/19/20,True,False,False,physionet/eegmmidb/1.0.0/S011/S011R10.edf,f3941502e7692576978f24c14c837b07e760fb94cdc65f2358790375d5537d87
11,11,10,4,9,S011_R10_T04,both_feet_imagery,1,both_fists_imagery,0,-5.76101191681515,False,l2_logistic_regression,1/2/3/4/5/6/7/8/9/10/12/13/14/15/16/17/18/19/20,True,False,False,physionet/eegmmidb/1.0.0/S011/S011R10.edf,f3941502e7692576978f24c14c837b07e760fb94cdc65f2358790375d5537d87
11,11,10,5,11,S011_R10_T05,both_fists_imagery,0,both_fists_imagery,0,-8.340905255101315,True,l2_logistic_regression,1/2/3/4/5/6/7/8/9/10/12/13/14/15/16/17/18/19/20,True,False,False,physionet/eegmmidb/1.0.0/S011/S011R10.edf,f3941502e7692576978f24c14c837b07e760fb94cdc65f2358790375d5537d87
11,11,10,6,13,S011_R10_T06,both_feet_imagery,1,both_fists_imagery,0,-1.4385091683177897,False,l2_logistic_regression,1/2/3/4/5/6/7/8/9/10/12/13/14/15/16/17/18/19/20,True,False,False,physionet/eegmmidb/1.0.0/S011/S011R10.edf,f3941502e7692576978f24c14c837b07e760fb94cdc65f2358790375d5537d87
11,11,10,7,15,S011_R10_T07,both_fists_imagery,0,both_fists_imagery,0,-6.188273304373672,True,l2_logistic_regression,1/2/3/4/5/6/7/8/9/10/12/13/14/15/16/17/18/19/20,True,False,False,physionet/eegmmidb/1.0.0/S011/S011R10.edf,f3941502e7692576978f24c14c837b07e760fb94cdc65f2358790375d5537d87
11,11,10,8,17,S011_R10_T08,both_feet_imagery,1,both_fists_imagery,0,-2.657129033579816,False,l2_logistic_regression,1/2/3/4/5/6/7/8/9/10/12/13/14/15/16/17/18/19/20,True,False,False,physionet/eegmmidb/1.0.0/S011/S011R10.edf,f3941502e7692576978f24c14c837b07e760fb94cdc65f2358790375d5537d87
11,11,10,9,19,S011_R10_T09,both_fists_imagery,0,both_fists_imagery,0,-6.361764210159098,True,l2_logistic_regression,1/2/3/4/5/6/7/8/9/10/12/13/14/15/16/17/18/19/20,True,False,False,physionet/eegmmidb/1.0.0/S011/S011R10.edf,f3941502e7692576978f24c14c837b07e760fb94cdc65f2358790375d5537d87
11,11,10,10,21,S011_R10_T10,both_fists_imagery,0,both_fists_imagery,0,-1.7166668140285486,True,l2_logistic_regression,1/2/3/4/5/6/7/8/9/10/12/13/14/15/16/17/18/19/20,True,False,False,physionet/eegmmidb/1.0.0/S011/S011R10.edf,f3941502e7692576978f24c14c837b07e760fb94cdc65f2358790375d5537d87
11,11,10,11,23,S011_R10_T11,both_feet_imagery,1,both_fists_imagery,0,-11.627329516594791,False,l2_logistic_regression,1/2/3/4/5/6/7/8/9/10/12/13/14/15/16/17/18/19/20,True,False,False,physionet/eegmmidb/1.0.0/S011/S011R10.edf,f3941502e7692576978f24c14c837b07e760fb94cdc65f2358790375d5537d87
11,11,10,12,25,S011_R10_T12,both_feet_imagery,1,both_feet_imagery,1,1.1063312823385838,True,l2_logistic_regression,1/2/3/4/5/6/7/8/9/10/12/13/14/15/16/17/18/19/20,True,False,False,physionet/eegmmidb/1.0.0/S011/S011R10.edf,f3941502e7692576978f24c14c837b07e760fb94cdc65f2358790375d5537d87
11,11,10,13,27,S011_R10_T13,both_fists_imagery,0,both_fists_imagery,0,-0.8797089029615788,True,l2_logistic_regression,1/2/3/4/5/6/7/8/9/10/12/13/14/15/16/17/18/19/20,True,False,False,physionet/eegmmidb/1.0.0/S011/S011R10.edf,f3941502e7692576978f24c14c837b07e760fb94cdc65f2358790375d5537d87
11,11,10,14,29,S011_R10_T14,both_feet_imagery,1,both_fists_imagery,0,-4.630475294396755,False,l2_logistic_regression,1/2/3/4/5/6/7/8/9/10/12/13/14/15/16/17/18/19/20,True,False,False,physionet/eegmmidb/1.0.0/S011/S011R10.edf,f3941502e7692576978f24c14c837b07e760fb94cdc65f2358790375d5537d87
11,11,14,0,1,S011_R14_T00,both_fists_imagery,0,both_feet_imagery,1,4.501687489905615,False,l2_logistic_regression,1/2/3/4/5/6/7/8/9/10/12/13/14/15/16/17/18/19/20,True,False,False,physionet/eegmmidb/1.0.0/S011/S011R14.edf,ba4007cd1ab12e9f87fb8a0d158b55e9b236cf29190db21709482290a05adbb9
11,11,14,1,3,S011_R14_T01,both_feet_imagery,1,both_feet_imagery,1,2.834548159018818,True,l2_logistic_regression,1/2/3/4/5/6/7/8/9/10/12/13/14/15/16/17/18/19/20,True,False,False,physionet/eegmmidb/1.0.0/S011/S011R14.edf,ba4007cd1ab12e9f87fb8a0d158b55e9b236cf29190db21709482290a05adbb9
11,11,14,2,5,S011_R14_T02,both_feet_imagery,1,both_feet_imagery,1,8.08386124308219,True,l2_logistic_regression,1/2/3/4/5/6/7/8/9/10/12/13/14/15/16/17/18/19/20,True,False,False,physionet/eegmmidb/1.0.0/S011/S011R14.edf,ba4007cd1ab12e9f87fb8a0d158b55e9b236cf29190db21709482290a05adbb9
11,11,14,3,7,S011_R14_T03,both_fists_imagery,0,both_fists_imagery,0,-2.5596870883433884,True,l2_logistic_regression,1/2/3/4/5/6/7/8/9/10/12/13/14/15/16/17/18/19/20,True,False,False,physionet/eegmmidb/1.0.0/S011/S011R14.edf,ba4007cd1ab12e9f87fb8a0d158b55e9b236cf29190db21709482290a05adbb9
11,11,14,4,9,S011_R14_T04,both_feet_imagery,1,both_feet_imagery,1,14.758626499527132,True,l2_logistic_regression,1/2/3/4/5/6/7/8/9/10/12/13/14/15/16/17/18/19/20,True,False,False,physionet/eegmmidb/1.0.0/S011/S011R14.edf,ba4007cd1ab12e9f87fb8a0d158b55e9b236cf29190db21709482290a05adbb9
11,11,14,5,11,S011_R14_T05,both_fists_imagery,0,both_fists_imagery,0,-2.9927486138361834,True,l2_logistic_regression,1/2/3/4/5/6/7/8/9/10/12/13/14/15/16/17/18/19/20,True,False,False,physionet/eegmmidb/1.0.0/S011/S011R14.edf,ba4007cd1ab12e9f87fb8a0d158b55e9b236cf29190db21709482290a05adbb9
11,11,14,6,13,S011_R14_T06,both_fists_imagery,0,both_fists_imagery,0,-1.7177369470720465,True,l2_logistic_regression,1/2/3/4/5/6/7/8/9/10/12/13/14/15/16/17/18/19/20,True,False,False,physionet/eegmmidb/1.0.0/S011/S011R14.edf,ba4007cd1ab12e9f87fb8a0d158b55e9b236cf29190db21709482290a05adbb9
11,11,14,7,15,S011_R14_T07,both_feet_imagery,1,both_fists_imagery,0,-0.4173696021748186,False,l2_logistic_regression,1/2/3/4/5/6/7/8/9/10/12/13/14/15/16/17/18/19/20,True,False,False,physionet/eegmmidb/1.0.0/S011/S011R14.edf,ba4007cd1ab12e9f87fb8a0d158b55e9b236cf29190db21709482290a05adbb9
11,11,14,8,17,S011_R14_T08,both_feet_imagery,1,both_feet_imagery,1,3.36495764974982,True,l2_logistic_regression,1/2/3/4/5/6/7/8/9/10/12/13/14/15/16/17/18/19/20,True,False,False,physionet/eegmmidb/1.0.0/S011/S011R14.edf,ba4007cd1ab12e9f87fb8a0d158b55e9b236cf29190db21709482290a05adbb9
11,11,14,9,19,S011_R14_T09,both_fists_imagery,0,both_fists_imagery,0,-1.9779573909517134,True,l2_logistic_regression,1/2/3/4/5/6/7/8/9/10/12/13/14/15/16/17/18/19/20,True,False,False,physionet/eegmmidb/1.0.0/S011/S011R14.edf,ba4007cd1ab12e9f87fb8a0d158b55e9b236cf29190db21709482290a05adbb9
11,11,14,10,21,S011_R14_T10,both_feet_imagery,1,both_feet_imagery,1,0.17481880648365722,True,l2_logistic_regression,1/2/3/4/5/6/7/8/9/10/12/13/14/15/16/17/18/19/20,True,False,False,physionet/eegmmidb/1.0.0/S011/S011R14.edf,ba4007cd1ab12e9f87fb8a0d158b55e9b236cf29190db21709482290a05adbb9
11,11,14,11,23,S011_R14_T11,both_fists_imagery,0,both_fists_imagery,0,-4.175623425774773,True,l2_logistic_regression,1/2/3/4/5/6/7/8/9/10/12/13/14/15/16/17/18/19/20,True,False,False,physionet/eegmmidb/1.0.0/S011/S011R14.edf,ba4007cd1ab12e9f87fb8a0d158b55e9b236cf29190db21709482290a05adbb9
11,11,14,12,25,S011_R14_T12,both_feet_imagery,1,both_fists_imagery,0,-4.282180755317145,False,l2_logistic_regression,1/2/3/4/5/6/7/8/9/10/12/13/14/15/16/17/18/19/20,True,False,False,physionet/eegmmidb/1.0.0/S011/S011R14.edf,ba4007cd1ab12e9f87fb8a0d158b55e9b236cf29190db21709482290a05adbb9
11,11,14,13,27,S011_R14_T13,both_fists_imagery,0,both_feet_imagery,1,1.7587459503138745,False,l2_logistic_regression,1/2/3/4/5/6/7/8/9/10/12/13/14/15/16/17/18/19/20,True,False,False,physionet/eegmmidb/1.0.0/S011/S011R14.edf,ba4007cd1ab12e9f87fb8a0d158b55e9b236cf29190db21709482290a05adbb9
11,11,14,14,29,S011_R14_T14,both_feet_imagery,1,both_fists_imagery,0,-3.2595368176341557,False,l2_logistic_regression,1/2/3/4/5/6/7/8/9/10/12/13/14/15/16/17/18/19/20,True,False,False,physionet/eegmmidb/1.0.0/S011/S011R14.edf,ba4007cd1ab12e9f87fb8a0d158b55e9b236cf29190db21709482290a05adbb9
12,12,6,0,1,S012_R06_T00,both_feet_imagery,1,both_feet_imagery,1,9.034387001624284,True,shrinkage_lda,1/2/3/4/5/6/7/8/9/10/11/13/14/15/16/17/18/19/20,True,False,False,physionet/eegmmidb/1.0.0/S012/S012R06.edf,fe617707aa63e902238e4de12cd8ec22c55822d05d09f60bccab9d08ac53055a
12,12,6,1,3,S012_R06_T01,both_fists_imagery,0,both_fists_imagery,0,-3.847338965176227,True,shrinkage_lda,1/2/3/4/5/6/7/8/9/10/11/13/14/15/16/17/18/19/20,True,False,False,physionet/eegmmidb/1.0.0/S012/S012R06.edf,fe617707aa63e902238e4de12cd8ec22c55822d05d09f60bccab9d08ac53055a
12,12,6,2,5,S012_R06_T02,both_fists_imagery,0,both_fists_imagery,0,-0.2966284120100652,True,shrinkage_lda,1/2/3/4/5/6/7/8/9/10/11/13/14/15/16/17/18/19/20,True,False,False,physionet/eegmmidb/1.0.0/S012/S012R06.edf,fe617707aa63e902238e4de12cd8ec22c55822d05d09f60bccab9d08ac53055a
12,12,6,3,7,S012_R06_T03,both_feet_imagery,1,both_feet_imagery,1,15.536702725346656,True,shrinkage_lda,1/2/3/4/5/6/7/8/9/10/11/13/14/15/16/17/18/19/20,True,False,False,physionet/eegmmidb/1.0.0/S012/S012R06.edf,fe617707aa63e902238e4de12cd8ec22c55822d05d09f60bccab9d08ac53055a
12,12,6,4,9,S012_R06_T04,both_feet_imagery,1,both_feet_imagery,1,8.427963943291104,True,shrinkage_lda,1/2/3/4/5/6/7/8/9/10/11/13/14/15/16/17/18/19/20,True,False,False,physionet/eegmmidb/1.0.0/S012/S012R06.edf,fe617707aa63e902238e4de12cd8ec22c55822d05d09f60bccab9d08ac53055a
12,12,6,5,11,S012_R06_T05,both_fists_imagery,0,both_feet_imagery,1,11.412782665901625,False,shrinkage_lda,1/2/3/4/5/6/7/8/9/10/11/13/14/15/16/17/18/19/20,True,False,False,physionet/eegmmidb/1.0.0/S012/S012R06.edf,fe617707aa63e902238e4de12cd8ec22c55822d05d09f60bccab9d08ac53055a
12,12,6,6,13,S012_R06_T06,both_feet_imagery,1,both_feet_imagery,1,10.351167251979778,True,shrinkage_lda,1/2/3/4/5/6/7/8/9/10/11/13/14/15/16/17/18/19/20,True,False,False,physionet/eegmmidb/1.0.0/S012/S012R06.edf,fe617707aa63e902238e4de12cd8ec22c55822d05d09f60bccab9d08ac53055a
12,12,6,7,15,S012_R06_T07,both_fists_imagery,0,both_feet_imagery,1,12.00459384457323,False,shrinkage_lda,1/2/3/4/5/6/7/8/9/10/11/13/14/15/16/17/18/19/20,True,False,False,physionet/eegmmidb/1.0.0/S012/S012R06.edf,fe617707aa63e902238e4de12cd8ec22c55822d05d09f60bccab9d08ac53055a
12,12,6,8,17,S012_R06_T08,both_feet_imagery,1,both_feet_imagery,1,5.757392731192142,True,shrinkage_lda,1/2/3/4/5/6/7/8/9/10/11/13/14/15/16/17/18/19/20,True,False,False,physionet/eegmmidb/1.0.0/S012/S012R06.edf,fe617707aa63e902238e4de12cd8ec22c55822d05d09f60bccab9d08ac53055a
12,12,6,9,19,S012_R06_T09,both_fists_imagery,0,both_feet_imagery,1,1.137002139790201,False,shrinkage_lda,1/2/3/4/5/6/7/8/9/10/11/13/14/15/16/17/18/19/20,True,False,False,physionet/eegmmidb/1.0.0/S012/S012R06.edf,fe617707aa63e902238e4de12cd8ec22c55822d05d09f60bccab9d08ac53055a
12,12,6,10,21,S012_R06_T10,both_feet_imagery,1,both_feet_imagery,1,12.028447824000938,True,shrinkage_lda,1/2/3/4/5/6/7/8/9/10/11/13/14/15/16/17/18/19/20,True,False,False,physionet/eegmmidb/1.0.0/S012/S012R06.edf,fe617707aa63e902238e4de12cd8ec22c55822d05d09f60bccab9d08ac53055a
12,12,6,11,23,S012_R06_T11,both_fists_imagery,0,both_feet_imagery,1,16.457450823081597,False,shrinkage_lda,1/2/3/4/5/6/7/8/9/10/11/13/14/15/16/17/18/19/20,True,False,True,physionet/eegmmidb/1.0.0/S012/S012R06.edf,fe617707aa63e902238e4de12cd8ec22c55822d05d09f60bccab9d08ac53055a
12,12,6,12,25,S012_R06_T12,both_fists_imagery,0,both_feet_imagery,1,9.375670606053225,False,shrinkage_lda,1/2/3/4/5/6/7/8/9/10/11/13/14/15/16/17/18/19/20,True,False,False,physionet/eegmmidb/1.0.0/S012/S012R06.edf,fe617707aa63e902238e4de12cd8ec22c55822d05d09f60bccab9d08ac53055a
12,12,6,13,27,S012_R06_T13,both_feet_imagery,1,both_feet_imagery,1,10.73249681316465,True,shrinkage_lda,1/2/3/4/5/6/7/8/9/10/11/13/14/15/16/17/18/19/20,True,False,False,physionet/eegmmidb/1.0.0/S012/S012R06.edf,fe617707aa63e902238e4de12cd8ec22c55822d05d09f60bccab9d08ac53055a
12,12,6,14,29,S012_R06_T14,both_feet_imagery,1,both_feet_imagery,1,12.694116691490704,True,shrinkage_lda,1/2/3/4/5/6/7/8/9/10/11/13/14/15/16/17/18/19/20,True,False,False,physionet/eegmmidb/1.0.0/S012/S012R06.edf,fe617707aa63e902238e4de12cd8ec22c55822d05d09f60bccab9d08ac53055a
12,12,10,0,1,S012_R10_T00,both_feet_imagery,1,both_feet_imagery,1,12.552704076272953,True,shrinkage_lda,1/2/3/4/5/6/7/8/9/10/11/13/14/15/16/17/18/19/20,True,False,True,physionet/eegmmidb/1.0.0/S012/S012R10.edf,f70b4292ae24574f7f4835ae89e7d5fc6350c26d0d8da86b347ea0bf4956a17a
12,12,10,1,3,S012_R10_T01,both_fists_imagery,0,both_feet_imagery,1,17.538565469806954,False,shrinkage_lda,1/2/3/4/5/6/7/8/9/10/11/13/14/15/16/17/18/19/20,True,False,False,physionet/eegmmidb/1.0.0/S012/S012R10.edf,f70b4292ae24574f7f4835ae89e7d5fc6350c26d0d8da86b347ea0bf4956a17a
12,12,10,2,5,S012_R10_T02,both_feet_imagery,1,both_feet_imagery,1,8.168536578931334,True,shrinkage_lda,1/2/3/4/5/6/7/8/9/10/11/13/14/15/16/17/18/19/20,True,False,False,physionet/eegmmidb/1.0.0/S012/S012R10.edf,f70b4292ae24574f7f4835ae89e7d5fc6350c26d0d8da86b347ea0bf4956a17a
12,12,10,3,7,S012_R10_T03,both_fists_imagery,0,both_feet_imagery,1,20.705802115063875,False,shrinkage_lda,1/2/3/4/5/6/7/8/9/10/11/13/14/15/16/17/18/19/20,True,False,False,physionet/eegmmidb/1.0.0/S012/S012R10.edf,f70b4292ae24574f7f4835ae89e7d5fc6350c26d0d8da86b347ea0bf4956a17a
12,12,10,4,9,S012_R10_T04,both_feet_imagery,1,both_feet_imagery,1,34.76812829634875,True,shrinkage_lda,1/2/3/4/5/6/7/8/9/10/11/13/14/15/16/17/18/19/20,True,False,False,physionet/eegmmidb/1.0.0/S012/S012R10.edf,f70b4292ae24574f7f4835ae89e7d5fc6350c26d0d8da86b347ea0bf4956a17a
12,12,10,5,11,S012_R10_T05,both_fists_imagery,0,both_feet_imagery,1,16.921343566139317,False,shrinkage_lda,1/2/3/4/5/6/7/8/9/10/11/13/14/15/16/17/18/19/20,True,False,False,physionet/eegmmidb/1.0.0/S012/S012R10.edf,f70b4292ae24574f7f4835ae89e7d5fc6350c26d0d8da86b347ea0bf4956a17a
12,12,10,6,13,S012_R10_T06,both_fists_imagery,0,both_feet_imagery,1,31.18993769221644,False,shrinkage_lda,1/2/3/4/5/6/7/8/9/10/11/13/14/15/16/17/18/19/20,True,False,False,physionet/eegmmidb/1.0.0/S012/S012R10.edf,f70b4292ae24574f7f4835ae89e7d5fc6350c26d0d8da86b347ea0bf4956a17a
12,12,10,7,15,S012_R10_T07,both_feet_imagery,1,both_feet_imagery,1,23.403093771312307,True,shrinkage_lda,1/2/3/4/5/6/7/8/9/10/11/13/14/15/16/17/18/19/20,True,False,True,physionet/eegmmidb/1.0.0/S012/S012R10.edf,f70b4292ae24574f7f4835ae89e7d5fc6350c26d0d8da86b347ea0bf4956a17a
12,12,10,8,17,S012_R10_T08,both_feet_imagery,1,both_feet_imagery,1,18.3984746246826,True,shrinkage_lda,1/2/3/4/5/6/7/8/9/10/11/13/14/15/16/17/18/19/20,True,False,False,physionet/eegmmidb/1.0.0/S012/S012R10.edf,f70b4292ae24574f7f4835ae89e7d5fc6350c26d0d8da86b347ea0bf4956a17a
12,12,10,9,19,S012_R10_T09,both_fists_imagery,0,both_feet_imagery,1,27.77108897607065,False,shrinkage_lda,1/2/3/4/5/6/7/8/9/10/11/13/14/15/16/17/18/19/20,True,False,False,physionet/eegmmidb/1.0.0/S012/S012R10.edf,f70b4292ae24574f7f4835ae89e7d5fc6350c26d0d8da86b347ea0bf4956a17a
12,12,10,10,21,S012_R10_T10,both_feet_imagery,1,both_feet_imagery,1,17.86508016985859,True,shrinkage_lda,1/2/3/4/5/6/7/8/9/10/11/13/14/15/16/17/18/19/20,True,False,False,physionet/eegmmidb/1.0.0/S012/S012R10.edf,f70b4292ae24574f7f4835ae89e7d5fc6350c26d0d8da86b347ea0bf4956a17a
12,12,10,11,23,S012_R10_T11,both_fists_imagery,0,both_feet_imagery,1,26.579264298758346,False,shrinkage_lda,1/2/3/4/5/6/7/8/9/10/11/13/14/15/16/17/18/19/20,True,False,False,physionet/eegmmidb/1.0.0/S012/S012R10.edf,f70b4292ae24574f7f4835ae89e7d5fc6350c26d0d8da86b347ea0bf4956a17a
12,12,10,12,25,S012_R10_T12,both_feet_imagery,1,both_feet_imagery,1,17.74367254900598,True,shrinkage_lda,1/2/3/4/5/6/7/8/9/10/11/13/14/15/16/17/18/19/20,True,False,False,physionet/eegmmidb/1.0.0/S012/S012R10.edf,f70b4292ae24574f7f4835ae89e7d5fc6350c26d0d8da86b347ea0bf4956a17a
12,12,10,13,27,S012_R10_T13,both_fists_imagery,0,both_feet_imagery,1,17.242804312043308,False,shrinkage_lda,1/2/3/4/5/6/7/8/9/10/11/13/14/15/16/17/18/19/20,True,False,False,physionet/eegmmidb/1.0.0/S012/S012R10.edf,f70b4292ae24574f7f4835ae89e7d5fc6350c26d0d8da86b347ea0bf4956a17a
12,12,10,14,29,S012_R10_T14,both_feet_imagery,1,both_feet_imagery,1,25.898692598661434,True,shrinkage_lda,1/2/3/4/5/6/7/8/9/10/11/13/14/15/16/17/18/19/20,True,False,False,physionet/eegmmidb/1.0.0/S012/S012R10.edf,f70b4292ae24574f7f4835ae89e7d5fc6350c26d0d8da86b347ea0bf4956a17a
12,12,14,0,1,S012_R14_T00,both_fists_imagery,0,both_feet_imagery,1,5.38496691026398,False,shrinkage_lda,1/2/3/4/5/6/7/8/9/10/11/13/14/15/16/17/18/19/20,True,False,False,physionet/eegmmidb/1.0.0/S012/S012R14.edf,e1b65406fcdf9107d1cb5ec813b7dac9a074a212172d1f79fc403304125900ff
12,12,14,1,3,S012_R14_T01,both_feet_imagery,1,both_feet_imagery,1,12.830577302799707,True,shrinkage_lda,1/2/3/4/5/6/7/8/9/10/11/13/14/15/16/17/18/19/20,True,False,False,physionet/eegmmidb/1.0.0/S012/S012R14.edf,e1b65406fcdf9107d1cb5ec813b7dac9a074a212172d1f79fc403304125900ff
12,12,14,2,5,S012_R14_T02,both_feet_imagery,1,both_feet_imagery,1,26.651960061405163,True,shrinkage_lda,1/2/3/4/5/6/7/8/9/10/11/13/14/15/16/17/18/19/20,True,False,False,physionet/eegmmidb/1.0.0/S012/S012R14.edf,e1b65406fcdf9107d1cb5ec813b7dac9a074a212172d1f79fc403304125900ff
12,12,14,3,7,S012_R14_T03,both_fists_imagery,0,both_feet_imagery,1,18.499426327335637,False,shrinkage_lda,1/2/3/4/5/6/7/8/9/10/11/13/14/15/16/17/18/19/20,True,False,False,physionet/eegmmidb/1.0.0/S012/S012R14.edf,e1b65406fcdf9107d1cb5ec813b7dac9a074a212172d1f79fc403304125900ff
12,12,14,4,9,S012_R14_T04,both_feet_imagery,1,both_feet_imagery,1,23.641968592168453,True,shrinkage_lda,1/2/3/4/5/6/7/8/9/10/11/13/14/15/16/17/18/19/20,True,False,False,physionet/eegmmidb/1.0.0/S012/S012R14.edf,e1b65406fcdf9107d1cb5ec813b7dac9a074a212172d1f79fc403304125900ff
12,12,14,5,11,S012_R14_T05,both_fists_imagery,0,both_feet_imagery,1,23.82940254357774,False,shrinkage_lda,1/2/3/4/5/6/7/8/9/10/11/13/14/15/16/17/18/19/20,True,False,False,physionet/eegmmidb/1.0.0/S012/S012R14.edf,e1b65406fcdf9107d1cb5ec813b7dac9a074a212172d1f79fc403304125900ff
12,12,14,6,13,S012_R14_T06,both_fists_imagery,0,both_feet_imagery,1,22.972663399262032,False,shrinkage_lda,1/2/3/4/5/6/7/8/9/10/11/13/14/15/16/17/18/19/20,True,False,False,physionet/eegmmidb/1.0.0/S012/S012R14.edf,e1b65406fcdf9107d1cb5ec813b7dac9a074a212172d1f79fc403304125900ff
12,12,14,7,15,S012_R14_T07,both_feet_imagery,1,both_feet_imagery,1,23.097100050332404,True,shrinkage_lda,1/2/3/4/5/6/7/8/9/10/11/13/14/15/16/17/18/19/20,True,False,False,physionet/eegmmidb/1.0.0/S012/S012R14.edf,e1b65406fcdf9107d1cb5ec813b7dac9a074a212172d1f79fc403304125900ff
12,12,14,8,17,S012_R14_T08,both_fists_imagery,0,both_feet_imagery,1,21.191824897151722,False,shrinkage_lda,1/2/3/4/5/6/7/8/9/10/11/13/14/15/16/17/18/19/20,True,False,False,physionet/eegmmidb/1.0.0/S012/S012R14.edf,e1b65406fcdf9107d1cb5ec813b7dac9a074a212172d1f79fc403304125900ff
12,12,14,9,19,S012_R14_T09,both_feet_imagery,1,both_feet_imagery,1,26.41255763717809,True,shrinkage_lda,1/2/3/4/5/6/7/8/9/10/11/13/14/15/16/17/18/19/20,True,False,False,physionet/eegmmidb/1.0.0/S012/S012R14.edf,e1b65406fcdf9107d1cb5ec813b7dac9a074a212172d1f79fc403304125900ff
12,12,14,10,21,S012_R14_T10,both_fists_imagery,0,both_feet_imagery,1,25.078285734515983,False,shrinkage_lda,1/2/3/4/5/6/7/8/9/10/11/13/14/15/16/17/18/19/20,True,False,False,physionet/eegmmidb/1.0.0/S012/S012R14.edf,e1b65406fcdf9107d1cb5ec813b7dac9a074a212172d1f79fc403304125900ff
12,12,14,11,23,S012_R14_T11,both_feet_imagery,1,both_feet_imagery,1,30.550344945599978,True,shrinkage_lda,1/2/3/4/5/6/7/8/9/10/11/13/14/15/16/17/18/19/20,True,False,False,physionet/eegmmidb/1.0.0/S012/S012R14.edf,e1b65406fcdf9107d1cb5ec813b7dac9a074a212172d1f79fc403304125900ff
12,12,14,12,25,S012_R14_T12,both_fists_imagery,0,both_feet_imagery,1,9.759180578015165,False,shrinkage_lda,1/2/3/4/5/6/7/8/9/10/11/13/14/15/16/17/18/19/20,True,False,False,physionet/eegmmidb/1.0.0/S012/S012R14.edf,e1b65406fcdf9107d1cb5ec813b7dac9a074a212172d1f79fc403304125900ff
12,12,14,13,27,S012_R14_T13,both_feet_imagery,1,both_feet_imagery,1,23.57183628545068,True,shrinkage_lda,1/2/3/4/5/6/7/8/9/10/11/13/14/15/16/17/18/19/20,True,False,True,physionet/eegmmidb/1.0.0/S012/S012R14.edf,e1b65406fcdf9107d1cb5ec813b7dac9a074a212172d1f79fc403304125900ff
12,12,14,14,29,S012_R14_T14,both_fists_imagery,0,both_feet_imagery,1,26.06770091099318,False,shrinkage_lda,1/2/3/4/5/6/7/8/9/10/11/13/14/15/16/17/18/19/20,True,False,False,physionet/eegmmidb/1.0.0/S012/S012R14.edf,e1b65406fcdf9107d1cb5ec813b7dac9a074a212172d1f79fc403304125900ff
12,12,6,0,1,S012_R06_T00,both_feet_imagery,1,both_feet_imagery,1,3.3055091838781934,True,l2_logistic_regression,1/2/3/4/5/6/7/8/9/10/11/13/14/15/16/17/18/19/20,True,False,False,physionet/eegmmidb/1.0.0/S012/S012R06.edf,fe617707aa63e902238e4de12cd8ec22c55822d05d09f60bccab9d08ac53055a
12,12,6,1,3,S012_R06_T01,both_fists_imagery,0,both_fists_imagery,0,-2.652860387668327,True,l2_logistic_regression,1/2/3/4/5/6/7/8/9/10/11/13/14/15/16/17/18/19/20,True,False,False,physionet/eegmmidb/1.0.0/S012/S012R06.edf,fe617707aa63e902238e4de12cd8ec22c55822d05d09f60bccab9d08ac53055a
12,12,6,2,5,S012_R06_T02,both_fists_imagery,0,both_fists_imagery,0,-2.4039984429452237,True,l2_logistic_regression,1/2/3/4/5/6/7/8/9/10/11/13/14/15/16/17/18/19/20,True,False,False,physionet/eegmmidb/1.0.0/S012/S012R06.edf,fe617707aa63e902238e4de12cd8ec22c55822d05d09f60bccab9d08ac53055a
12,12,6,3,7,S012_R06_T03,both_feet_imagery,1,both_feet_imagery,1,7.056648920975877,True,l2_logistic_regression,1/2/3/4/5/6/7/8/9/10/11/13/14/15/16/17/18/19/20,True,False,False,physionet/eegmmidb/1.0.0/S012/S012R06.edf,fe617707aa63e902238e4de12cd8ec22c55822d05d09f60bccab9d08ac53055a
12,12,6,4,9,S012_R06_T04,both_feet_imagery,1,both_feet_imagery,1,4.22277733441409,True,l2_logistic_regression,1/2/3/4/5/6/7/8/9/10/11/13/14/15/16/17/18/19/20,True,False,False,physionet/eegmmidb/1.0.0/S012/S012R06.edf,fe617707aa63e902238e4de12cd8ec22c55822d05d09f60bccab9d08ac53055a
12,12,6,5,11,S012_R06_T05,both_fists_imagery,0,both_feet_imagery,1,5.2957329903740336,False,l2_logistic_regression,1/2/3/4/5/6/7/8/9/10/11/13/14/15/16/17/18/19/20,True,False,False,physionet/eegmmidb/1.0.0/S012/S012R06.edf,fe617707aa63e902238e4de12cd8ec22c55822d05d09f60bccab9d08ac53055a
12,12,6,6,13,S012_R06_T06,both_feet_imagery,1,both_feet_imagery,1,4.559660596752465,True,l2_logistic_regression,1/2/3/4/5/6/7/8/9/10/11/13/14/15/16/17/18/19/20,True,False,False,physionet/eegmmidb/1.0.0/S012/S012R06.edf,fe617707aa63e902238e4de12cd8ec22c55822d05d09f60bccab9d08ac53055a
12,12,6,7,15,S012_R06_T07,both_fists_imagery,0,both_feet_imagery,1,4.038938992417745,False,l2_logistic_regression,1/2/3/4/5/6/7/8/9/10/11/13/14/15/16/17/18/19/20,True,False,False,physionet/eegmmidb/1.0.0/S012/S012R06.edf,fe617707aa63e902238e4de12cd8ec22c55822d05d09f60bccab9d08ac53055a
12,12,6,8,17,S012_R06_T08,both_feet_imagery,1,both_feet_imagery,1,1.3096692633926563,True,l2_logistic_regression,1/2/3/4/5/6/7/8/9/10/11/13/14/15/16/17/18/19/20,True,False,False,physionet/eegmmidb/1.0.0/S012/S012R06.edf,fe617707aa63e902238e4de12cd8ec22c55822d05d09f60bccab9d08ac53055a
12,12,6,9,19,S012_R06_T09,both_fists_imagery,0,both_fists_imagery,0,-0.2895989154076787,True,l2_logistic_regression,1/2/3/4/5/6/7/8/9/10/11/13/14/15/16/17/18/19/20,True,False,False,physionet/eegmmidb/1.0.0/S012/S012R06.edf,fe617707aa63e902238e4de12cd8ec22c55822d05d09f60bccab9d08ac53055a
12,12,6,10,21,S012_R06_T10,both_feet_imagery,1,both_feet_imagery,1,4.926987161583613,True,l2_logistic_regression,1/2/3/4/5/6/7/8/9/10/11/13/14/15/16/17/18/19/20,True,False,False,physionet/eegmmidb/1.0.0/S012/S012R06.edf,fe617707aa63e902238e4de12cd8ec22c55822d05d09f60bccab9d08ac53055a
12,12,6,11,23,S012_R06_T11,both_fists_imagery,0,both_feet_imagery,1,8.116320844799299,False,l2_logistic_regression,1/2/3/4/5/6/7/8/9/10/11/13/14/15/16/17/18/19/20,True,False,True,physionet/eegmmidb/1.0.0/S012/S012R06.edf,fe617707aa63e902238e4de12cd8ec22c55822d05d09f60bccab9d08ac53055a
12,12,6,12,25,S012_R06_T12,both_fists_imagery,0,both_feet_imagery,1,3.7236477467786324,False,l2_logistic_regression,1/2/3/4/5/6/7/8/9/10/11/13/14/15/16/17/18/19/20,True,False,False,physionet/eegmmidb/1.0.0/S012/S012R06.edf,fe617707aa63e902238e4de12cd8ec22c55822d05d09f60bccab9d08ac53055a
12,12,6,13,27,S012_R06_T13,both_feet_imagery,1,both_feet_imagery,1,4.5385803844255435,True,l2_logistic_regression,1/2/3/4/5/6/7/8/9/10/11/13/14/15/16/17/18/19/20,True,False,False,physionet/eegmmidb/1.0.0/S012/S012R06.edf,fe617707aa63e902238e4de12cd8ec22c55822d05d09f60bccab9d08ac53055a
12,12,6,14,29,S012_R06_T14,both_feet_imagery,1,both_feet_imagery,1,5.679841964574061,True,l2_logistic_regression,1/2/3/4/5/6/7/8/9/10/11/13/14/15/16/17/18/19/20,True,False,False,physionet/eegmmidb/1.0.0/S012/S012R06.edf,fe617707aa63e902238e4de12cd8ec22c55822d05d09f60bccab9d08ac53055a
12,12,10,0,1,S012_R10_T00,both_feet_imagery,1,both_feet_imagery,1,5.5362733743777826,True,l2_logistic_regression,1/2/3/4/5/6/7/8/9/10/11/13/14/15/16/17/18/19/20,True,False,True,physionet/eegmmidb/1.0.0/S012/S012R10.edf,f70b4292ae24574f7f4835ae89e7d5fc6350c26d0d8da86b347ea0bf4956a17a
12,12,10,1,3,S012_R10_T01,both_fists_imagery,0,both_feet_imagery,1,8.559002439955444,False,l2_logistic_regression,1/2/3/4/5/6/7/8/9/10/11/13/14/15/16/17/18/19/20,True,False,False,physionet/eegmmidb/1.0.0/S012/S012R10.edf,f70b4292ae24574f7f4835ae89e7d5fc6350c26d0d8da86b347ea0bf4956a17a
12,12,10,2,5,S012_R10_T02,both_feet_imagery,1,both_feet_imagery,1,4.596384190306937,True,l2_logistic_regression,1/2/3/4/5/6/7/8/9/10/11/13/14/15/16/17/18/19/20,True,False,False,physionet/eegmmidb/1.0.0/S012/S012R10.edf,f70b4292ae24574f7f4835ae89e7d5fc6350c26d0d8da86b347ea0bf4956a17a
12,12,10,3,7,S012_R10_T03,both_fists_imagery,0,both_feet_imagery,1,10.578006809359165,False,l2_logistic_regression,1/2/3/4/5/6/7/8/9/10/11/13/14/15/16/17/18/19/20,True,False,False,physionet/eegmmidb/1.0.0/S012/S012R10.edf,f70b4292ae24574f7f4835ae89e7d5fc6350c26d0d8da86b347ea0bf4956a17a
12,12,10,4,9,S012_R10_T04,both_feet_imagery,1,both_feet_imagery,1,16.642460312926598,True,l2_logistic_regression,1/2/3/4/5/6/7/8/9/10/11/13/14/15/16/17/18/19/20,True,False,False,physionet/eegmmidb/1.0.0/S012/S012R10.edf,f70b4292ae24574f7f4835ae89e7d5fc6350c26d0d8da86b347ea0bf4956a17a
12,12,10,5,11,S012_R10_T05,both_fists_imagery,0,both_feet_imagery,1,6.969926263831071,False,l2_logistic_regression,1/2/3/4/5/6/7/8/9/10/11/13/14/15/16/17/18/19/20,True,False,False,physionet/eegmmidb/1.0.0/S012/S012R10.edf,f70b4292ae24574f7f4835ae89e7d5fc6350c26d0d8da86b347ea0bf4956a17a
12,12,10,6,13,S012_R10_T06,both_fists_imagery,0,both_feet_imagery,1,15.831123965320957,False,l2_logistic_regression,1/2/3/4/5/6/7/8/9/10/11/13/14/15/16/17/18/19/20,True,False,False,physionet/eegmmidb/1.0.0/S012/S012R10.edf,f70b4292ae24574f7f4835ae89e7d5fc6350c26d0d8da86b347ea0bf4956a17a
12,12,10,7,15,S012_R10_T07,both_feet_imagery,1,both_feet_imagery,1,11.35375198209718,True,l2_logistic_regression,1/2/3/4/5/6/7/8/9/10/11/13/14/15/16/17/18/19/20,True,False,True,physionet/eegmmidb/1.0.0/S012/S012R10.edf,f70b4292ae24574f7f4835ae89e7d5fc6350c26d0d8da86b347ea0bf4956a17a
12,12,10,8,17,S012_R10_T08,both_feet_imagery,1,both_feet_imagery,1,8.478250329608759,True,l2_logistic_regression,1/2/3/4/5/6/7/8/9/10/11/13/14/15/16/17/18/19/20,True,False,False,physionet/eegmmidb/1.0.0/S012/S012R10.edf,f70b4292ae24574f7f4835ae89e7d5fc6350c26d0d8da86b347ea0bf4956a17a
12,12,10,9,19,S012_R10_T09,both_fists_imagery,0,both_feet_imagery,1,13.790278864030855,False,l2_logistic_regression,1/2/3/4/5/6/7/8/9/10/11/13/14/15/16/17/18/19/20,True,False,False,physionet/eegmmidb/1.0.0/S012/S012R10.edf,f70b4292ae24574f7f4835ae89e7d5fc6350c26d0d8da86b347ea0bf4956a17a
12,12,10,10,21,S012_R10_T10,both_feet_imagery,1,both_feet_imagery,1,8.516537254034931,True,l2_logistic_regression,1/2/3/4/5/6/7/8/9/10/11/13/14/15/16/17/18/19/20,True,False,False,physionet/eegmmidb/1.0.0/S012/S012R10.edf,f70b4292ae24574f7f4835ae89e7d5fc6350c26d0d8da86b347ea0bf4956a17a
12,12,10,11,23,S012_R10_T11,both_fists_imagery,0,both_feet_imagery,1,13.08038714437346,False,l2_logistic_regression,1/2/3/4/5/6/7/8/9/10/11/13/14/15/16/17/18/19/20,True,False,False,physionet/eegmmidb/1.0.0/S012/S012R10.edf,f70b4292ae24574f7f4835ae89e7d5fc6350c26d0d8da86b347ea0bf4956a17a
12,12,10,12,25,S012_R10_T12,both_feet_imagery,1,both_feet_imagery,1,8.500949941017524,True,l2_logistic_regression,1/2/3/4/5/6/7/8/9/10/11/13/14/15/16/17/18/19/20,True,False,False,physionet/eegmmidb/1.0.0/S012/S012R10.edf,f70b4292ae24574f7f4835ae89e7d5fc6350c26d0d8da86b347ea0bf4956a17a
12,12,10,13,27,S012_R10_T13,both_fists_imagery,0,both_feet_imagery,1,7.708070129521756,False,l2_logistic_regression,1/2/3/4/5/6/7/8/9/10/11/13/14/15/16/17/18/19/20,True,False,False,physionet/eegmmidb/1.0.0/S012/S012R10.edf,f70b4292ae24574f7f4835ae89e7d5fc6350c26d0d8da86b347ea0bf4956a17a
12,12,10,14,29,S012_R10_T14,both_feet_imagery,1,both_feet_imagery,1,12.663145525482737,True,l2_logistic_regression,1/2/3/4/5/6/7/8/9/10/11/13/14/15/16/17/18/19/20,True,False,False,physionet/eegmmidb/1.0.0/S012/S012R10.edf,f70b4292ae24574f7f4835ae89e7d5fc6350c26d0d8da86b347ea0bf4956a17a
12,12,14,0,1,S012_R14_T00,both_fists_imagery,0,both_feet_imagery,1,1.5694447989970148,False,l2_logistic_regression,1/2/3/4/5/6/7/8/9/10/11/13/14/15/16/17/18/19/20,True,False,False,physionet/eegmmidb/1.0.0/S012/S012R14.edf,e1b65406fcdf9107d1cb5ec813b7dac9a074a212172d1f79fc403304125900ff
12,12,14,1,3,S012_R14_T01,both_feet_imagery,1,both_feet_imagery,1,6.64901851151261,True,l2_logistic_regression,1/2/3/4/5/6/7/8/9/10/11/13/14/15/16/17/18/19/20,True,False,False,physionet/eegmmidb/1.0.0/S012/S012R14.edf,e1b65406fcdf9107d1cb5ec813b7dac9a074a212172d1f79fc403304125900ff
12,12,14,2,5,S012_R14_T02,both_feet_imagery,1,both_feet_imagery,1,13.031674813935608,True,l2_logistic_regression,1/2/3/4/5/6/7/8/9/10/11/13/14/15/16/17/18/19/20,True,False,False,physionet/eegmmidb/1.0.0/S012/S012R14.edf,e1b65406fcdf9107d1cb5ec813b7dac9a074a212172d1f79fc403304125900ff
12,12,14,3,7,S012_R14_T03,both_fists_imagery,0,both_feet_imagery,1,8.322316305145215,False,l2_logistic_regression,1/2/3/4/5/6/7/8/9/10/11/13/14/15/16/17/18/19/20,True,False,False,physionet/eegmmidb/1.0.0/S012/S012R14.edf,e1b65406fcdf9107d1cb5ec813b7dac9a074a212172d1f79fc403304125900ff
12,12,14,4,9,S012_R14_T04,both_feet_imagery,1,both_feet_imagery,1,11.59815371737592,True,l2_logistic_regression,1/2/3/4/5/6/7/8/9/10/11/13/14/15/16/17/18/19/20,True,False,False,physionet/eegmmidb/1.0.0/S012/S012R14.edf,e1b65406fcdf9107d1cb5ec813b7dac9a074a212172d1f79fc403304125900ff
12,12,14,5,11,S012_R14_T05,both_fists_imagery,0,both_feet_imagery,1,10.34457707116925,False,l2_logistic_regression,1/2/3/4/5/6/7/8/9/10/11/13/14/15/16/17/18/19/20,True,False,False,physionet/eegmmidb/1.0.0/S012/S012R14.edf,e1b65406fcdf9107d1cb5ec813b7dac9a074a212172d1f79fc403304125900ff
12,12,14,6,13,S012_R14_T06,both_fists_imagery,0,both_feet_imagery,1,9.54458153466133,False,l2_logistic_regression,1/2/3/4/5/6/7/8/9/10/11/13/14/15/16/17/18/19/20,True,False,False,physionet/eegmmidb/1.0.0/S012/S012R14.edf,e1b65406fcdf9107d1cb5ec813b7dac9a074a212172d1f79fc403304125900ff
12,12,14,7,15,S012_R14_T07,both_feet_imagery,1,both_feet_imagery,1,11.680771137710144,True,l2_logistic_regression,1/2/3/4/5/6/7/8/9/10/11/13/14/15/16/17/18/19/20,True,False,False,physionet/eegmmidb/1.0.0/S012/S012R14.edf,e1b65406fcdf9107d1cb5ec813b7dac9a074a212172d1f79fc403304125900ff
12,12,14,8,17,S012_R14_T08,both_fists_imagery,0,both_feet_imagery,1,10.93138769235229,False,l2_logistic_regression,1/2/3/4/5/6/7/8/9/10/11/13/14/15/16/17/18/19/20,True,False,False,physionet/eegmmidb/1.0.0/S012/S012R14.edf,e1b65406fcdf9107d1cb5ec813b7dac9a074a212172d1f79fc403304125900ff
12,12,14,9,19,S012_R14_T09,both_feet_imagery,1,both_feet_imagery,1,13.307985301826896,True,l2_logistic_regression,1/2/3/4/5/6/7/8/9/10/11/13/14/15/16/17/18/19/20,True,False,False,physionet/eegmmidb/1.0.0/S012/S012R14.edf,e1b65406fcdf9107d1cb5ec813b7dac9a074a212172d1f79fc403304125900ff
12,12,14,10,21,S012_R14_T10,both_fists_imagery,0,both_feet_imagery,1,11.208402131813962,False,l2_logistic_regression,1/2/3/4/5/6/7/8/9/10/11/13/14/15/16/17/18/19/20,True,False,False,physionet/eegmmidb/1.0.0/S012/S012R14.edf,e1b65406fcdf9107d1cb5ec813b7dac9a074a212172d1f79fc403304125900ff
12,12,14,11,23,S012_R14_T11,both_feet_imagery,1,both_feet_imagery,1,15.62609519700596,True,l2_logistic_regression,1/2/3/4/5/6/7/8/9/10/11/13/14/15/16/17/18/19/20,True,False,False,physionet/eegmmidb/1.0.0/S012/S012R14.edf,e1b65406fcdf9107d1cb5ec813b7dac9a074a212172d1f79fc403304125900ff
12,12,14,12,25,S012_R14_T12,both_fists_imagery,0,both_feet_imagery,1,3.0999635156082204,False,l2_logistic_regression,1/2/3/4/5/6/7/8/9/10/11/13/14/15/16/17/18/19/20,True,False,False,physionet/eegmmidb/1.0.0/S012/S012R14.edf,e1b65406fcdf9107d1cb5ec813b7dac9a074a212172d1f79fc403304125900ff
12,12,14,13,27,S012_R14_T13,both_feet_imagery,1,both_feet_imagery,1,10.275380516633433,True,l2_logistic_regression,1/2/3/4/5/6/7/8/9/10/11/13/14/15/16/17/18/19/20,True,False,True,physionet/eegmmidb/1.0.0/S012/S012R14.edf,e1b65406fcdf9107d1cb5ec813b7dac9a074a212172d1f79fc403304125900ff
12,12,14,14,29,S012_R14_T14,both_fists_imagery,0,both_feet_imagery,1,11.072814236035363,False,l2_logistic_regression,1/2/3/4/5/6/7/8/9/10/11/13/14/15/16/17/18/19/20,True,False,False,physionet/eegmmidb/1.0.0/S012/S012R14.edf,e1b65406fcdf9107d1cb5ec813b7dac9a074a212172d1f79fc403304125900ff
13,13,6,0,1,S013_R06_T00,both_feet_imagery,1,both_feet_imagery,1,4.082658529058934,True,shrinkage_lda,1/2/3/4/5/6/7/8/9/10/11/12/14/15/16/17/18/19/20,True,False,True,physionet/eegmmidb/1.0.0/S013/S013R06.edf,2e615fe7a657d7047f4fbe789b66968dbde9394c16cdb9d0995f1c0d376a94a6
13,13,6,1,3,S013_R06_T01,both_fists_imagery,0,both_fists_imagery,0,-13.11415393467032,True,shrinkage_lda,1/2/3/4/5/6/7/8/9/10/11/12/14/15/16/17/18/19/20,True,False,False,physionet/eegmmidb/1.0.0/S013/S013R06.edf,2e615fe7a657d7047f4fbe789b66968dbde9394c16cdb9d0995f1c0d376a94a6
13,13,6,2,5,S013_R06_T02,both_fists_imagery,0,both_fists_imagery,0,-5.404433664627913,True,shrinkage_lda,1/2/3/4/5/6/7/8/9/10/11/12/14/15/16/17/18/19/20,True,False,False,physionet/eegmmidb/1.0.0/S013/S013R06.edf,2e615fe7a657d7047f4fbe789b66968dbde9394c16cdb9d0995f1c0d376a94a6
13,13,6,3,7,S013_R06_T03,both_feet_imagery,1,both_feet_imagery,1,3.6426080899376503,True,shrinkage_lda,1/2/3/4/5/6/7/8/9/10/11/12/14/15/16/17/18/19/20,True,False,False,physionet/eegmmidb/1.0.0/S013/S013R06.edf,2e615fe7a657d7047f4fbe789b66968dbde9394c16cdb9d0995f1c0d376a94a6
13,13,6,4,9,S013_R06_T04,both_fists_imagery,0,both_fists_imagery,0,-12.39890859490978,True,shrinkage_lda,1/2/3/4/5/6/7/8/9/10/11/12/14/15/16/17/18/19/20,True,False,True,physionet/eegmmidb/1.0.0/S013/S013R06.edf,2e615fe7a657d7047f4fbe789b66968dbde9394c16cdb9d0995f1c0d376a94a6
13,13,6,5,11,S013_R06_T05,both_feet_imagery,1,both_fists_imagery,0,-0.7033233738906126,False,shrinkage_lda,1/2/3/4/5/6/7/8/9/10/11/12/14/15/16/17/18/19/20,True,False,False,physionet/eegmmidb/1.0.0/S013/S013R06.edf,2e615fe7a657d7047f4fbe789b66968dbde9394c16cdb9d0995f1c0d376a94a6
13,13,6,6,13,S013_R06_T06,both_fists_imagery,0,both_fists_imagery,0,-11.044431464523026,True,shrinkage_lda,1/2/3/4/5/6/7/8/9/10/11/12/14/15/16/17/18/19/20,True,False,False,physionet/eegmmidb/1.0.0/S013/S013R06.edf,2e615fe7a657d7047f4fbe789b66968dbde9394c16cdb9d0995f1c0d376a94a6
13,13,6,7,15,S013_R06_T07,both_feet_imagery,1,both_fists_imagery,0,-8.306568880524711,False,shrinkage_lda,1/2/3/4/5/6/7/8/9/10/11/12/14/15/16/17/18/19/20,True,False,False,physionet/eegmmidb/1.0.0/S013/S013R06.edf,2e615fe7a657d7047f4fbe789b66968dbde9394c16cdb9d0995f1c0d376a94a6
13,13,6,8,17,S013_R06_T08,both_fists_imagery,0,both_fists_imagery,0,-12.056955036217524,True,shrinkage_lda,1/2/3/4/5/6/7/8/9/10/11/12/14/15/16/17/18/19/20,True,False,False,physionet/eegmmidb/1.0.0/S013/S013R06.edf,2e615fe7a657d7047f4fbe789b66968dbde9394c16cdb9d0995f1c0d376a94a6
13,13,6,9,19,S013_R06_T09,both_feet_imagery,1,both_feet_imagery,1,10.705801417163173,True,shrinkage_lda,1/2/3/4/5/6/7/8/9/10/11/12/14/15/16/17/18/19/20,True,False,False,physionet/eegmmidb/1.0.0/S013/S013R06.edf,2e615fe7a657d7047f4fbe789b66968dbde9394c16cdb9d0995f1c0d376a94a6
13,13,6,10,21,S013_R06_T10,both_fists_imagery,0,both_fists_imagery,0,-8.646885889021828,True,shrinkage_lda,1/2/3/4/5/6/7/8/9/10/11/12/14/15/16/17/18/19/20,True,False,True,physionet/eegmmidb/1.0.0/S013/S013R06.edf,2e615fe7a657d7047f4fbe789b66968dbde9394c16cdb9d0995f1c0d376a94a6
13,13,6,11,23,S013_R06_T11,both_feet_imagery,1,both_fists_imagery,0,-2.489556510377565,False,shrinkage_lda,1/2/3/4/5/6/7/8/9/10/11/12/14/15/16/17/18/19/20,True,False,True,physionet/eegmmidb/1.0.0/S013/S013R06.edf,2e615fe7a657d7047f4fbe789b66968dbde9394c16cdb9d0995f1c0d376a94a6
13,13,6,12,25,S013_R06_T12,both_fists_imagery,0,both_fists_imagery,0,-8.083864473646557,True,shrinkage_lda,1/2/3/4/5/6/7/8/9/10/11/12/14/15/16/17/18/19/20,True,False,True,physionet/eegmmidb/1.0.0/S013/S013R06.edf,2e615fe7a657d7047f4fbe789b66968dbde9394c16cdb9d0995f1c0d376a94a6
13,13,6,13,27,S013_R06_T13,both_feet_imagery,1,both_feet_imagery,1,19.073403848922304,True,shrinkage_lda,1/2/3/4/5/6/7/8/9/10/11/12/14/15/16/17/18/19/20,True,False,False,physionet/eegmmidb/1.0.0/S013/S013R06.edf,2e615fe7a657d7047f4fbe789b66968dbde9394c16cdb9d0995f1c0d376a94a6
13,13,6,14,29,S013_R06_T14,both_fists_imagery,0,both_feet_imagery,1,2.3479080140881203,False,shrinkage_lda,1/2/3/4/5/6/7/8/9/10/11/12/14/15/16/17/18/19/20,True,False,True,physionet/eegmmidb/1.0.0/S013/S013R06.edf,2e615fe7a657d7047f4fbe789b66968dbde9394c16cdb9d0995f1c0d376a94a6
13,13,10,0,1,S013_R10_T00,both_fists_imagery,0,both_fists_imagery,0,-19.4889870985762,True,shrinkage_lda,1/2/3/4/5/6/7/8/9/10/11/12/14/15/16/17/18/19/20,True,False,False,physionet/eegmmidb/1.0.0/S013/S013R10.edf,14c0536c6a2bbc572cf7b4b7e128aa2f1bd5b3a65e84a16184fd4b382609459d
13,13,10,1,3,S013_R10_T01,both_feet_imagery,1,both_fists_imagery,0,-3.6244249094038095,False,shrinkage_lda,1/2/3/4/5/6/7/8/9/10/11/12/14/15/16/17/18/19/20,True,False,False,physionet/eegmmidb/1.0.0/S013/S013R10.edf,14c0536c6a2bbc572cf7b4b7e128aa2f1bd5b3a65e84a16184fd4b382609459d
13,13,10,2,5,S013_R10_T02,both_feet_imagery,1,both_feet_imagery,1,1.1482960649906113,True,shrinkage_lda,1/2/3/4/5/6/7/8/9/10/11/12/14/15/16/17/18/19/20,True,False,False,physionet/eegmmidb/1.0.0/S013/S013R10.edf,14c0536c6a2bbc572cf7b4b7e128aa2f1bd5b3a65e84a16184fd4b382609459d
13,13,10,3,7,S013_R10_T03,both_fists_imagery,0,both_fists_imagery,0,-10.29621689133462,True,shrinkage_lda,1/2/3/4/5/6/7/8/9/10/11/12/14/15/16/17/18/19/20,True,False,False,physionet/eegmmidb/1.0.0/S013/S013R10.edf,14c0536c6a2bbc572cf7b4b7e128aa2f1bd5b3a65e84a16184fd4b382609459d
13,13,10,4,9,S013_R10_T04,both_feet_imagery,1,both_feet_imagery,1,2.979945429446279,True,shrinkage_lda,1/2/3/4/5/6/7/8/9/10/11/12/14/15/16/17/18/19/20,True,False,False,physionet/eegmmidb/1.0.0/S013/S013R10.edf,14c0536c6a2bbc572cf7b4b7e128aa2f1bd5b3a65e84a16184fd4b382609459d
13,13,10,5,11,S013_R10_T05,both_fists_imagery,0,both_feet_imagery,1,6.581722326408004,False,shrinkage_lda,1/2/3/4/5/6/7/8/9/10/11/12/14/15/16/17/18/19/20,True,False,False,physionet/eegmmidb/1.0.0/S013/S013R10.edf,14c0536c6a2bbc572cf7b4b7e128aa2f1bd5b3a65e84a16184fd4b382609459d
13,13,10,6,13,S013_R10_T06,both_feet_imagery,1,both_feet_imagery,1,11.786435499765652,True,shrinkage_lda,1/2/3/4/5/6/7/8/9/10/11/12/14/15/16/17/18/19/20,True,False,False,physionet/eegmmidb/1.0.0/S013/S013R10.edf,14c0536c6a2bbc572cf7b4b7e128aa2f1bd5b3a65e84a16184fd4b382609459d
13,13,10,7,15,S013_R10_T07,both_fists_imagery,0,both_fists_imagery,0,-7.416176055298702,True,shrinkage_lda,1/2/3/4/5/6/7/8/9/10/11/12/14/15/16/17/18/19/20,True,False,True,physionet/eegmmidb/1.0.0/S013/S013R10.edf,14c0536c6a2bbc572cf7b4b7e128aa2f1bd5b3a65e84a16184fd4b382609459d
13,13,10,8,17,S013_R10_T08,both_fists_imagery,0,both_feet_imagery,1,1.3953280748058094,False,shrinkage_lda,1/2/3/4/5/6/7/8/9/10/11/12/14/15/16/17/18/19/20,True,False,False,physionet/eegmmidb/1.0.0/S013/S013R10.edf,14c0536c6a2bbc572cf7b4b7e128aa2f1bd5b3a65e84a16184fd4b382609459d
13,13,10,9,19,S013_R10_T09,both_feet_imagery,1,both_feet_imagery,1,9.008278667640429,True,shrinkage_lda,1/2/3/4/5/6/7/8/9/10/11/12/14/15/16/17/18/19/20,True,False,False,physionet/eegmmidb/1.0.0/S013/S013R10.edf,14c0536c6a2bbc572cf7b4b7e128aa2f1bd5b3a65e84a16184fd4b382609459d
13,13,10,10,21,S013_R10_T10,both_feet_imagery,1,both_feet_imagery,1,2.9490655626137636,True,shrinkage_lda,1/2/3/4/5/6/7/8/9/10/11/12/14/15/16/17/18/19/20,True,False,False,physionet/eegmmidb/1.0.0/S013/S013R10.edf,14c0536c6a2bbc572cf7b4b7e128aa2f1bd5b3a65e84a16184fd4b382609459d
13,13,10,11,23,S013_R10_T11,both_fists_imagery,0,both_feet_imagery,1,6.663352562033246,False,shrinkage_lda,1/2/3/4/5/6/7/8/9/10/11/12/14/15/16/17/18/19/20,True,False,False,physionet/eegmmidb/1.0.0/S013/S013R10.edf,14c0536c6a2bbc572cf7b4b7e128aa2f1bd5b3a65e84a16184fd4b382609459d
13,13,10,12,25,S013_R10_T12,both_fists_imagery,0,both_fists_imagery,0,-12.700997631654225,True,shrinkage_lda,1/2/3/4/5/6/7/8/9/10/11/12/14/15/16/17/18/19/20,True,False,False,physionet/eegmmidb/1.0.0/S013/S013R10.edf,14c0536c6a2bbc572cf7b4b7e128aa2f1bd5b3a65e84a16184fd4b382609459d
13,13,10,13,27,S013_R10_T13,both_feet_imagery,1,both_feet_imagery,1,7.345446374466809,True,shrinkage_lda,1/2/3/4/5/6/7/8/9/10/11/12/14/15/16/17/18/19/20,True,False,False,physionet/eegmmidb/1.0.0/S013/S013R10.edf,14c0536c6a2bbc572cf7b4b7e128aa2f1bd5b3a65e84a16184fd4b382609459d
13,13,10,14,29,S013_R10_T14,both_feet_imagery,1,both_feet_imagery,1,8.631260697490859,True,shrinkage_lda,1/2/3/4/5/6/7/8/9/10/11/12/14/15/16/17/18/19/20,True,False,False,physionet/eegmmidb/1.0.0/S013/S013R10.edf,14c0536c6a2bbc572cf7b4b7e128aa2f1bd5b3a65e84a16184fd4b382609459d
13,13,14,0,1,S013_R14_T00,both_feet_imagery,1,both_feet_imagery,1,7.0312925205915775,True,shrinkage_lda,1/2/3/4/5/6/7/8/9/10/11/12/14/15/16/17/18/19/20,True,False,False,physionet/eegmmidb/1.0.0/S013/S013R14.edf,ebdbc2b8c8d86022a8f285bf4b42674364d91cc46eecc1e1abc04043ef12c17b
13,13,14,1,3,S013_R14_T01,both_fists_imagery,0,both_feet_imagery,1,4.665152522320979,False,shrinkage_lda,1/2/3/4/5/6/7/8/9/10/11/12/14/15/16/17/18/19/20,True,False,False,physionet/eegmmidb/1.0.0/S013/S013R14.edf,ebdbc2b8c8d86022a8f285bf4b42674364d91cc46eecc1e1abc04043ef12c17b
13,13,14,2,5,S013_R14_T02,both_fists_imagery,0,both_fists_imagery,0,-5.079400713676399,True,shrinkage_lda,1/2/3/4/5/6/7/8/9/10/11/12/14/15/16/17/18/19/20,True,False,False,physionet/eegmmidb/1.0.0/S013/S013R14.edf,ebdbc2b8c8d86022a8f285bf4b42674364d91cc46eecc1e1abc04043ef12c17b
13,13,14,3,7,S013_R14_T03,both_feet_imagery,1,both_fists_imagery,0,-7.640400966477431,False,shrinkage_lda,1/2/3/4/5/6/7/8/9/10/11/12/14/15/16/17/18/19/20,True,False,False,physionet/eegmmidb/1.0.0/S013/S013R14.edf,ebdbc2b8c8d86022a8f285bf4b42674364d91cc46eecc1e1abc04043ef12c17b
13,13,14,4,9,S013_R14_T04,both_feet_imagery,1,both_fists_imagery,0,-2.9331261194463223,False,shrinkage_lda,1/2/3/4/5/6/7/8/9/10/11/12/14/15/16/17/18/19/20,True,False,False,physionet/eegmmidb/1.0.0/S013/S013R14.edf,ebdbc2b8c8d86022a8f285bf4b42674364d91cc46eecc1e1abc04043ef12c17b
13,13,14,5,11,S013_R14_T05,both_fists_imagery,0,both_fists_imagery,0,-7.188111992380861,True,shrinkage_lda,1/2/3/4/5/6/7/8/9/10/11/12/14/15/16/17/18/19/20,True,False,False,physionet/eegmmidb/1.0.0/S013/S013R14.edf,ebdbc2b8c8d86022a8f285bf4b42674364d91cc46eecc1e1abc04043ef12c17b
13,13,14,6,13,S013_R14_T06,both_fists_imagery,0,both_fists_imagery,0,-4.813335641488704,True,shrinkage_lda,1/2/3/4/5/6/7/8/9/10/11/12/14/15/16/17/18/19/20,True,False,False,physionet/eegmmidb/1.0.0/S013/S013R14.edf,ebdbc2b8c8d86022a8f285bf4b42674364d91cc46eecc1e1abc04043ef12c17b
13,13,14,7,15,S013_R14_T07,both_feet_imagery,1,both_feet_imagery,1,13.603912580437203,True,shrinkage_lda,1/2/3/4/5/6/7/8/9/10/11/12/14/15/16/17/18/19/20,True,False,False,physionet/eegmmidb/1.0.0/S013/S013R14.edf,ebdbc2b8c8d86022a8f285bf4b42674364d91cc46eecc1e1abc04043ef12c17b
13,13,14,8,17,S013_R14_T08,both_feet_imagery,1,both_fists_imagery,0,-5.69281735603518,False,shrinkage_lda,1/2/3/4/5/6/7/8/9/10/11/12/14/15/16/17/18/19/20,True,False,False,physionet/eegmmidb/1.0.0/S013/S013R14.edf,ebdbc2b8c8d86022a8f285bf4b42674364d91cc46eecc1e1abc04043ef12c17b
13,13,14,9,19,S013_R14_T09,both_fists_imagery,0,both_feet_imagery,1,4.821289253592963,False,shrinkage_lda,1/2/3/4/5/6/7/8/9/10/11/12/14/15/16/17/18/19/20,True,False,False,physionet/eegmmidb/1.0.0/S013/S013R14.edf,ebdbc2b8c8d86022a8f285bf4b42674364d91cc46eecc1e1abc04043ef12c17b
13,13,14,10,21,S013_R14_T10,both_feet_imagery,1,both_fists_imagery,0,-1.1616326955031064,False,shrinkage_lda,1/2/3/4/5/6/7/8/9/10/11/12/14/15/16/17/18/19/20,True,False,False,physionet/eegmmidb/1.0.0/S013/S013R14.edf,ebdbc2b8c8d86022a8f285bf4b42674364d91cc46eecc1e1abc04043ef12c17b
13,13,14,11,23,S013_R14_T11,both_fists_imagery,0,both_feet_imagery,1,5.31429717004186,False,shrinkage_lda,1/2/3/4/5/6/7/8/9/10/11/12/14/15/16/17/18/19/20,True,False,False,physionet/eegmmidb/1.0.0/S013/S013R14.edf,ebdbc2b8c8d86022a8f285bf4b42674364d91cc46eecc1e1abc04043ef12c17b
13,13,14,12,25,S013_R14_T12,both_feet_imagery,1,both_fists_imagery,0,-3.9605707439764872,False,shrinkage_lda,1/2/3/4/5/6/7/8/9/10/11/12/14/15/16/17/18/19/20,True,False,False,physionet/eegmmidb/1.0.0/S013/S013R14.edf,ebdbc2b8c8d86022a8f285bf4b42674364d91cc46eecc1e1abc04043ef12c17b
13,13,14,13,27,S013_R14_T13,both_fists_imagery,0,both_fists_imagery,0,-13.020652393010149,True,shrinkage_lda,1/2/3/4/5/6/7/8/9/10/11/12/14/15/16/17/18/19/20,True,False,False,physionet/eegmmidb/1.0.0/S013/S013R14.edf,ebdbc2b8c8d86022a8f285bf4b42674364d91cc46eecc1e1abc04043ef12c17b
13,13,14,14,29,S013_R14_T14,both_feet_imagery,1,both_fists_imagery,0,-1.5086949189351915,False,shrinkage_lda,1/2/3/4/5/6/7/8/9/10/11/12/14/15/16/17/18/19/20,True,False,False,physionet/eegmmidb/1.0.0/S013/S013R14.edf,ebdbc2b8c8d86022a8f285bf4b42674364d91cc46eecc1e1abc04043ef12c17b
13,13,6,0,1,S013_R06_T00,both_feet_imagery,1,both_feet_imagery,1,1.1822805750293608,True,l2_logistic_regression,1/2/3/4/5/6/7/8/9/10/11/12/14/15/16/17/18/19/20,True,False,True,physionet/eegmmidb/1.0.0/S013/S013R06.edf,2e615fe7a657d7047f4fbe789b66968dbde9394c16cdb9d0995f1c0d376a94a6
13,13,6,1,3,S013_R06_T01,both_fists_imagery,0,both_fists_imagery,0,-7.057602382667632,True,l2_logistic_regression,1/2/3/4/5/6/7/8/9/10/11/12/14/15/16/17/18/19/20,True,False,False,physionet/eegmmidb/1.0.0/S013/S013R06.edf,2e615fe7a657d7047f4fbe789b66968dbde9394c16cdb9d0995f1c0d376a94a6
13,13,6,2,5,S013_R06_T02,both_fists_imagery,0,both_fists_imagery,0,-3.9226138011913902,True,l2_logistic_regression,1/2/3/4/5/6/7/8/9/10/11/12/14/15/16/17/18/19/20,True,False,False,physionet/eegmmidb/1.0.0/S013/S013R06.edf,2e615fe7a657d7047f4fbe789b66968dbde9394c16cdb9d0995f1c0d376a94a6
13,13,6,3,7,S013_R06_T03,both_feet_imagery,1,both_feet_imagery,1,2.3744797667456212,True,l2_logistic_regression,1/2/3/4/5/6/7/8/9/10/11/12/14/15/16/17/18/19/20,True,False,False,physionet/eegmmidb/1.0.0/S013/S013R06.edf,2e615fe7a657d7047f4fbe789b66968dbde9394c16cdb9d0995f1c0d376a94a6
13,13,6,4,9,S013_R06_T04,both_fists_imagery,0,both_fists_imagery,0,-5.838391254651941,True,l2_logistic_regression,1/2/3/4/5/6/7/8/9/10/11/12/14/15/16/17/18/19/20,True,False,True,physionet/eegmmidb/1.0.0/S013/S013R06.edf,2e615fe7a657d7047f4fbe789b66968dbde9394c16cdb9d0995f1c0d376a94a6
13,13,6,5,11,S013_R06_T05,both_feet_imagery,1,both_feet_imagery,1,0.058437854768512945,True,l2_logistic_regression,1/2/3/4/5/6/7/8/9/10/11/12/14/15/16/17/18/19/20,True,False,False,physionet/eegmmidb/1.0.0/S013/S013R06.edf,2e615fe7a657d7047f4fbe789b66968dbde9394c16cdb9d0995f1c0d376a94a6
13,13,6,6,13,S013_R06_T06,both_fists_imagery,0,both_fists_imagery,0,-5.757745180372282,True,l2_logistic_regression,1/2/3/4/5/6/7/8/9/10/11/12/14/15/16/17/18/19/20,True,False,False,physionet/eegmmidb/1.0.0/S013/S013R06.edf,2e615fe7a657d7047f4fbe789b66968dbde9394c16cdb9d0995f1c0d376a94a6
13,13,6,7,15,S013_R06_T07,both_feet_imagery,1,both_fists_imagery,0,-3.3980479282522045,False,l2_logistic_regression,1/2/3/4/5/6/7/8/9/10/11/12/14/15/16/17/18/19/20,True,False,False,physionet/eegmmidb/1.0.0/S013/S013R06.edf,2e615fe7a657d7047f4fbe789b66968dbde9394c16cdb9d0995f1c0d376a94a6
13,13,6,8,17,S013_R06_T08,both_fists_imagery,0,both_fists_imagery,0,-7.93453283937292,True,l2_logistic_regression,1/2/3/4/5/6/7/8/9/10/11/12/14/15/16/17/18/19/20,True,False,False,physionet/eegmmidb/1.0.0/S013/S013R06.edf,2e615fe7a657d7047f4fbe789b66968dbde9394c16cdb9d0995f1c0d376a94a6
13,13,6,9,19,S013_R06_T09,both_feet_imagery,1,both_feet_imagery,1,5.48646970995024,True,l2_logistic_regression,1/2/3/4/5/6/7/8/9/10/11/12/14/15/16/17/18/19/20,True,False,False,physionet/eegmmidb/1.0.0/S013/S013R06.edf,2e615fe7a657d7047f4fbe789b66968dbde9394c16cdb9d0995f1c0d376a94a6
13,13,6,10,21,S013_R06_T10,both_fists_imagery,0,both_fists_imagery,0,-5.7885450297806305,True,l2_logistic_regression,1/2/3/4/5/6/7/8/9/10/11/12/14/15/16/17/18/19/20,True,False,True,physionet/eegmmidb/1.0.0/S013/S013R06.edf,2e615fe7a657d7047f4fbe789b66968dbde9394c16cdb9d0995f1c0d376a94a6
13,13,6,11,23,S013_R06_T11,both_feet_imagery,1,both_fists_imagery,0,-0.40080151478658954,False,l2_logistic_regression,1/2/3/4/5/6/7/8/9/10/11/12/14/15/16/17/18/19/20,True,False,True,physionet/eegmmidb/1.0.0/S013/S013R06.edf,2e615fe7a657d7047f4fbe789b66968dbde9394c16cdb9d0995f1c0d376a94a6
13,13,6,12,25,S013_R06_T12,both_fists_imagery,0,both_fists_imagery,0,-3.691018592772661,True,l2_logistic_regression,1/2/3/4/5/6/7/8/9/10/11/12/14/15/16/17/18/19/20,True,False,True,physionet/eegmmidb/1.0.0/S013/S013R06.edf,2e615fe7a657d7047f4fbe789b66968dbde9394c16cdb9d0995f1c0d376a94a6
13,13,6,13,27,S013_R06_T13,both_feet_imagery,1,both_feet_imagery,1,10.294693745480268,True,l2_logistic_regression,1/2/3/4/5/6/7/8/9/10/11/12/14/15/16/17/18/19/20,True,False,False,physionet/eegmmidb/1.0.0/S013/S013R06.edf,2e615fe7a657d7047f4fbe789b66968dbde9394c16cdb9d0995f1c0d376a94a6
13,13,6,14,29,S013_R06_T14,both_fists_imagery,0,both_feet_imagery,1,2.085728072010502,False,l2_logistic_regression,1/2/3/4/5/6/7/8/9/10/11/12/14/15/16/17/18/19/20,True,False,True,physionet/eegmmidb/1.0.0/S013/S013R06.edf,2e615fe7a657d7047f4fbe789b66968dbde9394c16cdb9d0995f1c0d376a94a6
13,13,10,0,1,S013_R10_T00,both_fists_imagery,0,both_fists_imagery,0,-10.614090724569431,True,l2_logistic_regression,1/2/3/4/5/6/7/8/9/10/11/12/14/15/16/17/18/19/20,True,False,False,physionet/eegmmidb/1.0.0/S013/S013R10.edf,14c0536c6a2bbc572cf7b4b7e128aa2f1bd5b3a65e84a16184fd4b382609459d
13,13,10,1,3,S013_R10_T01,both_feet_imagery,1,both_fists_imagery,0,-1.3651378973509296,False,l2_logistic_regression,1/2/3/4/5/6/7/8/9/10/11/12/14/15/16/17/18/19/20,True,False,False,physionet/eegmmidb/1.0.0/S013/S013R10.edf,14c0536c6a2bbc572cf7b4b7e128aa2f1bd5b3a65e84a16184fd4b382609459d
13,13,10,2,5,S013_R10_T02,both_feet_imagery,1,both_feet_imagery,1,0.17463976981393414,True,l2_logistic_regression,1/2/3/4/5/6/7/8/9/10/11/12/14/15/16/17/18/19/20,True,False,False,physionet/eegmmidb/1.0.0/S013/S013R10.edf,14c0536c6a2bbc572cf7b4b7e128aa2f1bd5b3a65e84a16184fd4b382609459d
13,13,10,3,7,S013_R10_T03,both_fists_imagery,0,both_fists_imagery,0,-5.621361561628548,True,l2_logistic_regression,1/2/3/4/5/6/7/8/9/10/11/12/14/15/16/17/18/19/20,True,False,False,physionet/eegmmidb/1.0.0/S013/S013R10.edf,14c0536c6a2bbc572cf7b4b7e128aa2f1bd5b3a65e84a16184fd4b382609459d
13,13,10,4,9,S013_R10_T04,both_feet_imagery,1,both_feet_imagery,1,2.4248475225254977,True,l2_logistic_regression,1/2/3/4/5/6/7/8/9/10/11/12/14/15/16/17/18/19/20,True,False,False,physionet/eegmmidb/1.0.0/S013/S013R10.edf,14c0536c6a2bbc572cf7b4b7e128aa2f1bd5b3a65e84a16184fd4b382609459d
13,13,10,5,11,S013_R10_T05,both_fists_imagery,0,both_feet_imagery,1,4.070763239330654,False,l2_logistic_regression,1/2/3/4/5/6/7/8/9/10/11/12/14/15/16/17/18/19/20,True,False,False,physionet/eegmmidb/1.0.0/S013/S013R10.edf,14c0536c6a2bbc572cf7b4b7e128aa2f1bd5b3a65e84a16184fd4b382609459d
13,13,10,6,13,S013_R10_T06,both_feet_imagery,1,both_feet_imagery,1,6.513917991158961,True,l2_logistic_regression,1/2/3/4/5/6/7/8/9/10/11/12/14/15/16/17/18/19/20,True,False,False,physionet/eegmmidb/1.0.0/S013/S013R10.edf,14c0536c6a2bbc572cf7b4b7e128aa2f1bd5b3a65e84a16184fd4b382609459d
13,13,10,7,15,S013_R10_T07,both_fists_imagery,0,both_fists_imagery,0,-5.258975324623474,True,l2_logistic_regression,1/2/3/4/5/6/7/8/9/10/11/12/14/15/16/17/18/19/20,True,False,True,physionet/eegmmidb/1.0.0/S013/S013R10.edf,14c0536c6a2bbc572cf7b4b7e128aa2f1bd5b3a65e84a16184fd4b382609459d
13,13,10,8,17,S013_R10_T08,both_fists_imagery,0,both_feet_imagery,1,0.2526261893766019,False,l2_logistic_regression,1/2/3/4/5/6/7/8/9/10/11/12/14/15/16/17/18/19/20,True,False,False,physionet/eegmmidb/1.0.0/S013/S013R10.edf,14c0536c6a2bbc572cf7b4b7e128aa2f1bd5b3a65e84a16184fd4b382609459d
13,13,10,9,19,S013_R10_T09,both_feet_imagery,1,both_feet_imagery,1,4.122634177664671,True,l2_logistic_regression,1/2/3/4/5/6/7/8/9/10/11/12/14/15/16/17/18/19/20,True,False,False,physionet/eegmmidb/1.0.0/S013/S013R10.edf,14c0536c6a2bbc572cf7b4b7e128aa2f1bd5b3a65e84a16184fd4b382609459d
13,13,10,10,21,S013_R10_T10,both_feet_imagery,1,both_feet_imagery,1,1.8083465269352024,True,l2_logistic_regression,1/2/3/4/5/6/7/8/9/10/11/12/14/15/16/17/18/19/20,True,False,False,physionet/eegmmidb/1.0.0/S013/S013R10.edf,14c0536c6a2bbc572cf7b4b7e128aa2f1bd5b3a65e84a16184fd4b382609459d
13,13,10,11,23,S013_R10_T11,both_fists_imagery,0,both_feet_imagery,1,3.8851407086395398,False,l2_logistic_regression,1/2/3/4/5/6/7/8/9/10/11/12/14/15/16/17/18/19/20,True,False,False,physionet/eegmmidb/1.0.0/S013/S013R10.edf,14c0536c6a2bbc572cf7b4b7e128aa2f1bd5b3a65e84a16184fd4b382609459d
13,13,10,12,25,S013_R10_T12,both_fists_imagery,0,both_fists_imagery,0,-7.981581819732632,True,l2_logistic_regression,1/2/3/4/5/6/7/8/9/10/11/12/14/15/16/17/18/19/20,True,False,False,physionet/eegmmidb/1.0.0/S013/S013R10.edf,14c0536c6a2bbc572cf7b4b7e128aa2f1bd5b3a65e84a16184fd4b382609459d
13,13,10,13,27,S013_R10_T13,both_feet_imagery,1,both_feet_imagery,1,4.364199437813883,True,l2_logistic_regression,1/2/3/4/5/6/7/8/9/10/11/12/14/15/16/17/18/19/20,True,False,False,physionet/eegmmidb/1.0.0/S013/S013R10.edf,14c0536c6a2bbc572cf7b4b7e128aa2f1bd5b3a65e84a16184fd4b382609459d
13,13,10,14,29,S013_R10_T14,both_feet_imagery,1,both_feet_imagery,1,5.545294913093658,True,l2_logistic_regression,1/2/3/4/5/6/7/8/9/10/11/12/14/15/16/17/18/19/20,True,False,False,physionet/eegmmidb/1.0.0/S013/S013R10.edf,14c0536c6a2bbc572cf7b4b7e128aa2f1bd5b3a65e84a16184fd4b382609459d
13,13,14,0,1,S013_R14_T00,both_feet_imagery,1,both_feet_imagery,1,5.74340247360529,True,l2_logistic_regression,1/2/3/4/5/6/7/8/9/10/11/12/14/15/16/17/18/19/20,True,False,False,physionet/eegmmidb/1.0.0/S013/S013R14.edf,ebdbc2b8c8d86022a8f285bf4b42674364d91cc46eecc1e1abc04043ef12c17b
13,13,14,1,3,S013_R14_T01,both_fists_imagery,0,both_feet_imagery,1,3.5174650401230307,False,l2_logistic_regression,1/2/3/4/5/6/7/8/9/10/11/12/14/15/16/17/18/19/20,True,False,False,physionet/eegmmidb/1.0.0/S013/S013R14.edf,ebdbc2b8c8d86022a8f285bf4b42674364d91cc46eecc1e1abc04043ef12c17b
13,13,14,2,5,S013_R14_T02,both_fists_imagery,0,both_fists_imagery,0,-2.115929214819537,True,l2_logistic_regression,1/2/3/4/5/6/7/8/9/10/11/12/14/15/16/17/18/19/20,True,False,False,physionet/eegmmidb/1.0.0/S013/S013R14.edf,ebdbc2b8c8d86022a8f285bf4b42674364d91cc46eecc1e1abc04043ef12c17b
13,13,14,3,7,S013_R14_T03,both_feet_imagery,1,both_fists_imagery,0,-4.346217978018172,False,l2_logistic_regression,1/2/3/4/5/6/7/8/9/10/11/12/14/15/16/17/18/19/20,True,False,False,physionet/eegmmidb/1.0.0/S013/S013R14.edf,ebdbc2b8c8d86022a8f285bf4b42674364d91cc46eecc1e1abc04043ef12c17b
13,13,14,4,9,S013_R14_T04,both_feet_imagery,1,both_fists_imagery,0,-0.7223578471582792,False,l2_logistic_regression,1/2/3/4/5/6/7/8/9/10/11/12/14/15/16/17/18/19/20,True,False,False,physionet/eegmmidb/1.0.0/S013/S013R14.edf,ebdbc2b8c8d86022a8f285bf4b42674364d91cc46eecc1e1abc04043ef12c17b
13,13,14,5,11,S013_R14_T05,both_fists_imagery,0,both_fists_imagery,0,-2.385289394032743,True,l2_logistic_regression,1/2/3/4/5/6/7/8/9/10/11/12/14/15/16/17/18/19/20,True,False,False,physionet/eegmmidb/1.0.0/S013/S013R14.edf,ebdbc2b8c8d86022a8f285bf4b42674364d91cc46eecc1e1abc04043ef12c17b
13,13,14,6,13,S013_R14_T06,both_fists_imagery,0,both_fists_imagery,0,-2.016640760568524,True,l2_logistic_regression,1/2/3/4/5/6/7/8/9/10/11/12/14/15/16/17/18/19/20,True,False,False,physionet/eegmmidb/1.0.0/S013/S013R14.edf,ebdbc2b8c8d86022a8f285bf4b42674364d91cc46eecc1e1abc04043ef12c17b
13,13,14,7,15,S013_R14_T07,both_feet_imagery,1,both_feet_imagery,1,7.378400399568671,True,l2_logistic_regression,1/2/3/4/5/6/7/8/9/10/11/12/14/15/16/17/18/19/20,True,False,False,physionet/eegmmidb/1.0.0/S013/S013R14.edf,ebdbc2b8c8d86022a8f285bf4b42674364d91cc46eecc1e1abc04043ef12c17b
13,13,14,8,17,S013_R14_T08,both_feet_imagery,1,both_fists_imagery,0,-2.618567812173566,False,l2_logistic_regression,1/2/3/4/5/6/7/8/9/10/11/12/14/15/16/17/18/19/20,True,False,False,physionet/eegmmidb/1.0.0/S013/S013R14.edf,ebdbc2b8c8d86022a8f285bf4b42674364d91cc46eecc1e1abc04043ef12c17b
13,13,14,9,19,S013_R14_T09,both_fists_imagery,0,both_feet_imagery,1,3.390871474486187,False,l2_logistic_regression,1/2/3/4/5/6/7/8/9/10/11/12/14/15/16/17/18/19/20,True,False,False,physionet/eegmmidb/1.0.0/S013/S013R14.edf,ebdbc2b8c8d86022a8f285bf4b42674364d91cc46eecc1e1abc04043ef12c17b
13,13,14,10,21,S013_R14_T10,both_feet_imagery,1,both_fists_imagery,0,-0.11940981740484088,False,l2_logistic_regression,1/2/3/4/5/6/7/8/9/10/11/12/14/15/16/17/18/19/20,True,False,False,physionet/eegmmidb/1.0.0/S013/S013R14.edf,ebdbc2b8c8d86022a8f285bf4b42674364d91cc46eecc1e1abc04043ef12c17b
13,13,14,11,23,S013_R14_T11,both_fists_imagery,0,both_feet_imagery,1,2.3217215190442655,False,l2_logistic_regression,1/2/3/4/5/6/7/8/9/10/11/12/14/15/16/17/18/19/20,True,False,False,physionet/eegmmidb/1.0.0/S013/S013R14.edf,ebdbc2b8c8d86022a8f285bf4b42674364d91cc46eecc1e1abc04043ef12c17b
13,13,14,12,25,S013_R14_T12,both_feet_imagery,1,both_fists_imagery,0,-2.217832465659552,False,l2_logistic_regression,1/2/3/4/5/6/7/8/9/10/11/12/14/15/16/17/18/19/20,True,False,False,physionet/eegmmidb/1.0.0/S013/S013R14.edf,ebdbc2b8c8d86022a8f285bf4b42674364d91cc46eecc1e1abc04043ef12c17b
13,13,14,13,27,S013_R14_T13,both_fists_imagery,0,both_fists_imagery,0,-7.711465669689138,True,l2_logistic_regression,1/2/3/4/5/6/7/8/9/10/11/12/14/15/16/17/18/19/20,True,False,False,physionet/eegmmidb/1.0.0/S013/S013R14.edf,ebdbc2b8c8d86022a8f285bf4b42674364d91cc46eecc1e1abc04043ef12c17b
13,13,14,14,29,S013_R14_T14,both_feet_imagery,1,both_feet_imagery,1,0.5066137576938465,True,l2_logistic_regression,1/2/3/4/5/6/7/8/9/10/11/12/14/15/16/17/18/19/20,True,False,False,physionet/eegmmidb/1.0.0/S013/S013R14.edf,ebdbc2b8c8d86022a8f285bf4b42674364d91cc46eecc1e1abc04043ef12c17b
14,14,6,0,1,S014_R06_T00,both_feet_imagery,1,both_fists_imagery,0,-11.51719749186517,False,shrinkage_lda,1/2/3/4/5/6/7/8/9/10/11/12/13/15/16/17/18/19/20,True,False,False,physionet/eegmmidb/1.0.0/S014/S014R06.edf,2effc21654d198aa9b98432717d66111358ee5795b929bb4c433d5d9ab066e97
14,14,6,1,3,S014_R06_T01,both_fists_imagery,0,both_fists_imagery,0,-8.635378359252432,True,shrinkage_lda,1/2/3/4/5/6/7/8/9/10/11/12/13/15/16/17/18/19/20,True,False,False,physionet/eegmmidb/1.0.0/S014/S014R06.edf,2effc21654d198aa9b98432717d66111358ee5795b929bb4c433d5d9ab066e97
14,14,6,2,5,S014_R06_T02,both_feet_imagery,1,both_feet_imagery,1,0.17464472613352333,True,shrinkage_lda,1/2/3/4/5/6/7/8/9/10/11/12/13/15/16/17/18/19/20,True,False,True,physionet/eegmmidb/1.0.0/S014/S014R06.edf,2effc21654d198aa9b98432717d66111358ee5795b929bb4c433d5d9ab066e97
14,14,6,3,7,S014_R06_T03,both_fists_imagery,0,both_fists_imagery,0,-4.9233059185299375,True,shrinkage_lda,1/2/3/4/5/6/7/8/9/10/11/12/13/15/16/17/18/19/20,True,False,False,physionet/eegmmidb/1.0.0/S014/S014R06.edf,2effc21654d198aa9b98432717d66111358ee5795b929bb4c433d5d9ab066e97
14,14,6,4,9,S014_R06_T04,both_fists_imagery,0,both_feet_imagery,1,1.8007273505718875,False,shrinkage_lda,1/2/3/4/5/6/7/8/9/10/11/12/13/15/16/17/18/19/20,True,False,False,physionet/eegmmidb/1.0.0/S014/S014R06.edf,2effc21654d198aa9b98432717d66111358ee5795b929bb4c433d5d9ab066e97
14,14,6,5,11,S014_R06_T05,both_feet_imagery,1,both_fists_imagery,0,-20.671299417284303,False,shrinkage_lda,1/2/3/4/5/6/7/8/9/10/11/12/13/15/16/17/18/19/20,True,False,False,physionet/eegmmidb/1.0.0/S014/S014R06.edf,2effc21654d198aa9b98432717d66111358ee5795b929bb4c433d5d9ab066e97
14,14,6,6,13,S014_R06_T06,both_feet_imagery,1,both_fists_imagery,0,-5.736795175861172,False,shrinkage_lda,1/2/3/4/5/6/7/8/9/10/11/12/13/15/16/17/18/19/20,True,False,False,physionet/eegmmidb/1.0.0/S014/S014R06.edf,2effc21654d198aa9b98432717d66111358ee5795b929bb4c433d5d9ab066e97
14,14,6,7,15,S014_R06_T07,both_fists_imagery,0,both_fists_imagery,0,-9.079232697450493,True,shrinkage_lda,1/2/3/4/5/6/7/8/9/10/11/12/13/15/16/17/18/19/20,True,False,False,physionet/eegmmidb/1.0.0/S014/S014R06.edf,2effc21654d198aa9b98432717d66111358ee5795b929bb4c433d5d9ab066e97
14,14,6,8,17,S014_R06_T08,both_feet_imagery,1,both_feet_imagery,1,2.224428319215319,True,shrinkage_lda,1/2/3/4/5/6/7/8/9/10/11/12/13/15/16/17/18/19/20,True,False,False,physionet/eegmmidb/1.0.0/S014/S014R06.edf,2effc21654d198aa9b98432717d66111358ee5795b929bb4c433d5d9ab066e97
14,14,6,9,19,S014_R06_T09,both_fists_imagery,0,both_fists_imagery,0,-5.158614945015511,True,shrinkage_lda,1/2/3/4/5/6/7/8/9/10/11/12/13/15/16/17/18/19/20,True,False,True,physionet/eegmmidb/1.0.0/S014/S014R06.edf,2effc21654d198aa9b98432717d66111358ee5795b929bb4c433d5d9ab066e97
14,14,6,10,21,S014_R06_T10,both_feet_imagery,1,both_fists_imagery,0,-5.7269106309627436,False,shrinkage_lda,1/2/3/4/5/6/7/8/9/10/11/12/13/15/16/17/18/19/20,True,False,False,physionet/eegmmidb/1.0.0/S014/S014R06.edf,2effc21654d198aa9b98432717d66111358ee5795b929bb4c433d5d9ab066e97
14,14,6,11,23,S014_R06_T11,both_fists_imagery,0,both_fists_imagery,0,-25.027648417661737,True,shrinkage_lda,1/2/3/4/5/6/7/8/9/10/11/12/13/15/16/17/18/19/20,True,False,False,physionet/eegmmidb/1.0.0/S014/S014R06.edf,2effc21654d198aa9b98432717d66111358ee5795b929bb4c433d5d9ab066e97
14,14,6,12,25,S014_R06_T12,both_feet_imagery,1,both_fists_imagery,0,-3.395511220914913,False,shrinkage_lda,1/2/3/4/5/6/7/8/9/10/11/12/13/15/16/17/18/19/20,True,False,True,physionet/eegmmidb/1.0.0/S014/S014R06.edf,2effc21654d198aa9b98432717d66111358ee5795b929bb4c433d5d9ab066e97
14,14,6,13,27,S014_R06_T13,both_fists_imagery,0,both_fists_imagery,0,-16.248871916563974,True,shrinkage_lda,1/2/3/4/5/6/7/8/9/10/11/12/13/15/16/17/18/19/20,True,False,False,physionet/eegmmidb/1.0.0/S014/S014R06.edf,2effc21654d198aa9b98432717d66111358ee5795b929bb4c433d5d9ab066e97
14,14,6,14,29,S014_R06_T14,both_fists_imagery,0,both_fists_imagery,0,-18.40041697977011,True,shrinkage_lda,1/2/3/4/5/6/7/8/9/10/11/12/13/15/16/17/18/19/20,True,False,False,physionet/eegmmidb/1.0.0/S014/S014R06.edf,2effc21654d198aa9b98432717d66111358ee5795b929bb4c433d5d9ab066e97
14,14,10,0,1,S014_R10_T00,both_feet_imagery,1,both_fists_imagery,0,-24.24318727262053,False,shrinkage_lda,1/2/3/4/5/6/7/8/9/10/11/12/13/15/16/17/18/19/20,True,False,False,physionet/eegmmidb/1.0.0/S014/S014R10.edf,c0fdc474a78421cc6048a9c8dfc8cafa8424dd4379135b60d68a77c4ee0b2b6a
14,14,10,1,3,S014_R10_T01,both_fists_imagery,0,both_fists_imagery,0,-18.209488026904765,True,shrinkage_lda,1/2/3/4/5/6/7/8/9/10/11/12/13/15/16/17/18/19/20,True,False,False,physionet/eegmmidb/1.0.0/S014/S014R10.edf,c0fdc474a78421cc6048a9c8dfc8cafa8424dd4379135b60d68a77c4ee0b2b6a
14,14,10,2,5,S014_R10_T02,both_feet_imagery,1,both_fists_imagery,0,-18.658411969821856,False,shrinkage_lda,1/2/3/4/5/6/7/8/9/10/11/12/13/15/16/17/18/19/20,True,False,False,physionet/eegmmidb/1.0.0/S014/S014R10.edf,c0fdc474a78421cc6048a9c8dfc8cafa8424dd4379135b60d68a77c4ee0b2b6a
14,14,10,3,7,S014_R10_T03,both_fists_imagery,0,both_fists_imagery,0,-23.20515535244512,True,shrinkage_lda,1/2/3/4/5/6/7/8/9/10/11/12/13/15/16/17/18/19/20,True,False,False,physionet/eegmmidb/1.0.0/S014/S014R10.edf,c0fdc474a78421cc6048a9c8dfc8cafa8424dd4379135b60d68a77c4ee0b2b6a
14,14,10,4,9,S014_R10_T04,both_fists_imagery,0,both_feet_imagery,1,7.377801202416325,False,shrinkage_lda,1/2/3/4/5/6/7/8/9/10/11/12/13/15/16/17/18/19/20,True,False,False,physionet/eegmmidb/1.0.0/S014/S014R10.edf,c0fdc474a78421cc6048a9c8dfc8cafa8424dd4379135b60d68a77c4ee0b2b6a
14,14,10,5,11,S014_R10_T05,both_feet_imagery,1,both_fists_imagery,0,-1.0184255918945875,False,shrinkage_lda,1/2/3/4/5/6/7/8/9/10/11/12/13/15/16/17/18/19/20,True,False,False,physionet/eegmmidb/1.0.0/S014/S014R10.edf,c0fdc474a78421cc6048a9c8dfc8cafa8424dd4379135b60d68a77c4ee0b2b6a
14,14,10,6,13,S014_R10_T06,both_fists_imagery,0,both_fists_imagery,0,-19.25433661316486,True,shrinkage_lda,1/2/3/4/5/6/7/8/9/10/11/12/13/15/16/17/18/19/20,True,False,False,physionet/eegmmidb/1.0.0/S014/S014R10.edf,c0fdc474a78421cc6048a9c8dfc8cafa8424dd4379135b60d68a77c4ee0b2b6a
14,14,10,7,15,S014_R10_T07,both_feet_imagery,1,both_fists_imagery,0,-8.570941811554755,False,shrinkage_lda,1/2/3/4/5/6/7/8/9/10/11/12/13/15/16/17/18/19/20,True,False,False,physionet/eegmmidb/1.0.0/S014/S014R10.edf,c0fdc474a78421cc6048a9c8dfc8cafa8424dd4379135b60d68a77c4ee0b2b6a
14,14,10,8,17,S014_R10_T08,both_feet_imagery,1,both_fists_imagery,0,-14.273748181191705,False,shrinkage_lda,1/2/3/4/5/6/7/8/9/10/11/12/13/15/16/17/18/19/20,True,False,True,physionet/eegmmidb/1.0.0/S014/S014R10.edf,c0fdc474a78421cc6048a9c8dfc8cafa8424dd4379135b60d68a77c4ee0b2b6a
14,14,10,9,19,S014_R10_T09,both_fists_imagery,0,both_fists_imagery,0,-18.910444248760456,True,shrinkage_lda,1/2/3/4/5/6/7/8/9/10/11/12/13/15/16/17/18/19/20,True,False,False,physionet/eegmmidb/1.0.0/S014/S014R10.edf,c0fdc474a78421cc6048a9c8dfc8cafa8424dd4379135b60d68a77c4ee0b2b6a
14,14,10,10,21,S014_R10_T10,both_feet_imagery,1,both_fists_imagery,0,-17.198276134042338,False,shrinkage_lda,1/2/3/4/5/6/7/8/9/10/11/12/13/15/16/17/18/19/20,True,False,True,physionet/eegmmidb/1.0.0/S014/S014R10.edf,c0fdc474a78421cc6048a9c8dfc8cafa8424dd4379135b60d68a77c4ee0b2b6a
14,14,10,11,23,S014_R10_T11,both_fists_imagery,0,both_fists_imagery,0,-23.10934624287795,True,shrinkage_lda,1/2/3/4/5/6/7/8/9/10/11/12/13/15/16/17/18/19/20,True,False,False,physionet/eegmmidb/1.0.0/S014/S014R10.edf,c0fdc474a78421cc6048a9c8dfc8cafa8424dd4379135b60d68a77c4ee0b2b6a
14,14,10,12,25,S014_R10_T12,both_feet_imagery,1,both_fists_imagery,0,-14.917175585233316,False,shrinkage_lda,1/2/3/4/5/6/7/8/9/10/11/12/13/15/16/17/18/19/20,True,False,True,physionet/eegmmidb/1.0.0/S014/S014R10.edf,c0fdc474a78421cc6048a9c8dfc8cafa8424dd4379135b60d68a77c4ee0b2b6a
14,14,10,13,27,S014_R10_T13,both_fists_imagery,0,both_fists_imagery,0,-1.9801278642221058,True,shrinkage_lda,1/2/3/4/5/6/7/8/9/10/11/12/13/15/16/17/18/19/20,True,False,False,physionet/eegmmidb/1.0.0/S014/S014R10.edf,c0fdc474a78421cc6048a9c8dfc8cafa8424dd4379135b60d68a77c4ee0b2b6a
14,14,10,14,29,S014_R10_T14,both_fists_imagery,0,both_fists_imagery,0,-8.256443565786155,True,shrinkage_lda,1/2/3/4/5/6/7/8/9/10/11/12/13/15/16/17/18/19/20,True,False,False,physionet/eegmmidb/1.0.0/S014/S014R10.edf,c0fdc474a78421cc6048a9c8dfc8cafa8424dd4379135b60d68a77c4ee0b2b6a
14,14,14,0,1,S014_R14_T00,both_fists_imagery,0,both_fists_imagery,0,-15.014418606235338,True,shrinkage_lda,1/2/3/4/5/6/7/8/9/10/11/12/13/15/16/17/18/19/20,True,False,False,physionet/eegmmidb/1.0.0/S014/S014R14.edf,dc0139288de0668975cfde05cce9663a186ba1b2ccb3fce71fbd4bbbb206b5ba
14,14,14,1,3,S014_R14_T01,both_feet_imagery,1,both_fists_imagery,0,-8.75606741469813,False,shrinkage_lda,1/2/3/4/5/6/7/8/9/10/11/12/13/15/16/17/18/19/20,True,False,False,physionet/eegmmidb/1.0.0/S014/S014R14.edf,dc0139288de0668975cfde05cce9663a186ba1b2ccb3fce71fbd4bbbb206b5ba
14,14,14,2,5,S014_R14_T02,both_feet_imagery,1,both_fists_imagery,0,-15.399405275370023,False,shrinkage_lda,1/2/3/4/5/6/7/8/9/10/11/12/13/15/16/17/18/19/20,True,False,False,physionet/eegmmidb/1.0.0/S014/S014R14.edf,dc0139288de0668975cfde05cce9663a186ba1b2ccb3fce71fbd4bbbb206b5ba
14,14,14,3,7,S014_R14_T03,both_fists_imagery,0,both_fists_imagery,0,-20.777284452537845,True,shrinkage_lda,1/2/3/4/5/6/7/8/9/10/11/12/13/15/16/17/18/19/20,True,False,False,physionet/eegmmidb/1.0.0/S014/S014R14.edf,dc0139288de0668975cfde05cce9663a186ba1b2ccb3fce71fbd4bbbb206b5ba
14,14,14,4,9,S014_R14_T04,both_fists_imagery,0,both_feet_imagery,1,0.07024274410308903,False,shrinkage_lda,1/2/3/4/5/6/7/8/9/10/11/12/13/15/16/17/18/19/20,True,False,False,physionet/eegmmidb/1.0.0/S014/S014R14.edf,dc0139288de0668975cfde05cce9663a186ba1b2ccb3fce71fbd4bbbb206b5ba
14,14,14,5,11,S014_R14_T05,both_feet_imagery,1,both_fists_imagery,0,-17.69921681948414,False,shrinkage_lda,1/2/3/4/5/6/7/8/9/10/11/12/13/15/16/17/18/19/20,True,False,False,physionet/eegmmidb/1.0.0/S014/S014R14.edf,dc0139288de0668975cfde05cce9663a186ba1b2ccb3fce71fbd4bbbb206b5ba
14,14,14,6,13,S014_R14_T06,both_feet_imagery,1,both_fists_imagery,0,-5.553738118259201,False,shrinkage_lda,1/2/3/4/5/6/7/8/9/10/11/12/13/15/16/17/18/19/20,True,False,True,physionet/eegmmidb/1.0.0/S014/S014R14.edf,dc0139288de0668975cfde05cce9663a186ba1b2ccb3fce71fbd4bbbb206b5ba
14,14,14,7,15,S014_R14_T07,both_fists_imagery,0,both_fists_imagery,0,-13.76352353122829,True,shrinkage_lda,1/2/3/4/5/6/7/8/9/10/11/12/13/15/16/17/18/19/20,True,False,False,physionet/eegmmidb/1.0.0/S014/S014R14.edf,dc0139288de0668975cfde05cce9663a186ba1b2ccb3fce71fbd4bbbb206b5ba
14,14,14,8,17,S014_R14_T08,both_feet_imagery,1,both_fists_imagery,0,-23.865616247101467,False,shrinkage_lda,1/2/3/4/5/6/7/8/9/10/11/12/13/15/16/17/18/19/20,True,False,False,physionet/eegmmidb/1.0.0/S014/S014R14.edf,dc0139288de0668975cfde05cce9663a186ba1b2ccb3fce71fbd4bbbb206b5ba
14,14,14,9,19,S014_R14_T09,both_fists_imagery,0,both_fists_imagery,0,-5.536253215842123,True,shrinkage_lda,1/2/3/4/5/6/7/8/9/10/11/12/13/15/16/17/18/19/20,True,False,True,physionet/eegmmidb/1.0.0/S014/S014R14.edf,dc0139288de0668975cfde05cce9663a186ba1b2ccb3fce71fbd4bbbb206b5ba
14,14,14,10,21,S014_R14_T10,both_feet_imagery,1,both_fists_imagery,0,-18.21227719607133,False,shrinkage_lda,1/2/3/4/5/6/7/8/9/10/11/12/13/15/16/17/18/19/20,True,False,False,physionet/eegmmidb/1.0.0/S014/S014R14.edf,dc0139288de0668975cfde05cce9663a186ba1b2ccb3fce71fbd4bbbb206b5ba
14,14,14,11,23,S014_R14_T11,both_fists_imagery,0,both_fists_imagery,0,-9.29912193731031,True,shrinkage_lda,1/2/3/4/5/6/7/8/9/10/11/12/13/15/16/17/18/19/20,True,False,False,physionet/eegmmidb/1.0.0/S014/S014R14.edf,dc0139288de0668975cfde05cce9663a186ba1b2ccb3fce71fbd4bbbb206b5ba
14,14,14,12,25,S014_R14_T12,both_feet_imagery,1,both_fists_imagery,0,-6.342142211216739,False,shrinkage_lda,1/2/3/4/5/6/7/8/9/10/11/12/13/15/16/17/18/19/20,True,False,False,physionet/eegmmidb/1.0.0/S014/S014R14.edf,dc0139288de0668975cfde05cce9663a186ba1b2ccb3fce71fbd4bbbb206b5ba
14,14,14,13,27,S014_R14_T13,both_fists_imagery,0,both_fists_imagery,0,-18.873621077488238,True,shrinkage_lda,1/2/3/4/5/6/7/8/9/10/11/12/13/15/16/17/18/19/20,True,False,True,physionet/eegmmidb/1.0.0/S014/S014R14.edf,dc0139288de0668975cfde05cce9663a186ba1b2ccb3fce71fbd4bbbb206b5ba
14,14,14,14,29,S014_R14_T14,both_fists_imagery,0,both_fists_imagery,0,-16.803847112197793,True,shrinkage_lda,1/2/3/4/5/6/7/8/9/10/11/12/13/15/16/17/18/19/20,True,False,True,physionet/eegmmidb/1.0.0/S014/S014R14.edf,dc0139288de0668975cfde05cce9663a186ba1b2ccb3fce71fbd4bbbb206b5ba
14,14,6,0,1,S014_R06_T00,both_feet_imagery,1,both_fists_imagery,0,-4.797130046993402,False,l2_logistic_regression,1/2/3/4/5/6/7/8/9/10/11/12/13/15/16/17/18/19/20,True,False,False,physionet/eegmmidb/1.0.0/S014/S014R06.edf,2effc21654d198aa9b98432717d66111358ee5795b929bb4c433d5d9ab066e97
14,14,6,1,3,S014_R06_T01,both_fists_imagery,0,both_fists_imagery,0,-2.029667601604036,True,l2_logistic_regression,1/2/3/4/5/6/7/8/9/10/11/12/13/15/16/17/18/19/20,True,False,False,physionet/eegmmidb/1.0.0/S014/S014R06.edf,2effc21654d198aa9b98432717d66111358ee5795b929bb4c433d5d9ab066e97
14,14,6,2,5,S014_R06_T02,both_feet_imagery,1,both_fists_imagery,0,-0.7465664165016029,False,l2_logistic_regression,1/2/3/4/5/6/7/8/9/10/11/12/13/15/16/17/18/19/20,True,False,True,physionet/eegmmidb/1.0.0/S014/S014R06.edf,2effc21654d198aa9b98432717d66111358ee5795b929bb4c433d5d9ab066e97
14,14,6,3,7,S014_R06_T03,both_fists_imagery,0,both_fists_imagery,0,-1.9723749980631822,True,l2_logistic_regression,1/2/3/4/5/6/7/8/9/10/11/12/13/15/16/17/18/19/20,True,False,False,physionet/eegmmidb/1.0.0/S014/S014R06.edf,2effc21654d198aa9b98432717d66111358ee5795b929bb4c433d5d9ab066e97
14,14,6,4,9,S014_R06_T04,both_fists_imagery,0,both_fists_imagery,0,-0.0002622591070528535,True,l2_logistic_regression,1/2/3/4/5/6/7/8/9/10/11/12/13/15/16/17/18/19/20,True,False,False,physionet/eegmmidb/1.0.0/S014/S014R06.edf,2effc21654d198aa9b98432717d66111358ee5795b929bb4c433d5d9ab066e97
14,14,6,5,11,S014_R06_T05,both_feet_imagery,1,both_fists_imagery,0,-9.213781463938231,False,l2_logistic_regression,1/2/3/4/5/6/7/8/9/10/11/12/13/15/16/17/18/19/20,True,False,False,physionet/eegmmidb/1.0.0/S014/S014R06.edf,2effc21654d198aa9b98432717d66111358ee5795b929bb4c433d5d9ab066e97
14,14,6,6,13,S014_R06_T06,both_feet_imagery,1,both_fists_imagery,0,-2.80773816369442,False,l2_logistic_regression,1/2/3/4/5/6/7/8/9/10/11/12/13/15/16/17/18/19/20,True,False,False,physionet/eegmmidb/1.0.0/S014/S014R06.edf,2effc21654d198aa9b98432717d66111358ee5795b929bb4c433d5d9ab066e97
14,14,6,7,15,S014_R06_T07,both_fists_imagery,0,both_fists_imagery,0,-3.8718433290488132,True,l2_logistic_regression,1/2/3/4/5/6/7/8/9/10/11/12/13/15/16/17/18/19/20,True,False,False,physionet/eegmmidb/1.0.0/S014/S014R06.edf,2effc21654d198aa9b98432717d66111358ee5795b929bb4c433d5d9ab066e97
14,14,6,8,17,S014_R06_T08,both_feet_imagery,1,both_feet_imagery,1,1.1357798683888283,True,l2_logistic_regression,1/2/3/4/5/6/7/8/9/10/11/12/13/15/16/17/18/19/20,True,False,False,physionet/eegmmidb/1.0.0/S014/S014R06.edf,2effc21654d198aa9b98432717d66111358ee5795b929bb4c433d5d9ab066e97
14,14,6,9,19,S014_R06_T09,both_fists_imagery,0,both_fists_imagery,0,-3.4610680319911005,True,l2_logistic_regression,1/2/3/4/5/6/7/8/9/10/11/12/13/15/16/17/18/19/20,True,False,True,physionet/eegmmidb/1.0.0/S014/S014R06.edf,2effc21654d198aa9b98432717d66111358ee5795b929bb4c433d5d9ab066e97
14,14,6,10,21,S014_R06_T10,both_feet_imagery,1,both_fists_imagery,0,-3.811077429157343,False,l2_logistic_regression,1/2/3/4/5/6/7/8/9/10/11/12/13/15/16/17/18/19/20,True,False,False,physionet/eegmmidb/1.0.0/S014/S014R06.edf,2effc21654d198aa9b98432717d66111358ee5795b929bb4c433d5d9ab066e97
14,14,6,11,23,S014_R06_T11,both_fists_imagery,0,both_fists_imagery,0,-13.682799196781831,True,l2_logistic_regression,1/2/3/4/5/6/7/8/9/10/11/12/13/15/16/17/18/19/20,True,False,False,physionet/eegmmidb/1.0.0/S014/S014R06.edf,2effc21654d198aa9b98432717d66111358ee5795b929bb4c433d5d9ab066e97
14,14,6,12,25,S014_R06_T12,both_feet_imagery,1,both_fists_imagery,0,-3.1681096682051377,False,l2_logistic_regression,1/2/3/4/5/6/7/8/9/10/11/12/13/15/16/17/18/19/20,True,False,True,physionet/eegmmidb/1.0.0/S014/S014R06.edf,2effc21654d198aa9b98432717d66111358ee5795b929bb4c433d5d9ab066e97
14,14,6,13,27,S014_R06_T13,both_fists_imagery,0,both_fists_imagery,0,-6.373276956133247,True,l2_logistic_regression,1/2/3/4/5/6/7/8/9/10/11/12/13/15/16/17/18/19/20,True,False,False,physionet/eegmmidb/1.0.0/S014/S014R06.edf,2effc21654d198aa9b98432717d66111358ee5795b929bb4c433d5d9ab066e97
14,14,6,14,29,S014_R06_T14,both_fists_imagery,0,both_fists_imagery,0,-9.75993895937007,True,l2_logistic_regression,1/2/3/4/5/6/7/8/9/10/11/12/13/15/16/17/18/19/20,True,False,False,physionet/eegmmidb/1.0.0/S014/S014R06.edf,2effc21654d198aa9b98432717d66111358ee5795b929bb4c433d5d9ab066e97
14,14,10,0,1,S014_R10_T00,both_feet_imagery,1,both_fists_imagery,0,-12.796200114841124,False,l2_logistic_regression,1/2/3/4/5/6/7/8/9/10/11/12/13/15/16/17/18/19/20,True,False,False,physionet/eegmmidb/1.0.0/S014/S014R10.edf,c0fdc474a78421cc6048a9c8dfc8cafa8424dd4379135b60d68a77c4ee0b2b6a
14,14,10,1,3,S014_R10_T01,both_fists_imagery,0,both_fists_imagery,0,-9.664802622027365,True,l2_logistic_regression,1/2/3/4/5/6/7/8/9/10/11/12/13/15/16/17/18/19/20,True,False,False,physionet/eegmmidb/1.0.0/S014/S014R10.edf,c0fdc474a78421cc6048a9c8dfc8cafa8424dd4379135b60d68a77c4ee0b2b6a
14,14,10,2,5,S014_R10_T02,both_feet_imagery,1,both_fists_imagery,0,-9.072211058774933,False,l2_logistic_regression,1/2/3/4/5/6/7/8/9/10/11/12/13/15/16/17/18/19/20,True,False,False,physionet/eegmmidb/1.0.0/S014/S014R10.edf,c0fdc474a78421cc6048a9c8dfc8cafa8424dd4379135b60d68a77c4ee0b2b6a
14,14,10,3,7,S014_R10_T03,both_fists_imagery,0,both_fists_imagery,0,-12.53678437136887,True,l2_logistic_regression,1/2/3/4/5/6/7/8/9/10/11/12/13/15/16/17/18/19/20,True,False,False,physionet/eegmmidb/1.0.0/S014/S014R10.edf,c0fdc474a78421cc6048a9c8dfc8cafa8424dd4379135b60d68a77c4ee0b2b6a
14,14,10,4,9,S014_R10_T04,both_fists_imagery,0,both_feet_imagery,1,4.031223046800392,False,l2_logistic_regression,1/2/3/4/5/6/7/8/9/10/11/12/13/15/16/17/18/19/20,True,False,False,physionet/eegmmidb/1.0.0/S014/S014R10.edf,c0fdc474a78421cc6048a9c8dfc8cafa8424dd4379135b60d68a77c4ee0b2b6a
14,14,10,5,11,S014_R10_T05,both_feet_imagery,1,both_feet_imagery,1,0.6602757822517351,True,l2_logistic_regression,1/2/3/4/5/6/7/8/9/10/11/12/13/15/16/17/18/19/20,True,False,False,physionet/eegmmidb/1.0.0/S014/S014R10.edf,c0fdc474a78421cc6048a9c8dfc8cafa8424dd4379135b60d68a77c4ee0b2b6a
14,14,10,6,13,S014_R10_T06,both_fists_imagery,0,both_fists_imagery,0,-11.84135137610112,True,l2_logistic_regression,1/2/3/4/5/6/7/8/9/10/11/12/13/15/16/17/18/19/20,True,False,False,physionet/eegmmidb/1.0.0/S014/S014R10.edf,c0fdc474a78421cc6048a9c8dfc8cafa8424dd4379135b60d68a77c4ee0b2b6a
14,14,10,7,15,S014_R10_T07,both_feet_imagery,1,both_fists_imagery,0,-3.83857122148746,False,l2_logistic_regression,1/2/3/4/5/6/7/8/9/10/11/12/13/15/16/17/18/19/20,True,False,False,physionet/eegmmidb/1.0.0/S014/S014R10.edf,c0fdc474a78421cc6048a9c8dfc8cafa8424dd4379135b60d68a77c4ee0b2b6a
14,14,10,8,17,S014_R10_T08,both_feet_imagery,1,both_fists_imagery,0,-6.81275667083135,False,l2_logistic_regression,1/2/3/4/5/6/7/8/9/10/11/12/13/15/16/17/18/19/20,True,False,True,physionet/eegmmidb/1.0.0/S014/S014R10.edf,c0fdc474a78421cc6048a9c8dfc8cafa8424dd4379135b60d68a77c4ee0b2b6a
14,14,10,9,19,S014_R10_T09,both_fists_imagery,0,both_fists_imagery,0,-10.082876433665627,True,l2_logistic_regression,1/2/3/4/5/6/7/8/9/10/11/12/13/15/16/17/18/19/20,True,False,False,physionet/eegmmidb/1.0.0/S014/S014R10.edf,c0fdc474a78421cc6048a9c8dfc8cafa8424dd4379135b60d68a77c4ee0b2b6a
14,14,10,10,21,S014_R10_T10,both_feet_imagery,1,both_fists_imagery,0,-9.481507261673917,False,l2_logistic_regression,1/2/3/4/5/6/7/8/9/10/11/12/13/15/16/17/18/19/20,True,False,True,physionet/eegmmidb/1.0.0/S014/S014R10.edf,c0fdc474a78421cc6048a9c8dfc8cafa8424dd4379135b60d68a77c4ee0b2b6a
14,14,10,11,23,S014_R10_T11,both_fists_imagery,0,both_fists_imagery,0,-11.09730402984644,True,l2_logistic_regression,1/2/3/4/5/6/7/8/9/10/11/12/13/15/16/17/18/19/20,True,False,False,physionet/eegmmidb/1.0.0/S014/S014R10.edf,c0fdc474a78421cc6048a9c8dfc8cafa8424dd4379135b60d68a77c4ee0b2b6a
14,14,10,12,25,S014_R10_T12,both_feet_imagery,1,both_fists_imagery,0,-8.96787484668018,False,l2_logistic_regression,1/2/3/4/5/6/7/8/9/10/11/12/13/15/16/17/18/19/20,True,False,True,physionet/eegmmidb/1.0.0/S014/S014R10.edf,c0fdc474a78421cc6048a9c8dfc8cafa8424dd4379135b60d68a77c4ee0b2b6a
14,14,10,13,27,S014_R10_T13,both_fists_imagery,0,both_fists_imagery,0,-0.9267744707139827,True,l2_logistic_regression,1/2/3/4/5/6/7/8/9/10/11/12/13/15/16/17/18/19/20,True,False,False,physionet/eegmmidb/1.0.0/S014/S014R10.edf,c0fdc474a78421cc6048a9c8dfc8cafa8424dd4379135b60d68a77c4ee0b2b6a
14,14,10,14,29,S014_R10_T14,both_fists_imagery,0,both_fists_imagery,0,-6.43682058789508,True,l2_logistic_regression,1/2/3/4/5/6/7/8/9/10/11/12/13/15/16/17/18/19/20,True,False,False,physionet/eegmmidb/1.0.0/S014/S014R10.edf,c0fdc474a78421cc6048a9c8dfc8cafa8424dd4379135b60d68a77c4ee0b2b6a
14,14,14,0,1,S014_R14_T00,both_fists_imagery,0,both_fists_imagery,0,-6.1343256931729755,True,l2_logistic_regression,1/2/3/4/5/6/7/8/9/10/11/12/13/15/16/17/18/19/20,True,False,False,physionet/eegmmidb/1.0.0/S014/S014R14.edf,dc0139288de0668975cfde05cce9663a186ba1b2ccb3fce71fbd4bbbb206b5ba
14,14,14,1,3,S014_R14_T01,both_feet_imagery,1,both_fists_imagery,0,-5.372932950797831,False,l2_logistic_regression,1/2/3/4/5/6/7/8/9/10/11/12/13/15/16/17/18/19/20,True,False,False,physionet/eegmmidb/1.0.0/S014/S014R14.edf,dc0139288de0668975cfde05cce9663a186ba1b2ccb3fce71fbd4bbbb206b5ba
14,14,14,2,5,S014_R14_T02,both_feet_imagery,1,both_fists_imagery,0,-8.038455789815686,False,l2_logistic_regression,1/2/3/4/5/6/7/8/9/10/11/12/13/15/16/17/18/19/20,True,False,False,physionet/eegmmidb/1.0.0/S014/S014R14.edf,dc0139288de0668975cfde05cce9663a186ba1b2ccb3fce71fbd4bbbb206b5ba
14,14,14,3,7,S014_R14_T03,both_fists_imagery,0,both_fists_imagery,0,-10.024599813891534,True,l2_logistic_regression,1/2/3/4/5/6/7/8/9/10/11/12/13/15/16/17/18/19/20,True,False,False,physionet/eegmmidb/1.0.0/S014/S014R14.edf,dc0139288de0668975cfde05cce9663a186ba1b2ccb3fce71fbd4bbbb206b5ba
14,14,14,4,9,S014_R14_T04,both_fists_imagery,0,both_fists_imagery,0,-0.8528579531785411,True,l2_logistic_regression,1/2/3/4/5/6/7/8/9/10/11/12/13/15/16/17/18/19/20,True,False,False,physionet/eegmmidb/1.0.0/S014/S014R14.edf,dc0139288de0668975cfde05cce9663a186ba1b2ccb3fce71fbd4bbbb206b5ba
14,14,14,5,11,S014_R14_T05,both_feet_imagery,1,both_fists_imagery,0,-11.131211950018926,False,l2_logistic_regression,1/2/3/4/5/6/7/8/9/10/11/12/13/15/16/17/18/19/20,True,False,False,physionet/eegmmidb/1.0.0/S014/S014R14.edf,dc0139288de0668975cfde05cce9663a186ba1b2ccb3fce71fbd4bbbb206b5ba
14,14,14,6,13,S014_R14_T06,both_feet_imagery,1,both_fists_imagery,0,-2.485191301046979,False,l2_logistic_regression,1/2/3/4/5/6/7/8/9/10/11/12/13/15/16/17/18/19/20,True,False,True,physionet/eegmmidb/1.0.0/S014/S014R14.edf,dc0139288de0668975cfde05cce9663a186ba1b2ccb3fce71fbd4bbbb206b5ba
14,14,14,7,15,S014_R14_T07,both_fists_imagery,0,both_fists_imagery,0,-7.0026047489971495,True,l2_logistic_regression,1/2/3/4/5/6/7/8/9/10/11/12/13/15/16/17/18/19/20,True,False,False,physionet/eegmmidb/1.0.0/S014/S014R14.edf,dc0139288de0668975cfde05cce9663a186ba1b2ccb3fce71fbd4bbbb206b5ba
14,14,14,8,17,S014_R14_T08,both_feet_imagery,1,both_fists_imagery,0,-11.901894957962348,False,l2_logistic_regression,1/2/3/4/5/6/7/8/9/10/11/12/13/15/16/17/18/19/20,True,False,False,physionet/eegmmidb/1.0.0/S014/S014R14.edf,dc0139288de0668975cfde05cce9663a186ba1b2ccb3fce71fbd4bbbb206b5ba
14,14,14,9,19,S014_R14_T09,both_fists_imagery,0,both_fists_imagery,0,-3.2604640919139993,True,l2_logistic_regression,1/2/3/4/5/6/7/8/9/10/11/12/13/15/16/17/18/19/20,True,False,True,physionet/eegmmidb/1.0.0/S014/S014R14.edf,dc0139288de0668975cfde05cce9663a186ba1b2ccb3fce71fbd4bbbb206b5ba
14,14,14,10,21,S014_R14_T10,both_feet_imagery,1,both_fists_imagery,0,-9.50637053146146,False,l2_logistic_regression,1/2/3/4/5/6/7/8/9/10/11/12/13/15/16/17/18/19/20,True,False,False,physionet/eegmmidb/1.0.0/S014/S014R14.edf,dc0139288de0668975cfde05cce9663a186ba1b2ccb3fce71fbd4bbbb206b5ba
14,14,14,11,23,S014_R14_T11,both_fists_imagery,0,both_fists_imagery,0,-5.188969618494513,True,l2_logistic_regression,1/2/3/4/5/6/7/8/9/10/11/12/13/15/16/17/18/19/20,True,False,False,physionet/eegmmidb/1.0.0/S014/S014R14.edf,dc0139288de0668975cfde05cce9663a186ba1b2ccb3fce71fbd4bbbb206b5ba
14,14,14,12,25,S014_R14_T12,both_feet_imagery,1,both_fists_imagery,0,-0.8877896187047498,False,l2_logistic_regression,1/2/3/4/5/6/7/8/9/10/11/12/13/15/16/17/18/19/20,True,False,False,physionet/eegmmidb/1.0.0/S014/S014R14.edf,dc0139288de0668975cfde05cce9663a186ba1b2ccb3fce71fbd4bbbb206b5ba
14,14,14,13,27,S014_R14_T13,both_fists_imagery,0,both_fists_imagery,0,-10.905675133428128,True,l2_logistic_regression,1/2/3/4/5/6/7/8/9/10/11/12/13/15/16/17/18/19/20,True,False,True,physionet/eegmmidb/1.0.0/S014/S014R14.edf,dc0139288de0668975cfde05cce9663a186ba1b2ccb3fce71fbd4bbbb206b5ba
14,14,14,14,29,S014_R14_T14,both_fists_imagery,0,both_fists_imagery,0,-9.807035495998704,True,l2_logistic_regression,1/2/3/4/5/6/7/8/9/10/11/12/13/15/16/17/18/19/20,True,False,True,physionet/eegmmidb/1.0.0/S014/S014R14.edf,dc0139288de0668975cfde05cce9663a186ba1b2ccb3fce71fbd4bbbb206b5ba
15,15,6,0,1,S015_R06_T00,both_fists_imagery,0,both_fists_imagery,0,-3.3916819893763166,True,shrinkage_lda,1/2/3/4/5/6/7/8/9/10/11/12/13/14/16/17/18/19/20,True,False,False,physionet/eegmmidb/1.0.0/S015/S015R06.edf,705c63ec04c0f9096cc6b4f32eec0bcea9a0bfa8d01aed7494b67a487e014afe
15,15,6,1,3,S015_R06_T01,both_feet_imagery,1,both_feet_imagery,1,9.549547324262093,True,shrinkage_lda,1/2/3/4/5/6/7/8/9/10/11/12/13/14/16/17/18/19/20,True,False,False,physionet/eegmmidb/1.0.0/S015/S015R06.edf,705c63ec04c0f9096cc6b4f32eec0bcea9a0bfa8d01aed7494b67a487e014afe
15,15,6,2,5,S015_R06_T02,both_fists_imagery,0,both_fists_imagery,0,-9.42269401180777,True,shrinkage_lda,1/2/3/4/5/6/7/8/9/10/11/12/13/14/16/17/18/19/20,True,False,False,physionet/eegmmidb/1.0.0/S015/S015R06.edf,705c63ec04c0f9096cc6b4f32eec0bcea9a0bfa8d01aed7494b67a487e014afe
15,15,6,3,7,S015_R06_T03,both_feet_imagery,1,both_feet_imagery,1,22.849024205116525,True,shrinkage_lda,1/2/3/4/5/6/7/8/9/10/11/12/13/14/16/17/18/19/20,True,False,False,physionet/eegmmidb/1.0.0/S015/S015R06.edf,705c63ec04c0f9096cc6b4f32eec0bcea9a0bfa8d01aed7494b67a487e014afe
15,15,6,4,9,S015_R06_T04,both_fists_imagery,0,both_feet_imagery,1,5.7521092595228325,False,shrinkage_lda,1/2/3/4/5/6/7/8/9/10/11/12/13/14/16/17/18/19/20,True,False,False,physionet/eegmmidb/1.0.0/S015/S015R06.edf,705c63ec04c0f9096cc6b4f32eec0bcea9a0bfa8d01aed7494b67a487e014afe
15,15,6,5,11,S015_R06_T05,both_feet_imagery,1,both_feet_imagery,1,16.240426302000373,True,shrinkage_lda,1/2/3/4/5/6/7/8/9/10/11/12/13/14/16/17/18/19/20,True,False,True,physionet/eegmmidb/1.0.0/S015/S015R06.edf,705c63ec04c0f9096cc6b4f32eec0bcea9a0bfa8d01aed7494b67a487e014afe
15,15,6,6,13,S015_R06_T06,both_fists_imagery,0,both_feet_imagery,1,13.25268882839243,False,shrinkage_lda,1/2/3/4/5/6/7/8/9/10/11/12/13/14/16/17/18/19/20,True,False,False,physionet/eegmmidb/1.0.0/S015/S015R06.edf,705c63ec04c0f9096cc6b4f32eec0bcea9a0bfa8d01aed7494b67a487e014afe
15,15,6,7,15,S015_R06_T07,both_feet_imagery,1,both_feet_imagery,1,17.881309264135094,True,shrinkage_lda,1/2/3/4/5/6/7/8/9/10/11/12/13/14/16/17/18/19/20,True,False,False,physionet/eegmmidb/1.0.0/S015/S015R06.edf,705c63ec04c0f9096cc6b4f32eec0bcea9a0bfa8d01aed7494b67a487e014afe
15,15,6,8,17,S015_R06_T08,both_feet_imagery,1,both_feet_imagery,1,3.5625172779217875,True,shrinkage_lda,1/2/3/4/5/6/7/8/9/10/11/12/13/14/16/17/18/19/20,True,False,False,physionet/eegmmidb/1.0.0/S015/S015R06.edf,705c63ec04c0f9096cc6b4f32eec0bcea9a0bfa8d01aed7494b67a487e014afe
15,15,6,9,19,S015_R06_T09,both_fists_imagery,0,both_feet_imagery,1,6.1014669060735915,False,shrinkage_lda,1/2/3/4/5/6/7/8/9/10/11/12/13/14/16/17/18/19/20,True,False,True,physionet/eegmmidb/1.0.0/S015/S015R06.edf,705c63ec04c0f9096cc6b4f32eec0bcea9a0bfa8d01aed7494b67a487e014afe
15,15,6,10,21,S015_R06_T10,both_feet_imagery,1,both_feet_imagery,1,11.74239576639765,True,shrinkage_lda,1/2/3/4/5/6/7/8/9/10/11/12/13/14/16/17/18/19/20,True,False,False,physionet/eegmmidb/1.0.0/S015/S015R06.edf,705c63ec04c0f9096cc6b4f32eec0bcea9a0bfa8d01aed7494b67a487e014afe
15,15,6,11,23,S015_R06_T11,both_fists_imagery,0,both_feet_imagery,1,15.122125193153654,False,shrinkage_lda,1/2/3/4/5/6/7/8/9/10/11/12/13/14/16/17/18/19/20,True,False,True,physionet/eegmmidb/1.0.0/S015/S015R06.edf,705c63ec04c0f9096cc6b4f32eec0bcea9a0bfa8d01aed7494b67a487e014afe
15,15,6,12,25,S015_R06_T12,both_feet_imagery,1,both_feet_imagery,1,19.972867809142226,True,shrinkage_lda,1/2/3/4/5/6/7/8/9/10/11/12/13/14/16/17/18/19/20,True,False,True,physionet/eegmmidb/1.0.0/S015/S015R06.edf,705c63ec04c0f9096cc6b4f32eec0bcea9a0bfa8d01aed7494b67a487e014afe
15,15,6,13,27,S015_R06_T13,both_fists_imagery,0,both_feet_imagery,1,9.735912738601208,False,shrinkage_lda,1/2/3/4/5/6/7/8/9/10/11/12/13/14/16/17/18/19/20,True,False,True,physionet/eegmmidb/1.0.0/S015/S015R06.edf,705c63ec04c0f9096cc6b4f32eec0bcea9a0bfa8d01aed7494b67a487e014afe
15,15,6,14,29,S015_R06_T14,both_fists_imagery,0,both_fists_imagery,0,-0.4624554801408492,True,shrinkage_lda,1/2/3/4/5/6/7/8/9/10/11/12/13/14/16/17/18/19/20,True,False,True,physionet/eegmmidb/1.0.0/S015/S015R06.edf,705c63ec04c0f9096cc6b4f32eec0bcea9a0bfa8d01aed7494b67a487e014afe
15,15,10,0,1,S015_R10_T00,both_feet_imagery,1,both_feet_imagery,1,3.557162868061594,True,shrinkage_lda,1/2/3/4/5/6/7/8/9/10/11/12/13/14/16/17/18/19/20,True,False,False,physionet/eegmmidb/1.0.0/S015/S015R10.edf,67233630176aa19faa4133355be20476cc8f571d9327943b9d35a73ecb96f519
15,15,10,1,3,S015_R10_T01,both_fists_imagery,0,both_feet_imagery,1,11.223505430575901,False,shrinkage_lda,1/2/3/4/5/6/7/8/9/10/11/12/13/14/16/17/18/19/20,True,False,False,physionet/eegmmidb/1.0.0/S015/S015R10.edf,67233630176aa19faa4133355be20476cc8f571d9327943b9d35a73ecb96f519
15,15,10,2,5,S015_R10_T02,both_feet_imagery,1,both_feet_imagery,1,19.028760271749928,True,shrinkage_lda,1/2/3/4/5/6/7/8/9/10/11/12/13/14/16/17/18/19/20,True,False,False,physionet/eegmmidb/1.0.0/S015/S015R10.edf,67233630176aa19faa4133355be20476cc8f571d9327943b9d35a73ecb96f519
15,15,10,3,7,S015_R10_T03,both_fists_imagery,0,both_fists_imagery,0,-7.630104406843854,True,shrinkage_lda,1/2/3/4/5/6/7/8/9/10/11/12/13/14/16/17/18/19/20,True,False,True,physionet/eegmmidb/1.0.0/S015/S015R10.edf,67233630176aa19faa4133355be20476cc8f571d9327943b9d35a73ecb96f519
15,15,10,4,9,S015_R10_T04,both_fists_imagery,0,both_fists_imagery,0,-2.950934540814754,True,shrinkage_lda,1/2/3/4/5/6/7/8/9/10/11/12/13/14/16/17/18/19/20,True,False,False,physionet/eegmmidb/1.0.0/S015/S015R10.edf,67233630176aa19faa4133355be20476cc8f571d9327943b9d35a73ecb96f519
15,15,10,5,11,S015_R10_T05,both_feet_imagery,1,both_feet_imagery,1,9.726399807743922,True,shrinkage_lda,1/2/3/4/5/6/7/8/9/10/11/12/13/14/16/17/18/19/20,True,False,True,physionet/eegmmidb/1.0.0/S015/S015R10.edf,67233630176aa19faa4133355be20476cc8f571d9327943b9d35a73ecb96f519
15,15,10,6,13,S015_R10_T06,both_fists_imagery,0,both_fists_imagery,0,-6.570343860940524,True,shrinkage_lda,1/2/3/4/5/6/7/8/9/10/11/12/13/14/16/17/18/19/20,True,False,True,physionet/eegmmidb/1.0.0/S015/S015R10.edf,67233630176aa19faa4133355be20476cc8f571d9327943b9d35a73ecb96f519
15,15,10,7,15,S015_R10_T07,both_feet_imagery,1,both_feet_imagery,1,14.852917177507683,True,shrinkage_lda,1/2/3/4/5/6/7/8/9/10/11/12/13/14/16/17/18/19/20,True,False,True,physionet/eegmmidb/1.0.0/S015/S015R10.edf,67233630176aa19faa4133355be20476cc8f571d9327943b9d35a73ecb96f519
15,15,10,8,17,S015_R10_T08,both_fists_imagery,0,both_fists_imagery,0,-10.078288187426432,True,shrinkage_lda,1/2/3/4/5/6/7/8/9/10/11/12/13/14/16/17/18/19/20,True,False,False,physionet/eegmmidb/1.0.0/S015/S015R10.edf,67233630176aa19faa4133355be20476cc8f571d9327943b9d35a73ecb96f519
15,15,10,9,19,S015_R10_T09,both_feet_imagery,1,both_feet_imagery,1,14.760519166637458,True,shrinkage_lda,1/2/3/4/5/6/7/8/9/10/11/12/13/14/16/17/18/19/20,True,False,True,physionet/eegmmidb/1.0.0/S015/S015R10.edf,67233630176aa19faa4133355be20476cc8f571d9327943b9d35a73ecb96f519
15,15,10,10,21,S015_R10_T10,both_feet_imagery,1,both_fists_imagery,0,-6.345597609390881,False,shrinkage_lda,1/2/3/4/5/6/7/8/9/10/11/12/13/14/16/17/18/19/20,True,False,False,physionet/eegmmidb/1.0.0/S015/S015R10.edf,67233630176aa19faa4133355be20476cc8f571d9327943b9d35a73ecb96f519
15,15,10,11,23,S015_R10_T11,both_fists_imagery,0,both_fists_imagery,0,-3.184185174532641,True,shrinkage_lda,1/2/3/4/5/6/7/8/9/10/11/12/13/14/16/17/18/19/20,True,False,False,physionet/eegmmidb/1.0.0/S015/S015R10.edf,67233630176aa19faa4133355be20476cc8f571d9327943b9d35a73ecb96f519
15,15,10,12,25,S015_R10_T12,both_feet_imagery,1,both_fists_imagery,0,-3.170684463754535,False,shrinkage_lda,1/2/3/4/5/6/7/8/9/10/11/12/13/14/16/17/18/19/20,True,False,False,physionet/eegmmidb/1.0.0/S015/S015R10.edf,67233630176aa19faa4133355be20476cc8f571d9327943b9d35a73ecb96f519
15,15,10,13,27,S015_R10_T13,both_fists_imagery,0,both_fists_imagery,0,-0.02832228913944103,True,shrinkage_lda,1/2/3/4/5/6/7/8/9/10/11/12/13/14/16/17/18/19/20,True,False,False,physionet/eegmmidb/1.0.0/S015/S015R10.edf,67233630176aa19faa4133355be20476cc8f571d9327943b9d35a73ecb96f519
15,15,10,14,29,S015_R10_T14,both_feet_imagery,1,both_fists_imagery,0,-1.823540425754935,False,shrinkage_lda,1/2/3/4/5/6/7/8/9/10/11/12/13/14/16/17/18/19/20,True,False,True,physionet/eegmmidb/1.0.0/S015/S015R10.edf,67233630176aa19faa4133355be20476cc8f571d9327943b9d35a73ecb96f519
15,15,14,0,1,S015_R14_T00,both_feet_imagery,1,both_feet_imagery,1,6.09075878941168,True,shrinkage_lda,1/2/3/4/5/6/7/8/9/10/11/12/13/14/16/17/18/19/20,True,False,True,physionet/eegmmidb/1.0.0/S015/S015R14.edf,3f57b464e13807f30aacbfc2f6780bc02bf8faecea883725683177416503c875
15,15,14,1,3,S015_R14_T01,both_fists_imagery,0,both_fists_imagery,0,-13.981382532714827,True,shrinkage_lda,1/2/3/4/5/6/7/8/9/10/11/12/13/14/16/17/18/19/20,True,False,False,physionet/eegmmidb/1.0.0/S015/S015R14.edf,3f57b464e13807f30aacbfc2f6780bc02bf8faecea883725683177416503c875
15,15,14,2,5,S015_R14_T02,both_feet_imagery,1,both_feet_imagery,1,23.091100757349242,True,shrinkage_lda,1/2/3/4/5/6/7/8/9/10/11/12/13/14/16/17/18/19/20,True,False,False,physionet/eegmmidb/1.0.0/S015/S015R14.edf,3f57b464e13807f30aacbfc2f6780bc02bf8faecea883725683177416503c875
15,15,14,3,7,S015_R14_T03,both_fists_imagery,0,both_feet_imagery,1,9.408110248152308,False,shrinkage_lda,1/2/3/4/5/6/7/8/9/10/11/12/13/14/16/17/18/19/20,True,False,False,physionet/eegmmidb/1.0.0/S015/S015R14.edf,3f57b464e13807f30aacbfc2f6780bc02bf8faecea883725683177416503c875
15,15,14,4,9,S015_R14_T04,both_fists_imagery,0,both_fists_imagery,0,-3.7419862876710392,True,shrinkage_lda,1/2/3/4/5/6/7/8/9/10/11/12/13/14/16/17/18/19/20,True,False,True,physionet/eegmmidb/1.0.0/S015/S015R14.edf,3f57b464e13807f30aacbfc2f6780bc02bf8faecea883725683177416503c875
15,15,14,5,11,S015_R14_T05,both_feet_imagery,1,both_feet_imagery,1,10.510441651960349,True,shrinkage_lda,1/2/3/4/5/6/7/8/9/10/11/12/13/14/16/17/18/19/20,True,False,False,physionet/eegmmidb/1.0.0/S015/S015R14.edf,3f57b464e13807f30aacbfc2f6780bc02bf8faecea883725683177416503c875
15,15,14,6,13,S015_R14_T06,both_fists_imagery,0,both_fists_imagery,0,-2.0252018509127128,True,shrinkage_lda,1/2/3/4/5/6/7/8/9/10/11/12/13/14/16/17/18/19/20,True,False,False,physionet/eegmmidb/1.0.0/S015/S015R14.edf,3f57b464e13807f30aacbfc2f6780bc02bf8faecea883725683177416503c875
15,15,14,7,15,S015_R14_T07,both_feet_imagery,1,both_feet_imagery,1,9.45098042678815,True,shrinkage_lda,1/2/3/4/5/6/7/8/9/10/11/12/13/14/16/17/18/19/20,True,False,False,physionet/eegmmidb/1.0.0/S015/S015R14.edf,3f57b464e13807f30aacbfc2f6780bc02bf8faecea883725683177416503c875
15,15,14,8,17,S015_R14_T08,both_fists_imagery,0,both_feet_imagery,1,3.390954561459788,False,shrinkage_lda,1/2/3/4/5/6/7/8/9/10/11/12/13/14/16/17/18/19/20,True,False,False,physionet/eegmmidb/1.0.0/S015/S015R14.edf,3f57b464e13807f30aacbfc2f6780bc02bf8faecea883725683177416503c875
15,15,14,9,19,S015_R14_T09,both_feet_imagery,1,both_feet_imagery,1,19.615344898722796,True,shrinkage_lda,1/2/3/4/5/6/7/8/9/10/11/12/13/14/16/17/18/19/20,True,False,False,physionet/eegmmidb/1.0.0/S015/S015R14.edf,3f57b464e13807f30aacbfc2f6780bc02bf8faecea883725683177416503c875
15,15,14,10,21,S015_R14_T10,both_fists_imagery,0,both_feet_imagery,1,4.758568717437976,False,shrinkage_lda,1/2/3/4/5/6/7/8/9/10/11/12/13/14/16/17/18/19/20,True,False,True,physionet/eegmmidb/1.0.0/S015/S015R14.edf,3f57b464e13807f30aacbfc2f6780bc02bf8faecea883725683177416503c875
15,15,14,11,23,S015_R14_T11,both_feet_imagery,1,both_feet_imagery,1,2.1188280262517423,True,shrinkage_lda,1/2/3/4/5/6/7/8/9/10/11/12/13/14/16/17/18/19/20,True,False,False,physionet/eegmmidb/1.0.0/S015/S015R14.edf,3f57b464e13807f30aacbfc2f6780bc02bf8faecea883725683177416503c875
15,15,14,12,25,S015_R14_T12,both_feet_imagery,1,both_feet_imagery,1,20.159601462218006,True,shrinkage_lda,1/2/3/4/5/6/7/8/9/10/11/12/13/14/16/17/18/19/20,True,False,False,physionet/eegmmidb/1.0.0/S015/S015R14.edf,3f57b464e13807f30aacbfc2f6780bc02bf8faecea883725683177416503c875
15,15,14,13,27,S015_R14_T13,both_fists_imagery,0,both_fists_imagery,0,-0.7949379258236106,True,shrinkage_lda,1/2/3/4/5/6/7/8/9/10/11/12/13/14/16/17/18/19/20,True,False,False,physionet/eegmmidb/1.0.0/S015/S015R14.edf,3f57b464e13807f30aacbfc2f6780bc02bf8faecea883725683177416503c875
15,15,14,14,29,S015_R14_T14,both_feet_imagery,1,both_feet_imagery,1,6.384641378428894,True,shrinkage_lda,1/2/3/4/5/6/7/8/9/10/11/12/13/14/16/17/18/19/20,True,False,False,physionet/eegmmidb/1.0.0/S015/S015R14.edf,3f57b464e13807f30aacbfc2f6780bc02bf8faecea883725683177416503c875
15,15,6,0,1,S015_R06_T00,both_fists_imagery,0,both_fists_imagery,0,-0.46288784155667984,True,l2_logistic_regression,1/2/3/4/5/6/7/8/9/10/11/12/13/14/16/17/18/19/20,True,False,False,physionet/eegmmidb/1.0.0/S015/S015R06.edf,705c63ec04c0f9096cc6b4f32eec0bcea9a0bfa8d01aed7494b67a487e014afe
15,15,6,1,3,S015_R06_T01,both_feet_imagery,1,both_feet_imagery,1,5.848214448098949,True,l2_logistic_regression,1/2/3/4/5/6/7/8/9/10/11/12/13/14/16/17/18/19/20,True,False,False,physionet/eegmmidb/1.0.0/S015/S015R06.edf,705c63ec04c0f9096cc6b4f32eec0bcea9a0bfa8d01aed7494b67a487e014afe
15,15,6,2,5,S015_R06_T02,both_fists_imagery,0,both_fists_imagery,0,-4.293835106319787,True,l2_logistic_regression,1/2/3/4/5/6/7/8/9/10/11/12/13/14/16/17/18/19/20,True,False,False,physionet/eegmmidb/1.0.0/S015/S015R06.edf,705c63ec04c0f9096cc6b4f32eec0bcea9a0bfa8d01aed7494b67a487e014afe
15,15,6,3,7,S015_R06_T03,both_feet_imagery,1,both_feet_imagery,1,13.548011793321638,True,l2_logistic_regression,1/2/3/4/5/6/7/8/9/10/11/12/13/14/16/17/18/19/20,True,False,False,physionet/eegmmidb/1.0.0/S015/S015R06.edf,705c63ec04c0f9096cc6b4f32eec0bcea9a0bfa8d01aed7494b67a487e014afe
15,15,6,4,9,S015_R06_T04,both_fists_imagery,0,both_feet_imagery,1,3.588710761273341,False,l2_logistic_regression,1/2/3/4/5/6/7/8/9/10/11/12/13/14/16/17/18/19/20,True,False,False,physionet/eegmmidb/1.0.0/S015/S015R06.edf,705c63ec04c0f9096cc6b4f32eec0bcea9a0bfa8d01aed7494b67a487e014afe
15,15,6,5,11,S015_R06_T05,both_feet_imagery,1,both_feet_imagery,1,9.564846940261528,True,l2_logistic_regression,1/2/3/4/5/6/7/8/9/10/11/12/13/14/16/17/18/19/20,True,False,True,physionet/eegmmidb/1.0.0/S015/S015R06.edf,705c63ec04c0f9096cc6b4f32eec0bcea9a0bfa8d01aed7494b67a487e014afe
15,15,6,6,13,S015_R06_T06,both_fists_imagery,0,both_feet_imagery,1,7.729013327102565,False,l2_logistic_regression,1/2/3/4/5/6/7/8/9/10/11/12/13/14/16/17/18/19/20,True,False,False,physionet/eegmmidb/1.0.0/S015/S015R06.edf,705c63ec04c0f9096cc6b4f32eec0bcea9a0bfa8d01aed7494b67a487e014afe
15,15,6,7,15,S015_R06_T07,both_feet_imagery,1,both_feet_imagery,1,10.802223454828702,True,l2_logistic_regression,1/2/3/4/5/6/7/8/9/10/11/12/13/14/16/17/18/19/20,True,False,False,physionet/eegmmidb/1.0.0/S015/S015R06.edf,705c63ec04c0f9096cc6b4f32eec0bcea9a0bfa8d01aed7494b67a487e014afe
15,15,6,8,17,S015_R06_T08,both_feet_imagery,1,both_feet_imagery,1,2.7955773810081292,True,l2_logistic_regression,1/2/3/4/5/6/7/8/9/10/11/12/13/14/16/17/18/19/20,True,False,False,physionet/eegmmidb/1.0.0/S015/S015R06.edf,705c63ec04c0f9096cc6b4f32eec0bcea9a0bfa8d01aed7494b67a487e014afe
15,15,6,9,19,S015_R06_T09,both_fists_imagery,0,both_feet_imagery,1,3.546707852219917,False,l2_logistic_regression,1/2/3/4/5/6/7/8/9/10/11/12/13/14/16/17/18/19/20,True,False,True,physionet/eegmmidb/1.0.0/S015/S015R06.edf,705c63ec04c0f9096cc6b4f32eec0bcea9a0bfa8d01aed7494b67a487e014afe
15,15,6,10,21,S015_R06_T10,both_feet_imagery,1,both_feet_imagery,1,7.258192848934161,True,l2_logistic_regression,1/2/3/4/5/6/7/8/9/10/11/12/13/14/16/17/18/19/20,True,False,False,physionet/eegmmidb/1.0.0/S015/S015R06.edf,705c63ec04c0f9096cc6b4f32eec0bcea9a0bfa8d01aed7494b67a487e014afe
15,15,6,11,23,S015_R06_T11,both_fists_imagery,0,both_feet_imagery,1,7.10410813819391,False,l2_logistic_regression,1/2/3/4/5/6/7/8/9/10/11/12/13/14/16/17/18/19/20,True,False,True,physionet/eegmmidb/1.0.0/S015/S015R06.edf,705c63ec04c0f9096cc6b4f32eec0bcea9a0bfa8d01aed7494b67a487e014afe
15,15,6,12,25,S015_R06_T12,both_feet_imagery,1,both_feet_imagery,1,11.890781596236051,True,l2_logistic_regression,1/2/3/4/5/6/7/8/9/10/11/12/13/14/16/17/18/19/20,True,False,True,physionet/eegmmidb/1.0.0/S015/S015R06.edf,705c63ec04c0f9096cc6b4f32eec0bcea9a0bfa8d01aed7494b67a487e014afe
15,15,6,13,27,S015_R06_T13,both_fists_imagery,0,both_feet_imagery,1,5.835466158417867,False,l2_logistic_regression,1/2/3/4/5/6/7/8/9/10/11/12/13/14/16/17/18/19/20,True,False,True,physionet/eegmmidb/1.0.0/S015/S015R06.edf,705c63ec04c0f9096cc6b4f32eec0bcea9a0bfa8d01aed7494b67a487e014afe
15,15,6,14,29,S015_R06_T14,both_fists_imagery,0,both_fists_imagery,0,-0.5441702977320255,True,l2_logistic_regression,1/2/3/4/5/6/7/8/9/10/11/12/13/14/16/17/18/19/20,True,False,True,physionet/eegmmidb/1.0.0/S015/S015R06.edf,705c63ec04c0f9096cc6b4f32eec0bcea9a0bfa8d01aed7494b67a487e014afe
15,15,10,0,1,S015_R10_T00,both_feet_imagery,1,both_feet_imagery,1,2.714793220320359,True,l2_logistic_regression,1/2/3/4/5/6/7/8/9/10/11/12/13/14/16/17/18/19/20,True,False,False,physionet/eegmmidb/1.0.0/S015/S015R10.edf,67233630176aa19faa4133355be20476cc8f571d9327943b9d35a73ecb96f519
15,15,10,1,3,S015_R10_T01,both_fists_imagery,0,both_feet_imagery,1,5.6784107986058485,False,l2_logistic_regression,1/2/3/4/5/6/7/8/9/10/11/12/13/14/16/17/18/19/20,True,False,False,physionet/eegmmidb/1.0.0/S015/S015R10.edf,67233630176aa19faa4133355be20476cc8f571d9327943b9d35a73ecb96f519
15,15,10,2,5,S015_R10_T02,both_feet_imagery,1,both_feet_imagery,1,11.989937144521846,True,l2_logistic_regression,1/2/3/4/5/6/7/8/9/10/11/12/13/14/16/17/18/19/20,True,False,False,physionet/eegmmidb/1.0.0/S015/S015R10.edf,67233630176aa19faa4133355be20476cc8f571d9327943b9d35a73ecb96f519
15,15,10,3,7,S015_R10_T03,both_fists_imagery,0,both_fists_imagery,0,-3.5654954079418584,True,l2_logistic_regression,1/2/3/4/5/6/7/8/9/10/11/12/13/14/16/17/18/19/20,True,False,True,physionet/eegmmidb/1.0.0/S015/S015R10.edf,67233630176aa19faa4133355be20476cc8f571d9327943b9d35a73ecb96f519
15,15,10,4,9,S015_R10_T04,both_fists_imagery,0,both_fists_imagery,0,-1.985683897005177,True,l2_logistic_regression,1/2/3/4/5/6/7/8/9/10/11/12/13/14/16/17/18/19/20,True,False,False,physionet/eegmmidb/1.0.0/S015/S015R10.edf,67233630176aa19faa4133355be20476cc8f571d9327943b9d35a73ecb96f519
15,15,10,5,11,S015_R10_T05,both_feet_imagery,1,both_feet_imagery,1,6.559955294983736,True,l2_logistic_regression,1/2/3/4/5/6/7/8/9/10/11/12/13/14/16/17/18/19/20,True,False,True,physionet/eegmmidb/1.0.0/S015/S015R10.edf,67233630176aa19faa4133355be20476cc8f571d9327943b9d35a73ecb96f519
15,15,10,6,13,S015_R10_T06,both_fists_imagery,0,both_fists_imagery,0,-2.4646677677459654,True,l2_logistic_regression,1/2/3/4/5/6/7/8/9/10/11/12/13/14/16/17/18/19/20,True,False,True,physionet/eegmmidb/1.0.0/S015/S015R10.edf,67233630176aa19faa4133355be20476cc8f571d9327943b9d35a73ecb96f519
15,15,10,7,15,S015_R10_T07,both_feet_imagery,1,both_feet_imagery,1,8.405522713139778,True,l2_logistic_regression,1/2/3/4/5/6/7/8/9/10/11/12/13/14/16/17/18/19/20,True,False,True,physionet/eegmmidb/1.0.0/S015/S015R10.edf,67233630176aa19faa4133355be20476cc8f571d9327943b9d35a73ecb96f519
15,15,10,8,17,S015_R10_T08,both_fists_imagery,0,both_fists_imagery,0,-3.8053587935098823,True,l2_logistic_regression,1/2/3/4/5/6/7/8/9/10/11/12/13/14/16/17/18/19/20,True,False,False,physionet/eegmmidb/1.0.0/S015/S015R10.edf,67233630176aa19faa4133355be20476cc8f571d9327943b9d35a73ecb96f519
15,15,10,9,19,S015_R10_T09,both_feet_imagery,1,both_feet_imagery,1,10.112558215856152,True,l2_logistic_regression,1/2/3/4/5/6/7/8/9/10/11/12/13/14/16/17/18/19/20,True,False,True,physionet/eegmmidb/1.0.0/S015/S015R10.edf,67233630176aa19faa4133355be20476cc8f571d9327943b9d35a73ecb96f519
15,15,10,10,21,S015_R10_T10,both_feet_imagery,1,both_fists_imagery,0,-4.18675202301439,False,l2_logistic_regression,1/2/3/4/5/6/7/8/9/10/11/12/13/14/16/17/18/19/20,True,False,False,physionet/eegmmidb/1.0.0/S015/S015R10.edf,67233630176aa19faa4133355be20476cc8f571d9327943b9d35a73ecb96f519
15,15,10,11,23,S015_R10_T11,both_fists_imagery,0,both_fists_imagery,0,-1.8424100373202983,True,l2_logistic_regression,1/2/3/4/5/6/7/8/9/10/11/12/13/14/16/17/18/19/20,True,False,False,physionet/eegmmidb/1.0.0/S015/S015R10.edf,67233630176aa19faa4133355be20476cc8f571d9327943b9d35a73ecb96f519
15,15,10,12,25,S015_R10_T12,both_feet_imagery,1,both_fists_imagery,0,-0.20859059416976275,False,l2_logistic_regression,1/2/3/4/5/6/7/8/9/10/11/12/13/14/16/17/18/19/20,True,False,False,physionet/eegmmidb/1.0.0/S015/S015R10.edf,67233630176aa19faa4133355be20476cc8f571d9327943b9d35a73ecb96f519
15,15,10,13,27,S015_R10_T13,both_fists_imagery,0,both_fists_imagery,0,-0.9270020960749352,True,l2_logistic_regression,1/2/3/4/5/6/7/8/9/10/11/12/13/14/16/17/18/19/20,True,False,False,physionet/eegmmidb/1.0.0/S015/S015R10.edf,67233630176aa19faa4133355be20476cc8f571d9327943b9d35a73ecb96f519
15,15,10,14,29,S015_R10_T14,both_feet_imagery,1,both_feet_imagery,1,1.3351183002777078,True,l2_logistic_regression,1/2/3/4/5/6/7/8/9/10/11/12/13/14/16/17/18/19/20,True,False,True,physionet/eegmmidb/1.0.0/S015/S015R10.edf,67233630176aa19faa4133355be20476cc8f571d9327943b9d35a73ecb96f519
15,15,14,0,1,S015_R14_T00,both_feet_imagery,1,both_feet_imagery,1,2.844596024685806,True,l2_logistic_regression,1/2/3/4/5/6/7/8/9/10/11/12/13/14/16/17/18/19/20,True,False,True,physionet/eegmmidb/1.0.0/S015/S015R14.edf,3f57b464e13807f30aacbfc2f6780bc02bf8faecea883725683177416503c875
15,15,14,1,3,S015_R14_T01,both_fists_imagery,0,both_fists_imagery,0,-7.195171187071364,True,l2_logistic_regression,1/2/3/4/5/6/7/8/9/10/11/12/13/14/16/17/18/19/20,True,False,False,physionet/eegmmidb/1.0.0/S015/S015R14.edf,3f57b464e13807f30aacbfc2f6780bc02bf8faecea883725683177416503c875
15,15,14,2,5,S015_R14_T02,both_feet_imagery,1,both_feet_imagery,1,13.811575360814073,True,l2_logistic_regression,1/2/3/4/5/6/7/8/9/10/11/12/13/14/16/17/18/19/20,True,False,False,physionet/eegmmidb/1.0.0/S015/S015R14.edf,3f57b464e13807f30aacbfc2f6780bc02bf8faecea883725683177416503c875
15,15,14,3,7,S015_R14_T03,both_fists_imagery,0,both_feet_imagery,1,5.800247017136699,False,l2_logistic_regression,1/2/3/4/5/6/7/8/9/10/11/12/13/14/16/17/18/19/20,True,False,False,physionet/eegmmidb/1.0.0/S015/S015R14.edf,3f57b464e13807f30aacbfc2f6780bc02bf8faecea883725683177416503c875
15,15,14,4,9,S015_R14_T04,both_fists_imagery,0,both_fists_imagery,0,-1.0196414207670041,True,l2_logistic_regression,1/2/3/4/5/6/7/8/9/10/11/12/13/14/16/17/18/19/20,True,False,True,physionet/eegmmidb/1.0.0/S015/S015R14.edf,3f57b464e13807f30aacbfc2f6780bc02bf8faecea883725683177416503c875
15,15,14,5,11,S015_R14_T05,both_feet_imagery,1,both_feet_imagery,1,7.09339245175671,True,l2_logistic_regression,1/2/3/4/5/6/7/8/9/10/11/12/13/14/16/17/18/19/20,True,False,False,physionet/eegmmidb/1.0.0/S015/S015R14.edf,3f57b464e13807f30aacbfc2f6780bc02bf8faecea883725683177416503c875
15,15,14,6,13,S015_R14_T06,both_fists_imagery,0,both_fists_imagery,0,-2.7050749161088032,True,l2_logistic_regression,1/2/3/4/5/6/7/8/9/10/11/12/13/14/16/17/18/19/20,True,False,False,physionet/eegmmidb/1.0.0/S015/S015R14.edf,3f57b464e13807f30aacbfc2f6780bc02bf8faecea883725683177416503c875
15,15,14,7,15,S015_R14_T07,both_feet_imagery,1,both_feet_imagery,1,5.25335401491372,True,l2_logistic_regression,1/2/3/4/5/6/7/8/9/10/11/12/13/14/16/17/18/19/20,True,False,False,physionet/eegmmidb/1.0.0/S015/S015R14.edf,3f57b464e13807f30aacbfc2f6780bc02bf8faecea883725683177416503c875
15,15,14,8,17,S015_R14_T08,both_fists_imagery,0,both_feet_imagery,1,3.2755933889725894,False,l2_logistic_regression,1/2/3/4/5/6/7/8/9/10/11/12/13/14/16/17/18/19/20,True,False,False,physionet/eegmmidb/1.0.0/S015/S015R14.edf,3f57b464e13807f30aacbfc2f6780bc02bf8faecea883725683177416503c875
15,15,14,9,19,S015_R14_T09,both_feet_imagery,1,both_feet_imagery,1,12.038977520185604,True,l2_logistic_regression,1/2/3/4/5/6/7/8/9/10/11/12/13/14/16/17/18/19/20,True,False,False,physionet/eegmmidb/1.0.0/S015/S015R14.edf,3f57b464e13807f30aacbfc2f6780bc02bf8faecea883725683177416503c875
15,15,14,10,21,S015_R14_T10,both_fists_imagery,0,both_feet_imagery,1,2.0843979671495676,False,l2_logistic_regression,1/2/3/4/5/6/7/8/9/10/11/12/13/14/16/17/18/19/20,True,False,True,physionet/eegmmidb/1.0.0/S015/S015R14.edf,3f57b464e13807f30aacbfc2f6780bc02bf8faecea883725683177416503c875
15,15,14,11,23,S015_R14_T11,both_feet_imagery,1,both_feet_imagery,1,1.253045592040465,True,l2_logistic_regression,1/2/3/4/5/6/7/8/9/10/11/12/13/14/16/17/18/19/20,True,False,False,physionet/eegmmidb/1.0.0/S015/S015R14.edf,3f57b464e13807f30aacbfc2f6780bc02bf8faecea883725683177416503c875
15,15,14,12,25,S015_R14_T12,both_feet_imagery,1,both_feet_imagery,1,13.089350344972674,True,l2_logistic_regression,1/2/3/4/5/6/7/8/9/10/11/12/13/14/16/17/18/19/20,True,False,False,physionet/eegmmidb/1.0.0/S015/S015R14.edf,3f57b464e13807f30aacbfc2f6780bc02bf8faecea883725683177416503c875
15,15,14,13,27,S015_R14_T13,both_fists_imagery,0,both_feet_imagery,1,2.2541952175398956,False,l2_logistic_regression,1/2/3/4/5/6/7/8/9/10/11/12/13/14/16/17/18/19/20,True,False,False,physionet/eegmmidb/1.0.0/S015/S015R14.edf,3f57b464e13807f30aacbfc2f6780bc02bf8faecea883725683177416503c875
15,15,14,14,29,S015_R14_T14,both_feet_imagery,1,both_feet_imagery,1,4.906434932110427,True,l2_logistic_regression,1/2/3/4/5/6/7/8/9/10/11/12/13/14/16/17/18/19/20,True,False,False,physionet/eegmmidb/1.0.0/S015/S015R14.edf,3f57b464e13807f30aacbfc2f6780bc02bf8faecea883725683177416503c875
16,16,6,0,1,S016_R06_T00,both_fists_imagery,0,both_fists_imagery,0,-4.1904609274840485,True,shrinkage_lda,1/2/3/4/5/6/7/8/9/10/11/12/13/14/15/17/18/19/20,True,False,False,physionet/eegmmidb/1.0.0/S016/S016R06.edf,8ff4a1d19384bffce8524194507bdb42946fa06da83bdb75518c9a23f9677876
16,16,6,1,3,S016_R06_T01,both_feet_imagery,1,both_feet_imagery,1,8.458388736186222,True,shrinkage_lda,1/2/3/4/5/6/7/8/9/10/11/12/13/14/15/17/18/19/20,True,False,False,physionet/eegmmidb/1.0.0/S016/S016R06.edf,8ff4a1d19384bffce8524194507bdb42946fa06da83bdb75518c9a23f9677876
16,16,6,2,5,S016_R06_T02,both_feet_imagery,1,both_fists_imagery,0,-9.580678405563908,False,shrinkage_lda,1/2/3/4/5/6/7/8/9/10/11/12/13/14/15/17/18/19/20,True,False,False,physionet/eegmmidb/1.0.0/S016/S016R06.edf,8ff4a1d19384bffce8524194507bdb42946fa06da83bdb75518c9a23f9677876
16,16,6,3,7,S016_R06_T03,both_fists_imagery,0,both_feet_imagery,1,0.3143622427463933,False,shrinkage_lda,1/2/3/4/5/6/7/8/9/10/11/12/13/14/15/17/18/19/20,True,False,False,physionet/eegmmidb/1.0.0/S016/S016R06.edf,8ff4a1d19384bffce8524194507bdb42946fa06da83bdb75518c9a23f9677876
16,16,6,4,9,S016_R06_T04,both_fists_imagery,0,both_fists_imagery,0,-5.224540548780957,True,shrinkage_lda,1/2/3/4/5/6/7/8/9/10/11/12/13/14/15/17/18/19/20,True,False,False,physionet/eegmmidb/1.0.0/S016/S016R06.edf,8ff4a1d19384bffce8524194507bdb42946fa06da83bdb75518c9a23f9677876
16,16,6,5,11,S016_R06_T05,both_feet_imagery,1,both_fists_imagery,0,-0.5582148816911398,False,shrinkage_lda,1/2/3/4/5/6/7/8/9/10/11/12/13/14/15/17/18/19/20,True,False,False,physionet/eegmmidb/1.0.0/S016/S016R06.edf,8ff4a1d19384bffce8524194507bdb42946fa06da83bdb75518c9a23f9677876
16,16,6,6,13,S016_R06_T06,both_fists_imagery,0,both_feet_imagery,1,0.7971980913773324,False,shrinkage_lda,1/2/3/4/5/6/7/8/9/10/11/12/13/14/15/17/18/19/20,True,False,False,physionet/eegmmidb/1.0.0/S016/S016R06.edf,8ff4a1d19384bffce8524194507bdb42946fa06da83bdb75518c9a23f9677876
16,16,6,7,15,S016_R06_T07,both_feet_imagery,1,both_feet_imagery,1,1.823106479001159,True,shrinkage_lda,1/2/3/4/5/6/7/8/9/10/11/12/13/14/15/17/18/19/20,True,False,False,physionet/eegmmidb/1.0.0/S016/S016R06.edf,8ff4a1d19384bffce8524194507bdb42946fa06da83bdb75518c9a23f9677876
16,16,6,8,17,S016_R06_T08,both_fists_imagery,0,both_fists_imagery,0,-0.3331775552342705,True,shrinkage_lda,1/2/3/4/5/6/7/8/9/10/11/12/13/14/15/17/18/19/20,True,False,False,physionet/eegmmidb/1.0.0/S016/S016R06.edf,8ff4a1d19384bffce8524194507bdb42946fa06da83bdb75518c9a23f9677876
16,16,6,9,19,S016_R06_T09,both_feet_imagery,1,both_feet_imagery,1,3.4389258687450117,True,shrinkage_lda,1/2/3/4/5/6/7/8/9/10/11/12/13/14/15/17/18/19/20,True,False,False,physionet/eegmmidb/1.0.0/S016/S016R06.edf,8ff4a1d19384bffce8524194507bdb42946fa06da83bdb75518c9a23f9677876
16,16,6,10,21,S016_R06_T10,both_fists_imagery,0,both_fists_imagery,0,-0.1759829144522053,True,shrinkage_lda,1/2/3/4/5/6/7/8/9/10/11/12/13/14/15/17/18/19/20,True,False,False,physionet/eegmmidb/1.0.0/S016/S016R06.edf,8ff4a1d19384bffce8524194507bdb42946fa06da83bdb75518c9a23f9677876
16,16,6,11,23,S016_R06_T11,both_feet_imagery,1,both_fists_imagery,0,-4.811568191766587,False,shrinkage_lda,1/2/3/4/5/6/7/8/9/10/11/12/13/14/15/17/18/19/20,True,False,False,physionet/eegmmidb/1.0.0/S016/S016R06.edf,8ff4a1d19384bffce8524194507bdb42946fa06da83bdb75518c9a23f9677876
16,16,6,12,25,S016_R06_T12,both_fists_imagery,0,both_fists_imagery,0,-13.269722670124985,True,shrinkage_lda,1/2/3/4/5/6/7/8/9/10/11/12/13/14/15/17/18/19/20,True,False,False,physionet/eegmmidb/1.0.0/S016/S016R06.edf,8ff4a1d19384bffce8524194507bdb42946fa06da83bdb75518c9a23f9677876
16,16,6,13,27,S016_R06_T13,both_feet_imagery,1,both_feet_imagery,1,3.735614506267962,True,shrinkage_lda,1/2/3/4/5/6/7/8/9/10/11/12/13/14/15/17/18/19/20,True,False,False,physionet/eegmmidb/1.0.0/S016/S016R06.edf,8ff4a1d19384bffce8524194507bdb42946fa06da83bdb75518c9a23f9677876
16,16,6,14,29,S016_R06_T14,both_fists_imagery,0,both_feet_imagery,1,3.3365344707774436,False,shrinkage_lda,1/2/3/4/5/6/7/8/9/10/11/12/13/14/15/17/18/19/20,True,False,False,physionet/eegmmidb/1.0.0/S016/S016R06.edf,8ff4a1d19384bffce8524194507bdb42946fa06da83bdb75518c9a23f9677876
16,16,10,0,1,S016_R10_T00,both_feet_imagery,1,both_fists_imagery,0,-3.8186337517108875,False,shrinkage_lda,1/2/3/4/5/6/7/8/9/10/11/12/13/14/15/17/18/19/20,True,False,False,physionet/eegmmidb/1.0.0/S016/S016R10.edf,dd359a54e0811d4a08e82284cc251e1ce193f365079578f18d006cf7f1e3919c
16,16,10,1,3,S016_R10_T01,both_fists_imagery,0,both_fists_imagery,0,-11.389241464616976,True,shrinkage_lda,1/2/3/4/5/6/7/8/9/10/11/12/13/14/15/17/18/19/20,True,False,False,physionet/eegmmidb/1.0.0/S016/S016R10.edf,dd359a54e0811d4a08e82284cc251e1ce193f365079578f18d006cf7f1e3919c
16,16,10,2,5,S016_R10_T02,both_feet_imagery,1,both_feet_imagery,1,1.1105340706776263,True,shrinkage_lda,1/2/3/4/5/6/7/8/9/10/11/12/13/14/15/17/18/19/20,True,False,False,physionet/eegmmidb/1.0.0/S016/S016R10.edf,dd359a54e0811d4a08e82284cc251e1ce193f365079578f18d006cf7f1e3919c
16,16,10,3,7,S016_R10_T03,both_fists_imagery,0,both_feet_imagery,1,1.8558107346617962,False,shrinkage_lda,1/2/3/4/5/6/7/8/9/10/11/12/13/14/15/17/18/19/20,True,False,False,physionet/eegmmidb/1.0.0/S016/S016R10.edf,dd359a54e0811d4a08e82284cc251e1ce193f365079578f18d006cf7f1e3919c
16,16,10,4,9,S016_R10_T04,both_fists_imagery,0,both_feet_imagery,1,5.601526254446425,False,shrinkage_lda,1/2/3/4/5/6/7/8/9/10/11/12/13/14/15/17/18/19/20,True,False,False,physionet/eegmmidb/1.0.0/S016/S016R10.edf,dd359a54e0811d4a08e82284cc251e1ce193f365079578f18d006cf7f1e3919c
16,16,10,5,11,S016_R10_T05,both_feet_imagery,1,both_fists_imagery,0,-16.764666283830135,False,shrinkage_lda,1/2/3/4/5/6/7/8/9/10/11/12/13/14/15/17/18/19/20,True,False,False,physionet/eegmmidb/1.0.0/S016/S016R10.edf,dd359a54e0811d4a08e82284cc251e1ce193f365079578f18d006cf7f1e3919c
16,16,10,6,13,S016_R10_T06,both_feet_imagery,1,both_feet_imagery,1,20.61403228208271,True,shrinkage_lda,1/2/3/4/5/6/7/8/9/10/11/12/13/14/15/17/18/19/20,True,False,False,physionet/eegmmidb/1.0.0/S016/S016R10.edf,dd359a54e0811d4a08e82284cc251e1ce193f365079578f18d006cf7f1e3919c
16,16,10,7,15,S016_R10_T07,both_fists_imagery,0,both_fists_imagery,0,-4.610160743020385,True,shrinkage_lda,1/2/3/4/5/6/7/8/9/10/11/12/13/14/15/17/18/19/20,True,False,True,physionet/eegmmidb/1.0.0/S016/S016R10.edf,dd359a54e0811d4a08e82284cc251e1ce193f365079578f18d006cf7f1e3919c
16,16,10,8,17,S016_R10_T08,both_fists_imagery,0,both_fists_imagery,0,-9.567994548393152,True,shrinkage_lda,1/2/3/4/5/6/7/8/9/10/11/12/13/14/15/17/18/19/20,True,False,False,physionet/eegmmidb/1.0.0/S016/S016R10.edf,dd359a54e0811d4a08e82284cc251e1ce193f365079578f18d006cf7f1e3919c
16,16,10,9,19,S016_R10_T09,both_feet_imagery,1,both_fists_imagery,0,-10.564613097508964,False,shrinkage_lda,1/2/3/4/5/6/7/8/9/10/11/12/13/14/15/17/18/19/20,True,False,True,physionet/eegmmidb/1.0.0/S016/S016R10.edf,dd359a54e0811d4a08e82284cc251e1ce193f365079578f18d006cf7f1e3919c
16,16,10,10,21,S016_R10_T10,both_fists_imagery,0,both_fists_imagery,0,-6.5702352307129415,True,shrinkage_lda,1/2/3/4/5/6/7/8/9/10/11/12/13/14/15/17/18/19/20,True,False,False,physionet/eegmmidb/1.0.0/S016/S016R10.edf,dd359a54e0811d4a08e82284cc251e1ce193f365079578f18d006cf7f1e3919c
16,16,10,11,23,S016_R10_T11,both_feet_imagery,1,both_fists_imagery,0,-9.422875192520419,False,shrinkage_lda,1/2/3/4/5/6/7/8/9/10/11/12/13/14/15/17/18/19/20,True,False,False,physionet/eegmmidb/1.0.0/S016/S016R10.edf,dd359a54e0811d4a08e82284cc251e1ce193f365079578f18d006cf7f1e3919c
16,16,10,12,25,S016_R10_T12,both_feet_imagery,1,both_feet_imagery,1,2.4696971589002934,True,shrinkage_lda,1/2/3/4/5/6/7/8/9/10/11/12/13/14/15/17/18/19/20,True,False,False,physionet/eegmmidb/1.0.0/S016/S016R10.edf,dd359a54e0811d4a08e82284cc251e1ce193f365079578f18d006cf7f1e3919c
16,16,10,13,27,S016_R10_T13,both_fists_imagery,0,both_feet_imagery,1,6.5784374740362965,False,shrinkage_lda,1/2/3/4/5/6/7/8/9/10/11/12/13/14/15/17/18/19/20,True,False,False,physionet/eegmmidb/1.0.0/S016/S016R10.edf,dd359a54e0811d4a08e82284cc251e1ce193f365079578f18d006cf7f1e3919c
16,16,10,14,29,S016_R10_T14,both_fists_imagery,0,both_fists_imagery,0,-1.999242478390146,True,shrinkage_lda,1/2/3/4/5/6/7/8/9/10/11/12/13/14/15/17/18/19/20,True,False,False,physionet/eegmmidb/1.0.0/S016/S016R10.edf,dd359a54e0811d4a08e82284cc251e1ce193f365079578f18d006cf7f1e3919c
16,16,14,0,1,S016_R14_T00,both_fists_imagery,0,both_feet_imagery,1,8.860433903042036,False,shrinkage_lda,1/2/3/4/5/6/7/8/9/10/11/12/13/14/15/17/18/19/20,True,False,False,physionet/eegmmidb/1.0.0/S016/S016R14.edf,80dafefa87cba873be315c21c9bc805c9f3c57b50cb9d0efa9a5b8b71037b1c7
16,16,14,1,3,S016_R14_T01,both_feet_imagery,1,both_fists_imagery,0,-5.636374773335217,False,shrinkage_lda,1/2/3/4/5/6/7/8/9/10/11/12/13/14/15/17/18/19/20,True,False,False,physionet/eegmmidb/1.0.0/S016/S016R14.edf,80dafefa87cba873be315c21c9bc805c9f3c57b50cb9d0efa9a5b8b71037b1c7
16,16,14,2,5,S016_R14_T02,both_feet_imagery,1,both_feet_imagery,1,4.654469459822391,True,shrinkage_lda,1/2/3/4/5/6/7/8/9/10/11/12/13/14/15/17/18/19/20,True,False,False,physionet/eegmmidb/1.0.0/S016/S016R14.edf,80dafefa87cba873be315c21c9bc805c9f3c57b50cb9d0efa9a5b8b71037b1c7
16,16,14,3,7,S016_R14_T03,both_fists_imagery,0,both_feet_imagery,1,7.610867049827872,False,shrinkage_lda,1/2/3/4/5/6/7/8/9/10/11/12/13/14/15/17/18/19/20,True,False,False,physionet/eegmmidb/1.0.0/S016/S016R14.edf,80dafefa87cba873be315c21c9bc805c9f3c57b50cb9d0efa9a5b8b71037b1c7
16,16,14,4,9,S016_R14_T04,both_feet_imagery,1,both_feet_imagery,1,0.07930181636575837,True,shrinkage_lda,1/2/3/4/5/6/7/8/9/10/11/12/13/14/15/17/18/19/20,True,False,False,physionet/eegmmidb/1.0.0/S016/S016R14.edf,80dafefa87cba873be315c21c9bc805c9f3c57b50cb9d0efa9a5b8b71037b1c7
16,16,14,5,11,S016_R14_T05,both_fists_imagery,0,both_fists_imagery,0,-5.411661432068528,True,shrinkage_lda,1/2/3/4/5/6/7/8/9/10/11/12/13/14/15/17/18/19/20,True,False,False,physionet/eegmmidb/1.0.0/S016/S016R14.edf,80dafefa87cba873be315c21c9bc805c9f3c57b50cb9d0efa9a5b8b71037b1c7
16,16,14,6,13,S016_R14_T06,both_fists_imagery,0,both_fists_imagery,0,-2.7021307429242944,True,shrinkage_lda,1/2/3/4/5/6/7/8/9/10/11/12/13/14/15/17/18/19/20,True,False,False,physionet/eegmmidb/1.0.0/S016/S016R14.edf,80dafefa87cba873be315c21c9bc805c9f3c57b50cb9d0efa9a5b8b71037b1c7
16,16,14,7,15,S016_R14_T07,both_feet_imagery,1,both_feet_imagery,1,0.66799116838665,True,shrinkage_lda,1/2/3/4/5/6/7/8/9/10/11/12/13/14/15/17/18/19/20,True,False,False,physionet/eegmmidb/1.0.0/S016/S016R14.edf,80dafefa87cba873be315c21c9bc805c9f3c57b50cb9d0efa9a5b8b71037b1c7
16,16,14,8,17,S016_R14_T08,both_feet_imagery,1,both_feet_imagery,1,0.0055467680196597926,True,shrinkage_lda,1/2/3/4/5/6/7/8/9/10/11/12/13/14/15/17/18/19/20,True,False,False,physionet/eegmmidb/1.0.0/S016/S016R14.edf,80dafefa87cba873be315c21c9bc805c9f3c57b50cb9d0efa9a5b8b71037b1c7
16,16,14,9,19,S016_R14_T09,both_fists_imagery,0,both_fists_imagery,0,-1.1183712215563548,True,shrinkage_lda,1/2/3/4/5/6/7/8/9/10/11/12/13/14/15/17/18/19/20,True,False,True,physionet/eegmmidb/1.0.0/S016/S016R14.edf,80dafefa87cba873be315c21c9bc805c9f3c57b50cb9d0efa9a5b8b71037b1c7
16,16,14,10,21,S016_R14_T10,both_fists_imagery,0,both_fists_imagery,0,-4.0552431538624285,True,shrinkage_lda,1/2/3/4/5/6/7/8/9/10/11/12/13/14/15/17/18/19/20,True,False,True,physionet/eegmmidb/1.0.0/S016/S016R14.edf,80dafefa87cba873be315c21c9bc805c9f3c57b50cb9d0efa9a5b8b71037b1c7
16,16,14,11,23,S016_R14_T11,both_feet_imagery,1,both_feet_imagery,1,1.6839417898197024,True,shrinkage_lda,1/2/3/4/5/6/7/8/9/10/11/12/13/14/15/17/18/19/20,True,False,False,physionet/eegmmidb/1.0.0/S016/S016R14.edf,80dafefa87cba873be315c21c9bc805c9f3c57b50cb9d0efa9a5b8b71037b1c7
16,16,14,12,25,S016_R14_T12,both_feet_imagery,1,both_fists_imagery,0,-5.254790222276546,False,shrinkage_lda,1/2/3/4/5/6/7/8/9/10/11/12/13/14/15/17/18/19/20,True,False,True,physionet/eegmmidb/1.0.0/S016/S016R14.edf,80dafefa87cba873be315c21c9bc805c9f3c57b50cb9d0efa9a5b8b71037b1c7
16,16,14,13,27,S016_R14_T13,both_fists_imagery,0,both_fists_imagery,0,-7.332583587369671,True,shrinkage_lda,1/2/3/4/5/6/7/8/9/10/11/12/13/14/15/17/18/19/20,True,False,False,physionet/eegmmidb/1.0.0/S016/S016R14.edf,80dafefa87cba873be315c21c9bc805c9f3c57b50cb9d0efa9a5b8b71037b1c7
16,16,14,14,29,S016_R14_T14,both_fists_imagery,0,both_feet_imagery,1,12.220871440518515,False,shrinkage_lda,1/2/3/4/5/6/7/8/9/10/11/12/13/14/15/17/18/19/20,True,False,False,physionet/eegmmidb/1.0.0/S016/S016R14.edf,80dafefa87cba873be315c21c9bc805c9f3c57b50cb9d0efa9a5b8b71037b1c7
16,16,6,0,1,S016_R06_T00,both_fists_imagery,0,both_fists_imagery,0,-2.164024767174837,True,l2_logistic_regression,1/2/3/4/5/6/7/8/9/10/11/12/13/14/15/17/18/19/20,True,False,False,physionet/eegmmidb/1.0.0/S016/S016R06.edf,8ff4a1d19384bffce8524194507bdb42946fa06da83bdb75518c9a23f9677876
16,16,6,1,3,S016_R06_T01,both_feet_imagery,1,both_feet_imagery,1,5.152903589240181,True,l2_logistic_regression,1/2/3/4/5/6/7/8/9/10/11/12/13/14/15/17/18/19/20,True,False,False,physionet/eegmmidb/1.0.0/S016/S016R06.edf,8ff4a1d19384bffce8524194507bdb42946fa06da83bdb75518c9a23f9677876
16,16,6,2,5,S016_R06_T02,both_feet_imagery,1,both_fists_imagery,0,-4.5008305112872025,False,l2_logistic_regression,1/2/3/4/5/6/7/8/9/10/11/12/13/14/15/17/18/19/20,True,False,False,physionet/eegmmidb/1.0.0/S016/S016R06.edf,8ff4a1d19384bffce8524194507bdb42946fa06da83bdb75518c9a23f9677876
16,16,6,3,7,S016_R06_T03,both_fists_imagery,0,both_feet_imagery,1,1.0521519309578913,False,l2_logistic_regression,1/2/3/4/5/6/7/8/9/10/11/12/13/14/15/17/18/19/20,True,False,False,physionet/eegmmidb/1.0.0/S016/S016R06.edf,8ff4a1d19384bffce8524194507bdb42946fa06da83bdb75518c9a23f9677876
16,16,6,4,9,S016_R06_T04,both_fists_imagery,0,both_fists_imagery,0,-2.441807356374844,True,l2_logistic_regression,1/2/3/4/5/6/7/8/9/10/11/12/13/14/15/17/18/19/20,True,False,False,physionet/eegmmidb/1.0.0/S016/S016R06.edf,8ff4a1d19384bffce8524194507bdb42946fa06da83bdb75518c9a23f9677876
16,16,6,5,11,S016_R06_T05,both_feet_imagery,1,both_fists_imagery,0,-0.08689173189359628,False,l2_logistic_regression,1/2/3/4/5/6/7/8/9/10/11/12/13/14/15/17/18/19/20,True,False,False,physionet/eegmmidb/1.0.0/S016/S016R06.edf,8ff4a1d19384bffce8524194507bdb42946fa06da83bdb75518c9a23f9677876
16,16,6,6,13,S016_R06_T06,both_fists_imagery,0,both_feet_imagery,1,1.2815258552719817,False,l2_logistic_regression,1/2/3/4/5/6/7/8/9/10/11/12/13/14/15/17/18/19/20,True,False,False,physionet/eegmmidb/1.0.0/S016/S016R06.edf,8ff4a1d19384bffce8524194507bdb42946fa06da83bdb75518c9a23f9677876
16,16,6,7,15,S016_R06_T07,both_feet_imagery,1,both_feet_imagery,1,0.15757958717690104,True,l2_logistic_regression,1/2/3/4/5/6/7/8/9/10/11/12/13/14/15/17/18/19/20,True,False,False,physionet/eegmmidb/1.0.0/S016/S016R06.edf,8ff4a1d19384bffce8524194507bdb42946fa06da83bdb75518c9a23f9677876
16,16,6,8,17,S016_R06_T08,both_fists_imagery,0,both_fists_imagery,0,-1.4878517463577026,True,l2_logistic_regression,1/2/3/4/5/6/7/8/9/10/11/12/13/14/15/17/18/19/20,True,False,False,physionet/eegmmidb/1.0.0/S016/S016R06.edf,8ff4a1d19384bffce8524194507bdb42946fa06da83bdb75518c9a23f9677876
16,16,6,9,19,S016_R06_T09,both_feet_imagery,1,both_feet_imagery,1,3.043589666929126,True,l2_logistic_regression,1/2/3/4/5/6/7/8/9/10/11/12/13/14/15/17/18/19/20,True,False,False,physionet/eegmmidb/1.0.0/S016/S016R06.edf,8ff4a1d19384bffce8524194507bdb42946fa06da83bdb75518c9a23f9677876
16,16,6,10,21,S016_R06_T10,both_fists_imagery,0,both_feet_imagery,1,2.084956330302857,False,l2_logistic_regression,1/2/3/4/5/6/7/8/9/10/11/12/13/14/15/17/18/19/20,True,False,False,physionet/eegmmidb/1.0.0/S016/S016R06.edf,8ff4a1d19384bffce8524194507bdb42946fa06da83bdb75518c9a23f9677876
16,16,6,11,23,S016_R06_T11,both_feet_imagery,1,both_fists_imagery,0,-1.5661027302362482,False,l2_logistic_regression,1/2/3/4/5/6/7/8/9/10/11/12/13/14/15/17/18/19/20,True,False,False,physionet/eegmmidb/1.0.0/S016/S016R06.edf,8ff4a1d19384bffce8524194507bdb42946fa06da83bdb75518c9a23f9677876
16,16,6,12,25,S016_R06_T12,both_fists_imagery,0,both_fists_imagery,0,-7.129587488987889,True,l2_logistic_regression,1/2/3/4/5/6/7/8/9/10/11/12/13/14/15/17/18/19/20,True,False,False,physionet/eegmmidb/1.0.0/S016/S016R06.edf,8ff4a1d19384bffce8524194507bdb42946fa06da83bdb75518c9a23f9677876
16,16,6,13,27,S016_R06_T13,both_feet_imagery,1,both_feet_imagery,1,1.542711961784822,True,l2_logistic_regression,1/2/3/4/5/6/7/8/9/10/11/12/13/14/15/17/18/19/20,True,False,False,physionet/eegmmidb/1.0.0/S016/S016R06.edf,8ff4a1d19384bffce8524194507bdb42946fa06da83bdb75518c9a23f9677876
16,16,6,14,29,S016_R06_T14,both_fists_imagery,0,both_feet_imagery,1,1.4583999921891067,False,l2_logistic_regression,1/2/3/4/5/6/7/8/9/10/11/12/13/14/15/17/18/19/20,True,False,False,physionet/eegmmidb/1.0.0/S016/S016R06.edf,8ff4a1d19384bffce8524194507bdb42946fa06da83bdb75518c9a23f9677876
16,16,10,0,1,S016_R10_T00,both_feet_imagery,1,both_fists_imagery,0,-0.32346908816044034,False,l2_logistic_regression,1/2/3/4/5/6/7/8/9/10/11/12/13/14/15/17/18/19/20,True,False,False,physionet/eegmmidb/1.0.0/S016/S016R10.edf,dd359a54e0811d4a08e82284cc251e1ce193f365079578f18d006cf7f1e3919c
16,16,10,1,3,S016_R10_T01,both_fists_imagery,0,both_fists_imagery,0,-6.91679428948298,True,l2_logistic_regression,1/2/3/4/5/6/7/8/9/10/11/12/13/14/15/17/18/19/20,True,False,False,physionet/eegmmidb/1.0.0/S016/S016R10.edf,dd359a54e0811d4a08e82284cc251e1ce193f365079578f18d006cf7f1e3919c
16,16,10,2,5,S016_R10_T02,both_feet_imagery,1,both_fists_imagery,0,-0.09022998025784734,False,l2_logistic_regression,1/2/3/4/5/6/7/8/9/10/11/12/13/14/15/17/18/19/20,True,False,False,physionet/eegmmidb/1.0.0/S016/S016R10.edf,dd359a54e0811d4a08e82284cc251e1ce193f365079578f18d006cf7f1e3919c
16,16,10,3,7,S016_R10_T03,both_fists_imagery,0,both_feet_imagery,1,0.27874931069529557,False,l2_logistic_regression,1/2/3/4/5/6/7/8/9/10/11/12/13/14/15/17/18/19/20,True,False,False,physionet/eegmmidb/1.0.0/S016/S016R10.edf,dd359a54e0811d4a08e82284cc251e1ce193f365079578f18d006cf7f1e3919c
16,16,10,4,9,S016_R10_T04,both_fists_imagery,0,both_feet_imagery,1,3.675806101474098,False,l2_logistic_regression,1/2/3/4/5/6/7/8/9/10/11/12/13/14/15/17/18/19/20,True,False,False,physionet/eegmmidb/1.0.0/S016/S016R10.edf,dd359a54e0811d4a08e82284cc251e1ce193f365079578f18d006cf7f1e3919c
16,16,10,5,11,S016_R10_T05,both_feet_imagery,1,both_fists_imagery,0,-7.92946644851735,False,l2_logistic_regression,1/2/3/4/5/6/7/8/9/10/11/12/13/14/15/17/18/19/20,True,False,False,physionet/eegmmidb/1.0.0/S016/S016R10.edf,dd359a54e0811d4a08e82284cc251e1ce193f365079578f18d006cf7f1e3919c
16,16,10,6,13,S016_R10_T06,both_feet_imagery,1,both_feet_imagery,1,12.661296736019922,True,l2_logistic_regression,1/2/3/4/5/6/7/8/9/10/11/12/13/14/15/17/18/19/20,True,False,False,physionet/eegmmidb/1.0.0/S016/S016R10.edf,dd359a54e0811d4a08e82284cc251e1ce193f365079578f18d006cf7f1e3919c
16,16,10,7,15,S016_R10_T07,both_fists_imagery,0,both_fists_imagery,0,-0.8144711452073193,True,l2_logistic_regression,1/2/3/4/5/6/7/8/9/10/11/12/13/14/15/17/18/19/20,True,False,True,physionet/eegmmidb/1.0.0/S016/S016R10.edf,dd359a54e0811d4a08e82284cc251e1ce193f365079578f18d006cf7f1e3919c
16,16,10,8,17,S016_R10_T08,both_fists_imagery,0,both_fists_imagery,0,-4.277662149249389,True,l2_logistic_regression,1/2/3/4/5/6/7/8/9/10/11/12/13/14/15/17/18/19/20,True,False,False,physionet/eegmmidb/1.0.0/S016/S016R10.edf,dd359a54e0811d4a08e82284cc251e1ce193f365079578f18d006cf7f1e3919c
16,16,10,9,19,S016_R10_T09,both_feet_imagery,1,both_fists_imagery,0,-3.950405880106673,False,l2_logistic_regression,1/2/3/4/5/6/7/8/9/10/11/12/13/14/15/17/18/19/20,True,False,True,physionet/eegmmidb/1.0.0/S016/S016R10.edf,dd359a54e0811d4a08e82284cc251e1ce193f365079578f18d006cf7f1e3919c
16,16,10,10,21,S016_R10_T10,both_fists_imagery,0,both_fists_imagery,0,-3.865282672780584,True,l2_logistic_regression,1/2/3/4/5/6/7/8/9/10/11/12/13/14/15/17/18/19/20,True,False,False,physionet/eegmmidb/1.0.0/S016/S016R10.edf,dd359a54e0811d4a08e82284cc251e1ce193f365079578f18d006cf7f1e3919c
16,16,10,11,23,S016_R10_T11,both_feet_imagery,1,both_fists_imagery,0,-2.649092702747085,False,l2_logistic_regression,1/2/3/4/5/6/7/8/9/10/11/12/13/14/15/17/18/19/20,True,False,False,physionet/eegmmidb/1.0.0/S016/S016R10.edf,dd359a54e0811d4a08e82284cc251e1ce193f365079578f18d006cf7f1e3919c
16,16,10,12,25,S016_R10_T12,both_feet_imagery,1,both_feet_imagery,1,0.9070020310553755,True,l2_logistic_regression,1/2/3/4/5/6/7/8/9/10/11/12/13/14/15/17/18/19/20,True,False,False,physionet/eegmmidb/1.0.0/S016/S016R10.edf,dd359a54e0811d4a08e82284cc251e1ce193f365079578f18d006cf7f1e3919c
16,16,10,13,27,S016_R10_T13,both_fists_imagery,0,both_feet_imagery,1,3.29919669383493,False,l2_logistic_regression,1/2/3/4/5/6/7/8/9/10/11/12/13/14/15/17/18/19/20,True,False,False,physionet/eegmmidb/1.0.0/S016/S016R10.edf,dd359a54e0811d4a08e82284cc251e1ce193f365079578f18d006cf7f1e3919c
16,16,10,14,29,S016_R10_T14,both_fists_imagery,0,both_fists_imagery,0,-0.8767455204416974,True,l2_logistic_regression,1/2/3/4/5/6/7/8/9/10/11/12/13/14/15/17/18/19/20,True,False,False,physionet/eegmmidb/1.0.0/S016/S016R10.edf,dd359a54e0811d4a08e82284cc251e1ce193f365079578f18d006cf7f1e3919c
16,16,14,0,1,S016_R14_T00,both_fists_imagery,0,both_feet_imagery,1,3.1644860876943923,False,l2_logistic_regression,1/2/3/4/5/6/7/8/9/10/11/12/13/14/15/17/18/19/20,True,False,False,physionet/eegmmidb/1.0.0/S016/S016R14.edf,80dafefa87cba873be315c21c9bc805c9f3c57b50cb9d0efa9a5b8b71037b1c7
16,16,14,1,3,S016_R14_T01,both_feet_imagery,1,both_fists_imagery,0,-3.3233491019067287,False,l2_logistic_regression,1/2/3/4/5/6/7/8/9/10/11/12/13/14/15/17/18/19/20,True,False,False,physionet/eegmmidb/1.0.0/S016/S016R14.edf,80dafefa87cba873be315c21c9bc805c9f3c57b50cb9d0efa9a5b8b71037b1c7
16,16,14,2,5,S016_R14_T02,both_feet_imagery,1,both_feet_imagery,1,0.7509862881595054,True,l2_logistic_regression,1/2/3/4/5/6/7/8/9/10/11/12/13/14/15/17/18/19/20,True,False,False,physionet/eegmmidb/1.0.0/S016/S016R14.edf,80dafefa87cba873be315c21c9bc805c9f3c57b50cb9d0efa9a5b8b71037b1c7
16,16,14,3,7,S016_R14_T03,both_fists_imagery,0,both_feet_imagery,1,5.265165193556976,False,l2_logistic_regression,1/2/3/4/5/6/7/8/9/10/11/12/13/14/15/17/18/19/20,True,False,False,physionet/eegmmidb/1.0.0/S016/S016R14.edf,80dafefa87cba873be315c21c9bc805c9f3c57b50cb9d0efa9a5b8b71037b1c7
16,16,14,4,9,S016_R14_T04,both_feet_imagery,1,both_feet_imagery,1,0.12846984556527621,True,l2_logistic_regression,1/2/3/4/5/6/7/8/9/10/11/12/13/14/15/17/18/19/20,True,False,False,physionet/eegmmidb/1.0.0/S016/S016R14.edf,80dafefa87cba873be315c21c9bc805c9f3c57b50cb9d0efa9a5b8b71037b1c7
16,16,14,5,11,S016_R14_T05,both_fists_imagery,0,both_fists_imagery,0,-2.240078454852215,True,l2_logistic_regression,1/2/3/4/5/6/7/8/9/10/11/12/13/14/15/17/18/19/20,True,False,False,physionet/eegmmidb/1.0.0/S016/S016R14.edf,80dafefa87cba873be315c21c9bc805c9f3c57b50cb9d0efa9a5b8b71037b1c7
16,16,14,6,13,S016_R14_T06,both_fists_imagery,0,both_fists_imagery,0,-1.7615137423488754,True,l2_logistic_regression,1/2/3/4/5/6/7/8/9/10/11/12/13/14/15/17/18/19/20,True,False,False,physionet/eegmmidb/1.0.0/S016/S016R14.edf,80dafefa87cba873be315c21c9bc805c9f3c57b50cb9d0efa9a5b8b71037b1c7
16,16,14,7,15,S016_R14_T07,both_feet_imagery,1,both_feet_imagery,1,1.5140379703446474,True,l2_logistic_regression,1/2/3/4/5/6/7/8/9/10/11/12/13/14/15/17/18/19/20,True,False,False,physionet/eegmmidb/1.0.0/S016/S016R14.edf,80dafefa87cba873be315c21c9bc805c9f3c57b50cb9d0efa9a5b8b71037b1c7
16,16,14,8,17,S016_R14_T08,both_feet_imagery,1,both_feet_imagery,1,2.1959973869725555,True,l2_logistic_regression,1/2/3/4/5/6/7/8/9/10/11/12/13/14/15/17/18/19/20,True,False,False,physionet/eegmmidb/1.0.0/S016/S016R14.edf,80dafefa87cba873be315c21c9bc805c9f3c57b50cb9d0efa9a5b8b71037b1c7
16,16,14,9,19,S016_R14_T09,both_fists_imagery,0,both_fists_imagery,0,-1.859345709815207,True,l2_logistic_regression,1/2/3/4/5/6/7/8/9/10/11/12/13/14/15/17/18/19/20,True,False,True,physionet/eegmmidb/1.0.0/S016/S016R14.edf,80dafefa87cba873be315c21c9bc805c9f3c57b50cb9d0efa9a5b8b71037b1c7
16,16,14,10,21,S016_R14_T10,both_fists_imagery,0,both_fists_imagery,0,-3.9062850194379726,True,l2_logistic_regression,1/2/3/4/5/6/7/8/9/10/11/12/13/14/15/17/18/19/20,True,False,True,physionet/eegmmidb/1.0.0/S016/S016R14.edf,80dafefa87cba873be315c21c9bc805c9f3c57b50cb9d0efa9a5b8b71037b1c7
16,16,14,11,23,S016_R14_T11,both_feet_imagery,1,both_feet_imagery,1,0.2985057515550551,True,l2_logistic_regression,1/2/3/4/5/6/7/8/9/10/11/12/13/14/15/17/18/19/20,True,False,False,physionet/eegmmidb/1.0.0/S016/S016R14.edf,80dafefa87cba873be315c21c9bc805c9f3c57b50cb9d0efa9a5b8b71037b1c7
16,16,14,12,25,S016_R14_T12,both_feet_imagery,1,both_fists_imagery,0,-2.8621887657315908,False,l2_logistic_regression,1/2/3/4/5/6/7/8/9/10/11/12/13/14/15/17/18/19/20,True,False,True,physionet/eegmmidb/1.0.0/S016/S016R14.edf,80dafefa87cba873be315c21c9bc805c9f3c57b50cb9d0efa9a5b8b71037b1c7
16,16,14,13,27,S016_R14_T13,both_fists_imagery,0,both_fists_imagery,0,-4.064137935462699,True,l2_logistic_regression,1/2/3/4/5/6/7/8/9/10/11/12/13/14/15/17/18/19/20,True,False,False,physionet/eegmmidb/1.0.0/S016/S016R14.edf,80dafefa87cba873be315c21c9bc805c9f3c57b50cb9d0efa9a5b8b71037b1c7
16,16,14,14,29,S016_R14_T14,both_fists_imagery,0,both_feet_imagery,1,8.405259168535183,False,l2_logistic_regression,1/2/3/4/5/6/7/8/9/10/11/12/13/14/15/17/18/19/20,True,False,False,physionet/eegmmidb/1.0.0/S016/S016R14.edf,80dafefa87cba873be315c21c9bc805c9f3c57b50cb9d0efa9a5b8b71037b1c7
17,17,6,0,1,S017_R06_T00,both_fists_imagery,0,both_fists_imagery,0,-4.063902619421369,True,shrinkage_lda,1/2/3/4/5/6/7/8/9/10/11/12/13/14/15/16/18/19/20,True,False,False,physionet/eegmmidb/1.0.0/S017/S017R06.edf,0e32de926757e1a493c3df6d85955c30e0b45b0caa7f1ddac2a4cb483257891e
17,17,6,1,3,S017_R06_T01,both_feet_imagery,1,both_feet_imagery,1,14.52190188584257,True,shrinkage_lda,1/2/3/4/5/6/7/8/9/10/11/12/13/14/15/16/18/19/20,True,False,True,physionet/eegmmidb/1.0.0/S017/S017R06.edf,0e32de926757e1a493c3df6d85955c30e0b45b0caa7f1ddac2a4cb483257891e
17,17,6,2,5,S017_R06_T02,both_fists_imagery,0,both_feet_imagery,1,4.102179042335507,False,shrinkage_lda,1/2/3/4/5/6/7/8/9/10/11/12/13/14/15/16/18/19/20,True,False,True,physionet/eegmmidb/1.0.0/S017/S017R06.edf,0e32de926757e1a493c3df6d85955c30e0b45b0caa7f1ddac2a4cb483257891e
17,17,6,3,7,S017_R06_T03,both_feet_imagery,1,both_feet_imagery,1,9.481265614045846,True,shrinkage_lda,1/2/3/4/5/6/7/8/9/10/11/12/13/14/15/16/18/19/20,True,False,True,physionet/eegmmidb/1.0.0/S017/S017R06.edf,0e32de926757e1a493c3df6d85955c30e0b45b0caa7f1ddac2a4cb483257891e
17,17,6,4,9,S017_R06_T04,both_fists_imagery,0,both_fists_imagery,0,-6.886268843681159,True,shrinkage_lda,1/2/3/4/5/6/7/8/9/10/11/12/13/14/15/16/18/19/20,True,False,False,physionet/eegmmidb/1.0.0/S017/S017R06.edf,0e32de926757e1a493c3df6d85955c30e0b45b0caa7f1ddac2a4cb483257891e
17,17,6,5,11,S017_R06_T05,both_feet_imagery,1,both_fists_imagery,0,-2.5817491913121824,False,shrinkage_lda,1/2/3/4/5/6/7/8/9/10/11/12/13/14/15/16/18/19/20,True,False,False,physionet/eegmmidb/1.0.0/S017/S017R06.edf,0e32de926757e1a493c3df6d85955c30e0b45b0caa7f1ddac2a4cb483257891e
17,17,6,6,13,S017_R06_T06,both_feet_imagery,1,both_feet_imagery,1,6.2983926357769295,True,shrinkage_lda,1/2/3/4/5/6/7/8/9/10/11/12/13/14/15/16/18/19/20,True,False,False,physionet/eegmmidb/1.0.0/S017/S017R06.edf,0e32de926757e1a493c3df6d85955c30e0b45b0caa7f1ddac2a4cb483257891e
17,17,6,7,15,S017_R06_T07,both_fists_imagery,0,both_feet_imagery,1,10.911928979072165,False,shrinkage_lda,1/2/3/4/5/6/7/8/9/10/11/12/13/14/15/16/18/19/20,True,False,True,physionet/eegmmidb/1.0.0/S017/S017R06.edf,0e32de926757e1a493c3df6d85955c30e0b45b0caa7f1ddac2a4cb483257891e
17,17,6,8,17,S017_R06_T08,both_feet_imagery,1,both_fists_imagery,0,-6.885925015664655,False,shrinkage_lda,1/2/3/4/5/6/7/8/9/10/11/12/13/14/15/16/18/19/20,True,False,False,physionet/eegmmidb/1.0.0/S017/S017R06.edf,0e32de926757e1a493c3df6d85955c30e0b45b0caa7f1ddac2a4cb483257891e
17,17,6,9,19,S017_R06_T09,both_fists_imagery,0,both_fists_imagery,0,-2.32079471455106,True,shrinkage_lda,1/2/3/4/5/6/7/8/9/10/11/12/13/14/15/16/18/19/20,True,False,False,physionet/eegmmidb/1.0.0/S017/S017R06.edf,0e32de926757e1a493c3df6d85955c30e0b45b0caa7f1ddac2a4cb483257891e
17,17,6,10,21,S017_R06_T10,both_fists_imagery,0,both_feet_imagery,1,8.131031877907002,False,shrinkage_lda,1/2/3/4/5/6/7/8/9/10/11/12/13/14/15/16/18/19/20,True,False,False,physionet/eegmmidb/1.0.0/S017/S017R06.edf,0e32de926757e1a493c3df6d85955c30e0b45b0caa7f1ddac2a4cb483257891e
17,17,6,11,23,S017_R06_T11,both_feet_imagery,1,both_fists_imagery,0,-1.349595202865349,False,shrinkage_lda,1/2/3/4/5/6/7/8/9/10/11/12/13/14/15/16/18/19/20,True,False,False,physionet/eegmmidb/1.0.0/S017/S017R06.edf,0e32de926757e1a493c3df6d85955c30e0b45b0caa7f1ddac2a4cb483257891e
17,17,6,12,25,S017_R06_T12,both_feet_imagery,1,both_fists_imagery,0,-6.469307030552708,False,shrinkage_lda,1/2/3/4/5/6/7/8/9/10/11/12/13/14/15/16/18/19/20,True,False,False,physionet/eegmmidb/1.0.0/S017/S017R06.edf,0e32de926757e1a493c3df6d85955c30e0b45b0caa7f1ddac2a4cb483257891e
17,17,6,13,27,S017_R06_T13,both_fists_imagery,0,both_feet_imagery,1,10.249729610992194,False,shrinkage_lda,1/2/3/4/5/6/7/8/9/10/11/12/13/14/15/16/18/19/20,True,False,False,physionet/eegmmidb/1.0.0/S017/S017R06.edf,0e32de926757e1a493c3df6d85955c30e0b45b0caa7f1ddac2a4cb483257891e
17,17,6,14,29,S017_R06_T14,both_fists_imagery,0,both_fists_imagery,0,-9.75251674909542,True,shrinkage_lda,1/2/3/4/5/6/7/8/9/10/11/12/13/14/15/16/18/19/20,True,False,False,physionet/eegmmidb/1.0.0/S017/S017R06.edf,0e32de926757e1a493c3df6d85955c30e0b45b0caa7f1ddac2a4cb483257891e
17,17,10,0,1,S017_R10_T00,both_fists_imagery,0,both_fists_imagery,0,-0.03761959837628703,True,shrinkage_lda,1/2/3/4/5/6/7/8/9/10/11/12/13/14/15/16/18/19/20,True,False,False,physionet/eegmmidb/1.0.0/S017/S017R10.edf,1cb81c247ff4d726beca43e0bd37d6ff1aacf0d0c63068c6d389af327a86484b
17,17,10,1,3,S017_R10_T01,both_feet_imagery,1,both_fists_imagery,0,-2.054964806585835,False,shrinkage_lda,1/2/3/4/5/6/7/8/9/10/11/12/13/14/15/16/18/19/20,True,False,False,physionet/eegmmidb/1.0.0/S017/S017R10.edf,1cb81c247ff4d726beca43e0bd37d6ff1aacf0d0c63068c6d389af327a86484b
17,17,10,2,5,S017_R10_T02,both_fists_imagery,0,both_fists_imagery,0,-1.1018383563379368,True,shrinkage_lda,1/2/3/4/5/6/7/8/9/10/11/12/13/14/15/16/18/19/20,True,False,False,physionet/eegmmidb/1.0.0/S017/S017R10.edf,1cb81c247ff4d726beca43e0bd37d6ff1aacf0d0c63068c6d389af327a86484b
17,17,10,3,7,S017_R10_T03,both_feet_imagery,1,both_feet_imagery,1,14.10064325830475,True,shrinkage_lda,1/2/3/4/5/6/7/8/9/10/11/12/13/14/15/16/18/19/20,True,False,False,physionet/eegmmidb/1.0.0/S017/S017R10.edf,1cb81c247ff4d726beca43e0bd37d6ff1aacf0d0c63068c6d389af327a86484b
17,17,10,4,9,S017_R10_T04,both_fists_imagery,0,both_feet_imagery,1,1.6758380205723895,False,shrinkage_lda,1/2/3/4/5/6/7/8/9/10/11/12/13/14/15/16/18/19/20,True,False,False,physionet/eegmmidb/1.0.0/S017/S017R10.edf,1cb81c247ff4d726beca43e0bd37d6ff1aacf0d0c63068c6d389af327a86484b
17,17,10,5,11,S017_R10_T05,both_feet_imagery,1,both_feet_imagery,1,8.512869893315443,True,shrinkage_lda,1/2/3/4/5/6/7/8/9/10/11/12/13/14/15/16/18/19/20,True,False,False,physionet/eegmmidb/1.0.0/S017/S017R10.edf,1cb81c247ff4d726beca43e0bd37d6ff1aacf0d0c63068c6d389af327a86484b
17,17,10,6,13,S017_R10_T06,both_fists_imagery,0,both_feet_imagery,1,6.694589445122184,False,shrinkage_lda,1/2/3/4/5/6/7/8/9/10/11/12/13/14/15/16/18/19/20,True,False,False,physionet/eegmmidb/1.0.0/S017/S017R10.edf,1cb81c247ff4d726beca43e0bd37d6ff1aacf0d0c63068c6d389af327a86484b
17,17,10,7,15,S017_R10_T07,both_feet_imagery,1,both_feet_imagery,1,5.645815508453397,True,shrinkage_lda,1/2/3/4/5/6/7/8/9/10/11/12/13/14/15/16/18/19/20,True,False,False,physionet/eegmmidb/1.0.0/S017/S017R10.edf,1cb81c247ff4d726beca43e0bd37d6ff1aacf0d0c63068c6d389af327a86484b
17,17,10,8,17,S017_R10_T08,both_feet_imagery,1,both_feet_imagery,1,6.796041216613139,True,shrinkage_lda,1/2/3/4/5/6/7/8/9/10/11/12/13/14/15/16/18/19/20,True,False,False,physionet/eegmmidb/1.0.0/S017/S017R10.edf,1cb81c247ff4d726beca43e0bd37d6ff1aacf0d0c63068c6d389af327a86484b
17,17,10,9,19,S017_R10_T09,both_fists_imagery,0,both_fists_imagery,0,-3.4658141671361613,True,shrinkage_lda,1/2/3/4/5/6/7/8/9/10/11/12/13/14/15/16/18/19/20,True,False,False,physionet/eegmmidb/1.0.0/S017/S017R10.edf,1cb81c247ff4d726beca43e0bd37d6ff1aacf0d0c63068c6d389af327a86484b
17,17,10,10,21,S017_R10_T10,both_fists_imagery,0,both_fists_imagery,0,-5.4883348125594145,True,shrinkage_lda,1/2/3/4/5/6/7/8/9/10/11/12/13/14/15/16/18/19/20,True,False,False,physionet/eegmmidb/1.0.0/S017/S017R10.edf,1cb81c247ff4d726beca43e0bd37d6ff1aacf0d0c63068c6d389af327a86484b
17,17,10,11,23,S017_R10_T11,both_feet_imagery,1,both_feet_imagery,1,15.783715992483081,True,shrinkage_lda,1/2/3/4/5/6/7/8/9/10/11/12/13/14/15/16/18/19/20,True,False,False,physionet/eegmmidb/1.0.0/S017/S017R10.edf,1cb81c247ff4d726beca43e0bd37d6ff1aacf0d0c63068c6d389af327a86484b
17,17,10,12,25,S017_R10_T12,both_feet_imagery,1,both_fists_imagery,0,-8.123377042728762,False,shrinkage_lda,1/2/3/4/5/6/7/8/9/10/11/12/13/14/15/16/18/19/20,True,False,False,physionet/eegmmidb/1.0.0/S017/S017R10.edf,1cb81c247ff4d726beca43e0bd37d6ff1aacf0d0c63068c6d389af327a86484b
17,17,10,13,27,S017_R10_T13,both_fists_imagery,0,both_feet_imagery,1,6.79686131910305,False,shrinkage_lda,1/2/3/4/5/6/7/8/9/10/11/12/13/14/15/16/18/19/20,True,False,False,physionet/eegmmidb/1.0.0/S017/S017R10.edf,1cb81c247ff4d726beca43e0bd37d6ff1aacf0d0c63068c6d389af327a86484b
17,17,10,14,29,S017_R10_T14,both_fists_imagery,0,both_feet_imagery,1,4.095894978132977,False,shrinkage_lda,1/2/3/4/5/6/7/8/9/10/11/12/13/14/15/16/18/19/20,True,False,False,physionet/eegmmidb/1.0.0/S017/S017R10.edf,1cb81c247ff4d726beca43e0bd37d6ff1aacf0d0c63068c6d389af327a86484b
17,17,14,0,1,S017_R14_T00,both_fists_imagery,0,both_fists_imagery,0,-1.937145004850715,True,shrinkage_lda,1/2/3/4/5/6/7/8/9/10/11/12/13/14/15/16/18/19/20,True,False,False,physionet/eegmmidb/1.0.0/S017/S017R14.edf,f95cb81454f050fc58c4d2bcb7698526e5a6cef17b157e601ec1d4abb96eb3ea
17,17,14,1,3,S017_R14_T01,both_feet_imagery,1,both_fists_imagery,0,-9.544164281806953,False,shrinkage_lda,1/2/3/4/5/6/7/8/9/10/11/12/13/14/15/16/18/19/20,True,False,False,physionet/eegmmidb/1.0.0/S017/S017R14.edf,f95cb81454f050fc58c4d2bcb7698526e5a6cef17b157e601ec1d4abb96eb3ea
17,17,14,2,5,S017_R14_T02,both_fists_imagery,0,both_feet_imagery,1,15.57312767054081,False,shrinkage_lda,1/2/3/4/5/6/7/8/9/10/11/12/13/14/15/16/18/19/20,True,False,False,physionet/eegmmidb/1.0.0/S017/S017R14.edf,f95cb81454f050fc58c4d2bcb7698526e5a6cef17b157e601ec1d4abb96eb3ea
17,17,14,3,7,S017_R14_T03,both_feet_imagery,1,both_feet_imagery,1,11.5771705738962,True,shrinkage_lda,1/2/3/4/5/6/7/8/9/10/11/12/13/14/15/16/18/19/20,True,False,False,physionet/eegmmidb/1.0.0/S017/S017R14.edf,f95cb81454f050fc58c4d2bcb7698526e5a6cef17b157e601ec1d4abb96eb3ea
17,17,14,4,9,S017_R14_T04,both_feet_imagery,1,both_feet_imagery,1,4.0288911624838954,True,shrinkage_lda,1/2/3/4/5/6/7/8/9/10/11/12/13/14/15/16/18/19/20,True,False,False,physionet/eegmmidb/1.0.0/S017/S017R14.edf,f95cb81454f050fc58c4d2bcb7698526e5a6cef17b157e601ec1d4abb96eb3ea
17,17,14,5,11,S017_R14_T05,both_fists_imagery,0,both_fists_imagery,0,-3.1644377927463205,True,shrinkage_lda,1/2/3/4/5/6/7/8/9/10/11/12/13/14/15/16/18/19/20,True,False,False,physionet/eegmmidb/1.0.0/S017/S017R14.edf,f95cb81454f050fc58c4d2bcb7698526e5a6cef17b157e601ec1d4abb96eb3ea
17,17,14,6,13,S017_R14_T06,both_feet_imagery,1,both_fists_imagery,0,-1.3655094122206837,False,shrinkage_lda,1/2/3/4/5/6/7/8/9/10/11/12/13/14/15/16/18/19/20,True,False,False,physionet/eegmmidb/1.0.0/S017/S017R14.edf,f95cb81454f050fc58c4d2bcb7698526e5a6cef17b157e601ec1d4abb96eb3ea
17,17,14,7,15,S017_R14_T07,both_fists_imagery,0,both_fists_imagery,0,-4.296111522445827,True,shrinkage_lda,1/2/3/4/5/6/7/8/9/10/11/12/13/14/15/16/18/19/20,True,False,False,physionet/eegmmidb/1.0.0/S017/S017R14.edf,f95cb81454f050fc58c4d2bcb7698526e5a6cef17b157e601ec1d4abb96eb3ea
17,17,14,8,17,S017_R14_T08,both_feet_imagery,1,both_feet_imagery,1,2.94640817596582,True,shrinkage_lda,1/2/3/4/5/6/7/8/9/10/11/12/13/14/15/16/18/19/20,True,False,False,physionet/eegmmidb/1.0.0/S017/S017R14.edf,f95cb81454f050fc58c4d2bcb7698526e5a6cef17b157e601ec1d4abb96eb3ea
17,17,14,9,19,S017_R14_T09,both_fists_imagery,0,both_feet_imagery,1,9.395225783825097,False,shrinkage_lda,1/2/3/4/5/6/7/8/9/10/11/12/13/14/15/16/18/19/20,True,False,False,physionet/eegmmidb/1.0.0/S017/S017R14.edf,f95cb81454f050fc58c4d2bcb7698526e5a6cef17b157e601ec1d4abb96eb3ea
17,17,14,10,21,S017_R14_T10,both_feet_imagery,1,both_feet_imagery,1,7.362613799226964,True,shrinkage_lda,1/2/3/4/5/6/7/8/9/10/11/12/13/14/15/16/18/19/20,True,False,False,physionet/eegmmidb/1.0.0/S017/S017R14.edf,f95cb81454f050fc58c4d2bcb7698526e5a6cef17b157e601ec1d4abb96eb3ea
17,17,14,11,23,S017_R14_T11,both_fists_imagery,0,both_fists_imagery,0,-2.0087319451125176,True,shrinkage_lda,1/2/3/4/5/6/7/8/9/10/11/12/13/14/15/16/18/19/20,True,False,False,physionet/eegmmidb/1.0.0/S017/S017R14.edf,f95cb81454f050fc58c4d2bcb7698526e5a6cef17b157e601ec1d4abb96eb3ea
17,17,14,12,25,S017_R14_T12,both_fists_imagery,0,both_fists_imagery,0,-3.6793367567973925,True,shrinkage_lda,1/2/3/4/5/6/7/8/9/10/11/12/13/14/15/16/18/19/20,True,False,False,physionet/eegmmidb/1.0.0/S017/S017R14.edf,f95cb81454f050fc58c4d2bcb7698526e5a6cef17b157e601ec1d4abb96eb3ea
17,17,14,13,27,S017_R14_T13,both_feet_imagery,1,both_feet_imagery,1,1.2185839392025226,True,shrinkage_lda,1/2/3/4/5/6/7/8/9/10/11/12/13/14/15/16/18/19/20,True,False,False,physionet/eegmmidb/1.0.0/S017/S017R14.edf,f95cb81454f050fc58c4d2bcb7698526e5a6cef17b157e601ec1d4abb96eb3ea
17,17,14,14,29,S017_R14_T14,both_fists_imagery,0,both_fists_imagery,0,-4.219433921308809,True,shrinkage_lda,1/2/3/4/5/6/7/8/9/10/11/12/13/14/15/16/18/19/20,True,False,False,physionet/eegmmidb/1.0.0/S017/S017R14.edf,f95cb81454f050fc58c4d2bcb7698526e5a6cef17b157e601ec1d4abb96eb3ea
17,17,6,0,1,S017_R06_T00,both_fists_imagery,0,both_fists_imagery,0,-1.6599700158889956,True,l2_logistic_regression,1/2/3/4/5/6/7/8/9/10/11/12/13/14/15/16/18/19/20,True,False,False,physionet/eegmmidb/1.0.0/S017/S017R06.edf,0e32de926757e1a493c3df6d85955c30e0b45b0caa7f1ddac2a4cb483257891e
17,17,6,1,3,S017_R06_T01,both_feet_imagery,1,both_feet_imagery,1,8.449058654014355,True,l2_logistic_regression,1/2/3/4/5/6/7/8/9/10/11/12/13/14/15/16/18/19/20,True,False,True,physionet/eegmmidb/1.0.0/S017/S017R06.edf,0e32de926757e1a493c3df6d85955c30e0b45b0caa7f1ddac2a4cb483257891e
17,17,6,2,5,S017_R06_T02,both_fists_imagery,0,both_feet_imagery,1,0.6320642734859322,False,l2_logistic_regression,1/2/3/4/5/6/7/8/9/10/11/12/13/14/15/16/18/19/20,True,False,True,physionet/eegmmidb/1.0.0/S017/S017R06.edf,0e32de926757e1a493c3df6d85955c30e0b45b0caa7f1ddac2a4cb483257891e
17,17,6,3,7,S017_R06_T03,both_feet_imagery,1,both_feet_imagery,1,4.606495015233497,True,l2_logistic_regression,1/2/3/4/5/6/7/8/9/10/11/12/13/14/15/16/18/19/20,True,False,True,physionet/eegmmidb/1.0.0/S017/S017R06.edf,0e32de926757e1a493c3df6d85955c30e0b45b0caa7f1ddac2a4cb483257891e
17,17,6,4,9,S017_R06_T04,both_fists_imagery,0,both_fists_imagery,0,-3.616225947222865,True,l2_logistic_regression,1/2/3/4/5/6/7/8/9/10/11/12/13/14/15/16/18/19/20,True,False,False,physionet/eegmmidb/1.0.0/S017/S017R06.edf,0e32de926757e1a493c3df6d85955c30e0b45b0caa7f1ddac2a4cb483257891e
17,17,6,5,11,S017_R06_T05,both_feet_imagery,1,both_fists_imagery,0,-1.9212248742860336,False,l2_logistic_regression,1/2/3/4/5/6/7/8/9/10/11/12/13/14/15/16/18/19/20,True,False,False,physionet/eegmmidb/1.0.0/S017/S017R06.edf,0e32de926757e1a493c3df6d85955c30e0b45b0caa7f1ddac2a4cb483257891e
17,17,6,6,13,S017_R06_T06,both_feet_imagery,1,both_feet_imagery,1,3.6600502272384414,True,l2_logistic_regression,1/2/3/4/5/6/7/8/9/10/11/12/13/14/15/16/18/19/20,True,False,False,physionet/eegmmidb/1.0.0/S017/S017R06.edf,0e32de926757e1a493c3df6d85955c30e0b45b0caa7f1ddac2a4cb483257891e
17,17,6,7,15,S017_R06_T07,both_fists_imagery,0,both_feet_imagery,1,5.431634658158811,False,l2_logistic_regression,1/2/3/4/5/6/7/8/9/10/11/12/13/14/15/16/18/19/20,True,False,True,physionet/eegmmidb/1.0.0/S017/S017R06.edf,0e32de926757e1a493c3df6d85955c30e0b45b0caa7f1ddac2a4cb483257891e
17,17,6,8,17,S017_R06_T08,both_feet_imagery,1,both_fists_imagery,0,-3.439032440749409,False,l2_logistic_regression,1/2/3/4/5/6/7/8/9/10/11/12/13/14/15/16/18/19/20,True,False,False,physionet/eegmmidb/1.0.0/S017/S017R06.edf,0e32de926757e1a493c3df6d85955c30e0b45b0caa7f1ddac2a4cb483257891e
17,17,6,9,19,S017_R06_T09,both_fists_imagery,0,both_fists_imagery,0,-0.9432830614115514,True,l2_logistic_regression,1/2/3/4/5/6/7/8/9/10/11/12/13/14/15/16/18/19/20,True,False,False,physionet/eegmmidb/1.0.0/S017/S017R06.edf,0e32de926757e1a493c3df6d85955c30e0b45b0caa7f1ddac2a4cb483257891e
17,17,6,10,21,S017_R06_T10,both_fists_imagery,0,both_feet_imagery,1,4.4713598513474135,False,l2_logistic_regression,1/2/3/4/5/6/7/8/9/10/11/12/13/14/15/16/18/19/20,True,False,False,physionet/eegmmidb/1.0.0/S017/S017R06.edf,0e32de926757e1a493c3df6d85955c30e0b45b0caa7f1ddac2a4cb483257891e
17,17,6,11,23,S017_R06_T11,both_feet_imagery,1,both_fists_imagery,0,-0.9076342473511222,False,l2_logistic_regression,1/2/3/4/5/6/7/8/9/10/11/12/13/14/15/16/18/19/20,True,False,False,physionet/eegmmidb/1.0.0/S017/S017R06.edf,0e32de926757e1a493c3df6d85955c30e0b45b0caa7f1ddac2a4cb483257891e
17,17,6,12,25,S017_R06_T12,both_feet_imagery,1,both_fists_imagery,0,-4.906354578003058,False,l2_logistic_regression,1/2/3/4/5/6/7/8/9/10/11/12/13/14/15/16/18/19/20,True,False,False,physionet/eegmmidb/1.0.0/S017/S017R06.edf,0e32de926757e1a493c3df6d85955c30e0b45b0caa7f1ddac2a4cb483257891e
17,17,6,13,27,S017_R06_T13,both_fists_imagery,0,both_feet_imagery,1,5.954906319151192,False,l2_logistic_regression,1/2/3/4/5/6/7/8/9/10/11/12/13/14/15/16/18/19/20,True,False,False,physionet/eegmmidb/1.0.0/S017/S017R06.edf,0e32de926757e1a493c3df6d85955c30e0b45b0caa7f1ddac2a4cb483257891e
17,17,6,14,29,S017_R06_T14,both_fists_imagery,0,both_fists_imagery,0,-5.468617528554672,True,l2_logistic_regression,1/2/3/4/5/6/7/8/9/10/11/12/13/14/15/16/18/19/20,True,False,False,physionet/eegmmidb/1.0.0/S017/S017R06.edf,0e32de926757e1a493c3df6d85955c30e0b45b0caa7f1ddac2a4cb483257891e
17,17,10,0,1,S017_R10_T00,both_fists_imagery,0,both_feet_imagery,1,1.4301284128262866,False,l2_logistic_regression,1/2/3/4/5/6/7/8/9/10/11/12/13/14/15/16/18/19/20,True,False,False,physionet/eegmmidb/1.0.0/S017/S017R10.edf,1cb81c247ff4d726beca43e0bd37d6ff1aacf0d0c63068c6d389af327a86484b
17,17,10,1,3,S017_R10_T01,both_feet_imagery,1,both_fists_imagery,0,-1.202732549556361,False,l2_logistic_regression,1/2/3/4/5/6/7/8/9/10/11/12/13/14/15/16/18/19/20,True,False,False,physionet/eegmmidb/1.0.0/S017/S017R10.edf,1cb81c247ff4d726beca43e0bd37d6ff1aacf0d0c63068c6d389af327a86484b
17,17,10,2,5,S017_R10_T02,both_fists_imagery,0,both_fists_imagery,0,-1.19013741627392,True,l2_logistic_regression,1/2/3/4/5/6/7/8/9/10/11/12/13/14/15/16/18/19/20,True,False,False,physionet/eegmmidb/1.0.0/S017/S017R10.edf,1cb81c247ff4d726beca43e0bd37d6ff1aacf0d0c63068c6d389af327a86484b
17,17,10,3,7,S017_R10_T03,both_feet_imagery,1,both_feet_imagery,1,6.256335142398367,True,l2_logistic_regression,1/2/3/4/5/6/7/8/9/10/11/12/13/14/15/16/18/19/20,True,False,False,physionet/eegmmidb/1.0.0/S017/S017R10.edf,1cb81c247ff4d726beca43e0bd37d6ff1aacf0d0c63068c6d389af327a86484b
17,17,10,4,9,S017_R10_T04,both_fists_imagery,0,both_fists_imagery,0,-0.31208988199916704,True,l2_logistic_regression,1/2/3/4/5/6/7/8/9/10/11/12/13/14/15/16/18/19/20,True,False,False,physionet/eegmmidb/1.0.0/S017/S017R10.edf,1cb81c247ff4d726beca43e0bd37d6ff1aacf0d0c63068c6d389af327a86484b
17,17,10,5,11,S017_R10_T05,both_feet_imagery,1,both_feet_imagery,1,4.788237038439662,True,l2_logistic_regression,1/2/3/4/5/6/7/8/9/10/11/12/13/14/15/16/18/19/20,True,False,False,physionet/eegmmidb/1.0.0/S017/S017R10.edf,1cb81c247ff4d726beca43e0bd37d6ff1aacf0d0c63068c6d389af327a86484b
17,17,10,6,13,S017_R10_T06,both_fists_imagery,0,both_feet_imagery,1,3.55845340770272,False,l2_logistic_regression,1/2/3/4/5/6/7/8/9/10/11/12/13/14/15/16/18/19/20,True,False,False,physionet/eegmmidb/1.0.0/S017/S017R10.edf,1cb81c247ff4d726beca43e0bd37d6ff1aacf0d0c63068c6d389af327a86484b
17,17,10,7,15,S017_R10_T07,both_feet_imagery,1,both_feet_imagery,1,2.1936806817665273,True,l2_logistic_regression,1/2/3/4/5/6/7/8/9/10/11/12/13/14/15/16/18/19/20,True,False,False,physionet/eegmmidb/1.0.0/S017/S017R10.edf,1cb81c247ff4d726beca43e0bd37d6ff1aacf0d0c63068c6d389af327a86484b
17,17,10,8,17,S017_R10_T08,both_feet_imagery,1,both_feet_imagery,1,3.563088373040522,True,l2_logistic_regression,1/2/3/4/5/6/7/8/9/10/11/12/13/14/15/16/18/19/20,True,False,False,physionet/eegmmidb/1.0.0/S017/S017R10.edf,1cb81c247ff4d726beca43e0bd37d6ff1aacf0d0c63068c6d389af327a86484b
17,17,10,9,19,S017_R10_T09,both_fists_imagery,0,both_fists_imagery,0,-1.5812907581781466,True,l2_logistic_regression,1/2/3/4/5/6/7/8/9/10/11/12/13/14/15/16/18/19/20,True,False,False,physionet/eegmmidb/1.0.0/S017/S017R10.edf,1cb81c247ff4d726beca43e0bd37d6ff1aacf0d0c63068c6d389af327a86484b
17,17,10,10,21,S017_R10_T10,both_fists_imagery,0,both_fists_imagery,0,-3.168487513695748,True,l2_logistic_regression,1/2/3/4/5/6/7/8/9/10/11/12/13/14/15/16/18/19/20,True,False,False,physionet/eegmmidb/1.0.0/S017/S017R10.edf,1cb81c247ff4d726beca43e0bd37d6ff1aacf0d0c63068c6d389af327a86484b
17,17,10,11,23,S017_R10_T11,both_feet_imagery,1,both_feet_imagery,1,8.686147840079874,True,l2_logistic_regression,1/2/3/4/5/6/7/8/9/10/11/12/13/14/15/16/18/19/20,True,False,False,physionet/eegmmidb/1.0.0/S017/S017R10.edf,1cb81c247ff4d726beca43e0bd37d6ff1aacf0d0c63068c6d389af327a86484b
17,17,10,12,25,S017_R10_T12,both_feet_imagery,1,both_fists_imagery,0,-4.3140324199074325,False,l2_logistic_regression,1/2/3/4/5/6/7/8/9/10/11/12/13/14/15/16/18/19/20,True,False,False,physionet/eegmmidb/1.0.0/S017/S017R10.edf,1cb81c247ff4d726beca43e0bd37d6ff1aacf0d0c63068c6d389af327a86484b
17,17,10,13,27,S017_R10_T13,both_fists_imagery,0,both_feet_imagery,1,5.507423111170203,False,l2_logistic_regression,1/2/3/4/5/6/7/8/9/10/11/12/13/14/15/16/18/19/20,True,False,False,physionet/eegmmidb/1.0.0/S017/S017R10.edf,1cb81c247ff4d726beca43e0bd37d6ff1aacf0d0c63068c6d389af327a86484b
17,17,10,14,29,S017_R10_T14,both_fists_imagery,0,both_feet_imagery,1,2.427602079239647,False,l2_logistic_regression,1/2/3/4/5/6/7/8/9/10/11/12/13/14/15/16/18/19/20,True,False,False,physionet/eegmmidb/1.0.0/S017/S017R10.edf,1cb81c247ff4d726beca43e0bd37d6ff1aacf0d0c63068c6d389af327a86484b
17,17,14,0,1,S017_R14_T00,both_fists_imagery,0,both_fists_imagery,0,-2.1283517641731646,True,l2_logistic_regression,1/2/3/4/5/6/7/8/9/10/11/12/13/14/15/16/18/19/20,True,False,False,physionet/eegmmidb/1.0.0/S017/S017R14.edf,f95cb81454f050fc58c4d2bcb7698526e5a6cef17b157e601ec1d4abb96eb3ea
17,17,14,1,3,S017_R14_T01,both_feet_imagery,1,both_fists_imagery,0,-4.239407609491961,False,l2_logistic_regression,1/2/3/4/5/6/7/8/9/10/11/12/13/14/15/16/18/19/20,True,False,False,physionet/eegmmidb/1.0.0/S017/S017R14.edf,f95cb81454f050fc58c4d2bcb7698526e5a6cef17b157e601ec1d4abb96eb3ea
17,17,14,2,5,S017_R14_T02,both_fists_imagery,0,both_feet_imagery,1,7.045532528056403,False,l2_logistic_regression,1/2/3/4/5/6/7/8/9/10/11/12/13/14/15/16/18/19/20,True,False,False,physionet/eegmmidb/1.0.0/S017/S017R14.edf,f95cb81454f050fc58c4d2bcb7698526e5a6cef17b157e601ec1d4abb96eb3ea
17,17,14,3,7,S017_R14_T03,both_feet_imagery,1,both_feet_imagery,1,7.319048933884456,True,l2_logistic_regression,1/2/3/4/5/6/7/8/9/10/11/12/13/14/15/16/18/19/20,True,False,False,physionet/eegmmidb/1.0.0/S017/S017R14.edf,f95cb81454f050fc58c4d2bcb7698526e5a6cef17b157e601ec1d4abb96eb3ea
17,17,14,4,9,S017_R14_T04,both_feet_imagery,1,both_feet_imagery,1,3.359134667022584,True,l2_logistic_regression,1/2/3/4/5/6/7/8/9/10/11/12/13/14/15/16/18/19/20,True,False,False,physionet/eegmmidb/1.0.0/S017/S017R14.edf,f95cb81454f050fc58c4d2bcb7698526e5a6cef17b157e601ec1d4abb96eb3ea
17,17,14,5,11,S017_R14_T05,both_fists_imagery,0,both_fists_imagery,0,-1.0431435252977228,True,l2_logistic_regression,1/2/3/4/5/6/7/8/9/10/11/12/13/14/15/16/18/19/20,True,False,False,physionet/eegmmidb/1.0.0/S017/S017R14.edf,f95cb81454f050fc58c4d2bcb7698526e5a6cef17b157e601ec1d4abb96eb3ea
17,17,14,6,13,S017_R14_T06,both_feet_imagery,1,both_fists_imagery,0,-1.2277170743685193,False,l2_logistic_regression,1/2/3/4/5/6/7/8/9/10/11/12/13/14/15/16/18/19/20,True,False,False,physionet/eegmmidb/1.0.0/S017/S017R14.edf,f95cb81454f050fc58c4d2bcb7698526e5a6cef17b157e601ec1d4abb96eb3ea
17,17,14,7,15,S017_R14_T07,both_fists_imagery,0,both_fists_imagery,0,-2.2722953066293674,True,l2_logistic_regression,1/2/3/4/5/6/7/8/9/10/11/12/13/14/15/16/18/19/20,True,False,False,physionet/eegmmidb/1.0.0/S017/S017R14.edf,f95cb81454f050fc58c4d2bcb7698526e5a6cef17b157e601ec1d4abb96eb3ea
17,17,14,8,17,S017_R14_T08,both_feet_imagery,1,both_feet_imagery,1,2.2117183574446457,True,l2_logistic_regression,1/2/3/4/5/6/7/8/9/10/11/12/13/14/15/16/18/19/20,True,False,False,physionet/eegmmidb/1.0.0/S017/S017R14.edf,f95cb81454f050fc58c4d2bcb7698526e5a6cef17b157e601ec1d4abb96eb3ea
17,17,14,9,19,S017_R14_T09,both_fists_imagery,0,both_feet_imagery,1,4.422148556413538,False,l2_logistic_regression,1/2/3/4/5/6/7/8/9/10/11/12/13/14/15/16/18/19/20,True,False,False,physionet/eegmmidb/1.0.0/S017/S017R14.edf,f95cb81454f050fc58c4d2bcb7698526e5a6cef17b157e601ec1d4abb96eb3ea
17,17,14,10,21,S017_R14_T10,both_feet_imagery,1,both_feet_imagery,1,3.8357547809869006,True,l2_logistic_regression,1/2/3/4/5/6/7/8/9/10/11/12/13/14/15/16/18/19/20,True,False,False,physionet/eegmmidb/1.0.0/S017/S017R14.edf,f95cb81454f050fc58c4d2bcb7698526e5a6cef17b157e601ec1d4abb96eb3ea
17,17,14,11,23,S017_R14_T11,both_fists_imagery,0,both_fists_imagery,0,-2.295648513701945,True,l2_logistic_regression,1/2/3/4/5/6/7/8/9/10/11/12/13/14/15/16/18/19/20,True,False,False,physionet/eegmmidb/1.0.0/S017/S017R14.edf,f95cb81454f050fc58c4d2bcb7698526e5a6cef17b157e601ec1d4abb96eb3ea
17,17,14,12,25,S017_R14_T12,both_fists_imagery,0,both_fists_imagery,0,-2.3110394751874326,True,l2_logistic_regression,1/2/3/4/5/6/7/8/9/10/11/12/13/14/15/16/18/19/20,True,False,False,physionet/eegmmidb/1.0.0/S017/S017R14.edf,f95cb81454f050fc58c4d2bcb7698526e5a6cef17b157e601ec1d4abb96eb3ea
17,17,14,13,27,S017_R14_T13,both_feet_imagery,1,both_feet_imagery,1,0.9660846470632029,True,l2_logistic_regression,1/2/3/4/5/6/7/8/9/10/11/12/13/14/15/16/18/19/20,True,False,False,physionet/eegmmidb/1.0.0/S017/S017R14.edf,f95cb81454f050fc58c4d2bcb7698526e5a6cef17b157e601ec1d4abb96eb3ea
17,17,14,14,29,S017_R14_T14,both_fists_imagery,0,both_fists_imagery,0,-1.8508135962370185,True,l2_logistic_regression,1/2/3/4/5/6/7/8/9/10/11/12/13/14/15/16/18/19/20,True,False,False,physionet/eegmmidb/1.0.0/S017/S017R14.edf,f95cb81454f050fc58c4d2bcb7698526e5a6cef17b157e601ec1d4abb96eb3ea
18,18,6,0,1,S018_R06_T00,both_feet_imagery,1,both_fists_imagery,0,-3.1333392975322947,False,shrinkage_lda,1/2/3/4/5/6/7/8/9/10/11/12/13/14/15/16/17/19/20,True,False,False,physionet/eegmmidb/1.0.0/S018/S018R06.edf,c63f23d980060ac721c705567e65603808dffd0af32391c6e2528072bdaf3cec
18,18,6,1,3,S018_R06_T01,both_fists_imagery,0,both_fists_imagery,0,-17.96252788501523,True,shrinkage_lda,1/2/3/4/5/6/7/8/9/10/11/12/13/14/15/16/17/19/20,True,False,False,physionet/eegmmidb/1.0.0/S018/S018R06.edf,c63f23d980060ac721c705567e65603808dffd0af32391c6e2528072bdaf3cec
18,18,6,2,5,S018_R06_T02,both_fists_imagery,0,both_fists_imagery,0,-10.351389042590913,True,shrinkage_lda,1/2/3/4/5/6/7/8/9/10/11/12/13/14/15/16/17/19/20,True,False,False,physionet/eegmmidb/1.0.0/S018/S018R06.edf,c63f23d980060ac721c705567e65603808dffd0af32391c6e2528072bdaf3cec
18,18,6,3,7,S018_R06_T03,both_feet_imagery,1,both_fists_imagery,0,-15.520047817281814,False,shrinkage_lda,1/2/3/4/5/6/7/8/9/10/11/12/13/14/15/16/17/19/20,True,False,False,physionet/eegmmidb/1.0.0/S018/S018R06.edf,c63f23d980060ac721c705567e65603808dffd0af32391c6e2528072bdaf3cec
18,18,6,4,9,S018_R06_T04,both_feet_imagery,1,both_fists_imagery,0,-22.651241994538847,False,shrinkage_lda,1/2/3/4/5/6/7/8/9/10/11/12/13/14/15/16/17/19/20,True,False,False,physionet/eegmmidb/1.0.0/S018/S018R06.edf,c63f23d980060ac721c705567e65603808dffd0af32391c6e2528072bdaf3cec
18,18,6,5,11,S018_R06_T05,both_fists_imagery,0,both_fists_imagery,0,-8.928324560497884,True,shrinkage_lda,1/2/3/4/5/6/7/8/9/10/11/12/13/14/15/16/17/19/20,True,False,False,physionet/eegmmidb/1.0.0/S018/S018R06.edf,c63f23d980060ac721c705567e65603808dffd0af32391c6e2528072bdaf3cec
18,18,6,6,13,S018_R06_T06,both_fists_imagery,0,both_fists_imagery,0,-16.982887231732704,True,shrinkage_lda,1/2/3/4/5/6/7/8/9/10/11/12/13/14/15/16/17/19/20,True,False,False,physionet/eegmmidb/1.0.0/S018/S018R06.edf,c63f23d980060ac721c705567e65603808dffd0af32391c6e2528072bdaf3cec
18,18,6,7,15,S018_R06_T07,both_feet_imagery,1,both_fists_imagery,0,-15.11856976998606,False,shrinkage_lda,1/2/3/4/5/6/7/8/9/10/11/12/13/14/15/16/17/19/20,True,False,False,physionet/eegmmidb/1.0.0/S018/S018R06.edf,c63f23d980060ac721c705567e65603808dffd0af32391c6e2528072bdaf3cec
18,18,6,8,17,S018_R06_T08,both_fists_imagery,0,both_fists_imagery,0,-10.80615051590975,True,shrinkage_lda,1/2/3/4/5/6/7/8/9/10/11/12/13/14/15/16/17/19/20,True,False,False,physionet/eegmmidb/1.0.0/S018/S018R06.edf,c63f23d980060ac721c705567e65603808dffd0af32391c6e2528072bdaf3cec
18,18,6,9,19,S018_R06_T09,both_feet_imagery,1,both_fists_imagery,0,-11.234909755590781,False,shrinkage_lda,1/2/3/4/5/6/7/8/9/10/11/12/13/14/15/16/17/19/20,True,False,False,physionet/eegmmidb/1.0.0/S018/S018R06.edf,c63f23d980060ac721c705567e65603808dffd0af32391c6e2528072bdaf3cec
18,18,6,10,21,S018_R06_T10,both_feet_imagery,1,both_fists_imagery,0,-6.885024587760986,False,shrinkage_lda,1/2/3/4/5/6/7/8/9/10/11/12/13/14/15/16/17/19/20,True,False,False,physionet/eegmmidb/1.0.0/S018/S018R06.edf,c63f23d980060ac721c705567e65603808dffd0af32391c6e2528072bdaf3cec
18,18,6,11,23,S018_R06_T11,both_fists_imagery,0,both_fists_imagery,0,-12.597205488006644,True,shrinkage_lda,1/2/3/4/5/6/7/8/9/10/11/12/13/14/15/16/17/19/20,True,False,False,physionet/eegmmidb/1.0.0/S018/S018R06.edf,c63f23d980060ac721c705567e65603808dffd0af32391c6e2528072bdaf3cec
18,18,6,12,25,S018_R06_T12,both_feet_imagery,1,both_fists_imagery,0,-14.210890573593286,False,shrinkage_lda,1/2/3/4/5/6/7/8/9/10/11/12/13/14/15/16/17/19/20,True,False,False,physionet/eegmmidb/1.0.0/S018/S018R06.edf,c63f23d980060ac721c705567e65603808dffd0af32391c6e2528072bdaf3cec
18,18,6,13,27,S018_R06_T13,both_fists_imagery,0,both_fists_imagery,0,-7.467549552480866,True,shrinkage_lda,1/2/3/4/5/6/7/8/9/10/11/12/13/14/15/16/17/19/20,True,False,False,physionet/eegmmidb/1.0.0/S018/S018R06.edf,c63f23d980060ac721c705567e65603808dffd0af32391c6e2528072bdaf3cec
18,18,6,14,29,S018_R06_T14,both_feet_imagery,1,both_fists_imagery,0,-7.569981012654544,False,shrinkage_lda,1/2/3/4/5/6/7/8/9/10/11/12/13/14/15/16/17/19/20,True,False,False,physionet/eegmmidb/1.0.0/S018/S018R06.edf,c63f23d980060ac721c705567e65603808dffd0af32391c6e2528072bdaf3cec
18,18,10,0,1,S018_R10_T00,both_feet_imagery,1,both_fists_imagery,0,-8.339205590838308,False,shrinkage_lda,1/2/3/4/5/6/7/8/9/10/11/12/13/14/15/16/17/19/20,True,False,False,physionet/eegmmidb/1.0.0/S018/S018R10.edf,de1322a24dc7d95c29d64d91488cb1cf3ea30aa5953c7fbc80b1fa42d4ab44f2
18,18,10,1,3,S018_R10_T01,both_fists_imagery,0,both_fists_imagery,0,-7.63208544184801,True,shrinkage_lda,1/2/3/4/5/6/7/8/9/10/11/12/13/14/15/16/17/19/20,True,False,False,physionet/eegmmidb/1.0.0/S018/S018R10.edf,de1322a24dc7d95c29d64d91488cb1cf3ea30aa5953c7fbc80b1fa42d4ab44f2
18,18,10,2,5,S018_R10_T02,both_feet_imagery,1,both_fists_imagery,0,-13.022782532703335,False,shrinkage_lda,1/2/3/4/5/6/7/8/9/10/11/12/13/14/15/16/17/19/20,True,False,False,physionet/eegmmidb/1.0.0/S018/S018R10.edf,de1322a24dc7d95c29d64d91488cb1cf3ea30aa5953c7fbc80b1fa42d4ab44f2
18,18,10,3,7,S018_R10_T03,both_fists_imagery,0,both_fists_imagery,0,-24.031755742843167,True,shrinkage_lda,1/2/3/4/5/6/7/8/9/10/11/12/13/14/15/16/17/19/20,True,False,False,physionet/eegmmidb/1.0.0/S018/S018R10.edf,de1322a24dc7d95c29d64d91488cb1cf3ea30aa5953c7fbc80b1fa42d4ab44f2
18,18,10,4,9,S018_R10_T04,both_feet_imagery,1,both_fists_imagery,0,-10.70246779525634,False,shrinkage_lda,1/2/3/4/5/6/7/8/9/10/11/12/13/14/15/16/17/19/20,True,False,False,physionet/eegmmidb/1.0.0/S018/S018R10.edf,de1322a24dc7d95c29d64d91488cb1cf3ea30aa5953c7fbc80b1fa42d4ab44f2
18,18,10,5,11,S018_R10_T05,both_fists_imagery,0,both_fists_imagery,0,-22.839405462069823,True,shrinkage_lda,1/2/3/4/5/6/7/8/9/10/11/12/13/14/15/16/17/19/20,True,False,False,physionet/eegmmidb/1.0.0/S018/S018R10.edf,de1322a24dc7d95c29d64d91488cb1cf3ea30aa5953c7fbc80b1fa42d4ab44f2
18,18,10,6,13,S018_R10_T06,both_fists_imagery,0,both_fists_imagery,0,-16.007407064048337,True,shrinkage_lda,1/2/3/4/5/6/7/8/9/10/11/12/13/14/15/16/17/19/20,True,False,False,physionet/eegmmidb/1.0.0/S018/S018R10.edf,de1322a24dc7d95c29d64d91488cb1cf3ea30aa5953c7fbc80b1fa42d4ab44f2
18,18,10,7,15,S018_R10_T07,both_feet_imagery,1,both_fists_imagery,0,-14.963685878556664,False,shrinkage_lda,1/2/3/4/5/6/7/8/9/10/11/12/13/14/15/16/17/19/20,True,False,False,physionet/eegmmidb/1.0.0/S018/S018R10.edf,de1322a24dc7d95c29d64d91488cb1cf3ea30aa5953c7fbc80b1fa42d4ab44f2
18,18,10,8,17,S018_R10_T08,both_feet_imagery,1,both_fists_imagery,0,-18.907838569401218,False,shrinkage_lda,1/2/3/4/5/6/7/8/9/10/11/12/13/14/15/16/17/19/20,True,False,False,physionet/eegmmidb/1.0.0/S018/S018R10.edf,de1322a24dc7d95c29d64d91488cb1cf3ea30aa5953c7fbc80b1fa42d4ab44f2
18,18,10,9,19,S018_R10_T09,both_fists_imagery,0,both_fists_imagery,0,-23.772764604904292,True,shrinkage_lda,1/2/3/4/5/6/7/8/9/10/11/12/13/14/15/16/17/19/20,True,False,False,physionet/eegmmidb/1.0.0/S018/S018R10.edf,de1322a24dc7d95c29d64d91488cb1cf3ea30aa5953c7fbc80b1fa42d4ab44f2
18,18,10,10,21,S018_R10_T10,both_fists_imagery,0,both_fists_imagery,0,-15.641770184456885,True,shrinkage_lda,1/2/3/4/5/6/7/8/9/10/11/12/13/14/15/16/17/19/20,True,False,False,physionet/eegmmidb/1.0.0/S018/S018R10.edf,de1322a24dc7d95c29d64d91488cb1cf3ea30aa5953c7fbc80b1fa42d4ab44f2
18,18,10,11,23,S018_R10_T11,both_feet_imagery,1,both_fists_imagery,0,-25.037727964998517,False,shrinkage_lda,1/2/3/4/5/6/7/8/9/10/11/12/13/14/15/16/17/19/20,True,False,False,physionet/eegmmidb/1.0.0/S018/S018R10.edf,de1322a24dc7d95c29d64d91488cb1cf3ea30aa5953c7fbc80b1fa42d4ab44f2
18,18,10,12,25,S018_R10_T12,both_fists_imagery,0,both_fists_imagery,0,-10.15544915289981,True,shrinkage_lda,1/2/3/4/5/6/7/8/9/10/11/12/13/14/15/16/17/19/20,True,False,False,physionet/eegmmidb/1.0.0/S018/S018R10.edf,de1322a24dc7d95c29d64d91488cb1cf3ea30aa5953c7fbc80b1fa42d4ab44f2
18,18,10,13,27,S018_R10_T13,both_feet_imagery,1,both_fists_imagery,0,-6.804686959135432,False,shrinkage_lda,1/2/3/4/5/6/7/8/9/10/11/12/13/14/15/16/17/19/20,True,False,False,physionet/eegmmidb/1.0.0/S018/S018R10.edf,de1322a24dc7d95c29d64d91488cb1cf3ea30aa5953c7fbc80b1fa42d4ab44f2
18,18,10,14,29,S018_R10_T14,both_feet_imagery,1,both_fists_imagery,0,-12.671010886979971,False,shrinkage_lda,1/2/3/4/5/6/7/8/9/10/11/12/13/14/15/16/17/19/20,True,False,False,physionet/eegmmidb/1.0.0/S018/S018R10.edf,de1322a24dc7d95c29d64d91488cb1cf3ea30aa5953c7fbc80b1fa42d4ab44f2
18,18,14,0,1,S018_R14_T00,both_feet_imagery,1,both_fists_imagery,0,-9.336747238157933,False,shrinkage_lda,1/2/3/4/5/6/7/8/9/10/11/12/13/14/15/16/17/19/20,True,False,False,physionet/eegmmidb/1.0.0/S018/S018R14.edf,33e7d70d1b51cb549dbe2785e85414e3c82b039c4dbfb71be40c2bcd48136dcc
18,18,14,1,3,S018_R14_T01,both_fists_imagery,0,both_feet_imagery,1,2.8007478693688674,False,shrinkage_lda,1/2/3/4/5/6/7/8/9/10/11/12/13/14/15/16/17/19/20,True,False,False,physionet/eegmmidb/1.0.0/S018/S018R14.edf,33e7d70d1b51cb549dbe2785e85414e3c82b039c4dbfb71be40c2bcd48136dcc
18,18,14,2,5,S018_R14_T02,both_feet_imagery,1,both_feet_imagery,1,0.7630673051093879,True,shrinkage_lda,1/2/3/4/5/6/7/8/9/10/11/12/13/14/15/16/17/19/20,True,False,False,physionet/eegmmidb/1.0.0/S018/S018R14.edf,33e7d70d1b51cb549dbe2785e85414e3c82b039c4dbfb71be40c2bcd48136dcc
18,18,14,3,7,S018_R14_T03,both_fists_imagery,0,both_fists_imagery,0,-17.016107028995428,True,shrinkage_lda,1/2/3/4/5/6/7/8/9/10/11/12/13/14/15/16/17/19/20,True,False,False,physionet/eegmmidb/1.0.0/S018/S018R14.edf,33e7d70d1b51cb549dbe2785e85414e3c82b039c4dbfb71be40c2bcd48136dcc
18,18,14,4,9,S018_R14_T04,both_fists_imagery,0,both_fists_imagery,0,-16.534089066768164,True,shrinkage_lda,1/2/3/4/5/6/7/8/9/10/11/12/13/14/15/16/17/19/20,True,False,False,physionet/eegmmidb/1.0.0/S018/S018R14.edf,33e7d70d1b51cb549dbe2785e85414e3c82b039c4dbfb71be40c2bcd48136dcc
18,18,14,5,11,S018_R14_T05,both_feet_imagery,1,both_fists_imagery,0,-14.642479228537415,False,shrinkage_lda,1/2/3/4/5/6/7/8/9/10/11/12/13/14/15/16/17/19/20,True,False,False,physionet/eegmmidb/1.0.0/S018/S018R14.edf,33e7d70d1b51cb549dbe2785e85414e3c82b039c4dbfb71be40c2bcd48136dcc
18,18,14,6,13,S018_R14_T06,both_fists_imagery,0,both_fists_imagery,0,-11.664439541834838,True,shrinkage_lda,1/2/3/4/5/6/7/8/9/10/11/12/13/14/15/16/17/19/20,True,False,False,physionet/eegmmidb/1.0.0/S018/S018R14.edf,33e7d70d1b51cb549dbe2785e85414e3c82b039c4dbfb71be40c2bcd48136dcc
18,18,14,7,15,S018_R14_T07,both_feet_imagery,1,both_fists_imagery,0,-22.820659661538667,False,shrinkage_lda,1/2/3/4/5/6/7/8/9/10/11/12/13/14/15/16/17/19/20,True,False,False,physionet/eegmmidb/1.0.0/S018/S018R14.edf,33e7d70d1b51cb549dbe2785e85414e3c82b039c4dbfb71be40c2bcd48136dcc
18,18,14,8,17,S018_R14_T08,both_feet_imagery,1,both_fists_imagery,0,-9.907222683989641,False,shrinkage_lda,1/2/3/4/5/6/7/8/9/10/11/12/13/14/15/16/17/19/20,True,False,False,physionet/eegmmidb/1.0.0/S018/S018R14.edf,33e7d70d1b51cb549dbe2785e85414e3c82b039c4dbfb71be40c2bcd48136dcc
18,18,14,9,19,S018_R14_T09,both_fists_imagery,0,both_fists_imagery,0,-1.9236720685651783,True,shrinkage_lda,1/2/3/4/5/6/7/8/9/10/11/12/13/14/15/16/17/19/20,True,False,False,physionet/eegmmidb/1.0.0/S018/S018R14.edf,33e7d70d1b51cb549dbe2785e85414e3c82b039c4dbfb71be40c2bcd48136dcc
18,18,14,10,21,S018_R14_T10,both_fists_imagery,0,both_fists_imagery,0,-11.210274594486947,True,shrinkage_lda,1/2/3/4/5/6/7/8/9/10/11/12/13/14/15/16/17/19/20,True,False,False,physionet/eegmmidb/1.0.0/S018/S018R14.edf,33e7d70d1b51cb549dbe2785e85414e3c82b039c4dbfb71be40c2bcd48136dcc
18,18,14,11,23,S018_R14_T11,both_feet_imagery,1,both_fists_imagery,0,-17.17571280883564,False,shrinkage_lda,1/2/3/4/5/6/7/8/9/10/11/12/13/14/15/16/17/19/20,True,False,False,physionet/eegmmidb/1.0.0/S018/S018R14.edf,33e7d70d1b51cb549dbe2785e85414e3c82b039c4dbfb71be40c2bcd48136dcc
18,18,14,12,25,S018_R14_T12,both_feet_imagery,1,both_fists_imagery,0,-16.03467249236934,False,shrinkage_lda,1/2/3/4/5/6/7/8/9/10/11/12/13/14/15/16/17/19/20,True,False,False,physionet/eegmmidb/1.0.0/S018/S018R14.edf,33e7d70d1b51cb549dbe2785e85414e3c82b039c4dbfb71be40c2bcd48136dcc
18,18,14,13,27,S018_R14_T13,both_fists_imagery,0,both_fists_imagery,0,-13.743254500077079,True,shrinkage_lda,1/2/3/4/5/6/7/8/9/10/11/12/13/14/15/16/17/19/20,True,False,False,physionet/eegmmidb/1.0.0/S018/S018R14.edf,33e7d70d1b51cb549dbe2785e85414e3c82b039c4dbfb71be40c2bcd48136dcc
18,18,14,14,29,S018_R14_T14,both_fists_imagery,0,both_fists_imagery,0,-23.623828823016986,True,shrinkage_lda,1/2/3/4/5/6/7/8/9/10/11/12/13/14/15/16/17/19/20,True,False,False,physionet/eegmmidb/1.0.0/S018/S018R14.edf,33e7d70d1b51cb549dbe2785e85414e3c82b039c4dbfb71be40c2bcd48136dcc
18,18,6,0,1,S018_R06_T00,both_feet_imagery,1,both_fists_imagery,0,-2.2322317637223126,False,l2_logistic_regression,1/2/3/4/5/6/7/8/9/10/11/12/13/14/15/16/17/19/20,True,False,False,physionet/eegmmidb/1.0.0/S018/S018R06.edf,c63f23d980060ac721c705567e65603808dffd0af32391c6e2528072bdaf3cec
18,18,6,1,3,S018_R06_T01,both_fists_imagery,0,both_fists_imagery,0,-11.169514052077213,True,l2_logistic_regression,1/2/3/4/5/6/7/8/9/10/11/12/13/14/15/16/17/19/20,True,False,False,physionet/eegmmidb/1.0.0/S018/S018R06.edf,c63f23d980060ac721c705567e65603808dffd0af32391c6e2528072bdaf3cec
18,18,6,2,5,S018_R06_T02,both_fists_imagery,0,both_fists_imagery,0,-5.3228533151133135,True,l2_logistic_regression,1/2/3/4/5/6/7/8/9/10/11/12/13/14/15/16/17/19/20,True,False,False,physionet/eegmmidb/1.0.0/S018/S018R06.edf,c63f23d980060ac721c705567e65603808dffd0af32391c6e2528072bdaf3cec
18,18,6,3,7,S018_R06_T03,both_feet_imagery,1,both_fists_imagery,0,-8.90351967860273,False,l2_logistic_regression,1/2/3/4/5/6/7/8/9/10/11/12/13/14/15/16/17/19/20,True,False,False,physionet/eegmmidb/1.0.0/S018/S018R06.edf,c63f23d980060ac721c705567e65603808dffd0af32391c6e2528072bdaf3cec
18,18,6,4,9,S018_R06_T04,both_feet_imagery,1,both_fists_imagery,0,-10.736324867031643,False,l2_logistic_regression,1/2/3/4/5/6/7/8/9/10/11/12/13/14/15/16/17/19/20,True,False,False,physionet/eegmmidb/1.0.0/S018/S018R06.edf,c63f23d980060ac721c705567e65603808dffd0af32391c6e2528072bdaf3cec
18,18,6,5,11,S018_R06_T05,both_fists_imagery,0,both_fists_imagery,0,-4.367941151550997,True,l2_logistic_regression,1/2/3/4/5/6/7/8/9/10/11/12/13/14/15/16/17/19/20,True,False,False,physionet/eegmmidb/1.0.0/S018/S018R06.edf,c63f23d980060ac721c705567e65603808dffd0af32391c6e2528072bdaf3cec
18,18,6,6,13,S018_R06_T06,both_fists_imagery,0,both_fists_imagery,0,-8.28226770735254,True,l2_logistic_regression,1/2/3/4/5/6/7/8/9/10/11/12/13/14/15/16/17/19/20,True,False,False,physionet/eegmmidb/1.0.0/S018/S018R06.edf,c63f23d980060ac721c705567e65603808dffd0af32391c6e2528072bdaf3cec
18,18,6,7,15,S018_R06_T07,both_feet_imagery,1,both_fists_imagery,0,-8.308927410827307,False,l2_logistic_regression,1/2/3/4/5/6/7/8/9/10/11/12/13/14/15/16/17/19/20,True,False,False,physionet/eegmmidb/1.0.0/S018/S018R06.edf,c63f23d980060ac721c705567e65603808dffd0af32391c6e2528072bdaf3cec
18,18,6,8,17,S018_R06_T08,both_fists_imagery,0,both_fists_imagery,0,-5.356822978329475,True,l2_logistic_regression,1/2/3/4/5/6/7/8/9/10/11/12/13/14/15/16/17/19/20,True,False,False,physionet/eegmmidb/1.0.0/S018/S018R06.edf,c63f23d980060ac721c705567e65603808dffd0af32391c6e2528072bdaf3cec
18,18,6,9,19,S018_R06_T09,both_feet_imagery,1,both_fists_imagery,0,-6.751253713640857,False,l2_logistic_regression,1/2/3/4/5/6/7/8/9/10/11/12/13/14/15/16/17/19/20,True,False,False,physionet/eegmmidb/1.0.0/S018/S018R06.edf,c63f23d980060ac721c705567e65603808dffd0af32391c6e2528072bdaf3cec
18,18,6,10,21,S018_R06_T10,both_feet_imagery,1,both_fists_imagery,0,-2.407651967855449,False,l2_logistic_regression,1/2/3/4/5/6/7/8/9/10/11/12/13/14/15/16/17/19/20,True,False,False,physionet/eegmmidb/1.0.0/S018/S018R06.edf,c63f23d980060ac721c705567e65603808dffd0af32391c6e2528072bdaf3cec
18,18,6,11,23,S018_R06_T11,both_fists_imagery,0,both_fists_imagery,0,-6.090097854388274,True,l2_logistic_regression,1/2/3/4/5/6/7/8/9/10/11/12/13/14/15/16/17/19/20,True,False,False,physionet/eegmmidb/1.0.0/S018/S018R06.edf,c63f23d980060ac721c705567e65603808dffd0af32391c6e2528072bdaf3cec
18,18,6,12,25,S018_R06_T12,both_feet_imagery,1,both_fists_imagery,0,-7.445337238719143,False,l2_logistic_regression,1/2/3/4/5/6/7/8/9/10/11/12/13/14/15/16/17/19/20,True,False,False,physionet/eegmmidb/1.0.0/S018/S018R06.edf,c63f23d980060ac721c705567e65603808dffd0af32391c6e2528072bdaf3cec
18,18,6,13,27,S018_R06_T13,both_fists_imagery,0,both_fists_imagery,0,-3.5831570504957897,True,l2_logistic_regression,1/2/3/4/5/6/7/8/9/10/11/12/13/14/15/16/17/19/20,True,False,False,physionet/eegmmidb/1.0.0/S018/S018R06.edf,c63f23d980060ac721c705567e65603808dffd0af32391c6e2528072bdaf3cec
18,18,6,14,29,S018_R06_T14,both_feet_imagery,1,both_fists_imagery,0,-3.3511997013217845,False,l2_logistic_regression,1/2/3/4/5/6/7/8/9/10/11/12/13/14/15/16/17/19/20,True,False,False,physionet/eegmmidb/1.0.0/S018/S018R06.edf,c63f23d980060ac721c705567e65603808dffd0af32391c6e2528072bdaf3cec
18,18,10,0,1,S018_R10_T00,both_feet_imagery,1,both_fists_imagery,0,-3.77259867204783,False,l2_logistic_regression,1/2/3/4/5/6/7/8/9/10/11/12/13/14/15/16/17/19/20,True,False,False,physionet/eegmmidb/1.0.0/S018/S018R10.edf,de1322a24dc7d95c29d64d91488cb1cf3ea30aa5953c7fbc80b1fa42d4ab44f2
18,18,10,1,3,S018_R10_T01,both_fists_imagery,0,both_fists_imagery,0,-3.317351573883262,True,l2_logistic_regression,1/2/3/4/5/6/7/8/9/10/11/12/13/14/15/16/17/19/20,True,False,False,physionet/eegmmidb/1.0.0/S018/S018R10.edf,de1322a24dc7d95c29d64d91488cb1cf3ea30aa5953c7fbc80b1fa42d4ab44f2
18,18,10,2,5,S018_R10_T02,both_feet_imagery,1,both_fists_imagery,0,-6.794864646671399,False,l2_logistic_regression,1/2/3/4/5/6/7/8/9/10/11/12/13/14/15/16/17/19/20,True,False,False,physionet/eegmmidb/1.0.0/S018/S018R10.edf,de1322a24dc7d95c29d64d91488cb1cf3ea30aa5953c7fbc80b1fa42d4ab44f2
18,18,10,3,7,S018_R10_T03,both_fists_imagery,0,both_fists_imagery,0,-11.36665578314278,True,l2_logistic_regression,1/2/3/4/5/6/7/8/9/10/11/12/13/14/15/16/17/19/20,True,False,False,physionet/eegmmidb/1.0.0/S018/S018R10.edf,de1322a24dc7d95c29d64d91488cb1cf3ea30aa5953c7fbc80b1fa42d4ab44f2
18,18,10,4,9,S018_R10_T04,both_feet_imagery,1,both_fists_imagery,0,-5.756639184456786,False,l2_logistic_regression,1/2/3/4/5/6/7/8/9/10/11/12/13/14/15/16/17/19/20,True,False,False,physionet/eegmmidb/1.0.0/S018/S018R10.edf,de1322a24dc7d95c29d64d91488cb1cf3ea30aa5953c7fbc80b1fa42d4ab44f2
18,18,10,5,11,S018_R10_T05,both_fists_imagery,0,both_fists_imagery,0,-10.912049793618316,True,l2_logistic_regression,1/2/3/4/5/6/7/8/9/10/11/12/13/14/15/16/17/19/20,True,False,False,physionet/eegmmidb/1.0.0/S018/S018R10.edf,de1322a24dc7d95c29d64d91488cb1cf3ea30aa5953c7fbc80b1fa42d4ab44f2
18,18,10,6,13,S018_R10_T06,both_fists_imagery,0,both_fists_imagery,0,-7.038395575983423,True,l2_logistic_regression,1/2/3/4/5/6/7/8/9/10/11/12/13/14/15/16/17/19/20,True,False,False,physionet/eegmmidb/1.0.0/S018/S018R10.edf,de1322a24dc7d95c29d64d91488cb1cf3ea30aa5953c7fbc80b1fa42d4ab44f2
18,18,10,7,15,S018_R10_T07,both_feet_imagery,1,both_fists_imagery,0,-6.283978896367062,False,l2_logistic_regression,1/2/3/4/5/6/7/8/9/10/11/12/13/14/15/16/17/19/20,True,False,False,physionet/eegmmidb/1.0.0/S018/S018R10.edf,de1322a24dc7d95c29d64d91488cb1cf3ea30aa5953c7fbc80b1fa42d4ab44f2
18,18,10,8,17,S018_R10_T08,both_feet_imagery,1,both_fists_imagery,0,-10.708363707054442,False,l2_logistic_regression,1/2/3/4/5/6/7/8/9/10/11/12/13/14/15/16/17/19/20,True,False,False,physionet/eegmmidb/1.0.0/S018/S018R10.edf,de1322a24dc7d95c29d64d91488cb1cf3ea30aa5953c7fbc80b1fa42d4ab44f2
18,18,10,9,19,S018_R10_T09,both_fists_imagery,0,both_fists_imagery,0,-10.951540429884185,True,l2_logistic_regression,1/2/3/4/5/6/7/8/9/10/11/12/13/14/15/16/17/19/20,True,False,False,physionet/eegmmidb/1.0.0/S018/S018R10.edf,de1322a24dc7d95c29d64d91488cb1cf3ea30aa5953c7fbc80b1fa42d4ab44f2
18,18,10,10,21,S018_R10_T10,both_fists_imagery,0,both_fists_imagery,0,-7.088552751169389,True,l2_logistic_regression,1/2/3/4/5/6/7/8/9/10/11/12/13/14/15/16/17/19/20,True,False,False,physionet/eegmmidb/1.0.0/S018/S018R10.edf,de1322a24dc7d95c29d64d91488cb1cf3ea30aa5953c7fbc80b1fa42d4ab44f2
18,18,10,11,23,S018_R10_T11,both_feet_imagery,1,both_fists_imagery,0,-12.656890589293361,False,l2_logistic_regression,1/2/3/4/5/6/7/8/9/10/11/12/13/14/15/16/17/19/20,True,False,False,physionet/eegmmidb/1.0.0/S018/S018R10.edf,de1322a24dc7d95c29d64d91488cb1cf3ea30aa5953c7fbc80b1fa42d4ab44f2
18,18,10,12,25,S018_R10_T12,both_fists_imagery,0,both_fists_imagery,0,-5.401951784657483,True,l2_logistic_regression,1/2/3/4/5/6/7/8/9/10/11/12/13/14/15/16/17/19/20,True,False,False,physionet/eegmmidb/1.0.0/S018/S018R10.edf,de1322a24dc7d95c29d64d91488cb1cf3ea30aa5953c7fbc80b1fa42d4ab44f2
18,18,10,13,27,S018_R10_T13,both_feet_imagery,1,both_fists_imagery,0,-2.686054688105841,False,l2_logistic_regression,1/2/3/4/5/6/7/8/9/10/11/12/13/14/15/16/17/19/20,True,False,False,physionet/eegmmidb/1.0.0/S018/S018R10.edf,de1322a24dc7d95c29d64d91488cb1cf3ea30aa5953c7fbc80b1fa42d4ab44f2
18,18,10,14,29,S018_R10_T14,both_feet_imagery,1,both_fists_imagery,0,-7.121479474127547,False,l2_logistic_regression,1/2/3/4/5/6/7/8/9/10/11/12/13/14/15/16/17/19/20,True,False,False,physionet/eegmmidb/1.0.0/S018/S018R10.edf,de1322a24dc7d95c29d64d91488cb1cf3ea30aa5953c7fbc80b1fa42d4ab44f2
18,18,14,0,1,S018_R14_T00,both_feet_imagery,1,both_fists_imagery,0,-6.89808386553562,False,l2_logistic_regression,1/2/3/4/5/6/7/8/9/10/11/12/13/14/15/16/17/19/20,True,False,False,physionet/eegmmidb/1.0.0/S018/S018R14.edf,33e7d70d1b51cb549dbe2785e85414e3c82b039c4dbfb71be40c2bcd48136dcc
18,18,14,1,3,S018_R14_T01,both_fists_imagery,0,both_feet_imagery,1,1.8664180112148823,False,l2_logistic_regression,1/2/3/4/5/6/7/8/9/10/11/12/13/14/15/16/17/19/20,True,False,False,physionet/eegmmidb/1.0.0/S018/S018R14.edf,33e7d70d1b51cb549dbe2785e85414e3c82b039c4dbfb71be40c2bcd48136dcc
18,18,14,2,5,S018_R14_T02,both_feet_imagery,1,both_fists_imagery,0,-0.38783518870066697,False,l2_logistic_regression,1/2/3/4/5/6/7/8/9/10/11/12/13/14/15/16/17/19/20,True,False,False,physionet/eegmmidb/1.0.0/S018/S018R14.edf,33e7d70d1b51cb549dbe2785e85414e3c82b039c4dbfb71be40c2bcd48136dcc
18,18,14,3,7,S018_R14_T03,both_fists_imagery,0,both_fists_imagery,0,-8.880884544745355,True,l2_logistic_regression,1/2/3/4/5/6/7/8/9/10/11/12/13/14/15/16/17/19/20,True,False,False,physionet/eegmmidb/1.0.0/S018/S018R14.edf,33e7d70d1b51cb549dbe2785e85414e3c82b039c4dbfb71be40c2bcd48136dcc
18,18,14,4,9,S018_R14_T04,both_fists_imagery,0,both_fists_imagery,0,-8.448028687113352,True,l2_logistic_regression,1/2/3/4/5/6/7/8/9/10/11/12/13/14/15/16/17/19/20,True,False,False,physionet/eegmmidb/1.0.0/S018/S018R14.edf,33e7d70d1b51cb549dbe2785e85414e3c82b039c4dbfb71be40c2bcd48136dcc
18,18,14,5,11,S018_R14_T05,both_feet_imagery,1,both_fists_imagery,0,-6.597473313067851,False,l2_logistic_regression,1/2/3/4/5/6/7/8/9/10/11/12/13/14/15/16/17/19/20,True,False,False,physionet/eegmmidb/1.0.0/S018/S018R14.edf,33e7d70d1b51cb549dbe2785e85414e3c82b039c4dbfb71be40c2bcd48136dcc
18,18,14,6,13,S018_R14_T06,both_fists_imagery,0,both_fists_imagery,0,-5.431927472199637,True,l2_logistic_regression,1/2/3/4/5/6/7/8/9/10/11/12/13/14/15/16/17/19/20,True,False,False,physionet/eegmmidb/1.0.0/S018/S018R14.edf,33e7d70d1b51cb549dbe2785e85414e3c82b039c4dbfb71be40c2bcd48136dcc
18,18,14,7,15,S018_R14_T07,both_feet_imagery,1,both_fists_imagery,0,-10.508013873230269,False,l2_logistic_regression,1/2/3/4/5/6/7/8/9/10/11/12/13/14/15/16/17/19/20,True,False,False,physionet/eegmmidb/1.0.0/S018/S018R14.edf,33e7d70d1b51cb549dbe2785e85414e3c82b039c4dbfb71be40c2bcd48136dcc
18,18,14,8,17,S018_R14_T08,both_feet_imagery,1,both_fists_imagery,0,-4.931693161481744,False,l2_logistic_regression,1/2/3/4/5/6/7/8/9/10/11/12/13/14/15/16/17/19/20,True,False,False,physionet/eegmmidb/1.0.0/S018/S018R14.edf,33e7d70d1b51cb549dbe2785e85414e3c82b039c4dbfb71be40c2bcd48136dcc
18,18,14,9,19,S018_R14_T09,both_fists_imagery,0,both_fists_imagery,0,-0.582240686559003,True,l2_logistic_regression,1/2/3/4/5/6/7/8/9/10/11/12/13/14/15/16/17/19/20,True,False,False,physionet/eegmmidb/1.0.0/S018/S018R14.edf,33e7d70d1b51cb549dbe2785e85414e3c82b039c4dbfb71be40c2bcd48136dcc
18,18,14,10,21,S018_R14_T10,both_fists_imagery,0,both_fists_imagery,0,-5.583934790228942,True,l2_logistic_regression,1/2/3/4/5/6/7/8/9/10/11/12/13/14/15/16/17/19/20,True,False,False,physionet/eegmmidb/1.0.0/S018/S018R14.edf,33e7d70d1b51cb549dbe2785e85414e3c82b039c4dbfb71be40c2bcd48136dcc
18,18,14,11,23,S018_R14_T11,both_feet_imagery,1,both_fists_imagery,0,-8.862491277245262,False,l2_logistic_regression,1/2/3/4/5/6/7/8/9/10/11/12/13/14/15/16/17/19/20,True,False,False,physionet/eegmmidb/1.0.0/S018/S018R14.edf,33e7d70d1b51cb549dbe2785e85414e3c82b039c4dbfb71be40c2bcd48136dcc
18,18,14,12,25,S018_R14_T12,both_feet_imagery,1,both_fists_imagery,0,-8.347493240313305,False,l2_logistic_regression,1/2/3/4/5/6/7/8/9/10/11/12/13/14/15/16/17/19/20,True,False,False,physionet/eegmmidb/1.0.0/S018/S018R14.edf,33e7d70d1b51cb549dbe2785e85414e3c82b039c4dbfb71be40c2bcd48136dcc
18,18,14,13,27,S018_R14_T13,both_fists_imagery,0,both_fists_imagery,0,-6.392724619233471,True,l2_logistic_regression,1/2/3/4/5/6/7/8/9/10/11/12/13/14/15/16/17/19/20,True,False,False,physionet/eegmmidb/1.0.0/S018/S018R14.edf,33e7d70d1b51cb549dbe2785e85414e3c82b039c4dbfb71be40c2bcd48136dcc
18,18,14,14,29,S018_R14_T14,both_fists_imagery,0,both_fists_imagery,0,-11.53533763792783,True,l2_logistic_regression,1/2/3/4/5/6/7/8/9/10/11/12/13/14/15/16/17/19/20,True,False,False,physionet/eegmmidb/1.0.0/S018/S018R14.edf,33e7d70d1b51cb549dbe2785e85414e3c82b039c4dbfb71be40c2bcd48136dcc
19,19,6,0,1,S019_R06_T00,both_fists_imagery,0,both_feet_imagery,1,13.817158470155467,False,shrinkage_lda,1/2/3/4/5/6/7/8/9/10/11/12/13/14/15/16/17/18/20,True,False,False,physionet/eegmmidb/1.0.0/S019/S019R06.edf,1b0ad7d85228488fe95410bcb88108d41cd8bc2f9b078cf8c0641ed1e8656f42
19,19,6,1,3,S019_R06_T01,both_feet_imagery,1,both_feet_imagery,1,10.506811151070304,True,shrinkage_lda,1/2/3/4/5/6/7/8/9/10/11/12/13/14/15/16/17/18/20,True,False,False,physionet/eegmmidb/1.0.0/S019/S019R06.edf,1b0ad7d85228488fe95410bcb88108d41cd8bc2f9b078cf8c0641ed1e8656f42
19,19,6,2,5,S019_R06_T02,both_feet_imagery,1,both_feet_imagery,1,12.904600061191585,True,shrinkage_lda,1/2/3/4/5/6/7/8/9/10/11/12/13/14/15/16/17/18/20,True,False,False,physionet/eegmmidb/1.0.0/S019/S019R06.edf,1b0ad7d85228488fe95410bcb88108d41cd8bc2f9b078cf8c0641ed1e8656f42
19,19,6,3,7,S019_R06_T03,both_fists_imagery,0,both_feet_imagery,1,17.41685488964849,False,shrinkage_lda,1/2/3/4/5/6/7/8/9/10/11/12/13/14/15/16/17/18/20,True,False,False,physionet/eegmmidb/1.0.0/S019/S019R06.edf,1b0ad7d85228488fe95410bcb88108d41cd8bc2f9b078cf8c0641ed1e8656f42
19,19,6,4,9,S019_R06_T04,both_feet_imagery,1,both_feet_imagery,1,10.109742140074191,True,shrinkage_lda,1/2/3/4/5/6/7/8/9/10/11/12/13/14/15/16/17/18/20,True,False,False,physionet/eegmmidb/1.0.0/S019/S019R06.edf,1b0ad7d85228488fe95410bcb88108d41cd8bc2f9b078cf8c0641ed1e8656f42
19,19,6,5,11,S019_R06_T05,both_fists_imagery,0,both_feet_imagery,1,19.145442291094945,False,shrinkage_lda,1/2/3/4/5/6/7/8/9/10/11/12/13/14/15/16/17/18/20,True,False,False,physionet/eegmmidb/1.0.0/S019/S019R06.edf,1b0ad7d85228488fe95410bcb88108d41cd8bc2f9b078cf8c0641ed1e8656f42
19,19,6,6,13,S019_R06_T06,both_fists_imagery,0,both_feet_imagery,1,3.042330630684105,False,shrinkage_lda,1/2/3/4/5/6/7/8/9/10/11/12/13/14/15/16/17/18/20,True,False,False,physionet/eegmmidb/1.0.0/S019/S019R06.edf,1b0ad7d85228488fe95410bcb88108d41cd8bc2f9b078cf8c0641ed1e8656f42
19,19,6,7,15,S019_R06_T07,both_feet_imagery,1,both_feet_imagery,1,18.937855864556703,True,shrinkage_lda,1/2/3/4/5/6/7/8/9/10/11/12/13/14/15/16/17/18/20,True,False,False,physionet/eegmmidb/1.0.0/S019/S019R06.edf,1b0ad7d85228488fe95410bcb88108d41cd8bc2f9b078cf8c0641ed1e8656f42
19,19,6,8,17,S019_R06_T08,both_feet_imagery,1,both_feet_imagery,1,10.076875523852138,True,shrinkage_lda,1/2/3/4/5/6/7/8/9/10/11/12/13/14/15/16/17/18/20,True,False,False,physionet/eegmmidb/1.0.0/S019/S019R06.edf,1b0ad7d85228488fe95410bcb88108d41cd8bc2f9b078cf8c0641ed1e8656f42
19,19,6,9,19,S019_R06_T09,both_fists_imagery,0,both_fists_imagery,0,-0.8808613666417044,True,shrinkage_lda,1/2/3/4/5/6/7/8/9/10/11/12/13/14/15/16/17/18/20,True,False,False,physionet/eegmmidb/1.0.0/S019/S019R06.edf,1b0ad7d85228488fe95410bcb88108d41cd8bc2f9b078cf8c0641ed1e8656f42
19,19,6,10,21,S019_R06_T10,both_fists_imagery,0,both_feet_imagery,1,3.132623395264303,False,shrinkage_lda,1/2/3/4/5/6/7/8/9/10/11/12/13/14/15/16/17/18/20,True,False,False,physionet/eegmmidb/1.0.0/S019/S019R06.edf,1b0ad7d85228488fe95410bcb88108d41cd8bc2f9b078cf8c0641ed1e8656f42
19,19,6,11,23,S019_R06_T11,both_feet_imagery,1,both_feet_imagery,1,22.779397529260237,True,shrinkage_lda,1/2/3/4/5/6/7/8/9/10/11/12/13/14/15/16/17/18/20,True,False,False,physionet/eegmmidb/1.0.0/S019/S019R06.edf,1b0ad7d85228488fe95410bcb88108d41cd8bc2f9b078cf8c0641ed1e8656f42
19,19,6,12,25,S019_R06_T12,both_feet_imagery,1,both_feet_imagery,1,15.598284676237155,True,shrinkage_lda,1/2/3/4/5/6/7/8/9/10/11/12/13/14/15/16/17/18/20,True,False,False,physionet/eegmmidb/1.0.0/S019/S019R06.edf,1b0ad7d85228488fe95410bcb88108d41cd8bc2f9b078cf8c0641ed1e8656f42
19,19,6,13,27,S019_R06_T13,both_fists_imagery,0,both_feet_imagery,1,6.749207036975479,False,shrinkage_lda,1/2/3/4/5/6/7/8/9/10/11/12/13/14/15/16/17/18/20,True,False,False,physionet/eegmmidb/1.0.0/S019/S019R06.edf,1b0ad7d85228488fe95410bcb88108d41cd8bc2f9b078cf8c0641ed1e8656f42
19,19,6,14,29,S019_R06_T14,both_feet_imagery,1,both_feet_imagery,1,6.466409932959686,True,shrinkage_lda,1/2/3/4/5/6/7/8/9/10/11/12/13/14/15/16/17/18/20,True,False,False,physionet/eegmmidb/1.0.0/S019/S019R06.edf,1b0ad7d85228488fe95410bcb88108d41cd8bc2f9b078cf8c0641ed1e8656f42
19,19,10,0,1,S019_R10_T00,both_fists_imagery,0,both_feet_imagery,1,25.255278730635496,False,shrinkage_lda,1/2/3/4/5/6/7/8/9/10/11/12/13/14/15/16/17/18/20,True,False,True,physionet/eegmmidb/1.0.0/S019/S019R10.edf,809a866319f3dca5bc549d4ed8bb36a891ba270d4aee23950cb5e85c2819fdbe
19,19,10,1,3,S019_R10_T01,both_feet_imagery,1,both_feet_imagery,1,24.729314114367874,True,shrinkage_lda,1/2/3/4/5/6/7/8/9/10/11/12/13/14/15/16/17/18/20,True,False,True,physionet/eegmmidb/1.0.0/S019/S019R10.edf,809a866319f3dca5bc549d4ed8bb36a891ba270d4aee23950cb5e85c2819fdbe
19,19,10,2,5,S019_R10_T02,both_fists_imagery,0,both_feet_imagery,1,14.539899166806224,False,shrinkage_lda,1/2/3/4/5/6/7/8/9/10/11/12/13/14/15/16/17/18/20,True,False,False,physionet/eegmmidb/1.0.0/S019/S019R10.edf,809a866319f3dca5bc549d4ed8bb36a891ba270d4aee23950cb5e85c2819fdbe
19,19,10,3,7,S019_R10_T03,both_feet_imagery,1,both_feet_imagery,1,18.49528807428546,True,shrinkage_lda,1/2/3/4/5/6/7/8/9/10/11/12/13/14/15/16/17/18/20,True,False,False,physionet/eegmmidb/1.0.0/S019/S019R10.edf,809a866319f3dca5bc549d4ed8bb36a891ba270d4aee23950cb5e85c2819fdbe
19,19,10,4,9,S019_R10_T04,both_fists_imagery,0,both_feet_imagery,1,7.642895343728609,False,shrinkage_lda,1/2/3/4/5/6/7/8/9/10/11/12/13/14/15/16/17/18/20,True,False,True,physionet/eegmmidb/1.0.0/S019/S019R10.edf,809a866319f3dca5bc549d4ed8bb36a891ba270d4aee23950cb5e85c2819fdbe
19,19,10,5,11,S019_R10_T05,both_feet_imagery,1,both_fists_imagery,0,-0.9301715089258159,False,shrinkage_lda,1/2/3/4/5/6/7/8/9/10/11/12/13/14/15/16/17/18/20,True,False,True,physionet/eegmmidb/1.0.0/S019/S019R10.edf,809a866319f3dca5bc549d4ed8bb36a891ba270d4aee23950cb5e85c2819fdbe
19,19,10,6,13,S019_R10_T06,both_fists_imagery,0,both_feet_imagery,1,9.035083513371186,False,shrinkage_lda,1/2/3/4/5/6/7/8/9/10/11/12/13/14/15/16/17/18/20,True,False,False,physionet/eegmmidb/1.0.0/S019/S019R10.edf,809a866319f3dca5bc549d4ed8bb36a891ba270d4aee23950cb5e85c2819fdbe
19,19,10,7,15,S019_R10_T07,both_feet_imagery,1,both_fists_imagery,0,-3.3603767177829726,False,shrinkage_lda,1/2/3/4/5/6/7/8/9/10/11/12/13/14/15/16/17/18/20,True,False,False,physionet/eegmmidb/1.0.0/S019/S019R10.edf,809a866319f3dca5bc549d4ed8bb36a891ba270d4aee23950cb5e85c2819fdbe
19,19,10,8,17,S019_R10_T08,both_feet_imagery,1,both_feet_imagery,1,10.927747543972776,True,shrinkage_lda,1/2/3/4/5/6/7/8/9/10/11/12/13/14/15/16/17/18/20,True,False,False,physionet/eegmmidb/1.0.0/S019/S019R10.edf,809a866319f3dca5bc549d4ed8bb36a891ba270d4aee23950cb5e85c2819fdbe
19,19,10,9,19,S019_R10_T09,both_fists_imagery,0,both_feet_imagery,1,19.54300192723816,False,shrinkage_lda,1/2/3/4/5/6/7/8/9/10/11/12/13/14/15/16/17/18/20,True,False,False,physionet/eegmmidb/1.0.0/S019/S019R10.edf,809a866319f3dca5bc549d4ed8bb36a891ba270d4aee23950cb5e85c2819fdbe
19,19,10,10,21,S019_R10_T10,both_fists_imagery,0,both_feet_imagery,1,18.185397320429722,False,shrinkage_lda,1/2/3/4/5/6/7/8/9/10/11/12/13/14/15/16/17/18/20,True,False,False,physionet/eegmmidb/1.0.0/S019/S019R10.edf,809a866319f3dca5bc549d4ed8bb36a891ba270d4aee23950cb5e85c2819fdbe
19,19,10,11,23,S019_R10_T11,both_feet_imagery,1,both_fists_imagery,0,-1.1689741280309576,False,shrinkage_lda,1/2/3/4/5/6/7/8/9/10/11/12/13/14/15/16/17/18/20,True,False,False,physionet/eegmmidb/1.0.0/S019/S019R10.edf,809a866319f3dca5bc549d4ed8bb36a891ba270d4aee23950cb5e85c2819fdbe
19,19,10,12,25,S019_R10_T12,both_fists_imagery,0,both_feet_imagery,1,5.724281669671748,False,shrinkage_lda,1/2/3/4/5/6/7/8/9/10/11/12/13/14/15/16/17/18/20,True,False,False,physionet/eegmmidb/1.0.0/S019/S019R10.edf,809a866319f3dca5bc549d4ed8bb36a891ba270d4aee23950cb5e85c2819fdbe
19,19,10,13,27,S019_R10_T13,both_feet_imagery,1,both_feet_imagery,1,3.4539256120696695,True,shrinkage_lda,1/2/3/4/5/6/7/8/9/10/11/12/13/14/15/16/17/18/20,True,False,False,physionet/eegmmidb/1.0.0/S019/S019R10.edf,809a866319f3dca5bc549d4ed8bb36a891ba270d4aee23950cb5e85c2819fdbe
19,19,10,14,29,S019_R10_T14,both_feet_imagery,1,both_feet_imagery,1,6.360338265702172,True,shrinkage_lda,1/2/3/4/5/6/7/8/9/10/11/12/13/14/15/16/17/18/20,True,False,False,physionet/eegmmidb/1.0.0/S019/S019R10.edf,809a866319f3dca5bc549d4ed8bb36a891ba270d4aee23950cb5e85c2819fdbe
19,19,14,0,1,S019_R14_T00,both_feet_imagery,1,both_fists_imagery,0,-5.737910081942526,False,shrinkage_lda,1/2/3/4/5/6/7/8/9/10/11/12/13/14/15/16/17/18/20,True,False,False,physionet/eegmmidb/1.0.0/S019/S019R14.edf,f1c4268a5d230b83417494012193d3511dd8d4de5930a9ebbb03ad2e26a75dd2
19,19,14,1,3,S019_R14_T01,both_fists_imagery,0,both_feet_imagery,1,14.541143700598077,False,shrinkage_lda,1/2/3/4/5/6/7/8/9/10/11/12/13/14/15/16/17/18/20,True,False,False,physionet/eegmmidb/1.0.0/S019/S019R14.edf,f1c4268a5d230b83417494012193d3511dd8d4de5930a9ebbb03ad2e26a75dd2
19,19,14,2,5,S019_R14_T02,both_feet_imagery,1,both_feet_imagery,1,19.35544563870625,True,shrinkage_lda,1/2/3/4/5/6/7/8/9/10/11/12/13/14/15/16/17/18/20,True,False,False,physionet/eegmmidb/1.0.0/S019/S019R14.edf,f1c4268a5d230b83417494012193d3511dd8d4de5930a9ebbb03ad2e26a75dd2
19,19,14,3,7,S019_R14_T03,both_fists_imagery,0,both_feet_imagery,1,1.837354833943654,False,shrinkage_lda,1/2/3/4/5/6/7/8/9/10/11/12/13/14/15/16/17/18/20,True,False,False,physionet/eegmmidb/1.0.0/S019/S019R14.edf,f1c4268a5d230b83417494012193d3511dd8d4de5930a9ebbb03ad2e26a75dd2
19,19,14,4,9,S019_R14_T04,both_feet_imagery,1,both_feet_imagery,1,19.576573789300916,True,shrinkage_lda,1/2/3/4/5/6/7/8/9/10/11/12/13/14/15/16/17/18/20,True,False,False,physionet/eegmmidb/1.0.0/S019/S019R14.edf,f1c4268a5d230b83417494012193d3511dd8d4de5930a9ebbb03ad2e26a75dd2
19,19,14,5,11,S019_R14_T05,both_fists_imagery,0,both_feet_imagery,1,6.597925130658753,False,shrinkage_lda,1/2/3/4/5/6/7/8/9/10/11/12/13/14/15/16/17/18/20,True,False,False,physionet/eegmmidb/1.0.0/S019/S019R14.edf,f1c4268a5d230b83417494012193d3511dd8d4de5930a9ebbb03ad2e26a75dd2
19,19,14,6,13,S019_R14_T06,both_fists_imagery,0,both_feet_imagery,1,0.07263061800064483,False,shrinkage_lda,1/2/3/4/5/6/7/8/9/10/11/12/13/14/15/16/17/18/20,True,False,False,physionet/eegmmidb/1.0.0/S019/S019R14.edf,f1c4268a5d230b83417494012193d3511dd8d4de5930a9ebbb03ad2e26a75dd2
19,19,14,7,15,S019_R14_T07,both_feet_imagery,1,both_feet_imagery,1,18.392264112915043,True,shrinkage_lda,1/2/3/4/5/6/7/8/9/10/11/12/13/14/15/16/17/18/20,True,False,False,physionet/eegmmidb/1.0.0/S019/S019R14.edf,f1c4268a5d230b83417494012193d3511dd8d4de5930a9ebbb03ad2e26a75dd2
19,19,14,8,17,S019_R14_T08,both_fists_imagery,0,both_feet_imagery,1,14.715271483721372,False,shrinkage_lda,1/2/3/4/5/6/7/8/9/10/11/12/13/14/15/16/17/18/20,True,False,False,physionet/eegmmidb/1.0.0/S019/S019R14.edf,f1c4268a5d230b83417494012193d3511dd8d4de5930a9ebbb03ad2e26a75dd2
19,19,14,9,19,S019_R14_T09,both_feet_imagery,1,both_feet_imagery,1,9.688572566231642,True,shrinkage_lda,1/2/3/4/5/6/7/8/9/10/11/12/13/14/15/16/17/18/20,True,False,False,physionet/eegmmidb/1.0.0/S019/S019R14.edf,f1c4268a5d230b83417494012193d3511dd8d4de5930a9ebbb03ad2e26a75dd2
19,19,14,10,21,S019_R14_T10,both_feet_imagery,1,both_feet_imagery,1,11.84637971742698,True,shrinkage_lda,1/2/3/4/5/6/7/8/9/10/11/12/13/14/15/16/17/18/20,True,False,False,physionet/eegmmidb/1.0.0/S019/S019R14.edf,f1c4268a5d230b83417494012193d3511dd8d4de5930a9ebbb03ad2e26a75dd2
19,19,14,11,23,S019_R14_T11,both_fists_imagery,0,both_fists_imagery,0,-2.0021272980271254,True,shrinkage_lda,1/2/3/4/5/6/7/8/9/10/11/12/13/14/15/16/17/18/20,True,False,False,physionet/eegmmidb/1.0.0/S019/S019R14.edf,f1c4268a5d230b83417494012193d3511dd8d4de5930a9ebbb03ad2e26a75dd2
19,19,14,12,25,S019_R14_T12,both_fists_imagery,0,both_feet_imagery,1,5.364476015451772,False,shrinkage_lda,1/2/3/4/5/6/7/8/9/10/11/12/13/14/15/16/17/18/20,True,False,False,physionet/eegmmidb/1.0.0/S019/S019R14.edf,f1c4268a5d230b83417494012193d3511dd8d4de5930a9ebbb03ad2e26a75dd2
19,19,14,13,27,S019_R14_T13,both_feet_imagery,1,both_feet_imagery,1,12.553966413983135,True,shrinkage_lda,1/2/3/4/5/6/7/8/9/10/11/12/13/14/15/16/17/18/20,True,False,False,physionet/eegmmidb/1.0.0/S019/S019R14.edf,f1c4268a5d230b83417494012193d3511dd8d4de5930a9ebbb03ad2e26a75dd2
19,19,14,14,29,S019_R14_T14,both_fists_imagery,0,both_feet_imagery,1,9.22974279099225,False,shrinkage_lda,1/2/3/4/5/6/7/8/9/10/11/12/13/14/15/16/17/18/20,True,False,False,physionet/eegmmidb/1.0.0/S019/S019R14.edf,f1c4268a5d230b83417494012193d3511dd8d4de5930a9ebbb03ad2e26a75dd2
19,19,6,0,1,S019_R06_T00,both_fists_imagery,0,both_feet_imagery,1,6.717584965294224,False,l2_logistic_regression,1/2/3/4/5/6/7/8/9/10/11/12/13/14/15/16/17/18/20,True,False,False,physionet/eegmmidb/1.0.0/S019/S019R06.edf,1b0ad7d85228488fe95410bcb88108d41cd8bc2f9b078cf8c0641ed1e8656f42
19,19,6,1,3,S019_R06_T01,both_feet_imagery,1,both_feet_imagery,1,6.4252956654287114,True,l2_logistic_regression,1/2/3/4/5/6/7/8/9/10/11/12/13/14/15/16/17/18/20,True,False,False,physionet/eegmmidb/1.0.0/S019/S019R06.edf,1b0ad7d85228488fe95410bcb88108d41cd8bc2f9b078cf8c0641ed1e8656f42
19,19,6,2,5,S019_R06_T02,both_feet_imagery,1,both_feet_imagery,1,8.970621788932368,True,l2_logistic_regression,1/2/3/4/5/6/7/8/9/10/11/12/13/14/15/16/17/18/20,True,False,False,physionet/eegmmidb/1.0.0/S019/S019R06.edf,1b0ad7d85228488fe95410bcb88108d41cd8bc2f9b078cf8c0641ed1e8656f42
19,19,6,3,7,S019_R06_T03,both_fists_imagery,0,both_feet_imagery,1,8.19145066285874,False,l2_logistic_regression,1/2/3/4/5/6/7/8/9/10/11/12/13/14/15/16/17/18/20,True,False,False,physionet/eegmmidb/1.0.0/S019/S019R06.edf,1b0ad7d85228488fe95410bcb88108d41cd8bc2f9b078cf8c0641ed1e8656f42
19,19,6,4,9,S019_R06_T04,both_feet_imagery,1,both_feet_imagery,1,6.476367712738438,True,l2_logistic_regression,1/2/3/4/5/6/7/8/9/10/11/12/13/14/15/16/17/18/20,True,False,False,physionet/eegmmidb/1.0.0/S019/S019R06.edf,1b0ad7d85228488fe95410bcb88108d41cd8bc2f9b078cf8c0641ed1e8656f42
19,19,6,5,11,S019_R06_T05,both_fists_imagery,0,both_feet_imagery,1,10.772487191812885,False,l2_logistic_regression,1/2/3/4/5/6/7/8/9/10/11/12/13/14/15/16/17/18/20,True,False,False,physionet/eegmmidb/1.0.0/S019/S019R06.edf,1b0ad7d85228488fe95410bcb88108d41cd8bc2f9b078cf8c0641ed1e8656f42
19,19,6,6,13,S019_R06_T06,both_fists_imagery,0,both_feet_imagery,1,2.2271883609155942,False,l2_logistic_regression,1/2/3/4/5/6/7/8/9/10/11/12/13/14/15/16/17/18/20,True,False,False,physionet/eegmmidb/1.0.0/S019/S019R06.edf,1b0ad7d85228488fe95410bcb88108d41cd8bc2f9b078cf8c0641ed1e8656f42
19,19,6,7,15,S019_R06_T07,both_feet_imagery,1,both_feet_imagery,1,10.903994431456905,True,l2_logistic_regression,1/2/3/4/5/6/7/8/9/10/11/12/13/14/15/16/17/18/20,True,False,False,physionet/eegmmidb/1.0.0/S019/S019R06.edf,1b0ad7d85228488fe95410bcb88108d41cd8bc2f9b078cf8c0641ed1e8656f42
19,19,6,8,17,S019_R06_T08,both_feet_imagery,1,both_feet_imagery,1,5.616002881511623,True,l2_logistic_regression,1/2/3/4/5/6/7/8/9/10/11/12/13/14/15/16/17/18/20,True,False,False,physionet/eegmmidb/1.0.0/S019/S019R06.edf,1b0ad7d85228488fe95410bcb88108d41cd8bc2f9b078cf8c0641ed1e8656f42
19,19,6,9,19,S019_R06_T09,both_fists_imagery,0,both_fists_imagery,0,-0.5525289621758801,True,l2_logistic_regression,1/2/3/4/5/6/7/8/9/10/11/12/13/14/15/16/17/18/20,True,False,False,physionet/eegmmidb/1.0.0/S019/S019R06.edf,1b0ad7d85228488fe95410bcb88108d41cd8bc2f9b078cf8c0641ed1e8656f42
19,19,6,10,21,S019_R06_T10,both_fists_imagery,0,both_feet_imagery,1,1.8999087803331676,False,l2_logistic_regression,1/2/3/4/5/6/7/8/9/10/11/12/13/14/15/16/17/18/20,True,False,False,physionet/eegmmidb/1.0.0/S019/S019R06.edf,1b0ad7d85228488fe95410bcb88108d41cd8bc2f9b078cf8c0641ed1e8656f42
19,19,6,11,23,S019_R06_T11,both_feet_imagery,1,both_feet_imagery,1,12.275930866044678,True,l2_logistic_regression,1/2/3/4/5/6/7/8/9/10/11/12/13/14/15/16/17/18/20,True,False,False,physionet/eegmmidb/1.0.0/S019/S019R06.edf,1b0ad7d85228488fe95410bcb88108d41cd8bc2f9b078cf8c0641ed1e8656f42
19,19,6,12,25,S019_R06_T12,both_feet_imagery,1,both_feet_imagery,1,9.26623172217266,True,l2_logistic_regression,1/2/3/4/5/6/7/8/9/10/11/12/13/14/15/16/17/18/20,True,False,False,physionet/eegmmidb/1.0.0/S019/S019R06.edf,1b0ad7d85228488fe95410bcb88108d41cd8bc2f9b078cf8c0641ed1e8656f42
19,19,6,13,27,S019_R06_T13,both_fists_imagery,0,both_feet_imagery,1,4.362218220793135,False,l2_logistic_regression,1/2/3/4/5/6/7/8/9/10/11/12/13/14/15/16/17/18/20,True,False,False,physionet/eegmmidb/1.0.0/S019/S019R06.edf,1b0ad7d85228488fe95410bcb88108d41cd8bc2f9b078cf8c0641ed1e8656f42
19,19,6,14,29,S019_R06_T14,both_feet_imagery,1,both_feet_imagery,1,4.036748171759858,True,l2_logistic_regression,1/2/3/4/5/6/7/8/9/10/11/12/13/14/15/16/17/18/20,True,False,False,physionet/eegmmidb/1.0.0/S019/S019R06.edf,1b0ad7d85228488fe95410bcb88108d41cd8bc2f9b078cf8c0641ed1e8656f42
19,19,10,0,1,S019_R10_T00,both_fists_imagery,0,both_feet_imagery,1,12.648988586405398,False,l2_logistic_regression,1/2/3/4/5/6/7/8/9/10/11/12/13/14/15/16/17/18/20,True,False,True,physionet/eegmmidb/1.0.0/S019/S019R10.edf,809a866319f3dca5bc549d4ed8bb36a891ba270d4aee23950cb5e85c2819fdbe
19,19,10,1,3,S019_R10_T01,both_feet_imagery,1,both_feet_imagery,1,12.999541775138859,True,l2_logistic_regression,1/2/3/4/5/6/7/8/9/10/11/12/13/14/15/16/17/18/20,True,False,True,physionet/eegmmidb/1.0.0/S019/S019R10.edf,809a866319f3dca5bc549d4ed8bb36a891ba270d4aee23950cb5e85c2819fdbe
19,19,10,2,5,S019_R10_T02,both_fists_imagery,0,both_feet_imagery,1,8.441096493624734,False,l2_logistic_regression,1/2/3/4/5/6/7/8/9/10/11/12/13/14/15/16/17/18/20,True,False,False,physionet/eegmmidb/1.0.0/S019/S019R10.edf,809a866319f3dca5bc549d4ed8bb36a891ba270d4aee23950cb5e85c2819fdbe
19,19,10,3,7,S019_R10_T03,both_feet_imagery,1,both_feet_imagery,1,9.752208229462953,True,l2_logistic_regression,1/2/3/4/5/6/7/8/9/10/11/12/13/14/15/16/17/18/20,True,False,False,physionet/eegmmidb/1.0.0/S019/S019R10.edf,809a866319f3dca5bc549d4ed8bb36a891ba270d4aee23950cb5e85c2819fdbe
19,19,10,4,9,S019_R10_T04,both_fists_imagery,0,both_feet_imagery,1,6.204622587769919,False,l2_logistic_regression,1/2/3/4/5/6/7/8/9/10/11/12/13/14/15/16/17/18/20,True,False,True,physionet/eegmmidb/1.0.0/S019/S019R10.edf,809a866319f3dca5bc549d4ed8bb36a891ba270d4aee23950cb5e85c2819fdbe
19,19,10,5,11,S019_R10_T05,both_feet_imagery,1,both_feet_imagery,1,1.40250597204606,True,l2_logistic_regression,1/2/3/4/5/6/7/8/9/10/11/12/13/14/15/16/17/18/20,True,False,True,physionet/eegmmidb/1.0.0/S019/S019R10.edf,809a866319f3dca5bc549d4ed8bb36a891ba270d4aee23950cb5e85c2819fdbe
19,19,10,6,13,S019_R10_T06,both_fists_imagery,0,both_feet_imagery,1,5.124803840020435,False,l2_logistic_regression,1/2/3/4/5/6/7/8/9/10/11/12/13/14/15/16/17/18/20,True,False,False,physionet/eegmmidb/1.0.0/S019/S019R10.edf,809a866319f3dca5bc549d4ed8bb36a891ba270d4aee23950cb5e85c2819fdbe
19,19,10,7,15,S019_R10_T07,both_feet_imagery,1,both_fists_imagery,0,-3.022517830956803,False,l2_logistic_regression,1/2/3/4/5/6/7/8/9/10/11/12/13/14/15/16/17/18/20,True,False,False,physionet/eegmmidb/1.0.0/S019/S019R10.edf,809a866319f3dca5bc549d4ed8bb36a891ba270d4aee23950cb5e85c2819fdbe
19,19,10,8,17,S019_R10_T08,both_feet_imagery,1,both_feet_imagery,1,5.726069879556729,True,l2_logistic_regression,1/2/3/4/5/6/7/8/9/10/11/12/13/14/15/16/17/18/20,True,False,False,physionet/eegmmidb/1.0.0/S019/S019R10.edf,809a866319f3dca5bc549d4ed8bb36a891ba270d4aee23950cb5e85c2819fdbe
19,19,10,9,19,S019_R10_T09,both_fists_imagery,0,both_feet_imagery,1,10.660364777783919,False,l2_logistic_regression,1/2/3/4/5/6/7/8/9/10/11/12/13/14/15/16/17/18/20,True,False,False,physionet/eegmmidb/1.0.0/S019/S019R10.edf,809a866319f3dca5bc549d4ed8bb36a891ba270d4aee23950cb5e85c2819fdbe
19,19,10,10,21,S019_R10_T10,both_fists_imagery,0,both_feet_imagery,1,8.56088986624878,False,l2_logistic_regression,1/2/3/4/5/6/7/8/9/10/11/12/13/14/15/16/17/18/20,True,False,False,physionet/eegmmidb/1.0.0/S019/S019R10.edf,809a866319f3dca5bc549d4ed8bb36a891ba270d4aee23950cb5e85c2819fdbe
19,19,10,11,23,S019_R10_T11,both_feet_imagery,1,both_fists_imagery,0,-2.198843138345551,False,l2_logistic_regression,1/2/3/4/5/6/7/8/9/10/11/12/13/14/15/16/17/18/20,True,False,False,physionet/eegmmidb/1.0.0/S019/S019R10.edf,809a866319f3dca5bc549d4ed8bb36a891ba270d4aee23950cb5e85c2819fdbe
19,19,10,12,25,S019_R10_T12,both_fists_imagery,0,both_feet_imagery,1,3.0609824240075922,False,l2_logistic_regression,1/2/3/4/5/6/7/8/9/10/11/12/13/14/15/16/17/18/20,True,False,False,physionet/eegmmidb/1.0.0/S019/S019R10.edf,809a866319f3dca5bc549d4ed8bb36a891ba270d4aee23950cb5e85c2819fdbe
19,19,10,13,27,S019_R10_T13,both_feet_imagery,1,both_feet_imagery,1,2.883527143061507,True,l2_logistic_regression,1/2/3/4/5/6/7/8/9/10/11/12/13/14/15/16/17/18/20,True,False,False,physionet/eegmmidb/1.0.0/S019/S019R10.edf,809a866319f3dca5bc549d4ed8bb36a891ba270d4aee23950cb5e85c2819fdbe
19,19,10,14,29,S019_R10_T14,both_feet_imagery,1,both_feet_imagery,1,2.6688743597300273,True,l2_logistic_regression,1/2/3/4/5/6/7/8/9/10/11/12/13/14/15/16/17/18/20,True,False,False,physionet/eegmmidb/1.0.0/S019/S019R10.edf,809a866319f3dca5bc549d4ed8bb36a891ba270d4aee23950cb5e85c2819fdbe
19,19,14,0,1,S019_R14_T00,both_feet_imagery,1,both_fists_imagery,0,-3.9671889998967527,False,l2_logistic_regression,1/2/3/4/5/6/7/8/9/10/11/12/13/14/15/16/17/18/20,True,False,False,physionet/eegmmidb/1.0.0/S019/S019R14.edf,f1c4268a5d230b83417494012193d3511dd8d4de5930a9ebbb03ad2e26a75dd2
19,19,14,1,3,S019_R14_T01,both_fists_imagery,0,both_feet_imagery,1,7.439108652175354,False,l2_logistic_regression,1/2/3/4/5/6/7/8/9/10/11/12/13/14/15/16/17/18/20,True,False,False,physionet/eegmmidb/1.0.0/S019/S019R14.edf,f1c4268a5d230b83417494012193d3511dd8d4de5930a9ebbb03ad2e26a75dd2
19,19,14,2,5,S019_R14_T02,both_feet_imagery,1,both_feet_imagery,1,11.784528927137353,True,l2_logistic_regression,1/2/3/4/5/6/7/8/9/10/11/12/13/14/15/16/17/18/20,True,False,False,physionet/eegmmidb/1.0.0/S019/S019R14.edf,f1c4268a5d230b83417494012193d3511dd8d4de5930a9ebbb03ad2e26a75dd2
19,19,14,3,7,S019_R14_T03,both_fists_imagery,0,both_feet_imagery,1,1.96222639201905,False,l2_logistic_regression,1/2/3/4/5/6/7/8/9/10/11/12/13/14/15/16/17/18/20,True,False,False,physionet/eegmmidb/1.0.0/S019/S019R14.edf,f1c4268a5d230b83417494012193d3511dd8d4de5930a9ebbb03ad2e26a75dd2
19,19,14,4,9,S019_R14_T04,both_feet_imagery,1,both_feet_imagery,1,9.56288597991805,True,l2_logistic_regression,1/2/3/4/5/6/7/8/9/10/11/12/13/14/15/16/17/18/20,True,False,False,physionet/eegmmidb/1.0.0/S019/S019R14.edf,f1c4268a5d230b83417494012193d3511dd8d4de5930a9ebbb03ad2e26a75dd2
19,19,14,5,11,S019_R14_T05,both_fists_imagery,0,both_feet_imagery,1,3.206529561214368,False,l2_logistic_regression,1/2/3/4/5/6/7/8/9/10/11/12/13/14/15/16/17/18/20,True,False,False,physionet/eegmmidb/1.0.0/S019/S019R14.edf,f1c4268a5d230b83417494012193d3511dd8d4de5930a9ebbb03ad2e26a75dd2
19,19,14,6,13,S019_R14_T06,both_fists_imagery,0,both_fists_imagery,0,-0.06204823892537155,True,l2_logistic_regression,1/2/3/4/5/6/7/8/9/10/11/12/13/14/15/16/17/18/20,True,False,False,physionet/eegmmidb/1.0.0/S019/S019R14.edf,f1c4268a5d230b83417494012193d3511dd8d4de5930a9ebbb03ad2e26a75dd2
19,19,14,7,15,S019_R14_T07,both_feet_imagery,1,both_feet_imagery,1,9.879175798871737,True,l2_logistic_regression,1/2/3/4/5/6/7/8/9/10/11/12/13/14/15/16/17/18/20,True,False,False,physionet/eegmmidb/1.0.0/S019/S019R14.edf,f1c4268a5d230b83417494012193d3511dd8d4de5930a9ebbb03ad2e26a75dd2
19,19,14,8,17,S019_R14_T08,both_fists_imagery,0,both_feet_imagery,1,8.955851445423573,False,l2_logistic_regression,1/2/3/4/5/6/7/8/9/10/11/12/13/14/15/16/17/18/20,True,False,False,physionet/eegmmidb/1.0.0/S019/S019R14.edf,f1c4268a5d230b83417494012193d3511dd8d4de5930a9ebbb03ad2e26a75dd2
19,19,14,9,19,S019_R14_T09,both_feet_imagery,1,both_feet_imagery,1,5.563678810985164,True,l2_logistic_regression,1/2/3/4/5/6/7/8/9/10/11/12/13/14/15/16/17/18/20,True,False,False,physionet/eegmmidb/1.0.0/S019/S019R14.edf,f1c4268a5d230b83417494012193d3511dd8d4de5930a9ebbb03ad2e26a75dd2
19,19,14,10,21,S019_R14_T10,both_feet_imagery,1,both_feet_imagery,1,6.32376216166877,True,l2_logistic_regression,1/2/3/4/5/6/7/8/9/10/11/12/13/14/15/16/17/18/20,True,False,False,physionet/eegmmidb/1.0.0/S019/S019R14.edf,f1c4268a5d230b83417494012193d3511dd8d4de5930a9ebbb03ad2e26a75dd2
19,19,14,11,23,S019_R14_T11,both_fists_imagery,0,both_fists_imagery,0,-0.0950622354903511,True,l2_logistic_regression,1/2/3/4/5/6/7/8/9/10/11/12/13/14/15/16/17/18/20,True,False,False,physionet/eegmmidb/1.0.0/S019/S019R14.edf,f1c4268a5d230b83417494012193d3511dd8d4de5930a9ebbb03ad2e26a75dd2
19,19,14,12,25,S019_R14_T12,both_fists_imagery,0,both_feet_imagery,1,3.0698697747920844,False,l2_logistic_regression,1/2/3/4/5/6/7/8/9/10/11/12/13/14/15/16/17/18/20,True,False,False,physionet/eegmmidb/1.0.0/S019/S019R14.edf,f1c4268a5d230b83417494012193d3511dd8d4de5930a9ebbb03ad2e26a75dd2
19,19,14,13,27,S019_R14_T13,both_feet_imagery,1,both_feet_imagery,1,7.751867238918847,True,l2_logistic_regression,1/2/3/4/5/6/7/8/9/10/11/12/13/14/15/16/17/18/20,True,False,False,physionet/eegmmidb/1.0.0/S019/S019R14.edf,f1c4268a5d230b83417494012193d3511dd8d4de5930a9ebbb03ad2e26a75dd2
19,19,14,14,29,S019_R14_T14,both_fists_imagery,0,both_feet_imagery,1,3.9554821288823563,False,l2_logistic_regression,1/2/3/4/5/6/7/8/9/10/11/12/13/14/15/16/17/18/20,True,False,False,physionet/eegmmidb/1.0.0/S019/S019R14.edf,f1c4268a5d230b83417494012193d3511dd8d4de5930a9ebbb03ad2e26a75dd2
20,20,6,0,1,S020_R06_T00,both_fists_imagery,0,both_feet_imagery,1,8.178128480223975,False,shrinkage_lda,1/2/3/4/5/6/7/8/9/10/11/12/13/14/15/16/17/18/19,True,False,True,physionet/eegmmidb/1.0.0/S020/S020R06.edf,6e127745b2b1031bb274f72063b954a79b584163e17c964aa8e859c878498145
20,20,6,1,3,S020_R06_T01,both_feet_imagery,1,both_feet_imagery,1,19.909476951929108,True,shrinkage_lda,1/2/3/4/5/6/7/8/9/10/11/12/13/14/15/16/17/18/19,True,False,False,physionet/eegmmidb/1.0.0/S020/S020R06.edf,6e127745b2b1031bb274f72063b954a79b584163e17c964aa8e859c878498145
20,20,6,2,5,S020_R06_T02,both_feet_imagery,1,both_feet_imagery,1,7.650541686102504,True,shrinkage_lda,1/2/3/4/5/6/7/8/9/10/11/12/13/14/15/16/17/18/19,True,False,True,physionet/eegmmidb/1.0.0/S020/S020R06.edf,6e127745b2b1031bb274f72063b954a79b584163e17c964aa8e859c878498145
20,20,6,3,7,S020_R06_T03,both_fists_imagery,0,both_feet_imagery,1,12.476743109860646,False,shrinkage_lda,1/2/3/4/5/6/7/8/9/10/11/12/13/14/15/16/17/18/19,True,False,False,physionet/eegmmidb/1.0.0/S020/S020R06.edf,6e127745b2b1031bb274f72063b954a79b584163e17c964aa8e859c878498145
20,20,6,4,9,S020_R06_T04,both_fists_imagery,0,both_fists_imagery,0,-9.477881397253107,True,shrinkage_lda,1/2/3/4/5/6/7/8/9/10/11/12/13/14/15/16/17/18/19,True,False,False,physionet/eegmmidb/1.0.0/S020/S020R06.edf,6e127745b2b1031bb274f72063b954a79b584163e17c964aa8e859c878498145
20,20,6,5,11,S020_R06_T05,both_feet_imagery,1,both_fists_imagery,0,-26.127384700597712,False,shrinkage_lda,1/2/3/4/5/6/7/8/9/10/11/12/13/14/15/16/17/18/19,True,False,False,physionet/eegmmidb/1.0.0/S020/S020R06.edf,6e127745b2b1031bb274f72063b954a79b584163e17c964aa8e859c878498145
20,20,6,6,13,S020_R06_T06,both_feet_imagery,1,both_feet_imagery,1,4.3652024923253405,True,shrinkage_lda,1/2/3/4/5/6/7/8/9/10/11/12/13/14/15/16/17/18/19,True,False,True,physionet/eegmmidb/1.0.0/S020/S020R06.edf,6e127745b2b1031bb274f72063b954a79b584163e17c964aa8e859c878498145
20,20,6,7,15,S020_R06_T07,both_fists_imagery,0,both_fists_imagery,0,-14.849224080744865,True,shrinkage_lda,1/2/3/4/5/6/7/8/9/10/11/12/13/14/15/16/17/18/19,True,False,False,physionet/eegmmidb/1.0.0/S020/S020R06.edf,6e127745b2b1031bb274f72063b954a79b584163e17c964aa8e859c878498145
20,20,6,8,17,S020_R06_T08,both_feet_imagery,1,both_fists_imagery,0,-12.774708340455543,False,shrinkage_lda,1/2/3/4/5/6/7/8/9/10/11/12/13/14/15/16/17/18/19,True,False,True,physionet/eegmmidb/1.0.0/S020/S020R06.edf,6e127745b2b1031bb274f72063b954a79b584163e17c964aa8e859c878498145
20,20,6,9,19,S020_R06_T09,both_fists_imagery,0,both_fists_imagery,0,-20.395229536396513,True,shrinkage_lda,1/2/3/4/5/6/7/8/9/10/11/12/13/14/15/16/17/18/19,True,False,False,physionet/eegmmidb/1.0.0/S020/S020R06.edf,6e127745b2b1031bb274f72063b954a79b584163e17c964aa8e859c878498145
20,20,6,10,21,S020_R06_T10,both_fists_imagery,0,both_fists_imagery,0,-1.0331777721889979,True,shrinkage_lda,1/2/3/4/5/6/7/8/9/10/11/12/13/14/15/16/17/18/19,True,False,True,physionet/eegmmidb/1.0.0/S020/S020R06.edf,6e127745b2b1031bb274f72063b954a79b584163e17c964aa8e859c878498145
20,20,6,11,23,S020_R06_T11,both_feet_imagery,1,both_feet_imagery,1,5.427947762433123,True,shrinkage_lda,1/2/3/4/5/6/7/8/9/10/11/12/13/14/15/16/17/18/19,True,False,False,physionet/eegmmidb/1.0.0/S020/S020R06.edf,6e127745b2b1031bb274f72063b954a79b584163e17c964aa8e859c878498145
20,20,6,12,25,S020_R06_T12,both_fists_imagery,0,both_feet_imagery,1,5.100254319520449,False,shrinkage_lda,1/2/3/4/5/6/7/8/9/10/11/12/13/14/15/16/17/18/19,True,False,False,physionet/eegmmidb/1.0.0/S020/S020R06.edf,6e127745b2b1031bb274f72063b954a79b584163e17c964aa8e859c878498145
20,20,6,13,27,S020_R06_T13,both_feet_imagery,1,both_fists_imagery,0,-0.2285244020407507,False,shrinkage_lda,1/2/3/4/5/6/7/8/9/10/11/12/13/14/15/16/17/18/19,True,False,False,physionet/eegmmidb/1.0.0/S020/S020R06.edf,6e127745b2b1031bb274f72063b954a79b584163e17c964aa8e859c878498145
20,20,6,14,29,S020_R06_T14,both_fists_imagery,0,both_feet_imagery,1,10.036841793979733,False,shrinkage_lda,1/2/3/4/5/6/7/8/9/10/11/12/13/14/15/16/17/18/19,True,False,False,physionet/eegmmidb/1.0.0/S020/S020R06.edf,6e127745b2b1031bb274f72063b954a79b584163e17c964aa8e859c878498145
20,20,10,0,1,S020_R10_T00,both_fists_imagery,0,both_fists_imagery,0,-10.545869003665178,True,shrinkage_lda,1/2/3/4/5/6/7/8/9/10/11/12/13/14/15/16/17/18/19,True,False,False,physionet/eegmmidb/1.0.0/S020/S020R10.edf,aef44481a6fe1a8e732450ef594b3167bca2fbd01bb23a29d7ec79a670f0a658
20,20,10,1,3,S020_R10_T01,both_feet_imagery,1,both_fists_imagery,0,-0.41460448605169087,False,shrinkage_lda,1/2/3/4/5/6/7/8/9/10/11/12/13/14/15/16/17/18/19,True,False,False,physionet/eegmmidb/1.0.0/S020/S020R10.edf,aef44481a6fe1a8e732450ef594b3167bca2fbd01bb23a29d7ec79a670f0a658
20,20,10,2,5,S020_R10_T02,both_feet_imagery,1,both_fists_imagery,0,-4.133276453025878,False,shrinkage_lda,1/2/3/4/5/6/7/8/9/10/11/12/13/14/15/16/17/18/19,True,False,True,physionet/eegmmidb/1.0.0/S020/S020R10.edf,aef44481a6fe1a8e732450ef594b3167bca2fbd01bb23a29d7ec79a670f0a658
20,20,10,3,7,S020_R10_T03,both_fists_imagery,0,both_fists_imagery,0,-4.091290101452592,True,shrinkage_lda,1/2/3/4/5/6/7/8/9/10/11/12/13/14/15/16/17/18/19,True,False,True,physionet/eegmmidb/1.0.0/S020/S020R10.edf,aef44481a6fe1a8e732450ef594b3167bca2fbd01bb23a29d7ec79a670f0a658
20,20,10,4,9,S020_R10_T04,both_feet_imagery,1,both_fists_imagery,0,-5.501893983175356,False,shrinkage_lda,1/2/3/4/5/6/7/8/9/10/11/12/13/14/15/16/17/18/19,True,False,False,physionet/eegmmidb/1.0.0/S020/S020R10.edf,aef44481a6fe1a8e732450ef594b3167bca2fbd01bb23a29d7ec79a670f0a658
20,20,10,5,11,S020_R10_T05,both_fists_imagery,0,both_fists_imagery,0,-8.101221012754394,True,shrinkage_lda,1/2/3/4/5/6/7/8/9/10/11/12/13/14/15/16/17/18/19,True,False,False,physionet/eegmmidb/1.0.0/S020/S020R10.edf,aef44481a6fe1a8e732450ef594b3167bca2fbd01bb23a29d7ec79a670f0a658
20,20,10,6,13,S020_R10_T06,both_fists_imagery,0,both_fists_imagery,0,-3.8760320453478285,True,shrinkage_lda,1/2/3/4/5/6/7/8/9/10/11/12/13/14/15/16/17/18/19,True,False,False,physionet/eegmmidb/1.0.0/S020/S020R10.edf,aef44481a6fe1a8e732450ef594b3167bca2fbd01bb23a29d7ec79a670f0a658
20,20,10,7,15,S020_R10_T07,both_feet_imagery,1,both_fists_imagery,0,-7.670823801440052,False,shrinkage_lda,1/2/3/4/5/6/7/8/9/10/11/12/13/14/15/16/17/18/19,True,False,False,physionet/eegmmidb/1.0.0/S020/S020R10.edf,aef44481a6fe1a8e732450ef594b3167bca2fbd01bb23a29d7ec79a670f0a658
20,20,10,8,17,S020_R10_T08,both_fists_imagery,0,both_fists_imagery,0,-14.021495148102286,True,shrinkage_lda,1/2/3/4/5/6/7/8/9/10/11/12/13/14/15/16/17/18/19,True,False,False,physionet/eegmmidb/1.0.0/S020/S020R10.edf,aef44481a6fe1a8e732450ef594b3167bca2fbd01bb23a29d7ec79a670f0a658
20,20,10,9,19,S020_R10_T09,both_feet_imagery,1,both_fists_imagery,0,-12.94131007689457,False,shrinkage_lda,1/2/3/4/5/6/7/8/9/10/11/12/13/14/15/16/17/18/19,True,False,False,physionet/eegmmidb/1.0.0/S020/S020R10.edf,aef44481a6fe1a8e732450ef594b3167bca2fbd01bb23a29d7ec79a670f0a658
20,20,10,10,21,S020_R10_T10,both_feet_imagery,1,both_fists_imagery,0,-0.6885603511467056,False,shrinkage_lda,1/2/3/4/5/6/7/8/9/10/11/12/13/14/15/16/17/18/19,True,False,False,physionet/eegmmidb/1.0.0/S020/S020R10.edf,aef44481a6fe1a8e732450ef594b3167bca2fbd01bb23a29d7ec79a670f0a658
20,20,10,11,23,S020_R10_T11,both_fists_imagery,0,both_feet_imagery,1,15.689387161707842,False,shrinkage_lda,1/2/3/4/5/6/7/8/9/10/11/12/13/14/15/16/17/18/19,True,False,False,physionet/eegmmidb/1.0.0/S020/S020R10.edf,aef44481a6fe1a8e732450ef594b3167bca2fbd01bb23a29d7ec79a670f0a658
20,20,10,12,25,S020_R10_T12,both_feet_imagery,1,both_fists_imagery,0,-19.81423662270245,False,shrinkage_lda,1/2/3/4/5/6/7/8/9/10/11/12/13/14/15/16/17/18/19,True,False,False,physionet/eegmmidb/1.0.0/S020/S020R10.edf,aef44481a6fe1a8e732450ef594b3167bca2fbd01bb23a29d7ec79a670f0a658
20,20,10,13,27,S020_R10_T13,both_fists_imagery,0,both_fists_imagery,0,-23.735262331787037,True,shrinkage_lda,1/2/3/4/5/6/7/8/9/10/11/12/13/14/15/16/17/18/19,True,False,False,physionet/eegmmidb/1.0.0/S020/S020R10.edf,aef44481a6fe1a8e732450ef594b3167bca2fbd01bb23a29d7ec79a670f0a658
20,20,10,14,29,S020_R10_T14,both_feet_imagery,1,both_feet_imagery,1,11.317069085982158,True,shrinkage_lda,1/2/3/4/5/6/7/8/9/10/11/12/13/14/15/16/17/18/19,True,False,False,physionet/eegmmidb/1.0.0/S020/S020R10.edf,aef44481a6fe1a8e732450ef594b3167bca2fbd01bb23a29d7ec79a670f0a658
20,20,14,0,1,S020_R14_T00,both_feet_imagery,1,both_feet_imagery,1,13.444481533040559,True,shrinkage_lda,1/2/3/4/5/6/7/8/9/10/11/12/13/14/15/16/17/18/19,True,False,True,physionet/eegmmidb/1.0.0/S020/S020R14.edf,1d9a26f8c38886fa4d700deb86100e56df958b2507875f45adbac7c98de15ed8
20,20,14,1,3,S020_R14_T01,both_fists_imagery,0,both_feet_imagery,1,1.2534879895897597,False,shrinkage_lda,1/2/3/4/5/6/7/8/9/10/11/12/13/14/15/16/17/18/19,True,False,True,physionet/eegmmidb/1.0.0/S020/S020R14.edf,1d9a26f8c38886fa4d700deb86100e56df958b2507875f45adbac7c98de15ed8
20,20,14,2,5,S020_R14_T02,both_fists_imagery,0,both_feet_imagery,1,8.67700179705598,False,shrinkage_lda,1/2/3/4/5/6/7/8/9/10/11/12/13/14/15/16/17/18/19,True,False,False,physionet/eegmmidb/1.0.0/S020/S020R14.edf,1d9a26f8c38886fa4d700deb86100e56df958b2507875f45adbac7c98de15ed8
20,20,14,3,7,S020_R14_T03,both_feet_imagery,1,both_feet_imagery,1,27.238718935829606,True,shrinkage_lda,1/2/3/4/5/6/7/8/9/10/11/12/13/14/15/16/17/18/19,True,False,True,physionet/eegmmidb/1.0.0/S020/S020R14.edf,1d9a26f8c38886fa4d700deb86100e56df958b2507875f45adbac7c98de15ed8
20,20,14,4,9,S020_R14_T04,both_fists_imagery,0,both_feet_imagery,1,13.106212701541363,False,shrinkage_lda,1/2/3/4/5/6/7/8/9/10/11/12/13/14/15/16/17/18/19,True,False,False,physionet/eegmmidb/1.0.0/S020/S020R14.edf,1d9a26f8c38886fa4d700deb86100e56df958b2507875f45adbac7c98de15ed8
20,20,14,5,11,S020_R14_T05,both_feet_imagery,1,both_feet_imagery,1,2.952076400502847,True,shrinkage_lda,1/2/3/4/5/6/7/8/9/10/11/12/13/14/15/16/17/18/19,True,False,True,physionet/eegmmidb/1.0.0/S020/S020R14.edf,1d9a26f8c38886fa4d700deb86100e56df958b2507875f45adbac7c98de15ed8
20,20,14,6,13,S020_R14_T06,both_fists_imagery,0,both_fists_imagery,0,-6.860507379410971,True,shrinkage_lda,1/2/3/4/5/6/7/8/9/10/11/12/13/14/15/16/17/18/19,True,False,False,physionet/eegmmidb/1.0.0/S020/S020R14.edf,1d9a26f8c38886fa4d700deb86100e56df958b2507875f45adbac7c98de15ed8
20,20,14,7,15,S020_R14_T07,both_feet_imagery,1,both_fists_imagery,0,-11.697732417224284,False,shrinkage_lda,1/2/3/4/5/6/7/8/9/10/11/12/13/14/15/16/17/18/19,True,False,True,physionet/eegmmidb/1.0.0/S020/S020R14.edf,1d9a26f8c38886fa4d700deb86100e56df958b2507875f45adbac7c98de15ed8
20,20,14,8,17,S020_R14_T08,both_feet_imagery,1,both_feet_imagery,1,13.00349794913512,True,shrinkage_lda,1/2/3/4/5/6/7/8/9/10/11/12/13/14/15/16/17/18/19,True,False,True,physionet/eegmmidb/1.0.0/S020/S020R14.edf,1d9a26f8c38886fa4d700deb86100e56df958b2507875f45adbac7c98de15ed8
20,20,14,9,19,S020_R14_T09,both_fists_imagery,0,both_feet_imagery,1,2.6341171483378667,False,shrinkage_lda,1/2/3/4/5/6/7/8/9/10/11/12/13/14/15/16/17/18/19,True,False,False,physionet/eegmmidb/1.0.0/S020/S020R14.edf,1d9a26f8c38886fa4d700deb86100e56df958b2507875f45adbac7c98de15ed8
20,20,14,10,21,S020_R14_T10,both_feet_imagery,1,both_feet_imagery,1,11.237007481954699,True,shrinkage_lda,1/2/3/4/5/6/7/8/9/10/11/12/13/14/15/16/17/18/19,True,False,False,physionet/eegmmidb/1.0.0/S020/S020R14.edf,1d9a26f8c38886fa4d700deb86100e56df958b2507875f45adbac7c98de15ed8
20,20,14,11,23,S020_R14_T11,both_fists_imagery,0,both_feet_imagery,1,11.90622089777576,False,shrinkage_lda,1/2/3/4/5/6/7/8/9/10/11/12/13/14/15/16/17/18/19,True,False,True,physionet/eegmmidb/1.0.0/S020/S020R14.edf,1d9a26f8c38886fa4d700deb86100e56df958b2507875f45adbac7c98de15ed8
20,20,14,12,25,S020_R14_T12,both_fists_imagery,0,both_fists_imagery,0,-8.22437453689702,True,shrinkage_lda,1/2/3/4/5/6/7/8/9/10/11/12/13/14/15/16/17/18/19,True,False,False,physionet/eegmmidb/1.0.0/S020/S020R14.edf,1d9a26f8c38886fa4d700deb86100e56df958b2507875f45adbac7c98de15ed8
20,20,14,13,27,S020_R14_T13,both_feet_imagery,1,both_feet_imagery,1,40.60649928587789,True,shrinkage_lda,1/2/3/4/5/6/7/8/9/10/11/12/13/14/15/16/17/18/19,True,False,False,physionet/eegmmidb/1.0.0/S020/S020R14.edf,1d9a26f8c38886fa4d700deb86100e56df958b2507875f45adbac7c98de15ed8
20,20,14,14,29,S020_R14_T14,both_fists_imagery,0,both_fists_imagery,0,-3.5598839941535054,True,shrinkage_lda,1/2/3/4/5/6/7/8/9/10/11/12/13/14/15/16/17/18/19,True,False,False,physionet/eegmmidb/1.0.0/S020/S020R14.edf,1d9a26f8c38886fa4d700deb86100e56df958b2507875f45adbac7c98de15ed8
20,20,6,0,1,S020_R06_T00,both_fists_imagery,0,both_feet_imagery,1,4.926706519714697,False,l2_logistic_regression,1/2/3/4/5/6/7/8/9/10/11/12/13/14/15/16/17/18/19,True,False,True,physionet/eegmmidb/1.0.0/S020/S020R06.edf,6e127745b2b1031bb274f72063b954a79b584163e17c964aa8e859c878498145
20,20,6,1,3,S020_R06_T01,both_feet_imagery,1,both_feet_imagery,1,12.58747592767733,True,l2_logistic_regression,1/2/3/4/5/6/7/8/9/10/11/12/13/14/15/16/17/18/19,True,False,False,physionet/eegmmidb/1.0.0/S020/S020R06.edf,6e127745b2b1031bb274f72063b954a79b584163e17c964aa8e859c878498145
20,20,6,2,5,S020_R06_T02,both_feet_imagery,1,both_feet_imagery,1,4.774235883132935,True,l2_logistic_regression,1/2/3/4/5/6/7/8/9/10/11/12/13/14/15/16/17/18/19,True,False,True,physionet/eegmmidb/1.0.0/S020/S020R06.edf,6e127745b2b1031bb274f72063b954a79b584163e17c964aa8e859c878498145
20,20,6,3,7,S020_R06_T03,both_fists_imagery,0,both_feet_imagery,1,8.028636937879027,False,l2_logistic_regression,1/2/3/4/5/6/7/8/9/10/11/12/13/14/15/16/17/18/19,True,False,False,physionet/eegmmidb/1.0.0/S020/S020R06.edf,6e127745b2b1031bb274f72063b954a79b584163e17c964aa8e859c878498145
20,20,6,4,9,S020_R06_T04,both_fists_imagery,0,both_fists_imagery,0,-6.12301934588438,True,l2_logistic_regression,1/2/3/4/5/6/7/8/9/10/11/12/13/14/15/16/17/18/19,True,False,False,physionet/eegmmidb/1.0.0/S020/S020R06.edf,6e127745b2b1031bb274f72063b954a79b584163e17c964aa8e859c878498145
20,20,6,5,11,S020_R06_T05,both_feet_imagery,1,both_fists_imagery,0,-14.727092828800558,False,l2_logistic_regression,1/2/3/4/5/6/7/8/9/10/11/12/13/14/15/16/17/18/19,True,False,False,physionet/eegmmidb/1.0.0/S020/S020R06.edf,6e127745b2b1031bb274f72063b954a79b584163e17c964aa8e859c878498145
20,20,6,6,13,S020_R06_T06,both_feet_imagery,1,both_feet_imagery,1,1.5691464161825346,True,l2_logistic_regression,1/2/3/4/5/6/7/8/9/10/11/12/13/14/15/16/17/18/19,True,False,True,physionet/eegmmidb/1.0.0/S020/S020R06.edf,6e127745b2b1031bb274f72063b954a79b584163e17c964aa8e859c878498145
20,20,6,7,15,S020_R06_T07,both_fists_imagery,0,both_fists_imagery,0,-7.798037361861349,True,l2_logistic_regression,1/2/3/4/5/6/7/8/9/10/11/12/13/14/15/16/17/18/19,True,False,False,physionet/eegmmidb/1.0.0/S020/S020R06.edf,6e127745b2b1031bb274f72063b954a79b584163e17c964aa8e859c878498145
20,20,6,8,17,S020_R06_T08,both_feet_imagery,1,both_fists_imagery,0,-4.91639129341505,False,l2_logistic_regression,1/2/3/4/5/6/7/8/9/10/11/12/13/14/15/16/17/18/19,True,False,True,physionet/eegmmidb/1.0.0/S020/S020R06.edf,6e127745b2b1031bb274f72063b954a79b584163e17c964aa8e859c878498145
20,20,6,9,19,S020_R06_T09,both_fists_imagery,0,both_fists_imagery,0,-9.632080736530696,True,l2_logistic_regression,1/2/3/4/5/6/7/8/9/10/11/12/13/14/15/16/17/18/19,True,False,False,physionet/eegmmidb/1.0.0/S020/S020R06.edf,6e127745b2b1031bb274f72063b954a79b584163e17c964aa8e859c878498145
20,20,6,10,21,S020_R06_T10,both_fists_imagery,0,both_feet_imagery,1,0.7162021844617872,False,l2_logistic_regression,1/2/3/4/5/6/7/8/9/10/11/12/13/14/15/16/17/18/19,True,False,True,physionet/eegmmidb/1.0.0/S020/S020R06.edf,6e127745b2b1031bb274f72063b954a79b584163e17c964aa8e859c878498145
20,20,6,11,23,S020_R06_T11,both_feet_imagery,1,both_feet_imagery,1,3.1014708342258674,True,l2_logistic_regression,1/2/3/4/5/6/7/8/9/10/11/12/13/14/15/16/17/18/19,True,False,False,physionet/eegmmidb/1.0.0/S020/S020R06.edf,6e127745b2b1031bb274f72063b954a79b584163e17c964aa8e859c878498145
20,20,6,12,25,S020_R06_T12,both_fists_imagery,0,both_feet_imagery,1,2.1079707582284377,False,l2_logistic_regression,1/2/3/4/5/6/7/8/9/10/11/12/13/14/15/16/17/18/19,True,False,False,physionet/eegmmidb/1.0.0/S020/S020R06.edf,6e127745b2b1031bb274f72063b954a79b584163e17c964aa8e859c878498145
20,20,6,13,27,S020_R06_T13,both_feet_imagery,1,both_feet_imagery,1,0.04354608328939406,True,l2_logistic_regression,1/2/3/4/5/6/7/8/9/10/11/12/13/14/15/16/17/18/19,True,False,False,physionet/eegmmidb/1.0.0/S020/S020R06.edf,6e127745b2b1031bb274f72063b954a79b584163e17c964aa8e859c878498145
20,20,6,14,29,S020_R06_T14,both_fists_imagery,0,both_feet_imagery,1,4.241101806418828,False,l2_logistic_regression,1/2/3/4/5/6/7/8/9/10/11/12/13/14/15/16/17/18/19,True,False,False,physionet/eegmmidb/1.0.0/S020/S020R06.edf,6e127745b2b1031bb274f72063b954a79b584163e17c964aa8e859c878498145
20,20,10,0,1,S020_R10_T00,both_fists_imagery,0,both_fists_imagery,0,-4.370561816704139,True,l2_logistic_regression,1/2/3/4/5/6/7/8/9/10/11/12/13/14/15/16/17/18/19,True,False,False,physionet/eegmmidb/1.0.0/S020/S020R10.edf,aef44481a6fe1a8e732450ef594b3167bca2fbd01bb23a29d7ec79a670f0a658
20,20,10,1,3,S020_R10_T01,both_feet_imagery,1,both_feet_imagery,1,0.4959276753693097,True,l2_logistic_regression,1/2/3/4/5/6/7/8/9/10/11/12/13/14/15/16/17/18/19,True,False,False,physionet/eegmmidb/1.0.0/S020/S020R10.edf,aef44481a6fe1a8e732450ef594b3167bca2fbd01bb23a29d7ec79a670f0a658
20,20,10,2,5,S020_R10_T02,both_feet_imagery,1,both_fists_imagery,0,-0.018856441684798275,False,l2_logistic_regression,1/2/3/4/5/6/7/8/9/10/11/12/13/14/15/16/17/18/19,True,False,True,physionet/eegmmidb/1.0.0/S020/S020R10.edf,aef44481a6fe1a8e732450ef594b3167bca2fbd01bb23a29d7ec79a670f0a658
20,20,10,3,7,S020_R10_T03,both_fists_imagery,0,both_fists_imagery,0,-0.26126256481849774,True,l2_logistic_regression,1/2/3/4/5/6/7/8/9/10/11/12/13/14/15/16/17/18/19,True,False,True,physionet/eegmmidb/1.0.0/S020/S020R10.edf,aef44481a6fe1a8e732450ef594b3167bca2fbd01bb23a29d7ec79a670f0a658
20,20,10,4,9,S020_R10_T04,both_feet_imagery,1,both_fists_imagery,0,-1.098784004154129,False,l2_logistic_regression,1/2/3/4/5/6/7/8/9/10/11/12/13/14/15/16/17/18/19,True,False,False,physionet/eegmmidb/1.0.0/S020/S020R10.edf,aef44481a6fe1a8e732450ef594b3167bca2fbd01bb23a29d7ec79a670f0a658
20,20,10,5,11,S020_R10_T05,both_fists_imagery,0,both_fists_imagery,0,-2.340439796262986,True,l2_logistic_regression,1/2/3/4/5/6/7/8/9/10/11/12/13/14/15/16/17/18/19,True,False,False,physionet/eegmmidb/1.0.0/S020/S020R10.edf,aef44481a6fe1a8e732450ef594b3167bca2fbd01bb23a29d7ec79a670f0a658
20,20,10,6,13,S020_R10_T06,both_fists_imagery,0,both_fists_imagery,0,-1.598799046058519,True,l2_logistic_regression,1/2/3/4/5/6/7/8/9/10/11/12/13/14/15/16/17/18/19,True,False,False,physionet/eegmmidb/1.0.0/S020/S020R10.edf,aef44481a6fe1a8e732450ef594b3167bca2fbd01bb23a29d7ec79a670f0a658
20,20,10,7,15,S020_R10_T07,both_feet_imagery,1,both_fists_imagery,0,-3.2941586814256194,False,l2_logistic_regression,1/2/3/4/5/6/7/8/9/10/11/12/13/14/15/16/17/18/19,True,False,False,physionet/eegmmidb/1.0.0/S020/S020R10.edf,aef44481a6fe1a8e732450ef594b3167bca2fbd01bb23a29d7ec79a670f0a658
20,20,10,8,17,S020_R10_T08,both_fists_imagery,0,both_fists_imagery,0,-7.697614806462194,True,l2_logistic_regression,1/2/3/4/5/6/7/8/9/10/11/12/13/14/15/16/17/18/19,True,False,False,physionet/eegmmidb/1.0.0/S020/S020R10.edf,aef44481a6fe1a8e732450ef594b3167bca2fbd01bb23a29d7ec79a670f0a658
20,20,10,9,19,S020_R10_T09,both_feet_imagery,1,both_fists_imagery,0,-8.584440015234309,False,l2_logistic_regression,1/2/3/4/5/6/7/8/9/10/11/12/13/14/15/16/17/18/19,True,False,False,physionet/eegmmidb/1.0.0/S020/S020R10.edf,aef44481a6fe1a8e732450ef594b3167bca2fbd01bb23a29d7ec79a670f0a658
20,20,10,10,21,S020_R10_T10,both_feet_imagery,1,both_feet_imagery,1,1.3032443064363686,True,l2_logistic_regression,1/2/3/4/5/6/7/8/9/10/11/12/13/14/15/16/17/18/19,True,False,False,physionet/eegmmidb/1.0.0/S020/S020R10.edf,aef44481a6fe1a8e732450ef594b3167bca2fbd01bb23a29d7ec79a670f0a658
20,20,10,11,23,S020_R10_T11,both_fists_imagery,0,both_feet_imagery,1,6.411453498725518,False,l2_logistic_regression,1/2/3/4/5/6/7/8/9/10/11/12/13/14/15/16/17/18/19,True,False,False,physionet/eegmmidb/1.0.0/S020/S020R10.edf,aef44481a6fe1a8e732450ef594b3167bca2fbd01bb23a29d7ec79a670f0a658
20,20,10,12,25,S020_R10_T12,both_feet_imagery,1,both_fists_imagery,0,-9.522526020569682,False,l2_logistic_regression,1/2/3/4/5/6/7/8/9/10/11/12/13/14/15/16/17/18/19,True,False,False,physionet/eegmmidb/1.0.0/S020/S020R10.edf,aef44481a6fe1a8e732450ef594b3167bca2fbd01bb23a29d7ec79a670f0a658
20,20,10,13,27,S020_R10_T13,both_fists_imagery,0,both_fists_imagery,0,-11.577701448382708,True,l2_logistic_regression,1/2/3/4/5/6/7/8/9/10/11/12/13/14/15/16/17/18/19,True,False,False,physionet/eegmmidb/1.0.0/S020/S020R10.edf,aef44481a6fe1a8e732450ef594b3167bca2fbd01bb23a29d7ec79a670f0a658
20,20,10,14,29,S020_R10_T14,both_feet_imagery,1,both_feet_imagery,1,7.809299002166756,True,l2_logistic_regression,1/2/3/4/5/6/7/8/9/10/11/12/13/14/15/16/17/18/19,True,False,False,physionet/eegmmidb/1.0.0/S020/S020R10.edf,aef44481a6fe1a8e732450ef594b3167bca2fbd01bb23a29d7ec79a670f0a658
20,20,14,0,1,S020_R14_T00,both_feet_imagery,1,both_feet_imagery,1,8.721424368748988,True,l2_logistic_regression,1/2/3/4/5/6/7/8/9/10/11/12/13/14/15/16/17/18/19,True,False,True,physionet/eegmmidb/1.0.0/S020/S020R14.edf,1d9a26f8c38886fa4d700deb86100e56df958b2507875f45adbac7c98de15ed8
20,20,14,1,3,S020_R14_T01,both_fists_imagery,0,both_feet_imagery,1,1.3221687558979058,False,l2_logistic_regression,1/2/3/4/5/6/7/8/9/10/11/12/13/14/15/16/17/18/19,True,False,True,physionet/eegmmidb/1.0.0/S020/S020R14.edf,1d9a26f8c38886fa4d700deb86100e56df958b2507875f45adbac7c98de15ed8
20,20,14,2,5,S020_R14_T02,both_fists_imagery,0,both_feet_imagery,1,5.068969706584083,False,l2_logistic_regression,1/2/3/4/5/6/7/8/9/10/11/12/13/14/15/16/17/18/19,True,False,False,physionet/eegmmidb/1.0.0/S020/S020R14.edf,1d9a26f8c38886fa4d700deb86100e56df958b2507875f45adbac7c98de15ed8
20,20,14,3,7,S020_R14_T03,both_feet_imagery,1,both_feet_imagery,1,13.810603018488264,True,l2_logistic_regression,1/2/3/4/5/6/7/8/9/10/11/12/13/14/15/16/17/18/19,True,False,True,physionet/eegmmidb/1.0.0/S020/S020R14.edf,1d9a26f8c38886fa4d700deb86100e56df958b2507875f45adbac7c98de15ed8
20,20,14,4,9,S020_R14_T04,both_fists_imagery,0,both_feet_imagery,1,6.716226992449381,False,l2_logistic_regression,1/2/3/4/5/6/7/8/9/10/11/12/13/14/15/16/17/18/19,True,False,False,physionet/eegmmidb/1.0.0/S020/S020R14.edf,1d9a26f8c38886fa4d700deb86100e56df958b2507875f45adbac7c98de15ed8
20,20,14,5,11,S020_R14_T05,both_feet_imagery,1,both_feet_imagery,1,2.9910067162806238,True,l2_logistic_regression,1/2/3/4/5/6/7/8/9/10/11/12/13/14/15/16/17/18/19,True,False,True,physionet/eegmmidb/1.0.0/S020/S020R14.edf,1d9a26f8c38886fa4d700deb86100e56df958b2507875f45adbac7c98de15ed8
20,20,14,6,13,S020_R14_T06,both_fists_imagery,0,both_fists_imagery,0,-3.3849064378837017,True,l2_logistic_regression,1/2/3/4/5/6/7/8/9/10/11/12/13/14/15/16/17/18/19,True,False,False,physionet/eegmmidb/1.0.0/S020/S020R14.edf,1d9a26f8c38886fa4d700deb86100e56df958b2507875f45adbac7c98de15ed8
20,20,14,7,15,S020_R14_T07,both_feet_imagery,1,both_fists_imagery,0,-5.999843239586848,False,l2_logistic_regression,1/2/3/4/5/6/7/8/9/10/11/12/13/14/15/16/17/18/19,True,False,True,physionet/eegmmidb/1.0.0/S020/S020R14.edf,1d9a26f8c38886fa4d700deb86100e56df958b2507875f45adbac7c98de15ed8
20,20,14,8,17,S020_R14_T08,both_feet_imagery,1,both_feet_imagery,1,9.64331396757826,True,l2_logistic_regression,1/2/3/4/5/6/7/8/9/10/11/12/13/14/15/16/17/18/19,True,False,True,physionet/eegmmidb/1.0.0/S020/S020R14.edf,1d9a26f8c38886fa4d700deb86100e56df958b2507875f45adbac7c98de15ed8
20,20,14,9,19,S020_R14_T09,both_fists_imagery,0,both_feet_imagery,1,0.5678244803079102,False,l2_logistic_regression,1/2/3/4/5/6/7/8/9/10/11/12/13/14/15/16/17/18/19,True,False,False,physionet/eegmmidb/1.0.0/S020/S020R14.edf,1d9a26f8c38886fa4d700deb86100e56df958b2507875f45adbac7c98de15ed8
20,20,14,10,21,S020_R14_T10,both_feet_imagery,1,both_feet_imagery,1,7.515913190316648,True,l2_logistic_regression,1/2/3/4/5/6/7/8/9/10/11/12/13/14/15/16/17/18/19,True,False,False,physionet/eegmmidb/1.0.0/S020/S020R14.edf,1d9a26f8c38886fa4d700deb86100e56df958b2507875f45adbac7c98de15ed8
20,20,14,11,23,S020_R14_T11,both_fists_imagery,0,both_feet_imagery,1,7.436196603776538,False,l2_logistic_regression,1/2/3/4/5/6/7/8/9/10/11/12/13/14/15/16/17/18/19,True,False,True,physionet/eegmmidb/1.0.0/S020/S020R14.edf,1d9a26f8c38886fa4d700deb86100e56df958b2507875f45adbac7c98de15ed8
20,20,14,12,25,S020_R14_T12,both_fists_imagery,0,both_fists_imagery,0,-4.173595257652783,True,l2_logistic_regression,1/2/3/4/5/6/7/8/9/10/11/12/13/14/15/16/17/18/19,True,False,False,physionet/eegmmidb/1.0.0/S020/S020R14.edf,1d9a26f8c38886fa4d700deb86100e56df958b2507875f45adbac7c98de15ed8
20,20,14,13,27,S020_R14_T13,both_feet_imagery,1,both_feet_imagery,1,20.07303195392318,True,l2_logistic_regression,1/2/3/4/5/6/7/8/9/10/11/12/13/14/15/16/17/18/19,True,False,False,physionet/eegmmidb/1.0.0/S020/S020R14.edf,1d9a26f8c38886fa4d700deb86100e56df958b2507875f45adbac7c98de15ed8
20,20,14,14,29,S020_R14_T14,both_fists_imagery,0,both_fists_imagery,0,-2.5123816852387115,True,l2_logistic_regression,1/2/3/4/5/6/7/8/9/10/11/12/13/14/15/16/17/18/19,True,False,False,physionet/eegmmidb/1.0.0/S020/S020R14.edf,1d9a26f8c38886fa4d700deb86100e56df958b2507875f45adbac7c98de15ed8
