development_fold,subject,method,calibration_run,test_runs,training_subjects,calibration_trial_keys,calibration_trial_count,calibration_fists_count,calibration_feet_count,test_trial_keys,same_test_trial_count,source_CSP_fit_target_EEG,target_CSP_fit_trial_keys,target_scaler_fit_trial_keys,target_LDA_fit_trial_keys,test_EEG_used_for_CSP_fit,test_EEG_used_for_scaler_fit,test_EEG_used_for_LDA_fit,test_labels_used_for_fitting,unlabeled_test_EEG_used_for_adaptation,test_covariance_alignment
1,1,source_zero_shot,6,10/14,2/3/4/5/6/7/8/9/10/11/12/13/14/15/16/17/18/19/20,S001_R06_T00/S001_R06_T01/S001_R06_T02/S001_R06_T03/S001_R06_T04/S001_R06_T05/S001_R06_T06/S001_R06_T07/S001_R06_T08/S001_R06_T09/S001_R06_T10/S001_R06_T11/S001_R06_T12/S001_R06_T13,14,7,7,S001_R10_T00/S001_R10_T01/S001_R10_T02/S001_R10_T03/S001_R10_T04/S001_R10_T05/S001_R10_T06/S001_R10_T07/S001_R10_T08/S001_R10_T09/S001_R10_T10/S001_R10_T11/S001_R10_T12/S001_R10_T13/S001_R10_T14/S001_R14_T00/S001_R14_T01/S001_R14_T02/S001_R14_T03/S001_R14_T04/S001_R14_T05/S001_R14_T06/S001_R14_T07/S001_R14_T08/S001_R14_T09/S001_R14_T10/S001_R14_T11/S001_R14_T12/S001_R14_T13/S001_R14_T14,30,False,not_applicable,not_applicable,not_applicable,False,False,False,False,False,False
1,1,source_zero_shot,10,6/14,2/3/4/5/6/7/8/9/10/11/12/13/14/15/16/17/18/19/20,S001_R10_T00/S001_R10_T01/S001_R10_T02/S001_R10_T03/S001_R10_T04/S001_R10_T05/S001_R10_T06/S001_R10_T07/S001_R10_T08/S001_R10_T09/S001_R10_T10/S001_R10_T11/S001_R10_T12/S001_R10_T13,14,7,7,S001_R06_T00/S001_R06_T01/S001_R06_T02/S001_R06_T03/S001_R06_T04/S001_R06_T05/S001_R06_T06/S001_R06_T07/S001_R06_T08/S001_R06_T09/S001_R06_T10/S001_R06_T11/S001_R06_T12/S001_R06_T13/S001_R06_T14/S001_R14_T00/S001_R14_T01/S001_R14_T02/S001_R14_T03/S001_R14_T04/S001_R14_T05/S001_R14_T06/S001_R14_T07/S001_R14_T08/S001_R14_T09/S001_R14_T10/S001_R14_T11/S001_R14_T12/S001_R14_T13/S001_R14_T14,30,False,not_applicable,not_applicable,not_applicable,False,False,False,False,False,False
1,1,source_zero_shot,14,6/10,2/3/4/5/6/7/8/9/10/11/12/13/14/15/16/17/18/19/20,S001_R14_T00/S001_R14_T01/S001_R14_T02/S001_R14_T03/S001_R14_T04/S001_R14_T05/S001_R14_T06/S001_R14_T07/S001_R14_T08/S001_R14_T09/S001_R14_T10/S001_R14_T11/S001_R14_T12/S001_R14_T13,14,7,7,S001_R06_T00/S001_R06_T01/S001_R06_T02/S001_R06_T03/S001_R06_T04/S001_R06_T05/S001_R06_T06/S001_R06_T07/S001_R06_T08/S001_R06_T09/S001_R06_T10/S001_R06_T11/S001_R06_T12/S001_R06_T13/S001_R06_T14/S001_R10_T00/S001_R10_T01/S001_R10_T02/S001_R10_T03/S001_R10_T04/S001_R10_T05/S001_R10_T06/S001_R10_T07/S001_R10_T08/S001_R10_T09/S001_R10_T10/S001_R10_T11/S001_R10_T12/S001_R10_T13/S001_R10_T14,30,False,not_applicable,not_applicable,not_applicable,False,False,False,False,False,False
1,1,source_csp_target_lda_source_scaler,6,10/14,2/3/4/5/6/7/8/9/10/11/12/13/14/15/16/17/18/19/20,S001_R06_T00/S001_R06_T01/S001_R06_T02/S001_R06_T03/S001_R06_T04/S001_R06_T05/S001_R06_T06/S001_R06_T07/S001_R06_T08/S001_R06_T09/S001_R06_T10/S001_R06_T11/S001_R06_T12/S001_R06_T13,14,7,7,S001_R10_T00/S001_R10_T01/S001_R10_T02/S001_R10_T03/S001_R10_T04/S001_R10_T05/S001_R10_T06/S001_R10_T07/S001_R10_T08/S001_R10_T09/S001_R10_T10/S001_R10_T11/S001_R10_T12/S001_R10_T13/S001_R10_T14/S001_R14_T00/S001_R14_T01/S001_R14_T02/S001_R14_T03/S001_R14_T04/S001_R14_T05/S001_R14_T06/S001_R14_T07/S001_R14_T08/S001_R14_T09/S001_R14_T10/S001_R14_T11/S001_R14_T12/S001_R14_T13/S001_R14_T14,30,False,not_applicable,not_applicable,S001_R06_T00/S001_R06_T01/S001_R06_T02/S001_R06_T03/S001_R06_T04/S001_R06_T05/S001_R06_T06/S001_R06_T07/S001_R06_T08/S001_R06_T09/S001_R06_T10/S001_R06_T11/S001_R06_T12/S001_R06_T13,False,False,False,False,False,False
1,1,source_csp_target_lda_source_scaler,10,6/14,2/3/4/5/6/7/8/9/10/11/12/13/14/15/16/17/18/19/20,S001_R10_T00/S001_R10_T01/S001_R10_T02/S001_R10_T03/S001_R10_T04/S001_R10_T05/S001_R10_T06/S001_R10_T07/S001_R10_T08/S001_R10_T09/S001_R10_T10/S001_R10_T11/S001_R10_T12/S001_R10_T13,14,7,7,S001_R06_T00/S001_R06_T01/S001_R06_T02/S001_R06_T03/S001_R06_T04/S001_R06_T05/S001_R06_T06/S001_R06_T07/S001_R06_T08/S001_R06_T09/S001_R06_T10/S001_R06_T11/S001_R06_T12/S001_R06_T13/S001_R06_T14/S001_R14_T00/S001_R14_T01/S001_R14_T02/S001_R14_T03/S001_R14_T04/S001_R14_T05/S001_R14_T06/S001_R14_T07/S001_R14_T08/S001_R14_T09/S001_R14_T10/S001_R14_T11/S001_R14_T12/S001_R14_T13/S001_R14_T14,30,False,not_applicable,not_applicable,S001_R10_T00/S001_R10_T01/S001_R10_T02/S001_R10_T03/S001_R10_T04/S001_R10_T05/S001_R10_T06/S001_R10_T07/S001_R10_T08/S001_R10_T09/S001_R10_T10/S001_R10_T11/S001_R10_T12/S001_R10_T13,False,False,False,False,False,False
1,1,source_csp_target_lda_source_scaler,14,6/10,2/3/4/5/6/7/8/9/10/11/12/13/14/15/16/17/18/19/20,S001_R14_T00/S001_R14_T01/S001_R14_T02/S001_R14_T03/S001_R14_T04/S001_R14_T05/S001_R14_T06/S001_R14_T07/S001_R14_T08/S001_R14_T09/S001_R14_T10/S001_R14_T11/S001_R14_T12/S001_R14_T13,14,7,7,S001_R06_T00/S001_R06_T01/S001_R06_T02/S001_R06_T03/S001_R06_T04/S001_R06_T05/S001_R06_T06/S001_R06_T07/S001_R06_T08/S001_R06_T09/S001_R06_T10/S001_R06_T11/S001_R06_T12/S001_R06_T13/S001_R06_T14/S001_R10_T00/S001_R10_T01/S001_R10_T02/S001_R10_T03/S001_R10_T04/S001_R10_T05/S001_R10_T06/S001_R10_T07/S001_R10_T08/S001_R10_T09/S001_R10_T10/S001_R10_T11/S001_R10_T12/S001_R10_T13/S001_R10_T14,30,False,not_applicable,not_applicable,S001_R14_T00/S001_R14_T01/S001_R14_T02/S001_R14_T03/S001_R14_T04/S001_R14_T05/S001_R14_T06/S001_R14_T07/S001_R14_T08/S001_R14_T09/S001_R14_T10/S001_R14_T11/S001_R14_T12/S001_R14_T13,False,False,False,False,False,False
1,1,source_csp_target_lda_target_scaler,6,10/14,2/3/4/5/6/7/8/9/10/11/12/13/14/15/16/17/18/19/20,S001_R06_T00/S001_R06_T01/S001_R06_T02/S001_R06_T03/S001_R06_T04/S001_R06_T05/S001_R06_T06/S001_R06_T07/S001_R06_T08/S001_R06_T09/S001_R06_T10/S001_R06_T11/S001_R06_T12/S001_R06_T13,14,7,7,S001_R10_T00/S001_R10_T01/S001_R10_T02/S001_R10_T03/S001_R10_T04/S001_R10_T05/S001_R10_T06/S001_R10_T07/S001_R10_T08/S001_R10_T09/S001_R10_T10/S001_R10_T11/S001_R10_T12/S001_R10_T13/S001_R10_T14/S001_R14_T00/S001_R14_T01/S001_R14_T02/S001_R14_T03/S001_R14_T04/S001_R14_T05/S001_R14_T06/S001_R14_T07/S001_R14_T08/S001_R14_T09/S001_R14_T10/S001_R14_T11/S001_R14_T12/S001_R14_T13/S001_R14_T14,30,False,not_applicable,S001_R06_T00/S001_R06_T01/S001_R06_T02/S001_R06_T03/S001_R06_T04/S001_R06_T05/S001_R06_T06/S001_R06_T07/S001_R06_T08/S001_R06_T09/S001_R06_T10/S001_R06_T11/S001_R06_T12/S001_R06_T13,S001_R06_T00/S001_R06_T01/S001_R06_T02/S001_R06_T03/S001_R06_T04/S001_R06_T05/S001_R06_T06/S001_R06_T07/S001_R06_T08/S001_R06_T09/S001_R06_T10/S001_R06_T11/S001_R06_T12/S001_R06_T13,False,False,False,False,False,False
1,1,source_csp_target_lda_target_scaler,10,6/14,2/3/4/5/6/7/8/9/10/11/12/13/14/15/16/17/18/19/20,S001_R10_T00/S001_R10_T01/S001_R10_T02/S001_R10_T03/S001_R10_T04/S001_R10_T05/S001_R10_T06/S001_R10_T07/S001_R10_T08/S001_R10_T09/S001_R10_T10/S001_R10_T11/S001_R10_T12/S001_R10_T13,14,7,7,S001_R06_T00/S001_R06_T01/S001_R06_T02/S001_R06_T03/S001_R06_T04/S001_R06_T05/S001_R06_T06/S001_R06_T07/S001_R06_T08/S001_R06_T09/S001_R06_T10/S001_R06_T11/S001_R06_T12/S001_R06_T13/S001_R06_T14/S001_R14_T00/S001_R14_T01/S001_R14_T02/S001_R14_T03/S001_R14_T04/S001_R14_T05/S001_R14_T06/S001_R14_T07/S001_R14_T08/S001_R14_T09/S001_R14_T10/S001_R14_T11/S001_R14_T12/S001_R14_T13/S001_R14_T14,30,False,not_applicable,S001_R10_T00/S001_R10_T01/S001_R10_T02/S001_R10_T03/S001_R10_T04/S001_R10_T05/S001_R10_T06/S001_R10_T07/S001_R10_T08/S001_R10_T09/S001_R10_T10/S001_R10_T11/S001_R10_T12/S001_R10_T13,S001_R10_T00/S001_R10_T01/S001_R10_T02/S001_R10_T03/S001_R10_T04/S001_R10_T05/S001_R10_T06/S001_R10_T07/S001_R10_T08/S001_R10_T09/S001_R10_T10/S001_R10_T11/S001_R10_T12/S001_R10_T13,False,False,False,False,False,False
1,1,source_csp_target_lda_target_scaler,14,6/10,2/3/4/5/6/7/8/9/10/11/12/13/14/15/16/17/18/19/20,S001_R14_T00/S001_R14_T01/S001_R14_T02/S001_R14_T03/S001_R14_T04/S001_R14_T05/S001_R14_T06/S001_R14_T07/S001_R14_T08/S001_R14_T09/S001_R14_T10/S001_R14_T11/S001_R14_T12/S001_R14_T13,14,7,7,S001_R06_T00/S001_R06_T01/S001_R06_T02/S001_R06_T03/S001_R06_T04/S001_R06_T05/S001_R06_T06/S001_R06_T07/S001_R06_T08/S001_R06_T09/S001_R06_T10/S001_R06_T11/S001_R06_T12/S001_R06_T13/S001_R06_T14/S001_R10_T00/S001_R10_T01/S001_R10_T02/S001_R10_T03/S001_R10_T04/S001_R10_T05/S001_R10_T06/S001_R10_T07/S001_R10_T08/S001_R10_T09/S001_R10_T10/S001_R10_T11/S001_R10_T12/S001_R10_T13/S001_R10_T14,30,False,not_applicable,S001_R14_T00/S001_R14_T01/S001_R14_T02/S001_R14_T03/S001_R14_T04/S001_R14_T05/S001_R14_T06/S001_R14_T07/S001_R14_T08/S001_R14_T09/S001_R14_T10/S001_R14_T11/S001_R14_T12/S001_R14_T13,S001_R14_T00/S001_R14_T01/S001_R14_T02/S001_R14_T03/S001_R14_T04/S001_R14_T05/S001_R14_T06/S001_R14_T07/S001_R14_T08/S001_R14_T09/S001_R14_T10/S001_R14_T11/S001_R14_T12/S001_R14_T13,False,False,False,False,False,False
1,1,target_csp_empirical,6,10/14,2/3/4/5/6/7/8/9/10/11/12/13/14/15/16/17/18/19/20,S001_R06_T00/S001_R06_T01/S001_R06_T02/S001_R06_T03/S001_R06_T04/S001_R06_T05/S001_R06_T06/S001_R06_T07/S001_R06_T08/S001_R06_T09/S001_R06_T10/S001_R06_T11/S001_R06_T12/S001_R06_T13,14,7,7,S001_R10_T00/S001_R10_T01/S001_R10_T02/S001_R10_T03/S001_R10_T04/S001_R10_T05/S001_R10_T06/S001_R10_T07/S001_R10_T08/S001_R10_T09/S001_R10_T10/S001_R10_T11/S001_R10_T12/S001_R10_T13/S001_R10_T14/S001_R14_T00/S001_R14_T01/S001_R14_T02/S001_R14_T03/S001_R14_T04/S001_R14_T05/S001_R14_T06/S001_R14_T07/S001_R14_T08/S001_R14_T09/S001_R14_T10/S001_R14_T11/S001_R14_T12/S001_R14_T13/S001_R14_T14,30,False,S001_R06_T00/S001_R06_T01/S001_R06_T02/S001_R06_T03/S001_R06_T04/S001_R06_T05/S001_R06_T06/S001_R06_T07/S001_R06_T08/S001_R06_T09/S001_R06_T10/S001_R06_T11/S001_R06_T12/S001_R06_T13,S001_R06_T00/S001_R06_T01/S001_R06_T02/S001_R06_T03/S001_R06_T04/S001_R06_T05/S001_R06_T06/S001_R06_T07/S001_R06_T08/S001_R06_T09/S001_R06_T10/S001_R06_T11/S001_R06_T12/S001_R06_T13,S001_R06_T00/S001_R06_T01/S001_R06_T02/S001_R06_T03/S001_R06_T04/S001_R06_T05/S001_R06_T06/S001_R06_T07/S001_R06_T08/S001_R06_T09/S001_R06_T10/S001_R06_T11/S001_R06_T12/S001_R06_T13,False,False,False,False,False,False
1,1,target_csp_empirical,10,6/14,2/3/4/5/6/7/8/9/10/11/12/13/14/15/16/17/18/19/20,S001_R10_T00/S001_R10_T01/S001_R10_T02/S001_R10_T03/S001_R10_T04/S001_R10_T05/S001_R10_T06/S001_R10_T07/S001_R10_T08/S001_R10_T09/S001_R10_T10/S001_R10_T11/S001_R10_T12/S001_R10_T13,14,7,7,S001_R06_T00/S001_R06_T01/S001_R06_T02/S001_R06_T03/S001_R06_T04/S001_R06_T05/S001_R06_T06/S001_R06_T07/S001_R06_T08/S001_R06_T09/S001_R06_T10/S001_R06_T11/S001_R06_T12/S001_R06_T13/S001_R06_T14/S001_R14_T00/S001_R14_T01/S001_R14_T02/S001_R14_T03/S001_R14_T04/S001_R14_T05/S001_R14_T06/S001_R14_T07/S001_R14_T08/S001_R14_T09/S001_R14_T10/S001_R14_T11/S001_R14_T12/S001_R14_T13/S001_R14_T14,30,False,S001_R10_T00/S001_R10_T01/S001_R10_T02/S001_R10_T03/S001_R10_T04/S001_R10_T05/S001_R10_T06/S001_R10_T07/S001_R10_T08/S001_R10_T09/S001_R10_T10/S001_R10_T11/S001_R10_T12/S001_R10_T13,S001_R10_T00/S001_R10_T01/S001_R10_T02/S001_R10_T03/S001_R10_T04/S001_R10_T05/S001_R10_T06/S001_R10_T07/S001_R10_T08/S001_R10_T09/S001_R10_T10/S001_R10_T11/S001_R10_T12/S001_R10_T13,S001_R10_T00/S001_R10_T01/S001_R10_T02/S001_R10_T03/S001_R10_T04/S001_R10_T05/S001_R10_T06/S001_R10_T07/S001_R10_T08/S001_R10_T09/S001_R10_T10/S001_R10_T11/S001_R10_T12/S001_R10_T13,False,False,False,False,False,False
1,1,target_csp_empirical,14,6/10,2/3/4/5/6/7/8/9/10/11/12/13/14/15/16/17/18/19/20,S001_R14_T00/S001_R14_T01/S001_R14_T02/S001_R14_T03/S001_R14_T04/S001_R14_T05/S001_R14_T06/S001_R14_T07/S001_R14_T08/S001_R14_T09/S001_R14_T10/S001_R14_T11/S001_R14_T12/S001_R14_T13,14,7,7,S001_R06_T00/S001_R06_T01/S001_R06_T02/S001_R06_T03/S001_R06_T04/S001_R06_T05/S001_R06_T06/S001_R06_T07/S001_R06_T08/S001_R06_T09/S001_R06_T10/S001_R06_T11/S001_R06_T12/S001_R06_T13/S001_R06_T14/S001_R10_T00/S001_R10_T01/S001_R10_T02/S001_R10_T03/S001_R10_T04/S001_R10_T05/S001_R10_T06/S001_R10_T07/S001_R10_T08/S001_R10_T09/S001_R10_T10/S001_R10_T11/S001_R10_T12/S001_R10_T13/S001_R10_T14,30,False,S001_R14_T00/S001_R14_T01/S001_R14_T02/S001_R14_T03/S001_R14_T04/S001_R14_T05/S001_R14_T06/S001_R14_T07/S001_R14_T08/S001_R14_T09/S001_R14_T10/S001_R14_T11/S001_R14_T12/S001_R14_T13,S001_R14_T00/S001_R14_T01/S001_R14_T02/S001_R14_T03/S001_R14_T04/S001_R14_T05/S001_R14_T06/S001_R14_T07/S001_R14_T08/S001_R14_T09/S001_R14_T10/S001_R14_T11/S001_R14_T12/S001_R14_T13,S001_R14_T00/S001_R14_T01/S001_R14_T02/S001_R14_T03/S001_R14_T04/S001_R14_T05/S001_R14_T06/S001_R14_T07/S001_R14_T08/S001_R14_T09/S001_R14_T10/S001_R14_T11/S001_R14_T12/S001_R14_T13,False,False,False,False,False,False
1,1,target_csp_ledoit_wolf,6,10/14,2/3/4/5/6/7/8/9/10/11/12/13/14/15/16/17/18/19/20,S001_R06_T00/S001_R06_T01/S001_R06_T02/S001_R06_T03/S001_R06_T04/S001_R06_T05/S001_R06_T06/S001_R06_T07/S001_R06_T08/S001_R06_T09/S001_R06_T10/S001_R06_T11/S001_R06_T12/S001_R06_T13,14,7,7,S001_R10_T00/S001_R10_T01/S001_R10_T02/S001_R10_T03/S001_R10_T04/S001_R10_T05/S001_R10_T06/S001_R10_T07/S001_R10_T08/S001_R10_T09/S001_R10_T10/S001_R10_T11/S001_R10_T12/S001_R10_T13/S001_R10_T14/S001_R14_T00/S001_R14_T01/S001_R14_T02/S001_R14_T03/S001_R14_T04/S001_R14_T05/S001_R14_T06/S001_R14_T07/S001_R14_T08/S001_R14_T09/S001_R14_T10/S001_R14_T11/S001_R14_T12/S001_R14_T13/S001_R14_T14,30,False,S001_R06_T00/S001_R06_T01/S001_R06_T02/S001_R06_T03/S001_R06_T04/S001_R06_T05/S001_R06_T06/S001_R06_T07/S001_R06_T08/S001_R06_T09/S001_R06_T10/S001_R06_T11/S001_R06_T12/S001_R06_T13,S001_R06_T00/S001_R06_T01/S001_R06_T02/S001_R06_T03/S001_R06_T04/S001_R06_T05/S001_R06_T06/S001_R06_T07/S001_R06_T08/S001_R06_T09/S001_R06_T10/S001_R06_T11/S001_R06_T12/S001_R06_T13,S001_R06_T00/S001_R06_T01/S001_R06_T02/S001_R06_T03/S001_R06_T04/S001_R06_T05/S001_R06_T06/S001_R06_T07/S001_R06_T08/S001_R06_T09/S001_R06_T10/S001_R06_T11/S001_R06_T12/S001_R06_T13,False,False,False,False,False,False
1,1,target_csp_ledoit_wolf,10,6/14,2/3/4/5/6/7/8/9/10/11/12/13/14/15/16/17/18/19/20,S001_R10_T00/S001_R10_T01/S001_R10_T02/S001_R10_T03/S001_R10_T04/S001_R10_T05/S001_R10_T06/S001_R10_T07/S001_R10_T08/S001_R10_T09/S001_R10_T10/S001_R10_T11/S001_R10_T12/S001_R10_T13,14,7,7,S001_R06_T00/S001_R06_T01/S001_R06_T02/S001_R06_T03/S001_R06_T04/S001_R06_T05/S001_R06_T06/S001_R06_T07/S001_R06_T08/S001_R06_T09/S001_R06_T10/S001_R06_T11/S001_R06_T12/S001_R06_T13/S001_R06_T14/S001_R14_T00/S001_R14_T01/S001_R14_T02/S001_R14_T03/S001_R14_T04/S001_R14_T05/S001_R14_T06/S001_R14_T07/S001_R14_T08/S001_R14_T09/S001_R14_T10/S001_R14_T11/S001_R14_T12/S001_R14_T13/S001_R14_T14,30,False,S001_R10_T00/S001_R10_T01/S001_R10_T02/S001_R10_T03/S001_R10_T04/S001_R10_T05/S001_R10_T06/S001_R10_T07/S001_R10_T08/S001_R10_T09/S001_R10_T10/S001_R10_T11/S001_R10_T12/S001_R10_T13,S001_R10_T00/S001_R10_T01/S001_R10_T02/S001_R10_T03/S001_R10_T04/S001_R10_T05/S001_R10_T06/S001_R10_T07/S001_R10_T08/S001_R10_T09/S001_R10_T10/S001_R10_T11/S001_R10_T12/S001_R10_T13,S001_R10_T00/S001_R10_T01/S001_R10_T02/S001_R10_T03/S001_R10_T04/S001_R10_T05/S001_R10_T06/S001_R10_T07/S001_R10_T08/S001_R10_T09/S001_R10_T10/S001_R10_T11/S001_R10_T12/S001_R10_T13,False,False,False,False,False,False
1,1,target_csp_ledoit_wolf,14,6/10,2/3/4/5/6/7/8/9/10/11/12/13/14/15/16/17/18/19/20,S001_R14_T00/S001_R14_T01/S001_R14_T02/S001_R14_T03/S001_R14_T04/S001_R14_T05/S001_R14_T06/S001_R14_T07/S001_R14_T08/S001_R14_T09/S001_R14_T10/S001_R14_T11/S001_R14_T12/S001_R14_T13,14,7,7,S001_R06_T00/S001_R06_T01/S001_R06_T02/S001_R06_T03/S001_R06_T04/S001_R06_T05/S001_R06_T06/S001_R06_T07/S001_R06_T08/S001_R06_T09/S001_R06_T10/S001_R06_T11/S001_R06_T12/S001_R06_T13/S001_R06_T14/S001_R10_T00/S001_R10_T01/S001_R10_T02/S001_R10_T03/S001_R10_T04/S001_R10_T05/S001_R10_T06/S001_R10_T07/S001_R10_T08/S001_R10_T09/S001_R10_T10/S001_R10_T11/S001_R10_T12/S001_R10_T13/S001_R10_T14,30,False,S001_R14_T00/S001_R14_T01/S001_R14_T02/S001_R14_T03/S001_R14_T04/S001_R14_T05/S001_R14_T06/S001_R14_T07/S001_R14_T08/S001_R14_T09/S001_R14_T10/S001_R14_T11/S001_R14_T12/S001_R14_T13,S001_R14_T00/S001_R14_T01/S001_R14_T02/S001_R14_T03/S001_R14_T04/S001_R14_T05/S001_R14_T06/S001_R14_T07/S001_R14_T08/S001_R14_T09/S001_R14_T10/S001_R14_T11/S001_R14_T12/S001_R14_T13,S001_R14_T00/S001_R14_T01/S001_R14_T02/S001_R14_T03/S001_R14_T04/S001_R14_T05/S001_R14_T06/S001_R14_T07/S001_R14_T08/S001_R14_T09/S001_R14_T10/S001_R14_T11/S001_R14_T12/S001_R14_T13,False,False,False,False,False,False
2,2,source_zero_shot,6,10/14,1/3/4/5/6/7/8/9/10/11/12/13/14/15/16/17/18/19/20,S002_R06_T00/S002_R06_T01/S002_R06_T02/S002_R06_T03/S002_R06_T04/S002_R06_T05/S002_R06_T06/S002_R06_T07/S002_R06_T08/S002_R06_T09/S002_R06_T10/S002_R06_T11/S002_R06_T12/S002_R06_T13,14,7,7,S002_R10_T00/S002_R10_T01/S002_R10_T02/S002_R10_T03/S002_R10_T04/S002_R10_T05/S002_R10_T06/S002_R10_T07/S002_R10_T08/S002_R10_T09/S002_R10_T10/S002_R10_T11/S002_R10_T12/S002_R10_T13/S002_R10_T14/S002_R14_T00/S002_R14_T01/S002_R14_T02/S002_R14_T03/S002_R14_T04/S002_R14_T05/S002_R14_T06/S002_R14_T07/S002_R14_T08/S002_R14_T09/S002_R14_T10/S002_R14_T11/S002_R14_T12/S002_R14_T13/S002_R14_T14,30,False,not_applicable,not_applicable,not_applicable,False,False,False,False,False,False
2,2,source_zero_shot,10,6/14,1/3/4/5/6/7/8/9/10/11/12/13/14/15/16/17/18/19/20,S002_R10_T00/S002_R10_T01/S002_R10_T02/S002_R10_T03/S002_R10_T04/S002_R10_T05/S002_R10_T06/S002_R10_T07/S002_R10_T08/S002_R10_T09/S002_R10_T10/S002_R10_T11/S002_R10_T12/S002_R10_T13,14,7,7,S002_R06_T00/S002_R06_T01/S002_R06_T02/S002_R06_T03/S002_R06_T04/S002_R06_T05/S002_R06_T06/S002_R06_T07/S002_R06_T08/S002_R06_T09/S002_R06_T10/S002_R06_T11/S002_R06_T12/S002_R06_T13/S002_R06_T14/S002_R14_T00/S002_R14_T01/S002_R14_T02/S002_R14_T03/S002_R14_T04/S002_R14_T05/S002_R14_T06/S002_R14_T07/S002_R14_T08/S002_R14_T09/S002_R14_T10/S002_R14_T11/S002_R14_T12/S002_R14_T13/S002_R14_T14,30,False,not_applicable,not_applicable,not_applicable,False,False,False,False,False,False
2,2,source_zero_shot,14,6/10,1/3/4/5/6/7/8/9/10/11/12/13/14/15/16/17/18/19/20,S002_R14_T00/S002_R14_T01/S002_R14_T02/S002_R14_T03/S002_R14_T04/S002_R14_T05/S002_R14_T06/S002_R14_T07/S002_R14_T08/S002_R14_T09/S002_R14_T10/S002_R14_T11/S002_R14_T12/S002_R14_T13,14,7,7,S002_R06_T00/S002_R06_T01/S002_R06_T02/S002_R06_T03/S002_R06_T04/S002_R06_T05/S002_R06_T06/S002_R06_T07/S002_R06_T08/S002_R06_T09/S002_R06_T10/S002_R06_T11/S002_R06_T12/S002_R06_T13/S002_R06_T14/S002_R10_T00/S002_R10_T01/S002_R10_T02/S002_R10_T03/S002_R10_T04/S002_R10_T05/S002_R10_T06/S002_R10_T07/S002_R10_T08/S002_R10_T09/S002_R10_T10/S002_R10_T11/S002_R10_T12/S002_R10_T13/S002_R10_T14,30,False,not_applicable,not_applicable,not_applicable,False,False,False,False,False,False
2,2,source_csp_target_lda_source_scaler,6,10/14,1/3/4/5/6/7/8/9/10/11/12/13/14/15/16/17/18/19/20,S002_R06_T00/S002_R06_T01/S002_R06_T02/S002_R06_T03/S002_R06_T04/S002_R06_T05/S002_R06_T06/S002_R06_T07/S002_R06_T08/S002_R06_T09/S002_R06_T10/S002_R06_T11/S002_R06_T12/S002_R06_T13,14,7,7,S002_R10_T00/S002_R10_T01/S002_R10_T02/S002_R10_T03/S002_R10_T04/S002_R10_T05/S002_R10_T06/S002_R10_T07/S002_R10_T08/S002_R10_T09/S002_R10_T10/S002_R10_T11/S002_R10_T12/S002_R10_T13/S002_R10_T14/S002_R14_T00/S002_R14_T01/S002_R14_T02/S002_R14_T03/S002_R14_T04/S002_R14_T05/S002_R14_T06/S002_R14_T07/S002_R14_T08/S002_R14_T09/S002_R14_T10/S002_R14_T11/S002_R14_T12/S002_R14_T13/S002_R14_T14,30,False,not_applicable,not_applicable,S002_R06_T00/S002_R06_T01/S002_R06_T02/S002_R06_T03/S002_R06_T04/S002_R06_T05/S002_R06_T06/S002_R06_T07/S002_R06_T08/S002_R06_T09/S002_R06_T10/S002_R06_T11/S002_R06_T12/S002_R06_T13,False,False,False,False,False,False
2,2,source_csp_target_lda_source_scaler,10,6/14,1/3/4/5/6/7/8/9/10/11/12/13/14/15/16/17/18/19/20,S002_R10_T00/S002_R10_T01/S002_R10_T02/S002_R10_T03/S002_R10_T04/S002_R10_T05/S002_R10_T06/S002_R10_T07/S002_R10_T08/S002_R10_T09/S002_R10_T10/S002_R10_T11/S002_R10_T12/S002_R10_T13,14,7,7,S002_R06_T00/S002_R06_T01/S002_R06_T02/S002_R06_T03/S002_R06_T04/S002_R06_T05/S002_R06_T06/S002_R06_T07/S002_R06_T08/S002_R06_T09/S002_R06_T10/S002_R06_T11/S002_R06_T12/S002_R06_T13/S002_R06_T14/S002_R14_T00/S002_R14_T01/S002_R14_T02/S002_R14_T03/S002_R14_T04/S002_R14_T05/S002_R14_T06/S002_R14_T07/S002_R14_T08/S002_R14_T09/S002_R14_T10/S002_R14_T11/S002_R14_T12/S002_R14_T13/S002_R14_T14,30,False,not_applicable,not_applicable,S002_R10_T00/S002_R10_T01/S002_R10_T02/S002_R10_T03/S002_R10_T04/S002_R10_T05/S002_R10_T06/S002_R10_T07/S002_R10_T08/S002_R10_T09/S002_R10_T10/S002_R10_T11/S002_R10_T12/S002_R10_T13,False,False,False,False,False,False
2,2,source_csp_target_lda_source_scaler,14,6/10,1/3/4/5/6/7/8/9/10/11/12/13/14/15/16/17/18/19/20,S002_R14_T00/S002_R14_T01/S002_R14_T02/S002_R14_T03/S002_R14_T04/S002_R14_T05/S002_R14_T06/S002_R14_T07/S002_R14_T08/S002_R14_T09/S002_R14_T10/S002_R14_T11/S002_R14_T12/S002_R14_T13,14,7,7,S002_R06_T00/S002_R06_T01/S002_R06_T02/S002_R06_T03/S002_R06_T04/S002_R06_T05/S002_R06_T06/S002_R06_T07/S002_R06_T08/S002_R06_T09/S002_R06_T10/S002_R06_T11/S002_R06_T12/S002_R06_T13/S002_R06_T14/S002_R10_T00/S002_R10_T01/S002_R10_T02/S002_R10_T03/S002_R10_T04/S002_R10_T05/S002_R10_T06/S002_R10_T07/S002_R10_T08/S002_R10_T09/S002_R10_T10/S002_R10_T11/S002_R10_T12/S002_R10_T13/S002_R10_T14,30,False,not_applicable,not_applicable,S002_R14_T00/S002_R14_T01/S002_R14_T02/S002_R14_T03/S002_R14_T04/S002_R14_T05/S002_R14_T06/S002_R14_T07/S002_R14_T08/S002_R14_T09/S002_R14_T10/S002_R14_T11/S002_R14_T12/S002_R14_T13,False,False,False,False,False,False
2,2,source_csp_target_lda_target_scaler,6,10/14,1/3/4/5/6/7/8/9/10/11/12/13/14/15/16/17/18/19/20,S002_R06_T00/S002_R06_T01/S002_R06_T02/S002_R06_T03/S002_R06_T04/S002_R06_T05/S002_R06_T06/S002_R06_T07/S002_R06_T08/S002_R06_T09/S002_R06_T10/S002_R06_T11/S002_R06_T12/S002_R06_T13,14,7,7,S002_R10_T00/S002_R10_T01/S002_R10_T02/S002_R10_T03/S002_R10_T04/S002_R10_T05/S002_R10_T06/S002_R10_T07/S002_R10_T08/S002_R10_T09/S002_R10_T10/S002_R10_T11/S002_R10_T12/S002_R10_T13/S002_R10_T14/S002_R14_T00/S002_R14_T01/S002_R14_T02/S002_R14_T03/S002_R14_T04/S002_R14_T05/S002_R14_T06/S002_R14_T07/S002_R14_T08/S002_R14_T09/S002_R14_T10/S002_R14_T11/S002_R14_T12/S002_R14_T13/S002_R14_T14,30,False,not_applicable,S002_R06_T00/S002_R06_T01/S002_R06_T02/S002_R06_T03/S002_R06_T04/S002_R06_T05/S002_R06_T06/S002_R06_T07/S002_R06_T08/S002_R06_T09/S002_R06_T10/S002_R06_T11/S002_R06_T12/S002_R06_T13,S002_R06_T00/S002_R06_T01/S002_R06_T02/S002_R06_T03/S002_R06_T04/S002_R06_T05/S002_R06_T06/S002_R06_T07/S002_R06_T08/S002_R06_T09/S002_R06_T10/S002_R06_T11/S002_R06_T12/S002_R06_T13,False,False,False,False,False,False
2,2,source_csp_target_lda_target_scaler,10,6/14,1/3/4/5/6/7/8/9/10/11/12/13/14/15/16/17/18/19/20,S002_R10_T00/S002_R10_T01/S002_R10_T02/S002_R10_T03/S002_R10_T04/S002_R10_T05/S002_R10_T06/S002_R10_T07/S002_R10_T08/S002_R10_T09/S002_R10_T10/S002_R10_T11/S002_R10_T12/S002_R10_T13,14,7,7,S002_R06_T00/S002_R06_T01/S002_R06_T02/S002_R06_T03/S002_R06_T04/S002_R06_T05/S002_R06_T06/S002_R06_T07/S002_R06_T08/S002_R06_T09/S002_R06_T10/S002_R06_T11/S002_R06_T12/S002_R06_T13/S002_R06_T14/S002_R14_T00/S002_R14_T01/S002_R14_T02/S002_R14_T03/S002_R14_T04/S002_R14_T05/S002_R14_T06/S002_R14_T07/S002_R14_T08/S002_R14_T09/S002_R14_T10/S002_R14_T11/S002_R14_T12/S002_R14_T13/S002_R14_T14,30,False,not_applicable,S002_R10_T00/S002_R10_T01/S002_R10_T02/S002_R10_T03/S002_R10_T04/S002_R10_T05/S002_R10_T06/S002_R10_T07/S002_R10_T08/S002_R10_T09/S002_R10_T10/S002_R10_T11/S002_R10_T12/S002_R10_T13,S002_R10_T00/S002_R10_T01/S002_R10_T02/S002_R10_T03/S002_R10_T04/S002_R10_T05/S002_R10_T06/S002_R10_T07/S002_R10_T08/S002_R10_T09/S002_R10_T10/S002_R10_T11/S002_R10_T12/S002_R10_T13,False,False,False,False,False,False
2,2,source_csp_target_lda_target_scaler,14,6/10,1/3/4/5/6/7/8/9/10/11/12/13/14/15/16/17/18/19/20,S002_R14_T00/S002_R14_T01/S002_R14_T02/S002_R14_T03/S002_R14_T04/S002_R14_T05/S002_R14_T06/S002_R14_T07/S002_R14_T08/S002_R14_T09/S002_R14_T10/S002_R14_T11/S002_R14_T12/S002_R14_T13,14,7,7,S002_R06_T00/S002_R06_T01/S002_R06_T02/S002_R06_T03/S002_R06_T04/S002_R06_T05/S002_R06_T06/S002_R06_T07/S002_R06_T08/S002_R06_T09/S002_R06_T10/S002_R06_T11/S002_R06_T12/S002_R06_T13/S002_R06_T14/S002_R10_T00/S002_R10_T01/S002_R10_T02/S002_R10_T03/S002_R10_T04/S002_R10_T05/S002_R10_T06/S002_R10_T07/S002_R10_T08/S002_R10_T09/S002_R10_T10/S002_R10_T11/S002_R10_T12/S002_R10_T13/S002_R10_T14,30,False,not_applicable,S002_R14_T00/S002_R14_T01/S002_R14_T02/S002_R14_T03/S002_R14_T04/S002_R14_T05/S002_R14_T06/S002_R14_T07/S002_R14_T08/S002_R14_T09/S002_R14_T10/S002_R14_T11/S002_R14_T12/S002_R14_T13,S002_R14_T00/S002_R14_T01/S002_R14_T02/S002_R14_T03/S002_R14_T04/S002_R14_T05/S002_R14_T06/S002_R14_T07/S002_R14_T08/S002_R14_T09/S002_R14_T10/S002_R14_T11/S002_R14_T12/S002_R14_T13,False,False,False,False,False,False
2,2,target_csp_empirical,6,10/14,1/3/4/5/6/7/8/9/10/11/12/13/14/15/16/17/18/19/20,S002_R06_T00/S002_R06_T01/S002_R06_T02/S002_R06_T03/S002_R06_T04/S002_R06_T05/S002_R06_T06/S002_R06_T07/S002_R06_T08/S002_R06_T09/S002_R06_T10/S002_R06_T11/S002_R06_T12/S002_R06_T13,14,7,7,S002_R10_T00/S002_R10_T01/S002_R10_T02/S002_R10_T03/S002_R10_T04/S002_R10_T05/S002_R10_T06/S002_R10_T07/S002_R10_T08/S002_R10_T09/S002_R10_T10/S002_R10_T11/S002_R10_T12/S002_R10_T13/S002_R10_T14/S002_R14_T00/S002_R14_T01/S002_R14_T02/S002_R14_T03/S002_R14_T04/S002_R14_T05/S002_R14_T06/S002_R14_T07/S002_R14_T08/S002_R14_T09/S002_R14_T10/S002_R14_T11/S002_R14_T12/S002_R14_T13/S002_R14_T14,30,False,S002_R06_T00/S002_R06_T01/S002_R06_T02/S002_R06_T03/S002_R06_T04/S002_R06_T05/S002_R06_T06/S002_R06_T07/S002_R06_T08/S002_R06_T09/S002_R06_T10/S002_R06_T11/S002_R06_T12/S002_R06_T13,S002_R06_T00/S002_R06_T01/S002_R06_T02/S002_R06_T03/S002_R06_T04/S002_R06_T05/S002_R06_T06/S002_R06_T07/S002_R06_T08/S002_R06_T09/S002_R06_T10/S002_R06_T11/S002_R06_T12/S002_R06_T13,S002_R06_T00/S002_R06_T01/S002_R06_T02/S002_R06_T03/S002_R06_T04/S002_R06_T05/S002_R06_T06/S002_R06_T07/S002_R06_T08/S002_R06_T09/S002_R06_T10/S002_R06_T11/S002_R06_T12/S002_R06_T13,False,False,False,False,False,False
2,2,target_csp_empirical,10,6/14,1/3/4/5/6/7/8/9/10/11/12/13/14/15/16/17/18/19/20,S002_R10_T00/S002_R10_T01/S002_R10_T02/S002_R10_T03/S002_R10_T04/S002_R10_T05/S002_R10_T06/S002_R10_T07/S002_R10_T08/S002_R10_T09/S002_R10_T10/S002_R10_T11/S002_R10_T12/S002_R10_T13,14,7,7,S002_R06_T00/S002_R06_T01/S002_R06_T02/S002_R06_T03/S002_R06_T04/S002_R06_T05/S002_R06_T06/S002_R06_T07/S002_R06_T08/S002_R06_T09/S002_R06_T10/S002_R06_T11/S002_R06_T12/S002_R06_T13/S002_R06_T14/S002_R14_T00/S002_R14_T01/S002_R14_T02/S002_R14_T03/S002_R14_T04/S002_R14_T05/S002_R14_T06/S002_R14_T07/S002_R14_T08/S002_R14_T09/S002_R14_T10/S002_R14_T11/S002_R14_T12/S002_R14_T13/S002_R14_T14,30,False,S002_R10_T00/S002_R10_T01/S002_R10_T02/S002_R10_T03/S002_R10_T04/S002_R10_T05/S002_R10_T06/S002_R10_T07/S002_R10_T08/S002_R10_T09/S002_R10_T10/S002_R10_T11/S002_R10_T12/S002_R10_T13,S002_R10_T00/S002_R10_T01/S002_R10_T02/S002_R10_T03/S002_R10_T04/S002_R10_T05/S002_R10_T06/S002_R10_T07/S002_R10_T08/S002_R10_T09/S002_R10_T10/S002_R10_T11/S002_R10_T12/S002_R10_T13,S002_R10_T00/S002_R10_T01/S002_R10_T02/S002_R10_T03/S002_R10_T04/S002_R10_T05/S002_R10_T06/S002_R10_T07/S002_R10_T08/S002_R10_T09/S002_R10_T10/S002_R10_T11/S002_R10_T12/S002_R10_T13,False,False,False,False,False,False
2,2,target_csp_empirical,14,6/10,1/3/4/5/6/7/8/9/10/11/12/13/14/15/16/17/18/19/20,S002_R14_T00/S002_R14_T01/S002_R14_T02/S002_R14_T03/S002_R14_T04/S002_R14_T05/S002_R14_T06/S002_R14_T07/S002_R14_T08/S002_R14_T09/S002_R14_T10/S002_R14_T11/S002_R14_T12/S002_R14_T13,14,7,7,S002_R06_T00/S002_R06_T01/S002_R06_T02/S002_R06_T03/S002_R06_T04/S002_R06_T05/S002_R06_T06/S002_R06_T07/S002_R06_T08/S002_R06_T09/S002_R06_T10/S002_R06_T11/S002_R06_T12/S002_R06_T13/S002_R06_T14/S002_R10_T00/S002_R10_T01/S002_R10_T02/S002_R10_T03/S002_R10_T04/S002_R10_T05/S002_R10_T06/S002_R10_T07/S002_R10_T08/S002_R10_T09/S002_R10_T10/S002_R10_T11/S002_R10_T12/S002_R10_T13/S002_R10_T14,30,False,S002_R14_T00/S002_R14_T01/S002_R14_T02/S002_R14_T03/S002_R14_T04/S002_R14_T05/S002_R14_T06/S002_R14_T07/S002_R14_T08/S002_R14_T09/S002_R14_T10/S002_R14_T11/S002_R14_T12/S002_R14_T13,S002_R14_T00/S002_R14_T01/S002_R14_T02/S002_R14_T03/S002_R14_T04/S002_R14_T05/S002_R14_T06/S002_R14_T07/S002_R14_T08/S002_R14_T09/S002_R14_T10/S002_R14_T11/S002_R14_T12/S002_R14_T13,S002_R14_T00/S002_R14_T01/S002_R14_T02/S002_R14_T03/S002_R14_T04/S002_R14_T05/S002_R14_T06/S002_R14_T07/S002_R14_T08/S002_R14_T09/S002_R14_T10/S002_R14_T11/S002_R14_T12/S002_R14_T13,False,False,False,False,False,False
2,2,target_csp_ledoit_wolf,6,10/14,1/3/4/5/6/7/8/9/10/11/12/13/14/15/16/17/18/19/20,S002_R06_T00/S002_R06_T01/S002_R06_T02/S002_R06_T03/S002_R06_T04/S002_R06_T05/S002_R06_T06/S002_R06_T07/S002_R06_T08/S002_R06_T09/S002_R06_T10/S002_R06_T11/S002_R06_T12/S002_R06_T13,14,7,7,S002_R10_T00/S002_R10_T01/S002_R10_T02/S002_R10_T03/S002_R10_T04/S002_R10_T05/S002_R10_T06/S002_R10_T07/S002_R10_T08/S002_R10_T09/S002_R10_T10/S002_R10_T11/S002_R10_T12/S002_R10_T13/S002_R10_T14/S002_R14_T00/S002_R14_T01/S002_R14_T02/S002_R14_T03/S002_R14_T04/S002_R14_T05/S002_R14_T06/S002_R14_T07/S002_R14_T08/S002_R14_T09/S002_R14_T10/S002_R14_T11/S002_R14_T12/S002_R14_T13/S002_R14_T14,30,False,S002_R06_T00/S002_R06_T01/S002_R06_T02/S002_R06_T03/S002_R06_T04/S002_R06_T05/S002_R06_T06/S002_R06_T07/S002_R06_T08/S002_R06_T09/S002_R06_T10/S002_R06_T11/S002_R06_T12/S002_R06_T13,S002_R06_T00/S002_R06_T01/S002_R06_T02/S002_R06_T03/S002_R06_T04/S002_R06_T05/S002_R06_T06/S002_R06_T07/S002_R06_T08/S002_R06_T09/S002_R06_T10/S002_R06_T11/S002_R06_T12/S002_R06_T13,S002_R06_T00/S002_R06_T01/S002_R06_T02/S002_R06_T03/S002_R06_T04/S002_R06_T05/S002_R06_T06/S002_R06_T07/S002_R06_T08/S002_R06_T09/S002_R06_T10/S002_R06_T11/S002_R06_T12/S002_R06_T13,False,False,False,False,False,False
2,2,target_csp_ledoit_wolf,10,6/14,1/3/4/5/6/7/8/9/10/11/12/13/14/15/16/17/18/19/20,S002_R10_T00/S002_R10_T01/S002_R10_T02/S002_R10_T03/S002_R10_T04/S002_R10_T05/S002_R10_T06/S002_R10_T07/S002_R10_T08/S002_R10_T09/S002_R10_T10/S002_R10_T11/S002_R10_T12/S002_R10_T13,14,7,7,S002_R06_T00/S002_R06_T01/S002_R06_T02/S002_R06_T03/S002_R06_T04/S002_R06_T05/S002_R06_T06/S002_R06_T07/S002_R06_T08/S002_R06_T09/S002_R06_T10/S002_R06_T11/S002_R06_T12/S002_R06_T13/S002_R06_T14/S002_R14_T00/S002_R14_T01/S002_R14_T02/S002_R14_T03/S002_R14_T04/S002_R14_T05/S002_R14_T06/S002_R14_T07/S002_R14_T08/S002_R14_T09/S002_R14_T10/S002_R14_T11/S002_R14_T12/S002_R14_T13/S002_R14_T14,30,False,S002_R10_T00/S002_R10_T01/S002_R10_T02/S002_R10_T03/S002_R10_T04/S002_R10_T05/S002_R10_T06/S002_R10_T07/S002_R10_T08/S002_R10_T09/S002_R10_T10/S002_R10_T11/S002_R10_T12/S002_R10_T13,S002_R10_T00/S002_R10_T01/S002_R10_T02/S002_R10_T03/S002_R10_T04/S002_R10_T05/S002_R10_T06/S002_R10_T07/S002_R10_T08/S002_R10_T09/S002_R10_T10/S002_R10_T11/S002_R10_T12/S002_R10_T13,S002_R10_T00/S002_R10_T01/S002_R10_T02/S002_R10_T03/S002_R10_T04/S002_R10_T05/S002_R10_T06/S002_R10_T07/S002_R10_T08/S002_R10_T09/S002_R10_T10/S002_R10_T11/S002_R10_T12/S002_R10_T13,False,False,False,False,False,False
2,2,target_csp_ledoit_wolf,14,6/10,1/3/4/5/6/7/8/9/10/11/12/13/14/15/16/17/18/19/20,S002_R14_T00/S002_R14_T01/S002_R14_T02/S002_R14_T03/S002_R14_T04/S002_R14_T05/S002_R14_T06/S002_R14_T07/S002_R14_T08/S002_R14_T09/S002_R14_T10/S002_R14_T11/S002_R14_T12/S002_R14_T13,14,7,7,S002_R06_T00/S002_R06_T01/S002_R06_T02/S002_R06_T03/S002_R06_T04/S002_R06_T05/S002_R06_T06/S002_R06_T07/S002_R06_T08/S002_R06_T09/S002_R06_T10/S002_R06_T11/S002_R06_T12/S002_R06_T13/S002_R06_T14/S002_R10_T00/S002_R10_T01/S002_R10_T02/S002_R10_T03/S002_R10_T04/S002_R10_T05/S002_R10_T06/S002_R10_T07/S002_R10_T08/S002_R10_T09/S002_R10_T10/S002_R10_T11/S002_R10_T12/S002_R10_T13/S002_R10_T14,30,False,S002_R14_T00/S002_R14_T01/S002_R14_T02/S002_R14_T03/S002_R14_T04/S002_R14_T05/S002_R14_T06/S002_R14_T07/S002_R14_T08/S002_R14_T09/S002_R14_T10/S002_R14_T11/S002_R14_T12/S002_R14_T13,S002_R14_T00/S002_R14_T01/S002_R14_T02/S002_R14_T03/S002_R14_T04/S002_R14_T05/S002_R14_T06/S002_R14_T07/S002_R14_T08/S002_R14_T09/S002_R14_T10/S002_R14_T11/S002_R14_T12/S002_R14_T13,S002_R14_T00/S002_R14_T01/S002_R14_T02/S002_R14_T03/S002_R14_T04/S002_R14_T05/S002_R14_T06/S002_R14_T07/S002_R14_T08/S002_R14_T09/S002_R14_T10/S002_R14_T11/S002_R14_T12/S002_R14_T13,False,False,False,False,False,False
3,3,source_zero_shot,6,10/14,1/2/4/5/6/7/8/9/10/11/12/13/14/15/16/17/18/19/20,S003_R06_T00/S003_R06_T01/S003_R06_T02/S003_R06_T03/S003_R06_T04/S003_R06_T05/S003_R06_T06/S003_R06_T07/S003_R06_T08/S003_R06_T09/S003_R06_T10/S003_R06_T11/S003_R06_T12/S003_R06_T13,14,7,7,S003_R10_T00/S003_R10_T01/S003_R10_T02/S003_R10_T03/S003_R10_T04/S003_R10_T05/S003_R10_T06/S003_R10_T07/S003_R10_T08/S003_R10_T09/S003_R10_T10/S003_R10_T11/S003_R10_T12/S003_R10_T13/S003_R10_T14/S003_R14_T00/S003_R14_T01/S003_R14_T02/S003_R14_T03/S003_R14_T04/S003_R14_T05/S003_R14_T06/S003_R14_T07/S003_R14_T08/S003_R14_T09/S003_R14_T10/S003_R14_T11/S003_R14_T12/S003_R14_T13/S003_R14_T14,30,False,not_applicable,not_applicable,not_applicable,False,False,False,False,False,False
3,3,source_zero_shot,10,6/14,1/2/4/5/6/7/8/9/10/11/12/13/14/15/16/17/18/19/20,S003_R10_T00/S003_R10_T01/S003_R10_T02/S003_R10_T03/S003_R10_T04/S003_R10_T05/S003_R10_T06/S003_R10_T07/S003_R10_T08/S003_R10_T09/S003_R10_T10/S003_R10_T11/S003_R10_T12/S003_R10_T13,14,7,7,S003_R06_T00/S003_R06_T01/S003_R06_T02/S003_R06_T03/S003_R06_T04/S003_R06_T05/S003_R06_T06/S003_R06_T07/S003_R06_T08/S003_R06_T09/S003_R06_T10/S003_R06_T11/S003_R06_T12/S003_R06_T13/S003_R06_T14/S003_R14_T00/S003_R14_T01/S003_R14_T02/S003_R14_T03/S003_R14_T04/S003_R14_T05/S003_R14_T06/S003_R14_T07/S003_R14_T08/S003_R14_T09/S003_R14_T10/S003_R14_T11/S003_R14_T12/S003_R14_T13/S003_R14_T14,30,False,not_applicable,not_applicable,not_applicable,False,False,False,False,False,False
3,3,source_zero_shot,14,6/10,1/2/4/5/6/7/8/9/10/11/12/13/14/15/16/17/18/19/20,S003_R14_T00/S003_R14_T01/S003_R14_T02/S003_R14_T03/S003_R14_T04/S003_R14_T05/S003_R14_T06/S003_R14_T07/S003_R14_T08/S003_R14_T09/S003_R14_T10/S003_R14_T11/S003_R14_T12/S003_R14_T13,14,7,7,S003_R06_T00/S003_R06_T01/S003_R06_T02/S003_R06_T03/S003_R06_T04/S003_R06_T05/S003_R06_T06/S003_R06_T07/S003_R06_T08/S003_R06_T09/S003_R06_T10/S003_R06_T11/S003_R06_T12/S003_R06_T13/S003_R06_T14/S003_R10_T00/S003_R10_T01/S003_R10_T02/S003_R10_T03/S003_R10_T04/S003_R10_T05/S003_R10_T06/S003_R10_T07/S003_R10_T08/S003_R10_T09/S003_R10_T10/S003_R10_T11/S003_R10_T12/S003_R10_T13/S003_R10_T14,30,False,not_applicable,not_applicable,not_applicable,False,False,False,False,False,False
3,3,source_csp_target_lda_source_scaler,6,10/14,1/2/4/5/6/7/8/9/10/11/12/13/14/15/16/17/18/19/20,S003_R06_T00/S003_R06_T01/S003_R06_T02/S003_R06_T03/S003_R06_T04/S003_R06_T05/S003_R06_T06/S003_R06_T07/S003_R06_T08/S003_R06_T09/S003_R06_T10/S003_R06_T11/S003_R06_T12/S003_R06_T13,14,7,7,S003_R10_T00/S003_R10_T01/S003_R10_T02/S003_R10_T03/S003_R10_T04/S003_R10_T05/S003_R10_T06/S003_R10_T07/S003_R10_T08/S003_R10_T09/S003_R10_T10/S003_R10_T11/S003_R10_T12/S003_R10_T13/S003_R10_T14/S003_R14_T00/S003_R14_T01/S003_R14_T02/S003_R14_T03/S003_R14_T04/S003_R14_T05/S003_R14_T06/S003_R14_T07/S003_R14_T08/S003_R14_T09/S003_R14_T10/S003_R14_T11/S003_R14_T12/S003_R14_T13/S003_R14_T14,30,False,not_applicable,not_applicable,S003_R06_T00/S003_R06_T01/S003_R06_T02/S003_R06_T03/S003_R06_T04/S003_R06_T05/S003_R06_T06/S003_R06_T07/S003_R06_T08/S003_R06_T09/S003_R06_T10/S003_R06_T11/S003_R06_T12/S003_R06_T13,False,False,False,False,False,False
3,3,source_csp_target_lda_source_scaler,10,6/14,1/2/4/5/6/7/8/9/10/11/12/13/14/15/16/17/18/19/20,S003_R10_T00/S003_R10_T01/S003_R10_T02/S003_R10_T03/S003_R10_T04/S003_R10_T05/S003_R10_T06/S003_R10_T07/S003_R10_T08/S003_R10_T09/S003_R10_T10/S003_R10_T11/S003_R10_T12/S003_R10_T13,14,7,7,S003_R06_T00/S003_R06_T01/S003_R06_T02/S003_R06_T03/S003_R06_T04/S003_R06_T05/S003_R06_T06/S003_R06_T07/S003_R06_T08/S003_R06_T09/S003_R06_T10/S003_R06_T11/S003_R06_T12/S003_R06_T13/S003_R06_T14/S003_R14_T00/S003_R14_T01/S003_R14_T02/S003_R14_T03/S003_R14_T04/S003_R14_T05/S003_R14_T06/S003_R14_T07/S003_R14_T08/S003_R14_T09/S003_R14_T10/S003_R14_T11/S003_R14_T12/S003_R14_T13/S003_R14_T14,30,False,not_applicable,not_applicable,S003_R10_T00/S003_R10_T01/S003_R10_T02/S003_R10_T03/S003_R10_T04/S003_R10_T05/S003_R10_T06/S003_R10_T07/S003_R10_T08/S003_R10_T09/S003_R10_T10/S003_R10_T11/S003_R10_T12/S003_R10_T13,False,False,False,False,False,False
3,3,source_csp_target_lda_source_scaler,14,6/10,1/2/4/5/6/7/8/9/10/11/12/13/14/15/16/17/18/19/20,S003_R14_T00/S003_R14_T01/S003_R14_T02/S003_R14_T03/S003_R14_T04/S003_R14_T05/S003_R14_T06/S003_R14_T07/S003_R14_T08/S003_R14_T09/S003_R14_T10/S003_R14_T11/S003_R14_T12/S003_R14_T13,14,7,7,S003_R06_T00/S003_R06_T01/S003_R06_T02/S003_R06_T03/S003_R06_T04/S003_R06_T05/S003_R06_T06/S003_R06_T07/S003_R06_T08/S003_R06_T09/S003_R06_T10/S003_R06_T11/S003_R06_T12/S003_R06_T13/S003_R06_T14/S003_R10_T00/S003_R10_T01/S003_R10_T02/S003_R10_T03/S003_R10_T04/S003_R10_T05/S003_R10_T06/S003_R10_T07/S003_R10_T08/S003_R10_T09/S003_R10_T10/S003_R10_T11/S003_R10_T12/S003_R10_T13/S003_R10_T14,30,False,not_applicable,not_applicable,S003_R14_T00/S003_R14_T01/S003_R14_T02/S003_R14_T03/S003_R14_T04/S003_R14_T05/S003_R14_T06/S003_R14_T07/S003_R14_T08/S003_R14_T09/S003_R14_T10/S003_R14_T11/S003_R14_T12/S003_R14_T13,False,False,False,False,False,False
3,3,source_csp_target_lda_target_scaler,6,10/14,1/2/4/5/6/7/8/9/10/11/12/13/14/15/16/17/18/19/20,S003_R06_T00/S003_R06_T01/S003_R06_T02/S003_R06_T03/S003_R06_T04/S003_R06_T05/S003_R06_T06/S003_R06_T07/S003_R06_T08/S003_R06_T09/S003_R06_T10/S003_R06_T11/S003_R06_T12/S003_R06_T13,14,7,7,S003_R10_T00/S003_R10_T01/S003_R10_T02/S003_R10_T03/S003_R10_T04/S003_R10_T05/S003_R10_T06/S003_R10_T07/S003_R10_T08/S003_R10_T09/S003_R10_T10/S003_R10_T11/S003_R10_T12/S003_R10_T13/S003_R10_T14/S003_R14_T00/S003_R14_T01/S003_R14_T02/S003_R14_T03/S003_R14_T04/S003_R14_T05/S003_R14_T06/S003_R14_T07/S003_R14_T08/S003_R14_T09/S003_R14_T10/S003_R14_T11/S003_R14_T12/S003_R14_T13/S003_R14_T14,30,False,not_applicable,S003_R06_T00/S003_R06_T01/S003_R06_T02/S003_R06_T03/S003_R06_T04/S003_R06_T05/S003_R06_T06/S003_R06_T07/S003_R06_T08/S003_R06_T09/S003_R06_T10/S003_R06_T11/S003_R06_T12/S003_R06_T13,S003_R06_T00/S003_R06_T01/S003_R06_T02/S003_R06_T03/S003_R06_T04/S003_R06_T05/S003_R06_T06/S003_R06_T07/S003_R06_T08/S003_R06_T09/S003_R06_T10/S003_R06_T11/S003_R06_T12/S003_R06_T13,False,False,False,False,False,False
3,3,source_csp_target_lda_target_scaler,10,6/14,1/2/4/5/6/7/8/9/10/11/12/13/14/15/16/17/18/19/20,S003_R10_T00/S003_R10_T01/S003_R10_T02/S003_R10_T03/S003_R10_T04/S003_R10_T05/S003_R10_T06/S003_R10_T07/S003_R10_T08/S003_R10_T09/S003_R10_T10/S003_R10_T11/S003_R10_T12/S003_R10_T13,14,7,7,S003_R06_T00/S003_R06_T01/S003_R06_T02/S003_R06_T03/S003_R06_T04/S003_R06_T05/S003_R06_T06/S003_R06_T07/S003_R06_T08/S003_R06_T09/S003_R06_T10/S003_R06_T11/S003_R06_T12/S003_R06_T13/S003_R06_T14/S003_R14_T00/S003_R14_T01/S003_R14_T02/S003_R14_T03/S003_R14_T04/S003_R14_T05/S003_R14_T06/S003_R14_T07/S003_R14_T08/S003_R14_T09/S003_R14_T10/S003_R14_T11/S003_R14_T12/S003_R14_T13/S003_R14_T14,30,False,not_applicable,S003_R10_T00/S003_R10_T01/S003_R10_T02/S003_R10_T03/S003_R10_T04/S003_R10_T05/S003_R10_T06/S003_R10_T07/S003_R10_T08/S003_R10_T09/S003_R10_T10/S003_R10_T11/S003_R10_T12/S003_R10_T13,S003_R10_T00/S003_R10_T01/S003_R10_T02/S003_R10_T03/S003_R10_T04/S003_R10_T05/S003_R10_T06/S003_R10_T07/S003_R10_T08/S003_R10_T09/S003_R10_T10/S003_R10_T11/S003_R10_T12/S003_R10_T13,False,False,False,False,False,False
3,3,source_csp_target_lda_target_scaler,14,6/10,1/2/4/5/6/7/8/9/10/11/12/13/14/15/16/17/18/19/20,S003_R14_T00/S003_R14_T01/S003_R14_T02/S003_R14_T03/S003_R14_T04/S003_R14_T05/S003_R14_T06/S003_R14_T07/S003_R14_T08/S003_R14_T09/S003_R14_T10/S003_R14_T11/S003_R14_T12/S003_R14_T13,14,7,7,S003_R06_T00/S003_R06_T01/S003_R06_T02/S003_R06_T03/S003_R06_T04/S003_R06_T05/S003_R06_T06/S003_R06_T07/S003_R06_T08/S003_R06_T09/S003_R06_T10/S003_R06_T11/S003_R06_T12/S003_R06_T13/S003_R06_T14/S003_R10_T00/S003_R10_T01/S003_R10_T02/S003_R10_T03/S003_R10_T04/S003_R10_T05/S003_R10_T06/S003_R10_T07/S003_R10_T08/S003_R10_T09/S003_R10_T10/S003_R10_T11/S003_R10_T12/S003_R10_T13/S003_R10_T14,30,False,not_applicable,S003_R14_T00/S003_R14_T01/S003_R14_T02/S003_R14_T03/S003_R14_T04/S003_R14_T05/S003_R14_T06/S003_R14_T07/S003_R14_T08/S003_R14_T09/S003_R14_T10/S003_R14_T11/S003_R14_T12/S003_R14_T13,S003_R14_T00/S003_R14_T01/S003_R14_T02/S003_R14_T03/S003_R14_T04/S003_R14_T05/S003_R14_T06/S003_R14_T07/S003_R14_T08/S003_R14_T09/S003_R14_T10/S003_R14_T11/S003_R14_T12/S003_R14_T13,False,False,False,False,False,False
3,3,target_csp_empirical,6,10/14,1/2/4/5/6/7/8/9/10/11/12/13/14/15/16/17/18/19/20,S003_R06_T00/S003_R06_T01/S003_R06_T02/S003_R06_T03/S003_R06_T04/S003_R06_T05/S003_R06_T06/S003_R06_T07/S003_R06_T08/S003_R06_T09/S003_R06_T10/S003_R06_T11/S003_R06_T12/S003_R06_T13,14,7,7,S003_R10_T00/S003_R10_T01/S003_R10_T02/S003_R10_T03/S003_R10_T04/S003_R10_T05/S003_R10_T06/S003_R10_T07/S003_R10_T08/S003_R10_T09/S003_R10_T10/S003_R10_T11/S003_R10_T12/S003_R10_T13/S003_R10_T14/S003_R14_T00/S003_R14_T01/S003_R14_T02/S003_R14_T03/S003_R14_T04/S003_R14_T05/S003_R14_T06/S003_R14_T07/S003_R14_T08/S003_R14_T09/S003_R14_T10/S003_R14_T11/S003_R14_T12/S003_R14_T13/S003_R14_T14,30,False,S003_R06_T00/S003_R06_T01/S003_R06_T02/S003_R06_T03/S003_R06_T04/S003_R06_T05/S003_R06_T06/S003_R06_T07/S003_R06_T08/S003_R06_T09/S003_R06_T10/S003_R06_T11/S003_R06_T12/S003_R06_T13,S003_R06_T00/S003_R06_T01/S003_R06_T02/S003_R06_T03/S003_R06_T04/S003_R06_T05/S003_R06_T06/S003_R06_T07/S003_R06_T08/S003_R06_T09/S003_R06_T10/S003_R06_T11/S003_R06_T12/S003_R06_T13,S003_R06_T00/S003_R06_T01/S003_R06_T02/S003_R06_T03/S003_R06_T04/S003_R06_T05/S003_R06_T06/S003_R06_T07/S003_R06_T08/S003_R06_T09/S003_R06_T10/S003_R06_T11/S003_R06_T12/S003_R06_T13,False,False,False,False,False,False
3,3,target_csp_empirical,10,6/14,1/2/4/5/6/7/8/9/10/11/12/13/14/15/16/17/18/19/20,S003_R10_T00/S003_R10_T01/S003_R10_T02/S003_R10_T03/S003_R10_T04/S003_R10_T05/S003_R10_T06/S003_R10_T07/S003_R10_T08/S003_R10_T09/S003_R10_T10/S003_R10_T11/S003_R10_T12/S003_R10_T13,14,7,7,S003_R06_T00/S003_R06_T01/S003_R06_T02/S003_R06_T03/S003_R06_T04/S003_R06_T05/S003_R06_T06/S003_R06_T07/S003_R06_T08/S003_R06_T09/S003_R06_T10/S003_R06_T11/S003_R06_T12/S003_R06_T13/S003_R06_T14/S003_R14_T00/S003_R14_T01/S003_R14_T02/S003_R14_T03/S003_R14_T04/S003_R14_T05/S003_R14_T06/S003_R14_T07/S003_R14_T08/S003_R14_T09/S003_R14_T10/S003_R14_T11/S003_R14_T12/S003_R14_T13/S003_R14_T14,30,False,S003_R10_T00/S003_R10_T01/S003_R10_T02/S003_R10_T03/S003_R10_T04/S003_R10_T05/S003_R10_T06/S003_R10_T07/S003_R10_T08/S003_R10_T09/S003_R10_T10/S003_R10_T11/S003_R10_T12/S003_R10_T13,S003_R10_T00/S003_R10_T01/S003_R10_T02/S003_R10_T03/S003_R10_T04/S003_R10_T05/S003_R10_T06/S003_R10_T07/S003_R10_T08/S003_R10_T09/S003_R10_T10/S003_R10_T11/S003_R10_T12/S003_R10_T13,S003_R10_T00/S003_R10_T01/S003_R10_T02/S003_R10_T03/S003_R10_T04/S003_R10_T05/S003_R10_T06/S003_R10_T07/S003_R10_T08/S003_R10_T09/S003_R10_T10/S003_R10_T11/S003_R10_T12/S003_R10_T13,False,False,False,False,False,False
3,3,target_csp_empirical,14,6/10,1/2/4/5/6/7/8/9/10/11/12/13/14/15/16/17/18/19/20,S003_R14_T00/S003_R14_T01/S003_R14_T02/S003_R14_T03/S003_R14_T04/S003_R14_T05/S003_R14_T06/S003_R14_T07/S003_R14_T08/S003_R14_T09/S003_R14_T10/S003_R14_T11/S003_R14_T12/S003_R14_T13,14,7,7,S003_R06_T00/S003_R06_T01/S003_R06_T02/S003_R06_T03/S003_R06_T04/S003_R06_T05/S003_R06_T06/S003_R06_T07/S003_R06_T08/S003_R06_T09/S003_R06_T10/S003_R06_T11/S003_R06_T12/S003_R06_T13/S003_R06_T14/S003_R10_T00/S003_R10_T01/S003_R10_T02/S003_R10_T03/S003_R10_T04/S003_R10_T05/S003_R10_T06/S003_R10_T07/S003_R10_T08/S003_R10_T09/S003_R10_T10/S003_R10_T11/S003_R10_T12/S003_R10_T13/S003_R10_T14,30,False,S003_R14_T00/S003_R14_T01/S003_R14_T02/S003_R14_T03/S003_R14_T04/S003_R14_T05/S003_R14_T06/S003_R14_T07/S003_R14_T08/S003_R14_T09/S003_R14_T10/S003_R14_T11/S003_R14_T12/S003_R14_T13,S003_R14_T00/S003_R14_T01/S003_R14_T02/S003_R14_T03/S003_R14_T04/S003_R14_T05/S003_R14_T06/S003_R14_T07/S003_R14_T08/S003_R14_T09/S003_R14_T10/S003_R14_T11/S003_R14_T12/S003_R14_T13,S003_R14_T00/S003_R14_T01/S003_R14_T02/S003_R14_T03/S003_R14_T04/S003_R14_T05/S003_R14_T06/S003_R14_T07/S003_R14_T08/S003_R14_T09/S003_R14_T10/S003_R14_T11/S003_R14_T12/S003_R14_T13,False,False,False,False,False,False
3,3,target_csp_ledoit_wolf,6,10/14,1/2/4/5/6/7/8/9/10/11/12/13/14/15/16/17/18/19/20,S003_R06_T00/S003_R06_T01/S003_R06_T02/S003_R06_T03/S003_R06_T04/S003_R06_T05/S003_R06_T06/S003_R06_T07/S003_R06_T08/S003_R06_T09/S003_R06_T10/S003_R06_T11/S003_R06_T12/S003_R06_T13,14,7,7,S003_R10_T00/S003_R10_T01/S003_R10_T02/S003_R10_T03/S003_R10_T04/S003_R10_T05/S003_R10_T06/S003_R10_T07/S003_R10_T08/S003_R10_T09/S003_R10_T10/S003_R10_T11/S003_R10_T12/S003_R10_T13/S003_R10_T14/S003_R14_T00/S003_R14_T01/S003_R14_T02/S003_R14_T03/S003_R14_T04/S003_R14_T05/S003_R14_T06/S003_R14_T07/S003_R14_T08/S003_R14_T09/S003_R14_T10/S003_R14_T11/S003_R14_T12/S003_R14_T13/S003_R14_T14,30,False,S003_R06_T00/S003_R06_T01/S003_R06_T02/S003_R06_T03/S003_R06_T04/S003_R06_T05/S003_R06_T06/S003_R06_T07/S003_R06_T08/S003_R06_T09/S003_R06_T10/S003_R06_T11/S003_R06_T12/S003_R06_T13,S003_R06_T00/S003_R06_T01/S003_R06_T02/S003_R06_T03/S003_R06_T04/S003_R06_T05/S003_R06_T06/S003_R06_T07/S003_R06_T08/S003_R06_T09/S003_R06_T10/S003_R06_T11/S003_R06_T12/S003_R06_T13,S003_R06_T00/S003_R06_T01/S003_R06_T02/S003_R06_T03/S003_R06_T04/S003_R06_T05/S003_R06_T06/S003_R06_T07/S003_R06_T08/S003_R06_T09/S003_R06_T10/S003_R06_T11/S003_R06_T12/S003_R06_T13,False,False,False,False,False,False
3,3,target_csp_ledoit_wolf,10,6/14,1/2/4/5/6/7/8/9/10/11/12/13/14/15/16/17/18/19/20,S003_R10_T00/S003_R10_T01/S003_R10_T02/S003_R10_T03/S003_R10_T04/S003_R10_T05/S003_R10_T06/S003_R10_T07/S003_R10_T08/S003_R10_T09/S003_R10_T10/S003_R10_T11/S003_R10_T12/S003_R10_T13,14,7,7,S003_R06_T00/S003_R06_T01/S003_R06_T02/S003_R06_T03/S003_R06_T04/S003_R06_T05/S003_R06_T06/S003_R06_T07/S003_R06_T08/S003_R06_T09/S003_R06_T10/S003_R06_T11/S003_R06_T12/S003_R06_T13/S003_R06_T14/S003_R14_T00/S003_R14_T01/S003_R14_T02/S003_R14_T03/S003_R14_T04/S003_R14_T05/S003_R14_T06/S003_R14_T07/S003_R14_T08/S003_R14_T09/S003_R14_T10/S003_R14_T11/S003_R14_T12/S003_R14_T13/S003_R14_T14,30,False,S003_R10_T00/S003_R10_T01/S003_R10_T02/S003_R10_T03/S003_R10_T04/S003_R10_T05/S003_R10_T06/S003_R10_T07/S003_R10_T08/S003_R10_T09/S003_R10_T10/S003_R10_T11/S003_R10_T12/S003_R10_T13,S003_R10_T00/S003_R10_T01/S003_R10_T02/S003_R10_T03/S003_R10_T04/S003_R10_T05/S003_R10_T06/S003_R10_T07/S003_R10_T08/S003_R10_T09/S003_R10_T10/S003_R10_T11/S003_R10_T12/S003_R10_T13,S003_R10_T00/S003_R10_T01/S003_R10_T02/S003_R10_T03/S003_R10_T04/S003_R10_T05/S003_R10_T06/S003_R10_T07/S003_R10_T08/S003_R10_T09/S003_R10_T10/S003_R10_T11/S003_R10_T12/S003_R10_T13,False,False,False,False,False,False
3,3,target_csp_ledoit_wolf,14,6/10,1/2/4/5/6/7/8/9/10/11/12/13/14/15/16/17/18/19/20,S003_R14_T00/S003_R14_T01/S003_R14_T02/S003_R14_T03/S003_R14_T04/S003_R14_T05/S003_R14_T06/S003_R14_T07/S003_R14_T08/S003_R14_T09/S003_R14_T10/S003_R14_T11/S003_R14_T12/S003_R14_T13,14,7,7,S003_R06_T00/S003_R06_T01/S003_R06_T02/S003_R06_T03/S003_R06_T04/S003_R06_T05/S003_R06_T06/S003_R06_T07/S003_R06_T08/S003_R06_T09/S003_R06_T10/S003_R06_T11/S003_R06_T12/S003_R06_T13/S003_R06_T14/S003_R10_T00/S003_R10_T01/S003_R10_T02/S003_R10_T03/S003_R10_T04/S003_R10_T05/S003_R10_T06/S003_R10_T07/S003_R10_T08/S003_R10_T09/S003_R10_T10/S003_R10_T11/S003_R10_T12/S003_R10_T13/S003_R10_T14,30,False,S003_R14_T00/S003_R14_T01/S003_R14_T02/S003_R14_T03/S003_R14_T04/S003_R14_T05/S003_R14_T06/S003_R14_T07/S003_R14_T08/S003_R14_T09/S003_R14_T10/S003_R14_T11/S003_R14_T12/S003_R14_T13,S003_R14_T00/S003_R14_T01/S003_R14_T02/S003_R14_T03/S003_R14_T04/S003_R14_T05/S003_R14_T06/S003_R14_T07/S003_R14_T08/S003_R14_T09/S003_R14_T10/S003_R14_T11/S003_R14_T12/S003_R14_T13,S003_R14_T00/S003_R14_T01/S003_R14_T02/S003_R14_T03/S003_R14_T04/S003_R14_T05/S003_R14_T06/S003_R14_T07/S003_R14_T08/S003_R14_T09/S003_R14_T10/S003_R14_T11/S003_R14_T12/S003_R14_T13,False,False,False,False,False,False
4,4,source_zero_shot,6,10/14,1/2/3/5/6/7/8/9/10/11/12/13/14/15/16/17/18/19/20,S004_R06_T00/S004_R06_T01/S004_R06_T02/S004_R06_T03/S004_R06_T04/S004_R06_T05/S004_R06_T06/S004_R06_T07/S004_R06_T08/S004_R06_T09/S004_R06_T10/S004_R06_T11/S004_R06_T12/S004_R06_T13,14,7,7,S004_R10_T00/S004_R10_T01/S004_R10_T02/S004_R10_T03/S004_R10_T04/S004_R10_T05/S004_R10_T06/S004_R10_T07/S004_R10_T08/S004_R10_T09/S004_R10_T10/S004_R10_T11/S004_R10_T12/S004_R10_T13/S004_R10_T14/S004_R14_T00/S004_R14_T01/S004_R14_T02/S004_R14_T03/S004_R14_T04/S004_R14_T05/S004_R14_T06/S004_R14_T07/S004_R14_T08/S004_R14_T09/S004_R14_T10/S004_R14_T11/S004_R14_T12/S004_R14_T13/S004_R14_T14,30,False,not_applicable,not_applicable,not_applicable,False,False,False,False,False,False
4,4,source_zero_shot,10,6/14,1/2/3/5/6/7/8/9/10/11/12/13/14/15/16/17/18/19/20,S004_R10_T00/S004_R10_T01/S004_R10_T02/S004_R10_T03/S004_R10_T04/S004_R10_T05/S004_R10_T06/S004_R10_T07/S004_R10_T08/S004_R10_T09/S004_R10_T10/S004_R10_T11/S004_R10_T12/S004_R10_T13,14,7,7,S004_R06_T00/S004_R06_T01/S004_R06_T02/S004_R06_T03/S004_R06_T04/S004_R06_T05/S004_R06_T06/S004_R06_T07/S004_R06_T08/S004_R06_T09/S004_R06_T10/S004_R06_T11/S004_R06_T12/S004_R06_T13/S004_R06_T14/S004_R14_T00/S004_R14_T01/S004_R14_T02/S004_R14_T03/S004_R14_T04/S004_R14_T05/S004_R14_T06/S004_R14_T07/S004_R14_T08/S004_R14_T09/S004_R14_T10/S004_R14_T11/S004_R14_T12/S004_R14_T13/S004_R14_T14,30,False,not_applicable,not_applicable,not_applicable,False,False,False,False,False,False
4,4,source_zero_shot,14,6/10,1/2/3/5/6/7/8/9/10/11/12/13/14/15/16/17/18/19/20,S004_R14_T00/S004_R14_T01/S004_R14_T02/S004_R14_T03/S004_R14_T04/S004_R14_T05/S004_R14_T06/S004_R14_T07/S004_R14_T08/S004_R14_T09/S004_R14_T10/S004_R14_T11/S004_R14_T12/S004_R14_T13,14,7,7,S004_R06_T00/S004_R06_T01/S004_R06_T02/S004_R06_T03/S004_R06_T04/S004_R06_T05/S004_R06_T06/S004_R06_T07/S004_R06_T08/S004_R06_T09/S004_R06_T10/S004_R06_T11/S004_R06_T12/S004_R06_T13/S004_R06_T14/S004_R10_T00/S004_R10_T01/S004_R10_T02/S004_R10_T03/S004_R10_T04/S004_R10_T05/S004_R10_T06/S004_R10_T07/S004_R10_T08/S004_R10_T09/S004_R10_T10/S004_R10_T11/S004_R10_T12/S004_R10_T13/S004_R10_T14,30,False,not_applicable,not_applicable,not_applicable,False,False,False,False,False,False
4,4,source_csp_target_lda_source_scaler,6,10/14,1/2/3/5/6/7/8/9/10/11/12/13/14/15/16/17/18/19/20,S004_R06_T00/S004_R06_T01/S004_R06_T02/S004_R06_T03/S004_R06_T04/S004_R06_T05/S004_R06_T06/S004_R06_T07/S004_R06_T08/S004_R06_T09/S004_R06_T10/S004_R06_T11/S004_R06_T12/S004_R06_T13,14,7,7,S004_R10_T00/S004_R10_T01/S004_R10_T02/S004_R10_T03/S004_R10_T04/S004_R10_T05/S004_R10_T06/S004_R10_T07/S004_R10_T08/S004_R10_T09/S004_R10_T10/S004_R10_T11/S004_R10_T12/S004_R10_T13/S004_R10_T14/S004_R14_T00/S004_R14_T01/S004_R14_T02/S004_R14_T03/S004_R14_T04/S004_R14_T05/S004_R14_T06/S004_R14_T07/S004_R14_T08/S004_R14_T09/S004_R14_T10/S004_R14_T11/S004_R14_T12/S004_R14_T13/S004_R14_T14,30,False,not_applicable,not_applicable,S004_R06_T00/S004_R06_T01/S004_R06_T02/S004_R06_T03/S004_R06_T04/S004_R06_T05/S004_R06_T06/S004_R06_T07/S004_R06_T08/S004_R06_T09/S004_R06_T10/S004_R06_T11/S004_R06_T12/S004_R06_T13,False,False,False,False,False,False
4,4,source_csp_target_lda_source_scaler,10,6/14,1/2/3/5/6/7/8/9/10/11/12/13/14/15/16/17/18/19/20,S004_R10_T00/S004_R10_T01/S004_R10_T02/S004_R10_T03/S004_R10_T04/S004_R10_T05/S004_R10_T06/S004_R10_T07/S004_R10_T08/S004_R10_T09/S004_R10_T10/S004_R10_T11/S004_R10_T12/S004_R10_T13,14,7,7,S004_R06_T00/S004_R06_T01/S004_R06_T02/S004_R06_T03/S004_R06_T04/S004_R06_T05/S004_R06_T06/S004_R06_T07/S004_R06_T08/S004_R06_T09/S004_R06_T10/S004_R06_T11/S004_R06_T12/S004_R06_T13/S004_R06_T14/S004_R14_T00/S004_R14_T01/S004_R14_T02/S004_R14_T03/S004_R14_T04/S004_R14_T05/S004_R14_T06/S004_R14_T07/S004_R14_T08/S004_R14_T09/S004_R14_T10/S004_R14_T11/S004_R14_T12/S004_R14_T13/S004_R14_T14,30,False,not_applicable,not_applicable,S004_R10_T00/S004_R10_T01/S004_R10_T02/S004_R10_T03/S004_R10_T04/S004_R10_T05/S004_R10_T06/S004_R10_T07/S004_R10_T08/S004_R10_T09/S004_R10_T10/S004_R10_T11/S004_R10_T12/S004_R10_T13,False,False,False,False,False,False
4,4,source_csp_target_lda_source_scaler,14,6/10,1/2/3/5/6/7/8/9/10/11/12/13/14/15/16/17/18/19/20,S004_R14_T00/S004_R14_T01/S004_R14_T02/S004_R14_T03/S004_R14_T04/S004_R14_T05/S004_R14_T06/S004_R14_T07/S004_R14_T08/S004_R14_T09/S004_R14_T10/S004_R14_T11/S004_R14_T12/S004_R14_T13,14,7,7,S004_R06_T00/S004_R06_T01/S004_R06_T02/S004_R06_T03/S004_R06_T04/S004_R06_T05/S004_R06_T06/S004_R06_T07/S004_R06_T08/S004_R06_T09/S004_R06_T10/S004_R06_T11/S004_R06_T12/S004_R06_T13/S004_R06_T14/S004_R10_T00/S004_R10_T01/S004_R10_T02/S004_R10_T03/S004_R10_T04/S004_R10_T05/S004_R10_T06/S004_R10_T07/S004_R10_T08/S004_R10_T09/S004_R10_T10/S004_R10_T11/S004_R10_T12/S004_R10_T13/S004_R10_T14,30,False,not_applicable,not_applicable,S004_R14_T00/S004_R14_T01/S004_R14_T02/S004_R14_T03/S004_R14_T04/S004_R14_T05/S004_R14_T06/S004_R14_T07/S004_R14_T08/S004_R14_T09/S004_R14_T10/S004_R14_T11/S004_R14_T12/S004_R14_T13,False,False,False,False,False,False
4,4,source_csp_target_lda_target_scaler,6,10/14,1/2/3/5/6/7/8/9/10/11/12/13/14/15/16/17/18/19/20,S004_R06_T00/S004_R06_T01/S004_R06_T02/S004_R06_T03/S004_R06_T04/S004_R06_T05/S004_R06_T06/S004_R06_T07/S004_R06_T08/S004_R06_T09/S004_R06_T10/S004_R06_T11/S004_R06_T12/S004_R06_T13,14,7,7,S004_R10_T00/S004_R10_T01/S004_R10_T02/S004_R10_T03/S004_R10_T04/S004_R10_T05/S004_R10_T06/S004_R10_T07/S004_R10_T08/S004_R10_T09/S004_R10_T10/S004_R10_T11/S004_R10_T12/S004_R10_T13/S004_R10_T14/S004_R14_T00/S004_R14_T01/S004_R14_T02/S004_R14_T03/S004_R14_T04/S004_R14_T05/S004_R14_T06/S004_R14_T07/S004_R14_T08/S004_R14_T09/S004_R14_T10/S004_R14_T11/S004_R14_T12/S004_R14_T13/S004_R14_T14,30,False,not_applicable,S004_R06_T00/S004_R06_T01/S004_R06_T02/S004_R06_T03/S004_R06_T04/S004_R06_T05/S004_R06_T06/S004_R06_T07/S004_R06_T08/S004_R06_T09/S004_R06_T10/S004_R06_T11/S004_R06_T12/S004_R06_T13,S004_R06_T00/S004_R06_T01/S004_R06_T02/S004_R06_T03/S004_R06_T04/S004_R06_T05/S004_R06_T06/S004_R06_T07/S004_R06_T08/S004_R06_T09/S004_R06_T10/S004_R06_T11/S004_R06_T12/S004_R06_T13,False,False,False,False,False,False
4,4,source_csp_target_lda_target_scaler,10,6/14,1/2/3/5/6/7/8/9/10/11/12/13/14/15/16/17/18/19/20,S004_R10_T00/S004_R10_T01/S004_R10_T02/S004_R10_T03/S004_R10_T04/S004_R10_T05/S004_R10_T06/S004_R10_T07/S004_R10_T08/S004_R10_T09/S004_R10_T10/S004_R10_T11/S004_R10_T12/S004_R10_T13,14,7,7,S004_R06_T00/S004_R06_T01/S004_R06_T02/S004_R06_T03/S004_R06_T04/S004_R06_T05/S004_R06_T06/S004_R06_T07/S004_R06_T08/S004_R06_T09/S004_R06_T10/S004_R06_T11/S004_R06_T12/S004_R06_T13/S004_R06_T14/S004_R14_T00/S004_R14_T01/S004_R14_T02/S004_R14_T03/S004_R14_T04/S004_R14_T05/S004_R14_T06/S004_R14_T07/S004_R14_T08/S004_R14_T09/S004_R14_T10/S004_R14_T11/S004_R14_T12/S004_R14_T13/S004_R14_T14,30,False,not_applicable,S004_R10_T00/S004_R10_T01/S004_R10_T02/S004_R10_T03/S004_R10_T04/S004_R10_T05/S004_R10_T06/S004_R10_T07/S004_R10_T08/S004_R10_T09/S004_R10_T10/S004_R10_T11/S004_R10_T12/S004_R10_T13,S004_R10_T00/S004_R10_T01/S004_R10_T02/S004_R10_T03/S004_R10_T04/S004_R10_T05/S004_R10_T06/S004_R10_T07/S004_R10_T08/S004_R10_T09/S004_R10_T10/S004_R10_T11/S004_R10_T12/S004_R10_T13,False,False,False,False,False,False
4,4,source_csp_target_lda_target_scaler,14,6/10,1/2/3/5/6/7/8/9/10/11/12/13/14/15/16/17/18/19/20,S004_R14_T00/S004_R14_T01/S004_R14_T02/S004_R14_T03/S004_R14_T04/S004_R14_T05/S004_R14_T06/S004_R14_T07/S004_R14_T08/S004_R14_T09/S004_R14_T10/S004_R14_T11/S004_R14_T12/S004_R14_T13,14,7,7,S004_R06_T00/S004_R06_T01/S004_R06_T02/S004_R06_T03/S004_R06_T04/S004_R06_T05/S004_R06_T06/S004_R06_T07/S004_R06_T08/S004_R06_T09/S004_R06_T10/S004_R06_T11/S004_R06_T12/S004_R06_T13/S004_R06_T14/S004_R10_T00/S004_R10_T01/S004_R10_T02/S004_R10_T03/S004_R10_T04/S004_R10_T05/S004_R10_T06/S004_R10_T07/S004_R10_T08/S004_R10_T09/S004_R10_T10/S004_R10_T11/S004_R10_T12/S004_R10_T13/S004_R10_T14,30,False,not_applicable,S004_R14_T00/S004_R14_T01/S004_R14_T02/S004_R14_T03/S004_R14_T04/S004_R14_T05/S004_R14_T06/S004_R14_T07/S004_R14_T08/S004_R14_T09/S004_R14_T10/S004_R14_T11/S004_R14_T12/S004_R14_T13,S004_R14_T00/S004_R14_T01/S004_R14_T02/S004_R14_T03/S004_R14_T04/S004_R14_T05/S004_R14_T06/S004_R14_T07/S004_R14_T08/S004_R14_T09/S004_R14_T10/S004_R14_T11/S004_R14_T12/S004_R14_T13,False,False,False,False,False,False
4,4,target_csp_empirical,6,10/14,1/2/3/5/6/7/8/9/10/11/12/13/14/15/16/17/18/19/20,S004_R06_T00/S004_R06_T01/S004_R06_T02/S004_R06_T03/S004_R06_T04/S004_R06_T05/S004_R06_T06/S004_R06_T07/S004_R06_T08/S004_R06_T09/S004_R06_T10/S004_R06_T11/S004_R06_T12/S004_R06_T13,14,7,7,S004_R10_T00/S004_R10_T01/S004_R10_T02/S004_R10_T03/S004_R10_T04/S004_R10_T05/S004_R10_T06/S004_R10_T07/S004_R10_T08/S004_R10_T09/S004_R10_T10/S004_R10_T11/S004_R10_T12/S004_R10_T13/S004_R10_T14/S004_R14_T00/S004_R14_T01/S004_R14_T02/S004_R14_T03/S004_R14_T04/S004_R14_T05/S004_R14_T06/S004_R14_T07/S004_R14_T08/S004_R14_T09/S004_R14_T10/S004_R14_T11/S004_R14_T12/S004_R14_T13/S004_R14_T14,30,False,S004_R06_T00/S004_R06_T01/S004_R06_T02/S004_R06_T03/S004_R06_T04/S004_R06_T05/S004_R06_T06/S004_R06_T07/S004_R06_T08/S004_R06_T09/S004_R06_T10/S004_R06_T11/S004_R06_T12/S004_R06_T13,S004_R06_T00/S004_R06_T01/S004_R06_T02/S004_R06_T03/S004_R06_T04/S004_R06_T05/S004_R06_T06/S004_R06_T07/S004_R06_T08/S004_R06_T09/S004_R06_T10/S004_R06_T11/S004_R06_T12/S004_R06_T13,S004_R06_T00/S004_R06_T01/S004_R06_T02/S004_R06_T03/S004_R06_T04/S004_R06_T05/S004_R06_T06/S004_R06_T07/S004_R06_T08/S004_R06_T09/S004_R06_T10/S004_R06_T11/S004_R06_T12/S004_R06_T13,False,False,False,False,False,False
4,4,target_csp_empirical,10,6/14,1/2/3/5/6/7/8/9/10/11/12/13/14/15/16/17/18/19/20,S004_R10_T00/S004_R10_T01/S004_R10_T02/S004_R10_T03/S004_R10_T04/S004_R10_T05/S004_R10_T06/S004_R10_T07/S004_R10_T08/S004_R10_T09/S004_R10_T10/S004_R10_T11/S004_R10_T12/S004_R10_T13,14,7,7,S004_R06_T00/S004_R06_T01/S004_R06_T02/S004_R06_T03/S004_R06_T04/S004_R06_T05/S004_R06_T06/S004_R06_T07/S004_R06_T08/S004_R06_T09/S004_R06_T10/S004_R06_T11/S004_R06_T12/S004_R06_T13/S004_R06_T14/S004_R14_T00/S004_R14_T01/S004_R14_T02/S004_R14_T03/S004_R14_T04/S004_R14_T05/S004_R14_T06/S004_R14_T07/S004_R14_T08/S004_R14_T09/S004_R14_T10/S004_R14_T11/S004_R14_T12/S004_R14_T13/S004_R14_T14,30,False,S004_R10_T00/S004_R10_T01/S004_R10_T02/S004_R10_T03/S004_R10_T04/S004_R10_T05/S004_R10_T06/S004_R10_T07/S004_R10_T08/S004_R10_T09/S004_R10_T10/S004_R10_T11/S004_R10_T12/S004_R10_T13,S004_R10_T00/S004_R10_T01/S004_R10_T02/S004_R10_T03/S004_R10_T04/S004_R10_T05/S004_R10_T06/S004_R10_T07/S004_R10_T08/S004_R10_T09/S004_R10_T10/S004_R10_T11/S004_R10_T12/S004_R10_T13,S004_R10_T00/S004_R10_T01/S004_R10_T02/S004_R10_T03/S004_R10_T04/S004_R10_T05/S004_R10_T06/S004_R10_T07/S004_R10_T08/S004_R10_T09/S004_R10_T10/S004_R10_T11/S004_R10_T12/S004_R10_T13,False,False,False,False,False,False
4,4,target_csp_empirical,14,6/10,1/2/3/5/6/7/8/9/10/11/12/13/14/15/16/17/18/19/20,S004_R14_T00/S004_R14_T01/S004_R14_T02/S004_R14_T03/S004_R14_T04/S004_R14_T05/S004_R14_T06/S004_R14_T07/S004_R14_T08/S004_R14_T09/S004_R14_T10/S004_R14_T11/S004_R14_T12/S004_R14_T13,14,7,7,S004_R06_T00/S004_R06_T01/S004_R06_T02/S004_R06_T03/S004_R06_T04/S004_R06_T05/S004_R06_T06/S004_R06_T07/S004_R06_T08/S004_R06_T09/S004_R06_T10/S004_R06_T11/S004_R06_T12/S004_R06_T13/S004_R06_T14/S004_R10_T00/S004_R10_T01/S004_R10_T02/S004_R10_T03/S004_R10_T04/S004_R10_T05/S004_R10_T06/S004_R10_T07/S004_R10_T08/S004_R10_T09/S004_R10_T10/S004_R10_T11/S004_R10_T12/S004_R10_T13/S004_R10_T14,30,False,S004_R14_T00/S004_R14_T01/S004_R14_T02/S004_R14_T03/S004_R14_T04/S004_R14_T05/S004_R14_T06/S004_R14_T07/S004_R14_T08/S004_R14_T09/S004_R14_T10/S004_R14_T11/S004_R14_T12/S004_R14_T13,S004_R14_T00/S004_R14_T01/S004_R14_T02/S004_R14_T03/S004_R14_T04/S004_R14_T05/S004_R14_T06/S004_R14_T07/S004_R14_T08/S004_R14_T09/S004_R14_T10/S004_R14_T11/S004_R14_T12/S004_R14_T13,S004_R14_T00/S004_R14_T01/S004_R14_T02/S004_R14_T03/S004_R14_T04/S004_R14_T05/S004_R14_T06/S004_R14_T07/S004_R14_T08/S004_R14_T09/S004_R14_T10/S004_R14_T11/S004_R14_T12/S004_R14_T13,False,False,False,False,False,False
4,4,target_csp_ledoit_wolf,6,10/14,1/2/3/5/6/7/8/9/10/11/12/13/14/15/16/17/18/19/20,S004_R06_T00/S004_R06_T01/S004_R06_T02/S004_R06_T03/S004_R06_T04/S004_R06_T05/S004_R06_T06/S004_R06_T07/S004_R06_T08/S004_R06_T09/S004_R06_T10/S004_R06_T11/S004_R06_T12/S004_R06_T13,14,7,7,S004_R10_T00/S004_R10_T01/S004_R10_T02/S004_R10_T03/S004_R10_T04/S004_R10_T05/S004_R10_T06/S004_R10_T07/S004_R10_T08/S004_R10_T09/S004_R10_T10/S004_R10_T11/S004_R10_T12/S004_R10_T13/S004_R10_T14/S004_R14_T00/S004_R14_T01/S004_R14_T02/S004_R14_T03/S004_R14_T04/S004_R14_T05/S004_R14_T06/S004_R14_T07/S004_R14_T08/S004_R14_T09/S004_R14_T10/S004_R14_T11/S004_R14_T12/S004_R14_T13/S004_R14_T14,30,False,S004_R06_T00/S004_R06_T01/S004_R06_T02/S004_R06_T03/S004_R06_T04/S004_R06_T05/S004_R06_T06/S004_R06_T07/S004_R06_T08/S004_R06_T09/S004_R06_T10/S004_R06_T11/S004_R06_T12/S004_R06_T13,S004_R06_T00/S004_R06_T01/S004_R06_T02/S004_R06_T03/S004_R06_T04/S004_R06_T05/S004_R06_T06/S004_R06_T07/S004_R06_T08/S004_R06_T09/S004_R06_T10/S004_R06_T11/S004_R06_T12/S004_R06_T13,S004_R06_T00/S004_R06_T01/S004_R06_T02/S004_R06_T03/S004_R06_T04/S004_R06_T05/S004_R06_T06/S004_R06_T07/S004_R06_T08/S004_R06_T09/S004_R06_T10/S004_R06_T11/S004_R06_T12/S004_R06_T13,False,False,False,False,False,False
4,4,target_csp_ledoit_wolf,10,6/14,1/2/3/5/6/7/8/9/10/11/12/13/14/15/16/17/18/19/20,S004_R10_T00/S004_R10_T01/S004_R10_T02/S004_R10_T03/S004_R10_T04/S004_R10_T05/S004_R10_T06/S004_R10_T07/S004_R10_T08/S004_R10_T09/S004_R10_T10/S004_R10_T11/S004_R10_T12/S004_R10_T13,14,7,7,S004_R06_T00/S004_R06_T01/S004_R06_T02/S004_R06_T03/S004_R06_T04/S004_R06_T05/S004_R06_T06/S004_R06_T07/S004_R06_T08/S004_R06_T09/S004_R06_T10/S004_R06_T11/S004_R06_T12/S004_R06_T13/S004_R06_T14/S004_R14_T00/S004_R14_T01/S004_R14_T02/S004_R14_T03/S004_R14_T04/S004_R14_T05/S004_R14_T06/S004_R14_T07/S004_R14_T08/S004_R14_T09/S004_R14_T10/S004_R14_T11/S004_R14_T12/S004_R14_T13/S004_R14_T14,30,False,S004_R10_T00/S004_R10_T01/S004_R10_T02/S004_R10_T03/S004_R10_T04/S004_R10_T05/S004_R10_T06/S004_R10_T07/S004_R10_T08/S004_R10_T09/S004_R10_T10/S004_R10_T11/S004_R10_T12/S004_R10_T13,S004_R10_T00/S004_R10_T01/S004_R10_T02/S004_R10_T03/S004_R10_T04/S004_R10_T05/S004_R10_T06/S004_R10_T07/S004_R10_T08/S004_R10_T09/S004_R10_T10/S004_R10_T11/S004_R10_T12/S004_R10_T13,S004_R10_T00/S004_R10_T01/S004_R10_T02/S004_R10_T03/S004_R10_T04/S004_R10_T05/S004_R10_T06/S004_R10_T07/S004_R10_T08/S004_R10_T09/S004_R10_T10/S004_R10_T11/S004_R10_T12/S004_R10_T13,False,False,False,False,False,False
4,4,target_csp_ledoit_wolf,14,6/10,1/2/3/5/6/7/8/9/10/11/12/13/14/15/16/17/18/19/20,S004_R14_T00/S004_R14_T01/S004_R14_T02/S004_R14_T03/S004_R14_T04/S004_R14_T05/S004_R14_T06/S004_R14_T07/S004_R14_T08/S004_R14_T09/S004_R14_T10/S004_R14_T11/S004_R14_T12/S004_R14_T13,14,7,7,S004_R06_T00/S004_R06_T01/S004_R06_T02/S004_R06_T03/S004_R06_T04/S004_R06_T05/S004_R06_T06/S004_R06_T07/S004_R06_T08/S004_R06_T09/S004_R06_T10/S004_R06_T11/S004_R06_T12/S004_R06_T13/S004_R06_T14/S004_R10_T00/S004_R10_T01/S004_R10_T02/S004_R10_T03/S004_R10_T04/S004_R10_T05/S004_R10_T06/S004_R10_T07/S004_R10_T08/S004_R10_T09/S004_R10_T10/S004_R10_T11/S004_R10_T12/S004_R10_T13/S004_R10_T14,30,False,S004_R14_T00/S004_R14_T01/S004_R14_T02/S004_R14_T03/S004_R14_T04/S004_R14_T05/S004_R14_T06/S004_R14_T07/S004_R14_T08/S004_R14_T09/S004_R14_T10/S004_R14_T11/S004_R14_T12/S004_R14_T13,S004_R14_T00/S004_R14_T01/S004_R14_T02/S004_R14_T03/S004_R14_T04/S004_R14_T05/S004_R14_T06/S004_R14_T07/S004_R14_T08/S004_R14_T09/S004_R14_T10/S004_R14_T11/S004_R14_T12/S004_R14_T13,S004_R14_T00/S004_R14_T01/S004_R14_T02/S004_R14_T03/S004_R14_T04/S004_R14_T05/S004_R14_T06/S004_R14_T07/S004_R14_T08/S004_R14_T09/S004_R14_T10/S004_R14_T11/S004_R14_T12/S004_R14_T13,False,False,False,False,False,False
5,5,source_zero_shot,6,10/14,1/2/3/4/6/7/8/9/10/11/12/13/14/15/16/17/18/19/20,S005_R06_T00/S005_R06_T01/S005_R06_T02/S005_R06_T03/S005_R06_T04/S005_R06_T05/S005_R06_T06/S005_R06_T07/S005_R06_T08/S005_R06_T09/S005_R06_T10/S005_R06_T11/S005_R06_T12/S005_R06_T13,14,7,7,S005_R10_T00/S005_R10_T01/S005_R10_T02/S005_R10_T03/S005_R10_T04/S005_R10_T05/S005_R10_T06/S005_R10_T07/S005_R10_T08/S005_R10_T09/S005_R10_T10/S005_R10_T11/S005_R10_T12/S005_R10_T13/S005_R10_T14/S005_R14_T00/S005_R14_T01/S005_R14_T02/S005_R14_T03/S005_R14_T04/S005_R14_T05/S005_R14_T06/S005_R14_T07/S005_R14_T08/S005_R14_T09/S005_R14_T10/S005_R14_T11/S005_R14_T12/S005_R14_T13/S005_R14_T14,30,False,not_applicable,not_applicable,not_applicable,False,False,False,False,False,False
5,5,source_zero_shot,10,6/14,1/2/3/4/6/7/8/9/10/11/12/13/14/15/16/17/18/19/20,S005_R10_T00/S005_R10_T01/S005_R10_T02/S005_R10_T03/S005_R10_T04/S005_R10_T05/S005_R10_T06/S005_R10_T07/S005_R10_T08/S005_R10_T09/S005_R10_T10/S005_R10_T11/S005_R10_T12/S005_R10_T13,14,7,7,S005_R06_T00/S005_R06_T01/S005_R06_T02/S005_R06_T03/S005_R06_T04/S005_R06_T05/S005_R06_T06/S005_R06_T07/S005_R06_T08/S005_R06_T09/S005_R06_T10/S005_R06_T11/S005_R06_T12/S005_R06_T13/S005_R06_T14/S005_R14_T00/S005_R14_T01/S005_R14_T02/S005_R14_T03/S005_R14_T04/S005_R14_T05/S005_R14_T06/S005_R14_T07/S005_R14_T08/S005_R14_T09/S005_R14_T10/S005_R14_T11/S005_R14_T12/S005_R14_T13/S005_R14_T14,30,False,not_applicable,not_applicable,not_applicable,False,False,False,False,False,False
5,5,source_zero_shot,14,6/10,1/2/3/4/6/7/8/9/10/11/12/13/14/15/16/17/18/19/20,S005_R14_T00/S005_R14_T01/S005_R14_T02/S005_R14_T03/S005_R14_T04/S005_R14_T05/S005_R14_T06/S005_R14_T07/S005_R14_T08/S005_R14_T09/S005_R14_T10/S005_R14_T11/S005_R14_T12/S005_R14_T13,14,7,7,S005_R06_T00/S005_R06_T01/S005_R06_T02/S005_R06_T03/S005_R06_T04/S005_R06_T05/S005_R06_T06/S005_R06_T07/S005_R06_T08/S005_R06_T09/S005_R06_T10/S005_R06_T11/S005_R06_T12/S005_R06_T13/S005_R06_T14/S005_R10_T00/S005_R10_T01/S005_R10_T02/S005_R10_T03/S005_R10_T04/S005_R10_T05/S005_R10_T06/S005_R10_T07/S005_R10_T08/S005_R10_T09/S005_R10_T10/S005_R10_T11/S005_R10_T12/S005_R10_T13/S005_R10_T14,30,False,not_applicable,not_applicable,not_applicable,False,False,False,False,False,False
5,5,source_csp_target_lda_source_scaler,6,10/14,1/2/3/4/6/7/8/9/10/11/12/13/14/15/16/17/18/19/20,S005_R06_T00/S005_R06_T01/S005_R06_T02/S005_R06_T03/S005_R06_T04/S005_R06_T05/S005_R06_T06/S005_R06_T07/S005_R06_T08/S005_R06_T09/S005_R06_T10/S005_R06_T11/S005_R06_T12/S005_R06_T13,14,7,7,S005_R10_T00/S005_R10_T01/S005_R10_T02/S005_R10_T03/S005_R10_T04/S005_R10_T05/S005_R10_T06/S005_R10_T07/S005_R10_T08/S005_R10_T09/S005_R10_T10/S005_R10_T11/S005_R10_T12/S005_R10_T13/S005_R10_T14/S005_R14_T00/S005_R14_T01/S005_R14_T02/S005_R14_T03/S005_R14_T04/S005_R14_T05/S005_R14_T06/S005_R14_T07/S005_R14_T08/S005_R14_T09/S005_R14_T10/S005_R14_T11/S005_R14_T12/S005_R14_T13/S005_R14_T14,30,False,not_applicable,not_applicable,S005_R06_T00/S005_R06_T01/S005_R06_T02/S005_R06_T03/S005_R06_T04/S005_R06_T05/S005_R06_T06/S005_R06_T07/S005_R06_T08/S005_R06_T09/S005_R06_T10/S005_R06_T11/S005_R06_T12/S005_R06_T13,False,False,False,False,False,False
5,5,source_csp_target_lda_source_scaler,10,6/14,1/2/3/4/6/7/8/9/10/11/12/13/14/15/16/17/18/19/20,S005_R10_T00/S005_R10_T01/S005_R10_T02/S005_R10_T03/S005_R10_T04/S005_R10_T05/S005_R10_T06/S005_R10_T07/S005_R10_T08/S005_R10_T09/S005_R10_T10/S005_R10_T11/S005_R10_T12/S005_R10_T13,14,7,7,S005_R06_T00/S005_R06_T01/S005_R06_T02/S005_R06_T03/S005_R06_T04/S005_R06_T05/S005_R06_T06/S005_R06_T07/S005_R06_T08/S005_R06_T09/S005_R06_T10/S005_R06_T11/S005_R06_T12/S005_R06_T13/S005_R06_T14/S005_R14_T00/S005_R14_T01/S005_R14_T02/S005_R14_T03/S005_R14_T04/S005_R14_T05/S005_R14_T06/S005_R14_T07/S005_R14_T08/S005_R14_T09/S005_R14_T10/S005_R14_T11/S005_R14_T12/S005_R14_T13/S005_R14_T14,30,False,not_applicable,not_applicable,S005_R10_T00/S005_R10_T01/S005_R10_T02/S005_R10_T03/S005_R10_T04/S005_R10_T05/S005_R10_T06/S005_R10_T07/S005_R10_T08/S005_R10_T09/S005_R10_T10/S005_R10_T11/S005_R10_T12/S005_R10_T13,False,False,False,False,False,False
5,5,source_csp_target_lda_source_scaler,14,6/10,1/2/3/4/6/7/8/9/10/11/12/13/14/15/16/17/18/19/20,S005_R14_T00/S005_R14_T01/S005_R14_T02/S005_R14_T03/S005_R14_T04/S005_R14_T05/S005_R14_T06/S005_R14_T07/S005_R14_T08/S005_R14_T09/S005_R14_T10/S005_R14_T11/S005_R14_T12/S005_R14_T13,14,7,7,S005_R06_T00/S005_R06_T01/S005_R06_T02/S005_R06_T03/S005_R06_T04/S005_R06_T05/S005_R06_T06/S005_R06_T07/S005_R06_T08/S005_R06_T09/S005_R06_T10/S005_R06_T11/S005_R06_T12/S005_R06_T13/S005_R06_T14/S005_R10_T00/S005_R10_T01/S005_R10_T02/S005_R10_T03/S005_R10_T04/S005_R10_T05/S005_R10_T06/S005_R10_T07/S005_R10_T08/S005_R10_T09/S005_R10_T10/S005_R10_T11/S005_R10_T12/S005_R10_T13/S005_R10_T14,30,False,not_applicable,not_applicable,S005_R14_T00/S005_R14_T01/S005_R14_T02/S005_R14_T03/S005_R14_T04/S005_R14_T05/S005_R14_T06/S005_R14_T07/S005_R14_T08/S005_R14_T09/S005_R14_T10/S005_R14_T11/S005_R14_T12/S005_R14_T13,False,False,False,False,False,False
5,5,source_csp_target_lda_target_scaler,6,10/14,1/2/3/4/6/7/8/9/10/11/12/13/14/15/16/17/18/19/20,S005_R06_T00/S005_R06_T01/S005_R06_T02/S005_R06_T03/S005_R06_T04/S005_R06_T05/S005_R06_T06/S005_R06_T07/S005_R06_T08/S005_R06_T09/S005_R06_T10/S005_R06_T11/S005_R06_T12/S005_R06_T13,14,7,7,S005_R10_T00/S005_R10_T01/S005_R10_T02/S005_R10_T03/S005_R10_T04/S005_R10_T05/S005_R10_T06/S005_R10_T07/S005_R10_T08/S005_R10_T09/S005_R10_T10/S005_R10_T11/S005_R10_T12/S005_R10_T13/S005_R10_T14/S005_R14_T00/S005_R14_T01/S005_R14_T02/S005_R14_T03/S005_R14_T04/S005_R14_T05/S005_R14_T06/S005_R14_T07/S005_R14_T08/S005_R14_T09/S005_R14_T10/S005_R14_T11/S005_R14_T12/S005_R14_T13/S005_R14_T14,30,False,not_applicable,S005_R06_T00/S005_R06_T01/S005_R06_T02/S005_R06_T03/S005_R06_T04/S005_R06_T05/S005_R06_T06/S005_R06_T07/S005_R06_T08/S005_R06_T09/S005_R06_T10/S005_R06_T11/S005_R06_T12/S005_R06_T13,S005_R06_T00/S005_R06_T01/S005_R06_T02/S005_R06_T03/S005_R06_T04/S005_R06_T05/S005_R06_T06/S005_R06_T07/S005_R06_T08/S005_R06_T09/S005_R06_T10/S005_R06_T11/S005_R06_T12/S005_R06_T13,False,False,False,False,False,False
5,5,source_csp_target_lda_target_scaler,10,6/14,1/2/3/4/6/7/8/9/10/11/12/13/14/15/16/17/18/19/20,S005_R10_T00/S005_R10_T01/S005_R10_T02/S005_R10_T03/S005_R10_T04/S005_R10_T05/S005_R10_T06/S005_R10_T07/S005_R10_T08/S005_R10_T09/S005_R10_T10/S005_R10_T11/S005_R10_T12/S005_R10_T13,14,7,7,S005_R06_T00/S005_R06_T01/S005_R06_T02/S005_R06_T03/S005_R06_T04/S005_R06_T05/S005_R06_T06/S005_R06_T07/S005_R06_T08/S005_R06_T09/S005_R06_T10/S005_R06_T11/S005_R06_T12/S005_R06_T13/S005_R06_T14/S005_R14_T00/S005_R14_T01/S005_R14_T02/S005_R14_T03/S005_R14_T04/S005_R14_T05/S005_R14_T06/S005_R14_T07/S005_R14_T08/S005_R14_T09/S005_R14_T10/S005_R14_T11/S005_R14_T12/S005_R14_T13/S005_R14_T14,30,False,not_applicable,S005_R10_T00/S005_R10_T01/S005_R10_T02/S005_R10_T03/S005_R10_T04/S005_R10_T05/S005_R10_T06/S005_R10_T07/S005_R10_T08/S005_R10_T09/S005_R10_T10/S005_R10_T11/S005_R10_T12/S005_R10_T13,S005_R10_T00/S005_R10_T01/S005_R10_T02/S005_R10_T03/S005_R10_T04/S005_R10_T05/S005_R10_T06/S005_R10_T07/S005_R10_T08/S005_R10_T09/S005_R10_T10/S005_R10_T11/S005_R10_T12/S005_R10_T13,False,False,False,False,False,False
5,5,source_csp_target_lda_target_scaler,14,6/10,1/2/3/4/6/7/8/9/10/11/12/13/14/15/16/17/18/19/20,S005_R14_T00/S005_R14_T01/S005_R14_T02/S005_R14_T03/S005_R14_T04/S005_R14_T05/S005_R14_T06/S005_R14_T07/S005_R14_T08/S005_R14_T09/S005_R14_T10/S005_R14_T11/S005_R14_T12/S005_R14_T13,14,7,7,S005_R06_T00/S005_R06_T01/S005_R06_T02/S005_R06_T03/S005_R06_T04/S005_R06_T05/S005_R06_T06/S005_R06_T07/S005_R06_T08/S005_R06_T09/S005_R06_T10/S005_R06_T11/S005_R06_T12/S005_R06_T13/S005_R06_T14/S005_R10_T00/S005_R10_T01/S005_R10_T02/S005_R10_T03/S005_R10_T04/S005_R10_T05/S005_R10_T06/S005_R10_T07/S005_R10_T08/S005_R10_T09/S005_R10_T10/S005_R10_T11/S005_R10_T12/S005_R10_T13/S005_R10_T14,30,False,not_applicable,S005_R14_T00/S005_R14_T01/S005_R14_T02/S005_R14_T03/S005_R14_T04/S005_R14_T05/S005_R14_T06/S005_R14_T07/S005_R14_T08/S005_R14_T09/S005_R14_T10/S005_R14_T11/S005_R14_T12/S005_R14_T13,S005_R14_T00/S005_R14_T01/S005_R14_T02/S005_R14_T03/S005_R14_T04/S005_R14_T05/S005_R14_T06/S005_R14_T07/S005_R14_T08/S005_R14_T09/S005_R14_T10/S005_R14_T11/S005_R14_T12/S005_R14_T13,False,False,False,False,False,False
5,5,target_csp_empirical,6,10/14,1/2/3/4/6/7/8/9/10/11/12/13/14/15/16/17/18/19/20,S005_R06_T00/S005_R06_T01/S005_R06_T02/S005_R06_T03/S005_R06_T04/S005_R06_T05/S005_R06_T06/S005_R06_T07/S005_R06_T08/S005_R06_T09/S005_R06_T10/S005_R06_T11/S005_R06_T12/S005_R06_T13,14,7,7,S005_R10_T00/S005_R10_T01/S005_R10_T02/S005_R10_T03/S005_R10_T04/S005_R10_T05/S005_R10_T06/S005_R10_T07/S005_R10_T08/S005_R10_T09/S005_R10_T10/S005_R10_T11/S005_R10_T12/S005_R10_T13/S005_R10_T14/S005_R14_T00/S005_R14_T01/S005_R14_T02/S005_R14_T03/S005_R14_T04/S005_R14_T05/S005_R14_T06/S005_R14_T07/S005_R14_T08/S005_R14_T09/S005_R14_T10/S005_R14_T11/S005_R14_T12/S005_R14_T13/S005_R14_T14,30,False,S005_R06_T00/S005_R06_T01/S005_R06_T02/S005_R06_T03/S005_R06_T04/S005_R06_T05/S005_R06_T06/S005_R06_T07/S005_R06_T08/S005_R06_T09/S005_R06_T10/S005_R06_T11/S005_R06_T12/S005_R06_T13,S005_R06_T00/S005_R06_T01/S005_R06_T02/S005_R06_T03/S005_R06_T04/S005_R06_T05/S005_R06_T06/S005_R06_T07/S005_R06_T08/S005_R06_T09/S005_R06_T10/S005_R06_T11/S005_R06_T12/S005_R06_T13,S005_R06_T00/S005_R06_T01/S005_R06_T02/S005_R06_T03/S005_R06_T04/S005_R06_T05/S005_R06_T06/S005_R06_T07/S005_R06_T08/S005_R06_T09/S005_R06_T10/S005_R06_T11/S005_R06_T12/S005_R06_T13,False,False,False,False,False,False
5,5,target_csp_empirical,10,6/14,1/2/3/4/6/7/8/9/10/11/12/13/14/15/16/17/18/19/20,S005_R10_T00/S005_R10_T01/S005_R10_T02/S005_R10_T03/S005_R10_T04/S005_R10_T05/S005_R10_T06/S005_R10_T07/S005_R10_T08/S005_R10_T09/S005_R10_T10/S005_R10_T11/S005_R10_T12/S005_R10_T13,14,7,7,S005_R06_T00/S005_R06_T01/S005_R06_T02/S005_R06_T03/S005_R06_T04/S005_R06_T05/S005_R06_T06/S005_R06_T07/S005_R06_T08/S005_R06_T09/S005_R06_T10/S005_R06_T11/S005_R06_T12/S005_R06_T13/S005_R06_T14/S005_R14_T00/S005_R14_T01/S005_R14_T02/S005_R14_T03/S005_R14_T04/S005_R14_T05/S005_R14_T06/S005_R14_T07/S005_R14_T08/S005_R14_T09/S005_R14_T10/S005_R14_T11/S005_R14_T12/S005_R14_T13/S005_R14_T14,30,False,S005_R10_T00/S005_R10_T01/S005_R10_T02/S005_R10_T03/S005_R10_T04/S005_R10_T05/S005_R10_T06/S005_R10_T07/S005_R10_T08/S005_R10_T09/S005_R10_T10/S005_R10_T11/S005_R10_T12/S005_R10_T13,S005_R10_T00/S005_R10_T01/S005_R10_T02/S005_R10_T03/S005_R10_T04/S005_R10_T05/S005_R10_T06/S005_R10_T07/S005_R10_T08/S005_R10_T09/S005_R10_T10/S005_R10_T11/S005_R10_T12/S005_R10_T13,S005_R10_T00/S005_R10_T01/S005_R10_T02/S005_R10_T03/S005_R10_T04/S005_R10_T05/S005_R10_T06/S005_R10_T07/S005_R10_T08/S005_R10_T09/S005_R10_T10/S005_R10_T11/S005_R10_T12/S005_R10_T13,False,False,False,False,False,False
5,5,target_csp_empirical,14,6/10,1/2/3/4/6/7/8/9/10/11/12/13/14/15/16/17/18/19/20,S005_R14_T00/S005_R14_T01/S005_R14_T02/S005_R14_T03/S005_R14_T04/S005_R14_T05/S005_R14_T06/S005_R14_T07/S005_R14_T08/S005_R14_T09/S005_R14_T10/S005_R14_T11/S005_R14_T12/S005_R14_T13,14,7,7,S005_R06_T00/S005_R06_T01/S005_R06_T02/S005_R06_T03/S005_R06_T04/S005_R06_T05/S005_R06_T06/S005_R06_T07/S005_R06_T08/S005_R06_T09/S005_R06_T10/S005_R06_T11/S005_R06_T12/S005_R06_T13/S005_R06_T14/S005_R10_T00/S005_R10_T01/S005_R10_T02/S005_R10_T03/S005_R10_T04/S005_R10_T05/S005_R10_T06/S005_R10_T07/S005_R10_T08/S005_R10_T09/S005_R10_T10/S005_R10_T11/S005_R10_T12/S005_R10_T13/S005_R10_T14,30,False,S005_R14_T00/S005_R14_T01/S005_R14_T02/S005_R14_T03/S005_R14_T04/S005_R14_T05/S005_R14_T06/S005_R14_T07/S005_R14_T08/S005_R14_T09/S005_R14_T10/S005_R14_T11/S005_R14_T12/S005_R14_T13,S005_R14_T00/S005_R14_T01/S005_R14_T02/S005_R14_T03/S005_R14_T04/S005_R14_T05/S005_R14_T06/S005_R14_T07/S005_R14_T08/S005_R14_T09/S005_R14_T10/S005_R14_T11/S005_R14_T12/S005_R14_T13,S005_R14_T00/S005_R14_T01/S005_R14_T02/S005_R14_T03/S005_R14_T04/S005_R14_T05/S005_R14_T06/S005_R14_T07/S005_R14_T08/S005_R14_T09/S005_R14_T10/S005_R14_T11/S005_R14_T12/S005_R14_T13,False,False,False,False,False,False
5,5,target_csp_ledoit_wolf,6,10/14,1/2/3/4/6/7/8/9/10/11/12/13/14/15/16/17/18/19/20,S005_R06_T00/S005_R06_T01/S005_R06_T02/S005_R06_T03/S005_R06_T04/S005_R06_T05/S005_R06_T06/S005_R06_T07/S005_R06_T08/S005_R06_T09/S005_R06_T10/S005_R06_T11/S005_R06_T12/S005_R06_T13,14,7,7,S005_R10_T00/S005_R10_T01/S005_R10_T02/S005_R10_T03/S005_R10_T04/S005_R10_T05/S005_R10_T06/S005_R10_T07/S005_R10_T08/S005_R10_T09/S005_R10_T10/S005_R10_T11/S005_R10_T12/S005_R10_T13/S005_R10_T14/S005_R14_T00/S005_R14_T01/S005_R14_T02/S005_R14_T03/S005_R14_T04/S005_R14_T05/S005_R14_T06/S005_R14_T07/S005_R14_T08/S005_R14_T09/S005_R14_T10/S005_R14_T11/S005_R14_T12/S005_R14_T13/S005_R14_T14,30,False,S005_R06_T00/S005_R06_T01/S005_R06_T02/S005_R06_T03/S005_R06_T04/S005_R06_T05/S005_R06_T06/S005_R06_T07/S005_R06_T08/S005_R06_T09/S005_R06_T10/S005_R06_T11/S005_R06_T12/S005_R06_T13,S005_R06_T00/S005_R06_T01/S005_R06_T02/S005_R06_T03/S005_R06_T04/S005_R06_T05/S005_R06_T06/S005_R06_T07/S005_R06_T08/S005_R06_T09/S005_R06_T10/S005_R06_T11/S005_R06_T12/S005_R06_T13,S005_R06_T00/S005_R06_T01/S005_R06_T02/S005_R06_T03/S005_R06_T04/S005_R06_T05/S005_R06_T06/S005_R06_T07/S005_R06_T08/S005_R06_T09/S005_R06_T10/S005_R06_T11/S005_R06_T12/S005_R06_T13,False,False,False,False,False,False
5,5,target_csp_ledoit_wolf,10,6/14,1/2/3/4/6/7/8/9/10/11/12/13/14/15/16/17/18/19/20,S005_R10_T00/S005_R10_T01/S005_R10_T02/S005_R10_T03/S005_R10_T04/S005_R10_T05/S005_R10_T06/S005_R10_T07/S005_R10_T08/S005_R10_T09/S005_R10_T10/S005_R10_T11/S005_R10_T12/S005_R10_T13,14,7,7,S005_R06_T00/S005_R06_T01/S005_R06_T02/S005_R06_T03/S005_R06_T04/S005_R06_T05/S005_R06_T06/S005_R06_T07/S005_R06_T08/S005_R06_T09/S005_R06_T10/S005_R06_T11/S005_R06_T12/S005_R06_T13/S005_R06_T14/S005_R14_T00/S005_R14_T01/S005_R14_T02/S005_R14_T03/S005_R14_T04/S005_R14_T05/S005_R14_T06/S005_R14_T07/S005_R14_T08/S005_R14_T09/S005_R14_T10/S005_R14_T11/S005_R14_T12/S005_R14_T13/S005_R14_T14,30,False,S005_R10_T00/S005_R10_T01/S005_R10_T02/S005_R10_T03/S005_R10_T04/S005_R10_T05/S005_R10_T06/S005_R10_T07/S005_R10_T08/S005_R10_T09/S005_R10_T10/S005_R10_T11/S005_R10_T12/S005_R10_T13,S005_R10_T00/S005_R10_T01/S005_R10_T02/S005_R10_T03/S005_R10_T04/S005_R10_T05/S005_R10_T06/S005_R10_T07/S005_R10_T08/S005_R10_T09/S005_R10_T10/S005_R10_T11/S005_R10_T12/S005_R10_T13,S005_R10_T00/S005_R10_T01/S005_R10_T02/S005_R10_T03/S005_R10_T04/S005_R10_T05/S005_R10_T06/S005_R10_T07/S005_R10_T08/S005_R10_T09/S005_R10_T10/S005_R10_T11/S005_R10_T12/S005_R10_T13,False,False,False,False,False,False
5,5,target_csp_ledoit_wolf,14,6/10,1/2/3/4/6/7/8/9/10/11/12/13/14/15/16/17/18/19/20,S005_R14_T00/S005_R14_T01/S005_R14_T02/S005_R14_T03/S005_R14_T04/S005_R14_T05/S005_R14_T06/S005_R14_T07/S005_R14_T08/S005_R14_T09/S005_R14_T10/S005_R14_T11/S005_R14_T12/S005_R14_T13,14,7,7,S005_R06_T00/S005_R06_T01/S005_R06_T02/S005_R06_T03/S005_R06_T04/S005_R06_T05/S005_R06_T06/S005_R06_T07/S005_R06_T08/S005_R06_T09/S005_R06_T10/S005_R06_T11/S005_R06_T12/S005_R06_T13/S005_R06_T14/S005_R10_T00/S005_R10_T01/S005_R10_T02/S005_R10_T03/S005_R10_T04/S005_R10_T05/S005_R10_T06/S005_R10_T07/S005_R10_T08/S005_R10_T09/S005_R10_T10/S005_R10_T11/S005_R10_T12/S005_R10_T13/S005_R10_T14,30,False,S005_R14_T00/S005_R14_T01/S005_R14_T02/S005_R14_T03/S005_R14_T04/S005_R14_T05/S005_R14_T06/S005_R14_T07/S005_R14_T08/S005_R14_T09/S005_R14_T10/S005_R14_T11/S005_R14_T12/S005_R14_T13,S005_R14_T00/S005_R14_T01/S005_R14_T02/S005_R14_T03/S005_R14_T04/S005_R14_T05/S005_R14_T06/S005_R14_T07/S005_R14_T08/S005_R14_T09/S005_R14_T10/S005_R14_T11/S005_R14_T12/S005_R14_T13,S005_R14_T00/S005_R14_T01/S005_R14_T02/S005_R14_T03/S005_R14_T04/S005_R14_T05/S005_R14_T06/S005_R14_T07/S005_R14_T08/S005_R14_T09/S005_R14_T10/S005_R14_T11/S005_R14_T12/S005_R14_T13,False,False,False,False,False,False
6,6,source_zero_shot,6,10/14,1/2/3/4/5/7/8/9/10/11/12/13/14/15/16/17/18/19/20,S006_R06_T00/S006_R06_T01/S006_R06_T02/S006_R06_T03/S006_R06_T04/S006_R06_T05/S006_R06_T06/S006_R06_T07/S006_R06_T08/S006_R06_T09/S006_R06_T10/S006_R06_T11/S006_R06_T12/S006_R06_T13,14,7,7,S006_R10_T00/S006_R10_T01/S006_R10_T02/S006_R10_T03/S006_R10_T04/S006_R10_T05/S006_R10_T06/S006_R10_T07/S006_R10_T08/S006_R10_T09/S006_R10_T10/S006_R10_T11/S006_R10_T12/S006_R10_T13/S006_R10_T14/S006_R14_T00/S006_R14_T01/S006_R14_T02/S006_R14_T03/S006_R14_T04/S006_R14_T05/S006_R14_T06/S006_R14_T07/S006_R14_T08/S006_R14_T09/S006_R14_T10/S006_R14_T11/S006_R14_T12/S006_R14_T13/S006_R14_T14,30,False,not_applicable,not_applicable,not_applicable,False,False,False,False,False,False
6,6,source_zero_shot,10,6/14,1/2/3/4/5/7/8/9/10/11/12/13/14/15/16/17/18/19/20,S006_R10_T00/S006_R10_T01/S006_R10_T02/S006_R10_T03/S006_R10_T04/S006_R10_T05/S006_R10_T06/S006_R10_T07/S006_R10_T08/S006_R10_T09/S006_R10_T10/S006_R10_T11/S006_R10_T12/S006_R10_T13,14,7,7,S006_R06_T00/S006_R06_T01/S006_R06_T02/S006_R06_T03/S006_R06_T04/S006_R06_T05/S006_R06_T06/S006_R06_T07/S006_R06_T08/S006_R06_T09/S006_R06_T10/S006_R06_T11/S006_R06_T12/S006_R06_T13/S006_R06_T14/S006_R14_T00/S006_R14_T01/S006_R14_T02/S006_R14_T03/S006_R14_T04/S006_R14_T05/S006_R14_T06/S006_R14_T07/S006_R14_T08/S006_R14_T09/S006_R14_T10/S006_R14_T11/S006_R14_T12/S006_R14_T13/S006_R14_T14,30,False,not_applicable,not_applicable,not_applicable,False,False,False,False,False,False
6,6,source_zero_shot,14,6/10,1/2/3/4/5/7/8/9/10/11/12/13/14/15/16/17/18/19/20,S006_R14_T00/S006_R14_T01/S006_R14_T02/S006_R14_T03/S006_R14_T04/S006_R14_T05/S006_R14_T06/S006_R14_T07/S006_R14_T08/S006_R14_T09/S006_R14_T10/S006_R14_T11/S006_R14_T12/S006_R14_T13,14,7,7,S006_R06_T00/S006_R06_T01/S006_R06_T02/S006_R06_T03/S006_R06_T04/S006_R06_T05/S006_R06_T06/S006_R06_T07/S006_R06_T08/S006_R06_T09/S006_R06_T10/S006_R06_T11/S006_R06_T12/S006_R06_T13/S006_R06_T14/S006_R10_T00/S006_R10_T01/S006_R10_T02/S006_R10_T03/S006_R10_T04/S006_R10_T05/S006_R10_T06/S006_R10_T07/S006_R10_T08/S006_R10_T09/S006_R10_T10/S006_R10_T11/S006_R10_T12/S006_R10_T13/S006_R10_T14,30,False,not_applicable,not_applicable,not_applicable,False,False,False,False,False,False
6,6,source_csp_target_lda_source_scaler,6,10/14,1/2/3/4/5/7/8/9/10/11/12/13/14/15/16/17/18/19/20,S006_R06_T00/S006_R06_T01/S006_R06_T02/S006_R06_T03/S006_R06_T04/S006_R06_T05/S006_R06_T06/S006_R06_T07/S006_R06_T08/S006_R06_T09/S006_R06_T10/S006_R06_T11/S006_R06_T12/S006_R06_T13,14,7,7,S006_R10_T00/S006_R10_T01/S006_R10_T02/S006_R10_T03/S006_R10_T04/S006_R10_T05/S006_R10_T06/S006_R10_T07/S006_R10_T08/S006_R10_T09/S006_R10_T10/S006_R10_T11/S006_R10_T12/S006_R10_T13/S006_R10_T14/S006_R14_T00/S006_R14_T01/S006_R14_T02/S006_R14_T03/S006_R14_T04/S006_R14_T05/S006_R14_T06/S006_R14_T07/S006_R14_T08/S006_R14_T09/S006_R14_T10/S006_R14_T11/S006_R14_T12/S006_R14_T13/S006_R14_T14,30,False,not_applicable,not_applicable,S006_R06_T00/S006_R06_T01/S006_R06_T02/S006_R06_T03/S006_R06_T04/S006_R06_T05/S006_R06_T06/S006_R06_T07/S006_R06_T08/S006_R06_T09/S006_R06_T10/S006_R06_T11/S006_R06_T12/S006_R06_T13,False,False,False,False,False,False
6,6,source_csp_target_lda_source_scaler,10,6/14,1/2/3/4/5/7/8/9/10/11/12/13/14/15/16/17/18/19/20,S006_R10_T00/S006_R10_T01/S006_R10_T02/S006_R10_T03/S006_R10_T04/S006_R10_T05/S006_R10_T06/S006_R10_T07/S006_R10_T08/S006_R10_T09/S006_R10_T10/S006_R10_T11/S006_R10_T12/S006_R10_T13,14,7,7,S006_R06_T00/S006_R06_T01/S006_R06_T02/S006_R06_T03/S006_R06_T04/S006_R06_T05/S006_R06_T06/S006_R06_T07/S006_R06_T08/S006_R06_T09/S006_R06_T10/S006_R06_T11/S006_R06_T12/S006_R06_T13/S006_R06_T14/S006_R14_T00/S006_R14_T01/S006_R14_T02/S006_R14_T03/S006_R14_T04/S006_R14_T05/S006_R14_T06/S006_R14_T07/S006_R14_T08/S006_R14_T09/S006_R14_T10/S006_R14_T11/S006_R14_T12/S006_R14_T13/S006_R14_T14,30,False,not_applicable,not_applicable,S006_R10_T00/S006_R10_T01/S006_R10_T02/S006_R10_T03/S006_R10_T04/S006_R10_T05/S006_R10_T06/S006_R10_T07/S006_R10_T08/S006_R10_T09/S006_R10_T10/S006_R10_T11/S006_R10_T12/S006_R10_T13,False,False,False,False,False,False
6,6,source_csp_target_lda_source_scaler,14,6/10,1/2/3/4/5/7/8/9/10/11/12/13/14/15/16/17/18/19/20,S006_R14_T00/S006_R14_T01/S006_R14_T02/S006_R14_T03/S006_R14_T04/S006_R14_T05/S006_R14_T06/S006_R14_T07/S006_R14_T08/S006_R14_T09/S006_R14_T10/S006_R14_T11/S006_R14_T12/S006_R14_T13,14,7,7,S006_R06_T00/S006_R06_T01/S006_R06_T02/S006_R06_T03/S006_R06_T04/S006_R06_T05/S006_R06_T06/S006_R06_T07/S006_R06_T08/S006_R06_T09/S006_R06_T10/S006_R06_T11/S006_R06_T12/S006_R06_T13/S006_R06_T14/S006_R10_T00/S006_R10_T01/S006_R10_T02/S006_R10_T03/S006_R10_T04/S006_R10_T05/S006_R10_T06/S006_R10_T07/S006_R10_T08/S006_R10_T09/S006_R10_T10/S006_R10_T11/S006_R10_T12/S006_R10_T13/S006_R10_T14,30,False,not_applicable,not_applicable,S006_R14_T00/S006_R14_T01/S006_R14_T02/S006_R14_T03/S006_R14_T04/S006_R14_T05/S006_R14_T06/S006_R14_T07/S006_R14_T08/S006_R14_T09/S006_R14_T10/S006_R14_T11/S006_R14_T12/S006_R14_T13,False,False,False,False,False,False
6,6,source_csp_target_lda_target_scaler,6,10/14,1/2/3/4/5/7/8/9/10/11/12/13/14/15/16/17/18/19/20,S006_R06_T00/S006_R06_T01/S006_R06_T02/S006_R06_T03/S006_R06_T04/S006_R06_T05/S006_R06_T06/S006_R06_T07/S006_R06_T08/S006_R06_T09/S006_R06_T10/S006_R06_T11/S006_R06_T12/S006_R06_T13,14,7,7,S006_R10_T00/S006_R10_T01/S006_R10_T02/S006_R10_T03/S006_R10_T04/S006_R10_T05/S006_R10_T06/S006_R10_T07/S006_R10_T08/S006_R10_T09/S006_R10_T10/S006_R10_T11/S006_R10_T12/S006_R10_T13/S006_R10_T14/S006_R14_T00/S006_R14_T01/S006_R14_T02/S006_R14_T03/S006_R14_T04/S006_R14_T05/S006_R14_T06/S006_R14_T07/S006_R14_T08/S006_R14_T09/S006_R14_T10/S006_R14_T11/S006_R14_T12/S006_R14_T13/S006_R14_T14,30,False,not_applicable,S006_R06_T00/S006_R06_T01/S006_R06_T02/S006_R06_T03/S006_R06_T04/S006_R06_T05/S006_R06_T06/S006_R06_T07/S006_R06_T08/S006_R06_T09/S006_R06_T10/S006_R06_T11/S006_R06_T12/S006_R06_T13,S006_R06_T00/S006_R06_T01/S006_R06_T02/S006_R06_T03/S006_R06_T04/S006_R06_T05/S006_R06_T06/S006_R06_T07/S006_R06_T08/S006_R06_T09/S006_R06_T10/S006_R06_T11/S006_R06_T12/S006_R06_T13,False,False,False,False,False,False
6,6,source_csp_target_lda_target_scaler,10,6/14,1/2/3/4/5/7/8/9/10/11/12/13/14/15/16/17/18/19/20,S006_R10_T00/S006_R10_T01/S006_R10_T02/S006_R10_T03/S006_R10_T04/S006_R10_T05/S006_R10_T06/S006_R10_T07/S006_R10_T08/S006_R10_T09/S006_R10_T10/S006_R10_T11/S006_R10_T12/S006_R10_T13,14,7,7,S006_R06_T00/S006_R06_T01/S006_R06_T02/S006_R06_T03/S006_R06_T04/S006_R06_T05/S006_R06_T06/S006_R06_T07/S006_R06_T08/S006_R06_T09/S006_R06_T10/S006_R06_T11/S006_R06_T12/S006_R06_T13/S006_R06_T14/S006_R14_T00/S006_R14_T01/S006_R14_T02/S006_R14_T03/S006_R14_T04/S006_R14_T05/S006_R14_T06/S006_R14_T07/S006_R14_T08/S006_R14_T09/S006_R14_T10/S006_R14_T11/S006_R14_T12/S006_R14_T13/S006_R14_T14,30,False,not_applicable,S006_R10_T00/S006_R10_T01/S006_R10_T02/S006_R10_T03/S006_R10_T04/S006_R10_T05/S006_R10_T06/S006_R10_T07/S006_R10_T08/S006_R10_T09/S006_R10_T10/S006_R10_T11/S006_R10_T12/S006_R10_T13,S006_R10_T00/S006_R10_T01/S006_R10_T02/S006_R10_T03/S006_R10_T04/S006_R10_T05/S006_R10_T06/S006_R10_T07/S006_R10_T08/S006_R10_T09/S006_R10_T10/S006_R10_T11/S006_R10_T12/S006_R10_T13,False,False,False,False,False,False
6,6,source_csp_target_lda_target_scaler,14,6/10,1/2/3/4/5/7/8/9/10/11/12/13/14/15/16/17/18/19/20,S006_R14_T00/S006_R14_T01/S006_R14_T02/S006_R14_T03/S006_R14_T04/S006_R14_T05/S006_R14_T06/S006_R14_T07/S006_R14_T08/S006_R14_T09/S006_R14_T10/S006_R14_T11/S006_R14_T12/S006_R14_T13,14,7,7,S006_R06_T00/S006_R06_T01/S006_R06_T02/S006_R06_T03/S006_R06_T04/S006_R06_T05/S006_R06_T06/S006_R06_T07/S006_R06_T08/S006_R06_T09/S006_R06_T10/S006_R06_T11/S006_R06_T12/S006_R06_T13/S006_R06_T14/S006_R10_T00/S006_R10_T01/S006_R10_T02/S006_R10_T03/S006_R10_T04/S006_R10_T05/S006_R10_T06/S006_R10_T07/S006_R10_T08/S006_R10_T09/S006_R10_T10/S006_R10_T11/S006_R10_T12/S006_R10_T13/S006_R10_T14,30,False,not_applicable,S006_R14_T00/S006_R14_T01/S006_R14_T02/S006_R14_T03/S006_R14_T04/S006_R14_T05/S006_R14_T06/S006_R14_T07/S006_R14_T08/S006_R14_T09/S006_R14_T10/S006_R14_T11/S006_R14_T12/S006_R14_T13,S006_R14_T00/S006_R14_T01/S006_R14_T02/S006_R14_T03/S006_R14_T04/S006_R14_T05/S006_R14_T06/S006_R14_T07/S006_R14_T08/S006_R14_T09/S006_R14_T10/S006_R14_T11/S006_R14_T12/S006_R14_T13,False,False,False,False,False,False
6,6,target_csp_empirical,6,10/14,1/2/3/4/5/7/8/9/10/11/12/13/14/15/16/17/18/19/20,S006_R06_T00/S006_R06_T01/S006_R06_T02/S006_R06_T03/S006_R06_T04/S006_R06_T05/S006_R06_T06/S006_R06_T07/S006_R06_T08/S006_R06_T09/S006_R06_T10/S006_R06_T11/S006_R06_T12/S006_R06_T13,14,7,7,S006_R10_T00/S006_R10_T01/S006_R10_T02/S006_R10_T03/S006_R10_T04/S006_R10_T05/S006_R10_T06/S006_R10_T07/S006_R10_T08/S006_R10_T09/S006_R10_T10/S006_R10_T11/S006_R10_T12/S006_R10_T13/S006_R10_T14/S006_R14_T00/S006_R14_T01/S006_R14_T02/S006_R14_T03/S006_R14_T04/S006_R14_T05/S006_R14_T06/S006_R14_T07/S006_R14_T08/S006_R14_T09/S006_R14_T10/S006_R14_T11/S006_R14_T12/S006_R14_T13/S006_R14_T14,30,False,S006_R06_T00/S006_R06_T01/S006_R06_T02/S006_R06_T03/S006_R06_T04/S006_R06_T05/S006_R06_T06/S006_R06_T07/S006_R06_T08/S006_R06_T09/S006_R06_T10/S006_R06_T11/S006_R06_T12/S006_R06_T13,S006_R06_T00/S006_R06_T01/S006_R06_T02/S006_R06_T03/S006_R06_T04/S006_R06_T05/S006_R06_T06/S006_R06_T07/S006_R06_T08/S006_R06_T09/S006_R06_T10/S006_R06_T11/S006_R06_T12/S006_R06_T13,S006_R06_T00/S006_R06_T01/S006_R06_T02/S006_R06_T03/S006_R06_T04/S006_R06_T05/S006_R06_T06/S006_R06_T07/S006_R06_T08/S006_R06_T09/S006_R06_T10/S006_R06_T11/S006_R06_T12/S006_R06_T13,False,False,False,False,False,False
6,6,target_csp_empirical,10,6/14,1/2/3/4/5/7/8/9/10/11/12/13/14/15/16/17/18/19/20,S006_R10_T00/S006_R10_T01/S006_R10_T02/S006_R10_T03/S006_R10_T04/S006_R10_T05/S006_R10_T06/S006_R10_T07/S006_R10_T08/S006_R10_T09/S006_R10_T10/S006_R10_T11/S006_R10_T12/S006_R10_T13,14,7,7,S006_R06_T00/S006_R06_T01/S006_R06_T02/S006_R06_T03/S006_R06_T04/S006_R06_T05/S006_R06_T06/S006_R06_T07/S006_R06_T08/S006_R06_T09/S006_R06_T10/S006_R06_T11/S006_R06_T12/S006_R06_T13/S006_R06_T14/S006_R14_T00/S006_R14_T01/S006_R14_T02/S006_R14_T03/S006_R14_T04/S006_R14_T05/S006_R14_T06/S006_R14_T07/S006_R14_T08/S006_R14_T09/S006_R14_T10/S006_R14_T11/S006_R14_T12/S006_R14_T13/S006_R14_T14,30,False,S006_R10_T00/S006_R10_T01/S006_R10_T02/S006_R10_T03/S006_R10_T04/S006_R10_T05/S006_R10_T06/S006_R10_T07/S006_R10_T08/S006_R10_T09/S006_R10_T10/S006_R10_T11/S006_R10_T12/S006_R10_T13,S006_R10_T00/S006_R10_T01/S006_R10_T02/S006_R10_T03/S006_R10_T04/S006_R10_T05/S006_R10_T06/S006_R10_T07/S006_R10_T08/S006_R10_T09/S006_R10_T10/S006_R10_T11/S006_R10_T12/S006_R10_T13,S006_R10_T00/S006_R10_T01/S006_R10_T02/S006_R10_T03/S006_R10_T04/S006_R10_T05/S006_R10_T06/S006_R10_T07/S006_R10_T08/S006_R10_T09/S006_R10_T10/S006_R10_T11/S006_R10_T12/S006_R10_T13,False,False,False,False,False,False
6,6,target_csp_empirical,14,6/10,1/2/3/4/5/7/8/9/10/11/12/13/14/15/16/17/18/19/20,S006_R14_T00/S006_R14_T01/S006_R14_T02/S006_R14_T03/S006_R14_T04/S006_R14_T05/S006_R14_T06/S006_R14_T07/S006_R14_T08/S006_R14_T09/S006_R14_T10/S006_R14_T11/S006_R14_T12/S006_R14_T13,14,7,7,S006_R06_T00/S006_R06_T01/S006_R06_T02/S006_R06_T03/S006_R06_T04/S006_R06_T05/S006_R06_T06/S006_R06_T07/S006_R06_T08/S006_R06_T09/S006_R06_T10/S006_R06_T11/S006_R06_T12/S006_R06_T13/S006_R06_T14/S006_R10_T00/S006_R10_T01/S006_R10_T02/S006_R10_T03/S006_R10_T04/S006_R10_T05/S006_R10_T06/S006_R10_T07/S006_R10_T08/S006_R10_T09/S006_R10_T10/S006_R10_T11/S006_R10_T12/S006_R10_T13/S006_R10_T14,30,False,S006_R14_T00/S006_R14_T01/S006_R14_T02/S006_R14_T03/S006_R14_T04/S006_R14_T05/S006_R14_T06/S006_R14_T07/S006_R14_T08/S006_R14_T09/S006_R14_T10/S006_R14_T11/S006_R14_T12/S006_R14_T13,S006_R14_T00/S006_R14_T01/S006_R14_T02/S006_R14_T03/S006_R14_T04/S006_R14_T05/S006_R14_T06/S006_R14_T07/S006_R14_T08/S006_R14_T09/S006_R14_T10/S006_R14_T11/S006_R14_T12/S006_R14_T13,S006_R14_T00/S006_R14_T01/S006_R14_T02/S006_R14_T03/S006_R14_T04/S006_R14_T05/S006_R14_T06/S006_R14_T07/S006_R14_T08/S006_R14_T09/S006_R14_T10/S006_R14_T11/S006_R14_T12/S006_R14_T13,False,False,False,False,False,False
6,6,target_csp_ledoit_wolf,6,10/14,1/2/3/4/5/7/8/9/10/11/12/13/14/15/16/17/18/19/20,S006_R06_T00/S006_R06_T01/S006_R06_T02/S006_R06_T03/S006_R06_T04/S006_R06_T05/S006_R06_T06/S006_R06_T07/S006_R06_T08/S006_R06_T09/S006_R06_T10/S006_R06_T11/S006_R06_T12/S006_R06_T13,14,7,7,S006_R10_T00/S006_R10_T01/S006_R10_T02/S006_R10_T03/S006_R10_T04/S006_R10_T05/S006_R10_T06/S006_R10_T07/S006_R10_T08/S006_R10_T09/S006_R10_T10/S006_R10_T11/S006_R10_T12/S006_R10_T13/S006_R10_T14/S006_R14_T00/S006_R14_T01/S006_R14_T02/S006_R14_T03/S006_R14_T04/S006_R14_T05/S006_R14_T06/S006_R14_T07/S006_R14_T08/S006_R14_T09/S006_R14_T10/S006_R14_T11/S006_R14_T12/S006_R14_T13/S006_R14_T14,30,False,S006_R06_T00/S006_R06_T01/S006_R06_T02/S006_R06_T03/S006_R06_T04/S006_R06_T05/S006_R06_T06/S006_R06_T07/S006_R06_T08/S006_R06_T09/S006_R06_T10/S006_R06_T11/S006_R06_T12/S006_R06_T13,S006_R06_T00/S006_R06_T01/S006_R06_T02/S006_R06_T03/S006_R06_T04/S006_R06_T05/S006_R06_T06/S006_R06_T07/S006_R06_T08/S006_R06_T09/S006_R06_T10/S006_R06_T11/S006_R06_T12/S006_R06_T13,S006_R06_T00/S006_R06_T01/S006_R06_T02/S006_R06_T03/S006_R06_T04/S006_R06_T05/S006_R06_T06/S006_R06_T07/S006_R06_T08/S006_R06_T09/S006_R06_T10/S006_R06_T11/S006_R06_T12/S006_R06_T13,False,False,False,False,False,False
6,6,target_csp_ledoit_wolf,10,6/14,1/2/3/4/5/7/8/9/10/11/12/13/14/15/16/17/18/19/20,S006_R10_T00/S006_R10_T01/S006_R10_T02/S006_R10_T03/S006_R10_T04/S006_R10_T05/S006_R10_T06/S006_R10_T07/S006_R10_T08/S006_R10_T09/S006_R10_T10/S006_R10_T11/S006_R10_T12/S006_R10_T13,14,7,7,S006_R06_T00/S006_R06_T01/S006_R06_T02/S006_R06_T03/S006_R06_T04/S006_R06_T05/S006_R06_T06/S006_R06_T07/S006_R06_T08/S006_R06_T09/S006_R06_T10/S006_R06_T11/S006_R06_T12/S006_R06_T13/S006_R06_T14/S006_R14_T00/S006_R14_T01/S006_R14_T02/S006_R14_T03/S006_R14_T04/S006_R14_T05/S006_R14_T06/S006_R14_T07/S006_R14_T08/S006_R14_T09/S006_R14_T10/S006_R14_T11/S006_R14_T12/S006_R14_T13/S006_R14_T14,30,False,S006_R10_T00/S006_R10_T01/S006_R10_T02/S006_R10_T03/S006_R10_T04/S006_R10_T05/S006_R10_T06/S006_R10_T07/S006_R10_T08/S006_R10_T09/S006_R10_T10/S006_R10_T11/S006_R10_T12/S006_R10_T13,S006_R10_T00/S006_R10_T01/S006_R10_T02/S006_R10_T03/S006_R10_T04/S006_R10_T05/S006_R10_T06/S006_R10_T07/S006_R10_T08/S006_R10_T09/S006_R10_T10/S006_R10_T11/S006_R10_T12/S006_R10_T13,S006_R10_T00/S006_R10_T01/S006_R10_T02/S006_R10_T03/S006_R10_T04/S006_R10_T05/S006_R10_T06/S006_R10_T07/S006_R10_T08/S006_R10_T09/S006_R10_T10/S006_R10_T11/S006_R10_T12/S006_R10_T13,False,False,False,False,False,False
6,6,target_csp_ledoit_wolf,14,6/10,1/2/3/4/5/7/8/9/10/11/12/13/14/15/16/17/18/19/20,S006_R14_T00/S006_R14_T01/S006_R14_T02/S006_R14_T03/S006_R14_T04/S006_R14_T05/S006_R14_T06/S006_R14_T07/S006_R14_T08/S006_R14_T09/S006_R14_T10/S006_R14_T11/S006_R14_T12/S006_R14_T13,14,7,7,S006_R06_T00/S006_R06_T01/S006_R06_T02/S006_R06_T03/S006_R06_T04/S006_R06_T05/S006_R06_T06/S006_R06_T07/S006_R06_T08/S006_R06_T09/S006_R06_T10/S006_R06_T11/S006_R06_T12/S006_R06_T13/S006_R06_T14/S006_R10_T00/S006_R10_T01/S006_R10_T02/S006_R10_T03/S006_R10_T04/S006_R10_T05/S006_R10_T06/S006_R10_T07/S006_R10_T08/S006_R10_T09/S006_R10_T10/S006_R10_T11/S006_R10_T12/S006_R10_T13/S006_R10_T14,30,False,S006_R14_T00/S006_R14_T01/S006_R14_T02/S006_R14_T03/S006_R14_T04/S006_R14_T05/S006_R14_T06/S006_R14_T07/S006_R14_T08/S006_R14_T09/S006_R14_T10/S006_R14_T11/S006_R14_T12/S006_R14_T13,S006_R14_T00/S006_R14_T01/S006_R14_T02/S006_R14_T03/S006_R14_T04/S006_R14_T05/S006_R14_T06/S006_R14_T07/S006_R14_T08/S006_R14_T09/S006_R14_T10/S006_R14_T11/S006_R14_T12/S006_R14_T13,S006_R14_T00/S006_R14_T01/S006_R14_T02/S006_R14_T03/S006_R14_T04/S006_R14_T05/S006_R14_T06/S006_R14_T07/S006_R14_T08/S006_R14_T09/S006_R14_T10/S006_R14_T11/S006_R14_T12/S006_R14_T13,False,False,False,False,False,False
7,7,source_zero_shot,6,10/14,1/2/3/4/5/6/8/9/10/11/12/13/14/15/16/17/18/19/20,S007_R06_T00/S007_R06_T01/S007_R06_T02/S007_R06_T03/S007_R06_T04/S007_R06_T05/S007_R06_T06/S007_R06_T07/S007_R06_T08/S007_R06_T09/S007_R06_T10/S007_R06_T11/S007_R06_T12/S007_R06_T13,14,7,7,S007_R10_T00/S007_R10_T01/S007_R10_T02/S007_R10_T03/S007_R10_T04/S007_R10_T05/S007_R10_T06/S007_R10_T07/S007_R10_T08/S007_R10_T09/S007_R10_T10/S007_R10_T11/S007_R10_T12/S007_R10_T13/S007_R10_T14/S007_R14_T00/S007_R14_T01/S007_R14_T02/S007_R14_T03/S007_R14_T04/S007_R14_T05/S007_R14_T06/S007_R14_T07/S007_R14_T08/S007_R14_T09/S007_R14_T10/S007_R14_T11/S007_R14_T12/S007_R14_T13/S007_R14_T14,30,False,not_applicable,not_applicable,not_applicable,False,False,False,False,False,False
7,7,source_zero_shot,10,6/14,1/2/3/4/5/6/8/9/10/11/12/13/14/15/16/17/18/19/20,S007_R10_T00/S007_R10_T01/S007_R10_T02/S007_R10_T03/S007_R10_T04/S007_R10_T05/S007_R10_T06/S007_R10_T07/S007_R10_T08/S007_R10_T09/S007_R10_T10/S007_R10_T11/S007_R10_T12/S007_R10_T13,14,7,7,S007_R06_T00/S007_R06_T01/S007_R06_T02/S007_R06_T03/S007_R06_T04/S007_R06_T05/S007_R06_T06/S007_R06_T07/S007_R06_T08/S007_R06_T09/S007_R06_T10/S007_R06_T11/S007_R06_T12/S007_R06_T13/S007_R06_T14/S007_R14_T00/S007_R14_T01/S007_R14_T02/S007_R14_T03/S007_R14_T04/S007_R14_T05/S007_R14_T06/S007_R14_T07/S007_R14_T08/S007_R14_T09/S007_R14_T10/S007_R14_T11/S007_R14_T12/S007_R14_T13/S007_R14_T14,30,False,not_applicable,not_applicable,not_applicable,False,False,False,False,False,False
7,7,source_zero_shot,14,6/10,1/2/3/4/5/6/8/9/10/11/12/13/14/15/16/17/18/19/20,S007_R14_T00/S007_R14_T01/S007_R14_T02/S007_R14_T03/S007_R14_T04/S007_R14_T05/S007_R14_T06/S007_R14_T07/S007_R14_T08/S007_R14_T09/S007_R14_T10/S007_R14_T11/S007_R14_T12/S007_R14_T13,14,7,7,S007_R06_T00/S007_R06_T01/S007_R06_T02/S007_R06_T03/S007_R06_T04/S007_R06_T05/S007_R06_T06/S007_R06_T07/S007_R06_T08/S007_R06_T09/S007_R06_T10/S007_R06_T11/S007_R06_T12/S007_R06_T13/S007_R06_T14/S007_R10_T00/S007_R10_T01/S007_R10_T02/S007_R10_T03/S007_R10_T04/S007_R10_T05/S007_R10_T06/S007_R10_T07/S007_R10_T08/S007_R10_T09/S007_R10_T10/S007_R10_T11/S007_R10_T12/S007_R10_T13/S007_R10_T14,30,False,not_applicable,not_applicable,not_applicable,False,False,False,False,False,False
7,7,source_csp_target_lda_source_scaler,6,10/14,1/2/3/4/5/6/8/9/10/11/12/13/14/15/16/17/18/19/20,S007_R06_T00/S007_R06_T01/S007_R06_T02/S007_R06_T03/S007_R06_T04/S007_R06_T05/S007_R06_T06/S007_R06_T07/S007_R06_T08/S007_R06_T09/S007_R06_T10/S007_R06_T11/S007_R06_T12/S007_R06_T13,14,7,7,S007_R10_T00/S007_R10_T01/S007_R10_T02/S007_R10_T03/S007_R10_T04/S007_R10_T05/S007_R10_T06/S007_R10_T07/S007_R10_T08/S007_R10_T09/S007_R10_T10/S007_R10_T11/S007_R10_T12/S007_R10_T13/S007_R10_T14/S007_R14_T00/S007_R14_T01/S007_R14_T02/S007_R14_T03/S007_R14_T04/S007_R14_T05/S007_R14_T06/S007_R14_T07/S007_R14_T08/S007_R14_T09/S007_R14_T10/S007_R14_T11/S007_R14_T12/S007_R14_T13/S007_R14_T14,30,False,not_applicable,not_applicable,S007_R06_T00/S007_R06_T01/S007_R06_T02/S007_R06_T03/S007_R06_T04/S007_R06_T05/S007_R06_T06/S007_R06_T07/S007_R06_T08/S007_R06_T09/S007_R06_T10/S007_R06_T11/S007_R06_T12/S007_R06_T13,False,False,False,False,False,False
7,7,source_csp_target_lda_source_scaler,10,6/14,1/2/3/4/5/6/8/9/10/11/12/13/14/15/16/17/18/19/20,S007_R10_T00/S007_R10_T01/S007_R10_T02/S007_R10_T03/S007_R10_T04/S007_R10_T05/S007_R10_T06/S007_R10_T07/S007_R10_T08/S007_R10_T09/S007_R10_T10/S007_R10_T11/S007_R10_T12/S007_R10_T13,14,7,7,S007_R06_T00/S007_R06_T01/S007_R06_T02/S007_R06_T03/S007_R06_T04/S007_R06_T05/S007_R06_T06/S007_R06_T07/S007_R06_T08/S007_R06_T09/S007_R06_T10/S007_R06_T11/S007_R06_T12/S007_R06_T13/S007_R06_T14/S007_R14_T00/S007_R14_T01/S007_R14_T02/S007_R14_T03/S007_R14_T04/S007_R14_T05/S007_R14_T06/S007_R14_T07/S007_R14_T08/S007_R14_T09/S007_R14_T10/S007_R14_T11/S007_R14_T12/S007_R14_T13/S007_R14_T14,30,False,not_applicable,not_applicable,S007_R10_T00/S007_R10_T01/S007_R10_T02/S007_R10_T03/S007_R10_T04/S007_R10_T05/S007_R10_T06/S007_R10_T07/S007_R10_T08/S007_R10_T09/S007_R10_T10/S007_R10_T11/S007_R10_T12/S007_R10_T13,False,False,False,False,False,False
7,7,source_csp_target_lda_source_scaler,14,6/10,1/2/3/4/5/6/8/9/10/11/12/13/14/15/16/17/18/19/20,S007_R14_T00/S007_R14_T01/S007_R14_T02/S007_R14_T03/S007_R14_T04/S007_R14_T05/S007_R14_T06/S007_R14_T07/S007_R14_T08/S007_R14_T09/S007_R14_T10/S007_R14_T11/S007_R14_T12/S007_R14_T13,14,7,7,S007_R06_T00/S007_R06_T01/S007_R06_T02/S007_R06_T03/S007_R06_T04/S007_R06_T05/S007_R06_T06/S007_R06_T07/S007_R06_T08/S007_R06_T09/S007_R06_T10/S007_R06_T11/S007_R06_T12/S007_R06_T13/S007_R06_T14/S007_R10_T00/S007_R10_T01/S007_R10_T02/S007_R10_T03/S007_R10_T04/S007_R10_T05/S007_R10_T06/S007_R10_T07/S007_R10_T08/S007_R10_T09/S007_R10_T10/S007_R10_T11/S007_R10_T12/S007_R10_T13/S007_R10_T14,30,False,not_applicable,not_applicable,S007_R14_T00/S007_R14_T01/S007_R14_T02/S007_R14_T03/S007_R14_T04/S007_R14_T05/S007_R14_T06/S007_R14_T07/S007_R14_T08/S007_R14_T09/S007_R14_T10/S007_R14_T11/S007_R14_T12/S007_R14_T13,False,False,False,False,False,False
7,7,source_csp_target_lda_target_scaler,6,10/14,1/2/3/4/5/6/8/9/10/11/12/13/14/15/16/17/18/19/20,S007_R06_T00/S007_R06_T01/S007_R06_T02/S007_R06_T03/S007_R06_T04/S007_R06_T05/S007_R06_T06/S007_R06_T07/S007_R06_T08/S007_R06_T09/S007_R06_T10/S007_R06_T11/S007_R06_T12/S007_R06_T13,14,7,7,S007_R10_T00/S007_R10_T01/S007_R10_T02/S007_R10_T03/S007_R10_T04/S007_R10_T05/S007_R10_T06/S007_R10_T07/S007_R10_T08/S007_R10_T09/S007_R10_T10/S007_R10_T11/S007_R10_T12/S007_R10_T13/S007_R10_T14/S007_R14_T00/S007_R14_T01/S007_R14_T02/S007_R14_T03/S007_R14_T04/S007_R14_T05/S007_R14_T06/S007_R14_T07/S007_R14_T08/S007_R14_T09/S007_R14_T10/S007_R14_T11/S007_R14_T12/S007_R14_T13/S007_R14_T14,30,False,not_applicable,S007_R06_T00/S007_R06_T01/S007_R06_T02/S007_R06_T03/S007_R06_T04/S007_R06_T05/S007_R06_T06/S007_R06_T07/S007_R06_T08/S007_R06_T09/S007_R06_T10/S007_R06_T11/S007_R06_T12/S007_R06_T13,S007_R06_T00/S007_R06_T01/S007_R06_T02/S007_R06_T03/S007_R06_T04/S007_R06_T05/S007_R06_T06/S007_R06_T07/S007_R06_T08/S007_R06_T09/S007_R06_T10/S007_R06_T11/S007_R06_T12/S007_R06_T13,False,False,False,False,False,False
7,7,source_csp_target_lda_target_scaler,10,6/14,1/2/3/4/5/6/8/9/10/11/12/13/14/15/16/17/18/19/20,S007_R10_T00/S007_R10_T01/S007_R10_T02/S007_R10_T03/S007_R10_T04/S007_R10_T05/S007_R10_T06/S007_R10_T07/S007_R10_T08/S007_R10_T09/S007_R10_T10/S007_R10_T11/S007_R10_T12/S007_R10_T13,14,7,7,S007_R06_T00/S007_R06_T01/S007_R06_T02/S007_R06_T03/S007_R06_T04/S007_R06_T05/S007_R06_T06/S007_R06_T07/S007_R06_T08/S007_R06_T09/S007_R06_T10/S007_R06_T11/S007_R06_T12/S007_R06_T13/S007_R06_T14/S007_R14_T00/S007_R14_T01/S007_R14_T02/S007_R14_T03/S007_R14_T04/S007_R14_T05/S007_R14_T06/S007_R14_T07/S007_R14_T08/S007_R14_T09/S007_R14_T10/S007_R14_T11/S007_R14_T12/S007_R14_T13/S007_R14_T14,30,False,not_applicable,S007_R10_T00/S007_R10_T01/S007_R10_T02/S007_R10_T03/S007_R10_T04/S007_R10_T05/S007_R10_T06/S007_R10_T07/S007_R10_T08/S007_R10_T09/S007_R10_T10/S007_R10_T11/S007_R10_T12/S007_R10_T13,S007_R10_T00/S007_R10_T01/S007_R10_T02/S007_R10_T03/S007_R10_T04/S007_R10_T05/S007_R10_T06/S007_R10_T07/S007_R10_T08/S007_R10_T09/S007_R10_T10/S007_R10_T11/S007_R10_T12/S007_R10_T13,False,False,False,False,False,False
7,7,source_csp_target_lda_target_scaler,14,6/10,1/2/3/4/5/6/8/9/10/11/12/13/14/15/16/17/18/19/20,S007_R14_T00/S007_R14_T01/S007_R14_T02/S007_R14_T03/S007_R14_T04/S007_R14_T05/S007_R14_T06/S007_R14_T07/S007_R14_T08/S007_R14_T09/S007_R14_T10/S007_R14_T11/S007_R14_T12/S007_R14_T13,14,7,7,S007_R06_T00/S007_R06_T01/S007_R06_T02/S007_R06_T03/S007_R06_T04/S007_R06_T05/S007_R06_T06/S007_R06_T07/S007_R06_T08/S007_R06_T09/S007_R06_T10/S007_R06_T11/S007_R06_T12/S007_R06_T13/S007_R06_T14/S007_R10_T00/S007_R10_T01/S007_R10_T02/S007_R10_T03/S007_R10_T04/S007_R10_T05/S007_R10_T06/S007_R10_T07/S007_R10_T08/S007_R10_T09/S007_R10_T10/S007_R10_T11/S007_R10_T12/S007_R10_T13/S007_R10_T14,30,False,not_applicable,S007_R14_T00/S007_R14_T01/S007_R14_T02/S007_R14_T03/S007_R14_T04/S007_R14_T05/S007_R14_T06/S007_R14_T07/S007_R14_T08/S007_R14_T09/S007_R14_T10/S007_R14_T11/S007_R14_T12/S007_R14_T13,S007_R14_T00/S007_R14_T01/S007_R14_T02/S007_R14_T03/S007_R14_T04/S007_R14_T05/S007_R14_T06/S007_R14_T07/S007_R14_T08/S007_R14_T09/S007_R14_T10/S007_R14_T11/S007_R14_T12/S007_R14_T13,False,False,False,False,False,False
7,7,target_csp_empirical,6,10/14,1/2/3/4/5/6/8/9/10/11/12/13/14/15/16/17/18/19/20,S007_R06_T00/S007_R06_T01/S007_R06_T02/S007_R06_T03/S007_R06_T04/S007_R06_T05/S007_R06_T06/S007_R06_T07/S007_R06_T08/S007_R06_T09/S007_R06_T10/S007_R06_T11/S007_R06_T12/S007_R06_T13,14,7,7,S007_R10_T00/S007_R10_T01/S007_R10_T02/S007_R10_T03/S007_R10_T04/S007_R10_T05/S007_R10_T06/S007_R10_T07/S007_R10_T08/S007_R10_T09/S007_R10_T10/S007_R10_T11/S007_R10_T12/S007_R10_T13/S007_R10_T14/S007_R14_T00/S007_R14_T01/S007_R14_T02/S007_R14_T03/S007_R14_T04/S007_R14_T05/S007_R14_T06/S007_R14_T07/S007_R14_T08/S007_R14_T09/S007_R14_T10/S007_R14_T11/S007_R14_T12/S007_R14_T13/S007_R14_T14,30,False,S007_R06_T00/S007_R06_T01/S007_R06_T02/S007_R06_T03/S007_R06_T04/S007_R06_T05/S007_R06_T06/S007_R06_T07/S007_R06_T08/S007_R06_T09/S007_R06_T10/S007_R06_T11/S007_R06_T12/S007_R06_T13,S007_R06_T00/S007_R06_T01/S007_R06_T02/S007_R06_T03/S007_R06_T04/S007_R06_T05/S007_R06_T06/S007_R06_T07/S007_R06_T08/S007_R06_T09/S007_R06_T10/S007_R06_T11/S007_R06_T12/S007_R06_T13,S007_R06_T00/S007_R06_T01/S007_R06_T02/S007_R06_T03/S007_R06_T04/S007_R06_T05/S007_R06_T06/S007_R06_T07/S007_R06_T08/S007_R06_T09/S007_R06_T10/S007_R06_T11/S007_R06_T12/S007_R06_T13,False,False,False,False,False,False
7,7,target_csp_empirical,10,6/14,1/2/3/4/5/6/8/9/10/11/12/13/14/15/16/17/18/19/20,S007_R10_T00/S007_R10_T01/S007_R10_T02/S007_R10_T03/S007_R10_T04/S007_R10_T05/S007_R10_T06/S007_R10_T07/S007_R10_T08/S007_R10_T09/S007_R10_T10/S007_R10_T11/S007_R10_T12/S007_R10_T13,14,7,7,S007_R06_T00/S007_R06_T01/S007_R06_T02/S007_R06_T03/S007_R06_T04/S007_R06_T05/S007_R06_T06/S007_R06_T07/S007_R06_T08/S007_R06_T09/S007_R06_T10/S007_R06_T11/S007_R06_T12/S007_R06_T13/S007_R06_T14/S007_R14_T00/S007_R14_T01/S007_R14_T02/S007_R14_T03/S007_R14_T04/S007_R14_T05/S007_R14_T06/S007_R14_T07/S007_R14_T08/S007_R14_T09/S007_R14_T10/S007_R14_T11/S007_R14_T12/S007_R14_T13/S007_R14_T14,30,False,S007_R10_T00/S007_R10_T01/S007_R10_T02/S007_R10_T03/S007_R10_T04/S007_R10_T05/S007_R10_T06/S007_R10_T07/S007_R10_T08/S007_R10_T09/S007_R10_T10/S007_R10_T11/S007_R10_T12/S007_R10_T13,S007_R10_T00/S007_R10_T01/S007_R10_T02/S007_R10_T03/S007_R10_T04/S007_R10_T05/S007_R10_T06/S007_R10_T07/S007_R10_T08/S007_R10_T09/S007_R10_T10/S007_R10_T11/S007_R10_T12/S007_R10_T13,S007_R10_T00/S007_R10_T01/S007_R10_T02/S007_R10_T03/S007_R10_T04/S007_R10_T05/S007_R10_T06/S007_R10_T07/S007_R10_T08/S007_R10_T09/S007_R10_T10/S007_R10_T11/S007_R10_T12/S007_R10_T13,False,False,False,False,False,False
7,7,target_csp_empirical,14,6/10,1/2/3/4/5/6/8/9/10/11/12/13/14/15/16/17/18/19/20,S007_R14_T00/S007_R14_T01/S007_R14_T02/S007_R14_T03/S007_R14_T04/S007_R14_T05/S007_R14_T06/S007_R14_T07/S007_R14_T08/S007_R14_T09/S007_R14_T10/S007_R14_T11/S007_R14_T12/S007_R14_T13,14,7,7,S007_R06_T00/S007_R06_T01/S007_R06_T02/S007_R06_T03/S007_R06_T04/S007_R06_T05/S007_R06_T06/S007_R06_T07/S007_R06_T08/S007_R06_T09/S007_R06_T10/S007_R06_T11/S007_R06_T12/S007_R06_T13/S007_R06_T14/S007_R10_T00/S007_R10_T01/S007_R10_T02/S007_R10_T03/S007_R10_T04/S007_R10_T05/S007_R10_T06/S007_R10_T07/S007_R10_T08/S007_R10_T09/S007_R10_T10/S007_R10_T11/S007_R10_T12/S007_R10_T13/S007_R10_T14,30,False,S007_R14_T00/S007_R14_T01/S007_R14_T02/S007_R14_T03/S007_R14_T04/S007_R14_T05/S007_R14_T06/S007_R14_T07/S007_R14_T08/S007_R14_T09/S007_R14_T10/S007_R14_T11/S007_R14_T12/S007_R14_T13,S007_R14_T00/S007_R14_T01/S007_R14_T02/S007_R14_T03/S007_R14_T04/S007_R14_T05/S007_R14_T06/S007_R14_T07/S007_R14_T08/S007_R14_T09/S007_R14_T10/S007_R14_T11/S007_R14_T12/S007_R14_T13,S007_R14_T00/S007_R14_T01/S007_R14_T02/S007_R14_T03/S007_R14_T04/S007_R14_T05/S007_R14_T06/S007_R14_T07/S007_R14_T08/S007_R14_T09/S007_R14_T10/S007_R14_T11/S007_R14_T12/S007_R14_T13,False,False,False,False,False,False
7,7,target_csp_ledoit_wolf,6,10/14,1/2/3/4/5/6/8/9/10/11/12/13/14/15/16/17/18/19/20,S007_R06_T00/S007_R06_T01/S007_R06_T02/S007_R06_T03/S007_R06_T04/S007_R06_T05/S007_R06_T06/S007_R06_T07/S007_R06_T08/S007_R06_T09/S007_R06_T10/S007_R06_T11/S007_R06_T12/S007_R06_T13,14,7,7,S007_R10_T00/S007_R10_T01/S007_R10_T02/S007_R10_T03/S007_R10_T04/S007_R10_T05/S007_R10_T06/S007_R10_T07/S007_R10_T08/S007_R10_T09/S007_R10_T10/S007_R10_T11/S007_R10_T12/S007_R10_T13/S007_R10_T14/S007_R14_T00/S007_R14_T01/S007_R14_T02/S007_R14_T03/S007_R14_T04/S007_R14_T05/S007_R14_T06/S007_R14_T07/S007_R14_T08/S007_R14_T09/S007_R14_T10/S007_R14_T11/S007_R14_T12/S007_R14_T13/S007_R14_T14,30,False,S007_R06_T00/S007_R06_T01/S007_R06_T02/S007_R06_T03/S007_R06_T04/S007_R06_T05/S007_R06_T06/S007_R06_T07/S007_R06_T08/S007_R06_T09/S007_R06_T10/S007_R06_T11/S007_R06_T12/S007_R06_T13,S007_R06_T00/S007_R06_T01/S007_R06_T02/S007_R06_T03/S007_R06_T04/S007_R06_T05/S007_R06_T06/S007_R06_T07/S007_R06_T08/S007_R06_T09/S007_R06_T10/S007_R06_T11/S007_R06_T12/S007_R06_T13,S007_R06_T00/S007_R06_T01/S007_R06_T02/S007_R06_T03/S007_R06_T04/S007_R06_T05/S007_R06_T06/S007_R06_T07/S007_R06_T08/S007_R06_T09/S007_R06_T10/S007_R06_T11/S007_R06_T12/S007_R06_T13,False,False,False,False,False,False
7,7,target_csp_ledoit_wolf,10,6/14,1/2/3/4/5/6/8/9/10/11/12/13/14/15/16/17/18/19/20,S007_R10_T00/S007_R10_T01/S007_R10_T02/S007_R10_T03/S007_R10_T04/S007_R10_T05/S007_R10_T06/S007_R10_T07/S007_R10_T08/S007_R10_T09/S007_R10_T10/S007_R10_T11/S007_R10_T12/S007_R10_T13,14,7,7,S007_R06_T00/S007_R06_T01/S007_R06_T02/S007_R06_T03/S007_R06_T04/S007_R06_T05/S007_R06_T06/S007_R06_T07/S007_R06_T08/S007_R06_T09/S007_R06_T10/S007_R06_T11/S007_R06_T12/S007_R06_T13/S007_R06_T14/S007_R14_T00/S007_R14_T01/S007_R14_T02/S007_R14_T03/S007_R14_T04/S007_R14_T05/S007_R14_T06/S007_R14_T07/S007_R14_T08/S007_R14_T09/S007_R14_T10/S007_R14_T11/S007_R14_T12/S007_R14_T13/S007_R14_T14,30,False,S007_R10_T00/S007_R10_T01/S007_R10_T02/S007_R10_T03/S007_R10_T04/S007_R10_T05/S007_R10_T06/S007_R10_T07/S007_R10_T08/S007_R10_T09/S007_R10_T10/S007_R10_T11/S007_R10_T12/S007_R10_T13,S007_R10_T00/S007_R10_T01/S007_R10_T02/S007_R10_T03/S007_R10_T04/S007_R10_T05/S007_R10_T06/S007_R10_T07/S007_R10_T08/S007_R10_T09/S007_R10_T10/S007_R10_T11/S007_R10_T12/S007_R10_T13,S007_R10_T00/S007_R10_T01/S007_R10_T02/S007_R10_T03/S007_R10_T04/S007_R10_T05/S007_R10_T06/S007_R10_T07/S007_R10_T08/S007_R10_T09/S007_R10_T10/S007_R10_T11/S007_R10_T12/S007_R10_T13,False,False,False,False,False,False
7,7,target_csp_ledoit_wolf,14,6/10,1/2/3/4/5/6/8/9/10/11/12/13/14/15/16/17/18/19/20,S007_R14_T00/S007_R14_T01/S007_R14_T02/S007_R14_T03/S007_R14_T04/S007_R14_T05/S007_R14_T06/S007_R14_T07/S007_R14_T08/S007_R14_T09/S007_R14_T10/S007_R14_T11/S007_R14_T12/S007_R14_T13,14,7,7,S007_R06_T00/S007_R06_T01/S007_R06_T02/S007_R06_T03/S007_R06_T04/S007_R06_T05/S007_R06_T06/S007_R06_T07/S007_R06_T08/S007_R06_T09/S007_R06_T10/S007_R06_T11/S007_R06_T12/S007_R06_T13/S007_R06_T14/S007_R10_T00/S007_R10_T01/S007_R10_T02/S007_R10_T03/S007_R10_T04/S007_R10_T05/S007_R10_T06/S007_R10_T07/S007_R10_T08/S007_R10_T09/S007_R10_T10/S007_R10_T11/S007_R10_T12/S007_R10_T13/S007_R10_T14,30,False,S007_R14_T00/S007_R14_T01/S007_R14_T02/S007_R14_T03/S007_R14_T04/S007_R14_T05/S007_R14_T06/S007_R14_T07/S007_R14_T08/S007_R14_T09/S007_R14_T10/S007_R14_T11/S007_R14_T12/S007_R14_T13,S007_R14_T00/S007_R14_T01/S007_R14_T02/S007_R14_T03/S007_R14_T04/S007_R14_T05/S007_R14_T06/S007_R14_T07/S007_R14_T08/S007_R14_T09/S007_R14_T10/S007_R14_T11/S007_R14_T12/S007_R14_T13,S007_R14_T00/S007_R14_T01/S007_R14_T02/S007_R14_T03/S007_R14_T04/S007_R14_T05/S007_R14_T06/S007_R14_T07/S007_R14_T08/S007_R14_T09/S007_R14_T10/S007_R14_T11/S007_R14_T12/S007_R14_T13,False,False,False,False,False,False
8,8,source_zero_shot,6,10/14,1/2/3/4/5/6/7/9/10/11/12/13/14/15/16/17/18/19/20,S008_R06_T00/S008_R06_T01/S008_R06_T02/S008_R06_T03/S008_R06_T04/S008_R06_T05/S008_R06_T06/S008_R06_T07/S008_R06_T08/S008_R06_T09/S008_R06_T10/S008_R06_T11/S008_R06_T12/S008_R06_T13,14,7,7,S008_R10_T00/S008_R10_T01/S008_R10_T02/S008_R10_T03/S008_R10_T04/S008_R10_T05/S008_R10_T06/S008_R10_T07/S008_R10_T08/S008_R10_T09/S008_R10_T10/S008_R10_T11/S008_R10_T12/S008_R10_T13/S008_R10_T14/S008_R14_T00/S008_R14_T01/S008_R14_T02/S008_R14_T03/S008_R14_T04/S008_R14_T05/S008_R14_T06/S008_R14_T07/S008_R14_T08/S008_R14_T09/S008_R14_T10/S008_R14_T11/S008_R14_T12/S008_R14_T13/S008_R14_T14,30,False,not_applicable,not_applicable,not_applicable,False,False,False,False,False,False
8,8,source_zero_shot,10,6/14,1/2/3/4/5/6/7/9/10/11/12/13/14/15/16/17/18/19/20,S008_R10_T00/S008_R10_T01/S008_R10_T02/S008_R10_T03/S008_R10_T04/S008_R10_T05/S008_R10_T06/S008_R10_T07/S008_R10_T08/S008_R10_T09/S008_R10_T10/S008_R10_T11/S008_R10_T12/S008_R10_T13,14,7,7,S008_R06_T00/S008_R06_T01/S008_R06_T02/S008_R06_T03/S008_R06_T04/S008_R06_T05/S008_R06_T06/S008_R06_T07/S008_R06_T08/S008_R06_T09/S008_R06_T10/S008_R06_T11/S008_R06_T12/S008_R06_T13/S008_R06_T14/S008_R14_T00/S008_R14_T01/S008_R14_T02/S008_R14_T03/S008_R14_T04/S008_R14_T05/S008_R14_T06/S008_R14_T07/S008_R14_T08/S008_R14_T09/S008_R14_T10/S008_R14_T11/S008_R14_T12/S008_R14_T13/S008_R14_T14,30,False,not_applicable,not_applicable,not_applicable,False,False,False,False,False,False
8,8,source_zero_shot,14,6/10,1/2/3/4/5/6/7/9/10/11/12/13/14/15/16/17/18/19/20,S008_R14_T00/S008_R14_T01/S008_R14_T02/S008_R14_T03/S008_R14_T04/S008_R14_T05/S008_R14_T06/S008_R14_T07/S008_R14_T08/S008_R14_T09/S008_R14_T10/S008_R14_T11/S008_R14_T12/S008_R14_T13,14,7,7,S008_R06_T00/S008_R06_T01/S008_R06_T02/S008_R06_T03/S008_R06_T04/S008_R06_T05/S008_R06_T06/S008_R06_T07/S008_R06_T08/S008_R06_T09/S008_R06_T10/S008_R06_T11/S008_R06_T12/S008_R06_T13/S008_R06_T14/S008_R10_T00/S008_R10_T01/S008_R10_T02/S008_R10_T03/S008_R10_T04/S008_R10_T05/S008_R10_T06/S008_R10_T07/S008_R10_T08/S008_R10_T09/S008_R10_T10/S008_R10_T11/S008_R10_T12/S008_R10_T13/S008_R10_T14,30,False,not_applicable,not_applicable,not_applicable,False,False,False,False,False,False
8,8,source_csp_target_lda_source_scaler,6,10/14,1/2/3/4/5/6/7/9/10/11/12/13/14/15/16/17/18/19/20,S008_R06_T00/S008_R06_T01/S008_R06_T02/S008_R06_T03/S008_R06_T04/S008_R06_T05/S008_R06_T06/S008_R06_T07/S008_R06_T08/S008_R06_T09/S008_R06_T10/S008_R06_T11/S008_R06_T12/S008_R06_T13,14,7,7,S008_R10_T00/S008_R10_T01/S008_R10_T02/S008_R10_T03/S008_R10_T04/S008_R10_T05/S008_R10_T06/S008_R10_T07/S008_R10_T08/S008_R10_T09/S008_R10_T10/S008_R10_T11/S008_R10_T12/S008_R10_T13/S008_R10_T14/S008_R14_T00/S008_R14_T01/S008_R14_T02/S008_R14_T03/S008_R14_T04/S008_R14_T05/S008_R14_T06/S008_R14_T07/S008_R14_T08/S008_R14_T09/S008_R14_T10/S008_R14_T11/S008_R14_T12/S008_R14_T13/S008_R14_T14,30,False,not_applicable,not_applicable,S008_R06_T00/S008_R06_T01/S008_R06_T02/S008_R06_T03/S008_R06_T04/S008_R06_T05/S008_R06_T06/S008_R06_T07/S008_R06_T08/S008_R06_T09/S008_R06_T10/S008_R06_T11/S008_R06_T12/S008_R06_T13,False,False,False,False,False,False
8,8,source_csp_target_lda_source_scaler,10,6/14,1/2/3/4/5/6/7/9/10/11/12/13/14/15/16/17/18/19/20,S008_R10_T00/S008_R10_T01/S008_R10_T02/S008_R10_T03/S008_R10_T04/S008_R10_T05/S008_R10_T06/S008_R10_T07/S008_R10_T08/S008_R10_T09/S008_R10_T10/S008_R10_T11/S008_R10_T12/S008_R10_T13,14,7,7,S008_R06_T00/S008_R06_T01/S008_R06_T02/S008_R06_T03/S008_R06_T04/S008_R06_T05/S008_R06_T06/S008_R06_T07/S008_R06_T08/S008_R06_T09/S008_R06_T10/S008_R06_T11/S008_R06_T12/S008_R06_T13/S008_R06_T14/S008_R14_T00/S008_R14_T01/S008_R14_T02/S008_R14_T03/S008_R14_T04/S008_R14_T05/S008_R14_T06/S008_R14_T07/S008_R14_T08/S008_R14_T09/S008_R14_T10/S008_R14_T11/S008_R14_T12/S008_R14_T13/S008_R14_T14,30,False,not_applicable,not_applicable,S008_R10_T00/S008_R10_T01/S008_R10_T02/S008_R10_T03/S008_R10_T04/S008_R10_T05/S008_R10_T06/S008_R10_T07/S008_R10_T08/S008_R10_T09/S008_R10_T10/S008_R10_T11/S008_R10_T12/S008_R10_T13,False,False,False,False,False,False
8,8,source_csp_target_lda_source_scaler,14,6/10,1/2/3/4/5/6/7/9/10/11/12/13/14/15/16/17/18/19/20,S008_R14_T00/S008_R14_T01/S008_R14_T02/S008_R14_T03/S008_R14_T04/S008_R14_T05/S008_R14_T06/S008_R14_T07/S008_R14_T08/S008_R14_T09/S008_R14_T10/S008_R14_T11/S008_R14_T12/S008_R14_T13,14,7,7,S008_R06_T00/S008_R06_T01/S008_R06_T02/S008_R06_T03/S008_R06_T04/S008_R06_T05/S008_R06_T06/S008_R06_T07/S008_R06_T08/S008_R06_T09/S008_R06_T10/S008_R06_T11/S008_R06_T12/S008_R06_T13/S008_R06_T14/S008_R10_T00/S008_R10_T01/S008_R10_T02/S008_R10_T03/S008_R10_T04/S008_R10_T05/S008_R10_T06/S008_R10_T07/S008_R10_T08/S008_R10_T09/S008_R10_T10/S008_R10_T11/S008_R10_T12/S008_R10_T13/S008_R10_T14,30,False,not_applicable,not_applicable,S008_R14_T00/S008_R14_T01/S008_R14_T02/S008_R14_T03/S008_R14_T04/S008_R14_T05/S008_R14_T06/S008_R14_T07/S008_R14_T08/S008_R14_T09/S008_R14_T10/S008_R14_T11/S008_R14_T12/S008_R14_T13,False,False,False,False,False,False
8,8,source_csp_target_lda_target_scaler,6,10/14,1/2/3/4/5/6/7/9/10/11/12/13/14/15/16/17/18/19/20,S008_R06_T00/S008_R06_T01/S008_R06_T02/S008_R06_T03/S008_R06_T04/S008_R06_T05/S008_R06_T06/S008_R06_T07/S008_R06_T08/S008_R06_T09/S008_R06_T10/S008_R06_T11/S008_R06_T12/S008_R06_T13,14,7,7,S008_R10_T00/S008_R10_T01/S008_R10_T02/S008_R10_T03/S008_R10_T04/S008_R10_T05/S008_R10_T06/S008_R10_T07/S008_R10_T08/S008_R10_T09/S008_R10_T10/S008_R10_T11/S008_R10_T12/S008_R10_T13/S008_R10_T14/S008_R14_T00/S008_R14_T01/S008_R14_T02/S008_R14_T03/S008_R14_T04/S008_R14_T05/S008_R14_T06/S008_R14_T07/S008_R14_T08/S008_R14_T09/S008_R14_T10/S008_R14_T11/S008_R14_T12/S008_R14_T13/S008_R14_T14,30,False,not_applicable,S008_R06_T00/S008_R06_T01/S008_R06_T02/S008_R06_T03/S008_R06_T04/S008_R06_T05/S008_R06_T06/S008_R06_T07/S008_R06_T08/S008_R06_T09/S008_R06_T10/S008_R06_T11/S008_R06_T12/S008_R06_T13,S008_R06_T00/S008_R06_T01/S008_R06_T02/S008_R06_T03/S008_R06_T04/S008_R06_T05/S008_R06_T06/S008_R06_T07/S008_R06_T08/S008_R06_T09/S008_R06_T10/S008_R06_T11/S008_R06_T12/S008_R06_T13,False,False,False,False,False,False
8,8,source_csp_target_lda_target_scaler,10,6/14,1/2/3/4/5/6/7/9/10/11/12/13/14/15/16/17/18/19/20,S008_R10_T00/S008_R10_T01/S008_R10_T02/S008_R10_T03/S008_R10_T04/S008_R10_T05/S008_R10_T06/S008_R10_T07/S008_R10_T08/S008_R10_T09/S008_R10_T10/S008_R10_T11/S008_R10_T12/S008_R10_T13,14,7,7,S008_R06_T00/S008_R06_T01/S008_R06_T02/S008_R06_T03/S008_R06_T04/S008_R06_T05/S008_R06_T06/S008_R06_T07/S008_R06_T08/S008_R06_T09/S008_R06_T10/S008_R06_T11/S008_R06_T12/S008_R06_T13/S008_R06_T14/S008_R14_T00/S008_R14_T01/S008_R14_T02/S008_R14_T03/S008_R14_T04/S008_R14_T05/S008_R14_T06/S008_R14_T07/S008_R14_T08/S008_R14_T09/S008_R14_T10/S008_R14_T11/S008_R14_T12/S008_R14_T13/S008_R14_T14,30,False,not_applicable,S008_R10_T00/S008_R10_T01/S008_R10_T02/S008_R10_T03/S008_R10_T04/S008_R10_T05/S008_R10_T06/S008_R10_T07/S008_R10_T08/S008_R10_T09/S008_R10_T10/S008_R10_T11/S008_R10_T12/S008_R10_T13,S008_R10_T00/S008_R10_T01/S008_R10_T02/S008_R10_T03/S008_R10_T04/S008_R10_T05/S008_R10_T06/S008_R10_T07/S008_R10_T08/S008_R10_T09/S008_R10_T10/S008_R10_T11/S008_R10_T12/S008_R10_T13,False,False,False,False,False,False
8,8,source_csp_target_lda_target_scaler,14,6/10,1/2/3/4/5/6/7/9/10/11/12/13/14/15/16/17/18/19/20,S008_R14_T00/S008_R14_T01/S008_R14_T02/S008_R14_T03/S008_R14_T04/S008_R14_T05/S008_R14_T06/S008_R14_T07/S008_R14_T08/S008_R14_T09/S008_R14_T10/S008_R14_T11/S008_R14_T12/S008_R14_T13,14,7,7,S008_R06_T00/S008_R06_T01/S008_R06_T02/S008_R06_T03/S008_R06_T04/S008_R06_T05/S008_R06_T06/S008_R06_T07/S008_R06_T08/S008_R06_T09/S008_R06_T10/S008_R06_T11/S008_R06_T12/S008_R06_T13/S008_R06_T14/S008_R10_T00/S008_R10_T01/S008_R10_T02/S008_R10_T03/S008_R10_T04/S008_R10_T05/S008_R10_T06/S008_R10_T07/S008_R10_T08/S008_R10_T09/S008_R10_T10/S008_R10_T11/S008_R10_T12/S008_R10_T13/S008_R10_T14,30,False,not_applicable,S008_R14_T00/S008_R14_T01/S008_R14_T02/S008_R14_T03/S008_R14_T04/S008_R14_T05/S008_R14_T06/S008_R14_T07/S008_R14_T08/S008_R14_T09/S008_R14_T10/S008_R14_T11/S008_R14_T12/S008_R14_T13,S008_R14_T00/S008_R14_T01/S008_R14_T02/S008_R14_T03/S008_R14_T04/S008_R14_T05/S008_R14_T06/S008_R14_T07/S008_R14_T08/S008_R14_T09/S008_R14_T10/S008_R14_T11/S008_R14_T12/S008_R14_T13,False,False,False,False,False,False
8,8,target_csp_empirical,6,10/14,1/2/3/4/5/6/7/9/10/11/12/13/14/15/16/17/18/19/20,S008_R06_T00/S008_R06_T01/S008_R06_T02/S008_R06_T03/S008_R06_T04/S008_R06_T05/S008_R06_T06/S008_R06_T07/S008_R06_T08/S008_R06_T09/S008_R06_T10/S008_R06_T11/S008_R06_T12/S008_R06_T13,14,7,7,S008_R10_T00/S008_R10_T01/S008_R10_T02/S008_R10_T03/S008_R10_T04/S008_R10_T05/S008_R10_T06/S008_R10_T07/S008_R10_T08/S008_R10_T09/S008_R10_T10/S008_R10_T11/S008_R10_T12/S008_R10_T13/S008_R10_T14/S008_R14_T00/S008_R14_T01/S008_R14_T02/S008_R14_T03/S008_R14_T04/S008_R14_T05/S008_R14_T06/S008_R14_T07/S008_R14_T08/S008_R14_T09/S008_R14_T10/S008_R14_T11/S008_R14_T12/S008_R14_T13/S008_R14_T14,30,False,S008_R06_T00/S008_R06_T01/S008_R06_T02/S008_R06_T03/S008_R06_T04/S008_R06_T05/S008_R06_T06/S008_R06_T07/S008_R06_T08/S008_R06_T09/S008_R06_T10/S008_R06_T11/S008_R06_T12/S008_R06_T13,S008_R06_T00/S008_R06_T01/S008_R06_T02/S008_R06_T03/S008_R06_T04/S008_R06_T05/S008_R06_T06/S008_R06_T07/S008_R06_T08/S008_R06_T09/S008_R06_T10/S008_R06_T11/S008_R06_T12/S008_R06_T13,S008_R06_T00/S008_R06_T01/S008_R06_T02/S008_R06_T03/S008_R06_T04/S008_R06_T05/S008_R06_T06/S008_R06_T07/S008_R06_T08/S008_R06_T09/S008_R06_T10/S008_R06_T11/S008_R06_T12/S008_R06_T13,False,False,False,False,False,False
8,8,target_csp_empirical,10,6/14,1/2/3/4/5/6/7/9/10/11/12/13/14/15/16/17/18/19/20,S008_R10_T00/S008_R10_T01/S008_R10_T02/S008_R10_T03/S008_R10_T04/S008_R10_T05/S008_R10_T06/S008_R10_T07/S008_R10_T08/S008_R10_T09/S008_R10_T10/S008_R10_T11/S008_R10_T12/S008_R10_T13,14,7,7,S008_R06_T00/S008_R06_T01/S008_R06_T02/S008_R06_T03/S008_R06_T04/S008_R06_T05/S008_R06_T06/S008_R06_T07/S008_R06_T08/S008_R06_T09/S008_R06_T10/S008_R06_T11/S008_R06_T12/S008_R06_T13/S008_R06_T14/S008_R14_T00/S008_R14_T01/S008_R14_T02/S008_R14_T03/S008_R14_T04/S008_R14_T05/S008_R14_T06/S008_R14_T07/S008_R14_T08/S008_R14_T09/S008_R14_T10/S008_R14_T11/S008_R14_T12/S008_R14_T13/S008_R14_T14,30,False,S008_R10_T00/S008_R10_T01/S008_R10_T02/S008_R10_T03/S008_R10_T04/S008_R10_T05/S008_R10_T06/S008_R10_T07/S008_R10_T08/S008_R10_T09/S008_R10_T10/S008_R10_T11/S008_R10_T12/S008_R10_T13,S008_R10_T00/S008_R10_T01/S008_R10_T02/S008_R10_T03/S008_R10_T04/S008_R10_T05/S008_R10_T06/S008_R10_T07/S008_R10_T08/S008_R10_T09/S008_R10_T10/S008_R10_T11/S008_R10_T12/S008_R10_T13,S008_R10_T00/S008_R10_T01/S008_R10_T02/S008_R10_T03/S008_R10_T04/S008_R10_T05/S008_R10_T06/S008_R10_T07/S008_R10_T08/S008_R10_T09/S008_R10_T10/S008_R10_T11/S008_R10_T12/S008_R10_T13,False,False,False,False,False,False
8,8,target_csp_empirical,14,6/10,1/2/3/4/5/6/7/9/10/11/12/13/14/15/16/17/18/19/20,S008_R14_T00/S008_R14_T01/S008_R14_T02/S008_R14_T03/S008_R14_T04/S008_R14_T05/S008_R14_T06/S008_R14_T07/S008_R14_T08/S008_R14_T09/S008_R14_T10/S008_R14_T11/S008_R14_T12/S008_R14_T13,14,7,7,S008_R06_T00/S008_R06_T01/S008_R06_T02/S008_R06_T03/S008_R06_T04/S008_R06_T05/S008_R06_T06/S008_R06_T07/S008_R06_T08/S008_R06_T09/S008_R06_T10/S008_R06_T11/S008_R06_T12/S008_R06_T13/S008_R06_T14/S008_R10_T00/S008_R10_T01/S008_R10_T02/S008_R10_T03/S008_R10_T04/S008_R10_T05/S008_R10_T06/S008_R10_T07/S008_R10_T08/S008_R10_T09/S008_R10_T10/S008_R10_T11/S008_R10_T12/S008_R10_T13/S008_R10_T14,30,False,S008_R14_T00/S008_R14_T01/S008_R14_T02/S008_R14_T03/S008_R14_T04/S008_R14_T05/S008_R14_T06/S008_R14_T07/S008_R14_T08/S008_R14_T09/S008_R14_T10/S008_R14_T11/S008_R14_T12/S008_R14_T13,S008_R14_T00/S008_R14_T01/S008_R14_T02/S008_R14_T03/S008_R14_T04/S008_R14_T05/S008_R14_T06/S008_R14_T07/S008_R14_T08/S008_R14_T09/S008_R14_T10/S008_R14_T11/S008_R14_T12/S008_R14_T13,S008_R14_T00/S008_R14_T01/S008_R14_T02/S008_R14_T03/S008_R14_T04/S008_R14_T05/S008_R14_T06/S008_R14_T07/S008_R14_T08/S008_R14_T09/S008_R14_T10/S008_R14_T11/S008_R14_T12/S008_R14_T13,False,False,False,False,False,False
8,8,target_csp_ledoit_wolf,6,10/14,1/2/3/4/5/6/7/9/10/11/12/13/14/15/16/17/18/19/20,S008_R06_T00/S008_R06_T01/S008_R06_T02/S008_R06_T03/S008_R06_T04/S008_R06_T05/S008_R06_T06/S008_R06_T07/S008_R06_T08/S008_R06_T09/S008_R06_T10/S008_R06_T11/S008_R06_T12/S008_R06_T13,14,7,7,S008_R10_T00/S008_R10_T01/S008_R10_T02/S008_R10_T03/S008_R10_T04/S008_R10_T05/S008_R10_T06/S008_R10_T07/S008_R10_T08/S008_R10_T09/S008_R10_T10/S008_R10_T11/S008_R10_T12/S008_R10_T13/S008_R10_T14/S008_R14_T00/S008_R14_T01/S008_R14_T02/S008_R14_T03/S008_R14_T04/S008_R14_T05/S008_R14_T06/S008_R14_T07/S008_R14_T08/S008_R14_T09/S008_R14_T10/S008_R14_T11/S008_R14_T12/S008_R14_T13/S008_R14_T14,30,False,S008_R06_T00/S008_R06_T01/S008_R06_T02/S008_R06_T03/S008_R06_T04/S008_R06_T05/S008_R06_T06/S008_R06_T07/S008_R06_T08/S008_R06_T09/S008_R06_T10/S008_R06_T11/S008_R06_T12/S008_R06_T13,S008_R06_T00/S008_R06_T01/S008_R06_T02/S008_R06_T03/S008_R06_T04/S008_R06_T05/S008_R06_T06/S008_R06_T07/S008_R06_T08/S008_R06_T09/S008_R06_T10/S008_R06_T11/S008_R06_T12/S008_R06_T13,S008_R06_T00/S008_R06_T01/S008_R06_T02/S008_R06_T03/S008_R06_T04/S008_R06_T05/S008_R06_T06/S008_R06_T07/S008_R06_T08/S008_R06_T09/S008_R06_T10/S008_R06_T11/S008_R06_T12/S008_R06_T13,False,False,False,False,False,False
8,8,target_csp_ledoit_wolf,10,6/14,1/2/3/4/5/6/7/9/10/11/12/13/14/15/16/17/18/19/20,S008_R10_T00/S008_R10_T01/S008_R10_T02/S008_R10_T03/S008_R10_T04/S008_R10_T05/S008_R10_T06/S008_R10_T07/S008_R10_T08/S008_R10_T09/S008_R10_T10/S008_R10_T11/S008_R10_T12/S008_R10_T13,14,7,7,S008_R06_T00/S008_R06_T01/S008_R06_T02/S008_R06_T03/S008_R06_T04/S008_R06_T05/S008_R06_T06/S008_R06_T07/S008_R06_T08/S008_R06_T09/S008_R06_T10/S008_R06_T11/S008_R06_T12/S008_R06_T13/S008_R06_T14/S008_R14_T00/S008_R14_T01/S008_R14_T02/S008_R14_T03/S008_R14_T04/S008_R14_T05/S008_R14_T06/S008_R14_T07/S008_R14_T08/S008_R14_T09/S008_R14_T10/S008_R14_T11/S008_R14_T12/S008_R14_T13/S008_R14_T14,30,False,S008_R10_T00/S008_R10_T01/S008_R10_T02/S008_R10_T03/S008_R10_T04/S008_R10_T05/S008_R10_T06/S008_R10_T07/S008_R10_T08/S008_R10_T09/S008_R10_T10/S008_R10_T11/S008_R10_T12/S008_R10_T13,S008_R10_T00/S008_R10_T01/S008_R10_T02/S008_R10_T03/S008_R10_T04/S008_R10_T05/S008_R10_T06/S008_R10_T07/S008_R10_T08/S008_R10_T09/S008_R10_T10/S008_R10_T11/S008_R10_T12/S008_R10_T13,S008_R10_T00/S008_R10_T01/S008_R10_T02/S008_R10_T03/S008_R10_T04/S008_R10_T05/S008_R10_T06/S008_R10_T07/S008_R10_T08/S008_R10_T09/S008_R10_T10/S008_R10_T11/S008_R10_T12/S008_R10_T13,False,False,False,False,False,False
8,8,target_csp_ledoit_wolf,14,6/10,1/2/3/4/5/6/7/9/10/11/12/13/14/15/16/17/18/19/20,S008_R14_T00/S008_R14_T01/S008_R14_T02/S008_R14_T03/S008_R14_T04/S008_R14_T05/S008_R14_T06/S008_R14_T07/S008_R14_T08/S008_R14_T09/S008_R14_T10/S008_R14_T11/S008_R14_T12/S008_R14_T13,14,7,7,S008_R06_T00/S008_R06_T01/S008_R06_T02/S008_R06_T03/S008_R06_T04/S008_R06_T05/S008_R06_T06/S008_R06_T07/S008_R06_T08/S008_R06_T09/S008_R06_T10/S008_R06_T11/S008_R06_T12/S008_R06_T13/S008_R06_T14/S008_R10_T00/S008_R10_T01/S008_R10_T02/S008_R10_T03/S008_R10_T04/S008_R10_T05/S008_R10_T06/S008_R10_T07/S008_R10_T08/S008_R10_T09/S008_R10_T10/S008_R10_T11/S008_R10_T12/S008_R10_T13/S008_R10_T14,30,False,S008_R14_T00/S008_R14_T01/S008_R14_T02/S008_R14_T03/S008_R14_T04/S008_R14_T05/S008_R14_T06/S008_R14_T07/S008_R14_T08/S008_R14_T09/S008_R14_T10/S008_R14_T11/S008_R14_T12/S008_R14_T13,S008_R14_T00/S008_R14_T01/S008_R14_T02/S008_R14_T03/S008_R14_T04/S008_R14_T05/S008_R14_T06/S008_R14_T07/S008_R14_T08/S008_R14_T09/S008_R14_T10/S008_R14_T11/S008_R14_T12/S008_R14_T13,S008_R14_T00/S008_R14_T01/S008_R14_T02/S008_R14_T03/S008_R14_T04/S008_R14_T05/S008_R14_T06/S008_R14_T07/S008_R14_T08/S008_R14_T09/S008_R14_T10/S008_R14_T11/S008_R14_T12/S008_R14_T13,False,False,False,False,False,False
9,9,source_zero_shot,6,10/14,1/2/3/4/5/6/7/8/10/11/12/13/14/15/16/17/18/19/20,S009_R06_T00/S009_R06_T01/S009_R06_T02/S009_R06_T03/S009_R06_T04/S009_R06_T05/S009_R06_T06/S009_R06_T07/S009_R06_T08/S009_R06_T09/S009_R06_T10/S009_R06_T11/S009_R06_T12/S009_R06_T13,14,7,7,S009_R10_T00/S009_R10_T01/S009_R10_T02/S009_R10_T03/S009_R10_T04/S009_R10_T05/S009_R10_T06/S009_R10_T07/S009_R10_T08/S009_R10_T09/S009_R10_T10/S009_R10_T11/S009_R10_T12/S009_R10_T13/S009_R10_T14/S009_R14_T00/S009_R14_T01/S009_R14_T02/S009_R14_T03/S009_R14_T04/S009_R14_T05/S009_R14_T06/S009_R14_T07/S009_R14_T08/S009_R14_T09/S009_R14_T10/S009_R14_T11/S009_R14_T12/S009_R14_T13/S009_R14_T14,30,False,not_applicable,not_applicable,not_applicable,False,False,False,False,False,False
9,9,source_zero_shot,10,6/14,1/2/3/4/5/6/7/8/10/11/12/13/14/15/16/17/18/19/20,S009_R10_T00/S009_R10_T01/S009_R10_T02/S009_R10_T03/S009_R10_T04/S009_R10_T05/S009_R10_T06/S009_R10_T07/S009_R10_T08/S009_R10_T09/S009_R10_T10/S009_R10_T11/S009_R10_T12/S009_R10_T13,14,7,7,S009_R06_T00/S009_R06_T01/S009_R06_T02/S009_R06_T03/S009_R06_T04/S009_R06_T05/S009_R06_T06/S009_R06_T07/S009_R06_T08/S009_R06_T09/S009_R06_T10/S009_R06_T11/S009_R06_T12/S009_R06_T13/S009_R06_T14/S009_R14_T00/S009_R14_T01/S009_R14_T02/S009_R14_T03/S009_R14_T04/S009_R14_T05/S009_R14_T06/S009_R14_T07/S009_R14_T08/S009_R14_T09/S009_R14_T10/S009_R14_T11/S009_R14_T12/S009_R14_T13/S009_R14_T14,30,False,not_applicable,not_applicable,not_applicable,False,False,False,False,False,False
9,9,source_zero_shot,14,6/10,1/2/3/4/5/6/7/8/10/11/12/13/14/15/16/17/18/19/20,S009_R14_T00/S009_R14_T01/S009_R14_T02/S009_R14_T03/S009_R14_T04/S009_R14_T05/S009_R14_T06/S009_R14_T07/S009_R14_T08/S009_R14_T09/S009_R14_T10/S009_R14_T11/S009_R14_T12/S009_R14_T13,14,7,7,S009_R06_T00/S009_R06_T01/S009_R06_T02/S009_R06_T03/S009_R06_T04/S009_R06_T05/S009_R06_T06/S009_R06_T07/S009_R06_T08/S009_R06_T09/S009_R06_T10/S009_R06_T11/S009_R06_T12/S009_R06_T13/S009_R06_T14/S009_R10_T00/S009_R10_T01/S009_R10_T02/S009_R10_T03/S009_R10_T04/S009_R10_T05/S009_R10_T06/S009_R10_T07/S009_R10_T08/S009_R10_T09/S009_R10_T10/S009_R10_T11/S009_R10_T12/S009_R10_T13/S009_R10_T14,30,False,not_applicable,not_applicable,not_applicable,False,False,False,False,False,False
9,9,source_csp_target_lda_source_scaler,6,10/14,1/2/3/4/5/6/7/8/10/11/12/13/14/15/16/17/18/19/20,S009_R06_T00/S009_R06_T01/S009_R06_T02/S009_R06_T03/S009_R06_T04/S009_R06_T05/S009_R06_T06/S009_R06_T07/S009_R06_T08/S009_R06_T09/S009_R06_T10/S009_R06_T11/S009_R06_T12/S009_R06_T13,14,7,7,S009_R10_T00/S009_R10_T01/S009_R10_T02/S009_R10_T03/S009_R10_T04/S009_R10_T05/S009_R10_T06/S009_R10_T07/S009_R10_T08/S009_R10_T09/S009_R10_T10/S009_R10_T11/S009_R10_T12/S009_R10_T13/S009_R10_T14/S009_R14_T00/S009_R14_T01/S009_R14_T02/S009_R14_T03/S009_R14_T04/S009_R14_T05/S009_R14_T06/S009_R14_T07/S009_R14_T08/S009_R14_T09/S009_R14_T10/S009_R14_T11/S009_R14_T12/S009_R14_T13/S009_R14_T14,30,False,not_applicable,not_applicable,S009_R06_T00/S009_R06_T01/S009_R06_T02/S009_R06_T03/S009_R06_T04/S009_R06_T05/S009_R06_T06/S009_R06_T07/S009_R06_T08/S009_R06_T09/S009_R06_T10/S009_R06_T11/S009_R06_T12/S009_R06_T13,False,False,False,False,False,False
9,9,source_csp_target_lda_source_scaler,10,6/14,1/2/3/4/5/6/7/8/10/11/12/13/14/15/16/17/18/19/20,S009_R10_T00/S009_R10_T01/S009_R10_T02/S009_R10_T03/S009_R10_T04/S009_R10_T05/S009_R10_T06/S009_R10_T07/S009_R10_T08/S009_R10_T09/S009_R10_T10/S009_R10_T11/S009_R10_T12/S009_R10_T13,14,7,7,S009_R06_T00/S009_R06_T01/S009_R06_T02/S009_R06_T03/S009_R06_T04/S009_R06_T05/S009_R06_T06/S009_R06_T07/S009_R06_T08/S009_R06_T09/S009_R06_T10/S009_R06_T11/S009_R06_T12/S009_R06_T13/S009_R06_T14/S009_R14_T00/S009_R14_T01/S009_R14_T02/S009_R14_T03/S009_R14_T04/S009_R14_T05/S009_R14_T06/S009_R14_T07/S009_R14_T08/S009_R14_T09/S009_R14_T10/S009_R14_T11/S009_R14_T12/S009_R14_T13/S009_R14_T14,30,False,not_applicable,not_applicable,S009_R10_T00/S009_R10_T01/S009_R10_T02/S009_R10_T03/S009_R10_T04/S009_R10_T05/S009_R10_T06/S009_R10_T07/S009_R10_T08/S009_R10_T09/S009_R10_T10/S009_R10_T11/S009_R10_T12/S009_R10_T13,False,False,False,False,False,False
9,9,source_csp_target_lda_source_scaler,14,6/10,1/2/3/4/5/6/7/8/10/11/12/13/14/15/16/17/18/19/20,S009_R14_T00/S009_R14_T01/S009_R14_T02/S009_R14_T03/S009_R14_T04/S009_R14_T05/S009_R14_T06/S009_R14_T07/S009_R14_T08/S009_R14_T09/S009_R14_T10/S009_R14_T11/S009_R14_T12/S009_R14_T13,14,7,7,S009_R06_T00/S009_R06_T01/S009_R06_T02/S009_R06_T03/S009_R06_T04/S009_R06_T05/S009_R06_T06/S009_R06_T07/S009_R06_T08/S009_R06_T09/S009_R06_T10/S009_R06_T11/S009_R06_T12/S009_R06_T13/S009_R06_T14/S009_R10_T00/S009_R10_T01/S009_R10_T02/S009_R10_T03/S009_R10_T04/S009_R10_T05/S009_R10_T06/S009_R10_T07/S009_R10_T08/S009_R10_T09/S009_R10_T10/S009_R10_T11/S009_R10_T12/S009_R10_T13/S009_R10_T14,30,False,not_applicable,not_applicable,S009_R14_T00/S009_R14_T01/S009_R14_T02/S009_R14_T03/S009_R14_T04/S009_R14_T05/S009_R14_T06/S009_R14_T07/S009_R14_T08/S009_R14_T09/S009_R14_T10/S009_R14_T11/S009_R14_T12/S009_R14_T13,False,False,False,False,False,False
9,9,source_csp_target_lda_target_scaler,6,10/14,1/2/3/4/5/6/7/8/10/11/12/13/14/15/16/17/18/19/20,S009_R06_T00/S009_R06_T01/S009_R06_T02/S009_R06_T03/S009_R06_T04/S009_R06_T05/S009_R06_T06/S009_R06_T07/S009_R06_T08/S009_R06_T09/S009_R06_T10/S009_R06_T11/S009_R06_T12/S009_R06_T13,14,7,7,S009_R10_T00/S009_R10_T01/S009_R10_T02/S009_R10_T03/S009_R10_T04/S009_R10_T05/S009_R10_T06/S009_R10_T07/S009_R10_T08/S009_R10_T09/S009_R10_T10/S009_R10_T11/S009_R10_T12/S009_R10_T13/S009_R10_T14/S009_R14_T00/S009_R14_T01/S009_R14_T02/S009_R14_T03/S009_R14_T04/S009_R14_T05/S009_R14_T06/S009_R14_T07/S009_R14_T08/S009_R14_T09/S009_R14_T10/S009_R14_T11/S009_R14_T12/S009_R14_T13/S009_R14_T14,30,False,not_applicable,S009_R06_T00/S009_R06_T01/S009_R06_T02/S009_R06_T03/S009_R06_T04/S009_R06_T05/S009_R06_T06/S009_R06_T07/S009_R06_T08/S009_R06_T09/S009_R06_T10/S009_R06_T11/S009_R06_T12/S009_R06_T13,S009_R06_T00/S009_R06_T01/S009_R06_T02/S009_R06_T03/S009_R06_T04/S009_R06_T05/S009_R06_T06/S009_R06_T07/S009_R06_T08/S009_R06_T09/S009_R06_T10/S009_R06_T11/S009_R06_T12/S009_R06_T13,False,False,False,False,False,False
9,9,source_csp_target_lda_target_scaler,10,6/14,1/2/3/4/5/6/7/8/10/11/12/13/14/15/16/17/18/19/20,S009_R10_T00/S009_R10_T01/S009_R10_T02/S009_R10_T03/S009_R10_T04/S009_R10_T05/S009_R10_T06/S009_R10_T07/S009_R10_T08/S009_R10_T09/S009_R10_T10/S009_R10_T11/S009_R10_T12/S009_R10_T13,14,7,7,S009_R06_T00/S009_R06_T01/S009_R06_T02/S009_R06_T03/S009_R06_T04/S009_R06_T05/S009_R06_T06/S009_R06_T07/S009_R06_T08/S009_R06_T09/S009_R06_T10/S009_R06_T11/S009_R06_T12/S009_R06_T13/S009_R06_T14/S009_R14_T00/S009_R14_T01/S009_R14_T02/S009_R14_T03/S009_R14_T04/S009_R14_T05/S009_R14_T06/S009_R14_T07/S009_R14_T08/S009_R14_T09/S009_R14_T10/S009_R14_T11/S009_R14_T12/S009_R14_T13/S009_R14_T14,30,False,not_applicable,S009_R10_T00/S009_R10_T01/S009_R10_T02/S009_R10_T03/S009_R10_T04/S009_R10_T05/S009_R10_T06/S009_R10_T07/S009_R10_T08/S009_R10_T09/S009_R10_T10/S009_R10_T11/S009_R10_T12/S009_R10_T13,S009_R10_T00/S009_R10_T01/S009_R10_T02/S009_R10_T03/S009_R10_T04/S009_R10_T05/S009_R10_T06/S009_R10_T07/S009_R10_T08/S009_R10_T09/S009_R10_T10/S009_R10_T11/S009_R10_T12/S009_R10_T13,False,False,False,False,False,False
9,9,source_csp_target_lda_target_scaler,14,6/10,1/2/3/4/5/6/7/8/10/11/12/13/14/15/16/17/18/19/20,S009_R14_T00/S009_R14_T01/S009_R14_T02/S009_R14_T03/S009_R14_T04/S009_R14_T05/S009_R14_T06/S009_R14_T07/S009_R14_T08/S009_R14_T09/S009_R14_T10/S009_R14_T11/S009_R14_T12/S009_R14_T13,14,7,7,S009_R06_T00/S009_R06_T01/S009_R06_T02/S009_R06_T03/S009_R06_T04/S009_R06_T05/S009_R06_T06/S009_R06_T07/S009_R06_T08/S009_R06_T09/S009_R06_T10/S009_R06_T11/S009_R06_T12/S009_R06_T13/S009_R06_T14/S009_R10_T00/S009_R10_T01/S009_R10_T02/S009_R10_T03/S009_R10_T04/S009_R10_T05/S009_R10_T06/S009_R10_T07/S009_R10_T08/S009_R10_T09/S009_R10_T10/S009_R10_T11/S009_R10_T12/S009_R10_T13/S009_R10_T14,30,False,not_applicable,S009_R14_T00/S009_R14_T01/S009_R14_T02/S009_R14_T03/S009_R14_T04/S009_R14_T05/S009_R14_T06/S009_R14_T07/S009_R14_T08/S009_R14_T09/S009_R14_T10/S009_R14_T11/S009_R14_T12/S009_R14_T13,S009_R14_T00/S009_R14_T01/S009_R14_T02/S009_R14_T03/S009_R14_T04/S009_R14_T05/S009_R14_T06/S009_R14_T07/S009_R14_T08/S009_R14_T09/S009_R14_T10/S009_R14_T11/S009_R14_T12/S009_R14_T13,False,False,False,False,False,False
9,9,target_csp_empirical,6,10/14,1/2/3/4/5/6/7/8/10/11/12/13/14/15/16/17/18/19/20,S009_R06_T00/S009_R06_T01/S009_R06_T02/S009_R06_T03/S009_R06_T04/S009_R06_T05/S009_R06_T06/S009_R06_T07/S009_R06_T08/S009_R06_T09/S009_R06_T10/S009_R06_T11/S009_R06_T12/S009_R06_T13,14,7,7,S009_R10_T00/S009_R10_T01/S009_R10_T02/S009_R10_T03/S009_R10_T04/S009_R10_T05/S009_R10_T06/S009_R10_T07/S009_R10_T08/S009_R10_T09/S009_R10_T10/S009_R10_T11/S009_R10_T12/S009_R10_T13/S009_R10_T14/S009_R14_T00/S009_R14_T01/S009_R14_T02/S009_R14_T03/S009_R14_T04/S009_R14_T05/S009_R14_T06/S009_R14_T07/S009_R14_T08/S009_R14_T09/S009_R14_T10/S009_R14_T11/S009_R14_T12/S009_R14_T13/S009_R14_T14,30,False,S009_R06_T00/S009_R06_T01/S009_R06_T02/S009_R06_T03/S009_R06_T04/S009_R06_T05/S009_R06_T06/S009_R06_T07/S009_R06_T08/S009_R06_T09/S009_R06_T10/S009_R06_T11/S009_R06_T12/S009_R06_T13,S009_R06_T00/S009_R06_T01/S009_R06_T02/S009_R06_T03/S009_R06_T04/S009_R06_T05/S009_R06_T06/S009_R06_T07/S009_R06_T08/S009_R06_T09/S009_R06_T10/S009_R06_T11/S009_R06_T12/S009_R06_T13,S009_R06_T00/S009_R06_T01/S009_R06_T02/S009_R06_T03/S009_R06_T04/S009_R06_T05/S009_R06_T06/S009_R06_T07/S009_R06_T08/S009_R06_T09/S009_R06_T10/S009_R06_T11/S009_R06_T12/S009_R06_T13,False,False,False,False,False,False
9,9,target_csp_empirical,10,6/14,1/2/3/4/5/6/7/8/10/11/12/13/14/15/16/17/18/19/20,S009_R10_T00/S009_R10_T01/S009_R10_T02/S009_R10_T03/S009_R10_T04/S009_R10_T05/S009_R10_T06/S009_R10_T07/S009_R10_T08/S009_R10_T09/S009_R10_T10/S009_R10_T11/S009_R10_T12/S009_R10_T13,14,7,7,S009_R06_T00/S009_R06_T01/S009_R06_T02/S009_R06_T03/S009_R06_T04/S009_R06_T05/S009_R06_T06/S009_R06_T07/S009_R06_T08/S009_R06_T09/S009_R06_T10/S009_R06_T11/S009_R06_T12/S009_R06_T13/S009_R06_T14/S009_R14_T00/S009_R14_T01/S009_R14_T02/S009_R14_T03/S009_R14_T04/S009_R14_T05/S009_R14_T06/S009_R14_T07/S009_R14_T08/S009_R14_T09/S009_R14_T10/S009_R14_T11/S009_R14_T12/S009_R14_T13/S009_R14_T14,30,False,S009_R10_T00/S009_R10_T01/S009_R10_T02/S009_R10_T03/S009_R10_T04/S009_R10_T05/S009_R10_T06/S009_R10_T07/S009_R10_T08/S009_R10_T09/S009_R10_T10/S009_R10_T11/S009_R10_T12/S009_R10_T13,S009_R10_T00/S009_R10_T01/S009_R10_T02/S009_R10_T03/S009_R10_T04/S009_R10_T05/S009_R10_T06/S009_R10_T07/S009_R10_T08/S009_R10_T09/S009_R10_T10/S009_R10_T11/S009_R10_T12/S009_R10_T13,S009_R10_T00/S009_R10_T01/S009_R10_T02/S009_R10_T03/S009_R10_T04/S009_R10_T05/S009_R10_T06/S009_R10_T07/S009_R10_T08/S009_R10_T09/S009_R10_T10/S009_R10_T11/S009_R10_T12/S009_R10_T13,False,False,False,False,False,False
9,9,target_csp_empirical,14,6/10,1/2/3/4/5/6/7/8/10/11/12/13/14/15/16/17/18/19/20,S009_R14_T00/S009_R14_T01/S009_R14_T02/S009_R14_T03/S009_R14_T04/S009_R14_T05/S009_R14_T06/S009_R14_T07/S009_R14_T08/S009_R14_T09/S009_R14_T10/S009_R14_T11/S009_R14_T12/S009_R14_T13,14,7,7,S009_R06_T00/S009_R06_T01/S009_R06_T02/S009_R06_T03/S009_R06_T04/S009_R06_T05/S009_R06_T06/S009_R06_T07/S009_R06_T08/S009_R06_T09/S009_R06_T10/S009_R06_T11/S009_R06_T12/S009_R06_T13/S009_R06_T14/S009_R10_T00/S009_R10_T01/S009_R10_T02/S009_R10_T03/S009_R10_T04/S009_R10_T05/S009_R10_T06/S009_R10_T07/S009_R10_T08/S009_R10_T09/S009_R10_T10/S009_R10_T11/S009_R10_T12/S009_R10_T13/S009_R10_T14,30,False,S009_R14_T00/S009_R14_T01/S009_R14_T02/S009_R14_T03/S009_R14_T04/S009_R14_T05/S009_R14_T06/S009_R14_T07/S009_R14_T08/S009_R14_T09/S009_R14_T10/S009_R14_T11/S009_R14_T12/S009_R14_T13,S009_R14_T00/S009_R14_T01/S009_R14_T02/S009_R14_T03/S009_R14_T04/S009_R14_T05/S009_R14_T06/S009_R14_T07/S009_R14_T08/S009_R14_T09/S009_R14_T10/S009_R14_T11/S009_R14_T12/S009_R14_T13,S009_R14_T00/S009_R14_T01/S009_R14_T02/S009_R14_T03/S009_R14_T04/S009_R14_T05/S009_R14_T06/S009_R14_T07/S009_R14_T08/S009_R14_T09/S009_R14_T10/S009_R14_T11/S009_R14_T12/S009_R14_T13,False,False,False,False,False,False
9,9,target_csp_ledoit_wolf,6,10/14,1/2/3/4/5/6/7/8/10/11/12/13/14/15/16/17/18/19/20,S009_R06_T00/S009_R06_T01/S009_R06_T02/S009_R06_T03/S009_R06_T04/S009_R06_T05/S009_R06_T06/S009_R06_T07/S009_R06_T08/S009_R06_T09/S009_R06_T10/S009_R06_T11/S009_R06_T12/S009_R06_T13,14,7,7,S009_R10_T00/S009_R10_T01/S009_R10_T02/S009_R10_T03/S009_R10_T04/S009_R10_T05/S009_R10_T06/S009_R10_T07/S009_R10_T08/S009_R10_T09/S009_R10_T10/S009_R10_T11/S009_R10_T12/S009_R10_T13/S009_R10_T14/S009_R14_T00/S009_R14_T01/S009_R14_T02/S009_R14_T03/S009_R14_T04/S009_R14_T05/S009_R14_T06/S009_R14_T07/S009_R14_T08/S009_R14_T09/S009_R14_T10/S009_R14_T11/S009_R14_T12/S009_R14_T13/S009_R14_T14,30,False,S009_R06_T00/S009_R06_T01/S009_R06_T02/S009_R06_T03/S009_R06_T04/S009_R06_T05/S009_R06_T06/S009_R06_T07/S009_R06_T08/S009_R06_T09/S009_R06_T10/S009_R06_T11/S009_R06_T12/S009_R06_T13,S009_R06_T00/S009_R06_T01/S009_R06_T02/S009_R06_T03/S009_R06_T04/S009_R06_T05/S009_R06_T06/S009_R06_T07/S009_R06_T08/S009_R06_T09/S009_R06_T10/S009_R06_T11/S009_R06_T12/S009_R06_T13,S009_R06_T00/S009_R06_T01/S009_R06_T02/S009_R06_T03/S009_R06_T04/S009_R06_T05/S009_R06_T06/S009_R06_T07/S009_R06_T08/S009_R06_T09/S009_R06_T10/S009_R06_T11/S009_R06_T12/S009_R06_T13,False,False,False,False,False,False
9,9,target_csp_ledoit_wolf,10,6/14,1/2/3/4/5/6/7/8/10/11/12/13/14/15/16/17/18/19/20,S009_R10_T00/S009_R10_T01/S009_R10_T02/S009_R10_T03/S009_R10_T04/S009_R10_T05/S009_R10_T06/S009_R10_T07/S009_R10_T08/S009_R10_T09/S009_R10_T10/S009_R10_T11/S009_R10_T12/S009_R10_T13,14,7,7,S009_R06_T00/S009_R06_T01/S009_R06_T02/S009_R06_T03/S009_R06_T04/S009_R06_T05/S009_R06_T06/S009_R06_T07/S009_R06_T08/S009_R06_T09/S009_R06_T10/S009_R06_T11/S009_R06_T12/S009_R06_T13/S009_R06_T14/S009_R14_T00/S009_R14_T01/S009_R14_T02/S009_R14_T03/S009_R14_T04/S009_R14_T05/S009_R14_T06/S009_R14_T07/S009_R14_T08/S009_R14_T09/S009_R14_T10/S009_R14_T11/S009_R14_T12/S009_R14_T13/S009_R14_T14,30,False,S009_R10_T00/S009_R10_T01/S009_R10_T02/S009_R10_T03/S009_R10_T04/S009_R10_T05/S009_R10_T06/S009_R10_T07/S009_R10_T08/S009_R10_T09/S009_R10_T10/S009_R10_T11/S009_R10_T12/S009_R10_T13,S009_R10_T00/S009_R10_T01/S009_R10_T02/S009_R10_T03/S009_R10_T04/S009_R10_T05/S009_R10_T06/S009_R10_T07/S009_R10_T08/S009_R10_T09/S009_R10_T10/S009_R10_T11/S009_R10_T12/S009_R10_T13,S009_R10_T00/S009_R10_T01/S009_R10_T02/S009_R10_T03/S009_R10_T04/S009_R10_T05/S009_R10_T06/S009_R10_T07/S009_R10_T08/S009_R10_T09/S009_R10_T10/S009_R10_T11/S009_R10_T12/S009_R10_T13,False,False,False,False,False,False
9,9,target_csp_ledoit_wolf,14,6/10,1/2/3/4/5/6/7/8/10/11/12/13/14/15/16/17/18/19/20,S009_R14_T00/S009_R14_T01/S009_R14_T02/S009_R14_T03/S009_R14_T04/S009_R14_T05/S009_R14_T06/S009_R14_T07/S009_R14_T08/S009_R14_T09/S009_R14_T10/S009_R14_T11/S009_R14_T12/S009_R14_T13,14,7,7,S009_R06_T00/S009_R06_T01/S009_R06_T02/S009_R06_T03/S009_R06_T04/S009_R06_T05/S009_R06_T06/S009_R06_T07/S009_R06_T08/S009_R06_T09/S009_R06_T10/S009_R06_T11/S009_R06_T12/S009_R06_T13/S009_R06_T14/S009_R10_T00/S009_R10_T01/S009_R10_T02/S009_R10_T03/S009_R10_T04/S009_R10_T05/S009_R10_T06/S009_R10_T07/S009_R10_T08/S009_R10_T09/S009_R10_T10/S009_R10_T11/S009_R10_T12/S009_R10_T13/S009_R10_T14,30,False,S009_R14_T00/S009_R14_T01/S009_R14_T02/S009_R14_T03/S009_R14_T04/S009_R14_T05/S009_R14_T06/S009_R14_T07/S009_R14_T08/S009_R14_T09/S009_R14_T10/S009_R14_T11/S009_R14_T12/S009_R14_T13,S009_R14_T00/S009_R14_T01/S009_R14_T02/S009_R14_T03/S009_R14_T04/S009_R14_T05/S009_R14_T06/S009_R14_T07/S009_R14_T08/S009_R14_T09/S009_R14_T10/S009_R14_T11/S009_R14_T12/S009_R14_T13,S009_R14_T00/S009_R14_T01/S009_R14_T02/S009_R14_T03/S009_R14_T04/S009_R14_T05/S009_R14_T06/S009_R14_T07/S009_R14_T08/S009_R14_T09/S009_R14_T10/S009_R14_T11/S009_R14_T12/S009_R14_T13,False,False,False,False,False,False
10,10,source_zero_shot,6,10/14,1/2/3/4/5/6/7/8/9/11/12/13/14/15/16/17/18/19/20,S010_R06_T00/S010_R06_T01/S010_R06_T02/S010_R06_T03/S010_R06_T04/S010_R06_T05/S010_R06_T06/S010_R06_T07/S010_R06_T08/S010_R06_T09/S010_R06_T10/S010_R06_T11/S010_R06_T12/S010_R06_T13,14,7,7,S010_R10_T00/S010_R10_T01/S010_R10_T02/S010_R10_T03/S010_R10_T04/S010_R10_T05/S010_R10_T06/S010_R10_T07/S010_R10_T08/S010_R10_T09/S010_R10_T10/S010_R10_T11/S010_R10_T12/S010_R10_T13/S010_R10_T14/S010_R14_T00/S010_R14_T01/S010_R14_T02/S010_R14_T03/S010_R14_T04/S010_R14_T05/S010_R14_T06/S010_R14_T07/S010_R14_T08/S010_R14_T09/S010_R14_T10/S010_R14_T11/S010_R14_T12/S010_R14_T13/S010_R14_T14,30,False,not_applicable,not_applicable,not_applicable,False,False,False,False,False,False
10,10,source_zero_shot,10,6/14,1/2/3/4/5/6/7/8/9/11/12/13/14/15/16/17/18/19/20,S010_R10_T00/S010_R10_T01/S010_R10_T02/S010_R10_T03/S010_R10_T04/S010_R10_T05/S010_R10_T06/S010_R10_T07/S010_R10_T08/S010_R10_T09/S010_R10_T10/S010_R10_T11/S010_R10_T12/S010_R10_T13,14,7,7,S010_R06_T00/S010_R06_T01/S010_R06_T02/S010_R06_T03/S010_R06_T04/S010_R06_T05/S010_R06_T06/S010_R06_T07/S010_R06_T08/S010_R06_T09/S010_R06_T10/S010_R06_T11/S010_R06_T12/S010_R06_T13/S010_R06_T14/S010_R14_T00/S010_R14_T01/S010_R14_T02/S010_R14_T03/S010_R14_T04/S010_R14_T05/S010_R14_T06/S010_R14_T07/S010_R14_T08/S010_R14_T09/S010_R14_T10/S010_R14_T11/S010_R14_T12/S010_R14_T13/S010_R14_T14,30,False,not_applicable,not_applicable,not_applicable,False,False,False,False,False,False
10,10,source_zero_shot,14,6/10,1/2/3/4/5/6/7/8/9/11/12/13/14/15/16/17/18/19/20,S010_R14_T00/S010_R14_T01/S010_R14_T02/S010_R14_T03/S010_R14_T04/S010_R14_T05/S010_R14_T06/S010_R14_T07/S010_R14_T08/S010_R14_T09/S010_R14_T10/S010_R14_T11/S010_R14_T12/S010_R14_T13,14,7,7,S010_R06_T00/S010_R06_T01/S010_R06_T02/S010_R06_T03/S010_R06_T04/S010_R06_T05/S010_R06_T06/S010_R06_T07/S010_R06_T08/S010_R06_T09/S010_R06_T10/S010_R06_T11/S010_R06_T12/S010_R06_T13/S010_R06_T14/S010_R10_T00/S010_R10_T01/S010_R10_T02/S010_R10_T03/S010_R10_T04/S010_R10_T05/S010_R10_T06/S010_R10_T07/S010_R10_T08/S010_R10_T09/S010_R10_T10/S010_R10_T11/S010_R10_T12/S010_R10_T13/S010_R10_T14,30,False,not_applicable,not_applicable,not_applicable,False,False,False,False,False,False
10,10,source_csp_target_lda_source_scaler,6,10/14,1/2/3/4/5/6/7/8/9/11/12/13/14/15/16/17/18/19/20,S010_R06_T00/S010_R06_T01/S010_R06_T02/S010_R06_T03/S010_R06_T04/S010_R06_T05/S010_R06_T06/S010_R06_T07/S010_R06_T08/S010_R06_T09/S010_R06_T10/S010_R06_T11/S010_R06_T12/S010_R06_T13,14,7,7,S010_R10_T00/S010_R10_T01/S010_R10_T02/S010_R10_T03/S010_R10_T04/S010_R10_T05/S010_R10_T06/S010_R10_T07/S010_R10_T08/S010_R10_T09/S010_R10_T10/S010_R10_T11/S010_R10_T12/S010_R10_T13/S010_R10_T14/S010_R14_T00/S010_R14_T01/S010_R14_T02/S010_R14_T03/S010_R14_T04/S010_R14_T05/S010_R14_T06/S010_R14_T07/S010_R14_T08/S010_R14_T09/S010_R14_T10/S010_R14_T11/S010_R14_T12/S010_R14_T13/S010_R14_T14,30,False,not_applicable,not_applicable,S010_R06_T00/S010_R06_T01/S010_R06_T02/S010_R06_T03/S010_R06_T04/S010_R06_T05/S010_R06_T06/S010_R06_T07/S010_R06_T08/S010_R06_T09/S010_R06_T10/S010_R06_T11/S010_R06_T12/S010_R06_T13,False,False,False,False,False,False
10,10,source_csp_target_lda_source_scaler,10,6/14,1/2/3/4/5/6/7/8/9/11/12/13/14/15/16/17/18/19/20,S010_R10_T00/S010_R10_T01/S010_R10_T02/S010_R10_T03/S010_R10_T04/S010_R10_T05/S010_R10_T06/S010_R10_T07/S010_R10_T08/S010_R10_T09/S010_R10_T10/S010_R10_T11/S010_R10_T12/S010_R10_T13,14,7,7,S010_R06_T00/S010_R06_T01/S010_R06_T02/S010_R06_T03/S010_R06_T04/S010_R06_T05/S010_R06_T06/S010_R06_T07/S010_R06_T08/S010_R06_T09/S010_R06_T10/S010_R06_T11/S010_R06_T12/S010_R06_T13/S010_R06_T14/S010_R14_T00/S010_R14_T01/S010_R14_T02/S010_R14_T03/S010_R14_T04/S010_R14_T05/S010_R14_T06/S010_R14_T07/S010_R14_T08/S010_R14_T09/S010_R14_T10/S010_R14_T11/S010_R14_T12/S010_R14_T13/S010_R14_T14,30,False,not_applicable,not_applicable,S010_R10_T00/S010_R10_T01/S010_R10_T02/S010_R10_T03/S010_R10_T04/S010_R10_T05/S010_R10_T06/S010_R10_T07/S010_R10_T08/S010_R10_T09/S010_R10_T10/S010_R10_T11/S010_R10_T12/S010_R10_T13,False,False,False,False,False,False
10,10,source_csp_target_lda_source_scaler,14,6/10,1/2/3/4/5/6/7/8/9/11/12/13/14/15/16/17/18/19/20,S010_R14_T00/S010_R14_T01/S010_R14_T02/S010_R14_T03/S010_R14_T04/S010_R14_T05/S010_R14_T06/S010_R14_T07/S010_R14_T08/S010_R14_T09/S010_R14_T10/S010_R14_T11/S010_R14_T12/S010_R14_T13,14,7,7,S010_R06_T00/S010_R06_T01/S010_R06_T02/S010_R06_T03/S010_R06_T04/S010_R06_T05/S010_R06_T06/S010_R06_T07/S010_R06_T08/S010_R06_T09/S010_R06_T10/S010_R06_T11/S010_R06_T12/S010_R06_T13/S010_R06_T14/S010_R10_T00/S010_R10_T01/S010_R10_T02/S010_R10_T03/S010_R10_T04/S010_R10_T05/S010_R10_T06/S010_R10_T07/S010_R10_T08/S010_R10_T09/S010_R10_T10/S010_R10_T11/S010_R10_T12/S010_R10_T13/S010_R10_T14,30,False,not_applicable,not_applicable,S010_R14_T00/S010_R14_T01/S010_R14_T02/S010_R14_T03/S010_R14_T04/S010_R14_T05/S010_R14_T06/S010_R14_T07/S010_R14_T08/S010_R14_T09/S010_R14_T10/S010_R14_T11/S010_R14_T12/S010_R14_T13,False,False,False,False,False,False
10,10,source_csp_target_lda_target_scaler,6,10/14,1/2/3/4/5/6/7/8/9/11/12/13/14/15/16/17/18/19/20,S010_R06_T00/S010_R06_T01/S010_R06_T02/S010_R06_T03/S010_R06_T04/S010_R06_T05/S010_R06_T06/S010_R06_T07/S010_R06_T08/S010_R06_T09/S010_R06_T10/S010_R06_T11/S010_R06_T12/S010_R06_T13,14,7,7,S010_R10_T00/S010_R10_T01/S010_R10_T02/S010_R10_T03/S010_R10_T04/S010_R10_T05/S010_R10_T06/S010_R10_T07/S010_R10_T08/S010_R10_T09/S010_R10_T10/S010_R10_T11/S010_R10_T12/S010_R10_T13/S010_R10_T14/S010_R14_T00/S010_R14_T01/S010_R14_T02/S010_R14_T03/S010_R14_T04/S010_R14_T05/S010_R14_T06/S010_R14_T07/S010_R14_T08/S010_R14_T09/S010_R14_T10/S010_R14_T11/S010_R14_T12/S010_R14_T13/S010_R14_T14,30,False,not_applicable,S010_R06_T00/S010_R06_T01/S010_R06_T02/S010_R06_T03/S010_R06_T04/S010_R06_T05/S010_R06_T06/S010_R06_T07/S010_R06_T08/S010_R06_T09/S010_R06_T10/S010_R06_T11/S010_R06_T12/S010_R06_T13,S010_R06_T00/S010_R06_T01/S010_R06_T02/S010_R06_T03/S010_R06_T04/S010_R06_T05/S010_R06_T06/S010_R06_T07/S010_R06_T08/S010_R06_T09/S010_R06_T10/S010_R06_T11/S010_R06_T12/S010_R06_T13,False,False,False,False,False,False
10,10,source_csp_target_lda_target_scaler,10,6/14,1/2/3/4/5/6/7/8/9/11/12/13/14/15/16/17/18/19/20,S010_R10_T00/S010_R10_T01/S010_R10_T02/S010_R10_T03/S010_R10_T04/S010_R10_T05/S010_R10_T06/S010_R10_T07/S010_R10_T08/S010_R10_T09/S010_R10_T10/S010_R10_T11/S010_R10_T12/S010_R10_T13,14,7,7,S010_R06_T00/S010_R06_T01/S010_R06_T02/S010_R06_T03/S010_R06_T04/S010_R06_T05/S010_R06_T06/S010_R06_T07/S010_R06_T08/S010_R06_T09/S010_R06_T10/S010_R06_T11/S010_R06_T12/S010_R06_T13/S010_R06_T14/S010_R14_T00/S010_R14_T01/S010_R14_T02/S010_R14_T03/S010_R14_T04/S010_R14_T05/S010_R14_T06/S010_R14_T07/S010_R14_T08/S010_R14_T09/S010_R14_T10/S010_R14_T11/S010_R14_T12/S010_R14_T13/S010_R14_T14,30,False,not_applicable,S010_R10_T00/S010_R10_T01/S010_R10_T02/S010_R10_T03/S010_R10_T04/S010_R10_T05/S010_R10_T06/S010_R10_T07/S010_R10_T08/S010_R10_T09/S010_R10_T10/S010_R10_T11/S010_R10_T12/S010_R10_T13,S010_R10_T00/S010_R10_T01/S010_R10_T02/S010_R10_T03/S010_R10_T04/S010_R10_T05/S010_R10_T06/S010_R10_T07/S010_R10_T08/S010_R10_T09/S010_R10_T10/S010_R10_T11/S010_R10_T12/S010_R10_T13,False,False,False,False,False,False
10,10,source_csp_target_lda_target_scaler,14,6/10,1/2/3/4/5/6/7/8/9/11/12/13/14/15/16/17/18/19/20,S010_R14_T00/S010_R14_T01/S010_R14_T02/S010_R14_T03/S010_R14_T04/S010_R14_T05/S010_R14_T06/S010_R14_T07/S010_R14_T08/S010_R14_T09/S010_R14_T10/S010_R14_T11/S010_R14_T12/S010_R14_T13,14,7,7,S010_R06_T00/S010_R06_T01/S010_R06_T02/S010_R06_T03/S010_R06_T04/S010_R06_T05/S010_R06_T06/S010_R06_T07/S010_R06_T08/S010_R06_T09/S010_R06_T10/S010_R06_T11/S010_R06_T12/S010_R06_T13/S010_R06_T14/S010_R10_T00/S010_R10_T01/S010_R10_T02/S010_R10_T03/S010_R10_T04/S010_R10_T05/S010_R10_T06/S010_R10_T07/S010_R10_T08/S010_R10_T09/S010_R10_T10/S010_R10_T11/S010_R10_T12/S010_R10_T13/S010_R10_T14,30,False,not_applicable,S010_R14_T00/S010_R14_T01/S010_R14_T02/S010_R14_T03/S010_R14_T04/S010_R14_T05/S010_R14_T06/S010_R14_T07/S010_R14_T08/S010_R14_T09/S010_R14_T10/S010_R14_T11/S010_R14_T12/S010_R14_T13,S010_R14_T00/S010_R14_T01/S010_R14_T02/S010_R14_T03/S010_R14_T04/S010_R14_T05/S010_R14_T06/S010_R14_T07/S010_R14_T08/S010_R14_T09/S010_R14_T10/S010_R14_T11/S010_R14_T12/S010_R14_T13,False,False,False,False,False,False
10,10,target_csp_empirical,6,10/14,1/2/3/4/5/6/7/8/9/11/12/13/14/15/16/17/18/19/20,S010_R06_T00/S010_R06_T01/S010_R06_T02/S010_R06_T03/S010_R06_T04/S010_R06_T05/S010_R06_T06/S010_R06_T07/S010_R06_T08/S010_R06_T09/S010_R06_T10/S010_R06_T11/S010_R06_T12/S010_R06_T13,14,7,7,S010_R10_T00/S010_R10_T01/S010_R10_T02/S010_R10_T03/S010_R10_T04/S010_R10_T05/S010_R10_T06/S010_R10_T07/S010_R10_T08/S010_R10_T09/S010_R10_T10/S010_R10_T11/S010_R10_T12/S010_R10_T13/S010_R10_T14/S010_R14_T00/S010_R14_T01/S010_R14_T02/S010_R14_T03/S010_R14_T04/S010_R14_T05/S010_R14_T06/S010_R14_T07/S010_R14_T08/S010_R14_T09/S010_R14_T10/S010_R14_T11/S010_R14_T12/S010_R14_T13/S010_R14_T14,30,False,S010_R06_T00/S010_R06_T01/S010_R06_T02/S010_R06_T03/S010_R06_T04/S010_R06_T05/S010_R06_T06/S010_R06_T07/S010_R06_T08/S010_R06_T09/S010_R06_T10/S010_R06_T11/S010_R06_T12/S010_R06_T13,S010_R06_T00/S010_R06_T01/S010_R06_T02/S010_R06_T03/S010_R06_T04/S010_R06_T05/S010_R06_T06/S010_R06_T07/S010_R06_T08/S010_R06_T09/S010_R06_T10/S010_R06_T11/S010_R06_T12/S010_R06_T13,S010_R06_T00/S010_R06_T01/S010_R06_T02/S010_R06_T03/S010_R06_T04/S010_R06_T05/S010_R06_T06/S010_R06_T07/S010_R06_T08/S010_R06_T09/S010_R06_T10/S010_R06_T11/S010_R06_T12/S010_R06_T13,False,False,False,False,False,False
10,10,target_csp_empirical,10,6/14,1/2/3/4/5/6/7/8/9/11/12/13/14/15/16/17/18/19/20,S010_R10_T00/S010_R10_T01/S010_R10_T02/S010_R10_T03/S010_R10_T04/S010_R10_T05/S010_R10_T06/S010_R10_T07/S010_R10_T08/S010_R10_T09/S010_R10_T10/S010_R10_T11/S010_R10_T12/S010_R10_T13,14,7,7,S010_R06_T00/S010_R06_T01/S010_R06_T02/S010_R06_T03/S010_R06_T04/S010_R06_T05/S010_R06_T06/S010_R06_T07/S010_R06_T08/S010_R06_T09/S010_R06_T10/S010_R06_T11/S010_R06_T12/S010_R06_T13/S010_R06_T14/S010_R14_T00/S010_R14_T01/S010_R14_T02/S010_R14_T03/S010_R14_T04/S010_R14_T05/S010_R14_T06/S010_R14_T07/S010_R14_T08/S010_R14_T09/S010_R14_T10/S010_R14_T11/S010_R14_T12/S010_R14_T13/S010_R14_T14,30,False,S010_R10_T00/S010_R10_T01/S010_R10_T02/S010_R10_T03/S010_R10_T04/S010_R10_T05/S010_R10_T06/S010_R10_T07/S010_R10_T08/S010_R10_T09/S010_R10_T10/S010_R10_T11/S010_R10_T12/S010_R10_T13,S010_R10_T00/S010_R10_T01/S010_R10_T02/S010_R10_T03/S010_R10_T04/S010_R10_T05/S010_R10_T06/S010_R10_T07/S010_R10_T08/S010_R10_T09/S010_R10_T10/S010_R10_T11/S010_R10_T12/S010_R10_T13,S010_R10_T00/S010_R10_T01/S010_R10_T02/S010_R10_T03/S010_R10_T04/S010_R10_T05/S010_R10_T06/S010_R10_T07/S010_R10_T08/S010_R10_T09/S010_R10_T10/S010_R10_T11/S010_R10_T12/S010_R10_T13,False,False,False,False,False,False
10,10,target_csp_empirical,14,6/10,1/2/3/4/5/6/7/8/9/11/12/13/14/15/16/17/18/19/20,S010_R14_T00/S010_R14_T01/S010_R14_T02/S010_R14_T03/S010_R14_T04/S010_R14_T05/S010_R14_T06/S010_R14_T07/S010_R14_T08/S010_R14_T09/S010_R14_T10/S010_R14_T11/S010_R14_T12/S010_R14_T13,14,7,7,S010_R06_T00/S010_R06_T01/S010_R06_T02/S010_R06_T03/S010_R06_T04/S010_R06_T05/S010_R06_T06/S010_R06_T07/S010_R06_T08/S010_R06_T09/S010_R06_T10/S010_R06_T11/S010_R06_T12/S010_R06_T13/S010_R06_T14/S010_R10_T00/S010_R10_T01/S010_R10_T02/S010_R10_T03/S010_R10_T04/S010_R10_T05/S010_R10_T06/S010_R10_T07/S010_R10_T08/S010_R10_T09/S010_R10_T10/S010_R10_T11/S010_R10_T12/S010_R10_T13/S010_R10_T14,30,False,S010_R14_T00/S010_R14_T01/S010_R14_T02/S010_R14_T03/S010_R14_T04/S010_R14_T05/S010_R14_T06/S010_R14_T07/S010_R14_T08/S010_R14_T09/S010_R14_T10/S010_R14_T11/S010_R14_T12/S010_R14_T13,S010_R14_T00/S010_R14_T01/S010_R14_T02/S010_R14_T03/S010_R14_T04/S010_R14_T05/S010_R14_T06/S010_R14_T07/S010_R14_T08/S010_R14_T09/S010_R14_T10/S010_R14_T11/S010_R14_T12/S010_R14_T13,S010_R14_T00/S010_R14_T01/S010_R14_T02/S010_R14_T03/S010_R14_T04/S010_R14_T05/S010_R14_T06/S010_R14_T07/S010_R14_T08/S010_R14_T09/S010_R14_T10/S010_R14_T11/S010_R14_T12/S010_R14_T13,False,False,False,False,False,False
10,10,target_csp_ledoit_wolf,6,10/14,1/2/3/4/5/6/7/8/9/11/12/13/14/15/16/17/18/19/20,S010_R06_T00/S010_R06_T01/S010_R06_T02/S010_R06_T03/S010_R06_T04/S010_R06_T05/S010_R06_T06/S010_R06_T07/S010_R06_T08/S010_R06_T09/S010_R06_T10/S010_R06_T11/S010_R06_T12/S010_R06_T13,14,7,7,S010_R10_T00/S010_R10_T01/S010_R10_T02/S010_R10_T03/S010_R10_T04/S010_R10_T05/S010_R10_T06/S010_R10_T07/S010_R10_T08/S010_R10_T09/S010_R10_T10/S010_R10_T11/S010_R10_T12/S010_R10_T13/S010_R10_T14/S010_R14_T00/S010_R14_T01/S010_R14_T02/S010_R14_T03/S010_R14_T04/S010_R14_T05/S010_R14_T06/S010_R14_T07/S010_R14_T08/S010_R14_T09/S010_R14_T10/S010_R14_T11/S010_R14_T12/S010_R14_T13/S010_R14_T14,30,False,S010_R06_T00/S010_R06_T01/S010_R06_T02/S010_R06_T03/S010_R06_T04/S010_R06_T05/S010_R06_T06/S010_R06_T07/S010_R06_T08/S010_R06_T09/S010_R06_T10/S010_R06_T11/S010_R06_T12/S010_R06_T13,S010_R06_T00/S010_R06_T01/S010_R06_T02/S010_R06_T03/S010_R06_T04/S010_R06_T05/S010_R06_T06/S010_R06_T07/S010_R06_T08/S010_R06_T09/S010_R06_T10/S010_R06_T11/S010_R06_T12/S010_R06_T13,S010_R06_T00/S010_R06_T01/S010_R06_T02/S010_R06_T03/S010_R06_T04/S010_R06_T05/S010_R06_T06/S010_R06_T07/S010_R06_T08/S010_R06_T09/S010_R06_T10/S010_R06_T11/S010_R06_T12/S010_R06_T13,False,False,False,False,False,False
10,10,target_csp_ledoit_wolf,10,6/14,1/2/3/4/5/6/7/8/9/11/12/13/14/15/16/17/18/19/20,S010_R10_T00/S010_R10_T01/S010_R10_T02/S010_R10_T03/S010_R10_T04/S010_R10_T05/S010_R10_T06/S010_R10_T07/S010_R10_T08/S010_R10_T09/S010_R10_T10/S010_R10_T11/S010_R10_T12/S010_R10_T13,14,7,7,S010_R06_T00/S010_R06_T01/S010_R06_T02/S010_R06_T03/S010_R06_T04/S010_R06_T05/S010_R06_T06/S010_R06_T07/S010_R06_T08/S010_R06_T09/S010_R06_T10/S010_R06_T11/S010_R06_T12/S010_R06_T13/S010_R06_T14/S010_R14_T00/S010_R14_T01/S010_R14_T02/S010_R14_T03/S010_R14_T04/S010_R14_T05/S010_R14_T06/S010_R14_T07/S010_R14_T08/S010_R14_T09/S010_R14_T10/S010_R14_T11/S010_R14_T12/S010_R14_T13/S010_R14_T14,30,False,S010_R10_T00/S010_R10_T01/S010_R10_T02/S010_R10_T03/S010_R10_T04/S010_R10_T05/S010_R10_T06/S010_R10_T07/S010_R10_T08/S010_R10_T09/S010_R10_T10/S010_R10_T11/S010_R10_T12/S010_R10_T13,S010_R10_T00/S010_R10_T01/S010_R10_T02/S010_R10_T03/S010_R10_T04/S010_R10_T05/S010_R10_T06/S010_R10_T07/S010_R10_T08/S010_R10_T09/S010_R10_T10/S010_R10_T11/S010_R10_T12/S010_R10_T13,S010_R10_T00/S010_R10_T01/S010_R10_T02/S010_R10_T03/S010_R10_T04/S010_R10_T05/S010_R10_T06/S010_R10_T07/S010_R10_T08/S010_R10_T09/S010_R10_T10/S010_R10_T11/S010_R10_T12/S010_R10_T13,False,False,False,False,False,False
10,10,target_csp_ledoit_wolf,14,6/10,1/2/3/4/5/6/7/8/9/11/12/13/14/15/16/17/18/19/20,S010_R14_T00/S010_R14_T01/S010_R14_T02/S010_R14_T03/S010_R14_T04/S010_R14_T05/S010_R14_T06/S010_R14_T07/S010_R14_T08/S010_R14_T09/S010_R14_T10/S010_R14_T11/S010_R14_T12/S010_R14_T13,14,7,7,S010_R06_T00/S010_R06_T01/S010_R06_T02/S010_R06_T03/S010_R06_T04/S010_R06_T05/S010_R06_T06/S010_R06_T07/S010_R06_T08/S010_R06_T09/S010_R06_T10/S010_R06_T11/S010_R06_T12/S010_R06_T13/S010_R06_T14/S010_R10_T00/S010_R10_T01/S010_R10_T02/S010_R10_T03/S010_R10_T04/S010_R10_T05/S010_R10_T06/S010_R10_T07/S010_R10_T08/S010_R10_T09/S010_R10_T10/S010_R10_T11/S010_R10_T12/S010_R10_T13/S010_R10_T14,30,False,S010_R14_T00/S010_R14_T01/S010_R14_T02/S010_R14_T03/S010_R14_T04/S010_R14_T05/S010_R14_T06/S010_R14_T07/S010_R14_T08/S010_R14_T09/S010_R14_T10/S010_R14_T11/S010_R14_T12/S010_R14_T13,S010_R14_T00/S010_R14_T01/S010_R14_T02/S010_R14_T03/S010_R14_T04/S010_R14_T05/S010_R14_T06/S010_R14_T07/S010_R14_T08/S010_R14_T09/S010_R14_T10/S010_R14_T11/S010_R14_T12/S010_R14_T13,S010_R14_T00/S010_R14_T01/S010_R14_T02/S010_R14_T03/S010_R14_T04/S010_R14_T05/S010_R14_T06/S010_R14_T07/S010_R14_T08/S010_R14_T09/S010_R14_T10/S010_R14_T11/S010_R14_T12/S010_R14_T13,False,False,False,False,False,False
11,11,source_zero_shot,6,10/14,1/2/3/4/5/6/7/8/9/10/12/13/14/15/16/17/18/19/20,S011_R06_T00/S011_R06_T01/S011_R06_T02/S011_R06_T03/S011_R06_T04/S011_R06_T05/S011_R06_T06/S011_R06_T07/S011_R06_T08/S011_R06_T09/S011_R06_T10/S011_R06_T11/S011_R06_T12/S011_R06_T13,14,7,7,S011_R10_T00/S011_R10_T01/S011_R10_T02/S011_R10_T03/S011_R10_T04/S011_R10_T05/S011_R10_T06/S011_R10_T07/S011_R10_T08/S011_R10_T09/S011_R10_T10/S011_R10_T11/S011_R10_T12/S011_R10_T13/S011_R10_T14/S011_R14_T00/S011_R14_T01/S011_R14_T02/S011_R14_T03/S011_R14_T04/S011_R14_T05/S011_R14_T06/S011_R14_T07/S011_R14_T08/S011_R14_T09/S011_R14_T10/S011_R14_T11/S011_R14_T12/S011_R14_T13/S011_R14_T14,30,False,not_applicable,not_applicable,not_applicable,False,False,False,False,False,False
11,11,source_zero_shot,10,6/14,1/2/3/4/5/6/7/8/9/10/12/13/14/15/16/17/18/19/20,S011_R10_T00/S011_R10_T01/S011_R10_T02/S011_R10_T03/S011_R10_T04/S011_R10_T05/S011_R10_T06/S011_R10_T07/S011_R10_T08/S011_R10_T09/S011_R10_T10/S011_R10_T11/S011_R10_T12/S011_R10_T13,14,7,7,S011_R06_T00/S011_R06_T01/S011_R06_T02/S011_R06_T03/S011_R06_T04/S011_R06_T05/S011_R06_T06/S011_R06_T07/S011_R06_T08/S011_R06_T09/S011_R06_T10/S011_R06_T11/S011_R06_T12/S011_R06_T13/S011_R06_T14/S011_R14_T00/S011_R14_T01/S011_R14_T02/S011_R14_T03/S011_R14_T04/S011_R14_T05/S011_R14_T06/S011_R14_T07/S011_R14_T08/S011_R14_T09/S011_R14_T10/S011_R14_T11/S011_R14_T12/S011_R14_T13/S011_R14_T14,30,False,not_applicable,not_applicable,not_applicable,False,False,False,False,False,False
11,11,source_zero_shot,14,6/10,1/2/3/4/5/6/7/8/9/10/12/13/14/15/16/17/18/19/20,S011_R14_T00/S011_R14_T01/S011_R14_T02/S011_R14_T03/S011_R14_T04/S011_R14_T05/S011_R14_T06/S011_R14_T07/S011_R14_T08/S011_R14_T09/S011_R14_T10/S011_R14_T11/S011_R14_T12/S011_R14_T13,14,7,7,S011_R06_T00/S011_R06_T01/S011_R06_T02/S011_R06_T03/S011_R06_T04/S011_R06_T05/S011_R06_T06/S011_R06_T07/S011_R06_T08/S011_R06_T09/S011_R06_T10/S011_R06_T11/S011_R06_T12/S011_R06_T13/S011_R06_T14/S011_R10_T00/S011_R10_T01/S011_R10_T02/S011_R10_T03/S011_R10_T04/S011_R10_T05/S011_R10_T06/S011_R10_T07/S011_R10_T08/S011_R10_T09/S011_R10_T10/S011_R10_T11/S011_R10_T12/S011_R10_T13/S011_R10_T14,30,False,not_applicable,not_applicable,not_applicable,False,False,False,False,False,False
11,11,source_csp_target_lda_source_scaler,6,10/14,1/2/3/4/5/6/7/8/9/10/12/13/14/15/16/17/18/19/20,S011_R06_T00/S011_R06_T01/S011_R06_T02/S011_R06_T03/S011_R06_T04/S011_R06_T05/S011_R06_T06/S011_R06_T07/S011_R06_T08/S011_R06_T09/S011_R06_T10/S011_R06_T11/S011_R06_T12/S011_R06_T13,14,7,7,S011_R10_T00/S011_R10_T01/S011_R10_T02/S011_R10_T03/S011_R10_T04/S011_R10_T05/S011_R10_T06/S011_R10_T07/S011_R10_T08/S011_R10_T09/S011_R10_T10/S011_R10_T11/S011_R10_T12/S011_R10_T13/S011_R10_T14/S011_R14_T00/S011_R14_T01/S011_R14_T02/S011_R14_T03/S011_R14_T04/S011_R14_T05/S011_R14_T06/S011_R14_T07/S011_R14_T08/S011_R14_T09/S011_R14_T10/S011_R14_T11/S011_R14_T12/S011_R14_T13/S011_R14_T14,30,False,not_applicable,not_applicable,S011_R06_T00/S011_R06_T01/S011_R06_T02/S011_R06_T03/S011_R06_T04/S011_R06_T05/S011_R06_T06/S011_R06_T07/S011_R06_T08/S011_R06_T09/S011_R06_T10/S011_R06_T11/S011_R06_T12/S011_R06_T13,False,False,False,False,False,False
11,11,source_csp_target_lda_source_scaler,10,6/14,1/2/3/4/5/6/7/8/9/10/12/13/14/15/16/17/18/19/20,S011_R10_T00/S011_R10_T01/S011_R10_T02/S011_R10_T03/S011_R10_T04/S011_R10_T05/S011_R10_T06/S011_R10_T07/S011_R10_T08/S011_R10_T09/S011_R10_T10/S011_R10_T11/S011_R10_T12/S011_R10_T13,14,7,7,S011_R06_T00/S011_R06_T01/S011_R06_T02/S011_R06_T03/S011_R06_T04/S011_R06_T05/S011_R06_T06/S011_R06_T07/S011_R06_T08/S011_R06_T09/S011_R06_T10/S011_R06_T11/S011_R06_T12/S011_R06_T13/S011_R06_T14/S011_R14_T00/S011_R14_T01/S011_R14_T02/S011_R14_T03/S011_R14_T04/S011_R14_T05/S011_R14_T06/S011_R14_T07/S011_R14_T08/S011_R14_T09/S011_R14_T10/S011_R14_T11/S011_R14_T12/S011_R14_T13/S011_R14_T14,30,False,not_applicable,not_applicable,S011_R10_T00/S011_R10_T01/S011_R10_T02/S011_R10_T03/S011_R10_T04/S011_R10_T05/S011_R10_T06/S011_R10_T07/S011_R10_T08/S011_R10_T09/S011_R10_T10/S011_R10_T11/S011_R10_T12/S011_R10_T13,False,False,False,False,False,False
11,11,source_csp_target_lda_source_scaler,14,6/10,1/2/3/4/5/6/7/8/9/10/12/13/14/15/16/17/18/19/20,S011_R14_T00/S011_R14_T01/S011_R14_T02/S011_R14_T03/S011_R14_T04/S011_R14_T05/S011_R14_T06/S011_R14_T07/S011_R14_T08/S011_R14_T09/S011_R14_T10/S011_R14_T11/S011_R14_T12/S011_R14_T13,14,7,7,S011_R06_T00/S011_R06_T01/S011_R06_T02/S011_R06_T03/S011_R06_T04/S011_R06_T05/S011_R06_T06/S011_R06_T07/S011_R06_T08/S011_R06_T09/S011_R06_T10/S011_R06_T11/S011_R06_T12/S011_R06_T13/S011_R06_T14/S011_R10_T00/S011_R10_T01/S011_R10_T02/S011_R10_T03/S011_R10_T04/S011_R10_T05/S011_R10_T06/S011_R10_T07/S011_R10_T08/S011_R10_T09/S011_R10_T10/S011_R10_T11/S011_R10_T12/S011_R10_T13/S011_R10_T14,30,False,not_applicable,not_applicable,S011_R14_T00/S011_R14_T01/S011_R14_T02/S011_R14_T03/S011_R14_T04/S011_R14_T05/S011_R14_T06/S011_R14_T07/S011_R14_T08/S011_R14_T09/S011_R14_T10/S011_R14_T11/S011_R14_T12/S011_R14_T13,False,False,False,False,False,False
11,11,source_csp_target_lda_target_scaler,6,10/14,1/2/3/4/5/6/7/8/9/10/12/13/14/15/16/17/18/19/20,S011_R06_T00/S011_R06_T01/S011_R06_T02/S011_R06_T03/S011_R06_T04/S011_R06_T05/S011_R06_T06/S011_R06_T07/S011_R06_T08/S011_R06_T09/S011_R06_T10/S011_R06_T11/S011_R06_T12/S011_R06_T13,14,7,7,S011_R10_T00/S011_R10_T01/S011_R10_T02/S011_R10_T03/S011_R10_T04/S011_R10_T05/S011_R10_T06/S011_R10_T07/S011_R10_T08/S011_R10_T09/S011_R10_T10/S011_R10_T11/S011_R10_T12/S011_R10_T13/S011_R10_T14/S011_R14_T00/S011_R14_T01/S011_R14_T02/S011_R14_T03/S011_R14_T04/S011_R14_T05/S011_R14_T06/S011_R14_T07/S011_R14_T08/S011_R14_T09/S011_R14_T10/S011_R14_T11/S011_R14_T12/S011_R14_T13/S011_R14_T14,30,False,not_applicable,S011_R06_T00/S011_R06_T01/S011_R06_T02/S011_R06_T03/S011_R06_T04/S011_R06_T05/S011_R06_T06/S011_R06_T07/S011_R06_T08/S011_R06_T09/S011_R06_T10/S011_R06_T11/S011_R06_T12/S011_R06_T13,S011_R06_T00/S011_R06_T01/S011_R06_T02/S011_R06_T03/S011_R06_T04/S011_R06_T05/S011_R06_T06/S011_R06_T07/S011_R06_T08/S011_R06_T09/S011_R06_T10/S011_R06_T11/S011_R06_T12/S011_R06_T13,False,False,False,False,False,False
11,11,source_csp_target_lda_target_scaler,10,6/14,1/2/3/4/5/6/7/8/9/10/12/13/14/15/16/17/18/19/20,S011_R10_T00/S011_R10_T01/S011_R10_T02/S011_R10_T03/S011_R10_T04/S011_R10_T05/S011_R10_T06/S011_R10_T07/S011_R10_T08/S011_R10_T09/S011_R10_T10/S011_R10_T11/S011_R10_T12/S011_R10_T13,14,7,7,S011_R06_T00/S011_R06_T01/S011_R06_T02/S011_R06_T03/S011_R06_T04/S011_R06_T05/S011_R06_T06/S011_R06_T07/S011_R06_T08/S011_R06_T09/S011_R06_T10/S011_R06_T11/S011_R06_T12/S011_R06_T13/S011_R06_T14/S011_R14_T00/S011_R14_T01/S011_R14_T02/S011_R14_T03/S011_R14_T04/S011_R14_T05/S011_R14_T06/S011_R14_T07/S011_R14_T08/S011_R14_T09/S011_R14_T10/S011_R14_T11/S011_R14_T12/S011_R14_T13/S011_R14_T14,30,False,not_applicable,S011_R10_T00/S011_R10_T01/S011_R10_T02/S011_R10_T03/S011_R10_T04/S011_R10_T05/S011_R10_T06/S011_R10_T07/S011_R10_T08/S011_R10_T09/S011_R10_T10/S011_R10_T11/S011_R10_T12/S011_R10_T13,S011_R10_T00/S011_R10_T01/S011_R10_T02/S011_R10_T03/S011_R10_T04/S011_R10_T05/S011_R10_T06/S011_R10_T07/S011_R10_T08/S011_R10_T09/S011_R10_T10/S011_R10_T11/S011_R10_T12/S011_R10_T13,False,False,False,False,False,False
11,11,source_csp_target_lda_target_scaler,14,6/10,1/2/3/4/5/6/7/8/9/10/12/13/14/15/16/17/18/19/20,S011_R14_T00/S011_R14_T01/S011_R14_T02/S011_R14_T03/S011_R14_T04/S011_R14_T05/S011_R14_T06/S011_R14_T07/S011_R14_T08/S011_R14_T09/S011_R14_T10/S011_R14_T11/S011_R14_T12/S011_R14_T13,14,7,7,S011_R06_T00/S011_R06_T01/S011_R06_T02/S011_R06_T03/S011_R06_T04/S011_R06_T05/S011_R06_T06/S011_R06_T07/S011_R06_T08/S011_R06_T09/S011_R06_T10/S011_R06_T11/S011_R06_T12/S011_R06_T13/S011_R06_T14/S011_R10_T00/S011_R10_T01/S011_R10_T02/S011_R10_T03/S011_R10_T04/S011_R10_T05/S011_R10_T06/S011_R10_T07/S011_R10_T08/S011_R10_T09/S011_R10_T10/S011_R10_T11/S011_R10_T12/S011_R10_T13/S011_R10_T14,30,False,not_applicable,S011_R14_T00/S011_R14_T01/S011_R14_T02/S011_R14_T03/S011_R14_T04/S011_R14_T05/S011_R14_T06/S011_R14_T07/S011_R14_T08/S011_R14_T09/S011_R14_T10/S011_R14_T11/S011_R14_T12/S011_R14_T13,S011_R14_T00/S011_R14_T01/S011_R14_T02/S011_R14_T03/S011_R14_T04/S011_R14_T05/S011_R14_T06/S011_R14_T07/S011_R14_T08/S011_R14_T09/S011_R14_T10/S011_R14_T11/S011_R14_T12/S011_R14_T13,False,False,False,False,False,False
11,11,target_csp_empirical,6,10/14,1/2/3/4/5/6/7/8/9/10/12/13/14/15/16/17/18/19/20,S011_R06_T00/S011_R06_T01/S011_R06_T02/S011_R06_T03/S011_R06_T04/S011_R06_T05/S011_R06_T06/S011_R06_T07/S011_R06_T08/S011_R06_T09/S011_R06_T10/S011_R06_T11/S011_R06_T12/S011_R06_T13,14,7,7,S011_R10_T00/S011_R10_T01/S011_R10_T02/S011_R10_T03/S011_R10_T04/S011_R10_T05/S011_R10_T06/S011_R10_T07/S011_R10_T08/S011_R10_T09/S011_R10_T10/S011_R10_T11/S011_R10_T12/S011_R10_T13/S011_R10_T14/S011_R14_T00/S011_R14_T01/S011_R14_T02/S011_R14_T03/S011_R14_T04/S011_R14_T05/S011_R14_T06/S011_R14_T07/S011_R14_T08/S011_R14_T09/S011_R14_T10/S011_R14_T11/S011_R14_T12/S011_R14_T13/S011_R14_T14,30,False,S011_R06_T00/S011_R06_T01/S011_R06_T02/S011_R06_T03/S011_R06_T04/S011_R06_T05/S011_R06_T06/S011_R06_T07/S011_R06_T08/S011_R06_T09/S011_R06_T10/S011_R06_T11/S011_R06_T12/S011_R06_T13,S011_R06_T00/S011_R06_T01/S011_R06_T02/S011_R06_T03/S011_R06_T04/S011_R06_T05/S011_R06_T06/S011_R06_T07/S011_R06_T08/S011_R06_T09/S011_R06_T10/S011_R06_T11/S011_R06_T12/S011_R06_T13,S011_R06_T00/S011_R06_T01/S011_R06_T02/S011_R06_T03/S011_R06_T04/S011_R06_T05/S011_R06_T06/S011_R06_T07/S011_R06_T08/S011_R06_T09/S011_R06_T10/S011_R06_T11/S011_R06_T12/S011_R06_T13,False,False,False,False,False,False
11,11,target_csp_empirical,10,6/14,1/2/3/4/5/6/7/8/9/10/12/13/14/15/16/17/18/19/20,S011_R10_T00/S011_R10_T01/S011_R10_T02/S011_R10_T03/S011_R10_T04/S011_R10_T05/S011_R10_T06/S011_R10_T07/S011_R10_T08/S011_R10_T09/S011_R10_T10/S011_R10_T11/S011_R10_T12/S011_R10_T13,14,7,7,S011_R06_T00/S011_R06_T01/S011_R06_T02/S011_R06_T03/S011_R06_T04/S011_R06_T05/S011_R06_T06/S011_R06_T07/S011_R06_T08/S011_R06_T09/S011_R06_T10/S011_R06_T11/S011_R06_T12/S011_R06_T13/S011_R06_T14/S011_R14_T00/S011_R14_T01/S011_R14_T02/S011_R14_T03/S011_R14_T04/S011_R14_T05/S011_R14_T06/S011_R14_T07/S011_R14_T08/S011_R14_T09/S011_R14_T10/S011_R14_T11/S011_R14_T12/S011_R14_T13/S011_R14_T14,30,False,S011_R10_T00/S011_R10_T01/S011_R10_T02/S011_R10_T03/S011_R10_T04/S011_R10_T05/S011_R10_T06/S011_R10_T07/S011_R10_T08/S011_R10_T09/S011_R10_T10/S011_R10_T11/S011_R10_T12/S011_R10_T13,S011_R10_T00/S011_R10_T01/S011_R10_T02/S011_R10_T03/S011_R10_T04/S011_R10_T05/S011_R10_T06/S011_R10_T07/S011_R10_T08/S011_R10_T09/S011_R10_T10/S011_R10_T11/S011_R10_T12/S011_R10_T13,S011_R10_T00/S011_R10_T01/S011_R10_T02/S011_R10_T03/S011_R10_T04/S011_R10_T05/S011_R10_T06/S011_R10_T07/S011_R10_T08/S011_R10_T09/S011_R10_T10/S011_R10_T11/S011_R10_T12/S011_R10_T13,False,False,False,False,False,False
11,11,target_csp_empirical,14,6/10,1/2/3/4/5/6/7/8/9/10/12/13/14/15/16/17/18/19/20,S011_R14_T00/S011_R14_T01/S011_R14_T02/S011_R14_T03/S011_R14_T04/S011_R14_T05/S011_R14_T06/S011_R14_T07/S011_R14_T08/S011_R14_T09/S011_R14_T10/S011_R14_T11/S011_R14_T12/S011_R14_T13,14,7,7,S011_R06_T00/S011_R06_T01/S011_R06_T02/S011_R06_T03/S011_R06_T04/S011_R06_T05/S011_R06_T06/S011_R06_T07/S011_R06_T08/S011_R06_T09/S011_R06_T10/S011_R06_T11/S011_R06_T12/S011_R06_T13/S011_R06_T14/S011_R10_T00/S011_R10_T01/S011_R10_T02/S011_R10_T03/S011_R10_T04/S011_R10_T05/S011_R10_T06/S011_R10_T07/S011_R10_T08/S011_R10_T09/S011_R10_T10/S011_R10_T11/S011_R10_T12/S011_R10_T13/S011_R10_T14,30,False,S011_R14_T00/S011_R14_T01/S011_R14_T02/S011_R14_T03/S011_R14_T04/S011_R14_T05/S011_R14_T06/S011_R14_T07/S011_R14_T08/S011_R14_T09/S011_R14_T10/S011_R14_T11/S011_R14_T12/S011_R14_T13,S011_R14_T00/S011_R14_T01/S011_R14_T02/S011_R14_T03/S011_R14_T04/S011_R14_T05/S011_R14_T06/S011_R14_T07/S011_R14_T08/S011_R14_T09/S011_R14_T10/S011_R14_T11/S011_R14_T12/S011_R14_T13,S011_R14_T00/S011_R14_T01/S011_R14_T02/S011_R14_T03/S011_R14_T04/S011_R14_T05/S011_R14_T06/S011_R14_T07/S011_R14_T08/S011_R14_T09/S011_R14_T10/S011_R14_T11/S011_R14_T12/S011_R14_T13,False,False,False,False,False,False
11,11,target_csp_ledoit_wolf,6,10/14,1/2/3/4/5/6/7/8/9/10/12/13/14/15/16/17/18/19/20,S011_R06_T00/S011_R06_T01/S011_R06_T02/S011_R06_T03/S011_R06_T04/S011_R06_T05/S011_R06_T06/S011_R06_T07/S011_R06_T08/S011_R06_T09/S011_R06_T10/S011_R06_T11/S011_R06_T12/S011_R06_T13,14,7,7,S011_R10_T00/S011_R10_T01/S011_R10_T02/S011_R10_T03/S011_R10_T04/S011_R10_T05/S011_R10_T06/S011_R10_T07/S011_R10_T08/S011_R10_T09/S011_R10_T10/S011_R10_T11/S011_R10_T12/S011_R10_T13/S011_R10_T14/S011_R14_T00/S011_R14_T01/S011_R14_T02/S011_R14_T03/S011_R14_T04/S011_R14_T05/S011_R14_T06/S011_R14_T07/S011_R14_T08/S011_R14_T09/S011_R14_T10/S011_R14_T11/S011_R14_T12/S011_R14_T13/S011_R14_T14,30,False,S011_R06_T00/S011_R06_T01/S011_R06_T02/S011_R06_T03/S011_R06_T04/S011_R06_T05/S011_R06_T06/S011_R06_T07/S011_R06_T08/S011_R06_T09/S011_R06_T10/S011_R06_T11/S011_R06_T12/S011_R06_T13,S011_R06_T00/S011_R06_T01/S011_R06_T02/S011_R06_T03/S011_R06_T04/S011_R06_T05/S011_R06_T06/S011_R06_T07/S011_R06_T08/S011_R06_T09/S011_R06_T10/S011_R06_T11/S011_R06_T12/S011_R06_T13,S011_R06_T00/S011_R06_T01/S011_R06_T02/S011_R06_T03/S011_R06_T04/S011_R06_T05/S011_R06_T06/S011_R06_T07/S011_R06_T08/S011_R06_T09/S011_R06_T10/S011_R06_T11/S011_R06_T12/S011_R06_T13,False,False,False,False,False,False
11,11,target_csp_ledoit_wolf,10,6/14,1/2/3/4/5/6/7/8/9/10/12/13/14/15/16/17/18/19/20,S011_R10_T00/S011_R10_T01/S011_R10_T02/S011_R10_T03/S011_R10_T04/S011_R10_T05/S011_R10_T06/S011_R10_T07/S011_R10_T08/S011_R10_T09/S011_R10_T10/S011_R10_T11/S011_R10_T12/S011_R10_T13,14,7,7,S011_R06_T00/S011_R06_T01/S011_R06_T02/S011_R06_T03/S011_R06_T04/S011_R06_T05/S011_R06_T06/S011_R06_T07/S011_R06_T08/S011_R06_T09/S011_R06_T10/S011_R06_T11/S011_R06_T12/S011_R06_T13/S011_R06_T14/S011_R14_T00/S011_R14_T01/S011_R14_T02/S011_R14_T03/S011_R14_T04/S011_R14_T05/S011_R14_T06/S011_R14_T07/S011_R14_T08/S011_R14_T09/S011_R14_T10/S011_R14_T11/S011_R14_T12/S011_R14_T13/S011_R14_T14,30,False,S011_R10_T00/S011_R10_T01/S011_R10_T02/S011_R10_T03/S011_R10_T04/S011_R10_T05/S011_R10_T06/S011_R10_T07/S011_R10_T08/S011_R10_T09/S011_R10_T10/S011_R10_T11/S011_R10_T12/S011_R10_T13,S011_R10_T00/S011_R10_T01/S011_R10_T02/S011_R10_T03/S011_R10_T04/S011_R10_T05/S011_R10_T06/S011_R10_T07/S011_R10_T08/S011_R10_T09/S011_R10_T10/S011_R10_T11/S011_R10_T12/S011_R10_T13,S011_R10_T00/S011_R10_T01/S011_R10_T02/S011_R10_T03/S011_R10_T04/S011_R10_T05/S011_R10_T06/S011_R10_T07/S011_R10_T08/S011_R10_T09/S011_R10_T10/S011_R10_T11/S011_R10_T12/S011_R10_T13,False,False,False,False,False,False
11,11,target_csp_ledoit_wolf,14,6/10,1/2/3/4/5/6/7/8/9/10/12/13/14/15/16/17/18/19/20,S011_R14_T00/S011_R14_T01/S011_R14_T02/S011_R14_T03/S011_R14_T04/S011_R14_T05/S011_R14_T06/S011_R14_T07/S011_R14_T08/S011_R14_T09/S011_R14_T10/S011_R14_T11/S011_R14_T12/S011_R14_T13,14,7,7,S011_R06_T00/S011_R06_T01/S011_R06_T02/S011_R06_T03/S011_R06_T04/S011_R06_T05/S011_R06_T06/S011_R06_T07/S011_R06_T08/S011_R06_T09/S011_R06_T10/S011_R06_T11/S011_R06_T12/S011_R06_T13/S011_R06_T14/S011_R10_T00/S011_R10_T01/S011_R10_T02/S011_R10_T03/S011_R10_T04/S011_R10_T05/S011_R10_T06/S011_R10_T07/S011_R10_T08/S011_R10_T09/S011_R10_T10/S011_R10_T11/S011_R10_T12/S011_R10_T13/S011_R10_T14,30,False,S011_R14_T00/S011_R14_T01/S011_R14_T02/S011_R14_T03/S011_R14_T04/S011_R14_T05/S011_R14_T06/S011_R14_T07/S011_R14_T08/S011_R14_T09/S011_R14_T10/S011_R14_T11/S011_R14_T12/S011_R14_T13,S011_R14_T00/S011_R14_T01/S011_R14_T02/S011_R14_T03/S011_R14_T04/S011_R14_T05/S011_R14_T06/S011_R14_T07/S011_R14_T08/S011_R14_T09/S011_R14_T10/S011_R14_T11/S011_R14_T12/S011_R14_T13,S011_R14_T00/S011_R14_T01/S011_R14_T02/S011_R14_T03/S011_R14_T04/S011_R14_T05/S011_R14_T06/S011_R14_T07/S011_R14_T08/S011_R14_T09/S011_R14_T10/S011_R14_T11/S011_R14_T12/S011_R14_T13,False,False,False,False,False,False
12,12,source_zero_shot,6,10/14,1/2/3/4/5/6/7/8/9/10/11/13/14/15/16/17/18/19/20,S012_R06_T00/S012_R06_T01/S012_R06_T02/S012_R06_T03/S012_R06_T04/S012_R06_T05/S012_R06_T06/S012_R06_T07/S012_R06_T08/S012_R06_T09/S012_R06_T10/S012_R06_T11/S012_R06_T12/S012_R06_T13,14,7,7,S012_R10_T00/S012_R10_T01/S012_R10_T02/S012_R10_T03/S012_R10_T04/S012_R10_T05/S012_R10_T06/S012_R10_T07/S012_R10_T08/S012_R10_T09/S012_R10_T10/S012_R10_T11/S012_R10_T12/S012_R10_T13/S012_R10_T14/S012_R14_T00/S012_R14_T01/S012_R14_T02/S012_R14_T03/S012_R14_T04/S012_R14_T05/S012_R14_T06/S012_R14_T07/S012_R14_T08/S012_R14_T09/S012_R14_T10/S012_R14_T11/S012_R14_T12/S012_R14_T13/S012_R14_T14,30,False,not_applicable,not_applicable,not_applicable,False,False,False,False,False,False
12,12,source_zero_shot,10,6/14,1/2/3/4/5/6/7/8/9/10/11/13/14/15/16/17/18/19/20,S012_R10_T00/S012_R10_T01/S012_R10_T02/S012_R10_T03/S012_R10_T04/S012_R10_T05/S012_R10_T06/S012_R10_T07/S012_R10_T08/S012_R10_T09/S012_R10_T10/S012_R10_T11/S012_R10_T12/S012_R10_T13,14,7,7,S012_R06_T00/S012_R06_T01/S012_R06_T02/S012_R06_T03/S012_R06_T04/S012_R06_T05/S012_R06_T06/S012_R06_T07/S012_R06_T08/S012_R06_T09/S012_R06_T10/S012_R06_T11/S012_R06_T12/S012_R06_T13/S012_R06_T14/S012_R14_T00/S012_R14_T01/S012_R14_T02/S012_R14_T03/S012_R14_T04/S012_R14_T05/S012_R14_T06/S012_R14_T07/S012_R14_T08/S012_R14_T09/S012_R14_T10/S012_R14_T11/S012_R14_T12/S012_R14_T13/S012_R14_T14,30,False,not_applicable,not_applicable,not_applicable,False,False,False,False,False,False
12,12,source_zero_shot,14,6/10,1/2/3/4/5/6/7/8/9/10/11/13/14/15/16/17/18/19/20,S012_R14_T00/S012_R14_T01/S012_R14_T02/S012_R14_T03/S012_R14_T04/S012_R14_T05/S012_R14_T06/S012_R14_T07/S012_R14_T08/S012_R14_T09/S012_R14_T10/S012_R14_T11/S012_R14_T12/S012_R14_T13,14,7,7,S012_R06_T00/S012_R06_T01/S012_R06_T02/S012_R06_T03/S012_R06_T04/S012_R06_T05/S012_R06_T06/S012_R06_T07/S012_R06_T08/S012_R06_T09/S012_R06_T10/S012_R06_T11/S012_R06_T12/S012_R06_T13/S012_R06_T14/S012_R10_T00/S012_R10_T01/S012_R10_T02/S012_R10_T03/S012_R10_T04/S012_R10_T05/S012_R10_T06/S012_R10_T07/S012_R10_T08/S012_R10_T09/S012_R10_T10/S012_R10_T11/S012_R10_T12/S012_R10_T13/S012_R10_T14,30,False,not_applicable,not_applicable,not_applicable,False,False,False,False,False,False
12,12,source_csp_target_lda_source_scaler,6,10/14,1/2/3/4/5/6/7/8/9/10/11/13/14/15/16/17/18/19/20,S012_R06_T00/S012_R06_T01/S012_R06_T02/S012_R06_T03/S012_R06_T04/S012_R06_T05/S012_R06_T06/S012_R06_T07/S012_R06_T08/S012_R06_T09/S012_R06_T10/S012_R06_T11/S012_R06_T12/S012_R06_T13,14,7,7,S012_R10_T00/S012_R10_T01/S012_R10_T02/S012_R10_T03/S012_R10_T04/S012_R10_T05/S012_R10_T06/S012_R10_T07/S012_R10_T08/S012_R10_T09/S012_R10_T10/S012_R10_T11/S012_R10_T12/S012_R10_T13/S012_R10_T14/S012_R14_T00/S012_R14_T01/S012_R14_T02/S012_R14_T03/S012_R14_T04/S012_R14_T05/S012_R14_T06/S012_R14_T07/S012_R14_T08/S012_R14_T09/S012_R14_T10/S012_R14_T11/S012_R14_T12/S012_R14_T13/S012_R14_T14,30,False,not_applicable,not_applicable,S012_R06_T00/S012_R06_T01/S012_R06_T02/S012_R06_T03/S012_R06_T04/S012_R06_T05/S012_R06_T06/S012_R06_T07/S012_R06_T08/S012_R06_T09/S012_R06_T10/S012_R06_T11/S012_R06_T12/S012_R06_T13,False,False,False,False,False,False
12,12,source_csp_target_lda_source_scaler,10,6/14,1/2/3/4/5/6/7/8/9/10/11/13/14/15/16/17/18/19/20,S012_R10_T00/S012_R10_T01/S012_R10_T02/S012_R10_T03/S012_R10_T04/S012_R10_T05/S012_R10_T06/S012_R10_T07/S012_R10_T08/S012_R10_T09/S012_R10_T10/S012_R10_T11/S012_R10_T12/S012_R10_T13,14,7,7,S012_R06_T00/S012_R06_T01/S012_R06_T02/S012_R06_T03/S012_R06_T04/S012_R06_T05/S012_R06_T06/S012_R06_T07/S012_R06_T08/S012_R06_T09/S012_R06_T10/S012_R06_T11/S012_R06_T12/S012_R06_T13/S012_R06_T14/S012_R14_T00/S012_R14_T01/S012_R14_T02/S012_R14_T03/S012_R14_T04/S012_R14_T05/S012_R14_T06/S012_R14_T07/S012_R14_T08/S012_R14_T09/S012_R14_T10/S012_R14_T11/S012_R14_T12/S012_R14_T13/S012_R14_T14,30,False,not_applicable,not_applicable,S012_R10_T00/S012_R10_T01/S012_R10_T02/S012_R10_T03/S012_R10_T04/S012_R10_T05/S012_R10_T06/S012_R10_T07/S012_R10_T08/S012_R10_T09/S012_R10_T10/S012_R10_T11/S012_R10_T12/S012_R10_T13,False,False,False,False,False,False
12,12,source_csp_target_lda_source_scaler,14,6/10,1/2/3/4/5/6/7/8/9/10/11/13/14/15/16/17/18/19/20,S012_R14_T00/S012_R14_T01/S012_R14_T02/S012_R14_T03/S012_R14_T04/S012_R14_T05/S012_R14_T06/S012_R14_T07/S012_R14_T08/S012_R14_T09/S012_R14_T10/S012_R14_T11/S012_R14_T12/S012_R14_T13,14,7,7,S012_R06_T00/S012_R06_T01/S012_R06_T02/S012_R06_T03/S012_R06_T04/S012_R06_T05/S012_R06_T06/S012_R06_T07/S012_R06_T08/S012_R06_T09/S012_R06_T10/S012_R06_T11/S012_R06_T12/S012_R06_T13/S012_R06_T14/S012_R10_T00/S012_R10_T01/S012_R10_T02/S012_R10_T03/S012_R10_T04/S012_R10_T05/S012_R10_T06/S012_R10_T07/S012_R10_T08/S012_R10_T09/S012_R10_T10/S012_R10_T11/S012_R10_T12/S012_R10_T13/S012_R10_T14,30,False,not_applicable,not_applicable,S012_R14_T00/S012_R14_T01/S012_R14_T02/S012_R14_T03/S012_R14_T04/S012_R14_T05/S012_R14_T06/S012_R14_T07/S012_R14_T08/S012_R14_T09/S012_R14_T10/S012_R14_T11/S012_R14_T12/S012_R14_T13,False,False,False,False,False,False
12,12,source_csp_target_lda_target_scaler,6,10/14,1/2/3/4/5/6/7/8/9/10/11/13/14/15/16/17/18/19/20,S012_R06_T00/S012_R06_T01/S012_R06_T02/S012_R06_T03/S012_R06_T04/S012_R06_T05/S012_R06_T06/S012_R06_T07/S012_R06_T08/S012_R06_T09/S012_R06_T10/S012_R06_T11/S012_R06_T12/S012_R06_T13,14,7,7,S012_R10_T00/S012_R10_T01/S012_R10_T02/S012_R10_T03/S012_R10_T04/S012_R10_T05/S012_R10_T06/S012_R10_T07/S012_R10_T08/S012_R10_T09/S012_R10_T10/S012_R10_T11/S012_R10_T12/S012_R10_T13/S012_R10_T14/S012_R14_T00/S012_R14_T01/S012_R14_T02/S012_R14_T03/S012_R14_T04/S012_R14_T05/S012_R14_T06/S012_R14_T07/S012_R14_T08/S012_R14_T09/S012_R14_T10/S012_R14_T11/S012_R14_T12/S012_R14_T13/S012_R14_T14,30,False,not_applicable,S012_R06_T00/S012_R06_T01/S012_R06_T02/S012_R06_T03/S012_R06_T04/S012_R06_T05/S012_R06_T06/S012_R06_T07/S012_R06_T08/S012_R06_T09/S012_R06_T10/S012_R06_T11/S012_R06_T12/S012_R06_T13,S012_R06_T00/S012_R06_T01/S012_R06_T02/S012_R06_T03/S012_R06_T04/S012_R06_T05/S012_R06_T06/S012_R06_T07/S012_R06_T08/S012_R06_T09/S012_R06_T10/S012_R06_T11/S012_R06_T12/S012_R06_T13,False,False,False,False,False,False
12,12,source_csp_target_lda_target_scaler,10,6/14,1/2/3/4/5/6/7/8/9/10/11/13/14/15/16/17/18/19/20,S012_R10_T00/S012_R10_T01/S012_R10_T02/S012_R10_T03/S012_R10_T04/S012_R10_T05/S012_R10_T06/S012_R10_T07/S012_R10_T08/S012_R10_T09/S012_R10_T10/S012_R10_T11/S012_R10_T12/S012_R10_T13,14,7,7,S012_R06_T00/S012_R06_T01/S012_R06_T02/S012_R06_T03/S012_R06_T04/S012_R06_T05/S012_R06_T06/S012_R06_T07/S012_R06_T08/S012_R06_T09/S012_R06_T10/S012_R06_T11/S012_R06_T12/S012_R06_T13/S012_R06_T14/S012_R14_T00/S012_R14_T01/S012_R14_T02/S012_R14_T03/S012_R14_T04/S012_R14_T05/S012_R14_T06/S012_R14_T07/S012_R14_T08/S012_R14_T09/S012_R14_T10/S012_R14_T11/S012_R14_T12/S012_R14_T13/S012_R14_T14,30,False,not_applicable,S012_R10_T00/S012_R10_T01/S012_R10_T02/S012_R10_T03/S012_R10_T04/S012_R10_T05/S012_R10_T06/S012_R10_T07/S012_R10_T08/S012_R10_T09/S012_R10_T10/S012_R10_T11/S012_R10_T12/S012_R10_T13,S012_R10_T00/S012_R10_T01/S012_R10_T02/S012_R10_T03/S012_R10_T04/S012_R10_T05/S012_R10_T06/S012_R10_T07/S012_R10_T08/S012_R10_T09/S012_R10_T10/S012_R10_T11/S012_R10_T12/S012_R10_T13,False,False,False,False,False,False
12,12,source_csp_target_lda_target_scaler,14,6/10,1/2/3/4/5/6/7/8/9/10/11/13/14/15/16/17/18/19/20,S012_R14_T00/S012_R14_T01/S012_R14_T02/S012_R14_T03/S012_R14_T04/S012_R14_T05/S012_R14_T06/S012_R14_T07/S012_R14_T08/S012_R14_T09/S012_R14_T10/S012_R14_T11/S012_R14_T12/S012_R14_T13,14,7,7,S012_R06_T00/S012_R06_T01/S012_R06_T02/S012_R06_T03/S012_R06_T04/S012_R06_T05/S012_R06_T06/S012_R06_T07/S012_R06_T08/S012_R06_T09/S012_R06_T10/S012_R06_T11/S012_R06_T12/S012_R06_T13/S012_R06_T14/S012_R10_T00/S012_R10_T01/S012_R10_T02/S012_R10_T03/S012_R10_T04/S012_R10_T05/S012_R10_T06/S012_R10_T07/S012_R10_T08/S012_R10_T09/S012_R10_T10/S012_R10_T11/S012_R10_T12/S012_R10_T13/S012_R10_T14,30,False,not_applicable,S012_R14_T00/S012_R14_T01/S012_R14_T02/S012_R14_T03/S012_R14_T04/S012_R14_T05/S012_R14_T06/S012_R14_T07/S012_R14_T08/S012_R14_T09/S012_R14_T10/S012_R14_T11/S012_R14_T12/S012_R14_T13,S012_R14_T00/S012_R14_T01/S012_R14_T02/S012_R14_T03/S012_R14_T04/S012_R14_T05/S012_R14_T06/S012_R14_T07/S012_R14_T08/S012_R14_T09/S012_R14_T10/S012_R14_T11/S012_R14_T12/S012_R14_T13,False,False,False,False,False,False
12,12,target_csp_empirical,6,10/14,1/2/3/4/5/6/7/8/9/10/11/13/14/15/16/17/18/19/20,S012_R06_T00/S012_R06_T01/S012_R06_T02/S012_R06_T03/S012_R06_T04/S012_R06_T05/S012_R06_T06/S012_R06_T07/S012_R06_T08/S012_R06_T09/S012_R06_T10/S012_R06_T11/S012_R06_T12/S012_R06_T13,14,7,7,S012_R10_T00/S012_R10_T01/S012_R10_T02/S012_R10_T03/S012_R10_T04/S012_R10_T05/S012_R10_T06/S012_R10_T07/S012_R10_T08/S012_R10_T09/S012_R10_T10/S012_R10_T11/S012_R10_T12/S012_R10_T13/S012_R10_T14/S012_R14_T00/S012_R14_T01/S012_R14_T02/S012_R14_T03/S012_R14_T04/S012_R14_T05/S012_R14_T06/S012_R14_T07/S012_R14_T08/S012_R14_T09/S012_R14_T10/S012_R14_T11/S012_R14_T12/S012_R14_T13/S012_R14_T14,30,False,S012_R06_T00/S012_R06_T01/S012_R06_T02/S012_R06_T03/S012_R06_T04/S012_R06_T05/S012_R06_T06/S012_R06_T07/S012_R06_T08/S012_R06_T09/S012_R06_T10/S012_R06_T11/S012_R06_T12/S012_R06_T13,S012_R06_T00/S012_R06_T01/S012_R06_T02/S012_R06_T03/S012_R06_T04/S012_R06_T05/S012_R06_T06/S012_R06_T07/S012_R06_T08/S012_R06_T09/S012_R06_T10/S012_R06_T11/S012_R06_T12/S012_R06_T13,S012_R06_T00/S012_R06_T01/S012_R06_T02/S012_R06_T03/S012_R06_T04/S012_R06_T05/S012_R06_T06/S012_R06_T07/S012_R06_T08/S012_R06_T09/S012_R06_T10/S012_R06_T11/S012_R06_T12/S012_R06_T13,False,False,False,False,False,False
12,12,target_csp_empirical,10,6/14,1/2/3/4/5/6/7/8/9/10/11/13/14/15/16/17/18/19/20,S012_R10_T00/S012_R10_T01/S012_R10_T02/S012_R10_T03/S012_R10_T04/S012_R10_T05/S012_R10_T06/S012_R10_T07/S012_R10_T08/S012_R10_T09/S012_R10_T10/S012_R10_T11/S012_R10_T12/S012_R10_T13,14,7,7,S012_R06_T00/S012_R06_T01/S012_R06_T02/S012_R06_T03/S012_R06_T04/S012_R06_T05/S012_R06_T06/S012_R06_T07/S012_R06_T08/S012_R06_T09/S012_R06_T10/S012_R06_T11/S012_R06_T12/S012_R06_T13/S012_R06_T14/S012_R14_T00/S012_R14_T01/S012_R14_T02/S012_R14_T03/S012_R14_T04/S012_R14_T05/S012_R14_T06/S012_R14_T07/S012_R14_T08/S012_R14_T09/S012_R14_T10/S012_R14_T11/S012_R14_T12/S012_R14_T13/S012_R14_T14,30,False,S012_R10_T00/S012_R10_T01/S012_R10_T02/S012_R10_T03/S012_R10_T04/S012_R10_T05/S012_R10_T06/S012_R10_T07/S012_R10_T08/S012_R10_T09/S012_R10_T10/S012_R10_T11/S012_R10_T12/S012_R10_T13,S012_R10_T00/S012_R10_T01/S012_R10_T02/S012_R10_T03/S012_R10_T04/S012_R10_T05/S012_R10_T06/S012_R10_T07/S012_R10_T08/S012_R10_T09/S012_R10_T10/S012_R10_T11/S012_R10_T12/S012_R10_T13,S012_R10_T00/S012_R10_T01/S012_R10_T02/S012_R10_T03/S012_R10_T04/S012_R10_T05/S012_R10_T06/S012_R10_T07/S012_R10_T08/S012_R10_T09/S012_R10_T10/S012_R10_T11/S012_R10_T12/S012_R10_T13,False,False,False,False,False,False
12,12,target_csp_empirical,14,6/10,1/2/3/4/5/6/7/8/9/10/11/13/14/15/16/17/18/19/20,S012_R14_T00/S012_R14_T01/S012_R14_T02/S012_R14_T03/S012_R14_T04/S012_R14_T05/S012_R14_T06/S012_R14_T07/S012_R14_T08/S012_R14_T09/S012_R14_T10/S012_R14_T11/S012_R14_T12/S012_R14_T13,14,7,7,S012_R06_T00/S012_R06_T01/S012_R06_T02/S012_R06_T03/S012_R06_T04/S012_R06_T05/S012_R06_T06/S012_R06_T07/S012_R06_T08/S012_R06_T09/S012_R06_T10/S012_R06_T11/S012_R06_T12/S012_R06_T13/S012_R06_T14/S012_R10_T00/S012_R10_T01/S012_R10_T02/S012_R10_T03/S012_R10_T04/S012_R10_T05/S012_R10_T06/S012_R10_T07/S012_R10_T08/S012_R10_T09/S012_R10_T10/S012_R10_T11/S012_R10_T12/S012_R10_T13/S012_R10_T14,30,False,S012_R14_T00/S012_R14_T01/S012_R14_T02/S012_R14_T03/S012_R14_T04/S012_R14_T05/S012_R14_T06/S012_R14_T07/S012_R14_T08/S012_R14_T09/S012_R14_T10/S012_R14_T11/S012_R14_T12/S012_R14_T13,S012_R14_T00/S012_R14_T01/S012_R14_T02/S012_R14_T03/S012_R14_T04/S012_R14_T05/S012_R14_T06/S012_R14_T07/S012_R14_T08/S012_R14_T09/S012_R14_T10/S012_R14_T11/S012_R14_T12/S012_R14_T13,S012_R14_T00/S012_R14_T01/S012_R14_T02/S012_R14_T03/S012_R14_T04/S012_R14_T05/S012_R14_T06/S012_R14_T07/S012_R14_T08/S012_R14_T09/S012_R14_T10/S012_R14_T11/S012_R14_T12/S012_R14_T13,False,False,False,False,False,False
12,12,target_csp_ledoit_wolf,6,10/14,1/2/3/4/5/6/7/8/9/10/11/13/14/15/16/17/18/19/20,S012_R06_T00/S012_R06_T01/S012_R06_T02/S012_R06_T03/S012_R06_T04/S012_R06_T05/S012_R06_T06/S012_R06_T07/S012_R06_T08/S012_R06_T09/S012_R06_T10/S012_R06_T11/S012_R06_T12/S012_R06_T13,14,7,7,S012_R10_T00/S012_R10_T01/S012_R10_T02/S012_R10_T03/S012_R10_T04/S012_R10_T05/S012_R10_T06/S012_R10_T07/S012_R10_T08/S012_R10_T09/S012_R10_T10/S012_R10_T11/S012_R10_T12/S012_R10_T13/S012_R10_T14/S012_R14_T00/S012_R14_T01/S012_R14_T02/S012_R14_T03/S012_R14_T04/S012_R14_T05/S012_R14_T06/S012_R14_T07/S012_R14_T08/S012_R14_T09/S012_R14_T10/S012_R14_T11/S012_R14_T12/S012_R14_T13/S012_R14_T14,30,False,S012_R06_T00/S012_R06_T01/S012_R06_T02/S012_R06_T03/S012_R06_T04/S012_R06_T05/S012_R06_T06/S012_R06_T07/S012_R06_T08/S012_R06_T09/S012_R06_T10/S012_R06_T11/S012_R06_T12/S012_R06_T13,S012_R06_T00/S012_R06_T01/S012_R06_T02/S012_R06_T03/S012_R06_T04/S012_R06_T05/S012_R06_T06/S012_R06_T07/S012_R06_T08/S012_R06_T09/S012_R06_T10/S012_R06_T11/S012_R06_T12/S012_R06_T13,S012_R06_T00/S012_R06_T01/S012_R06_T02/S012_R06_T03/S012_R06_T04/S012_R06_T05/S012_R06_T06/S012_R06_T07/S012_R06_T08/S012_R06_T09/S012_R06_T10/S012_R06_T11/S012_R06_T12/S012_R06_T13,False,False,False,False,False,False
12,12,target_csp_ledoit_wolf,10,6/14,1/2/3/4/5/6/7/8/9/10/11/13/14/15/16/17/18/19/20,S012_R10_T00/S012_R10_T01/S012_R10_T02/S012_R10_T03/S012_R10_T04/S012_R10_T05/S012_R10_T06/S012_R10_T07/S012_R10_T08/S012_R10_T09/S012_R10_T10/S012_R10_T11/S012_R10_T12/S012_R10_T13,14,7,7,S012_R06_T00/S012_R06_T01/S012_R06_T02/S012_R06_T03/S012_R06_T04/S012_R06_T05/S012_R06_T06/S012_R06_T07/S012_R06_T08/S012_R06_T09/S012_R06_T10/S012_R06_T11/S012_R06_T12/S012_R06_T13/S012_R06_T14/S012_R14_T00/S012_R14_T01/S012_R14_T02/S012_R14_T03/S012_R14_T04/S012_R14_T05/S012_R14_T06/S012_R14_T07/S012_R14_T08/S012_R14_T09/S012_R14_T10/S012_R14_T11/S012_R14_T12/S012_R14_T13/S012_R14_T14,30,False,S012_R10_T00/S012_R10_T01/S012_R10_T02/S012_R10_T03/S012_R10_T04/S012_R10_T05/S012_R10_T06/S012_R10_T07/S012_R10_T08/S012_R10_T09/S012_R10_T10/S012_R10_T11/S012_R10_T12/S012_R10_T13,S012_R10_T00/S012_R10_T01/S012_R10_T02/S012_R10_T03/S012_R10_T04/S012_R10_T05/S012_R10_T06/S012_R10_T07/S012_R10_T08/S012_R10_T09/S012_R10_T10/S012_R10_T11/S012_R10_T12/S012_R10_T13,S012_R10_T00/S012_R10_T01/S012_R10_T02/S012_R10_T03/S012_R10_T04/S012_R10_T05/S012_R10_T06/S012_R10_T07/S012_R10_T08/S012_R10_T09/S012_R10_T10/S012_R10_T11/S012_R10_T12/S012_R10_T13,False,False,False,False,False,False
12,12,target_csp_ledoit_wolf,14,6/10,1/2/3/4/5/6/7/8/9/10/11/13/14/15/16/17/18/19/20,S012_R14_T00/S012_R14_T01/S012_R14_T02/S012_R14_T03/S012_R14_T04/S012_R14_T05/S012_R14_T06/S012_R14_T07/S012_R14_T08/S012_R14_T09/S012_R14_T10/S012_R14_T11/S012_R14_T12/S012_R14_T13,14,7,7,S012_R06_T00/S012_R06_T01/S012_R06_T02/S012_R06_T03/S012_R06_T04/S012_R06_T05/S012_R06_T06/S012_R06_T07/S012_R06_T08/S012_R06_T09/S012_R06_T10/S012_R06_T11/S012_R06_T12/S012_R06_T13/S012_R06_T14/S012_R10_T00/S012_R10_T01/S012_R10_T02/S012_R10_T03/S012_R10_T04/S012_R10_T05/S012_R10_T06/S012_R10_T07/S012_R10_T08/S012_R10_T09/S012_R10_T10/S012_R10_T11/S012_R10_T12/S012_R10_T13/S012_R10_T14,30,False,S012_R14_T00/S012_R14_T01/S012_R14_T02/S012_R14_T03/S012_R14_T04/S012_R14_T05/S012_R14_T06/S012_R14_T07/S012_R14_T08/S012_R14_T09/S012_R14_T10/S012_R14_T11/S012_R14_T12/S012_R14_T13,S012_R14_T00/S012_R14_T01/S012_R14_T02/S012_R14_T03/S012_R14_T04/S012_R14_T05/S012_R14_T06/S012_R14_T07/S012_R14_T08/S012_R14_T09/S012_R14_T10/S012_R14_T11/S012_R14_T12/S012_R14_T13,S012_R14_T00/S012_R14_T01/S012_R14_T02/S012_R14_T03/S012_R14_T04/S012_R14_T05/S012_R14_T06/S012_R14_T07/S012_R14_T08/S012_R14_T09/S012_R14_T10/S012_R14_T11/S012_R14_T12/S012_R14_T13,False,False,False,False,False,False
13,13,source_zero_shot,6,10/14,1/2/3/4/5/6/7/8/9/10/11/12/14/15/16/17/18/19/20,S013_R06_T00/S013_R06_T01/S013_R06_T02/S013_R06_T03/S013_R06_T04/S013_R06_T05/S013_R06_T06/S013_R06_T07/S013_R06_T08/S013_R06_T09/S013_R06_T10/S013_R06_T11/S013_R06_T12/S013_R06_T13,14,7,7,S013_R10_T00/S013_R10_T01/S013_R10_T02/S013_R10_T03/S013_R10_T04/S013_R10_T05/S013_R10_T06/S013_R10_T07/S013_R10_T08/S013_R10_T09/S013_R10_T10/S013_R10_T11/S013_R10_T12/S013_R10_T13/S013_R10_T14/S013_R14_T00/S013_R14_T01/S013_R14_T02/S013_R14_T03/S013_R14_T04/S013_R14_T05/S013_R14_T06/S013_R14_T07/S013_R14_T08/S013_R14_T09/S013_R14_T10/S013_R14_T11/S013_R14_T12/S013_R14_T13/S013_R14_T14,30,False,not_applicable,not_applicable,not_applicable,False,False,False,False,False,False
13,13,source_zero_shot,10,6/14,1/2/3/4/5/6/7/8/9/10/11/12/14/15/16/17/18/19/20,S013_R10_T00/S013_R10_T01/S013_R10_T02/S013_R10_T03/S013_R10_T04/S013_R10_T05/S013_R10_T06/S013_R10_T07/S013_R10_T08/S013_R10_T09/S013_R10_T10/S013_R10_T11/S013_R10_T12/S013_R10_T13,14,7,7,S013_R06_T00/S013_R06_T01/S013_R06_T02/S013_R06_T03/S013_R06_T04/S013_R06_T05/S013_R06_T06/S013_R06_T07/S013_R06_T08/S013_R06_T09/S013_R06_T10/S013_R06_T11/S013_R06_T12/S013_R06_T13/S013_R06_T14/S013_R14_T00/S013_R14_T01/S013_R14_T02/S013_R14_T03/S013_R14_T04/S013_R14_T05/S013_R14_T06/S013_R14_T07/S013_R14_T08/S013_R14_T09/S013_R14_T10/S013_R14_T11/S013_R14_T12/S013_R14_T13/S013_R14_T14,30,False,not_applicable,not_applicable,not_applicable,False,False,False,False,False,False
13,13,source_zero_shot,14,6/10,1/2/3/4/5/6/7/8/9/10/11/12/14/15/16/17/18/19/20,S013_R14_T00/S013_R14_T01/S013_R14_T02/S013_R14_T03/S013_R14_T04/S013_R14_T05/S013_R14_T06/S013_R14_T07/S013_R14_T08/S013_R14_T09/S013_R14_T10/S013_R14_T11/S013_R14_T12/S013_R14_T13,14,7,7,S013_R06_T00/S013_R06_T01/S013_R06_T02/S013_R06_T03/S013_R06_T04/S013_R06_T05/S013_R06_T06/S013_R06_T07/S013_R06_T08/S013_R06_T09/S013_R06_T10/S013_R06_T11/S013_R06_T12/S013_R06_T13/S013_R06_T14/S013_R10_T00/S013_R10_T01/S013_R10_T02/S013_R10_T03/S013_R10_T04/S013_R10_T05/S013_R10_T06/S013_R10_T07/S013_R10_T08/S013_R10_T09/S013_R10_T10/S013_R10_T11/S013_R10_T12/S013_R10_T13/S013_R10_T14,30,False,not_applicable,not_applicable,not_applicable,False,False,False,False,False,False
13,13,source_csp_target_lda_source_scaler,6,10/14,1/2/3/4/5/6/7/8/9/10/11/12/14/15/16/17/18/19/20,S013_R06_T00/S013_R06_T01/S013_R06_T02/S013_R06_T03/S013_R06_T04/S013_R06_T05/S013_R06_T06/S013_R06_T07/S013_R06_T08/S013_R06_T09/S013_R06_T10/S013_R06_T11/S013_R06_T12/S013_R06_T13,14,7,7,S013_R10_T00/S013_R10_T01/S013_R10_T02/S013_R10_T03/S013_R10_T04/S013_R10_T05/S013_R10_T06/S013_R10_T07/S013_R10_T08/S013_R10_T09/S013_R10_T10/S013_R10_T11/S013_R10_T12/S013_R10_T13/S013_R10_T14/S013_R14_T00/S013_R14_T01/S013_R14_T02/S013_R14_T03/S013_R14_T04/S013_R14_T05/S013_R14_T06/S013_R14_T07/S013_R14_T08/S013_R14_T09/S013_R14_T10/S013_R14_T11/S013_R14_T12/S013_R14_T13/S013_R14_T14,30,False,not_applicable,not_applicable,S013_R06_T00/S013_R06_T01/S013_R06_T02/S013_R06_T03/S013_R06_T04/S013_R06_T05/S013_R06_T06/S013_R06_T07/S013_R06_T08/S013_R06_T09/S013_R06_T10/S013_R06_T11/S013_R06_T12/S013_R06_T13,False,False,False,False,False,False
13,13,source_csp_target_lda_source_scaler,10,6/14,1/2/3/4/5/6/7/8/9/10/11/12/14/15/16/17/18/19/20,S013_R10_T00/S013_R10_T01/S013_R10_T02/S013_R10_T03/S013_R10_T04/S013_R10_T05/S013_R10_T06/S013_R10_T07/S013_R10_T08/S013_R10_T09/S013_R10_T10/S013_R10_T11/S013_R10_T12/S013_R10_T13,14,7,7,S013_R06_T00/S013_R06_T01/S013_R06_T02/S013_R06_T03/S013_R06_T04/S013_R06_T05/S013_R06_T06/S013_R06_T07/S013_R06_T08/S013_R06_T09/S013_R06_T10/S013_R06_T11/S013_R06_T12/S013_R06_T13/S013_R06_T14/S013_R14_T00/S013_R14_T01/S013_R14_T02/S013_R14_T03/S013_R14_T04/S013_R14_T05/S013_R14_T06/S013_R14_T07/S013_R14_T08/S013_R14_T09/S013_R14_T10/S013_R14_T11/S013_R14_T12/S013_R14_T13/S013_R14_T14,30,False,not_applicable,not_applicable,S013_R10_T00/S013_R10_T01/S013_R10_T02/S013_R10_T03/S013_R10_T04/S013_R10_T05/S013_R10_T06/S013_R10_T07/S013_R10_T08/S013_R10_T09/S013_R10_T10/S013_R10_T11/S013_R10_T12/S013_R10_T13,False,False,False,False,False,False
13,13,source_csp_target_lda_source_scaler,14,6/10,1/2/3/4/5/6/7/8/9/10/11/12/14/15/16/17/18/19/20,S013_R14_T00/S013_R14_T01/S013_R14_T02/S013_R14_T03/S013_R14_T04/S013_R14_T05/S013_R14_T06/S013_R14_T07/S013_R14_T08/S013_R14_T09/S013_R14_T10/S013_R14_T11/S013_R14_T12/S013_R14_T13,14,7,7,S013_R06_T00/S013_R06_T01/S013_R06_T02/S013_R06_T03/S013_R06_T04/S013_R06_T05/S013_R06_T06/S013_R06_T07/S013_R06_T08/S013_R06_T09/S013_R06_T10/S013_R06_T11/S013_R06_T12/S013_R06_T13/S013_R06_T14/S013_R10_T00/S013_R10_T01/S013_R10_T02/S013_R10_T03/S013_R10_T04/S013_R10_T05/S013_R10_T06/S013_R10_T07/S013_R10_T08/S013_R10_T09/S013_R10_T10/S013_R10_T11/S013_R10_T12/S013_R10_T13/S013_R10_T14,30,False,not_applicable,not_applicable,S013_R14_T00/S013_R14_T01/S013_R14_T02/S013_R14_T03/S013_R14_T04/S013_R14_T05/S013_R14_T06/S013_R14_T07/S013_R14_T08/S013_R14_T09/S013_R14_T10/S013_R14_T11/S013_R14_T12/S013_R14_T13,False,False,False,False,False,False
13,13,source_csp_target_lda_target_scaler,6,10/14,1/2/3/4/5/6/7/8/9/10/11/12/14/15/16/17/18/19/20,S013_R06_T00/S013_R06_T01/S013_R06_T02/S013_R06_T03/S013_R06_T04/S013_R06_T05/S013_R06_T06/S013_R06_T07/S013_R06_T08/S013_R06_T09/S013_R06_T10/S013_R06_T11/S013_R06_T12/S013_R06_T13,14,7,7,S013_R10_T00/S013_R10_T01/S013_R10_T02/S013_R10_T03/S013_R10_T04/S013_R10_T05/S013_R10_T06/S013_R10_T07/S013_R10_T08/S013_R10_T09/S013_R10_T10/S013_R10_T11/S013_R10_T12/S013_R10_T13/S013_R10_T14/S013_R14_T00/S013_R14_T01/S013_R14_T02/S013_R14_T03/S013_R14_T04/S013_R14_T05/S013_R14_T06/S013_R14_T07/S013_R14_T08/S013_R14_T09/S013_R14_T10/S013_R14_T11/S013_R14_T12/S013_R14_T13/S013_R14_T14,30,False,not_applicable,S013_R06_T00/S013_R06_T01/S013_R06_T02/S013_R06_T03/S013_R06_T04/S013_R06_T05/S013_R06_T06/S013_R06_T07/S013_R06_T08/S013_R06_T09/S013_R06_T10/S013_R06_T11/S013_R06_T12/S013_R06_T13,S013_R06_T00/S013_R06_T01/S013_R06_T02/S013_R06_T03/S013_R06_T04/S013_R06_T05/S013_R06_T06/S013_R06_T07/S013_R06_T08/S013_R06_T09/S013_R06_T10/S013_R06_T11/S013_R06_T12/S013_R06_T13,False,False,False,False,False,False
13,13,source_csp_target_lda_target_scaler,10,6/14,1/2/3/4/5/6/7/8/9/10/11/12/14/15/16/17/18/19/20,S013_R10_T00/S013_R10_T01/S013_R10_T02/S013_R10_T03/S013_R10_T04/S013_R10_T05/S013_R10_T06/S013_R10_T07/S013_R10_T08/S013_R10_T09/S013_R10_T10/S013_R10_T11/S013_R10_T12/S013_R10_T13,14,7,7,S013_R06_T00/S013_R06_T01/S013_R06_T02/S013_R06_T03/S013_R06_T04/S013_R06_T05/S013_R06_T06/S013_R06_T07/S013_R06_T08/S013_R06_T09/S013_R06_T10/S013_R06_T11/S013_R06_T12/S013_R06_T13/S013_R06_T14/S013_R14_T00/S013_R14_T01/S013_R14_T02/S013_R14_T03/S013_R14_T04/S013_R14_T05/S013_R14_T06/S013_R14_T07/S013_R14_T08/S013_R14_T09/S013_R14_T10/S013_R14_T11/S013_R14_T12/S013_R14_T13/S013_R14_T14,30,False,not_applicable,S013_R10_T00/S013_R10_T01/S013_R10_T02/S013_R10_T03/S013_R10_T04/S013_R10_T05/S013_R10_T06/S013_R10_T07/S013_R10_T08/S013_R10_T09/S013_R10_T10/S013_R10_T11/S013_R10_T12/S013_R10_T13,S013_R10_T00/S013_R10_T01/S013_R10_T02/S013_R10_T03/S013_R10_T04/S013_R10_T05/S013_R10_T06/S013_R10_T07/S013_R10_T08/S013_R10_T09/S013_R10_T10/S013_R10_T11/S013_R10_T12/S013_R10_T13,False,False,False,False,False,False
13,13,source_csp_target_lda_target_scaler,14,6/10,1/2/3/4/5/6/7/8/9/10/11/12/14/15/16/17/18/19/20,S013_R14_T00/S013_R14_T01/S013_R14_T02/S013_R14_T03/S013_R14_T04/S013_R14_T05/S013_R14_T06/S013_R14_T07/S013_R14_T08/S013_R14_T09/S013_R14_T10/S013_R14_T11/S013_R14_T12/S013_R14_T13,14,7,7,S013_R06_T00/S013_R06_T01/S013_R06_T02/S013_R06_T03/S013_R06_T04/S013_R06_T05/S013_R06_T06/S013_R06_T07/S013_R06_T08/S013_R06_T09/S013_R06_T10/S013_R06_T11/S013_R06_T12/S013_R06_T13/S013_R06_T14/S013_R10_T00/S013_R10_T01/S013_R10_T02/S013_R10_T03/S013_R10_T04/S013_R10_T05/S013_R10_T06/S013_R10_T07/S013_R10_T08/S013_R10_T09/S013_R10_T10/S013_R10_T11/S013_R10_T12/S013_R10_T13/S013_R10_T14,30,False,not_applicable,S013_R14_T00/S013_R14_T01/S013_R14_T02/S013_R14_T03/S013_R14_T04/S013_R14_T05/S013_R14_T06/S013_R14_T07/S013_R14_T08/S013_R14_T09/S013_R14_T10/S013_R14_T11/S013_R14_T12/S013_R14_T13,S013_R14_T00/S013_R14_T01/S013_R14_T02/S013_R14_T03/S013_R14_T04/S013_R14_T05/S013_R14_T06/S013_R14_T07/S013_R14_T08/S013_R14_T09/S013_R14_T10/S013_R14_T11/S013_R14_T12/S013_R14_T13,False,False,False,False,False,False
13,13,target_csp_empirical,6,10/14,1/2/3/4/5/6/7/8/9/10/11/12/14/15/16/17/18/19/20,S013_R06_T00/S013_R06_T01/S013_R06_T02/S013_R06_T03/S013_R06_T04/S013_R06_T05/S013_R06_T06/S013_R06_T07/S013_R06_T08/S013_R06_T09/S013_R06_T10/S013_R06_T11/S013_R06_T12/S013_R06_T13,14,7,7,S013_R10_T00/S013_R10_T01/S013_R10_T02/S013_R10_T03/S013_R10_T04/S013_R10_T05/S013_R10_T06/S013_R10_T07/S013_R10_T08/S013_R10_T09/S013_R10_T10/S013_R10_T11/S013_R10_T12/S013_R10_T13/S013_R10_T14/S013_R14_T00/S013_R14_T01/S013_R14_T02/S013_R14_T03/S013_R14_T04/S013_R14_T05/S013_R14_T06/S013_R14_T07/S013_R14_T08/S013_R14_T09/S013_R14_T10/S013_R14_T11/S013_R14_T12/S013_R14_T13/S013_R14_T14,30,False,S013_R06_T00/S013_R06_T01/S013_R06_T02/S013_R06_T03/S013_R06_T04/S013_R06_T05/S013_R06_T06/S013_R06_T07/S013_R06_T08/S013_R06_T09/S013_R06_T10/S013_R06_T11/S013_R06_T12/S013_R06_T13,S013_R06_T00/S013_R06_T01/S013_R06_T02/S013_R06_T03/S013_R06_T04/S013_R06_T05/S013_R06_T06/S013_R06_T07/S013_R06_T08/S013_R06_T09/S013_R06_T10/S013_R06_T11/S013_R06_T12/S013_R06_T13,S013_R06_T00/S013_R06_T01/S013_R06_T02/S013_R06_T03/S013_R06_T04/S013_R06_T05/S013_R06_T06/S013_R06_T07/S013_R06_T08/S013_R06_T09/S013_R06_T10/S013_R06_T11/S013_R06_T12/S013_R06_T13,False,False,False,False,False,False
13,13,target_csp_empirical,10,6/14,1/2/3/4/5/6/7/8/9/10/11/12/14/15/16/17/18/19/20,S013_R10_T00/S013_R10_T01/S013_R10_T02/S013_R10_T03/S013_R10_T04/S013_R10_T05/S013_R10_T06/S013_R10_T07/S013_R10_T08/S013_R10_T09/S013_R10_T10/S013_R10_T11/S013_R10_T12/S013_R10_T13,14,7,7,S013_R06_T00/S013_R06_T01/S013_R06_T02/S013_R06_T03/S013_R06_T04/S013_R06_T05/S013_R06_T06/S013_R06_T07/S013_R06_T08/S013_R06_T09/S013_R06_T10/S013_R06_T11/S013_R06_T12/S013_R06_T13/S013_R06_T14/S013_R14_T00/S013_R14_T01/S013_R14_T02/S013_R14_T03/S013_R14_T04/S013_R14_T05/S013_R14_T06/S013_R14_T07/S013_R14_T08/S013_R14_T09/S013_R14_T10/S013_R14_T11/S013_R14_T12/S013_R14_T13/S013_R14_T14,30,False,S013_R10_T00/S013_R10_T01/S013_R10_T02/S013_R10_T03/S013_R10_T04/S013_R10_T05/S013_R10_T06/S013_R10_T07/S013_R10_T08/S013_R10_T09/S013_R10_T10/S013_R10_T11/S013_R10_T12/S013_R10_T13,S013_R10_T00/S013_R10_T01/S013_R10_T02/S013_R10_T03/S013_R10_T04/S013_R10_T05/S013_R10_T06/S013_R10_T07/S013_R10_T08/S013_R10_T09/S013_R10_T10/S013_R10_T11/S013_R10_T12/S013_R10_T13,S013_R10_T00/S013_R10_T01/S013_R10_T02/S013_R10_T03/S013_R10_T04/S013_R10_T05/S013_R10_T06/S013_R10_T07/S013_R10_T08/S013_R10_T09/S013_R10_T10/S013_R10_T11/S013_R10_T12/S013_R10_T13,False,False,False,False,False,False
13,13,target_csp_empirical,14,6/10,1/2/3/4/5/6/7/8/9/10/11/12/14/15/16/17/18/19/20,S013_R14_T00/S013_R14_T01/S013_R14_T02/S013_R14_T03/S013_R14_T04/S013_R14_T05/S013_R14_T06/S013_R14_T07/S013_R14_T08/S013_R14_T09/S013_R14_T10/S013_R14_T11/S013_R14_T12/S013_R14_T13,14,7,7,S013_R06_T00/S013_R06_T01/S013_R06_T02/S013_R06_T03/S013_R06_T04/S013_R06_T05/S013_R06_T06/S013_R06_T07/S013_R06_T08/S013_R06_T09/S013_R06_T10/S013_R06_T11/S013_R06_T12/S013_R06_T13/S013_R06_T14/S013_R10_T00/S013_R10_T01/S013_R10_T02/S013_R10_T03/S013_R10_T04/S013_R10_T05/S013_R10_T06/S013_R10_T07/S013_R10_T08/S013_R10_T09/S013_R10_T10/S013_R10_T11/S013_R10_T12/S013_R10_T13/S013_R10_T14,30,False,S013_R14_T00/S013_R14_T01/S013_R14_T02/S013_R14_T03/S013_R14_T04/S013_R14_T05/S013_R14_T06/S013_R14_T07/S013_R14_T08/S013_R14_T09/S013_R14_T10/S013_R14_T11/S013_R14_T12/S013_R14_T13,S013_R14_T00/S013_R14_T01/S013_R14_T02/S013_R14_T03/S013_R14_T04/S013_R14_T05/S013_R14_T06/S013_R14_T07/S013_R14_T08/S013_R14_T09/S013_R14_T10/S013_R14_T11/S013_R14_T12/S013_R14_T13,S013_R14_T00/S013_R14_T01/S013_R14_T02/S013_R14_T03/S013_R14_T04/S013_R14_T05/S013_R14_T06/S013_R14_T07/S013_R14_T08/S013_R14_T09/S013_R14_T10/S013_R14_T11/S013_R14_T12/S013_R14_T13,False,False,False,False,False,False
13,13,target_csp_ledoit_wolf,6,10/14,1/2/3/4/5/6/7/8/9/10/11/12/14/15/16/17/18/19/20,S013_R06_T00/S013_R06_T01/S013_R06_T02/S013_R06_T03/S013_R06_T04/S013_R06_T05/S013_R06_T06/S013_R06_T07/S013_R06_T08/S013_R06_T09/S013_R06_T10/S013_R06_T11/S013_R06_T12/S013_R06_T13,14,7,7,S013_R10_T00/S013_R10_T01/S013_R10_T02/S013_R10_T03/S013_R10_T04/S013_R10_T05/S013_R10_T06/S013_R10_T07/S013_R10_T08/S013_R10_T09/S013_R10_T10/S013_R10_T11/S013_R10_T12/S013_R10_T13/S013_R10_T14/S013_R14_T00/S013_R14_T01/S013_R14_T02/S013_R14_T03/S013_R14_T04/S013_R14_T05/S013_R14_T06/S013_R14_T07/S013_R14_T08/S013_R14_T09/S013_R14_T10/S013_R14_T11/S013_R14_T12/S013_R14_T13/S013_R14_T14,30,False,S013_R06_T00/S013_R06_T01/S013_R06_T02/S013_R06_T03/S013_R06_T04/S013_R06_T05/S013_R06_T06/S013_R06_T07/S013_R06_T08/S013_R06_T09/S013_R06_T10/S013_R06_T11/S013_R06_T12/S013_R06_T13,S013_R06_T00/S013_R06_T01/S013_R06_T02/S013_R06_T03/S013_R06_T04/S013_R06_T05/S013_R06_T06/S013_R06_T07/S013_R06_T08/S013_R06_T09/S013_R06_T10/S013_R06_T11/S013_R06_T12/S013_R06_T13,S013_R06_T00/S013_R06_T01/S013_R06_T02/S013_R06_T03/S013_R06_T04/S013_R06_T05/S013_R06_T06/S013_R06_T07/S013_R06_T08/S013_R06_T09/S013_R06_T10/S013_R06_T11/S013_R06_T12/S013_R06_T13,False,False,False,False,False,False
13,13,target_csp_ledoit_wolf,10,6/14,1/2/3/4/5/6/7/8/9/10/11/12/14/15/16/17/18/19/20,S013_R10_T00/S013_R10_T01/S013_R10_T02/S013_R10_T03/S013_R10_T04/S013_R10_T05/S013_R10_T06/S013_R10_T07/S013_R10_T08/S013_R10_T09/S013_R10_T10/S013_R10_T11/S013_R10_T12/S013_R10_T13,14,7,7,S013_R06_T00/S013_R06_T01/S013_R06_T02/S013_R06_T03/S013_R06_T04/S013_R06_T05/S013_R06_T06/S013_R06_T07/S013_R06_T08/S013_R06_T09/S013_R06_T10/S013_R06_T11/S013_R06_T12/S013_R06_T13/S013_R06_T14/S013_R14_T00/S013_R14_T01/S013_R14_T02/S013_R14_T03/S013_R14_T04/S013_R14_T05/S013_R14_T06/S013_R14_T07/S013_R14_T08/S013_R14_T09/S013_R14_T10/S013_R14_T11/S013_R14_T12/S013_R14_T13/S013_R14_T14,30,False,S013_R10_T00/S013_R10_T01/S013_R10_T02/S013_R10_T03/S013_R10_T04/S013_R10_T05/S013_R10_T06/S013_R10_T07/S013_R10_T08/S013_R10_T09/S013_R10_T10/S013_R10_T11/S013_R10_T12/S013_R10_T13,S013_R10_T00/S013_R10_T01/S013_R10_T02/S013_R10_T03/S013_R10_T04/S013_R10_T05/S013_R10_T06/S013_R10_T07/S013_R10_T08/S013_R10_T09/S013_R10_T10/S013_R10_T11/S013_R10_T12/S013_R10_T13,S013_R10_T00/S013_R10_T01/S013_R10_T02/S013_R10_T03/S013_R10_T04/S013_R10_T05/S013_R10_T06/S013_R10_T07/S013_R10_T08/S013_R10_T09/S013_R10_T10/S013_R10_T11/S013_R10_T12/S013_R10_T13,False,False,False,False,False,False
13,13,target_csp_ledoit_wolf,14,6/10,1/2/3/4/5/6/7/8/9/10/11/12/14/15/16/17/18/19/20,S013_R14_T00/S013_R14_T01/S013_R14_T02/S013_R14_T03/S013_R14_T04/S013_R14_T05/S013_R14_T06/S013_R14_T07/S013_R14_T08/S013_R14_T09/S013_R14_T10/S013_R14_T11/S013_R14_T12/S013_R14_T13,14,7,7,S013_R06_T00/S013_R06_T01/S013_R06_T02/S013_R06_T03/S013_R06_T04/S013_R06_T05/S013_R06_T06/S013_R06_T07/S013_R06_T08/S013_R06_T09/S013_R06_T10/S013_R06_T11/S013_R06_T12/S013_R06_T13/S013_R06_T14/S013_R10_T00/S013_R10_T01/S013_R10_T02/S013_R10_T03/S013_R10_T04/S013_R10_T05/S013_R10_T06/S013_R10_T07/S013_R10_T08/S013_R10_T09/S013_R10_T10/S013_R10_T11/S013_R10_T12/S013_R10_T13/S013_R10_T14,30,False,S013_R14_T00/S013_R14_T01/S013_R14_T02/S013_R14_T03/S013_R14_T04/S013_R14_T05/S013_R14_T06/S013_R14_T07/S013_R14_T08/S013_R14_T09/S013_R14_T10/S013_R14_T11/S013_R14_T12/S013_R14_T13,S013_R14_T00/S013_R14_T01/S013_R14_T02/S013_R14_T03/S013_R14_T04/S013_R14_T05/S013_R14_T06/S013_R14_T07/S013_R14_T08/S013_R14_T09/S013_R14_T10/S013_R14_T11/S013_R14_T12/S013_R14_T13,S013_R14_T00/S013_R14_T01/S013_R14_T02/S013_R14_T03/S013_R14_T04/S013_R14_T05/S013_R14_T06/S013_R14_T07/S013_R14_T08/S013_R14_T09/S013_R14_T10/S013_R14_T11/S013_R14_T12/S013_R14_T13,False,False,False,False,False,False
14,14,source_zero_shot,6,10/14,1/2/3/4/5/6/7/8/9/10/11/12/13/15/16/17/18/19/20,S014_R06_T00/S014_R06_T01/S014_R06_T02/S014_R06_T03/S014_R06_T04/S014_R06_T05/S014_R06_T06/S014_R06_T07/S014_R06_T08/S014_R06_T09/S014_R06_T10/S014_R06_T11/S014_R06_T12/S014_R06_T13,14,7,7,S014_R10_T00/S014_R10_T01/S014_R10_T02/S014_R10_T03/S014_R10_T04/S014_R10_T05/S014_R10_T06/S014_R10_T07/S014_R10_T08/S014_R10_T09/S014_R10_T10/S014_R10_T11/S014_R10_T12/S014_R10_T13/S014_R10_T14/S014_R14_T00/S014_R14_T01/S014_R14_T02/S014_R14_T03/S014_R14_T04/S014_R14_T05/S014_R14_T06/S014_R14_T07/S014_R14_T08/S014_R14_T09/S014_R14_T10/S014_R14_T11/S014_R14_T12/S014_R14_T13/S014_R14_T14,30,False,not_applicable,not_applicable,not_applicable,False,False,False,False,False,False
14,14,source_zero_shot,10,6/14,1/2/3/4/5/6/7/8/9/10/11/12/13/15/16/17/18/19/20,S014_R10_T00/S014_R10_T01/S014_R10_T02/S014_R10_T03/S014_R10_T04/S014_R10_T05/S014_R10_T06/S014_R10_T07/S014_R10_T08/S014_R10_T09/S014_R10_T10/S014_R10_T11/S014_R10_T12/S014_R10_T13,14,7,7,S014_R06_T00/S014_R06_T01/S014_R06_T02/S014_R06_T03/S014_R06_T04/S014_R06_T05/S014_R06_T06/S014_R06_T07/S014_R06_T08/S014_R06_T09/S014_R06_T10/S014_R06_T11/S014_R06_T12/S014_R06_T13/S014_R06_T14/S014_R14_T00/S014_R14_T01/S014_R14_T02/S014_R14_T03/S014_R14_T04/S014_R14_T05/S014_R14_T06/S014_R14_T07/S014_R14_T08/S014_R14_T09/S014_R14_T10/S014_R14_T11/S014_R14_T12/S014_R14_T13/S014_R14_T14,30,False,not_applicable,not_applicable,not_applicable,False,False,False,False,False,False
14,14,source_zero_shot,14,6/10,1/2/3/4/5/6/7/8/9/10/11/12/13/15/16/17/18/19/20,S014_R14_T00/S014_R14_T01/S014_R14_T02/S014_R14_T03/S014_R14_T04/S014_R14_T05/S014_R14_T06/S014_R14_T07/S014_R14_T08/S014_R14_T09/S014_R14_T10/S014_R14_T11/S014_R14_T12/S014_R14_T13,14,7,7,S014_R06_T00/S014_R06_T01/S014_R06_T02/S014_R06_T03/S014_R06_T04/S014_R06_T05/S014_R06_T06/S014_R06_T07/S014_R06_T08/S014_R06_T09/S014_R06_T10/S014_R06_T11/S014_R06_T12/S014_R06_T13/S014_R06_T14/S014_R10_T00/S014_R10_T01/S014_R10_T02/S014_R10_T03/S014_R10_T04/S014_R10_T05/S014_R10_T06/S014_R10_T07/S014_R10_T08/S014_R10_T09/S014_R10_T10/S014_R10_T11/S014_R10_T12/S014_R10_T13/S014_R10_T14,30,False,not_applicable,not_applicable,not_applicable,False,False,False,False,False,False
14,14,source_csp_target_lda_source_scaler,6,10/14,1/2/3/4/5/6/7/8/9/10/11/12/13/15/16/17/18/19/20,S014_R06_T00/S014_R06_T01/S014_R06_T02/S014_R06_T03/S014_R06_T04/S014_R06_T05/S014_R06_T06/S014_R06_T07/S014_R06_T08/S014_R06_T09/S014_R06_T10/S014_R06_T11/S014_R06_T12/S014_R06_T13,14,7,7,S014_R10_T00/S014_R10_T01/S014_R10_T02/S014_R10_T03/S014_R10_T04/S014_R10_T05/S014_R10_T06/S014_R10_T07/S014_R10_T08/S014_R10_T09/S014_R10_T10/S014_R10_T11/S014_R10_T12/S014_R10_T13/S014_R10_T14/S014_R14_T00/S014_R14_T01/S014_R14_T02/S014_R14_T03/S014_R14_T04/S014_R14_T05/S014_R14_T06/S014_R14_T07/S014_R14_T08/S014_R14_T09/S014_R14_T10/S014_R14_T11/S014_R14_T12/S014_R14_T13/S014_R14_T14,30,False,not_applicable,not_applicable,S014_R06_T00/S014_R06_T01/S014_R06_T02/S014_R06_T03/S014_R06_T04/S014_R06_T05/S014_R06_T06/S014_R06_T07/S014_R06_T08/S014_R06_T09/S014_R06_T10/S014_R06_T11/S014_R06_T12/S014_R06_T13,False,False,False,False,False,False
14,14,source_csp_target_lda_source_scaler,10,6/14,1/2/3/4/5/6/7/8/9/10/11/12/13/15/16/17/18/19/20,S014_R10_T00/S014_R10_T01/S014_R10_T02/S014_R10_T03/S014_R10_T04/S014_R10_T05/S014_R10_T06/S014_R10_T07/S014_R10_T08/S014_R10_T09/S014_R10_T10/S014_R10_T11/S014_R10_T12/S014_R10_T13,14,7,7,S014_R06_T00/S014_R06_T01/S014_R06_T02/S014_R06_T03/S014_R06_T04/S014_R06_T05/S014_R06_T06/S014_R06_T07/S014_R06_T08/S014_R06_T09/S014_R06_T10/S014_R06_T11/S014_R06_T12/S014_R06_T13/S014_R06_T14/S014_R14_T00/S014_R14_T01/S014_R14_T02/S014_R14_T03/S014_R14_T04/S014_R14_T05/S014_R14_T06/S014_R14_T07/S014_R14_T08/S014_R14_T09/S014_R14_T10/S014_R14_T11/S014_R14_T12/S014_R14_T13/S014_R14_T14,30,False,not_applicable,not_applicable,S014_R10_T00/S014_R10_T01/S014_R10_T02/S014_R10_T03/S014_R10_T04/S014_R10_T05/S014_R10_T06/S014_R10_T07/S014_R10_T08/S014_R10_T09/S014_R10_T10/S014_R10_T11/S014_R10_T12/S014_R10_T13,False,False,False,False,False,False
14,14,source_csp_target_lda_source_scaler,14,6/10,1/2/3/4/5/6/7/8/9/10/11/12/13/15/16/17/18/19/20,S014_R14_T00/S014_R14_T01/S014_R14_T02/S014_R14_T03/S014_R14_T04/S014_R14_T05/S014_R14_T06/S014_R14_T07/S014_R14_T08/S014_R14_T09/S014_R14_T10/S014_R14_T11/S014_R14_T12/S014_R14_T13,14,7,7,S014_R06_T00/S014_R06_T01/S014_R06_T02/S014_R06_T03/S014_R06_T04/S014_R06_T05/S014_R06_T06/S014_R06_T07/S014_R06_T08/S014_R06_T09/S014_R06_T10/S014_R06_T11/S014_R06_T12/S014_R06_T13/S014_R06_T14/S014_R10_T00/S014_R10_T01/S014_R10_T02/S014_R10_T03/S014_R10_T04/S014_R10_T05/S014_R10_T06/S014_R10_T07/S014_R10_T08/S014_R10_T09/S014_R10_T10/S014_R10_T11/S014_R10_T12/S014_R10_T13/S014_R10_T14,30,False,not_applicable,not_applicable,S014_R14_T00/S014_R14_T01/S014_R14_T02/S014_R14_T03/S014_R14_T04/S014_R14_T05/S014_R14_T06/S014_R14_T07/S014_R14_T08/S014_R14_T09/S014_R14_T10/S014_R14_T11/S014_R14_T12/S014_R14_T13,False,False,False,False,False,False
14,14,source_csp_target_lda_target_scaler,6,10/14,1/2/3/4/5/6/7/8/9/10/11/12/13/15/16/17/18/19/20,S014_R06_T00/S014_R06_T01/S014_R06_T02/S014_R06_T03/S014_R06_T04/S014_R06_T05/S014_R06_T06/S014_R06_T07/S014_R06_T08/S014_R06_T09/S014_R06_T10/S014_R06_T11/S014_R06_T12/S014_R06_T13,14,7,7,S014_R10_T00/S014_R10_T01/S014_R10_T02/S014_R10_T03/S014_R10_T04/S014_R10_T05/S014_R10_T06/S014_R10_T07/S014_R10_T08/S014_R10_T09/S014_R10_T10/S014_R10_T11/S014_R10_T12/S014_R10_T13/S014_R10_T14/S014_R14_T00/S014_R14_T01/S014_R14_T02/S014_R14_T03/S014_R14_T04/S014_R14_T05/S014_R14_T06/S014_R14_T07/S014_R14_T08/S014_R14_T09/S014_R14_T10/S014_R14_T11/S014_R14_T12/S014_R14_T13/S014_R14_T14,30,False,not_applicable,S014_R06_T00/S014_R06_T01/S014_R06_T02/S014_R06_T03/S014_R06_T04/S014_R06_T05/S014_R06_T06/S014_R06_T07/S014_R06_T08/S014_R06_T09/S014_R06_T10/S014_R06_T11/S014_R06_T12/S014_R06_T13,S014_R06_T00/S014_R06_T01/S014_R06_T02/S014_R06_T03/S014_R06_T04/S014_R06_T05/S014_R06_T06/S014_R06_T07/S014_R06_T08/S014_R06_T09/S014_R06_T10/S014_R06_T11/S014_R06_T12/S014_R06_T13,False,False,False,False,False,False
14,14,source_csp_target_lda_target_scaler,10,6/14,1/2/3/4/5/6/7/8/9/10/11/12/13/15/16/17/18/19/20,S014_R10_T00/S014_R10_T01/S014_R10_T02/S014_R10_T03/S014_R10_T04/S014_R10_T05/S014_R10_T06/S014_R10_T07/S014_R10_T08/S014_R10_T09/S014_R10_T10/S014_R10_T11/S014_R10_T12/S014_R10_T13,14,7,7,S014_R06_T00/S014_R06_T01/S014_R06_T02/S014_R06_T03/S014_R06_T04/S014_R06_T05/S014_R06_T06/S014_R06_T07/S014_R06_T08/S014_R06_T09/S014_R06_T10/S014_R06_T11/S014_R06_T12/S014_R06_T13/S014_R06_T14/S014_R14_T00/S014_R14_T01/S014_R14_T02/S014_R14_T03/S014_R14_T04/S014_R14_T05/S014_R14_T06/S014_R14_T07/S014_R14_T08/S014_R14_T09/S014_R14_T10/S014_R14_T11/S014_R14_T12/S014_R14_T13/S014_R14_T14,30,False,not_applicable,S014_R10_T00/S014_R10_T01/S014_R10_T02/S014_R10_T03/S014_R10_T04/S014_R10_T05/S014_R10_T06/S014_R10_T07/S014_R10_T08/S014_R10_T09/S014_R10_T10/S014_R10_T11/S014_R10_T12/S014_R10_T13,S014_R10_T00/S014_R10_T01/S014_R10_T02/S014_R10_T03/S014_R10_T04/S014_R10_T05/S014_R10_T06/S014_R10_T07/S014_R10_T08/S014_R10_T09/S014_R10_T10/S014_R10_T11/S014_R10_T12/S014_R10_T13,False,False,False,False,False,False
14,14,source_csp_target_lda_target_scaler,14,6/10,1/2/3/4/5/6/7/8/9/10/11/12/13/15/16/17/18/19/20,S014_R14_T00/S014_R14_T01/S014_R14_T02/S014_R14_T03/S014_R14_T04/S014_R14_T05/S014_R14_T06/S014_R14_T07/S014_R14_T08/S014_R14_T09/S014_R14_T10/S014_R14_T11/S014_R14_T12/S014_R14_T13,14,7,7,S014_R06_T00/S014_R06_T01/S014_R06_T02/S014_R06_T03/S014_R06_T04/S014_R06_T05/S014_R06_T06/S014_R06_T07/S014_R06_T08/S014_R06_T09/S014_R06_T10/S014_R06_T11/S014_R06_T12/S014_R06_T13/S014_R06_T14/S014_R10_T00/S014_R10_T01/S014_R10_T02/S014_R10_T03/S014_R10_T04/S014_R10_T05/S014_R10_T06/S014_R10_T07/S014_R10_T08/S014_R10_T09/S014_R10_T10/S014_R10_T11/S014_R10_T12/S014_R10_T13/S014_R10_T14,30,False,not_applicable,S014_R14_T00/S014_R14_T01/S014_R14_T02/S014_R14_T03/S014_R14_T04/S014_R14_T05/S014_R14_T06/S014_R14_T07/S014_R14_T08/S014_R14_T09/S014_R14_T10/S014_R14_T11/S014_R14_T12/S014_R14_T13,S014_R14_T00/S014_R14_T01/S014_R14_T02/S014_R14_T03/S014_R14_T04/S014_R14_T05/S014_R14_T06/S014_R14_T07/S014_R14_T08/S014_R14_T09/S014_R14_T10/S014_R14_T11/S014_R14_T12/S014_R14_T13,False,False,False,False,False,False
14,14,target_csp_empirical,6,10/14,1/2/3/4/5/6/7/8/9/10/11/12/13/15/16/17/18/19/20,S014_R06_T00/S014_R06_T01/S014_R06_T02/S014_R06_T03/S014_R06_T04/S014_R06_T05/S014_R06_T06/S014_R06_T07/S014_R06_T08/S014_R06_T09/S014_R06_T10/S014_R06_T11/S014_R06_T12/S014_R06_T13,14,7,7,S014_R10_T00/S014_R10_T01/S014_R10_T02/S014_R10_T03/S014_R10_T04/S014_R10_T05/S014_R10_T06/S014_R10_T07/S014_R10_T08/S014_R10_T09/S014_R10_T10/S014_R10_T11/S014_R10_T12/S014_R10_T13/S014_R10_T14/S014_R14_T00/S014_R14_T01/S014_R14_T02/S014_R14_T03/S014_R14_T04/S014_R14_T05/S014_R14_T06/S014_R14_T07/S014_R14_T08/S014_R14_T09/S014_R14_T10/S014_R14_T11/S014_R14_T12/S014_R14_T13/S014_R14_T14,30,False,S014_R06_T00/S014_R06_T01/S014_R06_T02/S014_R06_T03/S014_R06_T04/S014_R06_T05/S014_R06_T06/S014_R06_T07/S014_R06_T08/S014_R06_T09/S014_R06_T10/S014_R06_T11/S014_R06_T12/S014_R06_T13,S014_R06_T00/S014_R06_T01/S014_R06_T02/S014_R06_T03/S014_R06_T04/S014_R06_T05/S014_R06_T06/S014_R06_T07/S014_R06_T08/S014_R06_T09/S014_R06_T10/S014_R06_T11/S014_R06_T12/S014_R06_T13,S014_R06_T00/S014_R06_T01/S014_R06_T02/S014_R06_T03/S014_R06_T04/S014_R06_T05/S014_R06_T06/S014_R06_T07/S014_R06_T08/S014_R06_T09/S014_R06_T10/S014_R06_T11/S014_R06_T12/S014_R06_T13,False,False,False,False,False,False
14,14,target_csp_empirical,10,6/14,1/2/3/4/5/6/7/8/9/10/11/12/13/15/16/17/18/19/20,S014_R10_T00/S014_R10_T01/S014_R10_T02/S014_R10_T03/S014_R10_T04/S014_R10_T05/S014_R10_T06/S014_R10_T07/S014_R10_T08/S014_R10_T09/S014_R10_T10/S014_R10_T11/S014_R10_T12/S014_R10_T13,14,7,7,S014_R06_T00/S014_R06_T01/S014_R06_T02/S014_R06_T03/S014_R06_T04/S014_R06_T05/S014_R06_T06/S014_R06_T07/S014_R06_T08/S014_R06_T09/S014_R06_T10/S014_R06_T11/S014_R06_T12/S014_R06_T13/S014_R06_T14/S014_R14_T00/S014_R14_T01/S014_R14_T02/S014_R14_T03/S014_R14_T04/S014_R14_T05/S014_R14_T06/S014_R14_T07/S014_R14_T08/S014_R14_T09/S014_R14_T10/S014_R14_T11/S014_R14_T12/S014_R14_T13/S014_R14_T14,30,False,S014_R10_T00/S014_R10_T01/S014_R10_T02/S014_R10_T03/S014_R10_T04/S014_R10_T05/S014_R10_T06/S014_R10_T07/S014_R10_T08/S014_R10_T09/S014_R10_T10/S014_R10_T11/S014_R10_T12/S014_R10_T13,S014_R10_T00/S014_R10_T01/S014_R10_T02/S014_R10_T03/S014_R10_T04/S014_R10_T05/S014_R10_T06/S014_R10_T07/S014_R10_T08/S014_R10_T09/S014_R10_T10/S014_R10_T11/S014_R10_T12/S014_R10_T13,S014_R10_T00/S014_R10_T01/S014_R10_T02/S014_R10_T03/S014_R10_T04/S014_R10_T05/S014_R10_T06/S014_R10_T07/S014_R10_T08/S014_R10_T09/S014_R10_T10/S014_R10_T11/S014_R10_T12/S014_R10_T13,False,False,False,False,False,False
14,14,target_csp_empirical,14,6/10,1/2/3/4/5/6/7/8/9/10/11/12/13/15/16/17/18/19/20,S014_R14_T00/S014_R14_T01/S014_R14_T02/S014_R14_T03/S014_R14_T04/S014_R14_T05/S014_R14_T06/S014_R14_T07/S014_R14_T08/S014_R14_T09/S014_R14_T10/S014_R14_T11/S014_R14_T12/S014_R14_T13,14,7,7,S014_R06_T00/S014_R06_T01/S014_R06_T02/S014_R06_T03/S014_R06_T04/S014_R06_T05/S014_R06_T06/S014_R06_T07/S014_R06_T08/S014_R06_T09/S014_R06_T10/S014_R06_T11/S014_R06_T12/S014_R06_T13/S014_R06_T14/S014_R10_T00/S014_R10_T01/S014_R10_T02/S014_R10_T03/S014_R10_T04/S014_R10_T05/S014_R10_T06/S014_R10_T07/S014_R10_T08/S014_R10_T09/S014_R10_T10/S014_R10_T11/S014_R10_T12/S014_R10_T13/S014_R10_T14,30,False,S014_R14_T00/S014_R14_T01/S014_R14_T02/S014_R14_T03/S014_R14_T04/S014_R14_T05/S014_R14_T06/S014_R14_T07/S014_R14_T08/S014_R14_T09/S014_R14_T10/S014_R14_T11/S014_R14_T12/S014_R14_T13,S014_R14_T00/S014_R14_T01/S014_R14_T02/S014_R14_T03/S014_R14_T04/S014_R14_T05/S014_R14_T06/S014_R14_T07/S014_R14_T08/S014_R14_T09/S014_R14_T10/S014_R14_T11/S014_R14_T12/S014_R14_T13,S014_R14_T00/S014_R14_T01/S014_R14_T02/S014_R14_T03/S014_R14_T04/S014_R14_T05/S014_R14_T06/S014_R14_T07/S014_R14_T08/S014_R14_T09/S014_R14_T10/S014_R14_T11/S014_R14_T12/S014_R14_T13,False,False,False,False,False,False
14,14,target_csp_ledoit_wolf,6,10/14,1/2/3/4/5/6/7/8/9/10/11/12/13/15/16/17/18/19/20,S014_R06_T00/S014_R06_T01/S014_R06_T02/S014_R06_T03/S014_R06_T04/S014_R06_T05/S014_R06_T06/S014_R06_T07/S014_R06_T08/S014_R06_T09/S014_R06_T10/S014_R06_T11/S014_R06_T12/S014_R06_T13,14,7,7,S014_R10_T00/S014_R10_T01/S014_R10_T02/S014_R10_T03/S014_R10_T04/S014_R10_T05/S014_R10_T06/S014_R10_T07/S014_R10_T08/S014_R10_T09/S014_R10_T10/S014_R10_T11/S014_R10_T12/S014_R10_T13/S014_R10_T14/S014_R14_T00/S014_R14_T01/S014_R14_T02/S014_R14_T03/S014_R14_T04/S014_R14_T05/S014_R14_T06/S014_R14_T07/S014_R14_T08/S014_R14_T09/S014_R14_T10/S014_R14_T11/S014_R14_T12/S014_R14_T13/S014_R14_T14,30,False,S014_R06_T00/S014_R06_T01/S014_R06_T02/S014_R06_T03/S014_R06_T04/S014_R06_T05/S014_R06_T06/S014_R06_T07/S014_R06_T08/S014_R06_T09/S014_R06_T10/S014_R06_T11/S014_R06_T12/S014_R06_T13,S014_R06_T00/S014_R06_T01/S014_R06_T02/S014_R06_T03/S014_R06_T04/S014_R06_T05/S014_R06_T06/S014_R06_T07/S014_R06_T08/S014_R06_T09/S014_R06_T10/S014_R06_T11/S014_R06_T12/S014_R06_T13,S014_R06_T00/S014_R06_T01/S014_R06_T02/S014_R06_T03/S014_R06_T04/S014_R06_T05/S014_R06_T06/S014_R06_T07/S014_R06_T08/S014_R06_T09/S014_R06_T10/S014_R06_T11/S014_R06_T12/S014_R06_T13,False,False,False,False,False,False
14,14,target_csp_ledoit_wolf,10,6/14,1/2/3/4/5/6/7/8/9/10/11/12/13/15/16/17/18/19/20,S014_R10_T00/S014_R10_T01/S014_R10_T02/S014_R10_T03/S014_R10_T04/S014_R10_T05/S014_R10_T06/S014_R10_T07/S014_R10_T08/S014_R10_T09/S014_R10_T10/S014_R10_T11/S014_R10_T12/S014_R10_T13,14,7,7,S014_R06_T00/S014_R06_T01/S014_R06_T02/S014_R06_T03/S014_R06_T04/S014_R06_T05/S014_R06_T06/S014_R06_T07/S014_R06_T08/S014_R06_T09/S014_R06_T10/S014_R06_T11/S014_R06_T12/S014_R06_T13/S014_R06_T14/S014_R14_T00/S014_R14_T01/S014_R14_T02/S014_R14_T03/S014_R14_T04/S014_R14_T05/S014_R14_T06/S014_R14_T07/S014_R14_T08/S014_R14_T09/S014_R14_T10/S014_R14_T11/S014_R14_T12/S014_R14_T13/S014_R14_T14,30,False,S014_R10_T00/S014_R10_T01/S014_R10_T02/S014_R10_T03/S014_R10_T04/S014_R10_T05/S014_R10_T06/S014_R10_T07/S014_R10_T08/S014_R10_T09/S014_R10_T10/S014_R10_T11/S014_R10_T12/S014_R10_T13,S014_R10_T00/S014_R10_T01/S014_R10_T02/S014_R10_T03/S014_R10_T04/S014_R10_T05/S014_R10_T06/S014_R10_T07/S014_R10_T08/S014_R10_T09/S014_R10_T10/S014_R10_T11/S014_R10_T12/S014_R10_T13,S014_R10_T00/S014_R10_T01/S014_R10_T02/S014_R10_T03/S014_R10_T04/S014_R10_T05/S014_R10_T06/S014_R10_T07/S014_R10_T08/S014_R10_T09/S014_R10_T10/S014_R10_T11/S014_R10_T12/S014_R10_T13,False,False,False,False,False,False
14,14,target_csp_ledoit_wolf,14,6/10,1/2/3/4/5/6/7/8/9/10/11/12/13/15/16/17/18/19/20,S014_R14_T00/S014_R14_T01/S014_R14_T02/S014_R14_T03/S014_R14_T04/S014_R14_T05/S014_R14_T06/S014_R14_T07/S014_R14_T08/S014_R14_T09/S014_R14_T10/S014_R14_T11/S014_R14_T12/S014_R14_T13,14,7,7,S014_R06_T00/S014_R06_T01/S014_R06_T02/S014_R06_T03/S014_R06_T04/S014_R06_T05/S014_R06_T06/S014_R06_T07/S014_R06_T08/S014_R06_T09/S014_R06_T10/S014_R06_T11/S014_R06_T12/S014_R06_T13/S014_R06_T14/S014_R10_T00/S014_R10_T01/S014_R10_T02/S014_R10_T03/S014_R10_T04/S014_R10_T05/S014_R10_T06/S014_R10_T07/S014_R10_T08/S014_R10_T09/S014_R10_T10/S014_R10_T11/S014_R10_T12/S014_R10_T13/S014_R10_T14,30,False,S014_R14_T00/S014_R14_T01/S014_R14_T02/S014_R14_T03/S014_R14_T04/S014_R14_T05/S014_R14_T06/S014_R14_T07/S014_R14_T08/S014_R14_T09/S014_R14_T10/S014_R14_T11/S014_R14_T12/S014_R14_T13,S014_R14_T00/S014_R14_T01/S014_R14_T02/S014_R14_T03/S014_R14_T04/S014_R14_T05/S014_R14_T06/S014_R14_T07/S014_R14_T08/S014_R14_T09/S014_R14_T10/S014_R14_T11/S014_R14_T12/S014_R14_T13,S014_R14_T00/S014_R14_T01/S014_R14_T02/S014_R14_T03/S014_R14_T04/S014_R14_T05/S014_R14_T06/S014_R14_T07/S014_R14_T08/S014_R14_T09/S014_R14_T10/S014_R14_T11/S014_R14_T12/S014_R14_T13,False,False,False,False,False,False
15,15,source_zero_shot,6,10/14,1/2/3/4/5/6/7/8/9/10/11/12/13/14/16/17/18/19/20,S015_R06_T00/S015_R06_T01/S015_R06_T02/S015_R06_T03/S015_R06_T04/S015_R06_T05/S015_R06_T06/S015_R06_T07/S015_R06_T08/S015_R06_T09/S015_R06_T10/S015_R06_T11/S015_R06_T12/S015_R06_T13,14,7,7,S015_R10_T00/S015_R10_T01/S015_R10_T02/S015_R10_T03/S015_R10_T04/S015_R10_T05/S015_R10_T06/S015_R10_T07/S015_R10_T08/S015_R10_T09/S015_R10_T10/S015_R10_T11/S015_R10_T12/S015_R10_T13/S015_R10_T14/S015_R14_T00/S015_R14_T01/S015_R14_T02/S015_R14_T03/S015_R14_T04/S015_R14_T05/S015_R14_T06/S015_R14_T07/S015_R14_T08/S015_R14_T09/S015_R14_T10/S015_R14_T11/S015_R14_T12/S015_R14_T13/S015_R14_T14,30,False,not_applicable,not_applicable,not_applicable,False,False,False,False,False,False
15,15,source_zero_shot,10,6/14,1/2/3/4/5/6/7/8/9/10/11/12/13/14/16/17/18/19/20,S015_R10_T00/S015_R10_T01/S015_R10_T02/S015_R10_T03/S015_R10_T04/S015_R10_T05/S015_R10_T06/S015_R10_T07/S015_R10_T08/S015_R10_T09/S015_R10_T10/S015_R10_T11/S015_R10_T12/S015_R10_T13,14,7,7,S015_R06_T00/S015_R06_T01/S015_R06_T02/S015_R06_T03/S015_R06_T04/S015_R06_T05/S015_R06_T06/S015_R06_T07/S015_R06_T08/S015_R06_T09/S015_R06_T10/S015_R06_T11/S015_R06_T12/S015_R06_T13/S015_R06_T14/S015_R14_T00/S015_R14_T01/S015_R14_T02/S015_R14_T03/S015_R14_T04/S015_R14_T05/S015_R14_T06/S015_R14_T07/S015_R14_T08/S015_R14_T09/S015_R14_T10/S015_R14_T11/S015_R14_T12/S015_R14_T13/S015_R14_T14,30,False,not_applicable,not_applicable,not_applicable,False,False,False,False,False,False
15,15,source_zero_shot,14,6/10,1/2/3/4/5/6/7/8/9/10/11/12/13/14/16/17/18/19/20,S015_R14_T00/S015_R14_T01/S015_R14_T02/S015_R14_T03/S015_R14_T04/S015_R14_T05/S015_R14_T06/S015_R14_T07/S015_R14_T08/S015_R14_T09/S015_R14_T10/S015_R14_T11/S015_R14_T12/S015_R14_T13,14,7,7,S015_R06_T00/S015_R06_T01/S015_R06_T02/S015_R06_T03/S015_R06_T04/S015_R06_T05/S015_R06_T06/S015_R06_T07/S015_R06_T08/S015_R06_T09/S015_R06_T10/S015_R06_T11/S015_R06_T12/S015_R06_T13/S015_R06_T14/S015_R10_T00/S015_R10_T01/S015_R10_T02/S015_R10_T03/S015_R10_T04/S015_R10_T05/S015_R10_T06/S015_R10_T07/S015_R10_T08/S015_R10_T09/S015_R10_T10/S015_R10_T11/S015_R10_T12/S015_R10_T13/S015_R10_T14,30,False,not_applicable,not_applicable,not_applicable,False,False,False,False,False,False
15,15,source_csp_target_lda_source_scaler,6,10/14,1/2/3/4/5/6/7/8/9/10/11/12/13/14/16/17/18/19/20,S015_R06_T00/S015_R06_T01/S015_R06_T02/S015_R06_T03/S015_R06_T04/S015_R06_T05/S015_R06_T06/S015_R06_T07/S015_R06_T08/S015_R06_T09/S015_R06_T10/S015_R06_T11/S015_R06_T12/S015_R06_T13,14,7,7,S015_R10_T00/S015_R10_T01/S015_R10_T02/S015_R10_T03/S015_R10_T04/S015_R10_T05/S015_R10_T06/S015_R10_T07/S015_R10_T08/S015_R10_T09/S015_R10_T10/S015_R10_T11/S015_R10_T12/S015_R10_T13/S015_R10_T14/S015_R14_T00/S015_R14_T01/S015_R14_T02/S015_R14_T03/S015_R14_T04/S015_R14_T05/S015_R14_T06/S015_R14_T07/S015_R14_T08/S015_R14_T09/S015_R14_T10/S015_R14_T11/S015_R14_T12/S015_R14_T13/S015_R14_T14,30,False,not_applicable,not_applicable,S015_R06_T00/S015_R06_T01/S015_R06_T02/S015_R06_T03/S015_R06_T04/S015_R06_T05/S015_R06_T06/S015_R06_T07/S015_R06_T08/S015_R06_T09/S015_R06_T10/S015_R06_T11/S015_R06_T12/S015_R06_T13,False,False,False,False,False,False
15,15,source_csp_target_lda_source_scaler,10,6/14,1/2/3/4/5/6/7/8/9/10/11/12/13/14/16/17/18/19/20,S015_R10_T00/S015_R10_T01/S015_R10_T02/S015_R10_T03/S015_R10_T04/S015_R10_T05/S015_R10_T06/S015_R10_T07/S015_R10_T08/S015_R10_T09/S015_R10_T10/S015_R10_T11/S015_R10_T12/S015_R10_T13,14,7,7,S015_R06_T00/S015_R06_T01/S015_R06_T02/S015_R06_T03/S015_R06_T04/S015_R06_T05/S015_R06_T06/S015_R06_T07/S015_R06_T08/S015_R06_T09/S015_R06_T10/S015_R06_T11/S015_R06_T12/S015_R06_T13/S015_R06_T14/S015_R14_T00/S015_R14_T01/S015_R14_T02/S015_R14_T03/S015_R14_T04/S015_R14_T05/S015_R14_T06/S015_R14_T07/S015_R14_T08/S015_R14_T09/S015_R14_T10/S015_R14_T11/S015_R14_T12/S015_R14_T13/S015_R14_T14,30,False,not_applicable,not_applicable,S015_R10_T00/S015_R10_T01/S015_R10_T02/S015_R10_T03/S015_R10_T04/S015_R10_T05/S015_R10_T06/S015_R10_T07/S015_R10_T08/S015_R10_T09/S015_R10_T10/S015_R10_T11/S015_R10_T12/S015_R10_T13,False,False,False,False,False,False
15,15,source_csp_target_lda_source_scaler,14,6/10,1/2/3/4/5/6/7/8/9/10/11/12/13/14/16/17/18/19/20,S015_R14_T00/S015_R14_T01/S015_R14_T02/S015_R14_T03/S015_R14_T04/S015_R14_T05/S015_R14_T06/S015_R14_T07/S015_R14_T08/S015_R14_T09/S015_R14_T10/S015_R14_T11/S015_R14_T12/S015_R14_T13,14,7,7,S015_R06_T00/S015_R06_T01/S015_R06_T02/S015_R06_T03/S015_R06_T04/S015_R06_T05/S015_R06_T06/S015_R06_T07/S015_R06_T08/S015_R06_T09/S015_R06_T10/S015_R06_T11/S015_R06_T12/S015_R06_T13/S015_R06_T14/S015_R10_T00/S015_R10_T01/S015_R10_T02/S015_R10_T03/S015_R10_T04/S015_R10_T05/S015_R10_T06/S015_R10_T07/S015_R10_T08/S015_R10_T09/S015_R10_T10/S015_R10_T11/S015_R10_T12/S015_R10_T13/S015_R10_T14,30,False,not_applicable,not_applicable,S015_R14_T00/S015_R14_T01/S015_R14_T02/S015_R14_T03/S015_R14_T04/S015_R14_T05/S015_R14_T06/S015_R14_T07/S015_R14_T08/S015_R14_T09/S015_R14_T10/S015_R14_T11/S015_R14_T12/S015_R14_T13,False,False,False,False,False,False
15,15,source_csp_target_lda_target_scaler,6,10/14,1/2/3/4/5/6/7/8/9/10/11/12/13/14/16/17/18/19/20,S015_R06_T00/S015_R06_T01/S015_R06_T02/S015_R06_T03/S015_R06_T04/S015_R06_T05/S015_R06_T06/S015_R06_T07/S015_R06_T08/S015_R06_T09/S015_R06_T10/S015_R06_T11/S015_R06_T12/S015_R06_T13,14,7,7,S015_R10_T00/S015_R10_T01/S015_R10_T02/S015_R10_T03/S015_R10_T04/S015_R10_T05/S015_R10_T06/S015_R10_T07/S015_R10_T08/S015_R10_T09/S015_R10_T10/S015_R10_T11/S015_R10_T12/S015_R10_T13/S015_R10_T14/S015_R14_T00/S015_R14_T01/S015_R14_T02/S015_R14_T03/S015_R14_T04/S015_R14_T05/S015_R14_T06/S015_R14_T07/S015_R14_T08/S015_R14_T09/S015_R14_T10/S015_R14_T11/S015_R14_T12/S015_R14_T13/S015_R14_T14,30,False,not_applicable,S015_R06_T00/S015_R06_T01/S015_R06_T02/S015_R06_T03/S015_R06_T04/S015_R06_T05/S015_R06_T06/S015_R06_T07/S015_R06_T08/S015_R06_T09/S015_R06_T10/S015_R06_T11/S015_R06_T12/S015_R06_T13,S015_R06_T00/S015_R06_T01/S015_R06_T02/S015_R06_T03/S015_R06_T04/S015_R06_T05/S015_R06_T06/S015_R06_T07/S015_R06_T08/S015_R06_T09/S015_R06_T10/S015_R06_T11/S015_R06_T12/S015_R06_T13,False,False,False,False,False,False
15,15,source_csp_target_lda_target_scaler,10,6/14,1/2/3/4/5/6/7/8/9/10/11/12/13/14/16/17/18/19/20,S015_R10_T00/S015_R10_T01/S015_R10_T02/S015_R10_T03/S015_R10_T04/S015_R10_T05/S015_R10_T06/S015_R10_T07/S015_R10_T08/S015_R10_T09/S015_R10_T10/S015_R10_T11/S015_R10_T12/S015_R10_T13,14,7,7,S015_R06_T00/S015_R06_T01/S015_R06_T02/S015_R06_T03/S015_R06_T04/S015_R06_T05/S015_R06_T06/S015_R06_T07/S015_R06_T08/S015_R06_T09/S015_R06_T10/S015_R06_T11/S015_R06_T12/S015_R06_T13/S015_R06_T14/S015_R14_T00/S015_R14_T01/S015_R14_T02/S015_R14_T03/S015_R14_T04/S015_R14_T05/S015_R14_T06/S015_R14_T07/S015_R14_T08/S015_R14_T09/S015_R14_T10/S015_R14_T11/S015_R14_T12/S015_R14_T13/S015_R14_T14,30,False,not_applicable,S015_R10_T00/S015_R10_T01/S015_R10_T02/S015_R10_T03/S015_R10_T04/S015_R10_T05/S015_R10_T06/S015_R10_T07/S015_R10_T08/S015_R10_T09/S015_R10_T10/S015_R10_T11/S015_R10_T12/S015_R10_T13,S015_R10_T00/S015_R10_T01/S015_R10_T02/S015_R10_T03/S015_R10_T04/S015_R10_T05/S015_R10_T06/S015_R10_T07/S015_R10_T08/S015_R10_T09/S015_R10_T10/S015_R10_T11/S015_R10_T12/S015_R10_T13,False,False,False,False,False,False
15,15,source_csp_target_lda_target_scaler,14,6/10,1/2/3/4/5/6/7/8/9/10/11/12/13/14/16/17/18/19/20,S015_R14_T00/S015_R14_T01/S015_R14_T02/S015_R14_T03/S015_R14_T04/S015_R14_T05/S015_R14_T06/S015_R14_T07/S015_R14_T08/S015_R14_T09/S015_R14_T10/S015_R14_T11/S015_R14_T12/S015_R14_T13,14,7,7,S015_R06_T00/S015_R06_T01/S015_R06_T02/S015_R06_T03/S015_R06_T04/S015_R06_T05/S015_R06_T06/S015_R06_T07/S015_R06_T08/S015_R06_T09/S015_R06_T10/S015_R06_T11/S015_R06_T12/S015_R06_T13/S015_R06_T14/S015_R10_T00/S015_R10_T01/S015_R10_T02/S015_R10_T03/S015_R10_T04/S015_R10_T05/S015_R10_T06/S015_R10_T07/S015_R10_T08/S015_R10_T09/S015_R10_T10/S015_R10_T11/S015_R10_T12/S015_R10_T13/S015_R10_T14,30,False,not_applicable,S015_R14_T00/S015_R14_T01/S015_R14_T02/S015_R14_T03/S015_R14_T04/S015_R14_T05/S015_R14_T06/S015_R14_T07/S015_R14_T08/S015_R14_T09/S015_R14_T10/S015_R14_T11/S015_R14_T12/S015_R14_T13,S015_R14_T00/S015_R14_T01/S015_R14_T02/S015_R14_T03/S015_R14_T04/S015_R14_T05/S015_R14_T06/S015_R14_T07/S015_R14_T08/S015_R14_T09/S015_R14_T10/S015_R14_T11/S015_R14_T12/S015_R14_T13,False,False,False,False,False,False
15,15,target_csp_empirical,6,10/14,1/2/3/4/5/6/7/8/9/10/11/12/13/14/16/17/18/19/20,S015_R06_T00/S015_R06_T01/S015_R06_T02/S015_R06_T03/S015_R06_T04/S015_R06_T05/S015_R06_T06/S015_R06_T07/S015_R06_T08/S015_R06_T09/S015_R06_T10/S015_R06_T11/S015_R06_T12/S015_R06_T13,14,7,7,S015_R10_T00/S015_R10_T01/S015_R10_T02/S015_R10_T03/S015_R10_T04/S015_R10_T05/S015_R10_T06/S015_R10_T07/S015_R10_T08/S015_R10_T09/S015_R10_T10/S015_R10_T11/S015_R10_T12/S015_R10_T13/S015_R10_T14/S015_R14_T00/S015_R14_T01/S015_R14_T02/S015_R14_T03/S015_R14_T04/S015_R14_T05/S015_R14_T06/S015_R14_T07/S015_R14_T08/S015_R14_T09/S015_R14_T10/S015_R14_T11/S015_R14_T12/S015_R14_T13/S015_R14_T14,30,False,S015_R06_T00/S015_R06_T01/S015_R06_T02/S015_R06_T03/S015_R06_T04/S015_R06_T05/S015_R06_T06/S015_R06_T07/S015_R06_T08/S015_R06_T09/S015_R06_T10/S015_R06_T11/S015_R06_T12/S015_R06_T13,S015_R06_T00/S015_R06_T01/S015_R06_T02/S015_R06_T03/S015_R06_T04/S015_R06_T05/S015_R06_T06/S015_R06_T07/S015_R06_T08/S015_R06_T09/S015_R06_T10/S015_R06_T11/S015_R06_T12/S015_R06_T13,S015_R06_T00/S015_R06_T01/S015_R06_T02/S015_R06_T03/S015_R06_T04/S015_R06_T05/S015_R06_T06/S015_R06_T07/S015_R06_T08/S015_R06_T09/S015_R06_T10/S015_R06_T11/S015_R06_T12/S015_R06_T13,False,False,False,False,False,False
15,15,target_csp_empirical,10,6/14,1/2/3/4/5/6/7/8/9/10/11/12/13/14/16/17/18/19/20,S015_R10_T00/S015_R10_T01/S015_R10_T02/S015_R10_T03/S015_R10_T04/S015_R10_T05/S015_R10_T06/S015_R10_T07/S015_R10_T08/S015_R10_T09/S015_R10_T10/S015_R10_T11/S015_R10_T12/S015_R10_T13,14,7,7,S015_R06_T00/S015_R06_T01/S015_R06_T02/S015_R06_T03/S015_R06_T04/S015_R06_T05/S015_R06_T06/S015_R06_T07/S015_R06_T08/S015_R06_T09/S015_R06_T10/S015_R06_T11/S015_R06_T12/S015_R06_T13/S015_R06_T14/S015_R14_T00/S015_R14_T01/S015_R14_T02/S015_R14_T03/S015_R14_T04/S015_R14_T05/S015_R14_T06/S015_R14_T07/S015_R14_T08/S015_R14_T09/S015_R14_T10/S015_R14_T11/S015_R14_T12/S015_R14_T13/S015_R14_T14,30,False,S015_R10_T00/S015_R10_T01/S015_R10_T02/S015_R10_T03/S015_R10_T04/S015_R10_T05/S015_R10_T06/S015_R10_T07/S015_R10_T08/S015_R10_T09/S015_R10_T10/S015_R10_T11/S015_R10_T12/S015_R10_T13,S015_R10_T00/S015_R10_T01/S015_R10_T02/S015_R10_T03/S015_R10_T04/S015_R10_T05/S015_R10_T06/S015_R10_T07/S015_R10_T08/S015_R10_T09/S015_R10_T10/S015_R10_T11/S015_R10_T12/S015_R10_T13,S015_R10_T00/S015_R10_T01/S015_R10_T02/S015_R10_T03/S015_R10_T04/S015_R10_T05/S015_R10_T06/S015_R10_T07/S015_R10_T08/S015_R10_T09/S015_R10_T10/S015_R10_T11/S015_R10_T12/S015_R10_T13,False,False,False,False,False,False
15,15,target_csp_empirical,14,6/10,1/2/3/4/5/6/7/8/9/10/11/12/13/14/16/17/18/19/20,S015_R14_T00/S015_R14_T01/S015_R14_T02/S015_R14_T03/S015_R14_T04/S015_R14_T05/S015_R14_T06/S015_R14_T07/S015_R14_T08/S015_R14_T09/S015_R14_T10/S015_R14_T11/S015_R14_T12/S015_R14_T13,14,7,7,S015_R06_T00/S015_R06_T01/S015_R06_T02/S015_R06_T03/S015_R06_T04/S015_R06_T05/S015_R06_T06/S015_R06_T07/S015_R06_T08/S015_R06_T09/S015_R06_T10/S015_R06_T11/S015_R06_T12/S015_R06_T13/S015_R06_T14/S015_R10_T00/S015_R10_T01/S015_R10_T02/S015_R10_T03/S015_R10_T04/S015_R10_T05/S015_R10_T06/S015_R10_T07/S015_R10_T08/S015_R10_T09/S015_R10_T10/S015_R10_T11/S015_R10_T12/S015_R10_T13/S015_R10_T14,30,False,S015_R14_T00/S015_R14_T01/S015_R14_T02/S015_R14_T03/S015_R14_T04/S015_R14_T05/S015_R14_T06/S015_R14_T07/S015_R14_T08/S015_R14_T09/S015_R14_T10/S015_R14_T11/S015_R14_T12/S015_R14_T13,S015_R14_T00/S015_R14_T01/S015_R14_T02/S015_R14_T03/S015_R14_T04/S015_R14_T05/S015_R14_T06/S015_R14_T07/S015_R14_T08/S015_R14_T09/S015_R14_T10/S015_R14_T11/S015_R14_T12/S015_R14_T13,S015_R14_T00/S015_R14_T01/S015_R14_T02/S015_R14_T03/S015_R14_T04/S015_R14_T05/S015_R14_T06/S015_R14_T07/S015_R14_T08/S015_R14_T09/S015_R14_T10/S015_R14_T11/S015_R14_T12/S015_R14_T13,False,False,False,False,False,False
15,15,target_csp_ledoit_wolf,6,10/14,1/2/3/4/5/6/7/8/9/10/11/12/13/14/16/17/18/19/20,S015_R06_T00/S015_R06_T01/S015_R06_T02/S015_R06_T03/S015_R06_T04/S015_R06_T05/S015_R06_T06/S015_R06_T07/S015_R06_T08/S015_R06_T09/S015_R06_T10/S015_R06_T11/S015_R06_T12/S015_R06_T13,14,7,7,S015_R10_T00/S015_R10_T01/S015_R10_T02/S015_R10_T03/S015_R10_T04/S015_R10_T05/S015_R10_T06/S015_R10_T07/S015_R10_T08/S015_R10_T09/S015_R10_T10/S015_R10_T11/S015_R10_T12/S015_R10_T13/S015_R10_T14/S015_R14_T00/S015_R14_T01/S015_R14_T02/S015_R14_T03/S015_R14_T04/S015_R14_T05/S015_R14_T06/S015_R14_T07/S015_R14_T08/S015_R14_T09/S015_R14_T10/S015_R14_T11/S015_R14_T12/S015_R14_T13/S015_R14_T14,30,False,S015_R06_T00/S015_R06_T01/S015_R06_T02/S015_R06_T03/S015_R06_T04/S015_R06_T05/S015_R06_T06/S015_R06_T07/S015_R06_T08/S015_R06_T09/S015_R06_T10/S015_R06_T11/S015_R06_T12/S015_R06_T13,S015_R06_T00/S015_R06_T01/S015_R06_T02/S015_R06_T03/S015_R06_T04/S015_R06_T05/S015_R06_T06/S015_R06_T07/S015_R06_T08/S015_R06_T09/S015_R06_T10/S015_R06_T11/S015_R06_T12/S015_R06_T13,S015_R06_T00/S015_R06_T01/S015_R06_T02/S015_R06_T03/S015_R06_T04/S015_R06_T05/S015_R06_T06/S015_R06_T07/S015_R06_T08/S015_R06_T09/S015_R06_T10/S015_R06_T11/S015_R06_T12/S015_R06_T13,False,False,False,False,False,False
15,15,target_csp_ledoit_wolf,10,6/14,1/2/3/4/5/6/7/8/9/10/11/12/13/14/16/17/18/19/20,S015_R10_T00/S015_R10_T01/S015_R10_T02/S015_R10_T03/S015_R10_T04/S015_R10_T05/S015_R10_T06/S015_R10_T07/S015_R10_T08/S015_R10_T09/S015_R10_T10/S015_R10_T11/S015_R10_T12/S015_R10_T13,14,7,7,S015_R06_T00/S015_R06_T01/S015_R06_T02/S015_R06_T03/S015_R06_T04/S015_R06_T05/S015_R06_T06/S015_R06_T07/S015_R06_T08/S015_R06_T09/S015_R06_T10/S015_R06_T11/S015_R06_T12/S015_R06_T13/S015_R06_T14/S015_R14_T00/S015_R14_T01/S015_R14_T02/S015_R14_T03/S015_R14_T04/S015_R14_T05/S015_R14_T06/S015_R14_T07/S015_R14_T08/S015_R14_T09/S015_R14_T10/S015_R14_T11/S015_R14_T12/S015_R14_T13/S015_R14_T14,30,False,S015_R10_T00/S015_R10_T01/S015_R10_T02/S015_R10_T03/S015_R10_T04/S015_R10_T05/S015_R10_T06/S015_R10_T07/S015_R10_T08/S015_R10_T09/S015_R10_T10/S015_R10_T11/S015_R10_T12/S015_R10_T13,S015_R10_T00/S015_R10_T01/S015_R10_T02/S015_R10_T03/S015_R10_T04/S015_R10_T05/S015_R10_T06/S015_R10_T07/S015_R10_T08/S015_R10_T09/S015_R10_T10/S015_R10_T11/S015_R10_T12/S015_R10_T13,S015_R10_T00/S015_R10_T01/S015_R10_T02/S015_R10_T03/S015_R10_T04/S015_R10_T05/S015_R10_T06/S015_R10_T07/S015_R10_T08/S015_R10_T09/S015_R10_T10/S015_R10_T11/S015_R10_T12/S015_R10_T13,False,False,False,False,False,False
15,15,target_csp_ledoit_wolf,14,6/10,1/2/3/4/5/6/7/8/9/10/11/12/13/14/16/17/18/19/20,S015_R14_T00/S015_R14_T01/S015_R14_T02/S015_R14_T03/S015_R14_T04/S015_R14_T05/S015_R14_T06/S015_R14_T07/S015_R14_T08/S015_R14_T09/S015_R14_T10/S015_R14_T11/S015_R14_T12/S015_R14_T13,14,7,7,S015_R06_T00/S015_R06_T01/S015_R06_T02/S015_R06_T03/S015_R06_T04/S015_R06_T05/S015_R06_T06/S015_R06_T07/S015_R06_T08/S015_R06_T09/S015_R06_T10/S015_R06_T11/S015_R06_T12/S015_R06_T13/S015_R06_T14/S015_R10_T00/S015_R10_T01/S015_R10_T02/S015_R10_T03/S015_R10_T04/S015_R10_T05/S015_R10_T06/S015_R10_T07/S015_R10_T08/S015_R10_T09/S015_R10_T10/S015_R10_T11/S015_R10_T12/S015_R10_T13/S015_R10_T14,30,False,S015_R14_T00/S015_R14_T01/S015_R14_T02/S015_R14_T03/S015_R14_T04/S015_R14_T05/S015_R14_T06/S015_R14_T07/S015_R14_T08/S015_R14_T09/S015_R14_T10/S015_R14_T11/S015_R14_T12/S015_R14_T13,S015_R14_T00/S015_R14_T01/S015_R14_T02/S015_R14_T03/S015_R14_T04/S015_R14_T05/S015_R14_T06/S015_R14_T07/S015_R14_T08/S015_R14_T09/S015_R14_T10/S015_R14_T11/S015_R14_T12/S015_R14_T13,S015_R14_T00/S015_R14_T01/S015_R14_T02/S015_R14_T03/S015_R14_T04/S015_R14_T05/S015_R14_T06/S015_R14_T07/S015_R14_T08/S015_R14_T09/S015_R14_T10/S015_R14_T11/S015_R14_T12/S015_R14_T13,False,False,False,False,False,False
16,16,source_zero_shot,6,10/14,1/2/3/4/5/6/7/8/9/10/11/12/13/14/15/17/18/19/20,S016_R06_T00/S016_R06_T01/S016_R06_T02/S016_R06_T03/S016_R06_T04/S016_R06_T05/S016_R06_T06/S016_R06_T07/S016_R06_T08/S016_R06_T09/S016_R06_T10/S016_R06_T11/S016_R06_T12/S016_R06_T13,14,7,7,S016_R10_T00/S016_R10_T01/S016_R10_T02/S016_R10_T03/S016_R10_T04/S016_R10_T05/S016_R10_T06/S016_R10_T07/S016_R10_T08/S016_R10_T09/S016_R10_T10/S016_R10_T11/S016_R10_T12/S016_R10_T13/S016_R10_T14/S016_R14_T00/S016_R14_T01/S016_R14_T02/S016_R14_T03/S016_R14_T04/S016_R14_T05/S016_R14_T06/S016_R14_T07/S016_R14_T08/S016_R14_T09/S016_R14_T10/S016_R14_T11/S016_R14_T12/S016_R14_T13/S016_R14_T14,30,False,not_applicable,not_applicable,not_applicable,False,False,False,False,False,False
16,16,source_zero_shot,10,6/14,1/2/3/4/5/6/7/8/9/10/11/12/13/14/15/17/18/19/20,S016_R10_T00/S016_R10_T01/S016_R10_T02/S016_R10_T03/S016_R10_T04/S016_R10_T05/S016_R10_T06/S016_R10_T07/S016_R10_T08/S016_R10_T09/S016_R10_T10/S016_R10_T11/S016_R10_T12/S016_R10_T13,14,7,7,S016_R06_T00/S016_R06_T01/S016_R06_T02/S016_R06_T03/S016_R06_T04/S016_R06_T05/S016_R06_T06/S016_R06_T07/S016_R06_T08/S016_R06_T09/S016_R06_T10/S016_R06_T11/S016_R06_T12/S016_R06_T13/S016_R06_T14/S016_R14_T00/S016_R14_T01/S016_R14_T02/S016_R14_T03/S016_R14_T04/S016_R14_T05/S016_R14_T06/S016_R14_T07/S016_R14_T08/S016_R14_T09/S016_R14_T10/S016_R14_T11/S016_R14_T12/S016_R14_T13/S016_R14_T14,30,False,not_applicable,not_applicable,not_applicable,False,False,False,False,False,False
16,16,source_zero_shot,14,6/10,1/2/3/4/5/6/7/8/9/10/11/12/13/14/15/17/18/19/20,S016_R14_T00/S016_R14_T01/S016_R14_T02/S016_R14_T03/S016_R14_T04/S016_R14_T05/S016_R14_T06/S016_R14_T07/S016_R14_T08/S016_R14_T09/S016_R14_T10/S016_R14_T11/S016_R14_T12/S016_R14_T13,14,7,7,S016_R06_T00/S016_R06_T01/S016_R06_T02/S016_R06_T03/S016_R06_T04/S016_R06_T05/S016_R06_T06/S016_R06_T07/S016_R06_T08/S016_R06_T09/S016_R06_T10/S016_R06_T11/S016_R06_T12/S016_R06_T13/S016_R06_T14/S016_R10_T00/S016_R10_T01/S016_R10_T02/S016_R10_T03/S016_R10_T04/S016_R10_T05/S016_R10_T06/S016_R10_T07/S016_R10_T08/S016_R10_T09/S016_R10_T10/S016_R10_T11/S016_R10_T12/S016_R10_T13/S016_R10_T14,30,False,not_applicable,not_applicable,not_applicable,False,False,False,False,False,False
16,16,source_csp_target_lda_source_scaler,6,10/14,1/2/3/4/5/6/7/8/9/10/11/12/13/14/15/17/18/19/20,S016_R06_T00/S016_R06_T01/S016_R06_T02/S016_R06_T03/S016_R06_T04/S016_R06_T05/S016_R06_T06/S016_R06_T07/S016_R06_T08/S016_R06_T09/S016_R06_T10/S016_R06_T11/S016_R06_T12/S016_R06_T13,14,7,7,S016_R10_T00/S016_R10_T01/S016_R10_T02/S016_R10_T03/S016_R10_T04/S016_R10_T05/S016_R10_T06/S016_R10_T07/S016_R10_T08/S016_R10_T09/S016_R10_T10/S016_R10_T11/S016_R10_T12/S016_R10_T13/S016_R10_T14/S016_R14_T00/S016_R14_T01/S016_R14_T02/S016_R14_T03/S016_R14_T04/S016_R14_T05/S016_R14_T06/S016_R14_T07/S016_R14_T08/S016_R14_T09/S016_R14_T10/S016_R14_T11/S016_R14_T12/S016_R14_T13/S016_R14_T14,30,False,not_applicable,not_applicable,S016_R06_T00/S016_R06_T01/S016_R06_T02/S016_R06_T03/S016_R06_T04/S016_R06_T05/S016_R06_T06/S016_R06_T07/S016_R06_T08/S016_R06_T09/S016_R06_T10/S016_R06_T11/S016_R06_T12/S016_R06_T13,False,False,False,False,False,False
16,16,source_csp_target_lda_source_scaler,10,6/14,1/2/3/4/5/6/7/8/9/10/11/12/13/14/15/17/18/19/20,S016_R10_T00/S016_R10_T01/S016_R10_T02/S016_R10_T03/S016_R10_T04/S016_R10_T05/S016_R10_T06/S016_R10_T07/S016_R10_T08/S016_R10_T09/S016_R10_T10/S016_R10_T11/S016_R10_T12/S016_R10_T13,14,7,7,S016_R06_T00/S016_R06_T01/S016_R06_T02/S016_R06_T03/S016_R06_T04/S016_R06_T05/S016_R06_T06/S016_R06_T07/S016_R06_T08/S016_R06_T09/S016_R06_T10/S016_R06_T11/S016_R06_T12/S016_R06_T13/S016_R06_T14/S016_R14_T00/S016_R14_T01/S016_R14_T02/S016_R14_T03/S016_R14_T04/S016_R14_T05/S016_R14_T06/S016_R14_T07/S016_R14_T08/S016_R14_T09/S016_R14_T10/S016_R14_T11/S016_R14_T12/S016_R14_T13/S016_R14_T14,30,False,not_applicable,not_applicable,S016_R10_T00/S016_R10_T01/S016_R10_T02/S016_R10_T03/S016_R10_T04/S016_R10_T05/S016_R10_T06/S016_R10_T07/S016_R10_T08/S016_R10_T09/S016_R10_T10/S016_R10_T11/S016_R10_T12/S016_R10_T13,False,False,False,False,False,False
16,16,source_csp_target_lda_source_scaler,14,6/10,1/2/3/4/5/6/7/8/9/10/11/12/13/14/15/17/18/19/20,S016_R14_T00/S016_R14_T01/S016_R14_T02/S016_R14_T03/S016_R14_T04/S016_R14_T05/S016_R14_T06/S016_R14_T07/S016_R14_T08/S016_R14_T09/S016_R14_T10/S016_R14_T11/S016_R14_T12/S016_R14_T13,14,7,7,S016_R06_T00/S016_R06_T01/S016_R06_T02/S016_R06_T03/S016_R06_T04/S016_R06_T05/S016_R06_T06/S016_R06_T07/S016_R06_T08/S016_R06_T09/S016_R06_T10/S016_R06_T11/S016_R06_T12/S016_R06_T13/S016_R06_T14/S016_R10_T00/S016_R10_T01/S016_R10_T02/S016_R10_T03/S016_R10_T04/S016_R10_T05/S016_R10_T06/S016_R10_T07/S016_R10_T08/S016_R10_T09/S016_R10_T10/S016_R10_T11/S016_R10_T12/S016_R10_T13/S016_R10_T14,30,False,not_applicable,not_applicable,S016_R14_T00/S016_R14_T01/S016_R14_T02/S016_R14_T03/S016_R14_T04/S016_R14_T05/S016_R14_T06/S016_R14_T07/S016_R14_T08/S016_R14_T09/S016_R14_T10/S016_R14_T11/S016_R14_T12/S016_R14_T13,False,False,False,False,False,False
16,16,source_csp_target_lda_target_scaler,6,10/14,1/2/3/4/5/6/7/8/9/10/11/12/13/14/15/17/18/19/20,S016_R06_T00/S016_R06_T01/S016_R06_T02/S016_R06_T03/S016_R06_T04/S016_R06_T05/S016_R06_T06/S016_R06_T07/S016_R06_T08/S016_R06_T09/S016_R06_T10/S016_R06_T11/S016_R06_T12/S016_R06_T13,14,7,7,S016_R10_T00/S016_R10_T01/S016_R10_T02/S016_R10_T03/S016_R10_T04/S016_R10_T05/S016_R10_T06/S016_R10_T07/S016_R10_T08/S016_R10_T09/S016_R10_T10/S016_R10_T11/S016_R10_T12/S016_R10_T13/S016_R10_T14/S016_R14_T00/S016_R14_T01/S016_R14_T02/S016_R14_T03/S016_R14_T04/S016_R14_T05/S016_R14_T06/S016_R14_T07/S016_R14_T08/S016_R14_T09/S016_R14_T10/S016_R14_T11/S016_R14_T12/S016_R14_T13/S016_R14_T14,30,False,not_applicable,S016_R06_T00/S016_R06_T01/S016_R06_T02/S016_R06_T03/S016_R06_T04/S016_R06_T05/S016_R06_T06/S016_R06_T07/S016_R06_T08/S016_R06_T09/S016_R06_T10/S016_R06_T11/S016_R06_T12/S016_R06_T13,S016_R06_T00/S016_R06_T01/S016_R06_T02/S016_R06_T03/S016_R06_T04/S016_R06_T05/S016_R06_T06/S016_R06_T07/S016_R06_T08/S016_R06_T09/S016_R06_T10/S016_R06_T11/S016_R06_T12/S016_R06_T13,False,False,False,False,False,False
16,16,source_csp_target_lda_target_scaler,10,6/14,1/2/3/4/5/6/7/8/9/10/11/12/13/14/15/17/18/19/20,S016_R10_T00/S016_R10_T01/S016_R10_T02/S016_R10_T03/S016_R10_T04/S016_R10_T05/S016_R10_T06/S016_R10_T07/S016_R10_T08/S016_R10_T09/S016_R10_T10/S016_R10_T11/S016_R10_T12/S016_R10_T13,14,7,7,S016_R06_T00/S016_R06_T01/S016_R06_T02/S016_R06_T03/S016_R06_T04/S016_R06_T05/S016_R06_T06/S016_R06_T07/S016_R06_T08/S016_R06_T09/S016_R06_T10/S016_R06_T11/S016_R06_T12/S016_R06_T13/S016_R06_T14/S016_R14_T00/S016_R14_T01/S016_R14_T02/S016_R14_T03/S016_R14_T04/S016_R14_T05/S016_R14_T06/S016_R14_T07/S016_R14_T08/S016_R14_T09/S016_R14_T10/S016_R14_T11/S016_R14_T12/S016_R14_T13/S016_R14_T14,30,False,not_applicable,S016_R10_T00/S016_R10_T01/S016_R10_T02/S016_R10_T03/S016_R10_T04/S016_R10_T05/S016_R10_T06/S016_R10_T07/S016_R10_T08/S016_R10_T09/S016_R10_T10/S016_R10_T11/S016_R10_T12/S016_R10_T13,S016_R10_T00/S016_R10_T01/S016_R10_T02/S016_R10_T03/S016_R10_T04/S016_R10_T05/S016_R10_T06/S016_R10_T07/S016_R10_T08/S016_R10_T09/S016_R10_T10/S016_R10_T11/S016_R10_T12/S016_R10_T13,False,False,False,False,False,False
16,16,source_csp_target_lda_target_scaler,14,6/10,1/2/3/4/5/6/7/8/9/10/11/12/13/14/15/17/18/19/20,S016_R14_T00/S016_R14_T01/S016_R14_T02/S016_R14_T03/S016_R14_T04/S016_R14_T05/S016_R14_T06/S016_R14_T07/S016_R14_T08/S016_R14_T09/S016_R14_T10/S016_R14_T11/S016_R14_T12/S016_R14_T13,14,7,7,S016_R06_T00/S016_R06_T01/S016_R06_T02/S016_R06_T03/S016_R06_T04/S016_R06_T05/S016_R06_T06/S016_R06_T07/S016_R06_T08/S016_R06_T09/S016_R06_T10/S016_R06_T11/S016_R06_T12/S016_R06_T13/S016_R06_T14/S016_R10_T00/S016_R10_T01/S016_R10_T02/S016_R10_T03/S016_R10_T04/S016_R10_T05/S016_R10_T06/S016_R10_T07/S016_R10_T08/S016_R10_T09/S016_R10_T10/S016_R10_T11/S016_R10_T12/S016_R10_T13/S016_R10_T14,30,False,not_applicable,S016_R14_T00/S016_R14_T01/S016_R14_T02/S016_R14_T03/S016_R14_T04/S016_R14_T05/S016_R14_T06/S016_R14_T07/S016_R14_T08/S016_R14_T09/S016_R14_T10/S016_R14_T11/S016_R14_T12/S016_R14_T13,S016_R14_T00/S016_R14_T01/S016_R14_T02/S016_R14_T03/S016_R14_T04/S016_R14_T05/S016_R14_T06/S016_R14_T07/S016_R14_T08/S016_R14_T09/S016_R14_T10/S016_R14_T11/S016_R14_T12/S016_R14_T13,False,False,False,False,False,False
16,16,target_csp_empirical,6,10/14,1/2/3/4/5/6/7/8/9/10/11/12/13/14/15/17/18/19/20,S016_R06_T00/S016_R06_T01/S016_R06_T02/S016_R06_T03/S016_R06_T04/S016_R06_T05/S016_R06_T06/S016_R06_T07/S016_R06_T08/S016_R06_T09/S016_R06_T10/S016_R06_T11/S016_R06_T12/S016_R06_T13,14,7,7,S016_R10_T00/S016_R10_T01/S016_R10_T02/S016_R10_T03/S016_R10_T04/S016_R10_T05/S016_R10_T06/S016_R10_T07/S016_R10_T08/S016_R10_T09/S016_R10_T10/S016_R10_T11/S016_R10_T12/S016_R10_T13/S016_R10_T14/S016_R14_T00/S016_R14_T01/S016_R14_T02/S016_R14_T03/S016_R14_T04/S016_R14_T05/S016_R14_T06/S016_R14_T07/S016_R14_T08/S016_R14_T09/S016_R14_T10/S016_R14_T11/S016_R14_T12/S016_R14_T13/S016_R14_T14,30,False,S016_R06_T00/S016_R06_T01/S016_R06_T02/S016_R06_T03/S016_R06_T04/S016_R06_T05/S016_R06_T06/S016_R06_T07/S016_R06_T08/S016_R06_T09/S016_R06_T10/S016_R06_T11/S016_R06_T12/S016_R06_T13,S016_R06_T00/S016_R06_T01/S016_R06_T02/S016_R06_T03/S016_R06_T04/S016_R06_T05/S016_R06_T06/S016_R06_T07/S016_R06_T08/S016_R06_T09/S016_R06_T10/S016_R06_T11/S016_R06_T12/S016_R06_T13,S016_R06_T00/S016_R06_T01/S016_R06_T02/S016_R06_T03/S016_R06_T04/S016_R06_T05/S016_R06_T06/S016_R06_T07/S016_R06_T08/S016_R06_T09/S016_R06_T10/S016_R06_T11/S016_R06_T12/S016_R06_T13,False,False,False,False,False,False
16,16,target_csp_empirical,10,6/14,1/2/3/4/5/6/7/8/9/10/11/12/13/14/15/17/18/19/20,S016_R10_T00/S016_R10_T01/S016_R10_T02/S016_R10_T03/S016_R10_T04/S016_R10_T05/S016_R10_T06/S016_R10_T07/S016_R10_T08/S016_R10_T09/S016_R10_T10/S016_R10_T11/S016_R10_T12/S016_R10_T13,14,7,7,S016_R06_T00/S016_R06_T01/S016_R06_T02/S016_R06_T03/S016_R06_T04/S016_R06_T05/S016_R06_T06/S016_R06_T07/S016_R06_T08/S016_R06_T09/S016_R06_T10/S016_R06_T11/S016_R06_T12/S016_R06_T13/S016_R06_T14/S016_R14_T00/S016_R14_T01/S016_R14_T02/S016_R14_T03/S016_R14_T04/S016_R14_T05/S016_R14_T06/S016_R14_T07/S016_R14_T08/S016_R14_T09/S016_R14_T10/S016_R14_T11/S016_R14_T12/S016_R14_T13/S016_R14_T14,30,False,S016_R10_T00/S016_R10_T01/S016_R10_T02/S016_R10_T03/S016_R10_T04/S016_R10_T05/S016_R10_T06/S016_R10_T07/S016_R10_T08/S016_R10_T09/S016_R10_T10/S016_R10_T11/S016_R10_T12/S016_R10_T13,S016_R10_T00/S016_R10_T01/S016_R10_T02/S016_R10_T03/S016_R10_T04/S016_R10_T05/S016_R10_T06/S016_R10_T07/S016_R10_T08/S016_R10_T09/S016_R10_T10/S016_R10_T11/S016_R10_T12/S016_R10_T13,S016_R10_T00/S016_R10_T01/S016_R10_T02/S016_R10_T03/S016_R10_T04/S016_R10_T05/S016_R10_T06/S016_R10_T07/S016_R10_T08/S016_R10_T09/S016_R10_T10/S016_R10_T11/S016_R10_T12/S016_R10_T13,False,False,False,False,False,False
16,16,target_csp_empirical,14,6/10,1/2/3/4/5/6/7/8/9/10/11/12/13/14/15/17/18/19/20,S016_R14_T00/S016_R14_T01/S016_R14_T02/S016_R14_T03/S016_R14_T04/S016_R14_T05/S016_R14_T06/S016_R14_T07/S016_R14_T08/S016_R14_T09/S016_R14_T10/S016_R14_T11/S016_R14_T12/S016_R14_T13,14,7,7,S016_R06_T00/S016_R06_T01/S016_R06_T02/S016_R06_T03/S016_R06_T04/S016_R06_T05/S016_R06_T06/S016_R06_T07/S016_R06_T08/S016_R06_T09/S016_R06_T10/S016_R06_T11/S016_R06_T12/S016_R06_T13/S016_R06_T14/S016_R10_T00/S016_R10_T01/S016_R10_T02/S016_R10_T03/S016_R10_T04/S016_R10_T05/S016_R10_T06/S016_R10_T07/S016_R10_T08/S016_R10_T09/S016_R10_T10/S016_R10_T11/S016_R10_T12/S016_R10_T13/S016_R10_T14,30,False,S016_R14_T00/S016_R14_T01/S016_R14_T02/S016_R14_T03/S016_R14_T04/S016_R14_T05/S016_R14_T06/S016_R14_T07/S016_R14_T08/S016_R14_T09/S016_R14_T10/S016_R14_T11/S016_R14_T12/S016_R14_T13,S016_R14_T00/S016_R14_T01/S016_R14_T02/S016_R14_T03/S016_R14_T04/S016_R14_T05/S016_R14_T06/S016_R14_T07/S016_R14_T08/S016_R14_T09/S016_R14_T10/S016_R14_T11/S016_R14_T12/S016_R14_T13,S016_R14_T00/S016_R14_T01/S016_R14_T02/S016_R14_T03/S016_R14_T04/S016_R14_T05/S016_R14_T06/S016_R14_T07/S016_R14_T08/S016_R14_T09/S016_R14_T10/S016_R14_T11/S016_R14_T12/S016_R14_T13,False,False,False,False,False,False
16,16,target_csp_ledoit_wolf,6,10/14,1/2/3/4/5/6/7/8/9/10/11/12/13/14/15/17/18/19/20,S016_R06_T00/S016_R06_T01/S016_R06_T02/S016_R06_T03/S016_R06_T04/S016_R06_T05/S016_R06_T06/S016_R06_T07/S016_R06_T08/S016_R06_T09/S016_R06_T10/S016_R06_T11/S016_R06_T12/S016_R06_T13,14,7,7,S016_R10_T00/S016_R10_T01/S016_R10_T02/S016_R10_T03/S016_R10_T04/S016_R10_T05/S016_R10_T06/S016_R10_T07/S016_R10_T08/S016_R10_T09/S016_R10_T10/S016_R10_T11/S016_R10_T12/S016_R10_T13/S016_R10_T14/S016_R14_T00/S016_R14_T01/S016_R14_T02/S016_R14_T03/S016_R14_T04/S016_R14_T05/S016_R14_T06/S016_R14_T07/S016_R14_T08/S016_R14_T09/S016_R14_T10/S016_R14_T11/S016_R14_T12/S016_R14_T13/S016_R14_T14,30,False,S016_R06_T00/S016_R06_T01/S016_R06_T02/S016_R06_T03/S016_R06_T04/S016_R06_T05/S016_R06_T06/S016_R06_T07/S016_R06_T08/S016_R06_T09/S016_R06_T10/S016_R06_T11/S016_R06_T12/S016_R06_T13,S016_R06_T00/S016_R06_T01/S016_R06_T02/S016_R06_T03/S016_R06_T04/S016_R06_T05/S016_R06_T06/S016_R06_T07/S016_R06_T08/S016_R06_T09/S016_R06_T10/S016_R06_T11/S016_R06_T12/S016_R06_T13,S016_R06_T00/S016_R06_T01/S016_R06_T02/S016_R06_T03/S016_R06_T04/S016_R06_T05/S016_R06_T06/S016_R06_T07/S016_R06_T08/S016_R06_T09/S016_R06_T10/S016_R06_T11/S016_R06_T12/S016_R06_T13,False,False,False,False,False,False
16,16,target_csp_ledoit_wolf,10,6/14,1/2/3/4/5/6/7/8/9/10/11/12/13/14/15/17/18/19/20,S016_R10_T00/S016_R10_T01/S016_R10_T02/S016_R10_T03/S016_R10_T04/S016_R10_T05/S016_R10_T06/S016_R10_T07/S016_R10_T08/S016_R10_T09/S016_R10_T10/S016_R10_T11/S016_R10_T12/S016_R10_T13,14,7,7,S016_R06_T00/S016_R06_T01/S016_R06_T02/S016_R06_T03/S016_R06_T04/S016_R06_T05/S016_R06_T06/S016_R06_T07/S016_R06_T08/S016_R06_T09/S016_R06_T10/S016_R06_T11/S016_R06_T12/S016_R06_T13/S016_R06_T14/S016_R14_T00/S016_R14_T01/S016_R14_T02/S016_R14_T03/S016_R14_T04/S016_R14_T05/S016_R14_T06/S016_R14_T07/S016_R14_T08/S016_R14_T09/S016_R14_T10/S016_R14_T11/S016_R14_T12/S016_R14_T13/S016_R14_T14,30,False,S016_R10_T00/S016_R10_T01/S016_R10_T02/S016_R10_T03/S016_R10_T04/S016_R10_T05/S016_R10_T06/S016_R10_T07/S016_R10_T08/S016_R10_T09/S016_R10_T10/S016_R10_T11/S016_R10_T12/S016_R10_T13,S016_R10_T00/S016_R10_T01/S016_R10_T02/S016_R10_T03/S016_R10_T04/S016_R10_T05/S016_R10_T06/S016_R10_T07/S016_R10_T08/S016_R10_T09/S016_R10_T10/S016_R10_T11/S016_R10_T12/S016_R10_T13,S016_R10_T00/S016_R10_T01/S016_R10_T02/S016_R10_T03/S016_R10_T04/S016_R10_T05/S016_R10_T06/S016_R10_T07/S016_R10_T08/S016_R10_T09/S016_R10_T10/S016_R10_T11/S016_R10_T12/S016_R10_T13,False,False,False,False,False,False
16,16,target_csp_ledoit_wolf,14,6/10,1/2/3/4/5/6/7/8/9/10/11/12/13/14/15/17/18/19/20,S016_R14_T00/S016_R14_T01/S016_R14_T02/S016_R14_T03/S016_R14_T04/S016_R14_T05/S016_R14_T06/S016_R14_T07/S016_R14_T08/S016_R14_T09/S016_R14_T10/S016_R14_T11/S016_R14_T12/S016_R14_T13,14,7,7,S016_R06_T00/S016_R06_T01/S016_R06_T02/S016_R06_T03/S016_R06_T04/S016_R06_T05/S016_R06_T06/S016_R06_T07/S016_R06_T08/S016_R06_T09/S016_R06_T10/S016_R06_T11/S016_R06_T12/S016_R06_T13/S016_R06_T14/S016_R10_T00/S016_R10_T01/S016_R10_T02/S016_R10_T03/S016_R10_T04/S016_R10_T05/S016_R10_T06/S016_R10_T07/S016_R10_T08/S016_R10_T09/S016_R10_T10/S016_R10_T11/S016_R10_T12/S016_R10_T13/S016_R10_T14,30,False,S016_R14_T00/S016_R14_T01/S016_R14_T02/S016_R14_T03/S016_R14_T04/S016_R14_T05/S016_R14_T06/S016_R14_T07/S016_R14_T08/S016_R14_T09/S016_R14_T10/S016_R14_T11/S016_R14_T12/S016_R14_T13,S016_R14_T00/S016_R14_T01/S016_R14_T02/S016_R14_T03/S016_R14_T04/S016_R14_T05/S016_R14_T06/S016_R14_T07/S016_R14_T08/S016_R14_T09/S016_R14_T10/S016_R14_T11/S016_R14_T12/S016_R14_T13,S016_R14_T00/S016_R14_T01/S016_R14_T02/S016_R14_T03/S016_R14_T04/S016_R14_T05/S016_R14_T06/S016_R14_T07/S016_R14_T08/S016_R14_T09/S016_R14_T10/S016_R14_T11/S016_R14_T12/S016_R14_T13,False,False,False,False,False,False
17,17,source_zero_shot,6,10/14,1/2/3/4/5/6/7/8/9/10/11/12/13/14/15/16/18/19/20,S017_R06_T00/S017_R06_T01/S017_R06_T02/S017_R06_T03/S017_R06_T04/S017_R06_T05/S017_R06_T06/S017_R06_T07/S017_R06_T08/S017_R06_T09/S017_R06_T10/S017_R06_T11/S017_R06_T12/S017_R06_T13,14,7,7,S017_R10_T00/S017_R10_T01/S017_R10_T02/S017_R10_T03/S017_R10_T04/S017_R10_T05/S017_R10_T06/S017_R10_T07/S017_R10_T08/S017_R10_T09/S017_R10_T10/S017_R10_T11/S017_R10_T12/S017_R10_T13/S017_R10_T14/S017_R14_T00/S017_R14_T01/S017_R14_T02/S017_R14_T03/S017_R14_T04/S017_R14_T05/S017_R14_T06/S017_R14_T07/S017_R14_T08/S017_R14_T09/S017_R14_T10/S017_R14_T11/S017_R14_T12/S017_R14_T13/S017_R14_T14,30,False,not_applicable,not_applicable,not_applicable,False,False,False,False,False,False
17,17,source_zero_shot,10,6/14,1/2/3/4/5/6/7/8/9/10/11/12/13/14/15/16/18/19/20,S017_R10_T00/S017_R10_T01/S017_R10_T02/S017_R10_T03/S017_R10_T04/S017_R10_T05/S017_R10_T06/S017_R10_T07/S017_R10_T08/S017_R10_T09/S017_R10_T10/S017_R10_T11/S017_R10_T12/S017_R10_T13,14,7,7,S017_R06_T00/S017_R06_T01/S017_R06_T02/S017_R06_T03/S017_R06_T04/S017_R06_T05/S017_R06_T06/S017_R06_T07/S017_R06_T08/S017_R06_T09/S017_R06_T10/S017_R06_T11/S017_R06_T12/S017_R06_T13/S017_R06_T14/S017_R14_T00/S017_R14_T01/S017_R14_T02/S017_R14_T03/S017_R14_T04/S017_R14_T05/S017_R14_T06/S017_R14_T07/S017_R14_T08/S017_R14_T09/S017_R14_T10/S017_R14_T11/S017_R14_T12/S017_R14_T13/S017_R14_T14,30,False,not_applicable,not_applicable,not_applicable,False,False,False,False,False,False
17,17,source_zero_shot,14,6/10,1/2/3/4/5/6/7/8/9/10/11/12/13/14/15/16/18/19/20,S017_R14_T00/S017_R14_T01/S017_R14_T02/S017_R14_T03/S017_R14_T04/S017_R14_T05/S017_R14_T06/S017_R14_T07/S017_R14_T08/S017_R14_T09/S017_R14_T10/S017_R14_T11/S017_R14_T12/S017_R14_T13,14,7,7,S017_R06_T00/S017_R06_T01/S017_R06_T02/S017_R06_T03/S017_R06_T04/S017_R06_T05/S017_R06_T06/S017_R06_T07/S017_R06_T08/S017_R06_T09/S017_R06_T10/S017_R06_T11/S017_R06_T12/S017_R06_T13/S017_R06_T14/S017_R10_T00/S017_R10_T01/S017_R10_T02/S017_R10_T03/S017_R10_T04/S017_R10_T05/S017_R10_T06/S017_R10_T07/S017_R10_T08/S017_R10_T09/S017_R10_T10/S017_R10_T11/S017_R10_T12/S017_R10_T13/S017_R10_T14,30,False,not_applicable,not_applicable,not_applicable,False,False,False,False,False,False
17,17,source_csp_target_lda_source_scaler,6,10/14,1/2/3/4/5/6/7/8/9/10/11/12/13/14/15/16/18/19/20,S017_R06_T00/S017_R06_T01/S017_R06_T02/S017_R06_T03/S017_R06_T04/S017_R06_T05/S017_R06_T06/S017_R06_T07/S017_R06_T08/S017_R06_T09/S017_R06_T10/S017_R06_T11/S017_R06_T12/S017_R06_T13,14,7,7,S017_R10_T00/S017_R10_T01/S017_R10_T02/S017_R10_T03/S017_R10_T04/S017_R10_T05/S017_R10_T06/S017_R10_T07/S017_R10_T08/S017_R10_T09/S017_R10_T10/S017_R10_T11/S017_R10_T12/S017_R10_T13/S017_R10_T14/S017_R14_T00/S017_R14_T01/S017_R14_T02/S017_R14_T03/S017_R14_T04/S017_R14_T05/S017_R14_T06/S017_R14_T07/S017_R14_T08/S017_R14_T09/S017_R14_T10/S017_R14_T11/S017_R14_T12/S017_R14_T13/S017_R14_T14,30,False,not_applicable,not_applicable,S017_R06_T00/S017_R06_T01/S017_R06_T02/S017_R06_T03/S017_R06_T04/S017_R06_T05/S017_R06_T06/S017_R06_T07/S017_R06_T08/S017_R06_T09/S017_R06_T10/S017_R06_T11/S017_R06_T12/S017_R06_T13,False,False,False,False,False,False
17,17,source_csp_target_lda_source_scaler,10,6/14,1/2/3/4/5/6/7/8/9/10/11/12/13/14/15/16/18/19/20,S017_R10_T00/S017_R10_T01/S017_R10_T02/S017_R10_T03/S017_R10_T04/S017_R10_T05/S017_R10_T06/S017_R10_T07/S017_R10_T08/S017_R10_T09/S017_R10_T10/S017_R10_T11/S017_R10_T12/S017_R10_T13,14,7,7,S017_R06_T00/S017_R06_T01/S017_R06_T02/S017_R06_T03/S017_R06_T04/S017_R06_T05/S017_R06_T06/S017_R06_T07/S017_R06_T08/S017_R06_T09/S017_R06_T10/S017_R06_T11/S017_R06_T12/S017_R06_T13/S017_R06_T14/S017_R14_T00/S017_R14_T01/S017_R14_T02/S017_R14_T03/S017_R14_T04/S017_R14_T05/S017_R14_T06/S017_R14_T07/S017_R14_T08/S017_R14_T09/S017_R14_T10/S017_R14_T11/S017_R14_T12/S017_R14_T13/S017_R14_T14,30,False,not_applicable,not_applicable,S017_R10_T00/S017_R10_T01/S017_R10_T02/S017_R10_T03/S017_R10_T04/S017_R10_T05/S017_R10_T06/S017_R10_T07/S017_R10_T08/S017_R10_T09/S017_R10_T10/S017_R10_T11/S017_R10_T12/S017_R10_T13,False,False,False,False,False,False
17,17,source_csp_target_lda_source_scaler,14,6/10,1/2/3/4/5/6/7/8/9/10/11/12/13/14/15/16/18/19/20,S017_R14_T00/S017_R14_T01/S017_R14_T02/S017_R14_T03/S017_R14_T04/S017_R14_T05/S017_R14_T06/S017_R14_T07/S017_R14_T08/S017_R14_T09/S017_R14_T10/S017_R14_T11/S017_R14_T12/S017_R14_T13,14,7,7,S017_R06_T00/S017_R06_T01/S017_R06_T02/S017_R06_T03/S017_R06_T04/S017_R06_T05/S017_R06_T06/S017_R06_T07/S017_R06_T08/S017_R06_T09/S017_R06_T10/S017_R06_T11/S017_R06_T12/S017_R06_T13/S017_R06_T14/S017_R10_T00/S017_R10_T01/S017_R10_T02/S017_R10_T03/S017_R10_T04/S017_R10_T05/S017_R10_T06/S017_R10_T07/S017_R10_T08/S017_R10_T09/S017_R10_T10/S017_R10_T11/S017_R10_T12/S017_R10_T13/S017_R10_T14,30,False,not_applicable,not_applicable,S017_R14_T00/S017_R14_T01/S017_R14_T02/S017_R14_T03/S017_R14_T04/S017_R14_T05/S017_R14_T06/S017_R14_T07/S017_R14_T08/S017_R14_T09/S017_R14_T10/S017_R14_T11/S017_R14_T12/S017_R14_T13,False,False,False,False,False,False
17,17,source_csp_target_lda_target_scaler,6,10/14,1/2/3/4/5/6/7/8/9/10/11/12/13/14/15/16/18/19/20,S017_R06_T00/S017_R06_T01/S017_R06_T02/S017_R06_T03/S017_R06_T04/S017_R06_T05/S017_R06_T06/S017_R06_T07/S017_R06_T08/S017_R06_T09/S017_R06_T10/S017_R06_T11/S017_R06_T12/S017_R06_T13,14,7,7,S017_R10_T00/S017_R10_T01/S017_R10_T02/S017_R10_T03/S017_R10_T04/S017_R10_T05/S017_R10_T06/S017_R10_T07/S017_R10_T08/S017_R10_T09/S017_R10_T10/S017_R10_T11/S017_R10_T12/S017_R10_T13/S017_R10_T14/S017_R14_T00/S017_R14_T01/S017_R14_T02/S017_R14_T03/S017_R14_T04/S017_R14_T05/S017_R14_T06/S017_R14_T07/S017_R14_T08/S017_R14_T09/S017_R14_T10/S017_R14_T11/S017_R14_T12/S017_R14_T13/S017_R14_T14,30,False,not_applicable,S017_R06_T00/S017_R06_T01/S017_R06_T02/S017_R06_T03/S017_R06_T04/S017_R06_T05/S017_R06_T06/S017_R06_T07/S017_R06_T08/S017_R06_T09/S017_R06_T10/S017_R06_T11/S017_R06_T12/S017_R06_T13,S017_R06_T00/S017_R06_T01/S017_R06_T02/S017_R06_T03/S017_R06_T04/S017_R06_T05/S017_R06_T06/S017_R06_T07/S017_R06_T08/S017_R06_T09/S017_R06_T10/S017_R06_T11/S017_R06_T12/S017_R06_T13,False,False,False,False,False,False
17,17,source_csp_target_lda_target_scaler,10,6/14,1/2/3/4/5/6/7/8/9/10/11/12/13/14/15/16/18/19/20,S017_R10_T00/S017_R10_T01/S017_R10_T02/S017_R10_T03/S017_R10_T04/S017_R10_T05/S017_R10_T06/S017_R10_T07/S017_R10_T08/S017_R10_T09/S017_R10_T10/S017_R10_T11/S017_R10_T12/S017_R10_T13,14,7,7,S017_R06_T00/S017_R06_T01/S017_R06_T02/S017_R06_T03/S017_R06_T04/S017_R06_T05/S017_R06_T06/S017_R06_T07/S017_R06_T08/S017_R06_T09/S017_R06_T10/S017_R06_T11/S017_R06_T12/S017_R06_T13/S017_R06_T14/S017_R14_T00/S017_R14_T01/S017_R14_T02/S017_R14_T03/S017_R14_T04/S017_R14_T05/S017_R14_T06/S017_R14_T07/S017_R14_T08/S017_R14_T09/S017_R14_T10/S017_R14_T11/S017_R14_T12/S017_R14_T13/S017_R14_T14,30,False,not_applicable,S017_R10_T00/S017_R10_T01/S017_R10_T02/S017_R10_T03/S017_R10_T04/S017_R10_T05/S017_R10_T06/S017_R10_T07/S017_R10_T08/S017_R10_T09/S017_R10_T10/S017_R10_T11/S017_R10_T12/S017_R10_T13,S017_R10_T00/S017_R10_T01/S017_R10_T02/S017_R10_T03/S017_R10_T04/S017_R10_T05/S017_R10_T06/S017_R10_T07/S017_R10_T08/S017_R10_T09/S017_R10_T10/S017_R10_T11/S017_R10_T12/S017_R10_T13,False,False,False,False,False,False
17,17,source_csp_target_lda_target_scaler,14,6/10,1/2/3/4/5/6/7/8/9/10/11/12/13/14/15/16/18/19/20,S017_R14_T00/S017_R14_T01/S017_R14_T02/S017_R14_T03/S017_R14_T04/S017_R14_T05/S017_R14_T06/S017_R14_T07/S017_R14_T08/S017_R14_T09/S017_R14_T10/S017_R14_T11/S017_R14_T12/S017_R14_T13,14,7,7,S017_R06_T00/S017_R06_T01/S017_R06_T02/S017_R06_T03/S017_R06_T04/S017_R06_T05/S017_R06_T06/S017_R06_T07/S017_R06_T08/S017_R06_T09/S017_R06_T10/S017_R06_T11/S017_R06_T12/S017_R06_T13/S017_R06_T14/S017_R10_T00/S017_R10_T01/S017_R10_T02/S017_R10_T03/S017_R10_T04/S017_R10_T05/S017_R10_T06/S017_R10_T07/S017_R10_T08/S017_R10_T09/S017_R10_T10/S017_R10_T11/S017_R10_T12/S017_R10_T13/S017_R10_T14,30,False,not_applicable,S017_R14_T00/S017_R14_T01/S017_R14_T02/S017_R14_T03/S017_R14_T04/S017_R14_T05/S017_R14_T06/S017_R14_T07/S017_R14_T08/S017_R14_T09/S017_R14_T10/S017_R14_T11/S017_R14_T12/S017_R14_T13,S017_R14_T00/S017_R14_T01/S017_R14_T02/S017_R14_T03/S017_R14_T04/S017_R14_T05/S017_R14_T06/S017_R14_T07/S017_R14_T08/S017_R14_T09/S017_R14_T10/S017_R14_T11/S017_R14_T12/S017_R14_T13,False,False,False,False,False,False
17,17,target_csp_empirical,6,10/14,1/2/3/4/5/6/7/8/9/10/11/12/13/14/15/16/18/19/20,S017_R06_T00/S017_R06_T01/S017_R06_T02/S017_R06_T03/S017_R06_T04/S017_R06_T05/S017_R06_T06/S017_R06_T07/S017_R06_T08/S017_R06_T09/S017_R06_T10/S017_R06_T11/S017_R06_T12/S017_R06_T13,14,7,7,S017_R10_T00/S017_R10_T01/S017_R10_T02/S017_R10_T03/S017_R10_T04/S017_R10_T05/S017_R10_T06/S017_R10_T07/S017_R10_T08/S017_R10_T09/S017_R10_T10/S017_R10_T11/S017_R10_T12/S017_R10_T13/S017_R10_T14/S017_R14_T00/S017_R14_T01/S017_R14_T02/S017_R14_T03/S017_R14_T04/S017_R14_T05/S017_R14_T06/S017_R14_T07/S017_R14_T08/S017_R14_T09/S017_R14_T10/S017_R14_T11/S017_R14_T12/S017_R14_T13/S017_R14_T14,30,False,S017_R06_T00/S017_R06_T01/S017_R06_T02/S017_R06_T03/S017_R06_T04/S017_R06_T05/S017_R06_T06/S017_R06_T07/S017_R06_T08/S017_R06_T09/S017_R06_T10/S017_R06_T11/S017_R06_T12/S017_R06_T13,S017_R06_T00/S017_R06_T01/S017_R06_T02/S017_R06_T03/S017_R06_T04/S017_R06_T05/S017_R06_T06/S017_R06_T07/S017_R06_T08/S017_R06_T09/S017_R06_T10/S017_R06_T11/S017_R06_T12/S017_R06_T13,S017_R06_T00/S017_R06_T01/S017_R06_T02/S017_R06_T03/S017_R06_T04/S017_R06_T05/S017_R06_T06/S017_R06_T07/S017_R06_T08/S017_R06_T09/S017_R06_T10/S017_R06_T11/S017_R06_T12/S017_R06_T13,False,False,False,False,False,False
17,17,target_csp_empirical,10,6/14,1/2/3/4/5/6/7/8/9/10/11/12/13/14/15/16/18/19/20,S017_R10_T00/S017_R10_T01/S017_R10_T02/S017_R10_T03/S017_R10_T04/S017_R10_T05/S017_R10_T06/S017_R10_T07/S017_R10_T08/S017_R10_T09/S017_R10_T10/S017_R10_T11/S017_R10_T12/S017_R10_T13,14,7,7,S017_R06_T00/S017_R06_T01/S017_R06_T02/S017_R06_T03/S017_R06_T04/S017_R06_T05/S017_R06_T06/S017_R06_T07/S017_R06_T08/S017_R06_T09/S017_R06_T10/S017_R06_T11/S017_R06_T12/S017_R06_T13/S017_R06_T14/S017_R14_T00/S017_R14_T01/S017_R14_T02/S017_R14_T03/S017_R14_T04/S017_R14_T05/S017_R14_T06/S017_R14_T07/S017_R14_T08/S017_R14_T09/S017_R14_T10/S017_R14_T11/S017_R14_T12/S017_R14_T13/S017_R14_T14,30,False,S017_R10_T00/S017_R10_T01/S017_R10_T02/S017_R10_T03/S017_R10_T04/S017_R10_T05/S017_R10_T06/S017_R10_T07/S017_R10_T08/S017_R10_T09/S017_R10_T10/S017_R10_T11/S017_R10_T12/S017_R10_T13,S017_R10_T00/S017_R10_T01/S017_R10_T02/S017_R10_T03/S017_R10_T04/S017_R10_T05/S017_R10_T06/S017_R10_T07/S017_R10_T08/S017_R10_T09/S017_R10_T10/S017_R10_T11/S017_R10_T12/S017_R10_T13,S017_R10_T00/S017_R10_T01/S017_R10_T02/S017_R10_T03/S017_R10_T04/S017_R10_T05/S017_R10_T06/S017_R10_T07/S017_R10_T08/S017_R10_T09/S017_R10_T10/S017_R10_T11/S017_R10_T12/S017_R10_T13,False,False,False,False,False,False
17,17,target_csp_empirical,14,6/10,1/2/3/4/5/6/7/8/9/10/11/12/13/14/15/16/18/19/20,S017_R14_T00/S017_R14_T01/S017_R14_T02/S017_R14_T03/S017_R14_T04/S017_R14_T05/S017_R14_T06/S017_R14_T07/S017_R14_T08/S017_R14_T09/S017_R14_T10/S017_R14_T11/S017_R14_T12/S017_R14_T13,14,7,7,S017_R06_T00/S017_R06_T01/S017_R06_T02/S017_R06_T03/S017_R06_T04/S017_R06_T05/S017_R06_T06/S017_R06_T07/S017_R06_T08/S017_R06_T09/S017_R06_T10/S017_R06_T11/S017_R06_T12/S017_R06_T13/S017_R06_T14/S017_R10_T00/S017_R10_T01/S017_R10_T02/S017_R10_T03/S017_R10_T04/S017_R10_T05/S017_R10_T06/S017_R10_T07/S017_R10_T08/S017_R10_T09/S017_R10_T10/S017_R10_T11/S017_R10_T12/S017_R10_T13/S017_R10_T14,30,False,S017_R14_T00/S017_R14_T01/S017_R14_T02/S017_R14_T03/S017_R14_T04/S017_R14_T05/S017_R14_T06/S017_R14_T07/S017_R14_T08/S017_R14_T09/S017_R14_T10/S017_R14_T11/S017_R14_T12/S017_R14_T13,S017_R14_T00/S017_R14_T01/S017_R14_T02/S017_R14_T03/S017_R14_T04/S017_R14_T05/S017_R14_T06/S017_R14_T07/S017_R14_T08/S017_R14_T09/S017_R14_T10/S017_R14_T11/S017_R14_T12/S017_R14_T13,S017_R14_T00/S017_R14_T01/S017_R14_T02/S017_R14_T03/S017_R14_T04/S017_R14_T05/S017_R14_T06/S017_R14_T07/S017_R14_T08/S017_R14_T09/S017_R14_T10/S017_R14_T11/S017_R14_T12/S017_R14_T13,False,False,False,False,False,False
17,17,target_csp_ledoit_wolf,6,10/14,1/2/3/4/5/6/7/8/9/10/11/12/13/14/15/16/18/19/20,S017_R06_T00/S017_R06_T01/S017_R06_T02/S017_R06_T03/S017_R06_T04/S017_R06_T05/S017_R06_T06/S017_R06_T07/S017_R06_T08/S017_R06_T09/S017_R06_T10/S017_R06_T11/S017_R06_T12/S017_R06_T13,14,7,7,S017_R10_T00/S017_R10_T01/S017_R10_T02/S017_R10_T03/S017_R10_T04/S017_R10_T05/S017_R10_T06/S017_R10_T07/S017_R10_T08/S017_R10_T09/S017_R10_T10/S017_R10_T11/S017_R10_T12/S017_R10_T13/S017_R10_T14/S017_R14_T00/S017_R14_T01/S017_R14_T02/S017_R14_T03/S017_R14_T04/S017_R14_T05/S017_R14_T06/S017_R14_T07/S017_R14_T08/S017_R14_T09/S017_R14_T10/S017_R14_T11/S017_R14_T12/S017_R14_T13/S017_R14_T14,30,False,S017_R06_T00/S017_R06_T01/S017_R06_T02/S017_R06_T03/S017_R06_T04/S017_R06_T05/S017_R06_T06/S017_R06_T07/S017_R06_T08/S017_R06_T09/S017_R06_T10/S017_R06_T11/S017_R06_T12/S017_R06_T13,S017_R06_T00/S017_R06_T01/S017_R06_T02/S017_R06_T03/S017_R06_T04/S017_R06_T05/S017_R06_T06/S017_R06_T07/S017_R06_T08/S017_R06_T09/S017_R06_T10/S017_R06_T11/S017_R06_T12/S017_R06_T13,S017_R06_T00/S017_R06_T01/S017_R06_T02/S017_R06_T03/S017_R06_T04/S017_R06_T05/S017_R06_T06/S017_R06_T07/S017_R06_T08/S017_R06_T09/S017_R06_T10/S017_R06_T11/S017_R06_T12/S017_R06_T13,False,False,False,False,False,False
17,17,target_csp_ledoit_wolf,10,6/14,1/2/3/4/5/6/7/8/9/10/11/12/13/14/15/16/18/19/20,S017_R10_T00/S017_R10_T01/S017_R10_T02/S017_R10_T03/S017_R10_T04/S017_R10_T05/S017_R10_T06/S017_R10_T07/S017_R10_T08/S017_R10_T09/S017_R10_T10/S017_R10_T11/S017_R10_T12/S017_R10_T13,14,7,7,S017_R06_T00/S017_R06_T01/S017_R06_T02/S017_R06_T03/S017_R06_T04/S017_R06_T05/S017_R06_T06/S017_R06_T07/S017_R06_T08/S017_R06_T09/S017_R06_T10/S017_R06_T11/S017_R06_T12/S017_R06_T13/S017_R06_T14/S017_R14_T00/S017_R14_T01/S017_R14_T02/S017_R14_T03/S017_R14_T04/S017_R14_T05/S017_R14_T06/S017_R14_T07/S017_R14_T08/S017_R14_T09/S017_R14_T10/S017_R14_T11/S017_R14_T12/S017_R14_T13/S017_R14_T14,30,False,S017_R10_T00/S017_R10_T01/S017_R10_T02/S017_R10_T03/S017_R10_T04/S017_R10_T05/S017_R10_T06/S017_R10_T07/S017_R10_T08/S017_R10_T09/S017_R10_T10/S017_R10_T11/S017_R10_T12/S017_R10_T13,S017_R10_T00/S017_R10_T01/S017_R10_T02/S017_R10_T03/S017_R10_T04/S017_R10_T05/S017_R10_T06/S017_R10_T07/S017_R10_T08/S017_R10_T09/S017_R10_T10/S017_R10_T11/S017_R10_T12/S017_R10_T13,S017_R10_T00/S017_R10_T01/S017_R10_T02/S017_R10_T03/S017_R10_T04/S017_R10_T05/S017_R10_T06/S017_R10_T07/S017_R10_T08/S017_R10_T09/S017_R10_T10/S017_R10_T11/S017_R10_T12/S017_R10_T13,False,False,False,False,False,False
17,17,target_csp_ledoit_wolf,14,6/10,1/2/3/4/5/6/7/8/9/10/11/12/13/14/15/16/18/19/20,S017_R14_T00/S017_R14_T01/S017_R14_T02/S017_R14_T03/S017_R14_T04/S017_R14_T05/S017_R14_T06/S017_R14_T07/S017_R14_T08/S017_R14_T09/S017_R14_T10/S017_R14_T11/S017_R14_T12/S017_R14_T13,14,7,7,S017_R06_T00/S017_R06_T01/S017_R06_T02/S017_R06_T03/S017_R06_T04/S017_R06_T05/S017_R06_T06/S017_R06_T07/S017_R06_T08/S017_R06_T09/S017_R06_T10/S017_R06_T11/S017_R06_T12/S017_R06_T13/S017_R06_T14/S017_R10_T00/S017_R10_T01/S017_R10_T02/S017_R10_T03/S017_R10_T04/S017_R10_T05/S017_R10_T06/S017_R10_T07/S017_R10_T08/S017_R10_T09/S017_R10_T10/S017_R10_T11/S017_R10_T12/S017_R10_T13/S017_R10_T14,30,False,S017_R14_T00/S017_R14_T01/S017_R14_T02/S017_R14_T03/S017_R14_T04/S017_R14_T05/S017_R14_T06/S017_R14_T07/S017_R14_T08/S017_R14_T09/S017_R14_T10/S017_R14_T11/S017_R14_T12/S017_R14_T13,S017_R14_T00/S017_R14_T01/S017_R14_T02/S017_R14_T03/S017_R14_T04/S017_R14_T05/S017_R14_T06/S017_R14_T07/S017_R14_T08/S017_R14_T09/S017_R14_T10/S017_R14_T11/S017_R14_T12/S017_R14_T13,S017_R14_T00/S017_R14_T01/S017_R14_T02/S017_R14_T03/S017_R14_T04/S017_R14_T05/S017_R14_T06/S017_R14_T07/S017_R14_T08/S017_R14_T09/S017_R14_T10/S017_R14_T11/S017_R14_T12/S017_R14_T13,False,False,False,False,False,False
18,18,source_zero_shot,6,10/14,1/2/3/4/5/6/7/8/9/10/11/12/13/14/15/16/17/19/20,S018_R06_T00/S018_R06_T01/S018_R06_T02/S018_R06_T03/S018_R06_T04/S018_R06_T05/S018_R06_T06/S018_R06_T07/S018_R06_T08/S018_R06_T09/S018_R06_T10/S018_R06_T11/S018_R06_T12/S018_R06_T13,14,7,7,S018_R10_T00/S018_R10_T01/S018_R10_T02/S018_R10_T03/S018_R10_T04/S018_R10_T05/S018_R10_T06/S018_R10_T07/S018_R10_T08/S018_R10_T09/S018_R10_T10/S018_R10_T11/S018_R10_T12/S018_R10_T13/S018_R10_T14/S018_R14_T00/S018_R14_T01/S018_R14_T02/S018_R14_T03/S018_R14_T04/S018_R14_T05/S018_R14_T06/S018_R14_T07/S018_R14_T08/S018_R14_T09/S018_R14_T10/S018_R14_T11/S018_R14_T12/S018_R14_T13/S018_R14_T14,30,False,not_applicable,not_applicable,not_applicable,False,False,False,False,False,False
18,18,source_zero_shot,10,6/14,1/2/3/4/5/6/7/8/9/10/11/12/13/14/15/16/17/19/20,S018_R10_T00/S018_R10_T01/S018_R10_T02/S018_R10_T03/S018_R10_T04/S018_R10_T05/S018_R10_T06/S018_R10_T07/S018_R10_T08/S018_R10_T09/S018_R10_T10/S018_R10_T11/S018_R10_T12/S018_R10_T13,14,7,7,S018_R06_T00/S018_R06_T01/S018_R06_T02/S018_R06_T03/S018_R06_T04/S018_R06_T05/S018_R06_T06/S018_R06_T07/S018_R06_T08/S018_R06_T09/S018_R06_T10/S018_R06_T11/S018_R06_T12/S018_R06_T13/S018_R06_T14/S018_R14_T00/S018_R14_T01/S018_R14_T02/S018_R14_T03/S018_R14_T04/S018_R14_T05/S018_R14_T06/S018_R14_T07/S018_R14_T08/S018_R14_T09/S018_R14_T10/S018_R14_T11/S018_R14_T12/S018_R14_T13/S018_R14_T14,30,False,not_applicable,not_applicable,not_applicable,False,False,False,False,False,False
18,18,source_zero_shot,14,6/10,1/2/3/4/5/6/7/8/9/10/11/12/13/14/15/16/17/19/20,S018_R14_T00/S018_R14_T01/S018_R14_T02/S018_R14_T03/S018_R14_T04/S018_R14_T05/S018_R14_T06/S018_R14_T07/S018_R14_T08/S018_R14_T09/S018_R14_T10/S018_R14_T11/S018_R14_T12/S018_R14_T13,14,7,7,S018_R06_T00/S018_R06_T01/S018_R06_T02/S018_R06_T03/S018_R06_T04/S018_R06_T05/S018_R06_T06/S018_R06_T07/S018_R06_T08/S018_R06_T09/S018_R06_T10/S018_R06_T11/S018_R06_T12/S018_R06_T13/S018_R06_T14/S018_R10_T00/S018_R10_T01/S018_R10_T02/S018_R10_T03/S018_R10_T04/S018_R10_T05/S018_R10_T06/S018_R10_T07/S018_R10_T08/S018_R10_T09/S018_R10_T10/S018_R10_T11/S018_R10_T12/S018_R10_T13/S018_R10_T14,30,False,not_applicable,not_applicable,not_applicable,False,False,False,False,False,False
18,18,source_csp_target_lda_source_scaler,6,10/14,1/2/3/4/5/6/7/8/9/10/11/12/13/14/15/16/17/19/20,S018_R06_T00/S018_R06_T01/S018_R06_T02/S018_R06_T03/S018_R06_T04/S018_R06_T05/S018_R06_T06/S018_R06_T07/S018_R06_T08/S018_R06_T09/S018_R06_T10/S018_R06_T11/S018_R06_T12/S018_R06_T13,14,7,7,S018_R10_T00/S018_R10_T01/S018_R10_T02/S018_R10_T03/S018_R10_T04/S018_R10_T05/S018_R10_T06/S018_R10_T07/S018_R10_T08/S018_R10_T09/S018_R10_T10/S018_R10_T11/S018_R10_T12/S018_R10_T13/S018_R10_T14/S018_R14_T00/S018_R14_T01/S018_R14_T02/S018_R14_T03/S018_R14_T04/S018_R14_T05/S018_R14_T06/S018_R14_T07/S018_R14_T08/S018_R14_T09/S018_R14_T10/S018_R14_T11/S018_R14_T12/S018_R14_T13/S018_R14_T14,30,False,not_applicable,not_applicable,S018_R06_T00/S018_R06_T01/S018_R06_T02/S018_R06_T03/S018_R06_T04/S018_R06_T05/S018_R06_T06/S018_R06_T07/S018_R06_T08/S018_R06_T09/S018_R06_T10/S018_R06_T11/S018_R06_T12/S018_R06_T13,False,False,False,False,False,False
18,18,source_csp_target_lda_source_scaler,10,6/14,1/2/3/4/5/6/7/8/9/10/11/12/13/14/15/16/17/19/20,S018_R10_T00/S018_R10_T01/S018_R10_T02/S018_R10_T03/S018_R10_T04/S018_R10_T05/S018_R10_T06/S018_R10_T07/S018_R10_T08/S018_R10_T09/S018_R10_T10/S018_R10_T11/S018_R10_T12/S018_R10_T13,14,7,7,S018_R06_T00/S018_R06_T01/S018_R06_T02/S018_R06_T03/S018_R06_T04/S018_R06_T05/S018_R06_T06/S018_R06_T07/S018_R06_T08/S018_R06_T09/S018_R06_T10/S018_R06_T11/S018_R06_T12/S018_R06_T13/S018_R06_T14/S018_R14_T00/S018_R14_T01/S018_R14_T02/S018_R14_T03/S018_R14_T04/S018_R14_T05/S018_R14_T06/S018_R14_T07/S018_R14_T08/S018_R14_T09/S018_R14_T10/S018_R14_T11/S018_R14_T12/S018_R14_T13/S018_R14_T14,30,False,not_applicable,not_applicable,S018_R10_T00/S018_R10_T01/S018_R10_T02/S018_R10_T03/S018_R10_T04/S018_R10_T05/S018_R10_T06/S018_R10_T07/S018_R10_T08/S018_R10_T09/S018_R10_T10/S018_R10_T11/S018_R10_T12/S018_R10_T13,False,False,False,False,False,False
18,18,source_csp_target_lda_source_scaler,14,6/10,1/2/3/4/5/6/7/8/9/10/11/12/13/14/15/16/17/19/20,S018_R14_T00/S018_R14_T01/S018_R14_T02/S018_R14_T03/S018_R14_T04/S018_R14_T05/S018_R14_T06/S018_R14_T07/S018_R14_T08/S018_R14_T09/S018_R14_T10/S018_R14_T11/S018_R14_T12/S018_R14_T13,14,7,7,S018_R06_T00/S018_R06_T01/S018_R06_T02/S018_R06_T03/S018_R06_T04/S018_R06_T05/S018_R06_T06/S018_R06_T07/S018_R06_T08/S018_R06_T09/S018_R06_T10/S018_R06_T11/S018_R06_T12/S018_R06_T13/S018_R06_T14/S018_R10_T00/S018_R10_T01/S018_R10_T02/S018_R10_T03/S018_R10_T04/S018_R10_T05/S018_R10_T06/S018_R10_T07/S018_R10_T08/S018_R10_T09/S018_R10_T10/S018_R10_T11/S018_R10_T12/S018_R10_T13/S018_R10_T14,30,False,not_applicable,not_applicable,S018_R14_T00/S018_R14_T01/S018_R14_T02/S018_R14_T03/S018_R14_T04/S018_R14_T05/S018_R14_T06/S018_R14_T07/S018_R14_T08/S018_R14_T09/S018_R14_T10/S018_R14_T11/S018_R14_T12/S018_R14_T13,False,False,False,False,False,False
18,18,source_csp_target_lda_target_scaler,6,10/14,1/2/3/4/5/6/7/8/9/10/11/12/13/14/15/16/17/19/20,S018_R06_T00/S018_R06_T01/S018_R06_T02/S018_R06_T03/S018_R06_T04/S018_R06_T05/S018_R06_T06/S018_R06_T07/S018_R06_T08/S018_R06_T09/S018_R06_T10/S018_R06_T11/S018_R06_T12/S018_R06_T13,14,7,7,S018_R10_T00/S018_R10_T01/S018_R10_T02/S018_R10_T03/S018_R10_T04/S018_R10_T05/S018_R10_T06/S018_R10_T07/S018_R10_T08/S018_R10_T09/S018_R10_T10/S018_R10_T11/S018_R10_T12/S018_R10_T13/S018_R10_T14/S018_R14_T00/S018_R14_T01/S018_R14_T02/S018_R14_T03/S018_R14_T04/S018_R14_T05/S018_R14_T06/S018_R14_T07/S018_R14_T08/S018_R14_T09/S018_R14_T10/S018_R14_T11/S018_R14_T12/S018_R14_T13/S018_R14_T14,30,False,not_applicable,S018_R06_T00/S018_R06_T01/S018_R06_T02/S018_R06_T03/S018_R06_T04/S018_R06_T05/S018_R06_T06/S018_R06_T07/S018_R06_T08/S018_R06_T09/S018_R06_T10/S018_R06_T11/S018_R06_T12/S018_R06_T13,S018_R06_T00/S018_R06_T01/S018_R06_T02/S018_R06_T03/S018_R06_T04/S018_R06_T05/S018_R06_T06/S018_R06_T07/S018_R06_T08/S018_R06_T09/S018_R06_T10/S018_R06_T11/S018_R06_T12/S018_R06_T13,False,False,False,False,False,False
18,18,source_csp_target_lda_target_scaler,10,6/14,1/2/3/4/5/6/7/8/9/10/11/12/13/14/15/16/17/19/20,S018_R10_T00/S018_R10_T01/S018_R10_T02/S018_R10_T03/S018_R10_T04/S018_R10_T05/S018_R10_T06/S018_R10_T07/S018_R10_T08/S018_R10_T09/S018_R10_T10/S018_R10_T11/S018_R10_T12/S018_R10_T13,14,7,7,S018_R06_T00/S018_R06_T01/S018_R06_T02/S018_R06_T03/S018_R06_T04/S018_R06_T05/S018_R06_T06/S018_R06_T07/S018_R06_T08/S018_R06_T09/S018_R06_T10/S018_R06_T11/S018_R06_T12/S018_R06_T13/S018_R06_T14/S018_R14_T00/S018_R14_T01/S018_R14_T02/S018_R14_T03/S018_R14_T04/S018_R14_T05/S018_R14_T06/S018_R14_T07/S018_R14_T08/S018_R14_T09/S018_R14_T10/S018_R14_T11/S018_R14_T12/S018_R14_T13/S018_R14_T14,30,False,not_applicable,S018_R10_T00/S018_R10_T01/S018_R10_T02/S018_R10_T03/S018_R10_T04/S018_R10_T05/S018_R10_T06/S018_R10_T07/S018_R10_T08/S018_R10_T09/S018_R10_T10/S018_R10_T11/S018_R10_T12/S018_R10_T13,S018_R10_T00/S018_R10_T01/S018_R10_T02/S018_R10_T03/S018_R10_T04/S018_R10_T05/S018_R10_T06/S018_R10_T07/S018_R10_T08/S018_R10_T09/S018_R10_T10/S018_R10_T11/S018_R10_T12/S018_R10_T13,False,False,False,False,False,False
18,18,source_csp_target_lda_target_scaler,14,6/10,1/2/3/4/5/6/7/8/9/10/11/12/13/14/15/16/17/19/20,S018_R14_T00/S018_R14_T01/S018_R14_T02/S018_R14_T03/S018_R14_T04/S018_R14_T05/S018_R14_T06/S018_R14_T07/S018_R14_T08/S018_R14_T09/S018_R14_T10/S018_R14_T11/S018_R14_T12/S018_R14_T13,14,7,7,S018_R06_T00/S018_R06_T01/S018_R06_T02/S018_R06_T03/S018_R06_T04/S018_R06_T05/S018_R06_T06/S018_R06_T07/S018_R06_T08/S018_R06_T09/S018_R06_T10/S018_R06_T11/S018_R06_T12/S018_R06_T13/S018_R06_T14/S018_R10_T00/S018_R10_T01/S018_R10_T02/S018_R10_T03/S018_R10_T04/S018_R10_T05/S018_R10_T06/S018_R10_T07/S018_R10_T08/S018_R10_T09/S018_R10_T10/S018_R10_T11/S018_R10_T12/S018_R10_T13/S018_R10_T14,30,False,not_applicable,S018_R14_T00/S018_R14_T01/S018_R14_T02/S018_R14_T03/S018_R14_T04/S018_R14_T05/S018_R14_T06/S018_R14_T07/S018_R14_T08/S018_R14_T09/S018_R14_T10/S018_R14_T11/S018_R14_T12/S018_R14_T13,S018_R14_T00/S018_R14_T01/S018_R14_T02/S018_R14_T03/S018_R14_T04/S018_R14_T05/S018_R14_T06/S018_R14_T07/S018_R14_T08/S018_R14_T09/S018_R14_T10/S018_R14_T11/S018_R14_T12/S018_R14_T13,False,False,False,False,False,False
18,18,target_csp_empirical,6,10/14,1/2/3/4/5/6/7/8/9/10/11/12/13/14/15/16/17/19/20,S018_R06_T00/S018_R06_T01/S018_R06_T02/S018_R06_T03/S018_R06_T04/S018_R06_T05/S018_R06_T06/S018_R06_T07/S018_R06_T08/S018_R06_T09/S018_R06_T10/S018_R06_T11/S018_R06_T12/S018_R06_T13,14,7,7,S018_R10_T00/S018_R10_T01/S018_R10_T02/S018_R10_T03/S018_R10_T04/S018_R10_T05/S018_R10_T06/S018_R10_T07/S018_R10_T08/S018_R10_T09/S018_R10_T10/S018_R10_T11/S018_R10_T12/S018_R10_T13/S018_R10_T14/S018_R14_T00/S018_R14_T01/S018_R14_T02/S018_R14_T03/S018_R14_T04/S018_R14_T05/S018_R14_T06/S018_R14_T07/S018_R14_T08/S018_R14_T09/S018_R14_T10/S018_R14_T11/S018_R14_T12/S018_R14_T13/S018_R14_T14,30,False,S018_R06_T00/S018_R06_T01/S018_R06_T02/S018_R06_T03/S018_R06_T04/S018_R06_T05/S018_R06_T06/S018_R06_T07/S018_R06_T08/S018_R06_T09/S018_R06_T10/S018_R06_T11/S018_R06_T12/S018_R06_T13,S018_R06_T00/S018_R06_T01/S018_R06_T02/S018_R06_T03/S018_R06_T04/S018_R06_T05/S018_R06_T06/S018_R06_T07/S018_R06_T08/S018_R06_T09/S018_R06_T10/S018_R06_T11/S018_R06_T12/S018_R06_T13,S018_R06_T00/S018_R06_T01/S018_R06_T02/S018_R06_T03/S018_R06_T04/S018_R06_T05/S018_R06_T06/S018_R06_T07/S018_R06_T08/S018_R06_T09/S018_R06_T10/S018_R06_T11/S018_R06_T12/S018_R06_T13,False,False,False,False,False,False
18,18,target_csp_empirical,10,6/14,1/2/3/4/5/6/7/8/9/10/11/12/13/14/15/16/17/19/20,S018_R10_T00/S018_R10_T01/S018_R10_T02/S018_R10_T03/S018_R10_T04/S018_R10_T05/S018_R10_T06/S018_R10_T07/S018_R10_T08/S018_R10_T09/S018_R10_T10/S018_R10_T11/S018_R10_T12/S018_R10_T13,14,7,7,S018_R06_T00/S018_R06_T01/S018_R06_T02/S018_R06_T03/S018_R06_T04/S018_R06_T05/S018_R06_T06/S018_R06_T07/S018_R06_T08/S018_R06_T09/S018_R06_T10/S018_R06_T11/S018_R06_T12/S018_R06_T13/S018_R06_T14/S018_R14_T00/S018_R14_T01/S018_R14_T02/S018_R14_T03/S018_R14_T04/S018_R14_T05/S018_R14_T06/S018_R14_T07/S018_R14_T08/S018_R14_T09/S018_R14_T10/S018_R14_T11/S018_R14_T12/S018_R14_T13/S018_R14_T14,30,False,S018_R10_T00/S018_R10_T01/S018_R10_T02/S018_R10_T03/S018_R10_T04/S018_R10_T05/S018_R10_T06/S018_R10_T07/S018_R10_T08/S018_R10_T09/S018_R10_T10/S018_R10_T11/S018_R10_T12/S018_R10_T13,S018_R10_T00/S018_R10_T01/S018_R10_T02/S018_R10_T03/S018_R10_T04/S018_R10_T05/S018_R10_T06/S018_R10_T07/S018_R10_T08/S018_R10_T09/S018_R10_T10/S018_R10_T11/S018_R10_T12/S018_R10_T13,S018_R10_T00/S018_R10_T01/S018_R10_T02/S018_R10_T03/S018_R10_T04/S018_R10_T05/S018_R10_T06/S018_R10_T07/S018_R10_T08/S018_R10_T09/S018_R10_T10/S018_R10_T11/S018_R10_T12/S018_R10_T13,False,False,False,False,False,False
18,18,target_csp_empirical,14,6/10,1/2/3/4/5/6/7/8/9/10/11/12/13/14/15/16/17/19/20,S018_R14_T00/S018_R14_T01/S018_R14_T02/S018_R14_T03/S018_R14_T04/S018_R14_T05/S018_R14_T06/S018_R14_T07/S018_R14_T08/S018_R14_T09/S018_R14_T10/S018_R14_T11/S018_R14_T12/S018_R14_T13,14,7,7,S018_R06_T00/S018_R06_T01/S018_R06_T02/S018_R06_T03/S018_R06_T04/S018_R06_T05/S018_R06_T06/S018_R06_T07/S018_R06_T08/S018_R06_T09/S018_R06_T10/S018_R06_T11/S018_R06_T12/S018_R06_T13/S018_R06_T14/S018_R10_T00/S018_R10_T01/S018_R10_T02/S018_R10_T03/S018_R10_T04/S018_R10_T05/S018_R10_T06/S018_R10_T07/S018_R10_T08/S018_R10_T09/S018_R10_T10/S018_R10_T11/S018_R10_T12/S018_R10_T13/S018_R10_T14,30,False,S018_R14_T00/S018_R14_T01/S018_R14_T02/S018_R14_T03/S018_R14_T04/S018_R14_T05/S018_R14_T06/S018_R14_T07/S018_R14_T08/S018_R14_T09/S018_R14_T10/S018_R14_T11/S018_R14_T12/S018_R14_T13,S018_R14_T00/S018_R14_T01/S018_R14_T02/S018_R14_T03/S018_R14_T04/S018_R14_T05/S018_R14_T06/S018_R14_T07/S018_R14_T08/S018_R14_T09/S018_R14_T10/S018_R14_T11/S018_R14_T12/S018_R14_T13,S018_R14_T00/S018_R14_T01/S018_R14_T02/S018_R14_T03/S018_R14_T04/S018_R14_T05/S018_R14_T06/S018_R14_T07/S018_R14_T08/S018_R14_T09/S018_R14_T10/S018_R14_T11/S018_R14_T12/S018_R14_T13,False,False,False,False,False,False
18,18,target_csp_ledoit_wolf,6,10/14,1/2/3/4/5/6/7/8/9/10/11/12/13/14/15/16/17/19/20,S018_R06_T00/S018_R06_T01/S018_R06_T02/S018_R06_T03/S018_R06_T04/S018_R06_T05/S018_R06_T06/S018_R06_T07/S018_R06_T08/S018_R06_T09/S018_R06_T10/S018_R06_T11/S018_R06_T12/S018_R06_T13,14,7,7,S018_R10_T00/S018_R10_T01/S018_R10_T02/S018_R10_T03/S018_R10_T04/S018_R10_T05/S018_R10_T06/S018_R10_T07/S018_R10_T08/S018_R10_T09/S018_R10_T10/S018_R10_T11/S018_R10_T12/S018_R10_T13/S018_R10_T14/S018_R14_T00/S018_R14_T01/S018_R14_T02/S018_R14_T03/S018_R14_T04/S018_R14_T05/S018_R14_T06/S018_R14_T07/S018_R14_T08/S018_R14_T09/S018_R14_T10/S018_R14_T11/S018_R14_T12/S018_R14_T13/S018_R14_T14,30,False,S018_R06_T00/S018_R06_T01/S018_R06_T02/S018_R06_T03/S018_R06_T04/S018_R06_T05/S018_R06_T06/S018_R06_T07/S018_R06_T08/S018_R06_T09/S018_R06_T10/S018_R06_T11/S018_R06_T12/S018_R06_T13,S018_R06_T00/S018_R06_T01/S018_R06_T02/S018_R06_T03/S018_R06_T04/S018_R06_T05/S018_R06_T06/S018_R06_T07/S018_R06_T08/S018_R06_T09/S018_R06_T10/S018_R06_T11/S018_R06_T12/S018_R06_T13,S018_R06_T00/S018_R06_T01/S018_R06_T02/S018_R06_T03/S018_R06_T04/S018_R06_T05/S018_R06_T06/S018_R06_T07/S018_R06_T08/S018_R06_T09/S018_R06_T10/S018_R06_T11/S018_R06_T12/S018_R06_T13,False,False,False,False,False,False
18,18,target_csp_ledoit_wolf,10,6/14,1/2/3/4/5/6/7/8/9/10/11/12/13/14/15/16/17/19/20,S018_R10_T00/S018_R10_T01/S018_R10_T02/S018_R10_T03/S018_R10_T04/S018_R10_T05/S018_R10_T06/S018_R10_T07/S018_R10_T08/S018_R10_T09/S018_R10_T10/S018_R10_T11/S018_R10_T12/S018_R10_T13,14,7,7,S018_R06_T00/S018_R06_T01/S018_R06_T02/S018_R06_T03/S018_R06_T04/S018_R06_T05/S018_R06_T06/S018_R06_T07/S018_R06_T08/S018_R06_T09/S018_R06_T10/S018_R06_T11/S018_R06_T12/S018_R06_T13/S018_R06_T14/S018_R14_T00/S018_R14_T01/S018_R14_T02/S018_R14_T03/S018_R14_T04/S018_R14_T05/S018_R14_T06/S018_R14_T07/S018_R14_T08/S018_R14_T09/S018_R14_T10/S018_R14_T11/S018_R14_T12/S018_R14_T13/S018_R14_T14,30,False,S018_R10_T00/S018_R10_T01/S018_R10_T02/S018_R10_T03/S018_R10_T04/S018_R10_T05/S018_R10_T06/S018_R10_T07/S018_R10_T08/S018_R10_T09/S018_R10_T10/S018_R10_T11/S018_R10_T12/S018_R10_T13,S018_R10_T00/S018_R10_T01/S018_R10_T02/S018_R10_T03/S018_R10_T04/S018_R10_T05/S018_R10_T06/S018_R10_T07/S018_R10_T08/S018_R10_T09/S018_R10_T10/S018_R10_T11/S018_R10_T12/S018_R10_T13,S018_R10_T00/S018_R10_T01/S018_R10_T02/S018_R10_T03/S018_R10_T04/S018_R10_T05/S018_R10_T06/S018_R10_T07/S018_R10_T08/S018_R10_T09/S018_R10_T10/S018_R10_T11/S018_R10_T12/S018_R10_T13,False,False,False,False,False,False
18,18,target_csp_ledoit_wolf,14,6/10,1/2/3/4/5/6/7/8/9/10/11/12/13/14/15/16/17/19/20,S018_R14_T00/S018_R14_T01/S018_R14_T02/S018_R14_T03/S018_R14_T04/S018_R14_T05/S018_R14_T06/S018_R14_T07/S018_R14_T08/S018_R14_T09/S018_R14_T10/S018_R14_T11/S018_R14_T12/S018_R14_T13,14,7,7,S018_R06_T00/S018_R06_T01/S018_R06_T02/S018_R06_T03/S018_R06_T04/S018_R06_T05/S018_R06_T06/S018_R06_T07/S018_R06_T08/S018_R06_T09/S018_R06_T10/S018_R06_T11/S018_R06_T12/S018_R06_T13/S018_R06_T14/S018_R10_T00/S018_R10_T01/S018_R10_T02/S018_R10_T03/S018_R10_T04/S018_R10_T05/S018_R10_T06/S018_R10_T07/S018_R10_T08/S018_R10_T09/S018_R10_T10/S018_R10_T11/S018_R10_T12/S018_R10_T13/S018_R10_T14,30,False,S018_R14_T00/S018_R14_T01/S018_R14_T02/S018_R14_T03/S018_R14_T04/S018_R14_T05/S018_R14_T06/S018_R14_T07/S018_R14_T08/S018_R14_T09/S018_R14_T10/S018_R14_T11/S018_R14_T12/S018_R14_T13,S018_R14_T00/S018_R14_T01/S018_R14_T02/S018_R14_T03/S018_R14_T04/S018_R14_T05/S018_R14_T06/S018_R14_T07/S018_R14_T08/S018_R14_T09/S018_R14_T10/S018_R14_T11/S018_R14_T12/S018_R14_T13,S018_R14_T00/S018_R14_T01/S018_R14_T02/S018_R14_T03/S018_R14_T04/S018_R14_T05/S018_R14_T06/S018_R14_T07/S018_R14_T08/S018_R14_T09/S018_R14_T10/S018_R14_T11/S018_R14_T12/S018_R14_T13,False,False,False,False,False,False
19,19,source_zero_shot,6,10/14,1/2/3/4/5/6/7/8/9/10/11/12/13/14/15/16/17/18/20,S019_R06_T00/S019_R06_T01/S019_R06_T02/S019_R06_T03/S019_R06_T04/S019_R06_T05/S019_R06_T06/S019_R06_T07/S019_R06_T08/S019_R06_T09/S019_R06_T10/S019_R06_T11/S019_R06_T12/S019_R06_T13,14,7,7,S019_R10_T00/S019_R10_T01/S019_R10_T02/S019_R10_T03/S019_R10_T04/S019_R10_T05/S019_R10_T06/S019_R10_T07/S019_R10_T08/S019_R10_T09/S019_R10_T10/S019_R10_T11/S019_R10_T12/S019_R10_T13/S019_R10_T14/S019_R14_T00/S019_R14_T01/S019_R14_T02/S019_R14_T03/S019_R14_T04/S019_R14_T05/S019_R14_T06/S019_R14_T07/S019_R14_T08/S019_R14_T09/S019_R14_T10/S019_R14_T11/S019_R14_T12/S019_R14_T13/S019_R14_T14,30,False,not_applicable,not_applicable,not_applicable,False,False,False,False,False,False
19,19,source_zero_shot,10,6/14,1/2/3/4/5/6/7/8/9/10/11/12/13/14/15/16/17/18/20,S019_R10_T00/S019_R10_T01/S019_R10_T02/S019_R10_T03/S019_R10_T04/S019_R10_T05/S019_R10_T06/S019_R10_T07/S019_R10_T08/S019_R10_T09/S019_R10_T10/S019_R10_T11/S019_R10_T12/S019_R10_T13,14,7,7,S019_R06_T00/S019_R06_T01/S019_R06_T02/S019_R06_T03/S019_R06_T04/S019_R06_T05/S019_R06_T06/S019_R06_T07/S019_R06_T08/S019_R06_T09/S019_R06_T10/S019_R06_T11/S019_R06_T12/S019_R06_T13/S019_R06_T14/S019_R14_T00/S019_R14_T01/S019_R14_T02/S019_R14_T03/S019_R14_T04/S019_R14_T05/S019_R14_T06/S019_R14_T07/S019_R14_T08/S019_R14_T09/S019_R14_T10/S019_R14_T11/S019_R14_T12/S019_R14_T13/S019_R14_T14,30,False,not_applicable,not_applicable,not_applicable,False,False,False,False,False,False
19,19,source_zero_shot,14,6/10,1/2/3/4/5/6/7/8/9/10/11/12/13/14/15/16/17/18/20,S019_R14_T00/S019_R14_T01/S019_R14_T02/S019_R14_T03/S019_R14_T04/S019_R14_T05/S019_R14_T06/S019_R14_T07/S019_R14_T08/S019_R14_T09/S019_R14_T10/S019_R14_T11/S019_R14_T12/S019_R14_T13,14,7,7,S019_R06_T00/S019_R06_T01/S019_R06_T02/S019_R06_T03/S019_R06_T04/S019_R06_T05/S019_R06_T06/S019_R06_T07/S019_R06_T08/S019_R06_T09/S019_R06_T10/S019_R06_T11/S019_R06_T12/S019_R06_T13/S019_R06_T14/S019_R10_T00/S019_R10_T01/S019_R10_T02/S019_R10_T03/S019_R10_T04/S019_R10_T05/S019_R10_T06/S019_R10_T07/S019_R10_T08/S019_R10_T09/S019_R10_T10/S019_R10_T11/S019_R10_T12/S019_R10_T13/S019_R10_T14,30,False,not_applicable,not_applicable,not_applicable,False,False,False,False,False,False
19,19,source_csp_target_lda_source_scaler,6,10/14,1/2/3/4/5/6/7/8/9/10/11/12/13/14/15/16/17/18/20,S019_R06_T00/S019_R06_T01/S019_R06_T02/S019_R06_T03/S019_R06_T04/S019_R06_T05/S019_R06_T06/S019_R06_T07/S019_R06_T08/S019_R06_T09/S019_R06_T10/S019_R06_T11/S019_R06_T12/S019_R06_T13,14,7,7,S019_R10_T00/S019_R10_T01/S019_R10_T02/S019_R10_T03/S019_R10_T04/S019_R10_T05/S019_R10_T06/S019_R10_T07/S019_R10_T08/S019_R10_T09/S019_R10_T10/S019_R10_T11/S019_R10_T12/S019_R10_T13/S019_R10_T14/S019_R14_T00/S019_R14_T01/S019_R14_T02/S019_R14_T03/S019_R14_T04/S019_R14_T05/S019_R14_T06/S019_R14_T07/S019_R14_T08/S019_R14_T09/S019_R14_T10/S019_R14_T11/S019_R14_T12/S019_R14_T13/S019_R14_T14,30,False,not_applicable,not_applicable,S019_R06_T00/S019_R06_T01/S019_R06_T02/S019_R06_T03/S019_R06_T04/S019_R06_T05/S019_R06_T06/S019_R06_T07/S019_R06_T08/S019_R06_T09/S019_R06_T10/S019_R06_T11/S019_R06_T12/S019_R06_T13,False,False,False,False,False,False
19,19,source_csp_target_lda_source_scaler,10,6/14,1/2/3/4/5/6/7/8/9/10/11/12/13/14/15/16/17/18/20,S019_R10_T00/S019_R10_T01/S019_R10_T02/S019_R10_T03/S019_R10_T04/S019_R10_T05/S019_R10_T06/S019_R10_T07/S019_R10_T08/S019_R10_T09/S019_R10_T10/S019_R10_T11/S019_R10_T12/S019_R10_T13,14,7,7,S019_R06_T00/S019_R06_T01/S019_R06_T02/S019_R06_T03/S019_R06_T04/S019_R06_T05/S019_R06_T06/S019_R06_T07/S019_R06_T08/S019_R06_T09/S019_R06_T10/S019_R06_T11/S019_R06_T12/S019_R06_T13/S019_R06_T14/S019_R14_T00/S019_R14_T01/S019_R14_T02/S019_R14_T03/S019_R14_T04/S019_R14_T05/S019_R14_T06/S019_R14_T07/S019_R14_T08/S019_R14_T09/S019_R14_T10/S019_R14_T11/S019_R14_T12/S019_R14_T13/S019_R14_T14,30,False,not_applicable,not_applicable,S019_R10_T00/S019_R10_T01/S019_R10_T02/S019_R10_T03/S019_R10_T04/S019_R10_T05/S019_R10_T06/S019_R10_T07/S019_R10_T08/S019_R10_T09/S019_R10_T10/S019_R10_T11/S019_R10_T12/S019_R10_T13,False,False,False,False,False,False
19,19,source_csp_target_lda_source_scaler,14,6/10,1/2/3/4/5/6/7/8/9/10/11/12/13/14/15/16/17/18/20,S019_R14_T00/S019_R14_T01/S019_R14_T02/S019_R14_T03/S019_R14_T04/S019_R14_T05/S019_R14_T06/S019_R14_T07/S019_R14_T08/S019_R14_T09/S019_R14_T10/S019_R14_T11/S019_R14_T12/S019_R14_T13,14,7,7,S019_R06_T00/S019_R06_T01/S019_R06_T02/S019_R06_T03/S019_R06_T04/S019_R06_T05/S019_R06_T06/S019_R06_T07/S019_R06_T08/S019_R06_T09/S019_R06_T10/S019_R06_T11/S019_R06_T12/S019_R06_T13/S019_R06_T14/S019_R10_T00/S019_R10_T01/S019_R10_T02/S019_R10_T03/S019_R10_T04/S019_R10_T05/S019_R10_T06/S019_R10_T07/S019_R10_T08/S019_R10_T09/S019_R10_T10/S019_R10_T11/S019_R10_T12/S019_R10_T13/S019_R10_T14,30,False,not_applicable,not_applicable,S019_R14_T00/S019_R14_T01/S019_R14_T02/S019_R14_T03/S019_R14_T04/S019_R14_T05/S019_R14_T06/S019_R14_T07/S019_R14_T08/S019_R14_T09/S019_R14_T10/S019_R14_T11/S019_R14_T12/S019_R14_T13,False,False,False,False,False,False
19,19,source_csp_target_lda_target_scaler,6,10/14,1/2/3/4/5/6/7/8/9/10/11/12/13/14/15/16/17/18/20,S019_R06_T00/S019_R06_T01/S019_R06_T02/S019_R06_T03/S019_R06_T04/S019_R06_T05/S019_R06_T06/S019_R06_T07/S019_R06_T08/S019_R06_T09/S019_R06_T10/S019_R06_T11/S019_R06_T12/S019_R06_T13,14,7,7,S019_R10_T00/S019_R10_T01/S019_R10_T02/S019_R10_T03/S019_R10_T04/S019_R10_T05/S019_R10_T06/S019_R10_T07/S019_R10_T08/S019_R10_T09/S019_R10_T10/S019_R10_T11/S019_R10_T12/S019_R10_T13/S019_R10_T14/S019_R14_T00/S019_R14_T01/S019_R14_T02/S019_R14_T03/S019_R14_T04/S019_R14_T05/S019_R14_T06/S019_R14_T07/S019_R14_T08/S019_R14_T09/S019_R14_T10/S019_R14_T11/S019_R14_T12/S019_R14_T13/S019_R14_T14,30,False,not_applicable,S019_R06_T00/S019_R06_T01/S019_R06_T02/S019_R06_T03/S019_R06_T04/S019_R06_T05/S019_R06_T06/S019_R06_T07/S019_R06_T08/S019_R06_T09/S019_R06_T10/S019_R06_T11/S019_R06_T12/S019_R06_T13,S019_R06_T00/S019_R06_T01/S019_R06_T02/S019_R06_T03/S019_R06_T04/S019_R06_T05/S019_R06_T06/S019_R06_T07/S019_R06_T08/S019_R06_T09/S019_R06_T10/S019_R06_T11/S019_R06_T12/S019_R06_T13,False,False,False,False,False,False
19,19,source_csp_target_lda_target_scaler,10,6/14,1/2/3/4/5/6/7/8/9/10/11/12/13/14/15/16/17/18/20,S019_R10_T00/S019_R10_T01/S019_R10_T02/S019_R10_T03/S019_R10_T04/S019_R10_T05/S019_R10_T06/S019_R10_T07/S019_R10_T08/S019_R10_T09/S019_R10_T10/S019_R10_T11/S019_R10_T12/S019_R10_T13,14,7,7,S019_R06_T00/S019_R06_T01/S019_R06_T02/S019_R06_T03/S019_R06_T04/S019_R06_T05/S019_R06_T06/S019_R06_T07/S019_R06_T08/S019_R06_T09/S019_R06_T10/S019_R06_T11/S019_R06_T12/S019_R06_T13/S019_R06_T14/S019_R14_T00/S019_R14_T01/S019_R14_T02/S019_R14_T03/S019_R14_T04/S019_R14_T05/S019_R14_T06/S019_R14_T07/S019_R14_T08/S019_R14_T09/S019_R14_T10/S019_R14_T11/S019_R14_T12/S019_R14_T13/S019_R14_T14,30,False,not_applicable,S019_R10_T00/S019_R10_T01/S019_R10_T02/S019_R10_T03/S019_R10_T04/S019_R10_T05/S019_R10_T06/S019_R10_T07/S019_R10_T08/S019_R10_T09/S019_R10_T10/S019_R10_T11/S019_R10_T12/S019_R10_T13,S019_R10_T00/S019_R10_T01/S019_R10_T02/S019_R10_T03/S019_R10_T04/S019_R10_T05/S019_R10_T06/S019_R10_T07/S019_R10_T08/S019_R10_T09/S019_R10_T10/S019_R10_T11/S019_R10_T12/S019_R10_T13,False,False,False,False,False,False
19,19,source_csp_target_lda_target_scaler,14,6/10,1/2/3/4/5/6/7/8/9/10/11/12/13/14/15/16/17/18/20,S019_R14_T00/S019_R14_T01/S019_R14_T02/S019_R14_T03/S019_R14_T04/S019_R14_T05/S019_R14_T06/S019_R14_T07/S019_R14_T08/S019_R14_T09/S019_R14_T10/S019_R14_T11/S019_R14_T12/S019_R14_T13,14,7,7,S019_R06_T00/S019_R06_T01/S019_R06_T02/S019_R06_T03/S019_R06_T04/S019_R06_T05/S019_R06_T06/S019_R06_T07/S019_R06_T08/S019_R06_T09/S019_R06_T10/S019_R06_T11/S019_R06_T12/S019_R06_T13/S019_R06_T14/S019_R10_T00/S019_R10_T01/S019_R10_T02/S019_R10_T03/S019_R10_T04/S019_R10_T05/S019_R10_T06/S019_R10_T07/S019_R10_T08/S019_R10_T09/S019_R10_T10/S019_R10_T11/S019_R10_T12/S019_R10_T13/S019_R10_T14,30,False,not_applicable,S019_R14_T00/S019_R14_T01/S019_R14_T02/S019_R14_T03/S019_R14_T04/S019_R14_T05/S019_R14_T06/S019_R14_T07/S019_R14_T08/S019_R14_T09/S019_R14_T10/S019_R14_T11/S019_R14_T12/S019_R14_T13,S019_R14_T00/S019_R14_T01/S019_R14_T02/S019_R14_T03/S019_R14_T04/S019_R14_T05/S019_R14_T06/S019_R14_T07/S019_R14_T08/S019_R14_T09/S019_R14_T10/S019_R14_T11/S019_R14_T12/S019_R14_T13,False,False,False,False,False,False
19,19,target_csp_empirical,6,10/14,1/2/3/4/5/6/7/8/9/10/11/12/13/14/15/16/17/18/20,S019_R06_T00/S019_R06_T01/S019_R06_T02/S019_R06_T03/S019_R06_T04/S019_R06_T05/S019_R06_T06/S019_R06_T07/S019_R06_T08/S019_R06_T09/S019_R06_T10/S019_R06_T11/S019_R06_T12/S019_R06_T13,14,7,7,S019_R10_T00/S019_R10_T01/S019_R10_T02/S019_R10_T03/S019_R10_T04/S019_R10_T05/S019_R10_T06/S019_R10_T07/S019_R10_T08/S019_R10_T09/S019_R10_T10/S019_R10_T11/S019_R10_T12/S019_R10_T13/S019_R10_T14/S019_R14_T00/S019_R14_T01/S019_R14_T02/S019_R14_T03/S019_R14_T04/S019_R14_T05/S019_R14_T06/S019_R14_T07/S019_R14_T08/S019_R14_T09/S019_R14_T10/S019_R14_T11/S019_R14_T12/S019_R14_T13/S019_R14_T14,30,False,S019_R06_T00/S019_R06_T01/S019_R06_T02/S019_R06_T03/S019_R06_T04/S019_R06_T05/S019_R06_T06/S019_R06_T07/S019_R06_T08/S019_R06_T09/S019_R06_T10/S019_R06_T11/S019_R06_T12/S019_R06_T13,S019_R06_T00/S019_R06_T01/S019_R06_T02/S019_R06_T03/S019_R06_T04/S019_R06_T05/S019_R06_T06/S019_R06_T07/S019_R06_T08/S019_R06_T09/S019_R06_T10/S019_R06_T11/S019_R06_T12/S019_R06_T13,S019_R06_T00/S019_R06_T01/S019_R06_T02/S019_R06_T03/S019_R06_T04/S019_R06_T05/S019_R06_T06/S019_R06_T07/S019_R06_T08/S019_R06_T09/S019_R06_T10/S019_R06_T11/S019_R06_T12/S019_R06_T13,False,False,False,False,False,False
19,19,target_csp_empirical,10,6/14,1/2/3/4/5/6/7/8/9/10/11/12/13/14/15/16/17/18/20,S019_R10_T00/S019_R10_T01/S019_R10_T02/S019_R10_T03/S019_R10_T04/S019_R10_T05/S019_R10_T06/S019_R10_T07/S019_R10_T08/S019_R10_T09/S019_R10_T10/S019_R10_T11/S019_R10_T12/S019_R10_T13,14,7,7,S019_R06_T00/S019_R06_T01/S019_R06_T02/S019_R06_T03/S019_R06_T04/S019_R06_T05/S019_R06_T06/S019_R06_T07/S019_R06_T08/S019_R06_T09/S019_R06_T10/S019_R06_T11/S019_R06_T12/S019_R06_T13/S019_R06_T14/S019_R14_T00/S019_R14_T01/S019_R14_T02/S019_R14_T03/S019_R14_T04/S019_R14_T05/S019_R14_T06/S019_R14_T07/S019_R14_T08/S019_R14_T09/S019_R14_T10/S019_R14_T11/S019_R14_T12/S019_R14_T13/S019_R14_T14,30,False,S019_R10_T00/S019_R10_T01/S019_R10_T02/S019_R10_T03/S019_R10_T04/S019_R10_T05/S019_R10_T06/S019_R10_T07/S019_R10_T08/S019_R10_T09/S019_R10_T10/S019_R10_T11/S019_R10_T12/S019_R10_T13,S019_R10_T00/S019_R10_T01/S019_R10_T02/S019_R10_T03/S019_R10_T04/S019_R10_T05/S019_R10_T06/S019_R10_T07/S019_R10_T08/S019_R10_T09/S019_R10_T10/S019_R10_T11/S019_R10_T12/S019_R10_T13,S019_R10_T00/S019_R10_T01/S019_R10_T02/S019_R10_T03/S019_R10_T04/S019_R10_T05/S019_R10_T06/S019_R10_T07/S019_R10_T08/S019_R10_T09/S019_R10_T10/S019_R10_T11/S019_R10_T12/S019_R10_T13,False,False,False,False,False,False
19,19,target_csp_empirical,14,6/10,1/2/3/4/5/6/7/8/9/10/11/12/13/14/15/16/17/18/20,S019_R14_T00/S019_R14_T01/S019_R14_T02/S019_R14_T03/S019_R14_T04/S019_R14_T05/S019_R14_T06/S019_R14_T07/S019_R14_T08/S019_R14_T09/S019_R14_T10/S019_R14_T11/S019_R14_T12/S019_R14_T13,14,7,7,S019_R06_T00/S019_R06_T01/S019_R06_T02/S019_R06_T03/S019_R06_T04/S019_R06_T05/S019_R06_T06/S019_R06_T07/S019_R06_T08/S019_R06_T09/S019_R06_T10/S019_R06_T11/S019_R06_T12/S019_R06_T13/S019_R06_T14/S019_R10_T00/S019_R10_T01/S019_R10_T02/S019_R10_T03/S019_R10_T04/S019_R10_T05/S019_R10_T06/S019_R10_T07/S019_R10_T08/S019_R10_T09/S019_R10_T10/S019_R10_T11/S019_R10_T12/S019_R10_T13/S019_R10_T14,30,False,S019_R14_T00/S019_R14_T01/S019_R14_T02/S019_R14_T03/S019_R14_T04/S019_R14_T05/S019_R14_T06/S019_R14_T07/S019_R14_T08/S019_R14_T09/S019_R14_T10/S019_R14_T11/S019_R14_T12/S019_R14_T13,S019_R14_T00/S019_R14_T01/S019_R14_T02/S019_R14_T03/S019_R14_T04/S019_R14_T05/S019_R14_T06/S019_R14_T07/S019_R14_T08/S019_R14_T09/S019_R14_T10/S019_R14_T11/S019_R14_T12/S019_R14_T13,S019_R14_T00/S019_R14_T01/S019_R14_T02/S019_R14_T03/S019_R14_T04/S019_R14_T05/S019_R14_T06/S019_R14_T07/S019_R14_T08/S019_R14_T09/S019_R14_T10/S019_R14_T11/S019_R14_T12/S019_R14_T13,False,False,False,False,False,False
19,19,target_csp_ledoit_wolf,6,10/14,1/2/3/4/5/6/7/8/9/10/11/12/13/14/15/16/17/18/20,S019_R06_T00/S019_R06_T01/S019_R06_T02/S019_R06_T03/S019_R06_T04/S019_R06_T05/S019_R06_T06/S019_R06_T07/S019_R06_T08/S019_R06_T09/S019_R06_T10/S019_R06_T11/S019_R06_T12/S019_R06_T13,14,7,7,S019_R10_T00/S019_R10_T01/S019_R10_T02/S019_R10_T03/S019_R10_T04/S019_R10_T05/S019_R10_T06/S019_R10_T07/S019_R10_T08/S019_R10_T09/S019_R10_T10/S019_R10_T11/S019_R10_T12/S019_R10_T13/S019_R10_T14/S019_R14_T00/S019_R14_T01/S019_R14_T02/S019_R14_T03/S019_R14_T04/S019_R14_T05/S019_R14_T06/S019_R14_T07/S019_R14_T08/S019_R14_T09/S019_R14_T10/S019_R14_T11/S019_R14_T12/S019_R14_T13/S019_R14_T14,30,False,S019_R06_T00/S019_R06_T01/S019_R06_T02/S019_R06_T03/S019_R06_T04/S019_R06_T05/S019_R06_T06/S019_R06_T07/S019_R06_T08/S019_R06_T09/S019_R06_T10/S019_R06_T11/S019_R06_T12/S019_R06_T13,S019_R06_T00/S019_R06_T01/S019_R06_T02/S019_R06_T03/S019_R06_T04/S019_R06_T05/S019_R06_T06/S019_R06_T07/S019_R06_T08/S019_R06_T09/S019_R06_T10/S019_R06_T11/S019_R06_T12/S019_R06_T13,S019_R06_T00/S019_R06_T01/S019_R06_T02/S019_R06_T03/S019_R06_T04/S019_R06_T05/S019_R06_T06/S019_R06_T07/S019_R06_T08/S019_R06_T09/S019_R06_T10/S019_R06_T11/S019_R06_T12/S019_R06_T13,False,False,False,False,False,False
19,19,target_csp_ledoit_wolf,10,6/14,1/2/3/4/5/6/7/8/9/10/11/12/13/14/15/16/17/18/20,S019_R10_T00/S019_R10_T01/S019_R10_T02/S019_R10_T03/S019_R10_T04/S019_R10_T05/S019_R10_T06/S019_R10_T07/S019_R10_T08/S019_R10_T09/S019_R10_T10/S019_R10_T11/S019_R10_T12/S019_R10_T13,14,7,7,S019_R06_T00/S019_R06_T01/S019_R06_T02/S019_R06_T03/S019_R06_T04/S019_R06_T05/S019_R06_T06/S019_R06_T07/S019_R06_T08/S019_R06_T09/S019_R06_T10/S019_R06_T11/S019_R06_T12/S019_R06_T13/S019_R06_T14/S019_R14_T00/S019_R14_T01/S019_R14_T02/S019_R14_T03/S019_R14_T04/S019_R14_T05/S019_R14_T06/S019_R14_T07/S019_R14_T08/S019_R14_T09/S019_R14_T10/S019_R14_T11/S019_R14_T12/S019_R14_T13/S019_R14_T14,30,False,S019_R10_T00/S019_R10_T01/S019_R10_T02/S019_R10_T03/S019_R10_T04/S019_R10_T05/S019_R10_T06/S019_R10_T07/S019_R10_T08/S019_R10_T09/S019_R10_T10/S019_R10_T11/S019_R10_T12/S019_R10_T13,S019_R10_T00/S019_R10_T01/S019_R10_T02/S019_R10_T03/S019_R10_T04/S019_R10_T05/S019_R10_T06/S019_R10_T07/S019_R10_T08/S019_R10_T09/S019_R10_T10/S019_R10_T11/S019_R10_T12/S019_R10_T13,S019_R10_T00/S019_R10_T01/S019_R10_T02/S019_R10_T03/S019_R10_T04/S019_R10_T05/S019_R10_T06/S019_R10_T07/S019_R10_T08/S019_R10_T09/S019_R10_T10/S019_R10_T11/S019_R10_T12/S019_R10_T13,False,False,False,False,False,False
19,19,target_csp_ledoit_wolf,14,6/10,1/2/3/4/5/6/7/8/9/10/11/12/13/14/15/16/17/18/20,S019_R14_T00/S019_R14_T01/S019_R14_T02/S019_R14_T03/S019_R14_T04/S019_R14_T05/S019_R14_T06/S019_R14_T07/S019_R14_T08/S019_R14_T09/S019_R14_T10/S019_R14_T11/S019_R14_T12/S019_R14_T13,14,7,7,S019_R06_T00/S019_R06_T01/S019_R06_T02/S019_R06_T03/S019_R06_T04/S019_R06_T05/S019_R06_T06/S019_R06_T07/S019_R06_T08/S019_R06_T09/S019_R06_T10/S019_R06_T11/S019_R06_T12/S019_R06_T13/S019_R06_T14/S019_R10_T00/S019_R10_T01/S019_R10_T02/S019_R10_T03/S019_R10_T04/S019_R10_T05/S019_R10_T06/S019_R10_T07/S019_R10_T08/S019_R10_T09/S019_R10_T10/S019_R10_T11/S019_R10_T12/S019_R10_T13/S019_R10_T14,30,False,S019_R14_T00/S019_R14_T01/S019_R14_T02/S019_R14_T03/S019_R14_T04/S019_R14_T05/S019_R14_T06/S019_R14_T07/S019_R14_T08/S019_R14_T09/S019_R14_T10/S019_R14_T11/S019_R14_T12/S019_R14_T13,S019_R14_T00/S019_R14_T01/S019_R14_T02/S019_R14_T03/S019_R14_T04/S019_R14_T05/S019_R14_T06/S019_R14_T07/S019_R14_T08/S019_R14_T09/S019_R14_T10/S019_R14_T11/S019_R14_T12/S019_R14_T13,S019_R14_T00/S019_R14_T01/S019_R14_T02/S019_R14_T03/S019_R14_T04/S019_R14_T05/S019_R14_T06/S019_R14_T07/S019_R14_T08/S019_R14_T09/S019_R14_T10/S019_R14_T11/S019_R14_T12/S019_R14_T13,False,False,False,False,False,False
20,20,source_zero_shot,6,10/14,1/2/3/4/5/6/7/8/9/10/11/12/13/14/15/16/17/18/19,S020_R06_T00/S020_R06_T01/S020_R06_T02/S020_R06_T03/S020_R06_T04/S020_R06_T05/S020_R06_T06/S020_R06_T07/S020_R06_T08/S020_R06_T09/S020_R06_T10/S020_R06_T11/S020_R06_T12/S020_R06_T13,14,7,7,S020_R10_T00/S020_R10_T01/S020_R10_T02/S020_R10_T03/S020_R10_T04/S020_R10_T05/S020_R10_T06/S020_R10_T07/S020_R10_T08/S020_R10_T09/S020_R10_T10/S020_R10_T11/S020_R10_T12/S020_R10_T13/S020_R10_T14/S020_R14_T00/S020_R14_T01/S020_R14_T02/S020_R14_T03/S020_R14_T04/S020_R14_T05/S020_R14_T06/S020_R14_T07/S020_R14_T08/S020_R14_T09/S020_R14_T10/S020_R14_T11/S020_R14_T12/S020_R14_T13/S020_R14_T14,30,False,not_applicable,not_applicable,not_applicable,False,False,False,False,False,False
20,20,source_zero_shot,10,6/14,1/2/3/4/5/6/7/8/9/10/11/12/13/14/15/16/17/18/19,S020_R10_T00/S020_R10_T01/S020_R10_T02/S020_R10_T03/S020_R10_T04/S020_R10_T05/S020_R10_T06/S020_R10_T07/S020_R10_T08/S020_R10_T09/S020_R10_T10/S020_R10_T11/S020_R10_T12/S020_R10_T13,14,7,7,S020_R06_T00/S020_R06_T01/S020_R06_T02/S020_R06_T03/S020_R06_T04/S020_R06_T05/S020_R06_T06/S020_R06_T07/S020_R06_T08/S020_R06_T09/S020_R06_T10/S020_R06_T11/S020_R06_T12/S020_R06_T13/S020_R06_T14/S020_R14_T00/S020_R14_T01/S020_R14_T02/S020_R14_T03/S020_R14_T04/S020_R14_T05/S020_R14_T06/S020_R14_T07/S020_R14_T08/S020_R14_T09/S020_R14_T10/S020_R14_T11/S020_R14_T12/S020_R14_T13/S020_R14_T14,30,False,not_applicable,not_applicable,not_applicable,False,False,False,False,False,False
20,20,source_zero_shot,14,6/10,1/2/3/4/5/6/7/8/9/10/11/12/13/14/15/16/17/18/19,S020_R14_T00/S020_R14_T01/S020_R14_T02/S020_R14_T03/S020_R14_T04/S020_R14_T05/S020_R14_T06/S020_R14_T07/S020_R14_T08/S020_R14_T09/S020_R14_T10/S020_R14_T11/S020_R14_T12/S020_R14_T13,14,7,7,S020_R06_T00/S020_R06_T01/S020_R06_T02/S020_R06_T03/S020_R06_T04/S020_R06_T05/S020_R06_T06/S020_R06_T07/S020_R06_T08/S020_R06_T09/S020_R06_T10/S020_R06_T11/S020_R06_T12/S020_R06_T13/S020_R06_T14/S020_R10_T00/S020_R10_T01/S020_R10_T02/S020_R10_T03/S020_R10_T04/S020_R10_T05/S020_R10_T06/S020_R10_T07/S020_R10_T08/S020_R10_T09/S020_R10_T10/S020_R10_T11/S020_R10_T12/S020_R10_T13/S020_R10_T14,30,False,not_applicable,not_applicable,not_applicable,False,False,False,False,False,False
20,20,source_csp_target_lda_source_scaler,6,10/14,1/2/3/4/5/6/7/8/9/10/11/12/13/14/15/16/17/18/19,S020_R06_T00/S020_R06_T01/S020_R06_T02/S020_R06_T03/S020_R06_T04/S020_R06_T05/S020_R06_T06/S020_R06_T07/S020_R06_T08/S020_R06_T09/S020_R06_T10/S020_R06_T11/S020_R06_T12/S020_R06_T13,14,7,7,S020_R10_T00/S020_R10_T01/S020_R10_T02/S020_R10_T03/S020_R10_T04/S020_R10_T05/S020_R10_T06/S020_R10_T07/S020_R10_T08/S020_R10_T09/S020_R10_T10/S020_R10_T11/S020_R10_T12/S020_R10_T13/S020_R10_T14/S020_R14_T00/S020_R14_T01/S020_R14_T02/S020_R14_T03/S020_R14_T04/S020_R14_T05/S020_R14_T06/S020_R14_T07/S020_R14_T08/S020_R14_T09/S020_R14_T10/S020_R14_T11/S020_R14_T12/S020_R14_T13/S020_R14_T14,30,False,not_applicable,not_applicable,S020_R06_T00/S020_R06_T01/S020_R06_T02/S020_R06_T03/S020_R06_T04/S020_R06_T05/S020_R06_T06/S020_R06_T07/S020_R06_T08/S020_R06_T09/S020_R06_T10/S020_R06_T11/S020_R06_T12/S020_R06_T13,False,False,False,False,False,False
20,20,source_csp_target_lda_source_scaler,10,6/14,1/2/3/4/5/6/7/8/9/10/11/12/13/14/15/16/17/18/19,S020_R10_T00/S020_R10_T01/S020_R10_T02/S020_R10_T03/S020_R10_T04/S020_R10_T05/S020_R10_T06/S020_R10_T07/S020_R10_T08/S020_R10_T09/S020_R10_T10/S020_R10_T11/S020_R10_T12/S020_R10_T13,14,7,7,S020_R06_T00/S020_R06_T01/S020_R06_T02/S020_R06_T03/S020_R06_T04/S020_R06_T05/S020_R06_T06/S020_R06_T07/S020_R06_T08/S020_R06_T09/S020_R06_T10/S020_R06_T11/S020_R06_T12/S020_R06_T13/S020_R06_T14/S020_R14_T00/S020_R14_T01/S020_R14_T02/S020_R14_T03/S020_R14_T04/S020_R14_T05/S020_R14_T06/S020_R14_T07/S020_R14_T08/S020_R14_T09/S020_R14_T10/S020_R14_T11/S020_R14_T12/S020_R14_T13/S020_R14_T14,30,False,not_applicable,not_applicable,S020_R10_T00/S020_R10_T01/S020_R10_T02/S020_R10_T03/S020_R10_T04/S020_R10_T05/S020_R10_T06/S020_R10_T07/S020_R10_T08/S020_R10_T09/S020_R10_T10/S020_R10_T11/S020_R10_T12/S020_R10_T13,False,False,False,False,False,False
20,20,source_csp_target_lda_source_scaler,14,6/10,1/2/3/4/5/6/7/8/9/10/11/12/13/14/15/16/17/18/19,S020_R14_T00/S020_R14_T01/S020_R14_T02/S020_R14_T03/S020_R14_T04/S020_R14_T05/S020_R14_T06/S020_R14_T07/S020_R14_T08/S020_R14_T09/S020_R14_T10/S020_R14_T11/S020_R14_T12/S020_R14_T13,14,7,7,S020_R06_T00/S020_R06_T01/S020_R06_T02/S020_R06_T03/S020_R06_T04/S020_R06_T05/S020_R06_T06/S020_R06_T07/S020_R06_T08/S020_R06_T09/S020_R06_T10/S020_R06_T11/S020_R06_T12/S020_R06_T13/S020_R06_T14/S020_R10_T00/S020_R10_T01/S020_R10_T02/S020_R10_T03/S020_R10_T04/S020_R10_T05/S020_R10_T06/S020_R10_T07/S020_R10_T08/S020_R10_T09/S020_R10_T10/S020_R10_T11/S020_R10_T12/S020_R10_T13/S020_R10_T14,30,False,not_applicable,not_applicable,S020_R14_T00/S020_R14_T01/S020_R14_T02/S020_R14_T03/S020_R14_T04/S020_R14_T05/S020_R14_T06/S020_R14_T07/S020_R14_T08/S020_R14_T09/S020_R14_T10/S020_R14_T11/S020_R14_T12/S020_R14_T13,False,False,False,False,False,False
20,20,source_csp_target_lda_target_scaler,6,10/14,1/2/3/4/5/6/7/8/9/10/11/12/13/14/15/16/17/18/19,S020_R06_T00/S020_R06_T01/S020_R06_T02/S020_R06_T03/S020_R06_T04/S020_R06_T05/S020_R06_T06/S020_R06_T07/S020_R06_T08/S020_R06_T09/S020_R06_T10/S020_R06_T11/S020_R06_T12/S020_R06_T13,14,7,7,S020_R10_T00/S020_R10_T01/S020_R10_T02/S020_R10_T03/S020_R10_T04/S020_R10_T05/S020_R10_T06/S020_R10_T07/S020_R10_T08/S020_R10_T09/S020_R10_T10/S020_R10_T11/S020_R10_T12/S020_R10_T13/S020_R10_T14/S020_R14_T00/S020_R14_T01/S020_R14_T02/S020_R14_T03/S020_R14_T04/S020_R14_T05/S020_R14_T06/S020_R14_T07/S020_R14_T08/S020_R14_T09/S020_R14_T10/S020_R14_T11/S020_R14_T12/S020_R14_T13/S020_R14_T14,30,False,not_applicable,S020_R06_T00/S020_R06_T01/S020_R06_T02/S020_R06_T03/S020_R06_T04/S020_R06_T05/S020_R06_T06/S020_R06_T07/S020_R06_T08/S020_R06_T09/S020_R06_T10/S020_R06_T11/S020_R06_T12/S020_R06_T13,S020_R06_T00/S020_R06_T01/S020_R06_T02/S020_R06_T03/S020_R06_T04/S020_R06_T05/S020_R06_T06/S020_R06_T07/S020_R06_T08/S020_R06_T09/S020_R06_T10/S020_R06_T11/S020_R06_T12/S020_R06_T13,False,False,False,False,False,False
20,20,source_csp_target_lda_target_scaler,10,6/14,1/2/3/4/5/6/7/8/9/10/11/12/13/14/15/16/17/18/19,S020_R10_T00/S020_R10_T01/S020_R10_T02/S020_R10_T03/S020_R10_T04/S020_R10_T05/S020_R10_T06/S020_R10_T07/S020_R10_T08/S020_R10_T09/S020_R10_T10/S020_R10_T11/S020_R10_T12/S020_R10_T13,14,7,7,S020_R06_T00/S020_R06_T01/S020_R06_T02/S020_R06_T03/S020_R06_T04/S020_R06_T05/S020_R06_T06/S020_R06_T07/S020_R06_T08/S020_R06_T09/S020_R06_T10/S020_R06_T11/S020_R06_T12/S020_R06_T13/S020_R06_T14/S020_R14_T00/S020_R14_T01/S020_R14_T02/S020_R14_T03/S020_R14_T04/S020_R14_T05/S020_R14_T06/S020_R14_T07/S020_R14_T08/S020_R14_T09/S020_R14_T10/S020_R14_T11/S020_R14_T12/S020_R14_T13/S020_R14_T14,30,False,not_applicable,S020_R10_T00/S020_R10_T01/S020_R10_T02/S020_R10_T03/S020_R10_T04/S020_R10_T05/S020_R10_T06/S020_R10_T07/S020_R10_T08/S020_R10_T09/S020_R10_T10/S020_R10_T11/S020_R10_T12/S020_R10_T13,S020_R10_T00/S020_R10_T01/S020_R10_T02/S020_R10_T03/S020_R10_T04/S020_R10_T05/S020_R10_T06/S020_R10_T07/S020_R10_T08/S020_R10_T09/S020_R10_T10/S020_R10_T11/S020_R10_T12/S020_R10_T13,False,False,False,False,False,False
20,20,source_csp_target_lda_target_scaler,14,6/10,1/2/3/4/5/6/7/8/9/10/11/12/13/14/15/16/17/18/19,S020_R14_T00/S020_R14_T01/S020_R14_T02/S020_R14_T03/S020_R14_T04/S020_R14_T05/S020_R14_T06/S020_R14_T07/S020_R14_T08/S020_R14_T09/S020_R14_T10/S020_R14_T11/S020_R14_T12/S020_R14_T13,14,7,7,S020_R06_T00/S020_R06_T01/S020_R06_T02/S020_R06_T03/S020_R06_T04/S020_R06_T05/S020_R06_T06/S020_R06_T07/S020_R06_T08/S020_R06_T09/S020_R06_T10/S020_R06_T11/S020_R06_T12/S020_R06_T13/S020_R06_T14/S020_R10_T00/S020_R10_T01/S020_R10_T02/S020_R10_T03/S020_R10_T04/S020_R10_T05/S020_R10_T06/S020_R10_T07/S020_R10_T08/S020_R10_T09/S020_R10_T10/S020_R10_T11/S020_R10_T12/S020_R10_T13/S020_R10_T14,30,False,not_applicable,S020_R14_T00/S020_R14_T01/S020_R14_T02/S020_R14_T03/S020_R14_T04/S020_R14_T05/S020_R14_T06/S020_R14_T07/S020_R14_T08/S020_R14_T09/S020_R14_T10/S020_R14_T11/S020_R14_T12/S020_R14_T13,S020_R14_T00/S020_R14_T01/S020_R14_T02/S020_R14_T03/S020_R14_T04/S020_R14_T05/S020_R14_T06/S020_R14_T07/S020_R14_T08/S020_R14_T09/S020_R14_T10/S020_R14_T11/S020_R14_T12/S020_R14_T13,False,False,False,False,False,False
20,20,target_csp_empirical,6,10/14,1/2/3/4/5/6/7/8/9/10/11/12/13/14/15/16/17/18/19,S020_R06_T00/S020_R06_T01/S020_R06_T02/S020_R06_T03/S020_R06_T04/S020_R06_T05/S020_R06_T06/S020_R06_T07/S020_R06_T08/S020_R06_T09/S020_R06_T10/S020_R06_T11/S020_R06_T12/S020_R06_T13,14,7,7,S020_R10_T00/S020_R10_T01/S020_R10_T02/S020_R10_T03/S020_R10_T04/S020_R10_T05/S020_R10_T06/S020_R10_T07/S020_R10_T08/S020_R10_T09/S020_R10_T10/S020_R10_T11/S020_R10_T12/S020_R10_T13/S020_R10_T14/S020_R14_T00/S020_R14_T01/S020_R14_T02/S020_R14_T03/S020_R14_T04/S020_R14_T05/S020_R14_T06/S020_R14_T07/S020_R14_T08/S020_R14_T09/S020_R14_T10/S020_R14_T11/S020_R14_T12/S020_R14_T13/S020_R14_T14,30,False,S020_R06_T00/S020_R06_T01/S020_R06_T02/S020_R06_T03/S020_R06_T04/S020_R06_T05/S020_R06_T06/S020_R06_T07/S020_R06_T08/S020_R06_T09/S020_R06_T10/S020_R06_T11/S020_R06_T12/S020_R06_T13,S020_R06_T00/S020_R06_T01/S020_R06_T02/S020_R06_T03/S020_R06_T04/S020_R06_T05/S020_R06_T06/S020_R06_T07/S020_R06_T08/S020_R06_T09/S020_R06_T10/S020_R06_T11/S020_R06_T12/S020_R06_T13,S020_R06_T00/S020_R06_T01/S020_R06_T02/S020_R06_T03/S020_R06_T04/S020_R06_T05/S020_R06_T06/S020_R06_T07/S020_R06_T08/S020_R06_T09/S020_R06_T10/S020_R06_T11/S020_R06_T12/S020_R06_T13,False,False,False,False,False,False
20,20,target_csp_empirical,10,6/14,1/2/3/4/5/6/7/8/9/10/11/12/13/14/15/16/17/18/19,S020_R10_T00/S020_R10_T01/S020_R10_T02/S020_R10_T03/S020_R10_T04/S020_R10_T05/S020_R10_T06/S020_R10_T07/S020_R10_T08/S020_R10_T09/S020_R10_T10/S020_R10_T11/S020_R10_T12/S020_R10_T13,14,7,7,S020_R06_T00/S020_R06_T01/S020_R06_T02/S020_R06_T03/S020_R06_T04/S020_R06_T05/S020_R06_T06/S020_R06_T07/S020_R06_T08/S020_R06_T09/S020_R06_T10/S020_R06_T11/S020_R06_T12/S020_R06_T13/S020_R06_T14/S020_R14_T00/S020_R14_T01/S020_R14_T02/S020_R14_T03/S020_R14_T04/S020_R14_T05/S020_R14_T06/S020_R14_T07/S020_R14_T08/S020_R14_T09/S020_R14_T10/S020_R14_T11/S020_R14_T12/S020_R14_T13/S020_R14_T14,30,False,S020_R10_T00/S020_R10_T01/S020_R10_T02/S020_R10_T03/S020_R10_T04/S020_R10_T05/S020_R10_T06/S020_R10_T07/S020_R10_T08/S020_R10_T09/S020_R10_T10/S020_R10_T11/S020_R10_T12/S020_R10_T13,S020_R10_T00/S020_R10_T01/S020_R10_T02/S020_R10_T03/S020_R10_T04/S020_R10_T05/S020_R10_T06/S020_R10_T07/S020_R10_T08/S020_R10_T09/S020_R10_T10/S020_R10_T11/S020_R10_T12/S020_R10_T13,S020_R10_T00/S020_R10_T01/S020_R10_T02/S020_R10_T03/S020_R10_T04/S020_R10_T05/S020_R10_T06/S020_R10_T07/S020_R10_T08/S020_R10_T09/S020_R10_T10/S020_R10_T11/S020_R10_T12/S020_R10_T13,False,False,False,False,False,False
20,20,target_csp_empirical,14,6/10,1/2/3/4/5/6/7/8/9/10/11/12/13/14/15/16/17/18/19,S020_R14_T00/S020_R14_T01/S020_R14_T02/S020_R14_T03/S020_R14_T04/S020_R14_T05/S020_R14_T06/S020_R14_T07/S020_R14_T08/S020_R14_T09/S020_R14_T10/S020_R14_T11/S020_R14_T12/S020_R14_T13,14,7,7,S020_R06_T00/S020_R06_T01/S020_R06_T02/S020_R06_T03/S020_R06_T04/S020_R06_T05/S020_R06_T06/S020_R06_T07/S020_R06_T08/S020_R06_T09/S020_R06_T10/S020_R06_T11/S020_R06_T12/S020_R06_T13/S020_R06_T14/S020_R10_T00/S020_R10_T01/S020_R10_T02/S020_R10_T03/S020_R10_T04/S020_R10_T05/S020_R10_T06/S020_R10_T07/S020_R10_T08/S020_R10_T09/S020_R10_T10/S020_R10_T11/S020_R10_T12/S020_R10_T13/S020_R10_T14,30,False,S020_R14_T00/S020_R14_T01/S020_R14_T02/S020_R14_T03/S020_R14_T04/S020_R14_T05/S020_R14_T06/S020_R14_T07/S020_R14_T08/S020_R14_T09/S020_R14_T10/S020_R14_T11/S020_R14_T12/S020_R14_T13,S020_R14_T00/S020_R14_T01/S020_R14_T02/S020_R14_T03/S020_R14_T04/S020_R14_T05/S020_R14_T06/S020_R14_T07/S020_R14_T08/S020_R14_T09/S020_R14_T10/S020_R14_T11/S020_R14_T12/S020_R14_T13,S020_R14_T00/S020_R14_T01/S020_R14_T02/S020_R14_T03/S020_R14_T04/S020_R14_T05/S020_R14_T06/S020_R14_T07/S020_R14_T08/S020_R14_T09/S020_R14_T10/S020_R14_T11/S020_R14_T12/S020_R14_T13,False,False,False,False,False,False
20,20,target_csp_ledoit_wolf,6,10/14,1/2/3/4/5/6/7/8/9/10/11/12/13/14/15/16/17/18/19,S020_R06_T00/S020_R06_T01/S020_R06_T02/S020_R06_T03/S020_R06_T04/S020_R06_T05/S020_R06_T06/S020_R06_T07/S020_R06_T08/S020_R06_T09/S020_R06_T10/S020_R06_T11/S020_R06_T12/S020_R06_T13,14,7,7,S020_R10_T00/S020_R10_T01/S020_R10_T02/S020_R10_T03/S020_R10_T04/S020_R10_T05/S020_R10_T06/S020_R10_T07/S020_R10_T08/S020_R10_T09/S020_R10_T10/S020_R10_T11/S020_R10_T12/S020_R10_T13/S020_R10_T14/S020_R14_T00/S020_R14_T01/S020_R14_T02/S020_R14_T03/S020_R14_T04/S020_R14_T05/S020_R14_T06/S020_R14_T07/S020_R14_T08/S020_R14_T09/S020_R14_T10/S020_R14_T11/S020_R14_T12/S020_R14_T13/S020_R14_T14,30,False,S020_R06_T00/S020_R06_T01/S020_R06_T02/S020_R06_T03/S020_R06_T04/S020_R06_T05/S020_R06_T06/S020_R06_T07/S020_R06_T08/S020_R06_T09/S020_R06_T10/S020_R06_T11/S020_R06_T12/S020_R06_T13,S020_R06_T00/S020_R06_T01/S020_R06_T02/S020_R06_T03/S020_R06_T04/S020_R06_T05/S020_R06_T06/S020_R06_T07/S020_R06_T08/S020_R06_T09/S020_R06_T10/S020_R06_T11/S020_R06_T12/S020_R06_T13,S020_R06_T00/S020_R06_T01/S020_R06_T02/S020_R06_T03/S020_R06_T04/S020_R06_T05/S020_R06_T06/S020_R06_T07/S020_R06_T08/S020_R06_T09/S020_R06_T10/S020_R06_T11/S020_R06_T12/S020_R06_T13,False,False,False,False,False,False
20,20,target_csp_ledoit_wolf,10,6/14,1/2/3/4/5/6/7/8/9/10/11/12/13/14/15/16/17/18/19,S020_R10_T00/S020_R10_T01/S020_R10_T02/S020_R10_T03/S020_R10_T04/S020_R10_T05/S020_R10_T06/S020_R10_T07/S020_R10_T08/S020_R10_T09/S020_R10_T10/S020_R10_T11/S020_R10_T12/S020_R10_T13,14,7,7,S020_R06_T00/S020_R06_T01/S020_R06_T02/S020_R06_T03/S020_R06_T04/S020_R06_T05/S020_R06_T06/S020_R06_T07/S020_R06_T08/S020_R06_T09/S020_R06_T10/S020_R06_T11/S020_R06_T12/S020_R06_T13/S020_R06_T14/S020_R14_T00/S020_R14_T01/S020_R14_T02/S020_R14_T03/S020_R14_T04/S020_R14_T05/S020_R14_T06/S020_R14_T07/S020_R14_T08/S020_R14_T09/S020_R14_T10/S020_R14_T11/S020_R14_T12/S020_R14_T13/S020_R14_T14,30,False,S020_R10_T00/S020_R10_T01/S020_R10_T02/S020_R10_T03/S020_R10_T04/S020_R10_T05/S020_R10_T06/S020_R10_T07/S020_R10_T08/S020_R10_T09/S020_R10_T10/S020_R10_T11/S020_R10_T12/S020_R10_T13,S020_R10_T00/S020_R10_T01/S020_R10_T02/S020_R10_T03/S020_R10_T04/S020_R10_T05/S020_R10_T06/S020_R10_T07/S020_R10_T08/S020_R10_T09/S020_R10_T10/S020_R10_T11/S020_R10_T12/S020_R10_T13,S020_R10_T00/S020_R10_T01/S020_R10_T02/S020_R10_T03/S020_R10_T04/S020_R10_T05/S020_R10_T06/S020_R10_T07/S020_R10_T08/S020_R10_T09/S020_R10_T10/S020_R10_T11/S020_R10_T12/S020_R10_T13,False,False,False,False,False,False
20,20,target_csp_ledoit_wolf,14,6/10,1/2/3/4/5/6/7/8/9/10/11/12/13/14/15/16/17/18/19,S020_R14_T00/S020_R14_T01/S020_R14_T02/S020_R14_T03/S020_R14_T04/S020_R14_T05/S020_R14_T06/S020_R14_T07/S020_R14_T08/S020_R14_T09/S020_R14_T10/S020_R14_T11/S020_R14_T12/S020_R14_T13,14,7,7,S020_R06_T00/S020_R06_T01/S020_R06_T02/S020_R06_T03/S020_R06_T04/S020_R06_T05/S020_R06_T06/S020_R06_T07/S020_R06_T08/S020_R06_T09/S020_R06_T10/S020_R06_T11/S020_R06_T12/S020_R06_T13/S020_R06_T14/S020_R10_T00/S020_R10_T01/S020_R10_T02/S020_R10_T03/S020_R10_T04/S020_R10_T05/S020_R10_T06/S020_R10_T07/S020_R10_T08/S020_R10_T09/S020_R10_T10/S020_R10_T11/S020_R10_T12/S020_R10_T13/S020_R10_T14,30,False,S020_R14_T00/S020_R14_T01/S020_R14_T02/S020_R14_T03/S020_R14_T04/S020_R14_T05/S020_R14_T06/S020_R14_T07/S020_R14_T08/S020_R14_T09/S020_R14_T10/S020_R14_T11/S020_R14_T12/S020_R14_T13,S020_R14_T00/S020_R14_T01/S020_R14_T02/S020_R14_T03/S020_R14_T04/S020_R14_T05/S020_R14_T06/S020_R14_T07/S020_R14_T08/S020_R14_T09/S020_R14_T10/S020_R14_T11/S020_R14_T12/S020_R14_T13,S020_R14_T00/S020_R14_T01/S020_R14_T02/S020_R14_T03/S020_R14_T04/S020_R14_T05/S020_R14_T06/S020_R14_T07/S020_R14_T08/S020_R14_T09/S020_R14_T10/S020_R14_T11/S020_R14_T12/S020_R14_T13,False,False,False,False,False,False
