analysis_set,run,semantic_condition,channel,frequency_band,trial_count,mean_change_percent,standard_deviation_change_percent,median_change_percent,q25_change_percent,q75_change_percent,iqr_change_percentage_points,minimum_change_percent,maximum_change_percent
all_trials,10,both_feet_imagery,AF3,beta,8,-9.613618017606582,39.16579939315153,-18.66657270211475,-42.21329158671041,23.920509861989718,66.13380144870013,-51.468378907618415,51.368834921268636
all_trials,10,both_feet_imagery,AF3,central_12_13,8,-21.274213715087576,53.95332959406473,-33.32016208024375,-54.37501772074501,-4.435627690619659,49.939390030125345,-74.62545278776122,95.90604866410725
all_trials,10,both_feet_imagery,AF3,mu,8,-15.738736361506366,47.61805606853742,-30.217066890652646,-49.04769703441739,3.9588835196791337,53.00658055409652,-63.18076934376552,79.63003502623008
all_trials,10,both_feet_imagery,AF4,beta,8,18.864713914775223,52.105542162212565,10.465236332160591,-31.99044509373585,61.236693238014674,93.22713833175052,-33.917120497621404,99.29814793698071
all_trials,10,both_feet_imagery,AF4,central_12_13,8,11.820929653392595,74.63813651211508,0.36244736060647753,-54.45068443546627,44.69394631840489,99.14463075387116,-58.923469567290965,132.7913025395864
all_trials,10,both_feet_imagery,AF4,mu,8,-6.937214910687263,39.04593719012963,-11.39336805772511,-38.34626073204574,12.324095140529328,50.67035587257507,-50.5266908849827,62.660336959713554
all_trials,10,both_feet_imagery,AF7,beta,8,-8.575035966024904,41.27176507614161,-19.4305744579333,-42.42734130695186,24.876478642696284,67.30381994964814,-52.08796598802545,55.90321832222999
all_trials,10,both_feet_imagery,AF7,central_12_13,8,-20.978645128210317,53.308637181355,-34.577643985383375,-55.12006311937783,-1.2201371490456585,53.89992597033218,-73.71250777311168,92.6864936393829
all_trials,10,both_feet_imagery,AF7,mu,8,-13.953171898607405,49.429551689080085,-28.938947891986285,-48.241680748930236,6.960277681492128,55.201958430422366,-63.10135231294249,85.00119284914518
all_trials,10,both_feet_imagery,AF8,beta,8,8.597860513186948,32.97449396843904,4.8003000435749,-21.455500873069557,40.908674507999194,62.36417538106875,-26.949333121111852,48.24854323078199
all_trials,10,both_feet_imagery,AF8,central_12_13,8,6.317506167943222,62.21761741650443,-4.122478659810016,-23.928471550974717,17.71956402639558,41.648035577370294,-68.30033047820578,136.5819850477428
all_trials,10,both_feet_imagery,AF8,mu,8,-3.569052376854449,42.81184099138002,-17.02494712035175,-33.914738589161686,25.209798527965177,59.12453711712686,-55.015996957869476,73.03846768328637
all_trials,10,both_feet_imagery,AFz,beta,8,16.656303831451694,63.24431025605761,-12.64239149099727,-23.307661542109678,41.071884737467265,64.37954627957694,-34.13515056180108,154.0850093283609
all_trials,10,both_feet_imagery,AFz,central_12_13,8,15.944047646881,86.21872341733713,-17.60966454942145,-43.39956779551645,58.0900329244556,101.48960071997205,-65.63185644584613,194.702832230237
all_trials,10,both_feet_imagery,AFz,mu,8,-13.322287544918234,24.232367208753818,-12.40447900191897,-34.738786283670194,0.06969195497693637,34.80847823864713,-40.40039431626127,29.659867984779314
all_trials,10,both_feet_imagery,C1,beta,8,5.589757579416318,40.32796782455043,0.6871867354873711,-20.80702819346891,16.338684078685034,37.14571227215394,-38.19761279948172,90.52215145164234
all_trials,10,both_feet_imagery,C1,central_12_13,8,31.9727372842242,91.15435111135429,2.5581537796691274,-6.223786171379793,11.88997582627455,18.113761997654343,-15.76039294881863,255.8834791109429
all_trials,10,both_feet_imagery,C1,mu,8,14.58777913868388,45.482205801190815,5.964364025392788,-7.115376736605031,18.949396580532404,26.064773317137437,-28.13454017847313,117.30115417249552
all_trials,10,both_feet_imagery,C2,beta,8,7.3663014030242735,35.66822609612839,6.942444277508658,-19.276426392569213,27.767960455295416,47.04438684786463,-39.348642748529514,67.44690778735985
all_trials,10,both_feet_imagery,C2,central_12_13,8,66.41931009423725,80.59159674554934,50.36673137736204,-0.9055804217010812,132.261595399868,133.1671758215691,-18.83701488574986,191.27812134302744
all_trials,10,both_feet_imagery,C2,mu,8,36.142952873142114,46.987022623246844,10.239468653940818,4.045999368846752,75.95764513988655,71.9116457710398,-7.6556625106987655,103.47789377186152
all_trials,10,both_feet_imagery,C3,beta,8,-3.8015530753179556,38.83782886202078,-20.196233692871978,-29.92560271177683,4.2254714826154345,34.151074194392265,-32.99560012324519,64.20648077176735
all_trials,10,both_feet_imagery,C3,central_12_13,8,76.9792728068553,188.34013217014626,1.5743480583427347,-43.333391868170224,106.08168530864647,149.41507717681668,-54.42083551182318,500.99961593156905
all_trials,10,both_feet_imagery,C3,mu,8,33.64460594032529,104.42473016412245,-1.1397277026910757,-28.820372274070845,46.044354071251036,74.86472634532188,-54.42659714676362,261.1665141403521
all_trials,10,both_feet_imagery,C4,beta,8,-1.5593586294548984,30.055035949525763,-8.709555671523011,-17.021260866167975,3.481211236365014,20.502472102532987,-31.108449407827234,65.91264271322852
all_trials,10,both_feet_imagery,C4,central_12_13,8,50.980879818756094,119.96018266143301,-6.9229511472418475,-25.842586937236074,99.71930048012965,125.56188741736572,-52.62493656505364,289.0238457941884
all_trials,10,both_feet_imagery,C4,mu,8,16.868147540648007,68.24978346535012,-9.972234047054247,-25.73794717523262,30.026839837317233,55.76478701254985,-38.998236281539626,132.89362134766688
all_trials,10,both_feet_imagery,C5,beta,8,-6.2237888376413615,38.0111546192484,-16.664046448347108,-31.572022932875054,6.027926200754134,37.59994913362919,-47.9518230187124,53.67566443517891
all_trials,10,both_feet_imagery,C5,central_12_13,8,33.52895451702817,105.96908430583812,0.46069033026793793,-31.152737064679588,54.910355157922226,86.06309222260181,-63.300068742486864,236.88281041556246
all_trials,10,both_feet_imagery,C5,mu,8,13.471514527650786,74.70245204659413,-16.74148014018723,-36.31403478512555,39.47990259594392,75.79393738106947,-52.86285434704411,169.45536060970093
all_trials,10,both_feet_imagery,C6,beta,8,0.36049802792297303,29.525963032133955,0.6421495427120747,-30.229967591400587,29.174262995584396,59.40423058698498,-33.15043401894796,35.896008139447666
all_trials,10,both_feet_imagery,C6,central_12_13,8,20.458794395981613,122.41265778333748,-35.57525709890157,-45.54160438715941,23.939188749271985,69.4807931364314,-64.7834027504515,275.43539446566643
all_trials,10,both_feet_imagery,C6,mu,8,-0.01539270465518694,65.38996816534846,-25.540963942492887,-46.634438186249774,21.126565611741448,67.76100379799122,-55.070652036231294,113.39193776810083
all_trials,10,both_feet_imagery,CP1,beta,8,-7.321713522622693,47.98544673490335,-14.325930127700284,-41.688208277360815,3.0999778692266915,44.788186146587506,-51.646551291202044,97.60091678032578
all_trials,10,both_feet_imagery,CP1,central_12_13,8,-15.780091394097893,48.76718714647824,-22.6967091474853,-57.667921116611716,6.116219632617949,63.784140749229664,-64.49238875116359,69.13712413739441
all_trials,10,both_feet_imagery,CP1,mu,8,-17.534216210968843,29.899909682271673,-26.105599776426605,-32.81643892052247,0.3240243312965836,33.14046325181906,-62.40059397440528,25.36478658254811
all_trials,10,both_feet_imagery,CP2,beta,8,-6.007665035567436,17.392890202639226,-6.72825297570145,-20.606060706670277,6.157321791658841,26.76338249832912,-28.835285187284896,18.559481951912197
all_trials,10,both_feet_imagery,CP2,central_12_13,8,-21.960134107330244,63.04040569658247,-42.4558359944445,-61.95060100481076,-13.349661075883576,48.60093992892718,-73.93939686945508,114.9895146396285
all_trials,10,both_feet_imagery,CP2,mu,8,-22.265893965434724,46.60099706846666,-33.52463587058129,-60.06044052309516,11.948373020137687,72.00881354323285,-73.69612498121946,51.43775465271509
all_trials,10,both_feet_imagery,CP3,beta,8,-22.929839384419104,37.18304860736697,-35.22224621802619,-48.23748923195548,-0.09729854745371291,48.14019068450177,-64.26764588034555,34.96265218993236
all_trials,10,both_feet_imagery,CP3,central_12_13,8,-4.901289909627012,52.16743977708227,-4.563934317875548,-38.70076735801711,21.212161435775762,59.91292879379287,-78.17018230728286,67.13977134935364
all_trials,10,both_feet_imagery,CP3,mu,8,-12.40493682037179,35.68484001697008,-5.33431329766653,-38.23473490019704,14.104202345131796,52.338937245328836,-64.58419782269964,28.047460726956487
all_trials,10,both_feet_imagery,CP4,beta,8,-13.58885717044733,17.65414363059374,-19.460940174022564,-25.30233683790594,-8.853513296809904,16.448823541096036,-28.035727057656008,24.19006952539048
all_trials,10,both_feet_imagery,CP4,central_12_13,8,-31.375172991216466,50.34034427130875,-42.383787886269616,-66.79573418452696,-22.507701736431688,44.28803244809528,-75.7605432808654,76.55665618391424
all_trials,10,both_feet_imagery,CP4,mu,8,-27.24343174802508,40.08311431252046,-25.09930597733444,-59.36622621435204,-4.883139635891968,54.483086578460075,-79.14209824733359,38.60163275210147
all_trials,10,both_feet_imagery,CP5,beta,8,-21.48372244762211,29.47581659016085,-23.735797712423675,-40.01936538372585,-6.9550997271246,33.06426565660125,-58.66558815154523,30.036963385112834
all_trials,10,both_feet_imagery,CP5,central_12_13,8,17.392813572033095,88.70377955695193,-4.595611814079561,-44.95361460441219,55.52777520114479,100.48138980555697,-79.99231073297696,158.36018009113198
all_trials,10,both_feet_imagery,CP5,mu,8,-2.194303447882632,52.47351783118488,-12.815003307090835,-45.99416743822968,36.56289776195881,82.55706520018849,-62.403274898096896,84.06354441928559
all_trials,10,both_feet_imagery,CP6,beta,8,-2.3763579717732726,19.521087346460497,-0.5241382726857648,-14.310174051574839,7.830585713372198,22.140759764947035,-35.75726668269061,25.89083559764929
all_trials,10,both_feet_imagery,CP6,central_12_13,8,-24.315608957447814,60.500753738400434,-50.801112056755436,-67.82487390441129,7.384443513567371,75.20931741797867,-81.02081552840046,85.60532986770806
all_trials,10,both_feet_imagery,CP6,mu,8,-16.848836953566668,61.38115867750685,-34.25167629001349,-54.25266186231067,-9.902459756919425,44.35020210539124,-69.92045406363665,114.65490105349956
all_trials,10,both_feet_imagery,CPz,beta,8,5.007142108620144,51.86159344833205,-11.657053863234808,-23.2795160953452,20.69577151836873,43.97528761371393,-44.358804924116306,116.17063644653683
all_trials,10,both_feet_imagery,CPz,central_12_13,8,-11.074791161170682,66.30042313551692,-36.22536900536902,-59.862492681123015,32.97170566460609,92.8341983457291,-78.44369676366837,97.89986821011924
all_trials,10,both_feet_imagery,CPz,mu,8,-18.10793880897001,41.99578001763672,-28.644756503624137,-51.31723626460986,2.6835912750010458,54.00082753961091,-60.27358458130145,61.4129111893439
all_trials,10,both_feet_imagery,Cz,beta,8,20.343527378272306,47.53320426361938,27.567860060968687,-13.763816172877142,54.498785021793694,68.26260119467084,-44.55337107316173,77.4732358741283
all_trials,10,both_feet_imagery,Cz,central_12_13,8,49.58393307832152,77.27158375337498,30.30859138417069,1.9857645194711895,68.7288320212303,66.74306750175911,-39.37408494535632,173.82466137738945
all_trials,10,both_feet_imagery,Cz,mu,8,15.961481174077605,43.242499080798964,3.7019718019921672,-9.295604544499565,44.05385001860233,53.3494545631019,-43.93793259093566,84.25204618362345
all_trials,10,both_feet_imagery,F1,beta,8,6.163017436947612,62.24016432987718,-11.373111890690739,-29.532846672703666,14.83934529654244,44.3721919692461,-48.09583379628056,147.7324295193872
all_trials,10,both_feet_imagery,F1,central_12_13,8,-7.303680455679928,46.39550181802447,-18.20419870875167,-33.45093826116958,27.135246521763428,60.58618478293301,-74.21506863125958,61.36246121090542
all_trials,10,both_feet_imagery,F1,mu,8,-13.236983486186613,27.425704142814144,-14.870741013992667,-34.38294443562394,2.140071305776176,36.523015741400116,-44.31281144664891,36.67032476499455
all_trials,10,both_feet_imagery,F2,beta,8,23.17692339235673,59.63208457436486,8.644413948628607,-10.44807607966883,30.00192356028481,40.44999963995364,-37.347724473862606,143.3743271020633
all_trials,10,both_feet_imagery,F2,central_12_13,8,30.761564245573126,84.88241055580907,3.8625320660708873,-26.907237663229196,48.06339752941555,74.97063519264475,-34.37726023150744,222.4629685753987
all_trials,10,both_feet_imagery,F2,mu,8,-2.0439951620618384,28.080731242198738,-9.547337842956098,-21.824492362483635,2.7641330632628036,24.58862542574644,-25.303543030909,57.57474640373929
all_trials,10,both_feet_imagery,F3,beta,8,9.470032665722456,45.936087871569974,-11.742015425494554,-21.694854045462346,29.09608764154224,50.79094168700459,-30.887015168446855,88.0104239979849
all_trials,10,both_feet_imagery,F3,central_12_13,8,13.82037618002888,70.96668054377315,-8.95249439122227,-18.50020149178608,9.26528036134049,27.76548185312657,-49.687752231910544,178.03978101186308
all_trials,10,both_feet_imagery,F3,mu,8,-6.204184299500366,32.9064178881646,-15.959467861958018,-29.70435409176808,5.1103195807156965,34.81467367248378,-35.38292116881452,64.40643384873776
all_trials,10,both_feet_imagery,F4,beta,8,16.10249593093801,53.113912318773494,-3.5786391976153853,-13.769181417210437,28.884781776806072,42.65396319401651,-34.43232616919844,118.52159403348895
all_trials,10,both_feet_imagery,F4,central_12_13,8,22.431807703823274,76.10952352861437,-2.248535857503782,-21.58020336005655,42.67582543515558,64.25602879521213,-49.86836158761333,188.76524764529094
all_trials,10,both_feet_imagery,F4,mu,8,-5.7263446149407295,27.52035612066154,-13.778586247292592,-18.091940482418494,1.203209689252208,19.295150171670702,-35.19307438479122,53.99703924103343
all_trials,10,both_feet_imagery,F5,beta,8,-9.1144017672274,34.27656638684061,-4.193956324843143,-33.104384261467295,10.465918431107958,43.570302692575254,-63.05428006146841,34.19333699713256
all_trials,10,both_feet_imagery,F5,central_12_13,8,-7.16061302059237,72.46600658908025,-16.56893005483881,-57.377993061624245,7.372004302640652,64.7499973642649,-77.17922359201236,151.9161230536509
all_trials,10,both_feet_imagery,F5,mu,8,-14.940261154906775,34.960468131794,-28.059404596369536,-35.329837725795535,1.120883345354966,36.450721071150504,-55.93103359305518,46.6504824760476
all_trials,10,both_feet_imagery,F6,beta,8,33.903102415978694,66.90546951449831,20.368329677352982,-24.887583079981344,74.60063175483317,99.48821483481451,-28.596912163473036,142.68479474494956
all_trials,10,both_feet_imagery,F6,central_12_13,8,17.555725625765692,52.80889713542091,2.3796741835565474,-17.208857074515908,57.33565512719199,74.5445122017079,-49.395727930344,105.5250874537639
all_trials,10,both_feet_imagery,F6,mu,8,1.0886456783096161,35.4705034359457,-3.5386066846919677,-14.95471144663448,7.240701193523356,22.195412640157837,-40.26802226935025,77.95427268196218
all_trials,10,both_feet_imagery,F7,beta,8,-5.131326825083625,41.49059306140348,-14.764600376878509,-34.55217885466785,21.057659704702814,55.609838559370665,-55.41492997841888,65.45700066098279
all_trials,10,both_feet_imagery,F7,central_12_13,8,-9.38840950486026,53.36779224745397,-13.498747109271555,-45.77494289004506,6.612527465740406,52.38747035578547,-78.24624830728561,89.47963174422057
all_trials,10,both_feet_imagery,F7,mu,8,-13.441550093672056,35.06095395380568,-15.540343592799886,-39.393181349826925,15.234540243144375,54.6277215929713,-62.21945258668404,32.00964880166847
all_trials,10,both_feet_imagery,F8,beta,8,18.011633237568063,49.982651353806155,12.520898870688544,-19.888738814021163,41.06748652478217,60.956225338803335,-41.37231197825623,92.90451681327305
all_trials,10,both_feet_imagery,F8,central_12_13,8,16.39155986165415,62.87521375765269,10.367137867547036,-35.097103956040286,61.56895471785623,96.66605867389652,-60.10115521937085,99.70115557069487
all_trials,10,both_feet_imagery,F8,mu,8,1.7762214757844061,54.98006572101403,-11.224697089904515,-28.411602490794763,11.957097800226768,40.36870029102153,-55.317304209060175,118.81798646856178
all_trials,10,both_feet_imagery,FC1,beta,8,0.5358498689062632,46.17709445809838,-15.291672961288889,-19.815339600531033,-3.1581177168414696,16.657221883689562,-35.56664301068076,110.43440368527727
all_trials,10,both_feet_imagery,FC1,central_12_13,8,14.156828959544466,55.743099067656,8.356492485676487,-31.445429482702732,61.0277795208133,92.47320900351603,-52.494294905799215,97.63301038369673
all_trials,10,both_feet_imagery,FC1,mu,8,-2.1869112692309978,21.12659580670358,-3.354594553101062,-18.579562137691624,17.555224808811097,36.13478694650272,-31.60560452253686,23.81366372333636
all_trials,10,both_feet_imagery,FC2,beta,8,16.266061816419953,40.24975166095447,-3.701073252468595,-11.9406760356298,38.632907192881866,50.573583228511666,-17.235137543519016,79.57948077697563
all_trials,10,both_feet_imagery,FC2,central_12_13,8,48.899650918434254,41.814282140781124,47.57202316928618,26.661788680098006,72.6151847815656,45.9533961014676,-21.989175067903336,107.07507507631823
all_trials,10,both_feet_imagery,FC2,mu,8,18.12653119440624,19.308701597561175,16.99799800989019,4.054922488921999,32.22046169802981,28.16553920910781,-6.862925883168122,46.5292986480697
all_trials,10,both_feet_imagery,FC3,beta,8,-3.0402632077913783,46.53093346908814,-16.67876418874826,-25.25196215500354,-5.742344268211976,19.509617886791563,-39.242973068530084,107.27577848086737
all_trials,10,both_feet_imagery,FC3,central_12_13,8,47.840718271719126,123.04155782820396,-5.756553090939287,-45.0143063072728,101.89447085831193,146.90877716558472,-53.00481011473817,261.4060324126639
all_trials,10,both_feet_imagery,FC3,mu,8,20.12774490757127,73.59068124882522,-20.359980528137505,-25.903210339388853,57.8473091312597,83.75051947064856,-44.743687394326585,154.6839317399671
all_trials,10,both_feet_imagery,FC4,beta,8,21.31183738939518,44.337521309975976,0.7188503377473907,-6.882183747951961,43.666588610247715,50.54877235819968,-17.564343429873624,109.52377679486052
all_trials,10,both_feet_imagery,FC4,central_12_13,8,56.374146580323654,66.2935127163596,40.92577167481226,4.415932302049288,85.99696978701647,81.58103748496718,-11.277349230862276,179.89482811423875
all_trials,10,both_feet_imagery,FC4,mu,8,28.470899043184346,34.945482141535834,24.94919831826249,13.714725265345814,36.420315307108574,22.70559004176276,-17.950199415786745,101.50081979053188
all_trials,10,both_feet_imagery,FC5,beta,8,-11.874668620224394,18.62900861450487,-11.538965404332874,-21.252309721102662,-3.509395884736823,17.74291383636584,-43.986670332397054,20.205994564055317
all_trials,10,both_feet_imagery,FC5,central_12_13,8,3.2445103847433465,66.84261047409694,-14.17403325055419,-36.785773195183204,20.62274370159866,57.40851689678186,-69.09325803811281,136.88784236986817
all_trials,10,both_feet_imagery,FC5,mu,8,-0.8136871129460843,53.21123955272514,-22.75558384875579,-35.53365848842921,16.658288369142685,52.19194685757189,-45.7869593645374,111.97904235852168
all_trials,10,both_feet_imagery,FC6,beta,8,22.83442150303653,52.41439851715258,13.647277419339453,-17.359534792772912,56.52330822791747,73.88284302069039,-38.129364338473835,119.534108152434
all_trials,10,both_feet_imagery,FC6,central_12_13,8,45.645275673498645,119.77554838867687,3.96247943382864,-5.8193814579248375,35.55694947479514,41.37633093271998,-42.93872901176236,333.39868424955375
all_trials,10,both_feet_imagery,FC6,mu,8,12.275043313503168,43.26184731252561,3.2973700544647517,-2.4970203443509225,22.623514913775143,25.120535258126065,-49.276444772721035,102.72025869879234
all_trials,10,both_feet_imagery,FCz,beta,8,10.073521089045586,37.95809152911991,0.6975202870665242,-17.53933627281616,21.963382073321633,39.5027183461378,-23.096042896728427,90.14620792675862
all_trials,10,both_feet_imagery,FCz,central_12_13,8,37.681912020178075,40.680982057916395,26.301127661617645,13.453882111295206,80.12942723231946,66.67554512102426,-25.45949951932405,86.93968831665576
all_trials,10,both_feet_imagery,FCz,mu,8,16.705307257304675,34.99761341227843,5.152373393171326,-1.5452527992896306,21.573517036047864,23.118769835337496,-18.21368722594192,80.3560124906527
all_trials,10,both_feet_imagery,FT7,beta,8,8.725997690611216,43.21224490701486,9.394676662282365,-12.028330924899674,38.39887854443185,50.42720946933153,-62.14831446317977,62.76229508264745
all_trials,10,both_feet_imagery,FT7,central_12_13,8,14.284055594180845,73.11543568803803,-14.743131778616384,-21.515112465770343,30.400162114128136,51.91527457989848,-68.29912511970805,140.43675662875958
all_trials,10,both_feet_imagery,FT7,mu,8,-4.372110911834604,38.29324230597252,-3.862484973315014,-32.207752916774545,17.977989204656154,50.1857421214307,-61.91897440588463,54.606363922739675
all_trials,10,both_feet_imagery,FT8,beta,8,7.670191301243292,35.98684208297752,1.0872002086473422,-13.703371402792895,27.966806435246966,41.67017783803986,-41.436702757343056,70.06352866491373
all_trials,10,both_feet_imagery,FT8,central_12_13,8,21.367333228716234,61.77962182710906,27.56693202159159,-33.32958397577751,66.26917945738333,99.59876343316084,-60.88313310289639,105.55752281675727
all_trials,10,both_feet_imagery,FT8,mu,8,3.094845586688436,44.38184511793296,-5.181419983046277,-17.012542649049145,15.704613717152414,32.71715636620156,-64.11284756427166,84.80268294028262
all_trials,10,both_feet_imagery,Fp1,beta,8,-2.5063149403068135,38.89632955383245,-8.396951387064183,-36.25541589885128,24.631939752696972,60.887355651548255,-46.37158249621682,66.59210166054352
all_trials,10,both_feet_imagery,Fp1,central_12_13,8,-18.079750002205092,42.22174775864725,-34.25726395201529,-40.31506858005663,-8.221045348888516,32.094023231168116,-57.837308154819304,72.23403075935494
all_trials,10,both_feet_imagery,Fp1,mu,8,-11.394444455638215,52.55025702842511,-22.344533386089047,-40.341331252297486,-7.172695295595985,33.1686359567015,-60.490899176580584,105.37227970914769
all_trials,10,both_feet_imagery,Fp2,beta,8,-5.415449001479086,18.595425672128297,-13.181533093263365,-18.7127461520991,5.411569680218039,24.12431583231714,-23.406758553687652,30.209281283619408
all_trials,10,both_feet_imagery,Fp2,central_12_13,8,1.787408652904551,60.83961099290515,-7.861178827767942,-25.684836488536654,9.071301042154593,34.75613753069125,-61.592329428881364,135.7540811181823
all_trials,10,both_feet_imagery,Fp2,mu,8,-9.228850310406104,39.10110948767937,-30.178590253387227,-37.09573013611421,21.919600117303254,59.01533025341747,-42.96537428682712,61.257512339195905
all_trials,10,both_feet_imagery,Fpz,beta,8,-7.589928258991263,27.668705042256875,-15.182411462101369,-21.14747095321329,-2.9348871186210523,18.212583834592238,-36.31485205907628,54.06617959388646
all_trials,10,both_feet_imagery,Fpz,central_12_13,8,-8.633442789638956,54.619063648004065,-20.46813716076051,-43.45699298937821,3.7340515181415834,47.19104450751979,-60.735088698216956,109.99531229051169
all_trials,10,both_feet_imagery,Fpz,mu,8,-14.265187472072084,38.37605293456224,-34.14631410029499,-36.87458272932048,3.6343110979181144,40.508893827238595,-46.09272555170124,64.14886659602078
all_trials,10,both_feet_imagery,Fz,beta,8,16.166668343623645,50.60080335742692,1.0213415736455378,-19.92981645573721,31.399956884611356,51.32977334034857,-30.536086496335948,100.55217508691167
all_trials,10,both_feet_imagery,Fz,central_12_13,8,16.56748429956428,81.46836269952956,-10.735512241544612,-24.734547282570045,23.677843277604193,48.41239056017424,-52.946831601038504,206.90121596363568
all_trials,10,both_feet_imagery,Fz,mu,8,-6.0454685331023,33.723208884865,-14.243186854517084,-26.291824549231755,-5.569902579611776,20.721921969619977,-30.91076458865586,72.46888210608597
all_trials,10,both_feet_imagery,Iz,beta,8,26.752854028288564,54.996973458633384,1.8445395566007992,-5.083773972092056,28.980828618290136,34.064602590382194,-10.55327968542605,128.56107906464624
all_trials,10,both_feet_imagery,Iz,central_12_13,8,66.46271154763976,103.2214851467995,32.9342992353172,18.063564944157232,62.99482884167067,44.93126389751343,-7.232817778511026,312.25300745199894
all_trials,10,both_feet_imagery,Iz,mu,8,20.435474391366277,25.82663138321996,22.36274783016635,-3.113342676211425,45.08979129433011,48.203133970541536,-11.052577991623863,48.13686487288172
all_trials,10,both_feet_imagery,O1,beta,8,27.704611922305617,53.33351000433798,1.6833715786621066,-15.427253882805415,71.65451332817997,87.08176721098539,-18.614275529244665,113.2134319593377
all_trials,10,both_feet_imagery,O1,central_12_13,8,103.29129429668997,228.97205288648968,3.41476428195093,-35.0343012241094,112.5510805254558,147.58538174956522,-41.70666648891574,612.9577685209503
all_trials,10,both_feet_imagery,O1,mu,8,19.659384410002023,77.04799817584977,-24.53497509728966,-33.3210311066465,82.61771372771551,115.93874483436201,-50.526623136553354,152.40090400787136
all_trials,10,both_feet_imagery,O2,beta,8,30.88759775562318,54.738500888635095,13.633291386600874,-14.017892973220574,82.46676137366978,96.48465434689035,-30.03599964580975,104.39266820749216
all_trials,10,both_feet_imagery,O2,central_12_13,8,31.178906977470444,58.907642783473726,18.58377313007089,-7.767993167128855,73.95980345654796,81.72779662367681,-46.38276480096487,127.9658535483959
all_trials,10,both_feet_imagery,O2,mu,8,2.2068461221543467,35.65584524400897,0.9685354110471938,-30.699763864401767,29.47260284406968,60.17236670847144,-38.36859086770862,54.04899298701623
all_trials,10,both_feet_imagery,Oz,beta,8,30.11149803033007,64.8843806789157,6.6742829438802715,-8.196400329271334,50.27392964604494,58.470329975316275,-33.31984988478093,168.81885968291337
all_trials,10,both_feet_imagery,Oz,central_12_13,8,48.627867232784304,122.84130870739293,14.8582100112584,-16.848935552094876,51.038370114683616,67.88730566677849,-48.05372451784473,338.703750182606
all_trials,10,both_feet_imagery,Oz,mu,8,3.6868917255460145,39.32677097429473,2.1230554990925734,-17.789647522665867,16.94748676803797,34.737134290703835,-51.37369336040952,69.06011012824617
all_trials,10,both_feet_imagery,P1,beta,8,-14.123174912076143,29.38754784343404,-12.89415261840915,-34.146029357734754,-1.2532838560941284,32.892745501640626,-49.54111207085136,40.345247891717435
all_trials,10,both_feet_imagery,P1,central_12_13,8,-8.631601341049535,71.06582385942298,-21.52959380255448,-51.22268830221176,-2.347724927842423,48.87496337436934,-81.35508536112265,142.08294638118076
all_trials,10,both_feet_imagery,P1,mu,8,-23.05106661127324,41.789041884861625,-36.559744581473296,-49.43000942492089,-1.3521702733288006,48.07783915159209,-74.5146997734661,49.42112444011552
all_trials,10,both_feet_imagery,P2,beta,8,-2.2239658154305744,29.23483777247234,-9.386104999226225,-21.55750209308218,16.964949848091386,38.52245194117357,-38.130502219279215,41.93485752648825
all_trials,10,both_feet_imagery,P2,central_12_13,8,-20.411711397293384,45.93001793805826,-24.534682361008386,-52.80468195210227,23.001940767403074,75.80662271950534,-88.0062568768252,37.47325310373466
all_trials,10,both_feet_imagery,P2,mu,8,-26.999011836951833,40.62932660355524,-21.348641566276406,-59.211686170024265,-6.334191810185928,52.87749435983834,-84.77236297043211,33.19661979315068
all_trials,10,both_feet_imagery,P3,beta,8,-17.495824748893643,36.138106390590536,-26.41565211310285,-38.766788040406894,-6.2922100630056335,32.47457797740126,-52.85772808126732,58.771999851510806
all_trials,10,both_feet_imagery,P3,central_12_13,8,-8.395175164886748,77.06751642683446,-20.79718500942402,-60.653218557114116,2.642121869878378,63.295340426992496,-73.23521851665087,165.33828890913702
all_trials,10,both_feet_imagery,P3,mu,8,-20.43780927570777,42.05752305359784,-27.97179187235848,-44.71453207682882,-11.781255215203167,32.93327686162565,-65.50085722090479,66.05897237360402
all_trials,10,both_feet_imagery,P4,beta,8,0.2120886250037426,26.734141950637813,7.84364893724242,-23.45912927489774,12.417769161797132,35.87689843669487,-35.684885990312694,43.42855444193159
all_trials,10,both_feet_imagery,P4,central_12_13,8,-27.898971954570143,38.57502152582389,-32.33763923426684,-52.71431040096378,-4.286979795212773,48.42733060575101,-78.56182035306799,40.51484495579549
all_trials,10,both_feet_imagery,P4,mu,8,-32.574966955147715,31.039816541842104,-29.032359520974293,-61.58275441597697,-10.681779518022164,50.90097489795481,-72.72748283186442,10.346196118563833
all_trials,10,both_feet_imagery,P5,beta,8,-10.28715533503902,44.12849701243772,-23.406346327316395,-40.4551253084432,2.591246113485976,43.04637142192918,-49.75840495113735,80.40413026255158
all_trials,10,both_feet_imagery,P5,central_12_13,8,26.37144316020562,138.5360680912289,-19.572155706912852,-59.252145467511696,34.60766763603974,93.85981310355143,-69.87420601837846,346.9465230925214
all_trials,10,both_feet_imagery,P5,mu,8,-6.648098880062678,58.9116976034317,-38.53851894913987,-45.65876068348133,23.2382740964892,68.89703477997054,-55.783112216447364,108.9537119421402
all_trials,10,both_feet_imagery,P6,beta,8,11.958530495264368,28.476294160637313,10.170182330264476,-1.7302950068701501,33.60146762184888,35.331762628719034,-36.93566271406644,49.84164689170365
all_trials,10,both_feet_imagery,P6,central_12_13,8,-19.859898188914304,28.748623845329732,-25.743275748352158,-29.02729266453886,-20.89789054372957,8.129402120809289,-52.59553195936147,46.3297106992773
all_trials,10,both_feet_imagery,P6,mu,8,-23.844368516523346,21.486597266171827,-22.496916585972524,-44.351148342255826,-7.235560870585195,37.11558747167063,-50.31810480157547,4.152724726884596
all_trials,10,both_feet_imagery,P7,beta,8,-1.4264489296701557,31.54510825507713,0.35378241380439235,-23.053087804738873,23.025370450741377,46.07845825548025,-47.34858168626663,40.95748464626887
all_trials,10,both_feet_imagery,P7,central_12_13,8,45.49420098021844,125.05236841348517,19.384368192985484,-42.326970425794144,76.73078362393359,119.05775404972773,-69.1761840257976,307.91255089246584
all_trials,10,both_feet_imagery,P7,mu,8,0.043387268627658404,46.456785083371585,-14.195748730030276,-32.34273806024637,22.702947949760286,55.045686010006655,-52.02647817553936,84.9285530433702
all_trials,10,both_feet_imagery,P8,beta,8,18.56685230489301,26.235212434497942,19.685280328109084,5.782111527871802,32.88925693157141,27.107145403699608,-27.220990972535855,60.9777664303139
all_trials,10,both_feet_imagery,P8,central_12_13,8,-8.758075626817972,29.535808952294488,-9.263035288156054,-36.57818263852235,5.874415443838434,42.45259808236079,-40.748243535516146,42.730946045254974
all_trials,10,both_feet_imagery,P8,mu,8,-13.48020007250123,31.736421229078527,-18.693317237576373,-38.12348509294618,4.8374657741497105,42.960950867095896,-48.16191495237803,44.57663858456769
all_trials,10,both_feet_imagery,PO3,beta,8,1.5242236744598685,41.06797775100896,-5.52358462071556,-29.523875520406506,21.80398735697538,51.32786287738189,-46.12118182337647,78.07084034246306
all_trials,10,both_feet_imagery,PO3,central_12_13,8,45.25158969152103,158.3995799618487,-12.298374880929696,-50.47975579330709,46.59218950723544,97.07194530054252,-62.91849324837292,407.2761256051016
all_trials,10,both_feet_imagery,PO3,mu,8,-1.476348800586523,61.05298504707617,-32.92597096435733,-40.71355734267502,29.918776829799118,70.63233417247413,-52.452598769714534,117.36765130722716
all_trials,10,both_feet_imagery,PO4,beta,8,25.58794254078451,54.75354972391364,10.350984248998978,-18.827123069311103,41.59522855272025,60.42235162203136,-18.990512699797378,134.365027275813
all_trials,10,both_feet_imagery,PO4,central_12_13,8,6.829937790410469,60.162194855788115,-0.7109808017418136,-37.681971642787886,37.591650257488965,75.27362190027685,-64.63784690084478,121.58394413077878
all_trials,10,both_feet_imagery,PO4,mu,8,-7.750195635037166,45.98159658780978,-4.465705773361046,-48.280240849780114,25.485185992636104,73.76542684241622,-69.13996306485204,56.484809992011925
all_trials,10,both_feet_imagery,PO7,beta,8,11.11229722738095,47.31367200964898,2.533423255435899,-22.011401266500574,43.33957704754472,65.35097831404529,-51.68798893480532,86.94948079967837
all_trials,10,both_feet_imagery,PO7,central_12_13,8,61.958607663806056,165.14797437829066,-1.1715322120375689,-47.67780249263021,84.85117236256457,132.52897485519478,-63.698675422250155,407.68799132710484
all_trials,10,both_feet_imagery,PO7,mu,8,4.389910358496079,63.27274970349909,-27.8848062625539,-39.89364653346174,41.352700108668145,81.24634664212988,-50.871881504049014,124.79278084797856
all_trials,10,both_feet_imagery,PO8,beta,8,26.968344273155452,48.244921404782666,15.622012913342559,-2.968855011205526,34.44014336716251,37.40899837836804,-19.332644300562606,130.2693750454765
all_trials,10,both_feet_imagery,PO8,central_12_13,8,10.719608900519045,49.67753273628275,-16.492262405146043,-23.1443557741043,53.03381782365935,76.17817359776365,-37.27632243533217,92.25892544830913
all_trials,10,both_feet_imagery,PO8,mu,8,-7.398070547238804,31.08198700598643,-10.625058252782006,-25.661638636059184,6.2629860562651505,31.924624692324336,-51.91013557457193,46.0331565272141
all_trials,10,both_feet_imagery,POz,beta,8,-0.8460790896908286,36.51209103234151,-12.445915206463525,-25.915526371804486,2.271240886859052,28.186767258663536,-26.01388310298394,81.37253367873167
all_trials,10,both_feet_imagery,POz,central_12_13,8,15.895749397349082,95.29571814978833,-22.52839687986325,-34.17151083210396,24.700120226945725,58.87163105904969,-73.03284333876985,220.558480949516
all_trials,10,both_feet_imagery,POz,mu,8,-10.027359983041379,47.60680304720928,-10.485241012579813,-43.9100088745313,21.34002785454725,65.25003672907854,-74.88966571451866,56.435728654420934
all_trials,10,both_feet_imagery,Pz,beta,8,-8.386912694760577,27.36636054407799,-10.734251113015697,-28.540275888840313,12.531080228649369,41.071356117489685,-44.56320203047114,33.238078218764585
all_trials,10,both_feet_imagery,Pz,central_12_13,8,-16.199224016517615,63.64883288564177,-32.9175295225855,-54.189413548494265,2.271257056986107,56.460670605480374,-87.61399713501503,115.25122958171445
all_trials,10,both_feet_imagery,Pz,mu,8,-27.622608302900744,39.961244472747985,-32.73190574123881,-56.90387510451296,-5.162482401354042,51.74139270315892,-79.79246502222249,30.245333680410237
all_trials,10,both_feet_imagery,T10,beta,8,10.41544739668322,25.168730912093306,6.917822607416917,-14.169543449898356,36.39730540021431,50.56684885011266,-16.459684010087837,42.12013497170451
all_trials,10,both_feet_imagery,T10,central_12_13,8,17.094841275680835,59.16602829271565,2.7424228516063742,-22.598729943816863,45.97500352745158,68.57373347126844,-48.917509362857096,126.27010500627088
all_trials,10,both_feet_imagery,T10,mu,8,-5.348308653205852,35.01482064196453,-9.11317324678312,-30.524642657051125,23.31334930133837,53.837991958389495,-56.824933332659015,38.64067073411664
all_trials,10,both_feet_imagery,T7,beta,8,8.45564414157112,47.67449064165206,6.6715141973962915,-21.766218139381998,39.82844297793511,61.59466111731711,-67.0739206116642,83.48749026579482
all_trials,10,both_feet_imagery,T7,central_12_13,8,19.182828935289585,50.73347063901755,27.310613502640123,-16.400903995037908,64.2445477178658,80.64545171290371,-56.63690029024432,71.83431780098802
all_trials,10,both_feet_imagery,T7,mu,8,-1.364936756081514,34.8042788013548,2.647072287647541,-29.46525082439411,30.349135092593535,59.814385916987646,-56.674962936229605,37.827223698616805
all_trials,10,both_feet_imagery,T8,beta,8,-13.691430934555903,15.975588875146464,-17.503035389415626,-23.368980603518512,-8.630456929515239,14.738523674003273,-31.09029705541457,20.684566764418243
all_trials,10,both_feet_imagery,T8,central_12_13,8,11.512681087447529,44.69547290305098,-0.3198527024673108,-12.258619042174114,43.487983303102865,55.74660234527698,-45.28082695260667,81.77828362823927
all_trials,10,both_feet_imagery,T8,mu,8,4.128057077500594,35.32917244709697,1.0434849364236918,-15.703431641394879,33.24267415155479,48.946105792949666,-52.2590317599072,48.34380223259532
all_trials,10,both_feet_imagery,T9,beta,8,13.391670316874816,54.737751568671996,11.6919250091741,-26.971636213900783,55.78951087719471,82.7611470910955,-60.93553196538233,91.90236049903623
all_trials,10,both_feet_imagery,T9,central_12_13,8,42.31680678424705,88.68386506617817,16.999221803069457,-5.524100902939945,68.6757881258292,74.19988902876915,-55.29412306286472,198.22767753827145
all_trials,10,both_feet_imagery,T9,mu,8,2.3093718345682896,51.94896194455191,-8.256420180755295,-22.902378821178925,16.866048702885188,39.76842752406411,-59.628397951362615,113.22577718791487
all_trials,10,both_feet_imagery,TP7,beta,8,10.241171923454768,39.98074066447124,7.225363530746909,-22.656538580126693,38.69883706187436,61.35537564200105,-38.92770705942482,75.56318599949212
all_trials,10,both_feet_imagery,TP7,central_12_13,8,47.91898909008013,93.07068533887023,34.4304530823577,-15.366393217891119,92.82589640716442,108.19228962505554,-65.22239316747793,188.36333203568483
all_trials,10,both_feet_imagery,TP7,mu,8,6.125990629398647,37.99576161142106,7.275172620715027,-32.84603212683974,39.593552794139214,72.43958492097894,-36.13956451719346,55.19190321684392
all_trials,10,both_feet_imagery,TP8,beta,8,3.3620924444271503,20.01317294771847,9.733737437913886,-13.783936349181749,16.666013278654635,30.449949627836382,-27.253714849112324,27.294383591694217
all_trials,10,both_feet_imagery,TP8,central_12_13,8,5.6547675154092225,61.11821530607757,8.792812710573969,-46.21842093510095,45.55785351502532,91.77627445012627,-64.75372250507058,101.9224467706382
all_trials,10,both_feet_imagery,TP8,mu,8,-1.3678853345488449,61.8099495115396,-13.314045046653906,-45.063196854796445,15.316911343659559,60.380108198456,-62.89023464382806,126.76078039442756
all_trials,10,both_fists_imagery,AF3,beta,7,10.174658937869092,48.98981466040667,16.8694590002685,-22.835048014033134,25.959052614681585,48.794100628714716,-50.66634222844176,98.77148659196
all_trials,10,both_fists_imagery,AF3,central_12_13,7,2.518990864424801,73.17792677777491,-30.929774396896192,-50.503988920199035,30.134184761006168,80.6381736812052,-56.07002696154975,145.37234572780528
all_trials,10,both_fists_imagery,AF3,mu,7,12.141725526919005,48.78304780322561,6.768325586920127,-13.471969713814394,16.728576783814663,30.200546497629055,-40.623687983185704,112.33422694469807
all_trials,10,both_fists_imagery,AF4,beta,7,13.981206763562053,43.409448849794344,21.652636611810994,-18.3146680423723,38.698510103378275,57.01317814575057,-42.57265025051409,78.02077686162552
all_trials,10,both_fists_imagery,AF4,central_12_13,7,55.82908022621349,109.06927220198833,20.841852839240406,-7.826313883474682,99.60758070404137,107.43389458751605,-72.67353591805903,259.0727110211797
all_trials,10,both_fists_imagery,AF4,mu,7,27.77351440693763,73.69218031043482,-4.6616277349528605,-19.335349578636922,48.92685351403287,68.2622030926698,-35.89972864906898,175.79294936179335
all_trials,10,both_fists_imagery,AF7,beta,7,8.894791801824667,47.14797943193709,14.053543882633537,-23.238456759542053,29.43068207511829,52.669138834660345,-52.44722640650727,88.27277450549394
all_trials,10,both_fists_imagery,AF7,central_12_13,7,0.8662066066619916,68.94182192845342,-34.110635442686196,-47.63772659138782,26.882656454969926,74.52038304635775,-54.009391393069905,135.6936133552258
all_trials,10,both_fists_imagery,AF7,mu,7,13.285698186475724,47.94241288184915,2.006742513789994,-7.979499802993968,15.135863350249021,23.11536315324299,-37.0023360141411,113.68275371117106
all_trials,10,both_fists_imagery,AF8,beta,7,2.463822941816726,40.786283105139596,3.878121928007038,-21.280707784387353,27.312394081519606,48.59310186590696,-58.6324674490897,59.93773351953525
all_trials,10,both_fists_imagery,AF8,central_12_13,7,87.84690138825911,122.11542522620348,161.17856514580467,-27.767262748424088,177.74639376305973,205.51365651148382,-66.0365638502787,219.82804639301668
all_trials,10,both_fists_imagery,AF8,mu,7,40.88606777657479,76.85304063589375,48.40615385971856,-32.65936677434006,108.06542073321364,140.72478750755369,-44.388479082177355,131.37269174073515
all_trials,10,both_fists_imagery,AFz,beta,7,26.863142223159766,64.36715426199746,-7.071369692995289,-26.119152295046995,88.75273838656759,114.87189068161459,-36.72069495717515,106.56688802924764
all_trials,10,both_fists_imagery,AFz,central_12_13,7,67.80887100007554,122.50518364819987,6.996046739240426,-11.793368524866386,140.403867718177,152.1972362430434,-66.30160485324905,276.74665672791616
all_trials,10,both_fists_imagery,AFz,mu,7,41.19234673004751,75.2344121405918,6.827337268846287,-0.5012528140619998,74.49073223709527,74.99198505115727,-32.51100247783231,166.051133473252
all_trials,10,both_fists_imagery,C1,beta,7,2.519751208328929,35.10007296366369,-8.443470444454462,-21.129778933244996,20.996804274568248,42.12658320781324,-37.739497571718815,64.08717579182927
all_trials,10,both_fists_imagery,C1,central_12_13,7,4.575322424768241,51.62316642688573,15.793909722235693,-40.225054683855745,43.28048563739226,83.505540321248,-61.050206950027764,71.17269229409673
all_trials,10,both_fists_imagery,C1,mu,7,9.846123177225113,40.88481191386726,-1.5727769236670568,-14.743621831549081,36.044921564742864,50.78854339629194,-42.1531367495234,70.04617644737868
all_trials,10,both_fists_imagery,C2,beta,7,0.6777396461958772,19.933442629898384,0.3419277826700465,-7.825165654353565,11.494826665814266,19.31999232016783,-30.87239730098189,27.93532501876159
all_trials,10,both_fists_imagery,C2,central_12_13,7,24.947810465427672,91.18396321015715,-1.5533040475983402,-54.913308643487404,104.6005202279641,159.5138288714515,-67.64000564268571,144.4535597793244
all_trials,10,both_fists_imagery,C2,mu,7,14.702450411220921,76.68743177266715,-24.34203538158388,-35.68108702344509,41.04310137338338,76.72418839682847,-49.836072878074205,166.37123243832792
all_trials,10,both_fists_imagery,C3,beta,7,8.161777779734349,45.50845512142706,2.1608691622277356,-27.570052129315506,36.482200295457005,64.05225242477252,-38.4872264423966,75.6345054060263
all_trials,10,both_fists_imagery,C3,central_12_13,7,-19.120695664664964,48.93989015774149,-24.30969850701299,-50.066164221612716,4.765978425646512,54.83214264725923,-81.37251613057349,62.43771657686413
all_trials,10,both_fists_imagery,C3,mu,7,-5.350284216073104,45.039744263700435,-0.6749558828620312,-32.56283025820187,19.63558397843069,52.19841423663256,-68.94274805655407,58.02020698644673
all_trials,10,both_fists_imagery,C4,beta,7,-14.108566428198591,18.381670565077446,-7.846635856945065,-26.064222928111732,-4.451464246832532,21.6127586812792,-42.44726599635555,12.565311205799002
all_trials,10,both_fists_imagery,C4,central_12_13,7,-8.4317488964971,72.71892669483708,-54.556749794538355,-67.08562748156507,59.674434456909864,126.76006193847493,-73.99894334493395,84.35583691330302
all_trials,10,both_fists_imagery,C4,mu,7,3.458873946945555,67.03328411183779,-10.46775515264348,-52.96040714196797,56.4076182081994,109.36802535016737,-69.752149123811,97.5375997726105
all_trials,10,both_fists_imagery,C5,beta,7,24.950611478926938,35.019811228258696,15.513528984177135,1.4193610187711565,48.34312327479776,46.923762256026606,-14.37194931059967,73.98773209177325
all_trials,10,both_fists_imagery,C5,central_12_13,7,33.75105681259959,112.89725454295798,0.19738634320286022,-27.16468976213953,34.05765341184626,61.22234317398579,-53.868236139715435,276.1423201852962
all_trials,10,both_fists_imagery,C5,mu,7,38.88631819412156,93.9694807664204,16.372121032475675,-0.9040414202373412,37.01030914245666,37.914350562694004,-55.15152106581728,238.7710919477539
all_trials,10,both_fists_imagery,C6,beta,7,10.300188381075923,39.319264241372636,18.015367508581583,-22.868784625908276,30.205885858244088,53.074670484152364,-34.88625226707167,74.29800096134993
all_trials,10,both_fists_imagery,C6,central_12_13,7,41.73123287801274,50.624091989476284,51.57538742341987,7.205978340877309,61.32043672391991,54.1144583830426,-20.657594382738697,124.14800697581353
all_trials,10,both_fists_imagery,C6,mu,7,38.27307325747257,51.79112237534362,46.05017212586321,-4.501907719000561,76.64082313500458,81.14273085400514,-25.969582209379478,103.55309205381624
all_trials,10,both_fists_imagery,CP1,beta,7,25.460184307247516,54.553143567095624,16.281993974648284,-8.2850839538369,44.55083337296417,52.83591732680107,-36.562854696590776,125.97065203442055
all_trials,10,both_fists_imagery,CP1,central_12_13,7,72.09851502009316,103.34671113335298,73.18312415263051,31.477172841338778,96.80601751879442,65.32884467745563,-81.76234807894404,256.70244834669927
all_trials,10,both_fists_imagery,CP1,mu,7,44.7068629729098,79.10116430332928,38.764940109070224,-11.40636276342474,111.5378008008669,122.94416356429164,-64.51380294764371,138.4340275740578
all_trials,10,both_fists_imagery,CP2,beta,7,-3.275706856142232,31.472892823226175,-7.855569559153835,-20.99824992866519,-2.470418218128839,18.52783171053635,-30.810347417001353,62.673305276747634
all_trials,10,both_fists_imagery,CP2,central_12_13,7,35.35189962614551,84.41452932764366,24.243816530778563,-27.348528327440576,84.90569641017575,112.25422473761633,-60.5767882645548,168.68193295132448
all_trials,10,both_fists_imagery,CP2,mu,7,33.79416036275696,70.87664199019287,9.327499704890183,-6.582950055274969,68.60740454425746,75.19035459953243,-54.956029048163586,158.1387429046071
all_trials,10,both_fists_imagery,CP3,beta,7,33.98567461897153,52.20271776656028,47.41649281855253,-0.0455475195775783,70.13497841345534,70.18052593303292,-44.37151429251066,94.67588201900331
all_trials,10,both_fists_imagery,CP3,central_12_13,7,57.44541480601879,66.39384867598143,68.94222807660621,56.4317921780523,96.48803462253477,40.05624244448247,-84.02019558408578,111.356217548437
all_trials,10,both_fists_imagery,CP3,mu,7,30.088041056360957,49.39996367920926,46.25145912071618,22.031827793156776,57.005941748544714,34.974113955387935,-71.90650027933067,78.1957894697382
all_trials,10,both_fists_imagery,CP4,beta,7,-0.44828669670207105,50.26477992299758,-11.44918365997849,-24.722511577542882,-5.452782461549545,19.269729115993336,-41.10210033030983,109.76386519155868
all_trials,10,both_fists_imagery,CP4,central_12_13,7,24.52804562594011,95.62837040832605,-35.13171451305147,-40.53480151264347,87.55437841026227,128.08917992290574,-56.31859366145101,169.10747376084564
all_trials,10,both_fists_imagery,CP4,mu,7,38.09953442185173,96.39870693450834,-6.674760281298363,-25.037250717233743,81.39015809275371,106.42740880998745,-50.79916810603072,211.4648545892513
all_trials,10,both_fists_imagery,CP5,beta,7,16.949659671135485,41.72778285572786,26.250812277498753,-7.447067935386077,30.84323092656448,38.29029886195056,-37.563451357604954,83.16793079569779
all_trials,10,both_fists_imagery,CP5,central_12_13,7,69.35598452567639,102.095154888236,45.76234448734522,18.973882561097778,118.69023172000033,99.71634915890255,-75.38192250489836,239.78324113509169
all_trials,10,both_fists_imagery,CP5,mu,7,36.465860090931976,66.99958358531795,31.807194014910156,2.0746149778259984,72.82470586118163,70.75009088335563,-58.99046316398988,132.6456481075883
all_trials,10,both_fists_imagery,CP6,beta,7,10.097701123004594,54.551598984770564,0.0459656760062189,-38.23415652004475,53.15901094604642,91.39316746609117,-46.237391131881765,87.02562446490435
all_trials,10,both_fists_imagery,CP6,central_12_13,7,25.324436968896897,50.64535451715241,17.75468716852395,-10.763493042735899,44.5514890971732,55.314982139909105,-25.565131121550582,117.50551062643031
all_trials,10,both_fists_imagery,CP6,mu,7,37.757964535551345,65.61133508878073,19.37858603749665,6.422368069629796,41.073418002863896,34.6510499332341,-25.837621480816825,175.77321504719214
all_trials,10,both_fists_imagery,CPz,beta,7,5.41941364809469,32.98979293924767,-0.2493336163622089,-18.057711417052317,16.007376690753574,34.06508810780589,-26.830491173927992,69.11638977955052
all_trials,10,both_fists_imagery,CPz,central_12_13,7,59.4858010724841,93.46067090581028,62.123601372071114,9.020196133997459,104.40953219165354,95.38933605765608,-74.43636038601183,201.8539098700274
all_trials,10,both_fists_imagery,CPz,mu,7,39.65491371754433,66.94353375835735,70.04099337537058,-19.02160820971113,90.8985975711532,109.92020578086434,-46.00561416708351,109.79503809163911
all_trials,10,both_fists_imagery,Cz,beta,7,-9.159980846406228,30.919881631119427,-21.574487179028296,-31.747702958834623,3.093320092441539,34.84102305127616,-34.16031413657329,48.92370112354414
all_trials,10,both_fists_imagery,Cz,central_12_13,7,18.443514245004206,70.84071819758292,17.899838793274583,-32.033182643833,38.638541133479535,70.67172377731254,-56.57025676681499,154.56430070927678
all_trials,10,both_fists_imagery,Cz,mu,7,5.039136069377816,34.50550316744937,-4.800793756949533,-20.5744351176907,21.571783793911635,42.14621891160233,-29.77513921558903,67.8551881057414
all_trials,10,both_fists_imagery,F1,beta,7,31.0648233356438,89.01361367410564,-15.426401438613727,-30.331262720871962,89.48199823571608,119.81326095658804,-61.3073282760423,175.8860220344744
all_trials,10,both_fists_imagery,F1,central_12_13,7,41.46044878328856,117.89788763439948,23.715154878567454,-43.06373144243729,81.78661346654327,124.85034490898056,-69.35825170390517,258.4204742601457
all_trials,10,both_fists_imagery,F1,mu,7,20.192157862850088,70.85789829298143,-15.05460736831012,-32.63906266944168,74.65970147642196,107.29876414586363,-49.589319411449594,121.94775420574977
all_trials,10,both_fists_imagery,F2,beta,7,22.51050826404551,54.92175892740936,13.077294087536453,-11.337328800729574,43.439841174355905,54.77716997508548,-43.11370417338624,123.40494318691567
all_trials,10,both_fists_imagery,F2,central_12_13,7,42.938970440453886,123.79862286695636,24.373593171585245,-28.495653169907982,53.74016184402125,82.23581501392923,-74.96871402576564,300.67889658913106
all_trials,10,both_fists_imagery,F2,mu,7,23.18725913710588,77.23837141424039,-7.789215255073562,-15.721988599021515,37.37283749024553,53.094826089267045,-47.601854544927555,174.40018597729426
all_trials,10,both_fists_imagery,F3,beta,7,21.750568466803067,62.48905757874325,-1.3110385799099815,-21.95177135965164,61.50794646768692,83.45971782733857,-49.00454301428379,123.4572106457447
all_trials,10,both_fists_imagery,F3,central_12_13,7,35.67889760673332,139.94662163273927,4.387619724900701,-36.8342321386423,27.674488431123514,64.50872056976581,-76.17324689967965,339.8573978369498
all_trials,10,both_fists_imagery,F3,mu,7,17.875830242123193,84.23777226863264,-18.163905050672792,-33.803739440950565,37.782423290231996,71.58616273118255,-53.27231474540216,188.60966379237445
all_trials,10,both_fists_imagery,F4,beta,7,23.771070911076283,58.88743603855469,22.063651779355325,-17.347695560070083,48.44526828398437,65.79296384405446,-46.371805372606005,128.5105045229561
all_trials,10,both_fists_imagery,F4,central_12_13,7,45.1241719309882,143.69945265329167,4.400611674406925,-34.60451775386025,52.79386980233568,87.39838755619593,-76.86304411878777,351.9529318643473
all_trials,10,both_fists_imagery,F4,mu,7,19.38752114202284,83.83828150180696,-12.721936839305634,-23.299589658638702,27.574760391238687,50.87435004987739,-53.388064881718144,193.2723082499837
all_trials,10,both_fists_imagery,F5,beta,7,7.910700918777598,54.22738029045499,-16.42510081106072,-34.34745323504009,45.453618492805106,79.8010717278452,-37.07788786128186,86.66556458825575
all_trials,10,both_fists_imagery,F5,central_12_13,7,10.245920688146631,96.06784693864289,-32.525158453843815,-48.74078404067585,41.8293491044218,90.57013314509766,-77.80388298932732,195.87335613270565
all_trials,10,both_fists_imagery,F5,mu,7,-1.2051777833880186,70.3074759440972,-24.725301251729853,-42.57064059663016,5.632340024517973,48.202980621148136,-57.97640385412354,148.14206176636165
all_trials,10,both_fists_imagery,F6,beta,7,9.679803660784163,43.24436422990243,13.231362675520558,-20.414505796007283,29.39553656302079,49.810042359028074,-43.949598648431824,80.51480006437339
all_trials,10,both_fists_imagery,F6,central_12_13,7,27.201250934529224,85.6151895606894,-10.448102737501323,-20.49269167839352,65.80261680488375,86.29530848327727,-73.4525889259881,183.68959795221352
all_trials,10,both_fists_imagery,F6,mu,7,16.070434770321945,70.06985089137797,-9.102506789833484,-23.62918623529903,25.882193041549186,49.51137927684822,-43.5550659617424,160.64460253132918
all_trials,10,both_fists_imagery,F7,beta,7,-2.1336699858552537,28.109123685484608,-4.822198332787416,-16.64656681446128,17.9951649998157,34.64173181427698,-46.97955078285125,34.168862843943046
all_trials,10,both_fists_imagery,F7,central_12_13,7,10.39228822824778,85.51503624017565,-30.032661469799564,-36.82123917308036,30.534151352774256,67.35539052585462,-69.23842927815447,184.59128398630068
all_trials,10,both_fists_imagery,F7,mu,7,16.004425641603135,79.12200629399274,-11.474271847441285,-16.932705550231038,16.64000025341671,33.57270580364775,-60.80294028146598,184.89360221375784
all_trials,10,both_fists_imagery,F8,beta,7,0.21288392223292366,30.12343166239951,8.9049016952754,-24.664512314137326,23.77443456351303,48.43894687765035,-41.48906521044952,35.854506472053174
all_trials,10,both_fists_imagery,F8,central_12_13,7,72.51595389166003,88.04498888504607,87.89274411864204,7.336688335932035,144.20238432702712,136.8656959910951,-55.132037618096945,171.77282541515675
all_trials,10,both_fists_imagery,F8,mu,7,43.271263661100285,60.194806129948994,27.162623730106535,-5.7962577405603675,88.70657518796992,94.50283292853028,-22.3232117728817,132.238798775658
all_trials,10,both_fists_imagery,FC1,beta,7,4.324379930094817,44.094530470029916,2.547101202276624,-16.951262011435656,13.460336863001237,30.41159887443689,-51.82623546248806,86.531644067744
all_trials,10,both_fists_imagery,FC1,central_12_13,7,6.87164653388182,53.24983761344063,4.4959317193483255,-35.60663571022483,37.72796482023287,73.33460053045769,-52.56240370871606,91.9253395065244
all_trials,10,both_fists_imagery,FC1,mu,7,5.668124311176817,40.6867273381603,5.642808782709525,-28.134749285928233,26.277445324528824,54.41219461045706,-36.515905441778315,74.26457476010533
all_trials,10,both_fists_imagery,FC2,beta,7,-6.4638630706735665,22.377004811485172,-5.307067351469228,-24.11625843664696,4.049883345828604,28.166141782475563,-31.305240957271348,31.49801699566233
all_trials,10,both_fists_imagery,FC2,central_12_13,7,-0.16187783601722497,70.18358825101878,-35.04480384255383,-48.80182336022451,44.37581671693559,93.1776400771601,-63.14561084309163,105.90928312010276
all_trials,10,both_fists_imagery,FC2,mu,7,-6.752036330794051,49.267855966888874,-11.20607221660561,-37.32781825835035,3.8441127546815705,41.171931013031916,-60.072544053444524,90.98177296182934
all_trials,10,both_fists_imagery,FC3,beta,7,5.695533302887529,54.33251955077257,-3.306413123059626,-37.75720995740034,36.9845750565042,74.74178501390455,-52.46107417151546,97.18149021658007
all_trials,10,both_fists_imagery,FC3,central_12_13,7,-17.471717371786294,66.22846841960867,-30.203544854186692,-62.60559724626704,-7.742819141967064,54.86277810429998,-71.24168277355777,119.8400388017086
all_trials,10,both_fists_imagery,FC3,mu,7,-8.676156273953952,41.59239057975681,-0.7597606718595437,-39.48192268862137,3.767450199157938,43.2493728877793,-55.57111078654386,67.02672251965261
all_trials,10,both_fists_imagery,FC4,beta,7,2.101224357490346,39.239426509519134,-4.480781524095952,-22.409742614030037,15.265129133239457,37.67487174726949,-42.10014564364316,75.57872463175269
all_trials,10,both_fists_imagery,FC4,central_12_13,7,-6.289905157291464,78.27974498609112,-48.88452576786554,-52.87072617622941,27.562635815811284,80.43336199204069,-70.7168606604345,126.18823104809604
all_trials,10,both_fists_imagery,FC4,mu,7,-7.2525857645316165,51.61246985073847,-26.336248528857947,-43.55536991310969,12.257527574244456,55.81289748735415,-45.630683890711154,83.79451674557826
all_trials,10,both_fists_imagery,FC5,beta,7,20.07254427484329,58.517084190225916,-13.881055480410549,-22.7711394710663,56.331465597513166,79.10260506857946,-26.951926257471214,114.22013940889103
all_trials,10,both_fists_imagery,FC5,central_12_13,7,22.21512344733531,100.7261541713703,-34.50887177211284,-40.02044365491119,52.04106071597446,92.06150437088564,-56.963348653389666,222.93685043472308
all_trials,10,both_fists_imagery,FC5,mu,7,28.046399371889482,74.51607595253066,9.346028054267935,-0.7501780212676337,25.00399308854961,25.754171109817243,-48.747176179890886,187.21831359428532
all_trials,10,both_fists_imagery,FC6,beta,7,17.07404847147232,43.05726812569155,8.71780557617283,-10.810736100188839,36.821364452475066,47.63210055266391,-34.37108039349692,93.15035741305788
all_trials,10,both_fists_imagery,FC6,central_12_13,7,27.566085173749844,63.07464183061018,14.047954310867267,-21.98524803370728,62.68638926291868,84.67163729662596,-35.33553106371625,132.84789051067506
all_trials,10,both_fists_imagery,FC6,mu,7,24.428401148646945,52.34723937951164,-0.371814287217602,-8.0454385469608,60.903893380063046,68.94933192702385,-38.29869729667745,103.95240995821922
all_trials,10,both_fists_imagery,FCz,beta,7,-9.375722906000314,20.609456657636542,-3.964372872285237,-24.15114649292957,2.4443678125354737,26.595514305465045,-38.641142195963816,20.38901208703505
all_trials,10,both_fists_imagery,FCz,central_12_13,7,3.1189010872054266,45.449476255975874,-11.399695135279654,-30.349203577862994,31.16018812466742,61.509391702530415,-42.915607297739996,74.52564094984878
all_trials,10,both_fists_imagery,FCz,mu,7,4.4045063885222,40.500103982915505,-18.364090430806602,-26.00301240553339,31.207517276787517,57.21052968232091,-33.20950489423443,71.99613030218818
all_trials,10,both_fists_imagery,FT7,beta,7,14.349188458278563,35.554796872533686,-5.597708962046363,-10.390218013550154,30.866191044295945,41.2564090578461,-16.04916825310376,81.13925036160848
all_trials,10,both_fists_imagery,FT7,central_12_13,7,38.67503664965342,123.79480723987805,-8.147746638874928,-21.73754685625089,43.41738434250206,65.15493119875295,-68.93521474591168,304.44854295985823
all_trials,10,both_fists_imagery,FT7,mu,7,43.74266519766822,118.15697460936202,6.006709716464044,-2.326715329721554,35.17172957484969,37.498444904571244,-64.11302568746648,298.6149438644237
all_trials,10,both_fists_imagery,FT8,beta,7,12.517205376194088,38.52078380835971,32.04409136871633,-16.71384059229655,41.651936236732155,58.365776829028704,-42.22654052509562,47.92669550086669
all_trials,10,both_fists_imagery,FT8,central_12_13,7,107.05976711193316,97.95089289764759,76.12925088401003,55.951486907957815,178.14313862732735,122.19165171936953,-39.766480604596964,244.86634843354864
all_trials,10,both_fists_imagery,FT8,mu,7,58.044627794288864,60.69305447895549,33.66086881542591,15.727551541478984,117.20380267271611,101.47625113123712,-20.226258299640698,127.01507561584668
all_trials,10,both_fists_imagery,Fp1,beta,7,20.65432879660614,63.066699245801196,27.977534296696337,-18.384725804859826,31.310418274140865,49.69514407900069,-52.8599797938599,143.61136213484446
all_trials,10,both_fists_imagery,Fp1,central_12_13,7,26.91404085672959,77.45168344137956,13.635741703573302,-35.75595354966582,83.75886216958884,119.51481571925466,-53.275737425791185,132.03246447947896
all_trials,10,both_fists_imagery,Fp1,mu,7,31.458122840325295,53.062593045602895,50.82796407884278,-11.527686386299447,72.96623194194328,84.49391832824273,-44.43139809054971,90.93320278269633
all_trials,10,both_fists_imagery,Fp2,beta,7,8.149246012916493,44.007657492457994,-9.038816802310095,-30.242620803511876,47.60363653433914,77.84625733785101,-34.81245942340113,66.17396685447216
all_trials,10,both_fists_imagery,Fp2,central_12_13,7,74.16915111633102,111.77610001954754,148.2870371632414,-31.44973711544913,158.23842356111504,189.68816067656417,-66.89521292034469,184.21486068008863
all_trials,10,both_fists_imagery,Fp2,mu,7,32.84019763945252,68.178898539794,41.612804685557016,-34.16413311231244,97.3664632196438,131.53059633195625,-41.27147243898598,103.13539101493389
all_trials,10,both_fists_imagery,Fpz,beta,7,12.2813026374387,55.263472512758156,-15.389785846434199,-22.95461036843993,39.426199334840135,62.380809703280065,-45.11294998207312,113.52867635777781
all_trials,10,both_fists_imagery,Fpz,central_12_13,7,61.13686058072866,102.16920475242932,74.9123780634143,-31.682524390302923,153.73930404081761,185.42182843112053,-62.1002269565356,171.03231365719256
all_trials,10,both_fists_imagery,Fpz,mu,7,35.85628531803491,62.74078037483037,42.37576207265585,-23.672821597068122,92.00091589375188,115.67373749082,-35.16639009872524,107.1284366589462
all_trials,10,both_fists_imagery,Fz,beta,7,18.60811056195855,60.79327704384055,-4.686171658919855,-25.188225697976883,54.88286683533195,80.07109253330884,-44.220124906409175,119.77378822432874
all_trials,10,both_fists_imagery,Fz,central_12_13,7,45.76742558217533,105.58163402554584,1.4030029532203012,-22.28922983407795,106.51791234252346,128.80714217660142,-71.74356686526038,222.2551779703763
all_trials,10,both_fists_imagery,Fz,mu,7,27.135127467303885,70.31894525260225,0.35495782154083527,-15.143586249971134,69.0157875719699,84.15937382194103,-44.43617361587676,126.28270542146562
all_trials,10,both_fists_imagery,Iz,beta,7,-10.926564405776627,24.099401569426746,-12.192800032523047,-17.789677623149927,3.1409476956186184,20.930625318768545,-55.018604991378474,20.022914038527745
all_trials,10,both_fists_imagery,Iz,central_12_13,7,12.29906437383764,87.91016174734973,-12.71186269838522,-43.77221751757836,29.125435646680838,72.8976531642592,-62.08654107321743,190.1854181302612
all_trials,10,both_fists_imagery,Iz,mu,7,13.834754512355278,76.54439990231957,-18.746829181860683,-32.74020382463578,30.890731458643106,63.63093528327889,-49.028824781650286,168.31788028198326
all_trials,10,both_fists_imagery,O1,beta,7,15.53966144355097,49.22456507349525,14.0392253882424,-15.799822418604746,33.615658998459836,49.41548141706458,-42.59434234061912,101.70107389752333
all_trials,10,both_fists_imagery,O1,central_12_13,7,97.0493799409028,211.21187603294132,22.682079695639935,-41.774098279230046,145.5390762303509,187.31317450958096,-54.80712911207294,503.9407531005111
all_trials,10,both_fists_imagery,O1,mu,7,58.73709175656681,154.0852021412421,-17.683217197185872,-31.35056433079894,72.58890622577222,103.93947055657117,-40.79030794941982,387.1564836526268
all_trials,10,both_fists_imagery,O2,beta,7,41.22697795018301,60.911615333223374,54.943387467795276,-0.8147728812727912,81.28743416589586,82.10220704716865,-44.516837023750114,117.21697263798977
all_trials,10,both_fists_imagery,O2,central_12_13,7,92.97520682135747,162.2510447549884,44.01616558358823,-20.4799343720455,158.77979490212127,179.25972927416677,-63.31892768816081,393.52948879392335
all_trials,10,both_fists_imagery,O2,mu,7,77.08102288357229,144.17277841597394,12.904681870364222,-20.518675135746335,127.6277861620481,148.14646129779442,-43.725178222049834,356.16943448408813
all_trials,10,both_fists_imagery,Oz,beta,7,21.64112776698196,54.0775882858572,5.646354414216733,-5.144401447428177,53.75352691881927,58.89792836624745,-49.923211415485966,98.54650042736075
all_trials,10,both_fists_imagery,Oz,central_12_13,7,104.01821308759848,188.52198586827427,28.963451586260604,-22.330480274735955,196.7955120428153,219.12599231755124,-52.226632216109124,402.4606087068791
all_trials,10,both_fists_imagery,Oz,mu,7,64.2733808131682,123.4134781134739,25.951864432220752,-26.03882749465538,101.66866700175486,127.70749449641023,-33.02399391824666,305.7261161640044
all_trials,10,both_fists_imagery,P1,beta,7,42.839873113568906,68.29465631412032,34.26878889925526,-2.049226764516958,85.88669792462464,87.9359246891416,-39.591159810895384,137.5265403864071
all_trials,10,both_fists_imagery,P1,central_12_13,7,92.49503812940019,118.59500540744955,58.318940595322914,15.12889077313389,180.94006571541073,165.81117494227684,-66.40947502605914,263.4178883594482
all_trials,10,both_fists_imagery,P1,mu,7,69.221362623548,98.41505551923574,71.33145856715274,1.7642196574750457,115.56157687781536,113.7973572203403,-52.557947810125604,231.12443453722813
all_trials,10,both_fists_imagery,P2,beta,7,35.231086642404776,41.95480076541477,20.017127190663313,8.300168744639194,52.245361369170766,43.94519262453157,-8.712851066009428,114.22227014455962
all_trials,10,both_fists_imagery,P2,central_12_13,7,94.8499151864958,101.9206752659003,51.50088243844016,43.83259867892811,133.41777054211008,89.58517186318197,-10.661398352058695,268.6091837770128
all_trials,10,both_fists_imagery,P2,mu,7,84.62579932671294,77.26952373754642,65.22236769538651,45.8404805905424,152.61551837869592,106.77503778815353,-40.53918306228374,170.78541271541127
all_trials,10,both_fists_imagery,P3,beta,7,42.628790726702036,63.88318150342654,46.311284239474375,0.28744074032968037,69.92586627505668,69.63842553472699,-38.2317345672265,149.89537138389366
all_trials,10,both_fists_imagery,P3,central_12_13,7,92.0648221868914,118.34504978831852,93.70488426803487,1.5130131664563589,196.31783202985451,194.80481886339817,-72.9025809758644,227.9897616234475
all_trials,10,both_fists_imagery,P3,mu,7,63.410712832510775,94.71263667978678,48.39839105683915,11.33546138624272,107.11230688763703,95.77684550139432,-63.33649151080788,221.9175537337846
all_trials,10,both_fists_imagery,P4,beta,7,31.210073904617655,39.10975680316209,14.505174972324653,-1.5449172572692746,65.51155388567062,67.0564711429399,-8.103806464643668,84.1358755678399
all_trials,10,both_fists_imagery,P4,central_12_13,7,69.70054300555368,102.55906885368485,39.99794755311963,14.557395133610083,73.5118955979764,58.95450046436632,-17.944256190623683,289.7115282132069
all_trials,10,both_fists_imagery,P4,mu,7,73.47223251230271,85.50861687093025,54.174761436251366,24.246129522486537,115.08449934105316,90.83836981856662,-33.17893704607304,214.6485454688613
all_trials,10,both_fists_imagery,P5,beta,7,28.549817279961832,47.4397527532912,38.17833361596202,-2.9117907615055145,63.62234465957685,66.53413542108237,-43.84001740856364,84.08929695619179
all_trials,10,both_fists_imagery,P5,central_12_13,7,63.8804726052049,99.79183126412718,58.772479960118126,8.572531912964244,111.6191170847448,103.04658517178055,-76.37168488444988,224.379215165348
all_trials,10,both_fists_imagery,P5,mu,7,30.656125170474883,63.28643965487118,35.633715975192004,-10.858874230673958,69.33815923927945,80.19703346995341,-61.95036064776854,123.95095084868971
all_trials,10,both_fists_imagery,P6,beta,7,37.29240823375772,53.823653714756894,32.894473901908235,-2.0432728184627402,51.70370128861904,53.746974107081776,-14.140553782515461,142.97208057659864
all_trials,10,both_fists_imagery,P6,central_12_13,7,42.533619379243355,110.57133725993242,-8.084866178151847,-13.144358244776704,41.35723328648546,54.501591531262164,-34.467788253517455,283.8622400029553
all_trials,10,both_fists_imagery,P6,mu,7,41.8685834794968,87.06590387339641,8.015411119918344,6.223648817479772,28.549030699936054,22.325381882456284,-19.9822365461726,235.5015507479002
all_trials,10,both_fists_imagery,P7,beta,7,8.38806792906701,32.7162567612902,3.676143088915527,-4.12471275297654,12.688431762447506,16.813144515424046,-34.76229033693177,72.67518473254339
all_trials,10,both_fists_imagery,P7,central_12_13,7,21.339881255857033,69.6567475724869,28.21802421227903,-24.64319721175202,46.35052863820479,70.99372584995682,-63.4298600481012,141.17634177391585
all_trials,10,both_fists_imagery,P7,mu,7,7.5719094071585795,46.543339034759896,-1.7665662316471151,-23.1665213181797,28.836819714459246,52.00334103263894,-45.613917566377566,89.04325285557564
all_trials,10,both_fists_imagery,P8,beta,7,29.937057363733143,56.07495784881263,7.371174808902269,-8.975739498869622,51.131494589757374,60.107234088626996,-15.614581159697378,133.49129771515157
all_trials,10,both_fists_imagery,P8,central_12_13,7,29.82752078135403,97.25430737310377,-3.537366654258728,-28.480942930088915,39.8935347743668,68.37447770445571,-45.207298473364396,234.7121269085456
all_trials,10,both_fists_imagery,P8,mu,7,19.99054582878332,61.10814624302738,4.335653899934816,-10.938990026786296,19.3883943514738,30.327384378260096,-32.68415942324729,151.38351767542065
all_trials,10,both_fists_imagery,PO3,beta,7,22.779966287812005,40.0852008654613,16.15842137882799,4.513577513933073,39.37883257536161,34.86525506142854,-34.66465922835883,90.18118168562552
all_trials,10,both_fists_imagery,PO3,central_12_13,7,68.11466839454492,131.1266689472967,20.35633934591976,-22.737843274252402,129.91090447517473,152.64874774942714,-59.26059089686375,301.3608079109139
all_trials,10,both_fists_imagery,PO3,mu,7,36.987449859394715,72.63872972860062,29.90600962963876,-25.956924037352707,88.9712711288658,114.9281951662185,-41.23559879688549,144.2130439999836
all_trials,10,both_fists_imagery,PO4,beta,7,62.34001523979907,67.45116290155526,67.23718265914677,17.677614285446825,95.61823143158611,77.94061714613929,-26.96722951710665,169.51846210248746
all_trials,10,both_fists_imagery,PO4,central_12_13,7,120.51062056455042,187.93763800460152,50.90326377474732,-19.367581079813313,204.03247410335644,223.40005518316974,-43.021416336477614,466.362710466497
all_trials,10,both_fists_imagery,PO4,mu,7,98.7945020481239,139.8941452430082,31.768608807858172,2.497333644195802,156.81704774303125,154.31971409883545,-17.823974483994917,358.9881172385498
all_trials,10,both_fists_imagery,PO7,beta,7,14.525818961994185,28.542281298402877,10.080822022298467,4.846884618594574,31.476078910181077,26.6291942915865,-31.77312529087988,50.727108944989396
all_trials,10,both_fists_imagery,PO7,central_12_13,7,52.46246280194618,124.49647880534951,32.1778652021743,-39.174467065376234,83.71128792765917,122.8857549930354,-53.483971052252215,299.46970373913535
all_trials,10,both_fists_imagery,PO7,mu,7,25.416076816024827,76.45342931413417,-10.49426887711509,-30.37373604297624,54.21738662382624,84.59112266680248,-34.03089546791736,174.75040089550626
all_trials,10,both_fists_imagery,PO8,beta,7,57.436334549424245,67.86529444961862,50.70068923965947,6.432288698290755,119.14171410670559,112.70942540841483,-31.436068781519122,131.64171577783665
all_trials,10,both_fists_imagery,PO8,central_12_13,7,77.84602653203208,160.61281348913766,17.608975195799736,-22.855592873294174,114.40712570130376,137.26271857459793,-59.838371576256066,404.0485164486618
all_trials,10,both_fists_imagery,PO8,mu,7,53.017352125908836,113.62568817193403,15.159319303467559,-13.539335236403156,70.51827808073641,84.05761331713957,-42.74757834002819,284.751838229256
all_trials,10,both_fists_imagery,POz,beta,7,31.45741491056021,51.776184951113564,7.137278014629053,-1.1437402412421567,52.74073089212542,53.884471133367576,-19.502854525898158,129.37349958342406
all_trials,10,both_fists_imagery,POz,central_12_13,7,123.82627292375537,169.9179675637537,17.295759421824016,13.401039277589971,192.31368161715898,178.912642339569,1.2900092341438882,436.76870002082177
all_trials,10,both_fists_imagery,POz,mu,7,78.78386380639067,78.08056594697705,74.12056063109925,25.10675573006128,141.68801864739027,116.58126291732898,-33.574290034319915,177.3512272930523
all_trials,10,both_fists_imagery,Pz,beta,7,27.82571148448744,57.36460078331818,11.736393385906647,-10.224446198232902,66.29338911422198,76.51783531245488,-38.28568121852646,109.19138239205371
all_trials,10,both_fists_imagery,Pz,central_12_13,7,86.2178755813429,98.88639304979215,88.33326086785371,25.85587291683089,151.00619330008956,125.15032038325867,-52.783983925571974,214.25171969327766
all_trials,10,both_fists_imagery,Pz,mu,7,65.62096817458738,85.82217487415895,106.32074859143414,-0.9986589031070352,113.10261539099022,114.10127429409727,-51.66167183647566,180.4797874913868
all_trials,10,both_fists_imagery,T10,beta,7,6.482679028365835,22.606213063869067,1.6597586306099656,-5.096376571146967,16.728284689861088,21.824661261008053,-25.176695898173243,45.63187422869588
all_trials,10,both_fists_imagery,T10,central_12_13,7,105.1476196725434,93.23217449155793,100.18918085279873,52.86828044730421,126.79111470809207,73.92283426078785,-9.089021451297842,285.6143879955104
all_trials,10,both_fists_imagery,T10,mu,7,57.33635810590764,49.677716385963265,48.55022272152659,34.253595834545436,67.45203589061384,33.19844005606841,-5.255652927861015,154.64867349736934
all_trials,10,both_fists_imagery,T7,beta,7,20.334755108450203,35.18482217041218,4.393177599690429,0.066403674663023,31.587457989704856,31.521054315041834,-14.429940497425994,89.07232532815122
all_trials,10,both_fists_imagery,T7,central_12_13,7,46.35949195236528,91.62629121656356,8.480707238081191,-7.53902313541945,79.3032993342986,86.84232246971806,-49.38943262236729,221.89661665308478
all_trials,10,both_fists_imagery,T7,mu,7,40.06192008739689,87.52841913938319,25.342286091032076,8.104308678428922,39.78399980247727,31.679691124048347,-62.23963077908902,221.55416833802278
all_trials,10,both_fists_imagery,T8,beta,7,4.571780791326068,28.63785842004054,-7.797840573254628,-17.083227622962628,24.81718574338747,41.900413366350094,-25.491903807909853,49.824293679597275
all_trials,10,both_fists_imagery,T8,central_12_13,7,61.08772192628289,86.41065055554614,38.99468771681398,-4.989243126256772,129.32280791622046,134.31205104247724,-35.62667737807122,175.5789135653101
all_trials,10,both_fists_imagery,T8,mu,7,46.28542338535937,65.7834010129756,33.46807500775352,8.105729169290452,84.93932821605381,76.83359904676335,-34.647758830100294,139.08753274917387
all_trials,10,both_fists_imagery,T9,beta,7,-1.1676608497817702,30.024954002578422,-3.214491454651771,-23.032755289681454,8.75731973884258,31.790075028524036,-31.102735712923035,54.69447232078016
all_trials,10,both_fists_imagery,T9,central_12_13,7,30.11890183270835,66.86194802008346,23.14495997275924,-16.053673604629488,41.141840486350674,57.19551409098016,-29.248431760840617,166.75945085359743
all_trials,10,both_fists_imagery,T9,mu,7,20.71877166855975,44.78052986126836,13.308973901982997,4.362785716516051,34.33843803287054,29.97565231635449,-44.23015794274976,98.55013822191184
all_trials,10,both_fists_imagery,TP7,beta,7,6.901268002251079,23.086362701211062,12.245423978389931,-12.8530199691598,24.202023876779187,37.05504384593898,-22.56244690529621,35.927891127425056
all_trials,10,both_fists_imagery,TP7,central_12_13,7,29.954093894458953,70.20107123267739,-7.668584557634594,-22.33454532898738,89.99721589824057,112.33176122722796,-43.95865106054598,125.98055174088688
all_trials,10,both_fists_imagery,TP7,mu,7,23.519507656883928,56.959855277121434,15.704642048166885,1.5525843518860523,36.59574920237197,35.043164850485915,-57.622730636327596,130.25797507783216
all_trials,10,both_fists_imagery,TP8,beta,7,13.995525620773732,31.436183173390774,2.4950190272910846,-3.347658561311301,20.808592415830066,24.15625097714137,-14.445977824759986,74.99777043384749
all_trials,10,both_fists_imagery,TP8,central_12_13,7,55.47314960714261,55.758366181736555,64.74230624785409,26.043373779318863,88.39821075150877,62.35483697218991,-28.716278237885973,123.40285017837485
all_trials,10,both_fists_imagery,TP8,mu,7,39.3908839296326,53.83915454272995,12.631596612077422,2.3635094965564463,91.90764813355347,89.54413863699702,-26.701140213259006,101.26341584838994
all_trials,14,both_feet_imagery,AF3,beta,8,3.5565403589711124,70.94884813617973,-25.3620820094365,-34.56596550456167,4.135334101141709,38.701299605703376,-47.293966731901925,165.26843662707756
all_trials,14,both_feet_imagery,AF3,central_12_13,8,76.98467973633154,180.27808106710768,-0.7430216993162269,-27.016598482804955,109.6334614115789,136.65005989438387,-55.43642746921635,487.92095975548267
all_trials,14,both_feet_imagery,AF3,mu,8,39.34899133155089,81.72537105322778,17.359441718494708,-23.105293173154916,74.1700884658778,97.27538163903272,-36.047072840162166,166.49983355877853
all_trials,14,both_feet_imagery,AF4,beta,8,20.41706852503713,49.01586718265247,3.6271081902619406,-3.8088368235538983,23.570701536786267,27.379538360340163,-22.348981021340887,122.52936701987409
all_trials,14,both_feet_imagery,AF4,central_12_13,8,61.1249137436526,148.01422665568276,26.789135190840874,-33.510267161744906,64.58271069184805,98.09297785359296,-44.07282565795189,407.2606396543732
all_trials,14,both_feet_imagery,AF4,mu,8,30.511257369982342,79.33902644318668,12.77323905899822,-36.24139097165417,59.16216541067904,95.4035563823332,-41.537303837279204,172.2921376528984
all_trials,14,both_feet_imagery,AF7,beta,8,1.6089411150127724,71.47567985245108,-26.480723528411264,-37.57539064467014,2.88112067013237,40.456511314802505,-49.83171907872055,165.02206117219106
all_trials,14,both_feet_imagery,AF7,central_12_13,8,72.77679342172314,180.25903898056566,-4.341892058963298,-24.26880843360431,102.28291543177787,126.55172386538217,-59.09926761601297,490.30681397615666
all_trials,14,both_feet_imagery,AF7,mu,8,36.51094751590409,82.83640170686891,13.070772355826541,-26.622866979863733,71.94713033506437,98.5699973149281,-39.69919409371524,170.91515172832695
all_trials,14,both_feet_imagery,AF8,beta,8,3.933325060871455,22.91221348600011,-1.0358740751473925,-11.268481585116138,14.43492877321605,25.70341035833219,-22.24029361049536,44.83312489968552
all_trials,14,both_feet_imagery,AF8,central_12_13,8,76.15179912412583,232.0609029694577,-21.170696987239687,-34.72280446278355,63.943640772717664,98.66644523550121,-64.80322481239301,633.0573263506017
all_trials,14,both_feet_imagery,AF8,mu,8,17.09953663415655,86.31631158170732,-14.563342404220188,-45.22628474510465,48.96303523274291,94.18931997784756,-61.6947754812632,165.20136574508905
all_trials,14,both_feet_imagery,AFz,beta,8,41.47929053510838,61.321307557802605,14.740501410560512,2.1803609080588764,61.69378128133804,59.51342037327916,-9.677258817393419,149.8009979160884
all_trials,14,both_feet_imagery,AFz,central_12_13,8,43.94933461152657,94.71715830855553,24.582375708847582,-28.30750365601052,70.43241716820432,98.73992082421485,-43.94640912018725,241.6938440526763
all_trials,14,both_feet_imagery,AFz,mu,8,37.61498249732878,69.10889637488035,23.551607292825373,-17.239530229401687,85.85673444340452,103.0962646728062,-38.805210123399746,136.98301953029872
all_trials,14,both_feet_imagery,C1,beta,8,-3.845154529557404,31.844447342746697,-13.47397618420121,-28.354448586240178,23.481016946455647,51.83546553269582,-37.9499237636932,45.254682514095826
all_trials,14,both_feet_imagery,C1,central_12_13,8,15.381713668400637,76.81291367320273,2.674641075852655,-28.919549041076028,32.285527315042415,61.20507635611844,-76.03545611075559,171.87418975899666
all_trials,14,both_feet_imagery,C1,mu,8,15.42778980815483,82.08715867026447,-8.67101586717622,-26.120488751128097,34.20486318161844,60.32535193274654,-76.87231733993514,190.52837671596004
all_trials,14,both_feet_imagery,C2,beta,8,5.751488384212413,28.342802187813827,12.633751909610448,-17.419666987866847,19.943337260245283,37.363004248112134,-37.572670117626096,50.293361099341475
all_trials,14,both_feet_imagery,C2,central_12_13,8,32.04447115497241,72.41573005829784,20.128498467919798,-33.696081728371844,98.28490986401596,131.9809915923878,-47.35128606502902,130.51640769554047
all_trials,14,both_feet_imagery,C2,mu,8,15.648857644761957,69.6549224309044,-3.469766292623769,-23.454960017045003,17.327105081147224,40.78206509819223,-40.891837855658004,172.60213819148598
all_trials,14,both_feet_imagery,C3,beta,8,-6.412210337673356,29.861531422562518,-4.956361290773945,-20.558827687435148,10.366433172677187,30.925260860112335,-53.798047168227725,42.97674466887759
all_trials,14,both_feet_imagery,C3,central_12_13,8,52.19124930949477,110.03725343592599,21.182833704396778,1.6221196486106635,49.968658753162096,48.34653910455143,-46.44312376929952,304.56299473840545
all_trials,14,both_feet_imagery,C3,mu,8,44.992348286071724,116.58011242967027,3.828562667492394,-18.86892410838078,56.51494496048167,75.38386906886245,-57.31684615354879,305.3016753410939
all_trials,14,both_feet_imagery,C4,beta,8,-3.4368069351529646,38.67658417460398,-10.06495613829377,-24.108800275010278,16.710775155209923,40.8195754302202,-51.824681633286914,69.24821309933296
all_trials,14,both_feet_imagery,C4,central_12_13,8,36.64112421348191,86.45343326419905,22.313400255138223,-44.405807611650594,93.45715981380562,137.86296742545622,-50.52826353014024,168.75838922885643
all_trials,14,both_feet_imagery,C4,mu,8,7.234679607781543,38.66075216676404,27.850405600274332,-36.516884892377846,34.89423816498639,71.41112305736424,-41.285340896291665,44.898691636922905
all_trials,14,both_feet_imagery,C5,beta,8,-1.699529790724633,36.58288585859152,1.6593991666168866,-8.737341013882059,20.99688032419813,29.73422133808019,-79.24967215971631,36.4332032613388
all_trials,14,both_feet_imagery,C5,central_12_13,8,63.25276251170422,118.01255996759159,40.30516536924306,14.561022064447112,67.30870450858315,52.74768244413603,-45.928687119535894,336.5569492062434
all_trials,14,both_feet_imagery,C5,mu,8,44.028584802344945,122.89775094570534,-5.442362142651336,-10.902168090216064,40.22093547264135,51.123103562857416,-40.37926592204205,338.8468536168679
all_trials,14,both_feet_imagery,C6,beta,8,-5.950413117381489,30.31452858991634,-3.3743087405543313,-16.396878822336674,9.362260072329939,25.759138894666613,-60.91312193569329,33.90632866785062
all_trials,14,both_feet_imagery,C6,central_12_13,8,-5.218829454506526,47.580136983002234,-12.925050271823189,-26.44026648936883,3.9245677789646316,30.364834268333464,-54.92670577344637,97.1225876938166
all_trials,14,both_feet_imagery,C6,mu,8,-11.471653113001215,30.45801515008783,-15.295362862684339,-37.51477750313229,-3.7401299655337006,33.77464753759858,-39.66771583300359,42.46063319367372
all_trials,14,both_feet_imagery,CP1,beta,8,-8.20428767753185,36.0416351382872,-17.51505567080424,-28.460607879391155,10.32867787360821,38.78928575299936,-59.170944399921225,56.890953799605484
all_trials,14,both_feet_imagery,CP1,central_12_13,8,-12.822470742436902,47.71543141908665,-13.341673068633042,-32.448882167115435,4.7194471731057375,37.16832934022117,-84.12745038043177,71.8104129416506
all_trials,14,both_feet_imagery,CP1,mu,8,-7.640311872428795,36.834197006823345,3.8892518523396475,-27.71910316368676,15.86959514880617,43.58869831249293,-76.31967618076901,32.40921818432153
all_trials,14,both_feet_imagery,CP2,beta,8,1.9286986694081918,37.62023486183357,3.4457924019302677,-28.640920324771514,31.256854760540417,59.897775085311935,-53.610725686077785,56.55331317434171
all_trials,14,both_feet_imagery,CP2,central_12_13,8,26.864908170268514,83.14743230985708,8.096405101862317,-24.61245754696954,31.108001747999072,55.72045929496861,-36.781471909944884,222.3270488177504
all_trials,14,both_feet_imagery,CP2,mu,8,20.21557130725121,39.249969289125126,12.806333632291253,-8.22290103140886,46.239949382755924,54.462850414164784,-27.264040781182405,80.68389464851315
all_trials,14,both_feet_imagery,CP3,beta,8,-14.293367558897133,23.744734645415793,-16.329039167021488,-36.2531040576161,0.9231255246688836,37.17622958228498,-40.363695153095506,21.888941235398953
all_trials,14,both_feet_imagery,CP3,central_12_13,8,-11.09418063621865,50.19320780682241,-12.055514750737734,-34.03355987224724,1.6513939238551574,35.6849537961024,-73.07268303446284,91.28190170572802
all_trials,14,both_feet_imagery,CP3,mu,8,-11.300245747609619,46.55197438133081,-11.128923697225648,-47.77040632094449,7.736285338095093,55.50669165903958,-69.27161812131895,77.89082127978077
all_trials,14,both_feet_imagery,CP4,beta,8,-1.0146682946186851,32.83375909197921,-3.529248665051429,-30.11601516587503,18.964236274745716,49.08025144062074,-39.87640566430001,50.22276840532651
all_trials,14,both_feet_imagery,CP4,central_12_13,8,32.68461112715704,101.75231136852416,-3.2974974273321083,-34.06794770247908,64.94479921852063,99.01274692099972,-66.85966317945918,226.73857778824205
all_trials,14,both_feet_imagery,CP4,mu,8,16.85001706779011,54.224456412388655,11.063189247526815,-24.219504540307746,53.73568299134162,77.95518753164936,-48.839144531119594,110.26589726930118
all_trials,14,both_feet_imagery,CP5,beta,8,3.257085727947875,29.542210292941395,15.0703349924439,-6.884828008361742,19.59511654049557,26.47994454885731,-60.7555529368765,33.11836125857801
all_trials,14,both_feet_imagery,CP5,central_12_13,8,-8.32413802290634,33.114608300782365,-12.782103961704188,-28.505607891137178,20.029767551760315,48.53537544289749,-61.83373841566757,37.6070842501185
all_trials,14,both_feet_imagery,CP5,mu,8,-12.22273823449245,27.970866813701516,-14.88094393772281,-22.543439353953573,-2.4160427670771707,20.1273965868764,-57.7745272629569,34.21611121851157
all_trials,14,both_feet_imagery,CP6,beta,8,1.5646435618285341,31.429040405336917,5.67789248527707,-13.872275909413373,23.353238448531798,37.22551435794517,-48.235789932694566,36.53851038467224
all_trials,14,both_feet_imagery,CP6,central_12_13,8,15.206972614266785,78.01558251804747,-16.21168403453726,-42.386112652055324,58.049550948940684,100.43566360099601,-59.93683830320233,150.47501163740387
all_trials,14,both_feet_imagery,CP6,mu,8,1.8557234097425024,32.70180517877139,8.76227251737164,-25.30694654047703,28.115154715492732,53.422101255969764,-46.6286931095751,43.540397597994385
all_trials,14,both_feet_imagery,CPz,beta,8,12.044248630361256,57.603098735918955,6.509652660754341,-26.199506468087833,31.625753595219344,57.82526006330718,-58.16426066761183,127.78934167488325
all_trials,14,both_feet_imagery,CPz,central_12_13,8,35.50384762001789,120.25269597880674,-13.338361158676493,-29.298392345547366,52.8425832386833,82.14097558423066,-78.0217695772125,242.58811437765485
all_trials,14,both_feet_imagery,CPz,mu,8,15.763357951577262,40.14577810572654,24.644066264744403,4.577426377607692,45.15731075413653,40.57988437652884,-68.46916569947733,51.68648093340173
all_trials,14,both_feet_imagery,Cz,beta,8,6.633304450387421,35.273376504995014,15.178388352704314,-28.928473636256342,27.838289122060125,56.76676275831647,-36.028981778840006,62.564045393047266
all_trials,14,both_feet_imagery,Cz,central_12_13,8,-1.0317561188289592,46.5033189621849,-1.4097393483849872,-15.686590492708987,12.261935338197747,27.948525830906732,-72.7773976999046,88.49837568263898
all_trials,14,both_feet_imagery,Cz,mu,8,20.018463678607013,71.75954231116468,0.9450724976899902,-18.67533602019886,40.47309321994523,59.14842924014408,-70.92715203937553,166.0407362795964
all_trials,14,both_feet_imagery,F1,beta,8,31.15972153363631,65.27576174196638,35.663221366499684,-27.082699699318187,56.44447713820047,83.52717683751865,-47.177097352321496,145.2120848643667
all_trials,14,both_feet_imagery,F1,central_12_13,8,50.16345343799293,86.72610875171459,26.491439284679043,-18.56136202761418,117.068104192704,135.6294662203182,-48.48003983861823,170.64141132061445
all_trials,14,both_feet_imagery,F1,mu,8,29.702167852361143,59.62040352565817,19.339931254637815,-20.62267392028942,80.62358130406358,101.24625522435299,-43.43931226210909,107.51744571772133
all_trials,14,both_feet_imagery,F2,beta,8,43.95646201619891,79.36165186718749,2.7498095940671003,-1.9252808043582996,60.48738210813107,62.412662912489374,-13.718913600927879,200.428533762732
all_trials,14,both_feet_imagery,F2,central_12_13,8,53.6949813801357,107.52788732038992,46.5002625746631,-11.089754645334704,84.52821594929956,95.61797059463427,-61.93318875390269,276.865440936663
all_trials,14,both_feet_imagery,F2,mu,8,36.04474805041377,70.45943140433963,30.21075902481458,-21.266880177721426,82.38777491466665,103.65465509238808,-54.34394403310265,137.4214141722169
all_trials,14,both_feet_imagery,F3,beta,8,40.90697867324842,70.2692945813085,5.696838299158868,0.47708562289013723,58.437079981677535,57.9599943587874,-15.220503791240958,190.69995481941868
all_trials,14,both_feet_imagery,F3,central_12_13,8,77.02565857755279,129.40912150804792,47.794331432229384,-11.674599871191461,129.65890028542532,141.33350015661676,-59.183422737990554,313.79184416959885
all_trials,14,both_feet_imagery,F3,mu,8,52.80955739737026,87.3674758001078,44.331718652817266,-18.53993377907271,98.07231144238894,116.61224522146165,-41.657103723675974,180.45971958255075
all_trials,14,both_feet_imagery,F4,beta,8,38.86789580989953,68.99383365155728,12.258826823682071,0.1863927553363549,39.05794095771499,38.871548202378634,-11.696448156222763,187.22453936533725
all_trials,14,both_feet_imagery,F4,central_12_13,8,58.378121962508985,114.0233163514789,52.813321662828315,-8.635208785118888,77.99191757787338,86.62712636299227,-63.03557924210541,298.0070990336328
all_trials,14,both_feet_imagery,F4,mu,8,40.38033469110404,75.01696935440066,36.130922180686625,-17.775923808131285,77.57028226059208,95.34620606872336,-51.162353202987234,152.2114918009816
all_trials,14,both_feet_imagery,F5,beta,8,2.0628652682785784,50.878284384026394,-7.1019484599333005,-29.719251394704294,10.081096061540975,39.80034745624527,-53.805802386675154,111.25841789038927
all_trials,14,both_feet_imagery,F5,central_12_13,8,49.71580331147037,114.11658280740929,4.221159864941598,-41.28378748490809,114.52825127493105,155.81203875983914,-46.7406093103788,267.5867177509398
all_trials,14,both_feet_imagery,F5,mu,8,35.15257091958503,65.92190883844191,11.950579831880695,-9.02266379908033,80.39849139471914,89.42115519379948,-43.22825850078408,136.63107143851454
all_trials,14,both_feet_imagery,F6,beta,8,9.646004204395261,54.090762163067154,-2.257755959276823,-24.897420488910292,28.63477587336123,53.53219636227152,-55.63596064276778,114.18511276038465
all_trials,14,both_feet_imagery,F6,central_12_13,8,68.7218347812423,180.12767189907072,17.2073060747409,-32.32741297368244,50.397489022206656,82.7249019958891,-42.757768330414365,500.2908363020599
all_trials,14,both_feet_imagery,F6,mu,8,28.90892406250358,76.4667451463286,-6.467172052752199,-17.295415936497786,41.65104138706914,58.94645732356693,-32.12513142371299,172.04719153698485
all_trials,14,both_feet_imagery,F7,beta,8,16.616388152775276,86.87160130754917,-0.7112803784306703,-37.89002620027934,23.730981554367613,61.62100775464695,-58.76531587071162,217.25060120969763
all_trials,14,both_feet_imagery,F7,central_12_13,8,99.00694553114741,182.42469215328768,36.15877033845445,-19.54520085402114,118.49295482571782,138.03815567973896,-46.62007641291691,473.7943832716283
all_trials,14,both_feet_imagery,F7,mu,8,69.87158408966411,129.22019388840053,20.200551969132817,-12.788126093049794,118.87976386230524,131.66788995535504,-41.72939251649475,345.57869267913
all_trials,14,both_feet_imagery,F8,beta,8,-0.6909594967425488,27.72459005650698,10.603745262564598,-12.179910106457816,17.406725636947403,29.586635743405218,-56.200323707089964,23.635665397134133
all_trials,14,both_feet_imagery,F8,central_12_13,8,63.63869842883058,189.2619569333354,-14.801822681329837,-37.826996504396774,37.69249936542836,75.51949586982514,-41.10887985997043,503.9392539411487
all_trials,14,both_feet_imagery,F8,mu,8,18.436013888459073,78.0765156382294,-20.66350314187349,-27.884598139660632,27.008383121202556,54.89298126086319,-31.10952545619577,188.98001774706148
all_trials,14,both_feet_imagery,FC1,beta,8,16.16140445762134,41.970861307985764,13.337598990907086,-13.491540675366965,23.499851465197516,36.99139214056448,-26.97940609076427,99.15678785053831
all_trials,14,both_feet_imagery,FC1,central_12_13,8,36.66485624581398,63.47834165892578,27.02961637244706,8.466359341139135,59.38876488462142,50.922405543482284,-49.553810078253576,148.6738017569689
all_trials,14,both_feet_imagery,FC1,mu,8,25.729638806143193,68.38098496510445,17.222233551197228,-12.249010723793798,37.428962532456964,49.677973256250766,-55.20279348150858,169.24516498760013
all_trials,14,both_feet_imagery,FC2,beta,8,29.700179124844876,54.15351947042904,10.41414106683119,-7.690329937697141,78.16558086017594,85.85591079787308,-28.486566336391864,104.50359239552841
all_trials,14,both_feet_imagery,FC2,central_12_13,8,38.02447504861531,66.41187274469532,61.85963880495923,0.8401649596651986,90.7694914925874,89.9293265329222,-62.43337934805388,95.3633456526291
all_trials,14,both_feet_imagery,FC2,mu,8,25.970281538230072,63.837711924775164,20.67551326446096,-5.051466538754299,46.868915673089624,51.92038221184392,-60.83852934307376,154.13494381272596
all_trials,14,both_feet_imagery,FC3,beta,8,3.2627787441372846,35.938869219260255,1.299528558172172,-10.627808582609559,32.07728092864605,42.70508951125561,-62.7111613903417,48.1978398369884
all_trials,14,both_feet_imagery,FC3,central_12_13,8,45.70412045790435,54.11761114684894,52.99150134016212,5.060506276129459,88.43816012631815,83.3776538501887,-27.08403307396305,113.4764558142131
all_trials,14,both_feet_imagery,FC3,mu,8,45.87262254702863,74.16306736606852,42.24780951063151,-1.6277046540132711,67.11740325460775,68.74510790862102,-39.91337192442749,199.0187567268066
all_trials,14,both_feet_imagery,FC4,beta,8,22.47505190196647,59.08105407006411,5.083627904447985,-9.962285290200633,52.81668690024205,62.77897219044268,-59.5484611502879,131.9692984759905
all_trials,14,both_feet_imagery,FC4,central_12_13,8,44.91833536406938,69.63420136192546,41.18298575159885,6.540384196576278,77.57470515892985,71.03432096235356,-45.54627315176879,151.953733452625
all_trials,14,both_feet_imagery,FC4,mu,8,30.167121933213366,47.49931238440543,37.75762087181056,3.6855868754660515,50.64104929967638,46.95546242421033,-45.143238965092905,106.5753746514863
all_trials,14,both_feet_imagery,FC5,beta,8,5.376003774123757,47.22864897150302,-0.45893167483798125,-15.938750400871982,23.439094103841754,39.377844504713735,-71.17104103623652,75.7944325697982
all_trials,14,both_feet_imagery,FC5,central_12_13,8,61.305554838178935,85.51156770477169,42.44033446260224,3.0429897021865226,128.19702524231047,125.15403554012396,-44.764765562493324,193.49780675604185
all_trials,14,both_feet_imagery,FC5,mu,8,60.54272628725554,116.97956985627788,12.484446500153329,-1.4377026533485522,66.00731656308868,67.44501921643723,-9.643757655082775,339.5661333573939
all_trials,14,both_feet_imagery,FC6,beta,8,-0.31334367996805135,48.34900900930751,-8.889947721177098,-16.081718045509117,15.94829629456678,32.030014340075894,-82.46644478684553,68.19203532849653
all_trials,14,both_feet_imagery,FC6,central_12_13,8,31.75645287567432,71.05247042105246,15.009279663725046,-14.547157887669178,48.103237577210166,62.650395464879345,-35.02678631525791,185.87891799552008
all_trials,14,both_feet_imagery,FC6,mu,8,12.793347995763938,46.350751707527536,-3.0362499404850034,-12.07860029736285,9.23850722387596,21.31710752123881,-16.35261638902291,123.35988319340603
all_trials,14,both_feet_imagery,FCz,beta,8,16.569313993996747,38.38239880691469,16.0105689170179,-9.367093887962028,24.32230808611726,33.68940197407929,-25.483320700962327,96.23133945902754
all_trials,14,both_feet_imagery,FCz,central_12_13,8,39.85872949035784,81.99718854535816,37.29077185357344,-18.778580521929484,83.14489397898808,101.92347450091756,-65.7234582462743,176.66415707408856
all_trials,14,both_feet_imagery,FCz,mu,8,17.96617741465793,55.72395989412956,2.1544724571700478,-20.917208112459672,52.10627703679202,73.0234851492517,-48.15710490903709,123.06221488622029
all_trials,14,both_feet_imagery,FT7,beta,8,14.70352035538353,77.13878612905448,6.280641550029833,-39.9730975399888,68.74816914162156,108.72126668161036,-85.40699431268828,131.32767967175778
all_trials,14,both_feet_imagery,FT7,central_12_13,8,118.88540602803047,213.77633439625626,37.0605289353856,-17.549171138200638,155.8417629389086,173.39093407710925,-60.48063663187064,507.98438434925805
all_trials,14,both_feet_imagery,FT7,mu,8,69.45518897713517,169.95775414258668,3.0891490603883227,-4.283022816321967,42.845994223571736,47.129017039893704,-30.678194532259024,480.3137219034824
all_trials,14,both_feet_imagery,FT8,beta,8,-9.538463704078083,28.711452685413285,-5.953197294161889,-21.712709082583117,5.1832288185248885,26.895937901108006,-60.839026419639275,33.950865501280134
all_trials,14,both_feet_imagery,FT8,central_12_13,8,16.222555254317314,84.24226168121908,-11.025162509101321,-33.03166993450806,32.134762041255954,65.16643197576401,-67.24980662084897,159.17241762879618
all_trials,14,both_feet_imagery,FT8,mu,8,11.459486019624785,65.50811127320979,-7.869347081059401,-23.354750088916173,22.234905800907573,45.589655889823746,-45.5019258664272,160.64242691690995
all_trials,14,both_feet_imagery,Fp1,beta,8,4.255727909167916,48.41200561588184,-14.379886976918732,-29.78552595896994,23.79331918165746,53.5788451406274,-41.217714849079364,91.95209095891792
all_trials,14,both_feet_imagery,Fp1,central_12_13,8,70.53657153836222,176.10810744627568,9.809590334116962,-12.854014358923575,74.05795816968144,86.91197252860502,-59.369458961986986,490.45326709336183
all_trials,14,both_feet_imagery,Fp1,mu,8,37.03351974021065,87.23419850370325,21.008231024361564,-30.298115260334406,86.20573836695958,116.50385362729398,-58.31761706861279,176.83729337596682
all_trials,14,both_feet_imagery,Fp2,beta,8,12.129314193484632,30.77794531062215,9.052579159161018,-1.050424436684981,25.7423257054476,26.79275014213258,-28.005194235962694,54.78831395962486
all_trials,14,both_feet_imagery,Fp2,central_12_13,8,67.02758057672588,188.36224636138695,-6.451914813598077,-23.633123924182946,53.544099130109906,77.17722305429285,-61.76049694800719,513.3389172070009
all_trials,14,both_feet_imagery,Fp2,mu,8,25.851767777589924,92.14871494386416,-7.372478719112287,-40.25810366451734,71.49945343347615,111.7575570979935,-59.089941218066954,175.93589376938914
all_trials,14,both_feet_imagery,Fpz,beta,8,14.169182889778074,42.94064907555934,9.477318848626085,-9.390353232836269,29.10597887239612,38.49633210523238,-35.506618157482784,93.90820582900717
all_trials,14,both_feet_imagery,Fpz,central_12_13,8,67.62441343454468,159.91856728289696,18.960633960569385,-1.5311573544246198,62.01546488338923,63.54662223781385,-52.10691651102048,449.67782315622475
all_trials,14,both_feet_imagery,Fpz,mu,8,39.04500172399474,87.44561108134741,23.028257008290694,-30.647756283402153,95.38385796797684,126.03161425137898,-54.18281812916606,165.42734097250752
all_trials,14,both_feet_imagery,Fz,beta,8,40.511705034809815,81.68195673603071,12.886240662505985,-14.17572901743418,46.09747797461655,60.27320699205073,-20.527863000265135,201.48726617170558
all_trials,14,both_feet_imagery,Fz,central_12_13,8,43.60245331646824,92.11812709356438,20.207747709019593,-19.9592078400939,91.58099743512972,111.54020527522361,-56.86535998416136,193.42641974634108
all_trials,14,both_feet_imagery,Fz,mu,8,26.401905937093986,66.475366426645,1.1734759453507388,-21.899475818401687,91.94129684933081,113.8407726677325,-49.85417276377821,113.71859826626621
all_trials,14,both_feet_imagery,Iz,beta,8,17.72037858457225,57.883715114739466,0.025578403622697365,-18.583608620356635,39.58204915467819,58.16565777503482,-43.60071181404857,137.86208713731747
all_trials,14,both_feet_imagery,Iz,central_12_13,8,152.84960255859798,290.70369708302144,17.97595667271239,-6.413957454960705,128.3207125349865,134.7346699899472,-18.811172648630805,786.7941174367669
all_trials,14,both_feet_imagery,Iz,mu,8,123.81379032351325,247.17729065429637,0.11953110253330568,-12.506717259504043,123.053614120372,135.56033137987606,-33.62385393523979,616.6646793312622
all_trials,14,both_feet_imagery,O1,beta,8,40.772854412618216,58.38110768814757,41.26566567947785,-11.405430774776965,71.30131277321338,82.70674354799034,-21.851539769152932,147.5310989321584
all_trials,14,both_feet_imagery,O1,central_12_13,8,235.8174130924014,333.9262129484474,98.2907728439946,22.458987436659164,306.7567123080985,284.2977248714393,-48.83840444835774,795.7348453707004
all_trials,14,both_feet_imagery,O1,mu,8,219.10504582417732,362.4708370935795,22.34136610066862,-18.95536365832414,325.58934591813517,344.5447095764593,-29.721113617074145,939.2276119755575
all_trials,14,both_feet_imagery,O2,beta,8,74.08149984960008,90.31707133242863,47.06386413895465,-2.921948768895387,134.39121124355862,137.313160012454,-9.55564854702537,241.40965170542705
all_trials,14,both_feet_imagery,O2,central_12_13,8,304.34114336741993,537.9055661758731,35.57420195114188,-27.677705482458677,364.8065700802275,392.4842755626862,-48.854031966184934,1337.0648457681448
all_trials,14,both_feet_imagery,O2,mu,8,250.85065895349257,473.8442480952122,18.219032005407207,-32.14248081838482,264.27433078494255,296.41681160332735,-39.02523436121792,1163.8151014896787
all_trials,14,both_feet_imagery,Oz,beta,8,47.560403194248444,61.0861508513116,40.33517331336294,12.42517297537481,74.34817519588444,61.92300222050963,-26.764436139915773,164.74596331074616
all_trials,14,both_feet_imagery,Oz,central_12_13,8,223.771824427614,353.84993214901533,31.75969809469115,10.716249590878746,306.0494016991813,295.33315210830256,-23.69828367088305,826.8314893720953
all_trials,14,both_feet_imagery,Oz,mu,8,206.92335852971848,406.983605157804,6.501035692892012,-3.5809334808537923,154.50099535415356,158.08192883500735,-16.5928969491607,1082.6417216119153
all_trials,14,both_feet_imagery,P1,beta,8,5.906829056867062,27.294806421599873,-1.6955316359747052,-8.934751038666088,6.53714489488088,15.471895933546968,-16.857061911928284,69.59843460910461
all_trials,14,both_feet_imagery,P1,central_12_13,8,50.69982785168644,55.44494398792022,52.411966577510185,29.705745002973273,100.51588549732315,70.81014049434988,-54.08218698785516,106.27743503121263
all_trials,14,both_feet_imagery,P1,mu,8,45.61898002561399,64.18022644431294,30.19093864506622,2.6996312181876414,84.6471532488899,81.94752203070225,-37.23766654240258,151.4558683209933
all_trials,14,both_feet_imagery,P2,beta,8,38.33096402977461,57.07610682470089,28.977899476676853,13.658075154590074,52.95600237481552,39.297927220225446,-30.592650874567962,160.0627628602488
all_trials,14,both_feet_imagery,P2,central_12_13,8,156.74105359541983,276.189834042137,49.45639141849928,15.357878192480847,136.44554498994412,121.08766679746327,-37.78037269142411,795.653631925274
all_trials,14,both_feet_imagery,P2,mu,8,105.86831927088721,179.79325680866407,32.82836359994257,-6.968858665205724,113.00623481600292,119.97509348120865,-19.33891848638526,485.6097181656815
all_trials,14,both_feet_imagery,P3,beta,8,2.5291476911552078,12.845868193077672,4.567224348511067,-6.448887555572011,12.16193776807076,18.61082532364277,-17.55306926465757,17.563022355374667
all_trials,14,both_feet_imagery,P3,central_12_13,8,32.201751732772834,77.57718920941987,16.630042360885753,-21.56990475977402,68.56300777726523,90.13291253703925,-60.797159610780646,148.7321970611309
all_trials,14,both_feet_imagery,P3,mu,8,15.586724023123232,54.59727948427786,-14.693371042342669,-26.36411342274716,71.78058106533368,98.14469448808083,-34.52553202748042,92.2042553592425
all_trials,14,both_feet_imagery,P4,beta,8,40.04441402702554,54.20556718610061,28.481024389327455,7.5723267553084135,62.10065095307699,54.52832419776858,-34.86239400808316,134.88437501852172
all_trials,14,both_feet_imagery,P4,central_12_13,8,170.14199148880334,317.5046185929519,59.10880014103783,21.104877596709397,124.5585780172583,103.4537004205489,-57.70624081431065,924.9706436464469
all_trials,14,both_feet_imagery,P4,mu,8,101.66774718197455,169.92007228760625,27.85467011922949,11.726197202705707,116.55706777155595,104.83087056885024,-42.216845353317375,410.5389541478141
all_trials,14,both_feet_imagery,P5,beta,8,11.925070138432519,20.30102742178647,14.584758116931802,0.17645547911646986,27.35994951977186,27.18349404065539,-21.187503535965746,37.296182583450985
all_trials,14,both_feet_imagery,P5,central_12_13,8,31.892610776095253,70.4613356097326,32.15105963718453,-23.50035189152845,75.35935650257316,98.85970839410162,-65.03627691659553,136.16618339663322
all_trials,14,both_feet_imagery,P5,mu,8,9.472098041193632,40.51056957858272,-2.345153348599774,-16.867854709813987,34.37286539136516,51.24072010117915,-38.6250858616542,83.31846424755935
all_trials,14,both_feet_imagery,P6,beta,8,53.2602077268701,52.054073844165536,55.10746135316826,22.974744035032067,88.06942555203624,65.09468151700418,-35.14203355645434,122.10281323105981
all_trials,14,both_feet_imagery,P6,central_12_13,8,170.0019628089594,291.19778087447753,76.74902106684438,43.161617752943144,132.24103923843418,89.07942148549104,-64.13726962107962,862.3810644530339
all_trials,14,both_feet_imagery,P6,mu,8,108.37013641535037,158.64578817212436,34.43631104770253,26.67133750591133,148.40001075588233,121.72867324997101,-47.7855038929875,374.11786152820935
all_trials,14,both_feet_imagery,P7,beta,8,18.444090025926705,42.67687492903276,14.223632992063212,-17.478534477008797,59.381858560474036,76.86039303748284,-31.523886078349115,75.28671782125821
all_trials,14,both_feet_imagery,P7,central_12_13,8,23.298970319512318,70.00722405478943,11.499093618085794,-24.79215045232351,63.990908212849874,88.78305866517339,-67.96489547142507,133.25447016014454
all_trials,14,both_feet_imagery,P7,mu,8,4.220467500042299,45.55817245756514,-2.8497653914206102,-28.07861140912278,17.968957368290376,46.047568777413154,-44.1144389039585,97.5481475148485
all_trials,14,both_feet_imagery,P8,beta,8,46.39724449954483,50.34702656718051,45.74469791533945,18.659444786607885,73.8828679597876,55.22342317317972,-30.90236383850925,132.12924125196824
all_trials,14,both_feet_imagery,P8,central_12_13,8,96.65338842761719,116.87609181853763,71.91272582212625,35.52441582493743,110.42867064695602,74.9042548220186,-33.67378585106555,357.68898084240743
all_trials,14,both_feet_imagery,P8,mu,8,64.85730940784931,69.56629957759205,40.157789413448945,30.553298499182826,82.24983450250653,51.6965360033237,-15.96607673908787,179.5208106841807
all_trials,14,both_feet_imagery,PO3,beta,8,20.116312769986237,29.047204894747896,22.258754314028952,-5.507062715045348,44.394895012625824,49.901957727671174,-16.66547882657441,52.550623466588796
all_trials,14,both_feet_imagery,PO3,central_12_13,8,103.65264173795197,91.49747578293423,115.58711541062281,69.86503551236953,164.8367290573624,94.97169354499286,-58.08699694508548,212.19355405951242
all_trials,14,both_feet_imagery,PO3,mu,8,76.95754908965384,115.78776186594662,57.81581966949314,-2.023788737390978,109.41817442844132,111.44196316583229,-35.13649729576981,319.05818352963564
all_trials,14,both_feet_imagery,PO4,beta,8,96.8485231009519,105.74298494192524,48.144731662683625,34.570502410669285,157.83349147955494,123.26298906888564,-20.99423712404947,289.85575296869024
all_trials,14,both_feet_imagery,PO4,central_12_13,8,345.10713044293016,586.0046331726948,71.41594080693052,14.43992036883874,346.82155529154693,332.3816349227082,-57.62331492566863,1561.7158753754056
all_trials,14,both_feet_imagery,PO4,mu,8,263.96887613222304,479.3271733001868,43.0188070988686,-1.489750004039447,244.4540458046261,245.94379580866556,-37.12024079340417,1315.2741442528795
all_trials,14,both_feet_imagery,PO7,beta,8,19.85789482538663,34.69405749103907,17.41224666902401,-6.915668026076082,46.99746503287408,53.913133058950166,-22.916415358998087,69.15636655681506
all_trials,14,both_feet_imagery,PO7,central_12_13,8,97.05821959467369,100.06716903410303,84.68175046539038,42.6446296694582,177.47158047437017,134.82695080491197,-59.738870498612336,226.7095523584087
all_trials,14,both_feet_imagery,PO7,mu,8,73.8396216786652,112.56918581247913,42.01286777925686,-9.468750201925284,138.99409546596627,148.46284566789154,-35.27410643074227,285.1401631360083
all_trials,14,both_feet_imagery,PO8,beta,8,114.38693705148037,102.78443418131637,76.3613809002206,55.71311368341485,199.9082236029227,144.19510991950784,-19.086633750855697,259.5167199591817
all_trials,14,both_feet_imagery,PO8,central_12_13,8,374.822908970344,603.3578693144635,143.93376032559553,26.09555219267514,366.4235433478099,340.3279911551348,-41.18061707039721,1734.8750141686921
all_trials,14,both_feet_imagery,PO8,mu,8,246.10104634062372,381.75184390659086,63.29988079001165,-7.844107559715424,334.3436023050261,342.1877098647415,-29.94760401985583,952.1211366759479
all_trials,14,both_feet_imagery,POz,beta,8,30.811355990544666,46.518067637824515,24.071389144311322,6.405195543070521,35.919407422909835,29.514211879839316,-20.822284364323586,132.42476178711942
all_trials,14,both_feet_imagery,POz,central_12_13,8,111.95807539094778,132.69338985301795,62.4770769533915,26.51198114992382,181.33374761212542,154.8217664622016,-32.831476523195576,323.0208573246575
all_trials,14,both_feet_imagery,POz,mu,8,101.34241001154282,179.28918153785537,41.08929956787456,23.219792537931692,70.48093007040157,47.261137532469874,-29.82295081191176,528.3118679946429
all_trials,14,both_feet_imagery,Pz,beta,8,13.812692272559989,46.81216756410066,1.6799147816939453,-20.93107262268671,35.35832955748229,56.289402180169006,-33.80625942742624,100.77968553244537
all_trials,14,both_feet_imagery,Pz,central_12_13,8,60.066024083819876,85.61712070356872,47.388111824437345,26.777135314905642,66.27915097260178,39.50201565769614,-22.353382757900814,252.82447813967565
all_trials,14,both_feet_imagery,Pz,mu,8,44.922369437572826,53.82249128752183,60.024643276961484,12.800538919011569,76.2076695671158,63.40713064810423,-34.03624144351699,120.51162142474348
all_trials,14,both_feet_imagery,T10,beta,8,4.345309587335552,28.493181010757105,9.216483369099796,-8.69714647973792,18.482073310234306,27.179219789972226,-48.638129009030386,47.32259537304039
all_trials,14,both_feet_imagery,T10,central_12_13,8,10.023190171507927,49.35325862839453,3.6660011128265513,-31.098856443482735,26.70374559129795,57.80260203478068,-39.16130718444003,106.28703996151698
all_trials,14,both_feet_imagery,T10,mu,8,12.3021008378276,59.43072364880019,-6.654719178643567,-28.693317412492032,41.17827516791685,69.87159258040889,-48.95592963157087,126.85393208119967
all_trials,14,both_feet_imagery,T7,beta,8,33.62556468391809,75.06431068114827,23.492835679543028,0.9845018846155611,56.87019472956026,55.8856928449447,-80.72341419827725,177.88200067935452
all_trials,14,both_feet_imagery,T7,central_12_13,8,63.95385708088804,152.08354641456205,13.27866330244306,-10.393091236354902,58.59492983951239,68.9880210758673,-68.33855608989862,404.00050783234786
all_trials,14,both_feet_imagery,T7,mu,8,41.46408150804675,126.3953240584399,-0.16182979300796863,-14.10600371454604,22.16225620027059,36.26825991481663,-46.73377840181156,345.181659772485
all_trials,14,both_feet_imagery,T8,beta,8,2.5038312695169544,19.8232966929309,2.2376623967840654,-9.564671817460908,16.291506806178315,25.856178623639224,-29.683530681221985,29.084643432733127
all_trials,14,both_feet_imagery,T8,central_12_13,8,-26.584909406792995,23.032539514510248,-33.34976936329691,-39.354030380378,-15.961754727216451,23.392275653161548,-57.16045955368187,9.457178725880079
all_trials,14,both_feet_imagery,T8,mu,8,-10.158779327390365,35.17581973734325,-3.8663202913412777,-41.01369194613182,15.321679195346528,56.33537114147835,-56.87892389371578,36.72131129146351
all_trials,14,both_feet_imagery,T9,beta,8,24.373830183658622,70.04634367832035,7.278909004769212,-11.438662037629628,58.19543363677404,69.63409567440367,-77.45430922970107,124.91447563429165
all_trials,14,both_feet_imagery,T9,central_12_13,8,64.31826998439958,123.9702276765467,25.03940510827948,-18.99281460582771,114.59400620154231,133.58682080737003,-64.82198508486353,254.68730703877404
all_trials,14,both_feet_imagery,T9,mu,8,24.83951298305145,88.16710395664289,-3.2282237335113217,-31.73159349672707,49.388458951464614,81.12005244819169,-59.324951079676964,207.03013420901286
all_trials,14,both_feet_imagery,TP7,beta,8,33.59451390572402,61.18504484710382,29.837589436126354,1.1754836379453355,79.18436917966585,78.00888554172052,-68.79293429385343,124.64584782740046
all_trials,14,both_feet_imagery,TP7,central_12_13,8,24.15221077936404,44.67173359949324,26.81029367317444,-16.00886907265977,61.36651919342912,77.37538826608889,-32.96281999788919,80.16582758675838
all_trials,14,both_feet_imagery,TP7,mu,8,17.95533185525956,42.05273070143235,3.06358593754486,-18.422782384884776,54.96925956593323,73.392041950818,-22.75297770192443,81.56226050715595
all_trials,14,both_feet_imagery,TP8,beta,8,-0.7309399192525845,27.11608643015264,-0.21795066890832104,-10.597107648266975,6.4563336580456205,17.053441306312596,-36.089331187496654,49.974189808956154
all_trials,14,both_feet_imagery,TP8,central_12_13,8,13.454228166851129,32.41578062924466,7.284826255752332,-1.8072269055193289,32.447553727200926,34.254780632720255,-30.4975175606016,63.956035024430776
all_trials,14,both_feet_imagery,TP8,mu,8,11.30319866591472,34.64996563443908,19.886404008266283,-21.781801119329845,34.76532451360402,56.54712563293387,-32.18995006823791,52.57350743868285
all_trials,14,both_fists_imagery,AF3,beta,7,-22.026337848040832,11.540023518115499,-22.107724692049228,-31.120962560148143,-12.985210032191327,18.135752527956818,-36.37560632013761,-7.488688739420056
all_trials,14,both_fists_imagery,AF3,central_12_13,7,-18.621494363455646,38.71876192933258,4.569828764693641,-57.45255490038969,7.057380011823185,64.50993491221288,-62.19700713058815,28.067067598837998
all_trials,14,both_fists_imagery,AF3,mu,7,-23.19746086871666,25.519954578409394,-18.92856840647989,-35.057278821788756,-8.368641321624953,26.688637500163804,-66.86333388093757,10.261516493228255
all_trials,14,both_fists_imagery,AF4,beta,7,-13.798510651651567,19.571524297268358,-9.45308710188294,-16.464955626152758,-2.8454784993902735,13.619477126762485,-53.99768915398671,5.482069945394751
all_trials,14,both_fists_imagery,AF4,central_12_13,7,-1.692722647847301,39.726328718918644,-8.77203752458382,-14.344969149271133,12.082699228341724,26.427668377612857,-63.08289186231726,64.53041069382878
all_trials,14,both_fists_imagery,AF4,mu,7,4.1680827555052815,33.27703077335942,0.8734040807332859,-6.307263309186536,30.7428338351414,37.050097144327935,-57.51547226801013,36.947506423904095
all_trials,14,both_fists_imagery,AF7,beta,7,-21.599173899729774,11.547652507182365,-18.399077085011495,-30.991346819468387,-14.913069991643324,16.078276827825064,-36.07680193057148,-4.909504660302031
all_trials,14,both_fists_imagery,AF7,central_12_13,7,-18.963935231015064,38.11693687635831,-3.6939996463582085,-55.93925045014892,6.570552826526302,62.50980327667522,-61.77473097363383,31.458579250131834
all_trials,14,both_fists_imagery,AF7,mu,7,-24.149009765207204,23.62598244923598,-22.18181543670011,-32.62595377503444,-9.335794196854,23.29015957818044,-66.63789323663255,3.7001362606591046
all_trials,14,both_fists_imagery,AF8,beta,7,-13.034177249031075,23.806918602692626,-10.515026181144812,-20.07630348733752,-9.095959345513371,10.980344141824148,-51.38878083164375,29.009091935272817
all_trials,14,both_fists_imagery,AF8,central_12_13,7,15.365162196623428,49.62960263292629,22.604431493672195,-27.92362133938527,55.71358479261852,83.6372061320038,-45.1566992764267,74.52847625265201
all_trials,14,both_fists_imagery,AF8,mu,7,15.535220217409645,54.92897567304817,-5.027053158672746,-27.916444402571813,63.48789858936496,91.40434299193677,-44.133392581734995,86.76407888868896
all_trials,14,both_fists_imagery,AFz,beta,7,-20.431216031018298,32.99926382802831,-18.559028301116903,-41.158732678367514,-6.220167810104977,34.93856486826254,-61.57780674888748,31.876123809821276
all_trials,14,both_fists_imagery,AFz,central_12_13,7,-9.38962275193406,58.99763969960933,-11.541149319816466,-44.43688621662437,5.159499935406366,49.59638615203074,-79.3005678487327,103.66913046744676
all_trials,14,both_fists_imagery,AFz,mu,7,-4.968682193372059,55.97223964718545,-26.394361984392326,-36.578538056191846,21.215086362538845,57.79362441873069,-67.79045387697785,90.13094389507177
all_trials,14,both_fists_imagery,C1,beta,7,-33.354859319834894,17.451353420835755,-33.01829121478912,-44.05753417247492,-20.802462097279193,23.255072075195724,-58.4501895456502,-12.295541938896736
all_trials,14,both_fists_imagery,C1,central_12_13,7,-34.56557598011815,26.720131257843576,-39.80293884061049,-45.43902641276994,-35.3595990244481,10.07942738832184,-62.403689248904406,21.844847103123946
all_trials,14,both_fists_imagery,C1,mu,7,-20.817461801085845,17.126684996884123,-15.727031584656354,-26.117005858761882,-9.449907559444114,16.667098299317768,-53.92187309495254,-4.9395010915800315
all_trials,14,both_fists_imagery,C2,beta,7,-25.144338750136715,21.614245196296846,-34.7481920857533,-41.40647824657036,-9.963427624394784,31.443050622175576,-46.59781416223003,8.075446738956613
all_trials,14,both_fists_imagery,C2,central_12_13,7,-18.029634366683457,56.60962406539095,-39.90678085356538,-54.29456957734642,14.998551004669118,69.29312058201555,-73.98204955967843,66.27342699181423
all_trials,14,both_fists_imagery,C2,mu,7,-23.754091221180506,38.77776621256668,-47.68539202591184,-51.961869105773516,2.7517397544278843,54.713608860201404,-56.92746656178093,36.75447874212053
all_trials,14,both_fists_imagery,C3,beta,7,-26.556538158735172,22.789244935782918,-36.30716466630288,-41.61946106120179,-11.378639854269267,30.240821206932523,-53.78008329655994,10.187682682658751
all_trials,14,both_fists_imagery,C3,central_12_13,7,-56.84573403931312,24.77985669918923,-61.36085822247091,-71.52151251893645,-55.501311982884474,16.020200536051973,-77.89255488002878,-4.621076169050251
all_trials,14,both_fists_imagery,C3,mu,7,-48.03011581421917,14.029295438712563,-52.33593157631184,-58.81437082657693,-40.61605817935813,18.198312647218806,-60.75621109315054,-24.257810018201678
all_trials,14,both_fists_imagery,C4,beta,7,-21.665854375038215,26.307272270915306,-16.195225540929826,-44.34310938603082,-4.43103979728835,39.91206958874247,-52.42066102217919,14.50320430447988
all_trials,14,both_fists_imagery,C4,central_12_13,7,-47.080351636309366,36.32859471810293,-52.28373306890746,-71.21015472655887,-25.392561487483704,45.817593239075165,-89.10892100292504,5.035625045752099
all_trials,14,both_fists_imagery,C4,mu,7,-53.9147537917479,17.322532217681626,-52.7919888786804,-60.48573255749092,-44.311103812792446,16.174628744698474,-84.57818167075621,-30.439433252231957
all_trials,14,both_fists_imagery,C5,beta,7,-21.746643626861548,21.054081990351975,-21.73678052752504,-37.03703770506901,-7.3321152634271956,29.704922441641816,-48.82175036542532,7.070331441911974
all_trials,14,both_fists_imagery,C5,central_12_13,7,-20.02822844449737,27.755607893160235,-25.845142988332412,-39.94851772596884,-9.97622642549674,29.9722913004721,-47.4887024119591,32.98573459174109
all_trials,14,both_fists_imagery,C5,mu,7,-19.398764092960196,16.994071116657764,-22.275451517907733,-30.893011085298248,-10.976155604095656,19.916855481202592,-38.15540111526707,8.377837361241241
all_trials,14,both_fists_imagery,C6,beta,7,-20.44521877937181,21.991731487088437,-13.464347104478973,-37.04373270861013,-2.4033227080693393,34.64041000054079,-51.35515986131914,0.5970863435543625
all_trials,14,both_fists_imagery,C6,central_12_13,7,-28.886555835980314,36.917175003424596,-42.21877694860528,-48.05661943292009,-17.025808671298073,31.030810761622014,-68.36423801641844,38.54198032159784
all_trials,14,both_fists_imagery,C6,mu,7,-30.756698057938856,32.48672946023798,-41.688530432481144,-52.58919455247353,-16.69568841477085,35.89350613770268,-64.47178957976656,29.43319954116447
all_trials,14,both_fists_imagery,CP1,beta,7,-9.322956796483627,48.30420729578333,-26.147580384354043,-45.85249156577492,26.23360957651383,72.08610114228875,-61.43169270164129,61.556339489132114
all_trials,14,both_fists_imagery,CP1,central_12_13,7,3.2108261535734957,51.845875863465885,-6.103068708199027,-35.222609895709965,35.72207952854472,70.94468942425468,-53.99285295437764,81.57276547192161
all_trials,14,both_fists_imagery,CP1,mu,7,-6.779506247152989,43.54190026931381,-24.90388420329128,-31.327988411865434,-4.081637052559154,27.24635135930628,-37.416692029122764,85.6832834311923
all_trials,14,both_fists_imagery,CP2,beta,7,-15.68939561867633,47.51681613622572,-41.42529086873455,-44.564075924326715,14.923641146249842,59.48771707057656,-71.32179329464743,62.202184388801406
all_trials,14,both_fists_imagery,CP2,central_12_13,7,67.2576174656163,118.3427253991383,18.179480084941684,-21.312091300237388,152.03077171504944,173.34286301528684,-57.53193988988162,248.71842123463003
all_trials,14,both_fists_imagery,CP2,mu,7,29.08724729229616,76.1913502349484,9.101750328834772,-31.145650786902998,88.09391511163341,119.2395658985364,-59.29430469009951,139.90675675787705
all_trials,14,both_fists_imagery,CP3,beta,7,-22.97583348171141,25.703909386000465,-27.345924579306665,-31.041230439408828,-12.365678355843542,18.675552083565286,-65.09124155261115,18.420149350442713
all_trials,14,both_fists_imagery,CP3,central_12_13,7,-31.446273247450787,31.433892745841078,-34.42100654832442,-52.63019910281862,-14.819043913733864,37.81115518908476,-70.9186607050847,20.114240554358606
all_trials,14,both_fists_imagery,CP3,mu,7,-30.623812244212594,27.141308546538372,-40.82765384284803,-48.654090970311344,-21.96435961550156,26.689731354809783,-54.79999777824997,22.49786708323565
all_trials,14,both_fists_imagery,CP4,beta,7,-24.007451136783352,37.44477347002219,-33.12179205054227,-44.18707314231469,-19.413255522084746,24.77381762022994,-61.37583246298496,53.64612388484262
all_trials,14,both_fists_imagery,CP4,central_12_13,7,-5.1910805547558185,60.655614609112405,-18.27110178130481,-48.42999967403644,22.508976191561118,70.93897586559756,-71.28540300623054,105.06098786919527
all_trials,14,both_fists_imagery,CP4,mu,7,-9.739314631412253,57.03739771736888,-29.313723014286786,-54.22475295319329,35.075790824815314,89.3005437780086,-73.58953231701662,73.0259771681736
all_trials,14,both_fists_imagery,CP5,beta,7,-31.580479840783973,14.905432091954365,-26.23494618279543,-41.11558823748171,-19.085872466884894,22.029715770596816,-56.41089940003975,-18.01459189391944
all_trials,14,both_fists_imagery,CP5,central_12_13,7,-22.83065807342667,33.77777472523681,-24.42000195054928,-39.09840965428685,-8.368348884671752,30.730060769615093,-72.91226630500101,32.4511788194808
all_trials,14,both_fists_imagery,CP5,mu,7,-23.103218750556202,29.897497144720454,-29.5576024560492,-43.5171735541786,-0.9959205656880954,42.5212529884905,-63.13029777771775,19.991557219606918
all_trials,14,both_fists_imagery,CP6,beta,7,-29.068188998461576,30.545390228245843,-43.81371959154188,-46.78816444691618,-19.431175612461246,27.35698883445493,-56.21284452638646,28.987921247452185
all_trials,14,both_fists_imagery,CP6,central_12_13,7,-54.435443884062124,22.27471421016714,-58.52498582788969,-71.23834819092568,-48.4277833052938,22.810564885631877,-72.71084160266221,-10.480016765444013
all_trials,14,both_fists_imagery,CP6,mu,7,-49.788568031143484,21.029106597946836,-45.83567748367014,-61.34658816631416,-43.965643669899194,17.38094449641497,-78.40654753767924,-13.653287524228288
all_trials,14,both_fists_imagery,CPz,beta,7,-10.740745838662589,48.91497364604379,-32.22214219789189,-49.819360295995054,31.928184814569047,81.7475451105641,-62.89833683133035,55.71760912143613
all_trials,14,both_fists_imagery,CPz,central_12_13,7,57.93886810872978,84.66133796161611,44.41845951028486,-8.49369101082785,119.24243526531146,127.7361262761393,-42.878883634173036,182.53501237602947
all_trials,14,both_fists_imagery,CPz,mu,7,26.157192404679165,54.78327536964189,8.725278257153041,-8.741918308197672,62.47331451298795,71.21523282118562,-34.85737217763777,101.76964834365832
all_trials,14,both_fists_imagery,Cz,beta,7,-37.476734941130545,16.106734111088738,-32.88570020943712,-47.7273495178408,-24.83651024729327,22.89083927054753,-64.01690955166016,-20.30681529654842
all_trials,14,both_fists_imagery,Cz,central_12_13,7,-1.2592233036681162,42.14639554670324,6.598981471027711,-33.154250367826556,23.555532741787715,56.70978310961427,-56.960194335407785,60.74408499078095
all_trials,14,both_fists_imagery,Cz,mu,7,4.868164157473902,38.0632996372728,-2.229223537253242,-22.101016855214453,34.98028997996916,57.08130683518361,-45.21246994863995,55.7602963387011
all_trials,14,both_fists_imagery,F1,beta,7,-50.01621310113806,21.77775734619566,-63.02116890085618,-66.49820062737192,-35.58478618452089,30.91341444285103,-68.18176340933218,-14.744585773992425
all_trials,14,both_fists_imagery,F1,central_12_13,7,-33.947824180686496,40.207896954684706,-48.89371295937024,-53.712416877486035,-17.01940140025235,36.693015477233686,-85.88691002053982,38.609490270581325
all_trials,14,both_fists_imagery,F1,mu,7,-17.738177034041662,46.698079839741574,-24.80122682691929,-50.806167083858156,11.959304307298162,62.76547139115632,-72.08128206997124,50.40899521171888
all_trials,14,both_fists_imagery,F2,beta,7,-30.937633931529522,26.25315058155368,-21.84860112458594,-43.527916041478605,-15.052252755507695,28.47566328597091,-72.51530125585069,-5.039197546297428
all_trials,14,both_fists_imagery,F2,central_12_13,7,-25.35710499323849,57.18350290238212,-43.19230049995308,-53.22208163735691,-22.585051834968766,30.63702980238814,-78.93534319466451,96.2421756865995
all_trials,14,both_fists_imagery,F2,mu,7,-14.311439381388753,52.427949630132076,-33.71928375841625,-36.49581619648641,-3.3415337906841778,33.154282405802235,-72.19803570088311,85.41194376391927
all_trials,14,both_fists_imagery,F3,beta,7,-38.561594807624225,20.674778907380503,-31.2965960110628,-53.04921242164415,-23.160954117194972,29.888258304449177,-69.45738791623478,-16.756846648393797
all_trials,14,both_fists_imagery,F3,central_12_13,7,-22.72403288987138,62.99475803035746,-47.90698276322275,-54.50883683219207,-16.298730947654953,38.210105884537114,-80.13744615773412,110.59133425155125
all_trials,14,both_fists_imagery,F3,mu,7,-8.787633406534567,60.986478127257136,-30.82237304029386,-42.448040566781884,6.849796508494627,49.29783707527651,-68.76486495709707,109.27029226822347
all_trials,14,both_fists_imagery,F4,beta,7,-34.67808893736405,23.814966568853347,-24.384435235729175,-47.94425028391978,-17.99948815246257,29.94476213145721,-72.3938223509266,-14.080888102127886
all_trials,14,both_fists_imagery,F4,central_12_13,7,-23.772550563209915,52.49669389187873,-43.256140418914136,-49.47587043949909,-13.98490883171927,35.49096160777982,-79.40899742162581,83.17884244050724
all_trials,14,both_fists_imagery,F4,mu,7,-12.170324962847522,47.040825734207274,-22.394112749021485,-32.22199612040163,0.41675834077574336,32.63875446117737,-72.76135706820689,73.57367063654749
all_trials,14,both_fists_imagery,F5,beta,7,-34.56564108648195,20.78842361738954,-41.613447898048335,-44.65441626315538,-38.5450380244869,6.109378238668484,-45.96886927515422,12.021738143113437
all_trials,14,both_fists_imagery,F5,central_12_13,7,-16.860869655291104,48.238600165448304,-18.161946262761624,-55.24657990457667,17.512657458506386,72.75923736308306,-75.20383696627387,50.80754053413832
all_trials,14,both_fists_imagery,F5,mu,7,-12.470154829137202,26.920702694441438,-6.433144492572489,-20.86239693026669,5.260936643771911,26.123333574038604,-62.52389734476961,12.86887860637124
all_trials,14,both_fists_imagery,F6,beta,7,-23.648512778581647,18.98892298073236,-14.775895127951859,-26.47035340172247,-13.551237994953466,12.919115406769004,-63.54600832804122,-7.1745032007265905
all_trials,14,both_fists_imagery,F6,central_12_13,7,-14.529486637023679,34.24078910631063,-27.345814958532483,-37.42498737246334,7.446821186662859,44.8718085591262,-53.00104440905797,38.59678528002568
all_trials,14,both_fists_imagery,F6,mu,7,1.9977725877798425,56.02515665411538,-9.876836243235635,-30.218530920617837,14.144449267570117,44.362980188187954,-56.371811300710185,112.38121896450015
all_trials,14,both_fists_imagery,F7,beta,7,-23.143881042155567,15.05978571948747,-23.009158505692234,-32.09419314078313,-19.898001625401193,12.19619151538194,-40.66753466879317,5.65391541176507
all_trials,14,both_fists_imagery,F7,central_12_13,7,0.07989075894895896,54.68919434147704,-1.382978137464449,-50.66908395857534,51.18569320614032,101.85477716471567,-60.57412324509751,61.48311820007472
all_trials,14,both_fists_imagery,F7,mu,7,-8.403384337474021,33.918187819426485,-18.124914812793435,-34.71695566040473,23.69407902990295,58.41103469030768,-49.96847388377536,31.31545159525421
all_trials,14,both_fists_imagery,F8,beta,7,-11.792889228730285,29.290189189495145,-11.845873790892734,-17.801759877568426,-7.210756846928453,10.591003030639973,-60.30629338821144,39.62697602698594
all_trials,14,both_fists_imagery,F8,central_12_13,7,39.32246491563975,83.47892923823716,41.105809630691255,-29.828729746595133,71.11411398303119,100.94284372962632,-40.782515955957734,192.36319226187257
all_trials,14,both_fists_imagery,F8,mu,7,38.685416488361156,98.69509064180637,-6.388125526729863,-33.22703946558691,84.51981226823405,117.74685173382096,-48.27412373358762,222.87461907355126
all_trials,14,both_fists_imagery,FC1,beta,7,-48.32968021818629,9.298952814822757,-45.91253386812449,-54.92870848785881,-42.64218499155676,12.286523496302053,-61.97578424317493,-35.27765645717345
all_trials,14,both_fists_imagery,FC1,central_12_13,7,-39.35113812665724,35.49130033215487,-46.201341250928344,-68.0170127409482,-20.854995773660708,47.1620169672875,-74.44984145288267,22.937232846428138
all_trials,14,both_fists_imagery,FC1,mu,7,-22.961683656341403,33.24522568156999,-35.39659627227786,-46.73403337260427,-5.030502769025948,41.70353060357832,-56.55806825558293,34.75195121673138
all_trials,14,both_fists_imagery,FC2,beta,7,-31.57307770023902,18.40694603636004,-32.77562008214078,-33.86889136120163,-26.816805955249148,7.052085405952479,-64.67417419499536,-2.190354991635431
all_trials,14,both_fists_imagery,FC2,central_12_13,7,-26.807840696044792,89.42487892622972,-64.26055880780083,-69.17816028463572,-43.57854134740256,25.59961893723316,-71.80052379576858,173.91960099533244
all_trials,14,both_fists_imagery,FC2,mu,7,-20.08091050993637,70.72343495201014,-43.65607048526352,-59.06481742292911,-23.099634122454546,35.965183300474564,-67.56689501826408,134.9854950247403
all_trials,14,both_fists_imagery,FC3,beta,7,-40.94358399108686,19.153318099866638,-43.39555422339418,-56.296570298893684,-25.95174588480927,30.344824414084414,-63.838568822525936,-14.874332524282016
all_trials,14,both_fists_imagery,FC3,central_12_13,7,-49.83800327283625,28.389380475326472,-50.93201862467593,-72.53552785362727,-31.1967518905625,41.338775963064776,-82.91208254860918,-7.5573622481890474
all_trials,14,both_fists_imagery,FC3,mu,7,-35.56223006095543,22.83135675049496,-27.390785703730106,-55.26081540664374,-17.50555555996496,37.755259846678776,-65.7086263511985,-10.303456438541986
all_trials,14,both_fists_imagery,FC4,beta,7,-24.671349221011496,26.532053972139146,-27.771783376757647,-37.83792226545087,-7.083217788199999,30.754704477250872,-66.65078854649516,11.56540748347407
all_trials,14,both_fists_imagery,FC4,central_12_13,7,-39.54741650077288,67.42620020692263,-66.7935933579044,-68.52128175128831,-54.60959411600355,13.911687635284764,-75.72354178417633,111.9469713712543
all_trials,14,both_fists_imagery,FC4,mu,7,-37.13807051706461,45.738820546325044,-59.06480701696219,-60.675398696361086,-36.54739227794293,24.128006418418153,-68.77554366572109,62.31943901183899
all_trials,14,both_fists_imagery,FC5,beta,7,-27.661423239629112,15.300900587637809,-26.11015916584664,-36.22457189682135,-16.054226788873788,20.170345107947565,-52.190065141655836,-10.772140998511022
all_trials,14,both_fists_imagery,FC5,central_12_13,7,-21.062032618113133,35.00721672862598,-8.823395171675054,-43.08623028199659,-3.194659117142728,39.891571164853865,-72.82140233786112,26.77234798102288
all_trials,14,both_fists_imagery,FC5,mu,7,-12.704860908911229,25.354302595748813,-11.785455151381822,-28.272983362528123,6.115074917713294,34.38805828024142,-51.09206443693236,18.259310115565256
all_trials,14,both_fists_imagery,FC6,beta,7,-13.984242073223268,27.292686136159425,-17.06291406892242,-31.160041462373314,3.957069509721986,35.117110972095304,-49.76863202942967,23.347795491091894
all_trials,14,both_fists_imagery,FC6,central_12_13,7,-17.85558116719461,38.36593836948886,-24.17319856267271,-46.6915368293451,-7.052622155693335,39.63891467365176,-50.402905947024664,57.075354309411956
all_trials,14,both_fists_imagery,FC6,mu,7,-7.761169422125502,44.691357256342876,-21.83076310181571,-36.34573202280538,19.825940449219832,56.17167247202521,-64.48370754735089,65.02586784145919
all_trials,14,both_fists_imagery,FCz,beta,7,-42.69785920064431,9.456702534214903,-42.844568062100336,-48.14086276979603,-36.056019634721224,12.084843135074806,-57.07344697996386,-30.573234553411453
all_trials,14,both_fists_imagery,FCz,central_12_13,7,-32.39606354273785,40.46478652187036,-46.480985274114786,-57.92576803411028,-25.310288204518407,32.61547982959187,-63.99196139179667,50.17261434400393
all_trials,14,both_fists_imagery,FCz,mu,7,-13.024571735380707,50.20410808382733,-30.07038160072072,-43.22091175738292,-8.119278605999797,35.101633151383126,-50.363672041925014,91.94243222174622
all_trials,14,both_fists_imagery,FT7,beta,7,-23.129432053280578,17.281553336603512,-15.899263543351989,-32.0876639277371,-13.896435385384173,18.191228542352924,-52.87084143961787,-1.1677207637516644
all_trials,14,both_fists_imagery,FT7,central_12_13,7,13.021220321103495,69.95604154935675,-3.971595617652995,-36.34153343113726,48.361069178451224,84.70260260958848,-53.44774641692511,124.52881278767461
all_trials,14,both_fists_imagery,FT7,mu,7,0.9944122875076137,43.50114145087252,-14.022681999898488,-28.520312217289174,29.985376623980173,58.50568884126935,-46.11026233433821,64.16370153340799
all_trials,14,both_fists_imagery,FT8,beta,7,-21.051445899999358,18.141256613188563,-20.11376956556149,-29.505894164274405,-14.918780021203183,14.587114143071222,-48.23438471695329,9.837381353474447
all_trials,14,both_fists_imagery,FT8,central_12_13,7,37.80453818772516,64.56753022677657,38.20246002829193,-9.338300839776212,63.93452881876202,73.27282965853823,-33.61121649286593,150.84806782067852
all_trials,14,both_fists_imagery,FT8,mu,7,29.352338053940915,66.45600223281134,31.76167360799288,-14.309848062602326,51.06098290672127,65.37083096932359,-50.276600906459116,150.47902398781477
all_trials,14,both_fists_imagery,Fp1,beta,7,-13.258642805492325,16.87330469896131,-10.012735195352011,-21.441911524734948,-2.828775226417096,18.61313629831785,-40.796556118921266,6.5401651781310735
all_trials,14,both_fists_imagery,Fp1,central_12_13,7,-16.45091376062687,33.21482794127921,-2.7579038759764116,-46.80107792347632,7.21839718695652,54.01947511043284,-58.16416398723522,24.931033011863136
all_trials,14,both_fists_imagery,Fp1,mu,7,-20.387547822887193,21.260202430393672,-18.822707990325764,-29.969119029265514,-2.7499957743385455,27.21912325492697,-58.70829743081402,0.25640026813755895
all_trials,14,both_fists_imagery,Fp2,beta,7,-7.394304619296095,19.894747636026906,-7.05685949761253,-18.492784928816825,2.3138648428399904,20.806649771656815,-35.851237399989174,23.5058047344827
all_trials,14,both_fists_imagery,Fp2,central_12_13,7,1.3528390475672936,31.02145886593661,14.09683200542249,-15.522360145192284,22.54033373932274,38.06269388451503,-51.4777287603903,32.81482289967794
all_trials,14,both_fists_imagery,Fp2,mu,7,0.13799134725293424,26.638248978471406,2.6500754007865215,-11.434545012195223,10.469336093095794,21.903881105291017,-43.02312929409511,43.26941116227799
all_trials,14,both_fists_imagery,Fpz,beta,7,-10.427530791278874,10.098857473516638,-12.191522259386026,-15.592690643530814,-1.8655574749533876,13.727133168577426,-26.99130837181458,1.1066113292168671
all_trials,14,both_fists_imagery,Fpz,central_12_13,7,-8.557008719178176,28.217845952812034,1.183207304139545,-21.430629315398285,5.623580553652392,27.054209869050677,-58.458046856257205,28.989876041362198
all_trials,14,both_fists_imagery,Fpz,mu,7,-9.010033588697448,22.040702781556607,-10.13075314036153,-24.21535410207134,8.953534163117311,33.168888265188656,-40.44538774019255,18.029545637580014
all_trials,14,both_fists_imagery,Fz,beta,7,-40.186658345093825,28.174471429430394,-41.2500022666909,-56.21697126649895,-33.605111251074455,22.611860015424497,-71.9359019987007,11.523460884881626
all_trials,14,both_fists_imagery,Fz,central_12_13,7,-29.584097135007863,48.65675384111739,-39.34842528954577,-59.26452487667177,-15.059577113463122,44.20494776320865,-82.90977034752802,63.81771967228853
all_trials,14,both_fists_imagery,Fz,mu,7,-15.050666681228376,57.674210291336664,-40.1154753647546,-45.420108375173285,5.759774877726414,51.1798832528997,-75.22985972049676,89.31133531154647
all_trials,14,both_fists_imagery,Iz,beta,7,-10.327366494413369,27.319962916052518,-8.08911885659436,-24.532319387011157,2.9777758508915495,27.510095237902707,-51.09724741839268,30.003887886332688
all_trials,14,both_fists_imagery,Iz,central_12_13,7,-0.23774488436546296,61.538548333536816,0.5215387346168031,-43.03212506041418,32.233658351960756,75.26578341237493,-80.43900500920358,99.85018550093538
all_trials,14,both_fists_imagery,Iz,mu,7,-4.435255803310393,47.426656842940716,-9.279056693787213,-38.145789402239984,27.504919496914372,65.65070889915435,-59.977146103948144,59.49115198521382
all_trials,14,both_fists_imagery,O1,beta,7,-11.634697891406764,30.92829857317245,-11.498638860535488,-23.531763672780173,-9.379617768048586,14.152145904731587,-53.01573508571357,48.89425158805921
all_trials,14,both_fists_imagery,O1,central_12_13,7,10.0143578533546,71.67616149177817,-3.566955408724574,-48.7619956566416,60.193840368012125,108.95583602465373,-58.91631104379943,109.72008200326516
all_trials,14,both_fists_imagery,O1,mu,7,9.118719086394997,57.77219771506272,-8.856113793045603,-28.204001364755154,45.718608800130575,73.92261016488573,-64.43440432823687,102.0923368552966
all_trials,14,both_fists_imagery,O2,beta,7,23.829353134311667,36.95678693692635,4.796267578765642,2.4794673337571957,46.83307612886281,44.353608795105615,-14.911445664887934,78.29556310106396
all_trials,14,both_fists_imagery,O2,central_12_13,7,123.44586290042548,248.42300681186748,44.78127801803974,-37.45144906556635,155.02096737899265,192.472416444559,-50.32202439501173,634.5227500530978
all_trials,14,both_fists_imagery,O2,mu,7,74.21429449637853,126.38942788998496,28.62255030000936,-18.971906580113824,137.03736335446695,156.00926993458077,-42.45248890111042,297.1990865270445
all_trials,14,both_fists_imagery,Oz,beta,7,10.266746660122843,25.18279345109082,12.885841667036889,-3.3570657326596614,20.879521885618495,24.236587618278158,-27.183001465738997,51.11947411364434
all_trials,14,both_fists_imagery,Oz,central_12_13,7,102.42916453101391,194.31587956957537,22.09277238008033,-43.00583920386059,179.89366942508656,222.89950862894716,-52.528689373465426,473.6644082680306
all_trials,14,both_fists_imagery,Oz,mu,7,87.46684385615808,144.46211377442555,21.222091362324637,-25.67115773168416,196.0215416401021,221.69269937178626,-58.6625735258964,309.0076213398424
all_trials,14,both_fists_imagery,P1,beta,7,8.318886369968636,67.2103654480481,-11.403790694730441,-36.26226413340406,16.73891782408469,53.001181957488754,-41.096040368364456,149.7787282715141
all_trials,14,both_fists_imagery,P1,central_12_13,7,33.429199775019,72.45011237688473,64.55580828525659,-23.74617159689222,84.0914943265021,107.83766592339433,-67.0183664799574,115.77631116061399
all_trials,14,both_fists_imagery,P1,mu,7,35.17105581080494,76.35935111277558,35.00511716891427,-18.802174089535114,83.11562640053069,101.9178004900658,-64.4161810719967,146.98154995672587
all_trials,14,both_fists_imagery,P2,beta,7,6.452296524835361,44.57256544899277,-4.823281307266097,-27.101175864106857,38.86951412060999,65.97068998471684,-45.02449116588313,71.47717163399048
all_trials,14,both_fists_imagery,P2,central_12_13,7,200.40410303120976,247.6346424215157,150.96165564839706,7.439609950156175,364.3663954432184,356.9267854930622,-60.1328591431705,568.3879139264925
all_trials,14,both_fists_imagery,P2,mu,7,177.17466605280453,196.15862924253102,191.62727788415313,25.644169845361873,278.105798302332,252.46162845697012,-57.06803015235945,498.16347834245005
all_trials,14,both_fists_imagery,P3,beta,7,-10.730121492140508,43.245198636880815,-24.299628816180153,-39.50727485660245,9.215069349677526,48.72234420627998,-58.58092973716954,68.35411912221599
all_trials,14,both_fists_imagery,P3,central_12_13,7,-15.049615110887274,41.61088060603863,0.8276247328460272,-49.814835101328526,11.569073183734655,61.383908285063185,-70.45345687186779,40.77005019799858
all_trials,14,both_fists_imagery,P3,mu,7,-8.550620648529662,43.58760297649094,-14.2140807700094,-30.35057185684027,7.276836688039575,37.62740854487984,-68.86978551514076,69.37699208304392
all_trials,14,both_fists_imagery,P4,beta,7,-4.532662629405605,37.0586867437492,-17.36038501533337,-31.35967861408856,11.222244187661634,42.581922801750196,-38.203965059559835,64.11058052190782
all_trials,14,both_fists_imagery,P4,central_12_13,7,105.08582760765954,148.52093450610639,99.07011150148143,-18.55422782594588,200.43724245209097,218.99147027803684,-55.380857329665446,328.1455098295106
all_trials,14,both_fists_imagery,P4,mu,7,96.86272277353677,128.97208854420253,98.20463543808515,0.6407014957803909,154.52145499315083,153.88075349737045,-50.17144458780365,319.6815555866134
all_trials,14,both_fists_imagery,P5,beta,7,-21.586087607542385,31.85245618309542,-25.397225838059335,-38.12245763802055,-12.76512486701943,25.35733277100112,-62.58404741829955,38.65382501364219
all_trials,14,both_fists_imagery,P5,central_12_13,7,-27.764059735329813,33.29299097658827,-10.936196856925928,-57.99125326227109,-9.308527264616004,48.68272599765508,-68.15876305551386,19.34610281890531
all_trials,14,both_fists_imagery,P5,mu,7,-19.83193465039624,29.359104798853917,-17.873108696200585,-38.186825551322315,1.4738999870056624,39.66072553832798,-61.25011136532408,13.725528637384306
all_trials,14,both_fists_imagery,P6,beta,7,-6.360107397232606,32.992442338518195,-1.147732393395458,-33.473805725002954,10.681793002631636,44.15559872763459,-44.65967381691779,46.87067987442764
all_trials,14,both_fists_imagery,P6,central_12_13,7,7.678676887722914,72.85387122503423,-14.215820933909109,-47.66657295870375,48.98583647750945,96.6524094362132,-62.751232546884516,128.07926465724262
all_trials,14,both_fists_imagery,P6,mu,7,6.243305982125464,39.99074090112647,26.01246452000431,-23.306367435830488,29.764165998022094,53.07053343385258,-53.49966277667167,58.2747430071624
all_trials,14,both_fists_imagery,P7,beta,7,-35.147242345505504,15.939583650590347,-38.026514908265995,-45.13859454998416,-24.511027869393295,20.627566680590867,-57.44477189564176,-11.260164775875865
all_trials,14,both_fists_imagery,P7,central_12_13,7,-30.465878581616597,39.75041232857304,-47.00927722980357,-50.6062505557215,-7.897587315085392,42.70866324063611,-78.55068540560845,29.306488305709635
all_trials,14,both_fists_imagery,P7,mu,7,-25.35056590989861,28.5182644104513,-21.614158563318213,-44.511952378042004,-12.304957933763717,32.20699444427829,-63.27710409917619,21.071121916815574
all_trials,14,both_fists_imagery,P8,beta,7,-1.2830443333966461,29.43939477166245,7.219990557673035,-17.05196556778823,13.423675990476355,30.475641558264584,-49.83554904457462,40.89082730774881
all_trials,14,both_fists_imagery,P8,central_12_13,7,-4.6974341383130405,66.95810786200806,-32.28442443593422,-48.97223843633525,26.883007600935763,75.85524603727102,-66.81087040525037,110.3917175437923
all_trials,14,both_fists_imagery,P8,mu,7,-4.741696553029105,31.067444048836805,-18.953357609998324,-22.2773142098779,0.4386691840811583,22.715983393959057,-30.04093581544157,59.479707605829645
all_trials,14,both_fists_imagery,PO3,beta,7,-12.492062059188134,49.264215293736996,-17.981124674501007,-44.678658123227635,-10.93522185758074,33.74343626564689,-50.50228458866202,92.26673481046284
all_trials,14,both_fists_imagery,PO3,central_12_13,7,-6.972505644431116,47.55845040463147,-12.27147709814397,-37.55064372972225,25.407415644742706,62.95805937446496,-65.73336081896355,53.48375457604879
all_trials,14,both_fists_imagery,PO3,mu,7,-2.385794454039083,34.88396740248553,13.63108213167389,-19.19836961434586,20.02164103162785,39.220010645973716,-62.93391213095637,30.955725986444918
all_trials,14,both_fists_imagery,PO4,beta,7,26.220231620562085,55.966936993913066,3.0658216976468675,-19.247710597869347,66.08268843212915,85.33039902999849,-27.170383466158782,113.97622744392693
all_trials,14,both_fists_imagery,PO4,central_12_13,7,176.78434314662238,298.5839946504475,39.66286776638332,2.6834549961234124,223.31756139859345,220.63410640247005,-53.113383419097076,798.9388848896367
all_trials,14,both_fists_imagery,PO4,mu,7,160.19551856132898,189.267017971015,112.86970070552869,28.111106045282604,246.24023796926554,218.12913192398292,-46.890975212297114,506.6872164069749
all_trials,14,both_fists_imagery,PO7,beta,7,-19.661082600507036,39.81436917826807,-22.098351758773457,-45.856526244268196,-15.588640294594821,30.267885949673374,-55.13297171292281,62.49407834587304
all_trials,14,both_fists_imagery,PO7,central_12_13,7,-18.35372797648798,46.9233063538916,-31.42424521246088,-47.471494672896874,8.32921653490321,55.800711207800084,-67.45830606786507,48.691011720897386
all_trials,14,both_fists_imagery,PO7,mu,7,-15.835010970772373,25.58222256080207,-14.192104051670531,-28.400015796981137,-3.616705102398302,24.783310694582834,-55.56500223408835,22.945471289111133
all_trials,14,both_fists_imagery,PO8,beta,7,30.472772117278986,53.86516856259618,17.2659447724026,-6.871612372273924,58.390828416594694,65.26244078886862,-29.99899141510948,123.00401937501822
all_trials,14,both_fists_imagery,PO8,central_12_13,7,50.82918010662235,134.11949345589773,-20.612439459566264,-31.627882031366813,87.22147860972692,118.84936064109372,-33.38052634547527,298.6100333946779
all_trials,14,both_fists_imagery,PO8,mu,7,38.87920573147461,82.810675957541,-4.939587652756981,-9.341692469705928,56.645516758511334,65.98720922821727,-18.317568117473254,200.80394731294172
all_trials,14,both_fists_imagery,POz,beta,7,14.53555186718676,35.353727373007,12.885196092069974,-4.271417787216203,18.939226538424183,23.210644325640388,-24.965281643521585,84.49333111934297
all_trials,14,both_fists_imagery,POz,central_12_13,7,117.96486559790368,171.55869845090854,49.10463050087653,-17.608668694495165,254.78308870899718,272.39175740349236,-55.48458688933035,357.7851755447756
all_trials,14,both_fists_imagery,POz,mu,7,124.26064144191665,169.8553331172302,121.72675513170984,-8.011812757481433,203.2987348327204,211.31054759020185,-59.58146725383389,417.1053580650628
all_trials,14,both_fists_imagery,Pz,beta,7,8.623057187697837,50.483356915902206,-6.560511163032711,-30.289916628530868,41.23145010851762,71.52136673704848,-44.39101073393056,89.42985525087462
all_trials,14,both_fists_imagery,Pz,central_12_13,7,105.4232855070976,126.99071462146671,136.60248333702893,9.197243531742728,176.47389282304124,167.2766492912985,-60.15088965889721,290.1691321619836
all_trials,14,both_fists_imagery,Pz,mu,7,82.66153817571664,97.73354704000602,90.68941201360889,18.948136136432836,159.49530998140307,140.54717384497025,-57.62245263557331,188.67691561630917
all_trials,14,both_fists_imagery,T10,beta,7,-15.388585954022703,23.492494916617268,-20.02480633890155,-30.122414630415047,-10.552948336420759,19.56946629399429,-38.29344606869159,31.94887666310581
all_trials,14,both_fists_imagery,T10,central_12_13,7,8.179933787261852,39.02924135286614,12.474518881938934,-28.040721170730453,40.699168930129915,68.73989010086036,-36.278909070436676,55.74703118053179
all_trials,14,both_fists_imagery,T10,mu,7,14.972428709369714,40.71806214376581,10.930653034856709,-11.0549286151515,38.818407223437774,49.87333583858927,-35.29013187066728,73.63952258482603
all_trials,14,both_fists_imagery,T7,beta,7,-25.861523385618018,19.708952434023857,-25.253368208883693,-32.573634399747256,-10.541856654170536,22.03177774557672,-62.90684489367582,-6.639468488931043
all_trials,14,both_fists_imagery,T7,central_12_13,7,34.41638131882939,40.75230450851347,35.774248036786524,25.079296858337983,43.92683634699037,18.847539488652387,-34.71739581130184,101.84555059566435
all_trials,14,both_fists_imagery,T7,mu,7,5.622960192210994,29.098377940739148,18.800843480095267,-13.439591184928599,22.18717234967832,35.62676353460692,-38.120465193839074,41.18518072972133
all_trials,14,both_fists_imagery,T8,beta,7,-18.149514127359062,15.166941287912387,-18.90860421110731,-26.646194041622998,-14.958705637723849,11.687488403899149,-35.81510640238385,10.886911080671425
all_trials,14,both_fists_imagery,T8,central_12_13,7,9.043376700324622,36.83999459416053,-6.623418502076404,-17.583883528720555,39.87434377370924,57.4582273024298,-33.83507147745193,59.18120639182331
all_trials,14,both_fists_imagery,T8,mu,7,8.022644903536383,45.456992132702645,-6.746504556182024,-22.520594640008827,35.40418020010465,57.92477484011347,-42.228987680973916,79.36683544171898
all_trials,14,both_fists_imagery,T9,beta,7,-35.74303751065514,18.64925451180877,-30.05554934974931,-42.239914005268545,-24.56077685333836,17.679137151930185,-70.52657171264343,-16.01775979497946
all_trials,14,both_fists_imagery,T9,central_12_13,7,13.346439128170156,54.32258447991243,5.641049539971054,-14.086480577079715,20.066154476927284,34.152635054007,-45.97284724664899,121.79752380417389
all_trials,14,both_fists_imagery,T9,mu,7,2.786026023062274,44.974316441931784,-9.13163303536736,-20.898050850646428,22.91302656600944,43.81107741665586,-55.37706480092984,79.9809285670071
all_trials,14,both_fists_imagery,TP7,beta,7,-33.734542552449845,15.81877736495713,-32.01686622159487,-38.66491924974913,-24.40891839479967,14.256000854949463,-63.61170075802947,-14.365555598427
all_trials,14,both_fists_imagery,TP7,central_12_13,7,-10.508609401791238,32.74898747306334,-10.566460764032536,-17.149225914697993,7.6756723622634,24.82489827696139,-72.50753818101843,28.460840237381472
all_trials,14,both_fists_imagery,TP7,mu,7,-13.606795194178371,27.792329701050882,-15.415814871896028,-22.965551720899327,-2.5215084683484603,20.444043252550866,-59.8850064267631,31.027375317906106
all_trials,14,both_fists_imagery,TP8,beta,7,-6.519612080141475,41.30633615962311,-16.9210099099739,-27.99009370586692,2.69652359935516,30.68661730522208,-51.42205896475015,73.29292452675723
all_trials,14,both_fists_imagery,TP8,central_12_13,7,-7.883788105360551,45.26682839322742,-14.610020298573124,-34.066412425592475,6.104135459349313,40.17054788494179,-61.29628107335073,76.64433856688632
all_trials,14,both_fists_imagery,TP8,mu,7,-1.3374138462419782,35.52119148795663,-13.474238385952757,-28.40326823832558,23.642394960534357,52.04566319885994,-34.9260864404437,48.560174458285054
all_trials,6,both_feet_imagery,AF3,beta,8,13.200205736090151,37.622560782320846,11.431441343636653,-10.525815425581062,38.53187395430943,49.05768937989049,-42.955893127949125,68.03495376495681
all_trials,6,both_feet_imagery,AF3,central_12_13,8,5.307539041310702,52.79370001593367,27.238385838500598,-30.778038401458424,40.85531733081841,71.63335573227684,-80.10751528887901,62.05846109164741
all_trials,6,both_feet_imagery,AF3,mu,8,1.9593239339359876,46.72674537689783,-0.5563698953723422,-12.617157884953446,16.735589678538062,29.35274756349151,-71.82317375705273,72.97488093574417
all_trials,6,both_feet_imagery,AF4,beta,8,-1.3720208295040779,33.21621595434534,-10.170685353204314,-24.08700822633682,9.650981817722903,33.73799004405972,-37.26706241594782,56.53367641555068
all_trials,6,both_feet_imagery,AF4,central_12_13,8,1.3273920934785988,27.93455898959844,-9.541410145038434,-12.547151465601315,24.88571351331116,37.43286497891248,-38.9345884153395,42.11338820525879
all_trials,6,both_feet_imagery,AF4,mu,8,-5.494668416316016,20.88057721380184,-5.496987779462984,-16.301064735920626,3.616840246217091,19.917904982137717,-39.35615503064413,25.266542778740785
all_trials,6,both_feet_imagery,AF7,beta,8,13.662988901746465,38.27387848913625,11.160393727202003,-10.505244846334104,43.634311091310124,54.13955593764423,-44.388128176932895,65.71440391376667
all_trials,6,both_feet_imagery,AF7,central_12_13,8,6.177606663339903,52.95472890395491,31.234594540810257,-31.928442390051046,41.6145061116157,73.54294850166674,-81.0342455863325,64.30450315984724
all_trials,6,both_feet_imagery,AF7,mu,8,3.6361467458569603,47.788399896347485,1.0858412757425704,-13.384693631079255,18.178901663724787,31.563595294804042,-72.39171288149845,79.47950044826956
all_trials,6,both_feet_imagery,AF8,beta,8,-9.103944819787046,14.215921041887608,-15.167333864060783,-19.179693324796155,6.089199079055449,25.268892403851602,-26.09728412136109,9.170894550549031
all_trials,6,both_feet_imagery,AF8,central_12_13,8,-6.612755871762783,30.084548164996406,-12.792431610224616,-24.841942166962056,-2.978696099799288,21.86324606716277,-39.81575575295179,52.663927073982094
all_trials,6,both_feet_imagery,AF8,mu,8,5.027224919531914,38.12402691906148,-9.528689130816723,-25.19229264627955,34.40796114041379,59.600253786693344,-31.42410566773086,61.88525309527654
all_trials,6,both_feet_imagery,AFz,beta,8,2.122689072678652,43.836820732411965,-11.759241334522105,-29.58672341012074,15.320394189936025,44.907117600056765,-37.61789525532905,85.49702274053203
all_trials,6,both_feet_imagery,AFz,central_12_13,8,7.087036024094248,40.182748447737964,16.436346423085347,-14.965050155279208,34.35207192576589,49.3171220810451,-64.40216094336853,54.00211887731498
all_trials,6,both_feet_imagery,AFz,mu,8,-3.7790110277551543,30.674019214063424,-6.029180752453755,-19.647353763020686,13.638824337363268,33.28617810038395,-49.993220728993045,42.04807108335182
all_trials,6,both_feet_imagery,C1,beta,8,17.864529961290103,33.01159945317015,15.189907337375393,-3.917317995275009,44.837870846074615,48.75518884134962,-33.82202268167725,57.31451236154229
all_trials,6,both_feet_imagery,C1,central_12_13,8,50.627906610856186,84.60484594609973,30.576304594182233,-5.400635090918303,100.77855091400772,106.17918600492602,-45.00138698367036,195.843959346002
all_trials,6,both_feet_imagery,C1,mu,8,35.38815209848058,48.99671398609937,37.753384075589025,7.173957541929569,66.93731097923111,59.76335343730155,-39.21847960073144,110.99076389156856
all_trials,6,both_feet_imagery,C2,beta,8,11.510407906894807,33.24031831490999,18.18678770526681,-10.799059768801113,25.78787079434265,36.58693056314376,-39.04385142839259,66.15695542818756
all_trials,6,both_feet_imagery,C2,central_12_13,8,20.2636520012116,39.60784962098039,22.35503526165263,-13.652291246023381,55.316026641225065,68.96831788724845,-31.095029419949313,66.67862227641731
all_trials,6,both_feet_imagery,C2,mu,8,13.09873333222795,27.07184919122752,17.556270078296194,-0.7075054739722213,30.69249589401839,31.400001367990612,-36.51888575686148,48.757651574459345
all_trials,6,both_feet_imagery,C3,beta,8,12.684947319045605,15.661884613729743,10.605092399651578,8.02373214069733,15.061047777378814,7.037315636681484,-10.922128578379626,44.98706051041355
all_trials,6,both_feet_imagery,C3,central_12_13,8,92.86814376185349,119.12462648939562,82.37283023151265,25.580745859029175,111.33407205213162,85.75332619310244,-26.173928214259924,357.1227771540947
all_trials,6,both_feet_imagery,C3,mu,8,58.87250707131133,80.81961923778816,41.37990974583313,19.390842407837322,87.73201509190424,68.34117268406692,-33.67506761322292,225.83606480431698
all_trials,6,both_feet_imagery,C4,beta,8,0.9160005527203028,22.79519622476857,0.15925365126259106,-6.389933296722555,15.579468089480589,21.969401386203145,-44.248754850201,28.984541485982927
all_trials,6,both_feet_imagery,C4,central_12_13,8,57.359806300469586,78.47499296191242,43.43213659765155,10.92205249083169,73.46806997575092,62.54601748491923,-42.928403556532515,195.95443021739845
all_trials,6,both_feet_imagery,C4,mu,8,25.056226641769214,53.39439600953363,16.420667753894513,-0.6981240887291613,33.122658638764946,33.820782727494105,-41.56949035959617,139.7532685952033
all_trials,6,both_feet_imagery,C5,beta,8,-6.798774821934507,23.61318460739612,-8.023620243136088,-23.44417199608604,5.840273021484464,29.284445017570505,-37.473091870394704,25.88030016608781
all_trials,6,both_feet_imagery,C5,central_12_13,8,21.680694878150437,44.50118864074314,9.786424622783288,0.8261750849482068,41.71283085027157,40.88665576532337,-39.583659757395736,107.05331946193463
all_trials,6,both_feet_imagery,C5,mu,8,9.238254029175197,37.21809475695905,0.9021555106211245,-10.136752748766158,11.901362999075678,22.038115747841836,-32.39054225052743,89.90862663129187
all_trials,6,both_feet_imagery,C6,beta,8,-4.800904808760527,27.7459409769819,-10.128972751657356,-24.9149429602639,10.845920021309997,35.760862981573894,-35.99977937385129,45.77794493967806
all_trials,6,both_feet_imagery,C6,central_12_13,8,13.958753687055625,57.120630785833605,9.126179346493466,-32.75402908894006,49.32698876047844,82.0810178494185,-53.84578914708421,105.24784357665825
all_trials,6,both_feet_imagery,C6,mu,8,0.5006049799198293,39.9121239765904,-7.560839378646216,-20.84668721404381,10.175169300009049,31.02185651405286,-47.18085714441355,78.03418917546608
all_trials,6,both_feet_imagery,CP1,beta,8,7.4184145133979404,24.89408145935472,4.195309307157851,-8.571653079479733,19.071283243983807,27.642936323463537,-26.104528435980612,49.785213851765434
all_trials,6,both_feet_imagery,CP1,central_12_13,8,-9.677789892706656,48.213379601972214,-31.82589589516077,-38.24684207179605,21.621342466784668,59.86818453858072,-62.89980545209055,65.01963728375601
all_trials,6,both_feet_imagery,CP1,mu,8,4.46609330844884,36.12723167478946,3.0427141771893123,-21.788044599507984,21.933232303990415,43.7212769034984,-42.42633802245409,61.835858663626944
all_trials,6,both_feet_imagery,CP2,beta,8,-4.419507820721163,30.926546619286484,-10.691538268558766,-20.069041853428786,5.9594321915767186,26.028474045005503,-48.218431041460924,52.65862405669946
all_trials,6,both_feet_imagery,CP2,central_12_13,8,-14.362978690063368,31.868205188001188,-23.298085340717215,-32.997740716145984,5.4586041345365315,38.45634485068251,-55.25229876904954,31.856256439733304
all_trials,6,both_feet_imagery,CP2,mu,8,-16.965681322722936,14.617050067089341,-22.661686681863927,-25.691620845164323,-5.6325521885464545,20.059068656617868,-34.27861995432852,5.269793996855785
all_trials,6,both_feet_imagery,CP3,beta,8,-3.936113986012205,12.069892264956437,-7.153982327848272,-12.976504852711756,2.5700293415538873,15.546534194265643,-16.28535347918339,19.850154076845744
all_trials,6,both_feet_imagery,CP3,central_12_13,8,5.271644664924047,42.44762747337212,-10.777892603732106,-26.74721743523445,46.179264535110036,72.92648197034448,-43.2401630332924,66.87411950388974
all_trials,6,both_feet_imagery,CP3,mu,8,9.894644919187968,38.56959038452107,17.145825042906267,-22.79577185159281,35.71370473844213,58.50947659003494,-42.6938886004881,62.2410771666929
all_trials,6,both_feet_imagery,CP4,beta,8,-10.28033808823407,22.878864038850228,-10.656655008826146,-22.78125164277725,2.489836569285907,25.271088212063155,-47.655922160372775,28.455341640846683
all_trials,6,both_feet_imagery,CP4,central_12_13,8,-8.947712667242879,50.336256428576675,-16.323274486685552,-42.55843876451361,1.5888948393703792,44.14733360388399,-57.070391046403806,99.54295382456317
all_trials,6,both_feet_imagery,CP4,mu,8,-16.853263721513336,39.21063945913162,-24.586759130845728,-44.47990825117971,-9.942116855070068,34.53779139610964,-50.63618767682746,70.40792064283576
all_trials,6,both_feet_imagery,CP5,beta,8,-9.838754751699827,18.06541546162338,-11.557507461837066,-19.59313180799618,4.657998579922699,24.251130387918877,-38.201279393326864,13.965687016517604
all_trials,6,both_feet_imagery,CP5,central_12_13,8,12.642336536708882,65.37328575763749,6.06502035669226,-44.7156176873527,45.305207076827706,90.0208247641804,-57.32026611661407,131.81365610081835
all_trials,6,both_feet_imagery,CP5,mu,8,0.43645638475432724,37.83899347706879,-8.332077829382357,-22.071948602314087,24.656177778010047,46.728126380324134,-54.32917060877141,56.32253688090231
all_trials,6,both_feet_imagery,CP6,beta,8,-1.1927944737703915,25.83134082961788,-2.0375195487088384,-24.477960223689735,21.241176166098906,45.719136389788645,-33.49117416216086,35.95327281830975
all_trials,6,both_feet_imagery,CP6,central_12_13,8,-5.465310084698546,58.29931979354534,-28.727072964607725,-41.67258591099011,5.562754864579972,47.23534077557008,-50.96468508669501,121.34928539338203
all_trials,6,both_feet_imagery,CP6,mu,8,-9.468089092038845,55.512314905699974,-29.882939695585687,-41.713826581727155,-3.45180002664293,38.262026555084226,-52.494161727014074,118.4228015671337
all_trials,6,both_feet_imagery,CPz,beta,8,12.68402158736929,38.62780623065239,0.36067351904986467,-14.867433986745343,33.843697503356466,48.711131490101806,-27.183144680094692,81.30678621366769
all_trials,6,both_feet_imagery,CPz,central_12_13,8,-11.363472138285012,44.79302452564881,-17.534623430283467,-47.45209409575653,10.442894840807298,57.89498893656383,-54.698686605505465,77.48081455088007
all_trials,6,both_feet_imagery,CPz,mu,8,-6.873294141734806,21.36540585851451,-6.295931736255435,-20.511998414441816,1.6336386481121465,22.145637062553963,-37.801214183643836,33.00911724976835
all_trials,6,both_feet_imagery,Cz,beta,8,37.06291388838393,66.07848639350223,14.732167823592764,-14.213079102624594,97.30642433473857,111.51950343736316,-41.21876326834829,125.6893395554582
all_trials,6,both_feet_imagery,Cz,central_12_13,8,11.37339405998892,43.39064806145062,4.295081577998419,-11.36766405786712,36.376745119304495,47.74440917717162,-58.30502650247894,73.50724838459611
all_trials,6,both_feet_imagery,Cz,mu,8,7.047794302172385,36.01292382565243,10.316115593770792,-16.40349821311641,30.52704519343329,46.9305434065497,-41.0224383242133,58.054422332431145
all_trials,6,both_feet_imagery,F1,beta,8,-13.317243221305201,38.54474879649544,-25.11313982946268,-30.68166725451782,-9.137671302270162,21.543995952247656,-45.42653752176094,75.42142476523728
all_trials,6,both_feet_imagery,F1,central_12_13,8,-4.500595116050035,48.501311181866456,-0.5688474273068684,-46.95426510158637,23.83988525520443,70.7941503567908,-70.03290273258277,68.28754887500043
all_trials,6,both_feet_imagery,F1,mu,8,-8.311649775272766,37.95244727396774,-3.431924691136954,-46.27439766858967,17.60589932118927,63.88029698977894,-51.710095843206474,51.48075093156503
all_trials,6,both_feet_imagery,F2,beta,8,9.96212842735019,54.988208231585396,-10.093889307051608,-26.386562273261337,25.56243792143553,51.949000194696865,-37.71710976517571,108.05869990933017
all_trials,6,both_feet_imagery,F2,central_12_13,8,12.437837674431716,42.818297264472164,14.324882249753053,-5.36316869233601,26.231989983052234,31.595158675388245,-46.477880029725654,82.60015612920233
all_trials,6,both_feet_imagery,F2,mu,8,-0.9509127784662506,25.492984068973932,0.5917796603294723,-11.04838187160115,9.089928618916534,20.138310490517682,-36.678416178153945,33.3949480538241
all_trials,6,both_feet_imagery,F3,beta,8,2.7356234035207514,53.077598584353886,-11.911228018466616,-32.17157429779547,12.047705256338606,44.219279554134076,-47.42193345857637,98.68191244205497
all_trials,6,both_feet_imagery,F3,central_12_13,8,-1.7627589079413273,49.77032020021094,5.278145374430892,-44.704685969177454,35.61276725267089,80.31745322184835,-64.96659617274847,67.82960116737318
all_trials,6,both_feet_imagery,F3,mu,8,-7.561132200784179,34.695416996175645,-5.805742725212619,-39.02336729924308,15.731038378488801,54.75440567773188,-48.53184179727778,50.22487601107117
all_trials,6,both_feet_imagery,F4,beta,8,5.665740790805863,51.088877166875726,-16.757736355781365,-29.602001652351753,24.5400867287877,54.14208838113945,-35.808709998925636,94.93640529747597
all_trials,6,both_feet_imagery,F4,central_12_13,8,9.536800426868846,52.17832457715211,8.479921657259851,-16.84775207794825,20.015275989860736,36.86302806780898,-53.06672285044462,110.80431706759667
all_trials,6,both_feet_imagery,F4,mu,8,-5.142386163187314,29.835120197092802,-5.867903421549869,-18.722084824655525,6.05053648241743,24.772621307072953,-46.81858394528206,47.01261114700179
all_trials,6,both_feet_imagery,F5,beta,8,-15.3581092694319,19.485075603308406,-10.659138376005863,-31.06347480625299,-0.8060164667825611,30.25745833947043,-42.39306825577224,7.085475996175204
all_trials,6,both_feet_imagery,F5,central_12_13,8,-9.200417641032372,58.687658871378574,-22.608181828551853,-38.31835387720169,2.291549365478967,40.60990324268065,-69.50357057982924,118.19597976287235
all_trials,6,both_feet_imagery,F5,mu,8,-11.618046561064372,31.92941336111213,-10.81903579452546,-31.02271375425628,14.300155519471776,45.32286927372806,-54.87369792215949,25.258853368032373
all_trials,6,both_feet_imagery,F6,beta,8,4.22951699380843,48.64296626254022,-22.111220497439533,-29.567008314837473,30.088773986032155,59.65578230086963,-34.51838113923805,90.87170760303103
all_trials,6,both_feet_imagery,F6,central_12_13,8,-1.117917588717697,29.312390950038154,-6.286636728912475,-19.700076647649208,9.214521734939362,28.914598382588572,-34.35912203600597,60.05702980456745
all_trials,6,both_feet_imagery,F6,mu,8,-4.247829472974253,23.77750307491286,-8.090611868247656,-25.031760969815114,17.406337545476735,42.43809851529185,-30.881685986840168,25.726227100293602
all_trials,6,both_feet_imagery,F7,beta,8,2.7268862219662156,25.278073405268508,1.8129842880307987,-5.908454822689808,25.699029310597624,31.607484133287432,-47.15402430355335,28.55753482423997
all_trials,6,both_feet_imagery,F7,central_12_13,8,-17.193369387072845,36.5663740694242,-15.761787520491188,-36.14238695425511,6.181569368917918,42.32395632317303,-81.44103183795865,33.46866666256261
all_trials,6,both_feet_imagery,F7,mu,8,-4.600846133443687,32.30679121445194,-11.257243869167201,-12.93735413408759,13.558070112938651,26.495424247026243,-65.98478723997374,41.20926532316086
all_trials,6,both_feet_imagery,F8,beta,8,-6.8223552047984874,26.2800383417417,-8.775782614845347,-22.43027210418206,2.2337057644909692,24.66397786867303,-39.53296806118297,45.216220470050295
all_trials,6,both_feet_imagery,F8,central_12_13,8,-6.595389193839913,28.469751513207285,-15.092143296989192,-30.713470270533094,17.002657786517585,47.71612805705068,-36.76920421898377,40.25559706449072
all_trials,6,both_feet_imagery,F8,mu,8,9.502615028376653,29.020822848053843,2.1480980785810857,-13.015502879462225,21.555854754228143,34.57135763369037,-20.397250788174052,62.08155910075206
all_trials,6,both_feet_imagery,FC1,beta,8,-4.734686904687495,24.88755666998989,3.7900520994596274,-28.91355139863889,8.148780428783517,37.06233182742241,-36.26033671452075,33.88621077275443
all_trials,6,both_feet_imagery,FC1,central_12_13,8,38.405831137830646,85.62642068513527,18.20208450816781,-29.78524872607956,80.58882943536346,110.37407816144302,-47.8428929229071,191.72770892365045
all_trials,6,both_feet_imagery,FC1,mu,8,26.526411466517008,52.25207591593278,29.438855104836968,-6.5063507503602915,61.98309762105314,68.48944837141343,-50.66527012878782,99.25906293306643
all_trials,6,both_feet_imagery,FC2,beta,8,10.813289948210485,35.451879437468186,1.06687078745722,-3.4243049258330176,29.414996239732012,32.83930116556503,-43.09575562356827,75.57280889718422
all_trials,6,both_feet_imagery,FC2,central_12_13,8,30.89827715550267,74.7927339820568,6.670188771283506,-24.104699651810048,72.84033492613473,96.94503457794478,-47.58669655143353,165.30356430064066
all_trials,6,both_feet_imagery,FC2,mu,8,16.75416256267674,47.558403422744945,16.435233287147767,-20.51558035155737,49.61764677671851,70.13322712827588,-43.86561235255442,88.45466102173019
all_trials,6,both_feet_imagery,FC3,beta,8,0.7061201809487221,41.528022938043186,-9.617386879039122,-28.020225461364795,12.132824648189029,40.153050109553824,-36.88735821944854,90.17405814752019
all_trials,6,both_feet_imagery,FC3,central_12_13,8,55.25634699190815,88.1326511473115,35.369080170288264,-6.205479482493658,95.27481604725308,101.48029552974674,-44.23351721207348,203.32803325954723
all_trials,6,both_feet_imagery,FC3,mu,8,38.284931273101996,64.46461512474008,36.799576812565306,-6.311318976699695,79.28480735928062,85.59612633598032,-47.09311220743787,145.86749054882935
all_trials,6,both_feet_imagery,FC4,beta,8,18.568226438844018,41.764113700253915,4.6600723290037624,0.5332819738847132,38.164838834589844,37.63155686070513,-40.32316844691429,100.8436568472887
all_trials,6,both_feet_imagery,FC4,central_12_13,8,52.91654861459394,89.04112947268084,23.05931666415278,-5.976028000332899,65.41036443011164,71.38639243044454,-23.85349366812799,234.6120738436641
all_trials,6,both_feet_imagery,FC4,mu,8,28.292456486308815,53.54367806879657,9.689036823380313,-15.485173078836027,54.32138409530502,69.80655717414105,-18.514392253608655,126.46317522986133
all_trials,6,both_feet_imagery,FC5,beta,8,-5.940213839911223,37.426168120189836,-20.166639710770973,-29.77073833388694,6.397996927974308,36.168735261861244,-40.716905325022196,64.40101082281502
all_trials,6,both_feet_imagery,FC5,central_12_13,8,10.540406436347965,54.42987291675793,5.711984274789478,-15.86892322027367,31.67310176861588,47.54202498888955,-68.30053355220691,89.3075540359421
all_trials,6,both_feet_imagery,FC5,mu,8,3.184155690497579,39.69670128940261,0.7094662395510101,-15.039264455493562,14.93698472352529,29.97624917901885,-58.633193315749324,76.16465674167206
all_trials,6,both_feet_imagery,FC6,beta,8,-0.21424912919229921,27.1998408778129,-2.011405608438424,-14.31113009950655,8.242508266080167,22.553638365586714,-37.907964645133085,52.11440000650166
all_trials,6,both_feet_imagery,FC6,central_12_13,8,18.904272635303183,42.785060402859614,-2.8342623090660934,-10.927760050995307,48.727070158605535,59.654830209600846,-19.099643427673744,99.12538871509318
all_trials,6,both_feet_imagery,FC6,mu,8,6.597668571496614,35.77682584312277,-12.360336353666408,-17.129108754365674,27.546245103019878,44.67535385738555,-26.619548813345393,69.12551279229666
all_trials,6,both_feet_imagery,FCz,beta,8,6.438262074010966,36.4678362287467,5.87692995010005,-22.959789531719775,25.788318989593964,48.74810852131374,-42.72735966825029,69.64212056471483
all_trials,6,both_feet_imagery,FCz,central_12_13,8,30.531849614354165,72.66319351593503,10.57605741470843,-13.596538191111954,67.55213611716424,81.14867430827618,-61.729410630675744,152.3607325757619
all_trials,6,both_feet_imagery,FCz,mu,8,13.987266278735841,45.23876767602494,13.901565817527748,-22.40265200686726,39.957234268929064,62.35988627579633,-46.098426555388166,79.04804923385281
all_trials,6,both_feet_imagery,FT7,beta,8,-9.56982259848921,24.207857240738,-6.473593927496497,-16.27597500043939,3.7499652988068655,20.02594029924626,-53.75778194179348,23.71316650063417
all_trials,6,both_feet_imagery,FT7,central_12_13,8,-24.41306677276397,42.58173445241702,-35.184075440327504,-45.65392748303261,-20.62289121637042,25.03103626666219,-72.81437280152633,66.28337429290556
all_trials,6,both_feet_imagery,FT7,mu,8,-13.775781138313015,33.56544747521765,-19.89421649002302,-32.459440566819296,-11.478095083473278,20.98134548334602,-49.46419040624572,60.67530474930925
all_trials,6,both_feet_imagery,FT8,beta,8,3.615797202540615,33.678257361593936,-13.571221273863976,-18.994686979320942,25.961638925294103,44.95632590461504,-28.10214535147669,55.02368274532279
all_trials,6,both_feet_imagery,FT8,central_12_13,8,0.8593275413425419,42.07247972962276,-9.691484872981338,-24.228889695382083,17.213111814900206,41.44200151028229,-50.98140644701004,78.86878719943061
all_trials,6,both_feet_imagery,FT8,mu,8,1.224072143399205,37.16592531559513,-7.538578855524104,-26.35991511355264,15.992509292023218,42.35242440557586,-37.27778348712547,62.62046332244013
all_trials,6,both_feet_imagery,Fp1,beta,8,20.113448985470807,40.49003674887541,13.252770157575668,-6.1994428358866855,44.79572336598499,50.995166201871676,-36.62783130853044,80.14471709108348
all_trials,6,both_feet_imagery,Fp1,central_12_13,8,23.84978829464849,62.30927509830629,43.20835750181727,-16.782281919052533,64.05229883450089,80.83458075355342,-65.0558293258609,105.02466274632549
all_trials,6,both_feet_imagery,Fp1,mu,8,8.079999342502443,46.595653616355094,23.34190939968205,-35.953875832523664,39.962546415852884,75.91642224837655,-55.19962599756969,62.72412240823213
all_trials,6,both_feet_imagery,Fp2,beta,8,0.25864314327817506,20.079076827751052,-0.8891825607742971,-15.581709929023383,17.220013894369416,32.8017238233928,-26.832148318434374,29.866515683301284
all_trials,6,both_feet_imagery,Fp2,central_12_13,8,13.883156025635213,48.23443948251844,18.37618589371476,-28.320139551545807,31.98041053362195,60.30055008516776,-47.47778414122783,94.37224547782772
all_trials,6,both_feet_imagery,Fp2,mu,8,9.752302993301555,46.60301169565163,6.1329481884052885,-34.06398215482992,50.54329879254725,84.60728094737718,-45.37949780984781,78.60868803409605
all_trials,6,both_feet_imagery,Fpz,beta,8,10.489613054693582,28.882000690628452,7.7181001900346615,-11.215372203764105,33.394335039177,44.609707242941106,-25.31232334556697,53.84869503972862
all_trials,6,both_feet_imagery,Fpz,central_12_13,8,15.846998215068588,50.915012645079074,26.85418346688658,-18.52666318981254,47.3781635522115,65.90482674202403,-62.31917831736023,77.96349077188535
all_trials,6,both_feet_imagery,Fpz,mu,8,5.458838124635193,40.758647807264424,16.325779435934187,-36.5165103918239,41.23224463980992,77.74875503163382,-47.87658801169975,50.485566694808625
all_trials,6,both_feet_imagery,Fz,beta,8,-0.28369715050700606,42.354848723321595,-16.343934375972225,-33.53916580343219,22.27702906346185,55.81619486689404,-38.91214778367856,78.4008411675911
all_trials,6,both_feet_imagery,Fz,central_12_13,8,3.0977123856414277,46.195216405498975,15.661146009349594,-28.81551533222237,38.23740793268985,67.05292326491221,-63.571980213267764,53.82642389844339
all_trials,6,both_feet_imagery,Fz,mu,8,-3.653515985438918,36.98995599753534,-7.386120495965853,-25.65933410172637,17.677829223632415,43.33716332535879,-54.97297360159166,63.61488872931661
all_trials,6,both_feet_imagery,Iz,beta,8,30.093085699237,26.181784450033234,38.20855914472428,14.008218177110784,46.569835724773775,32.56161754766299,-11.288651884539204,62.1190741215648
all_trials,6,both_feet_imagery,Iz,central_12_13,8,111.11592189422218,125.82773138732382,73.62549704450564,28.932709256548243,142.95298325800468,114.02027400145644,-14.611142565321163,346.00157624213506
all_trials,6,both_feet_imagery,Iz,mu,8,55.810889411419026,46.6228089294854,44.79322573931596,36.037187418695005,103.87877791181963,67.84159049312461,-17.46186531699575,109.67484866624062
all_trials,6,both_feet_imagery,O1,beta,8,18.35347484165645,40.69571895663313,25.040609768703213,-13.454878621162695,53.01686659681493,66.47174521797763,-36.55556135177283,62.642476839125706
all_trials,6,both_feet_imagery,O1,central_12_13,8,38.368404159790266,98.76075412796153,1.4518940233111586,-33.094231626354635,62.800109558701095,95.89434118505574,-40.40956556033986,230.51393304959146
all_trials,6,both_feet_imagery,O1,mu,8,19.16065486167171,59.90876621018815,10.324951688907362,-35.701820481995576,48.892165730280865,84.59398621227643,-37.47989189824536,116.11195828039575
all_trials,6,both_feet_imagery,O2,beta,8,40.8808761087584,29.56461363748448,39.22258799924096,15.934691738398556,68.87330302289656,52.93861128449801,5.364518495412942,77.80948711395288
all_trials,6,both_feet_imagery,O2,central_12_13,8,37.0529970448174,68.9247504685891,69.3303749152424,-25.310423535839284,86.65449037889738,111.96491391473666,-57.87620696670514,112.22474562520667
all_trials,6,both_feet_imagery,O2,mu,8,21.232248094939568,51.42793576082293,30.810515300120475,-15.973978646956759,62.15176440244007,78.12574304939683,-53.406248182562486,78.97014599356054
all_trials,6,both_feet_imagery,Oz,beta,8,26.09947711041434,34.54478231211758,23.090178242773995,1.6392946275339484,46.126581337024206,44.487286709490256,-22.981134669350396,78.5313882381565
all_trials,6,both_feet_imagery,Oz,central_12_13,8,40.08442830527974,74.25265018003365,37.603212557057816,-12.866369501230206,77.0261481501209,89.89251765135111,-51.1179055825041,150.98692867182066
all_trials,6,both_feet_imagery,Oz,mu,8,20.447396505056822,47.630057020689684,34.75184428564712,-26.378525667331687,57.88321072913443,84.26173639646612,-40.678372477812125,76.83627300462335
all_trials,6,both_feet_imagery,P1,beta,8,-0.5804893696164184,33.136948104539485,-9.146835245197051,-19.420221538762796,7.86816320307319,27.288384741835987,-38.2902167357638,59.0093095317968
all_trials,6,both_feet_imagery,P1,central_12_13,8,0.23738386416296642,42.68516999932996,9.692679910316171,-31.45140990050106,25.21508514689507,56.666495047396126,-67.9659199907118,58.989784642498556
all_trials,6,both_feet_imagery,P1,mu,8,5.861538676927191,44.05441436924231,2.6882633463825245,-16.720750045412895,36.39969272386385,53.12044276927675,-58.521956393419416,76.48167372003167
all_trials,6,both_feet_imagery,P2,beta,8,0.5485517492408691,27.461615729021347,-2.4371761541220973,-21.57995314539047,24.06713212711788,45.64708527250835,-34.24720266570054,35.04188308533426
all_trials,6,both_feet_imagery,P2,central_12_13,8,4.935032514058849,53.569978571232035,25.459292672918856,-51.1888393174924,44.643026799506444,95.83186611699884,-64.1220040781509,64.87734372546223
all_trials,6,both_feet_imagery,P2,mu,8,-3.952834686243432,44.876057486713414,2.503523173225413,-40.013754131961754,14.892327353566039,54.90608148552779,-59.59172755752799,74.65105634758997
all_trials,6,both_feet_imagery,P3,beta,8,5.181295463023491,41.322816290183646,-4.974633290831984,-22.941954994702208,24.947455235089215,47.88941022979142,-43.75145670983492,76.99453420088592
all_trials,6,both_feet_imagery,P3,central_12_13,8,19.414972662714998,60.053788459774275,7.946942200463038,-16.01231782529522,74.73931220771853,90.75163003301375,-64.67544498954683,93.5439192171313
all_trials,6,both_feet_imagery,P3,mu,8,13.701386460652973,48.565024624664304,20.591282792755834,-13.55955562744494,33.991629489208044,47.55118511665299,-54.05301543208715,93.53171803607835
all_trials,6,both_feet_imagery,P4,beta,8,5.495828521110366,32.136902358562224,6.577902503522585,-20.566360622965192,38.48604598497775,59.05240660794294,-41.86290916121519,38.952766669721605
all_trials,6,both_feet_imagery,P4,central_12_13,8,5.27436850574423,61.59684466531553,15.669959687796029,-49.63429310831739,30.98347313523395,80.61776624355133,-69.28601884729548,112.9152675296884
all_trials,6,both_feet_imagery,P4,mu,8,-3.869534648422274,57.46303571184036,-5.648606147184458,-41.53334961541747,6.203754731542276,47.73710434695975,-64.32097880269211,120.27724545754948
all_trials,6,both_feet_imagery,P5,beta,8,1.9768368159006062,37.903107462318594,-5.725640831467631,-22.754509056762533,35.03441875080541,57.788927807567944,-50.262467348088784,56.545219850899564
all_trials,6,both_feet_imagery,P5,central_12_13,8,31.322399436979047,78.82526793213013,10.795431633492438,-15.53880084421446,63.321435784227276,78.86023662844174,-56.185577690698786,163.22218331214322
all_trials,6,both_feet_imagery,P5,mu,8,9.988644362239373,44.14182660966195,5.391210476259213,-13.30501303277968,26.70532390279986,40.010336935579545,-51.19257409495505,85.83043433205452
all_trials,6,both_feet_imagery,P6,beta,8,22.81815609762514,41.926515911202124,18.99551142710802,5.544893790080671,36.7069336626117,31.162039872531032,-30.920135525095077,107.39189207131598
all_trials,6,both_feet_imagery,P6,central_12_13,8,17.189308081426134,78.27301057494286,14.583304747738154,-52.43830539503318,50.650421516183506,103.0887269112167,-68.98132656787462,133.00650814103335
all_trials,6,both_feet_imagery,P6,mu,8,5.51774892078873,66.27258995494061,-3.1304087447168256,-46.69803416206132,37.69725667698905,84.39529083905038,-68.77591412025365,137.31882324247798
all_trials,6,both_feet_imagery,P7,beta,8,1.3802085226291934,23.503473117452916,6.916926291720603,-2.102325184323934,14.956600193123691,17.058925377447625,-46.00861981227425,27.014475016118524
all_trials,6,both_feet_imagery,P7,central_12_13,8,31.34085773262531,78.08976200190658,7.555886501589921,-33.897925653088436,95.79081236737521,129.68873802046363,-45.47520616495553,149.46056720611793
all_trials,6,both_feet_imagery,P7,mu,8,-0.2484704063083445,37.962778645786095,-3.9545612530504872,-26.435649915142996,10.284775399235519,36.72042531437852,-43.72454676615554,73.26625246837793
all_trials,6,both_feet_imagery,P8,beta,8,29.765732899362675,39.36313379388891,30.788365064861157,8.691803303408037,42.94235637035414,34.250553066946104,-19.398135850111757,102.86648856099818
all_trials,6,both_feet_imagery,P8,central_12_13,8,24.562847196833587,84.28154171010365,5.787220602776941,-39.81753279381345,64.29046920068215,104.1080019944956,-60.383611862679736,163.59381233375677
all_trials,6,both_feet_imagery,P8,mu,8,10.905648550780498,68.26758238646931,7.6922140138127375,-26.45453233144986,21.686409832835174,48.140942164285036,-64.40993222793054,156.0439334992549
all_trials,6,both_feet_imagery,PO3,beta,8,10.138532961268174,40.59083358954312,13.626742116717224,-20.951852219734413,44.08538746294954,65.03723968268395,-48.83120147276351,58.3673625328626
all_trials,6,both_feet_imagery,PO3,central_12_13,8,37.73856337926789,94.21212348187106,5.870930353127992,-19.99679372867172,79.90460181537723,99.90139554404895,-62.21689645536987,232.37656637281418
all_trials,6,both_feet_imagery,PO3,mu,8,11.839084675717626,50.92553995887798,9.90084985762217,-31.405978614010802,49.26705445579023,80.67303306980104,-43.208108637827664,83.50530243029134
all_trials,6,both_feet_imagery,PO4,beta,8,23.481599513216295,26.27910290621407,17.21710861110251,6.744854921863891,38.65345021812571,31.908595296261822,-11.984361448599515,62.3011947624883
all_trials,6,both_feet_imagery,PO4,central_12_13,8,27.963379966900426,71.35162902059511,58.90392380650243,-39.644750187806075,74.1879071061366,113.83265729394267,-69.17481787625765,103.9932414498545
all_trials,6,both_feet_imagery,PO4,mu,8,12.36957869655141,59.59205634935544,27.37649719839653,-43.5439553822716,51.864630163026696,95.4085855452983,-64.0560957948024,95.82200769488612
all_trials,6,both_feet_imagery,PO7,beta,8,13.076175232050812,38.51943569617766,22.214468676453365,-11.435613135765752,41.93761780123664,53.37323093700239,-46.67900396828756,57.336173639602166
all_trials,6,both_feet_imagery,PO7,central_12_13,8,36.609377373847316,87.27849455777694,0.7893719124169949,-25.194560678110587,92.46907378456321,117.6636344626738,-53.478149513309866,198.99682105871642
all_trials,6,both_feet_imagery,PO7,mu,8,2.139110160286558,41.77142624786303,-7.828126797052516,-33.799252884651054,29.136258246884257,62.93551113153531,-39.07127655215278,67.09081667015701
all_trials,6,both_feet_imagery,PO8,beta,8,47.51727386928117,31.892941827386906,44.16843033065548,32.3319833466914,59.432002022690185,27.100018675998783,1.0951245146187354,109.20955484463668
all_trials,6,both_feet_imagery,PO8,central_12_13,8,37.48806531802861,73.58454528116795,44.92367999732401,1.0354558396281277,72.43409063121887,71.39863479159074,-65.76976879545366,157.7978284292704
all_trials,6,both_feet_imagery,PO8,mu,8,19.904178376463697,59.58888405490621,19.465352944581273,-17.66984861017993,70.9705788389881,88.64042744916803,-62.671759601859954,89.9506818283254
all_trials,6,both_feet_imagery,POz,beta,8,7.1149351467997715,35.560307358771475,-3.4734855527238526,-20.03880440681048,27.38404770657936,47.42285211338984,-30.21649628747063,59.86910165846776
all_trials,6,both_feet_imagery,POz,central_12_13,8,5.272706864952486,49.50788892001516,17.274306582692358,-42.44312693427689,37.18528659115109,79.62841352542799,-62.824150524671445,70.1062337805894
all_trials,6,both_feet_imagery,POz,mu,8,6.176508474184957,49.57259214410299,14.40867702826101,-33.20377046246514,28.11532883968392,61.319099302149056,-60.75676417282624,89.45131408554606
all_trials,6,both_feet_imagery,Pz,beta,8,-2.9973683123907144,20.71620548593158,-13.1991097793536,-15.090028105635486,13.569635475247061,28.659663580882548,-27.784551340526935,27.38340163715838
all_trials,6,both_feet_imagery,Pz,central_12_13,8,-6.429540037094729,36.15571608457831,-7.431420417710845,-22.522938155761988,5.61819555669466,28.14113371245665,-57.06168808655115,63.13224690178964
all_trials,6,both_feet_imagery,Pz,mu,8,-5.163353432716001,36.09996391340663,-4.133379770972856,-28.461518342123913,8.088219079316715,36.549737421440625,-53.11824637243604,64.20738786349743
all_trials,6,both_feet_imagery,T10,beta,8,0.9923592863988988,17.66874745957286,-0.7747959580009127,-5.202555980118621,3.9644691758046147,9.167025155923236,-23.6127276168017,36.88178179291119
all_trials,6,both_feet_imagery,T10,central_12_13,8,23.768729575408525,118.03868662712009,-3.1374534824613733,-49.0805570915024,20.29915818560661,69.37971527710901,-60.74077384015716,299.52215463382817
all_trials,6,both_feet_imagery,T10,mu,8,5.240406698881769,61.35396208161713,-14.271933580646,-43.075416277774465,26.8825901631671,69.95800644094157,-46.819278268062114,120.73606516866143
all_trials,6,both_feet_imagery,T7,beta,8,-8.462735842380352,23.071163164636324,-3.9627992299081924,-15.977953321919863,5.409262476972663,21.387215798892527,-54.74096128499049,21.023868579158275
all_trials,6,both_feet_imagery,T7,central_12_13,8,-0.17497832402497915,58.66636998310628,-15.530612841851156,-29.616776601155316,4.394735702951739,34.01151230410706,-54.7406739956167,135.55884082347157
all_trials,6,both_feet_imagery,T7,mu,8,-0.48022454571303363,41.8355289357043,-6.2558571315856195,-19.384386735510766,-1.0291024256063723,18.355284309904395,-38.46478748426976,95.41783234789541
all_trials,6,both_feet_imagery,T8,beta,8,11.235501327679794,16.152675322938368,11.015867055572272,1.96187786743529,21.688769099106736,19.726891231671445,-15.5743530814672,35.12614615897476
all_trials,6,both_feet_imagery,T8,central_12_13,8,23.59961923343443,132.4146399552477,-33.524143308006025,-43.6085439157465,9.44616395551627,53.05470787126277,-45.852538176395264,340.1187124048829
all_trials,6,both_feet_imagery,T8,mu,8,2.8143092805244336,62.03679773241471,-21.692842554530067,-32.85723892456772,4.121108427192999,36.97834735176072,-38.39332793791516,144.73464007594785
all_trials,6,both_feet_imagery,T9,beta,8,4.909285545105912,25.265223746918252,10.313637370497908,-0.7892881163171208,16.620829966312677,17.410118082629797,-47.81667505356273,33.6292121647135
all_trials,6,both_feet_imagery,T9,central_12_13,8,12.041772517066066,43.278647542967924,0.7335436808548401,-16.14661050013536,49.54841912892443,65.69502962905979,-38.43772160882413,73.6020487355314
all_trials,6,both_feet_imagery,T9,mu,8,8.703671991602018,36.46896185891929,-0.7336792806746137,-10.27046299151839,28.566762239064627,38.837225230583016,-40.56054653942922,67.68149683628431
all_trials,6,both_feet_imagery,TP7,beta,8,-3.9719839845380602,20.09273916876686,-2.5156376222672927,-12.70222689692025,9.330166360766736,22.032393257686984,-42.86827229544547,19.39550411199641
all_trials,6,both_feet_imagery,TP7,central_12_13,8,15.810527169278231,44.994171440250724,15.914732730112405,-23.100038798724153,57.09211825367602,80.19215705240018,-43.667301502785605,72.2099298444951
all_trials,6,both_feet_imagery,TP7,mu,8,2.368060872019142,32.66812705369603,5.686142558746361,-25.70081601326259,33.49914417372849,59.19996018699108,-39.70652355227406,38.75854919343761
all_trials,6,both_feet_imagery,TP8,beta,8,10.06526081403129,36.6186553847485,3.7216482188208424,-17.66598018284639,28.968493447703928,46.63447363055032,-29.002956743463006,71.6942666890627
all_trials,6,both_feet_imagery,TP8,central_12_13,8,28.57224284393054,125.42063544008214,-23.345977708544346,-33.05117621945476,16.580452031840252,49.63162825129501,-62.905009969759575,308.65444631898276
all_trials,6,both_feet_imagery,TP8,mu,8,11.728958163313495,88.31290446215294,-12.813889175290788,-30.931091884119112,2.7527710688864957,33.68386295300561,-48.32187238790118,225.32159267587818
all_trials,6,both_fists_imagery,AF3,beta,7,10.139501636665726,39.77428360679036,13.877522942008266,-18.560072680824867,22.731529922087972,41.29160260291284,-33.959245798387734,82.71531983051334
all_trials,6,both_fists_imagery,AF3,central_12_13,7,-8.999301579595107,45.476925080934826,-0.3911159494185615,-45.41224660074951,12.221020035066509,57.63326663581602,-63.22037978827734,66.99883781189617
all_trials,6,both_fists_imagery,AF3,mu,7,0.527311646655359,54.29174088996747,-15.124172296947524,-31.00020737656034,25.63129161429849,56.63149899085883,-62.590316253361955,92.14350160142067
all_trials,6,both_fists_imagery,AF4,beta,7,-5.559098861839496,33.16906483227378,-0.6253156503537701,-28.28863021193004,2.840319967894671,31.128950179824713,-43.08833501560275,55.69657912115078
all_trials,6,both_fists_imagery,AF4,central_12_13,7,-35.38149981239777,24.416275469760013,-39.64857832079567,-52.881836574478676,-27.1003290705269,25.781507503951776,-59.33130810657793,11.273719030600354
all_trials,6,both_fists_imagery,AF4,mu,7,-30.641093288125543,19.24895683255408,-37.34389004828476,-41.36518120764387,-28.858608077251453,12.506573130392418,-46.853460201767014,10.157275802963621
all_trials,6,both_fists_imagery,AF7,beta,7,10.229478445470821,39.439229655327466,18.56660376681496,-20.070216250991578,21.35804348610874,41.42825973710032,-31.65815404036262,82.12224492160907
all_trials,6,both_fists_imagery,AF7,central_12_13,7,-5.856221955288044,49.582813769404275,1.3988431858363255,-45.012328769834554,16.831498814446597,61.84382758428115,-64.4829501481903,78.45221318611358
all_trials,6,both_fists_imagery,AF7,mu,7,4.130384215030799,59.186801089681225,-12.299151624017812,-29.564253005731857,30.478575848838727,60.04282885457059,-65.84280382010498,105.22599926312462
all_trials,6,both_fists_imagery,AF8,beta,7,6.532472196174717,39.3336862026341,4.014852299627346,-23.72214172260226,32.38433249135452,56.10647421395678,-39.79388353570407,64.18195507179522
all_trials,6,both_fists_imagery,AF8,central_12_13,7,-16.41603077261947,19.782892539424108,-14.617108259253367,-31.357612384673875,-4.857419078337342,26.500193306336534,-41.220079840343615,13.355035617283107
all_trials,6,both_fists_imagery,AF8,mu,7,-17.039767207956867,15.598096802308588,-17.781334343473976,-30.443215141038447,-7.090374489447678,23.352840651590768,-33.856690550295276,7.426833699043422
all_trials,6,both_fists_imagery,AFz,beta,7,-10.320597239542101,35.63908382859403,-11.1709578703335,-39.25778718123926,15.60576919786622,54.863556379105475,-54.0974539605707,40.32826712085557
all_trials,6,both_fists_imagery,AFz,central_12_13,7,-36.5924837592861,38.44310225086869,-44.320765531654814,-59.34476521095033,-37.38478037445889,21.959984836491437,-65.08168873973402,46.714159127204574
all_trials,6,both_fists_imagery,AFz,mu,7,-25.932830341466936,28.399388217526933,-35.97050590460489,-44.13830208002329,-21.272385809773695,22.865916270249592,-47.811301278763516,33.07337057269385
all_trials,6,both_fists_imagery,C1,beta,7,16.224905126853937,35.1625133964895,-0.20385547576940788,-12.86016073721202,43.27650380472393,56.13666454193595,-16.836526099953563,69.78203132867671
all_trials,6,both_fists_imagery,C1,central_12_13,7,-25.061900308843377,33.230096649393325,-18.69278563363867,-45.02102383012047,-10.904415787662963,34.11660804245751,-71.99636448782786,27.106727195129764
all_trials,6,both_fists_imagery,C1,mu,7,-6.618246317263195,49.769221430822775,-24.29349475894374,-33.9513519102461,3.4485523056694074,37.39990421591551,-55.20835202784856,94.17972177510333
all_trials,6,both_fists_imagery,C2,beta,7,7.106076785815404,22.106024609662903,9.46595535672607,-7.624461082933114,21.10248140409946,28.726942487032574,-22.493674800335178,35.81421630198424
all_trials,6,both_fists_imagery,C2,central_12_13,7,-28.316320637085635,20.61829797042012,-29.893761576526764,-40.04025169717542,-26.350888405572032,13.689363291603389,-48.85625763755061,13.318054959972828
all_trials,6,both_fists_imagery,C2,mu,7,-20.45696350573197,30.163330674784625,-5.801836055621569,-50.49623682390891,-1.316844316946971,49.17939250696194,-53.40851490574645,19.637768702956006
all_trials,6,both_fists_imagery,C3,beta,7,-10.462070344421774,26.84244347353224,-16.683859836173994,-32.36510356300798,4.619750086257248,36.984853649265226,-34.31842854607156,33.2585029247946
all_trials,6,both_fists_imagery,C3,central_12_13,7,-55.80622829453229,21.51511228565903,-55.57490648782269,-72.20396796486438,-38.19988109369694,34.00408687116744,-83.40008605444633,-30.860907402334377
all_trials,6,both_fists_imagery,C3,mu,7,-43.468686431516076,22.20542728876644,-49.5430189357738,-53.20964720041482,-36.162115897876774,17.047531302538047,-73.75546936930505,-2.23879051895051
all_trials,6,both_fists_imagery,C4,beta,7,-0.8613382190752024,18.58497281906065,0.40628650289586876,-11.534890962855776,7.48892746249765,19.023818425353426,-27.19352049027632,28.84979345457029
all_trials,6,both_fists_imagery,C4,central_12_13,7,-44.2972123382324,29.685681005249855,-51.14653708787458,-58.96928259472867,-48.455750213032786,10.513532381695882,-65.15741030227593,21.073526638046623
all_trials,6,both_fists_imagery,C4,mu,7,-30.84923770720219,36.236556096646176,-47.19283683168655,-49.56320581131945,-32.74487580537122,16.818330005948226,-53.27556291065785,49.139899025310385
all_trials,6,both_fists_imagery,C5,beta,7,-5.011583166195927,22.023416967001314,-16.199404841373777,-18.760075293458726,2.965483608958909,21.725558902417635,-22.90768980225963,35.61519584926155
all_trials,6,both_fists_imagery,C5,central_12_13,7,-24.90049628927585,31.43105706142641,-11.928660405204244,-41.68240969661745,-5.794691641572929,35.887718055044516,-70.44431840563959,3.023707462293641
all_trials,6,both_fists_imagery,C5,mu,7,-25.251115304011872,25.226151005655517,-28.603350886358232,-35.46568918752596,-24.57074648623022,10.89494270129574,-54.68549037622445,26.603905482011932
all_trials,6,both_fists_imagery,C6,beta,7,11.895704710390378,29.76961997734931,11.905280460768683,-2.769313178343252,22.59958671137513,25.368899889718385,-31.860599281520038,63.56470472742023
all_trials,6,both_fists_imagery,C6,central_12_13,7,-21.461492559196493,32.10289514691603,-36.71104016012088,-44.32770513516837,-6.955632603745604,37.372072531422766,-47.254038731550814,36.301306455124205
all_trials,6,both_fists_imagery,C6,mu,7,-15.759133582145726,29.18952377464112,-28.511325905207226,-34.67718735168916,-9.413227912545198,25.263959439143967,-38.01444620221252,44.39266756086837
all_trials,6,both_fists_imagery,CP1,beta,7,25.945768133999913,38.70434988036835,38.97288829729968,-3.312776212662806,43.66106176229839,46.97383797496119,-24.34510197947809,86.29601952090663
all_trials,6,both_fists_imagery,CP1,central_12_13,7,-7.024659066268834,27.138340664079877,1.386913039869629,-17.074169089665553,10.849726929647394,27.92389601931295,-58.14549513169602,20.034852947980873
all_trials,6,both_fists_imagery,CP1,mu,7,8.960524981993538,55.67746594577016,-10.709659398590423,-27.876323740147406,43.37207109634867,71.24839483649608,-45.92641707952389,88.36825663966655
all_trials,6,both_fists_imagery,CP2,beta,7,10.86374426131628,20.643967534205135,4.05679024902427,-0.2135730944507369,11.670623485521894,11.884196579972631,-6.151954144667614,55.22727294271498
all_trials,6,both_fists_imagery,CP2,central_12_13,7,28.409268557025317,121.83618058006617,-25.337333756548446,-37.80650647554479,28.7004253790426,66.50693185458739,-46.885193200916326,289.2995690496464
all_trials,6,both_fists_imagery,CP2,mu,7,8.458958627916687,58.915050413075086,-11.961420095056795,-26.078706552242572,36.73780151776044,62.81650807000301,-64.02252555859803,113.87846611803589
all_trials,6,both_fists_imagery,CP3,beta,7,-13.393206457797502,22.40312264305045,-15.82905196304525,-31.783105393442987,6.037766412099947,37.820871805542936,-41.23141934005464,14.798704061203452
all_trials,6,both_fists_imagery,CP3,central_12_13,7,-42.09488277166073,18.160790685061084,-33.98277741788888,-52.97765242274911,-28.683448813556872,24.294203609192238,-70.2686452830365,-27.090554228087818
all_trials,6,both_fists_imagery,CP3,mu,7,-26.00207923857743,40.01106001675832,-38.191155977079504,-55.45113058273451,-10.791155265201743,44.65997531753276,-58.76990762558945,47.43108062849945
all_trials,6,both_fists_imagery,CP4,beta,7,-7.95735540932737,9.870177542853352,-9.410416615391071,-10.823070378399287,-2.510038181770491,8.313032196628797,-24.58321355823644,4.95835942867547
all_trials,6,both_fists_imagery,CP4,central_12_13,7,-10.407512381157947,88.6286504970513,-38.42685428380329,-59.282110849329214,-18.0228409651196,41.259269884209615,-65.21226638169999,185.39643762629527
all_trials,6,both_fists_imagery,CP4,mu,7,-13.409069109214181,57.86628814172343,-34.56790392046904,-50.702509691671,7.8531330113907245,58.55564270306172,-69.05082851785227,95.4540020343826
all_trials,6,both_fists_imagery,CP5,beta,7,-24.01747399387302,10.676173405279641,-22.14477728988535,-27.782380551847872,-20.759582623042107,7.022797928805765,-41.72250681672692,-7.171107500718908
all_trials,6,both_fists_imagery,CP5,central_12_13,7,-33.44025394221437,25.51327900410375,-27.165483747837417,-44.881154494411604,-23.062413319919308,21.818741174492295,-75.95541063741933,4.92625241841797
all_trials,6,both_fists_imagery,CP5,mu,7,-30.07862506409445,29.52166775569957,-36.85041114809657,-47.37589930313472,-23.771509396713878,23.604389906420845,-60.81550153800584,29.41035463713843
all_trials,6,both_fists_imagery,CP6,beta,7,0.656906768330919,27.432742810614823,-3.645454060458936,-19.566741834543215,11.95030209363587,31.517043928179085,-27.47993155932044,50.956612479910504
all_trials,6,both_fists_imagery,CP6,central_12_13,7,-38.00645744650553,32.006745652777646,-45.365777658576256,-59.09188735608534,-24.71293060145559,34.37895675462975,-73.56211401871397,20.492325466833382
all_trials,6,both_fists_imagery,CP6,mu,7,-25.98556787450121,26.622624646293552,-28.607617116520448,-46.43553753979856,-15.916279891556469,30.51925764824209,-51.70266351662467,23.114940374346695
all_trials,6,both_fists_imagery,CPz,beta,7,39.29616989281559,46.04662643672728,24.88741185819492,11.284390713595531,65.60502308397031,54.32063237037478,-8.583556978986998,104.9905067753695
all_trials,6,both_fists_imagery,CPz,central_12_13,7,21.904321357012545,60.358076460181906,27.19985854703484,-23.80880758613745,58.78120219631808,82.59000978245552,-50.308066265834576,106.49366799752633
all_trials,6,both_fists_imagery,CPz,mu,7,27.643558959102133,63.70022571630114,21.62245725698423,-23.381218688956228,86.56349394093789,109.94471262989411,-54.80348808185289,100.3213930346203
all_trials,6,both_fists_imagery,Cz,beta,7,22.98230632507107,59.23893802925252,8.185504625476815,-8.724240827313896,32.30128711306067,41.02552794037456,-35.65021372911891,141.18676080764604
all_trials,6,both_fists_imagery,Cz,central_12_13,7,21.453573409763493,69.54506034170429,0.24022080657441888,-9.178885379891163,18.80272274712369,27.98160812701485,-40.69513427589437,171.3822526031993
all_trials,6,both_fists_imagery,Cz,mu,7,18.67961845546827,76.5374200400619,-6.253344567451805,-25.961453831504233,19.39558062663678,45.357034458141015,-33.776521038036826,183.91894120350142
all_trials,6,both_fists_imagery,F1,beta,7,-8.782171241655325,44.18267262179223,-14.786260031948602,-38.19578505296634,9.397763610800782,47.59354866376712,-60.2451694550451,71.15227367973753
all_trials,6,both_fists_imagery,F1,central_12_13,7,-49.86999947276268,27.153978621994305,-55.83294987595685,-65.49395758599951,-42.89827052384952,22.59568706214999,-79.4125549627578,2.939964749073982
all_trials,6,both_fists_imagery,F1,mu,7,-30.219122948239228,33.36008066731238,-32.7548421414794,-53.18071960016218,-19.004078350159233,34.176641250002945,-66.89040394190619,32.480981346353836
all_trials,6,both_fists_imagery,F2,beta,7,-13.333012602757893,37.496366336373185,-16.294355534894922,-42.773378246669665,-0.11928465609282313,42.65409359057684,-47.66276742449738,56.41136054561202
all_trials,6,both_fists_imagery,F2,central_12_13,7,-43.62188087167816,33.37962992906256,-50.084505783498486,-62.65257000184392,-35.98879229697154,26.66377770487238,-78.8114904940756,20.825554773457938
all_trials,6,both_fists_imagery,F2,mu,7,-34.33056602446456,23.925722255827026,-38.826691906364914,-50.20629920897888,-25.226887498169347,24.979411710809536,-60.19248007357937,9.57158322298883
all_trials,6,both_fists_imagery,F3,beta,7,-16.148399868484937,32.10952169162757,-15.220390734891945,-43.51269562827799,-0.9037080374531459,42.608987590824846,-48.61977499660387,39.63417398356355
all_trials,6,both_fists_imagery,F3,central_12_13,7,-51.81272112884398,22.407267841094836,-49.28205838658889,-67.48196895602585,-37.78140468388295,29.700564272142906,-83.33329822396335,-19.546944011538027
all_trials,6,both_fists_imagery,F3,mu,7,-40.12039050735866,20.52467829388246,-38.17077200984606,-54.91127461993206,-23.370292807056025,31.540981812876034,-69.42978623580774,-16.67904045188061
all_trials,6,both_fists_imagery,F4,beta,7,-14.629267226727105,37.94897330854211,-20.013628475002808,-43.863464520667705,-3.342650993859416,40.52081352680829,-47.62276783152398,59.643756748491306
all_trials,6,both_fists_imagery,F4,central_12_13,7,-49.248300145238424,26.611561243159954,-51.1471268769621,-67.36066879448573,-38.728430619715795,28.632238174769938,-79.51583846519603,-1.89693684610777
all_trials,6,both_fists_imagery,F4,mu,7,-41.21365424972557,17.912937610961638,-42.94377180286424,-55.28203429217854,-28.464413011250393,26.817621280928144,-63.01448937997117,-15.044423958385751
all_trials,6,both_fists_imagery,F5,beta,7,4.253319733299736,30.927478153661955,-1.7933985011577784,-20.723667757764545,27.251430532114444,47.975098289878986,-27.912010170052934,46.42312125560907
all_trials,6,both_fists_imagery,F5,central_12_13,7,-42.01720900276233,13.272482917751807,-42.96982703953523,-51.72875339237251,-34.5269908078185,17.20176258455401,-56.25935383958337,-22.379793739835677
all_trials,6,both_fists_imagery,F5,mu,7,-18.410182374509503,35.49001266134245,-27.746782452834132,-35.17465043845813,-25.408020911323337,9.766629527134793,-40.67062628208657,60.71147481291711
all_trials,6,both_fists_imagery,F6,beta,7,-8.553861308450204,33.87165076678024,-19.793511089327883,-25.689328478497835,-3.9107534062275193,21.778575072270314,-42.49848292789368,61.61512862752085
all_trials,6,both_fists_imagery,F6,central_12_13,7,-34.45359089376404,32.38216902571179,-42.96719467784166,-57.22558435815181,-20.730073863100312,36.495510495051505,-68.10731091896616,25.81068578296384
all_trials,6,both_fists_imagery,F6,mu,7,-39.5798161844066,15.908152419133023,-38.01480071341888,-45.13788439856956,-31.519064483812294,13.618819914757267,-67.3466757601337,-18.383339052529976
all_trials,6,both_fists_imagery,F7,beta,7,22.83522823092556,45.72936001114438,22.453922675326382,-11.546173004087624,35.89696904708008,47.4431420511677,-21.446064573193706,110.13714742836127
all_trials,6,both_fists_imagery,F7,central_12_13,7,0.7246259387662946,37.7544725146785,-4.965155789167851,-32.38447112232063,33.40865003497611,65.79312115729675,-41.528516097894844,49.5176956331158
all_trials,6,both_fists_imagery,F7,mu,7,1.919134579913189,39.50604528090234,-4.548736803629588,-29.943983148892784,27.737425897454806,57.68140904634759,-42.160025956004404,64.55581932190226
all_trials,6,both_fists_imagery,F8,beta,7,4.765244622998006,41.26853069348738,17.13559169269185,-24.962365356804,29.95440440088404,54.916769757688044,-55.3927604886859,61.62980306882001
all_trials,6,both_fists_imagery,F8,central_12_13,7,29.74396409151177,58.827498171047814,21.272367674893395,-2.540623645583331,76.73468248168794,79.27530612727128,-60.97140654153281,99.5186698350126
all_trials,6,both_fists_imagery,F8,mu,7,-3.8501212587133518,26.81057406328965,0.6403487916886711,-18.9389033249526,16.66266593617594,35.601569261128546,-45.051267138489216,22.012544313360397
all_trials,6,both_fists_imagery,FC1,beta,7,-6.794932218162081,36.79359332721608,-20.42505999194767,-29.215679293196523,10.730961719686874,39.9466410128834,-45.172338500723384,55.002308112555795
all_trials,6,both_fists_imagery,FC1,central_12_13,7,-56.087770829956916,17.03446144222145,-53.14150325438333,-61.56392146498211,-47.87734824388879,13.686573221093319,-87.52904334307914,-33.061309794494164
all_trials,6,both_fists_imagery,FC1,mu,7,-33.35500677833402,23.92504923203663,-30.179664829843258,-40.56105144065215,-27.760858903036475,12.800192537615676,-73.59828494047426,6.936723009356585
all_trials,6,both_fists_imagery,FC2,beta,7,-9.829679175152263,28.308846706511297,-10.334985542403217,-30.251415012779113,3.0908135542852015,33.34222856706431,-41.93304284823469,37.781477081559885
all_trials,6,both_fists_imagery,FC2,central_12_13,7,-49.727863985138285,22.69082856539046,-51.45216868931071,-65.10843683826997,-37.90000687003039,27.208429968239578,-78.9210852395144,-11.704906550542168
all_trials,6,both_fists_imagery,FC2,mu,7,-28.481372082763393,19.446976861641243,-21.05829551761516,-38.90842356131283,-15.569532601048243,23.338890960264585,-61.34942851338594,-8.005968223620519
all_trials,6,both_fists_imagery,FC3,beta,7,-2.219638620502949,39.65180987118991,-22.102249738974674,-25.365640121009257,17.911369828703677,43.277009949712934,-36.737617601657774,58.210937581722966
all_trials,6,both_fists_imagery,FC3,central_12_13,7,-66.6025004622472,15.472695839283107,-69.20599913222246,-74.32914274802644,-61.375801307456236,12.953341440570206,-87.3106964589479,-38.29091953359472
all_trials,6,both_fists_imagery,FC3,mu,7,-50.05150997075879,12.584219749382425,-50.62996701040639,-58.12843651116584,-42.81188613296242,15.316550378203416,-67.32891906944582,-30.521038427202722
all_trials,6,both_fists_imagery,FC4,beta,7,-7.651498725446809,27.369498106530948,-11.626963754296039,-26.875506941887267,9.893318504002583,36.768825445889846,-38.054827071706356,30.085676623644087
all_trials,6,both_fists_imagery,FC4,central_12_13,7,-55.01416770730899,24.3414719269163,-61.75542186355852,-72.1624367914329,-45.79989634754607,26.36254044388683,-77.40172043237023,-10.01736537727623
all_trials,6,both_fists_imagery,FC4,mu,7,-43.97256288253677,16.312868109269118,-47.11561577924851,-53.91630094646845,-36.635632765412836,17.280668181055617,-63.729197138089184,-15.859259836657127
all_trials,6,both_fists_imagery,FC5,beta,7,9.240127496743611,29.369119900301143,7.208684181858796,-4.890282336775957,10.145793401613382,15.03607573838934,-23.214950664841997,70.17613683051363
all_trials,6,both_fists_imagery,FC5,central_12_13,7,-36.95669140498397,31.09622616807602,-42.519998329379526,-63.41642372454521,-15.15209109628278,48.26433262826243,-70.13759814531718,11.09778628146494
all_trials,6,both_fists_imagery,FC5,mu,7,-22.034095482516175,25.62943187167406,-21.78549959493914,-43.05725534562056,-7.532805827875973,35.524449517744586,-50.39530968130125,19.12226324562023
all_trials,6,both_fists_imagery,FC6,beta,7,10.902162436061454,28.75745249706257,11.0923721395809,-8.854741955511184,30.69275506392968,39.54749701944087,-27.280426672377214,48.827165368389494
all_trials,6,both_fists_imagery,FC6,central_12_13,7,-10.886494992839785,39.606742201956905,-25.06823742820669,-35.08999266388504,22.12028139002863,57.21027405391367,-66.33190453726229,41.1340995633033
all_trials,6,both_fists_imagery,FC6,mu,7,-23.38223436751139,27.860726111160343,-29.508566375165262,-45.6879899266261,-6.196863884545756,39.491126042080346,-52.72999055151032,22.33262397643955
all_trials,6,both_fists_imagery,FCz,beta,7,-7.120662044658398,25.827608386089526,-0.019784087619146157,-25.889443065748836,2.6635670058376144,28.55301007158645,-38.967976511786624,35.59487840661941
all_trials,6,both_fists_imagery,FCz,central_12_13,7,-34.439335210992375,33.29257458458031,-30.856895254441515,-55.451858838233264,-22.53323848733372,32.918620350899545,-78.27203731409247,24.02378074272136
all_trials,6,both_fists_imagery,FCz,mu,7,-15.210909338041072,20.85089950131786,-10.66027032314674,-19.71007382094434,-5.637746319460384,14.072327501483958,-55.88144514314077,10.760990380809464
all_trials,6,both_fists_imagery,FT7,beta,7,18.191956449114937,25.234539837268656,16.73753611440901,8.9216120896626,21.825984595492947,12.904372505830347,-17.25931019163489,66.37027585071934
all_trials,6,both_fists_imagery,FT7,central_12_13,7,11.234380961152382,34.1961258718329,5.658119696041815,-12.467159215987568,41.600070976749485,54.06723019273706,-33.784565029297866,48.5012885397989
all_trials,6,both_fists_imagery,FT7,mu,7,4.890773041811388,30.092630667867706,10.651166772589697,-11.384139432397179,19.585792418989122,30.9699318513863,-40.64645345139258,47.82739199829872
all_trials,6,both_fists_imagery,FT8,beta,7,10.586901729733366,32.87778014314582,12.960682144618982,-1.0068871015233354,23.02939663692002,24.036283738443355,-44.92660711624493,62.029218008966126
all_trials,6,both_fists_imagery,FT8,central_12_13,7,25.967347503577304,43.04200468245689,31.006503393006493,-6.317740676633927,57.35052744064989,63.668268117283816,-33.099457065203595,81.79881266920631
all_trials,6,both_fists_imagery,FT8,mu,7,2.449422510295365,35.964292464624975,-6.689488938428507,-23.029817979584408,34.66898961993107,57.698807599515476,-45.236041046970804,45.793144276773546
all_trials,6,both_fists_imagery,Fp1,beta,7,7.24016790528376,43.31623665272536,-5.170155531532257,-26.00272344212809,29.9938933991334,55.996616841261485,-35.24809180079104,83.11708275529901
all_trials,6,both_fists_imagery,Fp1,central_12_13,7,-5.320548018579152,44.585200802825725,-22.749919394253922,-36.23160717211517,34.37132946773195,70.60293663984712,-61.77798880393756,51.004627476903856
all_trials,6,both_fists_imagery,Fp1,mu,7,-5.260515993011718,42.59943273776642,2.6258718049261294,-34.857391108921604,24.07113487974879,58.928525988670394,-69.0516628401657,51.174691542503155
all_trials,6,both_fists_imagery,Fp2,beta,7,-4.596626272117433,17.616173854493116,0.8068919787091131,-11.543767497971096,3.867802826702224,15.41157032467332,-36.301318297955056,18.669971756961655
all_trials,6,both_fists_imagery,Fp2,central_12_13,7,-18.334621173556627,21.39545493201892,-26.883419605971994,-29.392227768599724,-11.610294781786662,17.78193298681306,-41.867378449229925,22.41349494107832
all_trials,6,both_fists_imagery,Fp2,mu,7,-13.699026160558935,18.380367164103617,-19.52518393764583,-28.195930736226707,-2.6065812300497275,25.58934950617698,-31.617083676033925,16.854108422320092
all_trials,6,both_fists_imagery,Fpz,beta,7,3.1502648460116243,29.252706908692463,9.131960723715281,-15.810914739219722,21.952029393417686,37.76294413263741,-41.398826757075106,42.03649064704527
all_trials,6,both_fists_imagery,Fpz,central_12_13,7,-9.614630123578848,37.48811372229177,-17.96328170011467,-37.72765115607464,12.458397496846828,50.18604865292147,-49.44273320713384,50.642111360652216
all_trials,6,both_fists_imagery,Fpz,mu,7,-10.936525305937844,26.211666354731875,-15.828160803059653,-28.007963052925177,6.537274383026716,34.54523743595189,-45.76488959447218,27.978750595763852
all_trials,6,both_fists_imagery,Fz,beta,7,-16.27017744313263,33.164790774533756,-15.791229622182312,-43.7161394580491,2.1186256798349676,45.83476513788407,-53.13225965902544,38.22727473570761
all_trials,6,both_fists_imagery,Fz,central_12_13,7,-46.03357119510157,26.30638026010864,-48.72081540217644,-60.868199631943355,-35.37271515478988,25.495484477153475,-79.1930426623423,-1.8393107277257954
all_trials,6,both_fists_imagery,Fz,mu,7,-28.323981696417118,28.29604403164957,-29.823901018070973,-48.689406007637984,-13.244858447829772,35.444547559808214,-62.608598488017115,18.03315654210381
all_trials,6,both_fists_imagery,Iz,beta,7,24.983952553267585,49.063074066471316,25.602369204667028,-9.307088122395962,57.22685372651011,66.53394184890607,-40.31928013095392,93.7650475909317
all_trials,6,both_fists_imagery,Iz,central_12_13,7,13.368296566237282,84.7669931496472,-27.142600740666243,-44.16062306231916,67.45019433005673,111.61081739237589,-61.66831889763704,135.8098530664891
all_trials,6,both_fists_imagery,Iz,mu,7,-19.616554235237174,26.01281559360679,-27.569330071172615,-33.74168972042165,-11.954198478728635,21.78749124169301,-48.58774783521109,30.23297465802404
all_trials,6,both_fists_imagery,O1,beta,7,35.824453677053754,54.441615211052266,49.72248507158946,-12.015267291675716,80.55908792072401,92.57435521239972,-34.742425163330545,98.7034745730208
all_trials,6,both_fists_imagery,O1,central_12_13,7,22.374900391353446,98.81751054866842,-22.311102332303985,-38.48378443796876,70.14707955990092,108.63086399786968,-60.192807782531375,175.80162261044518
all_trials,6,both_fists_imagery,O1,mu,7,-5.9116899412987625,50.27214075183305,-20.892408843958663,-39.33610047287184,22.263236957802675,61.59933743067452,-53.927323991265645,67.58363027627132
all_trials,6,both_fists_imagery,O2,beta,7,68.76912767267622,87.48428956895765,55.58912804892263,13.914329019937961,95.39935255597177,81.48502353603381,-26.25598034683216,233.42338285482361
all_trials,6,both_fists_imagery,O2,central_12_13,7,46.6482486366728,88.62394230311514,6.105128178014978,-11.608070569645173,80.04995060126993,91.6580211709151,-34.32545829551854,217.87431051096365
all_trials,6,both_fists_imagery,O2,mu,7,17.961271534814248,58.38651418301153,8.694074542015803,-20.45084239245284,30.317707921400043,50.768550313852884,-36.76430605220521,134.06540119599472
all_trials,6,both_fists_imagery,Oz,beta,7,30.986146170891175,53.520185888973096,38.064996975690185,-11.665497715974762,65.84583100870518,77.51132872467994,-37.18534831455908,107.66270794964625
all_trials,6,both_fists_imagery,Oz,central_12_13,7,15.68957507365011,81.54715497142382,-12.834899333614326,-25.9984288453417,34.93220501308964,60.93063385843134,-72.69835340890603,177.49272592257526
all_trials,6,both_fists_imagery,Oz,mu,7,-4.829215524978862,42.125659920614325,-3.070537900463666,-25.49907711151,1.376259546857388,26.875336658367388,-59.04368584538582,76.55535020030268
all_trials,6,both_fists_imagery,P1,beta,7,14.885665442455414,34.56430369805122,5.272054343553266,-2.0644244636287166,24.4289810312013,26.493405494830014,-26.457295994106705,80.65578661259617
all_trials,6,both_fists_imagery,P1,central_12_13,7,-7.861423700371133,46.017624932189385,-15.440987414026235,-31.12256529846431,4.882128997860761,36.00469429632507,-65.21018376541456,78.10207787804997
all_trials,6,both_fists_imagery,P1,mu,7,-1.3917449157969943,47.95472347473144,-24.6658505126961,-26.20359763124216,-1.9456680364233732,24.257929594818787,-32.37185653714405,103.59402397459226
all_trials,6,both_fists_imagery,P2,beta,7,18.663998644029427,28.143881025673913,10.921085871304596,2.832393816520673,25.169406685652746,22.337012869132074,-10.869083982357393,74.59238761491196
all_trials,6,both_fists_imagery,P2,central_12_13,7,14.934741279963474,77.0359479926572,-11.199388233594293,-35.91270393639522,48.737553853922115,84.65025779031734,-53.91121589777381,144.00409325605864
all_trials,6,both_fists_imagery,P2,mu,7,11.338148367148497,56.081520867588125,13.503172946161236,-36.5476476865013,58.82444357332456,95.37209125982585,-58.83817999909786,80.1484538493296
all_trials,6,both_fists_imagery,P3,beta,7,0.7514212792967239,25.385876472404952,7.029044154833412,-15.411526483182978,19.824748923638268,35.23627540682125,-38.82404034298911,28.22850026232219
all_trials,6,both_fists_imagery,P3,central_12_13,7,-22.84796468635671,42.50287900791223,-41.53519291340289,-48.99044507826441,-0.8401703369048334,48.150274741359574,-65.02431668301452,46.284987622258924
all_trials,6,both_fists_imagery,P3,mu,7,-10.523114689393704,63.921035952252204,-31.581952790113785,-41.299817561411075,-24.320584420917214,16.97923314049386,-44.04953626934961,133.21049019836403
all_trials,6,both_fists_imagery,P4,beta,7,15.34769353834073,22.51071844018389,15.005570786204594,7.78170799116633,31.989352271333612,24.20764428016728,-26.07256710606611,38.95873056324673
all_trials,6,both_fists_imagery,P4,central_12_13,7,8.92307464507603,71.78794442295344,-25.354213881306844,-43.6895609855935,58.97859368360167,102.66815466919518,-53.935087159255005,111.1727581600777
all_trials,6,both_fists_imagery,P4,mu,7,10.163424042158624,61.88663572121189,-19.384432993264006,-36.473882956332254,74.38050193758676,110.85438489391902,-60.43670270307037,75.15186602893573
all_trials,6,both_fists_imagery,P5,beta,7,-1.4448649979169044,22.52258539076115,5.231987818340224,-17.299521853278645,14.447949029590212,31.747470882868857,-33.68271670900091,24.039819552619214
all_trials,6,both_fists_imagery,P5,central_12_13,7,-31.505598563100072,30.89244309328079,-41.71821459480236,-46.473018971185866,-21.261669688073585,25.21134928311228,-66.9188266740555,23.56722864567624
all_trials,6,both_fists_imagery,P5,mu,7,-24.526459395812232,39.86057749470766,-34.47147008733051,-41.600133814529094,-29.909718749387956,11.690415065141138,-56.99415027898848,62.80010972346747
all_trials,6,both_fists_imagery,P6,beta,7,24.990690543682383,41.37189559071758,21.19481147021973,12.293683480926438,32.354694926799624,20.061011445873184,-36.55479528127832,100.99806080138313
all_trials,6,both_fists_imagery,P6,central_12_13,7,-0.29372591501550155,44.59802593644534,10.596733204523575,-38.852240862903216,28.5691147949313,67.42135565783451,-53.218060435283874,61.13149796159562
all_trials,6,both_fists_imagery,P6,mu,7,1.4289799677309385,32.855435767787675,-17.011496854930098,-24.4070021172574,32.138486091922275,56.54548820917967,-31.672139728615328,43.22352840833224
all_trials,6,both_fists_imagery,P7,beta,7,10.21028597813606,28.33494029876953,2.3703731491743567,-8.331957183856236,28.393317775293028,36.72527495914926,-25.55553601256082,54.53444352746532
all_trials,6,both_fists_imagery,P7,central_12_13,7,-36.593396619397694,23.231645566497505,-31.790275709949352,-45.17440688218581,-25.619959890098606,19.5544469920872,-76.63580462743917,-6.138962453826509
all_trials,6,both_fists_imagery,P7,mu,7,-34.87007034317676,21.597868814018966,-35.90868118678107,-48.26589283699555,-22.850720512237572,25.415172324757975,-64.21592134851083,-1.732663168479156
all_trials,6,both_fists_imagery,P8,beta,7,28.10699821799064,44.13453758761348,21.000946613229452,13.992557214231127,35.95914881688683,21.966591602655704,-34.887829747619655,110.73245859808875
all_trials,6,both_fists_imagery,P8,central_12_13,7,3.4512680384745784,34.64454328542376,-1.636511856821489,-19.331349609628507,22.724743259404857,42.056092869033364,-41.37442823854679,60.383029065137634
all_trials,6,both_fists_imagery,P8,mu,7,7.3514807909938416,18.363579561826146,3.211072848237741,-1.7453656666498647,9.059276456573524,10.804642123223388,-11.626229242914293,45.24770035178612
all_trials,6,both_fists_imagery,PO3,beta,7,17.62118340850392,28.84748587941247,4.216083678527157,0.19828334197462327,42.88437689269186,42.68609355071724,-20.581672743557398,53.54855245522473
all_trials,6,both_fists_imagery,PO3,central_12_13,7,-8.908975238722087,60.49639529146956,-35.8394695710809,-47.463767725079805,1.392525532003905,48.856293257083706,-51.0941977627991,116.71332504897718
all_trials,6,both_fists_imagery,PO3,mu,7,-15.742584102292001,36.85772845316519,-36.68679200260175,-38.89778980299542,11.008887307485171,49.90667711048059,-56.38556659406465,38.6520748716429
all_trials,6,both_fists_imagery,PO4,beta,7,66.11455041262805,56.56517879869906,65.68732823598693,40.399496836226945,79.30422615769179,38.90472932146484,-12.96991033036342,170.67698899493539
all_trials,6,both_fists_imagery,PO4,central_12_13,7,53.98369502939817,114.63743855511984,19.05710975037885,1.550775110994131,50.779464672062936,49.228689561068805,-46.72550969337775,300.89378558267197
all_trials,6,both_fists_imagery,PO4,mu,7,33.27642950783959,66.28853497233807,18.53546628836212,-4.9720109466042315,40.721586552623954,45.69359749922818,-28.470169442446704,171.3705584969222
all_trials,6,both_fists_imagery,PO7,beta,7,18.860150371409222,31.249917506665607,14.966263801616815,-4.6134960220783965,39.60460229516336,44.218098317241754,-17.84663806034051,64.91921431241832
all_trials,6,both_fists_imagery,PO7,central_12_13,7,-15.252003950479624,58.00655776932524,-40.28332631926706,-48.98398071506824,-4.8972090676513105,44.08677164741693,-57.10361839834202,98.38529662969083
all_trials,6,both_fists_imagery,PO7,mu,7,-26.209974427267205,33.166689738925385,-34.2548605757689,-48.91449143829409,-10.195224691372355,38.71926674692174,-63.49552183749736,32.499993681728746
all_trials,6,both_fists_imagery,PO8,beta,7,84.99358576530902,52.90531400323537,84.57094649158054,73.88040390951693,96.21921705069798,22.33881314118105,-4.731358446723747,174.9162703918765
all_trials,6,both_fists_imagery,PO8,central_12_13,7,87.78985271725472,74.75842577276272,85.28869880623894,56.161168214441545,102.03388167254768,45.87271345810613,-16.54287146678971,229.39304190735538
all_trials,6,both_fists_imagery,PO8,mu,7,49.720446482646246,34.995471092297464,37.820483392670845,33.193962278423854,55.1173072627888,21.923344984364945,12.068761684361096,121.53134121906646
all_trials,6,both_fists_imagery,POz,beta,7,22.2215437807201,41.47617095690888,9.731008316141958,1.7248804186601432,33.148568482572266,31.423688063912124,-26.950209903510085,103.02311024994403
all_trials,6,both_fists_imagery,POz,central_12_13,7,23.067329458464407,96.91667707923597,-11.539334476590458,-27.015473425267878,25.92795825564712,52.943431680915,-56.275735035736055,231.4614060608189
all_trials,6,both_fists_imagery,POz,mu,7,10.330045070630376,45.02199729179479,-4.817596406396974,-12.490264029032534,21.058025508107043,33.54828953713958,-39.04433205959041,99.036721002251
all_trials,6,both_fists_imagery,Pz,beta,7,14.555274352992553,27.936514721577012,3.072265273098644,-3.902704707759563,31.529882339936766,35.43258704769633,-17.38546020186513,60.94576013535996
all_trials,6,both_fists_imagery,Pz,central_12_13,7,0.5258716137440683,49.86190128956573,-3.5759173217690345,-34.71214972021177,19.670430966708512,54.38258068692028,-50.96326624514004,88.30372237012408
all_trials,6,both_fists_imagery,Pz,mu,7,3.437941393758872,34.63212445577609,-1.0282085742162828,-25.723691136744765,23.36233430497672,49.08602544172149,-25.996004245201654,55.81251623926613
all_trials,6,both_fists_imagery,T10,beta,7,17.267804026748703,22.885145632433982,10.693149123632713,0.8816517549640954,30.888296769964853,30.006645015000757,-4.454107679019009,51.09568969276931
all_trials,6,both_fists_imagery,T10,central_12_13,7,4.595470152822783,35.216816793295834,11.76568844279807,-8.850021090064818,19.75272529380039,28.602746383865206,-57.072401962824756,55.66959618231502
all_trials,6,both_fists_imagery,T10,mu,7,3.990842092691551,29.34655733666975,11.760213912199482,-4.443791538233026,21.170091578392388,25.613883116625413,-53.240155885936396,35.96323654225905
all_trials,6,both_fists_imagery,T7,beta,7,14.609992770572548,22.278220573541034,21.700027734163218,5.747753316084407,28.441355938705783,22.693602622621377,-26.397660218182473,38.589363368446705
all_trials,6,both_fists_imagery,T7,central_12_13,7,21.484664900135247,45.39113108281789,22.194145299173794,-13.838740415359293,57.87411518686662,71.71285560222591,-39.814148887684745,79.94190834644304
all_trials,6,both_fists_imagery,T7,mu,7,5.608592406187076,28.049945528329562,7.264156919311231,-14.009516339133395,17.23772484104929,31.247241180182684,-28.87161296633844,54.411185886504946
all_trials,6,both_fists_imagery,T8,beta,7,-5.771589453939555,22.528651554608413,-9.50006296617699,-18.35031865135266,12.193191460040751,30.54351011139341,-40.769198910134975,22.18239008135889
all_trials,6,both_fists_imagery,T8,central_12_13,7,6.06808266929453,45.74991611600837,5.010070454025294,-19.058689042268345,29.594817998173838,48.65350704044218,-59.7446844809468,76.13893480017224
all_trials,6,both_fists_imagery,T8,mu,7,2.5219571264595833,41.04128248267366,7.1905639507400965,-31.008801728621748,34.2749410561112,65.28374278473295,-51.31124095696844,55.24209823646652
all_trials,6,both_fists_imagery,T9,beta,7,26.31170011432963,30.651518451287167,38.2875013810829,6.89932070486246,48.224216955541934,41.32489625067947,-24.75115294567867,60.39847704409436
all_trials,6,both_fists_imagery,T9,central_12_13,7,17.16647397231785,50.77779258462785,4.584087393953446,-28.134926967129655,64.30948940692335,92.444416374053,-36.06357073663119,79.29567626931528
all_trials,6,both_fists_imagery,T9,mu,7,1.2681237303018909,29.806771435869386,-12.85404623994796,-16.709218956026575,13.797002617401356,30.50622157342793,-28.26194240207475,55.81728743138639
all_trials,6,both_fists_imagery,TP7,beta,7,6.382558989666291,23.943116230575832,-2.043061367287474,-12.275397971319219,27.00122934306853,39.27662731438775,-20.17020177289931,37.43951332435219
all_trials,6,both_fists_imagery,TP7,central_12_13,7,-3.2819809115115754,56.03490475798153,-29.502030734446045,-41.88104614089219,41.188717631094185,83.06976377198637,-63.832902420557154,71.74572379401816
all_trials,6,both_fists_imagery,TP7,mu,7,-10.730902531027553,27.33887401033151,-15.471533615289639,-27.18160871422201,-0.29167597896650044,26.889932735255506,-43.837422007000164,39.13920729147395
all_trials,6,both_fists_imagery,TP8,beta,7,17.556716090831635,48.89424169362113,5.1434773008691455,-7.513855985007705,11.446240287210857,18.960096272218564,-15.925319314695994,125.81408604524198
all_trials,6,both_fists_imagery,TP8,central_12_13,7,-19.460951906690987,32.22156363655242,-34.28104625000343,-40.51315503353704,1.8564826304694435,42.36963766400648,-57.20458527577049,32.57231298507219
all_trials,6,both_fists_imagery,TP8,mu,7,0.6367955907771833,23.82034447127096,6.993273268258366,-23.10678449217857,21.37925474376946,44.48603923594803,-25.72889272386933,26.64824808786946
exclude_qc_candidates,10,both_feet_imagery,AF3,beta,7,-4.246236804515881,38.996639072874686,-3.565121816498131,-37.16199176679905,24.132495852417414,61.29448761921646,-51.468378907618415,51.368834921268636
exclude_qc_candidates,10,both_feet_imagery,AF3,central_12_13,7,-19.38691900087639,57.99032543602462,-32.15504744592162,-58.47912023776555,-3.9378704805140163,54.541249757251535,-74.62545278776122,95.90604866410725
exclude_qc_candidates,10,both_feet_imagery,AF3,mu,7,-12.91404302698958,50.704268179837115,-24.922544078181435,-50.753805897332725,9.791294500727629,60.545100398060356,-63.18076934376552,79.63003502623008
exclude_qc_candidates,10,both_feet_imagery,AF4,beta,7,11.447183247577575,51.516673742574184,1.0254491201752967,-32.11716607980206,38.979069166556265,71.09623524635833,-33.917120497621404,99.29814793698071
exclude_qc_candidates,10,both_feet_imagery,AF4,central_12_13,7,11.070922197074001,80.58583346105155,-16.346087126409785,-55.79108474785035,65.77843951466653,121.56952426251688,-58.923469567290965,132.7913025395864
exclude_qc_candidates,10,both_feet_imagery,AF4,mu,7,-16.879722320744524,29.258340907173796,-27.293264562275702,-39.2382196942811,6.169406827996207,45.407626522277305,-50.5266908849827,25.799524934616517
exclude_qc_candidates,10,both_feet_imagery,AF7,beta,7,-3.2132638325405076,41.45999783820264,-1.8492029095697486,-39.10629372438038,26.876845598171215,65.9831393225516,-52.08796598802545,55.90321832222999
exclude_qc_candidates,10,both_feet_imagery,AF7,central_12_13,7,-18.567020675845566,57.10660114641706,-31.295271676003193,-58.61169065806106,-0.21223880253243554,58.399451855528625,-73.71250777311168,92.6864936393829
exclude_qc_candidates,10,both_feet_imagery,AF7,mu,7,-10.787088284298912,52.50653177768725,-21.76213858520571,-50.3716108830088,12.547950912464117,62.919561795472916,-63.10135231294249,85.00119284914518
exclude_qc_candidates,10,both_feet_imagery,AF8,beta,7,2.9334772678162246,31.12996269538913,-11.209624345761323,-22.9529883447777,30.366524074897004,53.31951241967471,-26.949333121111852,43.86622688134814
exclude_qc_candidates,10,both_feet_imagery,AF8,central_12_13,7,6.989807242162102,67.1713133832435,-9.856355968031114,-30.387814676640545,25.639490723454948,56.02730540009549,-68.30033047820578,136.5819850477428
exclude_qc_candidates,10,both_feet_imagery,AF8,mu,7,-7.322563847891684,44.79769450012429,-23.940539933831534,-33.97656688529866,11.306628021885082,45.28319490718374,-55.015996957869476,73.03846768328637
exclude_qc_candidates,10,both_feet_imagery,AFz,beta,7,21.689011316772866,66.55890043026311,-6.712134416198042,-23.92734534898466,43.22002278250879,67.14736813149345,-34.13515056180108,154.0850093283609
exclude_qc_candidates,10,both_feet_imagery,AFz,central_12_13,7,19.675178781679445,92.42662212036409,-25.045458802134775,-43.526615863729646,60.37698310847966,103.90359897220931,-65.63185644584613,194.702832230237
exclude_qc_candidates,10,both_feet_imagery,AFz,mu,7,-15.639155663189086,25.198717502555084,-14.36128230155976,-36.52613240965685,-5.6600080949840885,30.866124314672764,-40.40039431626127,29.659867984779314
exclude_qc_candidates,10,both_feet_imagery,C1,beta,7,-6.543441545187398,22.877943330341466,-6.093892660429204,-23.2846827832215,10.675688624727464,33.96037140794896,-38.19761279948172,23.705402960587193
exclude_qc_candidates,10,both_feet_imagery,C1,central_12_13,7,34.21537344530621,98.21928080954778,-3.4531125601606365,-8.080159660234187,9.498979917824133,17.57913957805832,-15.76039294881863,255.8834791109429
exclude_qc_candidates,10,both_feet_imagery,C1,mu,7,16.804427325326767,48.65740724275816,12.85748621860191,-12.833620936192027,20.637066468523567,33.47068740471559,-28.13454017847313,117.30115417249552
exclude_qc_candidates,10,both_feet_imagery,C2,beta,7,8.915086271967898,38.23442457170565,17.36008123459842,-21.951361164629404,30.424989979802664,52.376351144432064,-39.348642748529514,67.44690778735985
exclude_qc_candidates,10,both_feet_imagery,C2,central_12_13,7,78.59878509137825,78.6956373573165,86.62412892769599,8.603792879395524,133.99936854611326,125.39557566671773,-12.917077482093166,191.27812134302744
exclude_qc_candidates,10,both_feet_imagery,C2,mu,7,40.12662582159703,49.27095435109901,12.221695073923938,1.8945947410280857,84.52663246701817,82.63203772599009,-7.6556625106987655,103.47789377186152
exclude_qc_candidates,10,both_feet_imagery,C3,beta,7,-11.650447916985481,34.42080340389665,-24.73713045782845,-30.479303526522784,-13.534139278273251,16.945164248249533,-32.99560012324519,64.20648077176735
exclude_qc_candidates,10,both_feet_imagery,C3,central_12_13,7,95.25882539742966,195.61530414652674,6.801797252606918,-22.219212592213342,128.93481264704076,151.1540252392541,-54.42083551182318,500.99961593156905
exclude_qc_candidates,10,both_feet_imagery,C3,mu,7,46.22620638133799,106.04013107320911,17.621534304911037,-22.48721700003552,64.91549322556182,87.40271022559733,-40.06115622694982,261.1665141403521
exclude_qc_candidates,10,both_feet_imagery,C4,beta,7,0.2792753501595269,31.97348929575721,-8.381722394225188,-16.91652147661255,4.682749746582845,21.599271223195394,-31.108449407827234,65.91264271322852
exclude_qc_candidates,10,both_feet_imagery,C4,central_12_13,7,65.78171073072892,121.42590375121863,7.507305659839218,-22.2683459785475,121.14870567939889,143.4170516579464,-33.81989574062804,289.0238457941884
exclude_qc_candidates,10,both_feet_imagery,C4,mu,7,22.544223034817183,71.64964753646944,-5.225320334794829,-24.538896852317713,59.108645108511645,83.64754196082936,-38.998236281539626,132.89362134766688
exclude_qc_candidates,10,both_feet_imagery,C5,beta,7,-14.324033993871256,32.76062860437159,-19.952543174407495,-31.937622829610305,-11.082145269968585,20.85547755964172,-47.9518230187124,53.67566443517891
exclude_qc_candidates,10,both_feet_imagery,C5,central_12_13,7,37.311170815863775,113.8749598119057,-6.132059764642996,-40.26336474919027,87.12712165049722,127.39048639968749,-63.300068742486864,236.88281041556246
exclude_qc_candidates,10,both_feet_imagery,C5,mu,7,20.886177600146432,77.44295706907177,-11.770020413804517,-28.66063862673222,49.35101730281858,78.0116559295508,-52.86285434704411,169.45536060970093
exclude_qc_candidates,10,both_feet_imagery,C6,beta,7,-3.6234325120075055,29.477850747618128,-1.9050730746478506,-30.6734586750025,17.571194360050306,48.244653035052806,-33.15043401894796,35.896008139447666
exclude_qc_candidates,10,both_feet_imagery,C6,central_12_13,7,28.353475477786848,130.00240773000598,-36.34654102114811,-50.9915593705889,63.07599819580945,114.06755756639835,-64.7834027504515,275.43539446566643
exclude_qc_candidates,10,both_feet_imagery,C6,mu,7,4.49482316715652,69.27214557198518,-19.49502407764863,-47.74694167086527,44.065691928802636,91.8126335996679,-55.070652036231294,113.39193776810083
exclude_qc_candidates,10,both_feet_imagery,CP1,beta,7,-22.310660708758185,24.278878250127935,-18.771331022174937,-43.43418574322928,-4.588326265324586,38.845859477904696,-51.646551291202044,10.288281369177392
exclude_qc_candidates,10,both_feet_imagery,CP1,central_12_13,7,-27.911122184311076,37.43127690716195,-29.62846183838442,-59.50026151323394,-10.143377291281269,49.35688422195267,-64.49238875116359,38.03027290840087
exclude_qc_candidates,10,both_feet_imagery,CP1,mu,7,-23.29144572050095,27.085892582769883,-29.688035459124755,-33.318174377636545,-14.839964218625827,18.478210159010718,-62.40059397440528,25.36478658254811
exclude_qc_candidates,10,both_feet_imagery,CP2,beta,7,-5.143769178353521,18.600155502437822,-1.4015699153380534,-20.918234053426012,8.753728504544068,29.67196255797008,-28.835285187284896,18.559481951912197
exclude_qc_candidates,10,both_feet_imagery,CP2,central_12_13,7,-21.53495964885781,68.07902999064183,-46.55304641738726,-64.14679248483331,-8.474101962562099,55.67269052227121,-73.93939686945508,114.9895146396285
exclude_qc_candidates,10,both_feet_imagery,CP2,mu,7,-29.671282841893085,44.96395327996745,-42.12809130107321,-62.23261289692181,-9.423646234915186,52.808966662006625,-73.69612498121946,51.43775465271509
exclude_qc_candidates,10,both_feet_imagery,CP3,beta,7,-31.20019532361217,31.218908890691356,-38.508783086085764,-50.797463537497066,-20.541577753963743,30.255885783533323,-64.26764588034555,27.05314428406776
exclude_qc_candidates,10,both_feet_imagery,CP3,central_12_13,7,-4.258547954157058,56.313050361164855,0.27261496216558734,-45.03692211811928,35.51090227645139,80.54782439457067,-78.17018230728286,67.13977134935364
exclude_qc_candidates,10,both_feet_imagery,CP3,mu,7,-9.584948485338591,37.5688788172532,1.466867887727876,-34.31993429351831,18.307549198840874,52.62748349235918,-64.58419782269964,28.047460726956487
exclude_qc_candidates,10,both_feet_imagery,CP4,beta,7,-12.033611996153104,18.467220546986162,-15.374425996159605,-25.6650407659943,-6.8425594563290035,18.822481309665296,-28.035727057656008,24.19006952539048
exclude_qc_candidates,10,both_feet_imagery,CP4,central_12_13,7,-30.501097744757917,54.308175270755825,-47.27387605611292,-68.67912304903624,-14.835837481084436,53.843285567951796,-75.7605432808654,76.55665618391424
exclude_qc_candidates,10,both_feet_imagery,CP4,mu,7,-32.18220221481484,40.58051864793116,-30.46015566872251,-62.79141568305627,-14.345981486818374,48.4454341962379,-79.14209824733359,38.60163275210147
exclude_qc_candidates,10,both_feet_imagery,CP5,beta,7,-23.04652254498706,31.477492153165233,-28.83633248491496,-44.51870200666683,-7.4116482751142065,37.107053731552625,-58.66558815154523,30.036963385112834
exclude_qc_candidates,10,both_feet_imagery,CP5,central_12_13,7,25.95866701803498,92.16795196754389,28.22878682922935,-44.76499361254851,82.32200008197874,127.08699369452725,-79.99231073297696,158.36018009113198
exclude_qc_candidates,10,both_feet_imagery,CP5,mu,7,4.379045247920155,53.00092983896204,0.7830803629015779,-35.83469772761105,39.939681153286465,75.77437888089752,-62.403274898096896,84.06354441928559
exclude_qc_candidates,10,both_feet_imagery,CP6,beta,7,-3.2597821633036164,20.91174077480098,-4.855887914310663,-14.71104154994467,10.662963478058005,25.374005028002674,-35.75726668269061,25.89083559764929
exclude_qc_candidates,10,both_feet_imagery,CP6,central_12_13,7,-19.243214686646862,63.48432107831636,-41.779855260456415,-68.03819648309144,19.284615540401834,87.32281202349327,-81.02081552840046,85.60532986770806
exclude_qc_candidates,10,both_feet_imagery,CP6,mu,7,-14.025744218883789,65.73585366093383,-31.892866483680177,-58.33801965899222,2.827124639807593,61.16514429879982,-69.92045406363665,114.65490105349956
exclude_qc_candidates,10,both_feet_imagery,CPz,beta,7,-10.873357082510811,28.002142387288664,-15.347641467388316,-28.892720885907636,4.376324677621707,33.269045563529346,-44.358804924116306,32.625739230500784
exclude_qc_candidates,10,both_feet_imagery,CPz,central_12_13,7,-26.642599642783527,53.53853712375509,-45.514240858611,-62.87893876875422,-3.03507161456497,59.84386715418925,-78.44369676366837,69.28776088943306
exclude_qc_candidates,10,both_feet_imagery,CPz,mu,7,-29.468060237300573,29.207837642514438,-37.76329519790915,-52.095370377518066,-10.948871800288973,41.146498577229096,-60.27358458130145,17.848942473720662
exclude_qc_candidates,10,both_feet_imagery,Cz,beta,7,13.177125907255219,46.439618844466885,10.093011998889713,-22.488985521355847,47.102487796820974,69.59147331817682,-44.55337107316173,77.4732358741283
exclude_qc_candidates,10,both_feet_imagery,Cz,central_12_13,7,33.447936620262574,67.34926653324003,26.524544802319813,0.803995270700578,35.77622228304196,34.972227012341385,-39.37408494535632,173.82466137738945
exclude_qc_candidates,10,both_feet_imagery,Cz,mu,7,8.86161579357305,41.36532995895278,-3.9364621445464683,-11.269183526963692,24.096013080398706,35.3651966073624,-43.93793259093566,84.25204618362345
exclude_qc_candidates,10,both_feet_imagery,F1,beta,7,13.91428189883735,62.91829191924786,-5.556759138130914,-21.95179868830842,18.558444388968915,40.51024307727734,-37.98898849071585,147.7324295193872
exclude_qc_candidates,10,both_feet_imagery,F1,central_12_13,7,-1.838218774627612,47.24935083319367,-8.561674181147264,-28.630335088450074,32.90371017800415,61.53404526645422,-74.21506863125958,61.36246121090542
exclude_qc_candidates,10,both_feet_imagery,F1,mu,7,-12.45115335916965,29.525703804049197,-11.003687652679984,-37.347787115858395,3.091837525931792,40.43962464179019,-44.31281144664891,36.67032476499455
exclude_qc_candidates,10,both_feet_imagery,F2,beta,7,24.536610780238416,64.27592678755478,8.094832561816535,-15.294757136686707,44.112177272512554,59.40693440919926,-37.347724473862606,143.3743271020633
exclude_qc_candidates,10,both_feet_imagery,F2,central_12_13,7,35.90185844060935,90.32856542027481,12.945559251822214,-27.28416192601977,52.425032670295764,79.70919459631554,-34.37726023150744,222.4629685753987
exclude_qc_candidates,10,both_feet_imagery,F2,mu,7,-4.845657809204008,29.097911462068428,-16.253178588559496,-22.462880989859386,-2.50593373449004,19.956947255369347,-25.303543030909,57.57474640373929
exclude_qc_candidates,10,both_feet_imagery,F3,beta,7,13.800184020748926,47.82059768934248,-10.883510377410163,-18.428428098519955,43.60912294507725,62.037551043597205,-30.887015168446855,88.0104239979849
exclude_qc_candidates,10,both_feet_imagery,F3,central_12_13,7,18.26566823754468,75.44014562234459,-7.5268884952293895,-16.244450793307205,19.76171948235201,36.006170275659215,-49.687752231910544,178.03978101186308
exclude_qc_candidates,10,both_feet_imagery,F3,mu,7,-8.6290815370612,34.762382152025445,-17.398785855565517,-30.365937517624022,-5.648211274269041,24.71772624335498,-35.38292116881452,64.40643384873776
exclude_qc_candidates,10,both_feet_imagery,F4,beta,7,18.516276444022903,56.89367120073638,-6.363310734574507,-18.1435338268967,44.08752281611886,62.23105664301556,-34.43232616919844,118.52159403348895
exclude_qc_candidates,10,both_feet_imagery,F4,central_12_13,7,28.274673229864565,80.24631731858108,13.928995723749296,-24.67106397179287,47.219479385605396,71.89054335739826,-49.86836158761333,188.76524764529094
exclude_qc_candidates,10,both_feet_imagery,F4,mu,7,-7.397188935656764,29.283822739379413,-14.686622063885414,-21.320769643450074,-6.628063027526999,14.692706615923075,-35.19307438479122,53.99703924103343
exclude_qc_candidates,10,both_feet_imagery,F5,beta,7,-4.555610736851118,34.30344197019846,-1.7241418877958765,-18.5638183919465,17.911723289033453,36.47554168097996,-63.05428006146841,34.19333699713256
exclude_qc_candidates,10,both_feet_imagery,F5,central_12_13,7,-6.8120205098247215,78.26498774401065,-23.537099513711713,-59.808771263869346,10.36679950551941,70.17557076938876,-77.17922359201236,151.9161230536509
exclude_qc_candidates,10,both_feet_imagery,F5,mu,7,-12.201933815396924,36.823289445073776,-23.71164225547468,-35.70043012300965,9.489758455361553,45.190188578371206,-55.93103359305518,46.6504824760476
exclude_qc_candidates,10,both_feet_imagery,F6,beta,7,24.273857033708133,66.00750011084274,-16.113852462668756,-25.302889171356135,61.274373729930716,86.57726290128684,-28.596912163473036,142.68479474494956
exclude_qc_candidates,10,both_feet_imagery,F6,central_12_13,7,12.319988744459215,54.75145757262387,-2.964079555102626,-20.686877901676674,37.22419852312529,57.91107642480196,-49.395727930344,105.5250874537639
exclude_qc_candidates,10,both_feet_imagery,F6,mu,7,-9.892158179355036,18.505518590445252,-7.911376285144788,-19.348203125561817,3.458648992810642,22.806852118372458,-40.26802226935025,10.713399564512134
exclude_qc_candidates,10,both_feet_imagery,F7,beta,7,-3.3465518328012984,44.48202177812328,-11.904448982697094,-37.20951859282789,26.42777632808994,63.63729492091783,-55.41492997841888,65.45700066098279
exclude_qc_candidates,10,both_feet_imagery,F7,central_12_13,7,-7.647877302121638,57.398024666999255,-5.42535929451249,-47.152669980189145,17.48108735155218,64.63375733174132,-78.24624830728561,89.47963174422057
exclude_qc_candidates,10,both_feet_imagery,F7,mu,7,-9.993548181527732,36.37564497167421,6.496876293082525,-39.632092274961295,16.511137385580756,56.14322966054205,-62.21945258668404,32.00964880166847
exclude_qc_candidates,10,both_feet_imagery,F8,beta,7,7.3126498696102065,42.96827575559672,10.875630560627704,-22.79323252158848,19.874188023324972,42.667420544913455,-41.37231197825623,87.52331950142698
exclude_qc_candidates,10,both_feet_imagery,F8,central_12_13,7,11.560743009234184,66.29000328561695,-17.20087259651716,-37.531530203711,66.7945668586272,104.3260970623382,-60.10115521937085,99.70115557069487
exclude_qc_candidates,10,both_feet_imagery,F8,mu,7,1.3579330333893844,59.37150738419741,-23.960023850172757,-32.630713164612644,17.61314957681106,50.243862741423705,-55.317304209060175,118.81798646856178
exclude_qc_candidates,10,both_feet_imagery,FC1,beta,7,3.0654143667568863,49.27464080946871,-13.412244306529693,-20.759669313304702,0.7608614129203914,21.520530726225093,-35.56664301068076,110.43440368527727
exclude_qc_candidates,10,both_feet_imagery,FC1,central_12_13,7,23.67841808316499,52.716307924396695,20.35873341509899,-14.99730779408487,62.243457434534356,77.24076522861922,-46.73511649753976,97.63301038369673
exclude_qc_candidates,10,both_feet_imagery,FC1,mu,7,-0.9716910260156563,22.515301386855555,3.9842638655362657,-19.77765665946697,18.28057653524429,38.05823319471126,-31.60560452253686,23.81366372333636
exclude_qc_candidates,10,both_feet_imagery,FC2,beta,7,21.05194743926838,40.94230553364142,-0.895331925123899,-8.509847582978608,50.96162038653576,59.47146796951437,-16.224062384087425,79.57948077697563
exclude_qc_candidates,10,both_feet_imagery,FC2,central_12_13,7,59.02662605933961,32.903708778771104,60.869632966264454,31.04841805309627,79.982475873932,48.93405782083573,23.179886518738112,107.07507507631823
exclude_qc_candidates,10,both_feet_imagery,FC2,mu,7,18.768647685425442,20.76331757674038,20.364280262508533,1.4871311052916019,34.187809279992386,32.70067817470078,-6.862925883168122,46.5292986480697
exclude_qc_candidates,10,both_feet_imagery,FC3,beta,7,-2.2223191968621197,50.19699289109543,-23.17710874582686,-26.779874096458098,-3.426091425814538,23.35378267064356,-39.242973068530084,107.27577848086737
exclude_qc_candidates,10,both_feet_imagery,FC3,central_12_13,7,61.292735346879724,126.38630985967568,-3.905078495071379,-26.09298450585128,138.36948631850316,164.46247082435445,-53.00481011473817,261.4060324126639
exclude_qc_candidates,10,both_feet_imagery,FC3,mu,7,29.39509237927096,74.27385108910036,-18.920886878833826,-22.947029367281615,73.61227410725799,96.5593034745396,-31.327887686189275,154.6839317399671
exclude_qc_candidates,10,both_feet_imagery,FC4,beta,7,24.13353309456186,47.10774960811451,-0.12226677773364579,-9.735027015901181,48.283809553241056,58.01883656914224,-17.564343429873624,109.52377679486052
exclude_qc_candidates,10,both_feet_imagery,FC4,central_12_13,7,66.03864598192165,65.23453337975168,54.02615455034052,16.860178570573485,97.32517894255852,80.46500037198504,-0.021175817391771556,179.89482811423875
exclude_qc_candidates,10,both_feet_imagery,FC4,mu,7,30.001601133822366,37.45463103737399,28.57300578082074,11.458169345466397,37.48562154512894,26.027452199662548,-17.950199415786745,101.50081979053188
exclude_qc_candidates,10,both_feet_imagery,FC5,beta,7,-13.468425961755708,19.52364479184457,-12.878531723468786,-21.49031819273422,-7.319568927505497,14.170749265228725,-43.986670332397054,20.205994564055317
exclude_qc_candidates,10,both_feet_imagery,FC5,central_12_13,7,2.563499933479613,72.1682878322121,-32.6974645584937,-39.97912123595795,31.40281111650576,71.3819323524637,-69.09325803811281,136.88784236986817
exclude_qc_candidates,10,both_feet_imagery,FC5,mu,7,2.786607702909322,56.41242952361693,-19.495416873577646,-36.777010646577466,23.181804546556776,59.95881519313424,-45.7869593645374,111.97904235852168
exclude_qc_candidates,10,both_feet_imagery,FC6,beta,7,17.918666029184426,54.5858096611757,11.016323834470182,-19.77573873945215,36.28053601738246,56.05627475683461,-38.129364338473835,119.534108152434
exclude_qc_candidates,10,both_feet_imagery,FC6,central_12_13,7,44.371576550415405,129.31384600595683,0.20048054406216842,-8.503043853620277,18.473343889147426,26.976387742767702,-42.93872901176236,333.39868424955375
exclude_qc_candidates,10,both_feet_imagery,FC6,mu,7,10.116584472934907,46.26051436254975,1.7710177857623,-5.12953210516482,12.930161904520201,18.05969400968502,-49.276444772721035,102.72025869879234
exclude_qc_candidates,10,both_feet_imagery,FCz,beta,7,14.676861510552088,38.51197947327532,9.187566209673857,-11.89751002273119,25.147659689811473,37.04516971254266,-23.096042896728427,90.14620792675862
exclude_qc_candidates,10,both_feet_imagery,FCz,central_12_13,7,46.702113668678386,34.225258685941256,28.310034863226733,19.070268118412457,80.62697757465475,61.55670945624229,12.270581114731767,86.93968831665576
exclude_qc_candidates,10,both_feet_imagery,FCz,mu,7,18.039482528582145,37.58135461288327,2.9386664279802552,-4.302392065366989,34.900085069058974,39.20247713442596,-18.21368722594192,80.3560124906527
exclude_qc_candidates,10,both_feet_imagery,FT7,beta,7,9.675628650269488,46.58430713518682,16.71077235156141,-19.653188060816994,44.85551185124566,64.50869991206265,-62.14831446317977,62.76229508264745
exclude_qc_candidates,10,both_feet_imagery,FT7,central_12_13,7,18.284170602177316,78.02245085725676,-15.769514095438335,-22.723850956047478,58.53438935686148,81.25824031290895,-68.29912511970805,140.43675662875958
exclude_qc_candidates,10,both_feet_imagery,FT7,mu,7,-3.358666296714503,41.245385448564974,3.741253271045284,-33.02583221300905,23.056178780558128,56.08201099356718,-61.91897440588463,54.606363922739675
exclude_qc_candidates,10,both_feet_imagery,FT8,beta,7,-1.2431426078524836,27.737785374028697,-10.78380246264725,-16.096161847640197,18.757750930127585,34.85391277776778,-41.436702757343056,38.19532880004813
exclude_qc_candidates,10,both_feet_imagery,FT8,central_12_13,7,19.076118291934367,66.361472786121,17.728026256993886,-37.18723425097306,72.75244028731598,109.93967453828904,-60.88313310289639,105.55752281675727
exclude_qc_candidates,10,both_feet_imagery,FT8,mu,7,5.901207486796344,47.16495852166132,-1.2240306010072717,-13.769958409540532,24.691282225825894,38.46124063536642,-64.11284756427166,84.80268294028262
exclude_qc_candidates,10,both_feet_imagery,Fp1,beta,7,2.4571830358460653,39.180857759036385,-7.5424503038831014,-22.587536705460664,24.848642900700096,47.43617960616076,-46.37158249621682,66.59210166054352
exclude_qc_candidates,10,both_feet_imagery,Fp1,central_12_13,7,-15.348109551601224,44.8346364464031,-33.68032984771548,-42.24538645362256,-1.8311933553917985,40.41419309823076,-57.837308154819304,72.23403075935494
exclude_qc_candidates,10,both_feet_imagery,Fp1,mu,7,-11.051937962124443,56.75111922124128,-23.52065948662613,-45.120534021790036,-4.241609368615997,40.87892465317404,-60.490899176580584,105.37227970914769
exclude_qc_candidates,10,both_feet_imagery,Fp2,beta,7,-6.721316454830066,19.68515837872592,-14.34321099917331,-18.979040466077173,-0.7752229912072774,18.203817474869894,-23.406758553687652,30.209281283619408
exclude_qc_candidates,10,both_feet_imagery,Fp2,central_12_13,7,4.38744363945429,65.23245316075982,-5.732414125513938,-31.74539036266885,12.886774318865367,44.63216468153422,-61.592329428881364,135.7540811181823
exclude_qc_candidates,10,both_feet_imagery,Fp2,mu,7,-13.630594756951071,40.03593699936309,-35.38792114651647,-38.138719433619414,-1.0204706686354896,37.118248764983925,-42.96537428682712,61.257512339195905
exclude_qc_candidates,10,both_feet_imagery,Fpz,beta,7,-4.882883406179666,28.718540841067544,-13.07130555422286,-18.321865615686725,-1.1082372962357616,17.213628319450965,-36.31485205907628,54.06617959388646
exclude_qc_candidates,10,both_feet_imagery,Fpz,central_12_13,7,-4.161676120522608,57.39175282867147,-16.132867655348573,-39.41197510166256,8.282430711360352,47.69440581302291,-60.735088698216956,109.99531229051169
exclude_qc_candidates,10,both_feet_imagery,Fpz,mu,7,-16.285293863830837,40.9888675966798,-34.35843216874654,-39.335571235750166,-9.511811725444256,29.823759510305912,-46.09272555170124,64.14886659602078
exclude_qc_candidates,10,both_feet_imagery,Fz,beta,7,21.06134030494921,52.56971805899865,4.606637175271851,-13.99755684698186,50.4008850313803,64.39844187836216,-30.536086496335948,100.55217508691167
exclude_qc_candidates,10,both_feet_imagery,Fz,central_12_13,7,22.915571538235195,85.8321608310537,-3.411617213272797,-20.874547428099554,25.80766423726056,46.682211665360114,-52.946831601038504,206.90121596363568
exclude_qc_candidates,10,both_feet_imagery,Fz,mu,7,-7.240817211367529,36.2417062892518,-16.060679404345585,-27.778468388450754,-10.31311090787786,17.465357480572894,-30.91076458865586,72.46888210608597
exclude_qc_candidates,10,both_feet_imagery,Iz,beta,7,30.34043286936762,58.38365809963967,2.0492769724664583,-6.683988045731667,52.84696491267502,59.53095295840669,-10.55327968542605,128.56107906464624
exclude_qc_candidates,10,both_feet_imagery,Iz,central_12_13,7,76.99064430851844,106.75191828970567,41.090587865400735,24.31524702268615,68.13180567032205,43.8165586476359,0.6968094562130066,312.25300745199894
exclude_qc_candidates,10,both_feet_imagery,Iz,mu,7,24.588049629025882,24.844338316758503,34.547589233637495,4.452150141248477,45.79008550289443,41.33793536164595,-11.052577991623863,48.13686487288172
exclude_qc_candidates,10,both_feet_imagery,O1,beta,7,34.06171044638383,54.234263053240994,2.5103365967995974,-7.057453017234327,77.71869306613141,84.77614608336573,-18.614275529244665,113.2134319593377
exclude_qc_candidates,10,both_feet_imagery,O1,central_12_13,7,124.00528869463365,239.08489128409448,33.47424238591848,-30.014560696270074,160.80905676648695,190.82361746275703,-39.98398218486702,612.9577685209503
exclude_qc_candidates,10,both_feet_imagery,O1,mu,7,27.779054111540006,79.43837458565402,-20.700285984892513,-30.20246892581376,86.84216087299103,117.04462979880479,-50.526623136553354,152.40090400787136
exclude_qc_candidates,10,both_feet_imagery,O2,beta,7,36.25684789729844,56.80332871708674,33.96373600930536,-14.048447459823258,86.78721281487391,100.83566027469718,-30.03599964580975,104.39266820749216
exclude_qc_candidates,10,both_feet_imagery,O2,central_12_13,7,25.65301125773954,61.347077262406934,16.37392309367096,-12.71911949141382,53.52615297295122,66.24527246436504,-46.38276480096487,127.9658535483959
exclude_qc_candidates,10,both_feet_imagery,O2,mu,7,0.2370746720260846,38.03966159324492,-14.05817545095779,-31.768819681420176,31.787467699336567,63.55628738075674,-38.36859086770862,54.04899298701623
exclude_qc_candidates,10,both_feet_imagery,Oz,beta,7,33.80152170006582,69.17052432255781,9.067233545580736,-10.618185720964554,56.64038999933834,67.2585757203029,-33.31984988478093,168.81885968291337
exclude_qc_candidates,10,both_feet_imagery,Oz,central_12_13,7,47.08453402620006,132.59997784123024,0.7258617704136264,-19.50773388191555,38.61565925602833,58.12339313794388,-48.05372451784473,338.703750182606
exclude_qc_candidates,10,both_feet_imagery,Oz,mu,7,3.2082153825222126,42.45258741336359,1.6294186902539178,-23.076044390190166,24.64688049997263,47.7229248901628,-51.37369336040952,69.06011012824617
exclude_qc_candidates,10,both_feet_imagery,P1,beta,7,-15.812853559016192,31.31962908910604,-17.137553188089687,-38.789471611635996,-3.3888071613088817,35.40066445032711,-49.54111207085136,40.345247891717435
exclude_qc_candidates,10,both_feet_imagery,P1,central_12_13,7,-15.68787623319693,73.67062099409206,-22.290155460864792,-55.38303308777184,-18.74338650801407,36.63964657975777,-81.35508536112265,142.08294638118076
exclude_qc_candidates,10,both_feet_imagery,P1,mu,7,-29.74146096027309,40.24431857429443,-44.245363735337385,-50.12351862530042,-19.302125201311426,30.821393423988994,-74.5146997734661,49.42112444011552
exclude_qc_candidates,10,both_feet_imagery,P2,beta,7,0.11871971019056637,30.755466589020013,-8.933006243258411,-20.100459321593547,23.080303775285216,43.18076309687876,-38.130502219279215,41.93485752648825
exclude_qc_candidates,10,both_feet_imagery,P2,central_12_13,7,-27.138539905702437,45.153356122526056,-34.21279868903844,-56.0723179070786,3.460329468184561,59.53264737526316,-88.0062568768252,37.47325310373466
exclude_qc_candidates,10,both_feet_imagery,P2,mu,7,-35.598387784109335,35.152136795406136,-28.147568608082516,-61.74409544664405,-14.051329699297995,47.69276574734606,-84.77236297043211,15.322067381633381
exclude_qc_candidates,10,both_feet_imagery,P3,beta,7,-15.071580119072623,38.32455535961112,-25.717678617292837,-39.39208314880905,-3.456743844420459,35.93533930438859,-52.85772808126732,58.771999851510806
exclude_qc_candidates,10,both_feet_imagery,P3,central_12_13,7,-5.283188562003302,82.69772752105239,-11.415288633777212,-64.03376532979317,5.198714483427132,69.2324798132203,-73.23521851665087,165.33828890913702
exclude_qc_candidates,10,both_feet_imagery,P3,mu,7,-19.626214585042597,45.35960079387844,-29.82461163435298,-49.3782285612953,-4.680274245526915,44.697954315768385,-65.50085722090479,66.05897237360402
exclude_qc_candidates,10,both_feet_imagery,P4,beta,7,3.3560097878635906,27.23197558408864,9.05176140663148,-10.907451043346015,14.255770371743392,25.163221415089406,-35.684885990312694,43.42855444193159
exclude_qc_candidates,10,both_feet_imagery,P4,central_12_13,7,-31.654143033889515,40.05527982107325,-39.796536708977044,-56.83918288879078,-15.028561676697741,41.81062121209304,-78.56182035306799,40.51484495579549
exclude_qc_candidates,10,both_feet_imagery,P4,mu,7,-38.706561679963656,27.80554519028123,-33.7790443624741,-62.82692080335178,-19.199644787952163,43.627276015399616,-72.72748283186442,-0.3862733827991211
exclude_qc_candidates,10,both_feet_imagery,P5,beta,7,-4.648405389882113,44.44232533515148,-9.35935162401487,-38.15443942223641,8.989575134484708,47.14401455672112,-45.253887792208104,80.40413026255158
exclude_qc_candidates,10,both_feet_imagery,P5,central_12_13,7,38.34931887969838,145.09273055368928,-2.9719496976221977,-50.37994147875964,47.552373869443606,97.93231534820325,-69.87420601837846,346.9465230925214
exclude_qc_candidates,10,both_feet_imagery,P5,mu,7,-1.4371369830680092,61.60828659587816,-33.95220573925436,-45.829617620678704,31.19044118672144,77.02005880740015,-55.783112216447364,108.9537119421402
exclude_qc_candidates,10,both_feet_imagery,P6,beta,7,13.555805034961022,30.368358781174663,19.562755943141166,-4.068324482755857,35.27927204473025,39.347596527486104,-36.93566271406644,49.84164689170365
exclude_qc_candidates,10,both_feet_imagery,P6,central_12_13,7,-19.575316807214296,31.03988929180336,-27.217669715193985,-30.619593150618215,-21.152270186992737,9.467322963625477,-52.59553195936147,46.3297106992773
exclude_qc_candidates,10,both_feet_imagery,P6,mu,7,-23.472914165522663,23.18041647525452,-18.549284198416895,-45.189985134614616,-4.6078823081608125,40.582102826453806,-50.31810480157547,4.152724726884596
exclude_qc_candidates,10,both_feet_imagery,P7,beta,7,5.133855749843627,27.554647292368323,16.691043376986876,-17.97165544521567,23.282313655938363,41.253969101154034,-32.33285419579574,40.95748464626887
exclude_qc_candidates,10,both_feet_imagery,P7,central_12_13,7,61.87568455250645,125.45842318946558,41.81625941822102,-19.038605971015116,92.84850423636225,111.88711020737736,-64.21881497383603,307.91255089246584
exclude_qc_candidates,10,both_feet_imagery,P7,mu,7,5.089629702148228,47.75216339060405,-10.905912837571616,-24.42456605707266,31.240188999461846,55.6647550565345,-52.02647817553936,84.9285530433702
exclude_qc_candidates,10,both_feet_imagery,P8,beta,7,20.19754913856134,27.89591057017688,25.58648316874639,7.728300095657453,33.29149257604502,25.56319248038757,-27.220990972535855,60.9777664303139
exclude_qc_candidates,10,both_feet_imagery,P8,central_12_13,7,-4.68188001113384,29.371435426887725,-7.155740064251447,-23.855379525610743,10.055318263898616,33.910697789509356,-40.748243535516146,42.730946045254974
exclude_qc_candidates,10,both_feet_imagery,P8,mu,7,-9.129430918139773,31.59738454859866,-10.165928874073602,-31.703412170331788,6.626006577784552,38.32941874811634,-48.16191495237803,44.57663858456769
exclude_qc_candidates,10,both_feet_imagery,PO3,beta,7,8.330710174150774,39.18262604257784,8.896658123945844,-24.689086639919065,25.259055185363586,49.94814182528265,-29.792464338242524,78.07084034246306
exclude_qc_candidates,10,both_feet_imagery,PO3,central_12_13,7,59.07847016613754,165.79443175194805,12.273076463089264,-43.49865470287996,71.9579458744524,115.45660057733237,-62.91849324837292,407.2761256051016
exclude_qc_candidates,10,both_feet_imagery,PO3,mu,7,2.9462121335823404,64.5458007283576,-33.41766658894608,-43.77573490108372,38.338784394338646,82.11451929542237,-52.452598769714534,117.36765130722716
exclude_qc_candidates,10,both_feet_imagery,PO4,beta,7,29.037619629260956,58.193990552801154,19.261765576548573,-18.854087213962572,53.16761584009382,72.02170305405639,-18.990512699797378,134.365027275813
exclude_qc_candidates,10,both_feet_imagery,PO4,central_12_13,7,1.3069893496751075,62.75383401067425,-6.936419607255037,-40.66694244842862,20.23656636095202,60.90350880938064,-64.63784690084478,121.58394413077878
exclude_qc_candidates,10,both_feet_imagery,PO4,mu,7,-11.10978242825187,48.593704087677466,-24.69832346418785,-48.728606359009746,28.52110612864219,77.24971248765193,-69.13996306485204,56.484809992011925
exclude_qc_candidates,10,both_feet_imagery,PO7,beta,7,20.083766679121844,43.133123625854275,17.718881341249308,-16.451348452720595,48.057160179588834,64.50850863230943,-27.293618840811256,86.94948079967837
exclude_qc_candidates,10,both_feet_imagery,PO7,central_12_13,7,79.90964810467122,169.74075444916554,35.69621551189159,-42.74508310257397,124.91602363091363,167.6611067334876,-48.35855116297717,407.68799132710484
exclude_qc_candidates,10,both_feet_imagery,PO7,mu,7,10.656212837918464,65.6063505139163,-26.37049780881308,-35.275539928879915,48.79708409403631,84.07262402291622,-50.871881504049014,124.79278084797856
exclude_qc_candidates,10,both_feet_imagery,PO8,beta,7,27.00889263690406,52.11032369880696,7.53380568381463,-5.412782200587531,40.70863821538748,46.12142041597501,-19.332644300562606,130.2693750454765
exclude_qc_candidates,10,both_feet_imagery,PO8,central_12_13,7,5.18334434852426,50.92247081058513,-16.98072672759781,-24.714778382102416,23.855545459247757,48.570323841350174,-37.27632243533217,92.25892544830913
exclude_qc_candidates,10,both_feet_imagery,PO8,mu,7,-8.613250458367403,33.36649099911261,-22.358305336225403,-26.980806350490568,10.952071937996276,37.93287828848685,-51.91013557457193,46.0331565272141
exclude_qc_candidates,10,both_feet_imagery,POz,beta,7,1.6616084191698348,38.68628897710529,-6.491938761211581,-25.94763437792655,7.329907937752893,33.27754231567944,-26.01388310298394,81.37253367873167
exclude_qc_candidates,10,both_feet_imagery,POz,central_12_13,7,5.23271863638542,97.64024501818642,-26.897215430235505,-34.297159395442215,-7.702536467464141,26.594622927978072,-73.03284333876985,220.558480949516
exclude_qc_candidates,10,both_feet_imagery,POz,mu,7,-17.3911226177543,46.238969615769534,-31.16374836079493,-48.46357511255137,12.40348866085764,60.86706377340901,-74.88966571451866,56.435728654420934
exclude_qc_candidates,10,both_feet_imagery,Pz,beta,7,-11.120561704530386,28.354731995197362,-11.215107163262763,-31.464367843843966,3.812517365472278,35.27688520931625,-44.56320203047114,33.238078218764585
exclude_qc_candidates,10,both_feet_imagery,Pz,central_12_13,7,-22.430718190195048,66.0601397645638,-41.67571821967518,-56.352565871233544,-15.135704907961243,41.2168609632723,-87.61399713501503,115.25122958171445
exclude_qc_candidates,10,both_feet_imagery,Pz,mu,7,-35.88945715765945,35.00291221069874,-46.89599644907168,-57.62390469936835,-16.765861368012175,40.85804333135618,-79.79246502222249,24.24179350243905
exclude_qc_candidates,10,both_feet_imagery,T10,beta,7,11.484965204985892,26.988264372099596,10.9068224762693,-14.76228290030928,36.676024398816914,51.438307299126194,-16.459684010087837,42.12013497170451
exclude_qc_candidates,10,both_feet_imagery,T10,central_12_13,7,21.874777436443512,62.215828779455144,21.84955755287066,-26.637313808735634,53.59795823814571,80.23527204688133,-48.917509362857096,126.27010500627088
exclude_qc_candidates,10,both_feet_imagery,T10,mu,7,-1.9006006961772042,36.3240255738378,-1.8626901178606023,-25.007716973345484,28.379090894926758,53.38680786827224,-56.824933332659015,38.64067073411664
exclude_qc_candidates,10,both_feet_imagery,T7,beta,7,10.577832927124115,51.0845590370536,19.74270575209242,-22.863326109244305,41.80760365106718,64.67092976031148,-67.0739206116642,83.48749026579482
exclude_qc_candidates,10,both_feet_imagery,T7,central_12_13,7,30.014218824651575,43.67938284282317,45.316048349379635,0.4020947157502395,66.12281224882206,65.72071753307182,-40.10064830695123,71.83431780098802
exclude_qc_candidates,10,both_feet_imagery,T7,mu,7,-1.3423437978817094,37.59285431975619,6.8172320387752166,-30.114968590070276,31.43201889690308,61.54698748697336,-56.674962936229605,37.827223698616805
exclude_qc_candidates,10,both_feet_imagery,T8,beta,7,-14.528531743277394,17.065045974017774,-20.214435029756668,-23.695610159131174,-11.844168281963206,11.851441877167968,-31.09029705541457,20.684566764418243
exclude_qc_candidates,10,both_feet_imagery,T8,central_12_13,7,13.737123452271453,47.795922126376425,0.9382287950023127,-19.218581984836796,48.58067133246942,67.79925331730621,-45.28082695260667,81.77828362823927
exclude_qc_candidates,10,both_feet_imagery,T8,mu,7,8.63754185726811,35.58620428798108,6.122135391281606,-7.913481123335028,37.04142469178855,44.95490581512358,-52.2590317599072,48.34380223259532
exclude_qc_candidates,10,both_feet_imagery,T9,beta,7,17.771493377442457,57.58951080015974,40.650941125446884,-30.15288193941158,56.544223930909794,86.69710587032137,-60.93553196538233,91.90236049903623
exclude_qc_candidates,10,both_feet_imagery,T9,central_12_13,7,56.26122533383443,85.79507967157593,21.974883039818863,8.460118259975719,96.74610585572663,88.28598759575091,-36.786431472653945,198.22767753827145
exclude_qc_candidates,10,both_feet_imagery,T9,mu,7,-0.43378864076102225,55.48192871525018,-9.218963529719513,-27.719312955128956,4.011844859049006,31.731157814177962,-59.628397951362615,113.22577718791487
exclude_qc_candidates,10,both_feet_imagery,TP7,beta,7,14.569760979024467,41.10953479969916,11.025660878309823,-13.512116870361698,40.67571038775878,54.18782725812048,-38.92770705942482,75.56318599949212
exclude_qc_candidates,10,both_feet_imagery,TP7,central_12_13,7,64.08204369830271,87.56462810128622,49.54383062152781,6.415431186658598,119.9216071097712,113.50617592311261,-42.006933361953266,188.36333203568483
exclude_qc_candidates,10,both_feet_imagery,TP7,mu,7,7.676114323850093,40.76596584736255,19.275220473191528,-33.487897777397095,41.19051832445143,74.67841610184853,-36.13956451719346,55.19190321684392
exclude_qc_candidates,10,both_feet_imagery,TP8,beta,7,6.283985970130272,19.68752473275258,14.431785784232261,-3.8229193144076286,18.5806429464565,22.403562260864128,-27.253714849112324,27.294383591694217
exclude_qc_candidates,10,both_feet_imagery,TP8,central_12_13,7,15.42164177201634,58.887054408864486,37.524272097235304,-30.32937858130422,46.958626601959935,77.28800518326415,-64.75372250507058,101.9224467706382
exclude_qc_candidates,10,both_feet_imagery,TP8,mu,7,7.421021709633901,61.124974896493214,-5.333369640228961,-31.879900928737097,23.56854313835633,55.448444067093426,-52.85754320599974,126.76078039442756
exclude_qc_candidates,10,both_fists_imagery,AF3,beta,7,10.174658937869092,48.98981466040667,16.8694590002685,-22.835048014033134,25.959052614681585,48.794100628714716,-50.66634222844176,98.77148659196
exclude_qc_candidates,10,both_fists_imagery,AF3,central_12_13,7,2.518990864424801,73.17792677777491,-30.929774396896192,-50.503988920199035,30.134184761006168,80.6381736812052,-56.07002696154975,145.37234572780528
exclude_qc_candidates,10,both_fists_imagery,AF3,mu,7,12.141725526919005,48.78304780322561,6.768325586920127,-13.471969713814394,16.728576783814663,30.200546497629055,-40.623687983185704,112.33422694469807
exclude_qc_candidates,10,both_fists_imagery,AF4,beta,7,13.981206763562053,43.409448849794344,21.652636611810994,-18.3146680423723,38.698510103378275,57.01317814575057,-42.57265025051409,78.02077686162552
exclude_qc_candidates,10,both_fists_imagery,AF4,central_12_13,7,55.82908022621349,109.06927220198833,20.841852839240406,-7.826313883474682,99.60758070404137,107.43389458751605,-72.67353591805903,259.0727110211797
exclude_qc_candidates,10,both_fists_imagery,AF4,mu,7,27.77351440693763,73.69218031043482,-4.6616277349528605,-19.335349578636922,48.92685351403287,68.2622030926698,-35.89972864906898,175.79294936179335
exclude_qc_candidates,10,both_fists_imagery,AF7,beta,7,8.894791801824667,47.14797943193709,14.053543882633537,-23.238456759542053,29.43068207511829,52.669138834660345,-52.44722640650727,88.27277450549394
exclude_qc_candidates,10,both_fists_imagery,AF7,central_12_13,7,0.8662066066619916,68.94182192845342,-34.110635442686196,-47.63772659138782,26.882656454969926,74.52038304635775,-54.009391393069905,135.6936133552258
exclude_qc_candidates,10,both_fists_imagery,AF7,mu,7,13.285698186475724,47.94241288184915,2.006742513789994,-7.979499802993968,15.135863350249021,23.11536315324299,-37.0023360141411,113.68275371117106
exclude_qc_candidates,10,both_fists_imagery,AF8,beta,7,2.463822941816726,40.786283105139596,3.878121928007038,-21.280707784387353,27.312394081519606,48.59310186590696,-58.6324674490897,59.93773351953525
exclude_qc_candidates,10,both_fists_imagery,AF8,central_12_13,7,87.84690138825911,122.11542522620348,161.17856514580467,-27.767262748424088,177.74639376305973,205.51365651148382,-66.0365638502787,219.82804639301668
exclude_qc_candidates,10,both_fists_imagery,AF8,mu,7,40.88606777657479,76.85304063589375,48.40615385971856,-32.65936677434006,108.06542073321364,140.72478750755369,-44.388479082177355,131.37269174073515
exclude_qc_candidates,10,both_fists_imagery,AFz,beta,7,26.863142223159766,64.36715426199746,-7.071369692995289,-26.119152295046995,88.75273838656759,114.87189068161459,-36.72069495717515,106.56688802924764
exclude_qc_candidates,10,both_fists_imagery,AFz,central_12_13,7,67.80887100007554,122.50518364819987,6.996046739240426,-11.793368524866386,140.403867718177,152.1972362430434,-66.30160485324905,276.74665672791616
exclude_qc_candidates,10,both_fists_imagery,AFz,mu,7,41.19234673004751,75.2344121405918,6.827337268846287,-0.5012528140619998,74.49073223709527,74.99198505115727,-32.51100247783231,166.051133473252
exclude_qc_candidates,10,both_fists_imagery,C1,beta,7,2.519751208328929,35.10007296366369,-8.443470444454462,-21.129778933244996,20.996804274568248,42.12658320781324,-37.739497571718815,64.08717579182927
exclude_qc_candidates,10,both_fists_imagery,C1,central_12_13,7,4.575322424768241,51.62316642688573,15.793909722235693,-40.225054683855745,43.28048563739226,83.505540321248,-61.050206950027764,71.17269229409673
exclude_qc_candidates,10,both_fists_imagery,C1,mu,7,9.846123177225113,40.88481191386726,-1.5727769236670568,-14.743621831549081,36.044921564742864,50.78854339629194,-42.1531367495234,70.04617644737868
exclude_qc_candidates,10,both_fists_imagery,C2,beta,7,0.6777396461958772,19.933442629898384,0.3419277826700465,-7.825165654353565,11.494826665814266,19.31999232016783,-30.87239730098189,27.93532501876159
exclude_qc_candidates,10,both_fists_imagery,C2,central_12_13,7,24.947810465427672,91.18396321015715,-1.5533040475983402,-54.913308643487404,104.6005202279641,159.5138288714515,-67.64000564268571,144.4535597793244
exclude_qc_candidates,10,both_fists_imagery,C2,mu,7,14.702450411220921,76.68743177266715,-24.34203538158388,-35.68108702344509,41.04310137338338,76.72418839682847,-49.836072878074205,166.37123243832792
exclude_qc_candidates,10,both_fists_imagery,C3,beta,7,8.161777779734349,45.50845512142706,2.1608691622277356,-27.570052129315506,36.482200295457005,64.05225242477252,-38.4872264423966,75.6345054060263
exclude_qc_candidates,10,both_fists_imagery,C3,central_12_13,7,-19.120695664664964,48.93989015774149,-24.30969850701299,-50.066164221612716,4.765978425646512,54.83214264725923,-81.37251613057349,62.43771657686413
exclude_qc_candidates,10,both_fists_imagery,C3,mu,7,-5.350284216073104,45.039744263700435,-0.6749558828620312,-32.56283025820187,19.63558397843069,52.19841423663256,-68.94274805655407,58.02020698644673
exclude_qc_candidates,10,both_fists_imagery,C4,beta,7,-14.108566428198591,18.381670565077446,-7.846635856945065,-26.064222928111732,-4.451464246832532,21.6127586812792,-42.44726599635555,12.565311205799002
exclude_qc_candidates,10,both_fists_imagery,C4,central_12_13,7,-8.4317488964971,72.71892669483708,-54.556749794538355,-67.08562748156507,59.674434456909864,126.76006193847493,-73.99894334493395,84.35583691330302
exclude_qc_candidates,10,both_fists_imagery,C4,mu,7,3.458873946945555,67.03328411183779,-10.46775515264348,-52.96040714196797,56.4076182081994,109.36802535016737,-69.752149123811,97.5375997726105
exclude_qc_candidates,10,both_fists_imagery,C5,beta,7,24.950611478926938,35.019811228258696,15.513528984177135,1.4193610187711565,48.34312327479776,46.923762256026606,-14.37194931059967,73.98773209177325
exclude_qc_candidates,10,both_fists_imagery,C5,central_12_13,7,33.75105681259959,112.89725454295798,0.19738634320286022,-27.16468976213953,34.05765341184626,61.22234317398579,-53.868236139715435,276.1423201852962
exclude_qc_candidates,10,both_fists_imagery,C5,mu,7,38.88631819412156,93.9694807664204,16.372121032475675,-0.9040414202373412,37.01030914245666,37.914350562694004,-55.15152106581728,238.7710919477539
exclude_qc_candidates,10,both_fists_imagery,C6,beta,7,10.300188381075923,39.319264241372636,18.015367508581583,-22.868784625908276,30.205885858244088,53.074670484152364,-34.88625226707167,74.29800096134993
exclude_qc_candidates,10,both_fists_imagery,C6,central_12_13,7,41.73123287801274,50.624091989476284,51.57538742341987,7.205978340877309,61.32043672391991,54.1144583830426,-20.657594382738697,124.14800697581353
exclude_qc_candidates,10,both_fists_imagery,C6,mu,7,38.27307325747257,51.79112237534362,46.05017212586321,-4.501907719000561,76.64082313500458,81.14273085400514,-25.969582209379478,103.55309205381624
exclude_qc_candidates,10,both_fists_imagery,CP1,beta,7,25.460184307247516,54.553143567095624,16.281993974648284,-8.2850839538369,44.55083337296417,52.83591732680107,-36.562854696590776,125.97065203442055
exclude_qc_candidates,10,both_fists_imagery,CP1,central_12_13,7,72.09851502009316,103.34671113335298,73.18312415263051,31.477172841338778,96.80601751879442,65.32884467745563,-81.76234807894404,256.70244834669927
exclude_qc_candidates,10,both_fists_imagery,CP1,mu,7,44.7068629729098,79.10116430332928,38.764940109070224,-11.40636276342474,111.5378008008669,122.94416356429164,-64.51380294764371,138.4340275740578
exclude_qc_candidates,10,both_fists_imagery,CP2,beta,7,-3.275706856142232,31.472892823226175,-7.855569559153835,-20.99824992866519,-2.470418218128839,18.52783171053635,-30.810347417001353,62.673305276747634
exclude_qc_candidates,10,both_fists_imagery,CP2,central_12_13,7,35.35189962614551,84.41452932764366,24.243816530778563,-27.348528327440576,84.90569641017575,112.25422473761633,-60.5767882645548,168.68193295132448
exclude_qc_candidates,10,both_fists_imagery,CP2,mu,7,33.79416036275696,70.87664199019287,9.327499704890183,-6.582950055274969,68.60740454425746,75.19035459953243,-54.956029048163586,158.1387429046071
exclude_qc_candidates,10,both_fists_imagery,CP3,beta,7,33.98567461897153,52.20271776656028,47.41649281855253,-0.0455475195775783,70.13497841345534,70.18052593303292,-44.37151429251066,94.67588201900331
exclude_qc_candidates,10,both_fists_imagery,CP3,central_12_13,7,57.44541480601879,66.39384867598143,68.94222807660621,56.4317921780523,96.48803462253477,40.05624244448247,-84.02019558408578,111.356217548437
exclude_qc_candidates,10,both_fists_imagery,CP3,mu,7,30.088041056360957,49.39996367920926,46.25145912071618,22.031827793156776,57.005941748544714,34.974113955387935,-71.90650027933067,78.1957894697382
exclude_qc_candidates,10,both_fists_imagery,CP4,beta,7,-0.44828669670207105,50.26477992299758,-11.44918365997849,-24.722511577542882,-5.452782461549545,19.269729115993336,-41.10210033030983,109.76386519155868
exclude_qc_candidates,10,both_fists_imagery,CP4,central_12_13,7,24.52804562594011,95.62837040832605,-35.13171451305147,-40.53480151264347,87.55437841026227,128.08917992290574,-56.31859366145101,169.10747376084564
exclude_qc_candidates,10,both_fists_imagery,CP4,mu,7,38.09953442185173,96.39870693450834,-6.674760281298363,-25.037250717233743,81.39015809275371,106.42740880998745,-50.79916810603072,211.4648545892513
exclude_qc_candidates,10,both_fists_imagery,CP5,beta,7,16.949659671135485,41.72778285572786,26.250812277498753,-7.447067935386077,30.84323092656448,38.29029886195056,-37.563451357604954,83.16793079569779
exclude_qc_candidates,10,both_fists_imagery,CP5,central_12_13,7,69.35598452567639,102.095154888236,45.76234448734522,18.973882561097778,118.69023172000033,99.71634915890255,-75.38192250489836,239.78324113509169
exclude_qc_candidates,10,both_fists_imagery,CP5,mu,7,36.465860090931976,66.99958358531795,31.807194014910156,2.0746149778259984,72.82470586118163,70.75009088335563,-58.99046316398988,132.6456481075883
exclude_qc_candidates,10,both_fists_imagery,CP6,beta,7,10.097701123004594,54.551598984770564,0.0459656760062189,-38.23415652004475,53.15901094604642,91.39316746609117,-46.237391131881765,87.02562446490435
exclude_qc_candidates,10,both_fists_imagery,CP6,central_12_13,7,25.324436968896897,50.64535451715241,17.75468716852395,-10.763493042735899,44.5514890971732,55.314982139909105,-25.565131121550582,117.50551062643031
exclude_qc_candidates,10,both_fists_imagery,CP6,mu,7,37.757964535551345,65.61133508878073,19.37858603749665,6.422368069629796,41.073418002863896,34.6510499332341,-25.837621480816825,175.77321504719214
exclude_qc_candidates,10,both_fists_imagery,CPz,beta,7,5.41941364809469,32.98979293924767,-0.2493336163622089,-18.057711417052317,16.007376690753574,34.06508810780589,-26.830491173927992,69.11638977955052
exclude_qc_candidates,10,both_fists_imagery,CPz,central_12_13,7,59.4858010724841,93.46067090581028,62.123601372071114,9.020196133997459,104.40953219165354,95.38933605765608,-74.43636038601183,201.8539098700274
exclude_qc_candidates,10,both_fists_imagery,CPz,mu,7,39.65491371754433,66.94353375835735,70.04099337537058,-19.02160820971113,90.8985975711532,109.92020578086434,-46.00561416708351,109.79503809163911
exclude_qc_candidates,10,both_fists_imagery,Cz,beta,7,-9.159980846406228,30.919881631119427,-21.574487179028296,-31.747702958834623,3.093320092441539,34.84102305127616,-34.16031413657329,48.92370112354414
exclude_qc_candidates,10,both_fists_imagery,Cz,central_12_13,7,18.443514245004206,70.84071819758292,17.899838793274583,-32.033182643833,38.638541133479535,70.67172377731254,-56.57025676681499,154.56430070927678
exclude_qc_candidates,10,both_fists_imagery,Cz,mu,7,5.039136069377816,34.50550316744937,-4.800793756949533,-20.5744351176907,21.571783793911635,42.14621891160233,-29.77513921558903,67.8551881057414
exclude_qc_candidates,10,both_fists_imagery,F1,beta,7,31.0648233356438,89.01361367410564,-15.426401438613727,-30.331262720871962,89.48199823571608,119.81326095658804,-61.3073282760423,175.8860220344744
exclude_qc_candidates,10,both_fists_imagery,F1,central_12_13,7,41.46044878328856,117.89788763439948,23.715154878567454,-43.06373144243729,81.78661346654327,124.85034490898056,-69.35825170390517,258.4204742601457
exclude_qc_candidates,10,both_fists_imagery,F1,mu,7,20.192157862850088,70.85789829298143,-15.05460736831012,-32.63906266944168,74.65970147642196,107.29876414586363,-49.589319411449594,121.94775420574977
exclude_qc_candidates,10,both_fists_imagery,F2,beta,7,22.51050826404551,54.92175892740936,13.077294087536453,-11.337328800729574,43.439841174355905,54.77716997508548,-43.11370417338624,123.40494318691567
exclude_qc_candidates,10,both_fists_imagery,F2,central_12_13,7,42.938970440453886,123.79862286695636,24.373593171585245,-28.495653169907982,53.74016184402125,82.23581501392923,-74.96871402576564,300.67889658913106
exclude_qc_candidates,10,both_fists_imagery,F2,mu,7,23.18725913710588,77.23837141424039,-7.789215255073562,-15.721988599021515,37.37283749024553,53.094826089267045,-47.601854544927555,174.40018597729426
exclude_qc_candidates,10,both_fists_imagery,F3,beta,7,21.750568466803067,62.48905757874325,-1.3110385799099815,-21.95177135965164,61.50794646768692,83.45971782733857,-49.00454301428379,123.4572106457447
exclude_qc_candidates,10,both_fists_imagery,F3,central_12_13,7,35.67889760673332,139.94662163273927,4.387619724900701,-36.8342321386423,27.674488431123514,64.50872056976581,-76.17324689967965,339.8573978369498
exclude_qc_candidates,10,both_fists_imagery,F3,mu,7,17.875830242123193,84.23777226863264,-18.163905050672792,-33.803739440950565,37.782423290231996,71.58616273118255,-53.27231474540216,188.60966379237445
exclude_qc_candidates,10,both_fists_imagery,F4,beta,7,23.771070911076283,58.88743603855469,22.063651779355325,-17.347695560070083,48.44526828398437,65.79296384405446,-46.371805372606005,128.5105045229561
exclude_qc_candidates,10,both_fists_imagery,F4,central_12_13,7,45.1241719309882,143.69945265329167,4.400611674406925,-34.60451775386025,52.79386980233568,87.39838755619593,-76.86304411878777,351.9529318643473
exclude_qc_candidates,10,both_fists_imagery,F4,mu,7,19.38752114202284,83.83828150180696,-12.721936839305634,-23.299589658638702,27.574760391238687,50.87435004987739,-53.388064881718144,193.2723082499837
exclude_qc_candidates,10,both_fists_imagery,F5,beta,7,7.910700918777598,54.22738029045499,-16.42510081106072,-34.34745323504009,45.453618492805106,79.8010717278452,-37.07788786128186,86.66556458825575
exclude_qc_candidates,10,both_fists_imagery,F5,central_12_13,7,10.245920688146631,96.06784693864289,-32.525158453843815,-48.74078404067585,41.8293491044218,90.57013314509766,-77.80388298932732,195.87335613270565
exclude_qc_candidates,10,both_fists_imagery,F5,mu,7,-1.2051777833880186,70.3074759440972,-24.725301251729853,-42.57064059663016,5.632340024517973,48.202980621148136,-57.97640385412354,148.14206176636165
exclude_qc_candidates,10,both_fists_imagery,F6,beta,7,9.679803660784163,43.24436422990243,13.231362675520558,-20.414505796007283,29.39553656302079,49.810042359028074,-43.949598648431824,80.51480006437339
exclude_qc_candidates,10,both_fists_imagery,F6,central_12_13,7,27.201250934529224,85.6151895606894,-10.448102737501323,-20.49269167839352,65.80261680488375,86.29530848327727,-73.4525889259881,183.68959795221352
exclude_qc_candidates,10,both_fists_imagery,F6,mu,7,16.070434770321945,70.06985089137797,-9.102506789833484,-23.62918623529903,25.882193041549186,49.51137927684822,-43.5550659617424,160.64460253132918
exclude_qc_candidates,10,both_fists_imagery,F7,beta,7,-2.1336699858552537,28.109123685484608,-4.822198332787416,-16.64656681446128,17.9951649998157,34.64173181427698,-46.97955078285125,34.168862843943046
exclude_qc_candidates,10,both_fists_imagery,F7,central_12_13,7,10.39228822824778,85.51503624017565,-30.032661469799564,-36.82123917308036,30.534151352774256,67.35539052585462,-69.23842927815447,184.59128398630068
exclude_qc_candidates,10,both_fists_imagery,F7,mu,7,16.004425641603135,79.12200629399274,-11.474271847441285,-16.932705550231038,16.64000025341671,33.57270580364775,-60.80294028146598,184.89360221375784
exclude_qc_candidates,10,both_fists_imagery,F8,beta,7,0.21288392223292366,30.12343166239951,8.9049016952754,-24.664512314137326,23.77443456351303,48.43894687765035,-41.48906521044952,35.854506472053174
exclude_qc_candidates,10,both_fists_imagery,F8,central_12_13,7,72.51595389166003,88.04498888504607,87.89274411864204,7.336688335932035,144.20238432702712,136.8656959910951,-55.132037618096945,171.77282541515675
exclude_qc_candidates,10,both_fists_imagery,F8,mu,7,43.271263661100285,60.194806129948994,27.162623730106535,-5.7962577405603675,88.70657518796992,94.50283292853028,-22.3232117728817,132.238798775658
exclude_qc_candidates,10,both_fists_imagery,FC1,beta,7,4.324379930094817,44.094530470029916,2.547101202276624,-16.951262011435656,13.460336863001237,30.41159887443689,-51.82623546248806,86.531644067744
exclude_qc_candidates,10,both_fists_imagery,FC1,central_12_13,7,6.87164653388182,53.24983761344063,4.4959317193483255,-35.60663571022483,37.72796482023287,73.33460053045769,-52.56240370871606,91.9253395065244
exclude_qc_candidates,10,both_fists_imagery,FC1,mu,7,5.668124311176817,40.6867273381603,5.642808782709525,-28.134749285928233,26.277445324528824,54.41219461045706,-36.515905441778315,74.26457476010533
exclude_qc_candidates,10,both_fists_imagery,FC2,beta,7,-6.4638630706735665,22.377004811485172,-5.307067351469228,-24.11625843664696,4.049883345828604,28.166141782475563,-31.305240957271348,31.49801699566233
exclude_qc_candidates,10,both_fists_imagery,FC2,central_12_13,7,-0.16187783601722497,70.18358825101878,-35.04480384255383,-48.80182336022451,44.37581671693559,93.1776400771601,-63.14561084309163,105.90928312010276
exclude_qc_candidates,10,both_fists_imagery,FC2,mu,7,-6.752036330794051,49.267855966888874,-11.20607221660561,-37.32781825835035,3.8441127546815705,41.171931013031916,-60.072544053444524,90.98177296182934
exclude_qc_candidates,10,both_fists_imagery,FC3,beta,7,5.695533302887529,54.33251955077257,-3.306413123059626,-37.75720995740034,36.9845750565042,74.74178501390455,-52.46107417151546,97.18149021658007
exclude_qc_candidates,10,both_fists_imagery,FC3,central_12_13,7,-17.471717371786294,66.22846841960867,-30.203544854186692,-62.60559724626704,-7.742819141967064,54.86277810429998,-71.24168277355777,119.8400388017086
exclude_qc_candidates,10,both_fists_imagery,FC3,mu,7,-8.676156273953952,41.59239057975681,-0.7597606718595437,-39.48192268862137,3.767450199157938,43.2493728877793,-55.57111078654386,67.02672251965261
exclude_qc_candidates,10,both_fists_imagery,FC4,beta,7,2.101224357490346,39.239426509519134,-4.480781524095952,-22.409742614030037,15.265129133239457,37.67487174726949,-42.10014564364316,75.57872463175269
exclude_qc_candidates,10,both_fists_imagery,FC4,central_12_13,7,-6.289905157291464,78.27974498609112,-48.88452576786554,-52.87072617622941,27.562635815811284,80.43336199204069,-70.7168606604345,126.18823104809604
exclude_qc_candidates,10,both_fists_imagery,FC4,mu,7,-7.2525857645316165,51.61246985073847,-26.336248528857947,-43.55536991310969,12.257527574244456,55.81289748735415,-45.630683890711154,83.79451674557826
exclude_qc_candidates,10,both_fists_imagery,FC5,beta,7,20.07254427484329,58.517084190225916,-13.881055480410549,-22.7711394710663,56.331465597513166,79.10260506857946,-26.951926257471214,114.22013940889103
exclude_qc_candidates,10,both_fists_imagery,FC5,central_12_13,7,22.21512344733531,100.7261541713703,-34.50887177211284,-40.02044365491119,52.04106071597446,92.06150437088564,-56.963348653389666,222.93685043472308
exclude_qc_candidates,10,both_fists_imagery,FC5,mu,7,28.046399371889482,74.51607595253066,9.346028054267935,-0.7501780212676337,25.00399308854961,25.754171109817243,-48.747176179890886,187.21831359428532
exclude_qc_candidates,10,both_fists_imagery,FC6,beta,7,17.07404847147232,43.05726812569155,8.71780557617283,-10.810736100188839,36.821364452475066,47.63210055266391,-34.37108039349692,93.15035741305788
exclude_qc_candidates,10,both_fists_imagery,FC6,central_12_13,7,27.566085173749844,63.07464183061018,14.047954310867267,-21.98524803370728,62.68638926291868,84.67163729662596,-35.33553106371625,132.84789051067506
exclude_qc_candidates,10,both_fists_imagery,FC6,mu,7,24.428401148646945,52.34723937951164,-0.371814287217602,-8.0454385469608,60.903893380063046,68.94933192702385,-38.29869729667745,103.95240995821922
exclude_qc_candidates,10,both_fists_imagery,FCz,beta,7,-9.375722906000314,20.609456657636542,-3.964372872285237,-24.15114649292957,2.4443678125354737,26.595514305465045,-38.641142195963816,20.38901208703505
exclude_qc_candidates,10,both_fists_imagery,FCz,central_12_13,7,3.1189010872054266,45.449476255975874,-11.399695135279654,-30.349203577862994,31.16018812466742,61.509391702530415,-42.915607297739996,74.52564094984878
exclude_qc_candidates,10,both_fists_imagery,FCz,mu,7,4.4045063885222,40.500103982915505,-18.364090430806602,-26.00301240553339,31.207517276787517,57.21052968232091,-33.20950489423443,71.99613030218818
exclude_qc_candidates,10,both_fists_imagery,FT7,beta,7,14.349188458278563,35.554796872533686,-5.597708962046363,-10.390218013550154,30.866191044295945,41.2564090578461,-16.04916825310376,81.13925036160848
exclude_qc_candidates,10,both_fists_imagery,FT7,central_12_13,7,38.67503664965342,123.79480723987805,-8.147746638874928,-21.73754685625089,43.41738434250206,65.15493119875295,-68.93521474591168,304.44854295985823
exclude_qc_candidates,10,both_fists_imagery,FT7,mu,7,43.74266519766822,118.15697460936202,6.006709716464044,-2.326715329721554,35.17172957484969,37.498444904571244,-64.11302568746648,298.6149438644237
exclude_qc_candidates,10,both_fists_imagery,FT8,beta,7,12.517205376194088,38.52078380835971,32.04409136871633,-16.71384059229655,41.651936236732155,58.365776829028704,-42.22654052509562,47.92669550086669
exclude_qc_candidates,10,both_fists_imagery,FT8,central_12_13,7,107.05976711193316,97.95089289764759,76.12925088401003,55.951486907957815,178.14313862732735,122.19165171936953,-39.766480604596964,244.86634843354864
exclude_qc_candidates,10,both_fists_imagery,FT8,mu,7,58.044627794288864,60.69305447895549,33.66086881542591,15.727551541478984,117.20380267271611,101.47625113123712,-20.226258299640698,127.01507561584668
exclude_qc_candidates,10,both_fists_imagery,Fp1,beta,7,20.65432879660614,63.066699245801196,27.977534296696337,-18.384725804859826,31.310418274140865,49.69514407900069,-52.8599797938599,143.61136213484446
exclude_qc_candidates,10,both_fists_imagery,Fp1,central_12_13,7,26.91404085672959,77.45168344137956,13.635741703573302,-35.75595354966582,83.75886216958884,119.51481571925466,-53.275737425791185,132.03246447947896
exclude_qc_candidates,10,both_fists_imagery,Fp1,mu,7,31.458122840325295,53.062593045602895,50.82796407884278,-11.527686386299447,72.96623194194328,84.49391832824273,-44.43139809054971,90.93320278269633
exclude_qc_candidates,10,both_fists_imagery,Fp2,beta,7,8.149246012916493,44.007657492457994,-9.038816802310095,-30.242620803511876,47.60363653433914,77.84625733785101,-34.81245942340113,66.17396685447216
exclude_qc_candidates,10,both_fists_imagery,Fp2,central_12_13,7,74.16915111633102,111.77610001954754,148.2870371632414,-31.44973711544913,158.23842356111504,189.68816067656417,-66.89521292034469,184.21486068008863
exclude_qc_candidates,10,both_fists_imagery,Fp2,mu,7,32.84019763945252,68.178898539794,41.612804685557016,-34.16413311231244,97.3664632196438,131.53059633195625,-41.27147243898598,103.13539101493389
exclude_qc_candidates,10,both_fists_imagery,Fpz,beta,7,12.2813026374387,55.263472512758156,-15.389785846434199,-22.95461036843993,39.426199334840135,62.380809703280065,-45.11294998207312,113.52867635777781
exclude_qc_candidates,10,both_fists_imagery,Fpz,central_12_13,7,61.13686058072866,102.16920475242932,74.9123780634143,-31.682524390302923,153.73930404081761,185.42182843112053,-62.1002269565356,171.03231365719256
exclude_qc_candidates,10,both_fists_imagery,Fpz,mu,7,35.85628531803491,62.74078037483037,42.37576207265585,-23.672821597068122,92.00091589375188,115.67373749082,-35.16639009872524,107.1284366589462
exclude_qc_candidates,10,both_fists_imagery,Fz,beta,7,18.60811056195855,60.79327704384055,-4.686171658919855,-25.188225697976883,54.88286683533195,80.07109253330884,-44.220124906409175,119.77378822432874
exclude_qc_candidates,10,both_fists_imagery,Fz,central_12_13,7,45.76742558217533,105.58163402554584,1.4030029532203012,-22.28922983407795,106.51791234252346,128.80714217660142,-71.74356686526038,222.2551779703763
exclude_qc_candidates,10,both_fists_imagery,Fz,mu,7,27.135127467303885,70.31894525260225,0.35495782154083527,-15.143586249971134,69.0157875719699,84.15937382194103,-44.43617361587676,126.28270542146562
exclude_qc_candidates,10,both_fists_imagery,Iz,beta,7,-10.926564405776627,24.099401569426746,-12.192800032523047,-17.789677623149927,3.1409476956186184,20.930625318768545,-55.018604991378474,20.022914038527745
exclude_qc_candidates,10,both_fists_imagery,Iz,central_12_13,7,12.29906437383764,87.91016174734973,-12.71186269838522,-43.77221751757836,29.125435646680838,72.8976531642592,-62.08654107321743,190.1854181302612
exclude_qc_candidates,10,both_fists_imagery,Iz,mu,7,13.834754512355278,76.54439990231957,-18.746829181860683,-32.74020382463578,30.890731458643106,63.63093528327889,-49.028824781650286,168.31788028198326
exclude_qc_candidates,10,both_fists_imagery,O1,beta,7,15.53966144355097,49.22456507349525,14.0392253882424,-15.799822418604746,33.615658998459836,49.41548141706458,-42.59434234061912,101.70107389752333
exclude_qc_candidates,10,both_fists_imagery,O1,central_12_13,7,97.0493799409028,211.21187603294132,22.682079695639935,-41.774098279230046,145.5390762303509,187.31317450958096,-54.80712911207294,503.9407531005111
exclude_qc_candidates,10,both_fists_imagery,O1,mu,7,58.73709175656681,154.0852021412421,-17.683217197185872,-31.35056433079894,72.58890622577222,103.93947055657117,-40.79030794941982,387.1564836526268
exclude_qc_candidates,10,both_fists_imagery,O2,beta,7,41.22697795018301,60.911615333223374,54.943387467795276,-0.8147728812727912,81.28743416589586,82.10220704716865,-44.516837023750114,117.21697263798977
exclude_qc_candidates,10,both_fists_imagery,O2,central_12_13,7,92.97520682135747,162.2510447549884,44.01616558358823,-20.4799343720455,158.77979490212127,179.25972927416677,-63.31892768816081,393.52948879392335
exclude_qc_candidates,10,both_fists_imagery,O2,mu,7,77.08102288357229,144.17277841597394,12.904681870364222,-20.518675135746335,127.6277861620481,148.14646129779442,-43.725178222049834,356.16943448408813
exclude_qc_candidates,10,both_fists_imagery,Oz,beta,7,21.64112776698196,54.0775882858572,5.646354414216733,-5.144401447428177,53.75352691881927,58.89792836624745,-49.923211415485966,98.54650042736075
exclude_qc_candidates,10,both_fists_imagery,Oz,central_12_13,7,104.01821308759848,188.52198586827427,28.963451586260604,-22.330480274735955,196.7955120428153,219.12599231755124,-52.226632216109124,402.4606087068791
exclude_qc_candidates,10,both_fists_imagery,Oz,mu,7,64.2733808131682,123.4134781134739,25.951864432220752,-26.03882749465538,101.66866700175486,127.70749449641023,-33.02399391824666,305.7261161640044
exclude_qc_candidates,10,both_fists_imagery,P1,beta,7,42.839873113568906,68.29465631412032,34.26878889925526,-2.049226764516958,85.88669792462464,87.9359246891416,-39.591159810895384,137.5265403864071
exclude_qc_candidates,10,both_fists_imagery,P1,central_12_13,7,92.49503812940019,118.59500540744955,58.318940595322914,15.12889077313389,180.94006571541073,165.81117494227684,-66.40947502605914,263.4178883594482
exclude_qc_candidates,10,both_fists_imagery,P1,mu,7,69.221362623548,98.41505551923574,71.33145856715274,1.7642196574750457,115.56157687781536,113.7973572203403,-52.557947810125604,231.12443453722813
exclude_qc_candidates,10,both_fists_imagery,P2,beta,7,35.231086642404776,41.95480076541477,20.017127190663313,8.300168744639194,52.245361369170766,43.94519262453157,-8.712851066009428,114.22227014455962
exclude_qc_candidates,10,both_fists_imagery,P2,central_12_13,7,94.8499151864958,101.9206752659003,51.50088243844016,43.83259867892811,133.41777054211008,89.58517186318197,-10.661398352058695,268.6091837770128
exclude_qc_candidates,10,both_fists_imagery,P2,mu,7,84.62579932671294,77.26952373754642,65.22236769538651,45.8404805905424,152.61551837869592,106.77503778815353,-40.53918306228374,170.78541271541127
exclude_qc_candidates,10,both_fists_imagery,P3,beta,7,42.628790726702036,63.88318150342654,46.311284239474375,0.28744074032968037,69.92586627505668,69.63842553472699,-38.2317345672265,149.89537138389366
exclude_qc_candidates,10,both_fists_imagery,P3,central_12_13,7,92.0648221868914,118.34504978831852,93.70488426803487,1.5130131664563589,196.31783202985451,194.80481886339817,-72.9025809758644,227.9897616234475
exclude_qc_candidates,10,both_fists_imagery,P3,mu,7,63.410712832510775,94.71263667978678,48.39839105683915,11.33546138624272,107.11230688763703,95.77684550139432,-63.33649151080788,221.9175537337846
exclude_qc_candidates,10,both_fists_imagery,P4,beta,7,31.210073904617655,39.10975680316209,14.505174972324653,-1.5449172572692746,65.51155388567062,67.0564711429399,-8.103806464643668,84.1358755678399
exclude_qc_candidates,10,both_fists_imagery,P4,central_12_13,7,69.70054300555368,102.55906885368485,39.99794755311963,14.557395133610083,73.5118955979764,58.95450046436632,-17.944256190623683,289.7115282132069
exclude_qc_candidates,10,both_fists_imagery,P4,mu,7,73.47223251230271,85.50861687093025,54.174761436251366,24.246129522486537,115.08449934105316,90.83836981856662,-33.17893704607304,214.6485454688613
exclude_qc_candidates,10,both_fists_imagery,P5,beta,7,28.549817279961832,47.4397527532912,38.17833361596202,-2.9117907615055145,63.62234465957685,66.53413542108237,-43.84001740856364,84.08929695619179
exclude_qc_candidates,10,both_fists_imagery,P5,central_12_13,7,63.8804726052049,99.79183126412718,58.772479960118126,8.572531912964244,111.6191170847448,103.04658517178055,-76.37168488444988,224.379215165348
exclude_qc_candidates,10,both_fists_imagery,P5,mu,7,30.656125170474883,63.28643965487118,35.633715975192004,-10.858874230673958,69.33815923927945,80.19703346995341,-61.95036064776854,123.95095084868971
exclude_qc_candidates,10,both_fists_imagery,P6,beta,7,37.29240823375772,53.823653714756894,32.894473901908235,-2.0432728184627402,51.70370128861904,53.746974107081776,-14.140553782515461,142.97208057659864
exclude_qc_candidates,10,both_fists_imagery,P6,central_12_13,7,42.533619379243355,110.57133725993242,-8.084866178151847,-13.144358244776704,41.35723328648546,54.501591531262164,-34.467788253517455,283.8622400029553
exclude_qc_candidates,10,both_fists_imagery,P6,mu,7,41.8685834794968,87.06590387339641,8.015411119918344,6.223648817479772,28.549030699936054,22.325381882456284,-19.9822365461726,235.5015507479002
exclude_qc_candidates,10,both_fists_imagery,P7,beta,7,8.38806792906701,32.7162567612902,3.676143088915527,-4.12471275297654,12.688431762447506,16.813144515424046,-34.76229033693177,72.67518473254339
exclude_qc_candidates,10,both_fists_imagery,P7,central_12_13,7,21.339881255857033,69.6567475724869,28.21802421227903,-24.64319721175202,46.35052863820479,70.99372584995682,-63.4298600481012,141.17634177391585
exclude_qc_candidates,10,both_fists_imagery,P7,mu,7,7.5719094071585795,46.543339034759896,-1.7665662316471151,-23.1665213181797,28.836819714459246,52.00334103263894,-45.613917566377566,89.04325285557564
exclude_qc_candidates,10,both_fists_imagery,P8,beta,7,29.937057363733143,56.07495784881263,7.371174808902269,-8.975739498869622,51.131494589757374,60.107234088626996,-15.614581159697378,133.49129771515157
exclude_qc_candidates,10,both_fists_imagery,P8,central_12_13,7,29.82752078135403,97.25430737310377,-3.537366654258728,-28.480942930088915,39.8935347743668,68.37447770445571,-45.207298473364396,234.7121269085456
exclude_qc_candidates,10,both_fists_imagery,P8,mu,7,19.99054582878332,61.10814624302738,4.335653899934816,-10.938990026786296,19.3883943514738,30.327384378260096,-32.68415942324729,151.38351767542065
exclude_qc_candidates,10,both_fists_imagery,PO3,beta,7,22.779966287812005,40.0852008654613,16.15842137882799,4.513577513933073,39.37883257536161,34.86525506142854,-34.66465922835883,90.18118168562552
exclude_qc_candidates,10,both_fists_imagery,PO3,central_12_13,7,68.11466839454492,131.1266689472967,20.35633934591976,-22.737843274252402,129.91090447517473,152.64874774942714,-59.26059089686375,301.3608079109139
exclude_qc_candidates,10,both_fists_imagery,PO3,mu,7,36.987449859394715,72.63872972860062,29.90600962963876,-25.956924037352707,88.9712711288658,114.9281951662185,-41.23559879688549,144.2130439999836
exclude_qc_candidates,10,both_fists_imagery,PO4,beta,7,62.34001523979907,67.45116290155526,67.23718265914677,17.677614285446825,95.61823143158611,77.94061714613929,-26.96722951710665,169.51846210248746
exclude_qc_candidates,10,both_fists_imagery,PO4,central_12_13,7,120.51062056455042,187.93763800460152,50.90326377474732,-19.367581079813313,204.03247410335644,223.40005518316974,-43.021416336477614,466.362710466497
exclude_qc_candidates,10,both_fists_imagery,PO4,mu,7,98.7945020481239,139.8941452430082,31.768608807858172,2.497333644195802,156.81704774303125,154.31971409883545,-17.823974483994917,358.9881172385498
exclude_qc_candidates,10,both_fists_imagery,PO7,beta,7,14.525818961994185,28.542281298402877,10.080822022298467,4.846884618594574,31.476078910181077,26.6291942915865,-31.77312529087988,50.727108944989396
exclude_qc_candidates,10,both_fists_imagery,PO7,central_12_13,7,52.46246280194618,124.49647880534951,32.1778652021743,-39.174467065376234,83.71128792765917,122.8857549930354,-53.483971052252215,299.46970373913535
exclude_qc_candidates,10,both_fists_imagery,PO7,mu,7,25.416076816024827,76.45342931413417,-10.49426887711509,-30.37373604297624,54.21738662382624,84.59112266680248,-34.03089546791736,174.75040089550626
exclude_qc_candidates,10,both_fists_imagery,PO8,beta,7,57.436334549424245,67.86529444961862,50.70068923965947,6.432288698290755,119.14171410670559,112.70942540841483,-31.436068781519122,131.64171577783665
exclude_qc_candidates,10,both_fists_imagery,PO8,central_12_13,7,77.84602653203208,160.61281348913766,17.608975195799736,-22.855592873294174,114.40712570130376,137.26271857459793,-59.838371576256066,404.0485164486618
exclude_qc_candidates,10,both_fists_imagery,PO8,mu,7,53.017352125908836,113.62568817193403,15.159319303467559,-13.539335236403156,70.51827808073641,84.05761331713957,-42.74757834002819,284.751838229256
exclude_qc_candidates,10,both_fists_imagery,POz,beta,7,31.45741491056021,51.776184951113564,7.137278014629053,-1.1437402412421567,52.74073089212542,53.884471133367576,-19.502854525898158,129.37349958342406
exclude_qc_candidates,10,both_fists_imagery,POz,central_12_13,7,123.82627292375537,169.9179675637537,17.295759421824016,13.401039277589971,192.31368161715898,178.912642339569,1.2900092341438882,436.76870002082177
exclude_qc_candidates,10,both_fists_imagery,POz,mu,7,78.78386380639067,78.08056594697705,74.12056063109925,25.10675573006128,141.68801864739027,116.58126291732898,-33.574290034319915,177.3512272930523
exclude_qc_candidates,10,both_fists_imagery,Pz,beta,7,27.82571148448744,57.36460078331818,11.736393385906647,-10.224446198232902,66.29338911422198,76.51783531245488,-38.28568121852646,109.19138239205371
exclude_qc_candidates,10,both_fists_imagery,Pz,central_12_13,7,86.2178755813429,98.88639304979215,88.33326086785371,25.85587291683089,151.00619330008956,125.15032038325867,-52.783983925571974,214.25171969327766
exclude_qc_candidates,10,both_fists_imagery,Pz,mu,7,65.62096817458738,85.82217487415895,106.32074859143414,-0.9986589031070352,113.10261539099022,114.10127429409727,-51.66167183647566,180.4797874913868
exclude_qc_candidates,10,both_fists_imagery,T10,beta,7,6.482679028365835,22.606213063869067,1.6597586306099656,-5.096376571146967,16.728284689861088,21.824661261008053,-25.176695898173243,45.63187422869588
exclude_qc_candidates,10,both_fists_imagery,T10,central_12_13,7,105.1476196725434,93.23217449155793,100.18918085279873,52.86828044730421,126.79111470809207,73.92283426078785,-9.089021451297842,285.6143879955104
exclude_qc_candidates,10,both_fists_imagery,T10,mu,7,57.33635810590764,49.677716385963265,48.55022272152659,34.253595834545436,67.45203589061384,33.19844005606841,-5.255652927861015,154.64867349736934
exclude_qc_candidates,10,both_fists_imagery,T7,beta,7,20.334755108450203,35.18482217041218,4.393177599690429,0.066403674663023,31.587457989704856,31.521054315041834,-14.429940497425994,89.07232532815122
exclude_qc_candidates,10,both_fists_imagery,T7,central_12_13,7,46.35949195236528,91.62629121656356,8.480707238081191,-7.53902313541945,79.3032993342986,86.84232246971806,-49.38943262236729,221.89661665308478
exclude_qc_candidates,10,both_fists_imagery,T7,mu,7,40.06192008739689,87.52841913938319,25.342286091032076,8.104308678428922,39.78399980247727,31.679691124048347,-62.23963077908902,221.55416833802278
exclude_qc_candidates,10,both_fists_imagery,T8,beta,7,4.571780791326068,28.63785842004054,-7.797840573254628,-17.083227622962628,24.81718574338747,41.900413366350094,-25.491903807909853,49.824293679597275
exclude_qc_candidates,10,both_fists_imagery,T8,central_12_13,7,61.08772192628289,86.41065055554614,38.99468771681398,-4.989243126256772,129.32280791622046,134.31205104247724,-35.62667737807122,175.5789135653101
exclude_qc_candidates,10,both_fists_imagery,T8,mu,7,46.28542338535937,65.7834010129756,33.46807500775352,8.105729169290452,84.93932821605381,76.83359904676335,-34.647758830100294,139.08753274917387
exclude_qc_candidates,10,both_fists_imagery,T9,beta,7,-1.1676608497817702,30.024954002578422,-3.214491454651771,-23.032755289681454,8.75731973884258,31.790075028524036,-31.102735712923035,54.69447232078016
exclude_qc_candidates,10,both_fists_imagery,T9,central_12_13,7,30.11890183270835,66.86194802008346,23.14495997275924,-16.053673604629488,41.141840486350674,57.19551409098016,-29.248431760840617,166.75945085359743
exclude_qc_candidates,10,both_fists_imagery,T9,mu,7,20.71877166855975,44.78052986126836,13.308973901982997,4.362785716516051,34.33843803287054,29.97565231635449,-44.23015794274976,98.55013822191184
exclude_qc_candidates,10,both_fists_imagery,TP7,beta,7,6.901268002251079,23.086362701211062,12.245423978389931,-12.8530199691598,24.202023876779187,37.05504384593898,-22.56244690529621,35.927891127425056
exclude_qc_candidates,10,both_fists_imagery,TP7,central_12_13,7,29.954093894458953,70.20107123267739,-7.668584557634594,-22.33454532898738,89.99721589824057,112.33176122722796,-43.95865106054598,125.98055174088688
exclude_qc_candidates,10,both_fists_imagery,TP7,mu,7,23.519507656883928,56.959855277121434,15.704642048166885,1.5525843518860523,36.59574920237197,35.043164850485915,-57.622730636327596,130.25797507783216
exclude_qc_candidates,10,both_fists_imagery,TP8,beta,7,13.995525620773732,31.436183173390774,2.4950190272910846,-3.347658561311301,20.808592415830066,24.15625097714137,-14.445977824759986,74.99777043384749
exclude_qc_candidates,10,both_fists_imagery,TP8,central_12_13,7,55.47314960714261,55.758366181736555,64.74230624785409,26.043373779318863,88.39821075150877,62.35483697218991,-28.716278237885973,123.40285017837485
exclude_qc_candidates,10,both_fists_imagery,TP8,mu,7,39.3908839296326,53.83915454272995,12.631596612077422,2.3635094965564463,91.90764813355347,89.54413863699702,-26.701140213259006,101.26341584838994
exclude_qc_candidates,14,both_feet_imagery,AF3,beta,7,10.82089851481012,73.34962280707585,-20.15485813402645,-31.80058851822769,16.70106835524763,48.501656873475326,-39.168248563420164,165.26843662707756
exclude_qc_candidates,14,both_feet_imagery,AF3,central_12_13,7,93.34955379767453,188.19493254877509,7.649098217455531,-16.317063347735733,122.97368638773571,139.29074973547145,-55.43642746921635,487.92095975548267
exclude_qc_candidates,14,both_feet_imagery,AF3,mu,7,49.84527107064991,82.24316402015305,43.038778917520716,-13.875982048678555,101.5886609778847,115.46464302656325,-36.047072840162166,166.49983355877853
exclude_qc_candidates,14,both_feet_imagery,AF4,beta,7,26.16168592897556,49.94972709148768,5.4076338092635785,1.6832756203495243,37.08861522716653,35.405339606817,-22.348981021340887,122.52936701987409
exclude_qc_candidates,14,both_feet_imagery,AF4,central_12_13,7,76.15316222959608,153.13935750608772,50.4753064522596,-14.493186526681725,71.04781012626306,85.54099665294478,-37.773057698622836,407.2606396543732
exclude_qc_candidates,14,both_feet_imagery,AF4,mu,7,40.80390897101971,79.71846493313188,25.074662256499316,-17.58840726842624,80.7285250580803,98.31693232650653,-38.01967269156786,172.2921376528984
exclude_qc_candidates,14,both_feet_imagery,AF7,beta,7,8.957606856974676,73.86614914166687,-22.604409104243654,-33.114204782159625,14.600726619326998,47.71493140148662,-42.68744774345943,165.02206117219106
exclude_qc_candidates,14,both_feet_imagery,AF7,central_12_13,7,88.43918115840918,188.7307898043221,9.422027483837297,-19.088791300771618,108.31113843321333,127.39992973398495,-59.09926761601297,490.30681397615666
exclude_qc_candidates,14,both_feet_imagery,AF7,mu,7,46.84326735885861,83.72047088109537,43.48270971841577,-20.449945259160902,97.05204733865232,117.50199259781321,-39.69919409371524,170.91515172832695
exclude_qc_candidates,14,both_feet_imagery,AF8,beta,7,7.027921616008064,22.871019248562757,2.2228096966055944,-6.704791509346814,18.894696672477156,25.599488181823972,-22.24029361049536,44.83312489968552
exclude_qc_candidates,14,both_feet_imagery,AF8,central_12_13,7,91.54788181338424,246.2016905327924,-21.020691936520397,-32.67479039352187,79.47567193952258,112.15046233304446,-64.80322481239301,633.0573263506017
exclude_qc_candidates,14,both_feet_imagery,AF8,mu,7,23.228995339991638,91.33236440788353,-3.3200105017513093,-46.18384242692288,77.39203623585634,123.57587866277922,-61.6947754812632,165.20136574508905
exclude_qc_candidates,14,both_feet_imagery,AFz,beta,7,45.76294693896982,64.92885265395644,17.987307113042664,-1.268361116251886,82.38315229677741,83.65151341302929,-9.677258817393419,149.8009979160884
exclude_qc_candidates,14,both_feet_imagery,AFz,central_12_13,7,56.50586943034282,94.84202023504812,37.77208238558986,-7.73931611202617,82.08495132687756,89.82426743890373,-32.616110855569154,241.6938440526763
exclude_qc_candidates,14,both_feet_imagery,AFz,mu,7,47.77594001215636,67.88538586036312,33.65329258314758,0.8172275327278342,100.48301151479615,99.66578398206832,-38.805210123399746,136.98301953029872
exclude_qc_candidates,14,both_feet_imagery,C1,beta,7,1.0269553610334239,31.00855881295562,-7.2132154372006125,-22.748829945416585,25.386952903619274,48.13578284903586,-36.12902546606662,45.254682514095826
exclude_qc_candidates,14,both_feet_imagery,C1,central_12_13,7,28.441309351137242,72.74452527230866,17.055944514086992,-18.10716339929148,44.26428041958014,62.37144381887162,-42.15520285570028,171.87418975899666
exclude_qc_candidates,14,both_feet_imagery,C1,mu,7,28.613519400739115,78.9849746218968,-6.0568513971990665,-16.488172207313255,44.10395883656616,60.59213104387941,-39.40846277209298,190.52837671596004
exclude_qc_candidates,14,both_feet_imagery,C2,beta,7,11.940653884475058,24.076537520938285,14.300750830267313,-3.0167044520422497,21.85102821907713,24.867732671119377,-18.678182272353144,50.293361099341475
exclude_qc_candidates,14,both_feet_imagery,C2,central_12_13,7,40.887375460477635,73.4044005855913,21.74833995628309,-13.35404649161914,104.00312980989361,117.35717630151275,-47.35128606502902,130.51640769554047
exclude_qc_candidates,14,both_feet_imagery,C2,mu,7,23.24881636269693,71.56364611447337,3.19107522089581,-14.4434683509712,28.363637842048565,42.80710619301976,-40.891837855658004,172.60213819148598
exclude_qc_candidates,14,both_feet_imagery,C3,beta,7,-5.139279801574853,32.01884260848037,-2.807699106624327,-21.686080976787757,10.513102474263,32.19918345105076,-53.798047168227725,42.97674466887759
exclude_qc_candidates,14,both_feet_imagery,C3,central_12_13,7,66.28187403503681,110.78418999517054,25.39261103136555,13.220037439536213,64.74500725345243,51.524969813916215,-21.912576910490614,304.56299473840545
exclude_qc_candidates,14,both_feet_imagery,C3,mu,7,59.60794749173179,117.73839422701387,5.727007966863511,-6.717355660793313,74.5214354100756,81.23879107086891,-29.381210364399426,305.3016753410939
exclude_qc_candidates,14,both_feet_imagery,C4,beta,7,-2.0961407279040207,41.57421784124561,-7.308441890691967,-30.525727870435873,18.13169053509476,48.657418405530635,-51.824681633286914,69.24821309933296
exclude_qc_candidates,14,both_feet_imagery,C4,central_12_13,7,48.061526950374926,86.61749182131415,26.245578737646454,-14.668461919832325,110.64595402796326,125.31441594779558,-50.52826353014024,168.75838922885643
exclude_qc_candidates,14,both_feet_imagery,C4,mu,7,13.952979330870834,36.366159730398174,30.80662963759366,-5.265262737800477,36.89070020673595,42.15596294453643,-41.285340896291665,44.898691636922905
exclude_qc_candidates,14,both_feet_imagery,C5,beta,7,-1.8069038786289136,39.512671236142644,4.266709508628439,-12.079173924008112,25.02989004368145,37.109063967689565,-79.24967215971631,36.4332032613388
exclude_qc_candidates,14,both_feet_imagery,C5,central_12_13,7,65.92222095167669,127.20697943536571,36.04377730658914,-0.10110997466943772,67.49286360888952,67.59397358355896,-45.928687119535894,336.5569492062434
exclude_qc_candidates,14,both_feet_imagery,C5,mu,7,51.56687226473725,130.7317589265078,-2.637689765026222,-12.8187122889686,45.387816250649166,58.206528539617764,-40.37926592204205,338.8468536168679
exclude_qc_candidates,14,both_feet_imagery,C6,beta,7,-5.213499639598298,32.665946036794516,-3.145379878696122,-17.932165253083888,14.761003087759235,32.69316834084312,-60.91312193569329,33.90632866785062
exclude_qc_candidates,14,both_feet_imagery,C6,central_12_13,7,-6.184823309389263,51.307617979040906,-16.1430282937735,-35.35421653464468,0.6809081384838933,36.03512467312857,-54.92670577344637,97.1225876938166
exclude_qc_candidates,14,both_feet_imagery,C6,mu,7,-7.809012950233502,30.937028952140263,-13.49334154721299,-27.9130457167796,5.931712484233778,33.84475820101338,-39.66771583300359,42.46063319367372
exclude_qc_candidates,14,both_feet_imagery,CP1,beta,7,-0.9233367171905112,31.948683902011215,-16.94052939117052,-23.020731886973536,14.807234196107906,37.82796608308144,-29.986786047037278,56.890953799605484
exclude_qc_candidates,14,both_feet_imagery,CP1,central_12_13,7,-2.6360450798662085,41.08242481673989,-9.387083222479973,-20.1824964261383,10.039343215016396,30.221839641154695,-60.589338855990285,71.8104129416506
exclude_qc_candidates,14,both_feet_imagery,CP1,mu,7,2.171025885905522,26.16172446503921,11.059538517497788,-13.520575176977152,19.18282044240663,32.703395619383784,-39.59606603133962,32.40921818432153
exclude_qc_candidates,14,both_feet_imagery,CP2,beta,7,9.862902148763334,32.6130999899202,13.389499657594587,-17.51804588884762,31.541372257152368,49.059418145999985,-28.949150527202473,56.55331317434171
exclude_qc_candidates,14,both_feet_imagery,CP2,central_12_13,7,34.1666007382911,86.99506163571637,10.4697174024789,-9.9929589844819,31.56841441335851,41.56137339784041,-36.781471909944884,222.3270488177504
exclude_qc_candidates,14,both_feet_imagery,CP2,mu,7,26.9983730341703,36.98549775575523,17.646908226559017,1.676086713573107,53.178241114988666,51.50215440141556,-19.05084729300361,80.68389464851315
exclude_qc_candidates,14,both_feet_imagery,CP3,beta,7,-10.569035045440222,22.985250394198797,-11.103857586522293,-28.683321431598113,5.086731889837882,33.770053321435995,-37.57514988343775,21.888941235398953
exclude_qc_candidates,14,both_feet_imagery,CP3,central_12_13,7,-2.24010886504091,46.98476686036777,-0.3981693310992694,-24.3288196811292,1.6965234228428083,26.02534310397201,-61.29990191334234,91.28190170572802
exclude_qc_candidates,14,both_feet_imagery,CP3,mu,7,-3.0186211227940007,43.452708146759626,-2.7620670437398194,-33.30542214980196,10.044087820552791,43.34950997035475,-49.7364334371006,77.89082127978077
exclude_qc_candidates,14,both_feet_imagery,CP4,beta,7,3.100256307037468,33.16163521812832,2.8478820620401573,-20.456509268503943,24.710283941601745,45.16679321010569,-39.87640566430001,50.22276840532651
exclude_qc_candidates,14,both_feet_imagery,CP4,central_12_13,7,39.26415723835607,108.05127345247836,6.777216796572037,-37.04134363166717,91.137828263236,128.17917189490316,-66.85966317945918,226.73857778824205
exclude_qc_candidates,14,both_feet_imagery,CP4,mu,7,21.98283611922796,56.43089454265318,17.0161055547136,-17.264298172033165,54.98279544288344,72.24709361491661,-48.839144531119594,110.26589726930118
exclude_qc_candidates,14,both_feet_imagery,CP5,beta,7,1.352901726129129,31.374469416578158,13.554296244208702,-8.196876056523914,19.97347981502076,28.170355871544672,-60.7555529368765,33.11836125857801
exclude_qc_candidates,14,both_feet_imagery,CP5,central_12_13,7,-0.6799093953690206,27.091585492658943,-6.120220855965228,-23.631890510518282,20.790300781534306,44.42219129205259,-30.563049703768453,37.6070842501185
exclude_qc_candidates,14,both_feet_imagery,CP5,mu,7,-5.715339801854671,22.749346539873002,-11.836721429922115,-18.6563281516014,3.4685878722035337,22.124916023804936,-32.011287842776426,34.21611121851157
exclude_qc_candidates,14,both_feet_imagery,CP6,beta,7,2.733336855522297,33.75896128135836,16.484393468383452,-20.384541826699706,27.55766386084718,47.94220568754689,-48.235789932694566,36.53851038467224
exclude_qc_candidates,14,both_feet_imagery,CP6,central_12_13,7,19.884927341107872,83.0457255828929,-14.884657595453652,-43.74891712825513,75.51940495275876,119.26832208101389,-59.93683830320233,150.47501163740387
exclude_qc_candidates,14,both_feet_imagery,CP6,mu,7,5.337754492754793,33.682048056595036,13.603273460713657,-14.875516036923942,28.30016778699925,43.175683823923194,-46.6286931095751,43.540397597994385
exclude_qc_candidates,14,both_feet_imagery,CPz,beta,7,22.07403567292884,54.15011190074899,13.157359588472657,-11.71234648753021,35.96717558513419,47.679522072664405,-34.938109748062,127.78934167488325
exclude_qc_candidates,14,both_feet_imagery,CPz,central_12_13,7,51.721792933907956,120.06648034856693,-12.387255547707793,-20.440677732739836,105.07547523378716,125.51615296652699,-37.417903294686035,242.58811437765485
exclude_qc_candidates,14,both_feet_imagery,CPz,mu,7,27.79657561601363,22.996659778673056,41.06800812237591,7.873350400167238,45.17243156260864,37.2990811624414,-4.270023669233967,51.68648093340173
exclude_qc_candidates,14,both_feet_imagery,Cz,beta,7,12.727916768848486,33.240028251469774,17.015919107058174,-7.269620852148906,28.064145611606165,35.33376646375507,-32.07359663708058,62.564045393047266
exclude_qc_candidates,14,both_feet_imagery,Cz,central_12_13,7,9.21762124989613,39.27494001795766,1.75103723363075,-6.110536270754693,13.144850256011267,19.25538652676596,-39.794692137509955,88.49837568263898
exclude_qc_candidates,14,both_feet_imagery,Cz,mu,7,33.01069449546166,66.57493514760002,8.353307417132614,-12.536037545356347,50.31374946806528,62.84978701342163,-18.87460607391525,166.0407362795964
exclude_qc_candidates,14,both_feet_imagery,F1,beta,7,29.135133918519678,70.23405396283421,28.715152956610225,-27.59894842492527,66.19684690541645,93.79579533034172,-47.177097352321496,145.2120848643667
exclude_qc_candidates,14,both_feet_imagery,F1,central_12_13,7,64.25538104893738,83.19586312045216,45.579793529236824,-4.371256092546317,134.058815556309,138.43007164885532,-25.808656434815024,170.64141132061445
exclude_qc_candidates,14,both_feet_imagery,F1,mu,7,40.150950725856895,55.928871580842966,32.5798199281317,-6.742643777602194,89.08969113123115,95.83233490883335,-23.734705272112716,107.51744571772133
exclude_qc_candidates,14,both_feet_imagery,F2,beta,7,52.19580139007417,81.94128646355952,3.621841868663121,1.5070581926443902,84.7081290643608,83.20107087171641,-11.110140414886299,200.428533762732
exclude_qc_candidates,14,both_feet_imagery,F2,central_12_13,7,70.21329139928405,104.60709836601139,50.56751470800155,23.731374322334133,88.0227843485126,64.29141002617847,-59.44823319136973,276.865440936663
exclude_qc_candidates,14,both_feet_imagery,F2,mu,7,48.95741834805897,65.0825697104344,43.06642675141941,-0.7471248510601498,96.11391746239619,96.86104231345634,-28.519497709895557,137.4214141722169
exclude_qc_candidates,14,both_feet_imagery,F3,beta,7,46.19916610794986,74.15750180912057,7.532009967979457,-0.6554804685966904,70.84683134834262,71.50231181693931,-15.220503791240958,190.69995481941868
exclude_qc_candidates,14,both_feet_imagery,F3,central_12_13,7,94.94443885531085,128.61208772533072,65.32895424167374,15.414421625057127,156.92242653188978,141.50800490683267,-59.183422737990554,313.79184416959885
exclude_qc_candidates,14,both_feet_imagery,F3,mu,7,66.30479470037687,84.8849522602673,60.52499233672906,8.308444237533248,123.06351407153284,114.75506983399958,-39.595065634773924,180.45971958255075
exclude_qc_candidates,14,both_feet_imagery,F4,beta,7,46.09137351934557,71.17939809771146,16.139312535635575,5.831365140876475,58.36031447071048,52.528949329834006,-9.107596488727731,187.22453936533725
exclude_qc_candidates,14,both_feet_imagery,F4,central_12_13,7,75.024040460744,112.16978719344218,52.987090762389904,30.253521679076798,88.35131465656855,58.09779297749175,-63.03557924210541,298.0070990336328
exclude_qc_candidates,14,both_feet_imagery,F4,mu,7,53.45786153311708,70.49303059266876,43.25317270026843,8.346688115486046,98.10239947086221,89.75571135537616,-34.157808942126984,152.2114918009816
exclude_qc_candidates,14,both_feet_imagery,F5,beta,7,6.613709703200308,53.167076888278956,1.7849648974712857,-22.841757542442885,16.37095130305127,39.212708845494156,-53.805802386675154,111.25841789038927
exclude_qc_candidates,14,both_feet_imagery,F5,central_12_13,7,63.288253606245334,116.07635598263933,10.258009783209118,-20.88181189127595,126.83864040124956,147.72045229252552,-46.7406093103788,267.5867177509398
exclude_qc_candidates,14,both_feet_imagery,F5,mu,7,46.34983226535205,62.44822042057999,29.56809647497697,-6.3217870164234125,93.02698775412361,99.34877477054702,-15.160743531427569,136.63107143851454
exclude_qc_candidates,14,both_feet_imagery,F6,beta,7,15.147500452132464,55.95497005881003,6.866111616832173,-17.478347172005577,37.78696688724467,55.265314059250244,-55.63596064276778,114.18511276038465
exclude_qc_candidates,14,both_feet_imagery,F6,central_12_13,7,82.8520190350614,189.7106433896237,31.31153653100738,-17.819105644890442,63.37887001627886,81.1979756611693,-42.757768330414365,500.2908363020599
exclude_qc_candidates,14,both_feet_imagery,F6,mu,7,37.62807484624881,78.18015597653562,-5.119029931188679,-12.25758308428668,70.03281812486851,82.29040120915519,-19.082107763218218,172.04719153698485
exclude_qc_candidates,14,both_feet_imagery,F7,beta,7,27.385203013273404,87.87543539975782,5.45425923032407,-22.268733630260446,26.05359544726197,48.32232907752241,-38.57816298111092,217.25060120969763
exclude_qc_candidates,14,both_feet_imagery,F7,central_12_13,7,118.19135613315132,188.12276487370366,37.1099869869419,10.454297722782755,171.07330182042026,160.61900409763751,-46.62007641291691,473.7943832716283
exclude_qc_candidates,14,both_feet_imagery,F7,mu,7,85.81458074768679,130.79945054890857,38.05280825743388,-2.1709327858504257,126.24722524177295,128.41815802762338,-31.082020614601348,345.57869267913
exclude_qc_candidates,14,both_feet_imagery,F8,beta,7,2.734757069734227,28.05762033433724,10.976119408598745,1.1075747309733455,19.258344463774996,18.15076973280165,-56.200323707089964,23.635665397134133
exclude_qc_candidates,14,both_feet_imagery,F8,central_12_13,7,76.32428581789536,200.7190687092021,-4.443232068036815,-38.660593057245464,76.6020224133085,115.26261547055397,-41.10887985997043,503.9392539411487
exclude_qc_candidates,14,both_feet_imagery,F8,mu,7,25.355744161201674,81.63962141099768,-18.818677419351438,-24.843546855181668,44.06274398363039,68.90629083881205,-31.10952545619577,188.98001774706148
exclude_qc_candidates,14,both_feet_imagery,FC1,beta,7,16.40973562102651,45.327362898516796,12.636137169479829,-17.35728865691858,32.38460386588443,49.74189252280301,-26.97940609076427,99.15678785053831
exclude_qc_candidates,14,both_feet_imagery,FC1,central_12_13,7,48.981808577823635,57.31621264591036,34.572380693587185,19.408119602905618,72.46648124367721,53.058361640771594,-24.12272409895637,148.6738017569689
exclude_qc_candidates,14,both_feet_imagery,FC1,mu,7,37.2914148472363,64.86644289232399,27.621613122592535,-0.2811275412472982,45.78804830562083,46.069175846868134,-26.840715708285625,169.24516498760013
exclude_qc_candidates,14,both_feet_imagery,FC2,beta,7,38.009800961396884,52.696356694928554,11.772530140684925,4.145518326527165,84.99400693845121,80.84848861192404,-28.486566336391864,104.50359239552841
exclude_qc_candidates,14,both_feet_imagery,FC2,central_12_13,7,52.37559710528234,56.774839571508785,87.77857736396338,27.883844659950825,91.91993739183056,64.03609273187973,-56.12030738317888,95.3633456526291
exclude_qc_candidates,14,both_feet_imagery,FC2,mu,7,38.37154023555919,57.611437057470816,35.732584022102735,3.406213115760475,47.85432245584359,44.448109340083114,-23.787817329122486,154.13494381272596
exclude_qc_candidates,14,both_feet_imagery,FC3,beta,7,-1.5135072255007316,35.971501257113324,-2.8516738827965207,-14.608866934578217,17.994089363400565,32.60295629797878,-62.7111613903417,48.1978398369884
exclude_qc_candidates,14,both_feet_imagery,FC3,central_12_13,7,56.10242810531397,49.068017325614605,71.971563228108,24.164480580941717,90.82527827873855,66.66079769779684,-22.71054002448377,113.4764558142131
exclude_qc_candidates,14,both_feet_imagery,FC3,mu,7,58.1277646143795,70.81733254285841,60.94351865416082,13.743918225700817,68.88113366861941,55.137215442918595,-18.318026868951364,199.0187567268066
exclude_qc_candidates,14,both_feet_imagery,FC4,beta,7,27.21674880147791,62.14889384768651,9.794235489231722,-4.6688756345327045,58.81996003223819,63.488835666770896,-59.5484611502879,131.9692984759905
exclude_qc_candidates,14,both_feet_imagery,FC4,central_12_13,7,57.841850866331974,64.01755987059053,56.02111940306705,23.649541339394286,93.16008773975591,69.51054640036162,-36.70115494966867,151.953733452625
exclude_qc_candidates,14,both_feet_imagery,FC4,mu,7,40.92574491868568,39.39417575501367,45.443049455866735,20.310236704711016,55.37190638858174,35.061669683870726,-16.902495863138743,106.5753746514863
exclude_qc_candidates,14,both_feet_imagery,FC5,beta,7,6.538062689490938,50.889087982327226,1.8405452837705556,-17.771771694749397,37.42302269930156,55.19479439405096,-71.17104103623652,75.7944325697982
exclude_qc_candidates,14,both_feet_imagery,FC5,central_12_13,7,63.967079804539246,92.00444684097879,42.205788851547695,-7.24500494208298,135.6603692354222,142.90537417750517,-44.764765562493324,193.49780675604185
exclude_qc_candidates,14,both_feet_imagery,FC5,mu,7,70.56936685044673,122.58307466860072,20.130377074295996,2.55770956918261,67.87757931676495,65.31986974758235,-6.581520250457885,339.5661333573939
exclude_qc_candidates,14,both_feet_imagery,FC6,beta,7,1.3508936012992032,51.97480848848242,-5.816890793515366,-17.275125169873686,32.04890290035308,49.32402807022676,-82.46644478684553,68.19203532849653
exclude_qc_candidates,14,both_feet_imagery,FC6,central_12_13,7,32.360139868672896,76.72327585045802,2.4879154027657955,-17.60288954140148,54.19335554024262,71.7962450816441,-35.02678631525791,185.87891799552008
exclude_qc_candidates,14,both_feet_imagery,FC6,mu,7,16.95705719359063,48.4215907887214,-1.8291686950530404,-7.802097676506651,13.502344948978557,21.30444262548521,-14.231808688162394,123.35988319340603
exclude_qc_candidates,14,both_feet_imagery,FCz,beta,7,22.57683323613376,37.173923813858025,17.00576351729905,4.609434335289832,27.830359809703463,23.220925474413633,-20.078858613376866,96.23133945902754
exclude_qc_candidates,14,both_feet_imagery,FCz,central_12_13,7,52.255281381390304,80.06143534116548,44.18620480037474,10.498138063244642,94.83189495752688,84.33375689428225,-65.7234582462743,176.66415707408856
exclude_qc_candidates,14,both_feet_imagery,FCz,mu,7,27.412360603757218,52.819215002409685,10.655977433345846,-13.382014852663367,53.67510125146843,67.05711610413181,-22.417840890875738,123.06221488622029
exclude_qc_candidates,14,both_feet_imagery,FT7,beta,7,21.199567798032366,80.92138455019989,10.96358994042413,-32.99413088542237,78.75048052878883,111.74461141421119,-85.40699431268828,131.32767967175778
exclude_qc_candidates,14,both_feet_imagery,FT7,central_12_13,7,137.56685951573212,223.74033781304124,40.70409392924813,-0.5627077268182887,237.9427952085629,238.50550293538117,-60.48063663187064,507.98438434925805
exclude_qc_candidates,14,both_feet_imagery,FT7,mu,7,83.75995804990578,178.29768550176934,4.093336876639499,1.0760369210573006,58.54700139316203,57.470964472104725,-17.33342905922023,480.3137219034824
exclude_qc_candidates,14,both_feet_imagery,FT8,beta,7,-6.36294557832024,29.45542775843458,2.3351353318843793,-16.301389251095657,6.3075925202121965,22.608981771307853,-60.839026419639275,33.950865501280134
exclude_qc_candidates,14,both_feet_imagery,FT8,central_12_13,7,25.02001313537076,86.93213418400013,-9.308767476134495,-20.831950408529977,67.09507461642127,87.92702502495125,-67.24980662084897,159.17241762879618
exclude_qc_candidates,14,both_feet_imagery,FT8,mu,7,19.596830574775066,66.24584442207873,-2.227983944863193,-15.967378384762343,24.42249425988043,40.38987264464277,-38.146860698857466,160.64242691690995
exclude_qc_candidates,14,both_feet_imagery,Fp1,beta,7,10.751934017488955,48.378399383342426,-1.972172152088051,-28.094814917461104,36.20463444343821,64.29944936089932,-30.93601973636138,91.95209095891792
exclude_qc_candidates,14,both_feet_imagery,Fp1,central_12_13,7,85.16185695696659,184.89641966874632,11.937953102981313,0.5780086086553027,75.97761012354968,75.39960151489439,-59.369458961986986,490.45326709336183
exclude_qc_candidates,14,both_feet_imagery,Fp1,mu,7,46.172707439952084,89.99189928234526,64.8266126570921,-31.590114587884255,101.52144614549348,133.11156073337773,-58.31761706861279,176.83729337596682
exclude_qc_candidates,14,both_feet_imagery,Fp2,beta,7,17.44443253341825,29.008465363940484,10.899960953816535,7.08173475547121,35.13223877275331,28.0505040172821,-28.005194235962694,54.78831395962486
exclude_qc_candidates,14,both_feet_imagery,Fp2,central_12_13,7,81.37050114407991,198.67983719109284,-5.206348467196555,-14.042012630329722,75.65273073871083,89.69474336904055,-61.76049694800719,513.3389172070009
exclude_qc_candidates,14,both_feet_imagery,Fp2,mu,7,33.97640113978547,96.38737667481247,16.275708319554326,-45.54097916941237,97.89755272322327,143.43853189263564,-59.089941218066954,175.93589376938914
exclude_qc_candidates,14,both_feet_imagery,Fpz,beta,7,21.095794997254607,41.272529009652565,18.942347723754747,-0.5345735247158568,35.69788831746742,36.23246184218328,-35.506618157482784,93.90820582900717
exclude_qc_candidates,14,both_feet_imagery,Fpz,central_12_13,7,82.20266524457317,166.89128861120517,25.520965334642575,10.916604596240816,65.24678776984187,54.33018317360106,-52.10691651102048,449.67782315622475
exclude_qc_candidates,14,both_feet_imagery,Fpz,mu,7,48.171992397318995,90.24248315111791,59.65836514305925,-30.830538646130737,113.98106804354683,144.81160668967757,-54.18281812916606,165.42734097250752
exclude_qc_candidates,14,both_feet_imagery,Fz,beta,7,44.6339639396704,87.32314065086089,14.116588624226212,-16.292776942560128,74.97365483357319,91.26643177613332,-20.527863000265135,201.48726617170558
exclude_qc_candidates,14,both_feet_imagery,Fz,central_12_13,7,57.95499807370105,89.31638061605665,43.0534684368339,-7.246270559598136,113.98538325554975,121.23165381514788,-44.27312705917093,193.42641974634108
exclude_qc_candidates,14,both_feet_imagery,Fz,mu,7,37.29563146579001,63.62273972514528,3.912095700651278,-9.80402879774865,98.25797290303709,108.06200170078574,-33.46916191696425,113.71859826626621
exclude_qc_candidates,14,both_feet_imagery,Iz,beta,7,21.474232543529087,61.46076232559597,8.60775593537101,-20.382100844801023,44.10734911783287,64.4894499626339,-43.60071181404857,137.86208713731747
exclude_qc_candidates,14,both_feet_imagery,Iz,central_12_13,7,175.39828950454037,306.34611488666906,34.96613858528228,-4.848218435352008,217.26769001453414,222.11590844988615,-18.811172648630805,786.7941174367669
exclude_qc_candidates,14,both_feet_imagery,Iz,mu,7,137.55603058987884,263.66036793705916,-6.339506207300117,-14.873902288281462,207.96934975849632,222.8432520467778,-33.62385393523979,616.6646793312622
exclude_qc_candidates,14,both_feet_imagery,O1,beta,7,36.736586645939504,61.84140269692994,33.07477690345127,-14.589924377565179,63.79080960512507,78.38073398269024,-21.851539769152932,147.5310989321584
exclude_qc_candidates,14,both_feet_imagery,O1,central_12_13,7,246.12651217511873,359.3038334799661,75.87344616858392,21.670953961622963,428.38689510582935,406.7159411442064,-48.83840444835774,795.7348453707004
exclude_qc_candidates,14,both_feet_imagery,O1,mu,7,217.14558194997394,391.46748317016073,15.122969848803793,-19.031830875870597,316.72663359713584,335.7584644730064,-29.721113617074145,939.2276119755575
exclude_qc_candidates,14,both_feet_imagery,O2,beta,7,78.38458980268035,96.66375136039721,50.16785809987126,-4.551010432997849,137.88614411324266,142.43715454624052,-9.55564854702537,241.40965170542705
exclude_qc_candidates,14,both_feet_imagery,O2,central_12_13,7,334.429708886102,573.6867274425523,-22.572780834361637,-28.460081281199436,566.1450458987574,594.6051271799569,-48.854031966184934,1337.0648457681448
exclude_qc_candidates,14,both_feet_imagery,O2,mu,7,279.540164509027,504.2495558327643,-13.586056053936971,-34.056348108959156,456.84501835329183,490.90136646225096,-39.02523436121792,1163.8151014896787
exclude_qc_candidates,14,both_feet_imagery,Oz,beta,7,50.3711451857355,65.4194283456282,52.78513737288683,3.353778234683741,77.56189764353189,74.20811940884815,-26.764436139915773,164.74596331074616
exclude_qc_candidates,14,both_feet_imagery,Oz,central_12_13,7,253.68122700635476,371.1182132121059,41.68709506839721,10.739640177606937,454.73450395982996,443.99486378222304,-23.69828367088305,826.8314893720953
exclude_qc_candidates,14,both_feet_imagery,Oz,mu,7,234.37492954058322,431.51836848054876,3.1482818604219958,-6.071643160037597,291.7853432904906,297.85698645052815,-16.5928969491607,1082.6417216119153
exclude_qc_candidates,14,both_feet_imagery,P1,beta,7,9.158813480980683,27.757349333844065,1.935768448101781,-6.947339003435804,8.253817305366544,15.201156308802348,-10.035465294203098,69.59843460910461
exclude_qc_candidates,14,both_feet_imagery,P1,central_12_13,7,56.8209832282808,56.89281483731537,61.63007351366506,40.0921364534055,101.86864406706601,61.77650761366051,-54.08218698785516,106.27743503121263
exclude_qc_candidates,14,both_feet_imagery,P1,mu,7,52.850859116165545,65.70756685877588,43.4114262392283,11.119008605618305,95.04418429205157,83.92517568643326,-37.23766654240258,151.4558683209933
exclude_qc_candidates,14,both_feet_imagery,P2,beta,7,45.026541923218524,58.15675805603748,36.46545501610472,21.273568942406662,53.35154428796539,32.07797534555873,-30.592650874567962,160.0627628602488
exclude_qc_candidates,14,both_feet_imagery,P2,central_12_13,7,176.37813233323445,292.2246107482151,57.878248357736965,22.31076997851617,187.13693939201093,164.82616941349477,-37.78037269142411,795.653631925274
exclude_qc_candidates,14,both_feet_imagery,P2,mu,7,122.59898778460986,187.35174196226185,34.664048831711746,12.724826794811406,165.90420619581903,153.17937940100762,-19.33891848638526,485.6097181656815
exclude_qc_candidates,14,both_feet_imagery,P3,beta,7,4.466484835246886,12.54944152598263,7.8577888587116975,-1.822226398311698,13.521052346961403,15.3432787452731,-17.55306926465757,17.563022355374667
exclude_qc_candidates,14,both_feet_imagery,P3,central_12_13,7,41.47667115884712,78.85661111501621,26.77995481651654,-5.68609084559734,93.49694376812886,99.18303461372619,-60.797159610780646,148.7321970611309
exclude_qc_candidates,14,both_feet_imagery,P3,mu,7,21.548306866647465,56.08887912587054,-12.177122455255022,-22.116502837889872,74.78477643290248,96.90127927079234,-34.52553202748042,92.2042553592425
exclude_qc_candidates,14,both_feet_imagery,P4,beta,7,44.65695194821514,56.8276286349064,32.001007508989424,15.990201277402058,74.29763628163695,58.3074350042349,-34.86239400808316,134.88437501852172
exclude_qc_candidates,14,both_feet_imagery,P4,central_12_13,7,187.76675663447455,338.6908296156313,71.44896481297044,20.825892751597312,167.0010716465101,146.1751788949128,-57.70624081431065,924.9706436464469
exclude_qc_candidates,14,both_feet_imagery,P4,mu,7,112.9057683224787,180.29485206688975,32.707741040013616,6.113518309908791,188.54174590151155,182.42822759160276,-42.216845353317375,410.5389541478141
exclude_qc_candidates,14,both_feet_imagery,P5,beta,7,8.300625503429881,18.926491405688992,5.774250808764685,-2.5751858680665967,25.239397841760194,27.814583709826792,-21.187503535965746,28.18920730382303
exclude_qc_candidates,14,both_feet_imagery,P5,central_12_13,7,40.904983849979835,70.95200030028558,54.33932629555278,-5.486504648094703,85.91933173522887,91.40583638332357,-65.03627691659553,136.16618339663322
exclude_qc_candidates,14,both_feet_imagery,P5,mu,7,12.844466773677665,42.52619381916187,2.351101050346285,-16.054688664108994,37.48808265385511,53.5427713179641,-38.6250858616542,83.31846424755935
exclude_qc_candidates,14,both_feet_imagery,P6,beta,7,57.28821000296722,54.86164005263184,74.9048463334919,26.008238565201058,93.56768344113553,67.55944487593447,-35.14203355645434,122.10281323105981
exclude_qc_candidates,14,both_feet_imagery,P6,central_12_13,7,180.63539977910594,312.8474372924842,57.930138115755234,40.79306239368072,163.34387035933537,122.55080796565466,-64.13726962107962,862.3810644530339
exclude_qc_candidates,14,both_feet_imagery,P6,mu,7,111.8974264617299,171.01786618620181,33.21337236707837,22.757140375017038,189.1109872398875,166.35384686487046,-47.7855038929875,374.11786152820935
exclude_qc_candidates,14,both_feet_imagery,P7,beta,7,12.652123002506473,42.56482151561397,6.86678792774474,-22.10454669089068,41.07216736433642,63.1767140552271,-31.523886078349115,75.28671782125821
exclude_qc_candidates,14,both_feet_imagery,P7,central_12_13,7,29.755260406064046,72.99862300622168,37.28513442330277,-23.88518406868797,76.741240933901,100.62642500258897,-67.96489547142507,133.25447016014454
exclude_qc_candidates,14,both_feet_imagery,P7,mu,7,4.467046772492913,49.20268398642328,-8.193943375729216,-30.13385130003106,23.148632386175873,53.28248368620693,-44.1144389039585,97.5481475148485
exclude_qc_candidates,14,both_feet_imagery,P8,beta,7,52.009218653915305,51.60762761803823,64.8618404353444,24.56783665224726,74.42006971205461,49.852233059807354,-30.90236383850925,132.12924125196824
exclude_qc_candidates,14,both_feet_imagery,P8,central_12_13,7,101.42277027078424,125.39691230524414,80.55773611880475,34.5484788353783,118.14475155729323,83.59627272191494,-33.67378585106555,357.68898084240743
exclude_qc_candidates,14,both_feet_imagery,P8,mu,7,66.30654703023056,75.00963719862042,35.30000567579995,27.70705829156941,104.93848650379115,77.23142821222174,-15.96607673908787,179.5208106841807
exclude_qc_candidates,14,both_feet_imagery,PO3,beta,7,15.528353867723455,28.069604674827335,5.885564941002507,-6.743347257783649,40.20723100430729,46.950578262090936,-16.66547882657441,52.550623466588796
exclude_qc_candidates,14,both_feet_imagery,PO3,central_12_13,7,105.4477773373685,98.67628544944665,130.35668055285797,53.50880734587866,173.3267945012687,119.81798715539003,-58.08699694508548,212.19355405951242
exclude_qc_candidates,14,both_feet_imagery,PO3,mu,7,69.30756471360635,122.86197809741965,15.815043129882561,-8.394395954100329,101.10250776984834,109.49690372394868,-35.13649729576981,319.05818352963564
exclude_qc_candidates,14,both_feet_imagery,PO4,beta,7,102.99402286934605,112.66180266355508,42.45943860317448,31.391907877530425,173.42669494127313,142.0347870637427,-20.99423712404947,289.85575296869024
exclude_qc_candidates,14,both_feet_imagery,PO4,central_12_13,7,376.7997587322855,625.5081054867004,19.57314919641805,13.819885198591464,543.14641554133,529.3265303427386,-57.62331492566863,1561.7158753754056
exclude_qc_candidates,14,both_feet_imagery,PO4,mu,7,290.0871063671766,511.54678903199937,4.896349710188796,-4.017030410445294,377.7967761107313,381.81380652117656,-37.12024079340417,1315.2741442528795
exclude_qc_candidates,14,both_feet_imagery,PO7,beta,7,15.162709962926966,34.61992866917148,0.43073890583714114,-10.007015942503463,39.74115576092079,49.748171703424255,-22.916415358998087,69.15636655681506
exclude_qc_candidates,14,both_feet_imagery,PO7,central_12_13,7,99.92121245393629,107.7304131116307,92.34623135094539,30.5488296057229,189.51695737768324,158.96812777196033,-59.738870498612336,226.7095523584087
exclude_qc_candidates,14,both_feet_imagery,PO7,mu,7,65.2608483972994,118.73037487283172,-1.0238539012608423,-15.684565700935789,119.67643368948109,135.36099939041688,-35.27410643074227,285.1401631360083
exclude_qc_candidates,14,both_feet_imagery,PO8,beta,7,118.46364760788568,110.31907020699394,66.87279864379784,46.14516312599868,214.82616107553923,168.68099794954054,-19.086633750855697,259.5167199591817
exclude_qc_candidates,14,both_feet_imagery,PO8,central_12_13,7,393.6994420966021,649.1444257745842,56.9010489320041,18.350767397550243,484.2995569254076,465.94878952785734,-41.18061707039721,1734.8750141686921
exclude_qc_candidates,14,both_feet_imagery,PO8,mu,7,252.78797274071505,411.8327437889645,28.269657837491867,-9.37710482562998,418.9134141713405,428.2905189969705,-29.94760401985583,952.1211366759479
exclude_qc_candidates,14,both_feet_imagery,POz,beta,7,33.77521979037141,49.4226381232339,26.61681315029482,8.476909567668764,40.62671441208583,32.14980484441707,-20.822284364323586,132.42476178711942
exclude_qc_candidates,14,both_feet_imagery,POz,central_12_13,7,121.00959224251885,140.63230565627256,76.3566964768328,20.245420825649465,220.01511338401914,199.76969255836968,-32.831476523195576,323.0208573246575
exclude_qc_candidates,14,both_feet_imagery,POz,mu,7,113.89278689069847,189.8207946837855,43.00825339025124,32.81673925512785,95.05942957582559,62.24269032069774,-29.82295081191176,528.3118679946429
exclude_qc_candidates,14,both_feet_imagery,Pz,beta,7,20.615399658272306,46.09437939147438,20.742271826623377,-18.684376805435882,41.95997515377357,60.64435195920945,-23.765356447837995,100.77968553244537
exclude_qc_candidates,14,both_feet_imagery,Pz,central_12_13,7,71.70952659043421,85.36202811963122,48.900549646678954,44.36234278811504,66.9351777641778,22.57283497606275,-22.353382757900814,252.82447813967565
exclude_qc_candidates,14,both_feet_imagery,Pz,mu,7,56.20217099201422,46.820444759284264,63.23329953995201,41.69651328028656,77.40310619129559,35.70659291100903,-28.528962963760232,120.51162142474348
exclude_qc_candidates,14,both_feet_imagery,T10,beta,7,7.134136520148485,29.573316891403277,9.275771894462604,1.3099129257690407,19.679445765514345,18.369532839745304,-48.638129009030386,47.32259537304039
exclude_qc_candidates,14,both_feet_imagery,T10,central_12_13,7,17.049546936643345,48.794648536484665,15.213164576292256,-19.401743491685572,34.13928143890015,53.54102493058572,-31.628451875734953,106.28703996151698
exclude_qc_candidates,14,both_feet_imagery,T10,mu,7,21.053248047741672,58.36016343152171,4.323395083314899,-21.799039023053837,48.335511524617985,70.13455054767182,-36.87753583345119,126.85393208119967
exclude_qc_candidates,14,both_feet_imagery,T7,beta,7,39.744350945750476,78.89438153679922,33.60218964047195,8.882398640535536,64.84244160881656,55.96004296828102,-80.72341419827725,177.88200067935452
exclude_qc_candidates,14,both_feet_imagery,T7,central_12_13,7,71.08306180546626,162.81871527864698,12.507902596045499,-16.876811825520036,91.58260097540452,108.45941280092455,-68.33855608989862,404.00050783234786
exclude_qc_candidates,14,both_feet_imagery,T7,mu,7,48.92550350360812,134.60607204475016,4.32684200111384,-14.388449531332789,34.24035010806756,48.62879963940035,-46.73377840181156,345.181659772485
exclude_qc_candidates,14,both_feet_imagery,T8,beta,7,7.102025833908231,16.159164687156622,2.8407047966352867,-3.208566920507063,19.154696102503024,22.363263023010088,-14.103425756002721,29.084643432733127
exclude_qc_candidates,14,both_feet_imagery,T8,central_12_13,7,-24.410895693928182,23.975022907475235,-32.46455186953526,-36.386346115973495,-8.967872464106616,27.41847365186688,-57.16045955368187,9.457178725880079
exclude_qc_candidates,14,both_feet_imagery,T8,mu,7,-4.202939791446676,33.35399696936763,2.770482707280562,-23.95241359590341,17.9356892733259,41.88810286922931,-56.87892389371578,36.72131129146351
exclude_qc_candidates,14,both_feet_imagery,T9,beta,7,30.549490222014573,73.26852477017465,13.702479855193344,-4.055473933775038,80.39736658093409,84.45284051470912,-77.45430922970107,124.91447563429165
exclude_qc_candidates,14,both_feet_imagery,T9,central_12_13,7,75.68889392836887,129.31874089126603,52.45818900865633,-16.261172172626104,160.01054544063368,176.2717176132598,-64.82198508486353,254.68730703877404
exclude_qc_candidates,14,both_feet_imagery,T9,mu,7,32.344156374373135,92.43030336833934,4.171248982746986,-27.237549084038378,64.50388033830292,91.7414294223413,-59.324951079676964,207.03013420901286
exclude_qc_candidates,14,both_feet_imagery,TP7,beta,7,33.59641663575894,66.08740145677461,26.093984076773125,-3.764415625701184,80.37842504569738,84.14284067139857,-68.79293429385343,124.64584782740046
exclude_qc_candidates,14,both_feet_imagery,TP7,central_12_13,7,30.295479040414996,44.45132312159641,50.26774852088897,-5.854382127711118,63.15318071428453,69.00756284199565,-32.96281999788919,80.16582758675838
exclude_qc_candidates,14,both_feet_imagery,TP7,mu,7,23.518001239224848,42.12323356991419,7.441785511202304,-9.441936102563234,58.62940628163328,68.07134238419651,-22.75297770192443,81.56226050715595
exclude_qc_candidates,14,both_feet_imagery,TP8,beta,7,3.994974532852729,25.48285707467525,1.9143581466174193,-2.604477993730052,8.687280474676141,11.291758468406194,-36.089331187496654,49.974189808956154
exclude_qc_candidates,14,both_feet_imagery,TP8,central_12_13,7,19.733048985058666,29.29095067326665,9.693788725722017,4.821135748879988,38.183689202753584,33.362553453873595,-21.5281307580093,63.956035024430776
exclude_qc_candidates,14,both_feet_imagery,TP8,mu,7,17.3410332756296,32.56489881737569,27.39457846087505,-3.171812034709566,39.97636058375316,43.14817261846273,-32.18995006823791,52.57350743868285
exclude_qc_candidates,14,both_fists_imagery,AF3,beta,7,-22.026337848040832,11.540023518115499,-22.107724692049228,-31.120962560148143,-12.985210032191327,18.135752527956818,-36.37560632013761,-7.488688739420056
exclude_qc_candidates,14,both_fists_imagery,AF3,central_12_13,7,-18.621494363455646,38.71876192933258,4.569828764693641,-57.45255490038969,7.057380011823185,64.50993491221288,-62.19700713058815,28.067067598837998
exclude_qc_candidates,14,both_fists_imagery,AF3,mu,7,-23.19746086871666,25.519954578409394,-18.92856840647989,-35.057278821788756,-8.368641321624953,26.688637500163804,-66.86333388093757,10.261516493228255
exclude_qc_candidates,14,both_fists_imagery,AF4,beta,7,-13.798510651651567,19.571524297268358,-9.45308710188294,-16.464955626152758,-2.8454784993902735,13.619477126762485,-53.99768915398671,5.482069945394751
exclude_qc_candidates,14,both_fists_imagery,AF4,central_12_13,7,-1.692722647847301,39.726328718918644,-8.77203752458382,-14.344969149271133,12.082699228341724,26.427668377612857,-63.08289186231726,64.53041069382878
exclude_qc_candidates,14,both_fists_imagery,AF4,mu,7,4.1680827555052815,33.27703077335942,0.8734040807332859,-6.307263309186536,30.7428338351414,37.050097144327935,-57.51547226801013,36.947506423904095
exclude_qc_candidates,14,both_fists_imagery,AF7,beta,7,-21.599173899729774,11.547652507182365,-18.399077085011495,-30.991346819468387,-14.913069991643324,16.078276827825064,-36.07680193057148,-4.909504660302031
exclude_qc_candidates,14,both_fists_imagery,AF7,central_12_13,7,-18.963935231015064,38.11693687635831,-3.6939996463582085,-55.93925045014892,6.570552826526302,62.50980327667522,-61.77473097363383,31.458579250131834
exclude_qc_candidates,14,both_fists_imagery,AF7,mu,7,-24.149009765207204,23.62598244923598,-22.18181543670011,-32.62595377503444,-9.335794196854,23.29015957818044,-66.63789323663255,3.7001362606591046
exclude_qc_candidates,14,both_fists_imagery,AF8,beta,7,-13.034177249031075,23.806918602692626,-10.515026181144812,-20.07630348733752,-9.095959345513371,10.980344141824148,-51.38878083164375,29.009091935272817
exclude_qc_candidates,14,both_fists_imagery,AF8,central_12_13,7,15.365162196623428,49.62960263292629,22.604431493672195,-27.92362133938527,55.71358479261852,83.6372061320038,-45.1566992764267,74.52847625265201
exclude_qc_candidates,14,both_fists_imagery,AF8,mu,7,15.535220217409645,54.92897567304817,-5.027053158672746,-27.916444402571813,63.48789858936496,91.40434299193677,-44.133392581734995,86.76407888868896
exclude_qc_candidates,14,both_fists_imagery,AFz,beta,7,-20.431216031018298,32.99926382802831,-18.559028301116903,-41.158732678367514,-6.220167810104977,34.93856486826254,-61.57780674888748,31.876123809821276
exclude_qc_candidates,14,both_fists_imagery,AFz,central_12_13,7,-9.38962275193406,58.99763969960933,-11.541149319816466,-44.43688621662437,5.159499935406366,49.59638615203074,-79.3005678487327,103.66913046744676
exclude_qc_candidates,14,both_fists_imagery,AFz,mu,7,-4.968682193372059,55.97223964718545,-26.394361984392326,-36.578538056191846,21.215086362538845,57.79362441873069,-67.79045387697785,90.13094389507177
exclude_qc_candidates,14,both_fists_imagery,C1,beta,7,-33.354859319834894,17.451353420835755,-33.01829121478912,-44.05753417247492,-20.802462097279193,23.255072075195724,-58.4501895456502,-12.295541938896736
exclude_qc_candidates,14,both_fists_imagery,C1,central_12_13,7,-34.56557598011815,26.720131257843576,-39.80293884061049,-45.43902641276994,-35.3595990244481,10.07942738832184,-62.403689248904406,21.844847103123946
exclude_qc_candidates,14,both_fists_imagery,C1,mu,7,-20.817461801085845,17.126684996884123,-15.727031584656354,-26.117005858761882,-9.449907559444114,16.667098299317768,-53.92187309495254,-4.9395010915800315
exclude_qc_candidates,14,both_fists_imagery,C2,beta,7,-25.144338750136715,21.614245196296846,-34.7481920857533,-41.40647824657036,-9.963427624394784,31.443050622175576,-46.59781416223003,8.075446738956613
exclude_qc_candidates,14,both_fists_imagery,C2,central_12_13,7,-18.029634366683457,56.60962406539095,-39.90678085356538,-54.29456957734642,14.998551004669118,69.29312058201555,-73.98204955967843,66.27342699181423
exclude_qc_candidates,14,both_fists_imagery,C2,mu,7,-23.754091221180506,38.77776621256668,-47.68539202591184,-51.961869105773516,2.7517397544278843,54.713608860201404,-56.92746656178093,36.75447874212053
exclude_qc_candidates,14,both_fists_imagery,C3,beta,7,-26.556538158735172,22.789244935782918,-36.30716466630288,-41.61946106120179,-11.378639854269267,30.240821206932523,-53.78008329655994,10.187682682658751
exclude_qc_candidates,14,both_fists_imagery,C3,central_12_13,7,-56.84573403931312,24.77985669918923,-61.36085822247091,-71.52151251893645,-55.501311982884474,16.020200536051973,-77.89255488002878,-4.621076169050251
exclude_qc_candidates,14,both_fists_imagery,C3,mu,7,-48.03011581421917,14.029295438712563,-52.33593157631184,-58.81437082657693,-40.61605817935813,18.198312647218806,-60.75621109315054,-24.257810018201678
exclude_qc_candidates,14,both_fists_imagery,C4,beta,7,-21.665854375038215,26.307272270915306,-16.195225540929826,-44.34310938603082,-4.43103979728835,39.91206958874247,-52.42066102217919,14.50320430447988
exclude_qc_candidates,14,both_fists_imagery,C4,central_12_13,7,-47.080351636309366,36.32859471810293,-52.28373306890746,-71.21015472655887,-25.392561487483704,45.817593239075165,-89.10892100292504,5.035625045752099
exclude_qc_candidates,14,both_fists_imagery,C4,mu,7,-53.9147537917479,17.322532217681626,-52.7919888786804,-60.48573255749092,-44.311103812792446,16.174628744698474,-84.57818167075621,-30.439433252231957
exclude_qc_candidates,14,both_fists_imagery,C5,beta,7,-21.746643626861548,21.054081990351975,-21.73678052752504,-37.03703770506901,-7.3321152634271956,29.704922441641816,-48.82175036542532,7.070331441911974
exclude_qc_candidates,14,both_fists_imagery,C5,central_12_13,7,-20.02822844449737,27.755607893160235,-25.845142988332412,-39.94851772596884,-9.97622642549674,29.9722913004721,-47.4887024119591,32.98573459174109
exclude_qc_candidates,14,both_fists_imagery,C5,mu,7,-19.398764092960196,16.994071116657764,-22.275451517907733,-30.893011085298248,-10.976155604095656,19.916855481202592,-38.15540111526707,8.377837361241241
exclude_qc_candidates,14,both_fists_imagery,C6,beta,7,-20.44521877937181,21.991731487088437,-13.464347104478973,-37.04373270861013,-2.4033227080693393,34.64041000054079,-51.35515986131914,0.5970863435543625
exclude_qc_candidates,14,both_fists_imagery,C6,central_12_13,7,-28.886555835980314,36.917175003424596,-42.21877694860528,-48.05661943292009,-17.025808671298073,31.030810761622014,-68.36423801641844,38.54198032159784
exclude_qc_candidates,14,both_fists_imagery,C6,mu,7,-30.756698057938856,32.48672946023798,-41.688530432481144,-52.58919455247353,-16.69568841477085,35.89350613770268,-64.47178957976656,29.43319954116447
exclude_qc_candidates,14,both_fists_imagery,CP1,beta,7,-9.322956796483627,48.30420729578333,-26.147580384354043,-45.85249156577492,26.23360957651383,72.08610114228875,-61.43169270164129,61.556339489132114
exclude_qc_candidates,14,both_fists_imagery,CP1,central_12_13,7,3.2108261535734957,51.845875863465885,-6.103068708199027,-35.222609895709965,35.72207952854472,70.94468942425468,-53.99285295437764,81.57276547192161
exclude_qc_candidates,14,both_fists_imagery,CP1,mu,7,-6.779506247152989,43.54190026931381,-24.90388420329128,-31.327988411865434,-4.081637052559154,27.24635135930628,-37.416692029122764,85.6832834311923
exclude_qc_candidates,14,both_fists_imagery,CP2,beta,7,-15.68939561867633,47.51681613622572,-41.42529086873455,-44.564075924326715,14.923641146249842,59.48771707057656,-71.32179329464743,62.202184388801406
exclude_qc_candidates,14,both_fists_imagery,CP2,central_12_13,7,67.2576174656163,118.3427253991383,18.179480084941684,-21.312091300237388,152.03077171504944,173.34286301528684,-57.53193988988162,248.71842123463003
exclude_qc_candidates,14,both_fists_imagery,CP2,mu,7,29.08724729229616,76.1913502349484,9.101750328834772,-31.145650786902998,88.09391511163341,119.2395658985364,-59.29430469009951,139.90675675787705
exclude_qc_candidates,14,both_fists_imagery,CP3,beta,7,-22.97583348171141,25.703909386000465,-27.345924579306665,-31.041230439408828,-12.365678355843542,18.675552083565286,-65.09124155261115,18.420149350442713
exclude_qc_candidates,14,both_fists_imagery,CP3,central_12_13,7,-31.446273247450787,31.433892745841078,-34.42100654832442,-52.63019910281862,-14.819043913733864,37.81115518908476,-70.9186607050847,20.114240554358606
exclude_qc_candidates,14,both_fists_imagery,CP3,mu,7,-30.623812244212594,27.141308546538372,-40.82765384284803,-48.654090970311344,-21.96435961550156,26.689731354809783,-54.79999777824997,22.49786708323565
exclude_qc_candidates,14,both_fists_imagery,CP4,beta,7,-24.007451136783352,37.44477347002219,-33.12179205054227,-44.18707314231469,-19.413255522084746,24.77381762022994,-61.37583246298496,53.64612388484262
exclude_qc_candidates,14,both_fists_imagery,CP4,central_12_13,7,-5.1910805547558185,60.655614609112405,-18.27110178130481,-48.42999967403644,22.508976191561118,70.93897586559756,-71.28540300623054,105.06098786919527
exclude_qc_candidates,14,both_fists_imagery,CP4,mu,7,-9.739314631412253,57.03739771736888,-29.313723014286786,-54.22475295319329,35.075790824815314,89.3005437780086,-73.58953231701662,73.0259771681736
exclude_qc_candidates,14,both_fists_imagery,CP5,beta,7,-31.580479840783973,14.905432091954365,-26.23494618279543,-41.11558823748171,-19.085872466884894,22.029715770596816,-56.41089940003975,-18.01459189391944
exclude_qc_candidates,14,both_fists_imagery,CP5,central_12_13,7,-22.83065807342667,33.77777472523681,-24.42000195054928,-39.09840965428685,-8.368348884671752,30.730060769615093,-72.91226630500101,32.4511788194808
exclude_qc_candidates,14,both_fists_imagery,CP5,mu,7,-23.103218750556202,29.897497144720454,-29.5576024560492,-43.5171735541786,-0.9959205656880954,42.5212529884905,-63.13029777771775,19.991557219606918
exclude_qc_candidates,14,both_fists_imagery,CP6,beta,7,-29.068188998461576,30.545390228245843,-43.81371959154188,-46.78816444691618,-19.431175612461246,27.35698883445493,-56.21284452638646,28.987921247452185
exclude_qc_candidates,14,both_fists_imagery,CP6,central_12_13,7,-54.435443884062124,22.27471421016714,-58.52498582788969,-71.23834819092568,-48.4277833052938,22.810564885631877,-72.71084160266221,-10.480016765444013
exclude_qc_candidates,14,both_fists_imagery,CP6,mu,7,-49.788568031143484,21.029106597946836,-45.83567748367014,-61.34658816631416,-43.965643669899194,17.38094449641497,-78.40654753767924,-13.653287524228288
exclude_qc_candidates,14,both_fists_imagery,CPz,beta,7,-10.740745838662589,48.91497364604379,-32.22214219789189,-49.819360295995054,31.928184814569047,81.7475451105641,-62.89833683133035,55.71760912143613
exclude_qc_candidates,14,both_fists_imagery,CPz,central_12_13,7,57.93886810872978,84.66133796161611,44.41845951028486,-8.49369101082785,119.24243526531146,127.7361262761393,-42.878883634173036,182.53501237602947
exclude_qc_candidates,14,both_fists_imagery,CPz,mu,7,26.157192404679165,54.78327536964189,8.725278257153041,-8.741918308197672,62.47331451298795,71.21523282118562,-34.85737217763777,101.76964834365832
exclude_qc_candidates,14,both_fists_imagery,Cz,beta,7,-37.476734941130545,16.106734111088738,-32.88570020943712,-47.7273495178408,-24.83651024729327,22.89083927054753,-64.01690955166016,-20.30681529654842
exclude_qc_candidates,14,both_fists_imagery,Cz,central_12_13,7,-1.2592233036681162,42.14639554670324,6.598981471027711,-33.154250367826556,23.555532741787715,56.70978310961427,-56.960194335407785,60.74408499078095
exclude_qc_candidates,14,both_fists_imagery,Cz,mu,7,4.868164157473902,38.0632996372728,-2.229223537253242,-22.101016855214453,34.98028997996916,57.08130683518361,-45.21246994863995,55.7602963387011
exclude_qc_candidates,14,both_fists_imagery,F1,beta,7,-50.01621310113806,21.77775734619566,-63.02116890085618,-66.49820062737192,-35.58478618452089,30.91341444285103,-68.18176340933218,-14.744585773992425
exclude_qc_candidates,14,both_fists_imagery,F1,central_12_13,7,-33.947824180686496,40.207896954684706,-48.89371295937024,-53.712416877486035,-17.01940140025235,36.693015477233686,-85.88691002053982,38.609490270581325
exclude_qc_candidates,14,both_fists_imagery,F1,mu,7,-17.738177034041662,46.698079839741574,-24.80122682691929,-50.806167083858156,11.959304307298162,62.76547139115632,-72.08128206997124,50.40899521171888
exclude_qc_candidates,14,both_fists_imagery,F2,beta,7,-30.937633931529522,26.25315058155368,-21.84860112458594,-43.527916041478605,-15.052252755507695,28.47566328597091,-72.51530125585069,-5.039197546297428
exclude_qc_candidates,14,both_fists_imagery,F2,central_12_13,7,-25.35710499323849,57.18350290238212,-43.19230049995308,-53.22208163735691,-22.585051834968766,30.63702980238814,-78.93534319466451,96.2421756865995
exclude_qc_candidates,14,both_fists_imagery,F2,mu,7,-14.311439381388753,52.427949630132076,-33.71928375841625,-36.49581619648641,-3.3415337906841778,33.154282405802235,-72.19803570088311,85.41194376391927
exclude_qc_candidates,14,both_fists_imagery,F3,beta,7,-38.561594807624225,20.674778907380503,-31.2965960110628,-53.04921242164415,-23.160954117194972,29.888258304449177,-69.45738791623478,-16.756846648393797
exclude_qc_candidates,14,both_fists_imagery,F3,central_12_13,7,-22.72403288987138,62.99475803035746,-47.90698276322275,-54.50883683219207,-16.298730947654953,38.210105884537114,-80.13744615773412,110.59133425155125
exclude_qc_candidates,14,both_fists_imagery,F3,mu,7,-8.787633406534567,60.986478127257136,-30.82237304029386,-42.448040566781884,6.849796508494627,49.29783707527651,-68.76486495709707,109.27029226822347
exclude_qc_candidates,14,both_fists_imagery,F4,beta,7,-34.67808893736405,23.814966568853347,-24.384435235729175,-47.94425028391978,-17.99948815246257,29.94476213145721,-72.3938223509266,-14.080888102127886
exclude_qc_candidates,14,both_fists_imagery,F4,central_12_13,7,-23.772550563209915,52.49669389187873,-43.256140418914136,-49.47587043949909,-13.98490883171927,35.49096160777982,-79.40899742162581,83.17884244050724
exclude_qc_candidates,14,both_fists_imagery,F4,mu,7,-12.170324962847522,47.040825734207274,-22.394112749021485,-32.22199612040163,0.41675834077574336,32.63875446117737,-72.76135706820689,73.57367063654749
exclude_qc_candidates,14,both_fists_imagery,F5,beta,7,-34.56564108648195,20.78842361738954,-41.613447898048335,-44.65441626315538,-38.5450380244869,6.109378238668484,-45.96886927515422,12.021738143113437
exclude_qc_candidates,14,both_fists_imagery,F5,central_12_13,7,-16.860869655291104,48.238600165448304,-18.161946262761624,-55.24657990457667,17.512657458506386,72.75923736308306,-75.20383696627387,50.80754053413832
exclude_qc_candidates,14,both_fists_imagery,F5,mu,7,-12.470154829137202,26.920702694441438,-6.433144492572489,-20.86239693026669,5.260936643771911,26.123333574038604,-62.52389734476961,12.86887860637124
exclude_qc_candidates,14,both_fists_imagery,F6,beta,7,-23.648512778581647,18.98892298073236,-14.775895127951859,-26.47035340172247,-13.551237994953466,12.919115406769004,-63.54600832804122,-7.1745032007265905
exclude_qc_candidates,14,both_fists_imagery,F6,central_12_13,7,-14.529486637023679,34.24078910631063,-27.345814958532483,-37.42498737246334,7.446821186662859,44.8718085591262,-53.00104440905797,38.59678528002568
exclude_qc_candidates,14,both_fists_imagery,F6,mu,7,1.9977725877798425,56.02515665411538,-9.876836243235635,-30.218530920617837,14.144449267570117,44.362980188187954,-56.371811300710185,112.38121896450015
exclude_qc_candidates,14,both_fists_imagery,F7,beta,7,-23.143881042155567,15.05978571948747,-23.009158505692234,-32.09419314078313,-19.898001625401193,12.19619151538194,-40.66753466879317,5.65391541176507
exclude_qc_candidates,14,both_fists_imagery,F7,central_12_13,7,0.07989075894895896,54.68919434147704,-1.382978137464449,-50.66908395857534,51.18569320614032,101.85477716471567,-60.57412324509751,61.48311820007472
exclude_qc_candidates,14,both_fists_imagery,F7,mu,7,-8.403384337474021,33.918187819426485,-18.124914812793435,-34.71695566040473,23.69407902990295,58.41103469030768,-49.96847388377536,31.31545159525421
exclude_qc_candidates,14,both_fists_imagery,F8,beta,7,-11.792889228730285,29.290189189495145,-11.845873790892734,-17.801759877568426,-7.210756846928453,10.591003030639973,-60.30629338821144,39.62697602698594
exclude_qc_candidates,14,both_fists_imagery,F8,central_12_13,7,39.32246491563975,83.47892923823716,41.105809630691255,-29.828729746595133,71.11411398303119,100.94284372962632,-40.782515955957734,192.36319226187257
exclude_qc_candidates,14,both_fists_imagery,F8,mu,7,38.685416488361156,98.69509064180637,-6.388125526729863,-33.22703946558691,84.51981226823405,117.74685173382096,-48.27412373358762,222.87461907355126
exclude_qc_candidates,14,both_fists_imagery,FC1,beta,7,-48.32968021818629,9.298952814822757,-45.91253386812449,-54.92870848785881,-42.64218499155676,12.286523496302053,-61.97578424317493,-35.27765645717345
exclude_qc_candidates,14,both_fists_imagery,FC1,central_12_13,7,-39.35113812665724,35.49130033215487,-46.201341250928344,-68.0170127409482,-20.854995773660708,47.1620169672875,-74.44984145288267,22.937232846428138
exclude_qc_candidates,14,both_fists_imagery,FC1,mu,7,-22.961683656341403,33.24522568156999,-35.39659627227786,-46.73403337260427,-5.030502769025948,41.70353060357832,-56.55806825558293,34.75195121673138
exclude_qc_candidates,14,both_fists_imagery,FC2,beta,7,-31.57307770023902,18.40694603636004,-32.77562008214078,-33.86889136120163,-26.816805955249148,7.052085405952479,-64.67417419499536,-2.190354991635431
exclude_qc_candidates,14,both_fists_imagery,FC2,central_12_13,7,-26.807840696044792,89.42487892622972,-64.26055880780083,-69.17816028463572,-43.57854134740256,25.59961893723316,-71.80052379576858,173.91960099533244
exclude_qc_candidates,14,both_fists_imagery,FC2,mu,7,-20.08091050993637,70.72343495201014,-43.65607048526352,-59.06481742292911,-23.099634122454546,35.965183300474564,-67.56689501826408,134.9854950247403
exclude_qc_candidates,14,both_fists_imagery,FC3,beta,7,-40.94358399108686,19.153318099866638,-43.39555422339418,-56.296570298893684,-25.95174588480927,30.344824414084414,-63.838568822525936,-14.874332524282016
exclude_qc_candidates,14,both_fists_imagery,FC3,central_12_13,7,-49.83800327283625,28.389380475326472,-50.93201862467593,-72.53552785362727,-31.1967518905625,41.338775963064776,-82.91208254860918,-7.5573622481890474
exclude_qc_candidates,14,both_fists_imagery,FC3,mu,7,-35.56223006095543,22.83135675049496,-27.390785703730106,-55.26081540664374,-17.50555555996496,37.755259846678776,-65.7086263511985,-10.303456438541986
exclude_qc_candidates,14,both_fists_imagery,FC4,beta,7,-24.671349221011496,26.532053972139146,-27.771783376757647,-37.83792226545087,-7.083217788199999,30.754704477250872,-66.65078854649516,11.56540748347407
exclude_qc_candidates,14,both_fists_imagery,FC4,central_12_13,7,-39.54741650077288,67.42620020692263,-66.7935933579044,-68.52128175128831,-54.60959411600355,13.911687635284764,-75.72354178417633,111.9469713712543
exclude_qc_candidates,14,both_fists_imagery,FC4,mu,7,-37.13807051706461,45.738820546325044,-59.06480701696219,-60.675398696361086,-36.54739227794293,24.128006418418153,-68.77554366572109,62.31943901183899
exclude_qc_candidates,14,both_fists_imagery,FC5,beta,7,-27.661423239629112,15.300900587637809,-26.11015916584664,-36.22457189682135,-16.054226788873788,20.170345107947565,-52.190065141655836,-10.772140998511022
exclude_qc_candidates,14,both_fists_imagery,FC5,central_12_13,7,-21.062032618113133,35.00721672862598,-8.823395171675054,-43.08623028199659,-3.194659117142728,39.891571164853865,-72.82140233786112,26.77234798102288
exclude_qc_candidates,14,both_fists_imagery,FC5,mu,7,-12.704860908911229,25.354302595748813,-11.785455151381822,-28.272983362528123,6.115074917713294,34.38805828024142,-51.09206443693236,18.259310115565256
exclude_qc_candidates,14,both_fists_imagery,FC6,beta,7,-13.984242073223268,27.292686136159425,-17.06291406892242,-31.160041462373314,3.957069509721986,35.117110972095304,-49.76863202942967,23.347795491091894
exclude_qc_candidates,14,both_fists_imagery,FC6,central_12_13,7,-17.85558116719461,38.36593836948886,-24.17319856267271,-46.6915368293451,-7.052622155693335,39.63891467365176,-50.402905947024664,57.075354309411956
exclude_qc_candidates,14,both_fists_imagery,FC6,mu,7,-7.761169422125502,44.691357256342876,-21.83076310181571,-36.34573202280538,19.825940449219832,56.17167247202521,-64.48370754735089,65.02586784145919
exclude_qc_candidates,14,both_fists_imagery,FCz,beta,7,-42.69785920064431,9.456702534214903,-42.844568062100336,-48.14086276979603,-36.056019634721224,12.084843135074806,-57.07344697996386,-30.573234553411453
exclude_qc_candidates,14,both_fists_imagery,FCz,central_12_13,7,-32.39606354273785,40.46478652187036,-46.480985274114786,-57.92576803411028,-25.310288204518407,32.61547982959187,-63.99196139179667,50.17261434400393
exclude_qc_candidates,14,both_fists_imagery,FCz,mu,7,-13.024571735380707,50.20410808382733,-30.07038160072072,-43.22091175738292,-8.119278605999797,35.101633151383126,-50.363672041925014,91.94243222174622
exclude_qc_candidates,14,both_fists_imagery,FT7,beta,7,-23.129432053280578,17.281553336603512,-15.899263543351989,-32.0876639277371,-13.896435385384173,18.191228542352924,-52.87084143961787,-1.1677207637516644
exclude_qc_candidates,14,both_fists_imagery,FT7,central_12_13,7,13.021220321103495,69.95604154935675,-3.971595617652995,-36.34153343113726,48.361069178451224,84.70260260958848,-53.44774641692511,124.52881278767461
exclude_qc_candidates,14,both_fists_imagery,FT7,mu,7,0.9944122875076137,43.50114145087252,-14.022681999898488,-28.520312217289174,29.985376623980173,58.50568884126935,-46.11026233433821,64.16370153340799
exclude_qc_candidates,14,both_fists_imagery,FT8,beta,7,-21.051445899999358,18.141256613188563,-20.11376956556149,-29.505894164274405,-14.918780021203183,14.587114143071222,-48.23438471695329,9.837381353474447
exclude_qc_candidates,14,both_fists_imagery,FT8,central_12_13,7,37.80453818772516,64.56753022677657,38.20246002829193,-9.338300839776212,63.93452881876202,73.27282965853823,-33.61121649286593,150.84806782067852
exclude_qc_candidates,14,both_fists_imagery,FT8,mu,7,29.352338053940915,66.45600223281134,31.76167360799288,-14.309848062602326,51.06098290672127,65.37083096932359,-50.276600906459116,150.47902398781477
exclude_qc_candidates,14,both_fists_imagery,Fp1,beta,7,-13.258642805492325,16.87330469896131,-10.012735195352011,-21.441911524734948,-2.828775226417096,18.61313629831785,-40.796556118921266,6.5401651781310735
exclude_qc_candidates,14,both_fists_imagery,Fp1,central_12_13,7,-16.45091376062687,33.21482794127921,-2.7579038759764116,-46.80107792347632,7.21839718695652,54.01947511043284,-58.16416398723522,24.931033011863136
exclude_qc_candidates,14,both_fists_imagery,Fp1,mu,7,-20.387547822887193,21.260202430393672,-18.822707990325764,-29.969119029265514,-2.7499957743385455,27.21912325492697,-58.70829743081402,0.25640026813755895
exclude_qc_candidates,14,both_fists_imagery,Fp2,beta,7,-7.394304619296095,19.894747636026906,-7.05685949761253,-18.492784928816825,2.3138648428399904,20.806649771656815,-35.851237399989174,23.5058047344827
exclude_qc_candidates,14,both_fists_imagery,Fp2,central_12_13,7,1.3528390475672936,31.02145886593661,14.09683200542249,-15.522360145192284,22.54033373932274,38.06269388451503,-51.4777287603903,32.81482289967794
exclude_qc_candidates,14,both_fists_imagery,Fp2,mu,7,0.13799134725293424,26.638248978471406,2.6500754007865215,-11.434545012195223,10.469336093095794,21.903881105291017,-43.02312929409511,43.26941116227799
exclude_qc_candidates,14,both_fists_imagery,Fpz,beta,7,-10.427530791278874,10.098857473516638,-12.191522259386026,-15.592690643530814,-1.8655574749533876,13.727133168577426,-26.99130837181458,1.1066113292168671
exclude_qc_candidates,14,both_fists_imagery,Fpz,central_12_13,7,-8.557008719178176,28.217845952812034,1.183207304139545,-21.430629315398285,5.623580553652392,27.054209869050677,-58.458046856257205,28.989876041362198
exclude_qc_candidates,14,both_fists_imagery,Fpz,mu,7,-9.010033588697448,22.040702781556607,-10.13075314036153,-24.21535410207134,8.953534163117311,33.168888265188656,-40.44538774019255,18.029545637580014
exclude_qc_candidates,14,both_fists_imagery,Fz,beta,7,-40.186658345093825,28.174471429430394,-41.2500022666909,-56.21697126649895,-33.605111251074455,22.611860015424497,-71.9359019987007,11.523460884881626
exclude_qc_candidates,14,both_fists_imagery,Fz,central_12_13,7,-29.584097135007863,48.65675384111739,-39.34842528954577,-59.26452487667177,-15.059577113463122,44.20494776320865,-82.90977034752802,63.81771967228853
exclude_qc_candidates,14,both_fists_imagery,Fz,mu,7,-15.050666681228376,57.674210291336664,-40.1154753647546,-45.420108375173285,5.759774877726414,51.1798832528997,-75.22985972049676,89.31133531154647
exclude_qc_candidates,14,both_fists_imagery,Iz,beta,7,-10.327366494413369,27.319962916052518,-8.08911885659436,-24.532319387011157,2.9777758508915495,27.510095237902707,-51.09724741839268,30.003887886332688
exclude_qc_candidates,14,both_fists_imagery,Iz,central_12_13,7,-0.23774488436546296,61.538548333536816,0.5215387346168031,-43.03212506041418,32.233658351960756,75.26578341237493,-80.43900500920358,99.85018550093538
exclude_qc_candidates,14,both_fists_imagery,Iz,mu,7,-4.435255803310393,47.426656842940716,-9.279056693787213,-38.145789402239984,27.504919496914372,65.65070889915435,-59.977146103948144,59.49115198521382
exclude_qc_candidates,14,both_fists_imagery,O1,beta,7,-11.634697891406764,30.92829857317245,-11.498638860535488,-23.531763672780173,-9.379617768048586,14.152145904731587,-53.01573508571357,48.89425158805921
exclude_qc_candidates,14,both_fists_imagery,O1,central_12_13,7,10.0143578533546,71.67616149177817,-3.566955408724574,-48.7619956566416,60.193840368012125,108.95583602465373,-58.91631104379943,109.72008200326516
exclude_qc_candidates,14,both_fists_imagery,O1,mu,7,9.118719086394997,57.77219771506272,-8.856113793045603,-28.204001364755154,45.718608800130575,73.92261016488573,-64.43440432823687,102.0923368552966
exclude_qc_candidates,14,both_fists_imagery,O2,beta,7,23.829353134311667,36.95678693692635,4.796267578765642,2.4794673337571957,46.83307612886281,44.353608795105615,-14.911445664887934,78.29556310106396
exclude_qc_candidates,14,both_fists_imagery,O2,central_12_13,7,123.44586290042548,248.42300681186748,44.78127801803974,-37.45144906556635,155.02096737899265,192.472416444559,-50.32202439501173,634.5227500530978
exclude_qc_candidates,14,both_fists_imagery,O2,mu,7,74.21429449637853,126.38942788998496,28.62255030000936,-18.971906580113824,137.03736335446695,156.00926993458077,-42.45248890111042,297.1990865270445
exclude_qc_candidates,14,both_fists_imagery,Oz,beta,7,10.266746660122843,25.18279345109082,12.885841667036889,-3.3570657326596614,20.879521885618495,24.236587618278158,-27.183001465738997,51.11947411364434
exclude_qc_candidates,14,both_fists_imagery,Oz,central_12_13,7,102.42916453101391,194.31587956957537,22.09277238008033,-43.00583920386059,179.89366942508656,222.89950862894716,-52.528689373465426,473.6644082680306
exclude_qc_candidates,14,both_fists_imagery,Oz,mu,7,87.46684385615808,144.46211377442555,21.222091362324637,-25.67115773168416,196.0215416401021,221.69269937178626,-58.6625735258964,309.0076213398424
exclude_qc_candidates,14,both_fists_imagery,P1,beta,7,8.318886369968636,67.2103654480481,-11.403790694730441,-36.26226413340406,16.73891782408469,53.001181957488754,-41.096040368364456,149.7787282715141
exclude_qc_candidates,14,both_fists_imagery,P1,central_12_13,7,33.429199775019,72.45011237688473,64.55580828525659,-23.74617159689222,84.0914943265021,107.83766592339433,-67.0183664799574,115.77631116061399
exclude_qc_candidates,14,both_fists_imagery,P1,mu,7,35.17105581080494,76.35935111277558,35.00511716891427,-18.802174089535114,83.11562640053069,101.9178004900658,-64.4161810719967,146.98154995672587
exclude_qc_candidates,14,both_fists_imagery,P2,beta,7,6.452296524835361,44.57256544899277,-4.823281307266097,-27.101175864106857,38.86951412060999,65.97068998471684,-45.02449116588313,71.47717163399048
exclude_qc_candidates,14,both_fists_imagery,P2,central_12_13,7,200.40410303120976,247.6346424215157,150.96165564839706,7.439609950156175,364.3663954432184,356.9267854930622,-60.1328591431705,568.3879139264925
exclude_qc_candidates,14,both_fists_imagery,P2,mu,7,177.17466605280453,196.15862924253102,191.62727788415313,25.644169845361873,278.105798302332,252.46162845697012,-57.06803015235945,498.16347834245005
exclude_qc_candidates,14,both_fists_imagery,P3,beta,7,-10.730121492140508,43.245198636880815,-24.299628816180153,-39.50727485660245,9.215069349677526,48.72234420627998,-58.58092973716954,68.35411912221599
exclude_qc_candidates,14,both_fists_imagery,P3,central_12_13,7,-15.049615110887274,41.61088060603863,0.8276247328460272,-49.814835101328526,11.569073183734655,61.383908285063185,-70.45345687186779,40.77005019799858
exclude_qc_candidates,14,both_fists_imagery,P3,mu,7,-8.550620648529662,43.58760297649094,-14.2140807700094,-30.35057185684027,7.276836688039575,37.62740854487984,-68.86978551514076,69.37699208304392
exclude_qc_candidates,14,both_fists_imagery,P4,beta,7,-4.532662629405605,37.0586867437492,-17.36038501533337,-31.35967861408856,11.222244187661634,42.581922801750196,-38.203965059559835,64.11058052190782
exclude_qc_candidates,14,both_fists_imagery,P4,central_12_13,7,105.08582760765954,148.52093450610639,99.07011150148143,-18.55422782594588,200.43724245209097,218.99147027803684,-55.380857329665446,328.1455098295106
exclude_qc_candidates,14,both_fists_imagery,P4,mu,7,96.86272277353677,128.97208854420253,98.20463543808515,0.6407014957803909,154.52145499315083,153.88075349737045,-50.17144458780365,319.6815555866134
exclude_qc_candidates,14,both_fists_imagery,P5,beta,7,-21.586087607542385,31.85245618309542,-25.397225838059335,-38.12245763802055,-12.76512486701943,25.35733277100112,-62.58404741829955,38.65382501364219
exclude_qc_candidates,14,both_fists_imagery,P5,central_12_13,7,-27.764059735329813,33.29299097658827,-10.936196856925928,-57.99125326227109,-9.308527264616004,48.68272599765508,-68.15876305551386,19.34610281890531
exclude_qc_candidates,14,both_fists_imagery,P5,mu,7,-19.83193465039624,29.359104798853917,-17.873108696200585,-38.186825551322315,1.4738999870056624,39.66072553832798,-61.25011136532408,13.725528637384306
exclude_qc_candidates,14,both_fists_imagery,P6,beta,7,-6.360107397232606,32.992442338518195,-1.147732393395458,-33.473805725002954,10.681793002631636,44.15559872763459,-44.65967381691779,46.87067987442764
exclude_qc_candidates,14,both_fists_imagery,P6,central_12_13,7,7.678676887722914,72.85387122503423,-14.215820933909109,-47.66657295870375,48.98583647750945,96.6524094362132,-62.751232546884516,128.07926465724262
exclude_qc_candidates,14,both_fists_imagery,P6,mu,7,6.243305982125464,39.99074090112647,26.01246452000431,-23.306367435830488,29.764165998022094,53.07053343385258,-53.49966277667167,58.2747430071624
exclude_qc_candidates,14,both_fists_imagery,P7,beta,7,-35.147242345505504,15.939583650590347,-38.026514908265995,-45.13859454998416,-24.511027869393295,20.627566680590867,-57.44477189564176,-11.260164775875865
exclude_qc_candidates,14,both_fists_imagery,P7,central_12_13,7,-30.465878581616597,39.75041232857304,-47.00927722980357,-50.6062505557215,-7.897587315085392,42.70866324063611,-78.55068540560845,29.306488305709635
exclude_qc_candidates,14,both_fists_imagery,P7,mu,7,-25.35056590989861,28.5182644104513,-21.614158563318213,-44.511952378042004,-12.304957933763717,32.20699444427829,-63.27710409917619,21.071121916815574
exclude_qc_candidates,14,both_fists_imagery,P8,beta,7,-1.2830443333966461,29.43939477166245,7.219990557673035,-17.05196556778823,13.423675990476355,30.475641558264584,-49.83554904457462,40.89082730774881
exclude_qc_candidates,14,both_fists_imagery,P8,central_12_13,7,-4.6974341383130405,66.95810786200806,-32.28442443593422,-48.97223843633525,26.883007600935763,75.85524603727102,-66.81087040525037,110.3917175437923
exclude_qc_candidates,14,both_fists_imagery,P8,mu,7,-4.741696553029105,31.067444048836805,-18.953357609998324,-22.2773142098779,0.4386691840811583,22.715983393959057,-30.04093581544157,59.479707605829645
exclude_qc_candidates,14,both_fists_imagery,PO3,beta,7,-12.492062059188134,49.264215293736996,-17.981124674501007,-44.678658123227635,-10.93522185758074,33.74343626564689,-50.50228458866202,92.26673481046284
exclude_qc_candidates,14,both_fists_imagery,PO3,central_12_13,7,-6.972505644431116,47.55845040463147,-12.27147709814397,-37.55064372972225,25.407415644742706,62.95805937446496,-65.73336081896355,53.48375457604879
exclude_qc_candidates,14,both_fists_imagery,PO3,mu,7,-2.385794454039083,34.88396740248553,13.63108213167389,-19.19836961434586,20.02164103162785,39.220010645973716,-62.93391213095637,30.955725986444918
exclude_qc_candidates,14,both_fists_imagery,PO4,beta,7,26.220231620562085,55.966936993913066,3.0658216976468675,-19.247710597869347,66.08268843212915,85.33039902999849,-27.170383466158782,113.97622744392693
exclude_qc_candidates,14,both_fists_imagery,PO4,central_12_13,7,176.78434314662238,298.5839946504475,39.66286776638332,2.6834549961234124,223.31756139859345,220.63410640247005,-53.113383419097076,798.9388848896367
exclude_qc_candidates,14,both_fists_imagery,PO4,mu,7,160.19551856132898,189.267017971015,112.86970070552869,28.111106045282604,246.24023796926554,218.12913192398292,-46.890975212297114,506.6872164069749
exclude_qc_candidates,14,both_fists_imagery,PO7,beta,7,-19.661082600507036,39.81436917826807,-22.098351758773457,-45.856526244268196,-15.588640294594821,30.267885949673374,-55.13297171292281,62.49407834587304
exclude_qc_candidates,14,both_fists_imagery,PO7,central_12_13,7,-18.35372797648798,46.9233063538916,-31.42424521246088,-47.471494672896874,8.32921653490321,55.800711207800084,-67.45830606786507,48.691011720897386
exclude_qc_candidates,14,both_fists_imagery,PO7,mu,7,-15.835010970772373,25.58222256080207,-14.192104051670531,-28.400015796981137,-3.616705102398302,24.783310694582834,-55.56500223408835,22.945471289111133
exclude_qc_candidates,14,both_fists_imagery,PO8,beta,7,30.472772117278986,53.86516856259618,17.2659447724026,-6.871612372273924,58.390828416594694,65.26244078886862,-29.99899141510948,123.00401937501822
exclude_qc_candidates,14,both_fists_imagery,PO8,central_12_13,7,50.82918010662235,134.11949345589773,-20.612439459566264,-31.627882031366813,87.22147860972692,118.84936064109372,-33.38052634547527,298.6100333946779
exclude_qc_candidates,14,both_fists_imagery,PO8,mu,7,38.87920573147461,82.810675957541,-4.939587652756981,-9.341692469705928,56.645516758511334,65.98720922821727,-18.317568117473254,200.80394731294172
exclude_qc_candidates,14,both_fists_imagery,POz,beta,7,14.53555186718676,35.353727373007,12.885196092069974,-4.271417787216203,18.939226538424183,23.210644325640388,-24.965281643521585,84.49333111934297
exclude_qc_candidates,14,both_fists_imagery,POz,central_12_13,7,117.96486559790368,171.55869845090854,49.10463050087653,-17.608668694495165,254.78308870899718,272.39175740349236,-55.48458688933035,357.7851755447756
exclude_qc_candidates,14,both_fists_imagery,POz,mu,7,124.26064144191665,169.8553331172302,121.72675513170984,-8.011812757481433,203.2987348327204,211.31054759020185,-59.58146725383389,417.1053580650628
exclude_qc_candidates,14,both_fists_imagery,Pz,beta,7,8.623057187697837,50.483356915902206,-6.560511163032711,-30.289916628530868,41.23145010851762,71.52136673704848,-44.39101073393056,89.42985525087462
exclude_qc_candidates,14,both_fists_imagery,Pz,central_12_13,7,105.4232855070976,126.99071462146671,136.60248333702893,9.197243531742728,176.47389282304124,167.2766492912985,-60.15088965889721,290.1691321619836
exclude_qc_candidates,14,both_fists_imagery,Pz,mu,7,82.66153817571664,97.73354704000602,90.68941201360889,18.948136136432836,159.49530998140307,140.54717384497025,-57.62245263557331,188.67691561630917
exclude_qc_candidates,14,both_fists_imagery,T10,beta,7,-15.388585954022703,23.492494916617268,-20.02480633890155,-30.122414630415047,-10.552948336420759,19.56946629399429,-38.29344606869159,31.94887666310581
exclude_qc_candidates,14,both_fists_imagery,T10,central_12_13,7,8.179933787261852,39.02924135286614,12.474518881938934,-28.040721170730453,40.699168930129915,68.73989010086036,-36.278909070436676,55.74703118053179
exclude_qc_candidates,14,both_fists_imagery,T10,mu,7,14.972428709369714,40.71806214376581,10.930653034856709,-11.0549286151515,38.818407223437774,49.87333583858927,-35.29013187066728,73.63952258482603
exclude_qc_candidates,14,both_fists_imagery,T7,beta,7,-25.861523385618018,19.708952434023857,-25.253368208883693,-32.573634399747256,-10.541856654170536,22.03177774557672,-62.90684489367582,-6.639468488931043
exclude_qc_candidates,14,both_fists_imagery,T7,central_12_13,7,34.41638131882939,40.75230450851347,35.774248036786524,25.079296858337983,43.92683634699037,18.847539488652387,-34.71739581130184,101.84555059566435
exclude_qc_candidates,14,both_fists_imagery,T7,mu,7,5.622960192210994,29.098377940739148,18.800843480095267,-13.439591184928599,22.18717234967832,35.62676353460692,-38.120465193839074,41.18518072972133
exclude_qc_candidates,14,both_fists_imagery,T8,beta,7,-18.149514127359062,15.166941287912387,-18.90860421110731,-26.646194041622998,-14.958705637723849,11.687488403899149,-35.81510640238385,10.886911080671425
exclude_qc_candidates,14,both_fists_imagery,T8,central_12_13,7,9.043376700324622,36.83999459416053,-6.623418502076404,-17.583883528720555,39.87434377370924,57.4582273024298,-33.83507147745193,59.18120639182331
exclude_qc_candidates,14,both_fists_imagery,T8,mu,7,8.022644903536383,45.456992132702645,-6.746504556182024,-22.520594640008827,35.40418020010465,57.92477484011347,-42.228987680973916,79.36683544171898
exclude_qc_candidates,14,both_fists_imagery,T9,beta,7,-35.74303751065514,18.64925451180877,-30.05554934974931,-42.239914005268545,-24.56077685333836,17.679137151930185,-70.52657171264343,-16.01775979497946
exclude_qc_candidates,14,both_fists_imagery,T9,central_12_13,7,13.346439128170156,54.32258447991243,5.641049539971054,-14.086480577079715,20.066154476927284,34.152635054007,-45.97284724664899,121.79752380417389
exclude_qc_candidates,14,both_fists_imagery,T9,mu,7,2.786026023062274,44.974316441931784,-9.13163303536736,-20.898050850646428,22.91302656600944,43.81107741665586,-55.37706480092984,79.9809285670071
exclude_qc_candidates,14,both_fists_imagery,TP7,beta,7,-33.734542552449845,15.81877736495713,-32.01686622159487,-38.66491924974913,-24.40891839479967,14.256000854949463,-63.61170075802947,-14.365555598427
exclude_qc_candidates,14,both_fists_imagery,TP7,central_12_13,7,-10.508609401791238,32.74898747306334,-10.566460764032536,-17.149225914697993,7.6756723622634,24.82489827696139,-72.50753818101843,28.460840237381472
exclude_qc_candidates,14,both_fists_imagery,TP7,mu,7,-13.606795194178371,27.792329701050882,-15.415814871896028,-22.965551720899327,-2.5215084683484603,20.444043252550866,-59.8850064267631,31.027375317906106
exclude_qc_candidates,14,both_fists_imagery,TP8,beta,7,-6.519612080141475,41.30633615962311,-16.9210099099739,-27.99009370586692,2.69652359935516,30.68661730522208,-51.42205896475015,73.29292452675723
exclude_qc_candidates,14,both_fists_imagery,TP8,central_12_13,7,-7.883788105360551,45.26682839322742,-14.610020298573124,-34.066412425592475,6.104135459349313,40.17054788494179,-61.29628107335073,76.64433856688632
exclude_qc_candidates,14,both_fists_imagery,TP8,mu,7,-1.3374138462419782,35.52119148795663,-13.474238385952757,-28.40326823832558,23.642394960534357,52.04566319885994,-34.9260864404437,48.560174458285054
exclude_qc_candidates,6,both_feet_imagery,AF3,beta,8,13.200205736090151,37.622560782320846,11.431441343636653,-10.525815425581062,38.53187395430943,49.05768937989049,-42.955893127949125,68.03495376495681
exclude_qc_candidates,6,both_feet_imagery,AF3,central_12_13,8,5.307539041310702,52.79370001593367,27.238385838500598,-30.778038401458424,40.85531733081841,71.63335573227684,-80.10751528887901,62.05846109164741
exclude_qc_candidates,6,both_feet_imagery,AF3,mu,8,1.9593239339359876,46.72674537689783,-0.5563698953723422,-12.617157884953446,16.735589678538062,29.35274756349151,-71.82317375705273,72.97488093574417
exclude_qc_candidates,6,both_feet_imagery,AF4,beta,8,-1.3720208295040779,33.21621595434534,-10.170685353204314,-24.08700822633682,9.650981817722903,33.73799004405972,-37.26706241594782,56.53367641555068
exclude_qc_candidates,6,both_feet_imagery,AF4,central_12_13,8,1.3273920934785988,27.93455898959844,-9.541410145038434,-12.547151465601315,24.88571351331116,37.43286497891248,-38.9345884153395,42.11338820525879
exclude_qc_candidates,6,both_feet_imagery,AF4,mu,8,-5.494668416316016,20.88057721380184,-5.496987779462984,-16.301064735920626,3.616840246217091,19.917904982137717,-39.35615503064413,25.266542778740785
exclude_qc_candidates,6,both_feet_imagery,AF7,beta,8,13.662988901746465,38.27387848913625,11.160393727202003,-10.505244846334104,43.634311091310124,54.13955593764423,-44.388128176932895,65.71440391376667
exclude_qc_candidates,6,both_feet_imagery,AF7,central_12_13,8,6.177606663339903,52.95472890395491,31.234594540810257,-31.928442390051046,41.6145061116157,73.54294850166674,-81.0342455863325,64.30450315984724
exclude_qc_candidates,6,both_feet_imagery,AF7,mu,8,3.6361467458569603,47.788399896347485,1.0858412757425704,-13.384693631079255,18.178901663724787,31.563595294804042,-72.39171288149845,79.47950044826956
exclude_qc_candidates,6,both_feet_imagery,AF8,beta,8,-9.103944819787046,14.215921041887608,-15.167333864060783,-19.179693324796155,6.089199079055449,25.268892403851602,-26.09728412136109,9.170894550549031
exclude_qc_candidates,6,both_feet_imagery,AF8,central_12_13,8,-6.612755871762783,30.084548164996406,-12.792431610224616,-24.841942166962056,-2.978696099799288,21.86324606716277,-39.81575575295179,52.663927073982094
exclude_qc_candidates,6,both_feet_imagery,AF8,mu,8,5.027224919531914,38.12402691906148,-9.528689130816723,-25.19229264627955,34.40796114041379,59.600253786693344,-31.42410566773086,61.88525309527654
exclude_qc_candidates,6,both_feet_imagery,AFz,beta,8,2.122689072678652,43.836820732411965,-11.759241334522105,-29.58672341012074,15.320394189936025,44.907117600056765,-37.61789525532905,85.49702274053203
exclude_qc_candidates,6,both_feet_imagery,AFz,central_12_13,8,7.087036024094248,40.182748447737964,16.436346423085347,-14.965050155279208,34.35207192576589,49.3171220810451,-64.40216094336853,54.00211887731498
exclude_qc_candidates,6,both_feet_imagery,AFz,mu,8,-3.7790110277551543,30.674019214063424,-6.029180752453755,-19.647353763020686,13.638824337363268,33.28617810038395,-49.993220728993045,42.04807108335182
exclude_qc_candidates,6,both_feet_imagery,C1,beta,8,17.864529961290103,33.01159945317015,15.189907337375393,-3.917317995275009,44.837870846074615,48.75518884134962,-33.82202268167725,57.31451236154229
exclude_qc_candidates,6,both_feet_imagery,C1,central_12_13,8,50.627906610856186,84.60484594609973,30.576304594182233,-5.400635090918303,100.77855091400772,106.17918600492602,-45.00138698367036,195.843959346002
exclude_qc_candidates,6,both_feet_imagery,C1,mu,8,35.38815209848058,48.99671398609937,37.753384075589025,7.173957541929569,66.93731097923111,59.76335343730155,-39.21847960073144,110.99076389156856
exclude_qc_candidates,6,both_feet_imagery,C2,beta,8,11.510407906894807,33.24031831490999,18.18678770526681,-10.799059768801113,25.78787079434265,36.58693056314376,-39.04385142839259,66.15695542818756
exclude_qc_candidates,6,both_feet_imagery,C2,central_12_13,8,20.2636520012116,39.60784962098039,22.35503526165263,-13.652291246023381,55.316026641225065,68.96831788724845,-31.095029419949313,66.67862227641731
exclude_qc_candidates,6,both_feet_imagery,C2,mu,8,13.09873333222795,27.07184919122752,17.556270078296194,-0.7075054739722213,30.69249589401839,31.400001367990612,-36.51888575686148,48.757651574459345
exclude_qc_candidates,6,both_feet_imagery,C3,beta,8,12.684947319045605,15.661884613729743,10.605092399651578,8.02373214069733,15.061047777378814,7.037315636681484,-10.922128578379626,44.98706051041355
exclude_qc_candidates,6,both_feet_imagery,C3,central_12_13,8,92.86814376185349,119.12462648939562,82.37283023151265,25.580745859029175,111.33407205213162,85.75332619310244,-26.173928214259924,357.1227771540947
exclude_qc_candidates,6,both_feet_imagery,C3,mu,8,58.87250707131133,80.81961923778816,41.37990974583313,19.390842407837322,87.73201509190424,68.34117268406692,-33.67506761322292,225.83606480431698
exclude_qc_candidates,6,both_feet_imagery,C4,beta,8,0.9160005527203028,22.79519622476857,0.15925365126259106,-6.389933296722555,15.579468089480589,21.969401386203145,-44.248754850201,28.984541485982927
exclude_qc_candidates,6,both_feet_imagery,C4,central_12_13,8,57.359806300469586,78.47499296191242,43.43213659765155,10.92205249083169,73.46806997575092,62.54601748491923,-42.928403556532515,195.95443021739845
exclude_qc_candidates,6,both_feet_imagery,C4,mu,8,25.056226641769214,53.39439600953363,16.420667753894513,-0.6981240887291613,33.122658638764946,33.820782727494105,-41.56949035959617,139.7532685952033
exclude_qc_candidates,6,both_feet_imagery,C5,beta,8,-6.798774821934507,23.61318460739612,-8.023620243136088,-23.44417199608604,5.840273021484464,29.284445017570505,-37.473091870394704,25.88030016608781
exclude_qc_candidates,6,both_feet_imagery,C5,central_12_13,8,21.680694878150437,44.50118864074314,9.786424622783288,0.8261750849482068,41.71283085027157,40.88665576532337,-39.583659757395736,107.05331946193463
exclude_qc_candidates,6,both_feet_imagery,C5,mu,8,9.238254029175197,37.21809475695905,0.9021555106211245,-10.136752748766158,11.901362999075678,22.038115747841836,-32.39054225052743,89.90862663129187
exclude_qc_candidates,6,both_feet_imagery,C6,beta,8,-4.800904808760527,27.7459409769819,-10.128972751657356,-24.9149429602639,10.845920021309997,35.760862981573894,-35.99977937385129,45.77794493967806
exclude_qc_candidates,6,both_feet_imagery,C6,central_12_13,8,13.958753687055625,57.120630785833605,9.126179346493466,-32.75402908894006,49.32698876047844,82.0810178494185,-53.84578914708421,105.24784357665825
exclude_qc_candidates,6,both_feet_imagery,C6,mu,8,0.5006049799198293,39.9121239765904,-7.560839378646216,-20.84668721404381,10.175169300009049,31.02185651405286,-47.18085714441355,78.03418917546608
exclude_qc_candidates,6,both_feet_imagery,CP1,beta,8,7.4184145133979404,24.89408145935472,4.195309307157851,-8.571653079479733,19.071283243983807,27.642936323463537,-26.104528435980612,49.785213851765434
exclude_qc_candidates,6,both_feet_imagery,CP1,central_12_13,8,-9.677789892706656,48.213379601972214,-31.82589589516077,-38.24684207179605,21.621342466784668,59.86818453858072,-62.89980545209055,65.01963728375601
exclude_qc_candidates,6,both_feet_imagery,CP1,mu,8,4.46609330844884,36.12723167478946,3.0427141771893123,-21.788044599507984,21.933232303990415,43.7212769034984,-42.42633802245409,61.835858663626944
exclude_qc_candidates,6,both_feet_imagery,CP2,beta,8,-4.419507820721163,30.926546619286484,-10.691538268558766,-20.069041853428786,5.9594321915767186,26.028474045005503,-48.218431041460924,52.65862405669946
exclude_qc_candidates,6,both_feet_imagery,CP2,central_12_13,8,-14.362978690063368,31.868205188001188,-23.298085340717215,-32.997740716145984,5.4586041345365315,38.45634485068251,-55.25229876904954,31.856256439733304
exclude_qc_candidates,6,both_feet_imagery,CP2,mu,8,-16.965681322722936,14.617050067089341,-22.661686681863927,-25.691620845164323,-5.6325521885464545,20.059068656617868,-34.27861995432852,5.269793996855785
exclude_qc_candidates,6,both_feet_imagery,CP3,beta,8,-3.936113986012205,12.069892264956437,-7.153982327848272,-12.976504852711756,2.5700293415538873,15.546534194265643,-16.28535347918339,19.850154076845744
exclude_qc_candidates,6,both_feet_imagery,CP3,central_12_13,8,5.271644664924047,42.44762747337212,-10.777892603732106,-26.74721743523445,46.179264535110036,72.92648197034448,-43.2401630332924,66.87411950388974
exclude_qc_candidates,6,both_feet_imagery,CP3,mu,8,9.894644919187968,38.56959038452107,17.145825042906267,-22.79577185159281,35.71370473844213,58.50947659003494,-42.6938886004881,62.2410771666929
exclude_qc_candidates,6,both_feet_imagery,CP4,beta,8,-10.28033808823407,22.878864038850228,-10.656655008826146,-22.78125164277725,2.489836569285907,25.271088212063155,-47.655922160372775,28.455341640846683
exclude_qc_candidates,6,both_feet_imagery,CP4,central_12_13,8,-8.947712667242879,50.336256428576675,-16.323274486685552,-42.55843876451361,1.5888948393703792,44.14733360388399,-57.070391046403806,99.54295382456317
exclude_qc_candidates,6,both_feet_imagery,CP4,mu,8,-16.853263721513336,39.21063945913162,-24.586759130845728,-44.47990825117971,-9.942116855070068,34.53779139610964,-50.63618767682746,70.40792064283576
exclude_qc_candidates,6,both_feet_imagery,CP5,beta,8,-9.838754751699827,18.06541546162338,-11.557507461837066,-19.59313180799618,4.657998579922699,24.251130387918877,-38.201279393326864,13.965687016517604
exclude_qc_candidates,6,both_feet_imagery,CP5,central_12_13,8,12.642336536708882,65.37328575763749,6.06502035669226,-44.7156176873527,45.305207076827706,90.0208247641804,-57.32026611661407,131.81365610081835
exclude_qc_candidates,6,both_feet_imagery,CP5,mu,8,0.43645638475432724,37.83899347706879,-8.332077829382357,-22.071948602314087,24.656177778010047,46.728126380324134,-54.32917060877141,56.32253688090231
exclude_qc_candidates,6,both_feet_imagery,CP6,beta,8,-1.1927944737703915,25.83134082961788,-2.0375195487088384,-24.477960223689735,21.241176166098906,45.719136389788645,-33.49117416216086,35.95327281830975
exclude_qc_candidates,6,both_feet_imagery,CP6,central_12_13,8,-5.465310084698546,58.29931979354534,-28.727072964607725,-41.67258591099011,5.562754864579972,47.23534077557008,-50.96468508669501,121.34928539338203
exclude_qc_candidates,6,both_feet_imagery,CP6,mu,8,-9.468089092038845,55.512314905699974,-29.882939695585687,-41.713826581727155,-3.45180002664293,38.262026555084226,-52.494161727014074,118.4228015671337
exclude_qc_candidates,6,both_feet_imagery,CPz,beta,8,12.68402158736929,38.62780623065239,0.36067351904986467,-14.867433986745343,33.843697503356466,48.711131490101806,-27.183144680094692,81.30678621366769
exclude_qc_candidates,6,both_feet_imagery,CPz,central_12_13,8,-11.363472138285012,44.79302452564881,-17.534623430283467,-47.45209409575653,10.442894840807298,57.89498893656383,-54.698686605505465,77.48081455088007
exclude_qc_candidates,6,both_feet_imagery,CPz,mu,8,-6.873294141734806,21.36540585851451,-6.295931736255435,-20.511998414441816,1.6336386481121465,22.145637062553963,-37.801214183643836,33.00911724976835
exclude_qc_candidates,6,both_feet_imagery,Cz,beta,8,37.06291388838393,66.07848639350223,14.732167823592764,-14.213079102624594,97.30642433473857,111.51950343736316,-41.21876326834829,125.6893395554582
exclude_qc_candidates,6,both_feet_imagery,Cz,central_12_13,8,11.37339405998892,43.39064806145062,4.295081577998419,-11.36766405786712,36.376745119304495,47.74440917717162,-58.30502650247894,73.50724838459611
exclude_qc_candidates,6,both_feet_imagery,Cz,mu,8,7.047794302172385,36.01292382565243,10.316115593770792,-16.40349821311641,30.52704519343329,46.9305434065497,-41.0224383242133,58.054422332431145
exclude_qc_candidates,6,both_feet_imagery,F1,beta,8,-13.317243221305201,38.54474879649544,-25.11313982946268,-30.68166725451782,-9.137671302270162,21.543995952247656,-45.42653752176094,75.42142476523728
exclude_qc_candidates,6,both_feet_imagery,F1,central_12_13,8,-4.500595116050035,48.501311181866456,-0.5688474273068684,-46.95426510158637,23.83988525520443,70.7941503567908,-70.03290273258277,68.28754887500043
exclude_qc_candidates,6,both_feet_imagery,F1,mu,8,-8.311649775272766,37.95244727396774,-3.431924691136954,-46.27439766858967,17.60589932118927,63.88029698977894,-51.710095843206474,51.48075093156503
exclude_qc_candidates,6,both_feet_imagery,F2,beta,8,9.96212842735019,54.988208231585396,-10.093889307051608,-26.386562273261337,25.56243792143553,51.949000194696865,-37.71710976517571,108.05869990933017
exclude_qc_candidates,6,both_feet_imagery,F2,central_12_13,8,12.437837674431716,42.818297264472164,14.324882249753053,-5.36316869233601,26.231989983052234,31.595158675388245,-46.477880029725654,82.60015612920233
exclude_qc_candidates,6,both_feet_imagery,F2,mu,8,-0.9509127784662506,25.492984068973932,0.5917796603294723,-11.04838187160115,9.089928618916534,20.138310490517682,-36.678416178153945,33.3949480538241
exclude_qc_candidates,6,both_feet_imagery,F3,beta,8,2.7356234035207514,53.077598584353886,-11.911228018466616,-32.17157429779547,12.047705256338606,44.219279554134076,-47.42193345857637,98.68191244205497
exclude_qc_candidates,6,both_feet_imagery,F3,central_12_13,8,-1.7627589079413273,49.77032020021094,5.278145374430892,-44.704685969177454,35.61276725267089,80.31745322184835,-64.96659617274847,67.82960116737318
exclude_qc_candidates,6,both_feet_imagery,F3,mu,8,-7.561132200784179,34.695416996175645,-5.805742725212619,-39.02336729924308,15.731038378488801,54.75440567773188,-48.53184179727778,50.22487601107117
exclude_qc_candidates,6,both_feet_imagery,F4,beta,8,5.665740790805863,51.088877166875726,-16.757736355781365,-29.602001652351753,24.5400867287877,54.14208838113945,-35.808709998925636,94.93640529747597
exclude_qc_candidates,6,both_feet_imagery,F4,central_12_13,8,9.536800426868846,52.17832457715211,8.479921657259851,-16.84775207794825,20.015275989860736,36.86302806780898,-53.06672285044462,110.80431706759667
exclude_qc_candidates,6,both_feet_imagery,F4,mu,8,-5.142386163187314,29.835120197092802,-5.867903421549869,-18.722084824655525,6.05053648241743,24.772621307072953,-46.81858394528206,47.01261114700179
exclude_qc_candidates,6,both_feet_imagery,F5,beta,8,-15.3581092694319,19.485075603308406,-10.659138376005863,-31.06347480625299,-0.8060164667825611,30.25745833947043,-42.39306825577224,7.085475996175204
exclude_qc_candidates,6,both_feet_imagery,F5,central_12_13,8,-9.200417641032372,58.687658871378574,-22.608181828551853,-38.31835387720169,2.291549365478967,40.60990324268065,-69.50357057982924,118.19597976287235
exclude_qc_candidates,6,both_feet_imagery,F5,mu,8,-11.618046561064372,31.92941336111213,-10.81903579452546,-31.02271375425628,14.300155519471776,45.32286927372806,-54.87369792215949,25.258853368032373
exclude_qc_candidates,6,both_feet_imagery,F6,beta,8,4.22951699380843,48.64296626254022,-22.111220497439533,-29.567008314837473,30.088773986032155,59.65578230086963,-34.51838113923805,90.87170760303103
exclude_qc_candidates,6,both_feet_imagery,F6,central_12_13,8,-1.117917588717697,29.312390950038154,-6.286636728912475,-19.700076647649208,9.214521734939362,28.914598382588572,-34.35912203600597,60.05702980456745
exclude_qc_candidates,6,both_feet_imagery,F6,mu,8,-4.247829472974253,23.77750307491286,-8.090611868247656,-25.031760969815114,17.406337545476735,42.43809851529185,-30.881685986840168,25.726227100293602
exclude_qc_candidates,6,both_feet_imagery,F7,beta,8,2.7268862219662156,25.278073405268508,1.8129842880307987,-5.908454822689808,25.699029310597624,31.607484133287432,-47.15402430355335,28.55753482423997
exclude_qc_candidates,6,both_feet_imagery,F7,central_12_13,8,-17.193369387072845,36.5663740694242,-15.761787520491188,-36.14238695425511,6.181569368917918,42.32395632317303,-81.44103183795865,33.46866666256261
exclude_qc_candidates,6,both_feet_imagery,F7,mu,8,-4.600846133443687,32.30679121445194,-11.257243869167201,-12.93735413408759,13.558070112938651,26.495424247026243,-65.98478723997374,41.20926532316086
exclude_qc_candidates,6,both_feet_imagery,F8,beta,8,-6.8223552047984874,26.2800383417417,-8.775782614845347,-22.43027210418206,2.2337057644909692,24.66397786867303,-39.53296806118297,45.216220470050295
exclude_qc_candidates,6,both_feet_imagery,F8,central_12_13,8,-6.595389193839913,28.469751513207285,-15.092143296989192,-30.713470270533094,17.002657786517585,47.71612805705068,-36.76920421898377,40.25559706449072
exclude_qc_candidates,6,both_feet_imagery,F8,mu,8,9.502615028376653,29.020822848053843,2.1480980785810857,-13.015502879462225,21.555854754228143,34.57135763369037,-20.397250788174052,62.08155910075206
exclude_qc_candidates,6,both_feet_imagery,FC1,beta,8,-4.734686904687495,24.88755666998989,3.7900520994596274,-28.91355139863889,8.148780428783517,37.06233182742241,-36.26033671452075,33.88621077275443
exclude_qc_candidates,6,both_feet_imagery,FC1,central_12_13,8,38.405831137830646,85.62642068513527,18.20208450816781,-29.78524872607956,80.58882943536346,110.37407816144302,-47.8428929229071,191.72770892365045
exclude_qc_candidates,6,both_feet_imagery,FC1,mu,8,26.526411466517008,52.25207591593278,29.438855104836968,-6.5063507503602915,61.98309762105314,68.48944837141343,-50.66527012878782,99.25906293306643
exclude_qc_candidates,6,both_feet_imagery,FC2,beta,8,10.813289948210485,35.451879437468186,1.06687078745722,-3.4243049258330176,29.414996239732012,32.83930116556503,-43.09575562356827,75.57280889718422
exclude_qc_candidates,6,both_feet_imagery,FC2,central_12_13,8,30.89827715550267,74.7927339820568,6.670188771283506,-24.104699651810048,72.84033492613473,96.94503457794478,-47.58669655143353,165.30356430064066
exclude_qc_candidates,6,both_feet_imagery,FC2,mu,8,16.75416256267674,47.558403422744945,16.435233287147767,-20.51558035155737,49.61764677671851,70.13322712827588,-43.86561235255442,88.45466102173019
exclude_qc_candidates,6,both_feet_imagery,FC3,beta,8,0.7061201809487221,41.528022938043186,-9.617386879039122,-28.020225461364795,12.132824648189029,40.153050109553824,-36.88735821944854,90.17405814752019
exclude_qc_candidates,6,both_feet_imagery,FC3,central_12_13,8,55.25634699190815,88.1326511473115,35.369080170288264,-6.205479482493658,95.27481604725308,101.48029552974674,-44.23351721207348,203.32803325954723
exclude_qc_candidates,6,both_feet_imagery,FC3,mu,8,38.284931273101996,64.46461512474008,36.799576812565306,-6.311318976699695,79.28480735928062,85.59612633598032,-47.09311220743787,145.86749054882935
exclude_qc_candidates,6,both_feet_imagery,FC4,beta,8,18.568226438844018,41.764113700253915,4.6600723290037624,0.5332819738847132,38.164838834589844,37.63155686070513,-40.32316844691429,100.8436568472887
exclude_qc_candidates,6,both_feet_imagery,FC4,central_12_13,8,52.91654861459394,89.04112947268084,23.05931666415278,-5.976028000332899,65.41036443011164,71.38639243044454,-23.85349366812799,234.6120738436641
exclude_qc_candidates,6,both_feet_imagery,FC4,mu,8,28.292456486308815,53.54367806879657,9.689036823380313,-15.485173078836027,54.32138409530502,69.80655717414105,-18.514392253608655,126.46317522986133
exclude_qc_candidates,6,both_feet_imagery,FC5,beta,8,-5.940213839911223,37.426168120189836,-20.166639710770973,-29.77073833388694,6.397996927974308,36.168735261861244,-40.716905325022196,64.40101082281502
exclude_qc_candidates,6,both_feet_imagery,FC5,central_12_13,8,10.540406436347965,54.42987291675793,5.711984274789478,-15.86892322027367,31.67310176861588,47.54202498888955,-68.30053355220691,89.3075540359421
exclude_qc_candidates,6,both_feet_imagery,FC5,mu,8,3.184155690497579,39.69670128940261,0.7094662395510101,-15.039264455493562,14.93698472352529,29.97624917901885,-58.633193315749324,76.16465674167206
exclude_qc_candidates,6,both_feet_imagery,FC6,beta,8,-0.21424912919229921,27.1998408778129,-2.011405608438424,-14.31113009950655,8.242508266080167,22.553638365586714,-37.907964645133085,52.11440000650166
exclude_qc_candidates,6,both_feet_imagery,FC6,central_12_13,8,18.904272635303183,42.785060402859614,-2.8342623090660934,-10.927760050995307,48.727070158605535,59.654830209600846,-19.099643427673744,99.12538871509318
exclude_qc_candidates,6,both_feet_imagery,FC6,mu,8,6.597668571496614,35.77682584312277,-12.360336353666408,-17.129108754365674,27.546245103019878,44.67535385738555,-26.619548813345393,69.12551279229666
exclude_qc_candidates,6,both_feet_imagery,FCz,beta,8,6.438262074010966,36.4678362287467,5.87692995010005,-22.959789531719775,25.788318989593964,48.74810852131374,-42.72735966825029,69.64212056471483
exclude_qc_candidates,6,both_feet_imagery,FCz,central_12_13,8,30.531849614354165,72.66319351593503,10.57605741470843,-13.596538191111954,67.55213611716424,81.14867430827618,-61.729410630675744,152.3607325757619
exclude_qc_candidates,6,both_feet_imagery,FCz,mu,8,13.987266278735841,45.23876767602494,13.901565817527748,-22.40265200686726,39.957234268929064,62.35988627579633,-46.098426555388166,79.04804923385281
exclude_qc_candidates,6,both_feet_imagery,FT7,beta,8,-9.56982259848921,24.207857240738,-6.473593927496497,-16.27597500043939,3.7499652988068655,20.02594029924626,-53.75778194179348,23.71316650063417
exclude_qc_candidates,6,both_feet_imagery,FT7,central_12_13,8,-24.41306677276397,42.58173445241702,-35.184075440327504,-45.65392748303261,-20.62289121637042,25.03103626666219,-72.81437280152633,66.28337429290556
exclude_qc_candidates,6,both_feet_imagery,FT7,mu,8,-13.775781138313015,33.56544747521765,-19.89421649002302,-32.459440566819296,-11.478095083473278,20.98134548334602,-49.46419040624572,60.67530474930925
exclude_qc_candidates,6,both_feet_imagery,FT8,beta,8,3.615797202540615,33.678257361593936,-13.571221273863976,-18.994686979320942,25.961638925294103,44.95632590461504,-28.10214535147669,55.02368274532279
exclude_qc_candidates,6,both_feet_imagery,FT8,central_12_13,8,0.8593275413425419,42.07247972962276,-9.691484872981338,-24.228889695382083,17.213111814900206,41.44200151028229,-50.98140644701004,78.86878719943061
exclude_qc_candidates,6,both_feet_imagery,FT8,mu,8,1.224072143399205,37.16592531559513,-7.538578855524104,-26.35991511355264,15.992509292023218,42.35242440557586,-37.27778348712547,62.62046332244013
exclude_qc_candidates,6,both_feet_imagery,Fp1,beta,8,20.113448985470807,40.49003674887541,13.252770157575668,-6.1994428358866855,44.79572336598499,50.995166201871676,-36.62783130853044,80.14471709108348
exclude_qc_candidates,6,both_feet_imagery,Fp1,central_12_13,8,23.84978829464849,62.30927509830629,43.20835750181727,-16.782281919052533,64.05229883450089,80.83458075355342,-65.0558293258609,105.02466274632549
exclude_qc_candidates,6,both_feet_imagery,Fp1,mu,8,8.079999342502443,46.595653616355094,23.34190939968205,-35.953875832523664,39.962546415852884,75.91642224837655,-55.19962599756969,62.72412240823213
exclude_qc_candidates,6,both_feet_imagery,Fp2,beta,8,0.25864314327817506,20.079076827751052,-0.8891825607742971,-15.581709929023383,17.220013894369416,32.8017238233928,-26.832148318434374,29.866515683301284
exclude_qc_candidates,6,both_feet_imagery,Fp2,central_12_13,8,13.883156025635213,48.23443948251844,18.37618589371476,-28.320139551545807,31.98041053362195,60.30055008516776,-47.47778414122783,94.37224547782772
exclude_qc_candidates,6,both_feet_imagery,Fp2,mu,8,9.752302993301555,46.60301169565163,6.1329481884052885,-34.06398215482992,50.54329879254725,84.60728094737718,-45.37949780984781,78.60868803409605
exclude_qc_candidates,6,both_feet_imagery,Fpz,beta,8,10.489613054693582,28.882000690628452,7.7181001900346615,-11.215372203764105,33.394335039177,44.609707242941106,-25.31232334556697,53.84869503972862
exclude_qc_candidates,6,both_feet_imagery,Fpz,central_12_13,8,15.846998215068588,50.915012645079074,26.85418346688658,-18.52666318981254,47.3781635522115,65.90482674202403,-62.31917831736023,77.96349077188535
exclude_qc_candidates,6,both_feet_imagery,Fpz,mu,8,5.458838124635193,40.758647807264424,16.325779435934187,-36.5165103918239,41.23224463980992,77.74875503163382,-47.87658801169975,50.485566694808625
exclude_qc_candidates,6,both_feet_imagery,Fz,beta,8,-0.28369715050700606,42.354848723321595,-16.343934375972225,-33.53916580343219,22.27702906346185,55.81619486689404,-38.91214778367856,78.4008411675911
exclude_qc_candidates,6,both_feet_imagery,Fz,central_12_13,8,3.0977123856414277,46.195216405498975,15.661146009349594,-28.81551533222237,38.23740793268985,67.05292326491221,-63.571980213267764,53.82642389844339
exclude_qc_candidates,6,both_feet_imagery,Fz,mu,8,-3.653515985438918,36.98995599753534,-7.386120495965853,-25.65933410172637,17.677829223632415,43.33716332535879,-54.97297360159166,63.61488872931661
exclude_qc_candidates,6,both_feet_imagery,Iz,beta,8,30.093085699237,26.181784450033234,38.20855914472428,14.008218177110784,46.569835724773775,32.56161754766299,-11.288651884539204,62.1190741215648
exclude_qc_candidates,6,both_feet_imagery,Iz,central_12_13,8,111.11592189422218,125.82773138732382,73.62549704450564,28.932709256548243,142.95298325800468,114.02027400145644,-14.611142565321163,346.00157624213506
exclude_qc_candidates,6,both_feet_imagery,Iz,mu,8,55.810889411419026,46.6228089294854,44.79322573931596,36.037187418695005,103.87877791181963,67.84159049312461,-17.46186531699575,109.67484866624062
exclude_qc_candidates,6,both_feet_imagery,O1,beta,8,18.35347484165645,40.69571895663313,25.040609768703213,-13.454878621162695,53.01686659681493,66.47174521797763,-36.55556135177283,62.642476839125706
exclude_qc_candidates,6,both_feet_imagery,O1,central_12_13,8,38.368404159790266,98.76075412796153,1.4518940233111586,-33.094231626354635,62.800109558701095,95.89434118505574,-40.40956556033986,230.51393304959146
exclude_qc_candidates,6,both_feet_imagery,O1,mu,8,19.16065486167171,59.90876621018815,10.324951688907362,-35.701820481995576,48.892165730280865,84.59398621227643,-37.47989189824536,116.11195828039575
exclude_qc_candidates,6,both_feet_imagery,O2,beta,8,40.8808761087584,29.56461363748448,39.22258799924096,15.934691738398556,68.87330302289656,52.93861128449801,5.364518495412942,77.80948711395288
exclude_qc_candidates,6,both_feet_imagery,O2,central_12_13,8,37.0529970448174,68.9247504685891,69.3303749152424,-25.310423535839284,86.65449037889738,111.96491391473666,-57.87620696670514,112.22474562520667
exclude_qc_candidates,6,both_feet_imagery,O2,mu,8,21.232248094939568,51.42793576082293,30.810515300120475,-15.973978646956759,62.15176440244007,78.12574304939683,-53.406248182562486,78.97014599356054
exclude_qc_candidates,6,both_feet_imagery,Oz,beta,8,26.09947711041434,34.54478231211758,23.090178242773995,1.6392946275339484,46.126581337024206,44.487286709490256,-22.981134669350396,78.5313882381565
exclude_qc_candidates,6,both_feet_imagery,Oz,central_12_13,8,40.08442830527974,74.25265018003365,37.603212557057816,-12.866369501230206,77.0261481501209,89.89251765135111,-51.1179055825041,150.98692867182066
exclude_qc_candidates,6,both_feet_imagery,Oz,mu,8,20.447396505056822,47.630057020689684,34.75184428564712,-26.378525667331687,57.88321072913443,84.26173639646612,-40.678372477812125,76.83627300462335
exclude_qc_candidates,6,both_feet_imagery,P1,beta,8,-0.5804893696164184,33.136948104539485,-9.146835245197051,-19.420221538762796,7.86816320307319,27.288384741835987,-38.2902167357638,59.0093095317968
exclude_qc_candidates,6,both_feet_imagery,P1,central_12_13,8,0.23738386416296642,42.68516999932996,9.692679910316171,-31.45140990050106,25.21508514689507,56.666495047396126,-67.9659199907118,58.989784642498556
exclude_qc_candidates,6,both_feet_imagery,P1,mu,8,5.861538676927191,44.05441436924231,2.6882633463825245,-16.720750045412895,36.39969272386385,53.12044276927675,-58.521956393419416,76.48167372003167
exclude_qc_candidates,6,both_feet_imagery,P2,beta,8,0.5485517492408691,27.461615729021347,-2.4371761541220973,-21.57995314539047,24.06713212711788,45.64708527250835,-34.24720266570054,35.04188308533426
exclude_qc_candidates,6,both_feet_imagery,P2,central_12_13,8,4.935032514058849,53.569978571232035,25.459292672918856,-51.1888393174924,44.643026799506444,95.83186611699884,-64.1220040781509,64.87734372546223
exclude_qc_candidates,6,both_feet_imagery,P2,mu,8,-3.952834686243432,44.876057486713414,2.503523173225413,-40.013754131961754,14.892327353566039,54.90608148552779,-59.59172755752799,74.65105634758997
exclude_qc_candidates,6,both_feet_imagery,P3,beta,8,5.181295463023491,41.322816290183646,-4.974633290831984,-22.941954994702208,24.947455235089215,47.88941022979142,-43.75145670983492,76.99453420088592
exclude_qc_candidates,6,both_feet_imagery,P3,central_12_13,8,19.414972662714998,60.053788459774275,7.946942200463038,-16.01231782529522,74.73931220771853,90.75163003301375,-64.67544498954683,93.5439192171313
exclude_qc_candidates,6,both_feet_imagery,P3,mu,8,13.701386460652973,48.565024624664304,20.591282792755834,-13.55955562744494,33.991629489208044,47.55118511665299,-54.05301543208715,93.53171803607835
exclude_qc_candidates,6,both_feet_imagery,P4,beta,8,5.495828521110366,32.136902358562224,6.577902503522585,-20.566360622965192,38.48604598497775,59.05240660794294,-41.86290916121519,38.952766669721605
exclude_qc_candidates,6,both_feet_imagery,P4,central_12_13,8,5.27436850574423,61.59684466531553,15.669959687796029,-49.63429310831739,30.98347313523395,80.61776624355133,-69.28601884729548,112.9152675296884
exclude_qc_candidates,6,both_feet_imagery,P4,mu,8,-3.869534648422274,57.46303571184036,-5.648606147184458,-41.53334961541747,6.203754731542276,47.73710434695975,-64.32097880269211,120.27724545754948
exclude_qc_candidates,6,both_feet_imagery,P5,beta,8,1.9768368159006062,37.903107462318594,-5.725640831467631,-22.754509056762533,35.03441875080541,57.788927807567944,-50.262467348088784,56.545219850899564
exclude_qc_candidates,6,both_feet_imagery,P5,central_12_13,8,31.322399436979047,78.82526793213013,10.795431633492438,-15.53880084421446,63.321435784227276,78.86023662844174,-56.185577690698786,163.22218331214322
exclude_qc_candidates,6,both_feet_imagery,P5,mu,8,9.988644362239373,44.14182660966195,5.391210476259213,-13.30501303277968,26.70532390279986,40.010336935579545,-51.19257409495505,85.83043433205452
exclude_qc_candidates,6,both_feet_imagery,P6,beta,8,22.81815609762514,41.926515911202124,18.99551142710802,5.544893790080671,36.7069336626117,31.162039872531032,-30.920135525095077,107.39189207131598
exclude_qc_candidates,6,both_feet_imagery,P6,central_12_13,8,17.189308081426134,78.27301057494286,14.583304747738154,-52.43830539503318,50.650421516183506,103.0887269112167,-68.98132656787462,133.00650814103335
exclude_qc_candidates,6,both_feet_imagery,P6,mu,8,5.51774892078873,66.27258995494061,-3.1304087447168256,-46.69803416206132,37.69725667698905,84.39529083905038,-68.77591412025365,137.31882324247798
exclude_qc_candidates,6,both_feet_imagery,P7,beta,8,1.3802085226291934,23.503473117452916,6.916926291720603,-2.102325184323934,14.956600193123691,17.058925377447625,-46.00861981227425,27.014475016118524
exclude_qc_candidates,6,both_feet_imagery,P7,central_12_13,8,31.34085773262531,78.08976200190658,7.555886501589921,-33.897925653088436,95.79081236737521,129.68873802046363,-45.47520616495553,149.46056720611793
exclude_qc_candidates,6,both_feet_imagery,P7,mu,8,-0.2484704063083445,37.962778645786095,-3.9545612530504872,-26.435649915142996,10.284775399235519,36.72042531437852,-43.72454676615554,73.26625246837793
exclude_qc_candidates,6,both_feet_imagery,P8,beta,8,29.765732899362675,39.36313379388891,30.788365064861157,8.691803303408037,42.94235637035414,34.250553066946104,-19.398135850111757,102.86648856099818
exclude_qc_candidates,6,both_feet_imagery,P8,central_12_13,8,24.562847196833587,84.28154171010365,5.787220602776941,-39.81753279381345,64.29046920068215,104.1080019944956,-60.383611862679736,163.59381233375677
exclude_qc_candidates,6,both_feet_imagery,P8,mu,8,10.905648550780498,68.26758238646931,7.6922140138127375,-26.45453233144986,21.686409832835174,48.140942164285036,-64.40993222793054,156.0439334992549
exclude_qc_candidates,6,both_feet_imagery,PO3,beta,8,10.138532961268174,40.59083358954312,13.626742116717224,-20.951852219734413,44.08538746294954,65.03723968268395,-48.83120147276351,58.3673625328626
exclude_qc_candidates,6,both_feet_imagery,PO3,central_12_13,8,37.73856337926789,94.21212348187106,5.870930353127992,-19.99679372867172,79.90460181537723,99.90139554404895,-62.21689645536987,232.37656637281418
exclude_qc_candidates,6,both_feet_imagery,PO3,mu,8,11.839084675717626,50.92553995887798,9.90084985762217,-31.405978614010802,49.26705445579023,80.67303306980104,-43.208108637827664,83.50530243029134
exclude_qc_candidates,6,both_feet_imagery,PO4,beta,8,23.481599513216295,26.27910290621407,17.21710861110251,6.744854921863891,38.65345021812571,31.908595296261822,-11.984361448599515,62.3011947624883
exclude_qc_candidates,6,both_feet_imagery,PO4,central_12_13,8,27.963379966900426,71.35162902059511,58.90392380650243,-39.644750187806075,74.1879071061366,113.83265729394267,-69.17481787625765,103.9932414498545
exclude_qc_candidates,6,both_feet_imagery,PO4,mu,8,12.36957869655141,59.59205634935544,27.37649719839653,-43.5439553822716,51.864630163026696,95.4085855452983,-64.0560957948024,95.82200769488612
exclude_qc_candidates,6,both_feet_imagery,PO7,beta,8,13.076175232050812,38.51943569617766,22.214468676453365,-11.435613135765752,41.93761780123664,53.37323093700239,-46.67900396828756,57.336173639602166
exclude_qc_candidates,6,both_feet_imagery,PO7,central_12_13,8,36.609377373847316,87.27849455777694,0.7893719124169949,-25.194560678110587,92.46907378456321,117.6636344626738,-53.478149513309866,198.99682105871642
exclude_qc_candidates,6,both_feet_imagery,PO7,mu,8,2.139110160286558,41.77142624786303,-7.828126797052516,-33.799252884651054,29.136258246884257,62.93551113153531,-39.07127655215278,67.09081667015701
exclude_qc_candidates,6,both_feet_imagery,PO8,beta,8,47.51727386928117,31.892941827386906,44.16843033065548,32.3319833466914,59.432002022690185,27.100018675998783,1.0951245146187354,109.20955484463668
exclude_qc_candidates,6,both_feet_imagery,PO8,central_12_13,8,37.48806531802861,73.58454528116795,44.92367999732401,1.0354558396281277,72.43409063121887,71.39863479159074,-65.76976879545366,157.7978284292704
exclude_qc_candidates,6,both_feet_imagery,PO8,mu,8,19.904178376463697,59.58888405490621,19.465352944581273,-17.66984861017993,70.9705788389881,88.64042744916803,-62.671759601859954,89.9506818283254
exclude_qc_candidates,6,both_feet_imagery,POz,beta,8,7.1149351467997715,35.560307358771475,-3.4734855527238526,-20.03880440681048,27.38404770657936,47.42285211338984,-30.21649628747063,59.86910165846776
exclude_qc_candidates,6,both_feet_imagery,POz,central_12_13,8,5.272706864952486,49.50788892001516,17.274306582692358,-42.44312693427689,37.18528659115109,79.62841352542799,-62.824150524671445,70.1062337805894
exclude_qc_candidates,6,both_feet_imagery,POz,mu,8,6.176508474184957,49.57259214410299,14.40867702826101,-33.20377046246514,28.11532883968392,61.319099302149056,-60.75676417282624,89.45131408554606
exclude_qc_candidates,6,both_feet_imagery,Pz,beta,8,-2.9973683123907144,20.71620548593158,-13.1991097793536,-15.090028105635486,13.569635475247061,28.659663580882548,-27.784551340526935,27.38340163715838
exclude_qc_candidates,6,both_feet_imagery,Pz,central_12_13,8,-6.429540037094729,36.15571608457831,-7.431420417710845,-22.522938155761988,5.61819555669466,28.14113371245665,-57.06168808655115,63.13224690178964
exclude_qc_candidates,6,both_feet_imagery,Pz,mu,8,-5.163353432716001,36.09996391340663,-4.133379770972856,-28.461518342123913,8.088219079316715,36.549737421440625,-53.11824637243604,64.20738786349743
exclude_qc_candidates,6,both_feet_imagery,T10,beta,8,0.9923592863988988,17.66874745957286,-0.7747959580009127,-5.202555980118621,3.9644691758046147,9.167025155923236,-23.6127276168017,36.88178179291119
exclude_qc_candidates,6,both_feet_imagery,T10,central_12_13,8,23.768729575408525,118.03868662712009,-3.1374534824613733,-49.0805570915024,20.29915818560661,69.37971527710901,-60.74077384015716,299.52215463382817
exclude_qc_candidates,6,both_feet_imagery,T10,mu,8,5.240406698881769,61.35396208161713,-14.271933580646,-43.075416277774465,26.8825901631671,69.95800644094157,-46.819278268062114,120.73606516866143
exclude_qc_candidates,6,both_feet_imagery,T7,beta,8,-8.462735842380352,23.071163164636324,-3.9627992299081924,-15.977953321919863,5.409262476972663,21.387215798892527,-54.74096128499049,21.023868579158275
exclude_qc_candidates,6,both_feet_imagery,T7,central_12_13,8,-0.17497832402497915,58.66636998310628,-15.530612841851156,-29.616776601155316,4.394735702951739,34.01151230410706,-54.7406739956167,135.55884082347157
exclude_qc_candidates,6,both_feet_imagery,T7,mu,8,-0.48022454571303363,41.8355289357043,-6.2558571315856195,-19.384386735510766,-1.0291024256063723,18.355284309904395,-38.46478748426976,95.41783234789541
exclude_qc_candidates,6,both_feet_imagery,T8,beta,8,11.235501327679794,16.152675322938368,11.015867055572272,1.96187786743529,21.688769099106736,19.726891231671445,-15.5743530814672,35.12614615897476
exclude_qc_candidates,6,both_feet_imagery,T8,central_12_13,8,23.59961923343443,132.4146399552477,-33.524143308006025,-43.6085439157465,9.44616395551627,53.05470787126277,-45.852538176395264,340.1187124048829
exclude_qc_candidates,6,both_feet_imagery,T8,mu,8,2.8143092805244336,62.03679773241471,-21.692842554530067,-32.85723892456772,4.121108427192999,36.97834735176072,-38.39332793791516,144.73464007594785
exclude_qc_candidates,6,both_feet_imagery,T9,beta,8,4.909285545105912,25.265223746918252,10.313637370497908,-0.7892881163171208,16.620829966312677,17.410118082629797,-47.81667505356273,33.6292121647135
exclude_qc_candidates,6,both_feet_imagery,T9,central_12_13,8,12.041772517066066,43.278647542967924,0.7335436808548401,-16.14661050013536,49.54841912892443,65.69502962905979,-38.43772160882413,73.6020487355314
exclude_qc_candidates,6,both_feet_imagery,T9,mu,8,8.703671991602018,36.46896185891929,-0.7336792806746137,-10.27046299151839,28.566762239064627,38.837225230583016,-40.56054653942922,67.68149683628431
exclude_qc_candidates,6,both_feet_imagery,TP7,beta,8,-3.9719839845380602,20.09273916876686,-2.5156376222672927,-12.70222689692025,9.330166360766736,22.032393257686984,-42.86827229544547,19.39550411199641
exclude_qc_candidates,6,both_feet_imagery,TP7,central_12_13,8,15.810527169278231,44.994171440250724,15.914732730112405,-23.100038798724153,57.09211825367602,80.19215705240018,-43.667301502785605,72.2099298444951
exclude_qc_candidates,6,both_feet_imagery,TP7,mu,8,2.368060872019142,32.66812705369603,5.686142558746361,-25.70081601326259,33.49914417372849,59.19996018699108,-39.70652355227406,38.75854919343761
exclude_qc_candidates,6,both_feet_imagery,TP8,beta,8,10.06526081403129,36.6186553847485,3.7216482188208424,-17.66598018284639,28.968493447703928,46.63447363055032,-29.002956743463006,71.6942666890627
exclude_qc_candidates,6,both_feet_imagery,TP8,central_12_13,8,28.57224284393054,125.42063544008214,-23.345977708544346,-33.05117621945476,16.580452031840252,49.63162825129501,-62.905009969759575,308.65444631898276
exclude_qc_candidates,6,both_feet_imagery,TP8,mu,8,11.728958163313495,88.31290446215294,-12.813889175290788,-30.931091884119112,2.7527710688864957,33.68386295300561,-48.32187238790118,225.32159267587818
exclude_qc_candidates,6,both_fists_imagery,AF3,beta,3,-8.797769147601562,24.015098295337154,-6.3115845864252185,-20.135415192406477,3.7829691777915233,23.918384370197998,-33.959245798387734,13.877522942008266
exclude_qc_candidates,6,both_fists_imagery,AF3,central_12_13,3,6.6851628185147085,65.63736817800688,16.2770304319253,-23.47167467817602,41.63793412191073,65.10960880008675,-63.22037978827734,66.99883781189617
exclude_qc_candidates,6,both_fists_imagery,AF3,mu,3,4.6799968977144895,79.31873886913584,-15.513194654915244,-39.0517554541386,38.315153473252714,77.36690892739131,-62.590316253361955,92.14350160142067
exclude_qc_candidates,6,both_fists_imagery,AF4,beta,3,4.555099684893439,49.48527107111248,1.0570549491322887,-21.01564003323523,28.376817035141535,49.392457068376764,-43.08833501560275,55.69657912115078
exclude_qc_candidates,6,both_fists_imagery,AF4,central_12_13,3,-18.53687843756412,26.552273090657653,-27.23577602249704,-33.44217717164636,-7.981028495948344,25.461148675698013,-39.64857832079567,11.273719030600354
exclude_qc_candidates,6,both_fists_imagery,AF4,mu,3,-19.105004609555834,26.4479911984329,-26.167429784405403,-33.736144815815564,-8.005076990720891,25.731067825094673,-41.30485984722573,10.157275802963621
exclude_qc_candidates,6,both_fists_imagery,AF7,beta,3,-7.392322081981646,25.155148566222653,-9.08541597239728,-20.37178500637995,4.740593897208839,25.11237890358879,-31.65815404036262,18.56660376681496
exclude_qc_candidates,6,both_fists_imagery,AF7,central_12_13,3,10.769208356500654,71.76757133182606,18.338362031578676,-23.072294058305808,48.39528760884613,71.46758166715193,-64.4829501481903,78.45221318611358
exclude_qc_candidates,6,both_fists_imagery,AF7,mu,3,8.995685778040341,87.5176636113508,-12.396138108898617,-39.119470964501794,46.414930577113005,85.5344015416148,-65.84280382010498,105.22599926312462
exclude_qc_candidates,6,both_fists_imagery,AF8,beta,3,14.739990329753757,52.17460500496417,19.83189945317012,-9.980992041266976,42.00692726248267,51.98791930374965,-39.79388353570407,64.18195507179522
exclude_qc_candidates,6,both_fists_imagery,AF8,central_12_13,3,-11.264176405631853,11.618167970685125,-8.29867010703722,-16.188180583629048,-4.857419078337342,11.330761505291706,-24.07769106022088,-1.4161680496374645
exclude_qc_candidates,6,both_fists_imagery,AF8,mu,3,-10.141503073798997,21.317133338964496,-3.994652370145137,-18.925671460220208,1.7160906644491423,20.64176212466935,-33.856690550295276,7.426833699043422
exclude_qc_candidates,6,both_fists_imagery,AFz,beta,3,-0.4389268346734407,48.51488486659434,12.452406335694802,-20.822523812437943,26.390336728275187,47.21286054071313,-54.0974539605707,40.32826712085557
exclude_qc_candidates,6,both_fists_imagery,AFz,central_12_13,3,-15.688554296451612,55.49328796429521,-34.283126044936644,-46.889911008279704,6.215516541133965,53.10542754941367,-59.49669597162276,46.714159127204574
exclude_qc_candidates,6,both_fists_imagery,AFz,mu,3,-8.044132517871114,37.73139654927071,-16.126045911748673,-28.602884063153596,8.473662330472585,37.07654639362618,-41.07972221455852,33.07337057269385
exclude_qc_candidates,6,both_fists_imagery,C1,beta,3,31.57934394670727,42.95463681812387,39.873562519957204,12.478000255722552,54.82779692431696,42.34979666859441,-14.917562008512101,69.78203132867671
exclude_qc_candidates,6,both_fists_imagery,C1,central_12_13,3,-13.500539069654865,6.696796197030103,-15.867027098117934,-17.279906365878304,-10.904415787662963,6.3754905782153415,-18.69278563363867,-5.941804477207989
exclude_qc_candidates,6,both_fists_imagery,C1,mu,3,-5.798796715868309,20.408024230677547,-9.19846557292625,-16.745980165934995,3.4485523056694074,20.194532471604404,-24.29349475894374,16.095570184265064
exclude_qc_candidates,6,both_fists_imagery,C2,beta,3,-2.887610937777603,17.53017512146208,2.555520231773527,-9.969077284280825,6.9154209935011846,16.884498277782008,-22.493674800335178,11.275321755228843
exclude_qc_candidates,6,both_fists_imagery,C2,central_12_13,3,-28.493443605245147,4.021099796874367,-27.899311870094632,-30.338932937343003,-26.350888405572032,3.9880445317709707,-32.77855400459138,-24.802464941049433
exclude_qc_candidates,6,both_fists_imagery,C2,mu,3,-19.600387263935573,25.793975423566646,-5.801836055621569,-27.58019779243292,-4.7213011312812245,22.858896661151697,-49.358559529244275,-3.640766206940879
exclude_qc_candidates,6,both_fists_imagery,C3,beta,3,14.166001032436364,21.5808743583976,18.488470888503787,4.619750086257248,25.87348690664919,21.253736820391943,-9.248970715989293,33.2585029247946
exclude_qc_candidates,6,both_fists_imagery,C3,central_12_13,3,-43.75135383706438,15.797398981562878,-39.01913961923426,-50.19657705442938,-34.940023510784314,15.256553543645069,-61.3740144896245,-30.860907402334377
exclude_qc_candidates,6,both_fists_imagery,C3,mu,3,-41.4223605578646,9.237474396776923,-37.68540562157281,-44.81412774970653,-36.162115897876774,8.652011851829755,-51.94284987784024,-34.63882617418073
exclude_qc_candidates,6,both_fists_imagery,C4,beta,3,1.4699754066137,28.04370038163725,2.7536532555471314,-12.219933617364594,15.80172335505871,28.021656972423305,-27.19352049027632,28.84979345457029
exclude_qc_candidates,6,both_fists_imagery,C4,central_12_13,3,-30.198285581428724,45.25731318852541,-47.08060095122323,-55.8341916911664,-13.003537156588301,42.8306545345781,-64.58778243110957,21.073526638046623
exclude_qc_candidates,6,both_fists_imagery,C4,mu,3,-17.109500239011336,57.45421713243148,-47.19283683168655,-50.234199871172194,0.973531096811918,51.20773096798411,-53.27556291065785,49.139899025310385
exclude_qc_candidates,6,both_fists_imagery,C5,beta,3,11.597283690366025,26.11316860014256,15.376060063210296,-0.4116723890817404,25.495627956235925,25.907300345317665,-16.199404841373777,35.61519584926155
exclude_qc_candidates,6,both_fists_imagery,C5,central_12_13,3,-2.8552252736174055,5.175306692911119,-4.866030357430157,-5.794691641572929,-0.9211614475682581,4.873530194004671,-6.723352925715702,3.023707462293641
exclude_qc_candidates,6,both_fists_imagery,C5,mu,3,-13.972824755121218,35.59303891998199,-28.603350886358232,-34.26118987368779,-0.9997227021731518,33.26146717151464,-39.91902886101735,26.603905482011932
exclude_qc_candidates,6,both_fists_imagery,C6,beta,3,31.840199870906485,27.774444596400595,20.050614424530533,15.977947442649608,41.80765957597538,25.82971213332577,11.905280460768683,63.56470472742023
exclude_qc_candidates,6,both_fists_imagery,C6,central_12_13,3,-0.7973429689993891,42.556476601925425,8.560703369428442,-19.346667681061188,22.43100491227632,41.77767259333751,-47.254038731550814,36.301306455124205
exclude_qc_candidates,6,both_fists_imagery,C6,mu,3,0.03871452245529946,41.5633021730234,-6.2620777912899515,-22.138261996751236,19.065294884789207,41.20355688154044,-38.01444620221252,44.39266756086837
exclude_qc_candidates,6,both_fists_imagery,CP1,beta,3,12.436903164900414,29.96251591961949,9.080575180133694,-3.312776212662806,26.508418550080272,29.821194762743076,-15.706127605459306,43.93626192002685
exclude_qc_candidates,6,both_fists_imagery,CP1,central_12_13,3,0.6324165916187532,19.66124574813268,2.283263672403799,-8.759470206017365,10.849726929647394,19.609197135664758,-19.80220408443853,19.41619018689099
exclude_qc_candidates,6,both_fists_imagery,CP1,mu,3,-7.1451185073973775,8.270930607636586,-10.709659398590423,-11.872880806567515,-4.199626653823762,7.673254152743754,-13.036102214544607,2.3104060909428985
exclude_qc_candidates,6,both_fists_imagery,CP2,beta,3,1.2098813533742654,2.4710824448393267,-0.047498550661636475,-0.2135730944507369,2.004645849181317,2.2182189436320536,-0.3796476382398374,4.05679024902427
exclude_qc_candidates,6,both_fists_imagery,CP2,central_12_13,3,71.22885203285226,189.01838286012222,-29.943883256050924,-37.80650647554479,129.67784289679773,167.48434937234254,-45.669129695038656,289.2995690496464
exclude_qc_candidates,6,both_fists_imagery,CP2,mu,3,12.631506821460354,91.46474594412487,-11.961420095056795,-37.991972826827414,50.95852301148955,88.95049583831695,-64.02252555859803,113.87846611803589
exclude_qc_candidates,6,both_fists_imagery,CP3,beta,3,-14.54233003531602,18.92891126574658,-15.82905196304525,-24.31205187137344,-5.4159691631232105,18.89608270825023,-32.79505177970164,4.99711363679883
exclude_qc_candidates,6,both_fists_imagery,CP3,central_12_13,3,-46.64602742112904,16.388605932717397,-40.799065520547416,-52.97765242274911,-37.39092146921815,15.58673095353096,-65.1562393249508,-33.98277741788888
exclude_qc_candidates,6,both_fists_imagery,CP3,mu,3,-42.51893774570442,14.577141897681232,-38.191155977079504,-48.48053180133448,-34.3934528057619,14.087078995572575,-58.76990762558945,-30.595749634444307
exclude_qc_candidates,6,both_fists_imagery,CP4,beta,3,-4.913920674016569,8.730047755834285,-8.084473571002782,-9.850060725362589,-1.563057071163656,8.287003654198934,-11.615647879722397,4.95835942867547
exclude_qc_candidates,6,both_fists_imagery,CP4,central_12_13,3,21.649117145737765,141.89702642060922,-55.23681980738198,-60.224543094540984,65.07980890945664,125.30435200399762,-65.21226638169999,185.39643762629527
exclude_qc_candidates,6,both_fists_imagery,CP4,mu,3,-6.373294208774503,88.96621669699229,-45.52305614285384,-57.28694233035306,24.965472945764375,82.25241527611743,-69.05082851785227,95.4540020343826
exclude_qc_candidates,6,both_fists_imagery,CP5,beta,3,-25.11301091593255,6.09686813749825,-23.808063210894677,-27.782380551847872,-21.79116742749829,5.991213124349581,-31.756697892801068,-19.774271644101905
exclude_qc_candidates,6,both_fists_imagery,CP5,central_12_13,3,-34.86978692436825,14.702560227279845,-27.165483747837417,-39.4944374575191,-26.39298480295198,13.101452654567119,-51.82339116720078,-25.620485858066537
exclude_qc_candidates,6,both_fists_imagery,CP5,mu,3,-35.40862221339932,14.01034020751227,-36.85041114809657,-42.7463641633493,-28.791774730797965,13.954589432551334,-48.64231717860203,-20.73313831349936
exclude_qc_candidates,6,both_fists_imagery,CP6,beta,3,16.744954068189923,31.9917660049099,11.707468313388688,-0.36087513767036583,31.332040396649596,31.692915534319962,-12.429218588729421,50.956612479910504
exclude_qc_candidates,6,both_fists_imagery,CP6,central_12_13,3,-18.41271618065797,40.31971230998573,-15.71851034863716,-37.86523700440364,2.386907559098109,40.252144563501744,-60.011963660170125,20.492325466833382
exclude_qc_candidates,6,both_fists_imagery,CP6,mu,3,-15.492149769381475,35.11584751614331,-24.06060333010493,-34.795694841245556,-0.4728314778791187,34.32286336336644,-45.53078635238619,23.114940374346695
exclude_qc_candidates,6,both_fists_imagery,CPz,beta,3,8.785468951551357,18.00412791844022,7.5762300616458145,-0.5036634586705926,17.469981916820533,17.973645375491124,-8.583556978986998,27.363733771995253
exclude_qc_candidates,6,both_fists_imagery,CPz,central_12_13,3,43.68678233709986,56.84885249559998,28.814019023926164,12.283339506886627,67.65384351072625,55.37050400383962,-4.2473400101529135,106.49366799752633
exclude_qc_candidates,6,both_fists_imagery,CPz,mu,3,26.003437618927062,52.18905093273112,21.62245725698423,-1.1172867926028935,50.9336718494856,52.05095864208849,-23.85703084219002,80.24488644198696
exclude_qc_candidates,6,both_fists_imagery,Cz,beta,3,11.199295460615062,38.21734204636556,7.6990151969839395,-8.724240827313896,29.372691616728453,38.09693244404235,-25.147496851611727,51.04636803647297
exclude_qc_candidates,6,both_fists_imagery,Cz,central_12_13,3,12.615222100273932,15.697094697651286,7.333490463194057,3.7868556348842377,18.80272274712369,15.015867112239452,0.24022080657441888,30.271955031053317
exclude_qc_candidates,6,both_fists_imagery,Cz,mu,3,4.670822700158691,29.849323754749996,3.8866593025812337,-10.446016925108125,19.39558062663678,29.841597551744904,-24.778693152797484,34.90450195069232
exclude_qc_candidates,6,both_fists_imagery,F1,beta,3,15.91918012597805,57.098847460944604,19.483675886663644,-11.697366650901696,45.31797478320059,57.01534143410228,-42.87840918846703,71.15227367973753
exclude_qc_candidates,6,both_fists_imagery,F1,central_12_13,3,-34.31637024876049,36.52095616274105,-35.83447153104069,-52.94453774767773,-16.447253390983352,36.49728435669438,-70.05460396431477,2.939964749073982
exclude_qc_candidates,6,both_fists_imagery,F1,mu,3,-10.093268663336918,40.66597663424734,-14.225319121523778,-31.380393668182297,9.12783111241503,40.50822478059733,-48.53546821484081,32.480981346353836
exclude_qc_candidates,6,both_fists_imagery,F2,beta,3,7.974178149662873,50.59026603209643,12.035518676401772,-16.2444130483117,34.223439611006896,50.467852659318595,-44.52434477302517,56.41136054561202
exclude_qc_candidates,6,both_fists_imagery,F2,central_12_13,3,-22.976978053575053,44.07449479242132,-22.437997595461606,-44.87824446709155,-0.806221411001836,44.07202305608971,-67.31849133872149,20.825554773457938
exclude_qc_candidates,6,both_fists_imagery,F2,mu,3,-19.256315746462786,30.227300040462687,-16.629025590497157,-33.670265231188594,-3.528721183754163,30.14154404743443,-50.71150487188004,9.57158322298883
exclude_qc_candidates,6,both_fists_imagery,F3,beta,3,-2.29629670364744,44.29067356133345,2.0967109020980046,-23.261532047252935,20.865442442830776,44.12697449008371,-48.61977499660387,39.63417398356355
exclude_qc_candidates,6,both_fists_imagery,F3,central_12_13,3,-42.842585719076574,27.79418359881099,-35.37231435631163,-54.490406572845856,-27.459629183924825,27.03077738892103,-73.60849878938008,-19.546944011538027
exclude_qc_candidates,6,both_fists_imagery,F3,mu,3,-34.89121388256636,24.028453202657655,-25.869859589584948,-43.99730059790923,-21.27445002073278,22.72285057717645,-62.12474160623352,-16.67904045188061
exclude_qc_candidates,6,both_fists_imagery,F4,beta,3,5.945428037223405,51.487379675850406,1.1941682450913913,-20.903736318410544,30.418962496791348,51.32269881520189,-43.00164088191248,59.643756748491306
exclude_qc_candidates,6,both_fists_imagery,F4,central_12_13,3,-33.2155671844559,33.83982119670558,-28.638997299537838,-48.87488235362997,-15.267967072822804,33.606915280807165,-69.1107674077221,-1.89693684610777
exclude_qc_candidates,6,both_fists_imagery,F4,mu,3,-30.803745895460622,19.386438294602954,-24.9150802113808,-38.68340686399806,-19.979752084883277,18.703654779114782,-52.45173351661532,-15.044423958385751
exclude_qc_candidates,6,both_fists_imagery,F5,beta,3,-14.413578005562291,10.999056109802329,-19.487731973010277,-20.723667757764545,-10.640565237084028,10.083102520680518,-21.959603542518817,-1.7933985011577784
exclude_qc_candidates,6,both_fists_imagery,F5,central_12_13,3,-38.9935510552001,11.19346528408044,-42.96982703953523,-45.31292724989257,-34.6623128526752,10.650614397217367,-47.656027460249895,-26.354798665815167
exclude_qc_candidates,6,both_fists_imagery,F5,mu,3,-2.568644640667865,55.18185003581988,-27.746782452834132,-34.208704367460356,16.48234618004149,50.691050547501845,-40.67062628208657,60.71147481291711
exclude_qc_candidates,6,both_fists_imagery,F6,beta,3,3.4121572235083946,50.597593963641486,-21.281709538830974,-25.689328478497835,20.16670954434494,45.856038022842775,-30.096947418164692,61.61512862752085
exclude_qc_candidates,6,both_fists_imagery,F6,central_12_13,3,-12.171072058943329,34.94744948259918,-19.35670728195216,-31.16195097989691,3.2269892505058415,34.38894023040275,-42.96719467784166,25.81068578296384
exclude_qc_candidates,6,both_fists_imagery,F6,mu,3,-29.909436025455218,10.253030223293578,-33.330168310416795,-35.67248451191784,-25.856753681473386,9.815730830444451,-38.01480071341888,-18.383339052529976
exclude_qc_candidates,6,both_fists_imagery,F7,beta,3,2.8704699411798082,37.680404371408805,-16.217742371360085,-18.831903472276895,15.028737198366564,33.86064067064346,-21.446064573193706,46.275216768093216
exclude_qc_candidates,6,both_fists_imagery,F7,central_12_13,3,-1.8577289089470403,35.36322746507561,-4.965155789167851,-20.26492723363897,14.995755975634484,35.26068320927345,-35.56469867811009,34.95666774043682
exclude_qc_candidates,6,both_fists_imagery,F7,mu,3,-10.11156238256247,34.97052767617058,-23.38936145183787,-29.943983148892784,3.0819588491301424,33.02594199802293,-36.498604845947696,29.553279150098156
exclude_qc_candidates,6,both_fists_imagery,F8,beta,3,17.86162077198474,46.06596564095293,22.156392361598776,-4.022470376432896,41.89309771520939,45.915568091642285,-30.201333114464568,61.62980306882001
exclude_qc_candidates,6,both_fists_imagery,F8,central_12_13,3,65.00601681019951,39.92982628794501,74.22701292069253,47.74969029779297,86.87284137785257,39.1231510800596,21.272367674893395,99.5186698350126
exclude_qc_candidates,6,both_fists_imagery,F8,mu,3,13.816731081495783,13.529550728870976,21.23708071494375,9.718824465563474,21.624812514152076,11.905988048588602,-1.7994317838168032,22.012544313360397
exclude_qc_candidates,6,both_fists_imagery,FC1,beta,3,14.400974042178428,52.713299378764845,33.372952514702874,-5.899692993010255,44.187630313629334,50.08732330663959,-45.172338500723384,55.002308112555795
exclude_qc_candidates,6,both_fists_imagery,FC1,central_12_13,3,-50.01662132787874,15.62895165005607,-53.14150325438333,-58.49427709457102,-43.101406524438744,15.392870570132274,-63.8470509347587,-33.061309794494164
exclude_qc_candidates,6,both_fists_imagery,FC1,mu,3,-21.97036359220662,25.80126548806967,-30.179664829843258,-36.42390689298822,-11.621470910243339,24.802435982744882,-42.66814895613319,6.936723009356585
exclude_qc_candidates,6,both_fists_imagery,FC2,beta,3,2.95345176684558,40.79804867158732,13.011921067211548,-14.460560890511571,25.396699074385715,39.85725996489729,-41.93304284823469,37.781477081559885
exclude_qc_candidates,6,both_fists_imagery,FC2,central_12_13,3,-40.21592159888844,28.282350169653782,-40.67893671582623,-54.47142912306158,-26.1919216331842,28.279507489877382,-68.26392153029693,-11.704906550542168
exclude_qc_candidates,6,both_fists_imagery,FC2,mu,3,-19.68061802562751,11.050409088009737,-21.05829551761516,-25.517942926631008,-14.532131870617839,10.98581105601317,-29.977590335646852,-8.005968223620519
exclude_qc_candidates,6,both_fists_imagery,FC3,beta,3,24.411964392722837,53.05514946140093,51.76257319810331,7.512477798222768,54.98675538991314,47.474277591690374,-36.737617601657774,58.210937581722966
exclude_qc_candidates,6,both_fists_imagery,FC3,central_12_13,3,-59.72286317618731,18.601506403921245,-69.20599913222246,-70.43883499748361,-53.74845933290859,16.690375664575022,-71.67167086274476,-38.29091953359472
exclude_qc_candidates,6,both_fists_imagery,FC3,mu,3,-44.30147917821574,12.86605802275166,-46.38440940482576,-51.191699553722245,-38.45272391601424,12.738975637708002,-55.998989702618736,-30.521038427202722
exclude_qc_candidates,6,both_fists_imagery,FC4,beta,3,6.873877608224466,38.916578147300875,28.590783272735667,-4.732021899485343,29.338229948189877,34.07025184767522,-38.054827071706356,30.085676623644087
exclude_qc_candidates,6,both_fists_imagery,FC4,central_12_13,3,-39.98296544604542,32.47921331029453,-35.435112479453615,-54.96576548043001,-22.72623892836492,32.23952655206509,-74.49641848140641,-10.01736537727623
exclude_qc_candidates,6,both_fists_imagery,FC4,mu,3,-32.1284702219066,16.6344788727255,-31.420537178961265,-40.26307541453134,-23.639898507809196,16.623176906722147,-49.105613650101425,-15.859259836657127
exclude_qc_candidates,6,both_fists_imagery,FC5,beta,3,18.05662344917681,47.63120978572618,7.208684181858796,-8.0031332414916,38.692410506186214,46.69554374767782,-23.214950664841997,70.17613683051363
exclude_qc_candidates,6,both_fists_imagery,FC5,central_12_13,3,-33.48059344596091,31.758191637003655,-16.035686538879755,-43.08664234209847,-15.15209109628278,27.93455124581569,-70.13759814531718,-14.268495653685804
exclude_qc_candidates,6,both_fists_imagery,FC5,mu,3,-22.330749148540296,36.022584534693436,-40.08027379607827,-43.05725534562056,-10.479005275229017,32.57825007039155,-46.034236895162856,19.12226324562023
exclude_qc_candidates,6,both_fists_imagery,FC6,beta,3,26.583260976452426,35.66117477576852,45.471739041306236,15.461308780483897,47.14945220484786,31.688143424363965,-14.549121480338446,48.827165368389494
exclude_qc_candidates,6,both_fists_imagery,FC6,central_12_13,3,7.919489893216327,37.91891890378398,16.01920206103196,-8.68781494182716,28.57665081216763,37.26446575399479,-33.39483194468628,41.1340995633033
exclude_qc_candidates,6,both_fists_imagery,FC6,mu,3,-4.771375475447678,26.001511327417074,-7.138184027617319,-18.323375201391293,7.597219974411114,25.920595175802408,-29.508566375165262,22.33262397643955
exclude_qc_candidates,6,both_fists_imagery,FCz,beta,3,-0.4477916705779075,37.343117075978505,2.0297230934334936,-18.469126709176567,18.812300750026452,37.281427459203016,-38.967976511786624,35.59487840661941
exclude_qc_candidates,6,both_fists_imagery,FCz,central_12_13,3,-47.253537643636015,14.506632345852706,-52.48454173546304,-55.451858838233264,-41.670718494952276,13.781140343280988,-58.41917594100348,-30.856895254441515
exclude_qc_candidates,6,both_fists_imagery,FCz,mu,3,-14.91869149464515,9.300690890955428,-15.511167146727287,-19.71007382094434,-10.423546994387028,9.286526826557314,-23.908980495161394,-5.335926842046766
exclude_qc_candidates,6,both_fists_imagery,FT7,beta,3,6.076410773978947,20.645960272176872,13.520674351118396,-1.8693179202582453,17.744271256785865,19.613589177044112,-17.25931019163489,21.967868162453335
exclude_qc_candidates,6,both_fists_imagery,FT7,central_12_13,3,8.356153558046744,38.86641629798276,5.658119696041815,-11.716413932829333,27.079704117920357,38.79611805074969,-29.09094756170048,48.5012885397989
exclude_qc_candidates,6,both_fists_imagery,FT7,mu,3,-4.964630086341342,31.966120706495747,4.694687373099226,-17.97588303914668,12.876281596184278,30.852164635330958,-40.64645345139258,21.05787581926933
exclude_qc_candidates,6,both_fists_imagery,FT8,beta,3,30.137673859870784,32.85024590005321,31.977730822331473,14.191901785323115,47.003474415648796,32.811572630325685,-3.5939272516852427,62.029218008966126
exclude_qc_candidates,6,both_fists_imagery,FT8,central_12_13,3,54.8434238622991,25.539348151074883,51.72495552468451,41.3657294588455,66.76188409694541,25.396154638099908,31.006503393006493,81.79881266920631
exclude_qc_candidates,6,both_fists_imagery,FT8,mu,3,18.915505143971135,32.539136220217145,28.214094663545044,5.476685577569928,37.00361947015929,31.526933892589366,-17.260723508405185,45.793144276773546
exclude_qc_candidates,6,both_fists_imagery,Fp1,beta,3,-22.19148682212958,15.425947413394605,-26.156213134065453,-30.702152467428245,-15.663184332798856,15.038968134629389,-35.24809180079104,-5.170155531532257
exclude_qc_candidates,6,both_fists_imagery,Fp1,central_12_13,3,10.782768096922537,62.962948258775995,43.12166561780131,-9.328161593068124,47.06314654735259,56.39130814042071,-61.77798880393756,51.004627476903856
exclude_qc_candidates,6,both_fists_imagery,Fp1,mu,3,-11.783028891228662,51.59587962303115,2.6258718049261294,-33.21289551761979,16.851288083239858,50.06418360085965,-69.0516628401657,31.07670436155359
exclude_qc_candidates,6,both_fists_imagery,Fp2,beta,3,-12.43162532793267,21.836987156074017,-7.534699430153855,-21.918008864054457,-0.496778842921473,21.421230021132985,-36.301318297955056,6.541141744310909
exclude_qc_candidates,6,both_fists_imagery,Fp2,central_12_13,3,-16.70133638984844,11.696061025187309,-19.2941564111926,-23.0887880085823,-11.610294781786662,11.478493226795637,-26.883419605971994,-3.9264331523807248
exclude_qc_candidates,6,both_fists_imagery,Fp2,mu,3,-14.406460839556106,15.754924094572383,-19.52518393764583,-23.245351867298602,-8.126931360858475,15.118420506440128,-26.965519796951376,3.2713212159288845
exclude_qc_candidates,6,both_fists_imagery,Fpz,beta,3,-15.745926019374117,27.40391743291276,-18.963826789667422,-30.181326773371264,-2.919475650523621,27.261851122847645,-41.398826757075106,13.124875488620178
exclude_qc_candidates,6,both_fists_imagery,Fpz,central_12_13,3,-0.9567884944624035,50.11498673379672,-4.069743636905584,-26.756238422019713,23.286183861873315,50.04242228389303,-49.44273320713384,50.642111360652216
exclude_qc_candidates,6,both_fists_imagery,Fpz,mu,3,-11.204766600589329,37.08858244244886,-15.828160803059653,-30.796525198765917,6.075294896352101,36.87182009511802,-45.76488959447218,27.978750595763852
exclude_qc_candidates,6,both_fists_imagery,Fz,beta,3,-0.19116587309656788,43.08999747372602,7.981459052079182,-19.400386177498657,23.104366893893395,42.50475307139205,-46.782231407076495,38.22727473570761
exclude_qc_candidates,6,both_fists_imagery,Fz,central_12_13,3,-31.302955015961846,34.24532307675774,-23.194847178275253,-46.03477716007988,-12.517078953000524,33.51769820707935,-68.8747071418845,-1.8393107277257954
exclude_qc_candidates,6,both_fists_imagery,Fz,mu,3,-11.28082324360111,33.93255971438022,-3.422561625256938,-25.93781313645357,7.305297458423436,33.24311059487701,-48.4530646476502,18.03315654210381
exclude_qc_candidates,6,both_fists_imagery,Iz,beta,3,24.050138514853586,17.393106846033433,25.602369204667028,15.767655537039861,33.108736837574035,17.341081300534174,5.932941869412696,40.61510447048104
exclude_qc_candidates,6,both_fists_imagery,Iz,central_12_13,3,15.666311142728603,105.4697079879026,-27.142600740666243,-44.405459819151645,54.33362616291143,98.73908598206307,-61.66831889763704,135.8098530664891
exclude_qc_candidates,6,both_fists_imagery,Iz,mu,3,-26.547116105280136,22.569107426257098,-27.569330071172615,-38.07853895319185,-15.526800240314657,22.551738712877196,-48.58774783521109,-3.4842704094566974
exclude_qc_candidates,6,both_fists_imagery,O1,beta,3,53.37564697687011,58.75666969859515,74.43114840967404,30.71173317879476,86.56731149134743,55.855578312552666,-13.007682052084515,98.7034745730208
exclude_qc_candidates,6,both_fists_imagery,O1,central_12_13,3,25.967581310489265,130.24627934476163,-37.706070896446,-48.94943933948869,69.04777585699959,117.99721519648828,-60.192807782531375,175.80162261044518
exclude_qc_candidates,6,both_fists_imagery,O1,mu,3,-15.226148522483777,66.21882764584382,-52.985957370421765,-53.456640680843705,4.124439211907159,57.581079892750864,-53.927323991265645,61.234835794236076
exclude_qc_candidates,6,both_fists_imagery,O2,beta,3,41.318931295976675,32.10881544770827,55.58912804892263,30.06886307343194,59.70409789499439,29.63523482156245,4.548598097941255,63.81906774106615
exclude_qc_candidates,6,both_fists_imagery,O2,central_12_13,3,14.078763471177018,54.23409939954091,3.869960038719396,-15.227749128399571,38.2808743545248,53.50862348292437,-34.32545829551854,72.6917886703302
exclude_qc_candidates,6,both_fists_imagery,O2,mu,3,-7.172178968182976,26.97705661090234,-6.351449625999994,-20.45084239245284,6.51684912717838,26.967691519631224,-34.550235158905686,19.385147880356755
exclude_qc_candidates,6,both_fists_imagery,Oz,beta,3,23.353730488801848,37.49217437387346,38.064996975690185,9.40098332171707,44.66211089933079,35.26112757761372,-19.26303033225604,51.2592248229714
exclude_qc_candidates,6,both_fists_imagery,Oz,central_12_13,3,-15.268151992503975,65.25129067728203,-28.79118463563336,-50.74476902226969,13.446948715697047,64.19171773796674,-72.69835340890603,55.68508206702746
exclude_qc_candidates,6,both_fists_imagery,Oz,mu,3,-31.65976348889882,28.09730692774601,-33.035955942483696,-46.03982089393476,-17.967802310655323,28.072018583279437,-59.04368584538582,-2.899648678826948
exclude_qc_candidates,6,both_fists_imagery,P1,beta,3,-7.259007142060736,16.88273848578083,-0.5917797756287688,-13.524537884867737,2.3401372839622483,15.864675168829985,-26.457295994106705,5.272054343553266
exclude_qc_candidates,6,both_fists_imagery,P1,central_12_13,3,-25.89537267031828,12.789252072811012,-22.08960674289303,-31.12256529846431,-18.765297078459632,12.357268220004677,-40.155523854035586,-15.440987414026235
exclude_qc_candidates,6,both_fists_imagery,P1,mu,3,-25.691015258393474,0.8887131759062966,-26.163734839519996,-26.20359763124216,-25.41479267610805,0.7888049551341112,-26.243460422964326,-24.6658505126961
exclude_qc_candidates,6,both_fists_imagery,P2,beta,3,3.3439780629637474,12.317864751625278,9.97993229994404,-0.44457584120667804,10.450509085624319,10.895084926830997,-10.869083982357393,10.921085871304596
exclude_qc_candidates,6,both_fists_imagery,P2,central_12_13,3,8.189286186185884,83.05770979708146,-24.05524049817034,-38.983228197972075,39.23953722816573,78.22276542613781,-53.91121589777381,102.5343149545018
exclude_qc_candidates,6,both_fists_imagery,P2,mu,3,-9.822510696093305,60.998400082658634,-29.119960368836214,-43.97907018396704,14.685323955408975,58.664394139376014,-58.83817999909786,58.49060827965416
exclude_qc_candidates,6,both_fists_imagery,P3,beta,3,-6.065242192950933,28.559518690041823,7.029044154833412,-15.89749809407785,10.314156882068154,26.211654976146004,-38.82404034298911,13.599269609302898
exclude_qc_candidates,6,both_fists_imagery,P3,central_12_13,3,-42.291814065131604,12.065131066635992,-45.6810017255552,-48.99044507826441,-37.2877768822106,11.702668196053807,-52.29988843097362,-28.894552038866
exclude_qc_candidates,6,both_fists_imagery,P3,mu,3,-37.64167923833372,10.852588107606794,-43.76422888105429,-43.90688257520195,-34.43775072282577,9.46913185237618,-44.04953626934961,-25.111272564597257
exclude_qc_candidates,6,both_fists_imagery,P4,beta,3,15.271245779817788,14.253190062017602,15.005570786204594,8.07916057938483,22.330493483444148,14.251332904059318,1.1527503725650665,29.6554161806837
exclude_qc_candidates,6,both_fists_imagery,P4,central_12_13,3,10.627819039838618,88.23933457564134,-25.354213881306844,-39.644650520280926,42.909272139385436,82.55392265966637,-53.935087159255005,111.1727581600777
exclude_qc_candidates,6,both_fists_imagery,P4,mu,3,-3.4137398898372098,69.78179023289258,-24.205245533782723,-42.32097411842655,25.097741516779365,67.41871563520591,-60.43670270307037,74.40072856734146
exclude_qc_candidates,6,both_fists_imagery,P5,beta,3,2.2513821181327924,28.026001117665857,12.079246652097963,-8.642836599110419,18.05953310235859,26.70236970146901,-29.3649198503188,24.039819552619214
exclude_qc_candidates,6,both_fists_imagery,P5,central_12_13,3,-44.03264823689219,6.013962039509525,-42.19499238755289,-46.473018971185866,-40.673449577928864,5.799569393257002,-50.75104555481884,-39.15190676830484
exclude_qc_candidates,6,both_fists_imagery,P5,mu,3,-38.841273149210245,7.579688250373907,-34.47147008733051,-41.03250514373502,-34.465139623745586,6.567365519989437,-47.59354020013954,-34.45880916016066
exclude_qc_candidates,6,both_fists_imagery,P6,beta,3,43.189563049001755,50.96051330966106,23.804090748287017,14.285314172811065,62.40107577483508,48.115761602024016,4.766537597335112,100.99806080138313
exclude_qc_candidates,6,both_fists_imagery,P6,central_12_13,3,4.709653887774409,44.624512854621074,11.73089864321861,-15.63918464166038,28.5691147949313,44.20829943659168,-43.00926792653937,45.40733094664399
exclude_qc_candidates,6,both_fists_imagery,P6,mu,3,-4.021820589102437,26.711800217231822,-17.011496854930098,-19.382987049812,4.844507738693295,24.227494788505297,-21.754477244693902,26.700512332316688
exclude_qc_candidates,6,both_fists_imagery,P7,beta,3,13.833245337092867,36.3515108376138,2.3703731491743567,-6.517353758093357,28.452408338319838,34.96976209641319,-15.405080665361073,54.53444352746532
exclude_qc_candidates,6,both_fists_imagery,P7,central_12_13,3,-36.76568733543547,18.112451840617656,-34.40680647954313,-45.17440688218581,-27.17752736073897,17.996879521446836,-55.94200728482848,-19.948248241934817
exclude_qc_candidates,6,both_fists_imagery,P7,mu,3,-40.15913261197133,11.74394973506058,-35.90868118678107,-44.672598180319596,-33.52044133102793,11.152156849291664,-53.436515173858126,-31.132201475274794
exclude_qc_candidates,6,both_fists_imagery,P8,beta,3,48.33347559696194,54.17728498907785,21.000946613229452,17.13398409639854,65.8667026056591,48.732718509260565,13.267021579567626,110.73245859808875
exclude_qc_candidates,6,both_fists_imagery,P8,central_12_13,3,9.619607643227898,24.077251105091136,14.694781726343638,-0.9479409313911908,22.724743259404857,23.672684190796048,-16.59066358912602,30.754704792466075
exclude_qc_candidates,6,both_fists_imagery,P8,mu,3,6.530674953606727,5.30137586147416,6.072119054928435,3.772795501300783,9.059276456573524,5.286480955272742,1.473471947673131,12.046433858218615
exclude_qc_candidates,6,both_fists_imagery,PO3,beta,3,28.242886503907517,42.292745576661545,51.76177980005523,15.590053528248916,52.65516612763998,37.065112599391064,-20.581672743557398,53.54855245522473
exclude_qc_candidates,6,both_fists_imagery,PO3,central_12_13,3,-26.205796260638323,37.28631282183496,-44.18682725638552,-47.64051250959231,-13.761595509557935,33.87891700003438,-51.0941977627991,16.66363623726965
exclude_qc_candidates,6,both_fists_imagery,PO3,mu,3,-33.690900947923694,25.38567794825894,-38.41051426592564,-47.39804042999515,-22.343568124853213,25.054472305141935,-56.38556659406465,-6.27662198378078
exclude_qc_candidates,6,both_fists_imagery,PO4,beta,3,62.23432512345678,29.87373443427551,75.02690864622669,51.56071585060673,79.30422615769179,27.74351030708506,28.09452305498676,83.58154366915689
exclude_qc_candidates,6,both_fists_imagery,PO4,central_12_13,3,18.277806550249373,58.37638106719226,35.3286224781793,-5.698443607599231,50.779464672062936,56.47790827966217,-46.72550969337775,66.23030686594657
exclude_qc_candidates,6,both_fists_imagery,PO4,mu,3,-0.9792526878427937,37.069427877980424,-15.647340467160756,-22.05875495480373,12.766205689459163,34.824960644262895,-28.470169442446704,41.17975184607908
exclude_qc_candidates,6,both_fists_imagery,PO7,beta,3,32.87755996208162,42.54184159373815,49.102780235505655,16.85673278691327,57.01099727396199,40.15426448704872,-15.389314661679117,64.91921431241832
exclude_qc_candidates,6,both_fists_imagery,PO7,central_12_13,3,-23.1064044235866,45.73203629828306,-41.10152866700936,-49.10257353267569,-6.107797436208891,42.9947760964668,-57.10361839834202,28.885933794591587
exclude_qc_candidates,6,both_fists_imagery,PO7,mu,3,-36.76033127673034,30.70014776201588,-43.55262840353031,-53.524075120513835,-23.39273599634683,30.131339124167006,-63.49552183749736,-3.2328435891633447
exclude_qc_candidates,6,both_fists_imagery,PO8,beta,3,86.4459505901645,17.798833094774032,90.71937636120002,78.80939701514879,96.21921705069798,17.40982003554919,66.89941766909755,101.71905774019595
exclude_qc_candidates,6,both_fists_imagery,PO8,central_12_13,3,48.872904410777345,59.04427810261227,64.9432151097535,24.200171821481895,81.58079234956087,57.38062052807897,-16.54287146678971,98.21836958936824
exclude_qc_candidates,6,both_fists_imagery,PO8,mu,3,26.152228747069604,12.209755474901725,32.62819255751604,22.34847712093857,33.193962278423854,10.845485157485285,12.068761684361096,33.75973199933167
exclude_qc_candidates,6,both_fists_imagery,POz,beta,3,13.11564235387815,35.618335983969956,25.104224479869327,-0.9229927118203811,33.148568482572266,34.07156119439264,-26.950209903510085,41.1929124852752
exclude_qc_candidates,6,both_fists_imagery,POz,central_12_13,3,-1.473272841480605,48.26482313889783,17.152381025943708,-19.561677004896172,25.92795825564712,45.489635260543295,-56.275735035736055,34.703535485350535
exclude_qc_candidates,6,both_fists_imagery,POz,mu,3,-11.811118396061095,24.809433451718785,-5.893345460587713,-22.468838760089064,1.8054884357035608,24.274327195792623,-39.04433205959041,9.504322331994835
exclude_qc_candidates,6,both_fists_imagery,Pz,beta,3,-8.396956539128086,8.001991095979182,-5.756609486558136,-11.571034844211631,-3.902704707759563,7.668330136452068,-17.38546020186513,-2.04879992896099
exclude_qc_candidates,6,both_fists_imagery,Pz,central_12_13,3,12.838182842199124,68.86431242950796,-3.191873169601368,-24.894586921763356,42.555924600261356,67.45051152202471,-46.59730067392534,88.30372237012408
exclude_qc_candidates,6,both_fists_imagery,Pz,mu,3,1.426743428608982,47.10002175543085,-25.53628170823753,-25.766142976719593,15.138117265514296,40.90426024223389,-25.996004245201654,55.81251623926613
exclude_qc_candidates,6,both_fists_imagery,T10,beta,3,20.9638787924268,23.064620387861204,10.693149123632713,7.755933247736349,29.03645950272021,21.28052625498386,4.818717371839987,47.379769881807704
exclude_qc_candidates,6,both_fists_imagery,T10,central_12_13,3,20.26559289941773,36.53625157131058,22.433545775796826,2.563591257969083,39.051570979055924,36.487979721086845,-17.30636325985866,55.66959618231502
exclude_qc_candidates,6,both_fists_imagery,T10,mu,3,10.970934588720837,18.045269455227544,17.487247594204334,4.029934101791037,21.170091578392388,17.140157476601352,-9.42737939062226,24.85293556258044
exclude_qc_candidates,6,both_fists_imagery,T7,beta,3,11.297243628142484,33.71930821546659,21.700027734163218,-2.3488162420096295,30.144695551304963,32.493511793314596,-26.397660218182473,38.589363368446705
exclude_qc_candidates,6,both_fists_imagery,T7,central_12_13,3,9.872308574706802,41.32536915048298,-9.240414329081032,-13.838740415359293,24.026996112878983,37.86573652823827,-18.437066501637556,57.29440655483899
exclude_qc_candidates,6,both_fists_imagery,T7,mu,3,-5.245138512243607,26.686128336634397,-10.563501451316823,-19.71755720882763,6.56809871480381,26.285655923631438,-28.87161296633844,23.69969888092444
exclude_qc_candidates,6,both_fists_imagery,T8,beta,3,15.522924333813464,7.85062749005206,17.519633889609764,12.193191460040751,19.851011985484327,7.657820525443576,6.866749030471739,22.18239008135889
exclude_qc_candidates,6,both_fists_imagery,T8,central_12_13,3,25.52499792031612,58.574785143143,39.07259806256154,0.21802948038806136,57.60576643136689,57.38773695097883,-38.63653910178542,76.13893480017224
exclude_qc_candidates,6,both_fists_imagery,T8,mu,3,9.892160294214461,42.34021376017185,31.252738513448,-3.810331358065511,34.2749410561112,38.085272414176714,-38.873401229579024,37.297143598774404
exclude_qc_candidates,6,both_fists_imagery,T9,beta,3,27.231656441261507,45.58668607490078,46.04764522536883,10.648246139845078,53.223061134731594,42.574814994886516,-24.75115294567867,60.39847704409436
exclude_qc_candidates,6,both_fists_imagery,T9,central_12_13,3,4.312408248869442,56.29456625845653,-24.880775408042876,-28.134926967129655,22.16315163641238,50.29807860354204,-31.389078526216434,69.20707868086764
exclude_qc_candidates,6,both_fists_imagery,T9,mu,3,-0.22264572242401334,27.409481948681808,1.0836992709846873,-13.589121565545032,13.797002617401356,27.38612418294639,-28.26194240207475,26.510305963818023
exclude_qc_candidates,6,both_fists_imagery,TP7,beta,3,5.385391489304109,29.060903384919268,-2.043061367287474,-10.641669428219934,17.69822597853236,28.339895406752294,-19.240277489152394,37.43951332435219
exclude_qc_candidates,6,both_fists_imagery,TP7,central_12_13,3,-4.005456162588739,65.8756952333785,-35.88719313407899,-41.88104614089219,17.92926532996958,59.81031147086177,-47.874899147705385,71.74572379401816
exclude_qc_candidates,6,both_fists_imagery,TP7,mu,3,-10.902103502586277,12.175472092284924,-15.471533615289639,-17.801681540779274,-6.2872405207449615,11.514441020034312,-20.131829466268908,2.8970525737997166
exclude_qc_candidates,6,both_fists_imagery,TP8,beta,3,44.62629364533358,70.9127860864216,13.253568979442756,4.032397445379376,69.53382751234237,65.501430066963,-5.188774088684005,125.81408604524198
exclude_qc_candidates,6,both_fists_imagery,TP8,central_12_13,3,-2.911968847607151,35.04330203786774,-3.811238131369956,-20.65410976394682,14.380537426851117,35.03464719079794,-37.49698139652369,32.57231298507219
exclude_qc_candidates,6,both_fists_imagery,TP8,mu,3,8.015935723218611,26.725190402271643,20.003852015357587,-1.3002204591068143,23.326050051613525,24.62627051072034,-22.604292933571216,26.64824808786946
