subject,run,channel,reference_state,line_frequency_hz,line_bin_psd_uV2_per_hz,neighbor_definition_hz,neighbor_median_psd_uV2_per_hz,line_to_neighbor_ratio,line_excess_db,local_peak_frequency_hz,local_peak_psd_uV2_per_hz
1,6,FC5,stored,50.0,1.4131835749270816,47-49 and 51-53,1.3007112256849203,1.086469884338037,0.3601769269328897,49.666666666666664,1.4496275671645822
1,6,FC3,stored,50.0,1.2972489604791742,47-49 and 51-53,1.2793092859413524,1.014022937795391,0.060477791051022974,51.33333333333333,1.3638303316951612
1,6,FC1,stored,50.0,1.4263224378075516,47-49 and 51-53,1.314083500836394,1.0854123325494303,0.3559475176320845,49.666666666666664,1.457155063347195
1,6,FCz,stored,50.0,1.530838613087551,47-49 and 51-53,1.3675752727442307,1.1193816118184923,0.4897816843514457,49.666666666666664,1.599700950509602
1,6,FC2,stored,50.0,1.4908032632104935,47-49 and 51-53,1.196892624834739,1.2455614081641921,0.9536514381104313,50.0,1.4908032632104935
1,6,FC4,stored,50.0,1.3096445323126518,47-49 and 51-53,0.9980068256735726,1.312260095444487,1.1801992255579494,50.0,1.3096445323126518
1,6,FC6,stored,50.0,1.2071679004610387,47-49 and 51-53,0.9026799259437255,1.3373155486968207,1.2623389408969155,50.0,1.2071679004610387
1,6,C5,stored,50.0,1.2791897869475979,47-49 and 51-53,1.2609048211703877,1.0145014639251184,0.06252678056542849,49.666666666666664,1.3950129506645397
1,6,C3,stored,50.0,1.2177146094550715,47-49 and 51-53,1.2642601276466774,0.963183590802435,-0.1629092484524046,48.666666666666664,1.3906686662318246
1,6,C1,stored,50.0,1.3575348981316124,47-49 and 51-53,1.3521521507514305,1.0039808740289993,0.017254395193747746,50.666666666666664,1.5025358805819482
1,6,Cz,stored,50.0,1.6250486604445202,47-49 and 51-53,1.4607634536738936,1.1124653046031794,0.4628647515467371,49.666666666666664,1.6504470898993517
1,6,C2,stored,50.0,1.531585305332618,47-49 and 51-53,1.2602943803824687,1.2152599655866267,0.8466919113850346,49.666666666666664,1.691260471392782
1,6,C4,stored,50.0,1.3266372071785517,47-49 and 51-53,1.0507420915329024,1.2625716794529023,1.012560435092571,50.0,1.3266372071785517
1,6,C6,stored,50.0,1.4168475244661782,47-49 and 51-53,1.1073803755809393,1.279458762056254,1.0702629280231497,49.666666666666664,1.451611235630872
1,6,CP5,stored,50.0,1.2015999386766962,47-49 and 51-53,1.2704346297518763,0.9458179984525266,-0.2419242583101618,49.666666666666664,1.428712343982379
1,6,CP3,stored,50.0,1.211641460937342,47-49 and 51-53,1.2144848424694512,0.9976587756119478,-0.010179729497089018,49.666666666666664,1.4185120501661628
1,6,CP1,stored,50.0,1.3311346146059369,47-49 and 51-53,1.301563521269363,1.0227196697305516,0.09756608714067466,49.666666666666664,1.500390148524164
1,6,CPz,stored,50.0,1.4082883200791583,47-49 and 51-53,1.3140835434653817,1.071688574963315,0.3006860081904369,49.666666666666664,1.501754283809832
1,6,CP2,stored,50.0,1.3747936931312739,47-49 and 51-53,1.2046554146240438,1.141233979810175,0.5737469413151373,49.666666666666664,1.4772369366570401
1,6,CP4,stored,50.0,1.371765939691526,47-49 and 51-53,1.1672188982584664,1.1752430857127583,0.7012770479062105,49.666666666666664,1.4578019583177937
1,6,CP6,stored,50.0,1.2406577884909693,47-49 and 51-53,1.0277475536218414,1.2071619962692395,0.8176555457538668,49.666666666666664,1.2694371519835703
1,6,Fp1,stored,50.0,2.9326135237193283,47-49 and 51-53,2.19783444017125,1.334319578453246,1.2525985846864707,50.0,2.9326135237193283
1,6,Fpz,stored,50.0,1.726106473632379,47-49 and 51-53,1.4601103571854308,1.1821753507451953,0.7268189973715554,51.33333333333333,1.8470644729226844
1,6,Fp2,stored,50.0,1.7937707296416168,47-49 and 51-53,1.4715807029845256,1.2189414593461676,0.8598284877390451,50.33333333333333,1.8197981824577285
1,6,AF7,stored,50.0,2.97369406072251,47-49 and 51-53,2.1913344767864658,1.357024266365468,1.3258761380151365,50.0,2.97369406072251
1,6,AF3,stored,50.0,2.6700498112931257,47-49 and 51-53,2.0085800248304464,1.3293220973451216,1.2363022409625826,50.0,2.6700498112931257
1,6,AFz,stored,50.0,1.1951800520451765,47-49 and 51-53,1.0081140450193022,1.185560361895655,0.7392367064726023,49.666666666666664,1.2227254410679458
1,6,AF4,stored,50.0,1.163273897361396,47-49 and 51-53,0.9848289639854757,1.1811938315195125,0.7232117030791345,49.666666666666664,1.219411756523507
1,6,AF8,stored,50.0,2.747989354763352,47-49 and 51-53,2.2386776849869534,1.22750558206389,0.8902347574737507,48.666666666666664,2.93515249357643
1,6,F7,stored,50.0,2.3454149778453894,47-49 and 51-53,1.8805491890314778,1.247196825015424,0.959349966002556,50.0,2.3454149778453894
1,6,F5,stored,50.0,1.8544874908996416,47-49 and 51-53,1.5006883972563956,1.2357578657168753,0.9193338346748032,49.666666666666664,1.8871925780712546
1,6,F3,stored,50.0,1.1118784832655542,47-49 and 51-53,0.9757886171681903,1.1394665439860392,0.5670157833117927,50.0,1.1118784832655542
1,6,F1,stored,50.0,1.2953627229490272,47-49 and 51-53,1.2047828875697517,1.075183534156922,0.3148260478011333,49.33333333333333,1.354208177905924
1,6,Fz,stored,50.0,1.3381377968832155,47-49 and 51-53,1.2119703312866976,1.1041011172794728,0.4300884935831788,49.666666666666664,1.3708296709086498
1,6,F2,stored,50.0,1.2117014311251804,47-49 and 51-53,1.0368329541449086,1.168656364828304,0.6768682869988731,49.666666666666664,1.2164835334512532
1,6,F4,stored,50.0,1.0762883515698494,47-49 and 51-53,0.934922879164791,1.1512054903730098,0.6115285218724906,50.0,1.0762883515698494
1,6,F6,stored,50.0,1.3056638833268868,47-49 and 51-53,0.9981186837614644,1.3081248799054854,1.1664920581165812,50.0,1.3056638833268868
1,6,F8,stored,50.0,1.1060155665449964,47-49 and 51-53,1.0186387639773744,1.0857780065491036,0.3574104036709119,49.0,1.2644085998030221
1,6,FT7,stored,50.0,1.610813465998263,47-49 and 51-53,1.4873786825673916,1.082988135353539,0.346236987502391,51.33333333333333,1.7606872490607042
1,6,FT8,stored,50.0,0.9621803769318822,47-49 and 51-53,0.847539319593774,1.1352634086558435,0.5509664007826984,48.666666666666664,1.0605314102782406
1,6,T7,stored,50.0,1.0838030702479775,47-49 and 51-53,1.2181526101427576,0.8897104198799562,-0.5075132314437083,48.666666666666664,1.2943507137901202
1,6,T8,stored,50.0,4.120029958952454,47-49 and 51-53,4.011730775718432,1.0269956259003017,0.11568593888020476,48.33333333333333,5.168198649952756
1,6,T9,stored,50.0,1.1840312208316595,47-49 and 51-53,1.2985100909759568,0.9118382899448588,-0.4008217484230987,48.33333333333333,1.4373954951527614
1,6,T10,stored,50.0,2.3771027760404646,47-49 and 51-53,2.1548997775762206,1.1031152356951712,0.4262088289570164,50.666666666666664,2.6529674667393293
1,6,TP7,stored,50.0,1.190633613159224,47-49 and 51-53,1.2352786936914288,0.9638582930635755,-0.1598681159957865,49.666666666666664,1.3559464691712615
1,6,TP8,stored,50.0,0.9148131715906279,47-49 and 51-53,0.7585917968717879,1.2059360190329655,0.8132426691024713,49.666666666666664,0.9815061881540219
1,6,P7,stored,50.0,1.4753779981106174,47-49 and 51-53,1.4907920288016072,0.9896605090494208,-0.04513759273342574,49.666666666666664,1.7617457911367815
1,6,P5,stored,50.0,1.2132263116516442,47-49 and 51-53,1.2366832374380903,0.9810323896400186,-0.08316653772225671,49.666666666666664,1.4244237062147993
1,6,P3,stored,50.0,1.2203831383826074,47-49 and 51-53,1.2135155331052203,1.0056592644181601,0.024508588021825102,49.666666666666664,1.4500562375063688
1,6,P1,stored,50.0,1.2576011364914745,47-49 and 51-53,1.2886489495919382,0.975906694286062,-0.10591702921195705,49.666666666666664,1.4964943017436265
1,6,Pz,stored,50.0,1.33752460966953,47-49 and 51-53,1.2117001595490167,1.103841242512788,0.4290661645610667,49.666666666666664,1.5113356595731025
1,6,P2,stored,50.0,1.4169557010064158,47-49 and 51-53,1.2859587330204698,1.1018671630918195,0.4212924078297158,49.666666666666664,1.5330632296697129
1,6,P4,stored,50.0,1.430801971752739,47-49 and 51-53,1.2562091945272034,1.1389838396233414,0.5651756217199079,49.666666666666664,1.532141480801579
1,6,P6,stored,50.0,1.4628866142222536,47-49 and 51-53,1.1904781546005903,1.2288227285557016,0.8948923556100068,49.666666666666664,1.5098173749738395
1,6,P8,stored,50.0,1.5858291150301036,47-49 and 51-53,1.2758766205492607,1.2429329681951609,0.9444770762158256,50.0,1.5858291150301036
1,6,PO7,stored,50.0,1.3287861329575121,47-49 and 51-53,1.3379700479507122,0.9931359337921902,-0.029913041174182312,49.666666666666664,1.5293132008387327
1,6,PO3,stored,50.0,1.2964419167096546,47-49 and 51-53,1.2491463845604356,1.0378622815818837,0.161397289294763,49.666666666666664,1.5088281425961985
1,6,POz,stored,50.0,1.5555868850382597,47-49 and 51-53,1.4647464765139375,1.0620178372031455,0.26131811033438956,49.666666666666664,1.7362276202379385
1,6,PO4,stored,50.0,1.8098485018763921,47-49 and 51-53,1.563494238168524,1.1575664672716974,0.635459375220067,49.666666666666664,1.8839280749837901
1,6,PO8,stored,50.0,2.9069017198041336,47-49 and 51-53,2.285539333264627,1.2718668532612663,1.044416491107125,50.0,2.9069017198041336
1,6,O1,stored,50.0,0.21657382065367117,47-49 and 51-53,0.1899540768011285,1.1401377864630518,0.569573393054124,48.0,0.2579781212504269
1,6,Oz,stored,50.0,0.4024030695147498,47-49 and 51-53,0.33983142092142427,1.1841255538515767,0.7339775344604678,48.33333333333333,0.4558525949031843
1,6,O2,stored,50.0,0.5299875467861295,47-49 and 51-53,0.4427015102305409,1.197166791931958,0.7815466149196797,48.33333333333333,0.5958773533275418
1,6,Iz,stored,50.0,0.7136721152836413,47-49 and 51-53,0.6228403656560242,1.1458347188720597,0.591219772661122,48.0,0.8686912212260672
1,6,FC5,stored,60.0,3.3657379037880215,57-59 and 61-63,0.7503014333350279,4.485847626370104,6.5184451754152235,60.0,3.3657379037880215
1,6,FC3,stored,60.0,2.762639433923236,57-59 and 61-63,0.8613308537518656,3.207407956988273,5.061542022735759,60.0,2.762639433923236
1,6,FC1,stored,60.0,2.2146290051005564,57-59 and 61-63,0.9417794597401028,2.3515367448252844,3.7135176936752434,60.0,2.2146290051005564
1,6,FCz,stored,60.0,1.802343451171893,57-59 and 61-63,0.9872119852125232,1.8256904070951807,2.614271336091954,60.0,1.802343451171893
1,6,FC2,stored,60.0,1.4290755648272504,57-59 and 61-63,0.8576703020051251,1.6662295074065778,2.2173482116161773,60.0,1.4290755648272504
1,6,FC4,stored,60.0,1.2256387975174776,57-59 and 61-63,0.7101985280542454,1.7257692731008625,2.3698273221512545,60.0,1.2256387975174776
1,6,FC6,stored,60.0,0.6623776907798777,57-59 and 61-63,0.5646240462521832,1.1731305019270006,0.6934632679093713,60.0,0.6623776907798777
1,6,C5,stored,60.0,2.605160385096684,57-59 and 61-63,0.8551397693103635,3.0464731948996397,4.837973612366614,60.0,2.605160385096684
1,6,C3,stored,60.0,1.639774144229811,57-59 and 61-63,0.8445634046844759,1.94156428651135,2.8815177490520414,60.0,1.639774144229811
1,6,C1,stored,60.0,1.4725030066282114,57-59 and 61-63,0.9524801348559133,1.5459671574682916,1.8920026352681016,60.0,1.4725030066282114
1,6,Cz,stored,60.0,1.1400338611621086,57-59 and 61-63,0.995249151850576,1.1454758429508012,0.5898593474428051,61.33333333333333,1.1544203438787928
1,6,C2,stored,60.0,0.8332125872108009,57-59 and 61-63,0.9249994651352771,0.9007708854068875,-0.45385659472605966,61.33333333333333,1.0691162579872306
1,6,C4,stored,60.0,0.6301797909340325,57-59 and 61-63,0.7070418233971756,0.8912906847662301,-0.4998063243747761,61.33333333333333,0.7735960511880309
1,6,C6,stored,60.0,0.687177409579626,57-59 and 61-63,0.6981331419241621,0.9843071017738244,-0.06869381449143912,61.33333333333333,0.7828796848437428
1,6,CP5,stored,60.0,1.3074582575273779,57-59 and 61-63,0.7985976636675458,1.6371926904004435,2.1409979697626214,60.0,1.3074582575273779
1,6,CP3,stored,60.0,0.9686215220283442,57-59 and 61-63,0.8134158772177893,1.1908072477530447,0.7584146928135033,58.0,0.9895533404541708
1,6,CP1,stored,60.0,0.7648068292079699,57-59 and 61-63,0.7928823435395111,0.9645905668598835,-0.15656989543237876,58.0,0.9315374188145946
1,6,CPz,stored,60.0,0.7454055460514967,57-59 and 61-63,0.8671508504756755,0.8596030847949979,-0.65702034656814,61.33333333333333,0.9860900569877079
1,6,CP2,stored,60.0,0.7623674702993981,57-59 and 61-63,0.8537978881148102,0.8929132771488919,-0.49190719257730525,61.33333333333333,1.0020480691385303
1,6,CP4,stored,60.0,0.7381716062693775,57-59 and 61-63,0.8009257780391432,0.9216479560398182,-0.35434935720329785,61.33333333333333,0.914356570572766
1,6,CP6,stored,60.0,0.8114955498636766,57-59 and 61-63,0.6608277495154018,1.227998597908097,0.8919787094104119,60.0,0.8114955498636766
1,6,Fp1,stored,60.0,7.702793786461974,57-59 and 61-63,1.5376639111643575,5.009413130226375,6.997868497727559,60.0,7.702793786461974
1,6,Fpz,stored,60.0,5.942402434761935,57-59 and 61-63,0.954768330498509,6.223920761656657,7.940640549015672,60.0,5.942402434761935
1,6,Fp2,stored,60.0,5.638604748675986,57-59 and 61-63,1.0895356356738721,5.175236645828972,7.139302133807237,60.0,5.638604748675986
1,6,AF7,stored,60.0,6.887509138318699,57-59 and 61-63,1.361369787454522,5.059249295664851,7.040860798956409,60.0,6.887509138318699
1,6,AF3,stored,60.0,6.164903887367619,57-59 and 61-63,1.1717219100480092,5.26140531682558,7.211017593300252,60.0,6.164903887367619
1,6,AFz,stored,60.0,3.884019906389459,57-59 and 61-63,0.6563191745938011,5.917882726484864,7.7216635458177185,60.0,3.884019906389459
1,6,AF4,stored,60.0,3.321097822792647,57-59 and 61-63,0.6242228155622084,5.320372373447275,7.259420296773481,60.0,3.321097822792647
1,6,AF8,stored,60.0,3.7583684066344176,57-59 and 61-63,1.6516006260517595,2.2755915366894723,3.5709430988396744,60.0,3.7583684066344176
1,6,F7,stored,60.0,5.570953190527317,57-59 and 61-63,0.9700431746008495,5.7429950917593295,7.591384451123088,60.0,5.570953190527317
1,6,F5,stored,60.0,4.500616830272658,57-59 and 61-63,0.9178536323231289,4.903414522510952,6.904986089772591,60.0,4.500616830272658
1,6,F3,stored,60.0,5.378485735502812,57-59 and 61-63,0.620060099361293,8.674136170095517,9.382262355965679,60.0,5.378485735502812
1,6,F1,stored,60.0,3.1890915410556455,57-59 and 61-63,0.7735359503665908,4.122745089668147,6.151864830980047,60.0,3.1890915410556455
1,6,Fz,stored,60.0,3.3195119564965325,57-59 and 61-63,0.7984778706607811,4.157299880771232,6.188113528359837,60.0,3.3195119564965325
1,6,F2,stored,60.0,4.144846631094976,57-59 and 61-63,0.6289013818918814,6.5906146026048065,8.189259162744051,60.0,4.144846631094976
1,6,F4,stored,60.0,8.382160035981654,57-59 and 61-63,0.5992026468881935,13.988856824168368,11.457822251965414,60.0,8.382160035981654
1,6,F6,stored,60.0,2.0673973179718894,57-59 and 61-63,0.600250228168574,3.444225792766017,5.3709161471483196,60.0,2.0673973179718894
1,6,F8,stored,60.0,1.8554238623191646,57-59 and 61-63,0.6468875263414812,2.8682325547574665,4.576143607870443,60.0,1.8554238623191646
1,6,FT7,stored,60.0,4.2219960088383806,57-59 and 61-63,0.8827606997502555,4.782718589571147,6.796748281661654,60.0,4.2219960088383806
1,6,FT8,stored,60.0,0.9730763850230386,57-59 and 61-63,0.489786522977913,1.986735729490294,2.981401022094407,60.0,0.9730763850230386
1,6,T7,stored,60.0,3.7102514080346047,57-59 and 61-63,0.6578057015360302,5.640345468838083,7.513057051562426,60.0,3.7102514080346047
1,6,T8,stored,60.0,1.676456258186513,57-59 and 61-63,1.6711493253389649,1.0031756185800282,0.013769684180317675,58.666666666666664,2.1274338397560446
1,6,T9,stored,60.0,5.186451132489116,57-59 and 61-63,0.7636459475020707,6.791696007101579,8.319782388682716,60.0,5.186451132489116
1,6,T10,stored,60.0,1.383385183751329,57-59 and 61-63,1.2172204703418967,1.1365115995484034,0.5557387261194116,58.0,1.477737806870146
1,6,TP7,stored,60.0,3.316667464041919,57-59 and 61-63,0.7294516772220783,4.546795308871673,6.577054032421664,60.0,3.316667464041919
1,6,TP8,stored,60.0,9.659195414484842,57-59 and 61-63,0.508552091471569,18.993522151358306,12.78605507604929,60.0,9.659195414484842
1,6,P7,stored,60.0,3.957402584974425,57-59 and 61-63,0.8209643395724016,4.820431770563426,6.830859401423601,60.0,3.957402584974425
1,6,P5,stored,60.0,4.529758369675806,57-59 and 61-63,0.7169250695642047,6.318314928545179,8.006012689766484,60.0,4.529758369675806
1,6,P3,stored,60.0,5.201937251375508,57-59 and 61-63,0.7461332104826565,6.971861295398571,8.433487382712556,60.0,5.201937251375508
1,6,P1,stored,60.0,5.8603593844038775,57-59 and 61-63,0.7811363928601722,7.502350982452452,8.75197377886782,60.0,5.8603593844038775
1,6,Pz,stored,60.0,6.471297785786202,57-59 and 61-63,0.7541521927613755,8.58089102955617,9.335323868146203,60.0,6.471297785786202
1,6,P2,stored,60.0,7.613495696161157,57-59 and 61-63,0.791085622101991,9.624110821191975,9.833606152414983,60.0,7.613495696161157
1,6,P4,stored,60.0,8.444357873184073,57-59 and 61-63,0.792039298239487,10.661539006907676,10.278199001843973,60.0,8.444357873184073
1,6,P6,stored,60.0,9.706105715501176,57-59 and 61-63,0.7511017872443351,12.922490507060607,11.113462218045026,60.0,9.706105715501176
1,6,P8,stored,60.0,11.784876220333658,57-59 and 61-63,0.7795521776958462,15.117495092075417,11.794798362834424,60.0,11.784876220333658
1,6,PO7,stored,60.0,5.037226877872567,57-59 and 61-63,0.8084713975014268,6.230556694324708,7.945268521924085,60.0,5.037226877872567
1,6,PO3,stored,60.0,5.719140720072167,57-59 and 61-63,0.7969939539659792,7.175889718626769,8.558757557105231,60.0,5.719140720072167
1,6,POz,stored,60.0,8.081729760583686,57-59 and 61-63,0.9034213243463655,8.94569293726922,9.516139868459966,60.0,8.081729760583686
1,6,PO4,stored,60.0,9.199324136815903,57-59 and 61-63,0.9661925685602577,9.521211853786037,9.786922286278644,60.0,9.199324136815903
1,6,PO8,stored,60.0,12.576220720797798,57-59 and 61-63,1.538945274661954,8.171973966754797,9.123269744419634,60.0,12.576220720797798
1,6,O1,stored,60.0,0.5511197716344342,57-59 and 61-63,0.06476290080058406,8.509806769332728,9.29919698749066,60.0,0.5511197716344342
1,6,Oz,stored,60.0,0.8436960271141503,57-59 and 61-63,0.11021451534304007,7.655035495897853,8.83947208833996,60.0,0.8436960271141503
1,6,O2,stored,60.0,1.1232315192127262,57-59 and 61-63,0.14592350562578876,7.697399499798063,8.863440272968253,60.0,1.1232315192127262
1,6,Iz,stored,60.0,1.2565229428239955,57-59 and 61-63,0.18559801226696732,6.770131465721689,8.305971021095369,60.0,1.2565229428239955
1,6,FC5,average,50.0,1.0288379458150414,47-49 and 51-53,0.9665035973332909,1.064494688538914,0.27143498800179394,50.0,1.0288379458150414
1,6,FC3,average,50.0,0.7120677709255401,47-49 and 51-53,0.6774102181389301,1.0511618393974418,0.21669586195976334,49.666666666666664,0.7600203813792714
1,6,FC1,average,50.0,0.7668671573791901,47-49 and 51-53,0.7229099271551063,1.0608059573854107,0.25635950024070403,49.666666666666664,0.9051687257060467
1,6,FCz,average,50.0,0.865215017522638,47-49 and 51-53,0.8344340386335086,1.036888450691126,0.15732037145935412,49.666666666666664,1.0874778621238592
1,6,FC2,average,50.0,0.7739801173448411,47-49 and 51-53,0.6513014048873145,1.1883593548807898,0.7494778933420285,49.666666666666664,0.8271954235360327
1,6,FC4,average,50.0,0.6353523467551746,47-49 and 51-53,0.5181229751064489,1.2262578138416673,0.8858178776619587,50.0,0.6353523467551746
1,6,FC6,average,50.0,0.6665645493147423,47-49 and 51-53,0.5661852961963262,1.177290462667913,0.7088362577554853,48.666666666666664,0.7086292100795696
1,6,C5,average,50.0,0.5329549043572465,47-49 and 51-53,0.5514651804981209,0.9664343701189717,-0.14827633268077617,48.666666666666664,0.6180259597342862
1,6,C3,average,50.0,0.5331170267635762,47-49 and 51-53,0.5233332323916651,1.0186951520873204,0.08044239380363395,49.666666666666664,0.597070679302433
1,6,C1,average,50.0,0.5128022294403226,47-49 and 51-53,0.5138609451791185,0.9979396843665034,-0.008957067470892808,49.666666666666664,0.6412987962562027
1,6,Cz,average,50.0,0.679271463207495,47-49 and 51-53,0.6520272787092933,1.0417838108738828,0.17777604293867588,49.666666666666664,0.8128952627713861
1,6,C2,average,50.0,0.5742756564910196,47-49 and 51-53,0.4803096996105324,1.1956361842300525,0.7759904987146783,49.666666666666664,0.7094119290744871
1,6,C4,average,50.0,0.5005019663264685,47-49 and 51-53,0.3980491566059307,1.2573873302336027,0.994690799704633,50.0,0.5005019663264685
1,6,C6,average,50.0,0.6456140590801921,47-49 and 51-53,0.6427875202487221,1.0043973144195089,0.0190554281592734,48.666666666666664,0.7574134177124355
1,6,CP5,average,50.0,0.43944994612302524,47-49 and 51-53,0.46145831620158395,0.9523069163435673,-0.21223061496887355,48.33333333333333,0.4952928557197155
1,6,CP3,average,50.0,0.376138211110782,47-49 and 51-53,0.3703913726435955,1.0155155840325587,0.06686592445320579,49.666666666666664,0.44501345329892683
1,6,CP1,average,50.0,0.42656982880020555,47-49 and 51-53,0.4122967107671926,1.0346185590626078,0.14780264548791694,49.666666666666664,0.5350482134285282
1,6,CPz,average,50.0,0.43114652817012944,47-49 and 51-53,0.4221996969520163,1.0211909939365256,0.09106976029473068,49.666666666666664,0.5049850522645596
1,6,CP2,average,50.0,0.37147701322307936,47-49 and 51-53,0.33158816269259495,1.1202963646427395,0.4933292669069886,49.666666666666664,0.41839578781130393
1,6,CP4,average,50.0,0.3850376789792393,47-49 and 51-53,0.3334255754843475,1.1547934750353748,0.6250432130832163,49.666666666666664,0.39441458232826776
1,6,CP6,average,50.0,0.3770115553207863,47-49 and 51-53,0.3192187841506002,1.1810443934994777,0.7226622232943534,49.0,0.39991828423911885
1,6,Fp1,average,50.0,1.8200307913200877,47-49 and 51-53,1.415623459391505,1.2856743643556277,1.091309843956648,50.33333333333333,1.876504904235945
1,6,Fpz,average,50.0,0.8647163743310232,47-49 and 51-53,0.7659715876645506,1.128914424838584,0.5266102232447293,50.666666666666664,1.0295053350505592
1,6,Fp2,average,50.0,1.0240673196068377,47-49 and 51-53,0.8718597631633026,1.174578026047781,0.6988187182154724,50.666666666666664,1.1812083025639586
1,6,AF7,average,50.0,1.7175795376830993,47-49 and 51-53,1.3095177004317118,1.3116123112477678,1.1780548445499597,50.33333333333333,1.8232186717491943
1,6,AF3,average,50.0,1.5013324446279077,47-49 and 51-53,1.1656155271770379,1.2880168542915094,1.099215460035353,50.33333333333333,1.6135261544723627
1,6,AFz,average,50.0,0.2692828708036213,47-49 and 51-53,0.22670622986037234,1.1878053416065,0.7474527398445395,49.33333333333333,0.2737633234745413
1,6,AF4,average,50.0,0.38082980229002167,47-49 and 51-53,0.35476532926771465,1.0734696174400913,0.3078975704907947,50.33333333333333,0.4014872520256292
1,6,AF8,average,50.0,2.1599864655148684,47-49 and 51-53,1.869521517655264,1.155368603739797,0.6272056174458353,48.666666666666664,2.4402919206891798
1,6,F7,average,50.0,1.163833560006754,47-49 and 51-53,0.9448321056653701,1.2317887517033077,0.9053623393552414,49.666666666666664,1.1733950817832484
1,6,F5,average,50.0,0.6969597503682426,47-49 and 51-53,0.6307953761306923,1.1048903919420012,0.4331919699324359,50.0,0.6969597503682426
1,6,F3,average,50.0,0.17454338727544763,47-49 and 51-53,0.17574356231317861,0.9931708733911274,-0.029760254354291013,51.666666666666664,0.1978861444622118
1,6,F1,average,50.0,0.2816934605546309,47-49 and 51-53,0.2855925865125144,0.9863472437940449,-0.05970164658325346,49.33333333333333,0.35959926814492654
1,6,Fz,average,50.0,0.2899148324518181,47-49 and 51-53,0.2939156174941898,0.9863879807528404,-0.05952228306607418,51.666666666666664,0.37063969795615287
1,6,F2,average,50.0,0.23535079047072405,47-49 and 51-53,0.22648180554995612,1.0391598119735568,0.16682342668886052,51.666666666666664,0.24840139949783843
1,6,F4,average,50.0,0.2024673594826409,47-49 and 51-53,0.20016825743510464,1.0114858473416128,0.049598105230945634,52.0,0.23043897137628747
1,6,F6,average,50.0,0.57032846650971,47-49 and 51-53,0.5087658203821537,1.1210038954293633,0.4960712174799521,51.666666666666664,0.5812501176591311
1,6,F8,average,50.0,0.8427815955545959,47-49 and 51-53,0.8630207139503756,0.9765485137626215,-0.10306176609566217,51.666666666666664,1.02517700890516
1,6,FT7,average,50.0,0.6293953041801253,47-49 and 51-53,0.6777833208367965,0.928608428137578,-0.32167378954324355,51.33333333333333,0.7422633562279609
1,6,FT8,average,50.0,0.5429328732280475,47-49 and 51-53,0.5634083786227383,0.9636577903851137,-0.16077163330414604,48.0,0.6553609125819264
1,6,T7,average,50.0,0.350308772140798,47-49 and 51-53,0.42743890289447883,0.8195528525097262,-0.8642303377965423,48.33333333333333,0.48972040871454603
1,6,T8,average,50.0,3.5380158055412627,47-49 and 51-53,3.3020975883735133,1.0714449560783434,0.299698647054476,48.33333333333333,4.174230601621873
1,6,T9,average,50.0,0.5290308646759216,47-49 and 51-53,0.6314623897982508,0.8377868155298125,-0.7686647852684557,48.33333333333333,0.7071931609812692
1,6,T10,average,50.0,2.6767857528066847,47-49 and 51-53,2.673559517184106,1.0012067192077987,0.00523755543734389,50.666666666666664,3.005814146930234
1,6,TP7,average,50.0,0.47229868518121154,47-49 and 51-53,0.5047291889247999,0.9357467242727263,-0.28841684526411726,49.666666666666664,0.5616514260312406
1,6,TP8,average,50.0,0.5038441286264949,47-49 and 51-53,0.43577960464246435,1.1561902467644718,0.6302930149106307,51.33333333333333,0.5306441258577145
1,6,P7,average,50.0,0.7239358530111092,47-49 and 51-53,0.7530139641247728,0.9613843666930385,-0.17102944319031488,48.0,0.8465800437809998
1,6,P5,average,50.0,0.4835485045303312,47-49 and 51-53,0.4843764595400384,0.9982906786789486,-0.0074298399778422505,49.666666666666664,0.5534048207389701
1,6,P3,average,50.0,0.5329800459103696,47-49 and 51-53,0.5278339987688732,1.009749366568844,0.04213589402568555,49.666666666666664,0.6014212620307047
1,6,P1,average,50.0,0.5625611429899818,47-49 and 51-53,0.568371827311313,0.9897766144588506,-0.044628115184546444,50.666666666666664,0.6208052042860374
1,6,Pz,average,50.0,0.6370462691327541,47-49 and 51-53,0.573810164702061,1.1102038763351763,0.45402739360495126,50.666666666666664,0.6711933926724859
1,6,P2,average,50.0,0.7181175329243433,47-49 and 51-53,0.6158872627937622,1.1659886091276648,0.6669430769815526,50.33333333333333,0.7401211212568969
1,6,P4,average,50.0,0.8197063729304929,47-49 and 51-53,0.6784444138842817,1.2082144920870488,0.8214404062676188,50.0,0.8197063729304929
1,6,P6,average,50.0,0.925713648613588,47-49 and 51-53,0.6740208139858113,1.37341997369398,1.3780335906372165,50.0,0.925713648613588
1,6,P8,average,50.0,1.170913405866252,47-49 and 51-53,0.8311172467480661,1.4088426277371997,1.4886248372509407,50.0,1.170913405866252
1,6,PO7,average,50.0,0.7919344212872494,47-49 and 51-53,0.8435716205292797,0.9387874153357225,-0.27432740853254334,49.666666666666664,0.918937213313842
1,6,PO3,average,50.0,0.847633078024303,47-49 and 51-53,0.8317311512114957,1.019119070855582,0.08224928652637734,49.666666666666664,0.9788421473506963
1,6,POz,average,50.0,1.076737780158928,47-49 and 51-53,0.9767712573911307,1.10234384152007,0.4231708016298153,49.666666666666664,1.1395424725867933
1,6,PO4,average,50.0,1.2933887200683756,47-49 and 51-53,1.0674168656841008,1.2116997226191015,0.8339500847147179,50.0,1.2933887200683756
1,6,PO8,average,50.0,2.361872883154745,47-49 and 51-53,1.8506128455501378,1.2762652592809725,1.059409476371073,50.0,2.361872883154745
1,6,O1,average,50.0,0.33194450279055854,47-49 and 51-53,0.28572048345027545,1.16178055833483,0.6512410455667617,50.0,0.33194450279055854
1,6,Oz,average,50.0,0.34991521250214414,47-49 and 51-53,0.3194820012883193,1.095257983520518,0.39516427507616,48.666666666666664,0.37420519770394256
1,6,O2,average,50.0,0.45380860305730186,47-49 and 51-53,0.4464115464300793,1.0165700387599208,0.07137305649012116,48.666666666666664,0.5632010228153295
1,6,Iz,average,50.0,0.5946419214535541,47-49 and 51-53,0.5652972336780819,1.051910191713733,0.21978662908893787,48.666666666666664,0.6450672125751766
1,6,FC5,average,60.0,1.308494888017618,57-59 and 61-63,0.6587192689219158,1.9864226685810313,2.980716626396819,60.0,1.308494888017618
1,6,FC3,average,60.0,1.001984615253476,57-59 and 61-63,0.5886406053064325,1.702200980056186,2.3101083622818055,60.0,1.001984615253476
1,6,FC1,average,60.0,0.8020187177650437,57-59 and 61-63,0.6904873432016753,1.1615255886461524,0.6502878183785697,60.0,0.8020187177650437
1,6,FCz,average,60.0,0.7079553076492805,57-59 and 61-63,0.7553551289743834,0.9372482961895525,-0.2814534040350226,59.33333333333333,0.8891934136867607
1,6,FC2,average,60.0,0.6027036251198123,57-59 and 61-63,0.5924069968742118,1.0173810037692497,0.07483624355674294,59.0,0.6855702377463131
1,6,FC4,average,60.0,0.557517701953754,57-59 and 61-63,0.43506070313812495,1.2814710635374276,1.0770880397488247,60.0,0.557517701953754
1,6,FC6,average,60.0,0.6995013232508104,57-59 and 61-63,0.39305572268290195,1.779649252976616,2.503344166309425,60.0,0.6995013232508104
1,6,C5,average,60.0,1.049155391503272,57-59 and 61-63,0.4421903247875384,2.372633078318404,3.752305808710817,60.0,1.049155391503272
1,6,C3,average,60.0,0.766871792373905,57-59 and 61-63,0.43364174823487,1.7684454863846508,2.4759167691456456,60.0,0.766871792373905
1,6,C1,average,60.0,0.7226598223060493,57-59 and 61-63,0.46524091468513346,1.55330238484105,1.9125600903472404,60.0,0.7226598223060493
1,6,Cz,average,60.0,0.8546143048037262,57-59 and 61-63,0.5377314171052944,1.5892958410432292,2.012047469075911,60.0,0.8546143048037262
1,6,C2,average,60.0,1.0482133691574975,57-59 and 61-63,0.4449586002389062,2.3557548243694875,3.7213008918632138,60.0,1.0482133691574975
1,6,C4,average,60.0,1.0376048158757598,57-59 and 61-63,0.33009744663687535,3.143328815315497,4.973898137912739,60.0,1.0376048158757598
1,6,C6,average,60.0,1.715411714799918,57-59 and 61-63,0.387651762176362,4.425135862066563,6.459266090993846,60.0,1.715411714799918
1,6,CP5,average,60.0,0.9446213069331514,57-59 and 61-63,0.34287323477810183,2.7550161725060995,4.401241525923565,60.0,0.9446213069331514
1,6,CP3,average,60.0,0.7911302970351823,57-59 and 61-63,0.29802694251123196,2.6545596527916815,4.239924891750729,60.0,0.7911302970351823
1,6,CP1,average,60.0,1.0252303956533033,57-59 and 61-63,0.31048979708794433,3.3019777308911475,5.187741399795598,60.0,1.0252303956533033
1,6,CPz,average,60.0,1.1247847913016464,57-59 and 61-63,0.32067541273364036,3.507549212187078,5.450037730521743,60.0,1.1247847913016464
1,6,CP2,average,60.0,1.3486810532109605,57-59 and 61-63,0.28309622348378594,4.764037600410466,6.779751805156814,60.0,1.3486810532109605
1,6,CP4,average,60.0,1.471535718752627,57-59 and 61-63,0.266257222633942,5.526744792856703,7.42469410734654,60.0,1.471535718752627
1,6,CP6,average,60.0,1.835373503338804,57-59 and 61-63,0.2353618226510107,7.798093516892309,8.919884390626322,60.0,1.835373503338804
1,6,Fp1,average,60.0,4.358842896464757,57-59 and 61-63,0.9905372566184552,4.400483542986752,6.435004011481551,60.0,4.358842896464757
1,6,Fpz,average,60.0,3.1262332756346574,57-59 and 61-63,0.4779162794537334,6.541382685703857,8.156695570860863,60.0,3.1262332756346574
1,6,Fp2,average,60.0,3.003625491382688,57-59 and 61-63,0.6193553319829372,4.849599795591064,6.857059007181868,60.0,3.003625491382688
1,6,AF7,average,60.0,4.206444698832024,57-59 and 61-63,0.8676071676865864,4.84832866243857,6.8559205246297585,60.0,4.206444698832024
1,6,AF3,average,60.0,3.4879570390357375,57-59 and 61-63,0.7184724339077186,4.854684570241611,6.861610171783603,60.0,3.4879570390357375
1,6,AFz,average,60.0,1.941313640605969,57-59 and 61-63,0.14785902792946198,13.129490081133884,11.182478594291506,60.0,1.941313640605969
1,6,AF4,average,60.0,1.5585656712101228,57-59 and 61-63,0.21364861826410508,7.29499532397386,8.630250178507177,60.0,1.5585656712101228
1,6,AF8,average,60.0,2.2178310672787873,57-59 and 61-63,1.23478981810239,1.7961203070876655,2.5433542306314294,60.0,2.2178310672787873
1,6,F7,average,60.0,3.6401011648495416,57-59 and 61-63,0.4759060041954006,7.648781761019693,8.835922695852515,60.0,3.6401011648495416
1,6,F5,average,60.0,2.8354095616943313,57-59 and 61-63,0.40253540539989774,7.043876199852535,8.478117143887399,60.0,2.8354095616943313
1,6,F3,average,60.0,4.321773182466547,57-59 and 61-63,0.11581623309672429,37.315780930788904,15.718925348049604,60.0,4.321773182466547
1,6,F1,average,60.0,1.9582315626904587,57-59 and 61-63,0.19985616609350365,9.798204383517948,9.911464942862914,60.0,1.9582315626904587
1,6,Fz,average,60.0,2.2221382905014346,57-59 and 61-63,0.22512821797278773,9.870545374147786,9.943411492693787,60.0,2.2221382905014346
1,6,F2,average,60.0,3.067345093679477,57-59 and 61-63,0.13903092454707583,22.06232249171928,13.436512285142463,60.0,3.067345093679477
1,6,F4,average,60.0,8.17612534648524,57-59 and 61-63,0.133596000285311,61.200375228480645,17.867540848769178,60.0,8.17612534648524
1,6,F6,average,60.0,1.591464498069904,57-59 and 61-63,0.2809624095891392,5.664332464962683,7.531487361120194,60.0,1.591464498069904
1,6,F8,average,60.0,1.4748255173135496,57-59 and 61-63,0.49951328468646133,2.9525251129993078,4.701936002366583,60.0,1.4748255173135496
1,6,FT7,average,60.0,3.857836642739757,57-59 and 61-63,0.39306531776358755,9.814746985792537,9.918791084097423,60.0,3.857836642739757
1,6,FT8,average,60.0,0.6872458582687152,57-59 and 61-63,0.29289068100583737,2.3464244608554763,3.7040657740140115,60.0,0.6872458582687152
1,6,T7,average,60.0,3.748716281255734,57-59 and 61-63,0.23931896382353435,15.664100417967337,11.949054586029153,60.0,3.748716281255734
1,6,T8,average,60.0,1.4706101428362426,57-59 and 61-63,1.3547804214322965,1.085497044075592,0.3562864516178183,58.33333333333333,1.7096403061029335
1,6,T9,average,60.0,5.986553293988242,57-59 and 61-63,0.36656791565643226,16.331361906750104,12.130224029806268,60.0,5.986553293988242
1,6,T10,average,60.0,1.5742635547654238,57-59 and 61-63,1.4157456983204375,1.1119677471971436,0.4609219064761671,58.666666666666664,1.6264194364873357
1,6,TP7,average,60.0,1.893075072894472,57-59 and 61-63,0.31735117783713407,5.96523726742242,7.756277224209422,60.0,1.893075072894472
1,6,TP8,average,60.0,7.817934259105664,57-59 and 61-63,0.3004147592041627,26.02380215877667,14.153707486415275,60.0,7.817934259105664
1,6,P7,average,60.0,2.5467243162447533,57-59 and 61-63,0.4411718470118345,5.772635614657517,7.613741444485641,60.0,2.5467243162447533
1,6,P5,average,60.0,2.806952130751416,57-59 and 61-63,0.32118780997568874,8.73928599894211,9.414759521554286,60.0,2.806952130751416
1,6,P3,average,60.0,3.0618694719297372,57-59 and 61-63,0.3683903096772774,8.311482119635667,9.19678474925515,60.0,3.0618694719297372
1,6,P1,average,60.0,3.6409795798298483,57-59 and 61-63,0.41509759867506,8.77138193873297,9.430680222240856,60.0,3.6409795798298483
1,6,Pz,average,60.0,4.150400818248595,57-59 and 61-63,0.4201544613845031,9.878273824755055,9.946810605916642,60.0,4.150400818248595
1,6,P2,average,60.0,5.112719259785827,57-59 and 61-63,0.4746429382130001,10.771716690940107,10.322849224242654,60.0,5.112719259785827
1,6,P4,average,60.0,5.713871618196391,57-59 and 61-63,0.5141511240011645,11.1132142894692,10.458396886694265,60.0,5.713871618196391
1,6,P6,average,60.0,6.716786087332004,57-59 and 61-63,0.5322023886026543,12.62073645510599,11.010846979395568,60.0,6.716786087332004
1,6,P8,average,60.0,8.293087702956836,57-59 and 61-63,0.6053373691249956,13.699943413281005,11.367187733351978,60.0,8.293087702956836
1,6,PO7,average,60.0,2.768936445084507,57-59 and 61-63,0.5690587551986311,4.865818195026283,6.871558780489899,60.0,2.768936445084507
1,6,PO3,average,60.0,3.0972581060112954,57-59 and 61-63,0.6212647691494729,4.985407606891212,6.977006720131323,60.0,3.0972581060112954
1,6,POz,average,60.0,4.74570928280588,57-59 and 61-63,0.7490657867212254,6.335503993018516,8.017811689717186,60.0,4.74570928280588
1,6,PO4,average,60.0,5.817091343008084,57-59 and 61-63,0.8092072642915029,7.1886296622673145,8.56646110572646,60.0,5.817091343008084
1,6,PO8,average,60.0,8.202873712703365,57-59 and 61-63,1.409328225096413,5.820413986346014,7.64953875644993,60.0,8.202873712703365
1,6,O1,average,60.0,1.6098702657059814,57-59 and 61-63,0.16818432440324776,9.57205893841848,9.81005364048286,60.0,1.6098702657059814
1,6,Oz,average,60.0,1.7849897593750643,57-59 and 61-63,0.1690019564595598,10.561947309776805,10.237439965997151,60.0,1.7849897593750643
1,6,O2,average,60.0,2.033460243824681,57-59 and 61-63,0.19238218357702241,10.569898968895744,10.240708361758486,60.0,2.033460243824681
1,6,Iz,average,60.0,2.040018149712795,57-59 and 61-63,0.2453559455756696,8.314525025779895,9.198374448273785,60.0,2.040018149712795
1,10,FC5,stored,50.0,1.8212898058141065,47-49 and 51-53,2.1284034340197078,0.8557070415801831,-0.6767489420349077,51.0,2.807105537675863
1,10,FC3,stored,50.0,1.7818217737658186,47-49 and 51-53,1.9691695551705553,0.9048594972876727,-0.4341885094931446,48.666666666666664,2.5939399083968064
1,10,FC1,stored,50.0,1.5946160433491754,47-49 and 51-53,1.8640532062296908,0.8554562917088134,-0.6780217519898047,49.0,2.475536143647769
1,10,FCz,stored,50.0,1.5262234622753676,47-49 and 51-53,1.8820752961370089,0.8109258250230301,-0.9101886866977821,48.666666666666664,2.4255210405516396
1,10,FC2,stored,50.0,1.3805785278497178,47-49 and 51-53,1.7280034611384325,0.7989443070560597,-0.9748349350357455,48.666666666666664,2.1481685481878796
1,10,FC4,stored,50.0,1.306537533902963,47-49 and 51-53,1.6108117802801756,0.8111050278485741,-0.9092290650179098,48.666666666666664,2.1506116261247095
1,10,FC6,stored,50.0,1.430872683694449,47-49 and 51-53,1.9193302298253747,0.7455062508053308,-1.2754871079062213,48.33333333333333,2.552129191422877
1,10,C5,stored,50.0,2.326523901326804,47-49 and 51-53,2.4538178316002988,0.9481241318592596,-0.23134799526576688,51.0,3.3869410052371847
1,10,C3,stored,50.0,1.6910840876612854,47-49 and 51-53,1.9912409189719278,0.849261418620499,-0.7095860517558478,48.666666666666664,2.581643780702383
1,10,C1,stored,50.0,1.5747933497883129,47-49 and 51-53,1.9416115440320096,0.8110753948846272,-0.9093877333453738,48.666666666666664,2.4530892286496644
1,10,Cz,stored,50.0,1.7947640696234368,47-49 and 51-53,2.1301723257709653,0.8425440739747967,-0.7440737166327023,49.33333333333333,2.476417404377589
1,10,C2,stored,50.0,1.5334406919451746,47-49 and 51-53,1.956541876955785,0.7837505090006455,-1.0582216411197696,48.666666666666664,2.3970043934167364
1,10,C4,stored,50.0,1.2925160352416114,47-49 and 51-53,1.7220579298013452,0.7505647823303567,-1.2461181721898598,48.666666666666664,2.13206281239805
1,10,C6,stored,50.0,1.6701571605881067,47-49 and 51-53,2.2754852905173797,0.7339784473879685,-1.3431669256063405,48.33333333333333,2.8808462273847066
1,10,CP5,stored,50.0,2.3217534069038814,47-49 and 51-53,2.550757381831082,0.9102211850651166,-0.4085306066679542,48.666666666666664,3.1222755754942044
1,10,CP3,stored,50.0,1.6068894109807126,47-49 and 51-53,1.9144058131976036,0.8393671811394832,-0.7604801550178029,48.666666666666664,2.366060021555971
1,10,CP1,stored,50.0,1.4748888758366636,47-49 and 51-53,1.9464767023041576,0.7577223370260492,-1.2048990992073456,48.666666666666664,2.349455421176402
1,10,CPz,stored,50.0,1.5346661648750541,47-49 and 51-53,1.9754843346751199,0.7768556489856646,-1.096596718979988,49.33333333333333,2.25940373638278
1,10,CP2,stored,50.0,1.460194699191145,47-49 and 51-53,1.8863246382263363,0.7740951210625809,-1.1120566978950976,48.666666666666664,2.1493240171090213
1,10,CP4,stored,50.0,1.4318895305595774,47-49 and 51-53,1.8670860772354045,0.7669113641936515,-1.1525482674982683,48.666666666666664,2.0930843162639943
1,10,CP6,stored,50.0,1.3164107640328442,47-49 and 51-53,1.7543590862258118,0.7503656317389761,-1.2472706573763976,48.33333333333333,2.1274865236458997
1,10,Fp1,stored,50.0,3.3836416156415705,47-49 and 51-53,3.3484935479501687,1.0104966807276419,0.045348912862197284,49.666666666666664,3.892912440853728
1,10,Fpz,stored,50.0,1.9751583593194102,47-49 and 51-53,1.8168094292885264,1.0871576993591971,0.36292545920650243,49.33333333333333,2.4099947297583673
1,10,Fp2,stored,50.0,2.0989533787627175,47-49 and 51-53,1.9940299697866755,1.0526187723182852,0.2227111092308459,49.33333333333333,2.7497314678371088
1,10,AF7,stored,50.0,2.8905942428582505,47-49 and 51-53,3.1069792433395023,0.9303551831106948,-0.31351218525217706,48.666666666666664,3.8887883499644973
1,10,AF3,stored,50.0,2.660533219810909,47-49 and 51-53,2.8407128213832546,0.9365723982318603,-0.28458645477952493,48.666666666666664,3.5753768205619054
1,10,AFz,stored,50.0,1.3765311263611268,47-49 and 51-53,1.4642724136978706,0.940078576557239,-0.2683584433754583,49.0,2.017227073864383
1,10,AF4,stored,50.0,1.3989981833451521,47-49 and 51-53,1.4360939372670187,0.974168992042079,-0.11365698208448961,49.0,1.825438678225586
1,10,AF8,stored,50.0,2.0521026884640836,47-49 and 51-53,2.0386881837716873,1.0065799688246482,0.02848283585975503,49.33333333333333,2.4001239033917123
1,10,F7,stored,50.0,2.792015529401033,47-49 and 51-53,2.7415240812398114,1.0184172915010061,0.07925764506280841,49.666666666666664,3.2884302554481133
1,10,F5,stored,50.0,2.1262900612905473,47-49 and 51-53,2.4074110890841873,0.883226828576011,-0.5392774744373026,49.0,3.066510331045105
1,10,F3,stored,50.0,1.2558940584223837,47-49 and 51-53,1.4468631648221293,0.8680116329983267,-0.6147445441667978,49.0,1.8999053235037642
1,10,F1,stored,50.0,1.5331493363163713,47-49 and 51-53,1.7170092993736294,0.8929184814990048,-0.49188187977250186,49.0,2.3013860935389334
1,10,Fz,stored,50.0,1.5039106278792702,47-49 and 51-53,1.6915950516483895,0.8890488455932591,-0.5107437762499346,49.0,2.285324199790839
1,10,F2,stored,50.0,1.3126514156540778,47-49 and 51-53,1.4864233078966103,0.8830939401182888,-0.539930953975438,49.0,1.9245702212495952
1,10,F4,stored,50.0,1.2226904343378127,47-49 and 51-53,1.392329600650017,0.8781616319634321,-0.5642554171417755,49.0,1.77785712720048
1,10,F6,stored,50.0,1.345000210604199,47-49 and 51-53,1.5485706876265346,0.8685429869950952,-0.6120868204962757,48.33333333333333,2.0818945869754897
1,10,F8,stored,50.0,1.6126461653155761,47-49 and 51-53,1.7400698477383463,0.9267709381963093,-0.33027593331421573,48.0,2.0868921160523843
1,10,FT7,stored,50.0,2.565871174561091,47-49 and 51-53,2.923638874742382,0.8776293121315073,-0.5668888009563284,49.0,3.8816290745196906
1,10,FT8,stored,50.0,1.5842374663932057,47-49 and 51-53,1.807909255325198,0.8762815178509834,-0.5735634816069495,49.0,2.3589672391875434
1,10,T7,stored,50.0,3.015316790984743,47-49 and 51-53,3.137021564181563,0.9612037180150617,-0.17184557978102155,49.0,4.365933119717246
1,10,T8,stored,50.0,7.308185168597829,47-49 and 51-53,7.537602109272763,0.9695636706011975,-0.13423665819105288,49.0,9.72461433001806
1,10,T9,stored,50.0,2.708309047490615,47-49 and 51-53,2.7028761184059897,1.0020100547885373,0.008720795324934917,49.0,3.230319918749144
1,10,T10,stored,50.0,2.6196168073821795,47-49 and 51-53,2.8670451903012655,0.9136991688320454,-0.39196770154247995,48.0,3.345696016670704
1,10,TP7,stored,50.0,1.7562985519535435,47-49 and 51-53,2.258434669991005,0.7776618802794674,-1.0920918893226979,49.0,2.9883803553992623
1,10,TP8,stored,50.0,2.3334312977897262,47-49 and 51-53,2.370480998673229,0.984370386894373,-0.06841459782127875,48.0,3.0681034979594983
1,10,P7,stored,50.0,2.0371366001364706,47-49 and 51-53,2.4332019900392665,0.8372246153323242,-0.7715801140616088,49.0,3.1612587958613356
1,10,P5,stored,50.0,1.6529005320644834,47-49 and 51-53,2.018353193380825,0.8189352277317761,-0.867504466536194,49.0,2.3959116567403083
1,10,P3,stored,50.0,1.452379409925611,47-49 and 51-53,1.8687435152327088,0.7771956922321418,-1.094696152325676,49.0,2.231838047445265
1,10,P1,stored,50.0,1.4976588919724079,47-49 and 51-53,1.998210698962525,0.7494999865379539,-1.2522837061622525,49.0,2.277758700512355
1,10,Pz,stored,50.0,1.4361185880587388,47-49 and 51-53,1.8793616127480521,0.7641523474339823,-1.1682004842166747,49.33333333333333,2.121795336679714
1,10,P2,stored,50.0,1.5535644893568126,47-49 and 51-53,1.9712436238287374,0.7881138944862287,-1.0341101579396883,49.33333333333333,2.1872301890849757
1,10,P4,stored,50.0,1.5101060753968252,47-49 and 51-53,1.9710378362200014,0.7661476850656821,-1.156875063114071,49.0,2.1913483384536416
1,10,P6,stored,50.0,1.538335012325345,47-49 and 51-53,1.9354215125797807,0.7948320313309181,-0.9972463936046326,48.0,2.155689947925321
1,10,P8,stored,50.0,1.8424154327321132,47-49 and 51-53,2.196608113706446,0.8387547242659111,-0.7636502066278685,48.0,2.6204989880527876
1,10,PO7,stored,50.0,1.8023148179583335,47-49 and 51-53,2.386662169778783,0.755161262779553,-1.2196029597768847,49.0,2.702067279059211
1,10,PO3,stored,50.0,1.6756568333175403,47-49 and 51-53,2.15381306067397,0.7779954834117289,-1.0902292426359759,49.0,2.4236600642842765
1,10,POz,stored,50.0,1.7511282768260028,47-49 and 51-53,2.2447743585762208,0.7800910011893936,-1.0785473191318702,49.33333333333333,2.6421691549391007
1,10,PO4,stored,50.0,1.8297335051072874,47-49 and 51-53,2.332975979610025,0.7842916177015854,-1.0552242658802338,49.33333333333333,2.5730778728499075
1,10,PO8,stored,50.0,2.8397095031376813,47-49 and 51-53,3.3526086229928818,0.8470149135996273,-0.721089428723592,48.0,3.796009430063651
1,10,O1,stored,50.0,0.2576461349641151,47-49 and 51-53,0.33548547330783274,0.7679800034969195,-1.146500878903697,49.0,0.414112493471373
1,10,Oz,stored,50.0,0.4732838228107225,47-49 and 51-53,0.521617002298173,0.9073397161624313,-0.4223007872629292,48.0,0.7396340242553593
1,10,O2,stored,50.0,0.5816953396164547,47-49 and 51-53,0.6371472575644344,0.9129684428683712,-0.39544233774561266,48.0,0.9271721668609986
1,10,Iz,stored,50.0,1.008631219564285,47-49 and 51-53,1.0485195347077845,0.9619574897528104,-0.16844119618842798,48.0,1.5561182420578543
1,10,FC5,stored,60.0,3.3620935165577586,57-59 and 61-63,1.3214305536543995,2.5442831689186627,4.055654449697096,60.0,3.3620935165577586
1,10,FC3,stored,60.0,2.9052058080546126,57-59 and 61-63,1.4554357820411143,1.996107175529469,3.0018385583484317,60.0,2.9052058080546126
1,10,FC1,stored,60.0,2.3392176663486746,57-59 and 61-63,1.2599895710277047,1.8565373239087228,2.6870368472547494,60.0,2.3392176663486746
1,10,FCz,stored,60.0,2.123729192157544,57-59 and 61-63,1.3252123195134713,1.6025576889726125,2.048136722323646,60.0,2.123729192157544
1,10,FC2,stored,60.0,1.7758408842791302,57-59 and 61-63,1.1406233598431657,1.5569038359194276,1.9226178866361727,60.0,1.7758408842791302
1,10,FC4,stored,60.0,1.5279324204771325,57-59 and 61-63,1.054555764857387,1.4488872674113757,1.6103459592956926,60.0,1.5279324204771325
1,10,FC6,stored,60.0,1.1228675294919517,57-59 and 61-63,1.035201586347858,1.0846849003133534,0.3530359447022152,61.33333333333333,1.3352725167004431
1,10,C5,stored,60.0,3.0155684957729623,57-59 and 61-63,1.663477848039225,1.8128095299420273,2.5835217561197235,60.0,3.0155684957729623
1,10,C3,stored,60.0,1.8517211716276847,57-59 and 61-63,1.2611306069240777,1.4683024592861709,1.6681552619915199,60.0,1.8517211716276847
1,10,C1,stored,60.0,1.6999183963096587,57-59 and 61-63,1.2395215818149377,1.371431059571062,1.371739809522923,60.0,1.6999183963096587
1,10,Cz,stored,60.0,1.467835183698457,57-59 and 61-63,1.3605495695545973,1.078854616211434,0.3296292417207222,58.666666666666664,1.635021678343218
1,10,C2,stored,60.0,1.2015471811041845,57-59 and 61-63,1.2687782632400844,0.9470111649263193,-0.23644900788375983,58.33333333333333,1.5353637499555246
1,10,C4,stored,60.0,0.970559755262418,57-59 and 61-63,1.0154156380313424,0.9558251014767808,-0.19621568406449133,58.666666666666664,1.2365720242836433
1,10,C6,stored,60.0,1.2267181163587637,57-59 and 61-63,1.322658820629317,0.9274637549954833,-0.3270305347898772,58.666666666666664,1.5426635658034642
1,10,CP5,stored,60.0,1.8817953356445956,57-59 and 61-63,1.7784667055605028,1.0580998394634145,0.24526648495309586,58.33333333333333,2.15821889657948
1,10,CP3,stored,60.0,1.2954097851622457,57-59 and 61-63,1.1815250428740232,1.096387920827477,0.399642421658278,58.666666666666664,1.5132974916592083
1,10,CP1,stored,60.0,1.1098608247620392,57-59 and 61-63,1.0475886139938837,1.0594433825800622,0.2507775265600259,58.666666666666664,1.4136712093198516
1,10,CPz,stored,60.0,1.1136018681761348,57-59 and 61-63,1.079420809260856,1.0316661107716505,0.13539164624645827,58.666666666666664,1.452978167537733
1,10,CP2,stored,60.0,1.1196377172040748,57-59 and 61-63,1.0832868416783685,1.0335560944037563,0.1433405215722767,58.666666666666664,1.4042767267049168
1,10,CP4,stored,60.0,1.1328919705808,57-59 and 61-63,1.0488086565653296,1.0801703089396963,0.3349223548834225,58.666666666666664,1.3608753957076456
1,10,CP6,stored,60.0,1.1632342693821127,57-59 and 61-63,1.0390469899808896,1.119520368759749,0.49031999620710964,58.666666666666664,1.298610910593082
1,10,Fp1,stored,60.0,7.875711044480072,57-59 and 61-63,2.530024341337444,3.1128993171333454,4.931650741934261,60.0,7.875711044480072
1,10,Fpz,stored,60.0,5.917051317780796,57-59 and 61-63,1.2727209336403336,4.64913490568305,6.673721484510311,60.0,5.917051317780796
1,10,Fp2,stored,60.0,5.312351698172816,57-59 and 61-63,1.3637371650215682,3.8954366240277674,5.90556143081359,60.0,5.312351698172816
1,10,AF7,stored,60.0,6.698466669806468,57-59 and 61-63,1.9590254982187898,3.419285086333452,5.339353120454656,60.0,6.698466669806468
1,10,AF3,stored,60.0,6.043996142524032,57-59 and 61-63,1.6680439368248414,3.6234034422551917,5.591166925745419,60.0,6.043996142524032
1,10,AFz,stored,60.0,4.234213569241998,57-59 and 61-63,0.8787161017983685,4.81863660012183,6.829241750016033,60.0,4.234213569241998
1,10,AF4,stored,60.0,3.791070476031154,57-59 and 61-63,0.8314323067528022,4.559686273002017,6.589349622716181,60.0,3.791070476031154
1,10,AF8,stored,60.0,4.435624020017974,57-59 and 61-63,1.2735366130674626,3.482918335056149,5.419432915554875,60.0,4.435624020017974
1,10,F7,stored,60.0,5.640318984424695,57-59 and 61-63,1.3686736303198659,4.121010925816204,6.15003765947883,60.0,5.640318984424695
1,10,F5,stored,60.0,5.380024557343544,57-59 and 61-63,1.6226311475342832,3.3156177024697935,5.205644497192404,60.0,5.380024557343544
1,10,F3,stored,60.0,4.0621170852974835,57-59 and 61-63,0.8680167990801927,4.679767822007555,6.702243068941597,60.0,4.0621170852974835
1,10,F1,stored,60.0,3.6510347665198934,57-59 and 61-63,1.072732718794616,3.4034897067579006,5.319244414971019,60.0,3.6510347665198934
1,10,Fz,stored,60.0,3.891909576136234,57-59 and 61-63,1.0598266187426155,3.6722134614373227,5.649279182889696,60.0,3.891909576136234
1,10,F2,stored,60.0,4.718268337577647,57-59 and 61-63,0.8518866453814973,5.538610521901869,7.434008263967292,60.0,4.718268337577647
1,10,F4,stored,60.0,7.308720473994645,57-59 and 61-63,0.8437797540730869,8.661881775088876,9.37612251804708,60.0,7.308720473994645
1,10,F6,stored,60.0,2.335461126142928,57-59 and 61-63,0.8851332058768637,2.63854198513464,4.21364009169661,60.0,2.335461126142928
1,10,F8,stored,60.0,2.410715006644626,57-59 and 61-63,1.0175427601080362,2.369153514874079,3.74593202766925,60.0,2.410715006644626
1,10,FT7,stored,60.0,4.975545608209422,57-59 and 61-63,1.37669436590431,3.6141250603151356,5.58003176466489,60.0,4.975545608209422
1,10,FT8,stored,60.0,1.6745722321825898,57-59 and 61-63,0.978130872164651,1.7120124513365786,2.335069189434148,60.0,1.6745722321825898
1,10,T7,stored,60.0,4.577634425891163,57-59 and 61-63,1.7239204076350543,2.655362977094141,4.241238957279424,60.0,4.577634425891163
1,10,T8,stored,60.0,3.7963000880530213,57-59 and 61-63,3.8456779594504367,0.9871601647568868,-0.056123782048022104,58.666666666666664,4.40903820672049
1,10,T9,stored,60.0,4.772287512412223,57-59 and 61-63,1.3794319293834598,3.459603486592635,5.390263261185645,60.0,4.772287512412223
1,10,T10,stored,60.0,2.4874983366397676,57-59 and 61-63,1.5908355452978842,1.5636426681514608,1.9413751280261329,60.0,2.4874983366397676
1,10,TP7,stored,60.0,3.48418788058882,57-59 and 61-63,1.2017703819983006,2.899212638936335,4.622800692805018,60.0,3.48418788058882
1,10,TP8,stored,60.0,9.446473540036687,57-59 and 61-63,1.5928170574239642,5.930670754690627,7.73103814542514,60.0,9.446473540036687
1,10,P7,stored,60.0,3.9745805531764566,57-59 and 61-63,1.232173668975397,3.2256658726374856,5.086193794245939,60.0,3.9745805531764566
1,10,P5,stored,60.0,4.570430841185655,57-59 and 61-63,1.0813617124228658,4.226551383019922,6.2598615314755515,60.0,4.570430841185655
1,10,P3,stored,60.0,5.166202307907471,57-59 and 61-63,1.0403902925684343,4.9656387077137705,6.959751177650032,60.0,5.166202307907471
1,10,P1,stored,60.0,6.034618665396774,57-59 and 61-63,1.0759589841189063,5.608595452491595,7.488541155155307,60.0,6.034618665396774
1,10,Pz,stored,60.0,6.61981361515869,57-59 and 61-63,1.0461538246963271,6.327763144277812,8.012502146333762,60.0,6.61981361515869
1,10,P2,stored,60.0,7.6363170772448985,57-59 and 61-63,1.0782505057124687,7.082136328050315,8.501642824828275,60.0,7.6363170772448985
1,10,P4,stored,60.0,8.506759097813958,57-59 and 61-63,1.0830622238515617,7.854358605143121,8.951107258979189,60.0,8.506759097813958
1,10,P6,stored,60.0,9.534610714296324,57-59 and 61-63,1.1069626571734736,8.613308364567661,9.351699956467815,60.0,9.534610714296324
1,10,P8,stored,60.0,11.119816621931134,57-59 and 61-63,1.3044170954370395,8.524740024359682,9.306811433586553,60.0,11.119816621931134
1,10,PO7,stored,60.0,5.781543347849838,57-59 and 61-63,1.1510890321247231,5.022672605244139,7.00934870301726,60.0,5.781543347849838
1,10,PO3,stored,60.0,6.3034563038995,57-59 and 61-63,1.1378132163208061,5.539974587641143,7.435077725853726,60.0,6.3034563038995
1,10,POz,stored,60.0,8.489207742169247,57-59 and 61-63,1.2772689664554884,6.646374385598202,8.225848011346763,60.0,8.489207742169247
1,10,PO4,stored,60.0,9.471479912152994,57-59 and 61-63,1.2901433077203537,7.341416922813658,8.657798885770779,60.0,9.471479912152994
1,10,PO8,stored,60.0,12.230446310311034,57-59 and 61-63,2.104300384347286,5.812119981199684,7.643345709795834,60.0,12.230446310311034
1,10,O1,stored,60.0,0.6077912532345862,57-59 and 61-63,0.09106356620462674,6.674362520229365,8.24409791809244,60.0,0.6077912532345862
1,10,Oz,stored,60.0,0.8807337435710363,57-59 and 61-63,0.16255915512642027,5.417927663847049,7.338332023579497,60.0,0.8807337435710363
1,10,O2,stored,60.0,1.1466704133710437,57-59 and 61-63,0.2063778289244752,5.55617054092895,7.447755674917291,60.0,1.1466704133710437
1,10,Iz,stored,60.0,1.3836331082933975,57-59 and 61-63,0.33580160959622773,4.120388553101625,6.1493817198248095,60.0,1.3836331082933975
1,10,FC5,average,50.0,1.3046798944042974,47-49 and 51-53,1.4855587759342361,0.8782418545397588,-0.5638586948337786,51.0,1.964168701909003
1,10,FC3,average,50.0,1.0283902636403373,47-49 and 51-53,1.1623684841096833,0.8847368779342235,-0.5318586992584639,51.0,1.320110465072516
1,10,FC1,average,50.0,0.8719776084150098,47-49 and 51-53,1.0626227534794748,0.8205900029524001,-0.858737782404863,49.0,1.3799540787739755
1,10,FCz,average,50.0,0.8905348921921878,47-49 and 51-53,1.1451493317262385,0.7776583084144705,-1.0921118368713703,48.666666666666664,1.4746851194035906
1,10,FC2,average,50.0,0.754324405853015,47-49 and 51-53,0.9166690203584398,0.8228972389162403,-0.8465439487042791,49.0,1.2588301760121974
1,10,FC4,average,50.0,0.6672406789032066,47-49 and 51-53,0.7939151356337188,0.8404433282035891,-0.7549156607728162,48.666666666666664,1.1709369473957274
1,10,FC6,average,50.0,0.8379396896272939,47-49 and 51-53,1.2291942370399866,0.681698355212867,-1.6640775385666697,48.33333333333333,1.631018516310925
1,10,C5,average,50.0,1.2713970417142673,47-49 and 51-53,1.2743071399517656,0.9977163290181295,-0.009929198890905228,51.0,1.7559191768157951
1,10,C3,average,50.0,0.7336188567383505,47-49 and 51-53,0.8843079997119309,0.8295965398677063,-0.8113306799738528,49.33333333333333,1.0337562534602185
1,10,C1,average,50.0,0.6203750972313928,47-49 and 51-53,0.770424962930913,0.805237533933625,-0.9407598986840109,48.666666666666664,0.9698547118878327
1,10,Cz,average,50.0,0.8408774929890068,47-49 and 51-53,0.8938714274458945,0.9407141420681607,-0.26542327032789725,48.666666666666664,1.1646844097573195
1,10,C2,average,50.0,0.5897053808523576,47-49 and 51-53,0.7223322470672785,0.8163907720396041,-0.881019129159488,48.666666666666664,0.9165416695481007
1,10,C4,average,50.0,0.5162024644032144,47-49 and 51-53,0.6174682523846252,0.835998389244583,-0.7779455933474343,48.666666666666664,0.8562121840842513
1,10,C6,average,50.0,0.9595259163868238,47-49 and 51-53,1.0687888447755554,0.897769396712148,-0.46835202972648016,48.33333333333333,1.6608778630180214
1,10,CP5,average,50.0,1.2019938697627803,47-49 and 51-53,1.2307589662266998,0.9766281642033383,-0.10270755597945641,49.666666666666664,1.4911265087582257
1,10,CP3,average,50.0,0.5079778066702556,47-49 and 51-53,0.5864274593109284,0.8662244555654782,-0.6236955927252283,51.0,0.6913109311328535
1,10,CP1,average,50.0,0.4768689218379079,47-49 and 51-53,0.5986665469848969,0.7965518104186609,-0.9878597096499178,48.666666666666664,0.7295748675916613
1,10,CPz,average,50.0,0.49811123011394326,47-49 and 51-53,0.5876373504056924,0.8476507318162431,-0.7178305869966306,48.666666666666664,0.7078334542294774
1,10,CP2,average,50.0,0.41687845328737205,47-49 and 51-53,0.4562320059663775,0.9137422360457859,-0.3917630016464179,48.666666666666664,0.5453924185281517
1,10,CP4,average,50.0,0.416311848404127,47-49 and 51-53,0.43213107689811436,0.9633925229179545,-0.16196728654836123,48.666666666666664,0.5239596208391558
1,10,CP6,average,50.0,0.48046098261075354,47-49 and 51-53,0.4976191638044172,0.9655194525418088,-0.1523897196593007,48.33333333333333,0.6667574826785518
1,10,Fp1,average,50.0,2.158820329232932,47-49 and 51-53,2.0300099176239845,1.0634530947315337,0.2671833942116308,49.666666666666664,2.3501717886133946
1,10,Fpz,average,50.0,0.9070801984282298,47-49 and 51-53,0.8598710946908179,1.0549025360067334,0.2321233638273881,49.666666666666664,1.0279299875064847
1,10,Fp2,average,50.0,1.1283533234763925,47-49 and 51-53,1.1001554113279939,1.0256308443862137,0.10991073158851285,48.33333333333333,1.5007999968772219
1,10,AF7,average,50.0,1.6215435694693672,47-49 and 51-53,1.726544906665441,0.9391841261755143,-0.2724925635693776,48.666666666666664,1.9398537484109795
1,10,AF3,average,50.0,1.4200542861678263,47-49 and 51-53,1.507578938138277,0.9419435694169781,-0.2597511443101635,48.666666666666664,1.6786118943356427
1,10,AFz,average,50.0,0.27894673481220844,47-49 and 51-53,0.2788618026418045,1.0003045672429833,0.0013225173424527275,49.0,0.34996990965719865
1,10,AF4,average,50.0,0.46025840017984,47-49 and 51-53,0.49373746481439507,0.9321925779986324,-0.30494359188318915,48.33333333333333,0.6113135881149157
1,10,AF8,average,50.0,1.191889868146676,47-49 and 51-53,1.4504102459871262,0.8217605132370633,-0.8525473104112138,48.666666666666664,1.7477497866032594
1,10,F7,average,50.0,1.4576390451771593,47-49 and 51-53,1.4607562937940255,0.9978660036379033,-0.009277731291629175,49.666666666666664,1.7052318859473852
1,10,F5,average,50.0,0.844729989053196,47-49 and 51-53,0.9505195536150485,0.8887034315501349,-0.5124314288741748,48.0,1.2273673508707097
1,10,F3,average,50.0,0.21253334539272953,47-49 and 51-53,0.21172323718261793,1.0038262602673738,0.016585527128822535,48.0,0.2655996925975555
1,10,F1,average,50.0,0.34272847289233094,47-49 and 51-53,0.3491690337518464,0.9815546046844099,-0.08085535235157675,49.0,0.4556979919623581
1,10,Fz,average,50.0,0.37373664292318726,47-49 and 51-53,0.3560373212916045,1.049711984034074,0.21070155352668954,49.0,0.4249712476997085
1,10,F2,average,50.0,0.28046305954667083,47-49 and 51-53,0.2599578550300587,1.0788789571841988,0.3297272255523376,50.33333333333333,0.30302424386741156
1,10,F4,average,50.0,0.2613831122207313,47-49 and 51-53,0.24587927125453063,1.0630546889418397,0.2655560741578292,51.666666666666664,0.30386677281292934
1,10,F6,average,50.0,0.6613554477711375,47-49 and 51-53,0.673918420408516,0.9813583183706968,-0.08172391928800726,48.33333333333333,1.050571750612534
1,10,F8,average,50.0,1.2154648502193575,47-49 and 51-53,1.3678391798662886,0.888602160334502,-0.5129263525426019,48.0,1.6736132913382271
1,10,FT7,average,50.0,1.3546518289125637,47-49 and 51-53,1.5405107312528843,0.8793524130862996,-0.5583704030059712,51.666666666666664,1.8399246753063803
1,10,FT8,average,50.0,1.1497126028250375,47-49 and 51-53,1.0910664315031369,1.0537512378976825,0.22738097821948838,49.33333333333333,1.6614274605658408
1,10,T7,average,50.0,2.0731256993783354,47-49 and 51-53,1.933499590193474,1.0722141912483623,0.30281551014701596,49.0,2.589744501194515
1,10,T8,average,50.0,6.8075719954117275,47-49 and 51-53,6.05924048562742,1.1235025266878509,0.5057405345773537,49.0,7.45218146304684
1,10,T9,average,50.0,1.95169412314811,47-49 and 51-53,1.6290146611894656,1.1980826014929982,0.7848676140549415,49.666666666666664,2.174433125872342
1,10,T10,average,50.0,3.1834279844873756,47-49 and 51-53,3.6597478258011167,0.8698489994431584,-0.6055613174954936,48.0,4.092806430523746
1,10,TP7,average,50.0,0.768214501775068,47-49 and 51-53,1.1010436806875203,0.6977148275310702,-1.5632204748595777,49.0,1.2795139686527355
1,10,TP8,average,50.0,1.2994086054390979,47-49 and 51-53,1.5066813861697441,0.8624309143039385,-0.642756843570351,48.0,1.9097917964484128
1,10,P7,average,50.0,0.9455262254210214,47-49 and 51-53,1.2756706301384004,0.7411993371035274,-1.300649777670754,49.0,1.5608279229603963
1,10,P5,average,50.0,0.6305680352866309,47-49 and 51-53,0.8532534731845485,0.7390160779928598,-1.31346113015699,48.666666666666664,1.050940769217721
1,10,P3,average,50.0,0.555333161587041,47-49 and 51-53,0.802232947109306,0.6922342987633188,-1.597468861245083,48.666666666666664,0.9924408147334971
1,10,P1,average,50.0,0.5977680405517767,47-49 and 51-53,0.817546835441396,0.73117283883686,-1.3597994988139854,48.666666666666664,0.959515903910849
1,10,Pz,average,50.0,0.5819075013155066,47-49 and 51-53,0.8174578820124891,0.7118501321229125,-1.4761143001905463,48.666666666666664,0.8965646450745063
1,10,P2,average,50.0,0.7009079242966489,47-49 and 51-53,0.8957561272538928,0.7824762822950625,-1.0652881751887542,48.0,0.9619559029773159
1,10,P4,average,50.0,0.7873742145017316,47-49 and 51-53,0.9673360650304953,0.8139613966289054,-0.8939619170613217,48.0,1.0703616963194604
1,10,P6,average,50.0,0.8952711393462365,47-49 and 51-53,1.0377183307405307,0.8627303891869754,-0.6412490391671939,48.0,1.1849900348555025
1,10,P8,average,50.0,1.315843857744145,47-49 and 51-53,1.3633040176364708,0.9651873982043958,-0.1538835701399849,48.0,1.690538607995304
1,10,PO7,average,50.0,1.0131206778983226,47-49 and 51-53,1.422514407250759,0.7122041595742735,-1.4739549419043863,48.666666666666664,1.801348281824781
1,10,PO3,average,50.0,1.0204222264129195,47-49 and 51-53,1.3551851677863778,0.7529762357713259,-1.2321873008912734,48.666666666666664,1.7669143183650997
1,10,POz,average,50.0,1.152671939545917,47-49 and 51-53,1.4723337142428758,0.7828876893841015,-1.063005359997758,49.33333333333333,1.7163298194803103
1,10,PO4,average,50.0,1.2386365265525396,47-49 and 51-53,1.5302185663823318,0.809450724075884,-0.9180958411048341,48.0,1.7684270139971456
1,10,PO8,average,50.0,2.301265769093053,47-49 and 51-53,2.552677743917807,0.901510492100389,-0.4502921443821107,48.0,3.00136794448684
1,10,O1,average,50.0,0.3941574202325721,47-49 and 51-53,0.4613011643496752,0.8544470525849207,-0.6831484398202997,49.0,0.5425963906086937
1,10,Oz,average,50.0,0.45388285492042835,47-49 and 51-53,0.4873085891412379,0.9314074593273346,-0.3086028827173511,49.0,0.659799437743351
1,10,O2,average,50.0,0.6082221918630482,47-49 and 51-53,0.622824333473136,0.9765549596807497,-0.10303309965057178,49.0,0.8312190638520978
1,10,Iz,average,50.0,0.8068760798799949,47-49 and 51-53,0.8352202910213334,0.9660637900610887,-0.1499419578237232,49.0,1.0832877216449497
1,10,FC5,average,60.0,1.3482553359167448,57-59 and 61-63,1.115033355754698,1.2091614380488134,0.8248428843163449,60.0,1.3482553359167448
1,10,FC3,average,60.0,1.2192127175471419,57-59 and 61-63,1.0378162616401219,1.174786677191152,0.699590127101646,60.33333333333333,1.233826023508214
1,10,FC1,average,60.0,1.0246647910191142,57-59 and 61-63,0.9119927291211329,1.123544912475959,0.5059043754786873,61.33333333333333,1.1048642779837912
1,10,FCz,average,60.0,1.0728868398032423,57-59 and 61-63,0.9867374941570055,1.0873072586745438,0.3635228731609995,59.33333333333333,1.1398841361886705
1,10,FC2,average,60.0,0.984521100294285,57-59 and 61-63,0.8037056198523036,1.2249772503459784,0.8812802327936771,60.0,0.984521100294285
1,10,FC4,average,60.0,0.7898489663968468,57-59 and 61-63,0.6615832020607125,1.193876996780767,0.7695958443895891,61.33333333333333,0.8930415512719992
1,10,FC6,average,60.0,0.9932338431709214,57-59 and 61-63,0.7268365140383428,1.3665161614576307,1.3561477235532666,58.33333333333333,1.015414339915463
1,10,C5,average,60.0,1.3720596355431303,57-59 and 61-63,1.0327961872808793,1.3284902214399683,1.2335836206560966,60.0,1.3720596355431303
1,10,C3,average,60.0,0.9864323023313314,57-59 and 61-63,0.7118910765318598,1.3856506070239873,1.4165373635767484,60.0,0.9864323023313314
1,10,C1,average,60.0,0.960689705992949,57-59 and 61-63,0.6504437958931115,1.476975738808985,1.6937336153542992,60.0,0.960689705992949
1,10,Cz,average,60.0,1.1112281753957334,57-59 and 61-63,0.7487339322464877,1.4841429345423476,1.7147572890374456,60.0,1.1112281753957334
1,10,C2,average,60.0,1.2679129994655851,57-59 and 61-63,0.5897342716404975,2.1499734040189984,3.324330875624744,60.0,1.2679129994655851
1,10,C4,average,60.0,1.197483429989495,57-59 and 61-63,0.48445015076589837,2.4718403495102983,3.9302041723968797,60.0,1.197483429989495
1,10,C6,average,60.0,2.0107919708629223,57-59 and 61-63,0.7811928007139992,2.5740021784956117,4.106089101317799,60.0,2.0107919708629223
1,10,CP5,average,60.0,1.3842394713302844,57-59 and 61-63,1.083890612415608,1.2771025558061668,1.0622577403109095,60.0,1.3842394713302844
1,10,CP3,average,60.0,1.0351295855997862,57-59 and 61-63,0.4638401203987179,2.231651683580081,3.4862641082836388,60.0,1.0351295855997862
1,10,CP1,average,60.0,1.3510691068015754,57-59 and 61-63,0.4384185630005721,3.0816877313650894,4.887886293805121,60.0,1.3510691068015754
1,10,CPz,average,60.0,1.396877197190807,57-59 and 61-63,0.42684501572708394,3.2725629812295662,5.148880134007188,60.0,1.396877197190807
1,10,CP2,average,60.0,1.5221309130145404,57-59 and 61-63,0.35886536478352055,4.241509664586161,6.275204609101587,60.0,1.5221309130145404
1,10,CP4,average,60.0,1.567249912532777,57-59 and 61-63,0.342530330019082,4.575506970274624,6.604392212865212,60.0,1.567249912532777
1,10,CP6,average,60.0,1.8262290980654656,57-59 and 61-63,0.3622497704545785,5.04135336172546,7.0254713934829605,60.0,1.8262290980654656
1,10,Fp1,average,60.0,4.56408101343792,57-59 and 61-63,1.5644217295455722,2.9174236890481433,4.6499950504003476,60.0,4.56408101343792
1,10,Fpz,average,60.0,3.056061713834066,57-59 and 61-63,0.6169118365477035,4.953806253639214,6.949390170619299,60.0,3.056061713834066
1,10,Fp2,average,60.0,2.8413271928937456,57-59 and 61-63,0.7502120793926781,3.787365294349693,5.783371951840328,60.0,2.8413271928937456
1,10,AF7,average,60.0,3.9343421550786,57-59 and 61-63,1.1087554035734053,3.5484310988687113,5.500363767984889,60.0,3.9343421550786
1,10,AF3,average,60.0,3.272395464120001,57-59 and 61-63,0.8923669115837288,3.6670963721775776,5.643223234743635,60.0,3.272395464120001
1,10,AFz,average,60.0,1.9501219017132292,57-59 and 61-63,0.1701261406896187,11.462799860199427,10.592907097185659,60.0,1.9501219017132292
1,10,AF4,average,60.0,1.6701957429829588,57-59 and 61-63,0.24900440571836274,6.7074947455830936,8.265603411329947,60.0,1.6701957429829588
1,10,AF8,average,60.0,2.7230533851634973,57-59 and 61-63,0.7909844504450935,3.4426130420531185,5.368882097085875,60.0,2.7230533851634973
1,10,F7,average,60.0,3.538158486604526,57-59 and 61-63,0.8176065026029264,4.327458839112054,6.362329457486981,60.0,3.538158486604526
1,10,F5,average,60.0,3.1829732851719275,57-59 and 61-63,0.8137204643339828,3.911629883583105,5.923577553380012,60.0,3.1829732851719275
1,10,F3,average,60.0,2.3968126089822714,57-59 and 61-63,0.1522976114463447,15.737690080757975,11.969409885822113,60.0,2.3968126089822714
1,10,F1,average,60.0,1.9529661604566175,57-59 and 61-63,0.2640486620972803,7.396235773151199,8.69010746909321,60.0,1.9529661604566175
1,10,Fz,average,60.0,2.271862650455724,57-59 and 61-63,0.25211891894153726,9.011075646340274,9.547766355281658,60.0,2.271862650455724
1,10,F2,average,60.0,3.261818776921038,57-59 and 61-63,0.15423140669740665,21.148862263316726,13.252870087770678,60.0,3.261818776921038
1,10,F4,average,60.0,6.6953942215202265,57-59 and 61-63,0.1844169692091123,36.305738296394246,15.599752727910479,60.0,6.6953942215202265
1,10,F6,average,60.0,1.524501127264911,57-59 and 61-63,0.3738043895354169,4.07833928638355,6.1048335289744005,60.0,1.524501127264911
1,10,F8,average,60.0,1.5718474281427486,57-59 and 61-63,0.667020548493194,2.3565202476798763,3.722711756542644,60.0,1.5718474281427486
1,10,FT7,average,60.0,4.239823527442243,57-59 and 61-63,0.9053154425839156,4.683255501906723,6.705478520040047,60.0,4.239823527442243
1,10,FT8,average,60.0,1.0975173845910033,57-59 and 61-63,0.6250996736787187,1.7557478123962234,2.444621359720831,60.0,1.0975173845910033
1,10,T7,average,60.0,4.332899423656358,57-59 and 61-63,1.437631844713127,3.0139144730207117,4.791309240163778,60.0,4.332899423656358
1,10,T8,average,60.0,3.2745015820300187,57-59 and 61-63,3.1725072712826563,1.032149433248147,0.1374257843162852,58.666666666666664,3.6710632459394277
1,10,T9,average,60.0,5.319602586409902,57-59 and 61-63,1.0062823727696537,5.2863915043731,7.231593233610854,60.0,5.319602586409902
1,10,T10,average,60.0,1.9078263918393392,57-59 and 61-63,1.994562818584547,0.9565135648087731,-0.19308866640526903,59.33333333333333,2.308298353990732
1,10,TP7,average,60.0,1.9981182644479476,57-59 and 61-63,0.6233853556843763,3.205269816218793,5.058645938432232,60.0,1.9981182644479476
1,10,TP8,average,60.0,6.960410635711729,57-59 and 61-63,1.0821761523811244,6.431864738838182,8.083369026878653,60.0,6.960410635711729
1,10,P7,average,60.0,2.608354012583438,57-59 and 61-63,0.7474157620806947,3.489830085095031,5.428042822881103,60.0,2.608354012583438
1,10,P5,average,60.0,2.7395978370126493,57-59 and 61-63,0.5511570780508164,4.970629873250144,6.964114255832481,60.0,2.7395978370126493
1,10,P3,average,60.0,2.920412853331092,57-59 and 61-63,0.5155174897469801,5.66501217012919,7.532008471939921,60.0,2.920412853331092
1,10,P1,average,60.0,3.677440304123592,57-59 and 61-63,0.5328508291205527,6.901444275113635,8.389399856757832,60.0,3.677440304123592
1,10,Pz,average,60.0,4.076482361240866,57-59 and 61-63,0.5463758117526296,7.4609495397766326,8.727941027599147,60.0,4.076482361240866
1,10,P2,average,60.0,4.908566860081015,57-59 and 61-63,0.5933916742493321,8.272052125251975,9.1761326240823,60.0,4.908566860081015
1,10,P4,average,60.0,5.516708125184486,57-59 and 61-63,0.6563837809726851,8.40469902685493,9.245221659234417,60.0,5.516708125184486
1,10,P6,average,60.0,6.328829917403184,57-59 and 61-63,0.7196716838459403,8.794051592500885,9.441890091882492,60.0,6.328829917403184
1,10,P8,average,60.0,7.526366165954265,57-59 and 61-63,1.012336892665671,7.434645739459267,8.712602792381356,60.0,7.526366165954265
1,10,PO7,average,60.0,3.4199784036373315,57-59 and 61-63,0.8505826854226797,4.0207477324063365,6.043068256866596,60.0,3.4199784036373315
1,10,PO3,average,60.0,3.629887332298913,57-59 and 61-63,0.8959768616283796,4.051318162058146,6.075963509595386,60.0,3.629887332298913
1,10,POz,average,60.0,5.121529479429183,57-59 and 61-63,1.0103779500916574,5.0689244346282285,7.049158169940473,60.0,5.121529479429183
1,10,PO4,average,60.0,5.983402065786337,57-59 and 61-63,1.007896099800193,5.936526658821775,7.735324224047603,60.0,5.983402065786337
1,10,PO8,average,60.0,8.084580498170643,57-59 and 61-63,1.7923233774177785,4.510670674740735,6.5424112030014046,60.0,8.084580498170643
1,10,O1,average,60.0,1.7694311939819292,57-59 and 61-63,0.24904473704285038,7.104872863374273,8.515563109434305,60.0,1.7694311939819292
1,10,Oz,average,60.0,1.9537464895898624,57-59 and 61-63,0.24505650237730686,7.972636802682068,9.016019800492328,60.0,1.9537464895898624
1,10,O2,average,60.0,2.198649968008177,57-59 and 61-63,0.2723264634632346,8.073581759361426,9.070662476373187,60.0,2.198649968008177
1,10,Iz,average,60.0,2.3667954411402876,57-59 and 61-63,0.34921649171243896,6.77744464339106,8.310659790495752,60.0,2.3667954411402876
1,14,FC5,stored,50.0,2.146823406234845,47-49 and 51-53,1.737761914012939,1.2353955906866882,0.9180604694189063,50.0,2.146823406234845
1,14,FC3,stored,50.0,2.6147229419833606,47-49 and 51-53,1.7495347338279295,1.4945247393073617,1.745031084390314,50.0,2.6147229419833606
1,14,FC1,stored,50.0,1.8088489695366792,47-49 and 51-53,1.5803413154743335,1.1445938619871872,0.5865141262580198,50.0,1.8088489695366792
1,14,FCz,stored,50.0,1.7069170777495144,47-49 and 51-53,1.6312463011623355,1.04638832071727,0.196928836212957,51.666666666666664,1.8387545172795985
1,14,FC2,stored,50.0,1.624633748000068,47-49 and 51-53,1.5635222448796684,1.0390857906374737,0.16651405942469144,51.666666666666664,1.6990353770368056
1,14,FC4,stored,50.0,1.7512542106140885,47-49 and 51-53,1.6030791287064137,1.092431545801013,0.38394232633475234,51.666666666666664,1.8452533508464666
1,14,FC6,stored,50.0,2.9103428499814483,47-49 and 51-53,2.4684007762159164,1.1790398374623077,0.7152847930862872,51.666666666666664,3.0051327519329893
1,14,C5,stored,50.0,2.6699069241385462,47-49 and 51-53,2.2376006094808227,1.1932008388029662,0.7671354999288428,50.0,2.6699069241385462
1,14,C3,stored,50.0,1.969945261278935,47-49 and 51-53,1.5867842886108359,1.2414701074482788,0.9393626692195169,49.33333333333333,1.9714954481605078
1,14,C1,stored,50.0,1.7168203317237074,47-49 and 51-53,1.5073418464826367,1.1389721155356272,0.5651309175491521,49.33333333333333,1.876236463910308
1,14,Cz,stored,50.0,1.8095364813219552,47-49 and 51-53,1.6928280232707495,1.068942891095169,0.28954503389548114,49.33333333333333,1.9903951492457657
1,14,C2,stored,50.0,1.7083846565999528,47-49 and 51-53,1.6022032188706148,1.0662721410609728,0.27868062361528523,50.0,1.7083846565999528
1,14,C4,stored,50.0,1.7685977168306513,47-49 and 51-53,1.5586904146703848,1.1346690145680118,0.5486919535288484,50.0,1.7685977168306513
1,14,C6,stored,50.0,2.422103989436288,47-49 and 51-53,2.2728437543122295,1.0656711376841763,0.27623203636003923,48.33333333333333,2.527795371544361
1,14,CP5,stored,50.0,2.430069221799095,47-49 and 51-53,2.1260421071730526,1.1430014549572116,0.5804678322072901,49.0,2.503457238412964
1,14,CP3,stored,50.0,1.6722137540005844,47-49 and 51-53,1.4817454156218082,1.1285432277169198,0.5251819894711517,49.33333333333333,1.7915112944936356
1,14,CP1,stored,50.0,1.583475330708279,47-49 and 51-53,1.4240936032047453,1.11191801377723,0.4607276613380642,49.33333333333333,1.826192365513118
1,14,CPz,stored,50.0,1.622046240101362,47-49 and 51-53,1.5024225102158046,1.0796205655014945,0.3327114876216426,49.33333333333333,1.7358206340732765
1,14,CP2,stored,50.0,1.5929259885882705,47-49 and 51-53,1.4662706627109356,1.0863792266314367,0.3598145258665427,51.666666666666664,1.61583095440518
1,14,CP4,stored,50.0,1.6787440378548397,47-49 and 51-53,1.471051524668531,1.1411864300491499,0.5735659878085635,50.0,1.6787440378548397
1,14,CP6,stored,50.0,1.6518731790587144,47-49 and 51-53,1.4451476085576638,1.1430480660085471,0.5806449318038465,48.33333333333333,1.731627676878771
1,14,Fp1,stored,50.0,3.680681589755619,47-49 and 51-53,3.5792841770371195,1.02832896403393,0.12132068365981857,51.666666666666664,4.192758689484535
1,14,Fpz,stored,50.0,1.4922253463480768,47-49 and 51-53,1.6369176979739393,0.9116068255569889,-0.40192431746775326,48.0,2.01666649679424
1,14,Fp2,stored,50.0,1.7019896641956536,47-49 and 51-53,1.8034383824040199,0.9437470560690113,-0.25144390101804476,48.0,2.4814606011980973
1,14,AF7,stored,50.0,3.516982075216935,47-49 and 51-53,2.8903620147593996,1.216796393412919,0.852179137970877,50.0,3.516982075216935
1,14,AF3,stored,50.0,3.2435539727556413,47-49 and 51-53,2.658741363625075,1.2199584424162269,0.8634503679219523,50.0,3.2435539727556413
1,14,AFz,stored,50.0,1.4442324246581657,47-49 and 51-53,1.3138055320752031,1.0992741234518542,0.4110600494179531,48.0,1.5174217906805523
1,14,AF4,stored,50.0,1.5280683030636388,47-49 and 51-53,1.4355607455568298,1.0644400160655876,0.2712119285210921,48.0,1.6246315511925187
1,14,AF8,stored,50.0,2.1839979206953184,47-49 and 51-53,1.742482562213886,1.2533829422777532,0.980837799402607,48.0,2.30348045161789
1,14,F7,stored,50.0,2.4823595684183064,47-49 and 51-53,2.527666133606281,0.9820757320021,-0.07855020642337554,48.33333333333333,2.82571220610487
1,14,F5,stored,50.0,3.041864400632055,47-49 and 51-53,2.415597452596577,1.2592596491448897,1.0011528734735884,50.0,3.041864400632055
1,14,F3,stored,50.0,1.440164638908184,47-49 and 51-53,1.279455981090307,1.1256070237609321,0.5138679442233416,51.666666666666664,1.46547717841988
1,14,F1,stored,50.0,1.7765886423377557,47-49 and 51-53,1.4909861738159258,1.1915527276761253,0.7611326517354949,50.0,1.7765886423377557
1,14,Fz,stored,50.0,1.6079397044310468,47-49 and 51-53,1.5174356555107358,1.0596427588818251,0.25159474702350054,51.666666666666664,1.7025299062277646
1,14,F2,stored,50.0,1.4588359006103244,47-49 and 51-53,1.3288983623113686,1.0977783869587694,0.40514676147779727,51.666666666666664,1.517838797533674
1,14,F4,stored,50.0,1.4184138123369567,47-49 and 51-53,1.2349826623461475,1.1485293320979402,0.6014209104659564,51.666666666666664,1.4342987092387762
1,14,F6,stored,50.0,1.6658559085517555,47-49 and 51-53,1.5080255918664998,1.1046602375559869,0.4322872178180561,48.0,1.8915183438445382
1,14,F8,stored,50.0,1.5831738024132942,47-49 and 51-53,1.5132264857945907,1.0462239574018388,0.1962466068118181,48.0,1.7911397821516257
1,14,FT7,stored,50.0,2.2778872379361945,47-49 and 51-53,2.5951248150694077,0.8777563316835192,-0.5662602907389499,48.33333333333333,2.9674883895934654
1,14,FT8,stored,50.0,1.5215239706972312,47-49 and 51-53,1.7670356921147303,0.8610601231695106,-0.6496652305374216,48.33333333333333,2.170848978428934
1,14,T7,stored,50.0,2.7026699042088884,47-49 and 51-53,2.8239630989576803,0.9570485907575914,-0.19066011896952723,49.0,3.2840823788093227
1,14,T8,stored,50.0,8.171599990019788,47-49 and 51-53,7.9490935346459075,1.0279914249850115,0.11989491996587709,49.0,8.533727988150954
1,14,T9,stored,50.0,2.137713721737726,47-49 and 51-53,2.0237100286158554,1.0563340061124493,0.2380126107287654,50.33333333333333,2.3576494020844794
1,14,T10,stored,50.0,2.66788597659846,47-49 and 51-53,3.3726750531459397,0.7910296528893076,-1.0180723604111115,48.0,3.92225843955216
1,14,TP7,stored,50.0,1.4943965781746265,47-49 and 51-53,1.6806159072885025,0.8891957833397391,-0.5100260543843769,51.666666666666664,2.047361608091729
1,14,TP8,stored,50.0,3.405367582841032,47-49 and 51-53,3.0706378870521283,1.1090098240500283,0.44935393319421457,48.33333333333333,4.170916622226907
1,14,P7,stored,50.0,1.9532428023695718,47-49 and 51-53,1.9064206056854507,1.024560265738046,0.10537509157615739,51.666666666666664,2.3524583979933
1,14,P5,stored,50.0,1.7282252861676604,47-49 and 51-53,1.5272558565890204,1.1315885800742556,0.5368855593256674,49.0,1.7895206420227643
1,14,P3,stored,50.0,1.603776549387317,47-49 and 51-53,1.373423891623084,1.167721458152302,0.6733926091512272,49.0,1.6931459491945227
1,14,P1,stored,50.0,1.6582578402335117,47-49 and 51-53,1.3893815044335813,1.1935223226607907,0.7683054610585861,49.0,1.7384790589257058
1,14,Pz,stored,50.0,1.5401372364791026,47-49 and 51-53,1.3391081682553478,1.1501216055501065,0.6074376194254143,49.33333333333333,1.6099339668871806
1,14,P2,stored,50.0,1.6191199957126456,47-49 and 51-53,1.433304379265187,1.1296414209958117,0.5294060844224411,50.0,1.6191199957126456
1,14,P4,stored,50.0,1.7048811506586574,47-49 and 51-53,1.5049438235159203,1.1328536813258812,0.5417382028146065,50.0,1.7048811506586574
1,14,P6,stored,50.0,1.7848459364142555,47-49 and 51-53,1.516265341138428,1.1771329779748012,0.7082552685236925,50.0,1.7848459364142555
1,14,P8,stored,50.0,2.1415527760281496,47-49 and 51-53,1.9271758879807743,1.1112388803660218,0.458074282236342,49.33333333333333,2.16972116459152
1,14,PO7,stored,50.0,2.1321769102684147,47-49 and 51-53,1.8451379539158494,1.1555650382365157,0.6279439373753758,49.0,2.195759727228475
1,14,PO3,stored,50.0,1.8301396922875461,47-49 and 51-53,1.535160047834156,1.192149114920985,0.7633058068700502,49.0,1.9327405427818487
1,14,POz,stored,50.0,1.878905071696128,47-49 and 51-53,1.4990324088257794,1.2534119079973127,0.9809381638354464,50.0,1.878905071696128
1,14,PO4,stored,50.0,1.9641668349908958,47-49 and 51-53,1.6998436763363447,1.1554985098537085,0.6276938974353234,50.0,1.9641668349908958
1,14,PO8,stored,50.0,2.8851209990244326,47-49 and 51-53,2.4306555417745486,1.1869723823220515,0.7444061419918137,50.0,2.8851209990244326
1,14,O1,stored,50.0,0.3161812085628617,47-49 and 51-53,0.29269780484543323,1.0802308843068689,0.3351658980530099,49.0,0.3688728951228716
1,14,Oz,stored,50.0,0.4424854402193027,47-49 and 51-53,0.37254919023157623,1.1877235324126034,0.7471536125059425,50.0,0.4424854402193027
1,14,O2,stored,50.0,0.5016760201261412,47-49 and 51-53,0.4529692324159434,1.1075278059183329,0.44354638556780934,49.33333333333333,0.54516044970401
1,14,Iz,stored,50.0,0.8631380943932653,47-49 and 51-53,0.7787463250449631,1.1083687545407417,0.44684274308130517,49.0,0.9548642974365423
1,14,FC5,stored,60.0,3.0627259708605394,57-59 and 61-63,1.1888424358055314,2.5762253084323232,4.109838423562241,60.0,3.0627259708605394
1,14,FC3,stored,60.0,2.5114210640895562,57-59 and 61-63,1.178273063391026,2.13144231343266,3.2867358314927984,60.0,2.5114210640895562
1,14,FC1,stored,60.0,1.9604218175198853,57-59 and 61-63,1.0136657250769674,1.9339924089581217,2.8645476511716406,60.0,1.9604218175198853
1,14,FCz,stored,60.0,1.721250343577855,57-59 and 61-63,1.009699722451859,1.704715080438107,2.3165180307422237,60.0,1.721250343577855
1,14,FC2,stored,60.0,1.3869506438847121,57-59 and 61-63,0.9355727206607235,1.4824616122894378,1.7098345631170004,58.33333333333333,1.4057416256077007
1,14,FC4,stored,60.0,1.4654957404892963,57-59 and 61-63,1.0069535860275636,1.4553756606306787,1.6297510760468692,58.33333333333333,1.4811143838286758
1,14,FC6,stored,60.0,1.7823975121102738,57-59 and 61-63,1.5070160408026005,1.1827329396978492,0.7288669229572842,60.33333333333333,2.05425102942755
1,14,C5,stored,60.0,3.0772338935913544,57-59 and 61-63,1.6291524993945277,1.8888556441063709,2.761987682110718,60.0,3.0772338935913544
1,14,C3,stored,60.0,1.6423109028801655,57-59 and 61-63,1.0973563962872959,1.4966066707558485,1.7510767665208262,60.0,1.6423109028801655
1,14,C1,stored,60.0,1.422627322540631,57-59 and 61-63,1.0268111393085395,1.385480998481022,1.416005739209005,58.33333333333333,1.4681223557931828
1,14,Cz,stored,60.0,1.146521882841373,57-59 and 61-63,1.0496099134926355,1.0923314157983297,0.3835442428041077,58.33333333333333,1.4932878084943089
1,14,C2,stored,60.0,0.9543870599885321,57-59 and 61-63,1.0055140573879648,0.9491533738153339,-0.22663604201087523,58.33333333333333,1.4790295132971751
1,14,C4,stored,60.0,0.9037496511538599,57-59 and 61-63,0.9188347745345635,0.9835823329734718,-0.0718928062571633,58.33333333333333,1.3402271018134169
1,14,C6,stored,60.0,1.5019621551365927,57-59 and 61-63,1.3281988450306517,1.1308262770714357,0.5339589165912823,60.33333333333333,1.847861245470269
1,14,CP5,stored,60.0,1.7058675090256323,57-59 and 61-63,1.4199970714157981,1.2013176247784858,0.7965784874444484,58.33333333333333,1.8632823250725055
1,14,CP3,stored,60.0,1.1429582710186192,57-59 and 61-63,1.0438939252694595,1.0948988621842861,0.3937400445114596,58.33333333333333,1.3519561833388578
1,14,CP1,stored,60.0,0.859080911396481,57-59 and 61-63,0.8757121199269349,0.9810083609076445,-0.08327291212732238,58.33333333333333,1.2447785908795377
1,14,CPz,stored,60.0,0.8301921741665325,57-59 and 61-63,0.8876739840869611,0.9352444580432838,-0.29074856611021016,58.33333333333333,1.2423834410002543
1,14,CP2,stored,60.0,0.8414432255460218,57-59 and 61-63,0.9033978534094931,0.9314204393671628,-0.3085423601143097,58.33333333333333,1.2539667926422624
1,14,CP4,stored,60.0,0.9019847071804206,57-59 and 61-63,0.8881870446607775,1.0155346360911093,0.0669474015512674,58.33333333333333,1.2618446954628852
1,14,CP6,stored,60.0,1.1154454082904826,57-59 and 61-63,0.9124418241076022,1.2224838656222543,0.8724313600223171,58.33333333333333,1.2887294123860737
1,14,Fp1,stored,60.0,8.531858127627657,57-59 and 61-63,2.7730196263080913,3.076739178722185,4.880906818039158,60.0,8.531858127627657
1,14,Fpz,stored,60.0,5.822675366647793,57-59 and 61-63,1.0314351048430908,5.6452173668585575,7.516806689199337,60.0,5.822675366647793
1,14,Fp2,stored,60.0,5.36480229112389,57-59 and 61-63,1.2499122831167115,4.292143027626322,6.326741855851317,60.0,5.36480229112389
1,14,AF7,stored,60.0,6.939597589700858,57-59 and 61-63,2.112233386129512,3.2854312573939,5.16592384676183,60.0,6.939597589700858
1,14,AF3,stored,60.0,6.1835775416126175,57-59 and 61-63,1.7643039167356815,3.5048256045667485,5.446664129278888,60.0,6.1835775416126175
1,14,AFz,stored,60.0,3.8987890325738075,57-59 and 61-63,0.7893759953724107,4.939077265371418,6.93645820180981,60.0,3.8987890325738075
1,14,AF4,stored,60.0,3.632202313295153,57-59 and 61-63,0.8865288452118514,4.097105619194123,6.124771597651869,60.0,3.632202313295153
1,14,AF8,stored,60.0,4.321328537799766,57-59 and 61-63,1.4440202918818124,2.9925677375131032,4.760439895530394,60.0,4.321328537799766
1,14,F7,stored,60.0,5.489430059223126,57-59 and 61-63,1.3325737133791282,4.119419439321732,6.148360140755802,60.0,5.489430059223126
1,14,F5,stored,60.0,4.802458268695238,57-59 and 61-63,1.6244985396959186,2.9562712131426014,4.707442744346046,60.0,4.802458268695238
1,14,F3,stored,60.0,5.455704139669638,57-59 and 61-63,0.7960797222325748,6.853213299252651,8.358942489991874,60.0,5.455704139669638
1,14,F1,stored,60.0,3.038669772231589,57-59 and 61-63,0.9194946203096954,3.304717292645098,5.191343129908849,60.0,3.038669772231589
1,14,Fz,stored,60.0,3.3082762006746536,57-59 and 61-63,0.9101357394332467,3.634926151493359,5.604955919970588,60.0,3.3082762006746536
1,14,F2,stored,60.0,4.771463570204255,57-59 and 61-63,0.7549597217471459,6.320156470284295,8.007278303931226,60.0,4.771463570204255
1,14,F4,stored,60.0,8.050614095364564,57-59 and 61-63,0.7732488029584301,10.411414882975725,10.175097529605077,60.0,8.050614095364564
1,14,F6,stored,60.0,2.519228516935818,57-59 and 61-63,0.9621263471837105,2.6183967670254344,4.180354560702348,60.0,2.519228516935818
1,14,F8,stored,60.0,2.285380528841202,57-59 and 61-63,1.0234026045785027,2.2331197112620753,3.489120050002328,60.0,2.285380528841202
1,14,FT7,stored,60.0,3.6576468749794104,57-59 and 61-63,1.3274863137550281,2.7553179547539846,4.401717222540492,60.0,3.6576468749794104
1,14,FT8,stored,60.0,1.696664599898348,57-59 and 61-63,1.2123873156038876,1.3994410680989704,1.459546146004604,58.33333333333333,1.7080991647137775
1,14,T7,stored,60.0,3.8541130703659072,57-59 and 61-63,1.5969348743794713,2.413444112342727,3.826372463980563,60.0,3.8541130703659072
1,14,T8,stored,60.0,5.285756572890731,57-59 and 61-63,4.791827654752119,1.1030773545556833,0.4260596890322237,58.33333333333333,5.896801905202071
1,14,T9,stored,60.0,5.493245698078265,57-59 and 61-63,1.2876765105896602,4.2660137487192085,6.300222507813105,60.0,5.493245698078265
1,14,T10,stored,60.0,2.3148365525591705,57-59 and 61-63,1.9358664437986608,1.1957625279236073,0.7764493964192419,60.0,2.3148365525591705
1,14,TP7,stored,60.0,3.337222984936486,57-59 and 61-63,1.0677239692830887,3.125548438495042,4.94926233812522,60.0,3.337222984936486
1,14,TP8,stored,60.0,9.979762156853088,57-59 and 61-63,2.1435758933312212,4.655660752623996,6.679813267468175,60.0,9.979762156853088
1,14,P7,stored,60.0,3.89513286395425,57-59 and 61-63,1.15125133908193,3.3833905175393237,5.2935212779811325,60.0,3.89513286395425
1,14,P5,stored,60.0,4.27351224063671,57-59 and 61-63,0.9697041360986279,4.407026928677609,6.441457042290839,60.0,4.27351224063671
1,14,P3,stored,60.0,4.666027570174538,57-59 and 61-63,0.913083552492001,5.110186857971483,7.084367807417998,60.0,4.666027570174538
1,14,P1,stored,60.0,5.35248960294512,57-59 and 61-63,0.8844366261294976,6.051863349857944,7.818891131593682,60.0,5.35248960294512
1,14,Pz,stored,60.0,5.937977148979797,57-59 and 61-63,0.8300252490283377,7.153971708608914,8.545472183375063,60.0,5.937977148979797
1,14,P2,stored,60.0,7.022096036163902,57-59 and 61-63,0.8698887471372609,8.072407028224124,9.070030518481646,60.0,7.022096036163902
1,14,P4,stored,60.0,8.01627288823849,57-59 and 61-63,0.8972615244903189,8.93415427881192,9.510534477841492,60.0,8.01627288823849
1,14,P6,stored,60.0,9.238065254441,57-59 and 61-63,0.9454416328708473,9.771164007649505,9.899463029191066,60.0,9.238065254441
1,14,P8,stored,60.0,11.024577512822596,57-59 and 61-63,1.1947495074925034,9.227522123830438,9.650850951297873,60.0,11.024577512822596
1,14,PO7,stored,60.0,5.310470568660705,57-59 and 61-63,1.2393943224740225,4.284730430312272,6.319235038996959,60.0,5.310470568660705
1,14,PO3,stored,60.0,5.858100634851929,57-59 and 61-63,1.0844760754612532,5.401779502014685,7.325368525258627,60.0,5.858100634851929
1,14,POz,stored,60.0,7.581514986696149,57-59 and 61-63,0.9679213801306478,7.8327797508438275,8.939159148308763,60.0,7.581514986696149
1,14,PO4,stored,60.0,8.999654846504955,57-59 and 61-63,0.9925861682525259,9.066875133217989,9.574576347739578,60.0,8.999654846504955
1,14,PO8,stored,60.0,11.672276239325818,57-59 and 61-63,1.496205206534674,7.801253590314462,8.921643954611906,60.0,11.672276239325818
1,14,O1,stored,60.0,0.5784542339659955,57-59 and 61-63,0.09488840498983503,6.096152991800871,7.85055857718214,60.0,0.5784542339659955
1,14,Oz,stored,60.0,0.8119923261388224,57-59 and 61-63,0.11862259591366747,6.8451741414408405,8.353845010755343,60.0,0.8119923261388224
1,14,O2,stored,60.0,1.046342007288905,57-59 and 61-63,0.14163044803027508,7.387832361197062,8.685170322158115,60.0,1.046342007288905
1,14,Iz,stored,60.0,1.233894973511454,57-59 and 61-63,0.2406979838672328,5.126320352529671,7.098057425014942,60.0,1.233894973511454
1,14,FC5,average,50.0,1.5355460384392179,47-49 and 51-53,1.2795245879696848,1.20009107513579,0.792142059876379,50.0,1.5355460384392179
1,14,FC3,average,50.0,1.498578591865166,47-49 and 51-53,0.9911222231263934,1.5120018065360834,1.795523100594891,50.0,1.498578591865166
1,14,FC1,average,50.0,0.9507927477563506,47-49 and 51-53,0.8830831856737549,1.0766740474522072,0.3208424478491918,50.666666666666664,0.9940400591614376
1,14,FCz,average,50.0,1.0077756516506358,47-49 and 51-53,0.9528248680281619,1.0576714414855612,0.24350777991670597,51.666666666666664,1.0684847265211643
1,14,FC2,average,50.0,0.8436141364441376,47-49 and 51-53,0.7761574002248324,1.0869111551339519,0.3619404600717525,50.666666666666664,0.9085588672275663
1,14,FC4,average,50.0,0.8710334483184498,47-49 and 51-53,0.7803427876558642,1.1162190028500407,0.4774941180424257,50.666666666666664,0.986499055381734
1,14,FC6,average,50.0,1.983585631953311,47-49 and 51-53,1.6015592622770811,1.238534020360301,0.9290794039446746,50.0,1.983585631953311
1,14,C5,average,50.0,1.5536508884850349,47-49 and 51-53,1.2232395835575756,1.2701116848806646,1.03841911503014,50.666666666666664,1.5574654935680363
1,14,C3,average,50.0,0.9049810024921241,47-49 and 51-53,0.7484876499024168,1.2090794051312803,0.8245482367130413,50.0,0.9049810024921241
1,14,C1,average,50.0,0.6655561104554044,47-49 and 51-53,0.5859979623867486,1.1357652298731864,0.5528856913230606,49.33333333333333,0.7919117816103558
1,14,Cz,average,50.0,0.8420396971371956,47-49 and 51-53,0.7294113087745291,1.1544099837880104,0.6236007404982801,49.33333333333333,0.8950594462794196
1,14,C2,average,50.0,0.6740848238544398,47-49 and 51-53,0.605278321453592,1.1136774603716306,0.46759430098764154,50.0,0.6740848238544398
1,14,C4,average,50.0,0.7022077773814561,47-49 and 51-53,0.653992652700123,1.073724260482543,0.3089276597607705,51.0,0.7638743480980594
1,14,C6,average,50.0,1.280984121543235,47-49 and 51-53,1.3237465033928837,0.9676959434906571,-0.14261079476241323,49.0,1.479658639515362
1,14,CP5,average,50.0,1.2276709115753397,47-49 and 51-53,1.105146664740741,1.1108669561639963,0.4566204844245645,49.33333333333333,1.3135352311049313
1,14,CP3,average,50.0,0.5503706732467525,47-49 and 51-53,0.48255099264399737,1.1405440702363019,0.5711207092846412,49.33333333333333,0.6079627542680025
1,14,CP1,average,50.0,0.5074967823548793,47-49 and 51-53,0.46098782004963046,1.1008897855484372,0.4174384220148485,49.33333333333333,0.6630660604384715
1,14,CPz,average,50.0,0.4715965919227037,47-49 and 51-53,0.4549837703422595,1.0365129981844128,0.15574752647313164,49.33333333333333,0.5816490202695458
1,14,CP2,average,50.0,0.3968465230928027,47-49 and 51-53,0.3955553364642519,1.0032642376667,0.014153316714710065,52.0,0.48455008569959673
1,14,CP4,average,50.0,0.46428633546105486,47-49 and 51-53,0.4168948167041415,1.1136773998093283,0.46759406481626026,50.0,0.46428633546105486
1,14,CP6,average,50.0,0.5136136878154961,47-49 and 51-53,0.4945855831959225,1.0384728250601594,0.16395136325297083,49.0,0.589913966774691
1,14,Fp1,average,50.0,2.350803227964992,47-49 and 51-53,2.3023017869970075,1.0210665001616697,0.09054027799708271,48.0,2.7844234651679276
1,14,Fpz,average,50.0,0.5681172053274075,47-49 and 51-53,0.7287219749691265,0.7796076210704044,-1.0812392407898606,48.33333333333333,0.8850779053528228
1,14,Fp2,average,50.0,1.0570202292967394,47-49 and 51-53,0.9131771562866358,1.1575193510041693,0.6352826013412184,48.0,1.2401525353567273
1,14,AF7,average,50.0,1.9244897445129772,47-49 and 51-53,1.752689665136625,1.0980208206813156,0.40610575288275397,51.0,2.1534144576451046
1,14,AF3,average,50.0,1.7114507529641834,47-49 and 51-53,1.5403473578125122,1.1110810456380824,0.45745738859551244,51.0,1.8432371349619394
1,14,AFz,average,50.0,0.2574705881923075,47-49 and 51-53,0.27685677448759066,0.929977562112528,-0.3152752969151646,51.666666666666664,0.3272764339423869
1,14,AF4,average,50.0,0.5190577220558039,47-49 and 51-53,0.48690517712401904,1.0660345102956161,0.27771264154304043,48.0,0.5651540752215453
1,14,AF8,average,50.0,1.3606310415853407,47-49 and 51-53,1.1458603909757121,1.1874317781651822,0.7460866737689271,49.33333333333333,1.4486145987613812
1,14,F7,average,50.0,1.4051621303007704,47-49 and 51-53,1.470152405069698,0.9557935119210675,-0.19635921865488648,51.0,1.6055110583900503
1,14,F5,average,50.0,1.5251282600925904,47-49 and 51-53,1.2505130961427562,1.2196019896128178,0.8621812418560538,50.0,1.5251282600925904
1,14,F3,average,50.0,0.2398615339994043,47-49 and 51-53,0.22698110745062242,1.0567466900371163,0.2397089619742082,49.33333333333333,0.250990058333383
1,14,F1,average,50.0,0.3945817841139332,47-49 and 51-53,0.32763541223703574,1.2043319170531648,0.8074619612345775,50.0,0.3945817841139332
1,14,Fz,average,50.0,0.327769339465413,47-49 and 51-53,0.3678448217773786,0.8910532922053216,-0.5009632085810702,51.666666666666664,0.412909965303292
1,14,F2,average,50.0,0.25740182441673587,47-49 and 51-53,0.2698812738920567,0.953759483585689,-0.20561130663845215,48.0,0.3190844181472544
1,14,F4,average,50.0,0.28745993820839943,47-49 and 51-53,0.26357123824221346,1.0906346994668403,0.376793110174467,48.0,0.2986666232845959
1,14,F6,average,50.0,0.7840039341240651,47-49 and 51-53,0.7365004891879907,1.0644988640651796,0.27145202335649465,51.666666666666664,0.921769967235553
1,14,F8,average,50.0,1.190606152900825,47-49 and 51-53,1.0320787991251295,1.1536000486688378,0.6205526569765553,48.33333333333333,1.2856934448863648
1,14,FT7,average,50.0,1.459797814051929,47-49 and 51-53,1.4594961265023931,1.000206706646258,0.0008976227893238034,50.666666666666664,1.5881701182860049
1,14,FT8,average,50.0,1.1351477385398316,47-49 and 51-53,1.3913209473598513,0.8158777029080674,-0.8837493552640745,49.0,1.618515518004926
1,14,T7,average,50.0,2.152209445609684,47-49 and 51-53,1.9996662443112942,1.076284330813879,0.3192701760478511,50.33333333333333,2.357203403911078
1,14,T8,average,50.0,7.531833006572411,47-49 and 51-53,6.73216793747036,1.1187826977178066,0.487457412677897,49.0,7.7446125296102055
1,14,T9,average,50.0,1.265170414373233,47-49 and 51-53,1.255961522927996,1.0073321445578751,0.03172692762901017,50.33333333333333,1.539243870278482
1,14,T10,average,50.0,3.4482701859845495,47-49 and 51-53,4.04022177981513,0.8534853713259112,-0.6880391825971073,49.0,4.474311052809547
1,14,TP7,average,50.0,0.7051897114908879,47-49 and 51-53,0.8937891493027914,0.7889888930079066,-1.0292911052863976,50.666666666666664,1.0215472494030544
1,14,TP8,average,50.0,2.4686930425890083,47-49 and 51-53,2.1637842249353394,1.1409146134535575,0.5725314284629128,49.33333333333333,2.6653319157919064
1,14,P7,average,50.0,1.0110657451126177,47-49 and 51-53,1.0044951692947066,1.006541172141748,0.028315442204610644,50.666666666666664,1.2251598017546328
1,14,P5,average,50.0,0.7127675515190858,47-49 and 51-53,0.6438686334066169,1.107007725703199,0.4415065178979794,50.666666666666664,0.8135790678033333
1,14,P3,average,50.0,0.6585029198767314,47-49 and 51-53,0.5972582485128077,1.1025430314548603,0.4239554866930336,50.33333333333333,0.714292188036511
1,14,P1,average,50.0,0.6956211671638973,47-49 and 51-53,0.5947108174426112,1.1696796943348418,0.6806695061135422,50.0,0.6956211671638973
1,14,Pz,average,50.0,0.6731194709596114,47-49 and 51-53,0.6011918265852805,1.1196417535861622,0.49079085769430253,51.666666666666664,0.682764968479681
1,14,P2,average,50.0,0.8063985203936404,47-49 and 51-53,0.6762324516100485,1.1924871669108428,0.7645371402678824,50.0,0.8063985203936404
1,14,P4,average,50.0,0.9504629667808324,47-49 and 51-53,0.7913559737957514,1.2010561596217209,0.7956331484969565,50.0,0.9504629667808324
1,14,P6,average,50.0,1.0967531993613393,47-49 and 51-53,0.8920569548981457,1.2294654431415375,0.8971632643475651,50.0,1.0967531993613393
1,14,P8,average,50.0,1.6052699338706486,47-49 and 51-53,1.391642130324766,1.1535077150158055,0.620205035624328,50.0,1.6052699338706486
1,14,PO7,average,50.0,1.2799371481936443,47-49 and 51-53,1.2451098266244482,1.0279712848011284,0.11980983310429558,50.666666666666664,1.4729645061982135
1,14,PO3,average,50.0,1.1405294373518577,47-49 and 51-53,1.0968974525172106,1.039777633482983,0.16940471147768627,50.666666666666664,1.324424916834362
1,14,POz,average,50.0,1.2974432276947183,47-49 and 51-53,1.0922673044720104,1.1878440583020908,0.7475942964837874,50.0,1.2974432276947183
1,14,PO4,average,50.0,1.390680254143689,47-49 and 51-53,1.1973115159649192,1.1615024457715442,0.650201286295537,50.0,1.390680254143689
1,14,PO8,average,50.0,2.342920108065062,47-49 and 51-53,2.0573789452251807,1.1387888038334275,0.5644318866699365,50.0,2.342920108065062
1,14,O1,average,50.0,0.4723846688846271,47-49 and 51-53,0.42836415031005254,1.1027642451935165,0.4248267657874171,48.0,0.5657660688457871
1,14,Oz,average,50.0,0.4540627372315994,47-49 and 51-53,0.4420290467852082,1.0272237549407892,0.11665054066302258,48.0,0.6055741789741153
1,14,O2,average,50.0,0.5569733415908458,47-49 and 51-53,0.5267615607490814,1.057353806908009,0.24220333264890673,48.0,0.8085824565514839
1,14,Iz,average,50.0,0.7358670785458178,47-49 and 51-53,0.7844895413458995,0.938020253633129,-0.27787784279630473,48.0,1.050015007930646
1,14,FC5,average,60.0,1.3092520698392303,57-59 and 61-63,0.8985311610709313,1.4571025764746695,1.6349012612059814,60.0,1.3092520698392303
1,14,FC3,average,60.0,0.9549774482857697,57-59 and 61-63,0.7983557364571835,1.1961803550427497,0.7779666568469132,58.33333333333333,1.0298418111060677
1,14,FC1,average,60.0,0.7939751709474369,57-59 and 61-63,0.7419694549869356,1.070091451354176,0.29420894621011834,60.33333333333333,0.9820442812618495
1,14,FCz,average,60.0,0.8703927875644348,57-59 and 61-63,0.8073196878748082,1.0781265471868529,0.32669739996712405,60.666666666666664,1.0450143792584838
1,14,FC2,average,60.0,0.7602932683131678,57-59 and 61-63,0.6896927665707424,1.102365147445959,0.42325474056318096,60.33333333333333,0.8523407756103457
1,14,FC4,average,60.0,0.8220694813172381,57-59 and 61-63,0.650669139123512,1.2634216560887028,1.0154831678758538,58.33333333333333,0.8818299495586723
1,14,FC6,average,60.0,1.577868979424862,57-59 and 61-63,1.2093072807804153,1.3047709250593438,1.1553427051307787,60.0,1.577868979424862
1,14,C5,average,60.0,1.4054995513698376,57-59 and 61-63,0.9292672167041481,1.5124815834510474,1.7969009522250308,60.0,1.4054995513698376
1,14,C3,average,60.0,0.7238997089588887,57-59 and 61-63,0.5435795659552989,1.331727228720769,1.244152794944378,60.666666666666664,0.7288425857238885
1,14,C1,average,60.0,0.6971052648329849,57-59 and 61-63,0.5255681539986015,1.3263841416746873,1.2266932078736001,60.0,0.6971052648329849
1,14,Cz,average,60.0,0.8215736910568524,57-59 and 61-63,0.6002450116208945,1.3687305602728534,1.3631796405547543,60.0,0.8215736910568524
1,14,C2,average,60.0,1.0632309470351797,57-59 and 61-63,0.48019069758095156,2.2141848069764785,3.4521386645260925,60.0,1.0632309470351797
1,14,C4,average,60.0,1.1300009598102843,57-59 and 61-63,0.46667345391698833,2.4213954111289313,3.840657150300749,60.0,1.1300009598102843
1,14,C6,average,60.0,2.2981619855010695,57-59 and 61-63,0.8256172439586393,2.7835682967108664,4.446018814794162,60.0,2.2981619855010695
1,14,CP5,average,60.0,1.3040871350809982,57-59 and 61-63,0.8005684798068999,1.6289513863892677,2.11908123634525,60.0,1.3040871350809982
1,14,CP3,average,60.0,0.7764049336327222,57-59 and 61-63,0.37210784149050646,2.086505166144236,3.194194643533384,60.0,0.7764049336327222
1,14,CP1,average,60.0,0.9668633593129458,57-59 and 61-63,0.3629900130318332,2.663608707130338,4.254704258978153,60.0,0.9668633593129458
1,14,CPz,average,60.0,1.0023382982271305,57-59 and 61-63,0.3478080245260833,2.8818722615526133,4.596747268831431,60.0,1.0023382982271305
1,14,CP2,average,60.0,1.123214224882524,57-59 and 61-63,0.2970745872852196,3.780916554145146,5.775970924711809,60.0,1.123214224882524
1,14,CP4,average,60.0,1.271709885681638,57-59 and 61-63,0.28228922769490705,4.504989071195017,6.536937417467233,60.0,1.271709885681638
1,14,CP6,average,60.0,1.6972558468265755,57-59 and 61-63,0.3382512799958364,5.017736656746628,7.005078647261196,60.0,1.6972558468265755
1,14,Fp1,average,60.0,5.192620340740605,57-59 and 61-63,2.049412718832569,2.5337113862055753,4.037571430979555,60.0,5.192620340740605
1,14,Fpz,average,60.0,3.115569427085031,57-59 and 61-63,0.5494601089324227,5.670237705041861,7.536012655638249,60.0,3.115569427085031
1,14,Fp2,average,60.0,2.8802210931306678,57-59 and 61-63,0.7172536141829123,4.015624370762892,6.037530812946821,60.0,2.8802210931306678
1,14,AF7,average,60.0,4.3337781627851335,57-59 and 61-63,1.3310515866707733,3.2559054856955476,5.126717894491515,60.0,4.3337781627851335
1,14,AF3,average,60.0,3.6012746357345526,57-59 and 61-63,1.0612323693851875,3.393483594757771,5.306457540068148,60.0,3.6012746357345526
1,14,AFz,average,60.0,1.8747222406247968,57-59 and 61-63,0.16145127612031712,11.611690447263554,10.648954495815065,60.0,1.8747222406247968
1,14,AF4,average,60.0,1.7076581081449391,57-59 and 61-63,0.2865564678565892,5.959237705985258,7.751907091936649,60.0,1.7076581081449391
1,14,AF8,average,60.0,2.592324073874596,57-59 and 61-63,0.9915186886215773,2.6144984493216965,4.173883885824921,60.0,2.592324073874596
1,14,F7,average,60.0,3.9356844749368927,57-59 and 61-63,0.7362689096186156,5.3454443390466695,7.279838116917336,60.0,3.9356844749368927
1,14,F5,average,60.0,2.7832777476417814,57-59 and 61-63,0.8441203842851623,3.2972521449044043,5.181521594432804,60.0,2.7832777476417814
1,14,F3,average,60.0,4.204967639723499,57-59 and 61-63,0.14465539592932528,29.06886129417483,14.634280196155476,60.0,4.204967639723499
1,14,F1,average,60.0,1.6321802917290065,57-59 and 61-63,0.21972135749908367,7.428409829189287,8.70895855978558,60.0,1.6321802917290065
1,14,Fz,average,60.0,1.9947980035794521,57-59 and 61-63,0.2151524209410973,9.271557321335333,9.67152687678265,60.0,1.9947980035794521
1,14,F2,average,60.0,3.514210894331641,57-59 and 61-63,0.14750848935956817,23.823787428026364,13.770108053557578,60.0,3.514210894331641
1,14,F4,average,60.0,7.586488463582495,57-59 and 61-63,0.16337095884243086,46.437191269101646,16.6686594377068,60.0,7.586488463582495
1,14,F6,average,60.0,1.605089738426867,57-59 and 61-63,0.45473488851709754,3.529726394341782,5.477410424890064,60.0,1.605089738426867
1,14,F8,average,60.0,1.5434214117691822,57-59 and 61-63,0.7331951421154721,2.1050622448424603,3.23264942068095,60.0,1.5434214117691822
1,14,FT7,average,60.0,3.524476656595193,57-59 and 61-63,0.693352622812101,5.0832383705431345,7.061404757432737,60.0,3.524476656595193
1,14,FT8,average,60.0,1.1657450405295087,57-59 and 61-63,0.8336480605461113,1.3983659240637414,1.4562083235883814,60.0,1.1657450405295087
1,14,T7,average,60.0,4.001493676699595,57-59 and 61-63,1.2350412503687451,3.239967633068833,5.105406716727188,60.0,4.001493676699595
1,14,T8,average,60.0,4.592184141793315,57-59 and 61-63,4.1084776317734955,1.117733757701151,0.4833836765479515,59.0,5.144450119130169
1,14,T9,average,60.0,6.381541048708965,57-59 and 61-63,1.0323951490436893,6.181297010762019,7.910796119037457,60.0,6.381541048708965
1,14,T10,average,60.0,2.6079206501919696,57-59 and 61-63,2.317465145784208,1.1253332784469878,0.5128116205193111,58.33333333333333,2.714099260965224
1,14,TP7,average,60.0,1.9877713490200104,57-59 and 61-63,0.5928524517394724,3.352893866235594,5.2541980632540675,60.0,1.9877713490200104
1,14,TP8,average,60.0,7.5955594323760875,57-59 and 61-63,1.5853607382561015,4.7910606394423585,6.804316676664403,60.0,7.5955594323760875
1,14,P7,average,60.0,2.50780987780716,57-59 and 61-63,0.6742164647599198,3.7195915687110372,5.704952546148844,60.0,2.50780987780716
1,14,P5,average,60.0,2.6283523827860336,57-59 and 61-63,0.4677356027991609,5.61931220770169,7.4968316206736905,60.0,2.6283523827860336
1,14,P3,average,60.0,2.668250034167157,57-59 and 61-63,0.4684531740510236,5.695873530097019,7.555603377582312,60.0,2.668250034167157
1,14,P1,average,60.0,3.3160137782338563,57-59 and 61-63,0.46186067870403924,7.179684114998587,8.561053369817293,60.0,3.3160137782338563
1,14,Pz,average,60.0,3.7876563551581697,57-59 and 61-63,0.4531025921841282,8.359379135087739,9.221740228674385,60.0,3.7876563551581697
1,14,P2,average,60.0,4.7021882210535,57-59 and 61-63,0.48035904771271243,9.788903203642228,9.907340340615375,60.0,4.7021882210535
1,14,P4,average,60.0,5.409619210739885,57-59 and 61-63,0.5284853538324147,10.23608160852704,10.101337396996815,60.0,5.409619210739885
1,14,P6,average,60.0,6.368075888974369,57-59 and 61-63,0.6347055594378891,10.033118182569716,10.014359279381747,60.0,6.368075888974369
1,14,P8,average,60.0,7.690301099149483,57-59 and 61-63,0.9828927984038074,7.824150417663385,8.934371910808295,60.0,7.690301099149483
1,14,PO7,average,60.0,3.08597443523438,57-59 and 61-63,0.9300619021561751,3.3180312279001254,5.208804691027136,60.0,3.08597443523438
1,14,PO3,average,60.0,3.3501406542483605,57-59 and 61-63,0.846811003436183,3.9561846039484445,5.972765484978439,60.0,3.3501406542483605
1,14,POz,average,60.0,4.574340865255544,57-59 and 61-63,0.8182445395422551,5.590432498106906,7.474454079356859,60.0,4.574340865255544
1,14,PO4,average,60.0,5.821269108545129,57-59 and 61-63,0.8100883290208984,7.185968369129478,8.564853012150323,60.0,5.821269108545129
1,14,PO8,average,60.0,7.680168766037642,57-59 and 61-63,1.3652764833188002,5.62535783768003,7.501501538032956,60.0,7.680168766037642
1,14,O1,average,60.0,1.5629038282677075,57-59 and 61-63,0.22401608314633167,6.976748304481283,8.436530555079345,60.0,1.5629038282677075
1,14,Oz,average,60.0,1.6878085660658435,57-59 and 61-63,0.22290248140870872,7.571959519692908,8.792082835245921,60.0,1.6878085660658435
1,14,O2,average,60.0,1.9103235691486362,57-59 and 61-63,0.2563750629009031,7.451284643417271,8.722311540168636,60.0,1.9103235691486362
1,14,Iz,average,60.0,1.8905250723074836,57-59 and 61-63,0.3486249854155356,5.422804306622244,7.342239322821116,60.0,1.8905250723074836
