subject,subject_role,semantic_condition,channel,frequency_band,trial_count,mean_change_percent,standard_deviation_change_percent,median_change_percent,q25_change_percent,q75_change_percent,iqr_change_percentage_points,minimum_change_percent,maximum_change_percent,trimmed_mean_change_percent,median_change_db,iqr_change_db,negative_trial_count,negative_trial_fraction,positive_trial_count,zero_trial_count,qc_candidate_trial_count,exclude_qc_candidates_median_change_percent,qc_sensitivity_preserves_primary_direction,subject_is_group_observational_unit
1,development,both_fists_imagery,C4,central_12_13,21,-33.26977095701296,50.714465440089235,-52.28373306890746,-65.15741030227593,0.12018262211479869,65.27759292439073,-89.10892100292504,84.35583691330302,-47.347725768707086,-3.2133354058100188,4.584112063527213,15,0.7142857142857143,6,0,4,-52.28373306890746,True,True
1,development,both_fists_imagery,C3,central_12_13,21,-43.924219332836785,36.94310658263827,-55.57490648782269,-69.55254471964943,-30.860907402334377,38.691637317315056,-83.40008605444633,62.43771657686413,-51.08139421104051,-3.523716493576669,3.561726741569811,19,0.9047619047619048,2,0,4,-50.43414675216825,True,True
1,development,both_fists_imagery,C3,mu,21,-32.28302882060279,34.64110353891671,-47.3283116991264,-54.47644452298941,-14.674078241709955,39.802366281279454,-73.75546936930505,58.02020698644673,-39.31821858906916,-2.7842276085265736,2.7284481462570143,18,0.8571428571428571,3,0,4,-37.68540562157281,True,True
1,development,both_fists_imagery,C4,mu,21,-27.10170585066818,49.146843134268074,-47.19283683168655,-53.27556291065785,-30.439433252231957,22.83612965842589,-84.57818167075621,97.5375997726105,-42.3705132135561,-2.773071624384014,1.728190338402396,17,0.8095238095238095,4,0,4,-47.19283683168655,True,True
1,development,both_fists_imagery,Cz,mu,21,9.52897289410666,50.92339333543084,-4.800793756949533,-24.778693152797484,32.43039194932485,57.20908510212233,-45.21246994863995,183.91894120350142,-0.20135447993730848,-0.21366672683805893,2.456467901096529,12,0.5714285714285714,9,0,4,-2.229223537253242,True,True
1,development,both_fists_imagery,Cz,beta,21,-7.884803154155234,45.3645870279278,-24.805140440841587,-33.80762222425217,8.185504625476815,41.99312684972899,-64.01690955166016,141.18676080764604,-17.383312212442217,-1.2381184745885983,2.133610929804969,14,0.6666666666666666,7,0,4,-24.867880053744948,True,True
1,development,both_feet_imagery,C3,central_12_13,24,74.01288862606786,138.1744622398498,30.292460642118655,-16.307597055519807,98.54416923683317,114.85176629235298,-54.42083551182318,500.99961593156905,39.47560940840769,1.1461196766649846,3.7521604838926557,8,0.3333333333333333,16,0,2,37.05653077198803,True,True
1,development,both_feet_imagery,C4,central_12_13,24,48.32727011090253,92.77422743633281,22.313400255138223,-25.842586937236074,94.97330707471492,120.815894011951,-52.62493656505364,289.0238457941884,33.51770887472111,0.8724949772042343,4.163741848467663,8,0.3333333333333333,16,0,2,34.74168573865482,True,True
1,development,both_feet_imagery,C3,mu,24,45.836487099236116,97.74526408851419,22.397374610925645,-21.19410335516435,87.73201509190424,108.9261184470686,-57.31684615354879,305.3016753410939,23.919792932945338,0.874412452698268,3.769863120869445,9,0.375,15,0,2,29.373415712323506,True,True
1,development,both_feet_imagery,Cz,mu,24,14.342579718285668,50.61291183126432,2.245470772282591,-16.06448428615898,37.21122034717933,53.27570463333831,-70.92715203937553,166.0407362795964,9.538809888022971,0.0886780135017104,2.135068407648774,12,0.5,12,0,2,2.2454707722825904,True,True
1,development,both_feet_imagery,C4,mu,24,16.386351263399586,52.87341457024956,3.792494111579183,-25.73794717523262,34.89423816498639,60.63218534021901,-41.56949035959617,139.7532685952033,7.449154069792462,0.16035021932537402,2.6011780421714006,10,0.4166666666666667,14,0,2,15.617446682818416,True,True
1,development,both_feet_imagery,Cz,beta,24,21.34658190568122,50.56455137167006,15.178388352704314,-18.477054925305904,52.512711951207535,70.98976687651344,-44.55337107316173,125.6893395554582,16.196761758508366,0.6131572129112802,2.727382931739471,9,0.375,15,0,2,15.178388352704314,True,True
2,replication_1,both_fists_imagery,C4,central_12_13,24,36.962285330092364,170.79818667354007,-8.403438759166253,-33.29464338380603,52.86253639790917,86.1571797817152,-83.69015187465075,784.6710920752064,3.504868493126108,-0.3941855831335254,3.596352145263478,13,0.5416666666666666,11,0,8,-26.676630656839407,True,True
2,replication_1,both_fists_imagery,C3,central_12_13,24,1.6103280315184232,117.62623621205586,-38.81028760493102,-52.663921481595615,-7.911253415710114,44.7526680658855,-77.21274604941358,431.8468118205749,-32.6265906262323,-2.1332881549106686,2.899952818089367,19,0.7916666666666666,5,0,8,-40.415909747608346,True,True
2,replication_1,both_fists_imagery,C3,mu,24,5.666287319920232,110.59149391385147,-27.615074116812828,-51.61687791907262,3.332426790002401,54.94930470907502,-68.3138194544931,454.0447514412613,-25.654827843256616,-1.4037769928242883,3.2447484849173565,18,0.75,6,0,8,-26.029297264512053,True,True
2,replication_1,both_fists_imagery,C4,mu,24,11.201802588276239,107.04179078079508,-5.0171628162263335,-47.46339321973791,30.98820447319484,78.45159769293275,-87.2311862662508,451.89727743520484,-7.477175247339213,-0.22366882778570077,3.9677793820212948,14,0.5833333333333334,10,0,8,-9.533844791745118,True,True
2,replication_1,both_fists_imagery,Cz,mu,24,-23.323743582701425,36.631428880778245,-34.704561276773504,-47.26611261394562,9.02897882045293,56.29509143439856,-86.2016666011019,53.17709264052259,-26.580217954461084,-1.852640366611013,3.1529600112169285,17,0.7083333333333334,7,0,8,-30.51080143087033,True,True
2,replication_1,both_fists_imagery,Cz,beta,24,-8.501375361660003,44.38164444001189,-23.29927699160435,-45.87088401863886,26.676284817193,72.54716883583185,-65.10309715098897,91.2857072675518,-12.876708436079937,-1.1578925585800783,3.6923001718733173,14,0.5833333333333334,10,0,8,-32.28856799285741,True,True
2,replication_1,both_feet_imagery,C3,central_12_13,21,33.34140996694563,94.73650461932387,8.975040238312973,-15.453467255681053,45.848620701370024,61.30208795705108,-74.42791929879971,329.20781732169195,12.610948082114401,0.3732703805011669,2.3680652445970787,8,0.38095238095238093,13,0,5,21.00700602311486,True,True
2,replication_1,both_feet_imagery,C4,central_12_13,21,10.2645474018838,67.98827805543351,-8.492299214315292,-27.349791718353863,40.77815756267569,68.12794928102954,-85.72202145530767,240.8357748151691,-0.3985936418940072,-0.38542356556483937,2.8729841334631594,12,0.5714285714285714,9,0,5,6.132743502187813,False,True
2,replication_1,both_feet_imagery,C3,mu,21,19.73964790912299,80.38851635404976,-7.7871980647197185,-31.924082599468314,47.54168125828225,79.46576385775057,-63.011101956197926,281.7051972123169,3.0031035372954444,-0.35208781507141973,3.3592122533319317,12,0.5714285714285714,9,0,5,5.8073823797869775,False,True
2,replication_1,both_feet_imagery,Cz,mu,21,5.666954488622551,63.64665865638031,-9.921840803038753,-39.06801419432096,18.886560543334287,57.95457473765525,-70.87484580981244,200.09873955563282,-7.598567689051775,-0.45380497479080883,2.9028743060388913,12,0.5714285714285714,9,0,5,7.166684680081772,False,True
2,replication_1,both_feet_imagery,C4,mu,21,2.222845124252013,56.61326494986674,-18.799987952012263,-38.256078752342354,31.314637364090267,69.57071611643262,-73.07672092030289,154.55452960406856,-6.969299620070785,-0.9044390632071874,3.2771893137311583,13,0.6190476190476191,8,0,5,-12.128435983112857,True,True
2,replication_1,both_feet_imagery,Cz,beta,21,-33.795084589304196,29.60267468805179,-45.741289936889075,-53.715528423158915,-21.413605595463533,32.30192282769538,-68.9648099592967,40.57087969223367,-38.5869236509106,-2.6553053529119515,2.2991205369804026,19,0.9047619047619048,2,0,5,-46.16039536137427,True,True
3,replication_1,both_fists_imagery,C4,central_12_13,21,13.076515880586637,58.857592862291725,3.1841849371742894,-30.082067173934174,30.978967063826904,61.06103423776108,-47.85956466383993,165.24101924601246,0.4185841455165104,0.13613137980635961,2.726129815528352,10,0.47619047619047616,11,0,0,3.1841849371742894,True,True
3,replication_1,both_fists_imagery,C3,central_12_13,21,30.247581829782014,85.97861894325486,4.473211007139475,-17.444583564975225,23.211122010181587,40.655705575156816,-61.093284656717,304.43547044090656,6.187099550674654,0.1900494304725313,1.739043399934979,7,0.3333333333333333,14,0,0,4.473211007139475,True,True
3,replication_1,both_fists_imagery,C3,mu,21,18.745044360768507,59.889664499448145,6.353422637214322,-27.027777888997207,47.77039061922949,74.7981685082267,-42.314203020284,187.9782172740976,7.345242893018315,0.26751470811737876,3.0642984998935896,10,0.47619047619047616,11,0,0,6.353422637214322,True,True
3,replication_1,both_fists_imagery,C4,mu,21,-1.5782268080702468,55.60874149534477,-7.228273684099124,-37.111499239344774,8.873892088438074,45.98539132778285,-66.62918781106092,172.37020974621365,-13.325346547458187,-0.32584361883780133,2.383525071873527,13,0.6190476190476191,8,0,0,-7.228273684099124,True,True
3,replication_1,both_fists_imagery,Cz,mu,21,31.034942476769395,65.50895447920317,9.140387582288536,-21.830922958183855,60.264432196724236,82.09535515490809,-62.1369028307404,179.86687665091776,18.804930497471165,0.37985491728145326,3.1180216502807037,8,0.38095238095238093,13,0,0,9.140387582288536,True,True
3,replication_1,both_fists_imagery,Cz,beta,21,-1.2515329493624197,29.831243563535352,-5.436665241730018,-22.878863753380397,10.00429602103643,32.883159774416825,-35.46570514296145,80.99028873502206,-5.455551612642504,-0.24277220879291947,1.5423622656334766,11,0.5238095238095238,10,0,0,-5.436665241730018,True,True
3,replication_1,both_feet_imagery,C3,central_12_13,24,21.75390751772234,47.62690000218047,21.024471551522755,-3.1540168999505775,46.74314090117742,49.897157801127996,-80.37458298518779,140.63108826761962,20.9609860723959,0.8287169723776711,1.8102914388559312,7,0.2916666666666667,17,0,0,21.024471551522755,True,True
3,replication_1,both_feet_imagery,C4,central_12_13,24,42.98425070598561,83.72173432522985,11.871542584740801,-15.894586178784136,91.12507411620943,107.01966029499357,-55.18385287278251,233.85759260992046,27.935297030608865,0.4871539147061992,3.57383100796125,10,0.4166666666666667,14,0,0,11.871542584740801,True,True
3,replication_1,both_feet_imagery,C3,mu,24,-3.3347499617746688,27.39833681584328,-3.113411003889234,-22.297335630230293,12.527497396240973,34.82483302647127,-52.15527202670375,53.69817347912704,-3.887463500740729,-0.1374063368143869,1.6117633304139185,13,0.5416666666666666,11,0,0,-3.113411003889234,True,True
3,replication_1,both_feet_imagery,Cz,mu,24,7.618139924930271,35.09664845853001,4.439769053526021,-7.919395446967321,17.592219624839423,25.511615071806744,-49.77918137846,116.60996443680703,4.866529708114986,0.18865640023110952,1.0639464558652973,9,0.375,15,0,0,4.439769053526021,True,True
3,replication_1,both_feet_imagery,C4,mu,24,13.476770917254731,46.704860539475405,-2.424227989316578,-22.00780277104859,45.910606080832586,67.91840885188117,-57.5811435780861,120.61544214189658,9.050169576188944,-0.10660367097001197,2.7199965286932377,13,0.5416666666666666,11,0,0,-2.424227989316578,True,True
3,replication_1,both_feet_imagery,Cz,beta,24,23.141832419176396,35.764617652553696,20.97009632771715,-3.6577570974367126,31.39472266541403,35.052479762850744,-37.41127687442363,93.65183398865372,19.020606963288962,0.8264903109265314,1.3489189791650034,7,0.2916666666666667,17,0,0,20.97009632771715,True,True
4,replication_1,both_fists_imagery,C4,central_12_13,22,-40.659229101142195,44.85559455981667,-55.75703523231205,-71.15098219875848,-23.97789950135667,47.17308269740181,-82.91774259564674,121.50157801408022,-48.49364996183999,-3.5483129525538066,4.243634736627731,20,0.9090909090909091,2,0,3,-58.222776780217444,True,True
4,replication_1,both_fists_imagery,C3,central_12_13,22,-53.85529486171367,36.184257333007956,-68.50813012585445,-77.81980829083768,-43.87736623762894,33.942442053208744,-88.2623396057745,55.484493257076515,-63.40769672865515,-5.018802311137488,4.060633893270371,20,0.9090909090909091,2,0,3,-69.10752409452473,True,True
4,replication_1,both_fists_imagery,C3,mu,22,-47.86470520543889,30.665201775532434,-55.23402659239241,-66.86903694238175,-43.00978534836557,23.859251594016186,-83.85820241574271,22.423982932937978,-56.33048966716268,-3.491694401373169,2.3528644547204305,19,0.8636363636363636,3,0,3,-62.88370948330694,True,True
4,replication_1,both_fists_imagery,C4,mu,22,-27.401808195668742,68.12951046397689,-39.14549292318933,-61.95612657637602,-23.50800844900641,38.44811812736961,-94.00967135374356,247.2828169050203,-41.139927192066054,-2.1577524464808735,3.042166263292645,20,0.9090909090909091,2,0,3,-38.0687409081194,True,True
4,replication_1,both_fists_imagery,Cz,mu,22,-38.63496357242511,33.00858004015591,-41.51207683083241,-64.32589404520279,-23.385523412408233,40.940370632794554,-71.81241529861246,71.6623974816005,-43.53151089192839,-2.3329965638516477,3.326061615491612,20,0.9090909090909091,2,0,3,-51.57013445809889,True,True
4,replication_1,both_fists_imagery,Cz,beta,22,-33.193801062751916,38.62323800422486,-45.10734376191657,-58.62665718280618,-13.738712496497076,44.8879446863091,-79.35154127113192,84.7700145352632,-40.28865145439645,-2.6061657354064,3.1809576376755673,18,0.8181818181818182,4,0,3,-46.454472464330195,True,True
4,replication_1,both_feet_imagery,C3,central_12_13,23,-11.66366471977777,53.24898795363842,-15.734603280134188,-49.270346180730016,9.482939685699161,58.75328586642918,-91.17922999399288,159.1028262876162,-16.814584156716855,-0.7435073022455124,3.357912638344341,16,0.6956521739130435,7,0,2,-15.734603280134188,True,True
4,replication_1,both_feet_imagery,C4,central_12_13,23,-34.76918990848807,37.33369424663743,-47.9075506312141,-61.34433038105946,-22.332032909441043,39.01229747161841,-78.76322210424323,55.59778767913911,-42.88437174346834,-2.8322522171226434,3.028997610940043,18,0.782608695652174,5,0,2,-51.387164027005454,True,True
4,replication_1,both_feet_imagery,C3,mu,23,-21.19875340248317,39.62682758175442,-24.37266773841626,-52.70307987258363,3.847456245722828,56.550536118306454,-84.04313369987352,76.88981826684326,-26.414937308802905,-1.2132121898122223,3.4173467645239004,16,0.6956521739130435,7,0,2,-24.37266773841626,True,True
4,replication_1,both_feet_imagery,Cz,mu,23,-50.49580542178607,17.707990075571615,-49.400557081096515,-65.67108764689142,-39.1504367207132,26.52065092617822,-81.72829987888056,-18.11415736676692,-51.04919664006782,-2.9585426455502306,2.4858330148372456,23,1.0,0,0,2,-49.90684851640845,True,True
4,replication_1,both_feet_imagery,C4,mu,23,-35.740284784518856,34.368350371580554,-45.211728242027654,-60.272165120635805,-17.06173264007497,43.21043248056084,-82.02097588461265,47.19832039386661,-41.88558529071852,-2.613123987405743,3.1935384870853647,18,0.782608695652174,5,0,2,-45.95262617069322,True,True
4,replication_1,both_feet_imagery,Cz,beta,23,-57.468892288911995,18.2546923555696,-62.56821059485555,-70.72420655167505,-42.4588165014279,28.265390050247156,-89.43582260148783,-25.673780766721112,-58.30825566369326,-4.267594111916233,2.9350442061553257,23,1.0,0,0,2,-64.23970000771106,True,True
5,replication_1,both_fists_imagery,C4,central_12_13,23,-8.515998090558048,47.98471248953818,-8.003711934364155,-40.866666702950624,16.14170399635322,57.00837069930384,-84.11995735613121,108.19509398515679,-10.430247465479018,-0.3622969553633225,2.928644623545927,14,0.6086956521739131,9,0,4,-8.003711934364155,True,True
5,replication_1,both_fists_imagery,C3,central_12_13,23,-7.123781989304076,69.56006651858378,-24.142022644042143,-51.22758200377187,5.769169347590648,56.99675135136252,-82.00595246723678,202.40949744140045,-22.875432620813296,-1.1999874131761004,3.3574221372194013,16,0.6956521739130435,7,0,4,-24.142022644042143,True,True
5,replication_1,both_fists_imagery,C3,mu,23,-13.762967131384437,34.576839591766735,-10.97685054459649,-34.5506742598158,7.785741456450567,42.336415716266366,-81.360481667731,55.797588000701786,-12.745828243423833,-0.5049704533873957,2.174269166159878,15,0.6521739130434783,8,0,4,-2.7380745689916535,True,True
5,replication_1,both_fists_imagery,C4,mu,23,1.0586433011189305,63.66021723736353,-0.539116177300229,-48.28813722804867,29.552953028716058,77.84109025676473,-73.10022628838857,218.04795805566638,-6.185823778449799,-0.023476858878672152,3.9915413991827218,12,0.5217391304347826,11,0,4,-22.37960242281561,True,True
5,replication_1,both_fists_imagery,Cz,mu,23,3.759324050410446,33.99261505876071,3.1510280954669927,-19.522730235179154,33.04890651646144,52.5716367516406,-67.12783025003445,49.78658221700665,6.716948066590866,0.13473560898245365,2.184081995516113,10,0.43478260869565216,13,0,4,17.05431281520543,True,True
5,replication_1,both_fists_imagery,Cz,beta,23,-17.216967267332517,46.73601731284636,-20.966331663455303,-53.324448055457296,-7.1231090458274675,46.20133900962983,-70.06410538607281,135.75842488673095,-24.94727547907645,-1.021878598759606,2.9879995685076226,18,0.782608695652174,5,0,4,-17.570340192091226,True,True
5,replication_1,both_feet_imagery,C3,central_12_13,22,16.390235834650028,94.25802350194674,-9.795589185826236,-35.90589420632732,27.296476392712997,63.202370599040314,-58.76323927338673,384.9465359359016,-7.454970118286858,-0.44774051698835576,2.9728527676351346,14,0.6363636363636364,8,0,3,-9.534020011158026,True,True
5,replication_1,both_feet_imagery,C4,central_12_13,22,16.749269422606684,83.55695002207594,-16.5251256234329,-42.159318602335695,66.85842408783324,109.01774269016894,-94.23636643316209,207.84001389190604,-0.08766464372521808,-0.7864829151779484,4.5940854107914415,13,0.5909090909090909,9,0,3,-19.083485055544365,True,True
5,replication_1,both_feet_imagery,C3,mu,22,16.687704817661686,58.25258114487578,4.684070035842782,-23.50177917551938,44.70111881932845,68.20289799484783,-60.52652348497368,188.93722194838634,4.818373638392795,0.19697201932597014,2.75769160469786,10,0.45454545454545453,12,0,3,7.725713698288344,True,True
5,replication_1,both_feet_imagery,Cz,mu,22,18.97081306088158,63.408790017175086,9.199379035915307,-24.075724817387307,72.31239006394006,96.38811488132737,-77.47269002378275,158.5522099160614,13.518623256700627,0.37926417766190235,3.54139135520475,10,0.45454545454545453,12,0,3,5.184376544809634,True,True
5,replication_1,both_feet_imagery,C4,mu,22,13.641800135712119,77.08594964686927,-10.522242258199544,-28.297590334717725,15.824402905060172,44.12199323977789,-88.24932633993653,268.0409922202877,-4.636768287319453,-0.48668405061756104,2.087787253198588,12,0.5454545454545454,10,0,3,-14.280853981461245,True,True
5,replication_1,both_feet_imagery,Cz,beta,22,-12.441099894143541,51.52006081299589,-22.740672526480786,-44.153145410906085,17.914834492442015,62.0679799033481,-82.19429596933792,146.75219343806745,-19.72681464466956,-1.1208506281396724,3.2450438901589282,15,0.6818181818181818,7,0,3,-23.735215927728404,True,True
6,replication_1,both_fists_imagery,C4,central_12_13,22,-14.44045449561408,38.333642962662886,-24.844789165306274,-46.49929986472461,13.868621304977014,60.367921169701624,-68.20957378387587,75.93802156963709,-17.486672106253316,-1.2443615061403155,3.281423808436734,13,0.5909090909090909,9,0,1,-28.049724232993213,True,True
6,replication_1,both_fists_imagery,C3,central_12_13,22,-11.718915473857663,49.04265373738791,-17.98929266810515,-48.58466187594086,5.418793032368403,54.003454908309266,-67.2197130876615,116.70301398744206,-20.518268978315195,-0.8658622656183911,3.1324590486583546,15,0.6818181818181818,7,0,1,-21.748710427029636,True,True
6,replication_1,both_fists_imagery,C3,mu,22,1.080721861199028,56.662699114271554,-17.693862338774636,-34.966757211200196,39.718997601847015,74.68575481304721,-67.51827016662031,153.30365461731768,-7.50824746039512,-0.8504836238222412,3.3173000468175586,13,0.5909090909090909,9,0,1,-21.56376244708179,True,True
6,replication_1,both_fists_imagery,C4,mu,22,-9.600764102208393,48.98221657755173,-27.234990483077222,-49.05934895409838,12.302411244534358,61.36176019863274,-61.61974379228952,110.65798318824534,-20.384287777906668,-1.3807808310270715,3.431328355525942,15,0.6818181818181818,7,0,1,-27.10683371613529,True,True
6,replication_1,both_fists_imagery,Cz,mu,22,8.984158246446022,45.88303783035639,-1.2371544722105008,-20.086479930262822,35.143042497230006,55.229522427492824,-58.75158509197066,165.27464308682357,1.2501864461432324,-0.05407401681510908,2.2776130120356166,12,0.5454545454545454,10,0,1,-1.4486603941340646,True,True
6,replication_1,both_fists_imagery,Cz,beta,22,17.970417234022264,63.954935716901076,3.6102805072104367,-22.25875852736495,45.93289516326896,68.19165369063391,-70.4255666733256,175.60757678852397,9.34103219113168,0.15400497809955732,2.7294314977180596,10,0.45454545454545453,12,0,1,3.269313008000642,True,True
6,replication_1,both_feet_imagery,C3,central_12_13,23,3.1728766576906065,61.52616243993066,-17.322532746029434,-30.61360938857432,15.93091735070183,46.54452673927615,-64.95806880164571,233.76582675099723,-10.96086994585469,-0.8261283604175652,2.2223920575733302,16,0.6956521739130435,7,0,0,-17.322532746029434,True,True
6,replication_1,both_feet_imagery,C4,central_12_13,23,-0.6697618474137378,52.94005464764799,-13.061674980052487,-32.23253405506312,21.056268842638403,53.28880289770152,-73.65074170059034,163.3358888811186,-7.122897831073849,-0.6078873131336139,2.5198831754770117,13,0.5652173913043478,10,0,0,-13.061674980052487,True,True
6,replication_1,both_feet_imagery,C3,mu,23,2.7926641000185426,58.09788553726951,-6.875692942938419,-30.863550231717316,15.998833989154456,46.862384220871775,-57.009531512864996,195.39730292390624,-9.234343451528618,-0.30936945840043606,2.251218798982592,14,0.6086956521739131,9,0,0,-6.875692942938419,True,True
6,replication_1,both_feet_imagery,Cz,mu,23,-0.7701288035395233,41.552767954992326,-5.489778721630854,-31.015525613783666,20.60483131018899,51.62035692397266,-86.35202560960221,86.4589811140789,-4.3816923835137125,-0.24521220011967065,2.4420542207143026,13,0.5652173913043478,10,0,0,-5.489778721630854,True,True
6,replication_1,both_feet_imagery,C4,mu,23,-8.489229090870118,38.79567652315178,-13.679839705483499,-38.73439230819555,14.013392061485037,52.74778436968059,-75.86683112281722,73.8978466641689,-12.470067868928064,-0.6388776184971294,2.6978982061200356,13,0.5652173913043478,10,0,0,-13.679839705483499,True,True
6,replication_1,both_feet_imagery,Cz,beta,23,11.95579507880105,68.73515432058046,3.8399637302233476,-33.93221198658369,27.029576430684088,60.961788417267776,-60.1367760023404,260.0192021548119,-0.7772906074913891,0.16364527763626352,2.8382090408480614,11,0.4782608695652174,12,0,0,3.8399637302233476,True,True
7,replication_1,both_fists_imagery,C4,central_12_13,22,-28.843708986874216,60.94213150580345,-52.900603937999115,-67.98537039734029,-15.714034094075638,52.271336303264654,-88.36179230607624,170.80676135258392,-43.56294060015999,-3.2781880686132574,4.1978349016124765,17,0.7727272727272727,5,0,7,-49.9842376005536,True,True
7,replication_1,both_fists_imagery,C3,central_12_13,22,-40.083788593080385,32.48440543140889,-45.234170231151246,-66.3594496796406,-18.239632835002727,48.11981684463788,-84.85868706965057,25.15816896924433,-43.03865743730675,-2.617763190744186,3.8955848281823284,20,0.9090909090909091,2,0,7,-36.65222731732667,True,True
7,replication_1,both_fists_imagery,C3,mu,22,-16.110861428119623,46.83797474766196,-9.33651457133965,-60.65683670448737,7.377911838766371,68.03474854325374,-77.92747865215541,67.4423842567404,-20.794220949321208,-0.4266972597149913,4.362293246963136,13,0.5909090909090909,9,0,7,-7.370460703168864,True,True
7,replication_1,both_fists_imagery,C4,mu,22,-0.8271686780440913,78.68877930369635,-28.86349953703212,-53.01179020369912,24.615579623661212,77.62736982736033,-87.38350404736052,198.68001926160727,-18.63050461715792,-1.4831723925207538,4.219046662675786,14,0.6363636363636364,8,0,7,-7.582981811800337,True,True
7,replication_1,both_fists_imagery,Cz,mu,22,-1.8988157917690194,70.3764198369841,-19.85952007953276,-46.17543431170575,3.1507806626818486,49.3262149743876,-82.8656860262735,177.76410408867238,-18.986890488183178,-0.963276285180164,2.83796623949538,16,0.7272727272727273,6,0,7,-1.0864547592554419,True,True
7,replication_1,both_fists_imagery,Cz,beta,22,-25.484663759211106,39.50098103335692,-33.61014873495773,-48.013426149123475,-20.779988855044994,27.23343729407848,-61.780133277084936,106.23597063106796,-34.93868580179029,-1.7795972284831805,1.829450321626585,19,0.8636363636363636,3,0,7,-32.49368773963075,True,True
7,replication_1,both_feet_imagery,C3,central_12_13,23,8.154453948952716,60.90552381400948,-12.112236775514354,-31.242535909420276,52.43048507783986,83.67302098726014,-70.16147159311413,142.3705557028213,-0.05088869670960984,-0.5607158833953144,3.45679420995069,14,0.6086956521739131,9,0,6,-12.112236775514354,True,True
7,replication_1,both_feet_imagery,C4,central_12_13,23,18.246549114114345,73.33287833076129,-0.6772022255034673,-28.62626917184053,62.78453073326033,91.41079990510086,-83.66354252924954,174.43190556976202,8.330995522594769,-0.02951055519888636,3.635535177203578,12,0.5217391304347826,11,0,6,-0.6772022255034673,True,True
7,replication_1,both_feet_imagery,C3,mu,23,16.72992463036196,67.98386371939264,-13.6247228311052,-30.1704163622003,87.54764962435814,117.71806598655844,-68.74948439788092,143.55783232032863,8.494486330996105,-0.6361054601162724,4.299284102104638,14,0.6086956521739131,9,0,6,-13.6247228311052,True,True
7,replication_1,both_feet_imagery,Cz,mu,23,7.000802334703103,87.1909906048449,-25.344546694671685,-37.29519673837332,15.270447564017825,52.56564430239115,-75.82605397877226,314.5305036370768,-17.519392520862503,-1.2693846317122839,2.6273980169395985,16,0.6956521739130435,7,0,6,-15.098963927732077,True,True
7,replication_1,both_feet_imagery,C4,mu,23,20.582135334281006,86.8214928596577,-1.0791618757780712,-36.57248823705885,48.22625128143486,84.7987395184937,-79.77709413082606,326.2657829553246,3.578922695437784,-0.04712212658670629,3.6877256502701954,12,0.5217391304347826,11,0,6,0.7447250224999761,False,True
7,replication_1,both_feet_imagery,Cz,beta,23,-17.756865234303167,24.7416624154669,-19.47296263693445,-30.451320839018628,-7.174982215446018,23.27633862357261,-69.84228289082054,50.40972930366142,-17.962929006993765,-0.9405827856236813,1.2536673752230572,20,0.8695652173913043,3,0,6,-19.47296263693445,True,True
8,replication_1,both_fists_imagery,C4,central_12_13,23,-45.61516874951517,45.51477317309649,-62.96383277412421,-71.4514001578998,-47.09240464486807,24.35899551303173,-78.75692091077573,113.90090254052866,-59.716095669206524,-4.313739636418206,2.652138224649217,20,0.8695652173913043,3,0,6,-63.329420117526865,True,True
8,replication_1,both_fists_imagery,C3,central_12_13,23,-36.30467797801003,54.5107968953499,-53.44561467124964,-62.66124163166332,-38.8595882285383,23.801653403125023,-83.07076244750841,154.68325366898267,-51.97382515911694,-3.3203940309566455,2.1443575364245175,19,0.8260869565217391,4,0,6,-53.44561467124964,True,True
8,replication_1,both_fists_imagery,C3,mu,23,-35.78285073069595,44.77639447387994,-51.52960647038034,-63.71406213870111,-26.757158762870237,36.956903375830876,-77.39887804720469,90.3126792348612,-47.169591078845116,-3.1452345423951664,3.060025596149393,20,0.8695652173913043,3,0,6,-48.11313597471963,True,True
8,replication_1,both_fists_imagery,C4,mu,23,-45.38728676386124,28.19081991263212,-54.38456512093823,-66.67789963305272,-37.44045508693435,29.23744454611837,-74.37599844065052,20.487077123558425,-51.6838344429968,-3.408881803929403,2.7352987736887338,20,0.8695652173913043,3,0,6,-56.371878040051314,True,True
8,replication_1,both_fists_imagery,Cz,mu,23,-2.3887412877797662,49.78928889358368,-11.607792307907854,-23.5420281605789,16.342167899016665,39.88419605959557,-84.67805360788205,143.2848627462636,-5.845855098173782,-0.5358601898566238,1.8224626373039092,13,0.5652173913043478,10,0,6,-8.93081663297405,True,True
8,replication_1,both_fists_imagery,Cz,beta,23,-17.427936705439002,24.156251054170284,-21.749948132497902,-35.72223656659132,-7.240624614582728,28.481611952008592,-58.66458448996061,40.801623390774274,-20.483329758881546,-1.0651536591234474,1.5919478478601825,19,0.8260869565217391,4,0,6,-21.749948132497902,True,True
8,replication_1,both_feet_imagery,C3,central_12_13,22,124.92767571342902,169.8336276441968,88.60214406008222,0.9162397348405635,213.0333180671006,212.11707833226004,-56.29053692097865,640.9503484850205,96.75336101397345,2.754344995971575,4.919055246582383,6,0.2727272727272727,16,0,8,117.13742797183431,True,True
8,replication_1,both_feet_imagery,C4,central_12_13,22,99.80358414372273,204.40254577093594,55.764690255087544,-43.72562263771436,139.8805628667924,183.60618550450675,-73.48869388110974,676.6227035965942,43.961649546664304,1.912560040537151,6.2952515374211355,9,0.4090909090909091,13,0,8,70.07207896660131,True,True
8,replication_1,both_feet_imagery,C3,mu,22,86.84733717271212,115.60884189100541,55.25572990107728,8.157061094330022,158.86530424435608,150.70824315002605,-66.30660617186668,332.83559524433423,74.39174083033285,1.89340535375983,3.792034520458704,5,0.22727272727272727,17,0,8,101.62151421297946,True,True
8,replication_1,both_feet_imagery,Cz,mu,22,32.55962804904365,106.73771481853458,-3.288465254643797,-55.65444175367527,105.10510344805141,160.75954520172667,-83.76685039231168,295.936215928972,11.964788172416386,-0.14892582441283664,6.650023653687247,11,0.5,11,0,8,-3.2884652546437967,True,True
8,replication_1,both_feet_imagery,C4,mu,22,94.60259700402939,201.68154550132164,40.25544418832523,-26.5042314508016,103.38768551183698,129.8919169626386,-81.83415549478826,702.9029955987007,43.256037879371696,1.4672203011627678,4.420424032253722,8,0.36363636363636365,14,0,8,55.11814804535223,True,True
8,replication_1,both_feet_imagery,Cz,beta,22,-1.6874745832620812,25.922200895460833,-3.963168423933487,-19.208578786534027,15.667025701312616,34.875604487846644,-40.0530148240856,59.547030847681754,-3.6859536479341406,-0.17562323067398666,1.5587776065441838,14,0.6363636363636364,8,0,8,-9.421634025385606,True,True
9,replication_1,both_fists_imagery,C4,central_12_13,23,-4.42653346776519,43.83001634474616,-14.863709254836419,-35.67616947744847,8.291213977684611,43.96738345513308,-64.06973975200299,84.18388724560486,-11.818995304487213,-0.6988527527703259,2.262331090870382,16,0.6956521739130435,7,0,0,-14.863709254836419,True,True
9,replication_1,both_fists_imagery,C3,central_12_13,23,20.60497639041227,41.368957434036105,23.470841450022824,-8.520737940278556,50.98959742837746,59.510335368656015,-54.33247902238727,100.45945019853451,19.35923085145787,0.9156440785872064,2.1762420575728583,10,0.43478260869565216,13,0,0,23.470841450022824,True,True
9,replication_1,both_fists_imagery,C3,mu,23,4.102338388286973,40.592661269905626,7.454547853145227,-27.15672533189983,39.669873386096796,66.82659871799663,-55.27824562273847,99.87974052615168,2.446013876895452,0.3122480108133047,2.827635688461146,11,0.4782608695652174,12,0,0,7.454547853145227,True,True
9,replication_1,both_fists_imagery,C4,mu,23,-6.9824424043044795,29.760462730442857,-11.100443707392216,-29.25171009918597,8.843587133994184,38.095297233180155,-50.318561099959325,69.84917350173423,-10.638191501113855,-0.5110040663555583,1.8768015054543148,16,0.6956521739130435,7,0,0,-11.100443707392216,True,True
9,replication_1,both_fists_imagery,Cz,mu,23,19.969597699804744,96.97822420803928,-9.70378005192573,-25.418579639880928,22.904467995679497,48.32304763556043,-48.91530857523941,401.65754419128774,-3.9948130716134265,-0.44330430085766814,2.1712681595010785,13,0.5652173913043478,10,0,0,-9.70378005192573,True,True
9,replication_1,both_fists_imagery,Cz,beta,23,6.954810061232703,28.058326403906122,6.319905079519547,-13.023048796401614,24.09629880094549,37.1193475973471,-33.8460376277638,61.02855077207182,5.487226314119877,0.26614580204622107,1.5649246050510623,10,0.43478260869565216,13,0,0,6.319905079519547,True,True
9,replication_1,both_feet_imagery,C3,central_12_13,22,24.907273905839496,61.17320394609754,9.467490784240507,-20.089620570803937,45.1775497719141,65.26717034271803,-54.15221000631728,180.32668935415774,13.35713462427593,0.38287308584400553,2.593481965167467,10,0.45454545454545453,12,0,0,9.467490784240507,True,True
9,replication_1,both_feet_imagery,C4,central_12_13,22,3.7592713021418094,44.34040360834052,-10.256796811314114,-24.889839844537278,19.334342474943835,44.224182319481116,-43.691888292729196,139.67587200430418,-5.437418211064481,-0.46998826270414185,2.0078692882440627,13,0.5909090909090909,9,0,0,-10.256796811314114,True,True
9,replication_1,both_feet_imagery,C3,mu,22,4.722551281828742,44.027861434399966,-0.5045366036254326,-27.056921637427617,37.37661516369375,64.43353680112136,-56.77232576054374,91.93479442535556,1.132403835381788,-0.024941295205927,2.7419463632939785,11,0.5,11,0,0,-0.5045366036254326,True,True
9,replication_1,both_feet_imagery,Cz,mu,22,20.351174564785534,63.835939472989786,-0.06943271115254691,-25.590230702560053,50.166651684520005,75.75688238708005,-75.9121638633485,167.64056105391452,9.876491841989676,-0.0030235521365374433,3.047462540663619,11,0.5,11,0,0,-0.06943271115254693,True,True
9,replication_1,both_feet_imagery,C4,mu,22,1.0079593260077149,35.042254084008725,-7.998428007023591,-24.26369539840246,29.763167854857816,54.026863253260274,-52.302703690536255,79.54502079112186,-2.748364274543411,-0.36246377798950835,2.3458779714000535,14,0.6363636363636364,8,0,0,-7.998428007023591,True,True
9,replication_1,both_feet_imagery,Cz,beta,22,6.99039348140936,30.457957505038433,-2.269780729779786,-17.35375630924766,26.847556031044107,44.201312340291764,-37.21259064022906,75.47769147093177,2.444406673316745,-0.11640831989418032,1.8590478590922803,11,0.5,11,0,0,-2.2697807297797867,True,True
10,replication_1,both_fists_imagery,C4,central_12_13,23,-57.82986724480004,33.86258918553236,-74.5467552591621,-80.81635130360702,-37.42569548849197,43.39065581511505,-89.89708271051174,44.589517685318725,-66.15275765078273,-5.942568465996122,5.129143642838442,22,0.9565217391304348,1,0,3,-74.81169890148699,True,True
10,replication_1,both_fists_imagery,C3,central_12_13,23,-43.09371767371003,28.49827135759466,-48.66966475795602,-67.9740172821873,-20.772239688329464,47.20177759385784,-82.25646808085634,9.31496696518727,-44.8474066816489,-2.8962589932204734,3.9272607735846514,21,0.9130434782608695,2,0,3,-47.07308431604055,True,True
10,replication_1,both_fists_imagery,C3,mu,23,-26.599697823414164,41.432759977452875,-28.339147173015363,-62.882853953484464,-11.98847623840783,50.89437771507663,-80.89493073634843,73.28037801350203,-32.87263985506047,-1.447180276540064,3.742292974060362,18,0.782608695652174,5,0,3,-27.91232871969713,True,True
10,replication_1,both_fists_imagery,C4,mu,23,-38.035430182250664,43.16591160409997,-51.24016150160416,-68.64229294311113,-26.193320731985168,42.44897221112596,-84.84770059542352,77.05481314564635,-48.158000255490066,-3.1193774151492852,3.7163574226871243,19,0.8260869565217391,4,0,3,-51.454125092553525,True,True
10,replication_1,both_fists_imagery,Cz,mu,23,3.6367288636329818,64.70598944828741,-14.41529650330014,-35.01550473071232,15.633154093509354,50.64865882422168,-66.99539993927273,175.4440272731504,-10.266452145785987,-0.6760384958227121,2.505379366157714,14,0.6086956521739131,9,0,3,-12.62515823323268,True,True
10,replication_1,both_fists_imagery,Cz,beta,23,-16.83074948172814,23.694502948560473,-15.540276902960773,-36.131483157436506,0.04717983208020127,36.17866298951671,-56.92134283091765,37.68790179676557,-17.979048762836605,-0.7335034675227874,1.9488720015986718,17,0.7391304347826086,6,0,3,-15.337554941735608,True,True
10,replication_1,both_feet_imagery,C3,central_12_13,22,47.578224461418245,128.50198025995556,17.022201376433536,-31.58234281669807,71.33308839375715,102.91543121045522,-71.21982344840637,453.7420065792994,15.327681104477767,0.6788391450499693,3.9865076735002294,10,0.45454545454545453,12,0,9,-6.0567818074620305,False,True
10,replication_1,both_feet_imagery,C4,central_12_13,22,68.26507205649708,128.81789451203466,35.38786427915891,1.3957367521731898,129.7141085056864,128.31837175351322,-76.20615250270815,530.8716460132858,43.58461648876102,1.3139407988758958,3.5433702800300533,5,0.22727272727272727,17,0,9,39.34577494388787,True,True
10,replication_1,both_feet_imagery,C3,mu,22,13.357133579462586,65.03479625925894,-2.0576887527057703,-28.781659600000857,34.732740309816016,63.51439990981687,-67.5143740334019,168.73588522623854,0.7571301739991984,-0.09327720329240848,2.7657290558880927,11,0.5,11,0,9,-23.2060414763502,True,True
10,replication_1,both_feet_imagery,Cz,mu,22,2.0791371118312383,62.471298479172255,-16.341331616144803,-42.58632789403942,39.83338685833385,82.41971475237327,-83.24942905291398,146.0407520015023,-8.11205566070089,-0.7802873949617217,3.862766475374829,12,0.5454545454545454,10,0,9,-20.509401471137956,True,True
10,replication_1,both_feet_imagery,C4,mu,22,39.41046563622591,102.39001276057944,10.344294638628234,-10.457805622276101,47.70922197666645,58.16702759894255,-77.48292791245895,317.2093714495835,15.211822872443042,0.427214607251689,2.1706443588210105,9,0.4090909090909091,13,0,9,9.081924418977797,True,True
10,replication_1,both_feet_imagery,Cz,beta,22,-7.687222842442841,42.075653541064106,-17.32139438621794,-31.183240771619985,4.602907267914339,35.786148039534325,-52.67657571320689,148.2525051576433,-13.502106566840878,-0.8275619413286028,1.8197979685652912,14,0.6363636363636364,8,0,9,-19.489228613911457,True,True
11,replication_1,both_fists_imagery,C4,central_12_13,22,8.517791583325266,77.57885138552533,-0.5954685754145883,-38.56654148915644,33.890661594315176,72.45720308347163,-69.64612362230274,280.1739742958847,-4.230776274843939,-0.028311254426541657,3.3824300334871507,11,0.5,11,0,0,-0.5954685754145883,True,True
11,replication_1,both_fists_imagery,C3,central_12_13,22,10.058283946481923,63.77406325427329,-19.01790684234941,-34.86616365267808,51.98022427218539,86.84638792486348,-86.55736430088929,143.91309272681363,-1.7195887732227995,-0.9163286202362284,3.6797883623868533,14,0.6363636363636364,8,0,0,-19.01790684234941,True,True
11,replication_1,both_fists_imagery,C3,mu,22,11.411861880616959,55.17889117135751,2.2412313953809404,-29.77309929045157,50.48456761397596,80.25766690442754,-75.30867581722428,142.6733480439052,7.778453337621835,0.09572791298683371,3.326527294569498,10,0.45454545454545453,12,0,0,2.2412313953809404,True,True
11,replication_1,both_fists_imagery,C4,mu,22,-1.564641277011068,51.34165944500608,-16.1506812804974,-33.80484900336785,22.388618686696674,56.19346769006452,-61.68304830880501,166.7499441514805,-10.2785359236811,-0.7650076703420929,2.666303483186896,14,0.6363636363636364,8,0,0,-16.1506812804974,True,True
11,replication_1,both_fists_imagery,Cz,mu,22,-6.5284675421515495,40.48421379093859,-5.9812903358209315,-35.02038851537495,18.402239320244668,53.422627835619615,-77.4270216870564,68.20262550580675,-7.038380067458638,-0.2679001257033791,2.606193469540861,12,0.5454545454545454,10,0,0,-5.9812903358209315,True,True
11,replication_1,both_fists_imagery,Cz,beta,22,-5.1991991569534335,37.48895591633877,-12.169902789827118,-28.002941821856016,11.090746310844402,39.09368813270042,-73.5584170279587,91.28630669554182,-10.24788114750302,-0.5678525359608201,1.8839281913348669,14,0.6363636363636364,8,0,0,-12.169902789827118,True,True
11,replication_1,both_feet_imagery,C3,central_12_13,23,-4.182259252072863,53.23371272040437,-17.396511811069466,-46.78635315969784,21.441232089588127,68.22758524928597,-73.57223128975231,111.44601551260745,-12.157848362368615,-0.8300161285857409,3.583433048392812,12,0.5217391304347826,11,0,0,-17.396511811069466,True,True
11,replication_1,both_feet_imagery,C4,central_12_13,23,-14.474371413365043,46.29961521403099,-23.61790970988106,-48.35717763532314,17.039604845626773,65.39678248094991,-82.57725327411686,107.62710057695979,-19.090528838186877,-1.1700846079586984,3.547872434805601,15,0.6521739130434783,8,0,0,-23.61790970988106,True,True
11,replication_1,both_feet_imagery,C3,mu,23,-7.754287573713577,32.15996055279608,-13.469336688043429,-27.345491734108382,15.293010499400442,42.638502233508824,-69.4579826335327,55.38125067727794,-8.07985379999486,-0.628299671318599,2.0056537890059416,13,0.5652173913043478,10,0,0,-13.469336688043429,True,True
11,replication_1,both_feet_imagery,Cz,mu,23,-10.072548648542798,44.49069206781058,-19.526576506248773,-38.76659736116817,32.37623356456262,71.14283092573078,-80.67906485746899,89.80398710002325,-12.265220526806585,-0.9434752255997474,3.3432092649351977,15,0.6521739130434783,8,0,0,-19.526576506248773,True,True
11,replication_1,both_feet_imagery,C4,mu,23,-14.034658929538931,42.760487605365675,-17.75900531150936,-46.814904157039734,19.12115768816142,65.93606184520115,-72.24123683291373,84.15948113895963,-18.34368912237449,-0.8491164561156352,3.5023333386589335,15,0.6521739130434783,8,0,0,-17.75900531150936,True,True
11,replication_1,both_feet_imagery,Cz,beta,23,-9.383819809832602,26.83357093326812,-5.4275849494811625,-33.17369640884704,3.0908708557788325,36.264567264625875,-57.53013922544993,53.764397537421786,-11.082992028244686,-0.24235520451691533,1.8824417129879272,15,0.6521739130434783,8,0,0,-5.4275849494811625,True,True
12,replication_1,both_fists_imagery,C4,central_12_13,22,15.214665899449068,81.93492605319611,-9.523194567646417,-44.09338962175287,46.52888145987615,90.62227108162902,-72.04299888724795,220.47731891234724,-4.288036243213977,-0.4367522678333667,4.171349098366578,13,0.5909090909090909,9,0,1,-12.352747632417381,True,True
12,replication_1,both_fists_imagery,C3,central_12_13,22,3.926897808722337,86.05076294295084,-34.73601535488258,-64.67934771430849,43.495662784752376,108.17501049906087,-79.251586814582,192.7293780630293,-14.852522591331555,-1.915932157323045,6.085989614289592,12,0.5454545454545454,10,0,1,-45.7436380054022,True,True
12,replication_1,both_fists_imagery,C3,mu,22,8.546296828724486,68.2874471958585,-22.588633640656816,-47.249754498637024,75.47435444241607,122.72410894105309,-71.9630897891032,132.88814702145422,2.2116315892873666,-1.1627065446503284,5.219446719348411,12,0.5454545454545454,10,0,1,-34.354649507773196,True,True
12,replication_1,both_fists_imagery,C4,mu,22,25.210963959105904,66.07452805932685,6.513929795284265,-25.14977778681672,58.9075996437076,84.05737743052433,-54.242851960611766,154.9959409896187,13.161325932600505,0.2721027401049854,3.267572871794512,10,0.45454545454545453,12,0,1,3.31350398971399,True,True
12,replication_1,both_fists_imagery,Cz,mu,22,35.88598971523343,75.64676190097889,24.559079322611883,-33.32012327370399,91.48576549394133,124.80588876764531,-60.81615815996536,166.27875740097173,28.417158648433315,0.9441314523089823,4.5941820638485105,9,0.4090909090909091,13,0,1,16.276607804659605,True,True
12,replication_1,both_fists_imagery,Cz,beta,22,-8.381987631824595,23.50747607619912,-11.238200367563323,-29.21188293783375,6.441551771218823,35.653434709052576,-42.17121550479756,43.03630965255126,-11.61679108822932,-0.5181569245635758,1.7701219931202266,15,0.6818181818181818,7,0,1,-12.469521435187648,True,True
12,replication_1,both_feet_imagery,C3,central_12_13,23,38.01996348256181,84.94672369959738,19.66165778972006,-27.71499984386688,64.10247209646488,91.81747194033176,-64.03145868599114,262.3878002778679,24.554482964229283,0.7795501525298019,3.5705480319090475,8,0.34782608695652173,15,0,1,19.723946453777508,True,True
12,replication_1,both_feet_imagery,C4,central_12_13,23,30.555393132631327,78.42700472579928,6.190302446713059,-22.689508376817386,79.76717502588153,102.45668340269891,-78.39825012614047,248.66629381289093,19.504263754364292,0.2608485774186214,3.659776840405501,10,0.43478260869565216,13,0,1,13.358240319387392,True,True
12,replication_1,both_feet_imagery,C3,mu,23,36.39710058362268,71.68746914655952,26.806413739069253,-23.22187424555071,72.66859645030851,95.89047069585922,-54.27031637620923,227.12501453173323,25.675188408764328,1.0314122027317687,3.5255651747735994,9,0.391304347826087,14,0,1,28.401111646386163,True,True
12,replication_1,both_feet_imagery,Cz,mu,23,43.963865295983275,58.60086988322705,35.50683036433716,9.500117873944994,81.43525778623041,71.93513991228542,-55.76153708080806,195.39990162962943,42.274986088873725,1.3196118683240066,2.1892579825760206,4,0.17391304347826086,19,0,1,37.69809142850667,True,True
12,replication_1,both_feet_imagery,C4,mu,23,37.75044670862743,80.92318579661082,16.982872081584176,-6.273790555706112,56.83224971153516,63.106040267241276,-67.47230269837536,318.36821701810027,21.105717612072286,0.6812227965229646,2.2380833472379686,8,0.34782608695652173,15,0,1,17.893141573484133,True,True
12,replication_1,both_feet_imagery,Cz,beta,23,-13.011010318566404,27.34782938619297,-8.735845747715166,-35.12593341676203,10.19427784381163,45.32021126057366,-54.371144435967196,30.52502006818325,-12.95304802141885,-0.3969976646647935,2.300915186572986,15,0.6521739130434783,8,0,1,-8.67214266684779,True,True
13,replication_1,both_fists_imagery,C4,central_12_13,22,-41.26885231676955,32.13401123143757,-43.45184297612866,-67.43185333351848,-24.22701073472924,43.204842598789234,-87.06474299146215,32.97913862259156,-44.36571608254291,-2.4758416144521984,3.658033333382921,20,0.9090909090909091,2,0,0,-43.45184297612866,True,True
13,replication_1,both_fists_imagery,C3,central_12_13,22,-23.185830783629182,48.12373302684907,-38.00702988194846,-50.1769037315925,-0.3620088448365868,49.814894886755916,-87.59375772419082,129.1010520150636,-31.46038786805817,-2.0780079588229214,2.9960325398934184,16,0.7272727272727273,6,0,0,-38.00702988194846,True,True
13,replication_1,both_fists_imagery,C3,mu,22,-27.345747830372,31.63004785972001,-33.08254891379332,-50.39089792530759,-16.219996555374653,34.170901369932935,-81.37424633441273,52.39327901700304,-32.0820207143191,-1.7452318697831135,2.2754504569094185,17,0.7727272727272727,5,0,0,-33.08254891379332,True,True
13,replication_1,both_fists_imagery,C4,mu,22,-31.64211972846419,39.882668485986486,-32.064476057421416,-60.525099614776494,-10.544409851564618,49.98068976321188,-88.89730620603515,74.65323163817773,-34.894646655032126,-1.6820444865610416,3.552968442599062,19,0.8636363636363636,3,0,0,-32.064476057421416,True,True
13,replication_1,both_fists_imagery,Cz,mu,22,-38.703222112641576,28.62079973538372,-40.25783115290748,-53.556307733446054,-21.210946721739695,32.34536101170636,-90.47883508420126,22.644308008206288,-39.59740209153859,-2.23742067621054,2.2898155377369993,20,0.9090909090909091,2,0,0,-40.25783115290748,True,True
13,replication_1,both_fists_imagery,Cz,beta,22,-24.58238077796452,27.20213633747313,-26.159472816500163,-50.5228358212115,-6.6899410079349275,43.832894813276575,-65.91704401049,41.240703477915154,-25.71775683009642,-1.3174912373813974,2.75529007969478,18,0.8181818181818182,4,0,0,-26.159472816500163,True,True
13,replication_1,both_feet_imagery,C3,central_12_13,23,-3.5513686902850923,80.04178297658981,-38.32271046669073,-65.84977754565801,42.44252143776097,108.29229898341899,-78.77279646337446,241.7379247670383,-19.369239669398876,-2.098747200185791,6.197366486690657,15,0.6521739130434783,8,0,0,-38.32271046669073,True,True
13,replication_1,both_feet_imagery,C4,central_12_13,23,-47.56646804640638,45.53590456137044,-54.90051067522783,-76.97213763136745,-39.614605413524814,37.35753221784263,-92.17106645536508,69.2482250337912,-58.56433071266596,-3.4582837574264143,4.178987639112245,20,0.8695652173913043,3,0,0,-54.90051067522783,True,True
13,replication_1,both_feet_imagery,C3,mu,23,-20.042688857690155,64.0078080422624,-37.17710807851639,-55.01267763529443,-2.1372124085677893,52.87546522672664,-80.52846751633902,227.21573061022795,-33.03851723632377,-2.018820756319655,3.364804113912049,17,0.7391304347826086,6,0,0,-37.17710807851639,True,True
13,replication_1,both_feet_imagery,Cz,mu,23,-39.87984494045499,32.4701218304158,-38.4667107221576,-65.70512164430112,-23.93037444815583,41.774747196145285,-88.59818422648884,50.797301544133006,-42.78990332890721,-2.1088986896796196,3.473766231222203,21,0.9130434782608695,2,0,0,-38.4667107221576,True,True
13,replication_1,both_feet_imagery,C4,mu,23,-40.69684590135215,44.83824258102383,-61.05970420519308,-73.78337525601643,-28.068725858077574,45.71464939793886,-87.07381840962991,76.48940114248911,-50.500171534305494,-4.096007538543921,4.382252074296614,20,0.8695652173913043,3,0,0,-61.05970420519308,True,True
13,replication_1,both_feet_imagery,Cz,beta,23,-7.759607743842843,29.10929072637714,-7.198279078008872,-30.74742922102983,2.9568834124400696,33.7043126334699,-48.26440479173426,66.625410284117,-12.379104582670161,-0.3244397011740205,1.7223424406264722,16,0.6956521739130435,7,0,0,-7.198279078008872,True,True
14,replication_1,both_fists_imagery,C4,central_12_13,24,-15.097830172966965,57.82776895215675,-28.1251866932315,-50.7254516473737,-5.798489302615031,44.92696234475867,-85.95542509269326,169.4145214345082,-27.15668122023426,-1.434252809434382,2.830063713487973,19,0.7916666666666666,5,0,7,-27.906481842322044,True,True
14,replication_1,both_fists_imagery,C3,central_12_13,24,8.663846043747665,122.75253163997564,-23.901545025655675,-63.464854703463104,-11.743730380275888,51.72112432318721,-74.54935461364087,410.15623232536797,-31.038152863405486,-1.186381725888924,3.8300948309768303,19,0.7916666666666666,5,0,7,-23.290263376233707,True,True
14,replication_1,both_fists_imagery,C3,mu,24,10.792715473486595,109.47710066976894,-33.07826750815403,-55.45790366132947,31.14234744379896,86.60025110512842,-83.89799644911602,346.0068216607219,-22.185341210060727,-1.7510443594404572,4.688852175403156,16,0.6666666666666666,8,0,7,-29.359377163046,True,True
14,replication_1,both_fists_imagery,C4,mu,24,-9.196313698225227,50.7908891013204,-14.76766199655195,-38.55354764204965,9.449772136198872,48.003319778248525,-82.49589386231118,152.1747011906386,-15.47472627372173,-0.6945239097831317,2.509771228559983,14,0.5833333333333334,10,0,7,0.009731591157607963,False,True
14,replication_1,both_fists_imagery,Cz,mu,24,-8.25015596963157,63.94102216248609,-29.926853591748035,-48.567683373320236,5.529374495106486,54.097057868426724,-80.61245338444496,160.696123899314,-22.01034919108543,-1.5455490833199235,3.0837319433895423,18,0.75,6,0,7,-28.37499998407695,True,True
14,replication_1,both_fists_imagery,Cz,beta,24,-13.775570322275984,33.67168619440103,-16.90759164687682,-41.4188620792541,11.725383872413788,53.144245951667884,-66.69352452137076,54.82849361093414,-15.546488464223865,-0.8047488089810315,2.8066963421017457,15,0.625,9,0,7,-15.83437799783705,True,True
14,replication_1,both_feet_imagery,C3,central_12_13,21,-19.316860827392816,157.07904426594374,-70.7617206632257,-84.01992427704644,-51.061275110799315,32.95864916624713,-92.49761172969102,631.6528615162363,-65.19132337946476,-5.340481890511174,4.860738165867655,17,0.8095238095238095,4,0,4,-70.7617206632257,True,True
14,replication_1,both_feet_imagery,C4,central_12_13,21,-12.092853097158265,66.25514041839564,-28.980636177651586,-57.98942411760712,18.006824357382694,75.99624847498981,-84.8816667015158,200.6180272404166,-24.248312187870948,-1.4862322234250047,4.485484884636863,12,0.5714285714285714,9,0,4,-19.728980655233368,True,True
14,replication_1,both_feet_imagery,C3,mu,21,-30.453234549490016,84.37404446930194,-58.438399435635645,-74.53724579125223,-19.181067993189934,55.3561777980623,-88.32635185250619,285.3547312632188,-53.803684554302144,-3.813077358288518,5.016077292670895,16,0.7619047619047619,5,0,4,-58.37638180977986,True,True
14,replication_1,both_feet_imagery,Cz,mu,21,-25.176179095925736,52.49277763532904,-44.41143405133511,-60.00855760912302,-13.02343826659813,46.98511934252488,-78.95859438014506,109.16556800021804,-39.35753709339485,-2.550145295702709,3.374351672656583,16,0.7619047619047619,5,0,4,-44.41143405133511,True,True
14,replication_1,both_feet_imagery,C4,mu,21,-27.66325598687664,42.92194688398952,-32.22757852331147,-60.14937215944338,-6.3143533321580945,53.83501882728529,-81.50021616165894,73.75220962833974,-35.77447803938733,-1.6894699694553648,3.712378908366909,17,0.8095238095238095,4,0,4,-27.49033450776147,True,True
14,replication_1,both_feet_imagery,Cz,beta,21,-12.87494231886147,57.289026637309895,-34.27787813794192,-42.858339913457584,-3.687947776253106,39.17039213720448,-69.24128392284267,152.7256371517714,-27.646799691529356,-1.8228842365895797,2.2672778352834118,17,0.8095238095238095,4,0,4,-27.822698927529277,True,True
15,replication_1,both_fists_imagery,C4,central_12_13,22,-46.298201320925955,22.29277220950831,-49.0122885071403,-62.35558245465649,-30.346457543271132,32.009124911385356,-81.94738470545057,7.605641885583206,-48.40514727919408,-2.9254872035415347,2.632245420789497,21,0.9545454545454546,1,0,8,-48.08539584169427,True,True
15,replication_1,both_fists_imagery,C3,central_12_13,22,-39.07204895423104,37.78830483169569,-48.685954073998346,-63.07538033225309,-25.460410723563776,37.614969608689314,-83.21613566044518,87.1699933762065,-46.40950744607058,-2.899945760388987,3.0498195382830446,20,0.9090909090909091,2,0,8,-39.33445678536221,True,True
15,replication_1,both_fists_imagery,C3,mu,22,-16.39410932149774,43.906928701926745,-23.822501901026587,-43.424974737826226,-1.35331770925933,42.0716570285669,-69.78827059167017,130.79958859357674,-22.040689027909856,-1.1823492207240989,2.414712810553511,17,0.7727272727272727,5,0,8,-22.862200740281157,True,True
15,replication_1,both_fists_imagery,C4,mu,22,-43.354424745468926,24.952857136843612,-49.3908289672198,-58.33328477140199,-25.7250850817191,32.60819968968289,-78.00090010165803,15.726986301089157,-46.17533873601893,-2.962149564629417,2.5003843919386552,20,0.9090909090909091,2,0,8,-44.52996674328184,True,True
15,replication_1,both_fists_imagery,Cz,mu,22,12.664368870539,54.00115572530828,6.687256797407741,-24.50522137690534,39.03960752038196,63.5448288972873,-68.45147174462265,161.4062164355465,6.270648587315951,0.280478659200998,2.6532940154952547,9,0.4090909090909091,13,0,8,-2.2179286220169683,False,True
15,replication_1,both_fists_imagery,Cz,beta,22,-10.637443105557038,33.50291357042812,-18.10345028351133,-35.31633714441682,7.119165091648457,42.435502236065275,-57.47881988576457,82.21981909770129,-14.755338724484679,-0.8674240136368425,2.206407863648594,15,0.6818181818181818,7,0,8,-10.968577022413353,True,True
15,replication_1,both_feet_imagery,C3,central_12_13,23,-9.886638028066933,60.93867879666871,-22.551849918686916,-44.658951119052034,2.9754014993930036,47.634352618445035,-72.54925048725497,198.52029283328864,-22.858900836692833,-1.1098895129499728,2.7043969755883315,16,0.6956521739130435,7,0,5,-21.35820336026297,True,True
15,replication_1,both_feet_imagery,C4,central_12_13,23,-31.19160426410601,34.37069932961776,-34.780800986465444,-50.15614335727088,-15.880076923479788,34.27606643379109,-89.10180495698063,57.31730942407435,-33.5866436329833,-1.856245392641641,2.306434295678783,19,0.8260869565217391,4,0,5,-31.557954699312152,True,True
15,replication_1,both_feet_imagery,C3,mu,23,-10.702282994701498,45.17805592122239,-16.838734383291083,-47.992125392665386,11.187871513810869,59.179996906476255,-69.5303489912706,105.77201954937874,-18.64789129968757,-0.8007890983876043,3.299322897507988,15,0.6521739130434783,8,0,5,-14.096020118448159,True,True
15,replication_1,both_feet_imagery,Cz,mu,23,-15.488230347823619,40.02030717961708,-23.7817000247199,-46.461588994289116,5.1729876069795875,51.634576601268705,-66.82612588956377,93.65365586811626,-21.316511037038797,-1.1794074225486169,2.931998170212606,16,0.6956521739130435,7,0,5,-31.86677915076565,True,True
15,replication_1,both_feet_imagery,C4,mu,23,-29.756656057894617,36.54438156700344,-26.387752084835725,-49.617995756208,-4.70811651849101,44.90987923771699,-86.1475127910631,43.47107406405537,-30.275799453757152,-1.3304991990936892,2.768813479826531,18,0.782608695652174,5,0,5,-22.989729103600702,True,True
15,replication_1,both_feet_imagery,Cz,beta,23,-25.464490225498455,21.280474837857835,-28.820498153397224,-39.48925960811442,-14.939718051515325,24.5495415565991,-57.35298897752643,20.404594794614994,-27.586881140467344,-1.476450557537605,1.4760530237603042,20,0.8695652173913043,3,0,5,-29.04879762500756,True,True
16,replication_1,both_fists_imagery,C4,central_12_13,24,-22.959231347118116,61.562636106621035,-42.029660356619125,-62.68116865152385,-2.983754764186455,59.69741388733739,-83.83766160478484,170.07761937046033,-35.940962942379855,-2.390078886205271,4.149551960903311,19,0.7916666666666666,5,0,0,-42.029660356619125,True,True
16,replication_1,both_fists_imagery,C3,central_12_13,24,-7.194734318887619,74.56782461882133,-39.12627260467563,-58.81467329722386,12.720855900979812,71.53552919820368,-79.74653914026787,183.87697749357486,-26.908957229373307,-2.159603495371354,4.385332769951416,16,0.6666666666666666,8,0,0,-39.12627260467563,True,True
16,replication_1,both_fists_imagery,C3,mu,24,-6.549766445366054,50.774300705090624,-17.067776950734622,-37.68793497417439,21.088906410745878,58.77684138492027,-69.50196782122892,108.09196120422743,-13.956939838782697,-0.8173924792765758,2.8808203258179557,17,0.7083333333333334,7,0,0,-17.067776950734622,True,True
16,replication_1,both_fists_imagery,C4,mu,24,-23.96607741467446,42.89769441142154,-37.154722524141896,-45.88176302181044,-12.337034825872564,33.54472819593788,-82.19031364751282,125.09859116654194,-30.837794241658877,-2.0175191134859527,2.095145878862957,20,0.8333333333333334,4,0,0,-37.154722524141896,True,True
16,replication_1,both_fists_imagery,Cz,mu,24,-20.20789992381629,36.220647122953814,-24.264677156208315,-42.902274764725085,-12.751255987335844,30.15101877738924,-66.46798782527333,71.52643204257036,-26.533996915250874,-1.2088716124188155,1.8390974089791778,20,0.8333333333333334,4,0,0,-24.264677156208315,True,True
16,replication_1,both_fists_imagery,Cz,beta,24,-31.07032763236553,23.36934160386842,-32.752634761283026,-52.4153023965475,-13.944809529847927,38.47049286669957,-63.31794491130622,20.459044631780575,-32.85962028987242,-1.7247710555612015,2.573260146206158,22,0.9166666666666666,2,0,0,-32.752634761283026,True,True
16,replication_1,both_feet_imagery,C3,central_12_13,21,-19.16643955376815,62.31801044496694,-45.827765807776764,-61.12013203784355,-15.650892538016585,45.46923949982696,-82.0980255568043,116.09960458272298,-39.60244749208308,-2.662232527025315,3.363557101005833,16,0.7619047619047619,5,0,0,-45.827765807776764,True,True
16,replication_1,both_feet_imagery,C4,central_12_13,21,-27.509883372041134,47.52214329181216,-36.73540567008172,-58.85072880751705,-15.391951802264108,43.45877700525294,-78.427632228937,87.76912016558492,-37.09103515558814,-1.988392724316796,3.1304952884133077,18,0.8571428571428571,3,0,0,-36.73540567008172,True,True
16,replication_1,both_feet_imagery,C3,mu,21,-30.99775228576494,29.751603883991468,-39.295469706157036,-52.91890747607974,-16.299555184206596,36.61935229187314,-63.70784174232815,43.27610310305912,-36.841383492952104,-2.167788969280311,2.498812338464823,18,0.8571428571428571,3,0,0,-39.295469706157036,True,True
16,replication_1,both_feet_imagery,Cz,mu,21,-15.005671847221995,49.63204793251532,-28.274814996309118,-51.9277772701757,22.367123864363016,74.29490113453872,-84.74924075409064,116.01692508068533,-24.331149225668643,-1.4432832288707431,4.057705492351318,15,0.7142857142857143,6,0,0,-28.274814996309118,True,True
16,replication_1,both_feet_imagery,C4,mu,21,-21.642260804365623,52.4120818933504,-39.95574693969641,-52.37480850666008,6.581437066319192,58.95624557297927,-81.22579394239257,147.6086942728444,-29.489893577432035,-2.2152855335076564,3.49844836737833,13,0.6190476190476191,8,0,0,-39.95574693969641,True,True
16,replication_1,both_feet_imagery,Cz,beta,21,-28.864925547411595,24.67876527467407,-32.127415061294954,-40.04827828865538,-20.28767048332489,19.76060780533049,-60.786506969892116,42.62541409802359,-32.26908114539181,-1.6830561031586033,1.2372384134487686,18,0.8571428571428571,3,0,0,-32.127415061294954,True,True
17,replication_1,both_fists_imagery,C4,central_12_13,24,-22.017779524971974,48.68681546382301,-30.732830057741275,-48.04565381384366,-5.336536079304289,42.70911773453937,-86.6539113561789,112.6623266500234,-30.205683844126987,-1.5948125683966001,2.621905117968685,20,0.8333333333333334,4,0,0,-30.732830057741275,True,True
17,replication_1,both_fists_imagery,C3,central_12_13,24,-12.438243206482,55.81695570553507,-24.0637546304473,-42.882447802458955,11.97789241655034,54.860340219009295,-74.05114961284058,204.4072446937454,-20.432967925716923,-1.1957238494365319,2.926470906410237,16,0.6666666666666666,8,0,0,-24.0637546304473,True,True
17,replication_1,both_fists_imagery,C3,mu,24,-11.144966670489742,55.08300057837257,-17.91493880720865,-41.797902788430264,1.2298208464545919,43.02772363488486,-70.96195235044162,207.2661121453707,-19.56302764159735,-0.8573588620908865,2.3803755566877793,18,0.75,6,0,0,-17.91493880720865,True,True
17,replication_1,both_fists_imagery,C4,mu,24,-3.408615401164236,70.71998720232014,-24.1311440375573,-39.22905877594444,5.212209082717331,44.44126785866177,-85.42102441025033,213.60591368497307,-19.993380377116303,-1.199712041676626,2.3717181198807618,18,0.75,6,0,0,-24.1311440375573,True,True
17,replication_1,both_fists_imagery,Cz,mu,24,34.84620056590774,107.04825107277871,-5.598633419776889,-29.06160760911869,82.98779095729074,112.04939856640942,-66.27514960824014,324.44175193678296,5.828378446920041,-0.2503450372157989,4.12076292583735,14,0.5833333333333334,10,0,0,-5.598633419776889,True,True
17,replication_1,both_fists_imagery,Cz,beta,24,-6.090635824186013,32.56307674247253,-4.665780924366339,-27.364676140186077,6.647464369550691,34.01214050973677,-54.745552379805446,74.5466974503672,-8.905037858574904,-0.20817252099276085,1.6771552243813002,16,0.6666666666666666,8,0,0,-4.665780924366339,True,True
17,replication_1,both_feet_imagery,C3,central_12_13,21,-6.841625129719282,35.757480005730706,-10.968115227919993,-36.03467358633339,21.884874558537103,57.91954814487049,-73.42152227841142,51.9905032030373,-6.347218677721333,-0.5045443267294457,2.8000519427323227,11,0.5238095238095238,10,0,0,-10.968115227919993,True,True
17,replication_1,both_feet_imagery,C4,central_12_13,21,-0.2590379027538698,62.02898459605844,-14.451347497413948,-40.622229470959255,37.8599780063503,78.48220747730956,-81.20975634444599,170.26271699661598,-7.764754532815309,-0.677868267459099,3.6581431786226783,12,0.5714285714285714,9,0,0,-14.451347497413948,True,True
17,replication_1,both_feet_imagery,C3,mu,21,-0.04496814221742286,43.16474395261944,-9.497304046945946,-24.24459642927186,15.56772455721909,39.812320986490946,-67.8010964594057,118.91479655206894,-7.4827910103607405,-0.43338483556168617,1.8342294627702422,13,0.6190476190476191,8,0,0,-9.497304046945946,True,True
17,replication_1,both_feet_imagery,Cz,mu,21,43.839837034753586,107.2245744394324,32.48318083016305,-35.08061172875023,76.74299133673422,111.82360306548445,-63.585735247253524,371.636876195553,21.24494796371582,1.2216074667815477,4.349677821983937,8,0.38095238095238093,13,0,0,32.48318083016305,True,True
17,replication_1,both_feet_imagery,C4,mu,21,-0.23998793503309718,55.71364327939397,-8.06572069984749,-48.81257019777389,30.277364744985594,79.08993494275948,-70.28218867700194,104.3772309636251,-9.1158974875366,-0.36522524141006285,4.057056415388579,13,0.6190476190476191,8,0,0,-8.06572069984749,True,True
17,replication_1,both_feet_imagery,Cz,beta,21,-19.610590396211677,28.870500079467675,-26.65540488941011,-43.24977601988263,-2.9633376980198376,40.286438321862796,-58.30425608290821,53.877861003194134,-22.94829137617701,-1.3463188454916166,2.3296827008135437,17,0.8095238095238095,4,0,0,-26.65540488941011,True,True
18,replication_1,both_fists_imagery,C4,central_12_13,22,51.26335939376159,98.34583954933689,35.585203013299015,-12.900507626986553,72.97753490704184,85.8780425340284,-63.41590498942674,302.6812972082024,30.622412588834468,1.321014242498336,2.985411348237332,8,0.36363636363636365,14,0,0,35.585203013299015,True,True
18,replication_1,both_fists_imagery,C3,central_12_13,22,61.86646261226837,126.22746376372186,27.7446596704523,-14.624183428265857,77.75820756045489,92.38239098872074,-56.92269560321477,489.02685094999947,31.82174090937873,1.0633018864313677,3.1846756712043387,8,0.36363636363636365,14,0,0,27.7446596704523,True,True
18,replication_1,both_fists_imagery,C3,mu,22,26.101806810907046,77.45454863562237,-6.648269567762088,-20.732146099280758,64.08860018128944,84.82074628057019,-64.1302819728841,221.37989626037822,10.478614257906159,-0.30669325944438564,3.1446191433593915,12,0.5454545454545454,10,0,0,-6.648269567762088,True,True
18,replication_1,both_fists_imagery,C4,mu,22,17.111973797691135,66.46165579193637,-11.940742447597659,-27.752076492575235,51.60154406511138,79.35362055768661,-64.48951663013652,215.32445395057115,4.959144978850502,-0.5522986715824636,3.218807735212558,12,0.5454545454545454,10,0,0,-11.940742447597659,True,True
18,replication_1,both_fists_imagery,Cz,mu,22,20.725174288382103,70.87608535298365,1.6647312647285952,-22.300792644583446,46.74179720842839,69.04258985301183,-48.94319433537443,281.79814488590904,6.858820878646433,0.06839262204663854,2.7521999238450867,11,0.5,11,0,0,1.6647312647285952,True,True
18,replication_1,both_fists_imagery,Cz,beta,22,63.48222806565071,74.71639780750077,48.82470545652174,14.751394558638362,105.16519288141642,90.41379832277805,-53.405429449894186,268.83486604233195,55.87242953988318,1.7266517378498039,2.525888535078961,4,0.18181818181818182,18,0,0,48.82470545652174,True,True
18,replication_1,both_feet_imagery,C3,central_12_13,23,38.26116610323078,106.67555421821503,2.799298445973569,-35.19020073753288,100.62035983420412,135.810560571737,-75.78416311139652,399.95977846746337,20.24499657436723,0.11990150825773666,4.944621850053646,11,0.4782608695652174,12,0,0,2.799298445973569,True,True
18,replication_1,both_feet_imagery,C4,central_12_13,23,24.88667238263702,102.53954371874953,-0.05087673060594834,-31.742095087244977,42.75607693330661,74.49817202055158,-66.3815451886837,437.810474704782,3.4420116711379403,-0.0022101105996372972,3.2081358398452875,12,0.5217391304347826,11,0,0,-0.05087673060594834,True,True
18,replication_1,both_feet_imagery,C3,mu,23,9.27252517073693,52.58752203735128,-6.4719344640082745,-30.038930641839823,41.101012910860575,71.1399435527004,-63.589377017397524,120.98112662354437,1.8156216137825918,-0.2905804818138496,3.04566484568629,12,0.5217391304347826,11,0,0,-6.4719344640082745,True,True
18,replication_1,both_feet_imagery,Cz,mu,23,-5.39419330428583,46.960336777373925,-22.62004228121113,-37.80100224267082,17.202261067241494,55.00326330991231,-55.79164552889269,136.61948540397105,-15.678018661992104,-1.1137151191771646,2.752589111092357,15,0.6521739130434783,8,0,0,-22.62004228121113,True,True
18,replication_1,both_feet_imagery,C4,mu,23,3.588143390195411,74.45084053686001,-6.030918619386642,-37.52955129014673,12.848388242900434,50.37793953304716,-59.677980285306674,308.43673421766533,-10.714968245869569,-0.2701501868344663,2.5550590448176673,13,0.5652173913043478,10,0,0,-6.030918619386642,True,True
18,replication_1,both_feet_imagery,Cz,beta,23,47.16457077060286,66.4566903597808,40.22746076266275,7.986133292834349,63.70097306556078,55.714839772726435,-53.71034975727466,234.18723114993065,38.64175414013594,1.4683306990650506,1.8087758042887803,5,0.21739130434782608,18,0,0,40.22746076266275,True,True
19,replication_1,both_fists_imagery,C4,central_12_13,22,-8.802300080236753,76.31342124857548,-34.9129295474177,-54.547866854857205,0.6891410528804007,55.237007907737606,-68.11384097159451,258.5407773193641,-30.16116506810016,-1.8652633390276403,3.4539849004183893,16,0.7272727272727273,6,0,0,-34.9129295474177,True,True
19,replication_1,both_fists_imagery,C3,central_12_13,22,7.774940614249737,82.6133321502968,-14.494905253538132,-46.74261386051761,27.92858816942772,74.67120202994533,-76.07295881541063,230.59198439158993,-11.233750881251657,-0.6809163433497756,3.8019470680782987,12,0.5454545454545454,10,0,0,-14.494905253538132,True,True
19,replication_1,both_fists_imagery,C3,mu,22,-4.036320251590744,66.21997179699684,-20.89212131628474,-43.71986246784596,8.980149477555699,52.700011945401656,-62.63536405297587,224.02410897795687,-21.24167313070817,-1.0195509401053662,2.863059812571162,16,0.7272727272727273,6,0,0,-20.89212131628474,True,True
19,replication_1,both_fists_imagery,C4,mu,22,-15.929364940771338,53.58455848145073,-29.79848845265542,-53.97192085923554,-9.422347956347393,44.549572902888144,-70.46488574349569,146.3390565737994,-29.466022307612548,-1.5404060133765913,2.940843198159935,17,0.7727272727272727,5,0,0,-29.79848845265542,True,True
19,replication_1,both_fists_imagery,Cz,mu,22,-19.095119055612525,34.803733730267474,-27.31922135376989,-41.77930671957773,-0.09608594557319261,41.68322077400454,-64.22314554983467,76.94415652165927,-23.169830981234348,-1.3860649280993813,2.3425963974590522,16,0.7272727272727273,6,0,0,-27.31922135376989,True,True
19,replication_1,both_fists_imagery,Cz,beta,22,10.557516636217018,79.34861233808617,-23.936195792685865,-37.12851245304641,48.38596472549165,85.51447717853806,-65.21415364892839,237.2206047930493,-11.61076721914087,-1.1885178407275472,3.7216685506678373,15,0.6818181818181818,7,0,0,-23.936195792685865,True,True
19,replication_1,both_feet_imagery,C3,central_12_13,23,43.55269013798696,148.5605467937748,-2.371148460492248,-35.99068210505636,71.3807564112208,107.37143851627715,-63.48140122797941,640.4791415826057,7.57376248052335,-0.1042181949764079,4.2807534949059765,13,0.5652173913043478,10,0,0,-2.371148460492248,True,True
19,replication_1,both_feet_imagery,C4,central_12_13,23,54.51803011701625,181.27651262285622,-9.19754997756756,-42.42128403378353,60.6552825801988,103.07656661398232,-87.14128193464909,736.1219889611465,7.223355475930364,-0.41902433231469616,4.431274127906542,13,0.5652173913043478,10,0,0,-9.19754997756756,True,True
19,replication_1,both_feet_imagery,C3,mu,23,13.549145555716336,83.62816347976614,-13.542777779313147,-39.004933703503546,22.231774118437443,61.23670782194099,-66.37411873437985,243.8567045194431,-10.907172093017543,-0.6319872200161759,3.0249284082898065,15,0.6521739130434783,8,0,0,-13.542777779313147,True,True
19,replication_1,both_feet_imagery,Cz,mu,23,0.8189950406126164,44.35159130053937,-6.777366670507242,-29.261003805235866,35.64765464988837,64.90865845512424,-66.01391844805553,87.45256904351695,-1.3933054703455616,-0.30478633388898213,2.830345525158819,14,0.6086956521739131,9,0,0,-6.777366670507242,True,True
19,replication_1,both_feet_imagery,C4,mu,23,10.244472751262425,93.21032273172325,-19.59694057769003,-33.76050340036715,23.021961323830364,56.78246472419751,-80.22083439197132,356.17536732351124,-9.172691738782706,-0.9472742556812004,2.691542691081919,14,0.6086956521739131,9,0,0,-19.59694057769003,True,True
19,replication_1,both_feet_imagery,Cz,beta,23,-14.22660677581689,41.86347377442678,-25.53021931541068,-44.596708721086316,6.036179487585176,50.63288820867149,-62.02027343417146,94.96149227735586,-21.89048043957683,-1.280199251631153,2.7638523034123392,17,0.7391304347826086,6,0,0,-25.53021931541068,True,True
20,replication_1,both_fists_imagery,C4,central_12_13,23,-22.77964445957519,41.63049594809884,-33.680824928786166,-44.86873437590181,-12.960247015700041,31.908487360201768,-84.92166015576103,93.04137192431565,-30.692956529189317,-1.783608845121851,1.9659500827644145,19,0.8260869565217391,4,0,3,-35.74243179839564,True,True
20,replication_1,both_fists_imagery,C3,central_12_13,23,-14.661494289014328,50.052006318747615,-29.82874371941025,-43.26190279263125,-2.9875533750342678,40.27434941759698,-76.95417687655947,173.09362347267756,-24.960383976250718,-1.5384074819907534,2.3277237969249347,17,0.7391304347826086,6,0,3,-30.018277360840415,True,True
20,replication_1,both_fists_imagery,C3,mu,23,-25.972511696841753,34.9109108457091,-31.330382529935807,-48.33275165317903,-11.385995316187191,36.94675633699184,-78.92396380130378,47.658909329852996,-29.377452167950633,-1.632353718733497,2.342654822782629,20,0.8695652173913043,3,0,3,-30.8350987339005,True,True
20,replication_1,both_fists_imagery,C4,mu,23,-30.716440341192552,35.19588576717635,-40.13093496386669,-52.099664036531365,-7.910177399196414,44.18948663733495,-82.24470895280587,69.57509361958412,-36.293401587617005,-2.2279752409615026,2.8385099156369193,19,0.8260869565217391,4,0,3,-41.56962701423383,True,True
20,replication_1,both_fists_imagery,Cz,mu,23,-15.744954722987986,33.470141936765735,-15.824655337635395,-42.46822978561913,4.007082696173798,46.475312481792926,-66.59227540243062,56.49357478761418,-18.12266442959965,-0.7481509668437492,2.5719851016248194,15,0.6521739130434783,8,0,3,-11.508945554936318,True,True
20,replication_1,both_fists_imagery,Cz,beta,23,-25.961400405739333,38.69493285045476,-37.50803260391896,-57.522288253515725,4.546271869412425,62.06856012292815,-70.28491277223235,56.91014853789279,-31.343909952393858,-2.041758024919478,3.9055492915117154,17,0.7391304347826086,6,0,3,-33.8825123302735,True,True
20,replication_1,both_feet_imagery,C3,central_12_13,22,-1.7723638560935309,42.81374512098496,-8.114999974958732,-39.369659869685606,27.814562688324393,67.18422255800999,-67.36219250167672,77.11689183935395,-4.507971093294432,-0.36948183883150376,3.245101017773272,12,0.5454545454545454,10,0,4,-16.690238121780187,True,True
20,replication_1,both_feet_imagery,C4,central_12_13,22,-23.3079717959125,49.42115393877064,-40.04395080208265,-49.86306329010011,-26.604844205007872,23.258219085092236,-66.91259560396706,118.31078026461053,-38.509841839525635,-2.2218136234075603,1.6540638925608173,18,0.8181818181818182,4,0,4,-40.04395080208265,True,True
20,replication_1,both_feet_imagery,C3,mu,22,-8.713523442183318,38.23718855276435,-6.635090131430677,-32.07744178026985,11.706304994619313,43.78374677488917,-70.95098568107687,97.18666670079317,-7.325216529271424,-0.29900446473823933,2.1687883694514656,12,0.5454545454545454,10,0,4,-11.149666458229778,True,True
20,replication_1,both_feet_imagery,Cz,mu,22,-7.312723901585196,40.72177981770854,-14.188967718256034,-31.64971075512061,15.934958606362878,47.584669361483485,-62.74988422057957,94.79221468047886,-11.523233992043755,-0.6646656112344573,2.3031940098392463,15,0.6818181818181818,7,0,4,-13.173063340414323,True,True
20,replication_1,both_feet_imagery,C4,mu,22,-30.756299897803444,43.91426146565987,-40.85485228658948,-54.664339645382114,-26.441882674168475,28.22245697121364,-74.57732828706166,111.58606283504564,-40.09054381246058,-2.2808407166243025,2.1071479926236307,20,0.9090909090909091,2,0,4,-40.85485228658948,True,True
20,replication_1,both_feet_imagery,Cz,beta,22,-35.2577119992489,32.068976604027426,-40.23335383286838,-53.1498432830888,-9.944181247462591,43.205662035626204,-89.60680854501089,33.85324466149597,-37.20641036252207,-2.235447448251671,2.837589326077868,20,0.9090909090909091,2,0,4,-41.89244843210761,True,True
21,replication_2,both_fists_imagery,C4,central_12_13,24,-17.089248862002204,45.98066780830942,-26.90176377114203,-56.67207807832139,28.26518208683938,84.93726016516078,-82.95649348764583,63.12730745972317,-20.669081007774032,-1.4081361051002905,4.715493390033323,16,0.6666666666666666,8,0,0,-26.90176377114203,True,True
21,replication_2,both_fists_imagery,C3,central_12_13,24,4.518395502349468,59.03399473454262,-12.259718577176661,-43.291106323774216,56.86539454360881,100.15650086738302,-71.32440400020675,131.56216930117625,-2.125674364213724,-0.5686836313767673,4.429570198548296,13,0.5416666666666666,11,0,0,-12.259718577176661,True,True
21,replication_2,both_fists_imagery,C3,mu,24,20.263095917787812,69.51463117763448,5.588561250368569,-40.633496451243076,65.3404502130829,105.97394666432598,-60.332211058223386,193.73027360711353,10.881254934201685,0.22326114528065588,4.4406792810560844,12,0.5,12,0,0,5.588561250368569,True,True
21,replication_2,both_fists_imagery,C4,mu,24,-1.4628845578464658,51.93254038456459,-7.702384540333091,-39.941850635270995,28.663692897417334,68.60554353268833,-80.71430944211207,99.46158350095043,-7.035240082821299,-0.3540482952158117,3.30902854094231,14,0.5833333333333334,10,0,0,-7.702384540333091,True,True
21,replication_2,both_fists_imagery,Cz,mu,24,15.711142680957401,65.20935267320779,-5.380002754457374,-19.23044111624406,21.777835789844822,41.00827690608888,-56.76609508155506,236.8007035353689,-0.19486339501801453,-0.24017688018612382,1.754136343423124,15,0.625,9,0,0,-5.380002754457374,True,True
21,replication_2,both_fists_imagery,Cz,beta,24,20.97596271604516,68.01808346984767,-6.738256590826394,-21.386653275111826,39.82583110806844,61.21248438318027,-45.141067005031545,215.21002731347312,2.7539176002586796,-0.30364464566723415,2.4982698882029197,13,0.5416666666666666,11,0,0,-6.738256590826394,True,True
21,replication_2,both_feet_imagery,C3,central_12_13,21,-0.01208816879026082,70.59366673114212,-7.943382510771082,-37.46799868041442,6.738832398284817,44.20683107869924,-75.04802869607958,248.9533945615107,-12.71797521541162,-0.35944986782376537,2.322201194255791,12,0.5714285714285714,9,0,0,-7.943382510771082,True,True
21,replication_2,both_feet_imagery,C4,central_12_13,21,38.63137699054265,97.44699247387321,4.105530970196616,-30.96378197778665,56.925372461577446,87.88915443936409,-59.347611975233505,297.5544123501949,12.333581432973379,0.17473803535758564,3.5661617650574464,10,0.47619047619047616,11,0,0,4.105530970196616,True,True
21,replication_2,both_feet_imagery,C3,mu,21,31.344138046482936,104.14134430461017,4.3089233203284705,-26.15385706205958,59.94616522330031,86.1000222853599,-78.54001955920695,416.32854319867886,12.304839169465005,0.18321462626069293,3.3564601557101614,10,0.47619047619047616,11,0,0,4.3089233203284705,True,True
21,replication_2,both_feet_imagery,Cz,mu,21,10.619233924136923,49.92884655810012,3.21794226159437,-24.858779926202434,23.817537281868205,48.67631720807064,-40.008170389961485,165.87104090466596,2.011540991390949,0.1375519678641619,2.169039192323549,9,0.42857142857142855,12,0,0,3.21794226159437,True,True
21,replication_2,both_feet_imagery,C4,mu,21,19.599030010407645,66.03039199507016,-1.6312823372664007,-24.695881184109915,53.79553637587799,78.4914175599879,-55.996521967878074,169.68291877200068,3.309034781391996,-0.07142990048694021,3.101250001572202,11,0.5238095238095238,10,0,0,-1.6312823372664007,True,True
21,replication_2,both_feet_imagery,Cz,beta,21,15.235553530659285,51.2289589106267,9.008201728487002,-24.15599811366673,28.86137553808044,53.01737365174717,-39.53232841293095,135.35479350870364,4.274658588780558,0.37459175293103136,2.302015225816973,10,0.47619047619047616,11,0,0,9.008201728487002,True,True
22,replication_2,both_fists_imagery,C4,central_12_13,21,-7.268419733546719,54.74302389508379,-21.144839376033207,-41.58279758842958,10.886653677972278,52.469451266401855,-85.54822977834822,135.0405799706605,-14.731435754529038,-1.0316987928913757,2.7833852273608413,13,0.6190476190476191,8,0,2,-21.144839376033207,True,True
22,replication_2,both_fists_imagery,C3,central_12_13,21,28.264033290125045,165.7765556640341,-17.31219376837369,-25.84576904462648,35.005184282079014,60.85095332670549,-72.18133341392468,731.2173418698756,-5.254843978824931,-0.82558530069824,2.6021451074527184,13,0.6190476190476191,8,0,2,-15.679655375710716,True,True
22,replication_2,both_fists_imagery,C3,mu,21,7.245068580876296,64.08588032658102,-11.905200110728067,-40.1365575416773,25.77244448843164,65.90900203010894,-55.4756343248456,185.00039408481072,-5.685137911509757,-0.5504972661686962,3.224238144539322,11,0.5238095238095238,10,0,2,6.346680505641866,False,True
22,replication_2,both_fists_imagery,C4,mu,21,-5.662566576835438,43.17134088594296,-12.342547141595881,-30.246215058488293,10.092153913879487,40.33836897236778,-71.33135967515483,87.12747162303354,-11.73028829618977,-0.57211153184816,1.9818859059032765,14,0.6666666666666666,7,0,2,-12.342547141595881,True,True
22,replication_2,both_fists_imagery,Cz,mu,21,18.470952434414563,64.65103180416187,-0.8240509969112891,-25.305123019647244,59.57112768290745,84.8762507025547,-65.09212879350342,186.65238431750657,5.42215248422789,-0.03593635120685182,3.2966349785917126,11,0.5238095238095238,10,0,2,-0.8240509969112891,True,True
22,replication_2,both_fists_imagery,Cz,beta,21,-10.162935849977803,48.65324506867,-17.558729305360014,-38.41598872669215,2.665015916975972,41.08100464366812,-53.44652140090171,176.00434114041352,-18.805117296934544,-0.838553229163893,2.2195450556997227,15,0.7142857142857143,6,0,2,-17.558729305360014,True,True
22,replication_2,both_feet_imagery,C3,central_12_13,24,-8.68030966397488,67.15188982396373,-32.09912342864791,-52.6423178018532,9.117324513482018,61.75964231533522,-70.67098979083846,176.874731471703,-24.48600388456673,-1.691998593177566,3.6256149147704186,15,0.625,9,0,0,-32.09912342864791,True,True
22,replication_2,both_feet_imagery,C4,central_12_13,24,0.33822791358038334,70.30735084451159,-20.29106509463095,-38.0000031560102,9.372402861028215,47.372406017038415,-81.80037624867113,212.05923836797365,-16.29890013560019,-0.9852030365297799,2.4515589726402034,17,0.7083333333333334,7,0,0,-20.29106509463095,True,True
22,replication_2,both_feet_imagery,C3,mu,24,-16.94028912922119,29.30316782006843,-26.892175225034748,-33.025141266230555,-7.101517633865963,25.923623632364592,-55.24040143555244,61.9715521148883,-22.690979126297457,-1.3611512804480852,1.4135970257719985,18,0.75,6,0,0,-26.892175225034748,True,True
22,replication_2,both_feet_imagery,Cz,mu,24,-6.318885404431863,52.04875331183055,-18.688915453843677,-33.12249752917266,-3.8744221118185163,29.248075417354144,-65.87305069725039,144.17577094387886,-17.663886827711686,-0.8985025758661769,1.5790135720670446,19,0.7916666666666666,5,0,0,-18.688915453843677,True,True
22,replication_2,both_feet_imagery,C4,mu,24,-5.165695897930585,50.14645163747713,-11.759571869302459,-43.37784188300256,11.251937775317023,54.629779658319585,-71.50135726243715,142.26881219061556,-14.125534501401168,-0.54383443723166,2.933504414281098,15,0.625,9,0,0,-11.759571869302459,True,True
22,replication_2,both_feet_imagery,Cz,beta,24,-16.852257828380047,33.662874493138396,-22.884774415115892,-42.18859626077136,8.187281540529042,50.375877801300405,-64.53120384215462,45.22462693909995,-19.409186052357146,-1.1289605072343298,2.725060884699903,17,0.7083333333333334,7,0,0,-22.884774415115892,True,True
23,replication_2,both_fists_imagery,C4,central_12_13,23,-25.182617106414956,58.238128789527174,-37.293666120911354,-64.54329035511913,-7.8921463158468335,56.651144039272296,-95.00063847873031,135.3474830401339,-35.99502018331683,-2.026885894753934,4.1473454954640125,17,0.7391304347826086,6,0,2,-39.596817382654216,True,True
23,replication_2,both_fists_imagery,C3,central_12_13,23,-24.49376274514038,51.84038646133896,-35.50477461258217,-72.50043429800687,23.13540396251639,95.63583826052326,-90.990758467894,57.40236760665053,-28.118280305096746,-1.9047243520426902,6.505560792211828,15,0.6521739130434783,8,0,2,-41.87974041773584,True,True
23,replication_2,both_fists_imagery,C3,mu,23,-27.832470073682092,50.66220226682828,-33.72745901694836,-65.21090832006037,-3.5267834416439023,61.68412487841647,-95.70046658315869,75.31979244503427,-34.372664496184186,-1.7866637762435271,4.42750861756544,18,0.782608695652174,5,0,2,-43.28915809651333,True,True
23,replication_2,both_fists_imagery,C4,mu,23,-13.370249058252734,89.37469375789735,-44.99378086019017,-63.268988380135035,-6.951528433458497,56.317459946676536,-91.6441204845187,239.30035350787435,-40.11595363719418,-2.5958820531651154,4.0265628144571695,18,0.782608695652174,5,0,2,-50.73752768146893,True,True
23,replication_2,both_fists_imagery,Cz,mu,23,-18.10643365092852,64.42199758662557,-45.854995133255414,-64.60086288404132,17.32852768230203,81.92939056634336,-97.1494221014237,159.52771565582475,-27.762410499212805,-2.6644160291443066,5.1877281281118295,15,0.6521739130434783,8,0,2,-27.02371659570014,True,True
23,replication_2,both_fists_imagery,Cz,beta,23,-17.209262120930838,42.029722427601826,-21.44990697640188,-44.41811636867443,-1.6443244372260866,42.77379193144834,-71.4198891067664,96.17530384367478,-23.47118449135797,-1.0485329630686682,2.482210414355327,18,0.782608695652174,5,0,2,-23.68108451140445,True,True
23,replication_2,both_feet_imagery,C3,central_12_13,22,-12.230532877252521,62.343315158127176,-40.673929348848986,-58.585822379535955,27.47323268865329,86.05905506818925,-88.28909690599504,123.13335975556564,-25.393698489414806,-2.2699445859510545,4.8891515414737725,15,0.6818181818181818,7,0,0,-40.673929348848986,True,True
23,replication_2,both_feet_imagery,C4,central_12_13,22,-12.028527660624093,68.76954035962822,-30.14564785406562,-52.8005168776473,3.8781570496184274,56.67867392726573,-86.59477059292257,203.4062366701569,-25.7352226822989,-1.5603617417439455,3.436405828788257,16,0.7272727272727273,6,0,0,-30.14564785406562,True,True
23,replication_2,both_feet_imagery,C3,mu,22,-4.556239202886783,81.99208413162819,-24.683270121999264,-51.84608676432059,14.066268410701351,65.91235517502194,-90.43013942904872,277.8135094661849,-22.836119278451367,-1.231922663592571,3.7464673784753204,14,0.6363636363636364,8,0,0,-24.683270121999264,True,True
23,replication_2,both_feet_imagery,Cz,mu,22,24.087124732130643,166.04040904081296,-27.215314865461096,-51.84603140798326,34.97555351497187,86.82158492295514,-94.1735539499919,678.0447769397343,-16.34904329210769,-1.379844952125934,4.477602071916564,13,0.5909090909090909,9,0,0,-27.215314865461096,True,True
23,replication_2,both_feet_imagery,C4,mu,22,6.842800666538267,135.06186838710494,-27.366554971549824,-49.715099213031294,11.567123833637861,61.28222304666916,-87.29490531729597,554.3359485186297,-23.84504908146739,-1.3900113581287303,3.46295115641682,15,0.6818181818181818,7,0,0,-27.366554971549824,True,True
23,replication_2,both_feet_imagery,Cz,beta,22,-18.86230616285443,44.52393109670901,-31.5766681906394,-51.551494827693446,-1.3636856530878918,50.187809174605555,-67.86967481695713,92.38882372321811,-27.296830416165513,-1.650752497586283,3.089849204314015,17,0.7727272727272727,5,0,0,-31.5766681906394,True,True
24,replication_2,both_fists_imagery,C4,central_12_13,22,41.661619729921874,70.14479443887215,23.555748775280115,-1.9818676122484313,71.24354400975034,73.22541162199877,-58.94173348411136,186.0743359563002,30.83498158215664,0.9006524169016671,2.4197218813333725,7,0.3181818181818182,15,0,0,23.555748775280115,True,True
24,replication_2,both_fists_imagery,C3,central_12_13,22,24.037553114381172,50.43650798730246,22.951331186563127,-14.241363884531818,55.12949060847655,69.37085449300837,-49.778596824131675,121.16733935413608,23.673369664371723,0.8973306164033539,2.5739629258858976,7,0.3181818181818182,15,0,0,22.951331186563127,True,True
24,replication_2,both_fists_imagery,C3,mu,22,0.41034087528703106,49.49280738503951,-4.186186818590915,-35.61170172735273,17.03160636352985,52.643308090882584,-68.29861584410266,144.18684219860768,-7.684058098099039,-0.18792070111009115,2.5943089126893577,12,0.5454545454545454,10,0,0,-4.186186818590915,True,True
24,replication_2,both_fists_imagery,C4,mu,22,19.731046956744468,49.219750897431325,11.44314601397374,-16.10655623791615,49.37859550248087,65.48515174039701,-49.484295022202346,114.51632231231001,14.216188239320521,0.4679262990116108,2.5024987112842636,8,0.36363636363636365,14,0,0,11.44314601397374,True,True
24,replication_2,both_fists_imagery,Cz,mu,22,0.3425274664864065,64.03623050610966,-17.328806201044976,-36.60935150234531,6.389246522831317,42.998598025176626,-72.34998661831762,202.02155609627994,-13.802301229045858,-0.8266642527809327,2.2500094482005917,14,0.6363636363636364,8,0,0,-17.328806201044976,True,True
24,replication_2,both_fists_imagery,Cz,beta,22,2.830029798984746,34.0430590018486,2.168776133532276,-25.064682281669107,25.20526118325483,50.26994346492394,-50.17999746235131,77.4615035801956,1.7773951914013753,0.0808555458338362,2.2283061063212326,11,0.5,11,0,0,2.1687761335322757,True,True
24,replication_2,both_feet_imagery,C3,central_12_13,23,44.988231973529885,85.7524672681694,22.001322184817063,-23.67518715729487,97.41851845919125,121.09370561648612,-55.42786482183604,237.58240881351372,33.055997501021274,0.8636453735063807,4.109673251298764,9,0.391304347826087,14,0,0,22.001322184817063,True,True
24,replication_2,both_feet_imagery,C4,central_12_13,23,40.669775263242464,60.3254109624949,20.838052278003094,-2.672023771922906,76.787514380267,79.45953815218991,-31.785506537769667,183.73648394719623,27.674438080341595,0.8220371650415014,2.554124356937667,7,0.30434782608695654,16,0,0,20.838052278003094,True,True
24,replication_2,both_feet_imagery,C3,mu,23,20.42545320341503,71.2216760173875,10.555676523556086,-37.13554091513221,46.68142934564371,83.81697026077592,-70.95605163922214,187.30346065910814,7.669537112056397,0.43581046503744697,3.677121407513802,10,0.43478260869565216,13,0,0,10.555676523556086,True,True
24,replication_2,both_feet_imagery,Cz,mu,23,3.3162955124013367,68.79634719017088,-16.315168063005164,-49.092696616807295,33.712299062227345,82.80499567903465,-77.58357116951669,176.5979591649963,-9.634784759709499,-0.77353251720232,4.197196197093393,13,0.5652173913043478,10,0,0,-16.315168063005164,True,True
24,replication_2,both_feet_imagery,C4,mu,23,15.303393893731032,47.38985447190616,14.311793318491167,-22.98529650428837,39.997397683401815,62.982694187690186,-42.54846232039271,116.24584135015127,7.795246170493389,0.5809103799749894,2.595586226656923,11,0.4782608695652174,12,0,0,14.311793318491167,True,True
24,replication_2,both_feet_imagery,Cz,beta,23,13.933070828375373,44.14931637692266,3.8662208192119287,-17.826030518472898,46.98714037802133,64.81317089649423,-56.30282925431665,104.72693155579228,10.883028824968315,0.16474330068685905,2.5533452107952046,9,0.391304347826087,14,0,0,3.8662208192119287,True,True
25,replication_2,both_fists_imagery,C4,central_12_13,24,-50.34707786608757,40.30416127327771,-60.2282614363307,-72.03428789272049,-46.543641904147776,25.49064598857271,-83.15006057799856,95.13324032932182,-60.23453040170645,-4.007108707890959,2.8104787621560003,22,0.9166666666666666,2,0,4,-63.29974481906109,True,True
25,replication_2,both_fists_imagery,C3,central_12_13,24,-57.422112176590495,31.43971798907157,-67.83060241653021,-79.44253261765351,-45.69992114323456,33.74261147441895,-89.2578923997798,39.396223058673975,-64.14244832576229,-4.925990110929799,4.218703979595062,22,0.9166666666666666,2,0,4,-67.83060241653021,True,True
25,replication_2,both_fists_imagery,C3,mu,24,-59.2833343209634,25.0090726406341,-64.9815228803458,-75.57285100792106,-49.2908215111471,26.28202949677396,-86.70016921007192,22.84102595020071,-63.5970213029856,-4.5582514380843655,3.17635293493119,23,0.9583333333333334,1,0,4,-66.14674706140295,True,True
25,replication_2,both_fists_imagery,C4,mu,24,-54.28749152411526,34.63268755493591,-67.43895114466605,-77.82482662295772,-44.49703301321315,33.32779360974457,-85.3174333210076,48.706325284105205,-63.08675672556923,-4.873314196856339,3.9696203055671284,22,0.9166666666666666,2,0,4,-70.10694024825645,True,True
25,replication_2,both_fists_imagery,Cz,mu,24,-39.22441423790198,39.50622489799643,-46.93352462297578,-71.09874150031429,-12.330857761684967,58.76788373862932,-95.12118194238488,40.87661397877281,-43.28772006764919,-2.751900775205322,4.828232969168108,21,0.875,3,0,4,-50.86429193637454,True,True
25,replication_2,both_fists_imagery,Cz,beta,24,-23.92920245731604,30.860815994607094,-34.740327914008404,-41.11294161609445,-16.807449315283392,24.30549230081106,-70.8068983511858,55.57521474736898,-29.908453008178103,-1.8535517903442325,1.5007986566567317,20,0.8333333333333334,4,0,4,-34.740327914008404,True,True
25,replication_2,both_feet_imagery,C3,central_12_13,21,-3.30142915729568,89.2622858151629,-44.27746062913735,-71.62114176286914,52.18724575342499,123.80838751629413,-82.73177294226595,187.73550870404964,-29.35207085654171,-2.53969100259134,7.293833387954653,15,0.7142857142857143,6,0,2,-48.346767507400855,True,True
25,replication_2,both_feet_imagery,C4,central_12_13,21,-7.237339167417828,66.90742073207501,-34.691370799943904,-50.850907137884754,0.8513319862375738,51.70223912412233,-74.7802695055944,172.5732931534849,-24.22815526530866,-1.850294317973393,3.1216613196770666,15,0.7142857142857143,6,0,2,-34.691370799943904,True,True
25,replication_2,both_feet_imagery,C3,mu,21,-16.598246587847818,58.33469897021682,-44.595122339601815,-62.15506764407985,22.304673688332365,84.45974133241222,-81.34744921429059,111.85621225082441,-28.467690471756455,-2.56451999752672,5.094353199454553,15,0.7142857142857143,6,0,2,-44.99328181535067,True,True
25,replication_2,both_feet_imagery,Cz,mu,21,-19.48711277343942,52.96930804011391,-25.74999294581503,-53.38260373670587,-4.7326145615102515,48.649989175195614,-94.8644834534506,140.45550946091146,-28.572692941777134,-1.29303500750232,3.1039623333564004,16,0.7619047619047619,5,0,2,-25.74999294581503,True,True
25,replication_2,both_feet_imagery,C4,mu,21,-14.832049818951093,58.54611319942201,-26.921547699224217,-46.09022699589339,-2.8107431786810095,43.27948381721238,-79.62140599284561,142.5346898550706,-25.03526817886819,-1.3621065897070872,2.559507580467323,16,0.7619047619047619,5,0,2,-26.921547699224217,True,True
25,replication_2,both_feet_imagery,Cz,beta,21,-15.18091462996709,28.573958356000627,-10.947829141192377,-35.66163129045927,-1.1588667591895139,34.502764531269754,-60.56222443482337,58.27071957449132,-16.687893363693632,-0.5035548910910771,1.8646767083551883,16,0.7619047619047619,5,0,2,-11.829559211046845,True,True
26,replication_2,both_fists_imagery,C4,central_12_13,21,61.20207027300477,218.23754555716926,8.263761628333782,-39.33246908762165,46.40946216741387,85.74193125503552,-56.86990032789043,981.6064752744086,12.026858196336592,0.34483112594755344,3.826128251653463,10,0.47619047619047616,11,0,2,-3.3346632165863443,False,True
26,replication_2,both_fists_imagery,C3,central_12_13,21,15.19960384671236,58.538670979235214,7.124884251606901,-30.274767210450932,34.54604253300693,64.82080974345786,-48.749262268085396,166.8620535277161,3.8226682690407667,0.29890365676500175,2.854809552701649,10,0.47619047619047616,11,0,2,-0.2041891195207655,False,True
26,replication_2,both_fists_imagery,C3,mu,21,17.211030511301395,55.38790035026286,-0.3493751249005743,-16.863424541850932,26.745690474524782,43.60911501637571,-45.31265766109032,180.98567874816843,4.086519120904986,-0.015199736423025016,1.831410704700395,11,0.5238095238095238,10,0,2,-2.261981621488448,True,True
26,replication_2,both_fists_imagery,C4,mu,21,39.16433002126752,128.3196661676548,2.1889980229635335,-17.403052630590654,41.369395728803646,58.7724483593943,-55.48478468699887,532.2452395154388,9.435041570199381,0.09404140856228346,2.333914047532528,9,0.42857142857142855,12,0,2,2.121765038263161,True,True
26,replication_2,both_fists_imagery,Cz,mu,21,24.599233848798956,76.6439734512751,4.945103064675108,-34.797479878727664,68.12857837667683,102.92605825540448,-64.74129027019471,191.60005773850452,10.932108179866978,0.20962178396196735,4.113771589524096,10,0.47619047619047616,11,0,2,4.945103064675108,True,True
26,replication_2,both_fists_imagery,Cz,beta,21,-6.997972226333853,33.8215706131425,-12.88199954893247,-32.2779952881227,8.265294922791732,40.543290210914435,-48.54353562043291,71.14615665904155,-12.156218444758268,-0.5989210114752194,2.0375945763753522,14,0.6666666666666666,7,0,2,-17.15865682737461,True,True
26,replication_2,both_feet_imagery,C3,central_12_13,24,16.15509914510417,71.69216072549418,-0.47334606569329685,-18.197105870525007,27.522828284349814,45.71993415487482,-63.972819788700946,299.5820517899296,4.047692180853897,-0.021534959742397122,1.9185022049554863,12,0.5,12,0,0,-0.47334606569329707,True,True
26,replication_2,both_feet_imagery,C4,central_12_13,24,37.0814348997721,98.06439717901948,0.048416293156090084,-18.58847004851254,59.88705415148285,78.47552419999539,-57.67052218530292,328.674486564596,11.005515395664995,0.000778132277327051,2.945173726846938,12,0.5,12,0,0,0.048416293156090306,True,True
26,replication_2,both_feet_imagery,C3,mu,24,9.019180712153034,47.53176268612421,2.3004847592367095,-20.880128518725694,29.717515674684826,50.59764419341052,-47.59490368496507,185.2120231450569,2.7213498046509716,0.0973328710378827,2.1488664462060196,12,0.5,12,0,0,2.3004847592367095,True,True
26,replication_2,both_feet_imagery,Cz,mu,24,24.34154213783224,59.64864128556039,11.800518208470798,-11.939107660360428,56.52457438290239,68.46368204326282,-53.611109493881656,175.73846158241798,14.795535172820633,0.483112601153364,2.4970519610583786,11,0.4583333333333333,13,0,0,11.800518208470798,True,True
26,replication_2,both_feet_imagery,C4,mu,24,19.964794453757737,60.38998467651226,15.90121624739216,-20.17736678605678,46.822077618495285,66.99944440455207,-69.67682942647133,237.06019927332403,11.421039911355397,0.6408081343669536,2.6467501654343657,10,0.4166666666666667,14,0,0,15.90121624739216,True,True
26,replication_2,both_feet_imagery,Cz,beta,24,-7.5271405939622715,29.207086505116354,-9.897751359661846,-25.437656485557422,13.236647707089109,38.67430419264653,-48.79821322602887,66.48735566650765,-9.054090685309909,-0.455026848507177,1.814774480090581,15,0.625,9,0,0,-9.897751359661846,True,True
27,replication_2,both_fists_imagery,C4,central_12_13,22,30.6419845275595,114.73735116177562,-26.628602294274103,-39.07898201120918,60.75900873251163,99.83799074372081,-70.45162075036014,359.0867367776024,-1.5460094196801393,-1.344744061125653,4.2102748461244435,13,0.5909090909090909,9,0,3,-26.45623255593336,True,True
27,replication_2,both_fists_imagery,C3,central_12_13,22,7.8649997213752,112.6937130705357,-21.574964948228093,-61.967783699250965,17.698603065524914,79.66638676477588,-85.66856976224634,387.31784948822354,-21.55942763868857,-1.057537689899052,4.924299904705095,14,0.6363636363636364,8,0,3,-19.145467614457196,True,True
27,replication_2,both_fists_imagery,C3,mu,22,4.142462340900416,95.92639989306802,-18.894444162114993,-65.01246990956061,18.464282692472167,83.47675260203278,-80.02553728293952,278.60682500676194,-21.63137201391917,-0.9096618752189887,5.348517817045899,13,0.5909090909090909,9,0,3,-18.181225477252912,True,True
27,replication_2,both_fists_imagery,C4,mu,22,23.019776159180136,102.25369356221636,-14.196813912871553,-49.64347973451024,74.27241017123492,123.91588990574516,-80.91211002507626,317.9328305459398,-1.176728627321964,-0.6652423131525118,5.370079607823495,13,0.5909090909090909,9,0,3,-13.228696930544878,True,True
27,replication_2,both_fists_imagery,Cz,mu,22,-18.74255883661138,60.495432101999725,-41.36129822602178,-61.60059407843988,14.11410466480037,75.71469874324025,-79.50727359894323,126.4047352491204,-34.04482172770904,-2.3184502996486387,4.68803437331626,16,0.7272727272727273,6,0,3,-42.043313146377805,True,True
27,replication_2,both_fists_imagery,Cz,beta,22,-9.37016918701388,31.052960266761065,-20.923555228626753,-26.490279164558018,-1.6216756377201216,24.868603526837898,-58.14794558210693,61.24776682384317,-15.92774362308917,-1.0200271426345242,1.2650081337930803,17,0.7727272727272727,5,0,3,-19.72550105504682,True,True
27,replication_2,both_feet_imagery,C3,central_12_13,23,3.3114458650453855,95.10772786004605,-27.64908284008899,-64.54557547347608,50.38234332952079,114.92791880299687,-93.36185421292932,272.99077211914346,-19.441890812053167,-1.4055595915498218,6.274293358502827,15,0.6521739130434783,8,0,3,-24.27544626015358,True,True
27,replication_2,both_feet_imagery,C4,central_12_13,23,42.359423952300254,179.03273345548564,-9.707620696620038,-50.24433184942447,81.42962832290986,131.67396017233432,-84.77806563611492,800.7068408923187,8.123188073850462,-0.443489026892961,5.616792749571495,12,0.5217391304347826,11,0,3,6.41675649327727,False,True
27,replication_2,both_feet_imagery,C3,mu,23,4.2641995170915346,106.89378106578772,-31.964585815556443,-57.452019399916225,27.128589098775898,84.58060849869213,-90.16811113328133,399.68017316141317,-20.749231736718915,-1.6726496698054092,4.753669779902746,13,0.5652173913043478,10,0,3,-32.459289327447046,True,True
27,replication_2,both_feet_imagery,Cz,mu,23,-26.69171990112349,35.44640752667392,-31.35030526306466,-53.869211809750276,-16.67521206160504,37.19399974814523,-75.97322937174343,56.2526784164206,-32.414861084015975,-1.6336138959050748,2.5708799024525684,18,0.782608695652174,5,0,3,-29.152662820504894,True,True
27,replication_2,both_feet_imagery,C4,mu,23,16.619646168297333,172.6036648423276,-26.14379543500901,-48.090729831958974,17.048151572932476,65.13888140489145,-79.76702802319699,785.3705110352407,-18.068468595872034,-1.3161301429719443,3.514404745649034,14,0.6086956521739131,9,0,3,-21.968159235375275,True,True
27,replication_2,both_feet_imagery,Cz,beta,23,-4.930686236127273,25.96723369239154,-10.410449412977218,-24.03062329208148,21.159112254088942,45.189735546170425,-48.173959724455614,44.13920604914968,-6.1246818237682,-0.4774264197894887,2.0265684093476994,15,0.6521739130434783,8,0,3,-4.230699536044851,True,True
28,replication_2,both_fists_imagery,C4,central_12_13,23,-27.1067872032037,59.36824944536246,-65.11904077410173,-70.18889898614842,4.616588783026115,74.80548776917453,-85.4727483797071,109.43340171165751,-41.23621491036999,-4.574115804829796,5.4520314105084235,16,0.6956521739130435,7,0,1,-65.88860818665147,True,True
28,replication_2,both_fists_imagery,C3,central_12_13,23,-8.329554672660631,158.6025021236165,-45.66168198071819,-67.71528510095371,-31.013773821882765,36.70151127907094,-83.52992300267559,693.7463495303874,-46.31837732193362,-2.648938088009026,3.2995515254502434,19,0.8260869565217391,4,0,1,-46.22291601277972,True,True
28,replication_2,both_fists_imagery,C3,mu,23,2.8639508402325076,195.5689519015897,-38.5055247170103,-71.32177809167301,-12.568598103550608,58.753179988122405,-89.06847189425578,881.1016629582101,-38.72765773640478,-2.1116389986504593,4.8473382399027125,18,0.782608695652174,5,0,1,-38.80205722253406,True,True
28,replication_2,both_fists_imagery,C4,mu,23,-27.953559609313224,60.86920187560526,-46.95680783174861,-63.6993379362774,-20.24588958536914,43.45344835090826,-79.53807476737487,158.16804066709724,-45.248566704286546,-2.753703477378861,3.371132753534693,19,0.8260869565217391,4,0,1,-52.489653676313814,True,True
28,replication_2,both_fists_imagery,Cz,mu,23,-17.655574250332354,47.01054878037258,-31.380227668480703,-45.923813221436404,-4.2429034740907525,41.68090974734565,-64.72221049490524,142.43537331706736,-27.172021567858884,-1.635507271910797,2.481848066338067,18,0.782608695652174,5,0,1,-30.531605455995532,True,True
28,replication_2,both_fists_imagery,Cz,beta,23,-25.19108676239092,37.542749493588836,-36.52740176474368,-51.53993188034203,-16.008728944824863,35.53120293551717,-63.42861334629967,60.291669619758444,-34.67103698211308,-1.974137235839667,2.384642526179322,18,0.782608695652174,5,0,1,-37.115838289383035,True,True
28,replication_2,both_feet_imagery,C3,central_12_13,22,-28.63668813082139,60.18250286215105,-48.63645280229443,-73.2727968225315,-7.173624599921297,66.0991722226102,-80.02466502783614,135.74705047897623,-44.70130707667116,-2.950481764236547,5.3984644526836245,17,0.7727272727272727,5,0,5,-56.90618099214226,True,True
28,replication_2,both_feet_imagery,C4,central_12_13,22,-8.032392652016226,83.27715521014545,-45.39908370024749,-72.34821318073395,34.464667866430005,106.81288104716396,-84.53790471650011,196.7057149697804,-29.000354043650226,-2.6280678857906876,6.870395922066152,15,0.6818181818181818,7,0,5,-45.70281549046643,True,True
28,replication_2,both_feet_imagery,C3,mu,22,-19.376701087594615,76.63181720738096,-51.621010447614246,-69.04147441899828,1.4849815183990978,70.52645593739737,-86.9876468655527,188.31721457177602,-42.2055849498833,-3.154697551224422,5.151218916119751,16,0.7272727272727273,6,0,5,-52.78874712343662,True,True
28,replication_2,both_feet_imagery,Cz,mu,22,21.539021587596633,85.86665855159964,-9.203113098372569,-26.19703716651384,33.222113903993645,59.41915107050748,-64.45530110550861,237.30335974744472,-1.7076382841057476,-0.4218672120392021,2.55937653996904,13,0.5909090909090909,9,0,5,-12.329948213411582,True,True
28,replication_2,both_feet_imagery,C4,mu,22,3.763688992823298,108.42904947082663,-32.68368591370758,-62.17720712950267,39.50683893421142,101.68404606371409,-84.44119825878929,393.92977143250914,-22.316245773925413,-1.7202848058313478,5.678191978453534,14,0.6363636363636364,8,0,5,-30.921779197500527,True,True
28,replication_2,both_feet_imagery,Cz,beta,22,-23.48905646245385,41.150798989452284,-34.53261653046839,-45.2043273735138,-17.01572553196044,28.188601841553357,-72.6783154228233,97.97268928270103,-32.286690279936074,-1.84003762167122,1.8039427766043552,17,0.7727272727272727,5,0,5,-35.28583732121001,True,True
29,replication_2,both_fists_imagery,C4,central_12_13,22,-49.641309417303006,38.90643276674788,-58.79576034233682,-76.07303086336151,-31.490454832813043,44.582576030548466,-88.68540246205953,69.26044277707044,-56.2735867719795,-3.934910804216914,4.569402072389107,20,0.9090909090909091,2,0,0,-58.79576034233682,True,True
29,replication_2,both_fists_imagery,C3,central_12_13,22,-40.117892954778206,41.08337504744999,-47.68437294869773,-69.37442748119648,-22.45183255307516,46.92259492812131,-91.09301874704128,43.83674417742193,-48.32284564360719,-2.8315338474658294,4.026165741453575,18,0.8181818181818182,4,0,0,-47.68437294869773,True,True
29,replication_2,both_fists_imagery,C3,mu,22,-15.597697414239718,84.94423193299981,-48.35893870879297,-65.99873052406332,15.011650769133078,81.0103812931964,-88.72666491666467,277.66648494918803,-35.86726239619116,-2.881820628979065,5.293745303047512,15,0.6818181818181818,7,0,0,-48.35893870879297,True,True
29,replication_2,both_fists_imagery,C4,mu,22,-36.866037456652,61.372088229501195,-58.380609913164335,-77.38835738553344,-27.665347569347393,49.72300981618605,-92.57178118069925,133.90679693704985,-53.26246525251215,-3.8070799362001715,5.058655808802118,18,0.8181818181818182,4,0,0,-58.380609913164335,True,True
29,replication_2,both_fists_imagery,Cz,mu,22,40.37204107368617,150.49487014578958,-13.228042356270993,-39.51063203119931,58.416223596602165,97.92685562780147,-83.22467766483666,473.34851093481063,-1.9227778665054356,-0.6171099420665389,4.171635204233798,13,0.5909090909090909,9,0,0,-13.228042356270993,True,True
29,replication_2,both_fists_imagery,Cz,beta,22,-14.067078962084771,48.79815080188663,-40.528531309116175,-51.085292733593334,13.768934595172324,64.85422732876566,-56.15984727919176,107.00966791092092,-25.758078048058195,-2.2579378503193572,3.6680268645282457,14,0.6363636363636364,8,0,0,-40.528531309116175,True,True
29,replication_2,both_feet_imagery,C3,central_12_13,23,-10.246403837914182,102.89205274442871,-37.52519390883897,-59.66791478661834,-6.046235508084022,53.621679278534316,-88.84523611201195,407.4109530068574,-34.42442673690441,-2.0429508315940668,3.672501502911654,19,0.8260869565217391,4,0,0,-37.52519390883897,True,True
29,replication_2,both_feet_imagery,C4,central_12_13,23,-11.201361597294945,71.10579038616127,-34.099225373138985,-48.09652238454548,-10.250769011359745,37.84575337318574,-76.0638515911747,207.16279094817853,-32.28356153945304,-1.8110948048650497,2.3781455984749336,19,0.8260869565217391,4,0,0,-34.099225373138985,True,True
29,replication_2,both_feet_imagery,C3,mu,23,-26.185206619043278,55.693574546949904,-46.55424260372354,-62.237820946775074,4.686677552394846,66.92449849916991,-86.14544150992376,127.44570991342061,-36.079644239003116,-2.72086764028933,4.425865076526481,16,0.6956521739130435,7,0,0,-46.55424260372354,True,True
29,replication_2,both_feet_imagery,Cz,mu,23,-26.36442635466995,71.35728012137629,-54.49552571937098,-70.82853555197366,-9.10844338387463,61.72009216809903,-91.17787402445494,173.1076442519037,-46.07270715609374,-3.4194589873073316,4.937984781532302,18,0.782608695652174,5,0,0,-54.49552571937098,True,True
29,replication_2,both_feet_imagery,C4,mu,23,-26.121342826382666,55.048689770943,-40.80941800700347,-64.70600550098438,-12.77977217951858,51.926233321465794,-83.53232575557709,134.6888516965472,-39.48923676077613,-2.277473897949266,3.9340843505766143,18,0.782608695652174,5,0,0,-40.80941800700347,True,True
29,replication_2,both_feet_imagery,Cz,beta,23,-40.73644765266154,24.821589987439356,-45.26947794845644,-53.85467677774631,-33.368250874042815,20.4864259037035,-76.986770097711,44.65119519286743,-43.60032043790303,-2.617704092844395,1.6007734161265552,21,0.9130434782608695,2,0,0,-45.26947794845644,True,True
30,replication_2,both_fists_imagery,C4,central_12_13,24,7.892148459349152,79.76559527493205,-14.938883395811999,-28.39819437734515,22.448979445090938,50.84717382243609,-86.63711998078348,287.62075163144107,-5.6668943515957935,-0.703247924017272,2.332730028607866,15,0.625,9,0,3,-13.57454387936666,True,True
30,replication_2,both_fists_imagery,C3,central_12_13,24,-29.682720480639773,49.673728833412326,-50.26004981522786,-70.98121884867349,7.972462021002952,78.95368086967645,-87.44472442978456,74.65264122658772,-37.382471898251765,-3.0414494319482994,5.679501472848252,17,0.7083333333333334,7,0,3,-47.1505788356797,True,True
30,replication_2,both_fists_imagery,C3,mu,24,-17.49664906596697,53.893168610079385,-37.14658120720112,-55.42585994635618,-0.4016553295575669,55.02420461679861,-81.03525332009798,107.76517501730812,-27.584929382148232,-2.069048504923003,3.4396995016799385,18,0.75,6,0,3,-27.447136926714194,True,True
30,replication_2,both_fists_imagery,C4,mu,24,8.992229629304552,69.99895320016975,-12.873015310381659,-36.885448959129555,39.087033771882524,75.97248273101208,-73.85416885684947,170.91469622273235,-4.901548300010539,-0.5998536655747939,3.421177411958076,15,0.625,9,0,3,-10.676542682619791,True,True
30,replication_2,both_fists_imagery,Cz,mu,24,21.594154605113214,101.87601658178036,-20.37090526900389,-43.296559221159896,62.77505449517125,106.07161371633114,-81.48046854780966,305.0486232913073,-0.9624152997020925,-0.9962495012299141,4.571165543023148,14,0.5833333333333334,10,0,3,-24.877807730694833,True,True
30,replication_2,both_fists_imagery,Cz,beta,24,-14.060821938028875,31.708220572390236,-28.753178844503026,-34.33154770387917,-7.0981890874752445,27.233358616403923,-45.52322244041697,67.0524401115481,-21.929468829148234,-1.4723450881510112,1.506348333492427,19,0.7916666666666666,5,0,3,-28.748700053755066,True,True
30,replication_2,both_feet_imagery,C3,central_12_13,21,60.01945252139766,113.74633145706176,43.49558913216704,-2.266057647864742,67.2818961029366,69.54795375080134,-79.13393359591538,384.40728228468527,40.29938301775859,1.568385516274904,2.334035249501514,6,0.2857142857142857,15,0,1,43.32538628443554,True,True
30,replication_2,both_feet_imagery,C4,central_12_13,21,29.711533027559465,109.10116373167442,3.5435967956106422,-33.8349175772797,35.06088329934438,68.89580087662408,-58.53890716781931,423.7987129111749,2.8198462115656215,0.1512324700236724,3.099007278422986,10,0.47619047619047616,11,0,1,-6.031946021624856,False,True
30,replication_2,both_feet_imagery,C3,mu,21,42.191987970094566,76.91980204078838,53.08682044444807,4.087397145322203,73.11192376334728,69.02452661802508,-81.92672266404928,219.49674803302236,41.507882131907756,1.8493780301289062,2.2092883412755153,5,0.23809523809523808,16,0,1,46.42030600451188,True,True
30,replication_2,both_feet_imagery,Cz,mu,21,-4.596986759548418,53.88919237092751,-10.815380730532542,-48.10720409390438,15.896241277624476,64.00344537152885,-83.97054663006088,139.91349432873096,-12.865120356349827,-0.4971003735436169,3.489622807839298,13,0.6190476190476191,8,0,1,-11.25484707812477,True,True
30,replication_2,both_feet_imagery,C4,mu,21,3.3783289474548095,62.47686071677711,-7.705424641432816,-31.05107625359519,10.756847736694624,41.807923990289815,-74.71715492121304,205.23028556068695,-9.580581919361952,-0.34823824012802396,2.058430952703064,12,0.5714285714285714,9,0,1,-14.891111067800539,True,True
30,replication_2,both_feet_imagery,Cz,beta,21,-2.109306359783808,24.817082078358744,-1.0594717676774255,-18.067273246409616,4.067154792221319,22.134428038630936,-37.26397496386086,62.11757766116698,-5.475875991474672,-0.04625775316385146,1.038562724715516,12,0.5714285714285714,9,0,1,-2.8074568455201216,True,True
31,replication_2,both_fists_imagery,C4,central_12_13,23,-1.6943926910276716,61.49951278766858,-26.966482337711476,-38.47863466222787,13.468869133056776,51.947503795284646,-71.18828425534055,160.44037259907378,-15.226203863165109,-1.36477781043753,2.6326184579231797,16,0.6956521739130435,7,0,2,-26.966482337711476,True,True
31,replication_2,both_fists_imagery,C3,central_12_13,23,-14.62917785231453,40.02829560333924,-10.772546479517386,-44.16332980618249,2.683851363701711,46.8471811698842,-70.57101751730865,99.242824063785,-18.287141951575585,-0.49501501251183627,2.642574381228564,17,0.7391304347826086,6,0,2,-10.772546479517386,True,True
31,replication_2,both_fists_imagery,C3,mu,23,-17.314138747476814,35.719218668171216,-19.755442622085813,-43.885785950604316,14.66406161265196,58.54984756325628,-78.11024055378144,39.75517298309574,-15.998016237415356,-0.9558441413675585,3.218681853885388,14,0.6086956521739131,9,0,2,-16.79417222128454,True,True
31,replication_2,both_fists_imagery,C4,mu,23,-2.4404897571576845,48.62042400901543,-4.429184000353414,-36.0918726755226,12.873124591495493,48.96499726701809,-66.22479814028121,135.3413470481919,-7.789029106223088,-0.1967470589633052,2.4802356564828427,13,0.5652173913043478,10,0,2,-4.429184000353414,True,True
31,replication_2,both_fists_imagery,Cz,mu,23,-9.118865749231617,36.82441399901311,-21.93483419450481,-38.02267229600761,16.729563343157068,54.75223563916468,-68.21745136628769,78.96673378478368,-11.983727374548234,-1.075427135391335,2.744730946844205,13,0.5652173913043478,10,0,2,-23.574773281885932,True,True
31,replication_2,both_fists_imagery,Cz,beta,23,-3.79537422844883,36.28621243747872,-3.046583221999231,-34.13243783247019,12.375281930373294,46.50771976284348,-47.558750727073146,73.77844031358856,-8.744175959837424,-0.13436881152742106,2.3200317462479925,12,0.5217391304347826,11,0,2,-3.046583221999231,True,True
31,replication_2,both_feet_imagery,C3,central_12_13,22,-8.095591351162447,39.69917174656309,-11.149451207009221,-39.899919650413906,17.994951056013765,57.89487070642767,-64.73657395800525,84.11887650601926,-11.588307943341634,-0.5135615604826507,2.9543376605272,14,0.6363636363636364,8,0,1,-10.380360902179131,True,True
31,replication_2,both_feet_imagery,C4,central_12_13,22,6.157340882611432,53.86615805255672,-2.769744988342932,-28.34729733925514,30.281619359631957,58.628916698887096,-74.82009176835643,128.1574191203562,0.198903960066883,-0.12201007788854525,2.59604260177332,12,0.5454545454545454,10,0,1,-2.4443148744164382,True,True
31,replication_2,both_feet_imagery,C3,mu,22,14.90229713772343,73.97344809751279,-7.580580530177967,-41.96491337929023,69.35625943550517,111.3211728147954,-74.70938036217314,157.53147026682663,-1.7569882230316145,-0.3425540223360693,4.529907799949417,13,0.5909090909090909,9,0,1,-8.436792415936699,True,True
31,replication_2,both_feet_imagery,Cz,mu,22,4.78410969735136,49.08727868097457,-19.555958769112006,-28.171034330857832,38.75364286122447,66.9246771920823,-54.40441840951507,138.67195647575755,-3.6209108487394053,-0.9494750447550275,2.859322105274649,13,0.5909090909090909,9,0,1,-15.930987582632183,True,True
31,replication_2,both_feet_imagery,C4,mu,22,7.355792162790701,62.99173719911462,3.688487629505092,-43.19014598954027,45.52385447369964,88.71400046323991,-71.23929573639637,189.5978718766318,0.7377085659595289,0.15225355359977374,4.08534689119794,11,0.5,11,0,1,8.686829073576831,True,True
31,replication_2,both_feet_imagery,Cz,beta,22,2.128350756383753,36.52460771704365,-1.1391579128515132,-21.7499134226894,26.321729685291576,48.071643107980975,-60.67216610031495,88.80453687141261,1.9983238547544793,-0.049757125232556716,2.0799690691036274,12,0.5454545454545454,10,0,1,-1.1107403020699014,True,True
32,replication_2,both_fists_imagery,C4,central_12_13,22,-29.059209463630825,48.87429840699147,-42.53106065507518,-60.90185259873034,-1.9536198746487419,58.9482327240816,-81.02436924825871,117.10574415078024,-38.3140169484122,-2.4080845537528983,3.9919688598671064,17,0.7727272727272727,5,0,6,-44.54311270561587,True,True
32,replication_2,both_fists_imagery,C3,central_12_13,22,-28.80257107624737,49.97270596576419,-43.449539720284974,-61.29212951388498,-18.797015402558873,42.4951141113261,-89.31320618640986,91.6192555084223,-37.90932378820272,-2.488061217522881,3.2236407737223427,17,0.7727272727272727,5,0,6,-44.57863047202937,True,True
32,replication_2,both_fists_imagery,C3,mu,22,-26.989037989593704,35.29892181127237,-28.198557155876006,-53.300941265952886,-15.374556666689832,37.92638459926305,-86.70571871159929,42.82023217253498,-30.41467719311968,-1.4411218986937375,2.6145775351243357,18,0.8181818181818182,4,0,6,-31.951759099815803,True,True
32,replication_2,both_fists_imagery,C4,mu,22,-29.118940904672414,44.92878495777925,-45.723923713511596,-60.986268962541935,1.4964875430018978,62.48275650554383,-80.03933385333815,84.66678725325627,-38.16573662101033,-2.65397862384667,4.13208247430696,16,0.7272727272727273,6,0,6,-45.723923713511596,True,True
32,replication_2,both_fists_imagery,Cz,mu,22,-3.1641445364918326,56.30740843710515,-17.836094499151905,-46.18792221431413,25.83758760784767,72.0255098221618,-67.07638458845653,112.87661227732985,-12.961215675587123,-0.853228071576973,3.6846456413398228,14,0.6363636363636364,8,0,6,-19.901602778664074,True,True
32,replication_2,both_fists_imagery,Cz,beta,22,-31.160583586081938,26.382454617267143,-32.43069421369632,-54.94713597150727,-13.561292097503225,41.385843874004046,-71.47360124176195,32.59906787212229,-33.32891392576058,-1.702800480977842,2.8301595669099635,20,0.9090909090909091,2,0,6,-42.342186637527284,True,True
32,replication_2,both_feet_imagery,C3,central_12_13,23,-47.94684235028726,34.149578747597786,-54.8766578970783,-76.35797276284066,-33.903263170597995,42.454709592242665,-84.04123598736548,54.454244390102374,-54.02810006900521,-3.455987414027337,4.505113452044208,22,0.9565217391304348,1,0,5,-61.46903807962771,True,True
32,replication_2,both_feet_imagery,C4,central_12_13,23,-49.66752985077627,27.657565710214637,-59.19787737013756,-68.20446259602363,-34.674216239378566,33.530246356645065,-85.95101415823301,19.138047151840087,-53.78476528944343,-3.893172432224345,3.131432726457869,22,0.9565217391304348,1,0,5,-62.47512935658598,True,True
32,replication_2,both_feet_imagery,C3,mu,23,-44.86577260368189,28.412712184703995,-47.90360898457726,-63.19827974525572,-31.806814965267762,31.391464779987956,-82.34214331262643,35.98845694794693,-48.74692887343219,-2.831923614677603,2.622342625221819,22,0.9565217391304348,1,0,5,-53.77815415776537,True,True
32,replication_2,both_feet_imagery,Cz,mu,23,-23.252460220071356,29.74653716146796,-29.063609049120544,-44.158932555365745,-8.291501753161825,35.86743080220392,-75.61262840273034,46.03076250480513,-25.864416272396372,-1.4913091101476041,2.1547652135916855,20,0.8695652173913043,3,0,5,-23.29833102112424,True,True
32,replication_2,both_feet_imagery,C4,mu,23,-44.019925114046266,33.56692682642302,-51.451051597494335,-67.37838142711496,-33.84088814350204,33.53749328361292,-79.29365530897549,67.47473667230719,-50.35132402468785,-3.1382017271653573,3.0757210080288875,20,0.8695652173913043,3,0,5,-57.91284574757307,True,True
32,replication_2,both_feet_imagery,Cz,beta,23,-51.693470290399326,18.498835205252163,-57.323152249231825,-62.546157157470866,-41.690822004739815,20.85533515273105,-78.92126507363987,2.6490714728049634,-54.36019063672238,-3.6980766645012757,1.9070979998481046,22,0.9565217391304348,1,0,5,-60.215609570929075,True,True
33,replication_2,both_fists_imagery,C4,central_12_13,22,-38.67301217974495,54.05924973199889,-58.80836743229014,-77.18482426864837,-11.12574434530681,66.05907992334156,-86.29787065155891,88.29966758637883,-52.94538084009811,-3.8629190001915648,5.873152443269429,17,0.7727272727272727,5,0,8,-58.80836743229014,True,True
33,replication_2,both_fists_imagery,C3,central_12_13,22,-49.993600027858356,50.32531614365346,-72.33253395533387,-84.57673636099513,-33.50638410360603,51.0703522573891,-91.22689344083986,117.69863918665098,-62.82789720725447,-5.582544869519332,6.357260870311526,20,0.9090909090909091,2,0,8,-61.62440872716881,True,True
33,replication_2,both_fists_imagery,C3,mu,22,-40.39484939159561,70.44940420390915,-70.6256201221372,-89.28015816530076,-27.56471697072981,61.71544119457096,-94.61189090663021,146.08534466014237,-62.27967891321915,-5.325069419925617,8.3699234675196,18,0.8181818181818182,4,0,8,-57.852458042871675,True,True
33,replication_2,both_fists_imagery,C4,mu,22,-24.698394989644136,87.66083586596494,-68.22863982361378,-79.46158438490993,-25.11669935583587,54.34488502907406,-86.05028016058459,257.2698285913413,-53.006114952332716,-4.982852041997692,5.626665435464423,17,0.7727272727272727,5,0,8,-70.5383680194704,True,True
33,replication_2,both_fists_imagery,Cz,mu,22,-12.599524626174178,36.959295883785664,-15.22300612540219,-41.28072992343591,-3.2466586646044604,38.03407125883145,-60.97549195084093,64.7978434590367,-18.833619991559456,-0.7178015971624838,2.171373363722625,17,0.7727272727272727,5,0,8,-11.585992898452306,True,True
33,replication_2,both_fists_imagery,Cz,beta,22,6.115896571285336,33.58329822437185,5.385979593612942,-16.839637330463656,25.457407131011546,42.2970444614752,-45.65322873507644,72.37178464915871,3.739178115806042,0.22768784405552378,1.7862197852931594,9,0.4090909090909091,13,0,8,-4.10749790849075,False,True
33,replication_2,both_feet_imagery,C3,central_12_13,23,-2.4815973258645854,67.7795558404523,-16.455124110553335,-49.60381894395188,36.829287930684764,86.43310687463665,-82.73124865152685,217.64476779333575,-8.913268753882956,-0.7808018181106479,4.36207593551949,13,0.5652173913043478,10,0,2,-16.455124110553335,True,True
33,replication_2,both_feet_imagery,C4,central_12_13,23,2.5502332610841134,93.02657979157637,-18.743208089218964,-69.08128171471,34.765459190474175,103.84674090518418,-89.00016146249611,312.96861699284193,-16.540755921551735,-0.9014032799715777,6.393325422226231,13,0.5652173913043478,10,0,2,-6.779812789618544,True,True
33,replication_2,both_feet_imagery,C3,mu,23,21.882577557018955,81.49742638800723,19.460589499371196,-46.541716092177474,62.219765304611784,108.76148139678926,-81.26786065460018,212.97708672446842,12.067705613677814,0.7722465351914221,4.959836143199971,10,0.43478260869565216,13,0,2,27.357872302821562,True,True
33,replication_2,both_feet_imagery,Cz,mu,23,14.948300203990748,44.544804173620136,18.33599189140558,-5.870028199525347,27.098789910466262,32.96881810999161,-70.2678790842394,96.12759264020764,14.677704304891911,0.7311685538442436,1.3080421792773829,8,0.34782608695652173,15,0,2,21.34779278055609,True,True
33,replication_2,both_feet_imagery,C4,mu,23,14.795178934635079,104.23488072853972,-24.795736622220335,-65.47246979289632,50.138506518889756,115.61097631178608,-91.51778168767837,350.60886144212265,-7.744615332968165,-1.2375753827857203,6.383131617384708,12,0.5217391304347826,11,0,2,16.832898821422116,False,True
33,replication_2,both_feet_imagery,Cz,beta,23,2.6323976914759912,48.42759639129009,-6.935122877029927,-26.533365306708212,30.879727681830644,57.41309298853886,-70.3343371971154,116.23179373187381,-2.6110412008118185,-0.31214191732988694,2.50928116290216,13,0.5652173913043478,10,0,2,-6.935122877029927,True,True
34,replication_2,both_fists_imagery,C4,central_12_13,21,-43.74657972192081,49.93039003892533,-68.31150045010355,-79.83261507710577,-27.01700380246817,52.815611274637604,-94.05838045387577,66.79301738378943,-55.31748003745024,-4.990983241617856,5.585721011496712,16,0.7619047619047619,5,0,3,-69.05237801806456,True,True
34,replication_2,both_fists_imagery,C3,central_12_13,21,-56.183342276699456,32.53552303489329,-65.17693134780573,-79.40489650236094,-35.681941040114644,43.7229554622463,-94.04952730529277,24.20087336660616,-62.70411149915218,-4.581329609615484,4.945689506830364,19,0.9047619047619048,2,0,3,-66.57191014745106,True,True
34,replication_2,both_fists_imagery,C3,mu,21,-60.52097973611118,36.14939569606267,-71.89654202103405,-84.83003329163216,-50.388990970344175,34.44104232128799,-96.65661774497259,30.89125272806246,-70.21552051267665,-5.512402392128339,5.1459343246980636,19,0.9047619047619048,2,0,3,-75.00221033922733,True,True
34,replication_2,both_fists_imagery,C4,mu,21,-55.85260783226173,39.34669297863446,-70.642085485568,-87.19599045596192,-38.633392827732486,48.56259762822943,-94.76658689489686,64.40994966346008,-63.612839325086654,-5.322747984508905,6.805861235468557,20,0.9523809523809523,1,0,3,-71.3295492947017,True,True
34,replication_2,both_fists_imagery,Cz,mu,21,-32.75742431161655,42.910291899754526,-47.40065348189248,-59.909170818455124,-19.71397810859235,40.19519270986277,-88.4399036272995,101.74351771971456,-39.2578281325972,-2.7901965138509888,3.0159490083091605,18,0.8571428571428571,3,0,3,-47.50697033257517,True,True
34,replication_2,both_fists_imagery,Cz,beta,21,-3.1203180386225657,40.723997686416716,-2.1815756692550154,-38.534915178929936,16.012156623347753,54.547071802277685,-55.18791254361399,95.90163891179287,-10.643504388582844,-0.09579337118643173,2.7587501496348086,13,0.6190476190476191,8,0,3,-14.746742903925789,True,True
34,replication_2,both_feet_imagery,C3,central_12_13,21,19.969865162557525,122.94917064398415,-12.867307530979751,-48.5027479537638,41.72668407535181,90.22943202911561,-87.88068223167872,499.4577800451565,-6.367977768954475,-0.5981886571605157,4.396675710258566,12,0.5714285714285714,9,0,1,-13.690872390925716,True,True
34,replication_2,both_feet_imagery,C4,central_12_13,21,29.60024085970402,172.59327193779012,-14.218935065972552,-42.97209411643431,18.85156229322582,61.82365640966013,-87.24946304804635,707.2891663262801,-16.314930683795975,-0.6660856648933468,3.1891747067351623,15,0.7142857142857143,6,0,1,-13.24354139101872,True,True
34,replication_2,both_feet_imagery,C3,mu,21,47.2401237321556,187.82232867764682,6.242517017531123,-31.238110114958033,73.2437380221505,104.48184813710853,-93.89519978072286,809.1221582899543,5.898862053515638,0.26298351122923314,4.013097412469165,10,0.47619047619047616,11,0,1,-5.07233013338725,False,True
34,replication_2,both_feet_imagery,Cz,mu,21,-29.144511385920644,58.41678245660873,-49.57741070677823,-72.37349412547,-5.496425795183576,66.87706833028642,-86.4361946645277,113.94385561438628,-45.182152668689824,-2.9737485626201705,5.341222742005259,16,0.7619047619047619,5,0,1,-50.13758404432444,True,True
34,replication_2,both_feet_imagery,C4,mu,21,38.47674945112652,192.11393711608946,-6.211845338993969,-48.36768228866826,31.38264589724966,79.75032818591792,-92.26436139643327,811.2886491404113,-7.5218644327724595,-0.2785200906455466,4.056163833866388,11,0.5238095238095238,10,0,1,-2.8914937232655387,True,True
34,replication_2,both_feet_imagery,Cz,beta,21,4.898419389221916,30.94176023898299,-0.5994426731162894,-16.789063528393626,21.698953750264312,38.488017278657935,-43.9831572535074,71.89648608022434,1.493384515421453,-0.02611180559309883,1.6510643493307477,11,0.5238095238095238,10,0,1,-3.016461082640475,True,True
35,replication_2,both_fists_imagery,C4,central_12_13,24,-53.02944591845236,31.060370039850866,-56.82824953381566,-80.70602462141512,-29.6242302528991,51.08179436851603,-95.12091886054048,11.899088414843487,-57.208038747853266,-3.6515415368980655,5.620765387315582,23,0.9583333333333334,1,0,1,-58.570183979526355,True,True
35,replication_2,both_fists_imagery,C3,central_12_13,24,-38.55349104373416,58.531959902823004,-46.98298038912555,-80.33759657130305,-19.101959379279926,61.23563719202313,-95.1597545788837,185.86577427658955,-48.683329191969236,-2.7562642934138895,6.144916274676861,20,0.8333333333333334,4,0,1,-47.71798425870728,True,True
35,replication_2,both_fists_imagery,C3,mu,24,-41.674391216488566,32.6766508830387,-47.28363949073962,-55.809757978620574,-25.040976814204342,30.768781164416232,-89.9689687901344,37.06276662466847,-44.06444986325054,-2.7817374832458657,2.3000628544733446,21,0.875,3,0,1,-48.518414552467384,True,True
35,replication_2,both_fists_imagery,C4,mu,24,-37.60783576866864,39.838906412939934,-39.316317316854196,-63.26226051585509,-22.35711534622066,40.90514516963443,-92.08361982877274,69.54485657693883,-42.2914419099031,-2.1714360471614507,3.2357244067724706,21,0.875,3,0,1,-41.227685561961316,True,True
35,replication_2,both_fists_imagery,Cz,mu,24,-27.915134598859666,41.13763751832593,-34.821332103074305,-57.41254761344304,-5.703392423694011,51.709155189749026,-88.68519561113422,53.83721664476268,-33.45734724573433,-1.8597865472942439,3.4503678040341876,19,0.7916666666666666,5,0,1,-36.1041780552446,True,True
35,replication_2,both_fists_imagery,Cz,beta,24,-16.707412431344753,25.806363960578516,-19.493762461862527,-31.661901551963897,-4.7831593082564625,26.878742243707435,-63.83478555172322,46.27232102471531,-17.728402774455294,-0.9426931385885466,1.4410900521128154,19,0.7916666666666666,5,0,1,-17.77633436323314,True,True
35,replication_2,both_feet_imagery,C3,central_12_13,21,131.04233155030275,292.22145128036476,2.9899232185965543,-28.917511576213485,107.18741475557121,136.1049263317847,-72.8826324992066,1116.9977017454412,32.091389396258855,0.12794734368810343,4.64600748415082,10,0.47619047619047616,11,0,1,27.617690415991145,True,True
35,replication_2,both_feet_imagery,C4,central_12_13,21,76.13253799468244,154.7045217679543,-6.363738223875912,-31.86198482158565,125.00333242722516,156.8653172488108,-57.88128810969635,470.586863048028,31.257559994937957,-0.2855593289092105,5.187994716419555,11,0.5238095238095238,10,0,1,17.049575040913997,False,True
35,replication_2,both_feet_imagery,C3,mu,21,75.32541662509996,179.6870462137144,14.878545269116861,-32.16147471572457,74.24337293130985,106.40484764703442,-69.33888695304714,607.5372109984116,15.532204364251909,0.6023892737180302,4.096798709966042,10,0.47619047619047616,11,0,1,15.490585751874775,True,True
35,replication_2,both_feet_imagery,Cz,mu,21,24.663758883357126,80.96357158180345,-6.1547796263310826,-30.75334940775232,47.81144578224116,78.56479518999348,-59.27287936132614,240.28489381461884,3.4833554711374077,-0.27587841510409034,3.2930929321160027,11,0.5238095238095238,10,0,1,-2.9316924388132355,True,True
35,replication_2,both_feet_imagery,C4,mu,21,43.23779136034645,113.06726015622387,0.625386554994569,-31.053841933183744,43.275405023764634,74.32924695694838,-47.792000793674426,327.8438312496294,4.457867298343445,0.027075617324828598,3.1766157413180283,10,0.47619047619047616,11,0,1,12.068593146090787,True,True
35,replication_2,both_feet_imagery,Cz,beta,21,5.056413777996089,46.086930062512174,-14.687283187954252,-32.526842821687715,33.89339750129995,66.42024032298767,-42.82761728119374,104.14186987682142,-2.3809922350676134,-0.6898622757036832,2.976281298078785,11,0.5238095238095238,10,0,1,-16.876334813204224,True,True
36,replication_2,both_fists_imagery,C4,central_12_13,22,-19.871192987252098,52.936134534707776,-33.13495683659151,-54.415011723687726,0.16211170159524002,54.57712342528296,-79.28579545253906,158.66635394167125,-30.839251246211347,-1.7480985263150162,3.39807652293349,16,0.7272727272727273,6,0,3,-32.704923449416945,True,True
36,replication_2,both_fists_imagery,C3,central_12_13,22,-24.031331055051417,70.72876791919195,-42.79808883878873,-72.92845933682628,-9.714067311150888,63.214392025675394,-87.89442185404427,195.60903350060264,-43.17775477429584,-2.4335561602232127,5.230344587116539,18,0.8181818181818182,4,0,3,-46.1928465829152,True,True
36,replication_2,both_fists_imagery,C3,mu,22,-23.57654233173403,54.65225901672246,-39.47151372230653,-70.00896230955775,-4.042419221200841,65.9665430883569,-75.03441778051793,90.08099054330148,-37.735653009588816,-2.1858451243880053,5.050922635110431,17,0.7727272727272727,5,0,3,-42.50009947767131,True,True
36,replication_2,both_fists_imagery,C4,mu,22,-15.117672161913537,62.253963327208325,-37.48438712906071,-54.974571875853755,-3.202645360108444,51.771926515745314,-70.59507166167555,198.17015868564374,-30.277583306566253,-2.057958107966285,3.327375124874159,17,0.7727272727272727,5,0,3,-31.829105850460717,True,True
36,replication_2,both_fists_imagery,Cz,mu,22,9.434953141078092,86.922039244958,-25.808865784617055,-53.49574646354458,34.74734314058544,88.24308960413002,-64.63334955824949,266.3750368339376,-13.385290048820613,-1.2965534414158943,4.620684798579268,13,0.5909090909090909,9,0,3,-25.377095831141077,True,True
36,replication_2,both_fists_imagery,Cz,beta,22,-29.856240897018008,19.53944911546223,-33.451591867949006,-45.507039233622734,-22.4905499119036,23.016489321719135,-54.89415746316819,13.925178572185162,-33.5625148280616,-1.768652188585023,1.530781393229676,19,0.8636363636363636,3,0,3,-33.69438060597148,True,True
36,replication_2,both_feet_imagery,C3,central_12_13,23,-39.28644244257037,46.44464655884074,-55.30739312294223,-73.50625277478284,-16.632192722126987,56.87406005265585,-85.44078625928493,84.3077366276581,-50.37600217365518,-3.4976431261863246,4.979129004401331,19,0.8260869565217391,4,0,1,-54.662213079067335,True,True
36,replication_2,both_feet_imagery,C4,central_12_13,23,-32.765357857056,57.08040208601826,-50.388559115135735,-67.8966895620878,-25.534852866407903,42.3618366956799,-87.91133048226104,137.73535685312976,-47.702973837223226,-3.044181593927944,3.6426244448174017,18,0.782608695652174,5,0,1,-49.80448731427808,True,True
36,replication_2,both_feet_imagery,C3,mu,23,-34.127502183897654,38.01010801403177,-52.537674561973205,-62.614286527695,-9.7793346023871,52.8349519253079,-81.58503812262241,58.561875435487465,-39.09004075103203,-3.236509871435054,3.816311307148418,18,0.782608695652174,5,0,1,-42.04729520201633,True,True
36,replication_2,both_feet_imagery,Cz,mu,23,-19.441550582775584,51.60692430038219,-33.99172044925822,-59.9581996163056,11.451215672106057,71.40941528841165,-71.76085027269856,148.3485475794919,-27.60008835927225,-1.8040158661451806,4.428774362722084,16,0.6956521739130435,7,0,1,-28.1683104987289,True,True
36,replication_2,both_feet_imagery,C4,mu,23,-32.52886913340972,54.24946618754302,-55.0747718273105,-63.690099083222776,-22.361081232702322,41.32901785052046,-80.0289567164461,124.48732108728491,-47.72288596840733,-3.475097084563102,3.3078683186177655,19,0.8260869565217391,4,0,1,-54.03682558947024,True,True
36,replication_2,both_feet_imagery,Cz,beta,23,-38.873933369334644,20.99694855969178,-43.70578657416807,-52.066240247012544,-32.57848425165553,19.487755995357013,-71.69747441392992,29.44864852650257,-42.33482390032571,-2.4953624469372566,1.4809373547818159,22,0.9565217391304348,1,0,1,-41.85842703668769,True,True
37,replication_2,both_fists_imagery,C4,central_12_13,21,12.092487431337329,45.92442167162172,10.64848674401776,-5.936099634830453,31.70888424645852,37.64498388128897,-67.06153338770137,120.80920152191733,10.772693438041346,0.43945478785492886,1.4619208787300444,7,0.3333333333333333,14,0,6,10.64848674401776,True,True
37,replication_2,both_fists_imagery,C3,central_12_13,21,13.732588604044663,48.538127684219916,-1.9915901453110485,-20.602220097987097,48.56943344530183,69.17165354328893,-57.526972442218714,124.21341444923188,8.690850255967531,-0.08736656993414205,2.7212110824156417,12,0.5714285714285714,9,0,6,-0.5864598188000355,True,True
37,replication_2,both_fists_imagery,C3,mu,21,15.174207822389633,50.97895060017958,3.261252596644027,-13.113167740561398,26.630407341329274,39.74357508189067,-48.374075679543466,159.78577467119464,5.017279609647672,0.13937388893569802,1.6358404000209288,9,0.42857142857142855,12,0,6,-11.130476052881116,False,True
37,replication_2,both_fists_imagery,C4,mu,21,4.4053392653021755,37.6556295148269,0.42833034470438536,-24.051365578633607,18.280659342716966,42.33202492135057,-52.866851615216405,93.03319570978007,-0.7177783817731973,0.018562424584381728,1.9239376726099895,10,0.47619047619047616,11,0,6,0.42833034470438536,True,True
37,replication_2,both_fists_imagery,Cz,mu,21,5.611782280333565,38.94616884240326,2.4628162584531204,-25.16974854710258,31.27386467205365,56.443613219156234,-57.322055905612046,96.94793668486302,0.8195928012479698,0.10566288576209414,2.4410106637000153,9,0.42857142857142855,12,0,6,4.306493475608957,True,True
37,replication_2,both_fists_imagery,Cz,beta,21,8.926748766395102,33.684256149214086,3.1720966156317676,-12.689997366467095,35.99059230752996,48.680589673997055,-41.268649931722464,81.53350417744099,6.182241029465661,0.1356225616295737,1.9244486403416576,9,0.42857142857142855,12,0,6,3.1720966156317676,True,True
37,replication_2,both_feet_imagery,C3,central_12_13,21,12.165466421304883,70.11624589015524,-0.5426731393058796,-31.345049709529906,32.14562530680401,63.49067501633391,-57.408086510004715,254.49664701728432,-0.6874193480677758,-0.023632175877176618,2.8438093331383216,11,0.5238095238095238,10,0,5,0.49238521322944545,False,True
37,replication_2,both_feet_imagery,C4,central_12_13,21,11.744624082513983,57.87129395061899,-5.223392072388183,-24.90785103640271,27.149935217620033,52.057786254022744,-63.51896903269138,161.88788130276535,-2.428903490298111,-0.23298838838584235,2.2872161023132245,12,0.5714285714285714,9,0,5,-6.714510033927838,True,True
37,replication_2,both_feet_imagery,C3,mu,21,3.69734075843225,43.83472825981524,-10.042289185315154,-15.201637843742544,27.525993082448505,42.72763092619105,-66.61485088771981,118.02691356878435,-2.9533529659765696,-0.4596160473929503,1.7721125006800433,15,0.7142857142857143,6,0,5,-10.120821202090198,True,True
37,replication_2,both_feet_imagery,Cz,mu,21,15.095447033943266,47.228126335710016,9.12092034963615,-21.986339781779314,44.03379833175947,66.02013811353879,-49.708795514457016,155.83696416206786,9.27881978456454,0.3790802026220944,2.6629375920996425,8,0.38095238095238093,13,0,5,10.773721876022453,True,True
37,replication_2,both_feet_imagery,C4,mu,21,15.46321513456999,45.04881612517801,13.682540193615939,-18.742617296249076,33.773921477502526,52.516538773751606,-48.19412173427074,148.18210844580727,10.061118880130364,0.5569376917473593,2.165086286456651,8,0.38095238095238093,13,0,5,12.289573247966427,True,True
37,replication_2,both_feet_imagery,Cz,beta,21,15.35338571176683,45.25999750452467,11.909747116359442,-19.801525413043137,43.40190061791083,63.20342603095397,-50.82678219851943,136.96100079879903,12.717940731630183,0.4886791436119995,2.523887995398785,7,0.3333333333333333,14,0,5,9.242296571496,True,True
38,replication_2,both_fists_imagery,C4,central_12_13,23,11.605501362242265,62.83800501062695,-1.0652502093736727,-29.840297979959566,35.63238376559711,65.47268174555668,-70.004937496553,197.07674311270063,0.939422731523553,-0.04651140236838747,2.862938427849927,12,0.5217391304347826,11,0,5,-0.1711767046038144,True,True
38,replication_2,both_fists_imagery,C3,central_12_13,23,11.075368598929122,57.16246269672832,-1.4684808093771728,-27.067485839194212,26.311505213995886,53.3789910531901,-60.078402667962735,168.50155037813224,2.6296639169822154,-0.06424821066782144,2.373905603997248,12,0.5217391304347826,11,0,5,-1.9972252018887795,True,True
38,replication_2,both_fists_imagery,C3,mu,23,10.088291438395311,35.73254595214229,9.825009639739841,-9.64174185107435,26.599251268026286,36.24099311910064,-56.478359054573986,83.80767613244014,9.099745630540196,0.407012500569632,1.4636680944372449,8,0.34782608695652173,15,0,5,12.850373030332344,True,True
38,replication_2,both_fists_imagery,C4,mu,23,5.458638811387169,43.65876344710262,-6.782706580130014,-29.41607095872958,30.92355166255504,60.33962262128462,-57.50163320661775,81.86228523511402,1.0531268493788977,-0.3050351103527042,2.6874083418278887,12,0.5217391304347826,11,0,5,1.807095369086146,False,True
38,replication_2,both_fists_imagery,Cz,mu,23,13.21145503384982,43.96574357278566,18.256438409257083,-23.307469821394246,49.696570222787415,73.00404004418166,-62.1078568724501,105.09761007899696,10.342072430146134,0.7282479498695975,2.905184093742319,10,0.43478260869565216,13,0,5,-0.3890371255515013,False,True
38,replication_2,both_fists_imagery,Cz,beta,23,9.01946402953527,39.864078614366996,2.014325712538955,-15.05498384822927,31.72484302506091,46.779826873290176,-56.78376294942003,88.00312643537771,5.538904381547955,0.08661163340753922,1.9065275544549913,11,0.4782608695652174,12,0,5,3.456397782728444,True,True
38,replication_2,both_feet_imagery,C3,central_12_13,22,18.119992736010122,61.851625986691,-1.9905885336343245,-36.82678403385326,52.09902645715156,88.92581049100482,-50.719695630063285,144.62246708781853,5.172674513591856,-0.08790563390169528,3.8155935057888097,12,0.5454545454545454,10,0,1,-3.5970199960466873,True,True
38,replication_2,both_feet_imagery,C4,central_12_13,22,24.86098042127908,93.79529560865262,-21.052794329441426,-32.2190611450409,68.8043425360079,101.02340368104879,-61.98271508317279,295.26216464956383,0.31662898766126596,-1.03532386710128,3.9590313531304293,14,0.6363636363636364,8,0,1,-26.042471183065718,True,True
38,replication_2,both_feet_imagery,C3,mu,22,6.177067868643772,44.31072191476077,-3.2252537303468314,-26.24913408755426,29.663972905446027,55.913106993000284,-55.420218083845356,103.57095521057616,1.005357461320018,-0.14293451647687916,2.4527616690048752,12,0.5454545454545454,10,0,1,-4.772203298542038,True,True
38,replication_2,both_feet_imagery,Cz,mu,22,9.432373295565311,46.5077227621421,-2.5159558527012087,-26.29117991061502,43.49907306771776,69.79025297833277,-50.935211314904336,135.74826447081207,4.3796929647766465,-0.11835712920015087,2.892970736768191,11,0.5,11,0,1,-8.312989120759264,True,True
38,replication_2,both_feet_imagery,C4,mu,22,12.116574112172868,64.1857381118965,-2.051424635553281,-30.73411939866922,47.335837419097,78.06995681776621,-66.21591899590086,205.39840389063406,4.123381067905769,-0.10363918542327233,3.2779706721587285,11,0.5,11,0,1,-9.796677234783813,True,True
38,replication_2,both_feet_imagery,Cz,beta,22,14.219183165694472,38.31102851311787,4.453574867493502,-12.490588513369824,28.339040429921184,40.829628943291006,-36.72652305633114,94.93886336019801,7.9569422375032355,0.18319724130998327,1.6632928997892158,11,0.5,11,0,1,-1.0495993813101894,False,True
39,replication_2,both_fists_imagery,C4,central_12_13,23,26.868678994778545,80.95737573146405,18.66285630165879,-31.441024387192634,54.92180908296078,86.36283347015342,-70.57377518925122,284.5681240333294,14.774391570618413,0.7431479791277295,3.563900027116225,11,0.4782608695652174,12,0,1,20.334853461078968,True,True
39,replication_2,both_fists_imagery,C3,central_12_13,23,35.02881770988875,131.21173371962715,-10.686809674868877,-50.6793632785019,54.43259780580842,105.11196108431032,-82.82325004364195,419.61988457561046,0.08966624195424515,-0.490843970757422,5.005289585664803,13,0.5652173913043478,10,0,1,-10.290638289280462,True,True
39,replication_2,both_fists_imagery,C3,mu,23,23.03755877127738,88.63557007115686,-3.318639215005459,-39.412135980095584,66.92862066903146,106.34075664912704,-72.70883382625847,266.992669182816,2.8507652229978695,-0.146572455497084,4.399934371548278,13,0.5652173913043478,10,0,1,-2.2545710417758373,True,True
39,replication_2,both_fists_imagery,C4,mu,23,29.087146339288235,81.58537183875764,11.237394468023076,-27.943288541479856,62.98158111221743,90.92486965369729,-78.26935783422451,278.15607789886826,15.641370974758756,0.4625080775943266,3.5436973494324806,9,0.391304347826087,14,0,1,12.990491088796233,True,True
39,replication_2,both_fists_imagery,Cz,mu,23,22.72636576263838,83.11188361291933,-2.9787810937468584,-24.682377698865515,47.15915281414302,71.84153051300854,-84.49153145884529,229.96429549286958,7.802217124121349,-0.13133273505725163,2.903872572025278,12,0.5217391304347826,11,0,1,7.190112829487153,False,True
39,replication_2,both_fists_imagery,Cz,beta,23,27.30566146535472,93.28750079007978,-3.217227356771513,-27.06960402429862,42.979768733694186,70.04937275799281,-54.33983788305757,316.2931828543096,-0.09611835574193747,-0.14201940334379393,2.9259707434687017,13,0.5652173913043478,10,0,1,-8.233146721310067,True,True
39,replication_2,both_feet_imagery,C3,central_12_13,22,-5.74143525866115,52.205739799365496,-15.063946472274765,-40.36050290998425,26.528754810442162,66.88925772042641,-89.38980014670427,139.92568061366606,-12.305520841255278,-0.7158952706124584,3.2657829128572056,14,0.6363636363636364,8,0,0,-15.063946472274765,True,True
39,replication_2,both_feet_imagery,C4,central_12_13,22,-1.8138609438276765,55.95359880143183,-27.09422265915033,-36.93921709046898,14.873589025958264,51.81280611642724,-71.40105019858616,130.66497866350343,-15.138403729024583,-1.3725159937646847,2.605716927234262,13,0.5909090909090909,9,0,0,-27.09422265915033,True,True
39,replication_2,both_feet_imagery,C3,mu,22,-8.269238389312482,37.91510374277641,-11.26131949622297,-28.787385612151617,10.024288161901747,38.81167377405336,-66.53718084270221,104.35810984329483,-10.105412512781252,-0.5191249180937013,1.8979826300123785,14,0.6363636363636364,8,0,0,-11.26131949622297,True,True
39,replication_2,both_feet_imagery,Cz,mu,22,7.741231771608378,66.84275174324867,-9.264974780920555,-36.31988629896662,38.390381437220015,74.71026773618664,-73.65774591075271,146.52349782725167,-2.6736518164525855,-0.42290200803513783,3.3805500990846937,12,0.5454545454545454,10,0,0,-9.264974780920555,True,True
39,replication_2,both_feet_imagery,C4,mu,22,-1.058877053882064,56.71869863439019,-16.85882867303402,-36.15771024924697,17.133130622195985,53.29084087144295,-69.72018098131932,162.3365585229689,-12.66484003537215,-0.8020599196193586,2.635879614165461,14,0.6363636363636364,8,0,0,-16.85882867303402,True,True
39,replication_2,both_feet_imagery,Cz,beta,22,-16.05278872105203,42.33555470461984,-24.349467165618854,-40.659705826407986,-1.7069268599423506,38.95277896646564,-80.01383027767083,118.66336842435098,-21.708225055630436,-1.2144780598306872,2.1955538355897337,17,0.7727272727272727,5,0,0,-24.349467165618854,True,True
40,replication_2,both_fists_imagery,C4,central_12_13,22,14.85882432228935,45.4015882750848,3.2656553126170147,-8.205199947347625,28.815441696207934,37.02064164355556,-58.83542672968498,152.1530333428294,7.01650802613459,0.13949705073955443,1.4715432850202705,10,0.45454545454545453,12,0,5,2.7138551289972836,True,True
40,replication_2,both_fists_imagery,C3,central_12_13,22,13.276346998561989,47.97882608564228,-9.134915156834726,-26.364293619858948,46.619815804296266,72.9841094241552,-41.83779118802021,105.83773944370672,4.5303345671759345,-0.4160669419303461,2.990502209433874,12,0.5454545454545454,10,0,5,-8.758290259411439,True,True
40,replication_2,both_fists_imagery,C3,mu,22,2.8542041993192324,36.789617031416924,-12.047643476516768,-20.37259099944208,17.830495655280597,38.20308665472268,-51.64096261812999,77.72808923504302,-4.367990515351154,-0.5580070591784535,1.7030986262549663,14,0.6363636363636364,8,0,5,-10.160832739367216,True,True
40,replication_2,both_fists_imagery,C4,mu,22,1.7782430623882222,25.788779363452488,-7.384814376622124,-16.252501693188993,19.082707137373042,35.33520883056204,-33.26491523431765,46.23933165447057,-1.8387713218012929,-0.33543730413678285,1.5287176121139323,13,0.5909090909090909,9,0,5,-2.6672988054482336,True,True
40,replication_2,both_fists_imagery,Cz,mu,22,23.201025389467954,109.51546767176546,-8.579712220706023,-28.5906958786713,19.528018880744035,48.11871475941534,-61.869375324048065,372.77768579453755,-5.289162219101849,-0.38962060712013225,2.24294472369159,13,0.5909090909090909,9,0,5,-8.15690223291854,True,True
40,replication_2,both_fists_imagery,Cz,beta,22,5.009670753382294,97.4141852075188,-11.503884596529343,-31.536298303066182,1.4889487571637927,33.02524706022997,-57.916374327982815,427.59291441075277,-13.952538546169311,-0.5312823524030479,1.7150360932465774,16,0.7272727272727273,6,0,5,-10.128692449575,True,True
40,replication_2,both_feet_imagery,C3,central_12_13,23,13.246956199781513,47.451953548724155,-8.452036300581533,-19.05114612953507,49.98171270511201,69.03285883464707,-55.81834512573628,90.9301295101267,10.44975887180381,-0.38351311263336874,2.6669818903442764,12,0.5217391304347826,11,0,6,-9.233932162625901,True,True
40,replication_2,both_feet_imagery,C4,central_12_13,23,13.51888239371279,41.757212629496166,6.220667866669141,-16.479101522825264,45.51852489998447,61.99762642280973,-61.33854583162693,77.91369728901269,13.812426800700086,0.26209027735511564,2.4112475570064253,9,0.391304347826087,14,0,6,6.220667866669141,True,True
40,replication_2,both_feet_imagery,C3,mu,23,-0.9699803768734578,36.32281555234509,-10.366438249215955,-32.946397729812574,28.083095091018606,61.02949282083118,-53.65624610595515,63.280403153326915,-3.243892826121617,-0.47529345761753017,2.8108727023474076,13,0.5652173913043478,10,0,6,-11.443508745246923,True,True
40,replication_2,both_feet_imagery,Cz,mu,23,11.636275225000391,66.38413620740131,-2.4625776972812985,-26.195874757401903,33.767550402164375,59.96342515956628,-74.19381504148058,221.41765167345815,1.5277465871226104,-0.1082872603067182,2.589466104885893,13,0.5652173913043478,10,0,6,-1.0142329056838846,True,True
40,replication_2,both_feet_imagery,C4,mu,23,7.901640859241635,40.24176300652912,11.132014958329744,-19.195091220424878,34.50679088491394,53.70188210533882,-65.65030517129435,92.12457178483317,9.79004570326506,0.4583918870526957,2.253019954188387,9,0.391304347826087,14,0,6,16.046655659789973,True,True
40,replication_2,both_feet_imagery,Cz,beta,23,-6.496421829280378,55.8469571882056,-18.016960793077597,-25.497083607298002,6.7500620255365025,32.2471456328345,-82.76593144646581,205.09682854988648,-12.01005478329773,-0.8627598591790515,1.558165653161175,15,0.6521739130434783,8,0,6,-19.810448193922017,True,True
41,replication_2,both_fists_imagery,C4,central_12_13,21,-10.819258557113837,46.592781465996175,-20.064098658087005,-46.641419025357465,3.3143835199084752,49.95580254526594,-71.06171296705644,97.90092487786255,-19.887357858898746,-0.9725812365440254,2.869565172154206,14,0.6666666666666666,7,0,0,-20.064098658087005,True,True
41,replication_2,both_fists_imagery,C3,central_12_13,21,8.935641478167776,72.58386202852587,-7.699075014248769,-28.259088270438184,19.29824392036747,47.55733219080565,-83.14305405070102,222.81083056235903,-3.390095734109462,-0.34793946707623047,2.208671592000012,12,0.5714285714285714,9,0,0,-7.699075014248769,True,True
41,replication_2,both_fists_imagery,C3,mu,21,18.417770161910965,66.52724674391453,8.962700796662688,-32.496046567485564,29.142932050326596,61.63897861781216,-71.01955902414606,155.9543913408019,4.557184328875081,0.3727785931311809,2.8174143392673203,9,0.42857142857142855,12,0,0,8.962700796662688,True,True
41,replication_2,both_fists_imagery,C4,mu,21,-2.7284222224927737,48.10841514115828,-10.829446122945352,-40.926812010270254,22.257390355939705,63.18420236620996,-63.40307791427152,125.79585574770915,-8.974899218175874,-0.49778535758031006,3.1588471235871087,12,0.5714285714285714,9,0,0,-10.829446122945352,True,True
41,replication_2,both_fists_imagery,Cz,mu,21,20.378737484623386,52.46754759746796,35.41657380933706,-35.86444593944175,60.585648762277465,96.45009470171922,-61.32351489240862,104.84771220091282,20.27603747837668,1.3167182146463685,3.9860787967805837,9,0.42857142857142855,12,0,0,35.41657380933706,True,True
41,replication_2,both_fists_imagery,Cz,beta,21,9.989803194491865,52.43049186590095,5.1925398203522874,-29.774464265220384,36.403608802802154,66.17807306802254,-54.52803001119411,125.04871719883309,3.195226030038182,0.21984941055947288,2.8833079949314175,10,0.47619047619047616,11,0,0,5.1925398203522874,True,True
41,replication_2,both_feet_imagery,C3,central_12_13,21,5.533255162755683,61.292823835450356,-12.383167717276253,-37.620305017381874,35.53312310498979,73.15342812237166,-63.630256437869846,155.3900283362483,-7.3882733256090445,-0.5741245244752704,3.3700219907850997,13,0.6190476190476191,8,0,0,-12.383167717276253,True,True
41,replication_2,both_feet_imagery,C4,central_12_13,21,-8.424004582853408,47.71699442474976,-9.427492033683604,-45.97942492950827,15.561430394559645,61.54085532406791,-66.86723830978322,128.0881706721758,-14.449218276550457,-0.430036064114645,3.3025370569581955,13,0.6190476190476191,8,0,0,-9.427492033683604,True,True
41,replication_2,both_feet_imagery,C3,mu,21,-6.937379833140695,31.35538705821219,-5.874163043835516,-29.98562620116812,10.470480830745606,40.456107031913724,-65.38041769725827,53.64165658206495,-9.978940518592623,-0.26291149077269127,1.9805903542942345,15,0.7142857142857143,6,0,0,-5.874163043835516,True,True
41,replication_2,both_feet_imagery,Cz,mu,21,6.97189073149037,49.15995375451838,-3.4806355742029083,-30.094080295155294,38.10581979259338,68.19990008774867,-55.23040187042274,132.05477965422224,0.9857094519536269,-0.15385546556848642,2.956980263714608,11,0.5238095238095238,10,0,0,-3.4806355742029083,True,True
41,replication_2,both_feet_imagery,C4,mu,21,-6.345531410622822,36.514021691813795,-4.031636860297654,-41.552485668754706,24.878634929323933,66.43112059807864,-53.226879064279565,57.10183805861399,-8.771963678408405,-0.17871912567881537,3.297220966104419,11,0.5238095238095238,10,0,0,-4.031636860297654,True,True
41,replication_2,both_feet_imagery,Cz,beta,21,1.3534734808688387,63.65503442702432,-6.9057514933574,-31.257637691328572,10.221097445397508,41.47873513672608,-66.19949394412994,199.18552707163002,-10.233393718617723,-0.3107714951260283,2.0504027843373565,13,0.6190476190476191,8,0,0,-6.9057514933574,True,True
42,replication_2,both_fists_imagery,C4,central_12_13,24,-51.21671876034492,79.6615907734436,-74.44037992192298,-79.85478784323159,-49.96710974798593,29.88767809524566,-95.57160508023752,311.5433256571462,-68.26188466455929,-5.92456166235382,3.9509676671892033,23,0.9583333333333334,1,0,5,-74.83697620492909,True,True
42,replication_2,both_fists_imagery,C3,central_12_13,24,-39.78566690101017,49.22169732944865,-54.88700487252449,-61.58088655856437,-43.268903318984826,18.311983239579547,-84.77749636208074,129.33871211040014,-52.461256324805404,-3.457675671752767,1.6814601566033662,21,0.875,3,0,5,-55.92242025900568,True,True
42,replication_2,both_fists_imagery,C3,mu,24,-20.6924288134196,53.99019263396278,-39.1374355526916,-48.94700544686281,-23.027440613641705,25.919564833221106,-81.31891993921484,129.16346199523457,-36.75620512804264,-2.156906111104001,1.7826194206586736,20,0.8333333333333334,4,0,5,-42.29235135022882,True,True
42,replication_2,both_fists_imagery,C4,mu,24,-39.80900084215822,63.05034185524215,-56.415265980824955,-65.27896684684208,-37.41633274649647,27.86263410034561,-94.59776443834826,232.1502109123752,-53.14466883244891,-3.6072872427493965,2.558474190893123,22,0.9166666666666666,2,0,5,-57.15832596735522,True,True
42,replication_2,both_fists_imagery,Cz,mu,24,-8.015642834780907,69.41116772316964,-18.495315289358043,-53.85242526366185,-2.3249089384106396,51.52751632525121,-72.51149812174953,261.68214727245964,-22.175765998297056,-0.8973172300482678,3.257454545332182,19,0.7916666666666666,5,0,5,-10.252473774434844,True,True
42,replication_2,both_fists_imagery,Cz,beta,24,-32.52861744349877,48.69950494648731,-45.640212102766505,-56.034946799146766,-29.707308467655064,26.327638331491702,-75.38767060457835,163.5425449233785,-43.5113550139714,-2.647310032689913,2.037908910083435,21,0.875,3,0,5,-40.02886205367801,True,True
42,replication_2,both_feet_imagery,C3,central_12_13,21,41.984150925887796,93.5862444007147,5.866054985120814,-9.753043519445143,107.8244697890555,117.57751330850064,-73.68415875949667,320.3210715624197,29.769523118307372,0.24756729740489147,3.622641166561654,10,0.47619047619047616,11,0,0,5.866054985120814,True,True
42,replication_2,both_feet_imagery,C4,central_12_13,21,76.26171429087293,108.35921965470064,44.02899676379047,-3.674673044649453,136.83364961207363,140.5083226567231,-72.58303883196966,363.27184862539434,57.071807736426635,1.5844993561441811,3.9070291571578575,6,0.2857142857142857,15,0,0,44.02899676379047,True,True
42,replication_2,both_feet_imagery,C3,mu,21,36.59637802967315,87.59417277605617,5.532694644452314,-31.971501046715552,112.0374931824598,144.00899422917536,-72.22293235976724,268.79984324662985,26.384886594368115,0.23387027443793762,4.9372177275742875,10,0.47619047619047616,11,0,0,5.532694644452314,True,True
42,replication_2,both_feet_imagery,Cz,mu,21,-40.05315545014573,41.605620391617265,-51.02608564747399,-69.61577331087005,-28.029976381903673,41.58579692896638,-83.25444796175849,96.13608347716091,-49.20632153822381,-3.1003518261108582,3.745034576403504,18,0.8571428571428571,3,0,0,-51.02608564747399,True,True
42,replication_2,both_feet_imagery,C4,mu,21,44.92261088073319,70.81339217947088,35.31483305157975,-4.5898160814823665,83.7782708643055,88.36808694578787,-73.10872990262432,177.20121307137507,37.265732797380444,1.3134540605335516,2.8469942799074257,6,0.2857142857142857,15,0,0,35.31483305157975,True,True
42,replication_2,both_feet_imagery,Cz,beta,21,-35.95368890350245,25.80102281908697,-36.37892468456608,-56.340357170565724,-26.830331679205923,29.5100254913598,-73.08931193418458,30.835086081784787,-39.57929857209017,-1.9639899477576934,2.2425090786069677,18,0.8571428571428571,3,0,0,-36.37892468456608,True,True
43,replication_2,both_fists_imagery,C4,central_12_13,23,-39.14896145575221,50.42801943502736,-67.3075542103,-74.62831757226951,-7.740863730918677,66.88745384135083,-84.7372221026683,100.8769778403048,-50.08065766328768,-4.855525877329627,5.606365784481661,18,0.782608695652174,5,0,1,-66.15584590023025,True,True
43,replication_2,both_fists_imagery,C3,central_12_13,23,-35.446832244308325,65.78208241034108,-64.9486490066507,-69.07919354562304,-32.19389694271813,36.88529660290491,-90.54659446753757,142.02195744424472,-55.500413889725074,-4.552952382494105,3.41410837975717,19,0.8260869565217391,4,0,1,-62.21856344133352,True,True
43,replication_2,both_fists_imagery,C3,mu,23,-37.29801726675328,44.774678069821064,-49.99304139102369,-67.20933038344918,-34.453052506934704,32.75627787651448,-87.22271756366597,75.51247389952987,-48.583017165523835,-3.0096955815989053,3.00576511913092,19,0.8260869565217391,4,0,1,-47.70808112975041,True,True
43,replication_2,both_fists_imagery,C4,mu,23,-27.279368709759407,46.21112141258353,-53.953124586419044,-63.7395380309273,13.17021287702319,76.9097509079505,-79.44760254259556,63.39452599740107,-35.45117513397956,-3.367998342332429,4.945520786124826,16,0.6956521739130435,7,0,1,-45.77778610383653,True,True
43,replication_2,both_fists_imagery,Cz,mu,23,-13.725120608416002,35.98380566994146,-16.187553295111517,-46.953299368871654,11.577859640396793,58.53115900926845,-69.04146168861706,45.78487991698139,-15.35714084705394,-0.7669148096576008,3.2182641502971086,16,0.6956521739130435,7,0,1,-14.33192862395073,True,True
43,replication_2,both_fists_imagery,Cz,beta,23,-34.99164147984149,26.136368824115888,-35.3647056941769,-52.10777951575727,-15.38435039768703,36.72342911807024,-85.98488710151432,10.319662162037435,-34.757808246074504,-1.8953026936536579,2.471090554088049,20,0.8695652173913043,3,0,1,-37.42223557657897,True,True
43,replication_2,both_feet_imagery,C3,central_12_13,22,41.12763380568948,139.0909444930859,-12.640919190348392,-52.82561844294888,77.14522007189382,129.97083851484268,-83.83174018169964,408.62284139277654,0.5355604999686717,-0.590397480737732,5.771207202764737,12,0.5454545454545454,10,0,2,-12.640919190348392,True,True
43,replication_2,both_feet_imagery,C4,central_12_13,22,-17.18324289730772,44.8669072676895,-31.081761929319754,-50.99567103797441,8.47745929504999,59.4731303330244,-72.63781320009599,97.9175543245621,-21.956600132926177,-1.6170243669336442,3.451052536049768,14,0.6363636363636364,8,0,2,-32.02891524577088,True,True
43,replication_2,both_feet_imagery,C3,mu,22,27.15927541901973,102.94815701788937,-7.188359880954785,-40.79572154398996,52.91382647003345,93.70954801402341,-78.53896583069917,297.3166523469126,-2.2650055749493867,-0.3239779989132687,4.120758878478756,13,0.5909090909090909,9,0,2,-9.02773806970745,True,True
43,replication_2,both_feet_imagery,Cz,mu,22,2.1803909196774964,64.26612477773045,-20.558695956243096,-46.243508778189934,30.243148690663368,76.48665746885331,-67.06649574434437,184.25411212924772,-11.793985228876448,-0.9996232946280939,3.8528933971433474,14,0.6363636363636364,8,0,2,-20.558695956243096,True,True
43,replication_2,both_feet_imagery,C4,mu,22,-8.890141543838832,54.90025840989836,-26.7892432342244,-50.1639398494819,19.177292275956745,69.34123212543864,-64.38092010118393,150.06539315830165,-20.242031715347164,-1.354254455757379,3.7864541854141174,14,0.6363636363636364,8,0,2,-29.627870406729407,True,True
43,replication_2,both_feet_imagery,Cz,beta,22,35.2760319145763,66.18716161883698,15.537699720495175,-7.184464445867931,57.33881161711429,64.52327606298222,-48.12452229247899,212.90719781989577,24.714478436015046,0.6272048256050888,2.2958922115252967,6,0.2727272727272727,16,0,2,12.685210194944478,True,True
44,replication_2,both_fists_imagery,C4,central_12_13,23,-0.9892981064948791,114.50262974362003,-45.41223673475465,-65.18380562684777,10.627584538984223,75.811390165832,-86.70526629877915,366.10121247351145,-37.3828327681369,-2.6290470055505266,5.019863307051976,16,0.6956521739130435,7,0,1,-46.24960623364481,True,True
44,replication_2,both_fists_imagery,C3,central_12_13,23,0.8511166873238314,76.03116485880473,-35.98089315286186,-61.20170282551598,31.33046748107408,92.53217030659006,-75.24797777550089,168.71216282728983,-17.14133082443877,-1.936903891432328,5.289749046126573,12,0.5217391304347826,11,0,1,-36.102642187932936,True,True
44,replication_2,both_fists_imagery,C3,mu,23,20.0922720345206,150.13371732929298,-54.03572439008223,-69.09435221065283,25.91097925983346,95.00533147048628,-84.8926668479203,458.1532972958772,-28.350582561435548,-3.3757957990916765,6.1190280483526,16,0.6956521739130435,7,0,1,-54.06071992005086,True,True
44,replication_2,both_fists_imagery,C4,mu,23,19.369650079304296,155.49752976193093,-47.622910426499345,-77.70102513618286,12.852938677769743,90.5539638139526,-91.30787286036418,395.03990210547755,-34.45326043258501,-2.8085863758863527,7.0277018324563825,16,0.6956521739130435,7,0,1,-52.65875432587767,True,True
44,replication_2,both_fists_imagery,Cz,mu,23,4.259856797995666,112.69032521720254,-32.337439287975585,-70.43002577992843,16.76417644770724,87.19420222763567,-85.73342458884915,344.83208652809833,-30.901188280153107,-1.6965157021848274,5.939346611565635,16,0.6956521739130435,7,0,1,-32.71274694409718,True,True
44,replication_2,both_fists_imagery,Cz,beta,23,-14.645147733616682,42.52751365420947,-26.8731601696885,-51.254390744928784,18.232315230167952,69.48670597509674,-64.70342340101475,70.15901780243729,-21.467776070994923,-1.3592319416651135,3.8459333297823846,16,0.6956521739130435,7,0,1,-28.72443333893397,True,True
44,replication_2,both_feet_imagery,C3,central_12_13,22,35.101132979637285,105.44068346564791,4.265225729965708,-23.442311657233176,85.6372488893328,109.07956054656597,-78.73866882068648,403.77542563542306,18.25616770751779,0.1804127719344848,3.849881270589637,8,0.36363636363636365,14,0,0,4.265225729965708,True,True
44,replication_2,both_feet_imagery,C4,central_12_13,22,32.67633983293583,129.574888430409,-20.796311151583538,-58.169272429681854,85.8582324217886,144.02750485147044,-82.60031658731432,468.5757887736634,4.115600359787421,-1.0155228701865326,6.4796234197159945,12,0.5454545454545454,10,0,0,-20.796311151583538,True,True
44,replication_2,both_feet_imagery,C3,mu,22,19.457099349941675,112.46797759495259,-1.8080117763758266,-54.501331819155695,47.80523612983747,102.30656794899316,-82.24598559316152,425.0132492998951,-4.0612241097628905,-0.07943473512383684,5.0968274026980165,13,0.5909090909090909,9,0,0,-1.8080117763758266,True,True
44,replication_2,both_feet_imagery,Cz,mu,22,19.288402917940303,172.72898417112003,-28.985559745021376,-51.52181066173163,35.11160762967342,86.63341829140505,-91.26678935769912,755.9538106208618,-17.776112472245316,-1.4944343165006515,4.453857724798734,14,0.6363636363636364,8,0,0,-28.985559745021376,True,True
44,replication_2,both_feet_imagery,C4,mu,22,18.594377183360827,130.76552775686972,-32.52411870111264,-74.63873626554955,93.40687005541977,168.04560632096934,-87.34691431795852,435.4291275108151,-14.78090083522017,-1.89374554291803,8.707751414039556,14,0.6363636363636364,8,0,0,-32.52411870111264,True,True
44,replication_2,both_feet_imagery,Cz,beta,22,12.181880696196641,73.34618477156448,6.472644303301297,-45.64320184349342,36.65551930922329,82.29872115271671,-78.06834639247964,181.672245512728,-2.3676746665244557,0.2711589505633044,4.013215610798564,10,0.45454545454545453,12,0,0,6.472644303301297,True,True
45,replication_2,both_fists_imagery,C4,central_12_13,24,-23.233051655159386,58.787730417515014,-39.55574257351511,-66.04800307966543,-7.135473460154327,58.912529619511105,-83.95383539931014,126.26657322451155,-37.061215506258286,-2.2073475836414107,4.361323749701579,18,0.75,6,0,4,-36.75345277674165,True,True
45,replication_2,both_fists_imagery,C3,central_12_13,24,-33.65305252906331,62.11821646454186,-53.849200282623,-69.36982461301128,-20.206034367529945,49.16379024548133,-90.36740258483815,179.9655656840102,-49.17837747269611,-3.3699858987933453,4.1568534960726495,20,0.8333333333333334,4,0,4,-58.54977637303307,True,True
45,replication_2,both_fists_imagery,C3,mu,24,-21.337145796309233,84.20001434391556,-45.12387257666646,-55.61920744169649,-20.494115742323405,35.12509169937309,-91.04986343192999,328.0201408980987,-41.869454190453865,-2.6062259332136186,2.5401164707205814,21,0.875,3,0,4,-46.23084930548669,True,True
45,replication_2,both_fists_imagery,C4,mu,24,-14.689408588383088,62.22202009543929,-31.541057676517262,-65.61305153038738,24.057915757934158,89.67096728832153,-81.42035582826905,149.52234212437332,-27.212715505420675,-1.6491888241421289,5.571899380181515,16,0.6666666666666666,8,0,4,-28.614447388028992,True,True
45,replication_2,both_fists_imagery,Cz,mu,24,-11.115820511498967,74.69296745912673,-40.01924043807442,-63.843296914918355,24.457818244123235,88.30111515904159,-74.35577754515471,219.8862338783725,-29.731674043032314,-2.219964437387531,5.35275509835032,17,0.7083333333333334,7,0,4,-38.37789494408483,True,True
45,replication_2,both_fists_imagery,Cz,beta,24,-50.60723681759922,27.235664435590877,-52.379989688281285,-66.32398791828854,-44.45189457554347,21.872093342745067,-87.64597903697927,55.81755678790737,-54.31307228092304,-3.222115675012708,2.1737776799860153,23,0.9583333333333334,1,0,4,-51.155130117549504,True,True
45,replication_2,both_feet_imagery,C3,central_12_13,21,-17.078454280107138,71.33009016445037,-43.5682770191355,-58.210998422243975,2.2234153505350682,60.434413772779045,-81.59750113200873,166.63394773154408,-36.18290774260232,-2.484766895906985,3.884883918117672,15,0.7142857142857143,6,0,6,-34.76880289673103,True,True
45,replication_2,both_feet_imagery,C4,central_12_13,21,-24.14509245981797,57.83588143425449,-43.16403438981827,-62.97455002973461,-6.0457182501795295,56.92883177955508,-88.4824281161535,118.33149881448144,-39.02748936486352,-2.453767571945963,4.044162316516556,16,0.7619047619047619,5,0,6,-43.16403438981827,True,True
45,replication_2,both_feet_imagery,C3,mu,21,-8.372559965723973,68.48697424927289,-34.996323107270634,-61.21695029185412,7.636193432228534,68.85314372408266,-74.42598445353063,155.08777633028032,-25.19651504680985,-1.870620770639209,4.433163736172796,14,0.6666666666666666,7,0,6,-34.996323107270634,True,True
45,replication_2,both_feet_imagery,Cz,mu,21,-3.3272952213543694,74.27739288947289,-31.709683815773428,-52.759660020430715,16.563313370269107,69.32297339069981,-85.7332659679598,225.75519875948225,-21.473297727999544,-1.6564087649309036,3.9224886948854,13,0.6190476190476191,8,0,6,-11.151774455544567,True,True
45,replication_2,both_feet_imagery,C4,mu,21,1.5330628733149345,86.34506588110727,-27.762733559226888,-46.910854455412746,7.626149377695805,54.53700383310855,-81.62965952151316,279.0316488328249,-20.684595565638286,-1.4123869669441211,3.069120669253806,15,0.7142857142857143,6,0,6,-27.762733559226888,True,True
45,replication_2,both_feet_imagery,Cz,beta,21,-47.001770326803005,30.470408789768033,-56.44281170117061,-65.91611558419109,-29.662391340687638,36.253724243503456,-84.20980483628807,39.15063620171679,-52.07332574814797,-3.6094016256444226,3.1463851520062502,19,0.9047619047619048,2,0,6,-56.44281170117061,True,True
46,replication_2,both_fists_imagery,C4,central_12_13,22,-9.91191844215893,39.41944263293404,-20.295668553361324,-41.392664336045954,25.275865330546246,66.6685296665922,-70.94146825153537,51.23397392451728,-12.734872892792632,-0.9852559714892741,3.299713399910066,13,0.5909090909090909,9,0,18,-33.843212499861586,True,True
46,replication_2,both_fists_imagery,C3,central_12_13,22,-12.086241849941064,44.88119532055166,-14.530223198599943,-49.90161151082239,-0.1636611450469318,49.73795036577546,-64.47264691452324,88.49302709057372,-20.22993113498949,-0.6856482360215093,2.9945124466461346,16,0.7272727272727273,6,0,18,-37.79291645666291,True,True
46,replication_2,both_fists_imagery,C3,mu,22,-13.447658258701985,37.98324623417625,-24.580201374018735,-42.67786645105795,0.7656099594483383,43.44347641050629,-63.500849666197084,67.2010225852973,-20.5140741968814,-1.2267990310497732,2.449475406959354,16,0.7272727272727273,6,0,18,-8.84358356711556,True,True
46,replication_2,both_fists_imagery,C4,mu,22,-15.355617262124037,37.71901674158827,-18.98623158442908,-44.59210740653613,0.9502853886022287,45.542392795138355,-67.78275653198587,94.10758052633955,-20.857593675465818,-0.9146926554877659,2.6109102389536543,16,0.7272727272727273,6,0,18,-27.469250304094974,True,True
46,replication_2,both_fists_imagery,Cz,mu,22,-14.273391062006622,31.85262998968327,-22.378537169830587,-40.14780261475908,15.742516069253789,55.89031868401287,-58.1927201579694,51.922097264839216,-16.472966016213103,-1.1011128728912363,2.864773504067192,14,0.6363636363636364,8,0,18,-37.510235702449606,True,True
46,replication_2,both_fists_imagery,Cz,beta,22,-9.00181969331936,26.55138356690052,-18.41038107074738,-28.263386569781808,7.221339938027162,35.48472650780897,-39.741650191008176,48.21537370669791,-14.319364113660187,-0.884054913815981,1.7450062525785657,15,0.6818181818181818,7,0,18,-18.22239589246036,True,True
46,replication_2,both_feet_imagery,C3,central_12_13,23,19.487008995530374,83.3704517290698,-7.067070455477432,-25.691577569991328,40.60370993386271,66.29528750385404,-67.38248860112219,293.5675900081458,0.4243138830024525,-0.3183037227683274,2.769656802110969,12,0.5217391304347826,11,0,11,-1.865375938445958,True,True
46,replication_2,both_feet_imagery,C4,central_12_13,23,37.61216720704895,61.269259256531264,32.81578472507628,-7.103800672052368,66.03438435963602,73.1381850316884,-66.2457277621445,183.63909955579848,32.079409688593856,1.232496925893976,2.5238347835218016,8,0.34782608695652173,15,0,11,41.294039821439796,True,True
46,replication_2,both_feet_imagery,C3,mu,23,5.400368447286259,44.645759876559666,-1.9403136298120822,-32.888399195601956,29.199756729829872,62.08815592543183,-53.08714743996594,111.42320308237143,-0.24018874398881138,-0.08509500116095588,2.862033808508616,13,0.5652173913043478,10,0,11,8.855223945701756,False,True
46,replication_2,both_feet_imagery,Cz,mu,23,7.555826842776197,41.540943684603896,8.582991196167084,-25.28233072305668,26.720033914749358,52.00236463780604,-50.29322890025274,112.25515007355942,3.9519944305007915,0.357618012365566,2.3222965420310038,10,0.43478260869565216,13,0,11,8.80341417079179,True,True
46,replication_2,both_feet_imagery,C4,mu,23,12.833089749726401,39.395567937937116,10.847592249522545,-5.945163840747538,32.315967011173775,38.261130851921315,-51.6641382828959,96.31134983037454,11.264407627533208,0.44726264125267934,1.4850266665696563,7,0.30434782608695654,16,0,11,14.620673123546439,True,True
46,replication_2,both_feet_imagery,Cz,beta,23,-12.461437398930931,22.242689126300817,-12.250207714119151,-32.02986436874299,3.1451988067173104,35.1750631754603,-45.51286360051115,33.087485945156516,-14.487656015523072,-0.5675390288723837,1.8115036000447329,16,0.6956521739130435,7,0,11,-5.936188188382311,True,True
47,replication_2,both_fists_imagery,C4,central_12_13,23,25.545422686468292,139.00779896617914,-10.045212303700644,-35.02875138367536,28.014682491758734,63.0434338754341,-70.14526190206722,594.178793890087,-4.81182967422251,-0.4597571709052562,2.949413157586802,12,0.5217391304347826,11,0,9,8.104532571198202,False,True
47,replication_2,both_fists_imagery,C3,central_12_13,23,18.088460912250095,77.09025780238997,-8.069582120204913,-33.030565069671304,43.625391377132544,76.65595644680386,-74.14693265849674,266.30339185715906,4.164522543523842,-0.36540765745615594,3.34001282969556,12,0.5217391304347826,11,0,9,14.611130914009786,False,True
47,replication_2,both_fists_imagery,C3,mu,23,12.387088175097832,56.01477280990436,5.235704481955684,-34.06974537217017,50.885969570794686,84.95571494296485,-64.91098808419903,122.54156567511309,8.171887965500618,0.22163112714154745,3.596459036293496,10,0.43478260869565216,13,0,9,23.154304519810097,True,True
47,replication_2,both_fists_imagery,C4,mu,23,14.0125508158445,94.92959836804631,-11.803806594181042,-37.58248299314329,9.535444720874558,47.117927714017846,-70.21187664273572,368.3434321273187,-11.33862223155695,-0.5455015884236712,2.4519924696572986,14,0.6086956521739131,9,0,9,-10.566643762261048,True,True
47,replication_2,both_fists_imagery,Cz,mu,23,13.058317822639829,68.80418336019918,-21.90332895035853,-34.330771122893324,60.72046375143511,95.05123487432843,-45.732244823830456,181.78749619058286,-3.6335360725456183,-1.07367477973967,3.872628155265211,14,0.6086956521739131,9,0,9,-19.45426382652994,True,True
47,replication_2,both_fists_imagery,Cz,beta,23,-6.249819932890142,45.377443446758825,-6.797535713940385,-42.51657668937221,22.928806619878827,65.44538330925104,-72.47822555827027,112.53368985602522,-8.903107564690584,-0.3057260468798282,3.3094114252024114,14,0.6086956521739131,9,0,9,-7.03985325058899,True,True
47,replication_2,both_feet_imagery,C3,central_12_13,22,15.412347562215343,69.39577800256073,5.568800741556787,-35.62850990018341,57.33500451348701,92.96351441367042,-83.98990219596617,209.39153419979186,6.906074115326518,0.23322651937984828,3.8806481749571926,10,0.45454545454545453,12,0,5,2.2637617266839607,True,True
47,replication_2,both_feet_imagery,C4,central_12_13,22,36.854046016121416,122.2759839186963,-5.00847285853612,-32.12136458134148,42.258292713723144,74.37965729506462,-66.80000727550258,384.0568509801362,-1.8799905653636892,-0.22315747993360185,3.2068178071630884,13,0.5909090909090909,9,0,5,-4.8482597493204755,True,True
47,replication_2,both_feet_imagery,C3,mu,22,20.277698140703077,74.61692582295501,6.492776908344943,-41.962239810606604,49.706368253942564,91.66860806454918,-76.27746877247152,222.56622965308927,8.588141188124906,0.27260644956575925,4.121566863142189,10,0.45454545454545453,12,0,5,-9.637681392594589,False,True
47,replication_2,both_feet_imagery,Cz,mu,22,20.436843872919894,108.0858997658665,-16.439339838704388,-47.01849254460872,66.38894154003346,113.40743408464218,-73.26224522556053,408.1421187122823,-2.796220059210784,-0.8018502409325636,4.968940673967727,13,0.5909090909090909,9,0,5,-24.803942228078792,True,True
47,replication_2,both_feet_imagery,C4,mu,22,21.589422721783617,102.43286988754187,-18.487865137200252,-35.467839289195624,43.114960026170984,78.5827993153666,-66.19113810702085,380.9603507463775,-6.915688266939519,-0.8882844198737458,3.385914099586464,15,0.6818181818181818,7,0,5,-19.733427735343962,True,True
47,replication_2,both_feet_imagery,Cz,beta,22,27.04628201349158,101.66498856094275,-4.627607217978879,-27.104806800490028,42.83049123421848,69.93529803470851,-46.315478242773295,439.6666562577312,3.5516353595963723,-0.20767244210130478,2.9198158149640765,12,0.5454545454545454,10,0,5,-1.8076711711955533,True,True
48,replication_2,both_fists_imagery,C4,central_12_13,24,-9.4838999893669,60.922580345957556,-26.669125066988727,-59.714192003229044,26.997852422339943,86.71204442556899,-78.72200816815116,154.6598194104895,-19.269311693945262,-1.390855628399073,4.986478752213857,15,0.625,9,0,2,-15.721291205865702,True,True
48,replication_2,both_fists_imagery,C3,central_12_13,24,-46.13935097453973,65.03383089768427,-67.08305465428913,-80.20694378702977,-39.937205915563965,40.26973787146581,-93.2247874228992,230.30796258794996,-60.94185503883737,-4.825961702602869,4.813512830933886,22,0.9166666666666666,2,0,2,-65.59263421034562,True,True
48,replication_2,both_fists_imagery,C3,mu,24,-55.049475912558876,37.697668066930774,-65.06352641252136,-81.46880180899501,-46.60016519046829,34.86863661852672,-89.72404109368249,83.43163716955775,-62.89836883078118,-4.5692553966264935,4.5805382672330825,23,0.9583333333333334,1,0,2,-59.87702908459195,True,True
48,replication_2,both_fists_imagery,C4,mu,24,-16.764840208465213,60.429944992459326,-27.5787209998319,-58.71869741437639,8.011034228199733,66.72973164257613,-79.51009323804766,181.22787649758746,-27.288295006528706,-1.4220239505170273,4.141565750631088,18,0.75,6,0,2,-20.272547124740253,True,True
48,replication_2,both_fists_imagery,Cz,mu,24,-30.098984957953807,34.866790895760374,-30.171977829419667,-61.0962837695639,-3.975675058395873,57.120608711168025,-73.78136807973884,44.948704943078056,-33.649229914045044,-1.559839406112784,3.9223316590738975,18,0.75,6,0,2,-30.171977829419667,True,True
48,replication_2,both_fists_imagery,Cz,beta,24,-31.665150138490713,30.487225732986225,-32.59228804933775,-50.629850881336026,-19.252726687917672,31.377124193418354,-76.66966280714536,27.47358726938705,-33.87274287636774,-1.7145102657868803,2.1295794691349808,20,0.8333333333333334,4,0,2,-29.253460127886417,True,True
48,replication_2,both_feet_imagery,C3,central_12_13,21,-46.315534761921334,33.45372412316968,-56.87706146848728,-71.40128404035062,-27.616525855743955,43.78475818460666,-85.75229119262838,47.253558604201785,-52.38661116089813,-3.6529165263258463,4.032928894502879,19,0.9047619047619048,2,0,0,-56.87706146848728,True,True
48,replication_2,both_feet_imagery,C4,central_12_13,21,-17.539807478749793,41.73207976135533,-9.542317642891156,-56.42236302120771,6.301078969360433,62.72344199056814,-76.1694069254845,68.97933885528053,-20.080827053272937,-0.43554543634240805,3.8727399599662213,13,0.6190476190476191,8,0,0,-9.542317642891156,True,True
48,replication_2,both_feet_imagery,C3,mu,21,-57.99512129178577,25.864784585352513,-68.09299515243485,-74.36103990617822,-43.54812427096412,30.812915635214104,-89.17455712693727,-4.376462281346571,-63.614430593540604,-4.9611396168633535,3.4277797043325413,21,1.0,0,0,0,-68.09299515243485,True,True
48,replication_2,both_feet_imagery,Cz,mu,21,-45.03047971111128,54.85278417777986,-59.375939022870995,-76.43697362733187,-42.734637868496115,33.70233575883575,-86.54122513143783,156.38334275100587,-58.91034142911443,-3.912166645894261,3.8566094210092263,19,0.9047619047619048,2,0,0,-59.375939022870995,True,True
48,replication_2,both_feet_imagery,C4,mu,21,-21.421775750136458,63.65529460280495,-42.80200522906622,-70.28692786395213,-3.331623727995153,66.95530413595698,-81.79775874435369,141.49690425758544,-39.304405833381864,-2.426191962975946,5.123368665424101,17,0.8095238095238095,4,0,0,-42.80200522906622,True,True
48,replication_2,both_feet_imagery,Cz,beta,21,-28.204193263760764,37.68971946742743,-44.28679465242983,-52.07256306550341,-5.733095919648399,46.33946714585501,-75.51715704283359,49.707403674223166,-35.86742285710147,-2.5404185455946386,2.937750397946092,16,0.7619047619047619,5,0,0,-44.28679465242983,True,True
49,replication_2,both_fists_imagery,C4,central_12_13,21,-29.461322196817562,34.949022154484396,-36.60856044218058,-56.22277655029718,-14.320572031544286,41.902204518752896,-77.90904211869851,39.42037625647822,-34.600900207235185,-1.9796938571156184,2.9162834512536744,17,0.8095238095238095,4,0,3,-28.44055052108468,True,True
49,replication_2,both_fists_imagery,C3,central_12_13,21,-21.271578798777732,37.50050522986599,-32.15997617043332,-48.1571361778715,5.707197322713825,53.864333500585325,-70.98365949847222,70.45505254795428,-27.251439134339762,-1.685140082005245,3.094155741341615,14,0.6666666666666666,7,0,3,-25.69201053602552,True,True
49,replication_2,both_fists_imagery,C3,mu,21,-15.172688909470567,35.30014554689889,-15.321022258576582,-41.44585952932018,-0.04222876341689549,41.40363076590329,-64.58603801432083,89.75435508296435,-18.860224968177672,-0.7222439349554793,2.322589538229608,16,0.7619047619047619,5,0,3,-8.534597973503924,True,True
49,replication_2,both_fists_imagery,C4,mu,21,-27.22602584225429,33.81185464739051,-34.23351901482346,-54.175863407325544,-8.56432502665759,45.61153838066795,-71.69995411161729,38.34674891859092,-31.16265704579397,-1.819953956290585,3.0002138433824896,16,0.7619047619047619,5,0,3,-23.82065621621981,True,True
49,replication_2,both_fists_imagery,Cz,mu,21,-11.527130822509356,32.267046426106425,-14.20642582624178,-37.369012636824195,10.965408770717797,48.334421407541996,-63.16130386319131,48.51179415410122,-13.933103742994453,-0.6654523902059272,2.4839835902533176,13,0.6190476190476191,8,0,3,-2.8160421837954526,True,True
49,replication_2,both_fists_imagery,Cz,beta,21,-23.965072688451965,31.580920990349302,-33.670684482467976,-42.22771707331785,-14.52875518904386,27.698961884273988,-73.08584109536234,41.85314670365265,-29.87865528705074,-1.7829448436139468,1.7010049966957441,17,0.8095238095238095,4,0,3,-27.99133622255221,True,True
49,replication_2,both_feet_imagery,C3,central_12_13,24,-5.000600902795753,66.9017133242767,-30.156704707693976,-54.98991327960469,16.214309076579905,71.2042223561846,-64.55793594892398,201.93429297012204,-21.526724310207207,-1.5681903984803838,4.119738661132228,15,0.625,9,0,3,-25.55724308364562,True,True
49,replication_2,both_feet_imagery,C4,central_12_13,24,-19.15839755694289,43.17447188308048,-30.83624660113658,-49.12974746417149,7.209914585630246,56.33966204980173,-74.39127112341771,88.45742155423221,-23.993331328832088,-1.6148165489682804,3.241183723632874,16,0.6666666666666666,8,0,3,-36.30167737924111,True,True
49,replication_2,both_feet_imagery,C3,mu,24,-16.146195343717828,38.136674835338674,-24.235837630162827,-46.30472161150985,6.5344284477379855,52.839150059247835,-63.28866759182114,95.69315288879459,-21.741508929332017,-1.277173270841692,2.973602992089245,17,0.7083333333333334,7,0,3,-10.186173917645707,True,True
49,replication_2,both_feet_imagery,Cz,mu,24,-7.183605573795549,50.23075253686031,-14.922047887797724,-41.46401113203804,12.23630689629537,53.700318028333406,-78.2350725975594,94.65475397396973,-14.355379580135956,-0.7018333344575344,2.8021923550806838,17,0.7083333333333334,7,0,3,-14.812348189080447,True,True
49,replication_2,both_feet_imagery,C4,mu,24,-25.695190746651946,43.5154040004827,-37.50511067160532,-60.642920979207304,-8.560279039605135,52.08264193960217,-72.34954865770497,87.59117303342562,-34.22419218002879,-2.0483546101919528,3.657177505204975,19,0.7916666666666666,5,0,3,-40.999493774699204,True,True
49,replication_2,both_feet_imagery,Cz,beta,24,30.392002696994933,57.025594239991165,24.1427800847598,-19.5440949753957,61.09216855608611,80.6362635314818,-52.560290074917,143.14180368148234,23.645422625897368,0.9234572321834651,3.0067114641753534,10,0.4166666666666667,14,0,3,44.03870986174092,True,True
50,replication_2,both_fists_imagery,C4,central_12_13,24,44.04749078052319,61.83160309574381,35.889381055152455,-0.08873156110461533,75.63294391759754,75.72167547870215,-42.93090733891769,182.63878759943518,37.194492392386145,1.3318369760179305,2.46884833446807,6,0.25,18,0,2,35.889381055152455,True,True
50,replication_2,both_fists_imagery,C3,central_12_13,24,-5.122798879874774,56.86931120826407,-16.291741220890707,-36.73761675549426,1.0080294684110305,37.74564622390529,-74.10051254998106,164.56280561512742,-17.784845124968015,-0.7724228768178042,2.0240012256793727,18,0.75,6,0,2,-15.679697717544862,True,True
50,replication_2,both_fists_imagery,C3,mu,24,-2.2483578308638243,48.47952773709028,-5.841678941127151,-31.546420904852155,13.870237060939816,45.41665796579197,-60.30024391394373,169.08259226824757,-9.555871947310788,-0.2647611377933805,2.210881629732933,13,0.5416666666666666,11,0,2,-1.0009395503534477,True,True
50,replication_2,both_fists_imagery,C4,mu,24,13.870622608592948,45.75531626560886,16.422372301255095,-24.098772286180512,46.58489359098397,70.68366587716449,-54.17311009701989,101.47026429103934,11.523571408647143,0.6598660735982544,2.8529950287828707,10,0.4166666666666667,14,0,2,18.789020761168572,True,True
50,replication_2,both_fists_imagery,Cz,mu,24,14.716618978321845,43.270557753371776,2.4880332595115195,-18.13317803287627,41.88386293825445,60.017040971130726,-43.18791752707947,142.61553601074448,7.719757454762016,0.10670414784774129,2.388203770661985,11,0.4583333333333333,13,0,2,2.4880332595115195,True,True
50,replication_2,both_fists_imagery,Cz,beta,24,2.2061556258292456,29.579588382963742,-2.835308948989823,-19.974843013675684,17.138888343797007,37.11373135747269,-34.25847053286901,84.10200363411714,-1.5880612277782493,-0.12494929853537838,1.6536373760837084,14,0.5833333333333334,10,0,2,-2.835308948989823,True,True
50,replication_2,both_feet_imagery,C3,central_12_13,21,17.36192302647524,63.65663223297581,8.714975312157266,-39.48104758266817,57.380427481117856,96.86147506378603,-69.75880526527185,140.50671299890507,11.913236050516039,0.3628937156998671,4.150593188368258,10,0.47619047619047616,11,0,2,-3.9643615912987755,False,True
50,replication_2,both_feet_imagery,C4,central_12_13,21,39.444605923240225,66.24171363439281,34.565236506593145,7.620353706989933,66.91173246516757,59.29137875817764,-65.60126976640892,245.23563210909762,35.593312943039855,1.2893287903103783,1.9059244986160009,4,0.19047619047619047,17,0,2,27.970468588455653,True,True
50,replication_2,both_feet_imagery,C3,mu,21,8.407020759533944,51.35152108739873,5.019382414710792,-28.411500469846196,39.37552245921848,67.78702292906468,-69.22093234114108,97.83924676752089,5.467109004210873,0.21269460012056546,2.8934324852635824,9,0.42857142857142855,12,0,2,2.469080963998479,True,True
50,replication_2,both_feet_imagery,Cz,mu,21,22.045590624009623,52.09024427332012,12.135680237735935,-10.63754675407225,45.47999099642777,56.11753775050002,-57.681166527785486,148.57877890807768,15.304260523632824,0.4974382191541723,2.1164818265161314,9,0.42857142857142855,12,0,2,15.283792812200533,True,True
50,replication_2,both_feet_imagery,C4,mu,21,29.80557288541599,53.43951637460552,37.01603996180797,-14.206438642133216,50.974518274040385,65.1809569161736,-56.05636056250955,128.17997553341385,26.930020330578994,1.36771411383716,2.4544895644164324,6,0.2857142857142857,15,0,2,25.68355656912128,True,True
50,replication_2,both_feet_imagery,Cz,beta,21,-2.6807328908598165,23.104892815529233,4.183165841669574,-26.7326190837601,15.889387630997462,42.62200671475756,-40.239479387151036,32.309614923175474,-2.7103238112634185,0.17797550319539035,1.9913300089990065,10,0.47619047619047616,11,0,2,6.1346726702474,True,True
51,replication_2,both_fists_imagery,C4,central_12_13,21,13.619847090243793,71.91009236329899,-4.632648550353714,-27.002948928868907,18.708236426410643,45.711185355279554,-65.74395064143212,245.06809872897685,-2.9972961317092373,-0.20600278462093394,2.1117553711166583,12,0.5714285714285714,9,0,6,-4.632648550353714,True,True
51,replication_2,both_fists_imagery,C3,central_12_13,21,83.1323461495344,367.75271089049954,-15.218183417407158,-43.79027616241423,30.65180776998087,74.4420839323951,-67.21119775768452,1653.4578204089792,-7.043079538117316,-0.7169728223177647,3.663039716631,11,0.5238095238095238,10,0,6,-28.05736657177672,True,True
51,replication_2,both_fists_imagery,C3,mu,21,75.06695488006305,373.35365952650517,-26.836744994383444,-43.95629376978156,15.753284129650641,59.709577899432205,-60.96992649575151,1676.7643434443544,-22.3112449722282,-1.3570698116812738,3.150064736614155,15,0.7142857142857143,6,0,6,-24.140305285163894,True,True
51,replication_2,both_fists_imagery,C4,mu,21,-6.694299031477745,44.64427124128771,-29.83808273911375,-35.33210659474159,23.199141927699024,58.53124852244061,-66.951897426201,93.09332633431242,-13.08140278041864,-1.5389855184773866,2.799189692333178,13,0.6190476190476191,8,0,6,-3.9249946666916835,True,True
51,replication_2,both_fists_imagery,Cz,mu,21,-9.915782162177189,44.393676151439585,-16.904376847633458,-37.49499063241499,-5.0986126933529174,32.39637793906207,-53.28502702639382,156.6722368611462,-18.639506952100305,-0.8042185095518393,1.8135773656470295,16,0.7619047619047619,5,0,6,-11.062424856621806,True,True
51,replication_2,both_fists_imagery,Cz,beta,21,-24.613387791225765,19.37774778030082,-24.453925348368788,-37.42719584043437,-13.806236587239367,23.620959253195004,-60.78235015183956,26.796924046360406,-24.60678787602837,-1.2178809653242963,1.3909022535668067,20,0.9523809523809523,1,0,6,-22.120726240368203,True,True
51,replication_2,both_feet_imagery,C3,central_12_13,21,-7.472099144760919,37.9604384105977,-14.872364894597112,-36.83400721991816,20.903219896476482,57.73722711639465,-64.53273053531987,66.25545644725332,-11.704609138355275,-0.6992943139019479,2.819545408151922,14,0.6666666666666666,7,0,9,-6.89589559256564,True,True
51,replication_2,both_feet_imagery,C4,central_12_13,21,-2.4866716688654087,42.23911755469474,1.4080185017960407,-42.88203038986798,20.99989584907405,63.88192623894203,-58.05575771043235,89.44803301585205,-4.642783514404684,0.060722967468267865,3.2601223545244693,10,0.47619047619047616,11,0,9,-13.25447949761305,False,True
51,replication_2,both_feet_imagery,C3,mu,21,-12.816794658585119,28.194845418869924,-16.384063914354936,-33.36916878474544,5.450640244808275,38.81980902955372,-51.938333819017984,37.04171651759739,-15.065319715255704,-0.7771094391868727,1.993739898104466,14,0.6666666666666666,7,0,9,-17.56879506797415,True,True
51,replication_2,both_feet_imagery,Cz,mu,21,2.928424814167279,47.65719620342839,-3.3040468029797028,-23.785672972790856,21.548618097094554,45.33429106988541,-57.450897429812066,166.1960270911152,-4.059725573316423,-0.14591701108098618,2.0271340649289007,12,0.5714285714285714,9,0,9,-9.436592252533515,True,True
51,replication_2,both_feet_imagery,C4,mu,21,-13.683159622452468,34.754812961284514,-18.398350013102384,-40.530889251772955,-0.8656443793010526,39.6652448724719,-61.57953280086263,62.143841171846105,-18.597455811707487,-0.8830105971476426,2.2193274352666816,16,0.7619047619047619,5,0,9,-31.287483389795085,True,True
51,replication_2,both_feet_imagery,Cz,beta,21,-31.282246157728984,24.7135109202514,-36.71986474943024,-45.517968550484525,-28.27922801165182,17.238740538832705,-67.2279316992908,20.56687621138777,-35.98838577910318,-1.9873260127850014,1.193916630063994,18,0.8571428571428571,3,0,9,-37.611631342769996,True,True
52,replication_2,both_fists_imagery,C4,central_12_13,22,-27.88364273977219,76.15194879002213,-53.91419813820772,-78.30563501575861,-25.494912156146196,52.81072285961241,-92.16074141721928,169.56153194880045,-52.892027969924975,-3.3914021991873007,5.351518553613555,18,0.8181818181818182,4,0,2,-53.91419813820772,True,True
52,replication_2,both_fists_imagery,C3,central_12_13,22,-50.415748101146804,48.48317109420692,-70.14343145167524,-85.75721039778142,-14.776562140642014,70.9806482571394,-94.80314377906517,58.69333300935439,-61.81683952314328,-5.251091200318228,7.725683315563438,17,0.7727272727272727,5,0,2,-70.14343145167524,True,True
52,replication_2,both_fists_imagery,C3,mu,22,-38.52662900970899,59.07736135584934,-72.61934391061939,-82.27367487531274,4.42957418647485,86.70324906178759,-92.16484480938006,98.63930607612808,-52.42531729790708,-5.659458032950584,7.703425698275863,16,0.7272727272727273,6,0,2,-72.61934391061939,True,True
52,replication_2,both_fists_imagery,C4,mu,22,-22.87766800659295,60.28417410040613,-42.6586692217673,-69.62262504854334,10.935612718218493,80.55823776676183,-88.79650499490789,91.89961863281091,-34.18308930809793,-2.4156400924790287,5.5875038785345,16,0.7272727272727273,6,0,2,-42.6586692217673,True,True
52,replication_2,both_fists_imagery,Cz,mu,22,-8.564839020219233,70.53750578564768,-27.56574026110528,-54.82094072312499,3.876952664706649,58.69789338783164,-88.14864567501554,227.14322184841703,-21.26438901444951,-1.4006416865129858,3.654209589864998,15,0.6818181818181818,7,0,2,-27.56574026110528,True,True
52,replication_2,both_fists_imagery,Cz,beta,22,5.000776460983383,44.618907551739554,4.221007828350874,-26.977929121493595,26.28230422270815,53.260233344201744,-67.20130977227534,98.01278610340002,2.382426925356323,0.1786884469551865,2.3777871217895754,10,0.45454545454545453,12,0,2,-1.7019468235782005,False,True
52,replication_2,both_feet_imagery,C3,central_12_13,23,23.354980116644263,86.60654911785718,-12.794718575222378,-33.75188204054858,71.49681839075024,105.24870043129881,-70.14485544338204,301.6668800545941,6.046340501240822,-0.5945721203785165,4.134280879928967,12,0.5217391304347826,11,0,5,16.57671169869932,False,True
52,replication_2,both_feet_imagery,C4,central_12_13,23,35.504067408977235,150.02072097212636,-6.156978692789876,-46.35754273038461,42.509374702790865,88.86691743317547,-71.72016157331143,554.7616579574347,-6.2438196251792855,-0.275980184124875,4.2444101713931355,13,0.5652173913043478,10,0,5,-19.25652514595295,True,True
52,replication_2,both_feet_imagery,C3,mu,23,5.4909888052924245,58.07246197873424,-6.288220363125159,-36.12931775601783,43.90565670181252,80.03497445783034,-77.49887352458026,125.74849246259414,-2.233091731072897,-0.28205814557810965,3.532570682465819,13,0.5652173913043478,10,0,5,4.124930525324758,False,True
52,replication_2,both_feet_imagery,Cz,mu,23,-17.212556742656226,55.30541343256303,-35.52215238172908,-62.35506662295428,12.263750634920534,74.61881725787481,-81.54177700159923,115.29773565491934,-26.787315223274913,-1.9058946845963123,4.742207994929453,16,0.6956521739130435,7,0,5,-36.845312642345476,True,True
52,replication_2,both_feet_imagery,C4,mu,23,13.333215267245441,98.10328687119024,-15.456169609492123,-53.92347976977064,20.016513346519535,73.93999311629017,-90.00157522002449,268.80667989983687,-14.784050522618564,-0.7291807967027879,4.17179104311322,14,0.6086956521739131,9,0,5,-13.30602255878373,True,True
52,replication_2,both_feet_imagery,Cz,beta,23,27.59495860593912,46.78931684094583,19.24122980538068,-10.33251807015818,62.633253053655,72.96577112381317,-55.564654882634485,115.25642363607541,26.546572680204154,0.7642644651973775,2.58574902626251,8,0.34782608695652173,15,0,5,22.286382426633068,True,True
53,replication_2,both_fists_imagery,C4,central_12_13,23,-3.067625063815606,46.67222687546214,-7.034766607802186,-36.4829706722857,23.554418601568585,60.03738927385429,-77.10455178390201,94.45120911531036,-6.722405689935808,-0.31679436057677207,2.86508301885178,13,0.5652173913043478,10,0,3,-8.069705398611783,True,True
53,replication_2,both_fists_imagery,C3,central_12_13,23,-15.125449928078924,39.804592907890516,-12.506164772110187,-41.10461957700488,2.654827727518306,43.75944730452319,-90.71063215636255,98.37074440243798,-15.453220876717742,-0.5802254607287506,2.4053747455350436,17,0.7391304347826086,6,0,3,-15.229614686288564,True,True
53,replication_2,both_fists_imagery,C3,mu,23,-4.314651424427133,43.03248402862577,-12.684741940701617,-22.48409959252171,10.119724897060923,32.603824489582635,-92.73458177638061,99.30946563338357,-7.921107012343568,-0.5890985810490945,1.5224781648588932,14,0.6086956521739131,9,0,3,-13.59544279520674,True,True
53,replication_2,both_fists_imagery,C4,mu,23,-1.3431185654134183,36.62092239873369,-8.03791947355498,-27.634001645465453,22.09892630302744,49.73292794849289,-61.43715058109202,59.75521406712402,-4.864235026646805,-0.36391211925012995,2.2711797711137103,14,0.6086956521739131,9,0,3,-6.122629762553688,True,True
53,replication_2,both_fists_imagery,Cz,mu,23,29.97005446616998,42.16427112678002,31.685653981282503,-2.2443091888549227,57.051347004424514,59.295656193279434,-28.807241059183067,133.02586446554864,27.326287784139367,1.1953846489247464,2.0531237677070053,6,0.2608695652173913,17,0,3,33.671890954421315,True,True
53,replication_2,both_fists_imagery,Cz,beta,23,2.73101456351828,22.51288873173916,-0.8834392562857661,-10.99181123294884,13.211088329605229,24.20289956255407,-40.58994149522954,53.85406493045191,1.206086207325744,-0.03853776001853955,1.0448718117793654,12,0.5217391304347826,11,0,3,-1.1669656423153236,True,True
53,replication_2,both_feet_imagery,C3,central_12_13,22,86.38075652671391,442.023301231047,-21.856221957568494,-37.72333193541503,27.497851195941365,65.2211831313564,-56.92833460907978,2053.2787731416556,-14.644129671795293,-1.0710723160452602,3.111298467890961,15,0.6818181818181818,7,0,2,-20.629433113612194,True,True
53,replication_2,both_feet_imagery,C4,central_12_13,22,47.37982575125202,217.9672160876599,-19.817212694289836,-31.767621962083314,35.68384683863258,67.4514688007159,-67.80855293573397,974.7749078891909,-9.661914369183336,-0.9597964750553032,2.9276331525687618,16,0.7272727272727273,6,0,2,-19.817212694289836,True,True
53,replication_2,both_feet_imagery,C3,mu,22,73.9151008241273,399.50650139428086,-21.461169440805662,-37.8817933991911,12.896467528871494,50.77826092806259,-49.73509845638052,1855.0799318139084,-15.929894093379543,-1.0532647261903514,2.5961166252793655,15,0.6818181818181818,7,0,2,-21.461169440805662,True,True
53,replication_2,both_feet_imagery,Cz,mu,22,16.161081007248182,70.73287416549144,-5.490241196821809,-33.94560817427438,46.477745180752706,80.42335335502709,-54.19167299271885,194.83790315819013,-1.8647465247246404,-0.2453102837114059,3.4586785373960023,12,0.5454545454545454,10,0,2,-12.3689209607841,True,True
53,replication_2,both_feet_imagery,C4,mu,22,24.707332912894813,112.67585802492921,6.377174297833781,-29.783237757514634,25.401593100795875,55.184830858310505,-65.57040333468491,497.8775151899318,1.9382594050343729,0.268456088152759,2.5220333718696146,8,0.36363636363636365,14,0,2,6.784444680513871,True,True
53,replication_2,both_feet_imagery,Cz,beta,22,-1.7422289964148627,30.201220243202034,-2.8327334454219173,-23.192807335303854,9.75658874205879,32.94939607736264,-48.102610629019544,57.511112138499485,-6.736846214760637,-0.13335945305250754,1.5500292506430338,11,0.5,11,0,2,-2.8327334454219173,True,True
54,replication_2,both_fists_imagery,C4,central_12_13,23,-32.731179386082125,64.37143657475104,-53.76893068295194,-72.23480215335351,-23.65663796974436,48.578164183609154,-85.3594648427138,194.8709529481962,-49.71268025307441,-3.350660612856344,4.411108030143301,20,0.8695652173913043,3,0,2,-53.76893068295194,True,True
54,replication_2,both_fists_imagery,C3,central_12_13,23,-38.65523656671932,75.15657982411263,-61.97224154723795,-70.63988511212263,-40.30895961244631,30.33092549967632,-85.35462612377817,282.93237717119115,-57.66047521425324,-4.19899273333804,3.0723851542500973,20,0.8695652173913043,3,0,2,-61.97224154723795,True,True
54,replication_2,both_fists_imagery,C3,mu,23,-45.70207463971386,52.42809438091683,-71.5006863185918,-79.80152359489676,-21.60323922210933,58.198284372787434,-89.83571812484652,140.24938003306124,-57.69238395781591,-5.451655985166196,5.910965206778527,19,0.8260869565217391,4,0,2,-71.5006863185918,True,True
54,replication_2,both_fists_imagery,C4,mu,23,-36.832748387788634,56.01975119086007,-51.17509009823552,-81.30845585017897,-13.263733160544454,68.04472268963451,-92.725644025284,94.76318212779599,-49.70566416020949,-3.113585494574683,6.621066111612455,18,0.782608695652174,5,0,2,-51.17509009823552,True,True
54,replication_2,both_fists_imagery,Cz,mu,23,-19.546911464640925,69.38053375517553,-37.21306234957004,-75.03559630312597,9.867611381462943,84.90320768458892,-88.69212454959091,139.63382878740634,-34.83571395407983,-2.021306985621791,6.431625355991088,14,0.6086956521739131,9,0,2,-37.21306234957004,True,True
54,replication_2,both_fists_imagery,Cz,beta,23,-13.923410859158627,35.227539998667886,-18.138194413481042,-41.26139682461005,3.9776298312366922,45.23902665584674,-63.98227570532101,66.94477985876973,-18.22670391637749,-0.8691868056035789,2.477447958451612,17,0.7391304347826086,6,0,2,-13.344047233323467,True,True
54,replication_2,both_feet_imagery,C3,central_12_13,22,-41.85117777234463,47.988235083806074,-54.50892518914314,-71.64218787264898,-33.157717584472806,38.48447028817617,-82.67242436536712,123.72729128202596,-53.736045977489844,-3.4220904630154347,3.724189560319557,19,0.8636363636363636,3,0,4,-55.673713580496226,True,True
54,replication_2,both_feet_imagery,C4,central_12_13,22,-40.27293881851355,34.358686198987854,-50.70165030515641,-65.52786905819576,-25.782484423847876,39.745384634347886,-74.71803641080905,46.1385888769858,-48.43312524814316,-3.0717941097380517,3.33427947491359,19,0.8636363636363636,3,0,4,-50.70165030515641,True,True
54,replication_2,both_feet_imagery,C3,mu,22,-38.59906183120814,60.64033135457278,-51.62633732731206,-77.81345919974122,-29.115932880065586,48.69752631967563,-85.79847088209728,188.51499703009455,-53.42679072932858,-3.156809164037547,5.0429241240144576,19,0.8636363636363636,3,0,4,-51.62633732731206,True,True
54,replication_2,both_feet_imagery,Cz,mu,22,-55.43707973935015,29.502994658470513,-63.113524776000105,-78.05309927445809,-38.55464149514546,39.49845777931263,-93.0348360189118,11.943468103879518,-59.44916152245735,-4.440273824400878,4.469753025755442,21,0.9545454545454546,1,0,4,-72.01612664184702,True,True
54,replication_2,both_feet_imagery,C4,mu,22,-51.88251918337398,32.522937739449326,-62.922335552096015,-75.74120878251311,-42.44085732939517,33.30035145311794,-83.09727730363068,36.541851123484896,-59.702079173704725,-4.31125014406981,3.7458725454432633,21,0.9545454545454546,1,0,4,-68.74929329759968,True,True
54,replication_2,both_feet_imagery,Cz,beta,22,-23.87864023178864,25.752304785792614,-27.23051973585168,-42.51448386361874,-11.156914789941421,31.357569073677322,-63.04703807183929,30.558403041220384,-27.621934140563184,-1.381022504504546,1.8872551316559192,19,0.8636363636363636,3,0,4,-38.11048641898196,True,True
55,replication_2,both_fists_imagery,C4,central_12_13,23,-46.8944312530461,25.407736152008546,-51.068763815461345,-65.23441737699018,-36.57875109651865,28.65566628047153,-86.99675528254645,17.35779955477893,-50.11126697547422,-3.1041381221181616,2.611730724530038,21,0.9130434782608695,2,0,0,-51.068763815461345,True,True
55,replication_2,both_fists_imagery,C3,central_12_13,23,-29.109391382523473,45.40588265283789,-38.710788121359144,-50.23635385742347,-25.419602706144488,24.81675115127898,-78.68587749953222,144.40354834605543,-37.5763418956559,-2.126159632287027,1.7579517923222823,21,0.9130434782608695,2,0,0,-38.710788121359144,True,True
55,replication_2,both_fists_imagery,C3,mu,23,-15.19130943943453,31.856964667081048,-16.95862572463575,-36.183030152102276,-2.890792448713198,33.29223770338908,-76.56686634335327,65.90457457121853,-17.056258672928106,-0.8070547217301809,1.8258269840003187,18,0.782608695652174,5,0,0,-16.95862572463575,True,True
55,replication_2,both_fists_imagery,C4,mu,23,-35.75012946139225,29.027521125440472,-40.0361730641343,-58.911812570846735,-19.52333838354279,39.38847418730394,-72.0239372886017,19.261239260718746,-39.90183300696629,-2.22110657943632,2.8920354234258037,19,0.8260869565217391,4,0,0,-40.0361730641343,True,True
55,replication_2,both_fists_imagery,Cz,mu,23,-4.7481363638376335,49.87982400789388,-20.00036677024306,-33.95434986236953,24.402355378656047,58.35670524102558,-85.74435288431543,78.10600281428125,-9.397605210574344,-0.969120040912792,2.7547408833635076,13,0.5652173913043478,10,0,0,-20.00036677024306,True,True
55,replication_2,both_fists_imagery,Cz,beta,23,-29.723512703907303,39.374241565833586,-44.26162569060249,-54.20248503263751,-14.434303454445416,39.7681815781921,-65.43484840539747,106.73752533050722,-38.44057150357612,-2.538457022670278,2.7030820743460846,20,0.8695652173913043,3,0,0,-44.26162569060249,True,True
55,replication_2,both_feet_imagery,C3,central_12_13,22,-27.72793174585082,50.43446678017551,-45.81859411493235,-65.49945935305522,-2.4629076549219278,63.03655169813329,-72.68935396194745,110.92682401837963,-40.39508409875053,-2.6615498951782173,4.489169192579737,16,0.7272727272727273,6,0,0,-45.81859411493235,True,True
55,replication_2,both_feet_imagery,C4,central_12_13,22,-23.433471370214715,60.6407494426538,-57.3499381450566,-68.03009537453009,-1.5839278290513867,66.4461675454787,-80.19145561641938,114.80131533989719,-37.35215143741749,-3.7026176517841014,4.88441601364779,17,0.7727272727272727,5,0,0,-57.3499381450566,True,True
55,replication_2,both_feet_imagery,C3,mu,22,-9.975384847907183,67.14895156460834,-35.73390089362478,-52.267027466296454,2.9697908592925275,55.236818325588985,-72.88488527638265,198.25784458601456,-27.966187101089908,-1.9208866450979176,3.3490321098690283,16,0.7272727272727273,6,0,0,-35.73390089362478,True,True
55,replication_2,both_feet_imagery,Cz,mu,22,-15.609455592605899,72.96649211372124,-36.54028761085942,-52.03092056449333,-10.121534760624746,41.90938580386858,-78.61969924632115,258.2487418376637,-32.90554110117081,-1.9759114483006783,2.730705042289319,18,0.8181818181818182,4,0,0,-36.54028761085942,True,True
55,replication_2,both_feet_imagery,C4,mu,22,-21.229871077869504,48.93042992733119,-35.80737374592101,-56.71782108130116,3.300681477445093,60.018502558746256,-74.50649933086461,112.67053321168501,-31.248483194995817,-1.9284329763472179,3.7667294450719955,16,0.7272727272727273,6,0,0,-35.80737374592101,True,True
55,replication_2,both_feet_imagery,Cz,beta,22,-27.535842412949503,31.01415707002684,-36.10460184205209,-47.52352741971648,-20.342324740115103,27.181202679601377,-60.112781608498146,65.9335505772081,-35.12536251420623,-1.9453060632494141,1.8134950588378729,19,0.8636363636363636,3,0,0,-36.10460184205209,True,True
56,replication_2,both_fists_imagery,C4,central_12_13,23,1.9046217935337841,54.94994787765732,-7.390151127412833,-26.541081401693404,17.938771465612163,44.47985286730557,-60.32698246588206,208.3743863199335,-8.246885016759657,-0.3334282451063839,2.0402710345524087,15,0.6521739130434783,8,0,2,-7.390151127412833,True,True
56,replication_2,both_fists_imagery,C3,central_12_13,23,3.2184363966816805,36.692388794640934,0.2190743266758927,-27.41685778636088,30.24361663799276,57.66047442435364,-49.56033706353153,78.94630235079931,0.4007600384960457,0.009503870646767833,2.5434711942631107,11,0.4782608695652174,12,0,2,-5.88331643420121,False,True
56,replication_2,both_fists_imagery,C3,mu,23,10.239665747002027,54.755046503568636,1.6435167706586118,-34.33548372067146,36.99752462160407,71.33300834227553,-61.23174906803787,122.84965333282364,1.1184350312555338,0.07079682821356446,3.1928647796265253,11,0.4782608695652174,12,0,2,-4.052854799124315,False,True
56,replication_2,both_fists_imagery,C4,mu,23,26.506986693056948,121.12716937773884,-0.4507210782113914,-32.59053340264125,26.380792323456895,58.971325726098144,-56.93097098812871,531.035540309566,0.07961166246585473,-0.019618814067615228,2.730675863486601,12,0.5217391304347826,11,0,2,-2.5485306748453347,True,True
56,replication_2,both_fists_imagery,Cz,mu,23,43.78582474925623,82.98474722101079,16.5225268338467,-10.963115707441425,72.5750273339921,83.53814304143353,-52.16657362972626,281.8843024606872,29.913833525186586,0.6640989389330192,2.874100620700503,7,0.30434782608695654,16,0,2,9.953954616230982,True,True
56,replication_2,both_fists_imagery,Cz,beta,23,-19.350783127310482,27.464919475142192,-21.505837018384906,-39.38260324220667,-9.099384412354652,30.283218829852018,-61.93870893122793,40.81761084790831,-23.381934354278496,-1.051626372563633,1.7631194784668227,19,0.8260869565217391,4,0,2,-24.204760102235195,True,True
56,replication_2,both_feet_imagery,C3,central_12_13,22,-4.614591508977523,64.72551445994,-22.232561731124168,-46.42569758602117,9.577336943876123,56.00303452989729,-60.08147211114171,200.45935669602918,-21.3648413641949,-1.0950118394865307,3.0984072770263893,16,0.7272727272727273,6,0,2,-29.39654831894232,True,True
56,replication_2,both_feet_imagery,C4,central_12_13,22,-17.336034754496144,40.46113971433005,-25.876978485785237,-44.489354360507974,8.91997353580308,53.409327896311055,-69.8815980965498,97.78176822682366,-21.833795203553297,-1.3006588296097874,2.920483688775171,16,0.7272727272727273,6,0,2,-27.373777104040663,True,True
56,replication_2,both_feet_imagery,C3,mu,22,-6.985425280889996,50.28940440233348,-19.341752547355913,-47.38740648517295,27.74165502056934,75.1290615057423,-68.40646777032373,96.76321192455129,-16.05034994986409,-0.9341245766192516,3.8518345055331764,14,0.6363636363636364,8,0,2,-23.623816401372707,True,True
56,replication_2,both_feet_imagery,Cz,mu,22,25.66183036624644,89.42465158765225,5.929313106021766,-40.71115094500913,50.10502331813411,90.81617426314324,-68.74124277201898,261.92763832449765,7.930850956916053,0.23699894653893405,4.03899713499721,11,0.5,11,0,2,-7.843717710981098,False,True
56,replication_2,both_feet_imagery,C4,mu,22,-9.897938143893954,49.65917461540076,-11.387971872528793,-47.42684485637401,17.055782551087724,64.48262740746173,-78.81992656974987,136.6787035753108,-14.41936118083177,-0.5292006379586368,3.480999192361879,12,0.5454545454545454,10,0,2,-11.387971872528793,True,True
56,replication_2,both_feet_imagery,Cz,beta,22,-24.846025935754668,22.64968412785084,-24.196960078895426,-45.0185529999287,-17.53925367148941,27.479299328439293,-53.800533426842605,41.66863301814871,-27.63190086481128,-1.20329628098927,1.7595196449610528,20,0.9090909090909091,2,0,2,-23.504009599235406,True,True
57,replication_2,both_fists_imagery,C4,central_12_13,22,-22.923853420561382,40.19408857308616,-37.18253650364939,-49.82849417711894,11.291674414840392,61.120168591959334,-81.66605395838536,40.49987376080448,-26.94763725411047,-2.0307813809308732,3.4454730721337405,16,0.7272727272727273,6,0,0,-37.18253650364939,True,True
57,replication_2,both_fists_imagery,C3,central_12_13,22,5.134650632301546,64.65547113094541,-13.44167148977634,-38.43465784240013,29.915621131577893,68.35027897397802,-90.03130870748045,156.6072023424073,-5.131571754253495,-0.6277199962848954,3.2475308720197575,14,0.6363636363636364,8,0,0,-13.44167148977634,True,True
57,replication_2,both_fists_imagery,C3,mu,22,-2.3638631637615473,49.65228438891844,-4.939032730980893,-39.01886210404621,15.214086085459417,54.23294818950562,-85.87671318391807,138.20905712855725,-8.177786780540442,-0.22010156028498196,2.76833873842189,14,0.6363636363636364,8,0,0,-4.939032730980893,True,True
57,replication_2,both_fists_imagery,C4,mu,22,-14.390747080130467,43.85711585069502,-22.766084641829018,-44.71912029249464,8.988488478192611,53.707608770687244,-70.21538370819387,90.03464247154929,-21.682863477464103,-1.1249012361052113,2.9465638337799227,15,0.6818181818181818,7,0,0,-22.766084641829018,True,True
57,replication_2,both_fists_imagery,Cz,mu,22,6.601324943471812,50.86085914883708,4.748299553580737,-27.536467604409225,39.95824711051927,67.49471471492849,-78.21202710043531,104.86805381186724,4.005384346350935,0.1996444592594181,2.851510117450541,10,0.45454545454545453,12,0,0,4.748299553580737,True,True
57,replication_2,both_fists_imagery,Cz,beta,22,44.88455659832982,113.83170739676967,15.51444888809159,-26.988742328655192,88.5356720053084,115.52441433396359,-68.38091549838956,382.22552976881997,18.549252840375225,0.6259142308506034,4.102941552049115,10,0.45454545454545453,12,0,0,15.51444888809159,True,True
57,replication_2,both_feet_imagery,C3,central_12_13,23,99.65253462875432,191.4115961976215,33.96999804276273,-21.473135154857154,137.50957614714707,158.98271130200422,-54.45604330500394,816.8384706833159,50.398883079192274,1.2700755102649322,4.800179971550463,9,0.391304347826087,14,0,1,45.41344764476354,True,True
57,replication_2,both_feet_imagery,C4,central_12_13,23,138.45103274541506,291.65470615958407,24.758504475767765,-12.80154571752184,148.2515170484593,161.05306276598114,-52.162151879176044,1103.8341853840443,47.434104632636036,0.9607016007505107,4.5662179440392805,8,0.34782608695652173,15,0,1,19.519049537114682,True,True
57,replication_2,both_feet_imagery,C3,mu,23,86.75424032592672,188.9635624803918,23.289091371824902,-13.308150745233906,101.11118546225767,114.41933620749157,-49.97055125339752,783.1004097146512,35.83834877960176,0.9092465188685007,3.6423251390258873,7,0.30434782608695654,16,0,1,23.68840987205595,True,True
57,replication_2,both_feet_imagery,Cz,mu,23,20.473725553193393,57.622951348600594,13.06051019363847,-26.161907520972086,63.14015696403831,89.30206448501039,-72.91664859886836,136.01166867670946,15.533909712600947,0.533109409134326,3.446557875955418,11,0.4782608695652174,12,0,1,16.85546868267874,True,True
57,replication_2,both_feet_imagery,C4,mu,23,85.62128959732573,201.52066960156557,14.515884932341587,-12.135611895918126,76.69130569566266,88.8269175915808,-57.152679570074625,850.8836283045769,27.712065421417954,0.5886573348782085,3.023788033072586,8,0.34782608695652173,15,0,1,11.845762970080454,True,True
57,replication_2,both_feet_imagery,Cz,beta,23,143.0394243714464,207.46727989887097,56.53970856921455,13.607008980363535,238.19832617050275,224.59131719013922,-50.43103135228788,657.9165938859993,89.80913692064046,1.9462452095633285,4.739116958650639,5,0.21739130434782608,18,0,1,61.16307393926611,True,True
58,replication_2,both_fists_imagery,C4,central_12_13,23,13.17374239571461,58.021178487914995,4.318298547149622,-33.382565652485425,52.49605410142523,85.87861975391066,-63.977907245223605,154.3544610295089,4.773913302202902,0.18360495013514389,3.587428391565922,10,0.43478260869565216,13,0,1,5.392448830979646,True,True
58,replication_2,both_fists_imagery,C3,central_12_13,23,-10.148322768835706,40.08390082189035,-24.057204449445514,-39.332109762798765,16.665942686767195,55.99805244956596,-57.3909313789112,96.77471396072835,-15.996681265043662,-1.19513419971659,2.8298511933223214,15,0.6521739130434783,8,0,1,-24.565060212571755,True,True
58,replication_2,both_fists_imagery,C3,mu,23,2.638009950705083,69.55747972465551,-23.031392798534693,-43.48141732677329,25.09494905571939,68.57636638249268,-69.5315909995917,185.09686332553434,-13.95990278211419,-1.1368637221914681,3.4374693582750777,16,0.6956521739130435,7,0,1,-24.334597765661123,True,True
58,replication_2,both_fists_imagery,C4,mu,23,-3.466308877984353,44.48494228421805,-12.974228426309107,-38.77928644391574,24.440393295390066,63.2196797393058,-69.99594027722459,91.82837960812141,-9.145710787558256,-0.6035211755575823,3.080159670701337,14,0.6086956521739131,9,0,1,-12.41140088213973,True,True
58,replication_2,both_fists_imagery,Cz,mu,23,5.757515276869604,107.61803735483596,-33.17083764258784,-63.53405106955368,40.26129041530211,103.7953414848558,-91.12697593586167,388.4225919166723,-22.026179061426035,-1.7503398232735483,5.856671405578102,16,0.6956521739130435,7,0,1,-34.35645705267537,True,True
58,replication_2,both_fists_imagery,Cz,beta,23,-6.996938580082688,20.93143249682098,-8.262225881643383,-24.711428428147187,5.553913328277986,30.265341756425173,-37.987997962669134,44.07695798506894,-9.232751710313421,-0.37451801590592004,1.467974971266878,14,0.6086956521739131,9,0,1,-12.26151507525286,True,True
58,replication_2,both_feet_imagery,C3,central_12_13,22,-21.007121120772098,35.67394263486495,-22.71386258821057,-40.31983275601606,-13.994850615398887,26.324982140617173,-63.80342674194787,102.23975026466128,-25.29770621374401,-1.1196165301163172,1.5881200394123287,17,0.7727272727272727,5,0,0,-22.71386258821057,True,True
58,replication_2,both_feet_imagery,C4,central_12_13,22,5.744670142885686,43.9373123011954,8.186451222930291,-28.235827415904048,32.478154201825475,60.71398161772952,-57.754259520847185,94.10776091764801,2.8497739372641555,0.340685747536627,2.662770213907688,10,0.45454545454545453,12,0,0,8.186451222930291,True,True
58,replication_2,both_feet_imagery,C3,mu,22,-26.071356416740716,31.8806116222484,-34.29872039673385,-48.125546210813326,-3.3595366303274954,44.76600958048583,-78.65929828652521,45.58607045875784,-29.56823416442339,-1.8333361650843911,2.703097618843337,18,0.8181818181818182,4,0,0,-34.29872039673385,True,True
58,replication_2,both_feet_imagery,Cz,mu,22,-35.40480748121938,36.763103071282195,-44.39845647270592,-61.49649478765833,-18.96039127155421,42.53610351610412,-86.41785877787272,53.68332249008233,-39.86579371313652,-2.549350509014084,3.2334558764221697,18,0.8181818181818182,4,0,0,-44.39845647270592,True,True
58,replication_2,both_feet_imagery,C4,mu,22,-3.8129399375231317,43.36667261870749,-14.648706860046136,-38.13417280351558,11.994630016692982,50.12880282020856,-59.82928685313442,112.10756821823604,-11.69662793155175,-0.6879004001894549,2.580612118755686,13,0.5909090909090909,9,0,0,-14.648706860046136,True,True
58,replication_2,both_feet_imagery,Cz,beta,22,-8.187906898872763,23.595652468390597,-11.801482283755693,-22.069114306382918,4.130831059202214,26.199945365585133,-44.15332893870596,58.04127954565318,-10.531069852236927,-0.5453940761575735,1.2563927650790176,16,0.7272727272727273,6,0,0,-11.801482283755693,True,True
59,replication_2,both_fists_imagery,C4,central_12_13,22,38.56393426175227,75.90114967977624,11.321544313152746,-22.739437540930627,113.16910845644817,135.9085459973788,-71.29535974876721,200.86121377613998,30.244857606927095,0.46245062416459815,4.428750543600865,8,0.36363636363636365,14,0,3,6.956262617963526,True,True
59,replication_2,both_fists_imagery,C3,central_12_13,22,-14.478592881962504,137.0267999012547,-53.65918901874182,-75.45371864997757,2.5632800330513383,78.01699868302892,-94.75869243563929,566.4123367684876,-45.01443466010826,-3.379693670983211,6.2047353499004005,16,0.7272727272727273,6,0,3,-60.494119560890006,True,True
59,replication_2,both_fists_imagery,C3,mu,22,-5.411041346110943,111.52941794563009,-31.384708204400376,-73.20226194173719,6.97639544246579,80.17865738420298,-93.83541892088262,425.2950605080135,-30.829697313635172,-1.6452072899864396,6.010514465196215,15,0.6818181818181818,7,0,3,-51.31105340212251,True,True
59,replication_2,both_fists_imagery,C4,mu,22,37.95702488338803,78.45918080660886,14.657183374790293,-13.934953799588149,89.46310920194905,103.3980630015372,-66.86904078749299,186.18909075972672,25.690023817469214,0.5916380830794732,3.4039185567313828,9,0.4090909090909091,13,0,3,3.265504320817062,True,True
59,replication_2,both_fists_imagery,Cz,mu,22,28.037823327310605,55.71600367675025,25.577067591237807,1.0262167525244617,43.205969259223394,42.17975250669893,-68.59414163933589,184.2361642893233,23.0815939377064,0.9875674080161246,1.5207265586350522,6,0.2727272727272727,16,0,3,28.91630443423571,True,True
59,replication_2,both_fists_imagery,Cz,beta,22,-6.863671965104294,37.419075493179726,-15.94474100155751,-31.66173478204032,17.9639313523109,49.62566613435122,-59.36817283778995,99.54399127085856,-9.405512809922966,-0.7568357626992015,2.37175230083629,13,0.5909090909090909,9,0,3,-18.787223667160397,True,True
59,replication_2,both_feet_imagery,C3,central_12_13,23,80.07191713317553,360.98231213573166,-31.173640429461365,-59.1656837877549,14.65687826914507,73.82256205689997,-79.18253671406582,1639.3563686228383,-24.56292926739478,-1.6224520095677755,4.479438839007368,15,0.6521739130434783,8,0,5,-28.687357261381354,True,True
59,replication_2,both_feet_imagery,C4,central_12_13,23,17.293028033849403,78.5561346945206,-14.96476387254002,-24.048504032690584,17.4338054637537,41.48230949644429,-45.84166922050816,266.8422328144359,-3.5095279765839344,-0.7040107799450218,1.8879545037415635,13,0.5652173913043478,10,0,5,-3.1894443447192384,True,True
59,replication_2,both_feet_imagery,C3,mu,23,56.54158181394576,237.63420862372593,-29.24988826907524,-47.2253007318435,5.744844094393415,52.97014482623691,-73.67629324668663,973.2976197851158,-21.41855079998229,-1.5027286995086984,3.0141162931937404,16,0.6956521739130435,7,0,5,-30.1116491843329,True,True
59,replication_2,both_feet_imagery,Cz,mu,23,22.70726351149204,77.2288264639696,2.4407885751611893,-22.77152026574943,41.172952560805314,63.944472826554744,-70.68707682501191,264.81064559957275,6.439852492684443,0.10472912948704749,2.637578577534131,11,0.4782608695652174,12,0,5,-3.6670896157419204,False,True
59,replication_2,both_feet_imagery,C4,mu,23,11.090602919535568,68.70898246076136,-13.492219560868346,-28.991287206282763,16.770745936650854,45.76203314293362,-50.90163501970507,214.15572560026334,-7.391034427343162,-0.6294483068750052,2.1507035309975038,14,0.6086956521739131,9,0,5,-9.794385673210641,True,True
59,replication_2,both_feet_imagery,Cz,beta,23,-11.679096668404213,49.94549643873032,-28.346750108617616,-44.0851924775384,15.287072347287173,59.37226482482557,-67.51568055503486,139.67904531568465,-21.365723194155017,-1.447641070407351,3.127178358108531,16,0.6956521739130435,7,0,5,-28.933475653489214,True,True
60,replication_2,both_fists_imagery,C4,central_12_13,21,-37.021503155383044,63.76171239787146,-59.95438716482032,-79.10593734655015,-33.74855013684881,45.357387209701336,-85.80255274112672,158.88964283835026,-55.42851475130972,-3.9744505575544475,5.011724942632846,17,0.8095238095238095,4,0,1,-60.22300864145943,True,True
60,replication_2,both_fists_imagery,C3,central_12_13,21,-42.69719377814776,87.94989283878742,-72.2704798904461,-87.6327897174193,-34.69923720594718,52.93355251147212,-93.25933516059582,316.8613769789184,-63.680119555372855,-5.57057646310204,7.2264650914172,19,0.9047619047619048,2,0,1,-66.8962862391949,True,True
60,replication_2,both_fists_imagery,C3,mu,21,-23.374975652710592,85.24509940591913,-54.79364651271872,-75.45502749796317,-26.185316944596465,49.26971055336671,-88.67829203995963,217.4769475427807,-51.16039251844575,-3.4480052336212648,4.781802094333789,16,0.7619047619047619,5,0,1,-52.34549133103842,True,True
60,replication_2,both_fists_imagery,C4,mu,21,-28.075749096635203,50.99007835393844,-42.583191079710986,-62.93153528199496,-14.193424605809914,48.738110676185045,-85.88205845976832,130.1127588777799,-37.637303891068434,-2.4096094814777804,3.645159702701402,16,0.7619047619047619,5,0,1,-35.70201986738579,True,True
60,replication_2,both_fists_imagery,Cz,mu,21,35.31839125055881,79.78693033476087,16.686016532245034,-15.240228398524474,57.02611397739132,72.2663423759158,-70.29750496955327,203.47808735499552,20.960779476194304,0.6701881399948112,2.6778210530090973,9,0.42857142857142855,12,0,1,16.657156377166295,True,True
60,replication_2,both_fists_imagery,Cz,beta,21,0.9563808804258559,38.00780885972471,-12.659389786291175,-29.089955593118525,27.001387641007003,56.09134323412553,-53.50758224142953,69.7466157161358,-3.4331702063220106,-0.5878377816323886,2.531007088166602,11,0.5238095238095238,10,0,1,-5.442184481205043,True,True
60,replication_2,both_feet_imagery,C3,central_12_13,24,27.31603169520287,92.0841439285183,-0.9892472115906017,-38.708795415889426,75.15216437888625,113.86095979477568,-87.66426888882015,238.2538558117173,12.208029749772424,-0.04354793223311568,4.5596182478112155,12,0.5,12,0,0,-0.9892472115906017,True,True
60,replication_2,both_feet_imagery,C4,central_12_13,24,77.35823816977124,203.8562101229017,12.223562201556604,-25.4859186120199,75.95782054820008,101.44373916021998,-81.03087760629323,878.605200585496,20.606477799025836,0.49697232723307067,3.728517768951778,10,0.4166666666666667,14,0,0,12.223562201556604,True,True
60,replication_2,both_feet_imagery,C3,mu,24,30.969239936676775,74.64654293708375,9.77593880866348,-27.45974858738515,101.143358139356,128.60310672674115,-84.67252021752063,149.76042524761814,26.78757444093957,0.40241751946643367,4.440644392819458,10,0.4166666666666667,14,0,0,9.77593880866348,True,True
60,replication_2,both_feet_imagery,Cz,mu,24,97.68108930631381,136.87326458976423,61.8197537576968,16.489152985562797,121.07901320847822,104.58986022291542,-50.243915026690786,552.0939486183714,70.99792982299033,2.09019546479423,2.7289757793264737,5,0.20833333333333334,19,0,0,61.8197537576968,True,True
60,replication_2,both_feet_imagery,C4,mu,24,85.66697898501518,193.88149539564972,20.17945879169146,-17.44914485704125,82.77772743818551,100.22687229522676,-67.54913124029311,802.5774097671784,28.94009667281614,0.7979222006299697,3.428827084085343,8,0.3333333333333333,16,0,0,20.17945879169146,True,True
60,replication_2,both_feet_imagery,Cz,beta,24,-6.652017681825604,22.746482993841937,-6.685489862247865,-23.717847505528248,1.3977131027279799,25.115560608256228,-41.73400313715428,41.285061497435024,-9.065099699759188,-0.30055967086295654,1.2333290995416917,18,0.75,6,0,0,-6.685489862247865,True,True
61,replication_2,both_fists_imagery,C4,central_12_13,24,-28.515906132158204,56.51864756515324,-43.569239650267875,-65.43840096057905,-12.362596206550197,53.07580475402885,-82.15505578488691,147.9767390218599,-42.244383061136986,-2.4850047844276313,4.032522374135966,19,0.7916666666666666,5,0,0,-43.569239650267875,True,True
61,replication_2,both_fists_imagery,C3,central_12_13,24,-21.17788027108467,88.9377311343764,-49.39060308405198,-68.80363754145925,-18.328372685338227,50.47526485612103,-86.40000111963367,328.8212087431343,-45.404338297578,-2.959906705069704,4.115738751484334,18,0.75,6,0,0,-49.39060308405198,True,True
61,replication_2,both_fists_imagery,C3,mu,24,-21.81330634448473,47.60232614387838,-39.616214060347545,-60.792218373782106,10.42929799450523,71.22151636828734,-81.52189886372418,116.45638775386945,-28.77190368582431,-2.1908950143794543,4.495272466095919,16,0.6666666666666666,8,0,0,-39.616214060347545,True,True
61,replication_2,both_fists_imagery,C4,mu,24,-30.283118223019216,33.915404877853256,-40.478127409748865,-55.59244057386251,3.711937249900085,59.30437782376259,-75.15246774107626,28.61015723969657,-32.604720447901194,-2.254016619123071,3.682129362930502,16,0.6666666666666666,8,0,0,-40.478127409748865,True,True
61,replication_2,both_fists_imagery,Cz,mu,24,-9.381260890506478,51.75567331966432,-26.328197701630685,-53.11557468506389,24.471041684373446,77.58661636943734,-64.77788105966192,122.19578226566607,-18.31044661390992,-1.3328457352802756,4.245871117174977,15,0.625,9,0,0,-26.328197701630685,True,True
61,replication_2,both_fists_imagery,Cz,beta,24,13.044529404066163,62.37909863305889,-4.822914973513933,-27.209447811339828,42.8462432966293,70.05569110796912,-52.97422792560778,217.07590926102904,1.8159301630027116,-0.21490069856428445,2.92867211064304,14,0.5833333333333334,10,0,0,-4.822914973513933,True,True
61,replication_2,both_feet_imagery,C3,central_12_13,21,-5.054611474624203,42.92371879498516,-10.764108199236718,-40.04138545853095,31.81378618528434,71.85517164381528,-68.43206371270178,65.05922438356994,-4.540832563666596,-0.49460431769282115,3.421092456859822,12,0.5714285714285714,9,0,0,-10.764108199236718,True,True
61,replication_2,both_feet_imagery,C4,central_12_13,21,0.8174997450528129,56.02508427870018,-11.5105204664127,-37.22348854843687,25.54633084053284,62.76981938896971,-56.70468988684611,195.10261005352885,-9.139720303373325,-0.5310835926941901,3.010068468520529,12,0.5714285714285714,9,0,0,-11.5105204664127,True,True
61,replication_2,both_feet_imagery,C3,mu,21,-5.571805909675753,37.25700919250387,-14.00031098766377,-37.04324051232662,19.53944854186096,56.58268905418758,-56.03852222738423,70.69463643460382,-10.806624730600289,-0.6550311922701963,2.784688821125962,13,0.6190476190476191,8,0,0,-14.00031098766377,True,True
61,replication_2,both_feet_imagery,Cz,mu,21,-3.6294471644646182,49.90443744585273,-26.433983118138176,-34.22324853505675,35.10283213505625,69.326080670113,-70.95353696172755,86.1450678817393,-12.180778344617686,-1.3332275752359113,3.1259203209867676,14,0.6666666666666666,7,0,0,-26.433983118138176,True,True
61,replication_2,both_feet_imagery,C4,mu,21,-4.510217566962889,48.65453721830806,-12.108389493420757,-36.93124257722662,4.863901029945301,41.79514360717192,-61.19580394401739,143.12969531674645,-13.491420934918922,-0.5605257753811175,2.2081173518603427,14,0.6666666666666666,7,0,0,-12.108389493420757,True,True
61,replication_2,both_feet_imagery,Cz,beta,21,-0.44899013542697847,39.63489795741209,-12.787760771332572,-32.454795712791004,31.159708774469557,63.61450448726056,-62.639912799240356,83.94312713213925,-4.55111567602015,-0.5942256258490919,2.8820592417256274,13,0.6190476190476191,8,0,0,-12.787760771332572,True,True
62,replication_2,both_fists_imagery,C4,central_12_13,23,-54.426073641826314,59.47704265554057,-74.4665730212073,-88.84390803689843,-59.24470151014985,29.599206526748574,-96.60292897771633,150.43934049746233,-73.95809618920363,-5.928908922816403,5.6276994987758675,19,0.8260869565217391,4,0,3,-81.69926120494003,True,True
62,replication_2,both_fists_imagery,C3,central_12_13,23,-50.255839270141,54.751378125633664,-66.04953400500052,-83.31650858578655,-49.709943340911245,33.606565244875306,-89.50571619655604,106.28296060569942,-67.2184876127824,-4.691542603328769,4.792925682996545,20,0.8695652173913043,3,0,3,-74.99834874741893,True,True
62,replication_2,both_fists_imagery,C3,mu,23,-44.97159154457179,56.136190109946064,-67.70945541263903,-81.65158516078446,-44.45676657336575,37.194818587418716,-87.7190131365377,111.45157755625796,-64.15646413903524,-4.909246304460975,4.80828446742476,19,0.8260869565217391,4,0,3,-68.23286642783111,True,True
62,replication_2,both_fists_imagery,C4,mu,23,-44.54032206189176,78.75489261960807,-69.75617608350267,-82.82820610212312,-59.61878813272729,23.20941796939583,-94.40873260303269,255.57429451815287,-68.3383811279447,-5.193632991217935,3.6988568544951823,20,0.8695652173913043,3,0,3,-73.3018549367583,True,True
62,replication_2,both_fists_imagery,Cz,mu,23,14.45096915587927,128.77938387159315,-21.97918867748966,-62.658871176510445,17.674461891147022,80.33333306765746,-87.12378389244189,429.8185680543177,-19.61840372741701,-1.0778953786097114,4.992425253634577,14,0.6086956521739131,9,0,3,-29.588765335350445,True,True
62,replication_2,both_fists_imagery,Cz,beta,23,-4.38098904683578,28.975753391570617,-1.7078496444363562,-27.85387178950606,14.997389244119457,42.85126103362552,-49.43802260501,46.306471526253056,-4.966342237953379,-0.07481163687541101,2.0198372748740367,13,0.5652173913043478,10,0,3,-7.274363299848202,True,True
62,replication_2,both_feet_imagery,C3,central_12_13,22,25.879136946384133,112.39639138215618,5.538672354208796,-63.82939508697307,42.669538323026636,106.49893340999971,-82.31223354907392,359.1646025825576,-0.5806911967968412,0.23379325678079993,5.958111084270844,10,0.45454545454545453,12,0,5,6.825811872863693,True,True
62,replication_2,both_feet_imagery,C4,central_12_13,22,36.15290791325875,82.08921173250683,14.252637690144649,-25.7668847404434,73.98327460378796,99.75015934423136,-63.95241269814796,224.75551535217934,20.09669404786235,0.5729922745158169,3.6974790091621297,10,0.45454545454545453,12,0,5,20.087090426667103,True,True
62,replication_2,both_feet_imagery,C3,mu,22,17.917719125831027,81.94822925861794,-8.068182238840844,-55.11326154119005,53.73926579139501,108.85252733258505,-72.49959699369518,188.65154486253854,1.7377178342311004,-0.38260912425921445,5.3448427095379945,11,0.5,11,0,5,0.11348588846856883,False,True
62,replication_2,both_feet_imagery,Cz,mu,22,-25.081249837172276,68.38801686745566,-41.45953389694215,-61.36419327745063,-11.969911633233243,49.394281644217386,-80.45899471453076,249.6845433215036,-37.62465651888454,-2.3257363117819825,3.5996365900885428,19,0.8636363636363636,3,0,5,-40.773691237200545,True,True
62,replication_2,both_feet_imagery,C4,mu,22,36.084305531812426,67.21635711784947,22.53112342137605,-14.175425423557225,86.58594535410172,100.76137077765895,-56.51755906040733,154.1678603032561,30.455855964068892,0.8487699875295791,3.375361562695898,8,0.36363636363636365,14,0,5,37.73534122778536,True,True
62,replication_2,both_feet_imagery,Cz,beta,22,-8.99843296793817,29.79005501539122,-9.577782757164801,-27.91316116365092,3.257381836499267,31.170543000150186,-45.33740945509134,86.74153602589679,-12.477462730611624,-0.43732230824600826,1.5598612865635335,16,0.7272727272727273,6,0,5,-8.582443566686026,True,True
63,replication_2,both_fists_imagery,C4,central_12_13,22,-26.475190282162938,42.08712268864772,-39.20297614917273,-49.52790144142338,0.7209788957804453,50.24888033720383,-85.9034574173921,90.83414063011318,-30.935932652998797,-2.1611774330792057,3.00322327414053,16,0.7272727272727273,6,0,1,-39.170119158386676,True,True
63,replication_2,both_fists_imagery,C3,central_12_13,22,7.408712641922549,76.29216080355734,-8.76580316526425,-37.830189295060116,27.90364258621473,65.73383188127485,-88.3216349959706,287.8375966194831,-4.552944332223345,-0.4022843010665791,3.1417492828692035,12,0.5454545454545454,10,0,1,-4.920523125289967,True,True
63,replication_2,both_fists_imagery,C3,mu,22,10.381956785629619,72.56377042958614,-8.071993422072918,-35.240913130149124,43.923435259734624,79.16434838988374,-94.3148013080782,224.9112986185906,-1.019822321230635,-0.3663570391956129,3.4686936461919187,12,0.5454545454545454,10,0,1,-6.2690030932719365,True,True
63,replication_2,both_fists_imagery,C4,mu,22,-15.228875815806562,50.00387601404379,-31.70965610072353,-46.178929138995706,10.597445433002658,56.77637457199836,-79.26429809254802,154.3437047505036,-24.924379748753285,-1.6565318465237233,3.128031492807851,15,0.6818181818181818,7,0,1,-31.191858563043894,True,True
63,replication_2,both_fists_imagery,Cz,mu,22,-9.560728854530593,45.7848709658911,-19.313919948011943,-41.576902132631986,13.498672457913033,55.07557459054502,-77.11304033798285,103.34903461781077,-16.974346337095483,-0.9364274713545815,2.8854796924406774,14,0.6363636363636364,8,0,1,-15.678126309216955,True,True
63,replication_2,both_fists_imagery,Cz,beta,22,-24.347080841606218,28.06947197801073,-20.035719764359776,-49.271167402469814,-6.487315899910732,42.78385150255908,-68.55483804130758,22.693712501539817,-24.92054829108815,-0.974294534341773,2.655655779744125,18,0.8181818181818182,4,0,1,-16.94099341598479,True,True
63,replication_2,both_feet_imagery,C3,central_12_13,23,50.64765210348643,278.4615783829359,-19.457290775970797,-34.40820297451087,23.41006134556909,57.81826432007996,-67.49421784874164,1308.6838693061188,-11.632774079382195,-0.9397376607130921,2.7417483813219223,16,0.6956521739130435,7,0,2,-19.457290775970797,True,True
63,replication_2,both_feet_imagery,C4,central_12_13,23,-4.483928158542729,61.07264687653357,-13.487287034479868,-44.335448875793816,11.768887113917799,56.104335989711615,-80.62510000696724,198.36138717775466,-16.51647329495232,-0.629200686613291,3.027282596607293,15,0.6521739130434783,8,0,2,-17.141801842528274,True,True
63,replication_2,both_feet_imagery,C3,mu,23,107.04898486559084,550.3205784692354,-15.147054319976762,-30.259507490347854,5.04493662585225,35.3044441162001,-61.36263693792364,2624.561477060035,-13.395300157073429,-0.7133307650041392,1.7803007602992134,16,0.6956521739130435,7,0,2,-9.024418131946838,True,True
63,replication_2,both_feet_imagery,Cz,mu,23,-7.757835548137365,51.932777331559116,-24.944802262476465,-44.691713589314546,12.332355943524064,57.02406953283861,-62.30262699859248,122.57247418797877,-19.542013329558834,-1.2461922653117226,3.0653605766796828,16,0.6956521739130435,7,0,2,-31.962127962518267,True,True
63,replication_2,both_feet_imagery,C4,mu,23,-3.389266805120775,56.809552575483586,-19.058208331154614,-36.88807175113119,6.236447371906191,43.12451912303739,-65.94589656686946,204.75463211696243,-15.201122045822121,-0.9182718661011774,2.258010830502826,15,0.6521739130434783,8,0,2,-19.058208331154614,True,True
63,replication_2,both_feet_imagery,Cz,beta,23,-24.267875742956324,28.800847916784235,-29.8071800106826,-44.35738851512734,-6.786714405397797,37.570674109729545,-68.77076219857648,52.83340349750291,-28.07441622208455,-1.537073095011929,2.241993067002879,19,0.8260869565217391,4,0,2,-29.8071800106826,True,True
64,replication_2,both_fists_imagery,C4,central_12_13,21,21.319082782502345,95.76417545220208,-3.4365656063575267,-37.315408437673085,67.6504594177579,104.96586785543099,-87.29321110295143,348.8699162945275,2.5876009366101966,-0.15187296435115547,4.2724394742664344,14,0.6666666666666666,7,0,2,-3.441302179644055,True,True
64,replication_2,both_fists_imagery,C3,central_12_13,21,2.7535930376256124,64.67263783422919,-9.771729709123655,-36.16301180126174,5.202756373870497,41.36576817513224,-76.5012338136841,140.68716471847063,-12.19140595918982,-0.44657368137472314,2.169547297349672,14,0.6666666666666666,7,0,2,-18.973861109404762,True,True
64,replication_2,both_fists_imagery,C3,mu,21,-12.973223494038832,47.34848024980149,-25.676272410669593,-40.56189022036402,-5.2954607320901035,35.266429488273914,-78.29223729086992,100.9099644257281,-21.389363257098715,-1.2887251711344119,2.023058058393671,16,0.7619047619047619,5,0,2,-26.087621994079985,True,True
64,replication_2,both_fists_imagery,C4,mu,21,-1.386868604571342,67.97835189282264,-24.371968792787328,-41.18242521389777,11.434974450047068,52.61739966394484,-83.29769280854221,148.6155743103779,-16.174575641282196,-1.2131720526266263,2.775144044705188,13,0.6190476190476191,8,0,2,-28.235447195062264,True,True
64,replication_2,both_fists_imagery,Cz,mu,21,-2.2970916481759325,56.061238822539515,-7.1010038497196595,-31.60763421273268,16.30214059028556,47.90977480301824,-85.471800761705,130.34373807555642,-9.04353226234167,-0.31988978888482944,2.305800813319984,13,0.6190476190476191,8,0,2,-17.992276262827826,True,True
64,replication_2,both_fists_imagery,Cz,beta,21,-22.9541679923098,64.73737858017341,-46.63610728461489,-56.140419610327704,-8.373574240117426,47.76684537021028,-76.88621937289199,219.60670361241137,-38.29177722986496,-2.7275249762320435,3.199562731642692,17,0.8095238095238095,4,0,2,-48.4269454458193,True,True
64,replication_2,both_feet_imagery,C3,central_12_13,21,-4.1510275395319765,48.15830698219616,-0.8408568180895375,-31.905033409113113,14.384041610804207,46.28907501991732,-76.19778154856203,139.56953692593862,-7.049855946697163,-0.03667234556252838,2.2525042656988576,11,0.5238095238095238,10,0,0,-0.8408568180895375,True,True
64,replication_2,both_feet_imagery,C4,central_12_13,21,37.604182753164196,60.38048878151081,32.61628569404034,-7.032405171346957,88.31640650584015,95.3488116771871,-53.648484343276984,134.94967738309683,37.97425772034877,1.225968600624024,3.06556562837308,6,0.2857142857142857,15,0,0,32.61628569404034,True,True
64,replication_2,both_feet_imagery,C3,mu,21,-5.667590028407272,84.95505323314632,-28.73079898602935,-50.86364711035923,-5.658412296331517,45.20523481402771,-82.18990016687523,310.99998766010805,-24.73227334599365,-1.4709810997207549,2.8330026270134434,16,0.7619047619047619,5,0,0,-28.73079898602935,True,True
64,replication_2,both_feet_imagery,Cz,mu,21,21.00394151990701,96.50814108563847,-11.571516564749437,-49.41969649785684,46.5681057386807,95.98780223653753,-64.87727360623865,342.6193273336897,-2.061507525876891,-0.5340782315121313,4.6205804406322075,11,0.5238095238095238,10,0,0,-11.571516564749437,True,True
64,replication_2,both_feet_imagery,C4,mu,21,24.75434139829567,55.20401002140064,24.866166084212143,-26.27618759672596,74.68150082674738,100.95768842347334,-65.12443487644691,117.56933818595004,26.008388616166197,0.9644477725735505,3.746391292830772,8,0.38095238095238093,13,0,0,24.866166084212143,True,True
64,replication_2,both_feet_imagery,Cz,beta,21,-21.740741327162887,28.408404631396053,-18.90837403962149,-44.03335327814323,-3.7797859034605454,40.25356737468269,-62.571926655924884,46.96400796222308,-23.42842769600604,-0.9102399149749939,2.3533703225338996,17,0.8095238095238095,4,0,0,-18.90837403962149,True,True
65,replication_2,both_fists_imagery,C4,central_12_13,22,-26.33020391630396,28.791278362430166,-33.14071654077879,-54.7012668434537,0.08610305088436432,54.78736989433806,-65.07968544906082,18.951157273970544,-27.359591247064696,-1.7505433748642119,3.444504181233094,16,0.7272727272727273,6,0,6,-33.14071654077879,True,True
65,replication_2,both_fists_imagery,C3,central_12_13,22,4.842710932141948,63.2723383002623,-5.355619485122497,-50.54968520597391,38.42384440697726,88.97352961295117,-72.99972441415899,141.7851386276784,-4.691774642206057,-0.2394589133327652,4.470254957495893,12,0.5454545454545454,10,0,6,6.076862816710013,False,True
65,replication_2,both_fists_imagery,C3,mu,22,10.521990763220545,74.49764120538168,-12.410999113621493,-37.77391173557655,14.097150838881678,51.87106257445822,-59.9292466319687,198.25502903744132,-10.467011478992893,-0.5773360934212828,2.6328977439817907,13,0.5909090909090909,9,0,6,-12.410999113621493,True,True
65,replication_2,both_fists_imagery,C4,mu,22,-26.910884720924834,30.195969276621017,-30.275634053808638,-49.290176529132,-22.992874703029088,26.29730182610291,-66.0756892783792,61.04800441705691,-31.815357139948624,-1.566174353619473,1.8120332668839354,19,0.8636363636363636,3,0,6,-29.259443889492406,True,True
65,replication_2,both_fists_imagery,Cz,mu,22,15.618294742235507,79.2087518324242,1.176423551871082,-48.67468405421208,35.423687920616935,84.098371974829,-66.62720154087435,187.44643211325354,-2.9666417350986025,-0.057198101550447356,4.229754834239017,11,0.5,11,0,6,1.176423551871082,True,True
65,replication_2,both_fists_imagery,Cz,beta,22,-13.13006982605235,28.628572257475927,-11.588359950692432,-33.31071500564636,5.491916351696544,38.802631357342904,-60.432084267725784,50.21184960518053,-15.179009420921982,-0.5350206500741457,1.9918524262680046,15,0.6818181818181818,7,0,6,-17.30200276601095,True,True
65,replication_2,both_feet_imagery,C3,central_12_13,23,11.108937102172362,60.413155265863956,9.861983418387723,-27.8815272482116,36.199960756213315,64.08148800442491,-68.29525476661502,209.1211813137856,6.179704029082078,0.40847435390650694,2.818837080590602,11,0.4782608695652174,12,0,8,19.648952047096262,True,True
65,replication_2,both_feet_imagery,C4,central_12_13,23,-7.889231382015784,37.21863930463491,-13.6753264076815,-33.594519729546235,5.583901476880748,39.17842120642698,-53.583954069024166,107.1379234387399,-13.250851790586058,-0.6386505511372886,2.014580410808478,16,0.6956521739130435,7,0,8,-28.253960060457683,True,True
65,replication_2,both_feet_imagery,C3,mu,23,7.057722459669897,57.88822147413244,-18.040479774140415,-31.671400269290473,35.57917996376942,67.25058023305989,-53.84877976848355,189.55928034382833,-5.041316598582836,-0.8640059253379526,2.9864386635546882,13,0.5652173913043478,10,0,8,1.3889532634118948,False,True
65,replication_2,both_feet_imagery,Cz,mu,23,8.364126621944369,69.13440541421674,-8.840000878746439,-36.694271920421606,24.05401529852424,60.74828721894585,-78.70030175832845,208.39206123821154,-6.178242774123752,-0.4019568767808952,2.9255168784416594,14,0.6086956521739131,9,0,8,-8.220874880622917,True,True
65,replication_2,both_feet_imagery,C4,mu,23,-19.705367573202928,32.61133359844856,-22.653546449720345,-38.62408691705487,2.8872496565452384,41.511336573600104,-68.16053061814951,73.63458728076809,-22.28900333905005,-1.115595945548356,2.243252811297907,16,0.6956521739130435,7,0,8,-35.529959853456106,True,True
65,replication_2,both_feet_imagery,Cz,beta,23,-14.648852795019556,30.16544334228058,-17.374681892593173,-31.829223947666847,-6.772764244216787,25.05645970345006,-68.13756455050051,60.10591645473255,-18.71800505391143,-0.8288685546968622,1.3528422313204354,18,0.782608695652174,5,0,8,-27.01937313809616,True,True
66,replication_2,both_fists_imagery,C4,central_12_13,22,206.15244992530606,286.0487684840749,77.38242949468363,1.1551747623883015,332.3578846346917,331.2027098723034,-66.17377675558065,905.9098748532994,134.69285732896128,2.487631058492773,6.308845462360087,6,0.2727272727272727,16,0,0,77.38242949468363,True,True
66,replication_2,both_fists_imagery,C3,central_12_13,22,271.80760434618475,377.92443269910996,107.79176846203094,28.826280172778162,465.44741121141436,436.6211310386362,-79.50152801828725,1389.6462701478918,172.16347081622385,3.1719928717220762,6.265935027075063,3,0.13636363636363635,19,0,0,107.79176846203094,True,True
66,replication_2,both_fists_imagery,C3,mu,22,265.7008682440659,302.3946722286437,222.27570402801416,43.830671853573364,379.52112458304066,335.6904527294673,-48.19747271184539,1050.034193916918,197.36696749343562,5.081482056862247,5.194325160356666,3,0.13636363636363635,19,0,0,222.27570402801416,True,True
66,replication_2,both_fists_imagery,C4,mu,22,244.6888853104658,422.66129272722895,139.0424847918076,3.403055411341731,280.4816877117979,277.0786323004562,-68.86166757972327,1683.051318003852,128.7000448146046,3.782598375996287,5.662677741322665,5,0.22727272727272727,17,0,0,139.0424847918076,True,True
66,replication_2,both_fists_imagery,Cz,mu,22,134.38552256203215,186.33495094402045,86.17785396491223,-8.967444940849344,186.35278368596076,195.3202286268101,-39.94059921002206,652.6225420330416,88.02867382467574,2.6969997180025684,4.984572746098772,6,0.2727272727272727,16,0,0,86.17785396491223,True,True
66,replication_2,both_fists_imagery,Cz,beta,22,132.8542031981177,184.45021534478101,69.8548243055213,1.5616678983514984,160.87458683262915,159.31291893427766,-37.436110131964966,566.4713359119108,84.58688369298461,2.299890290189463,4.091181573255117,5,0.22727272727272727,17,0,0,69.8548243055213,True,True
66,replication_2,both_feet_imagery,C3,central_12_13,23,223.4359984508887,544.9531310278486,13.395833529435258,-41.44997406405068,225.7467028886189,267.1966769526696,-82.24223012572362,2455.617274227206,70.45584695254492,0.5459709769253691,7.453021450632778,11,0.4782608695652174,12,0,0,13.395833529435258,True,True
66,replication_2,both_feet_imagery,C4,central_12_13,23,224.5835617275518,456.0624339268148,40.96321503781381,-51.72960171168209,204.12975283365034,255.85935454533245,-86.50422296355312,1750.0137183998643,75.99748697558968,1.4910579641174881,7.941087418224231,10,0.43478260869565216,13,0,0,40.96321503781381,True,True
66,replication_2,both_feet_imagery,C3,mu,23,236.92447217069952,538.6193605384965,39.83768114593311,-45.33807897702907,228.40158062583572,273.7396596028648,-80.34506879492304,2386.771582444316,76.90607809328753,1.456242136750864,7.786965911008176,10,0.43478260869565216,13,0,0,39.83768114593311,True,True
66,replication_2,both_feet_imagery,Cz,mu,23,68.17162001159359,175.4492845522112,3.4161739508865314,-63.27520970307662,117.955307447678,181.23051715075462,-90.1687307750513,616.1255642620913,23.564477268329618,0.14588466304408387,7.735876321883173,11,0.4782608695652174,12,0,0,3.4161739508865314,True,True
66,replication_2,both_feet_imagery,C4,mu,23,279.6020595035142,583.0638977063248,59.719796604029185,-49.19051584601786,253.83941488467704,303.0299307306949,-74.78900743644641,2245.071260815991,83.31762840149129,2.033587484681802,8.448162591822003,11,0.4782608695652174,12,0,0,59.719796604029185,True,True
66,replication_2,both_feet_imagery,Cz,beta,23,157.43786082505557,285.77347499357495,42.996833872842764,-11.879638345991204,146.991803509409,158.8714418554002,-80.10204844907668,987.7837698883988,68.39114110274512,1.5532642175334341,4.487301029222196,7,0.30434782608695654,16,0,0,42.996833872842764,True,True
67,replication_2,both_fists_imagery,C4,central_12_13,23,13.820687825355327,71.20454953463478,-1.5730566644496968,-17.03664461240918,14.876906141850055,31.913550754259234,-83.15148088194717,282.25905575291114,-0.8055113944117103,-0.06886001769389616,1.4122809336572368,13,0.5652173913043478,10,0,1,-1.6181854002566474,True,True
67,replication_2,both_fists_imagery,C3,central_12_13,23,14.523860185144418,65.30381101295,4.417319394274022,-34.98290024304882,61.382384941584846,96.36528518463366,-62.7927731226212,173.64136326255465,3.7584470155895815,0.18772539791971674,3.948894631508396,11,0.4782608695652174,12,0,1,1.9149147248278475,True,True
67,replication_2,both_fists_imagery,C3,mu,23,19.017385392844286,73.46970751494291,1.4015481380586827,-22.953253534026718,31.62949074335685,54.58274427738357,-68.74257502910159,195.46911425865386,2.7858358486243437,0.06044585595774595,2.3117976127819517,11,0.4782608695652174,12,0,1,-0.6999176476805811,False,True
67,replication_2,both_fists_imagery,C4,mu,23,13.924232428824325,64.22985572109756,0.027796363605505428,-28.545024605487566,29.15415974413061,57.69918434961818,-68.51402736998487,200.8004514627901,0.3380012933089271,0.0012070129879956492,2.569114144465938,11,0.4782608695652174,12,0,1,-3.886734607291149,False,True
67,replication_2,both_fists_imagery,Cz,mu,23,0.6816102752220271,44.466155732388216,-14.559700835631864,-22.946077826236134,11.707883654076854,34.65396148031299,-52.63136994767681,100.8729322021603,-9.43524146427489,-0.6833723965532684,1.6060059108253988,16,0.6956521739130435,7,0,1,-15.553460427717543,True,True
67,replication_2,both_fists_imagery,Cz,beta,23,3.75058967404571,32.09622760436493,3.335184481563875,-19.913931021982084,15.976191007200544,35.89012202918263,-39.92436050398198,95.9866211242108,-0.024540854413785475,0.14248219142939939,1.607535765251166,9,0.391304347826087,14,0,1,3.4382618213137084,True,True
67,replication_2,both_feet_imagery,C3,central_12_13,22,16.45819690485906,80.83258358763904,-4.008865156111186,-32.022733385359075,31.264291352908494,63.28702473826757,-73.67954518300414,257.97199017822066,-3.2815585831125,-0.18026194926499298,2.85883972844396,13,0.5909090909090909,9,0,2,-4.008865156111186,True,True
67,replication_2,both_feet_imagery,C4,central_12_13,22,-18.82184861646579,42.95367144728837,-26.440226521941707,-54.61718174098581,5.829051113698571,60.446232854684375,-75.91294522922196,73.60931047643848,-24.781458494974284,-1.3400627379074086,3.6772074450519225,15,0.6818181818181818,7,0,2,-19.94327386260901,True,True
67,replication_2,both_feet_imagery,C3,mu,22,30.175086008363476,103.52733208582325,1.8457673102406984,-26.735990153737617,33.326366836172525,60.06235698991014,-69.35163109351777,393.1833097089155,3.4921809805458386,0.07820495324499765,2.5995540207650634,11,0.5,11,0,2,1.8457673102406984,True,True
67,replication_2,both_feet_imagery,Cz,mu,22,-8.248438237134325,25.092713980797843,-11.863645000496716,-27.81184804297261,2.8624497351572913,30.6742977781299,-45.297937180449686,52.47519309285893,-11.579167913105561,-0.5484606883080183,1.5363449511863752,16,0.7272727272727273,6,0,2,-10.526075349213368,True,True
67,replication_2,both_feet_imagery,C4,mu,22,-11.529117601590768,45.136547759432815,-26.571899859068896,-44.76567563139034,12.628856865544499,57.394532496934836,-61.82154020709988,98.53264437557479,-21.417090336192878,-1.3414013834887093,3.091174296940358,15,0.6818181818181818,7,0,2,-26.571899859068896,True,True
67,replication_2,both_feet_imagery,Cz,beta,22,-13.56175892696847,21.813446841376393,-17.813232392202295,-24.254631121991885,-4.020803612111045,20.23382750988084,-59.47291081505549,37.69951807397847,-15.765379539995887,-0.8520866725545925,1.0261427400165293,18,0.8181818181818182,4,0,2,-17.97049226978047,True,True
68,replication_2,both_fists_imagery,C4,central_12_13,22,-27.160435066167427,37.48962930062561,-39.42328110916429,-53.78051689013069,-16.635701722336044,37.14481516779465,-64.05646688314118,70.91018253984153,-36.2684740589816,-2.186683782094574,2.5615392491164792,18,0.8181818181818182,4,0,5,-44.346441854043185,True,True
68,replication_2,both_fists_imagery,C3,central_12_13,22,-15.957544064490238,61.79064544128042,-30.60353271302648,-46.14049795463615,-10.560565432695961,35.579932521940194,-68.72105055273651,236.37908357788413,-27.94984651145817,-1.586645165099915,2.203303428239214,18,0.8181818181818182,4,0,5,-25.26065925766972,True,True
68,replication_2,both_fists_imagery,C3,mu,22,-6.111733510101226,39.511068542463725,-1.8865029679897352,-38.88087535812758,27.09764189409499,65.97851725222257,-74.73961754617932,54.86073989209449,-5.795863864565011,-0.08416353616591464,3.179738829280338,11,0.5,11,0,5,-4.422368878595878,True,True
68,replication_2,both_fists_imagery,C4,mu,22,-19.505139040633633,40.74195811014188,-21.026142510691272,-46.05381889389291,2.638014753293172,48.69183364718608,-79.99551846868002,92.36270328208738,-23.787790646985915,-1.026135772232813,2.780932023938463,16,0.7272727272727273,6,0,5,-16.76014616052096,True,True
68,replication_2,both_fists_imagery,Cz,mu,22,-4.050468444119077,41.280999099432954,-8.546347554880345,-30.705882077641764,10.300225851401553,41.00610792904332,-79.34278664425925,98.47760539056254,-9.608794837257738,-0.3880540094778848,2.0163286192618157,15,0.6818181818181818,7,0,5,-6.38321494477072,True,True
68,replication_2,both_fists_imagery,Cz,beta,22,-59.72754842993768,27.657542761029724,-66.73215282618953,-74.84253365930932,-51.961338681067915,22.88119497824141,-86.13132778965067,49.599421091426464,-65.21916846362805,-4.779759870948203,2.8074701462257785,21,0.9545454545454546,1,0,5,-66.67307247436527,True,True
68,replication_2,both_feet_imagery,C3,central_12_13,23,4.513413126918162,41.84103985787419,5.94062062367979,-18.76294907278315,32.26649469352633,51.029443766309484,-70.07065457656566,84.94672793608602,4.727689098276117,0.25062512800541503,2.141742047556219,9,0.391304347826087,14,0,5,6.5841350041643825,True,True
68,replication_2,both_feet_imagery,C4,central_12_13,23,25.793816945806082,84.83414998233825,4.528936964361302,-16.127446332232637,43.518039251025684,59.64548558325832,-72.72323675612189,279.24761108631805,9.473683731381879,0.1923653374168962,2.3287976666475663,9,0.391304347826087,14,0,5,4.8531611530346055,True,True
68,replication_2,both_feet_imagery,C3,mu,23,25.47954492733408,52.72912150902438,25.14771322720624,-17.883358596928943,63.68148639862052,81.56484499554946,-58.398269053137824,142.4016442232463,22.229340809034692,0.9742291833194323,2.997172458699274,8,0.34782608695652173,15,0,5,30.627897040759812,True,True
68,replication_2,both_feet_imagery,Cz,mu,23,3.0009093115951138,50.07011050993574,-1.2680922911179064,-34.46001578348156,29.87104165327807,64.33105743675964,-75.29193904193677,130.02245675769953,-1.331445420364725,-0.0554247141869707,2.9707627731598203,13,0.5652173913043478,10,0,5,-4.14267374582048,True,True
68,replication_2,both_feet_imagery,C4,mu,23,38.22326559967047,89.97999398755022,0.9870219544685153,-21.610122580377773,69.02891315536398,90.63903573574176,-68.64984608781185,269.562816059723,19.868824116013233,0.04265565310262205,3.3341144883475775,9,0.391304347826087,14,0,5,0.7974135646138355,True,True
68,replication_2,both_feet_imagery,Cz,beta,23,-43.21860207772087,41.4944992724653,-48.94830779270977,-65.92798633402512,-40.55614881325653,25.371837520768594,-82.10517157662498,115.36585320992212,-51.520286902532185,-2.919898578060986,2.425770088049848,21,0.9130434782608695,2,0,5,-47.58429450993819,True,True
69,replication_2,both_fists_imagery,C4,central_12_13,22,-20.72025048576016,65.71083511558207,-35.5226411458957,-63.29566645032339,-6.207646623986392,57.088019826336996,-85.88018111812757,216.28563598693094,-35.44879550548287,-1.9072637680172715,4.072534315874447,18,0.8181818181818182,4,0,1,-33.923477597706494,True,True
69,replication_2,both_fists_imagery,C3,central_12_13,22,-23.91180887253463,78.80881336486051,-39.60088729804736,-64.62385723764281,-21.482921706978566,43.140935530664244,-94.8013500524574,243.95024196262563,-41.864946306138776,-2.207701160425032,3.4625032735997676,20,0.9090909090909091,2,0,1,-34.11216429958629,True,True
69,replication_2,both_fists_imagery,C3,mu,22,-18.30079275475472,66.6219986600361,-31.601772479631038,-44.67130233491791,-13.297141744412752,31.37416059050516,-92.03981559728462,224.5723635875707,-30.87470092133655,-1.6496062330481234,1.9505199149913754,18,0.8181818181818182,4,0,1,-31.25845897378569,True,True
69,replication_2,both_fists_imagery,C4,mu,22,-8.21233413645607,46.880751263478736,-19.186462432199505,-44.80283011456482,21.313717664355387,66.11654777892021,-79.3328148039072,88.7881555756263,-12.923905708375242,-0.9259527102458395,3.4384123604758723,14,0.6363636363636364,8,0,1,-17.641393008458365,True,True
69,replication_2,both_fists_imagery,Cz,mu,22,10.537372380633213,73.61938675883792,-3.143961623385316,-28.71970858415307,28.76111176718719,57.48082035134026,-76.29318419876195,219.69984596101335,-2.960526226824336,-0.14202554835083214,2.568529382960522,11,0.5,11,0,1,0.6261307739234228,False,True
69,replication_2,both_fists_imagery,Cz,beta,22,-19.091764819035088,38.50233099362805,-26.047512774170762,-48.80162742954527,0.013665477361645362,48.81529290690692,-64.93372885479245,93.1991515449763,-26.042596253191903,-1.3123229328078798,2.90726784184934,16,0.7272727272727273,6,0,1,-23.88896861351006,True,True
69,replication_2,both_feet_imagery,C3,central_12_13,23,36.201306605119164,134.13495056048473,-9.776171494854712,-45.51341759287868,91.0285352474076,136.54195284028629,-72.85565567504123,528.9738524921789,5.241391003983241,-0.44678748249380734,5.418657932030883,12,0.5217391304347826,11,0,4,12.347761266083348,False,True
69,replication_2,both_feet_imagery,C4,central_12_13,23,78.33205888065778,215.74533521493655,-23.93823171139421,-47.394312978913604,111.2377257624311,158.6320387413447,-85.46475992401346,806.7768957079513,14.91095346462286,-1.188335823025974,6.025656619470934,14,0.6086956521739131,9,0,4,-23.93823171139421,True,True
69,replication_2,both_feet_imagery,C3,mu,23,20.4980859670072,74.41159640225702,-1.9242643694552743,-34.61232968341548,52.47593837935037,87.08826806276585,-71.3888410150806,194.91259133580044,5.60756153164895,-0.0843842570071414,3.6785631729221753,12,0.5217391304347826,11,0,4,1.948838095835288,False,True
69,replication_2,both_feet_imagery,Cz,mu,23,6.730944795170496,59.441095924156635,-9.926321194245457,-26.637385896498415,13.307803440062383,39.9451893365608,-55.65956176644129,188.4816049653204,-8.763836541634559,-0.45402099358915304,1.8911855109256088,14,0.6086956521739131,9,0,4,-8.455396291219323,True,True
69,replication_2,both_feet_imagery,C4,mu,23,48.06254806472488,132.47983272034557,-10.560388870968064,-28.487305574644054,73.59911046184999,102.08641603649404,-83.85382369032773,449.4703570054639,12.76904285862158,-0.48470097705446474,3.809595775996996,13,0.5652173913043478,10,0,4,-10.417999134396275,True,True
69,replication_2,both_feet_imagery,Cz,beta,23,-20.475532403759132,28.830979473420243,-28.967638495871107,-40.84382271657225,-5.294530386179684,35.54929233039256,-62.91678391361798,39.113685170208115,-25.25478446732272,-1.4854374676446611,2.040230221645159,18,0.782608695652174,5,0,4,-28.967638495871107,True,True
70,replication_2,both_fists_imagery,C4,central_12_13,23,-44.841677737708004,24.512305574659695,-44.92894826926521,-63.3654029973313,-26.819958622190292,36.54544437514101,-87.84838923147255,18.168483712053707,-46.11600267294845,-2.590766294113451,3.0036311850119555,22,0.9565217391304348,1,0,9,-48.96450240884394,True,True
70,replication_2,both_fists_imagery,C3,central_12_13,23,-48.25954639819442,31.21607736743936,-54.37179240230662,-67.9959375121376,-44.54228675954194,23.453650752595664,-87.84560473704543,30.00331619408268,-54.90322596532988,-3.4076659118176305,2.3822660091712136,20,0.8695652173913043,3,0,9,-51.370711435907424,True,True
70,replication_2,both_fists_imagery,C3,mu,23,-35.74707861499047,23.31912704961063,-35.759701403553215,-56.058192962299245,-16.310089544399137,39.74810341790011,-68.85305233324512,-3.63925417411836,-35.71392936222061,-1.9219244907296553,2.7981225668827125,23,1.0,0,0,9,-20.394067086670603,True,True
70,replication_2,both_fists_imagery,C4,mu,23,-16.872810002491327,41.06953064542572,-22.188310118249678,-49.782756443573874,14.217133781914349,63.99989022548822,-72.21334108137764,82.73944017086986,-22.112115570869697,-1.0895515275627585,3.5555278613896206,16,0.6956521739130435,7,0,9,-13.11356625864109,True,True
70,replication_2,both_fists_imagery,Cz,mu,23,-11.459990061843833,45.00323069315713,-16.25846600460062,-40.28780677653046,7.623525997637314,47.911332774167775,-78.1367509090247,114.08067439864251,-16.259676670203536,-0.7705908787235788,2.5892264182797056,15,0.6521739130434783,8,0,9,-10.648094994994196,True,True
70,replication_2,both_fists_imagery,Cz,beta,23,-5.006197558410571,20.520610144531908,-6.559372469855869,-21.83683493040069,13.551604938298755,35.38843986869945,-38.816007977226995,36.004600084184005,-6.504986803809544,-0.29464253579667177,1.6216922676126804,15,0.6521739130434783,8,0,9,-17.268391016243843,True,True
70,replication_2,both_feet_imagery,C3,central_12_13,22,46.37260674356844,79.96873678146025,34.890772720770094,-17.904333305395134,91.45312217819958,109.35745548359472,-50.97965330420028,236.41082583392307,33.15063477095691,1.2991468541277365,3.6805706618235803,9,0.4090909090909091,13,0,7,37.26984074544924,True,True
70,replication_2,both_feet_imagery,C4,central_12_13,22,20.800532273960588,66.75955737031926,7.589605727582471,-24.95169603488042,34.424771330300764,59.376467365181185,-74.3667092933629,181.92459532181306,5.614662338231345,0.31754849759616144,2.5280336207980105,9,0.4090909090909091,13,0,7,6.6816224550185,True,True
70,replication_2,both_feet_imagery,C3,mu,22,18.240974909793668,63.8018506939755,9.018096777979814,-27.75158540223712,53.57747180033333,81.32905720257045,-64.69665804786766,196.10109362988788,10.18170954597019,0.3749828939916129,3.2625852143669913,9,0.4090909090909091,13,0,7,9.476633063149198,True,True
70,replication_2,both_feet_imagery,Cz,mu,22,-22.768719624809513,46.17455766582237,-30.158720169297133,-56.79491516575749,-5.000082839632302,51.79483232612519,-78.15106942708337,96.8108338910737,-30.37157831152947,-1.5691232116979368,3.424299754546016,17,0.7727272727272727,5,0,7,-17.515230434823337,True,True
70,replication_2,both_feet_imagery,C4,mu,22,-1.4017218939572218,41.716112473516986,-9.069241017301295,-25.512757509553552,0.013935656365896248,25.526693165919447,-62.344715544904865,103.60627850306444,-10.815264423692303,-0.4135016575518351,1.2808841163446194,16,0.7272727272727273,6,0,7,-3.741051133932196,True,True
70,replication_2,both_feet_imagery,Cz,beta,22,-1.3145004639174143,23.97311608403805,-3.3579066153807506,-17.692707599168426,12.432560414911167,30.125268014079595,-45.58975175789631,52.37464632565098,-2.5383519231177916,-0.1485522048831952,1.3550671472830618,13,0.5909090909090909,9,0,7,4.342172125901013,False,True
71,replication_2,both_fists_imagery,C4,central_12_13,23,-14.622415623928513,141.17231172943974,-58.569276456536215,-72.1745298157918,-26.5981244853592,45.5764053304326,-91.88436107204036,584.9936788761902,-52.959906504541905,-3.8267748214486663,4.202037980071832,18,0.782608695652174,5,0,1,-60.599800174399775,True,True
71,replication_2,both_fists_imagery,C3,central_12_13,23,-20.83061956288824,69.86254861716088,-44.18225417020606,-65.22054515524968,-0.8403659006275657,64.38017925462212,-82.24523348079661,204.92962517765073,-38.59354665189919,-2.53227706246692,4.542281783256362,17,0.7391304347826086,6,0,1,-44.332514643986,True,True
71,replication_2,both_fists_imagery,C3,mu,23,-8.52010050065698,60.94525166024108,-27.47542945998006,-42.341136512182445,11.391827858852297,53.73296437103474,-74.72446327038233,215.85287283825457,-21.852836342996977,-1.395148342268048,2.84842388290968,16,0.6956521739130435,7,0,1,-28.173742617049122,True,True
71,replication_2,both_fists_imagery,C4,mu,23,-15.149508660593327,81.46233180370973,-45.31102619897349,-54.54015351776234,-22.638012225382806,31.902141292379536,-86.93521831863255,262.73995846148597,-39.609421091545435,-2.6210022577022967,2.3034379913506338,18,0.782608695652174,5,0,1,-45.53419427209427,True,True
71,replication_2,both_fists_imagery,Cz,mu,23,-18.348444869922044,42.310124218425486,-24.880131009821618,-40.532826255972694,3.887529139029839,44.42035539500253,-80.77937086182686,86.52818636294309,-22.803541211313416,-1.2424517815531366,2.4238942009231788,17,0.7391304347826086,6,0,1,-22.680026687584785,True,True
71,replication_2,both_fists_imagery,Cz,beta,23,-16.89728793134024,33.99065856392154,-26.6874363505634,-35.76660231813466,-0.5025928644842591,35.2640094536504,-58.859981825057694,85.87706034644489,-22.537711009436965,-1.3482159348890919,1.9002313330377973,17,0.7391304347826086,6,0,1,-25.106152753161982,True,True
71,replication_2,both_feet_imagery,C3,central_12_13,22,74.55651680909877,139.80426386389135,37.407749157878904,-37.13533539407897,142.31223878797866,179.44757418205762,-69.14426477193759,457.4030771687211,44.570784776163805,1.302033046593162,5.936730905515364,8,0.36363636363636365,14,0,1,11.584581869882047,True,True
71,replication_2,both_feet_imagery,C4,central_12_13,22,76.12255497294024,152.86622504685465,43.676726402689845,-25.540959101365203,109.56852803723875,135.10948713860395,-82.23883262728756,533.4889004526035,44.78103881076094,1.567126002537258,4.51510669778159,8,0.36363636363636365,14,0,1,35.67938411871299,True,True
71,replication_2,both_feet_imagery,C3,mu,22,45.33593111121481,89.00618399778973,29.324141469027502,-31.374738502472233,107.66101048524294,139.03574898771518,-73.19000902914127,246.59132788367046,34.883635660212285,1.116789006561853,4.841575798086955,7,0.3181818181818182,15,0,1,29.091396087909374,True,True
71,replication_2,both_feet_imagery,Cz,mu,22,30.865818150067614,77.93961027775777,5.919284544775962,-36.71598702350694,86.81482453427614,123.53081155778308,-57.91788778759165,206.05223680457655,17.81687711371629,0.2318813740739708,4.702941909165347,11,0.5,11,0,1,-3.6693178032820377,False,True
71,replication_2,both_feet_imagery,C4,mu,22,50.45687832858392,112.14647107525577,24.313461558309633,-1.2452336005025424,83.4507297284719,84.69596332897444,-72.92413746656781,456.8749914740542,33.10760913592214,0.9451811904228984,2.6874128081684736,6,0.2727272727272727,16,0,1,24.259652181224002,True,True
71,replication_2,both_feet_imagery,Cz,beta,22,15.330847536777448,78.54249089088157,-7.355434860047238,-19.706659744752056,30.206053729885436,49.91271347463749,-53.86913732746102,331.13159070171804,-2.551380146166569,-0.3318244328287853,2.0812388909721036,15,0.6818181818181818,7,0,1,-7.6628173376732365,True,True
72,replication_2,both_fists_imagery,C4,central_12_13,21,-62.621960266317295,53.26711665433767,-88.7058573419862,-93.61331885379177,-62.33670376715409,31.276615086637676,-95.66280965213114,117.34606961330022,-80.6967289525836,-9.471467309256047,7.706430914853686,18,0.8571428571428571,3,0,14,-88.7058573419862,True,True
72,replication_2,both_fists_imagery,C3,central_12_13,21,-58.488246054595365,40.70622480407159,-76.55426383210582,-88.94004257981479,-33.02400681804544,55.91603576176934,-95.99909735327321,65.15724754613663,-67.1371951026865,-6.299361263870711,7.821657074698893,20,0.9523809523809523,1,0,14,-88.94004257981479,True,True
72,replication_2,both_fists_imagery,C3,mu,21,-55.71092452392941,36.43465237481974,-69.60496686987929,-87.22529876627128,-35.111459896421145,52.113838869850134,-93.70246242406697,25.012920141572224,-63.18062358563792,-5.171973789049467,7.058172513503999,19,0.9047619047619048,2,0,14,-74.29654925686883,True,True
72,replication_2,both_fists_imagery,C4,mu,21,-61.844864391080506,52.18463953681526,-84.39336429737163,-93.2040075847136,-45.46413621610138,47.739871368612214,-95.57514471839308,121.54473992666657,-78.1125766517984,-8.066907070116184,9.044293107395346,20,0.9523809523809523,1,0,14,-84.19855479234684,True,True
72,replication_2,both_fists_imagery,Cz,mu,21,-19.943836216228764,51.133614971776225,-40.61920227297302,-53.46489808168962,9.80253373437642,63.267431816066036,-72.4355654577711,139.2061607183234,-32.89769374281449,-2.2635397234929098,3.7283169232177062,15,0.7142857142857143,6,0,14,-45.31408048147091,True,True
72,replication_2,both_fists_imagery,Cz,beta,21,-19.665882631927076,27.614366479424152,-30.90164942281519,-38.391079328523325,-6.065632842711318,32.32544648581201,-54.220858759878915,49.06717506452948,-25.046091023369243,-1.605323193953615,1.8318091340121887,17,0.8095238095238095,4,0,14,-31.87164893281338,True,True
72,replication_2,both_feet_imagery,C3,central_12_13,21,196.41909999681587,459.4488508946119,42.79587942992065,-43.941815654655876,167.5265605576834,211.46837621233928,-76.01705028506869,1631.9999865429177,53.00275736170474,1.5471567546069247,6.7872787870373426,8,0.38095238095238093,13,0,8,29.40659640101389,True,True
72,replication_2,both_feet_imagery,C4,central_12_13,21,317.6321734600383,835.8243145243423,17.488295689361177,-45.280043237697214,105.24519588421596,150.52523912191316,-77.96546816064611,3635.6283634998526,41.34797191406805,0.6999460387831385,5.741272549546572,9,0.42857142857142855,12,0,8,43.460606292866416,True,True
72,replication_2,both_feet_imagery,C3,mu,21,172.93275421075433,381.4814366172919,39.27456274483098,-35.99182192586394,155.21938081662103,191.21120274248497,-76.01134594423115,1549.3058140778398,58.544767570336134,1.4387180365774017,6.006781850666941,8,0.38095238095238093,13,0,8,39.27456274483098,True,True
72,replication_2,both_feet_imagery,Cz,mu,21,48.07387729987521,69.4498478781728,49.950631323818534,-25.201149665263777,91.7202296418145,116.92137930707827,-40.76696837695552,208.99310802636577,43.839474912318074,1.759482985708611,4.087730177471476,7,0.3333333333333333,14,0,8,49.950631323818534,True,True
72,replication_2,both_feet_imagery,C4,mu,21,211.38610496551496,475.72399248143404,25.994112330398643,-36.95702079391812,65.82434641181003,102.78136720572815,-73.0591369074523,1847.351164149119,47.38296952564416,1.003502511321522,4.200115659136234,10,0.47619047619047616,11,0,8,46.42444846220365,True,True
72,replication_2,both_feet_imagery,Cz,beta,21,-12.146982571626687,22.339368724406736,-13.356531169055478,-24.9256083813296,1.2704476252764019,26.196056006606,-59.124170976515096,31.849158299066698,-12.38672887094769,-0.6226416875599673,1.2999090812029686,15,0.7142857142857143,6,0,8,-4.418975064330639,True,True
73,replication_2,both_fists_imagery,C4,central_12_13,21,21.68959738955477,121.01010721450736,-18.268350646610646,-52.42145883450573,75.04754202874044,127.46900086324617,-75.83680049999185,472.246757913358,-2.086747412362857,-0.8760973688386575,5.6574489515679165,12,0.5714285714285714,9,0,4,-23.155163664178616,True,True
73,replication_2,both_fists_imagery,C3,central_12_13,21,17.019185703784007,81.60586127082824,-21.9079277742252,-40.65609637527627,49.630450159252824,90.2865465345291,-77.87431139858316,222.08083867654045,-4.0101253759719135,-1.073930527213813,4.016438718168749,11,0.5238095238095238,10,0,4,3.7281421603740217,False,True
73,replication_2,both_fists_imagery,C3,mu,21,26.705966741227858,75.1460439876153,-1.80989600498435,-27.683797052745366,41.478839996643465,69.16263704938883,-68.49360586139834,206.6931722222345,9.519573642000024,-0.07932280002504073,2.9145587542992066,11,0.5238095238095238,10,0,4,21.558538441436962,False,True
73,replication_2,both_fists_imagery,C4,mu,21,24.050423140808125,85.81942544940489,-6.784217587838594,-42.07957001337501,93.55799381084178,135.63756382421678,-67.13274308323575,225.77089786567436,6.268711717366525,-0.30510550798006014,5.239793347926547,11,0.5238095238095238,10,0,4,-15.915198232989896,True,True
73,replication_2,both_fists_imagery,Cz,mu,21,17.41780762803055,71.52026797440504,-7.368714057861444,-26.32738191556093,64.71357648852467,91.0409584040856,-49.23730887383133,261.9624396515263,2.1087894340396556,-0.3324230686842878,3.49423293756081,12,0.5714285714285714,9,0,4,-19.635645124547743,True,True
73,replication_2,both_fists_imagery,Cz,beta,21,-27.78921110505209,33.58211174599521,-35.29821336157086,-50.05559508055502,-4.54536558874528,45.51022949180974,-70.1386357140855,76.16130863782757,-31.36469675688479,-1.8908372680428531,2.8131017570434125,17,0.8095238095238095,4,0,4,-35.29821336157086,True,True
73,replication_2,both_feet_imagery,C3,central_12_13,21,9.397252433565992,88.09369315614951,-20.536517420163634,-44.638658719350204,33.59551197298856,78.23417069233876,-81.55694643380386,303.24357371132464,-8.75236047863492,-0.9983240540118878,3.8258526507913198,12,0.5714285714285714,9,0,2,-14.312167427341365,True,True
73,replication_2,both_feet_imagery,C4,central_12_13,21,-14.988156139747751,40.488459975655545,-14.794854797775725,-45.377985000344786,10.26606907369742,55.6440540740422,-73.07155653211495,89.2191573029027,-16.22334110421391,-0.6953417911281148,3.050741753134571,13,0.6190476190476191,8,0,2,-16.38033388577288,True,True
73,replication_2,both_feet_imagery,C3,mu,21,13.731629313632057,72.38353775946425,-14.380942491046788,-33.77601295456533,58.67436434430816,92.45037729887349,-81.62066924407657,207.00746753570195,-0.025054569515214318,-0.6742955717110601,3.79491443087719,11,0.5238095238095238,10,0,2,2.770393826660598,False,True
73,replication_2,both_feet_imagery,Cz,mu,21,42.41115493657288,86.64126058238662,22.678887207268318,-1.744158637999848,44.95824899038942,46.70240762838927,-69.44771101426694,282.42848124311865,22.07374915139986,0.8876982794025938,1.6888455549206252,6,0.2857142857142857,15,0,2,22.678887207268318,True,True
73,replication_2,both_feet_imagery,C4,mu,21,-12.304270697866544,34.08855119754388,-9.947086555691088,-43.21334787152167,16.361044153006418,59.57439202452809,-57.74637183188547,59.20002934215677,-14.666149532680333,-0.4550223206911497,3.1156134418966355,13,0.6190476190476191,8,0,2,-26.836397699546858,True,True
73,replication_2,both_feet_imagery,Cz,beta,21,-33.83516863630988,22.98840356501773,-45.39610536559979,-49.232183253989994,-25.81143726469343,23.420745989296563,-62.21466398953074,27.449138799829196,-38.86838058601272,-2.627763800442146,1.647484704102663,19,0.9047619047619048,2,0,2,-45.39610536559979,True,True
74,replication_2,both_fists_imagery,C4,central_12_13,21,48.34711769994947,163.36527760715097,-22.49011746913417,-60.88678050786968,37.90797600344035,98.79475651131003,-78.83796544258239,542.1454335559237,-0.5109399555811868,-1.1064292130014635,5.472658195005804,12,0.5714285714285714,9,0,7,-36.35086442114971,True,True
74,replication_2,both_fists_imagery,C3,central_12_13,21,80.71719921450281,169.87202079356152,36.974648525171105,-57.36970521760063,129.46129284519841,186.83099806279904,-85.69550996255545,443.7402081641562,41.16786806547986,1.366401947152558,7.309911004429957,10,0.47619047619047616,11,0,7,-53.44314031694738,False,True
74,replication_2,both_fists_imagery,C3,mu,21,85.3634653148578,178.25460571942727,6.5412996189385515,-41.990180030577875,178.20657571237078,220.19675574294865,-84.89679402309997,542.5446054921132,46.86381977409401,0.27517990120024644,6.8086587313720175,10,0.47619047619047616,11,0,7,-39.43072610495348,False,True
74,replication_2,both_fists_imagery,C4,mu,21,16.504148064752172,98.63360509429165,-12.32891167450254,-57.26260086021197,51.73692299611252,108.99952385632449,-77.83108627109746,229.88843099664086,-8.913911849696701,-0.5714360219638293,5.502831840861391,13,0.6190476190476191,8,0,7,-29.261986974746787,True,True
74,replication_2,both_fists_imagery,Cz,mu,21,-1.4801598589696847,69.49657236301067,-15.69532861044083,-61.63618690123514,45.41550275835439,107.05168965958953,-80.93307619101435,169.54927921773086,-12.01001980702827,-0.7414836010242545,5.7868894263664,12,0.5714285714285714,9,0,7,-19.763245258058898,True,True
74,replication_2,both_fists_imagery,Cz,beta,21,55.51094611534385,135.1405626153357,12.272381202001863,-43.640171727715824,68.45702579877731,112.09719752649313,-71.80634440907573,386.05917896584515,18.413490267676465,0.5027293376116936,4.755194675665366,9,0.42857142857142855,12,0,7,-30.465775159963865,False,True
74,replication_2,both_feet_imagery,C3,central_12_13,21,-30.28828477763894,48.457615490012905,-40.911977536556066,-65.2359223951484,-9.621891106539884,55.61403128860852,-88.9950475642547,66.94172884959802,-37.48526739953142,-2.285005445876962,4.1493253900383325,16,0.7619047619047619,5,0,5,-45.74167996976753,True,True
74,replication_2,both_feet_imagery,C4,central_12_13,21,-14.978854662425379,66.4747948012266,-45.14108847641186,-54.32012281089803,1.6692263072638474,55.989349118161876,-85.13344655273455,157.48466187948702,-34.37065779065189,-2.607528136470749,3.4746459099821507,15,0.7142857142857143,6,0,5,-46.53763260121289,True,True
74,replication_2,both_feet_imagery,C3,mu,21,-28.09769341718012,48.65633209455588,-32.39392957892911,-64.67298161335383,-2.8971140418191834,61.77586757153464,-88.07640354281665,102.9086524576195,-33.77187350275408,-1.7001430654342289,4.391251532345293,16,0.7619047619047619,5,0,5,-38.141056024159205,True,True
74,replication_2,both_feet_imagery,Cz,mu,21,-24.54399216602579,48.98846442114711,-37.18430925425258,-52.23074676328107,-8.905939351718049,43.32480741156302,-86.24476246267932,124.01271918736886,-32.966906054326415,-2.0193186019372154,2.8034160967232618,17,0.8095238095238095,4,0,5,-37.41199218427401,True,True
74,replication_2,both_feet_imagery,C4,mu,21,-14.897556960255738,67.33858942100129,-43.451958269146004,-59.321203307963785,-8.90572236057003,50.41548094739375,-82.2533827440592,149.82965813171032,-34.87466074406818,-2.4758243017636685,3.5012299861930787,17,0.8095238095238095,4,0,5,-36.87804218588824,True,True
74,replication_2,both_feet_imagery,Cz,beta,21,-19.433646022684144,52.522208935947305,-36.75702504721963,-48.60238175540817,-5.982649461225053,42.619732294183116,-76.93586690316413,112.1198808519052,-32.87421741033695,-1.9898770902464897,2.6226501402301396,16,0.7619047619047619,5,0,5,-40.68818131639057,True,True
75,replication_2,both_fists_imagery,C4,central_12_13,21,-48.344687497665284,40.57643724607288,-67.19920843942408,-74.54843756350843,-30.06112350953263,44.487314053975794,-83.085163999259,79.74904295317204,-58.005184719487644,-4.841156756102055,4.390042032183673,19,0.9047619047619048,2,0,3,-63.64415878730364,True,True
75,replication_2,both_fists_imagery,C3,central_12_13,21,-38.490772650772264,62.315567405844696,-64.81251563108634,-72.85990669270012,-16.78021620258424,56.07969049011588,-95.76663668221943,184.72745417702583,-54.1396558260875,-4.536117807280899,4.866152467486699,17,0.8095238095238095,4,0,3,-61.31356913693212,True,True
75,replication_2,both_fists_imagery,C3,mu,21,-33.73946199093547,43.57251077110018,-45.52199222063167,-63.76056708791574,-26.388966012546973,37.371601075368766,-95.35483396713069,70.69250494094366,-44.34793976578315,-2.6377878263431183,3.0776152509242873,17,0.8095238095238095,4,0,3,-40.76018309931868,True,True
75,replication_2,both_fists_imagery,C4,mu,21,-32.164828578997444,38.875485284992926,-39.25310485787312,-67.62207393328197,-3.8603499128306447,63.761724020451325,-77.57731143030112,36.59732976487034,-37.03274339353013,-2.164759145543526,4.726535100823129,16,0.7619047619047619,5,0,3,-25.537916516526273,True,True
75,replication_2,both_fists_imagery,Cz,mu,21,-27.04486650305741,47.11796298321123,-39.32391667701938,-57.51123506091419,-17.27682743395421,40.23440762695998,-84.35887423177144,118.33474662190436,-36.77644201418188,-2.1698246094588267,2.893530747310332,17,0.8095238095238095,4,0,3,-38.176597909798204,True,True
75,replication_2,both_fists_imagery,Cz,beta,21,-18.062030756926827,27.362092299664067,-19.0671391965876,-29.3057140582431,-5.015913598761426,24.289800459481675,-85.2804226700697,31.099761911566368,-18.124630234753276,-0.918751079556881,1.2826653766537013,17,0.8095238095238095,4,0,3,-20.316021844049853,True,True
75,replication_2,both_feet_imagery,C3,central_12_13,24,0.3086381679757236,69.85204146899117,-17.614623426243156,-38.20704214760278,6.9684377411559275,45.1754798887587,-79.16826770606329,220.06133422906453,-16.302349883059392,-0.8417629707997768,2.3821903900780663,17,0.7083333333333334,7,0,5,-26.892398675236652,True,True
75,replication_2,both_feet_imagery,C4,central_12_13,24,-8.318212560359362,82.7709230748459,-30.611950321376177,-49.59250118367019,-6.353760274477203,43.238740909192984,-88.64308330206943,301.73759110716566,-29.208556663805282,-1.5871688230355303,2.68932994307053,19,0.7916666666666666,5,0,5,-30.425787198205004,True,True
75,replication_2,both_feet_imagery,C3,mu,24,-5.66788286038254,52.98302852418348,-12.463459295724729,-35.80732495220249,8.612676009100761,44.42000096130325,-79.16466446773016,155.03224244167293,-12.21559294475589,-0.5785262445691037,2.2855976177617223,14,0.5833333333333334,10,0,5,-22.214504755208285,True,True
75,replication_2,both_feet_imagery,Cz,mu,24,-11.888415062450058,73.93860983578497,-33.94798318398135,-49.61695543185034,1.390564942856079,51.007520374706424,-90.91896525105821,284.8355291351162,-26.80050594320253,-1.801199963646833,3.021345848592918,18,0.75,6,0,5,-33.598498926689295,True,True
75,replication_2,both_feet_imagery,C4,mu,24,-16.691895946703998,53.19696119882854,-26.193449903035024,-45.499979554596614,7.190245792630829,52.69022534722744,-85.05408734097804,163.17956385422116,-24.838953148074307,-1.320736066102088,2.9359184365476336,17,0.7083333333333334,7,0,5,-24.13779868911209,True,True
75,replication_2,both_feet_imagery,Cz,beta,24,-1.8193143400500464,27.18452355472394,-6.390856551418938,-21.260377158330485,15.325127430986342,36.58550458931683,-43.704354326247824,47.03262329087731,-3.8952469495943056,-0.2874052926649931,1.6573466824744703,13,0.5416666666666666,11,0,5,-7.931146949983966,True,True
76,replication_2,both_fists_imagery,C4,central_12_13,21,1.6911283567693591,69.6828440632397,-15.57440756455721,-36.30133809828167,13.413220132603676,49.714558230885345,-81.33014892619603,170.2872650797781,-13.225889729442807,-0.735258831291402,2.505333721657296,14,0.6666666666666666,7,0,0,-15.57440756455721,True,True
76,replication_2,both_fists_imagery,C3,central_12_13,21,-3.035379039900813,68.66399899699695,-12.364821179556719,-51.68360775762944,18.00395244475193,69.68756020238138,-67.01937101505676,188.78932329709372,-19.273458758806985,-0.573215228191299,3.8780205558321885,14,0.6666666666666666,7,0,0,-12.364821179556719,True,True
76,replication_2,both_fists_imagery,C3,mu,21,-10.623318686729979,68.56891285748443,-28.0113786877767,-53.31864638643805,4.47422747611138,57.79287386254943,-81.1883598840207,206.8878645664385,-25.156226998228615,-1.4273614373318302,3.4986572774137215,15,0.7142857142857143,6,0,0,-28.0113786877767,True,True
76,replication_2,both_fists_imagery,C4,mu,21,4.157577204800199,76.83130483127475,-14.632981279642445,-46.66369348678549,26.366967335389905,73.03066082217539,-79.85929877100298,196.3037473286329,-12.014675718658811,-0.6870988521655857,3.746106251086628,12,0.5714285714285714,9,0,0,-14.632981279642445,True,True
76,replication_2,both_fists_imagery,Cz,mu,21,-11.50133262939546,58.44256837892945,-31.08788885762794,-49.93595607212621,39.15003188489965,89.08598795702585,-86.02678873628832,126.13838809146722,-20.917502214561445,-1.617044451449769,4.439573833176507,15,0.7142857142857143,6,0,0,-31.08788885762794,True,True
76,replication_2,both_fists_imagery,Cz,beta,21,49.002246532319454,110.69232703437014,-3.7808946499639386,-33.482006791502556,137.81468874934643,171.296695540849,-56.95186626938091,272.7370877562593,22.2440020444094,-0.16738685506089307,5.532995370897169,12,0.5714285714285714,9,0,0,-3.7808946499639386,True,True
76,replication_2,both_feet_imagery,C3,central_12_13,21,-14.71095099614345,59.650297159998665,-32.65340075015641,-49.98696250026045,-4.738834460555709,45.24812803970474,-87.65481687795366,133.22003596872895,-28.35946771955993,-1.7168432962646345,2.7983265902955208,16,0.7619047619047619,5,0,0,-32.65340075015641,True,True
76,replication_2,both_feet_imagery,C4,central_12_13,21,8.916423736309545,86.33643997924075,-14.967039160386,-42.652805315486546,32.51027030276959,75.16307561825613,-83.28453169935557,240.38452867387755,-11.19750894712057,-0.7041269856758909,3.6373736198170064,13,0.6190476190476191,8,0,0,-14.967039160386,True,True
76,replication_2,both_feet_imagery,C3,mu,21,-2.3983145771735455,62.5598764542261,-19.7650715513774,-38.49466285328871,20.819667392299685,59.314330245588394,-82.1272606290884,180.7415822036406,-12.135335165749328,-0.9563653034140907,2.9322483235103602,13,0.6190476190476191,8,0,0,-19.7650715513774,True,True
76,replication_2,both_feet_imagery,Cz,mu,21,-5.359629888349632,49.97846836277255,-4.2867652418470845,-36.14623464347308,14.45484054291412,50.6010751863872,-75.77353715986044,155.6221837340761,-7.497055683450599,-0.19028005953258909,2.534476526326311,12,0.5714285714285714,9,0,0,-4.2867652418470845,True,True
76,replication_2,both_feet_imagery,C4,mu,21,11.37314339044623,65.18739482819487,8.570213510554696,-41.1320337508855,35.70598398248883,76.83801773337433,-82.67234543147427,174.82159417092785,4.706810334420991,0.35710691897720426,3.627199661736885,9,0.42857142857142855,12,0,0,8.570213510554696,True,True
76,replication_2,both_feet_imagery,Cz,beta,21,2.4911732456684854,103.07418500248104,-28.58882360613287,-54.012994236795734,13.424990852073188,67.43798508886893,-87.36898034901222,308.77511487496014,-23.761229761650704,-1.4623381250488618,3.920736195463817,15,0.7142857142857143,6,0,0,-28.58882360613287,True,True
77,replication_2,both_fists_imagery,C4,central_12_13,22,20.920155773032185,84.92357881731317,23.993842048645675,-32.934719131258056,61.10456014392649,94.03927927518455,-92.3163823330162,277.0316187947208,16.6137443044363,0.9337793597322277,3.8335081339167787,8,0.36363636363636365,14,0,0,23.993842048645675,True,True
77,replication_2,both_fists_imagery,C3,central_12_13,22,22.274107681847315,86.66617300043603,-3.960872756817003,-33.54416163255256,67.89064782083658,101.43480945338914,-77.7429035287613,302.3397217328398,8.89891795337424,-0.18251121833844267,4.024485418972298,11,0.5,11,0,0,-3.9608727568170035,True,True
77,replication_2,both_fists_imagery,C3,mu,22,5.857123545780568,70.93007434869736,-2.926790253615672,-54.44197301231928,39.575339443950845,94.01731245627013,-83.90509651985455,156.0990277548286,-6.680543068303663,-0.13389771387819782,4.875791734781295,11,0.5,11,0,0,-2.9267902536156716,True,True
77,replication_2,both_fists_imagery,C4,mu,22,6.529555741589262,52.40130183111614,15.293051317860705,-20.327193612820917,38.7959473274111,59.12314094023202,-95.58291890034405,100.29066062010286,12.416221277762734,0.6177581663778262,2.4461065717182056,7,0.3181818181818182,15,0,0,15.293051317860705,True,True
77,replication_2,both_fists_imagery,Cz,mu,22,3.2617897707334538,62.473268789268246,11.978286828502625,-54.212833301508894,55.1416285322905,109.35446183379939,-72.0781018498108,131.2569676191905,-2.94278715625207,0.4819229889027874,5.294900657176261,10,0.45454545454545453,12,0,0,11.978286828502625,True,True
77,replication_2,both_fists_imagery,Cz,beta,22,20.69949488463376,81.77732292964346,13.603563086819257,-40.34661503904083,52.19654038589602,92.54315542493686,-65.76192043619818,311.5929974006912,8.84672156243471,0.5539147865133938,4.0714729673989325,9,0.4090909090909091,13,0,0,13.603563086819257,True,True
77,replication_2,both_feet_imagery,C3,central_12_13,23,-18.744019274261284,92.19731200490449,-51.98239142679513,-67.3824507524782,-16.498648976969776,50.88380177550843,-73.11334022784611,352.53350928024327,-44.89361686299703,-3.1859947296126805,4.063428345973378,18,0.782608695652174,5,0,1,-52.542673062054746,True,True
77,replication_2,both_feet_imagery,C4,central_12_13,23,-2.1369404246029347,153.49926879902142,-44.60237402520705,-69.91966009739559,6.612088169413289,76.53174826680888,-90.0115507310784,654.3298549482914,-39.43666246474231,-2.5650884624880748,5.505314137476617,16,0.6956521739130435,7,0,1,-51.97603702811745,True,True
77,replication_2,both_feet_imagery,C3,mu,23,-16.094739812292953,67.37734374687142,-29.16192235974192,-60.7723089958661,-8.157797189849637,52.61451180601646,-75.07654374587663,185.23659088609227,-32.82110855878192,-1.4973323293588918,3.694516802775563,18,0.782608695652174,5,0,1,-31.4353563123137,True,True
77,replication_2,both_feet_imagery,Cz,mu,23,-14.610773877144174,57.47627384755804,-31.91848754032057,-56.013212590655776,13.639017889428626,69.6522304800844,-76.99942673946863,128.50654216923348,-25.36739165522321,-1.6697080478015633,4.119005517248331,16,0.6956521739130435,7,0,1,-30.21870266588516,True,True
77,replication_2,both_feet_imagery,C4,mu,23,-21.89974750885281,66.97376099706783,-47.51451573935437,-62.68653377924391,3.646669867518222,66.33320364676213,-88.44651213819238,190.88025611053354,-37.15869676099427,-2.7996079139737553,4.430843447231384,17,0.7391304347826086,6,0,1,-51.779618653481236,True,True
77,replication_2,both_feet_imagery,Cz,beta,23,4.275385632373786,75.66897809875616,-12.5799279728453,-47.22078638177939,34.57470237330823,81.79548875508762,-73.64183257792372,286.4423542213378,-5.607701287386661,-0.5838884002226483,4.088968154107489,12,0.5217391304347826,11,0,1,-13.88588409878181,True,True
78,replication_2,both_fists_imagery,C4,central_12_13,22,22.704963229106852,155.45914454237254,-29.68622124309738,-53.57963779792745,7.7447206298938225,61.32435842782127,-81.1404522667963,572.3254640736191,-24.266978217682528,-1.5302372959677544,3.6652092643574914,16,0.7272727272727273,6,0,0,-29.68622124309738,True,True
78,replication_2,both_fists_imagery,C3,central_12_13,22,43.76686912578173,133.152050233261,7.909030403880057,-59.62151828029632,66.10157270964763,125.72309098994396,-81.13277830009162,457.6358500996642,12.112560946163816,0.3255667890419658,6.210338578831582,10,0.45454545454545453,12,0,0,7.909030403880057,True,True
78,replication_2,both_fists_imagery,C3,mu,22,44.53140576941836,108.76079281783396,27.794556783898948,-32.75943774180015,89.24611499309609,122.00555273489624,-80.65602857181578,380.9690667938627,27.612822645959024,1.0640642236585092,4.505292720382408,9,0.4090909090909091,13,0,0,27.794556783898948,True,True
78,replication_2,both_fists_imagery,C4,mu,22,17.93329700075929,128.80212623362613,-15.935364537618181,-36.90651980013351,19.562200609328034,56.46872040946154,-81.39143076216311,553.3323991267665,-11.485807936158485,-0.753933665744682,2.7742523923135183,13,0.5909090909090909,9,0,0,-15.935364537618181,True,True
78,replication_2,both_fists_imagery,Cz,mu,22,23.90266145972182,88.39267400617746,1.9870849297992823,-40.82715431399076,80.52448120542498,121.35163551941574,-72.84708967367314,230.10501803419413,6.657670925306389,0.06841928775073092,4.833832768755265,11,0.5,11,0,0,1.9870849297992819,True,True
78,replication_2,both_fists_imagery,Cz,beta,22,7.68597030955448,53.96419137675331,-11.74620772912227,-19.107593977574652,39.381207261284736,58.48880123885939,-81.53474237897073,135.180155094723,0.5966239230266461,-0.5427838923500394,2.3498158097125383,13,0.5909090909090909,9,0,0,-11.74620772912227,True,True
78,replication_2,both_feet_imagery,C3,central_12_13,23,2.9605349348814385,93.13165877875448,-24.706266627392704,-59.50693981844246,21.142279666296655,80.64921948473912,-94.07541543349525,242.29711875093878,-20.33614415722878,-1.2324116822094853,4.754401240913737,14,0.6086956521739131,9,0,2,-25.859942731293106,True,True
78,replication_2,both_feet_imagery,C4,central_12_13,23,-10.58482028085825,95.42154296298425,-29.01896887329888,-71.58310446371519,11.060404573316864,82.64350903703205,-95.60054127468273,362.6609299303899,-29.681296421856768,-1.4885769603683705,5.960778607160158,16,0.6956521739130435,7,0,2,-39.91541758196519,True,True
78,replication_2,both_feet_imagery,C3,mu,23,-15.474822535949675,71.14588643125505,-17.635327159387483,-57.199915416758124,2.39270466725479,59.592620084012914,-91.70486790690362,220.95900605082068,-25.667717051035897,-0.8425902228561722,3.7875529766943186,17,0.7391304347826086,6,0,2,-34.331163830396875,True,True
78,replication_2,both_feet_imagery,Cz,mu,23,9.925522625077976,101.4721388747258,-11.391355931093004,-52.32656582245815,34.21643451034723,86.54300033280538,-84.90289998237755,389.4705008391964,-8.466979072615965,-0.5252390917039341,4.534693733482212,12,0.5217391304347826,11,0,2,17.151899042713552,False,True
78,replication_2,both_feet_imagery,C4,mu,23,-12.345210941829523,60.605662348930316,-22.189435163032353,-66.01659936640142,29.936078323520498,95.95267768992193,-92.10874264486,103.13723610593475,-17.470948781394874,-1.0896143207335558,5.831412507812538,13,0.5652173913043478,10,0,2,-35.62207607624167,True,True
78,replication_2,both_feet_imagery,Cz,beta,23,3.846199031795269,65.48410178911146,-5.980441587528986,-38.30793838268036,41.89585887303158,80.20379725571195,-84.93299393813399,152.64839283823414,-2.9740180535978737,-0.2678179292097922,3.6089927064274443,14,0.6086956521739131,9,0,2,-18.47100617903216,True,True
79,replication_2,both_fists_imagery,C4,central_12_13,21,2.1764560193994824,49.41058197292774,-3.8436817901296045,-37.93050382617743,26.010982409111055,63.94148623528848,-51.72695850861667,127.34877805468274,-8.550238809871836,-0.17022173999287268,3.0753017725873875,14,0.6666666666666666,7,0,10,-8.74927086551162,True,True
79,replication_2,both_fists_imagery,C3,central_12_13,21,12.187489063050108,69.58389571328809,-8.575731266262812,-32.151837619266225,13.40980785684539,45.561645476111615,-64.03591534709092,193.5225165114498,-5.5162308036097265,-0.38938504724376377,2.231125250467435,12,0.5714285714285714,9,0,10,-10.95624148408516,True,True
79,replication_2,both_fists_imagery,C3,mu,21,6.6246103674045305,43.935132704198104,0.1674554710247979,-29.23310254368689,23.330510822255878,52.56361336594277,-53.008845906846695,93.11700827111798,1.8467061694966131,0.007266416393738218,2.41240374508401,10,0.47619047619047616,11,0,10,-2.69880344080637,False,True
79,replication_2,both_fists_imagery,C4,mu,21,5.437916562620951,46.38818413371208,-0.037561346262306845,-33.623952603051364,36.61101464144481,70.23496724449618,-59.790636304982726,101.26356296834523,3.7487741931050373,-0.001631574981408009,3.134743297539826,11,0.5238095238095238,10,0,10,-0.037561346262306845,True,True
79,replication_2,both_fists_imagery,Cz,mu,21,12.697285832776387,64.67221059510128,-15.463748800528233,-32.705632372274195,51.37536413927432,84.0809965115485,-62.62835665482832,195.5377539050115,-1.2826724755349057,-0.7295701507669123,3.5207648449433315,12,0.5714285714285714,9,0,10,-15.463748800528233,True,True
79,replication_2,both_fists_imagery,Cz,beta,21,39.7942239903418,102.96191115305868,7.558811029152686,-33.21912504814966,93.8492697352803,127.06839478342997,-53.027664560226036,303.0735271644582,10.565349814498111,0.31645992822999736,4.628120644723919,10,0.47619047619047616,11,0,10,20.964894943376144,True,True
79,replication_2,both_feet_imagery,C3,central_12_13,24,20.103061954246662,77.87628903465304,-16.562748143004754,-32.86821115836088,54.76193554079567,87.63014669915654,-56.030456396880545,233.5093180007886,2.2095488598465316,-0.7867638697213809,3.6215839119764244,13,0.5416666666666666,11,0,6,-18.920146383194954,True,True
79,replication_2,both_feet_imagery,C4,central_12_13,24,13.896536437054971,73.26649500197328,6.595193329388636,-34.95575387509216,39.94801980819629,74.90377368328845,-65.00893560674004,241.5384676441992,0.5038367761875939,0.27721297501226744,3.327795835931628,11,0.4583333333333333,13,0,6,-2.941888717687176,False,True
79,replication_2,both_feet_imagery,C3,mu,24,15.775010635281744,62.325021358233755,-2.754786340137469,-18.984972901012018,41.491799559456275,60.4767724604683,-64.84547785187878,253.31535376231272,5.086455338498101,-0.1230597736365553,2.4218214794233783,13,0.5416666666666666,11,0,6,-8.159123091299357,True,True
79,replication_2,both_feet_imagery,Cz,mu,24,21.38060151824804,70.65628897838855,0.3088894720435591,-17.649888266293605,35.00252055867009,52.6524088249637,-53.56099999360497,284.1164359131484,6.492488745153029,0.012168881096899758,2.145749289000849,12,0.5,12,0,6,6.006859953705309,True,True
79,replication_2,both_feet_imagery,C4,mu,24,8.734737251365017,61.57379851088684,-7.886542949539087,-22.4429199311323,11.015102949640085,33.45802288077239,-63.31001132347281,194.78367307964663,-4.468227709081482,-0.3568280636152773,1.5136596441015921,16,0.6666666666666666,8,0,6,-7.886542949539087,True,True
79,replication_2,both_feet_imagery,Cz,beta,24,36.37197221296922,93.94288192678097,12.347504536925024,-24.739933025002024,55.0836296536674,79.82356267866942,-61.918419582331346,318.54991764849194,13.872605602957279,0.5048587056408338,3.1403149436680895,10,0.4166666666666667,14,0,6,18.063844804719718,True,True
80,replication_2,both_fists_imagery,C4,central_12_13,24,15.257925659165727,64.33629173400266,12.742241979957853,-38.02123398031989,50.75192954356986,88.77316352388975,-71.74669320217667,133.7518023897467,10.424399415011926,0.5205439067092714,3.8649964797628242,10,0.4166666666666667,14,0,4,6.50774204065533,True,True
80,replication_2,both_fists_imagery,C3,central_12_13,24,-18.247973278477104,45.672173838422715,-33.3902192441629,-56.83208750936286,23.461758936459663,80.29384644582252,-79.93420559667486,68.02178514842369,-22.38556361943646,-1.7748730517677445,4.564070264453701,16,0.6666666666666666,8,0,4,-42.11073075176637,True,True
80,replication_2,both_fists_imagery,C3,mu,24,-7.765555939588481,39.408562021180394,-12.364847194160053,-31.259712214323095,5.086017833816817,36.34573004813991,-69.47742454381294,86.51541195884539,-12.142344290706227,-0.5753148296771371,1.85232168400986,15,0.625,9,0,4,-16.324303216330076,True,True
80,replication_2,both_fists_imagery,C4,mu,24,8.428654236408844,49.76972173515328,7.271416105223418,-24.08180587894091,36.93363119184679,61.0154370707877,-68.20705593601116,110.83247129102477,5.674569930920413,0.29964603769751336,2.5542703610815285,11,0.4583333333333333,13,0,4,-10.276097952975062,False,True
80,replication_2,both_fists_imagery,Cz,mu,24,13.863211345842393,42.823845865417816,3.793154304166963,-9.34982564849743,14.328714491215559,23.678540139712986,-49.086261437498685,135.95743243625338,4.861641840816362,0.16148311390982284,1.0077678252342421,10,0.4166666666666667,14,0,4,6.370629570077571,True,True
80,replication_2,both_fists_imagery,Cz,beta,24,-11.304720045116063,23.787580508028096,-17.005778660355276,-26.71714715999177,1.926455433591264,28.643602593583037,-43.080709955955356,60.205141527273454,-14.133522147440619,-0.8095227799124891,1.434481072608794,17,0.7083333333333334,7,0,4,-13.789662869993162,True,True
80,replication_2,both_feet_imagery,C3,central_12_13,21,14.891437511206991,68.50664662758477,2.3043035469398268,-42.630127043073315,59.89359971018036,102.52372675325367,-64.5077262258336,174.8145161087208,4.164634052530732,0.09893903187986933,4.45147191810355,10,0.47619047619047616,11,0,2,2.3043035469398268,True,True
80,replication_2,both_feet_imagery,C4,central_12_13,21,-34.78473111735977,54.661312931421456,-42.82341455952107,-75.0509828463345,-30.39131292687071,44.659669919463795,-90.18163282150567,121.82304974078971,-47.38627566633758,-2.4278178407136735,4.4561000075948725,18,0.8571428571428571,3,0,2,-42.82341455952107,True,True
80,replication_2,both_feet_imagery,C3,mu,21,-1.4135284636921,48.658203827811924,-14.2095910583713,-30.72765525117131,9.276265301133938,40.003920552305246,-59.091680355565884,141.69963964932433,-10.35678443580645,-0.6656126199456722,1.9796595585060575,13,0.6190476190476191,8,0,2,-14.2095910583713,True,True
80,replication_2,both_feet_imagery,Cz,mu,21,-9.143635627456685,51.16398803673029,-20.37839761505872,-49.45281227942206,24.221421384203683,73.67423366362574,-70.91998608352696,119.20524559467718,-19.511325477948233,-0.9896908648646906,3.904994964033895,15,0.7142857142857143,6,0,2,-20.37839761505872,True,True
80,replication_2,both_feet_imagery,C4,mu,21,-33.07603300211341,47.02424718399209,-53.15953723714523,-59.28238544121804,2.0815927814154964,61.363978222633534,-83.07283748209247,96.60757518522931,-42.61051402307199,-3.293788229429392,3.9916511080243176,15,0.7142857142857143,6,0,2,-46.984156001879605,True,True
80,replication_2,both_feet_imagery,Cz,beta,21,-17.36199041717841,21.096338229680754,-13.977899094749766,-35.695859422410265,-0.15098051993608375,35.54487890247418,-50.68431098994886,27.682570843255196,-16.827857423550395,-0.6538995494148009,1.9110486616894142,16,0.7619047619047619,5,0,2,-22.51515057530348,True,True
81,replication_2,both_fists_imagery,C4,central_12_13,22,3.787210447251788,58.96642636035545,-17.804359096376487,-38.057337998854976,35.292724369986885,73.35006236884186,-80.22411146051164,146.0044237567631,-4.28806054822485,-0.8515127748680151,3.4101532880614243,12,0.5454545454545454,10,0,1,-17.759868724663022,True,True
81,replication_2,both_fists_imagery,C3,central_12_13,22,25.725011915488423,162.57469675678337,-16.14348543222785,-34.919861912423954,36.65525678512495,71.5751186975489,-73.25704954928669,728.3620015787724,-8.052551976927514,-0.7651710123091378,3.218735377252019,13,0.5909090909090909,9,0,1,-17.464664050993324,True,True
81,replication_2,both_fists_imagery,C3,mu,22,8.661189544408845,95.49676498299031,-9.59883040651694,-30.659059008651422,9.802542003751586,40.46160101240301,-75.93493807240874,405.9246124817408,-9.604056680563758,-0.4405169206086822,1.9954944628656195,14,0.6363636363636364,8,0,1,-6.684829842194866,True,True
81,replication_2,both_fists_imagery,C4,mu,22,-8.9420542449286,52.13058340913231,-16.971836143137168,-39.51540035662602,11.210567408397244,50.72596776502326,-82.70959986541305,101.40584217010338,-15.578773028101239,-0.8083651898577717,2.643203324961899,15,0.6818181818181818,7,0,1,-15.569514953137526,True,True
81,replication_2,both_fists_imagery,Cz,mu,22,-7.847372622942785,53.073452680204696,-16.320011493571062,-41.0132978101377,11.610062721542388,52.62336053168009,-82.80803423110919,103.85401937466288,-14.654188918073698,-0.7737841468166721,2.767127280007971,14,0.6363636363636364,8,0,1,-16.29074919716272,True,True
81,replication_2,both_fists_imagery,Cz,beta,22,-6.736345907770711,30.489998224691426,-15.678099894756443,-26.539123141433485,9.840305044454347,36.37942818588783,-49.18391257046492,78.35585805355225,-10.607803645212782,-0.7407087755231534,1.7460435617659213,14,0.6363636363636364,8,0,1,-16.285344168814508,True,True
81,replication_2,both_feet_imagery,C3,central_12_13,23,25.281629217148257,66.61539553874033,-2.899312556227716,-24.54901472471036,57.265722272282716,81.81473699699308,-50.64629899140281,176.71263168369086,11.597916641389856,-0.12777695406309397,3.1941906699613187,12,0.5217391304347826,11,0,1,4.448205980294154,False,True
81,replication_2,both_feet_imagery,C4,central_12_13,23,26.636691419075806,66.17236794538714,1.0069598810831544,-14.596970121192069,56.314222955832264,70.91119307702434,-66.41725648474397,187.20033232639915,14.198748763027384,0.04351299859962771,2.623493468233301,10,0.43478260869565216,13,0,1,7.162432334257086,True,True
81,replication_2,both_feet_imagery,C3,mu,23,26.805009340723956,54.51060055031358,12.272727788214405,-7.609675819010331,67.6466506099567,75.25632642896703,-41.802745130044826,185.6486541398988,19.047971126653273,0.5027427443147193,2.5860909646510652,9,0.391304347826087,14,0,1,12.456331033886846,True,True
81,replication_2,both_feet_imagery,Cz,mu,23,23.329397666416295,49.910646722313864,19.895358527176693,-18.68825847420981,50.06058633846253,68.74884481267233,-53.55607658658217,148.05185324365866,16.98333039319985,0.7880237071309028,2.660060498177125,9,0.391304347826087,14,0,1,22.31636015991186,True,True
81,replication_2,both_feet_imagery,C4,mu,23,23.145111679551523,49.38137158661029,17.3962235415661,-17.899774549937,50.410354284227424,68.31012883416443,-52.23121568419429,150.1611707900047,17.012893574770782,0.696541265415924,2.628262956543731,8,0.34782608695652173,15,0,1,18.927714651050394,True,True
81,replication_2,both_feet_imagery,Cz,beta,23,7.873497674475567,37.129077046629185,-1.547021476722409,-19.42365632315849,28.46856845171011,47.892224774868595,-34.88814225985039,88.41398827425078,1.5409943636130856,-0.06771140504468004,2.0169050501126007,12,0.5217391304347826,11,0,1,-1.847656565867805,True,True
82,replication_2,both_fists_imagery,C4,central_12_13,24,6.656074489660995,86.99181787319849,-25.449723788820478,-52.30415750876335,42.91428790399159,95.21844541275495,-83.1376065009606,215.88448557695676,-11.906719504565142,-1.2755203387004035,4.7699274612400515,15,0.625,9,0,1,-25.267967121241803,True,True
82,replication_2,both_fists_imagery,C3,central_12_13,24,-12.544604431967421,60.524107100086646,-21.8224608262857,-53.63841835062691,17.383623967127356,71.02204231775426,-89.12656472420704,154.98174790682145,-21.094330117911788,-1.0692710315498817,4.058696930867952,16,0.6666666666666666,8,0,1,-22.32851517907242,True,True
82,replication_2,both_fists_imagery,C3,mu,24,5.371600182927485,80.45105985984061,-25.742553092106654,-54.12025440052959,47.12197606645816,101.24223046698775,-79.8917634012038,231.61460456120633,-10.469530301947888,-1.293198195638867,5.053348147923414,16,0.6666666666666666,8,0,1,-26.97509920876056,True,True
82,replication_2,both_fists_imagery,C4,mu,24,21.069720019647338,109.22120880949807,-8.047879107673593,-57.765238701304014,57.08749967259122,114.85273837389524,-85.92106312419973,324.83495505937725,-5.566445845004692,-0.3853325737049055,5.70432762398779,12,0.5,12,0,1,0.9622453201345931,False,True
82,replication_2,both_fists_imagery,Cz,mu,24,34.65681012207176,73.00174029855123,18.2091110379563,-16.258483375085405,66.76330590492884,83.02178928001425,-64.69923823158062,231.645731775868,23.01672195020289,0.7262277743793472,2.9894830989087318,9,0.375,15,0,1,19.55553931822291,True,True
82,replication_2,both_fists_imagery,Cz,beta,24,-5.324853141368707,46.266649652416106,-16.7906845123812,-29.82729283586136,5.432682279618326,35.25997511547968,-65.34809038746582,135.4132118330963,-14.252287434221998,-0.79828133511763,1.7672964680193757,16,0.6666666666666666,8,0,1,-16.739283973687517,True,True
82,replication_2,both_feet_imagery,C3,central_12_13,21,13.82109320685153,116.07493387162468,-19.815378575394963,-47.115143683824066,44.30917841661035,91.42432210043441,-82.63356256587002,474.86647512705093,-6.485892514384734,-0.9590891688862562,4.359626254145722,12,0.5714285714285714,9,0,2,-19.815378575394963,True,True
82,replication_2,both_feet_imagery,C4,central_12_13,21,23.653509185160146,98.2450681643757,12.442428474369933,-58.00967296901547,69.22117296187042,127.23084593088589,-86.27052816791104,260.059390128442,4.081438842882766,0.5093021670798473,6.053054440074138,10,0.47619047619047616,11,0,2,-11.418193168527324,False,True
82,replication_2,both_feet_imagery,C3,mu,21,23.98418133173387,93.73534784404885,2.882679085219614,-45.69810209785968,63.178668849158825,108.87677094701851,-75.2838276229361,319.0963564169443,3.4047512639462973,0.1234226484121079,4.77848377142534,10,0.47619047619047616,11,0,2,-14.979923282431931,False,True
82,replication_2,both_feet_imagery,Cz,mu,21,26.054631715351277,76.95996230536524,12.048758512475592,-19.194046371310524,65.06972580530528,84.2637721766158,-77.96236008661117,235.2405681776284,14.575139278610472,0.49407048964179834,3.1022406994391716,8,0.38095238095238093,13,0,2,8.529360854813495,True,True
82,replication_2,both_feet_imagery,C4,mu,21,31.60140849642523,100.89700462639625,-7.870390611305439,-41.07738525599485,92.88116335745296,133.95854861344782,-82.3142807505933,271.4127278523145,12.930232792113507,-0.35600770155993716,5.150078060062524,11,0.5238095238095238,10,0,2,-12.14970355845306,True,True
82,replication_2,both_feet_imagery,Cz,beta,21,-17.48904907355589,37.18124088870299,-28.921252445118192,-42.55995300525282,-1.2610519627886312,41.298901042464195,-59.68673139442394,88.05527234536252,-26.453506502691656,-1.482602332977414,2.3527370938966152,16,0.7619047619047619,5,0,2,-28.921252445118192,True,True
83,replication_2,both_fists_imagery,C4,central_12_13,22,-19.99157268367148,50.64191420627339,-26.386064597546707,-55.00579569377116,-0.43898785978551835,54.56680783398564,-82.08159289621891,103.56267699304814,-27.345084467728878,-1.336504176028598,3.4477600829569495,16,0.7272727272727273,6,0,2,-26.386064597546707,True,True
83,replication_2,both_fists_imagery,C3,central_12_13,22,-16.93276060804813,41.21290358385308,-30.033367889043284,-38.91143324087863,-4.316462699259836,34.59497054161879,-68.04882360100373,77.96989076463738,-25.974074857686666,-1.5522953078507746,1.9487812645554479,18,0.8181818181818182,4,0,2,-30.033367889043284,True,True
83,replication_2,both_fists_imagery,C3,mu,22,-26.871056012864212,37.889856520355096,-31.794100855708365,-51.62627894409073,-23.780109350206576,27.846169593884152,-77.72082853311716,84.6038860024381,-34.490639206684804,-1.6617975558542768,1.9832389581084042,18,0.8181818181818182,4,0,2,-33.02841262114759,True,True
83,replication_2,both_fists_imagery,C4,mu,22,-16.367935016901775,48.66949824739154,-16.109976300460424,-65.72888266920953,7.632473720859639,73.36135639006916,-89.62155859894862,91.20063890656303,-18.725141350977612,-0.7633140350553356,4.983865342968414,13,0.5909090909090909,9,0,2,-8.42181557453156,True,True
83,replication_2,both_fists_imagery,Cz,mu,22,-30.89424177112901,38.434467509279166,-29.874477656683183,-57.129414447085296,-13.370071715486658,43.759342731598636,-92.10315823886921,66.33397033781021,-33.822473931384,-1.541566742274127,3.0581369376227387,19,0.8636363636363636,3,0,2,-29.874477656683183,True,True
83,replication_2,both_fists_imagery,Cz,beta,22,-10.161466844812317,56.541696157141736,-30.434221059114286,-44.810610359646574,2.365211444514498,47.175821804161075,-66.66875522015096,152.95422288682434,-22.927198322397253,-1.580376415785347,2.685642130893547,16,0.7272727272727273,6,0,2,-27.303924481596425,True,True
83,replication_2,both_feet_imagery,C3,central_12_13,23,10.681716204475123,65.33052678703085,-0.6338622523997076,-35.203821918615205,35.847660310498256,71.05148222911346,-71.415201775977,184.65731040617823,-0.2503579995247984,-0.027615904003150143,3.2085228347745467,12,0.5217391304347826,11,0,2,-3.357591945240113,True,True
83,replication_2,both_feet_imagery,C4,central_12_13,23,6.23119210379744,90.08999740024538,-26.633684713148977,-58.490591984202325,36.32955246703665,94.82014445123897,-90.4802937621755,259.8606377615907,-11.303796973082292,-1.3450329216650194,5.16647951529823,14,0.6086956521739131,9,0,2,-31.011333709495766,True,True
83,replication_2,both_feet_imagery,C3,mu,23,-10.251449482930722,38.74949634726792,-13.121751140582825,-40.06815036365176,11.46345558904953,51.53160595270129,-72.38586593121849,68.73305186434327,-14.022943617637797,-0.6108894141955415,2.695426655675641,14,0.6086956521739131,9,0,2,-21.51777342434254,True,True
83,replication_2,both_feet_imagery,Cz,mu,23,-22.37768606564795,68.39404915634336,-40.59836649293967,-64.92860645436413,5.3927813065955625,70.3213877609597,-85.64164080497335,226.40125029772128,-37.04247277915676,-2.262016120331495,4.775589334389122,16,0.6956521739130435,7,0,2,-37.506517961627814,True,True
83,replication_2,both_feet_imagery,C4,mu,23,-11.22282974383123,55.01620776980456,-10.715354088937824,-58.908633356382865,32.201886189241826,91.1105195456247,-90.21585016455569,79.08295406532748,-13.741592302382681,-0.49223219380492444,5.100294155230509,13,0.5652173913043478,10,0,2,-22.540302863568826,True,True
83,replication_2,both_feet_imagery,Cz,beta,23,12.924978873141868,65.71351068517396,-8.558518963869776,-27.14719762571796,32.316704890974165,59.46390251669213,-65.65226479191972,205.6914826141824,-3.600005140621931,-0.38856748485369047,2.5862869162921163,14,0.6086956521739131,9,0,2,-10.872713921604923,True,True
84,replication_2,both_fists_imagery,C4,central_12_13,22,15.714733886683984,142.5377674195284,-23.971077807877013,-59.34990967763075,28.207328990444882,87.55723866807563,-82.30239391320674,591.0226009111113,-20.892830544830712,-1.1909829740629687,5.024638667664914,15,0.6818181818181818,7,0,2,-23.971077807877013,True,True
84,replication_2,both_fists_imagery,C3,central_12_13,22,-0.8633935833744808,82.00775090754745,-16.450250559088687,-57.438484111296674,30.95898000972844,88.39746412102511,-82.29505195383328,236.49295938223975,-17.74510889732439,-0.7841474137817182,4.893389809940362,14,0.6363636363636364,8,0,2,-21.794501205879513,True,True
84,replication_2,both_fists_imagery,C3,mu,22,18.468939569734168,130.26636145498512,-26.69870654710884,-66.10728293093717,28.642944918259253,94.75022784919642,-91.28040621245695,421.15589524829096,-18.166171564329478,-1.3593336855339038,6.003211546502186,13,0.5909090909090909,9,0,2,-34.19873164588949,True,True
84,replication_2,both_fists_imagery,C4,mu,22,46.35881093605963,205.04461879883058,-29.26824288332365,-67.32227001094641,56.831179694088576,124.15344970503499,-86.5043847918903,845.3761856195658,-8.970005942762963,-1.5065444021487102,6.81698520700474,12,0.5454545454545454,10,0,2,-29.26824288332365,True,True
84,replication_2,both_fists_imagery,Cz,mu,22,71.19896605207245,259.31437382638273,-6.244912334770065,-50.18138458955872,56.35959598176607,106.54098057132478,-84.64330957160172,1140.1963537537897,0.920212500622534,-0.28025035009796095,4.998284004818781,12,0.5454545454545454,10,0,2,-14.701451181404941,True,True
84,replication_2,both_fists_imagery,Cz,beta,22,-2.1675834453921157,53.31045219628875,-12.111356982981555,-32.16236328135487,9.01257440343941,41.17493768479428,-56.13230616043169,193.29006753685837,-12.047176805854454,-0.5678914040463792,2.0612433699391035,13,0.5909090909090909,9,0,2,-19.977205071976677,True,True
84,replication_2,both_feet_imagery,C3,central_12_13,23,44.874016532689446,137.3105226843707,5.527702284579461,-35.336585626322325,60.68739439370578,96.0239800200281,-82.38697050362138,470.6857901348204,8.184310127926308,0.23366482098703842,3.9074051272197425,11,0.4782608695652174,12,0,2,-3.5815055600961903,False,True
84,replication_2,both_feet_imagery,C4,central_12_13,23,86.125845732009,279.26179973085584,-25.337026250291885,-46.461252633023435,95.71750486908311,142.17875750210655,-88.03785731464711,1181.1879810696346,6.454138554579495,-1.268947165612113,5.559296420793137,13,0.5652173913043478,10,0,2,-31.009413856852664,True,True
84,replication_2,both_feet_imagery,C3,mu,23,90.77057826203108,210.89194765418733,-13.324316004476811,-28.218323775125725,111.32903292611036,139.54735670123608,-85.82229860654533,703.8205571171166,23.083799742242384,-0.621027224513838,4.675851341595654,13,0.5652173913043478,10,0,2,-13.540243011567995,True,True
84,replication_2,both_feet_imagery,Cz,mu,23,126.07589171536831,289.9941325072908,-3.7565223119086335,-32.72150095878879,121.2090894309078,153.9305903896966,-81.63434818805824,983.8049596506712,24.696430093947715,-0.1662869246933389,5.088289640255246,13,0.5652173913043478,10,0,2,-14.929252334277258,True,True
84,replication_2,both_feet_imagery,C4,mu,23,81.7158357985621,249.70135454521971,-7.051283981819344,-51.984459882251656,74.7672734640696,126.75173334632126,-88.93176742550315,891.9154932611278,2.8363588369396564,-0.31756605139747784,5.5683577652214655,12,0.5217391304347826,11,0,2,-17.87332805148167,True,True
84,replication_2,both_feet_imagery,Cz,beta,23,53.39547453851656,210.58213112858977,12.852811343025392,-29.66523287311542,37.656241302778994,67.32147417589442,-62.687035662961435,993.5437106891337,8.010290767598319,0.5251238251484085,2.919590798457537,10,0.43478260869565216,13,0,2,5.697563384138054,True,True
85,replication_2,both_fists_imagery,C4,central_12_13,23,-57.74237477441196,39.07223975785317,-70.04043330124583,-86.05177964832353,-49.72872824318238,36.32305140514115,-92.22555700336953,40.13073251208676,-68.1448862572332,-5.23464472070731,5.564966451587963,20,0.8695652173913043,3,0,1,-73.1123255232401,True,True
85,replication_2,both_fists_imagery,C3,central_12_13,23,-52.997486800735416,56.65615030358987,-79.40056615796107,-84.75284190843112,-58.70504251897053,26.047799389460593,-93.26628921073159,135.91870270817392,-70.70404017819428,-6.861447156821688,4.323590870816473,20,0.8695652173913043,3,0,1,-79.51689793008282,True,True
85,replication_2,both_fists_imagery,C3,mu,23,-50.096495392152974,45.97340906209552,-67.55754034320346,-78.28197229092264,-40.76577004591388,37.516202245008756,-92.0984554585454,103.16501611554946,-62.441127737833426,-4.888862267519053,4.348190802974783,20,0.8695652173913043,3,0,1,-67.68316295807058,True,True
85,replication_2,both_fists_imagery,C4,mu,23,-52.81350691227815,30.805041208824143,-64.7930124183321,-74.48640508232668,-28.036173771320335,46.45023131100635,-91.84334888092472,3.824195573887313,-57.464787517136365,-4.533711329141187,4.469506668609906,22,0.9565217391304348,1,0,1,-67.56483885855596,True,True
85,replication_2,both_fists_imagery,Cz,mu,23,-34.44484382539843,42.85695523694244,-39.26039942152197,-56.91104796985438,-26.20259944621069,30.70844852364369,-91.18139865389367,103.36674395535667,-41.0615539993942,-2.1652806831392253,2.3380144510954537,20,0.8695652173913043,3,0,1,-36.994129172428075,True,True
85,replication_2,both_fists_imagery,Cz,beta,23,-21.899675762218273,28.149859739052108,-30.002791428813683,-42.34756725303228,-7.6690946706503755,34.67847258238191,-57.865144254074934,39.61122523397611,-26.1480883713785,-1.5491927893292705,2.0425638110749427,19,0.8260869565217391,4,0,1,-31.521075992892094,True,True
85,replication_2,both_feet_imagery,C3,central_12_13,22,130.5986884258855,424.4404649895114,9.059231309088041,-24.10553672393842,60.6066602782437,84.71219700218212,-83.05687373808252,1927.445702517567,15.51297557240157,0.37586326898495137,3.257065938531283,10,0.45454545454545453,12,0,2,9.059231309088041,True,True
85,replication_2,both_feet_imagery,C4,central_12_13,22,168.28119480155766,323.37980387050806,77.74078969383436,-7.060155530841385,207.2800611922563,214.34021672309768,-67.10675490536019,1452.9138726392785,93.4771551281865,2.497597982775817,5.2717286352991,6,0.2727272727272727,16,0,2,77.74078969383436,True,True
85,replication_2,both_feet_imagery,C3,mu,22,64.03477929070233,221.08739274292154,-9.438528937981362,-27.742634958522686,49.66324349749521,77.40587845601789,-85.457911379995,847.9568578116948,1.8245977732600172,-0.4334912802660633,3.1628044367458266,13,0.5909090909090909,9,0,2,-9.438528937981362,True,True
85,replication_2,both_feet_imagery,Cz,mu,22,-14.417900926402119,59.133061102195185,-27.476581223397268,-58.14396137654697,0.2653384107041661,58.409299787251136,-75.54763105344199,149.86556826823684,-28.51890925853576,-1.3992116847532514,3.7852117734062802,16,0.7272727272727273,6,0,2,-27.476581223397268,True,True
85,replication_2,both_feet_imagery,C4,mu,22,89.84605565232295,145.51317131261192,32.53204342404723,-25.16995007004197,166.2601493691121,191.43009943915408,-52.65233047568278,498.88537852144606,60.694620485602854,1.2230493380240475,5.575618065577649,6,0.2727272727272727,16,0,2,32.53204342404723,True,True
85,replication_2,both_feet_imagery,Cz,beta,22,-3.208892522241133,33.85707931799113,-11.223030491908684,-20.01829733139106,2.3418076273853297,22.36010495877639,-43.53949512656137,93.22398824177203,-9.960791483515262,-0.5184745117673157,1.0706058700108627,14,0.6363636363636364,8,0,2,-13.904844805783625,True,True
86,replication_2,both_fists_imagery,C4,central_12_13,21,-13.443692879610968,43.12413622016033,-19.91142957793434,-44.800563544789526,-6.574002119719887,38.22656142506964,-67.52193066674508,82.78876213610907,-21.917753260839927,-0.9642945840773403,2.2853310130143667,16,0.7619047619047619,5,0,7,-24.175708636535028,True,True
86,replication_2,both_fists_imagery,C3,central_12_13,21,-31.701209588074477,32.898728171609186,-33.98359585228129,-57.04457982275529,-14.621577105958469,42.423002716796816,-79.50400942290905,35.954883863554244,-36.142095690967324,-1.8034813497895452,2.983301567432772,17,0.8095238095238095,4,0,7,-33.56942047263058,True,True
86,replication_2,both_fists_imagery,C3,mu,21,-34.403666245288306,24.78941092429816,-33.33957387663848,-49.535534634453306,-16.572844656759035,32.96268997769427,-79.78038911341162,16.90961096007122,-34.58225299325576,-1.7613191446137217,2.1832175890546623,19,0.9047619047619048,2,0,7,-40.925408618216,True,True
86,replication_2,both_fists_imagery,C4,mu,21,-14.559366271051069,31.990278858366384,-16.99822702814828,-31.999645721725475,10.276075673508105,42.27572139523358,-71.72508228266916,55.60535860413469,-15.803448215057227,-0.8091263071226407,2.0997012737606258,15,0.7142857142857143,6,0,7,-26.097162317288735,True,True
86,replication_2,both_fists_imagery,Cz,mu,21,-14.326470985722903,42.800603345420356,-27.691542436529506,-44.30733535396939,2.4490994527499286,46.75643480671932,-68.2766614973663,90.36527496414412,-23.553028246342134,-1.4081090245198942,2.6471014777800828,15,0.7142857142857143,6,0,7,-28.629372081305377,True,True
86,replication_2,both_fists_imagery,Cz,beta,21,-36.97841574496635,20.355504395791797,-38.70047649815146,-52.530427904719495,-30.420565148311496,22.109862756408,-66.03727686874969,7.26312946098983,-40.726867534265935,-2.125429013595967,1.6606558005793772,19,0.9047619047619048,2,0,7,-40.27124588980642,True,True
86,replication_2,both_feet_imagery,C3,central_12_13,24,21.061670979641683,75.34235241650724,3.004481042311252,-29.254665105883632,49.20308802049033,78.45775312637396,-64.19454030173654,228.5818046674705,9.390024793136508,0.12813356510586532,3.240246311811423,11,0.4583333333333333,13,0,2,10.17439784969388,True,True
86,replication_2,both_feet_imagery,C4,central_12_13,24,30.20078267274594,80.03408488168753,5.6488537117940645,-24.099939275059818,72.9907273076332,97.09066658269302,-64.84577554593344,215.17764315083303,16.727416338821534,0.21860653856242107,3.565779729770919,12,0.5,12,0,2,17.799115312507595,True,True
86,replication_2,both_feet_imagery,C3,mu,24,5.629206478227075,55.810736584937146,-16.783900077885672,-33.4848209169751,38.819896489469336,72.30471740644444,-77.24859793418996,126.74597421240476,-2.1409127027690023,-0.7982260986370193,3.195964451786752,13,0.5416666666666666,11,0,2,-4.4534268917142,True,True
86,replication_2,both_feet_imagery,Cz,mu,24,-1.1015922582415179,40.762953777452225,1.7352052710763726,-31.411190109542908,24.509261449398597,55.92045155894151,-72.54502880265811,83.89296724007447,-2.143835910537212,0.054168436171956214,2.5931863473748304,12,0.5,12,0,2,0.171298649681491,True,True
86,replication_2,both_feet_imagery,C4,mu,24,7.455173460958485,56.262930075459344,-5.8751524191768265,-35.49930899559475,39.74028013583593,75.23958913143068,-53.500142999724936,163.59635570290735,-2.370945033661097,-0.26520767962296654,3.357634763345829,14,0.5833333333333334,10,0,2,-5.8751524191768265,True,True
86,replication_2,both_feet_imagery,Cz,beta,24,-26.9342608008328,26.05925446937339,-37.13526239958309,-43.52519472241107,-10.127305600715362,33.39788912169571,-63.038829581688354,33.68387210304954,-31.424242569609632,-2.0161212480911566,2.0171170555017577,19,0.7916666666666666,5,0,2,-35.193265162746314,True,True
87,replication_2,both_fists_imagery,C4,central_12_13,23,3.6553191027534764,51.59418927509556,-6.233284365069874,-32.89797455568826,25.016295423234663,57.91426997892292,-66.49910146811023,158.89747352874627,-6.164325267424029,-0.279512957506109,2.6987417758927164,14,0.6086956521739131,9,0,5,-5.8897459047402965,True,True
87,replication_2,both_fists_imagery,C3,central_12_13,23,20.334918752962142,73.14969083348818,0.3991410906494975,-22.9700922533568,52.49606865502659,75.46616090838339,-69.61980398398626,219.62884064007815,9.789773029688414,0.01729997458532819,2.953300964282138,11,0.4782608695652174,12,0,5,-0.8459681957862457,False,True
87,replication_2,both_fists_imagery,C3,mu,23,36.67627430146924,83.2870886379674,14.988552826579571,-19.894857746091812,49.62855645133186,69.52341419742368,-70.7510702287261,212.3935765885776,19.99123018604731,0.6065460825190155,2.7029750073227428,9,0.391304347826087,14,0,5,15.185295600465539,True,True
87,replication_2,both_fists_imagery,C4,mu,23,27.726893388473957,68.30081180999815,11.049166258101344,-14.81894095491042,44.82771632497679,59.64665727988721,-48.32565453441314,200.0069991281549,13.75360143294007,0.45515302273370106,2.308755587914872,9,0.391304347826087,14,0,5,13.946344793875554,True,True
87,replication_2,both_fists_imagery,Cz,mu,23,29.372768957337634,59.98019685786186,24.77068422690298,-9.738742677405444,56.79308302346831,66.53182570087375,-61.45655548311873,204.7680488582012,24.226923903264403,0.9611255670801155,2.398614265595663,7,0.30434782608695654,16,0,5,20.957752571634096,True,True
87,replication_2,both_fists_imagery,Cz,beta,23,25.010024309207314,51.13841028721897,19.991411089898506,-4.0165546947339665,58.87786252211244,62.894417216846406,-54.489779680479906,172.80341753510234,22.02603000170513,0.7915016063296523,2.1922275431602234,8,0.34782608695652173,15,0,5,29.78602868408332,True,True
87,replication_2,both_feet_imagery,C3,central_12_13,22,34.06038840568977,78.2749663447555,29.950415211005712,-22.22684435681313,49.77907171820021,72.00591607501335,-59.16894422536054,215.96399346357444,20.99015183755693,1.137763611411231,2.8485101408322246,8,0.36363636363636365,14,0,2,35.88561506816619,True,True
87,replication_2,both_feet_imagery,C4,central_12_13,22,24.444626878068927,93.08214161529308,-7.909034745716097,-25.60430779503011,18.808720036412403,44.41302783144251,-53.377954239661584,317.5221856424084,-3.113049298801856,-0.35801834529755167,2.031491056963139,12,0.5454545454545454,10,0,2,-9.615201987622953,True,True
87,replication_2,both_feet_imagery,C3,mu,22,23.323047680565743,50.51268461905524,20.734763270729797,-14.870736532882047,52.76431914592412,67.63505567880617,-66.00514033666214,109.81657722855763,23.103203473585236,0.8181916247675362,2.5790974989979203,6,0.2727272727272727,16,0,2,23.145231114203906,True,True
87,replication_2,both_feet_imagery,Cz,mu,22,6.473690883304792,44.860098327474,8.362644033966603,-21.69595643322895,30.624420198560113,52.32037663178906,-72.41102841265877,109.96595850849494,4.8848139173741805,0.3487878368187236,2.222868321324359,9,0.4090909090909091,13,0,2,8.362644033966603,True,True
87,replication_2,both_feet_imagery,C4,mu,22,32.036172284367666,116.96305938373355,-8.960997795234942,-35.459520385452564,53.70369177380057,89.16321215925313,-65.73965208579352,442.2986829830782,-1.8121561784488083,-0.4077672446156505,3.761363808797556,14,0.6363636363636364,8,0,2,-8.960997795234942,True,True
87,replication_2,both_feet_imagery,Cz,beta,22,29.533418471874366,80.94282494842226,5.805436773102472,-13.93276375408488,46.15295364272544,60.085717396810324,-65.97864958632394,325.670835896352,14.881592548571408,0.24432686109695018,2.3022141040495967,10,0.45454545454545453,12,0,2,1.7382906243933158,True,True
89,replication_2,both_fists_imagery,C4,central_12_13,24,-0.7005102900285868,53.68198252413875,-14.110864635815053,-45.50762552679476,38.756440558098014,84.26406608489278,-82.27981270869131,117.2538443409545,-5.720108228168587,-0.6608479198553815,4.061673385532986,13,0.5416666666666666,11,0,2,-5.531317810215446,True,True
89,replication_2,both_fists_imagery,C3,central_12_13,24,17.406318075362893,70.4370487392583,4.440633402319037,-32.46849128015141,26.62456387024426,59.09305515039567,-54.86058107607084,231.02627885749467,2.4427787949833952,0.17169742767125779,2.7305478607381035,12,0.5,12,0,2,15.504794414284277,True,True
89,replication_2,both_fists_imagery,C3,mu,24,20.03645434333359,61.18723282679216,4.196830508725783,-25.313203307820626,46.47307988992792,71.78628319774855,-53.94467848828116,157.58682228573588,10.407642066217072,0.17791766294843614,2.902378600710237,11,0.4583333333333333,13,0,2,4.196830508725783,True,True
89,replication_2,both_fists_imagery,C4,mu,24,3.0866557033614854,39.99245213943407,-1.5418794844560655,-16.583265044569913,24.58470686365172,41.16797190822163,-68.62583293180985,98.34276474693237,0.897711782353348,-0.06774969635170208,1.7557105079645638,13,0.5416666666666666,11,0,2,-1.5418794844560657,True,True
89,replication_2,both_fists_imagery,Cz,mu,24,8.11758800310036,54.8658248807056,2.759960163410179,-32.50234157891038,37.46153651076626,69.96387808967664,-68.63883618566493,150.01754976918417,3.437943672330947,0.11819759564943635,3.0857814323147617,11,0.4583333333333333,13,0,2,4.092811266957296,True,True
89,replication_2,both_fists_imagery,Cz,beta,24,-18.812155169580723,59.41138417878205,-35.12872521801202,-54.56413734945481,-7.824587108833706,46.73955024062111,-65.3501339983526,219.6668525125095,-32.195100513258595,-1.88100867517202,3.077292621638394,19,0.7916666666666666,5,0,2,-31.588036132028627,True,True
89,replication_2,both_feet_imagery,C3,central_12_13,21,-1.3408521067030514,55.57063510422334,-15.748293342656803,-36.70666121027467,15.371652409759047,52.07831362003371,-67.16715568810005,118.39469385730172,-11.187543747531084,-0.7442129301615413,2.6074110708835363,12,0.5714285714285714,9,0,3,-31.489769715050205,True,True
89,replication_2,both_feet_imagery,C4,central_12_13,21,-9.607574101040873,69.39336208247494,-42.01286994008911,-61.81198388779858,18.458042921181985,80.27002680898056,-78.77221590422926,131.40314796408708,-26.20223809664499,-2.366683851298224,4.916374561328243,13,0.6190476190476191,8,0,3,-54.73342548834519,True,True
89,replication_2,both_feet_imagery,C3,mu,21,-0.8420417310371023,44.59266738570151,-15.742074544790706,-31.257072798695976,18.18930026326452,49.4463730619605,-63.477008867409296,111.55357064269116,-8.833580103745343,-0.7438923799870872,2.3535014016790163,12,0.5714285714285714,9,0,3,-21.15535972645482,True,True
89,replication_2,both_feet_imagery,Cz,mu,21,22.80372496176239,44.93191980881773,22.301023100902263,0.7839237289416409,46.23709701581011,45.45317328686847,-48.43069092708741,134.78591818426156,22.05645368097357,0.8743009011247344,1.616662948603856,5,0.23809523809523808,16,0,3,21.426988883675605,True,True
89,replication_2,both_feet_imagery,C4,mu,21,-0.8227202548962192,70.05800829384579,-38.39471451003338,-42.291252375044365,45.23023590371364,87.521488278758,-71.66157017234546,155.96318639804673,-20.556284577136378,-2.103820254873087,4.008153933002415,15,0.7142857142857143,6,0,3,-38.931993758698795,True,True
89,replication_2,both_feet_imagery,Cz,beta,21,-8.064976513536777,58.71045847477192,-31.54305401526014,-41.692758966264485,-5.423161389625379,36.26959757663911,-70.37116114492522,185.49999161707467,-24.2917984625672,-1.645824796001313,2.100623008214338,16,0.7619047619047619,5,0,3,-27.06074988571526,True,True
90,replication_2,both_fists_imagery,C4,central_12_13,22,-14.224830857079315,53.51165931248796,-23.167386046282594,-57.95585560137897,3.095608642680306,61.051464244059275,-80.35354449551483,95.52278829900725,-23.36190256319066,-1.1467005412262106,3.9196145788315633,15,0.6818181818181818,7,0,1,-20.746645076152237,True,True
90,replication_2,both_fists_imagery,C3,central_12_13,22,-18.824167359259516,42.02136845613142,-29.810353646295987,-39.97894887749721,0.786730305996505,40.76567918349372,-66.16065739369782,125.75281229002364,-24.665213837231335,-1.5378066554968328,2.2477445577976174,16,0.7272727272727273,6,0,1,-28.706437122152014,True,True
90,replication_2,both_fists_imagery,C3,mu,22,-17.249237141204528,36.722983797719,-24.692856857967655,-47.75400853065755,3.829307937159267,51.583316467816815,-62.08276605543491,79.09901164635896,-22.61314493689206,-1.2379140731934832,2.9839457608928535,16,0.7272727272727273,6,0,1,-20.647286306956527,True,True
90,replication_2,both_fists_imagery,C4,mu,22,-11.359296028936349,50.599813208567575,-19.214616145382955,-48.58147541989475,27.97919083951033,76.56066625940508,-76.26262687007343,93.08119772172041,-16.887004569324358,-0.9396996934515148,3.9602606978213863,14,0.6363636363636364,8,0,1,-12.966671702988858,True,True
90,replication_2,both_fists_imagery,Cz,mu,22,6.202399652605748,56.03511106744777,-19.17686215758431,-30.080515318789153,49.0584862990859,79.13900161787505,-55.51033227220184,133.0555795764106,-5.631083462005763,-0.9255056677933479,3.2660468044810482,14,0.6363636363636364,8,0,1,-20.78771388221601,True,True
90,replication_2,both_fists_imagery,Cz,beta,22,-9.470071898421368,36.16548326947582,-9.573277595288332,-30.81612703288395,4.955649814040781,35.77177684692473,-71.22798012890892,95.43826705614018,-11.940734755361989,-0.4370323498826232,1.8131007784117537,15,0.6818181818181818,7,0,1,-9.60379578914085,True,True
90,replication_2,both_feet_imagery,C3,central_12_13,23,-10.563196063072928,58.21724377024339,-24.070493781612537,-41.28586468995816,-1.996100421444511,39.28976426851365,-74.450326858069,154.96704886417626,-24.26409828779002,-1.1958942439874443,2.228620248275373,17,0.7391304347826086,6,0,0,-24.070493781612537,True,True
90,replication_2,both_feet_imagery,C4,central_12_13,23,18.990563487823977,143.67492231483726,-36.908490243147305,-50.60825356473842,44.15034674882768,94.75860031356609,-85.75740468663871,598.0876070032348,-17.228550297648145,-2.0002907996087336,4.641399824338507,15,0.6521739130434783,8,0,0,-36.908490243147305,True,True
90,replication_2,both_feet_imagery,C3,mu,23,-12.527296025652845,45.996084672193476,-20.591033467267337,-50.1237778456816,13.109802914577438,63.23358076025904,-70.84725924751865,101.762857462234,-19.739241809872805,-1.0013045606376534,3.5470180312604906,15,0.6521739130434783,8,0,0,-20.591033467267337,True,True
90,replication_2,both_feet_imagery,Cz,mu,23,-9.662394101199348,52.0686331211802,-20.991290890745073,-48.50512880078885,19.292117851388408,67.79724665217726,-74.27545373862938,138.82337905450743,-15.020344450779042,-1.0232503390421575,3.6480560595180593,13,0.5652173913043478,10,0,0,-20.991290890745073,True,True
90,replication_2,both_feet_imagery,C4,mu,23,14.97495632847578,100.66052863327256,-27.77246074676404,-51.11646414982485,47.81870492088395,98.93516907070881,-85.82808434707641,289.43592172285827,-9.674389633801358,-1.4129718102708966,4.801661052381007,14,0.6086956521739131,9,0,0,-27.77246074676404,True,True
90,replication_2,both_feet_imagery,Cz,beta,23,1.900442049558794,39.243568721041484,-11.371259080709862,-26.947578508953065,12.459921352590932,39.407499861544,-46.816887280204355,107.20948892475099,-6.979423564747455,-0.5242542034126719,1.8693090113468833,15,0.6521739130434783,8,0,0,-11.371259080709862,True,True
91,replication_2,both_fists_imagery,C4,central_12_13,22,47.21406679255151,114.22717241189234,38.080937061065576,-22.048065214545346,64.62634529784116,86.6744105123865,-69.02962836976408,490.28099668569797,28.97844951518854,1.400086385784689,3.249909678122623,7,0.3181818181818182,15,0,2,38.080937061065576,True,True
91,replication_2,both_fists_imagery,C3,central_12_13,22,9.087299230517097,60.12112312381576,8.120582372735422,-27.844854169785705,37.93233377248049,65.7771879422662,-74.11688139844021,211.1943347683293,5.659602972581136,0.3374510730933784,2.814342239416445,9,0.4090909090909091,13,0,2,12.776101276489088,True,True
91,replication_2,both_fists_imagery,C3,mu,22,5.6918907250286415,52.105984033375634,1.8829760764193373,-34.619575262652035,40.76173204121186,75.38130730386389,-70.19757867160432,103.50656087953855,3.298131364903729,0.07946158586038994,3.359168988456089,11,0.5,11,0,2,13.003847942773659,True,True
91,replication_2,both_fists_imagery,C4,mu,22,12.070735550561801,60.24041404895662,6.088678201503618,-32.408183777381375,47.69447217748722,80.1026559548686,-68.39865683020103,179.15649181326773,6.051034256810563,0.24500306678418227,3.407315808918826,11,0.5,11,0,2,6.088678201503618,True,True
91,replication_2,both_fists_imagery,Cz,mu,22,9.234887813778169,54.248534810997064,11.691288394479406,-21.742650467776116,37.594740873992194,59.33739134176831,-70.58357778207582,144.3546091376106,5.933819502020495,0.4801889334654849,2.4439929238628886,10,0.45454545454545453,12,0,2,11.691288394479406,True,True
91,replication_2,both_fists_imagery,Cz,beta,22,5.370323512025305,39.3909508134,-1.7818337925811247,-27.596022623283577,31.956272298554875,59.55229492183845,-47.565588654106335,97.67435995779591,0.8447927212685177,-0.07911189769936966,2.6102345342080473,11,0.5,11,0,2,-1.7818337925811247,True,True
91,replication_2,both_feet_imagery,C3,central_12_13,23,58.89932007515278,86.00073666593843,34.99171028740075,-10.167721570979015,139.55447576803132,149.72219733901034,-57.32073375593201,193.85429005158815,51.93085375071122,1.3030709970257752,4.263311068558041,7,0.30434782608695654,16,0,0,34.99171028740075,True,True
91,replication_2,both_feet_imagery,C4,central_12_13,23,48.637609187458494,111.62960318718245,24.66527334461227,-23.950617323944076,90.63573817879558,114.58635550273965,-60.88032103230695,373.54903279356995,21.610811241709147,0.957454936134815,3.9877459278176834,9,0.391304347826087,14,0,0,24.66527334461227,True,True
91,replication_2,both_feet_imagery,C3,mu,23,47.721236704884554,85.47999829509588,35.77169254573614,-26.76504647471391,120.76282686832842,147.52787334304233,-52.35093242560473,207.34193937337267,35.2481872485877,1.328092320013504,4.792279595772765,10,0.43478260869565216,13,0,0,35.77169254573614,True,True
91,replication_2,both_feet_imagery,Cz,mu,23,47.59779452070565,100.45866017263171,24.05459416010838,-19.524123102750355,88.77424444881932,108.29836755156967,-52.59072698367322,327.531395778709,27.883396199242362,0.9361285229576326,3.7040353147610787,8,0.34782608695652173,15,0,0,24.05459416010838,True,True
91,replication_2,both_feet_imagery,C4,mu,23,42.021603685667394,120.94996503386054,19.74551165317123,-35.9842685813002,42.97790684184582,78.96217542314602,-62.78720478146315,462.6499135525455,11.292795235183934,0.7825924400065776,3.4993465324100987,9,0.391304347826087,14,0,0,19.74551165317123,True,True
91,replication_2,both_feet_imagery,Cz,beta,23,-2.5065646425402246,58.760900023909606,-17.940124497259138,-41.042752563250644,8.631242712194698,49.67399527544534,-64.01576500820397,159.86360270910862,-16.323441513180942,-0.8586914625910945,2.6329243059554543,17,0.7391304347826086,6,0,0,-17.940124497259138,True,True
93,replication_2,both_fists_imagery,C4,central_12_13,23,-6.419332022263874,109.9971813073014,-59.02763848273846,-81.4552547565034,44.108708611031894,125.56396336753528,-94.50133586565097,256.8854131249954,-36.97339038592987,-3.8750900396584615,8.772416137709808,16,0.6956521739130435,7,0,7,-66.56209125799482,True,True
93,replication_2,both_fists_imagery,C3,central_12_13,23,-4.178248379551055,96.69449260303192,-47.252473335679994,-72.86596581069924,36.93012661118446,109.7960924218837,-90.18663344647952,235.6473257394002,-27.38635843858598,-2.7779789965531143,7.015827009287708,16,0.6956521739130435,7,0,7,-47.88246660339223,True,True
93,replication_2,both_fists_imagery,C3,mu,23,1.867767219295412,114.42244941572062,-56.152024442587276,-70.48509678881337,46.21811735409518,116.70321414290854,-88.98602073389044,363.05519216476875,-29.2167241917903,-3.5805045302862517,6.991021820102256,15,0.6521739130434783,8,0,7,-57.512405469896436,True,True
93,replication_2,both_fists_imagery,C4,mu,23,4.48105270206477,129.76329278216517,-50.7748582609176,-79.12525959283371,59.88347976607531,139.00873935890903,-91.6411435339999,446.78634694000783,-30.249964419146462,-3.078130246786662,8.810141504109708,15,0.6521739130434783,8,0,7,-60.638411581201886,True,True
93,replication_2,both_fists_imagery,Cz,mu,23,6.766321807684693,114.43209125055945,-29.4119304596774,-60.68339895680987,30.451775452956547,91.13517440976642,-80.30301237218826,430.074644850787,-21.48886425237219,-1.5126869513292585,5.1924628926464,15,0.6521739130434783,8,0,7,-25.210325978025054,True,True
93,replication_2,both_fists_imagery,Cz,beta,23,31.981333133659824,146.29953943558584,-11.48201370600584,-25.236026922622305,6.366505543773572,31.60253246639588,-72.22926186326636,565.5032081700789,-8.891837856615997,-0.5296847444828126,1.5327865406083794,16,0.6956521739130435,7,0,7,-9.569225179240105,True,True
93,replication_2,both_feet_imagery,C3,central_12_13,22,331.79690048946765,586.5617510482971,29.70856933979543,-15.049455612189645,349.32296410437993,364.3724197165696,-50.96402698093831,1939.9040739271525,132.0101377493813,1.1236671430460663,7.233244675534861,8,0.36363636363636365,14,0,6,21.851266409742585,True,True
93,replication_2,both_feet_imagery,C4,central_12_13,22,292.9636159521085,513.0453831762466,75.21302935166084,28.669432816349286,335.04036073444394,306.37092791809465,-64.62617704329607,1891.9045023960437,138.88111434914921,2.4210350588375,5.280088719217385,4,0.18181818181818182,18,0,6,51.558265356479595,True,True
93,replication_2,both_feet_imagery,C3,mu,22,194.10198141834735,294.5347777238271,61.25063105868854,1.0694663342487747,293.24367607364957,292.1742097394008,-48.973408439504304,1099.0933026987718,116.6877821007431,2.052669951421822,5.892106029933426,5,0.22727272727272727,17,0,6,39.975196738869016,True,True
93,replication_2,both_feet_imagery,Cz,mu,22,5.9640901096692795,65.64379674716733,-16.134251728281384,-33.02962418335101,38.07610127548317,71.10572545883417,-57.271600994924256,244.14457132788735,-6.6941174965847905,-0.7654984833500125,3.1201654567091537,14,0.6363636363636364,8,0,6,-16.134251728281384,True,True
93,replication_2,both_feet_imagery,C4,mu,22,229.54198350810557,292.4773212924271,148.95239716222406,36.12668709478558,290.23886776215846,254.11218066737288,-62.214877756998845,1175.1719944867373,162.32227293949796,3.9521739613609093,4.572929003004108,3,0.13636363636363635,19,0,6,83.7442420466115,True,True
93,replication_2,both_feet_imagery,Cz,beta,22,17.01654768891187,45.310191318435194,8.81253787937116,-8.927711013806194,31.13305480212347,40.06076581592966,-37.06394269495718,182.35235207828424,10.698807457185717,0.3645717351995024,1.5859573015013926,7,0.3181818181818182,15,0,6,10.975169577262339,True,True
94,replication_2,both_fists_imagery,C4,central_12_13,22,-9.807303277698734,58.12117111769461,-31.914719062182655,-46.433630173700955,6.000531363889205,52.43416153759016,-75.22086410479255,142.5136715540539,-23.762905698135512,-1.6696476013836505,2.970337275066369,15,0.6818181818181818,7,0,1,-32.534488823875115,True,True
94,replication_2,both_fists_imagery,C3,central_12_13,22,20.78597311897603,105.69709758703192,-3.8100529542941204,-38.82853118726878,23.622408861699377,62.45094004896816,-69.69341228032323,334.50939323584885,-7.465267502713075,-0.17340741281216093,3.0536837501240273,11,0.5,11,0,1,0.6646421012101887,False,True
94,replication_2,both_fists_imagery,C3,mu,22,7.225835793558627,78.4450892985646,-7.587893032635895,-41.10325090463813,5.271011919927385,46.37426282456551,-66.29539288074459,249.68849759466158,-12.946645575045844,-0.34271263378464084,2.53295317434546,14,0.6363636363636364,8,0,1,-7.514889256829453,True,True
94,replication_2,both_fists_imagery,C4,mu,22,-8.781412877998251,66.99741912370597,-32.10366901830825,-42.33508506643269,3.2003633436015035,45.53544841003419,-72.52245285096352,242.11156420241895,-25.79024044801049,-1.6819742285147095,2.52547809832714,16,0.7272727272727273,6,0,1,-33.06712681089327,True,True
94,replication_2,both_fists_imagery,Cz,mu,22,9.393367430955605,72.9223178569597,-15.881937943453156,-39.53845400596703,26.887320704302855,66.42577471026989,-56.60117361132733,222.15187952983499,-10.611568344320306,-0.7636921237670502,3.2159355057554824,13,0.5909090909090909,9,0,1,-22.276411369945908,True,True
94,replication_2,both_fists_imagery,Cz,beta,22,-10.459172857699555,49.284100196028646,-33.00395411905045,-40.94125064588871,2.115937699123788,43.0571883450125,-56.44770535025782,156.0750531263453,-22.689884740811653,-1.7395258149256683,2.377924973588957,15,0.6818181818181818,7,0,1,-33.19429778284705,True,True
94,replication_2,both_feet_imagery,C3,central_12_13,23,17.240985123901293,56.33298464606013,5.1009770269376915,-30.876569755174646,61.19386726052597,92.07043701570062,-68.69441448281016,136.26409800474212,13.78167241702987,0.21606753282623337,3.6776605965939084,10,0.43478260869565216,13,0,1,5.3823556048253725,True,True
94,replication_2,both_feet_imagery,C4,central_12_13,23,55.16175051561769,125.0321035569353,22.053754138860818,-35.607586930659124,82.11445384895296,117.72204077961209,-75.02805351618505,426.2880777884545,26.578337909278932,0.8655114202209133,4.51381832117746,7,0.30434782608695654,16,0,1,23.468839692489386,True,True
94,replication_2,both_feet_imagery,C3,mu,23,23.234359800890505,51.65972337538592,29.96791808062743,-21.07701441050115,51.22532800522943,72.30234241573058,-57.62747346617788,117.0175204652147,19.28923377002706,1.1383616215255954,2.8151007772859846,9,0.391304347826087,14,0,1,31.219395806498724,True,True
94,replication_2,both_feet_imagery,Cz,mu,23,14.558120183396998,63.89202270451109,2.09031144396213,-34.20626749225027,59.86944652548473,94.07571401773501,-69.14368245994035,174.9957515218486,6.731325469869508,0.08984528707115066,3.8638241359328864,11,0.4782608695652174,12,0,1,5.161226979027116,True,True
94,replication_2,both_feet_imagery,C4,mu,23,54.93758004263181,110.45216166983217,28.55120620643755,-21.06682422178276,74.22326222372186,95.29008644550461,-63.4333258497843,311.7411604289167,31.744309426769647,1.0907615601849197,3.444482199062993,10,0.43478260869565216,13,0,1,30.83058946736956,True,True
94,replication_2,both_feet_imagery,Cz,beta,23,-19.641617817732264,24.000857535762275,-24.703393287659804,-34.92465854150825,-8.394202096552771,26.53045644495548,-56.61334131054048,52.932168271858615,-22.669586035824622,-1.2322459510490296,1.4853424311848165,20,0.8695652173913043,3,0,1,-24.298089932404654,True,True
95,replication_2,both_fists_imagery,C4,central_12_13,22,-27.669293560597634,41.506749881813704,-32.402305390190826,-61.08560619958823,0.39049093115892797,61.476097130747156,-85.86462836218726,52.19256818499517,-31.147677865041285,-1.7034504807616089,4.11583026325317,16,0.7272727272727273,6,0,8,-42.216889839537615,True,True
95,replication_2,both_fists_imagery,C3,central_12_13,22,-6.246892711925051,40.688964538094964,-13.829354100386942,-36.20722756248894,5.88471395772834,42.091941520217276,-53.99995162881156,123.64339519643852,-13.977689800837183,-0.646443360357227,2.1989517978605098,15,0.6818181818181818,7,0,8,-13.829354100386942,True,True
95,replication_2,both_fists_imagery,C3,mu,22,6.297112720520294,56.05487634503239,-4.587439039851744,-20.122539697832313,14.642699594643114,34.76523929247543,-39.38603114833052,231.55354407505956,-4.963387695747358,-0.20424980204828394,1.5677471552294548,14,0.6363636363636364,8,0,8,-3.304447010450067,True,True
95,replication_2,both_fists_imagery,C4,mu,22,-8.337590442703753,69.0410316540994,-18.589326082177152,-49.01189331307931,5.68987203734722,54.701765350426534,-71.52111330468323,259.2177339477609,-21.462638608328966,-0.8946379029997035,3.173509417121084,16,0.7272727272727273,6,0,8,-23.667024218786,True,True
95,replication_2,both_fists_imagery,Cz,mu,22,16.8208119565292,53.982981073428945,-0.1627239617339129,-12.189291781264071,25.7670623848141,37.95635416607817,-41.997970160978355,202.62798408388278,6.441771321831576,-0.007661114206966843,1.5602319688623225,11,0.5,11,0,8,-0.80147875368021,True,True
95,replication_2,both_fists_imagery,Cz,beta,22,16.10166089276748,34.23412861586201,12.329737107442838,-0.48008477329303734,24.003004377334495,24.48308915062753,-37.082900223396386,141.15460622908458,12.048642496336553,0.5049099944947748,0.9591737889544931,6,0.2727272727272727,16,0,8,12.697357996073798,True,True
95,replication_2,both_feet_imagery,C3,central_12_13,23,32.32712316354062,81.37015101156415,14.769494749403862,-34.09449535570942,88.93859554379608,123.03309089950551,-60.71285130255789,238.38011934102536,17.762288075768993,0.5982646974737926,4.579884476733845,10,0.43478260869565216,13,0,10,25.576945391064093,True,True
95,replication_2,both_feet_imagery,C4,central_12_13,23,146.52041889751942,259.1665902213423,-5.91715479012089,-23.970494543497765,225.69087425228827,249.66136879578602,-83.1342030672887,786.9829516030995,70.94960523960061,-0.2648955733653737,6.307492619044701,12,0.5217391304347826,11,0,10,-7.954654444750038,True,True
95,replication_2,both_feet_imagery,C3,mu,23,17.64069499027866,67.36672869891503,4.299683638774468,-24.30173282870255,32.28562576239431,56.58735859109686,-48.31264402281333,270.2780160020256,3.632012755229428,0.18282991128899911,2.445299732322284,11,0.4782608695652174,12,0,10,8.949899134083884,True,True
95,replication_2,both_feet_imagery,Cz,mu,23,7.257057483452279,42.21344743950446,-1.8247851516432727,-21.73376452628357,16.49748741140559,38.23125193768916,-42.888429480247495,115.47350612598781,-3.088790165131392,-0.07998139638866532,1.7266925085936986,12,0.5217391304347826,11,0,10,3.796317632861863,False,True
95,replication_2,both_feet_imagery,C4,mu,23,76.29926876968152,142.21609301662306,9.226224837362102,-20.89174107820019,165.37419690065207,186.26593797885226,-75.89085738521064,385.8275381272797,44.57620260407144,0.38326923485749403,5.256803303551175,11,0.4782608695652174,12,0,10,9.226224837362102,True,True
95,replication_2,both_feet_imagery,Cz,beta,23,2.3074396475692267,25.102476326461748,4.219776675292673,-13.445652585565963,18.46337700364483,31.909029589210792,-41.179538730480154,67.45106666215824,2.2620501815666825,0.17950138214814626,1.3634895062681065,10,0.43478260869565216,13,0,10,6.545466869370188,True,True
96,replication_2,both_fists_imagery,C4,central_12_13,21,-0.8377875415237827,65.85487402912813,-2.2799671088294153,-44.192234476527524,21.21940083072254,65.41163530725007,-80.67175416151646,232.50587955349096,-6.947150232679612,-0.1001639552124227,3.3687749879649234,11,0.5238095238095238,10,0,5,-1.216341931208571,True,True
96,replication_2,both_fists_imagery,C3,central_12_13,21,47.225739558734944,141.69164053186512,18.37219327782135,-36.132702488712695,39.34911524042036,75.48181772913306,-93.54458857848107,429.71931717430846,5.9257209773987105,0.7324969458023805,3.3882567586609116,10,0.47619047619047616,11,0,5,18.729623267162523,True,True
96,replication_2,both_fists_imagery,C3,mu,21,33.43187524589267,140.82427965043016,-0.6075728311375176,-38.79919379791039,29.76216775642105,68.56136155433144,-93.72147035533679,577.867486180372,1.9359941627414055,-0.02646703772330143,3.263909489108595,11,0.5238095238095238,10,0,5,9.661563475403982,False,True
96,replication_2,both_fists_imagery,C4,mu,21,36.41906767649046,179.80896398434027,-1.6268784373010776,-26.79882991357915,17.799065796071424,44.59789570965057,-88.63477665216155,787.0926248887478,-3.1625194859032177,-0.07123547418070639,2.0662382319034154,11,0.5238095238095238,10,0,5,0.6111254961479984,False,True
96,replication_2,both_fists_imagery,Cz,mu,21,8.470829687225242,89.24091590052251,-8.938367052339517,-45.67161882606807,26.32441650702064,71.99603533308871,-78.13519714663937,351.9074190513327,-6.387482927564817,-0.4066456604408727,3.664605363794683,12,0.5714285714285714,9,0,5,-6.717301453801271,True,True
96,replication_2,both_fists_imagery,Cz,beta,21,17.42209378769368,50.066163894169314,15.022854421197774,-3.9840340918383266,35.284720704198214,39.26875479603654,-88.00639543246942,127.92112257958068,14.199559807932353,0.6078414090031972,1.4890529416025275,6,0.2857142857142857,15,0,5,11.977732875445618,True,True
96,replication_2,both_feet_imagery,C3,central_12_13,24,-1.775769071019522,59.07104130244168,-20.48392872465531,-47.23622571369701,33.99224744429299,81.22847315799001,-64.57667873252728,143.69299645766588,-12.500238411642865,-0.9962086700383869,4.0489161543803585,15,0.625,9,0,5,-21.969251980765478,True,True
96,replication_2,both_feet_imagery,C4,central_12_13,24,19.162992198998158,65.65042612691052,0.17293035515211486,-26.731621402448965,60.832558337354996,87.56417973980396,-73.48667548889722,201.97784242542474,9.859945560548763,-0.0008452447151741649,3.4147015839472488,12,0.5,12,0,5,-13.46542677521659,False,True
96,replication_2,both_feet_imagery,C3,mu,24,3.9069746624819595,69.20032196739622,-15.943341925991188,-40.99682334068563,25.18953963524771,66.18636297593333,-69.18142667280908,246.9272397947138,-9.922571283148274,-0.8278794144864283,3.265050421198537,13,0.5416666666666666,11,0,5,-31.901299445324046,True,True
96,replication_2,both_feet_imagery,Cz,mu,24,-13.677045776708914,38.82656014235277,-11.56284306862994,-48.81347595038304,9.796863820721043,58.61033977110408,-67.7363771894942,79.65431946468988,-15.251350363656535,-0.5398975009368716,3.313544897227958,16,0.6666666666666666,8,0,5,-21.036557401810224,True,True
96,replication_2,both_feet_imagery,C4,mu,24,0.39254848138283666,41.33537788749023,0.392077145253503,-31.567234016774073,28.3547942373188,59.92202825409287,-64.99753467165615,71.81485195821624,-1.7926318716608103,0.016419796184877364,2.7350912710573567,12,0.5,12,0,5,-13.62161724163018,False,True
96,replication_2,both_feet_imagery,Cz,beta,24,12.930015266004858,62.51951471160864,-8.026609623945259,-24.95891771713267,22.176870260314118,47.13578797744679,-56.5635219930702,203.1136078200987,-2.143531484839876,-0.365515165640961,2.114293721782847,13,0.5416666666666666,11,0,5,-14.190083630857893,True,True
97,replication_2,both_fists_imagery,C4,central_12_13,23,6.966176937282108,40.7579973201976,6.7579467873147525,-31.2789900472525,39.15828440214188,70.43727444939438,-61.26862189786684,78.65277192389492,4.955760209657183,0.28400212665918934,3.057951792122805,11,0.4782608695652174,12,0,0,6.7579467873147525,True,True
97,replication_2,both_fists_imagery,C3,central_12_13,23,10.070608080529562,35.86856795714738,-2.5664456053975813,-22.726158416865637,43.26156528325229,65.98772370011793,-52.36543202901473,67.8522551287837,9.978829215861229,-0.11291454015865272,2.6766448469200124,12,0.5217391304347826,11,0,0,-2.5664456053975813,True,True
97,replication_2,both_fists_imagery,C3,mu,23,10.594509970476684,30.406336115995643,9.851564662224636,-10.56040163863313,36.0375291703183,46.59793080895143,-42.37258991181056,61.26860936435542,10.783069356294387,0.4080624714028699,1.8212956167089693,8,0.34782608695652173,15,0,0,9.851564662224636,True,True
97,replication_2,both_fists_imagery,C4,mu,23,-4.610362782411712,30.2219133719913,-5.991495675979668,-23.03842827358064,6.188224105538696,29.226652379119336,-50.94826286541623,68.10356065350365,-6.9648368917077565,-0.2683285689039169,1.3965765836097384,14,0.6086956521739131,9,0,0,-5.991495675979668,True,True
97,replication_2,both_fists_imagery,Cz,mu,23,-16.01343324475701,29.30589709387146,-20.825405484217104,-31.738859596204968,5.6039917392171255,37.3428513354221,-73.1863628139349,55.52337680198803,-18.2615004549139,-1.0141415214309086,1.883558149191072,17,0.7391304347826086,6,0,0,-20.825405484217104,True,True
97,replication_2,both_fists_imagery,Cz,beta,23,-3.840696575707855,28.428210876185023,-14.129288256764758,-24.104293016001648,15.712881714106647,39.81717473010829,-46.68361308269514,64.79166925098195,-7.10386951416272,-0.6615493741712164,1.8324598616889949,14,0.6086956521739131,9,0,0,-14.129288256764758,True,True
97,replication_2,both_feet_imagery,C3,central_12_13,22,11.968941119222512,50.03574144824738,-2.9992473604831376,-16.981472329451016,36.71785827034747,53.699330599798486,-80.71547650682369,114.27035072397683,4.156776989518989,-0.1348615634184962,2.1671929211799945,11,0.5,11,0,1,-6.3628453906405475,True,True
97,replication_2,both_feet_imagery,C4,central_12_13,22,35.64599010385691,70.72297263494751,23.72750785958493,-19.966145316153106,89.76274374725769,109.72888906341079,-64.14363411226007,175.2363465988674,29.99675210855784,0.9206309117671185,3.7493547284562543,8,0.36363636363636365,14,0,1,29.05636307237038,True,True
97,replication_2,both_feet_imagery,C3,mu,22,10.440352615428859,43.19040513090465,-0.21604079889878558,-24.439325979004803,42.706945202985416,67.14627118199022,-54.514872098722186,108.03050777507588,4.512861194341011,-0.009917207821036146,2.7651786119848127,11,0.5,11,0,1,-1.7667866866910575,True,True
97,replication_2,both_feet_imagery,Cz,mu,22,16.76334083959646,74.1423284767927,-12.658351637583777,-41.83544749425503,61.648329583865795,103.48377707812082,-74.50188531787066,189.03381250837347,5.237103013395208,-0.5971531536644266,4.471815601930073,12,0.5454545454545454,10,0,1,-6.928067729426428,True,True
97,replication_2,both_feet_imagery,C4,mu,22,20.984538428248584,51.873662229466504,10.476968556795704,-19.75831467178609,54.889734558341424,74.64804923012751,-67.87668229673793,124.1904553871286,14.683325110399224,0.43007332330627285,2.856396507799759,10,0.45454545454545453,12,0,1,14.330924133686487,True,True
97,replication_2,both_feet_imagery,Cz,beta,22,4.896482731515313,47.24285250150433,-0.522513743533533,-23.381148151127597,8.115786542381445,31.49693469350904,-46.880095011018376,151.39102222172136,-5.219274568287651,-0.02282174990636333,1.4970508332981345,11,0.5,11,0,1,0.041369182014102564,False,True
98,replication_2,both_fists_imagery,C4,central_12_13,21,-9.529566884013898,88.90394693122144,-30.09820493209361,-57.16205262793558,3.6448251161276146,60.80687774406319,-90.30982794499694,324.7812709992687,-28.2969471901282,-1.5551167149213765,3.83718970121335,14,0.6666666666666666,7,0,1,-35.22898043265536,True,True
98,replication_2,both_fists_imagery,C3,central_12_13,21,8.39076341281049,135.1422212849094,-26.794139858946195,-59.401396262171524,14.3769923454489,73.77838860762043,-73.93907260651251,561.2262606333211,-22.7663357764442,-1.354541522058812,4.498275745321065,12,0.5714285714285714,9,0,1,-31.581747292103472,True,True
98,replication_2,both_fists_imagery,C3,mu,21,16.067386696252782,118.72994719603004,-14.154647861230703,-46.94883487514314,6.814217171307081,53.76305204645022,-76.10785421600683,422.60337109896784,-16.042956487719163,-0.6628321355057001,3.039341355028564,14,0.6666666666666666,7,0,1,-12.844088414955387,True,True
98,replication_2,both_fists_imagery,C4,mu,21,-4.257158064576585,79.08765007059746,-15.132953801925359,-59.20483903336754,24.15116428975682,83.35600332312436,-93.00300340226667,239.62123552058569,-18.610119511728325,-0.7126091320217158,4.833421456468251,14,0.6666666666666666,7,0,1,-20.37958582247557,True,True
98,replication_2,both_fists_imagery,Cz,mu,21,20.014663595597675,88.38211523048328,-7.514278579332333,-46.04318552425584,99.0837576878483,145.12694321210415,-93.17206278798216,219.09582953948453,11.686722307837341,-0.33925311443384737,5.669895277149801,11,0.5238095238095238,10,0,1,2.1321094841053925,False,True
98,replication_2,both_fists_imagery,Cz,beta,21,0.20025399254952228,39.84627436476353,-10.942150120655622,-22.46627129588793,35.3622407097585,57.82851200564643,-63.136326640668095,68.02123098196444,-2.892959236465458,-0.5032779423520515,2.420068645257121,12,0.5714285714285714,9,0,1,-11.08119702198145,True,True
98,replication_2,both_feet_imagery,C3,central_12_13,24,152.92645352901872,339.992680762031,-33.553505664119726,-57.72506309569425,246.1239903296916,303.8490534253858,-82.42803304807039,976.2344990709751,45.67696692403142,-1.801197975386887,8.94866188251195,14,0.5833333333333334,10,0,0,-33.553505664119726,True,True
98,replication_2,both_feet_imagery,C4,central_12_13,24,100.72171296010885,339.84389480722865,-35.758979164909874,-64.81187202037358,94.9869688654527,159.79884088582628,-90.6206434370909,1465.015588475517,0.028150366730482546,-1.9236834262676,7.314098165990389,16,0.6666666666666666,8,0,0,-35.758979164909874,True,True
98,replication_2,both_feet_imagery,C3,mu,24,127.86573598383156,328.4929639769273,-45.18659237140929,-69.88879078475523,185.87502662425516,255.7638174090104,-89.35710428784755,1001.7574959803301,19.714311320816257,-2.6219891246889153,9.53042890138298,16,0.6666666666666666,8,0,0,-45.18659237140929,True,True
98,replication_2,both_feet_imagery,Cz,mu,24,6.290294677483,198.61732639666423,-56.77676489052139,-75.511015745708,-3.6915195723506695,71.81949617335732,-93.54450410994991,864.1118100623833,-49.59330966911051,-3.6437415427877693,5.982698288018617,18,0.75,6,0,0,-56.77676489052139,True,True
98,replication_2,both_feet_imagery,C4,mu,24,60.04510270166196,294.5017465882389,-48.146306796636594,-73.09009482865669,73.3418594733934,146.4319543020501,-94.13673862614942,1314.4323395195142,-24.34890952203188,-2.8522179600696322,8.095997902770918,16,0.6666666666666666,8,0,0,-48.146306796636594,True,True
98,replication_2,both_feet_imagery,Cz,beta,24,-0.916922812627521,58.89870634414677,-24.70700592428797,-39.558230385059574,28.720764691392443,68.27899507645202,-66.04660007772881,140.54156437272084,-14.003451442221817,-1.2325484363461885,3.284393438854777,17,0.7083333333333334,7,0,0,-24.70700592428797,True,True
99,replication_2,both_fists_imagery,C4,central_12_13,21,-2.1086032147585247,86.46748030816055,-27.8219300863696,-55.29260466361245,24.1373326298528,79.42993729346526,-78.96762691799499,278.8807339706831,-21.404048829802683,-1.4159473542512837,4.4352304085065,14,0.6666666666666666,7,0,0,-27.8219300863696,True,True
99,replication_2,both_fists_imagery,C3,central_12_13,21,23.604920785144795,96.65901580948102,-17.55350291862319,-36.56649072402809,62.494868557407024,99.06135928143512,-74.29207023536321,303.9936334794011,-3.1798996902150654,-0.8382779157247612,4.085209127483128,13,0.6190476190476191,8,0,0,-17.55350291862319,True,True
99,replication_2,both_fists_imagery,C3,mu,21,21.967035975849416,121.95254650699201,-7.739032086966201,-63.87968814594605,32.225664537123414,96.10535268306947,-77.63501238545066,405.5650015771985,-12.64526361051522,-0.34981993505288084,5.635642671137209,12,0.5714285714285714,9,0,0,-7.739032086966201,True,True
99,replication_2,both_fists_imagery,C4,mu,21,-18.220189757024368,73.88323561967191,-33.27953904662167,-56.5818460372829,-7.084184728892185,49.49766130839072,-74.35672671037152,258.3208158856713,-35.35632270812756,-1.7574096193840676,3.304182875412503,17,0.8095238095238095,4,0,0,-33.27953904662167,True,True
99,replication_2,both_fists_imagery,Cz,mu,21,0.9698130385828398,71.56323336497564,-35.6162774696783,-50.17798061028929,54.79367884000669,104.97165945029599,-75.61166758466904,152.41188202272485,-14.713414634355304,-1.9122391693837992,4.923318954318336,14,0.6666666666666666,7,0,0,-35.6162774696783,True,True
99,replication_2,both_fists_imagery,Cz,beta,21,-3.9638805050137376,39.77830589613123,-10.134124414601148,-22.139982599196994,6.840758478974745,28.98074107817174,-48.46576172063095,128.7400478680031,-10.423297471700199,-0.46405189895046994,1.3742246604170338,14,0.6666666666666666,7,0,0,-10.134124414601148,True,True
99,replication_2,both_feet_imagery,C3,central_12_13,24,-16.10714097242629,38.66017502653254,-13.635600017627013,-53.28502390111091,-1.0729837624754563,52.21204013863545,-75.76498515277254,60.397761156161636,-19.995212921646143,-0.6401610801507339,3.257530718615149,18,0.75,6,0,1,-17.105797139815614,True,True
99,replication_2,both_feet_imagery,C4,central_12_13,24,-11.822729953351152,41.26163992848776,-22.56987599270753,-38.95590568739868,6.011149067211365,44.96705475461005,-64.67605854464162,131.5389631636115,-16.746984940286588,-1.1165759375806161,2.4111586363557644,15,0.625,9,0,1,-26.525824209495266,True,True
99,replication_2,both_feet_imagery,C3,mu,24,-20.7180504661014,41.93016629384915,-27.84063959539695,-57.82025647978077,11.611169318635186,69.43142579841596,-91.03058068550509,65.39985769920206,-22.94403440576103,-1.4296630502135637,4.22654009204846,15,0.625,9,0,1,-33.32714448517155,True,True
99,replication_2,both_feet_imagery,Cz,mu,24,-21.200913275578472,43.887314887860065,-28.33158453757857,-48.92199610481049,-10.846344386260565,38.07565171854992,-77.97688395165372,121.84028379508976,-27.9285462306141,-1.4504374486860523,2.418940853016589,20,0.8333333333333334,4,0,1,-25.368308760447995,True,True
99,replication_2,both_feet_imagery,C4,mu,24,-16.62791407714121,50.56232740532603,-25.992880279215516,-51.737425106280426,9.011373710491561,60.74879881677199,-90.63925110345032,102.82047276791873,-25.475136315756718,-1.3079165665646864,3.555616098822677,16,0.6666666666666666,8,0,1,-27.274770023691723,True,True
99,replication_2,both_feet_imagery,Cz,beta,24,-11.299419159451537,38.21406125260688,-20.177243519962076,-38.078999206127335,-0.6216035605754978,37.457395645551834,-61.89623736321795,83.55766263166473,-17.580123141889704,-0.9787634109466476,2.0547791404808633,19,0.7916666666666666,5,0,1,-19.877495535158644,True,True
101,replication_2,both_fists_imagery,C4,central_12_13,24,-1.5052372874717659,84.6475308889184,-17.200615556532746,-42.17172824774116,0.408695862364045,42.580424110105206,-61.25549718442961,360.5576283843028,-18.682571736415472,-0.8197395712658941,2.4039776596583895,18,0.75,6,0,3,-17.38400470726427,True,True
101,replication_2,both_fists_imagery,C3,central_12_13,24,9.487046403132362,51.47936340344653,-4.42447218791279,-23.51944008670981,29.91913610883516,53.43857619554497,-64.6974379145965,177.59353780555094,1.1652955916699943,-0.19714844064185855,2.3003222263045537,13,0.5416666666666666,11,0,3,-2.8154954916919204,True,True
101,replication_2,both_fists_imagery,C3,mu,24,2.161727074832893,35.446664692699045,-4.3527055237384005,-20.39035488439325,37.77357021311183,58.163925097505086,-66.63789124994918,64.9032189879698,2.7050468964603116,-0.1948290341874043,2.382123377350031,14,0.5833333333333334,10,0,3,-1.5010680346007934,True,True
101,replication_2,both_fists_imagery,C4,mu,24,-1.172513884220918,91.5481008078169,-18.739668768442673,-34.28272946627942,-6.365329729673611,27.91739973660581,-66.55202326607542,410.6723804226016,-19.96626346174624,-0.9012983306426655,1.5379531666006885,20,0.8333333333333334,4,0,3,-19.2457116260368,True,True
101,replication_2,both_fists_imagery,Cz,mu,24,-0.3637356440400363,73.85778251165934,-26.498877384684743,-42.300840500339966,9.450602468804625,51.75144296914459,-60.05575285503586,273.68260287060417,-19.311440340135196,-1.346635731240989,2.77616776274509,15,0.625,9,0,3,-39.42372194532832,True,True
101,replication_2,both_fists_imagery,Cz,beta,24,-11.440621798991998,37.14800113897614,-16.579072737620145,-32.31524534192078,-7.159630923707379,25.1556144182134,-66.40149828289742,116.99766871967297,-17.715387518196096,-0.7908162870990123,1.3761923744069904,19,0.7916666666666666,5,0,3,-19.958441440615818,True,True
101,replication_2,both_feet_imagery,C3,central_12_13,21,-16.74035151122224,30.055110082995455,-17.504857041561642,-34.13719903395462,8.809313710047086,42.94651274400171,-74.38651229042901,47.37139102366339,-16.794306313130246,-0.8357162052212614,2.1802587496182735,14,0.6666666666666666,7,0,2,-24.787919364126,True,True
101,replication_2,both_feet_imagery,C4,central_12_13,21,-7.9643066150121316,52.60228682709423,-26.898062755558158,-45.21809465492475,6.412586502452514,51.63068115737726,-70.55706997061996,136.10108233716227,-21.360979780528318,-1.3607111382978443,2.8835586625340195,14,0.6666666666666666,7,0,2,-26.898062755558158,True,True
101,replication_2,both_feet_imagery,C3,mu,21,-12.473025756182551,18.166093988119453,-11.687037039390091,-27.67211987139029,-3.123177101200859,24.54894277018943,-41.85348460890451,25.103466090546174,-13.152736603775647,-0.5397554411141472,1.2691415110006496,16,0.7619047619047619,5,0,2,-11.687037039390091,True,True
101,replication_2,both_feet_imagery,Cz,mu,21,-6.315525356870732,35.255723039408146,-2.206707688467935,-40.176279109228425,22.487972839740422,62.66425194896885,-63.72308743999039,43.55720262080575,-4.670383230987186,-0.09690932656074822,3.112200255821686,11,0.5238095238095238,10,0,2,7.51630504399067,False,True
101,replication_2,both_feet_imagery,C4,mu,21,-5.463201328575786,32.48343877592862,-6.9883130619393325,-22.61993045087369,6.608208306914797,29.228138757788486,-60.84892926130266,87.43825902937468,-8.82892770396565,-0.3146247882430847,1.3916152878497179,14,0.6666666666666666,7,0,2,-6.488164208806979,True,True
101,replication_2,both_feet_imagery,Cz,beta,21,-10.901372192482,26.30190423437943,-11.889695821838318,-32.51685834216491,6.6412437959922554,39.15810213815716,-57.883745817518374,36.34231128924874,-10.269667607712936,-0.5497329946495862,1.9872990893163227,11,0.5238095238095238,10,0,2,-11.889695821838318,True,True
102,replication_2,both_fists_imagery,C4,central_12_13,21,17.420117883077474,70.86115803147932,6.96580854368642,-46.7995978745274,63.35919329197493,110.15879116650234,-73.97313890298376,151.3557385806801,9.644955284954271,0.2924497830382545,4.872286650889312,9,0.42857142857142855,12,0,4,17.75596991822637,True,True
102,replication_2,both_fists_imagery,C3,central_12_13,21,8.019172925250093,82.02217745518726,-15.635601419041564,-28.972875061433832,12.311879180418371,41.284754241852205,-78.41332342211335,287.61761152545256,-11.15622125264325,-0.7384078514830956,1.990014583362808,13,0.6190476190476191,8,0,4,-15.635601419041564,True,True
102,replication_2,both_fists_imagery,C3,mu,21,19.559180579662105,107.02106333427875,-15.107896664553008,-34.24534230910179,19.441630126381384,53.68697243548317,-70.70450321650966,408.5275090269072,-10.284677142211981,-0.7113270595558684,2.5922920072631013,12,0.5714285714285714,9,0,4,-9.13261825189259,True,True
102,replication_2,both_fists_imagery,C4,mu,21,13.209023729131681,67.6308033471598,25.17567537566205,-41.07738546457675,52.259371573685925,93.33675703826268,-76.48467505055221,184.13354346201237,8.815591809431497,0.9751994327951052,4.123020237107214,10,0.47619047619047616,11,0,4,25.17567537566205,True,True
102,replication_2,both_fists_imagery,Cz,mu,21,-7.963688711952045,41.54743748131362,-19.08641328336945,-35.60966636067973,24.89075757154481,60.50042393222454,-68.18169562329011,79.27613861128613,-10.989646400242764,-0.9197854710682073,2.877096245895949,13,0.6190476190476191,8,0,4,-19.08641328336945,True,True
102,replication_2,both_fists_imagery,Cz,beta,21,-20.167831917705126,41.073738657548816,-33.531989572971845,-51.08686695875726,6.123510638803829,57.21037759756109,-66.55975506750349,104.0430367526543,-27.268515636567766,-1.773873206766605,3.363861266577624,15,0.7142857142857143,6,0,4,-33.531989572971845,True,True
102,replication_2,both_feet_imagery,C3,central_12_13,21,-10.984830011277866,46.94899923835551,-24.96615375538626,-37.8088922218183,2.974830274712201,40.7837224965305,-65.19033873738135,157.182034289087,-20.59008744258716,-1.2474279098821253,2.1900279206930042,14,0.6666666666666666,7,0,3,-21.523290852756176,True,True
102,replication_2,both_feet_imagery,C4,central_12_13,21,-19.095881959360476,32.33665061263294,-30.07283051431365,-49.32439041410878,-4.617822459711994,44.70656795439678,-62.25962937465039,39.563157454839015,-23.062021658099532,-1.5535405079059719,2.7466825139370057,16,0.7619047619047619,5,0,3,-30.31781297119464,True,True
102,replication_2,both_feet_imagery,C3,mu,21,8.609628131189126,62.01415470192739,-5.250771994784346,-37.65917131610941,21.71815725452477,59.37732857063418,-58.76935920549406,155.35123026146218,-5.571624004780871,-0.234243198764152,2.9058279779106986,11,0.5238095238095238,10,0,3,-0.07402475421177224,True,True
102,replication_2,both_feet_imagery,Cz,mu,21,2.536839283294469,63.02230350510077,-12.994613423278857,-36.79623840369782,17.55658726529638,54.3528256689942,-66.53557664114238,146.27045608920108,-11.524351904960373,-0.6045385901208312,2.6950404351180666,13,0.6190476190476191,8,0,3,-13.493854249129004,True,True
102,replication_2,both_feet_imagery,C4,mu,21,-6.2841984070341095,47.18354688606946,-3.9332717395918273,-38.674143882357534,12.684583455677691,51.35872733803522,-67.49974343062122,144.46061103018155,-10.602691735621658,-0.1742699979116993,2.642208839072884,12,0.5714285714285714,9,0,3,-15.153672998659122,True,True
102,replication_2,both_feet_imagery,Cz,beta,21,-40.936016718868686,28.796857706204765,-47.31260405338462,-59.46903909295932,-33.81723142287427,25.65180767008505,-71.4855489102543,59.71337458157395,-46.3427977063956,-2.7829326572713287,2.129580306320814,20,0.9523809523809523,1,0,3,-46.699663846002096,True,True
103,replication_2,both_fists_imagery,C4,central_12_13,22,5.549372613855933,56.20946199230408,11.978181272218091,-39.25239623057167,25.692420297531996,64.94481652810367,-62.24000516689503,173.77624508490513,-0.9796792413476655,0.4906287784168054,3.161127238665374,10,0.45454545454545453,12,0,7,16.635470146128025,True,True
103,replication_2,both_fists_imagery,C3,central_12_13,22,-10.918636169554766,55.00708564496522,-19.834084072934072,-49.172234904444394,-4.605734204121167,44.566500700323225,-72.53417559556631,176.66748520468,-24.023502637270422,-0.9637573504670467,2.7356869236208188,17,0.7727272727272727,5,0,7,-8.330426590130545,True,True
103,replication_2,both_fists_imagery,C3,mu,22,-18.64666778322709,57.99941880807427,-29.336281483535586,-61.587373878241934,-12.497950116910909,49.08942376133103,-80.47574894078559,150.9919623390885,-31.49236711938101,-1.5226113652146018,3.5738169911219346,17,0.7727272727272727,5,0,7,-46.811502030432344,True,True
103,replication_2,both_fists_imagery,C4,mu,22,-1.5273845287830816,65.88134584938791,-16.886650220193047,-51.210396525867004,33.66819553152193,84.87859205738894,-73.95761884427449,178.11720537376516,-12.889907375426224,-0.8127573226956444,4.377149620251764,14,0.6363636363636364,8,0,7,-5.369732516966483,True,True
103,replication_2,both_fists_imagery,Cz,mu,22,4.2919245322429935,76.70913045396149,-15.36644075389074,-47.860630825658546,33.16039944143685,81.0210302670954,-90.36632929784321,251.77989162784036,-11.111469038290807,-0.7247458752011989,4.091460801252501,14,0.6363636363636364,8,0,7,-14.61337668495569,True,True
103,replication_2,both_fists_imagery,Cz,beta,22,-9.847562281374683,48.522292860723894,-19.7826837551642,-38.40139029850836,-0.7738091189560918,37.627581179552266,-68.27287015740822,119.20193405459005,-19.253298785622246,-0.9574525084634926,2.071625907015083,17,0.7727272727272727,5,0,7,-29.458397423479887,True,True
103,replication_2,both_feet_imagery,C3,central_12_13,23,14.06714941711756,85.90000893745842,-4.475244762657212,-56.35859706707997,71.38877876607552,127.74737583315549,-77.96804787761798,216.25378265948225,-1.206477894833745,-0.19884066428955172,6.001186750597613,12,0.5217391304347826,11,0,8,-37.4458949588721,True,True
103,replication_2,both_feet_imagery,C4,central_12_13,23,27.668161413668866,153.47297663543654,-13.499172968886613,-55.02591458000134,36.51490158070975,91.54081616071109,-83.93755846327421,595.6406396723943,-12.005558963628468,-0.6297974024233176,4.824003697671853,13,0.5652173913043478,10,0,8,-22.779282415550203,True,True
103,replication_2,both_feet_imagery,C3,mu,23,8.334962539422492,74.63495932944429,-17.584503728241256,-53.60344079216901,78.30747704994535,131.91091784211437,-80.98330999612104,173.66507166016135,-2.2030454026052335,-0.8399112188817243,5.8562303048614694,14,0.6086956521739131,9,0,8,-32.39322109232618,True,True
103,replication_2,both_feet_imagery,Cz,mu,23,-6.462151365639105,55.20949440363374,-23.30083788249795,-48.154719443009874,28.14582005078053,76.30053949379041,-69.28534714678926,136.09588773819956,-17.114800590065343,-1.1520938037608996,3.9317204153245604,15,0.6521739130434783,8,0,8,-30.05606851374043,True,True
103,replication_2,both_feet_imagery,C4,mu,23,0.5630354814234007,92.37077530144245,-30.47108768451141,-61.51389657477343,45.38482078299897,106.8987173577724,-86.34827808120335,243.55201240705654,-21.58702446374618,-1.5783456450301034,5.763181076462249,15,0.6521739130434783,8,0,8,-41.592225945653496,True,True
103,replication_2,both_feet_imagery,Cz,beta,23,-3.1844099757660245,66.99251017579809,-17.068399981351956,-45.963553673945846,16.218685387365934,62.182239061311776,-75.60628060847338,226.86295875724585,-16.249753482675075,-0.8127995559239829,3.326057636605168,15,0.6521739130434783,8,0,8,-29.491379353824783,True,True
104,replication_2,both_fists_imagery,C4,central_12_13,22,-26.773164279913626,56.234270678382295,-41.38785803639302,-55.64206506685662,-17.30332381565382,38.3387412512028,-80.25381827820746,187.0544268319894,-38.066511285171984,-2.3248218179163107,2.705067276164636,19,0.8636363636363636,3,0,2,-44.74675709590694,True,True
104,replication_2,both_fists_imagery,C3,central_12_13,22,-20.91548412208132,48.04896967463716,-25.920323542167097,-51.75550264489824,-9.680809148648141,42.074693496250106,-74.69073937613398,118.88449887403934,-30.295413193333566,-1.3045559421352904,2.7222486361369977,18,0.8181818181818182,4,0,2,-32.15517310426898,True,True
104,replication_2,both_fists_imagery,C3,mu,22,-15.361894911442402,72.98592991371363,-38.841201967503636,-51.519649625800845,-3.476194171640577,48.04345545416027,-83.15511575551227,268.7020802346065,-30.15841614114756,-2.137886222869716,2.9916789633039915,18,0.8181818181818182,4,0,2,-41.42125403178233,True,True
104,replication_2,both_fists_imagery,C4,mu,22,-13.554774112433842,77.70863629963794,-43.0146953815256,-55.70571342092663,-2.4485210375730984,53.25719238335353,-76.28128494528698,290.13908357593255,-31.379893520695248,-2.4423712595657845,3.4313693691743374,17,0.7727272727272727,5,0,2,-43.0146953815256,True,True
104,replication_2,both_fists_imagery,Cz,mu,22,8.84695065156344,65.90423244442307,-5.024368521372936,-29.313928365611105,37.840094948332066,67.15402331394317,-76.86873725082658,187.7964709243046,0.5545952451445447,-0.2330139216715357,2.902716418963286,11,0.5,11,0,2,1.9395548192050893,False,True
104,replication_2,both_fists_imagery,Cz,beta,22,4.997008070206298,50.58654313110604,0.00729289509043618,-29.213033643353146,14.720696728015195,43.93373037136834,-45.70561751555174,161.58364858089024,-5.9723432442455175,0.0002244030965933841,2.0968851844164584,11,0.5,11,0,2,-5.535151225846029,False,True
104,replication_2,both_feet_imagery,C3,central_12_13,23,-32.34345682327472,39.909324352168916,-49.5206903598265,-59.63943644126256,-6.224224722165421,53.41521171909714,-78.22746781707205,77.61977264681624,-40.25064021087959,-2.968865931758347,3.6718666721951325,19,0.8260869565217391,4,0,0,-49.5206903598265,True,True
104,replication_2,both_feet_imagery,C4,central_12_13,23,-20.04878079485474,54.000103342302715,-23.264268397393163,-50.374512811403164,-9.22372714575905,41.150785665644115,-78.69828014733623,168.56829565136314,-29.780671849354913,-1.1500236193976543,2.621456212183288,18,0.782608695652174,5,0,0,-23.264268397393163,True,True
104,replication_2,both_feet_imagery,C3,mu,23,-27.20432622796182,35.86331543334117,-34.748805394717515,-57.14573883394529,-9.78690417525916,47.35883465868613,-70.76044055388054,47.610580045142214,-33.595867751735604,-1.8541153294396393,3.2336850941797173,19,0.8260869565217391,4,0,0,-34.748805394717515,True,True
104,replication_2,both_feet_imagery,Cz,mu,23,-41.9783589434622,20.97003645926709,-46.76718849871643,-57.369156245190815,-33.971429163074546,23.39772708211627,-66.83751137499485,7.8277436779929515,-45.89269706884208,-2.738205958740503,1.899293227183644,21,0.9130434782608695,2,0,0,-46.76718849871643,True,True
104,replication_2,both_feet_imagery,C4,mu,23,-37.049086289197724,29.360050939430288,-42.419642181249124,-58.90392229390754,-16.21871682866165,42.68520546524589,-87.9753136124995,18.467215917148966,-38.78321053051747,-2.3972564063497432,3.0902404692850185,20,0.8695652173913043,3,0,0,-42.419642181249124,True,True
104,replication_2,both_feet_imagery,Cz,beta,23,-23.00093668360431,24.978122221610853,-26.03762896798795,-39.18339072294239,-5.550255357621333,33.63313536532106,-73.89828773762223,27.188773089601796,-24.739847490557036,-1.3098917499239446,1.9117620304208411,19,0.8260869565217391,4,0,0,-26.03762896798795,True,True
105,replication_2,both_fists_imagery,C4,central_12_13,24,-34.58689643969751,51.91046786712256,-51.483387197064495,-69.3942731785354,-15.80343437347538,53.59083880506002,-92.2527918825995,126.47710734140662,-45.08147658660203,-3.141249689943986,4.39367086417912,19,0.7916666666666666,5,0,0,-51.483387197064495,True,True
105,replication_2,both_fists_imagery,C3,central_12_13,24,-18.670137734736816,80.0132133690296,-36.96149683264377,-65.13855013376728,3.6230265071479852,68.76157664091527,-88.56530513841255,293.6232725078349,-35.04808369492007,-2.013302012590454,4.737990984610297,17,0.7083333333333334,7,0,0,-36.96149683264377,True,True
105,replication_2,both_fists_imagery,C3,mu,24,-23.613414134351206,55.75753986607744,-42.652650155300506,-68.60752333224804,16.487992771067063,85.0955161033151,-74.15001620467243,142.8089107396046,-34.38675747059483,-2.4148689657260176,5.695042944398337,16,0.6666666666666666,8,0,0,-42.652650155300506,True,True
105,replication_2,both_fists_imagery,C4,mu,24,-35.82394397437069,37.6780052837304,-48.54771224250399,-65.8662194104898,-12.598382191023152,53.26783721946666,-87.23108604886374,58.186044710782504,-41.67057986607457,-2.891695724382131,4.082281629956708,21,0.875,3,0,0,-48.54771224250399,True,True
105,replication_2,both_fists_imagery,Cz,mu,24,-19.130899170027263,47.995960009926094,-21.925073941413086,-57.278503274899656,6.301597808636786,63.58010108353644,-81.40736908786535,116.60089894153315,-24.098248768764545,-1.0753156016437426,3.944000564805367,17,0.7083333333333334,7,0,0,-21.925073941413086,True,True
105,replication_2,both_fists_imagery,Cz,beta,24,-19.10699777663785,31.02406970438101,-18.834271102700022,-37.218340730781435,-5.088273501664183,32.13006722911725,-83.43035192520905,65.16093130747308,-20.68495639119087,-0.9097330597683313,1.7957397074660935,20,0.8333333333333334,4,0,0,-18.834271102700022,True,True
105,replication_2,both_feet_imagery,C3,central_12_13,21,-22.82350746383586,27.830501589727554,-24.59508501913557,-46.309358527982376,4.5185539000099455,50.827912427992324,-60.59119288964809,31.63771227790697,-25.31027981331167,-1.2260034538353681,2.8929479952373707,15,0.7142857142857143,6,0,1,-25.054357896065586,True,True
105,replication_2,both_feet_imagery,C4,central_12_13,21,18.075939193507548,105.22582709640776,-12.007829181957382,-43.24555241960745,13.070864052396077,56.316416472003525,-81.70408613509471,382.6364478127226,-12.722407730021919,-0.5555596787010441,2.9935081010098514,12,0.5714285714285714,9,0,1,-18.45782569473942,True,True
105,replication_2,both_feet_imagery,C3,mu,21,-18.342401108924566,33.174680070802694,-28.290046306504564,-37.39428181760365,-1.9688171731824433,35.425464644421204,-72.60843412723906,48.16445068982378,-22.375018743477234,-1.444205579426539,1.9475024086271742,16,0.7619047619047619,5,0,1,-29.934346911471096,True,True
105,replication_2,both_feet_imagery,Cz,mu,21,26.037603837850376,88.1292751911876,17.180411255314354,-39.337920884064,38.96968347766641,78.3076043617304,-72.63137139212459,319.2389559110339,13.383639656777234,0.6885501787016896,3.60002777228974,8,0.38095238095238093,13,0,1,11.902578796817522,True,True
105,replication_2,both_feet_imagery,C4,mu,21,4.165536473922074,57.84005079539481,-13.980192955186533,-29.843072885041984,15.515758046377622,45.358830931419604,-76.31739482517587,136.74009866251663,-9.55434889765286,-0.654015359677762,2.1657067381250448,15,0.7142857142857143,6,0,1,-15.977351845553553,True,True
105,replication_2,both_feet_imagery,Cz,beta,21,21.06571816677519,64.85620478054966,13.847885494829628,-1.5498969038814117,23.520935433658906,25.070832337540317,-43.9304677422036,278.3715662919833,11.209123714745978,0.5632496884263819,0.9852439668613372,6,0.2857142857142857,15,0,1,13.892240525001938,True,True
106,replication_2,both_fists_imagery,C4,central_12_13,23,-30.401721715696922,52.62901868956207,-38.76990947754308,-65.93787191953442,-18.777121730526044,47.16075018900837,-86.3691165385503,144.0371239897666,-41.29767953202152,-2.1303509850360283,3.773604282057269,20,0.8695652173913043,3,0,4,-38.76990947754308,True,True
106,replication_2,both_fists_imagery,C3,central_12_13,23,-22.173524697916694,52.4260647710469,-42.972203078089116,-65.08953849924734,7.633000747324529,72.72253924657187,-89.38715359360283,93.9691604128975,-30.240678221226702,-2.439134056047622,4.890575929120428,16,0.6956521739130435,7,0,4,-44.033435376189026,True,True
106,replication_2,both_fists_imagery,C3,mu,23,-23.941645066142666,55.416309044610024,-34.653167461969645,-64.65526902445676,-1.799837760611457,62.8554312638453,-82.12134733134823,142.59611966801666,-35.24214912751661,-1.8477545849802788,4.4399558954791045,18,0.782608695652174,5,0,4,-48.36936360842535,True,True
106,replication_2,both_fists_imagery,C4,mu,23,-29.849965986669098,72.12596906685859,-60.924807254587776,-72.45281989373817,-19.28691134338936,53.1659085503488,-86.56609607184149,208.13376053750667,-50.77962404782819,-4.080988710678929,4.581090360443591,18,0.782608695652174,5,0,4,-60.924807254587776,True,True
106,replication_2,both_fists_imagery,Cz,mu,23,-8.75906821613975,83.1253335058387,-32.62031704714587,-58.51682601567805,14.430289141004522,72.94711515668257,-78.9526259281925,268.3284898646329,-29.464839085564474,-1.7147103687151921,4.414088696683011,16,0.6956521739130435,7,0,4,-39.06060068038,True,True
106,replication_2,both_fists_imagery,Cz,beta,23,-6.119535087517976,47.31182893981134,-12.799543234951347,-32.121309186954726,-4.547734595922005,27.57357459103272,-56.85023990377841,168.43131414097024,-14.568436076335173,-0.5948124018187531,1.4873204019388861,18,0.782608695652174,5,0,4,-13.904065306694253,True,True
106,replication_2,both_feet_imagery,C3,central_12_13,22,-7.132679067661481,53.337438530233214,-22.203006524448547,-41.4554570632355,23.650823610994493,65.10628067422999,-78.68901067300972,144.23090558619964,-15.342541619900512,-1.0914812469861412,3.2445562213428345,15,0.6818181818181818,7,0,4,-23.078229303881287,True,True
106,replication_2,both_feet_imagery,C4,central_12_13,22,5.0563584948011275,66.01143859758314,-14.38540453750948,-31.510234212644214,25.286030365616377,56.79626457826059,-76.6254688391796,199.9550515891628,-8.654200889267761,-0.6770084880233609,2.6239790681505175,14,0.6363636363636364,8,0,4,-10.780117351176564,True,True
106,replication_2,both_feet_imagery,C3,mu,22,34.063112149610056,141.04811061697652,-11.279257572081313,-56.402212425648635,68.04715954728883,124.44937197293746,-78.69374148003548,500.0142842004432,-6.0909005316425935,-0.5248552858747809,5.765073811273628,13,0.5909090909090909,9,0,4,-16.693221650797835,True,True
106,replication_2,both_feet_imagery,Cz,mu,22,45.428450357237274,151.80313667035446,0.8900527671905123,-49.69884055596877,78.00344789983453,127.7022884558033,-76.43653362789999,603.4018322633951,7.273149710541962,0.0355809119306639,5.485262690570561,11,0.5,11,0,4,-4.022956393244368,False,True
106,replication_2,both_feet_imagery,C4,mu,22,20.80160513801583,153.3044613282039,-22.270073336774022,-54.26774869505209,33.33519335023369,87.60294204528577,-72.6059842535864,634.4442933102255,-16.99344181252822,-1.101551608241576,4.671765000486632,14,0.6363636363636364,8,0,4,-29.01921343891866,True,True
106,replication_2,both_feet_imagery,Cz,beta,22,-4.8571969195244975,33.91829008152177,-6.955177715993937,-27.895772945606655,11.394232833622791,39.290005779229446,-45.64913997604996,97.48780726621634,-8.693771660195797,-0.31470367194530297,1.889228080023603,12,0.5454545454545454,10,0,4,-16.577187240619583,True,True
107,replication_2,both_fists_imagery,C4,central_12_13,22,17.914970625352247,101.36832131639896,-11.51288609861895,-50.87621613173501,65.56761711431541,116.44383324605042,-77.5921776960714,381.65974056707,-2.5836121031964985,-0.5313749687026594,5.344429667678035,13,0.5909090909090909,9,0,3,-10.717915839126661,True,True
107,replication_2,both_fists_imagery,C3,central_12_13,22,29.963843527254742,125.38150979730766,-17.538730658235387,-29.851145840120573,41.078591995379455,70.92973783550002,-85.63999188728705,496.3827480226307,-4.741881032449648,-0.8385849083011347,3.034124391584274,14,0.6363636363636364,8,0,3,-15.695640708891608,True,True
107,replication_2,both_fists_imagery,C3,mu,22,39.0786790035403,149.22179387499335,-3.4262057820202094,-41.35892391118922,43.69229512386367,85.0512190350529,-91.01357864913132,606.7224698497272,1.2710071170206712,-0.1536578973128601,3.862941114624844,12,0.5454545454545454,10,0,3,-0.31776881809424873,True,True
107,replication_2,both_fists_imagery,C4,mu,22,32.43996075669568,130.61825916633546,-14.19049895332735,-41.57010427048088,59.90255120854334,101.47265547902423,-63.08870121142077,489.53967484643033,-5.763772814939721,-0.664689925579488,4.302601928258559,15,0.6818181818181818,7,0,3,-9.984376099131437,True,True
107,replication_2,both_fists_imagery,Cz,mu,22,32.75729258459052,117.39726282553997,-15.077429617513491,-35.75137387213878,74.66266534249377,110.41403921463254,-82.96439840790495,367.97747160572646,3.421186390947018,-0.7268770726511443,4.342394599224081,12,0.5454545454545454,10,0,3,-7.554351909622192,True,True
107,replication_2,both_fists_imagery,Cz,beta,22,19.35578417744641,49.68053323832477,19.01994831506626,-8.284090999787425,40.01967169936323,48.30376269915065,-78.22387558584171,135.7404358109686,16.332360546149726,0.7540389918407553,1.8374084336028886,9,0.4090909090909091,13,0,3,22.77156885701121,True,True
107,replication_2,both_feet_imagery,C3,central_12_13,23,0.6234853473839896,77.09752068639209,-14.159060128228026,-53.657145693657995,16.79733969704825,70.45448539070625,-77.87700254717879,274.0651950907043,-15.511157056965505,-0.6630553592922475,4.014566345629982,14,0.6086956521739131,9,0,2,-16.754828382793654,True,True
107,replication_2,both_feet_imagery,C4,central_12_13,23,-0.41889697264387415,74.5102669492433,-26.73181150908297,-47.41491454379903,34.06808965956347,81.4830042033625,-89.91447784914179,207.0867931878041,-14.360806485477278,-1.3508454598145645,4.042336899664746,14,0.6086956521739131,9,0,2,-24.92425515101349,True,True
107,replication_2,both_feet_imagery,C3,mu,23,-0.6742323529266792,58.11315367867684,-17.416526272914485,-49.986501619500785,49.89697179754691,99.8834734170477,-80.03682318219816,114.73387609879451,-7.018542892190989,-0.8310685325139043,4.767292114615265,13,0.5652173913043478,10,0,2,-32.502668395507314,True,True
107,replication_2,both_feet_imagery,Cz,mu,23,0.3296819276537383,101.55710850802565,-35.54596863840804,-52.66047592677441,19.039762686043385,71.7002386128178,-87.65203748883485,297.34599766741235,-24.20350233234471,-1.907499139453365,3.9959897149396193,16,0.6956521739130435,7,0,2,-37.28870715080732,True,True
107,replication_2,both_feet_imagery,C4,mu,23,11.84679374506219,81.84490837148883,-7.700006579796833,-43.288478810399255,47.159776696775246,90.44825550717451,-85.60724482586902,261.70330042285804,0.5208527012943464,-0.3479832993367148,4.14379777455736,12,0.5217391304347826,11,0,2,-7.700006579796833,True,True
107,replication_2,both_feet_imagery,Cz,beta,23,-0.5669899674876284,45.84548897227067,-2.9018404221980156,-27.0456375781933,5.730823923332472,32.77646150152577,-83.2340331873227,113.88318620235687,-8.234576781892665,-0.12789001737513658,1.610349263618776,15,0.6521739130434783,8,0,2,-2.2518482104031,True,True
108,replication_2,both_fists_imagery,C4,central_12_13,22,1.8993118937313034,70.3893796525515,-15.594121679069747,-46.079990695811304,14.204514926176063,60.284505621987364,-77.72671144408022,197.43066487298935,-16.12495797781032,-0.7395075456484572,3.2559818606105453,15,0.6818181818181818,7,0,7,-8.141421004651109,True,True
108,replication_2,both_fists_imagery,C3,central_12_13,22,10.297948352841422,83.8354516129141,-20.56338832595921,-45.07039277911787,42.154837141385556,87.22522992050342,-82.52502363910638,250.71458396447244,-7.059504960256076,-0.9997934910841915,4.129605332116994,13,0.5909090909090909,9,0,7,-20.521495704411816,True,True
108,replication_2,both_fists_imagery,C3,mu,22,30.74128520901572,156.23220603674136,-21.84655549072204,-45.043643163448515,43.159419620858955,88.20306278430746,-79.8798276962783,659.1575274855652,-7.952929240111609,-1.0709041344421346,4.157068393006263,13,0.5909090909090909,9,0,7,-20.8054574520476,True,True
108,replication_2,both_fists_imagery,C4,mu,22,10.709787290102845,67.45396910393477,0.4203914789127028,-41.52582827852132,28.904567896170576,70.4303961746919,-73.58763197206262,193.43709511491735,-3.6585802029538224,0.011453230416797744,3.445220095848803,11,0.5,11,0,7,10.38259457115081,True,True
108,replication_2,both_fists_imagery,Cz,mu,22,54.900879497328745,99.59809470830004,18.749444745476328,-21.144407357845523,92.41900532422828,113.5634126820738,-42.55531751976149,303.6784530890649,28.888957122241745,0.6816526059404018,3.867525297833831,11,0.5,11,0,7,57.45815625948073,True,True
108,replication_2,both_fists_imagery,Cz,beta,22,10.357574491730453,45.80381124974311,-3.2677513511674268,-26.619223385532724,42.279440452351686,68.89866383788441,-48.9437842968602,104.69540855718458,5.054216056913524,-0.14456575301666075,2.8755597614279926,12,0.5454545454545454,10,0,7,17.50151006909086,False,True
108,replication_2,both_feet_imagery,C3,central_12_13,23,12.214426649940892,65.31685247373703,-13.228015368177878,-37.270983028750635,60.1801554908925,97.45113851964314,-58.41955909777434,168.3749167376774,0.16156184810422475,-0.6162046933634501,4.073404861667652,14,0.6086956521739131,9,0,4,-4.341212312671819,True,True
108,replication_2,both_feet_imagery,C4,central_12_13,23,33.619831014724625,80.58966341679466,31.89915586436231,-33.04828066982186,62.839606702065524,95.88788737188739,-65.92453807647995,259.36454778031685,19.827919905564688,1.202420161330027,3.8760938122811552,9,0.391304347826087,14,0,4,33.121693333839346,True,True
108,replication_2,both_feet_imagery,C3,mu,23,25.58555783477116,81.92211336391672,14.589192968437217,-44.07660896424645,68.33139056988794,112.40799953413439,-72.21726616301744,225.75051231721395,10.944603662048745,0.591436607772005,4.782198493345444,11,0.4782608695652174,12,0,4,22.939418644054967,True,True
108,replication_2,both_feet_imagery,Cz,mu,23,33.856024646126734,86.22873106538687,14.30953481312137,-11.198136536199673,63.07719444029788,74.27533097649756,-76.71100856392783,358.01220724180405,19.00069097107612,0.5808245737706859,2.6331475842723213,10,0.43478260869565216,13,0,4,14.30953481312137,True,True
108,replication_2,both_feet_imagery,C4,mu,23,40.059197968514596,83.67244126875049,39.091647324651106,-34.64435555695964,88.48045439278101,123.12480994974065,-63.7955475025295,252.10050458217614,29.972340531168378,1.433010506985153,4.598882959078728,9,0.391304347826087,14,0,4,39.958991945886815,True,True
108,replication_2,both_feet_imagery,Cz,beta,23,5.790419740747277,35.04337951029802,7.14905466273927,-27.462088840731255,31.53904212857804,59.001130969309294,-49.18258857083325,69.09155527315302,4.667565129818933,0.299883437719963,2.585302596763401,10,0.43478260869565216,13,0,4,3.303543173617303,True,True
109,replication_2,both_fists_imagery,C4,central_12_13,23,12.95589837171587,47.94069906579366,1.5269699351735755,-16.30004633566362,37.81809908529917,54.11814542096279,-61.448985028892,132.97614665544066,7.686178871156136,0.06581424891210882,2.1695075894450913,9,0.391304347826087,14,0,1,0.9463314205345595,True,True
109,replication_2,both_fists_imagery,C3,central_12_13,23,6.69905328322315,54.230798961219286,-7.208492446119187,-27.375731628344475,47.07671827444957,74.45244990279404,-70.96118972437675,131.80830164864804,0.9199573991411933,-0.32491769376597646,3.046149302736458,14,0.6086956521739131,9,0,1,-8.761918376338404,True,True
109,replication_2,both_fists_imagery,C3,mu,23,3.0568341963880776,45.514248928770634,-7.040204166001446,-28.91453649385335,32.872727278461824,61.78726377231517,-62.267143862497264,107.41144079891815,-2.2465638571584963,-0.3170483878620133,2.714771058744766,13,0.5652173913043478,10,0,1,-5.128377772245803,True,True
109,replication_2,both_fists_imagery,C4,mu,23,3.4800466335594695,30.592052483382318,5.406629157131576,-16.650102872622174,19.456995191961404,36.10709806458358,-49.8368359718143,58.824207294270316,2.0903985430466347,0.2286792506844265,1.562995233858624,10,0.43478260869565216,13,0,1,3.1392111674303846,True,True
109,replication_2,both_fists_imagery,Cz,mu,23,3.981975531471715,38.24175711286676,-4.03930650548346,-18.28851638706444,16.17184066810116,34.4603570551656,-47.017087098279355,111.49116107227992,-2.097608765421482,-0.1790662210735972,1.5233984606351783,14,0.6086956521739131,9,0,1,-4.133398091017938,True,True
109,replication_2,both_fists_imagery,Cz,beta,23,27.867474874303944,55.47191056428797,14.022875737755417,-3.3355178942912547,36.9668187160581,40.30233661034936,-53.622947688126175,157.58119163717345,16.361511392018443,0.5699199002093864,1.5168931595354103,6,0.2608695652173913,17,0,1,11.4933776490772,True,True
109,replication_2,both_feet_imagery,C3,central_12_13,22,22.586191913800544,56.09766433201064,14.309289098867342,-19.074883127677285,60.647891278106414,79.7227744057837,-66.37832303979458,137.13106202942134,15.147300478319377,0.5801698343060505,2.9775982171381665,9,0.4090909090909091,13,0,3,16.279841311360272,True,True
109,replication_2,both_feet_imagery,C4,central_12_13,22,31.85521801112437,58.37536578914638,12.25968619307545,-8.60088880653781,64.8647673620539,73.4656561685917,-56.11974136223132,154.9412958924573,23.20481929865077,0.4721843735083786,2.5612519920748325,11,0.5,11,0,3,25.42089784198989,True,True
109,replication_2,both_feet_imagery,C3,mu,22,13.445352131121338,51.093905945763844,0.8933708628304287,-17.92607102152065,28.505563071870174,46.43163409339083,-41.40271894415684,180.68587958529196,2.496950887478351,0.03825366708839219,1.9474638447500094,11,0.5,11,0,3,2.215031049715392,True,True
109,replication_2,both_feet_imagery,Cz,mu,22,13.288527451275751,55.34197214657618,4.127205173746412,-17.25372518169832,38.916263297414474,56.169988479112796,-66.97154066953071,186.9294896408264,7.448547769738576,0.17527444414856977,2.249638810339197,8,0.36363636363636365,14,0,3,2.457229513665996,True,True
109,replication_2,both_feet_imagery,C4,mu,22,16.198442534357625,41.052615202453474,10.287355842603178,-13.016177111867542,35.21929427062357,48.23547138249111,-48.23761593328301,113.90416622554832,12.643205179203578,0.42511865280320976,1.9176404959645317,9,0.4090909090909091,13,0,3,11.168429174096149,True,True
109,replication_2,both_feet_imagery,Cz,beta,22,13.343229680454241,40.03390270239534,1.957370598715105,-9.449149618451598,33.47325800665075,42.92240762510235,-46.52619583334702,99.66021840445336,7.493840885506126,0.08245329493820786,1.6815448724787112,11,0.5,11,0,3,4.837093916961347,True,True
