subject,subject_role,run,semantic_condition,channel,frequency_band,trial_count,median_change_percent,iqr_change_percentage_points,negative_trial_count,negative_trial_fraction,run_direction
1,development,6,both_fists_imagery,C4,central_12_13,7,-51.14653708787458,10.513532381695882,6,0.8571428571428571,negative
1,development,10,both_fists_imagery,C4,central_12_13,7,-54.556749794538355,126.76006193847493,4,0.5714285714285714,negative
1,development,14,both_fists_imagery,C4,central_12_13,7,-52.28373306890746,45.817593239075165,5,0.7142857142857143,negative
1,development,6,both_fists_imagery,C3,central_12_13,7,-55.57490648782269,34.00408687116744,7,1.0,negative
1,development,10,both_fists_imagery,C3,central_12_13,7,-24.30969850701299,54.83214264725923,5,0.7142857142857143,negative
1,development,14,both_fists_imagery,C3,central_12_13,7,-61.36085822247091,16.020200536051973,7,1.0,negative
1,development,6,both_fists_imagery,C3,mu,7,-49.5430189357738,17.047531302538047,7,1.0,negative
1,development,10,both_fists_imagery,C3,mu,7,-0.6749558828620312,52.19841423663256,4,0.5714285714285714,negative
1,development,14,both_fists_imagery,C3,mu,7,-52.33593157631184,18.198312647218806,7,1.0,negative
1,development,6,both_fists_imagery,C4,mu,7,-47.19283683168655,16.818330005948226,6,0.8571428571428571,negative
1,development,10,both_fists_imagery,C4,mu,7,-10.46775515264348,109.36802535016737,4,0.5714285714285714,negative
1,development,14,both_fists_imagery,C4,mu,7,-52.7919888786804,16.174628744698474,7,1.0,negative
1,development,6,both_fists_imagery,Cz,mu,7,-6.253344567451805,45.357034458141015,4,0.5714285714285714,negative
1,development,10,both_fists_imagery,Cz,mu,7,-4.800793756949533,42.14621891160233,4,0.5714285714285714,negative
1,development,14,both_fists_imagery,Cz,mu,7,-2.229223537253242,57.08130683518361,4,0.5714285714285714,negative
1,development,6,both_fists_imagery,Cz,beta,7,8.185504625476815,41.02552794037456,2,0.2857142857142857,positive
1,development,10,both_fists_imagery,Cz,beta,7,-21.574487179028296,34.84102305127616,5,0.7142857142857143,negative
1,development,14,both_fists_imagery,Cz,beta,7,-32.88570020943712,22.89083927054753,7,1.0,negative
1,development,6,both_feet_imagery,C3,central_12_13,8,82.37283023151265,85.75332619310244,2,0.25,positive
1,development,10,both_feet_imagery,C3,central_12_13,8,1.5743480583427345,149.41507717681668,4,0.5,positive
1,development,14,both_feet_imagery,C3,central_12_13,8,21.182833704396778,48.34653910455143,2,0.25,positive
1,development,6,both_feet_imagery,C4,central_12_13,8,43.43213659765155,62.54601748491923,1,0.125,positive
1,development,10,both_feet_imagery,C4,central_12_13,8,-6.922951147241847,125.56188741736572,4,0.5,negative
1,development,14,both_feet_imagery,C4,central_12_13,8,22.313400255138223,137.86296742545622,3,0.375,positive
1,development,6,both_feet_imagery,C3,mu,8,41.37990974583313,68.34117268406692,2,0.25,positive
1,development,10,both_feet_imagery,C3,mu,8,-1.139727702691074,74.86472634532188,4,0.5,negative
1,development,14,both_feet_imagery,C3,mu,8,3.828562667492394,75.38386906886245,3,0.375,positive
1,development,6,both_feet_imagery,Cz,mu,8,10.316115593770792,46.9305434065497,4,0.5,positive
1,development,10,both_feet_imagery,Cz,mu,8,3.7019718019921672,53.3494545631019,4,0.5,positive
1,development,14,both_feet_imagery,Cz,mu,8,0.9450724976899902,59.14842924014408,4,0.5,positive
1,development,6,both_feet_imagery,C4,mu,8,16.420667753894513,33.820782727494105,2,0.25,positive
1,development,10,both_feet_imagery,C4,mu,8,-9.972234047054245,55.76478701254985,5,0.625,negative
1,development,14,both_feet_imagery,C4,mu,8,27.850405600274332,71.41112305736424,3,0.375,positive
1,development,6,both_feet_imagery,Cz,beta,8,14.732167823592764,111.51950343736316,3,0.375,positive
1,development,10,both_feet_imagery,Cz,beta,8,27.567860060968687,68.26260119467084,3,0.375,positive
1,development,14,both_feet_imagery,Cz,beta,8,15.178388352704314,56.76676275831647,3,0.375,positive
2,replication_1,6,both_fists_imagery,C4,central_12_13,8,-23.768477696348945,105.35146161288358,5,0.625,negative
2,replication_1,10,both_fists_imagery,C4,central_12_13,8,-23.32162993434153,48.261253204747135,6,0.75,negative
2,replication_1,14,both_fists_imagery,C4,central_12_13,8,30.837627570426193,57.08214138192839,2,0.25,positive
2,replication_1,6,both_fists_imagery,C3,central_12_13,8,-36.09617012312438,21.398358554071102,8,1.0,negative
2,replication_1,10,both_fists_imagery,C3,central_12_13,8,-49.06730907150176,26.95909566735105,8,1.0,negative
2,replication_1,14,both_fists_imagery,C3,central_12_13,8,46.015476183441955,167.46690213204567,3,0.375,positive
2,replication_1,6,both_fists_imagery,C3,mu,8,-36.01935875450174,28.184680395660166,8,1.0,negative
2,replication_1,10,both_fists_imagery,C3,mu,8,-44.3964514458151,27.778791252354672,7,0.875,negative
2,replication_1,14,both_fists_imagery,C3,mu,8,51.476296429627695,160.3247371994823,3,0.375,positive
2,replication_1,6,both_fists_imagery,C4,mu,8,-2.953555467326497,62.49144229944463,5,0.625,negative
2,replication_1,10,both_fists_imagery,C4,mu,8,-26.152558836348526,44.801609722276524,7,0.875,negative
2,replication_1,14,both_fists_imagery,C4,mu,8,25.485448264117974,77.51374624587129,2,0.25,positive
2,replication_1,6,both_fists_imagery,Cz,mu,8,-39.85964750933205,13.590090202571957,8,1.0,negative
2,replication_1,10,both_fists_imagery,Cz,mu,8,-36.773311943956344,71.5998828585471,5,0.625,negative
2,replication_1,14,both_fists_imagery,Cz,mu,8,-0.3292454136863068,62.173165057254025,4,0.5,negative
2,replication_1,6,both_fists_imagery,Cz,beta,8,1.698349146688214,62.36043982124149,4,0.5,positive
2,replication_1,10,both_fists_imagery,Cz,beta,8,3.1391446768919042,66.85659762491956,4,0.5,positive
2,replication_1,14,both_fists_imagery,Cz,beta,8,-45.05497546720475,37.131203238831446,6,0.75,negative
2,replication_1,6,both_feet_imagery,C3,central_12_13,7,-13.691264013673202,49.92508200306837,5,0.7142857142857143,negative
2,replication_1,10,both_feet_imagery,C3,central_12_13,7,59.85303892806666,143.15666571645966,2,0.2857142857142857,positive
2,replication_1,14,both_feet_imagery,C3,central_12_13,7,32.02543699211332,40.80277753997097,1,0.14285714285714285,positive
2,replication_1,6,both_feet_imagery,C4,central_12_13,7,-8.492299214315292,39.36566540529434,5,0.7142857142857143,negative
2,replication_1,10,both_feet_imagery,C4,central_12_13,7,-9.404933055054038,63.44636321583973,4,0.5714285714285714,negative
2,replication_1,14,both_feet_imagery,C4,central_12_13,7,21.670420059429663,79.914390641948,3,0.42857142857142855,positive
2,replication_1,6,both_feet_imagery,C3,mu,7,-24.14807015372783,33.0553447135488,6,0.8571428571428571,negative
2,replication_1,10,both_feet_imagery,C3,mu,7,25.34383280160217,127.74486437573026,3,0.42857142857142855,positive
2,replication_1,14,both_feet_imagery,C3,mu,7,17.92311538447369,84.33933850125663,3,0.42857142857142855,positive
2,replication_1,6,both_feet_imagery,Cz,mu,7,-34.71629632122351,24.372285747421664,6,0.8571428571428571,negative
2,replication_1,10,both_feet_imagery,Cz,mu,7,15.201811809966134,42.45636678178976,3,0.42857142857142855,positive
2,replication_1,14,both_feet_imagery,Cz,mu,7,38.32749360756213,75.61580063587914,3,0.42857142857142855,positive
2,replication_1,6,both_feet_imagery,C4,mu,7,-31.999802384198127,85.83152637314426,4,0.5714285714285714,negative
2,replication_1,10,both_feet_imagery,C4,mu,7,-5.45688401421345,36.26653874729793,5,0.7142857142857143,negative
2,replication_1,14,both_feet_imagery,C4,mu,7,-21.399114863567604,68.60584350269579,4,0.5714285714285714,negative
2,replication_1,6,both_feet_imagery,Cz,beta,7,-19.25751119843201,22.75034396692222,6,0.8571428571428571,negative
2,replication_1,10,both_feet_imagery,Cz,beta,7,-25.312535467031644,19.940726076095615,6,0.8571428571428571,negative
2,replication_1,14,both_feet_imagery,Cz,beta,7,-60.165942213136496,13.124413849667931,7,1.0,negative
3,replication_1,6,both_fists_imagery,C4,central_12_13,7,-38.11067334350187,51.25165030301673,5,0.7142857142857143,negative
3,replication_1,10,both_fists_imagery,C4,central_12_13,7,14.978313190620588,26.820360359778196,2,0.2857142857142857,positive
3,replication_1,14,both_fists_imagery,C4,central_12_13,7,9.093967415132898,103.26576761189872,3,0.42857142857142855,positive
3,replication_1,6,both_fists_imagery,C3,central_12_13,7,-17.955707741459424,38.97218010720368,4,0.5714285714285714,negative
3,replication_1,10,both_fists_imagery,C3,central_12_13,7,4.473211007139475,103.01340058581657,0,0.0,positive
3,replication_1,14,both_fists_imagery,C3,central_12_13,7,10.207652585176197,44.505001855611866,3,0.42857142857142855,positive
3,replication_1,6,both_fists_imagery,C3,mu,7,-18.892453689095902,26.750574980132683,5,0.7142857142857143,negative
3,replication_1,10,both_fists_imagery,C3,mu,7,40.16040627384857,38.752375064610966,1,0.14285714285714285,positive
3,replication_1,14,both_fists_imagery,C3,mu,7,-11.703661898898288,78.91030116853014,4,0.5714285714285714,negative
3,replication_1,6,both_fists_imagery,C4,mu,7,-37.111499239344774,40.1228604439852,6,0.8571428571428571,negative
3,replication_1,10,both_fists_imagery,C4,mu,7,-7.228273684099124,55.790765832451264,4,0.5714285714285714,negative
3,replication_1,14,both_fists_imagery,C4,mu,7,1.4160355917400402,64.35342114446419,3,0.42857142857142855,positive
3,replication_1,6,both_fists_imagery,Cz,mu,7,-6.64609147949189,73.71934639889095,4,0.5714285714285714,negative
3,replication_1,10,both_fists_imagery,Cz,mu,7,9.140387582288536,47.82877973898985,2,0.2857142857142857,positive
3,replication_1,14,both_fists_imagery,Cz,mu,7,41.064179240108395,108.46161059154123,2,0.2857142857142857,positive
3,replication_1,6,both_fists_imagery,Cz,beta,7,-5.436665241730018,30.063513851208413,4,0.5714285714285714,negative
3,replication_1,10,both_fists_imagery,Cz,beta,7,-13.60450147772839,31.407356689956885,4,0.5714285714285714,negative
3,replication_1,14,both_fists_imagery,Cz,beta,7,2.8047600541897553,39.52561704052229,3,0.42857142857142855,positive
3,replication_1,6,both_feet_imagery,C3,central_12_13,8,16.34871608773681,51.545430363878474,3,0.375,positive
3,replication_1,10,both_feet_imagery,C3,central_12_13,8,38.46240971005138,37.61576038065563,1,0.125,positive
3,replication_1,14,both_feet_imagery,C3,central_12_13,8,18.585387057446773,56.76633291513426,3,0.375,positive
3,replication_1,6,both_feet_imagery,C4,central_12_13,8,-6.213643447044954,120.60983199842795,5,0.625,negative
3,replication_1,10,both_feet_imagery,C4,central_12_13,8,19.94659641953904,165.4245619896884,2,0.25,positive
3,replication_1,14,both_feet_imagery,C4,central_12_13,8,12.622386059528598,93.09004609252952,3,0.375,positive
3,replication_1,6,both_feet_imagery,C3,mu,8,11.137636442413086,45.873836016447285,3,0.375,positive
3,replication_1,10,both_feet_imagery,C3,mu,8,-3.113411003889234,25.395449890451957,5,0.625,negative
3,replication_1,14,both_feet_imagery,C3,mu,8,-12.364530169063766,33.91612872554769,5,0.625,negative
3,replication_1,6,both_feet_imagery,Cz,mu,8,-1.104362434683369,21.349551512532422,4,0.5,negative
3,replication_1,10,both_feet_imagery,Cz,mu,8,15.167401979713308,13.911710721822676,0,0.0,positive
3,replication_1,14,both_feet_imagery,Cz,mu,8,-17.798667422943144,51.5617075630775,5,0.625,negative
3,replication_1,6,both_feet_imagery,C4,mu,8,-18.221082216790965,42.51650609813946,5,0.625,negative
3,replication_1,10,both_feet_imagery,C4,mu,8,43.38177635049195,67.80621293548016,3,0.375,positive
3,replication_1,14,both_feet_imagery,C4,mu,8,-4.693081712540377,74.22009100941786,5,0.625,negative
3,replication_1,6,both_feet_imagery,Cz,beta,8,-9.185059775316791,15.842531694332967,6,0.75,negative
3,replication_1,10,both_feet_imagery,Cz,beta,8,29.046644551459984,11.103418166910565,0,0.0,positive
3,replication_1,14,both_feet_imagery,Cz,beta,8,29.862713186020976,64.8727881383873,1,0.125,positive
4,replication_1,6,both_fists_imagery,C4,central_12_13,8,-23.355461623855724,60.71192840919063,6,0.75,negative
4,replication_1,10,both_fists_imagery,C4,central_12_13,7,-58.222776780217444,24.93509363331134,7,1.0,negative
4,replication_1,14,both_fists_imagery,C4,central_12_13,7,-59.36839296645069,25.10627245951855,7,1.0,negative
4,replication_1,6,both_fists_imagery,C3,central_12_13,8,-71.40523027867367,12.298683399121956,8,1.0,negative
4,replication_1,10,both_fists_imagery,C3,central_12_13,7,-52.56635543449432,35.510794875428616,6,0.8571428571428571,negative
4,replication_1,14,both_fists_imagery,C3,central_12_13,7,-53.82735695157583,41.31006095276571,6,0.8571428571428571,negative
4,replication_1,6,both_fists_imagery,C3,mu,8,-64.447968753172,22.17620914517738,7,0.875,negative
4,replication_1,10,both_fists_imagery,C3,mu,7,-54.192955722137604,16.037473371412204,7,1.0,negative
4,replication_1,14,both_fists_imagery,C3,mu,7,-54.07731922396225,49.78464824372331,5,0.7142857142857143,negative
4,replication_1,6,both_fists_imagery,C4,mu,8,-32.09028170562683,71.85518519818626,6,0.75,negative
4,replication_1,10,both_fists_imagery,C4,mu,7,-48.342687593302344,42.9352456301327,7,1.0,negative
4,replication_1,14,both_fists_imagery,C4,mu,7,-40.22224493825926,14.751430523132747,7,1.0,negative
4,replication_1,6,both_fists_imagery,Cz,mu,8,-33.36802534450297,49.756084827808294,6,0.75,negative
4,replication_1,10,both_fists_imagery,Cz,mu,7,-39.11235061271779,38.966314919920976,7,1.0,negative
4,replication_1,14,both_fists_imagery,Cz,mu,7,-51.57013445809889,18.27322836589167,7,1.0,negative
4,replication_1,6,both_fists_imagery,Cz,beta,8,-60.76588209517813,28.46516706547017,8,1.0,negative
4,replication_1,10,both_fists_imagery,Cz,beta,7,-32.402643670612164,33.87250882736901,6,0.8571428571428571,negative
4,replication_1,14,both_fists_imagery,Cz,beta,7,-40.97174086813177,65.92718664583506,4,0.5714285714285714,negative
4,replication_1,6,both_feet_imagery,C3,central_12_13,7,-54.55835945133505,52.966424317942234,6,0.8571428571428571,negative
4,replication_1,10,both_feet_imagery,C3,central_12_13,8,-0.4105224614749994,33.502303006896724,4,0.5,negative
4,replication_1,14,both_feet_imagery,C3,central_12_13,8,-17.423976401900596,40.5644696129952,6,0.75,negative
4,replication_1,6,both_feet_imagery,C4,central_12_13,7,-60.97821742523999,15.154682148554876,6,0.8571428571428571,negative
4,replication_1,10,both_feet_imagery,C4,central_12_13,8,-27.36676851115032,39.61868548673351,6,0.75,negative
4,replication_1,14,both_feet_imagery,C4,central_12_13,8,-45.52083391060144,34.73112126468,6,0.75,negative
4,replication_1,6,both_feet_imagery,C3,mu,7,-48.18202920960372,51.15637702333572,5,0.7142857142857143,negative
4,replication_1,10,both_feet_imagery,C3,mu,8,-13.464644646584299,35.693304752941295,5,0.625,negative
4,replication_1,14,both_feet_imagery,C3,mu,8,-41.03655824116373,31.736280565529754,6,0.75,negative
4,replication_1,6,both_feet_imagery,Cz,mu,7,-41.22776391999687,24.159776885804682,7,1.0,negative
4,replication_1,10,both_feet_imagery,Cz,mu,8,-48.61857922092247,9.18811682814787,8,1.0,negative
4,replication_1,14,both_feet_imagery,Cz,mu,8,-64.68931742229255,24.335262065567406,8,1.0,negative
4,replication_1,6,both_feet_imagery,C4,mu,7,-62.859905706848295,20.341178594920933,6,0.8571428571428571,negative
4,replication_1,10,both_feet_imagery,C4,mu,8,-27.98143677066018,48.07795751992704,5,0.625,negative
4,replication_1,14,both_feet_imagery,C4,mu,8,-47.220307585662276,21.605039745284984,7,0.875,negative
4,replication_1,6,both_feet_imagery,Cz,beta,7,-62.56821059485555,25.720831321584512,7,1.0,negative
4,replication_1,10,both_feet_imagery,Cz,beta,8,-61.07432078468801,18.6519474452068,8,1.0,negative
4,replication_1,14,both_feet_imagery,Cz,beta,8,-53.27263623863091,27.484256143861465,8,1.0,negative
5,replication_1,6,both_fists_imagery,C4,central_12_13,7,-24.431410360479397,36.60820339323124,5,0.7142857142857143,negative
5,replication_1,10,both_fists_imagery,C4,central_12_13,8,-5.6235279323013945,34.34319711124597,5,0.625,negative
5,replication_1,14,both_fists_imagery,C4,central_12_13,8,-15.421929427404798,100.96478961199317,4,0.5,negative
5,replication_1,6,both_fists_imagery,C3,central_12_13,7,0.8642439347691191,48.76442732886315,3,0.42857142857142855,positive
5,replication_1,10,both_fists_imagery,C3,central_12_13,8,-38.70883698949426,43.372322043931675,7,0.875,negative
5,replication_1,14,both_fists_imagery,C3,central_12_13,8,-28.017695480609454,83.78136442192346,6,0.75,negative
5,replication_1,6,both_fists_imagery,C3,mu,7,-5.065231991337829,43.858319309698196,4,0.5714285714285714,negative
5,replication_1,10,both_fists_imagery,C3,mu,8,-34.5506742598158,23.80357641859434,7,0.875,negative
5,replication_1,14,both_fists_imagery,C3,mu,8,0.5809003932864008,36.32710444651828,4,0.5,positive
5,replication_1,6,both_fists_imagery,C4,mu,7,9.072772412077008,64.12687947360612,3,0.42857142857142855,positive
5,replication_1,10,both_fists_imagery,C4,mu,8,5.5824289532479785,50.23957958169227,4,0.5,positive
5,replication_1,14,both_fists_imagery,C4,mu,8,-45.5411165384285,107.92504516825932,5,0.625,negative
5,replication_1,6,both_fists_imagery,Cz,mu,7,22.145243751754798,38.24687802062954,2,0.2857142857142857,positive
5,replication_1,10,both_fists_imagery,Cz,mu,8,-0.0768735569732093,32.85402223117604,4,0.5,negative
5,replication_1,14,both_fists_imagery,Cz,mu,8,10.212045956816299,62.12263808611897,4,0.5,positive
5,replication_1,6,both_fists_imagery,Cz,beta,7,-24.052011793689495,30.10310635782645,6,0.8571428571428571,negative
5,replication_1,10,both_fists_imagery,Cz,beta,8,-14.518386294978168,84.87565927983376,5,0.625,negative
5,replication_1,14,both_fists_imagery,Cz,beta,8,-23.83777881559748,40.65017639957839,7,0.875,negative
5,replication_1,6,both_feet_imagery,C3,central_12_13,8,-9.895823095715548,35.10037385180625,6,0.75,negative
5,replication_1,10,both_feet_imagery,C3,central_12_13,7,-26.9579375552016,73.07522234520155,5,0.7142857142857143,negative
5,replication_1,14,both_feet_imagery,C3,central_12_13,7,11.63393844543985,75.74704334005736,3,0.42857142857142855,positive
5,replication_1,6,both_feet_imagery,C4,central_12_13,8,17.516107816709734,93.51581284329866,3,0.375,positive
5,replication_1,10,both_feet_imagery,C4,central_12_13,7,-29.19010033223968,57.141804498719274,5,0.7142857142857143,negative
5,replication_1,14,both_feet_imagery,C4,central_12_13,7,-38.420032552145344,127.29965335567502,5,0.7142857142857143,negative
5,replication_1,6,both_feet_imagery,C3,mu,8,7.788437453186939,48.19191469455383,3,0.375,positive
5,replication_1,10,both_feet_imagery,C3,mu,7,-19.558595116127787,31.030662106215868,4,0.5714285714285714,negative
5,replication_1,14,both_feet_imagery,C3,mu,7,11.91323372558398,74.80104443848663,3,0.42857142857142855,positive
5,replication_1,6,both_feet_imagery,Cz,mu,8,14.924333603712853,56.8168783248597,2,0.25,positive
5,replication_1,10,both_feet_imagery,Cz,mu,7,-18.691950158846627,16.97374980577707,6,0.8571428571428571,negative
5,replication_1,14,both_feet_imagery,Cz,mu,7,38.7028436740488,121.35001582707574,2,0.2857142857142857,positive
5,replication_1,6,both_feet_imagery,C4,mu,8,3.1840832305449203,37.278135667573814,3,0.375,positive
5,replication_1,10,both_feet_imagery,C4,mu,7,-16.27041495660579,25.960732200962486,6,0.8571428571428571,negative
5,replication_1,14,both_feet_imagery,C4,mu,7,14.979040493393068,84.65870948117308,3,0.42857142857142855,positive
5,replication_1,6,both_feet_imagery,Cz,beta,8,-23.23282471978932,48.20169613199147,5,0.625,negative
5,replication_1,10,both_feet_imagery,Cz,beta,7,-21.50941941647213,48.47983656182926,5,0.7142857142857143,negative
5,replication_1,14,both_feet_imagery,Cz,beta,7,-59.43911932780094,68.07049911493459,5,0.7142857142857143,negative
6,replication_1,6,both_fists_imagery,C4,central_12_13,7,-29.592156353128598,47.80603016002228,5,0.7142857142857143,negative
6,replication_1,10,both_fists_imagery,C4,central_12_13,7,-44.51670315290188,47.85976665017823,5,0.7142857142857143,negative
6,replication_1,14,both_fists_imagery,C4,central_12_13,8,5.739466458346994,45.080208695145174,3,0.375,positive
6,replication_1,6,both_fists_imagery,C3,central_12_13,7,-21.748710427029636,38.08506071742331,5,0.7142857142857143,negative
6,replication_1,10,both_fists_imagery,C3,central_12_13,7,-14.04500511879864,50.21403630726753,5,0.7142857142857143,negative
6,replication_1,14,both_fists_imagery,C3,central_12_13,8,-25.642471878641356,67.10782916821844,5,0.625,negative
6,replication_1,6,both_fists_imagery,C3,mu,7,-30.774598595099462,34.82416179316508,5,0.7142857142857143,negative
6,replication_1,10,both_fists_imagery,C3,mu,7,-13.205248816729595,88.83319184626987,4,0.5714285714285714,negative
6,replication_1,14,both_fists_imagery,C3,mu,8,-5.5456889262093325,65.40410709098343,4,0.5,negative
6,replication_1,6,both_fists_imagery,C4,mu,7,-29.03876822094443,12.886443490018419,7,1.0,negative
6,replication_1,10,both_fists_imagery,C4,mu,7,-49.68016097667568,28.477991243920606,6,0.8571428571428571,negative
6,replication_1,14,both_fists_imagery,C4,mu,8,18.972057016859218,33.85523151650925,2,0.25,positive
6,replication_1,6,both_fists_imagery,Cz,mu,7,-14.026995877971064,23.66425538905922,5,0.7142857142857143,negative
6,replication_1,10,both_fists_imagery,Cz,mu,7,-21.888484587074803,34.10130012037462,5,0.7142857142857143,negative
6,replication_1,14,both_fists_imagery,Cz,mu,8,17.851415773825313,38.25278196156849,2,0.25,positive
6,replication_1,6,both_fists_imagery,Cz,beta,7,-9.084678983623512,47.92518890271755,4,0.5714285714285714,negative
6,replication_1,10,both_fists_imagery,Cz,beta,7,26.806881564242055,81.34631969639477,3,0.42857142857142855,positive
6,replication_1,14,both_fists_imagery,Cz,beta,8,13.25255851723467,58.22854907967363,3,0.375,positive
6,replication_1,6,both_feet_imagery,C3,central_12_13,8,-19.307634959654322,18.324039901872148,7,0.875,negative
6,replication_1,10,both_feet_imagery,C3,central_12_13,8,3.7906652387765543,52.298555568448215,4,0.5,positive
6,replication_1,14,both_feet_imagery,C3,central_12_13,7,-21.949079542496982,40.164220843311924,5,0.7142857142857143,negative
6,replication_1,6,both_feet_imagery,C4,central_12_13,8,-17.76223222960362,76.25598785881442,5,0.625,negative
6,replication_1,10,both_feet_imagery,C4,central_12_13,8,-0.6790112237037516,35.051429768756485,4,0.5,negative
6,replication_1,14,both_feet_imagery,C4,central_12_13,7,-31.537004193566293,63.13342915209394,4,0.5714285714285714,negative
6,replication_1,6,both_feet_imagery,C3,mu,8,-14.013559508923393,40.62324513369558,5,0.625,negative
6,replication_1,10,both_feet_imagery,C3,mu,8,0.762917243396985,31.856652926642774,4,0.5,positive
6,replication_1,14,both_feet_imagery,C3,mu,7,-27.08517327967965,52.41811215214358,5,0.7142857142857143,negative
6,replication_1,6,both_feet_imagery,Cz,mu,8,7.733187537489274,25.915920343938097,3,0.375,positive
6,replication_1,10,both_feet_imagery,Cz,mu,8,-12.399033031677597,45.03093512688261,5,0.625,negative
6,replication_1,14,both_feet_imagery,Cz,mu,7,-37.40894875149714,53.38061232163444,5,0.7142857142857143,negative
6,replication_1,6,both_feet_imagery,C4,mu,8,-11.070505743242887,38.69810771801454,5,0.625,negative
6,replication_1,10,both_feet_imagery,C4,mu,8,5.212705060142833,63.79073150788621,3,0.375,positive
6,replication_1,14,both_feet_imagery,C4,mu,7,-36.02393831057347,30.205307669556603,5,0.7142857142857143,negative
6,replication_1,6,both_feet_imagery,Cz,beta,8,11.777383363525782,50.77968221924415,3,0.375,positive
6,replication_1,10,both_feet_imagery,Cz,beta,8,8.804624037481148,49.075748752385,3,0.375,positive
6,replication_1,14,both_feet_imagery,Cz,beta,7,-22.158935838364897,37.30188484957625,5,0.7142857142857143,negative
7,replication_1,6,both_fists_imagery,C4,central_12_13,7,-56.02051066499307,24.025862347893458,6,0.8571428571428571,negative
7,replication_1,10,both_fists_imagery,C4,central_12_13,8,-41.65257347092802,65.84296518835379,6,0.75,negative
7,replication_1,14,both_fists_imagery,C4,central_12_13,7,-49.9842376005536,64.58154125735726,5,0.7142857142857143,negative
7,replication_1,6,both_fists_imagery,C3,central_12_13,7,-47.22102390429989,41.303801581863496,7,1.0,negative
7,replication_1,10,both_fists_imagery,C3,central_12_13,8,-24.148653479875783,57.48561509052673,6,0.75,negative
7,replication_1,14,both_fists_imagery,C3,central_12_13,7,-51.87785532911557,35.29361835459406,7,1.0,negative
7,replication_1,6,both_fists_imagery,C3,mu,7,-42.33049333279632,55.31095606571736,5,0.7142857142857143,negative
7,replication_1,10,both_fists_imagery,C3,mu,8,5.503365414717527,51.26133992010442,4,0.5,positive
7,replication_1,14,both_fists_imagery,C3,mu,7,-37.31904983656231,65.53531392311255,4,0.5714285714285714,negative
7,replication_1,6,both_fists_imagery,C4,mu,7,-36.85115815493459,33.65534885381112,6,0.8571428571428571,negative
7,replication_1,10,both_fists_imagery,C4,mu,8,-16.678938139820346,93.294150870372,5,0.625,negative
7,replication_1,14,both_fists_imagery,C4,mu,7,2.6195790210411873,139.9869874459194,3,0.42857142857142855,positive
7,replication_1,6,both_fists_imagery,Cz,mu,7,-27.409964971512437,36.07097545646852,7,1.0,negative
7,replication_1,10,both_fists_imagery,Cz,mu,8,-0.859453157148123,41.64979861790626,5,0.625,negative
7,replication_1,14,both_fists_imagery,Cz,mu,7,-22.163606368104993,138.01488828292764,4,0.5714285714285714,negative
7,replication_1,6,both_fists_imagery,Cz,beta,7,-45.10352210835433,24.50272720386393,7,1.0,negative
7,replication_1,10,both_fists_imagery,Cz,beta,8,-30.18634385654733,25.73759311589479,7,0.875,negative
7,replication_1,14,both_fists_imagery,Cz,beta,7,-32.49368773963075,68.94498733804339,5,0.7142857142857143,negative
7,replication_1,6,both_feet_imagery,C3,central_12_13,8,29.03604491696061,89.57665914876083,3,0.375,positive
7,replication_1,10,both_feet_imagery,C3,central_12_13,7,-7.352024929359995,64.88950846551705,4,0.5714285714285714,negative
7,replication_1,14,both_feet_imagery,C3,central_12_13,8,-39.0005154045666,44.68103651962544,7,0.875,negative
7,replication_1,6,both_feet_imagery,C4,central_12_13,8,15.71548762440955,86.99989457665392,3,0.375,positive
7,replication_1,10,both_feet_imagery,C4,central_12_13,7,5.180078808292926,51.57312626766775,3,0.42857142857142855,positive
7,replication_1,14,both_feet_imagery,C4,central_12_13,8,-26.064400256075917,53.36688542471808,6,0.75,negative
7,replication_1,6,both_feet_imagery,C3,mu,8,-10.115921428523087,127.3360428209129,5,0.625,negative
7,replication_1,10,both_feet_imagery,C3,mu,7,17.512455197016777,100.60116444544035,3,0.42857142857142855,positive
7,replication_1,14,both_feet_imagery,C3,mu,8,-34.89115298327563,51.069729607379315,6,0.75,negative
7,replication_1,6,both_feet_imagery,Cz,mu,8,-21.92162161531942,42.95782672324765,6,0.75,negative
7,replication_1,10,both_feet_imagery,Cz,mu,7,-15.098963927732077,105.5399955503607,4,0.5714285714285714,negative
7,replication_1,14,both_feet_imagery,Cz,mu,8,-29.289391169998492,27.668147574535677,6,0.75,negative
7,replication_1,6,both_feet_imagery,C4,mu,8,8.878692206086168,75.40350653033748,3,0.375,positive
7,replication_1,10,both_feet_imagery,C4,mu,7,6.334104728635275,51.78560651617487,3,0.42857142857142855,positive
7,replication_1,14,both_feet_imagery,C4,mu,8,-24.94890218325344,48.40710254024978,6,0.75,negative
7,replication_1,6,both_feet_imagery,Cz,beta,8,-26.79154939733923,21.287679840522795,8,1.0,negative
7,replication_1,10,both_feet_imagery,Cz,beta,7,-8.120909554129025,24.024467948521476,5,0.7142857142857143,negative
7,replication_1,14,both_feet_imagery,Cz,beta,8,-20.042359012895957,21.94317890750699,7,0.875,negative
8,replication_1,6,both_fists_imagery,C4,central_12_13,7,-63.329420117526865,22.43683411194938,6,0.8571428571428571,negative
8,replication_1,10,both_fists_imagery,C4,central_12_13,8,-61.802075484434965,35.972175885901535,6,0.75,negative
8,replication_1,14,both_fists_imagery,C4,central_12_13,8,-59.00989881794418,15.698334038214064,8,1.0,negative
8,replication_1,6,both_fists_imagery,C3,central_12_13,7,-46.60496745702588,55.78734598603533,5,0.7142857142857143,negative
8,replication_1,10,both_fists_imagery,C3,central_12_13,8,-52.01861630003789,53.47927421013119,6,0.75,negative
8,replication_1,14,both_fists_imagery,C3,central_12_13,8,-60.33344476205248,16.62188106489551,8,1.0,negative
8,replication_1,6,both_fists_imagery,C3,mu,7,-24.265197072689244,69.24555277111932,5,0.7142857142857143,negative
8,replication_1,10,both_fists_imagery,C3,mu,8,-37.30310879354792,47.49594624775277,7,0.875,negative
8,replication_1,14,both_fists_imagery,C3,mu,8,-57.01850608857525,8.093632069077358,8,1.0,negative
8,replication_1,6,both_fists_imagery,C4,mu,7,-51.72444193016005,28.58419082287761,6,0.8571428571428571,negative
8,replication_1,10,both_fists_imagery,C4,mu,8,-47.691438322022435,37.706968480853206,6,0.75,negative
8,replication_1,14,both_fists_imagery,C4,mu,8,-56.587558533850356,20.696260408476974,8,1.0,negative
8,replication_1,6,both_fists_imagery,Cz,mu,7,9.614296995211316,46.66429375858643,3,0.42857142857142855,positive
8,replication_1,10,both_fists_imagery,Cz,mu,8,7.5513388606339245,30.746100765757546,3,0.375,positive
8,replication_1,14,both_fists_imagery,Cz,mu,8,-20.146377952054742,50.167440130026876,7,0.875,negative
8,replication_1,6,both_fists_imagery,Cz,beta,7,-9.342508860658413,22.66662549867213,5,0.7142857142857143,negative
8,replication_1,10,both_fists_imagery,Cz,beta,8,-17.02639362100939,27.226281609520406,6,0.75,negative
8,replication_1,14,both_fists_imagery,Cz,beta,8,-35.72223656659132,15.019255760882245,8,1.0,negative
8,replication_1,6,both_feet_imagery,C3,central_12_13,8,117.13742797183431,237.29369621784292,2,0.25,positive
8,replication_1,10,both_feet_imagery,C3,central_12_13,7,-1.8526358821877182,157.1041283360985,4,0.5714285714285714,negative
8,replication_1,14,both_feet_imagery,C3,central_12_13,7,84.31698940814142,192.3748541334281,0,0.0,positive
8,replication_1,6,both_feet_imagery,C4,central_12_13,8,12.772906784256227,224.36762395573172,4,0.5,positive
8,replication_1,10,both_feet_imagery,C4,central_12_13,7,67.39036426480087,124.2411188646899,3,0.42857142857142855,positive
8,replication_1,14,both_feet_imagery,C4,central_12_13,7,73.67759080011025,161.3074045427292,2,0.2857142857142857,positive
8,replication_1,6,both_feet_imagery,C3,mu,8,105.48556568071083,183.77219107379415,3,0.375,positive
8,replication_1,10,both_feet_imagery,C3,mu,7,13.782538096046487,116.65213575964668,2,0.2857142857142857,positive
8,replication_1,14,both_feet_imagery,C3,mu,7,41.51698009382116,127.60662108476586,0,0.0,positive
8,replication_1,6,both_feet_imagery,Cz,mu,8,-24.81918640625583,74.1036575438302,5,0.625,negative
8,replication_1,10,both_feet_imagery,Cz,mu,7,0.706558705937106,141.58266338740944,3,0.42857142857142855,positive
8,replication_1,14,both_feet_imagery,Cz,mu,7,111.55379812769053,213.99970058857338,3,0.42857142857142855,positive
8,replication_1,6,both_feet_imagery,C4,mu,8,9.740606511759646,157.361545464475,4,0.5,positive
8,replication_1,10,both_feet_imagery,C4,mu,7,44.486460156708276,108.80671739715945,2,0.2857142857142857,positive
8,replication_1,14,both_feet_imagery,C4,mu,7,49.66735408494675,157.9845810355552,2,0.2857142857142857,positive
8,replication_1,6,both_feet_imagery,Cz,beta,8,-3.3018125265583214,7.65116152380878,6,0.75,negative
8,replication_1,10,both_feet_imagery,Cz,beta,7,-15.985574794694884,31.291800683213076,5,0.7142857142857143,negative
8,replication_1,14,both_feet_imagery,Cz,beta,7,12.419139566323796,59.901754385462496,3,0.42857142857142855,positive
9,replication_1,6,both_fists_imagery,C4,central_12_13,8,-9.691318252183013,38.73752008055291,5,0.625,negative
9,replication_1,10,both_fists_imagery,C4,central_12_13,8,-3.8400493170448606,81.30281868562277,5,0.625,negative
9,replication_1,14,both_fists_imagery,C4,central_12_13,7,-26.451986815834797,24.152707525652243,6,0.8571428571428571,negative
9,replication_1,6,both_fists_imagery,C3,central_12_13,8,2.9861891735328143,34.867731015559116,4,0.5,positive
9,replication_1,10,both_fists_imagery,C3,central_12_13,8,19.878860507837665,74.19353933242989,4,0.5,positive
9,replication_1,14,both_fists_imagery,C3,central_12_13,7,34.494109268044014,59.19496962417,2,0.2857142857142857,positive
9,replication_1,6,both_fists_imagery,C3,mu,8,-27.15672533189983,29.493856994356406,6,0.75,negative
9,replication_1,10,both_fists_imagery,C3,mu,8,-19.674721257396435,47.34741822528921,5,0.625,negative
9,replication_1,14,both_fists_imagery,C3,mu,7,38.81187019650431,29.631400371656202,0,0.0,positive
9,replication_1,6,both_fists_imagery,C4,mu,8,14.246369292410261,45.20633990174956,3,0.375,positive
9,replication_1,10,both_fists_imagery,C4,mu,8,-12.30204142230926,31.18412930589961,7,0.875,negative
9,replication_1,14,both_fists_imagery,C4,mu,7,-17.558249262892353,18.107631851545122,6,0.8571428571428571,negative
9,replication_1,6,both_fists_imagery,Cz,mu,8,-19.448247567586648,34.60294038494163,6,0.75,negative
9,replication_1,10,both_fists_imagery,Cz,mu,8,-1.1467601967441876,51.056211346303826,4,0.5,negative
9,replication_1,14,both_fists_imagery,Cz,mu,7,0.9366271018701398,52.77613007029383,3,0.42857142857142855,positive
9,replication_1,6,both_fists_imagery,Cz,beta,8,20.598117133479583,49.6081654696542,3,0.375,positive
9,replication_1,10,both_fists_imagery,Cz,beta,8,1.0537403130502483,30.43806171582586,4,0.5,positive
9,replication_1,14,both_fists_imagery,Cz,beta,7,4.474674863373185,39.50741686472119,3,0.42857142857142855,positive
9,replication_1,6,both_feet_imagery,C3,central_12_13,7,-15.450787507543726,104.60309239283316,4,0.5714285714285714,negative
9,replication_1,10,both_feet_imagery,C3,central_12_13,7,33.92158893069025,43.13658127551179,2,0.2857142857142857,positive
9,replication_1,14,both_feet_imagery,C3,central_12_13,8,1.0158409039384761,29.705248524949596,4,0.5,positive
9,replication_1,6,both_feet_imagery,C4,central_12_13,7,7.994062133662319,42.683699758664815,3,0.42857142857142855,positive
9,replication_1,10,both_feet_imagery,C4,central_12_13,7,-16.07279678308485,47.08292101897224,5,0.7142857142857143,negative
9,replication_1,14,both_feet_imagery,C4,central_12_13,8,-10.256796811314114,26.654436712948872,5,0.625,negative
9,replication_1,6,both_feet_imagery,C3,mu,7,3.1763648253815786,58.30805600659062,3,0.42857142857142855,positive
9,replication_1,10,both_feet_imagery,C3,mu,7,-9.133815194549902,48.519666823284304,5,0.7142857142857143,negative
9,replication_1,14,both_feet_imagery,C3,mu,8,16.500453042290125,69.16903114895932,3,0.375,positive
9,replication_1,6,both_feet_imagery,Cz,mu,7,0.11101526879261019,61.29596424852937,3,0.42857142857142855,positive
9,replication_1,10,both_feet_imagery,Cz,mu,7,-25.971766235205653,53.26181051823326,5,0.7142857142857143,negative
9,replication_1,14,both_feet_imagery,Cz,mu,8,39.18970329437185,91.96341396325991,3,0.375,positive
9,replication_1,6,both_feet_imagery,C4,mu,7,-0.49583035011578214,47.46432857915899,4,0.5714285714285714,negative
9,replication_1,10,both_feet_imagery,C4,mu,7,-31.470897620629025,19.87345753457502,6,0.8571428571428571,negative
9,replication_1,14,both_feet_imagery,C4,mu,8,-0.07017460365975148,40.53088535434938,4,0.5,negative
9,replication_1,6,both_feet_imagery,Cz,beta,7,-16.201868875298924,22.485491129052324,5,0.7142857142857143,negative
9,replication_1,10,both_feet_imagery,Cz,beta,7,15.389703711004511,49.56573600357786,3,0.42857142857142855,positive
9,replication_1,14,both_feet_imagery,Cz,beta,8,8.700804394851396,32.673979927388125,3,0.375,positive
10,replication_1,6,both_fists_imagery,C4,central_12_13,7,-68.48617068241863,31.81478032632073,7,1.0,negative
10,replication_1,10,both_fists_imagery,C4,central_12_13,8,-75.16498060454126,27.830751154638044,8,1.0,negative
10,replication_1,14,both_fists_imagery,C4,central_12_13,8,-74.81169890148699,63.71374876789395,7,0.875,negative
10,replication_1,6,both_fists_imagery,C3,central_12_13,7,-68.3345105376564,11.66796184802591,7,1.0,negative
10,replication_1,10,both_fists_imagery,C3,central_12_13,8,-15.96480449794063,25.928065329688582,7,0.875,negative
10,replication_1,14,both_fists_imagery,C3,central_12_13,8,-40.05586543148391,30.485217779879434,7,0.875,negative
10,replication_1,6,both_fists_imagery,C3,mu,7,-62.875303517022935,34.0592945156772,7,1.0,negative
10,replication_1,10,both_fists_imagery,C3,mu,8,-1.9840421386443219,48.69279343827016,4,0.5,negative
10,replication_1,14,both_fists_imagery,C3,mu,8,-23.47788241832341,46.28273116514521,7,0.875,negative
10,replication_1,6,both_fists_imagery,C4,mu,7,-51.24016150160416,10.330520694174865,6,0.8571428571428571,negative
10,replication_1,10,both_fists_imagery,C4,mu,8,-43.361550152158124,43.735529899255326,7,0.875,negative
10,replication_1,14,both_fists_imagery,C4,mu,8,-57.22375810801844,79.10880843702414,6,0.75,negative
10,replication_1,6,both_fists_imagery,Cz,mu,7,-29.184356872236496,22.39034649747964,6,0.8571428571428571,negative
10,replication_1,10,both_fists_imagery,Cz,mu,8,1.9799912035529295,53.524265313277326,4,0.5,positive
10,replication_1,14,both_fists_imagery,Cz,mu,8,-7.613963079107746,169.00850485342045,4,0.5,negative
10,replication_1,6,both_fists_imagery,Cz,beta,7,-36.323172753670505,11.449932566589894,7,1.0,negative
10,replication_1,10,both_fists_imagery,Cz,beta,8,-4.458464896157327,22.994934715195996,5,0.625,negative
10,replication_1,14,both_fists_imagery,Cz,beta,8,-12.042972063132687,26.530032284779377,5,0.625,negative
10,replication_1,6,both_feet_imagery,C3,central_12_13,8,3.0156685441855196,78.49056012795461,4,0.5,positive
10,replication_1,10,both_feet_imagery,C3,central_12_13,7,99.29426786684118,145.1827834960718,2,0.2857142857142857,positive
10,replication_1,14,both_feet_imagery,C3,central_12_13,7,-27.77397835453907,57.84325012333839,4,0.5714285714285714,negative
10,replication_1,6,both_feet_imagery,C4,central_12_13,8,39.2353234975954,107.67295793376275,2,0.25,positive
10,replication_1,10,both_feet_imagery,C4,central_12_13,7,41.069119641739604,85.88143403110064,0,0.0,positive
10,replication_1,14,both_feet_imagery,C4,central_12_13,7,19.374457592335453,136.8351314435949,3,0.42857142857142855,positive
10,replication_1,6,both_feet_imagery,C3,mu,8,-17.108710825111928,41.1093126947879,5,0.625,negative
10,replication_1,10,both_feet_imagery,C3,mu,7,26.05627096610448,73.11140133325411,2,0.2857142857142857,positive
10,replication_1,14,both_feet_imagery,C3,mu,7,-23.19346806479866,57.28199051357276,4,0.5714285714285714,negative
10,replication_1,6,both_feet_imagery,Cz,mu,8,-8.329534815256467,48.55118538209862,4,0.5,negative
10,replication_1,10,both_feet_imagery,Cz,mu,7,-12.173261761151652,91.02212465315569,4,0.5714285714285714,negative
10,replication_1,14,both_feet_imagery,Cz,mu,7,-28.390225551808484,99.77921731752812,4,0.5714285714285714,negative
10,replication_1,6,both_feet_imagery,C4,mu,8,20.172195429758577,38.94423162277909,2,0.25,positive
10,replication_1,10,both_feet_imagery,C4,mu,7,31.843155877397237,78.8211540873146,3,0.42857142857142855,positive
10,replication_1,14,both_feet_imagery,C4,mu,7,-11.854506478383282,78.18716945095144,4,0.5714285714285714,negative
10,replication_1,6,both_feet_imagery,Cz,beta,8,-0.3256903077894209,20.340878581676208,4,0.5,negative
10,replication_1,10,both_feet_imagery,Cz,beta,7,-21.272782047072162,22.576914002069213,5,0.7142857142857143,negative
10,replication_1,14,both_feet_imagery,Cz,beta,7,-32.176894723817384,39.287669607551855,5,0.7142857142857143,negative
11,replication_1,6,both_fists_imagery,C4,central_12_13,8,-36.03438776163003,69.05868270428668,5,0.625,negative
11,replication_1,10,both_fists_imagery,C4,central_12_13,7,36.18038642360569,77.96321112604932,2,0.2857142857142857,positive
11,replication_1,14,both_fists_imagery,C4,central_12_13,7,-3.8807039135532815,52.95556565134909,4,0.5714285714285714,negative
11,replication_1,6,both_fists_imagery,C3,central_12_13,8,-26.44120506133242,74.09608803503346,5,0.625,negative
11,replication_1,10,both_fists_imagery,C3,central_12_13,7,-2.8112107917509106,50.95916021499606,5,0.7142857142857143,negative
11,replication_1,14,both_fists_imagery,C3,central_12_13,7,-19.830409566596696,86.26286333529856,4,0.5714285714285714,negative
11,replication_1,6,both_fists_imagery,C3,mu,8,-15.159905640322535,56.35591487250053,5,0.625,negative
11,replication_1,10,both_fists_imagery,C3,mu,7,29.91317508076075,43.11851407353457,2,0.2857142857142857,positive
11,replication_1,14,both_fists_imagery,C3,mu,7,3.8426511832028942,90.74108218598381,3,0.42857142857142855,positive
11,replication_1,6,both_fists_imagery,C4,mu,8,-27.269892356543732,20.268306677564425,8,1.0,negative
11,replication_1,10,both_fists_imagery,C4,mu,7,47.57643871549624,74.66074333672256,3,0.42857142857142855,positive
11,replication_1,14,both_fists_imagery,C4,mu,7,8.655805560689695,39.47384318383994,3,0.42857142857142855,positive
11,replication_1,6,both_fists_imagery,Cz,mu,8,10.624681179421998,56.68720082270244,3,0.375,positive
11,replication_1,10,both_fists_imagery,Cz,mu,7,-5.56295579071237,51.33008596755663,4,0.5714285714285714,negative
11,replication_1,14,both_fists_imagery,Cz,mu,7,-21.297913771408215,63.848995589159514,5,0.7142857142857143,negative
11,replication_1,6,both_fists_imagery,Cz,beta,8,-11.026348640084924,37.69009623541507,5,0.625,negative
11,replication_1,10,both_fists_imagery,Cz,beta,7,-16.070100661651576,64.01001345934316,4,0.5714285714285714,negative
11,replication_1,14,both_fists_imagery,Cz,beta,7,-8.26970491800266,31.117558511437334,5,0.7142857142857143,negative
11,replication_1,6,both_feet_imagery,C3,central_12_13,7,12.063723245714465,104.47707471528892,3,0.42857142857142855,positive
11,replication_1,10,both_feet_imagery,C3,central_12_13,8,-31.37560743787606,63.105797672489444,5,0.625,negative
11,replication_1,14,both_feet_imagery,C3,central_12_13,8,-2.697993633948194,51.98308069265836,4,0.5,negative
11,replication_1,6,both_feet_imagery,C4,central_12_13,7,-38.61723211884676,62.840089000284436,5,0.7142857142857143,negative
11,replication_1,10,both_feet_imagery,C4,central_12_13,8,-29.622392710293997,61.23260190823784,6,0.75,negative
11,replication_1,14,both_feet_imagery,C4,central_12_13,8,-3.9441577094455154,49.92075185265294,4,0.5,negative
11,replication_1,6,both_feet_imagery,C3,mu,7,0.8623443192830527,55.43619107537104,3,0.42857142857142855,positive
11,replication_1,10,both_feet_imagery,C3,mu,8,-17.240226587089413,52.10169625682424,5,0.625,negative
11,replication_1,14,both_feet_imagery,C3,mu,8,-15.215533007435912,34.88622334992586,5,0.625,negative
11,replication_1,6,both_feet_imagery,Cz,mu,7,25.2345219949618,58.43438719497959,3,0.42857142857142855,positive
11,replication_1,10,both_feet_imagery,Cz,mu,8,-29.620879713724452,57.94281267550791,6,0.75,negative
11,replication_1,14,both_feet_imagery,Cz,mu,8,-28.32323809961313,30.58810099756892,6,0.75,negative
11,replication_1,6,both_feet_imagery,C4,mu,7,-46.14385962316952,41.288892871925846,6,0.8571428571428571,negative
11,replication_1,10,both_feet_imagery,C4,mu,8,-20.294214327891815,80.61582525353136,5,0.625,negative
11,replication_1,14,both_feet_imagery,C4,mu,8,-0.9652508513494804,63.85944777824312,4,0.5,negative
11,replication_1,6,both_feet_imagery,Cz,beta,7,-5.4275849494811625,34.75456119372212,4,0.5714285714285714,negative
11,replication_1,10,both_feet_imagery,Cz,beta,8,-21.71592954557532,31.70077703464667,6,0.75,negative
11,replication_1,14,both_feet_imagery,Cz,beta,8,-2.665478835027648,26.89303364731566,5,0.625,negative
12,replication_1,6,both_fists_imagery,C4,central_12_13,7,23.04281593107893,108.94818534554548,1,0.14285714285714285,positive
12,replication_1,10,both_fists_imagery,C4,central_12_13,7,-38.52830497412076,38.65596879791963,7,1.0,negative
12,replication_1,14,both_fists_imagery,C4,central_12_13,8,-16.090005665488317,111.78616500479933,5,0.625,negative
12,replication_1,6,both_fists_imagery,C3,central_12_13,7,106.20625302994745,112.84180285975356,1,0.14285714285714285,positive
12,replication_1,10,both_fists_imagery,C3,central_12_13,7,-49.55649629046076,61.65478214544204,5,0.7142857142857143,negative
12,replication_1,14,both_fists_imagery,C3,central_12_13,8,-57.37638585112312,37.14227250271097,6,0.75,negative
12,replication_1,6,both_fists_imagery,C3,mu,7,76.93466524964244,42.679146260324536,1,0.14285714285714285,positive
12,replication_1,10,both_fists_imagery,C3,mu,7,-40.09858575024466,46.30431021038813,5,0.7142857142857143,negative
12,replication_1,14,both_fists_imagery,C3,mu,8,-44.87419610201765,46.16299951283588,6,0.75,negative
12,replication_1,6,both_fists_imagery,C4,mu,7,64.29958533500856,77.56506597026548,1,0.14285714285714285,positive
12,replication_1,10,both_fists_imagery,C4,mu,7,-14.854938556449754,22.24212629109926,5,0.7142857142857143,negative
12,replication_1,14,both_fists_imagery,C4,mu,8,-8.868864848896116,92.5147850634178,4,0.5,negative
12,replication_1,6,both_fists_imagery,Cz,mu,7,93.27327979905041,69.18354637315852,0,0.0,positive
12,replication_1,10,both_fists_imagery,Cz,mu,7,-24.00717692174733,44.42781317955203,5,0.7142857142857143,negative
12,replication_1,14,both_fists_imagery,Cz,mu,8,17.20205221907154,111.50397475809243,4,0.5,positive
12,replication_1,6,both_fists_imagery,Cz,beta,7,-2.743657602770129,38.09006567918293,4,0.5714285714285714,negative
12,replication_1,10,both_fists_imagery,Cz,beta,7,-31.125483492779097,22.29634284123167,5,0.7142857142857143,negative
12,replication_1,14,both_fists_imagery,Cz,beta,8,-10.362030010604457,29.57196891898617,6,0.75,negative
12,replication_1,6,both_feet_imagery,C3,central_12_13,8,18.922556068339073,47.69728877772862,2,0.25,positive
12,replication_1,10,both_feet_imagery,C3,central_12_13,8,17.984248069119364,118.94479905610609,3,0.375,positive
12,replication_1,14,both_feet_imagery,C3,central_12_13,7,58.59241193021144,152.07960949507088,3,0.42857142857142855,positive
12,replication_1,6,both_feet_imagery,C4,central_12_13,8,67.31123992540542,117.65618450765665,2,0.25,positive
12,replication_1,10,both_feet_imagery,C4,central_12_13,8,-2.749701895974541,65.69857959217886,4,0.5,negative
12,replication_1,14,both_feet_imagery,C4,central_12_13,7,-16.339862796036602,65.44020021390021,4,0.5714285714285714,negative
12,replication_1,6,both_feet_imagery,C3,mu,8,48.24312343583753,86.1698352662607,3,0.375,positive
12,replication_1,10,both_feet_imagery,C3,mu,8,8.495534462459615,45.280514428550596,3,0.375,positive
12,replication_1,14,both_feet_imagery,C3,mu,7,59.33928670719986,144.64131258343815,3,0.42857142857142855,positive
12,replication_1,6,both_feet_imagery,Cz,mu,8,33.85660435512615,38.43236157308972,1,0.125,positive
12,replication_1,10,both_feet_imagery,Cz,mu,8,71.14576365282822,83.76995584887997,1,0.125,positive
12,replication_1,14,both_feet_imagery,Cz,mu,7,15.964421871728165,69.09939786028227,2,0.2857142857142857,positive
12,replication_1,6,both_feet_imagery,C4,mu,8,14.103495271404634,45.02144794132291,2,0.25,positive
12,replication_1,10,both_feet_imagery,C4,mu,8,26.374146499776156,83.46135663338362,4,0.5,positive
12,replication_1,14,both_feet_imagery,C4,mu,7,19.110934866625158,34.464071928967456,2,0.2857142857142857,positive
12,replication_1,6,both_feet_imagery,Cz,beta,8,-0.5414977110822785,22.940099072171282,4,0.5,negative
12,replication_1,10,both_feet_imagery,Cz,beta,8,-8.152659116254023,45.00950383164037,5,0.625,negative
12,replication_1,14,both_feet_imagery,Cz,beta,7,-40.53934945497595,27.107845393440186,6,0.8571428571428571,negative
13,replication_1,6,both_fists_imagery,C4,central_12_13,8,-45.517966278497724,22.328434939025872,7,0.875,negative
13,replication_1,10,both_fists_imagery,C4,central_12_13,7,-36.391389888246394,36.97995428986934,7,1.0,negative
13,replication_1,14,both_fists_imagery,C4,central_12_13,7,-43.25554337774727,54.146296776775735,6,0.8571428571428571,negative
13,replication_1,6,both_fists_imagery,C3,central_12_13,8,-30.82177515038638,43.182370714389045,6,0.75,negative
13,replication_1,10,both_fists_imagery,C3,central_12_13,7,-48.159193488631466,53.73497184304024,5,0.7142857142857143,negative
13,replication_1,14,both_fists_imagery,C3,central_12_13,7,-32.43045973909885,32.81227405078424,5,0.7142857142857143,negative
13,replication_1,6,both_fists_imagery,C3,mu,8,-28.610510590174293,31.415780377292876,7,0.875,negative
13,replication_1,10,both_fists_imagery,C3,mu,7,-37.082468130434236,55.96097348351517,4,0.5714285714285714,negative
13,replication_1,14,both_fists_imagery,C3,mu,7,-31.94665245274472,30.50561190301005,6,0.8571428571428571,negative
13,replication_1,6,both_fists_imagery,C4,mu,8,-24.586429237017747,33.654225059541744,7,0.875,negative
13,replication_1,10,both_fists_imagery,C4,mu,7,-36.329885663675,52.40673610531675,6,0.8571428571428571,negative
13,replication_1,14,both_fists_imagery,C4,mu,7,-40.68075801132648,42.79552061857541,6,0.8571428571428571,negative
13,replication_1,6,both_fists_imagery,Cz,mu,8,-49.68402481454366,18.03265554360498,8,1.0,negative
13,replication_1,10,both_fists_imagery,Cz,mu,7,-14.721242495016197,50.53052050218778,5,0.7142857142857143,negative
13,replication_1,14,both_fists_imagery,Cz,mu,7,-33.153060385709445,24.865761762751205,7,1.0,negative
13,replication_1,6,both_fists_imagery,Cz,beta,8,-26.159472816500163,17.54566979171899,7,0.875,negative
13,replication_1,10,both_fists_imagery,Cz,beta,7,-27.946428787705837,50.471033004254444,4,0.5714285714285714,negative
13,replication_1,14,both_fists_imagery,Cz,beta,7,-9.116360588892757,48.199510709425645,7,1.0,negative
13,replication_1,6,both_feet_imagery,C3,central_12_13,7,-59.169002877213515,47.73393956687687,6,0.8571428571428571,negative
13,replication_1,10,both_feet_imagery,C3,central_12_13,8,-6.653185121184837,79.53311079910185,5,0.625,negative
13,replication_1,14,both_feet_imagery,C3,central_12_13,8,-2.16778140458403,138.4349167650808,4,0.5,negative
13,replication_1,6,both_feet_imagery,C4,central_12_13,7,-54.90051067522783,40.68471425007124,7,1.0,negative
13,replication_1,10,both_feet_imagery,C4,central_12_13,8,-50.17652899219182,30.481784223293587,7,0.875,negative
13,replication_1,14,both_feet_imagery,C4,central_12_13,8,-69.46934031795831,60.041762378567356,6,0.75,negative
13,replication_1,6,both_feet_imagery,C3,mu,7,-49.23294503339957,59.20847723600514,5,0.7142857142857143,negative
13,replication_1,10,both_feet_imagery,C3,mu,8,-37.28628192533725,14.25225754215343,8,1.0,negative
13,replication_1,14,both_feet_imagery,C3,mu,8,-5.50979768692844,65.51441702630895,4,0.5,negative
13,replication_1,6,both_feet_imagery,Cz,mu,7,-35.308664715780054,23.71504289828806,6,0.8571428571428571,negative
13,replication_1,10,both_feet_imagery,Cz,mu,8,-58.91367559007874,36.75864191081136,8,1.0,negative
13,replication_1,14,both_feet_imagery,Cz,mu,8,-38.27129782080107,42.49771714009335,7,0.875,negative
13,replication_1,6,both_feet_imagery,C4,mu,7,-33.86980742343284,48.22813365917451,6,0.8571428571428571,negative
13,replication_1,10,both_feet_imagery,C4,mu,8,-57.50461719805787,31.697425394874102,7,0.875,negative
13,replication_1,14,both_feet_imagery,C4,mu,8,-62.72380924960232,54.44591827757983,7,0.875,negative
13,replication_1,6,both_feet_imagery,Cz,beta,7,-21.828887669733984,15.489676208206651,6,0.8571428571428571,negative
13,replication_1,10,both_feet_imagery,Cz,beta,8,-13.668627358383144,36.45893399515087,5,0.625,negative
13,replication_1,14,both_feet_imagery,Cz,beta,8,-3.1129932457741,24.99875864355674,5,0.625,negative
14,replication_1,6,both_fists_imagery,C4,central_12_13,8,-20.755171741021496,24.442772864642585,6,0.75,negative
14,replication_1,10,both_fists_imagery,C4,central_12_13,8,-27.692229773958722,81.32217893526085,5,0.625,negative
14,replication_1,14,both_fists_imagery,C4,central_12_13,8,-45.800143990025546,44.63753241032701,8,1.0,negative
14,replication_1,6,both_fists_imagery,C3,central_12_13,8,-28.301825416908976,67.21649097207914,6,0.75,negative
14,replication_1,10,both_fists_imagery,C3,central_12_13,8,-42.950672227386704,68.24436361542048,6,0.75,negative
14,replication_1,14,both_fists_imagery,C3,central_12_13,8,-21.115506895645197,18.306730297803853,7,0.875,negative
14,replication_1,6,both_fists_imagery,C3,mu,8,-17.2846298772915,67.64880595089232,5,0.625,negative
14,replication_1,10,both_fists_imagery,C3,mu,8,-26.83559094695081,71.92822490341811,5,0.625,negative
14,replication_1,14,both_fists_imagery,C3,mu,8,-50.43607054069916,48.93869691873581,6,0.75,negative
14,replication_1,6,both_fists_imagery,C4,mu,8,-1.0307736243076622,35.20468642401991,4,0.5,negative
14,replication_1,10,both_fists_imagery,C4,mu,8,-25.05926975795882,40.26354855404077,6,0.75,negative
14,replication_1,14,both_fists_imagery,C4,mu,8,-16.253038564404786,71.88909004295155,4,0.5,negative
14,replication_1,6,both_fists_imagery,Cz,mu,8,-21.205531289306514,47.4460111593838,6,0.75,negative
14,replication_1,10,both_fists_imagery,Cz,mu,8,-22.268888279490778,59.07331114318537,6,0.75,negative
14,replication_1,14,both_fists_imagery,Cz,mu,8,-39.70414390086431,41.54988131043167,6,0.75,negative
14,replication_1,6,both_fists_imagery,Cz,beta,8,13.038322366087613,28.28468555670598,3,0.375,positive
14,replication_1,10,both_fists_imagery,Cz,beta,8,-32.814995264737504,49.52360770050157,5,0.625,negative
14,replication_1,14,both_fists_imagery,Cz,beta,8,-37.99242567914351,30.499853076550302,7,0.875,negative
14,replication_1,6,both_feet_imagery,C3,central_12_13,7,-84.01992427704644,13.322680243451217,7,1.0,negative
14,replication_1,10,both_feet_imagery,C3,central_12_13,7,-57.89157997249627,38.45009246173171,6,0.8571428571428571,negative
14,replication_1,14,both_feet_imagery,C3,central_12_13,7,-55.5517430014363,129.7898505812017,4,0.5714285714285714,negative
14,replication_1,6,both_feet_imagery,C4,central_12_13,7,-57.61164065608543,63.278042543996904,5,0.7142857142857143,negative
14,replication_1,10,both_feet_imagery,C4,central_12_13,7,2.17644397343895,71.48525727033605,3,0.42857142857142855,positive
14,replication_1,14,both_feet_imagery,C4,central_12_13,7,-28.980636177651586,68.2344610137287,4,0.5714285714285714,negative
14,replication_1,6,both_feet_imagery,C3,mu,7,-74.52930484685785,25.025439430743255,7,1.0,negative
14,replication_1,10,both_feet_imagery,C3,mu,7,-57.05475968932004,50.97716243758893,5,0.7142857142857143,negative
14,replication_1,14,both_feet_imagery,C3,mu,7,-58.37638180977986,99.63453451417105,4,0.5714285714285714,negative
14,replication_1,6,both_feet_imagery,Cz,mu,7,-60.00855760912302,16.286211474582444,6,0.8571428571428571,negative
14,replication_1,10,both_feet_imagery,Cz,mu,7,-18.619285953760805,68.12024617761855,4,0.5714285714285714,negative
14,replication_1,14,both_feet_imagery,Cz,mu,7,-44.41143405133511,31.976374222580866,6,0.8571428571428571,negative
14,replication_1,6,both_feet_imagery,C4,mu,7,-55.30662881775319,38.02110100107763,6,0.8571428571428571,negative
14,replication_1,10,both_feet_imagery,C4,mu,7,-6.3143533321580945,41.82072416653266,5,0.7142857142857143,negative
14,replication_1,14,both_feet_imagery,C4,mu,7,-36.6842316129814,40.33962109413448,6,0.8571428571428571,negative
14,replication_1,6,both_feet_imagery,Cz,beta,7,-34.56604446774481,30.757161556435875,6,0.8571428571428571,negative
14,replication_1,10,both_feet_imagery,Cz,beta,7,-27.822698927529277,43.70607305988976,5,0.7142857142857143,negative
14,replication_1,14,both_feet_imagery,Cz,beta,7,-40.29897356381486,30.629087625069868,6,0.8571428571428571,negative
15,replication_1,6,both_fists_imagery,C4,central_12_13,8,-55.6029060592391,15.396198278699174,7,0.875,negative
15,replication_1,10,both_fists_imagery,C4,central_12_13,7,-48.59939526239219,34.93772012525821,7,1.0,negative
15,replication_1,14,both_fists_imagery,C4,central_12_13,7,-47.447843593618636,16.649350520124244,7,1.0,negative
15,replication_1,6,both_fists_imagery,C3,central_12_13,8,-45.60173634602473,38.47038877482488,7,0.875,negative
15,replication_1,10,both_fists_imagery,C3,central_12_13,7,-47.01334621448136,35.33222367167485,7,1.0,negative
15,replication_1,14,both_fists_imagery,C3,central_12_13,7,-50.35856193351533,33.25958360662902,6,0.8571428571428571,negative
15,replication_1,6,both_fists_imagery,C3,mu,8,-21.578970683961206,38.054757241587964,6,0.75,negative
15,replication_1,10,both_fists_imagery,C3,mu,7,-28.85082999434799,41.7170743623641,7,1.0,negative
15,replication_1,14,both_fists_imagery,C3,mu,7,-1.8153606856666276,54.290252269429295,4,0.5714285714285714,negative
15,replication_1,6,both_fists_imagery,C4,mu,8,-45.84515766772833,37.94043092028214,7,0.875,negative
15,replication_1,10,both_fists_imagery,C4,mu,7,-37.42443043159972,28.089600898821757,7,1.0,negative
15,replication_1,14,both_fists_imagery,C4,mu,7,-57.26186089045471,8.65717705885077,6,0.8571428571428571,negative
15,replication_1,6,both_fists_imagery,Cz,mu,8,10.55914680103543,78.27783071655128,3,0.375,positive
15,replication_1,10,both_fists_imagery,Cz,mu,7,-16.721120484702542,58.96665000208065,4,0.5714285714285714,negative
15,replication_1,14,both_fists_imagery,Cz,mu,7,8.528438057936219,40.278557688788865,2,0.2857142857142857,positive
15,replication_1,6,both_fists_imagery,Cz,beta,8,-21.60381036388752,27.845057839003353,7,0.875,negative
15,replication_1,10,both_fists_imagery,Cz,beta,7,-20.006386622914242,14.98174810999133,5,0.7142857142857143,negative
15,replication_1,14,both_fists_imagery,Cz,beta,7,9.056570723559167,43.18088699183252,3,0.42857142857142855,positive
15,replication_1,6,both_feet_imagery,C3,central_12_13,7,-21.368354616051974,15.360961538293125,6,0.8571428571428571,negative
15,replication_1,10,both_feet_imagery,C3,central_12_13,8,-31.734437570959756,35.49977207761074,6,0.75,negative
15,replication_1,14,both_feet_imagery,C3,central_12_13,8,-11.961740481349313,76.40059861466833,4,0.5,negative
15,replication_1,6,both_feet_imagery,C4,central_12_13,7,-29.87008257648875,24.087350643434874,6,0.8571428571428571,negative
15,replication_1,10,both_feet_imagery,C4,central_12_13,8,-36.763564234327305,53.64540630938343,7,0.875,negative
15,replication_1,14,both_feet_imagery,C4,central_12_13,8,-34.0133139043005,27.729328134356553,6,0.75,negative
15,replication_1,6,both_feet_imagery,C3,mu,7,-7.318593774885041,47.874610276475515,4,0.5714285714285714,negative
15,replication_1,10,both_feet_imagery,C3,mu,8,-41.15069461727067,23.10873917937676,7,0.875,negative
15,replication_1,14,both_feet_imagery,C3,mu,8,-7.94211301374391,63.948994344942484,4,0.5,negative
15,replication_1,6,both_feet_imagery,Cz,mu,7,-2.205678081970732,67.73407600836263,5,0.7142857142857143,negative
15,replication_1,10,both_feet_imagery,Cz,mu,8,-11.902332835905836,51.92027626617185,4,0.5,negative
15,replication_1,14,both_feet_imagery,Cz,mu,8,-30.085441436357122,23.728929232321263,7,0.875,negative
15,replication_1,6,both_feet_imagery,C4,mu,7,-43.29343754058664,30.42295957322588,7,1.0,negative
15,replication_1,10,both_feet_imagery,C4,mu,8,-20.920070037832186,79.13205721929828,5,0.625,negative
15,replication_1,14,both_feet_imagery,C4,mu,8,-26.045500180977196,37.794512869744665,6,0.75,negative
15,replication_1,6,both_feet_imagery,Cz,beta,7,-28.45482916530873,26.98205002706064,5,0.7142857142857143,negative
15,replication_1,10,both_feet_imagery,Cz,beta,8,-31.863605844737002,24.294468411759812,7,0.875,negative
15,replication_1,14,both_feet_imagery,Cz,beta,8,-30.502463207646954,22.000592977974698,8,1.0,negative
16,replication_1,6,both_fists_imagery,C4,central_12_13,8,-26.293086191336336,67.66794480910085,6,0.75,negative
16,replication_1,10,both_fists_imagery,C4,central_12_13,8,-53.4391251394195,28.626250865378438,7,0.875,negative
16,replication_1,14,both_fists_imagery,C4,central_12_13,8,-27.318520909702933,46.94673816377233,6,0.75,negative
16,replication_1,6,both_fists_imagery,C3,central_12_13,8,-10.5905362732348,95.37289932424815,4,0.5,negative
16,replication_1,10,both_fists_imagery,C3,central_12_13,8,-14.676535354458007,53.62957208631354,5,0.625,negative
16,replication_1,14,both_fists_imagery,C3,central_12_13,8,-57.276432923314815,24.722233292109507,7,0.875,negative
16,replication_1,6,both_fists_imagery,C3,mu,8,2.120889344173329,70.33068688609785,4,0.5,positive
16,replication_1,10,both_fists_imagery,C3,mu,8,-17.919128791654906,31.485408146249217,6,0.75,negative
16,replication_1,14,both_fists_imagery,C3,mu,8,-48.89841382451791,63.3061992975276,7,0.875,negative
16,replication_1,6,both_fists_imagery,C4,mu,8,-28.452213104312094,38.84721088302277,6,0.75,negative
16,replication_1,10,both_fists_imagery,C4,mu,8,-39.81853497588526,15.183974976945812,8,1.0,negative
16,replication_1,14,both_fists_imagery,C4,mu,8,-26.72608114001777,35.55311101629662,6,0.75,negative
16,replication_1,6,both_fists_imagery,Cz,mu,8,-17.57863218969461,46.78841811864527,5,0.625,negative
16,replication_1,10,both_fists_imagery,Cz,mu,8,-32.21734648805323,32.56629160879943,8,1.0,negative
16,replication_1,14,both_fists_imagery,Cz,mu,8,-35.12370123968327,25.78447782314238,7,0.875,negative
16,replication_1,6,both_fists_imagery,Cz,beta,8,-26.579035190998994,27.07448324723418,8,1.0,negative
16,replication_1,10,both_fists_imagery,Cz,beta,8,-32.18797615528841,23.519172065462854,6,0.75,negative
16,replication_1,14,both_fists_imagery,Cz,beta,8,-47.12235061002759,44.0716192576639,8,1.0,negative
16,replication_1,6,both_feet_imagery,C3,central_12_13,7,-55.42563382959224,16.078489219946192,7,1.0,negative
16,replication_1,10,both_feet_imagery,C3,central_12_13,7,-33.35436001217816,95.53471389023409,5,0.7142857142857143,negative
16,replication_1,14,both_feet_imagery,C3,central_12_13,7,-23.140555470829096,98.68899828118833,4,0.5714285714285714,negative
16,replication_1,6,both_feet_imagery,C4,central_12_13,7,-36.73540567008172,27.9606341774195,7,1.0,negative
16,replication_1,10,both_feet_imagery,C4,central_12_13,7,-40.536041064457606,34.29329134266179,6,0.8571428571428571,negative
16,replication_1,14,both_feet_imagery,C4,central_12_13,7,-35.06884641235566,87.75195525648483,5,0.7142857142857143,negative
16,replication_1,6,both_feet_imagery,C3,mu,7,-52.91890747607974,31.243787283669672,7,1.0,negative
16,replication_1,10,both_feet_imagery,C3,mu,7,-32.980578439191994,20.40394812014236,6,0.8571428571428571,negative
16,replication_1,14,both_feet_imagery,C3,mu,7,-34.30552039733864,46.36546330333054,5,0.7142857142857143,negative
16,replication_1,6,both_feet_imagery,Cz,mu,7,-42.671263961174844,68.630774761987,5,0.7142857142857143,negative
16,replication_1,10,both_feet_imagery,Cz,mu,7,-22.167484949272573,54.05550141841342,5,0.7142857142857143,negative
16,replication_1,14,both_feet_imagery,Cz,mu,7,-28.274814996309118,48.04453578760141,5,0.7142857142857143,negative
16,replication_1,6,both_feet_imagery,C4,mu,7,-50.96608139004332,40.53573135641733,5,0.7142857142857143,negative
16,replication_1,10,both_feet_imagery,C4,mu,7,-39.95574693969641,56.794326057224076,4,0.5714285714285714,negative
16,replication_1,14,both_feet_imagery,C4,mu,7,-12.11499540897185,83.8467614676324,4,0.5714285714285714,negative
16,replication_1,6,both_feet_imagery,Cz,beta,7,-26.256672075589638,29.25898647681542,5,0.7142857142857143,negative
16,replication_1,10,both_feet_imagery,Cz,beta,7,-40.04827828865538,30.276807712776773,6,0.8571428571428571,negative
16,replication_1,14,both_feet_imagery,Cz,beta,7,-32.51411597800077,5.116705818243645,7,1.0,negative
17,replication_1,6,both_fists_imagery,C4,central_12_13,8,-33.16067313572925,46.18708086239383,6,0.75,negative
17,replication_1,10,both_fists_imagery,C4,central_12_13,8,-6.714515912035799,45.68642898747122,6,0.75,negative
17,replication_1,14,both_fists_imagery,C4,central_12_13,8,-50.32437857173558,34.69512990893048,8,1.0,negative
17,replication_1,6,both_fists_imagery,C3,central_12_13,8,-9.756637358921852,50.05365128128199,4,0.5,negative
17,replication_1,10,both_fists_imagery,C3,central_12_13,8,-25.6385474910688,10.986939118174377,7,0.875,negative
17,replication_1,14,both_fists_imagery,C3,central_12_13,8,-25.05476020414929,70.52475610867587,5,0.625,negative
17,replication_1,6,both_fists_imagery,C3,mu,8,-22.33998767897765,64.1775905342896,5,0.625,negative
17,replication_1,10,both_fists_imagery,C3,mu,8,-17.91493880720865,26.40272598656619,7,0.875,negative
17,replication_1,14,both_fists_imagery,C3,mu,8,-17.419254444220517,51.301395693327294,6,0.75,negative
17,replication_1,6,both_fists_imagery,C4,mu,8,-4.082205209192683,68.76752071404536,5,0.625,negative
17,replication_1,10,both_fists_imagery,C4,mu,8,-12.727098716885859,64.6094127777352,5,0.625,negative
17,replication_1,14,both_fists_imagery,C4,mu,8,-35.41849829769418,28.798348921267635,8,1.0,negative
17,replication_1,6,both_fists_imagery,Cz,mu,8,-9.826564589132591,237.76136945186678,5,0.625,negative
17,replication_1,10,both_fists_imagery,Cz,mu,8,55.34793574159745,91.30123431312614,2,0.25,positive
17,replication_1,14,both_fists_imagery,Cz,mu,8,-17.570651089696284,23.912333476434256,7,0.875,negative
17,replication_1,6,both_fists_imagery,Cz,beta,8,12.679264628830419,65.23862072495508,3,0.375,positive
17,replication_1,10,both_fists_imagery,Cz,beta,8,-4.525227319132989,11.793280362319377,6,0.75,negative
17,replication_1,14,both_fists_imagery,Cz,beta,8,-19.19594829279284,33.66982264243532,7,0.875,negative
17,replication_1,6,both_feet_imagery,C3,central_12_13,7,-23.739717000533062,31.29304265235306,5,0.7142857142857143,negative
17,replication_1,10,both_feet_imagery,C3,central_12_13,7,18.48906577433275,69.17050213184237,3,0.42857142857142855,positive
17,replication_1,14,both_feet_imagery,C3,central_12_13,7,6.422830403864411,42.775724385424795,3,0.42857142857142855,positive
17,replication_1,6,both_feet_imagery,C4,central_12_13,7,-29.069579036272124,63.948090961112655,4,0.5714285714285714,negative
17,replication_1,10,both_feet_imagery,C4,central_12_13,7,11.475906431114197,84.63906556663326,3,0.42857142857142855,positive
17,replication_1,14,both_feet_imagery,C4,central_12_13,7,-14.451347497413948,23.77820291725525,5,0.7142857142857143,negative
17,replication_1,6,both_feet_imagery,C3,mu,7,-15.830999061915394,27.387700152998715,5,0.7142857142857143,negative
17,replication_1,10,both_feet_imagery,C3,mu,7,-2.9235456578253207,39.64021362371926,4,0.5714285714285714,negative
17,replication_1,14,both_feet_imagery,C3,mu,7,-8.787577114238742,39.77036061805551,4,0.5714285714285714,negative
17,replication_1,6,both_feet_imagery,Cz,mu,7,17.234414249035087,120.28885502004974,3,0.42857142857142855,positive
17,replication_1,10,both_feet_imagery,Cz,mu,7,32.48318083016305,73.38454889762696,2,0.2857142857142857,positive
17,replication_1,14,both_feet_imagery,Cz,mu,7,37.30050646438964,97.9312613793108,3,0.42857142857142855,positive
17,replication_1,6,both_feet_imagery,C4,mu,7,-23.59304698687906,68.73055177739543,4,0.5714285714285714,negative
17,replication_1,10,both_feet_imagery,C4,mu,7,10.593693791728578,101.34555457630113,3,0.42857142857142855,positive
17,replication_1,14,both_feet_imagery,C4,mu,7,-8.271904329631035,32.75951574693823,6,0.8571428571428571,negative
17,replication_1,6,both_feet_imagery,Cz,beta,7,-37.991545819574135,43.58212471276163,5,0.7142857142857143,negative
17,replication_1,10,both_feet_imagery,Cz,beta,7,-5.022559360285662,32.158656544822854,6,0.8571428571428571,negative
17,replication_1,14,both_feet_imagery,Cz,beta,7,-26.65540488941011,22.979768242063525,6,0.8571428571428571,negative
18,replication_1,6,both_fists_imagery,C4,central_12_13,7,41.47583741435645,147.99402069717218,2,0.2857142857142857,positive
18,replication_1,10,both_fists_imagery,C4,central_12_13,7,1.7839696774352738,67.79831293436546,3,0.42857142857142855,positive
18,replication_1,14,both_fists_imagery,C4,central_12_13,8,19.656712853115476,89.15767099921143,3,0.375,positive
18,replication_1,6,both_fists_imagery,C3,central_12_13,7,26.7729415713065,94.0649298992019,3,0.42857142857142855,positive
18,replication_1,10,both_fists_imagery,C3,central_12_13,7,60.0516980662569,202.0978074565038,1,0.14285714285714285,positive
18,replication_1,14,both_fists_imagery,C3,central_12_13,8,9.096185163632706,72.7527186325963,4,0.5,positive
18,replication_1,6,both_fists_imagery,C3,mu,7,3.04215293419544,91.16626866301436,3,0.42857142857142855,positive
18,replication_1,10,both_fists_imagery,C3,mu,7,22.069931791395724,117.98481101331285,3,0.42857142857142855,positive
18,replication_1,14,both_fists_imagery,C3,mu,8,-16.837611740051695,38.08052889846469,6,0.75,negative
18,replication_1,6,both_fists_imagery,C4,mu,7,-11.523006778923548,101.10305218946473,4,0.5714285714285714,negative
18,replication_1,10,both_fists_imagery,C4,mu,7,-12.358478116271769,78.28140231489394,4,0.5714285714285714,negative
18,replication_1,14,both_fists_imagery,C4,mu,8,-7.101191251480452,76.51614852752606,4,0.5,negative
18,replication_1,6,both_fists_imagery,Cz,mu,7,-16.870153903175392,62.126150529549086,5,0.7142857142857143,negative
18,replication_1,10,both_fists_imagery,Cz,mu,7,17.56166295481477,43.15456398749975,2,0.2857142857142857,positive
18,replication_1,14,both_fists_imagery,Cz,mu,8,4.024440286033359,57.54071446777699,4,0.5,positive
18,replication_1,6,both_fists_imagery,Cz,beta,7,7.691302142006658,83.42074550474406,3,0.42857142857142855,positive
18,replication_1,10,both_fists_imagery,Cz,beta,7,94.52066719522031,104.70393514114556,0,0.0,positive
18,replication_1,14,both_fists_imagery,Cz,beta,8,48.82470545652174,40.407388580185994,1,0.125,positive
18,replication_1,6,both_feet_imagery,C3,central_12_13,8,22.59905768982014,141.06656880687586,3,0.375,positive
18,replication_1,10,both_feet_imagery,C3,central_12_13,8,-8.743948105528977,47.99915834281957,5,0.625,negative
18,replication_1,14,both_feet_imagery,C3,central_12_13,7,11.985596587392639,171.9749765115138,3,0.42857142857142855,positive
18,replication_1,6,both_feet_imagery,C4,central_12_13,8,6.791455374789242,50.92056292375411,3,0.375,positive
18,replication_1,10,both_feet_imagery,C4,central_12_13,8,18.874424844173063,81.67643291816717,4,0.5,positive
18,replication_1,14,both_feet_imagery,C4,central_12_13,7,-26.104973229079175,52.21183307932645,5,0.7142857142857143,negative
18,replication_1,6,both_feet_imagery,C3,mu,8,-14.37956974834304,34.450901358120134,5,0.625,negative
18,replication_1,10,both_feet_imagery,C3,mu,8,-4.31490249685813,71.90329651042258,4,0.5,negative
18,replication_1,14,both_feet_imagery,C3,mu,7,32.87120875248856,85.96869148406174,3,0.42857142857142855,positive
18,replication_1,6,both_feet_imagery,Cz,mu,8,-29.618580882621334,35.70533119202346,6,0.75,negative
18,replication_1,10,both_feet_imagery,Cz,mu,8,-2.926040851491928,60.882912733156864,4,0.5,negative
18,replication_1,14,both_feet_imagery,Cz,mu,7,-21.296656992942935,38.76123724692324,5,0.7142857142857143,negative
18,replication_1,6,both_feet_imagery,C4,mu,8,-13.705260547226976,47.458408114305634,5,0.625,negative
18,replication_1,10,both_feet_imagery,C4,mu,8,-14.474747632767954,77.88785172415749,5,0.625,negative
18,replication_1,14,both_feet_imagery,C4,mu,7,1.0152624996267305,22.434620182260694,3,0.42857142857142855,positive
18,replication_1,6,both_feet_imagery,Cz,beta,8,30.870258845471316,32.51763112658458,2,0.25,positive
18,replication_1,10,both_feet_imagery,Cz,beta,8,35.193663589358444,46.77470102676947,1,0.125,positive
18,replication_1,14,both_feet_imagery,Cz,beta,7,66.37119375600896,81.23710140641923,2,0.2857142857142857,positive
19,replication_1,6,both_fists_imagery,C4,central_12_13,7,-42.85667164580559,38.41932952464077,5,0.7142857142857143,negative
19,replication_1,10,both_fists_imagery,C4,central_12_13,7,-52.846917797545366,27.188223386050655,6,0.8571428571428571,negative
19,replication_1,14,both_fists_imagery,C4,central_12_13,8,-10.433706973170144,83.75840756188128,5,0.625,negative
19,replication_1,6,both_fists_imagery,C3,central_12_13,7,7.078682478054818,45.336459317418196,3,0.42857142857142855,positive
19,replication_1,10,both_fists_imagery,C3,central_12_13,7,-25.272065272241235,115.62354763419168,4,0.5714285714285714,negative
19,replication_1,14,both_fists_imagery,C3,central_12_13,8,-30.045849206113864,81.78978950404343,5,0.625,negative
19,replication_1,6,both_fists_imagery,C3,mu,7,-14.339566921993502,56.88193366873945,5,0.7142857142857143,negative
19,replication_1,10,both_fists_imagery,C3,mu,7,-7.8554257559596055,35.19767679544094,4,0.5714285714285714,negative
19,replication_1,14,both_fists_imagery,C3,mu,8,-47.72895203101878,19.369263379914173,7,0.875,negative
19,replication_1,6,both_fists_imagery,C4,mu,7,-34.034948839398844,50.70760848782243,5,0.7142857142857143,negative
19,replication_1,10,both_fists_imagery,C4,mu,7,-44.435840760285416,35.301546123066565,6,0.8571428571428571,negative
19,replication_1,14,both_fists_imagery,C4,mu,8,-16.67265561301783,52.8606282178084,6,0.75,negative
19,replication_1,6,both_fists_imagery,Cz,mu,7,-31.598718065488995,45.147610283252114,4,0.5714285714285714,negative
19,replication_1,10,both_fists_imagery,Cz,mu,7,-11.69783003626528,34.674242134256815,5,0.7142857142857143,negative
19,replication_1,14,both_fists_imagery,Cz,mu,8,-33.47560313371746,37.43485852204519,7,0.875,negative
19,replication_1,6,both_fists_imagery,Cz,beta,7,-29.504492518048906,42.14019166668246,5,0.7142857142857143,negative
19,replication_1,10,both_fists_imagery,Cz,beta,7,-43.42627232336686,75.17930362079068,5,0.7142857142857143,negative
19,replication_1,14,both_fists_imagery,Cz,beta,8,-16.932738960589578,86.81962098828265,5,0.625,negative
19,replication_1,6,both_feet_imagery,C3,central_12_13,8,5.20848365789724,30.834812793138795,4,0.5,positive
19,replication_1,10,both_feet_imagery,C3,central_12_13,8,-22.387213240024437,116.32019714460587,5,0.625,negative
19,replication_1,14,both_feet_imagery,C3,central_12_13,7,-8.478563000593493,149.0131474343744,4,0.5714285714285714,negative
19,replication_1,6,both_feet_imagery,C4,central_12_13,8,-8.641693782895654,51.386199072125955,5,0.625,negative
19,replication_1,10,both_feet_imagery,C4,central_12_13,8,-2.4150714031609066,134.16469799260523,4,0.5,negative
19,replication_1,14,both_feet_imagery,C4,central_12_13,7,-15.451455891092895,159.74104361926936,4,0.5714285714285714,negative
19,replication_1,6,both_feet_imagery,C3,mu,8,-5.089510252173074,19.22432715711834,5,0.625,negative
19,replication_1,10,both_feet_imagery,C3,mu,8,-26.41428251507514,51.4071953886118,6,0.75,negative
19,replication_1,14,both_feet_imagery,C3,mu,7,-35.6282936133723,150.8579251513524,4,0.5714285714285714,negative
19,replication_1,6,both_feet_imagery,Cz,mu,8,33.17583194462543,44.83572553091956,2,0.25,positive
19,replication_1,10,both_feet_imagery,Cz,mu,8,-10.92945821661735,30.26251047590362,6,0.75,negative
19,replication_1,14,both_feet_imagery,Cz,mu,7,-26.63488285656299,24.820454163677667,6,0.8571428571428571,negative
19,replication_1,6,both_feet_imagery,C4,mu,8,-8.689189315733206,45.0645089525855,5,0.625,negative
19,replication_1,10,both_feet_imagery,C4,mu,8,-24.369526328901358,49.19127695541029,5,0.625,negative
19,replication_1,14,both_feet_imagery,C4,mu,7,-19.59694057769003,152.52653137487363,4,0.5714285714285714,negative
19,replication_1,6,both_feet_imagery,Cz,beta,8,5.589640634576466,65.77073760275545,4,0.5,positive
19,replication_1,10,both_feet_imagery,Cz,beta,8,-46.44555719288186,25.56161568213728,8,1.0,negative
19,replication_1,14,both_feet_imagery,Cz,beta,7,-25.53021931541068,45.835892642366204,5,0.7142857142857143,negative
20,replication_1,6,both_fists_imagery,C4,central_12_13,8,-44.06260896843387,29.977164316154955,7,0.875,negative
20,replication_1,10,both_fists_imagery,C4,central_12_13,7,-5.1889640936918795,43.977660984283055,5,0.7142857142857143,negative
20,replication_1,14,both_fists_imagery,C4,central_12_13,8,-31.44607283314764,22.91015877128644,7,0.875,negative
20,replication_1,6,both_fists_imagery,C3,central_12_13,8,-30.018277360840415,27.35182497321177,6,0.75,negative
20,replication_1,10,both_fists_imagery,C3,central_12_13,7,-21.496058548070096,52.40361979031238,4,0.5714285714285714,negative
20,replication_1,14,both_fists_imagery,C3,central_12_13,8,-33.374803627507205,34.31556713181171,7,0.875,negative
20,replication_1,6,both_fists_imagery,C3,mu,8,-36.94053209823561,29.060153116324145,7,0.875,negative
20,replication_1,10,both_fists_imagery,C3,mu,7,-30.339814937865196,32.84120106995529,6,0.8571428571428571,negative
20,replication_1,14,both_fists_imagery,C3,mu,8,-22.464607350831475,50.06986917846574,7,0.875,negative
20,replication_1,6,both_fists_imagery,C4,mu,8,-45.95234168814078,26.240279708851716,7,0.875,negative
20,replication_1,10,both_fists_imagery,C4,mu,7,-9.030466870446176,61.443004244471354,5,0.7142857142857143,negative
20,replication_1,14,both_fists_imagery,C4,mu,8,-40.76615080952044,24.575039298550866,7,0.875,negative
20,replication_1,6,both_fists_imagery,Cz,mu,8,-16.032355253896625,53.57958049025299,5,0.625,negative
20,replication_1,10,both_fists_imagery,Cz,mu,7,-29.143270046474555,31.29495486691627,5,0.7142857142857143,negative
20,replication_1,14,both_fists_imagery,Cz,mu,8,-9.6588760199907,60.93975196003471,5,0.625,negative
20,replication_1,6,both_fists_imagery,Cz,beta,8,-57.522288253515725,22.60181708289008,8,1.0,negative
20,replication_1,10,both_fists_imagery,Cz,beta,7,-28.645482490091812,44.95490674904613,6,0.8571428571428571,negative
20,replication_1,14,both_fists_imagery,Cz,beta,8,12.307707581056537,73.4918763164251,3,0.375,positive
20,replication_1,6,both_feet_imagery,C3,central_12_13,7,17.882891434238196,62.19160881884271,3,0.42857142857142855,positive
20,replication_1,10,both_feet_imagery,C3,central_12_13,8,21.306933562395116,75.27475708135734,3,0.375,positive
20,replication_1,14,both_feet_imagery,C3,central_12_13,7,-32.16692014462221,31.188739372779622,6,0.8571428571428571,negative
20,replication_1,6,both_feet_imagery,C4,central_12_13,7,-40.5316719374383,17.563381335779837,6,0.8571428571428571,negative
20,replication_1,10,both_feet_imagery,C4,central_12_13,8,-40.71213913721263,58.386144141089474,6,0.75,negative
20,replication_1,14,both_feet_imagery,C4,central_12_13,7,-35.29874658642588,16.65767816618208,6,0.8571428571428571,negative
20,replication_1,6,both_feet_imagery,C3,mu,7,4.440723776591691,37.842993327001835,3,0.42857142857142855,positive
20,replication_1,10,both_feet_imagery,C3,mu,8,17.648273787516693,45.89061014190729,3,0.375,positive
20,replication_1,14,both_feet_imagery,C3,mu,7,-13.82670313605064,36.52031861452456,6,0.8571428571428571,negative
20,replication_1,6,both_feet_imagery,Cz,mu,7,-19.10451216093802,7.575410970841073,6,0.8571428571428571,negative
20,replication_1,10,both_feet_imagery,Cz,mu,8,-0.5119994183964947,93.67785333369422,4,0.5,negative
20,replication_1,14,both_feet_imagery,Cz,mu,7,-4.704041155213994,35.724246826247196,5,0.7142857142857143,negative
20,replication_1,6,both_feet_imagery,C4,mu,7,-29.349418106445338,30.18524804157957,7,1.0,negative
20,replication_1,10,both_feet_imagery,C4,mu,8,-39.354112798086305,49.14744134356577,6,0.75,negative
20,replication_1,14,both_feet_imagery,C4,mu,7,-41.08163040953337,13.569697069535003,7,1.0,negative
20,replication_1,6,both_feet_imagery,Cz,beta,7,-40.4777394041798,33.067533339601724,6,0.8571428571428571,negative
20,replication_1,10,both_feet_imagery,Cz,beta,8,-26.271824983412795,39.548096901214485,7,0.875,negative
20,replication_1,14,both_feet_imagery,Cz,beta,7,-51.891777009251,40.04206776468547,7,1.0,negative
21,replication_2,6,both_fists_imagery,C4,central_12_13,8,-57.58870666362772,31.667049544685216,7,0.875,negative
21,replication_2,10,both_fists_imagery,C4,central_12_13,8,-11.4964159537261,73.4121089484734,5,0.625,negative
21,replication_2,14,both_fists_imagery,C4,central_12_13,8,5.273918579158291,89.64600886497135,4,0.5,positive
21,replication_2,6,both_fists_imagery,C3,central_12_13,8,-15.21950317833304,93.29749938427108,5,0.625,negative
21,replication_2,10,both_fists_imagery,C3,central_12_13,8,-12.92355805756922,91.5184023589917,4,0.5,negative
21,replication_2,14,both_fists_imagery,C3,central_12_13,8,-4.88811685140222,58.41374129230722,4,0.5,negative
21,replication_2,6,both_fists_imagery,C3,mu,8,2.5186975489847914,104.1332628957517,4,0.5,positive
21,replication_2,10,both_fists_imagery,C3,mu,8,-11.785650371482548,63.332909656626015,5,0.625,negative
21,replication_2,14,both_fists_imagery,C3,mu,8,42.60694937283765,139.64251181185688,3,0.375,positive
21,replication_2,6,both_fists_imagery,C4,mu,8,-25.29272096295659,33.95016749748565,7,0.875,negative
21,replication_2,10,both_fists_imagery,C4,mu,8,4.521934528593899,33.429906568670575,3,0.375,positive
21,replication_2,14,both_fists_imagery,C4,mu,8,-2.359962541756925,117.09232041540666,4,0.5,negative
21,replication_2,6,both_fists_imagery,Cz,mu,8,-5.380002754457374,91.65602777296107,5,0.625,negative
21,replication_2,10,both_fists_imagery,Cz,mu,8,-18.463602282336154,18.261613893320135,7,0.875,negative
21,replication_2,14,both_fists_imagery,Cz,mu,8,6.978860988229235,63.28946618722979,3,0.375,positive
21,replication_2,6,both_fists_imagery,Cz,beta,8,-3.672990260934091,45.18292805508101,4,0.5,negative
21,replication_2,10,both_fists_imagery,Cz,beta,8,-9.226609456409756,59.37778633135031,5,0.625,negative
21,replication_2,14,both_fists_imagery,Cz,beta,8,-2.5764910377264316,90.5205851350182,4,0.5,negative
21,replication_2,6,both_feet_imagery,C3,central_12_13,7,0.29040559531735494,68.70712246578069,3,0.42857142857142855,positive
21,replication_2,10,both_feet_imagery,C3,central_12_13,7,-2.455482540803319,31.864591438864075,4,0.5714285714285714,negative
21,replication_2,14,both_feet_imagery,C3,central_12_13,7,-14.636026952863304,60.837001323829426,5,0.7142857142857143,negative
21,replication_2,6,both_feet_imagery,C4,central_12_13,7,-9.940743368743291,62.29483422119974,4,0.5714285714285714,negative
21,replication_2,10,both_feet_imagery,C4,central_12_13,7,4.105530970196616,150.2566313642829,3,0.42857142857142855,positive
21,replication_2,14,both_feet_imagery,C4,central_12_13,7,33.81192453624889,97.90058190170343,3,0.42857142857142855,positive
21,replication_2,6,both_feet_imagery,C3,mu,7,-6.3133196796409115,99.4869003065504,4,0.5714285714285714,negative
21,replication_2,10,both_feet_imagery,C3,mu,7,7.161845196015135,69.06116760646675,3,0.42857142857142855,positive
21,replication_2,14,both_feet_imagery,C3,mu,7,4.3089233203284705,121.65202308638345,3,0.42857142857142855,positive
21,replication_2,6,both_feet_imagery,Cz,mu,7,16.789843693972056,61.03878577099864,3,0.42857142857142855,positive
21,replication_2,10,both_feet_imagery,Cz,mu,7,0.3027409952092469,25.67869886750748,3,0.42857142857142855,positive
21,replication_2,14,both_feet_imagery,Cz,mu,7,17.539940448413358,45.88300222051856,3,0.42857142857142855,positive
21,replication_2,6,both_feet_imagery,C4,mu,7,-21.354079979226295,33.363194575081465,4,0.5714285714285714,negative
21,replication_2,10,both_feet_imagery,C4,mu,7,-1.6312823372664007,70.12199782977063,4,0.5714285714285714,negative
21,replication_2,14,both_feet_imagery,C4,mu,7,5.542045631643584,125.04980887571128,3,0.42857142857142855,positive
21,replication_2,6,both_feet_imagery,Cz,beta,7,-16.292576742703474,49.08154000759111,4,0.5714285714285714,negative
21,replication_2,10,both_feet_imagery,Cz,beta,7,-2.168840615662198,28.340090798402695,4,0.5714285714285714,negative
21,replication_2,14,both_feet_imagery,Cz,beta,7,19.551515161736827,99.01540033930735,2,0.2857142857142857,positive
22,replication_2,6,both_fists_imagery,C4,central_12_13,7,-24.65192301959565,61.793548328545064,4,0.5714285714285714,negative
22,replication_2,10,both_fists_imagery,C4,central_12_13,7,-21.144839376033207,54.31819601285369,5,0.7142857142857143,negative
22,replication_2,14,both_fists_imagery,C4,central_12_13,7,-9.788099792501136,67.07775910938665,4,0.5714285714285714,negative
22,replication_2,6,both_fists_imagery,C3,central_12_13,7,-1.2411276570067749,59.72491555990004,4,0.5714285714285714,negative
22,replication_2,10,both_fists_imagery,C3,central_12_13,7,-20.738819334891414,53.27757434460659,5,0.7142857142857143,negative
22,replication_2,14,both_fists_imagery,C3,central_12_13,7,-15.679655375710716,72.22918287669933,4,0.5714285714285714,negative
22,replication_2,6,both_fists_imagery,C3,mu,7,-17.729415000001328,59.2195127102606,4,0.5714285714285714,negative
22,replication_2,10,both_fists_imagery,C3,mu,7,-15.612931996437514,39.52034656579093,5,0.7142857142857143,negative
22,replication_2,14,both_fists_imagery,C3,mu,7,13.605025416418348,118.77648465597218,2,0.2857142857142857,positive
22,replication_2,6,both_fists_imagery,C4,mu,7,0.6558613422710755,64.92438062100959,3,0.42857142857142855,positive
22,replication_2,10,both_fists_imagery,C4,mu,7,-22.169685982950348,30.711065508991428,6,0.8571428571428571,negative
22,replication_2,14,both_fists_imagery,C4,mu,7,-12.342547141595881,49.27164510541452,5,0.7142857142857143,negative
22,replication_2,6,both_fists_imagery,Cz,mu,7,-7.032938501100169,36.439578253116736,4,0.5714285714285714,negative
22,replication_2,10,both_fists_imagery,Cz,mu,7,-21.20749556854168,32.79395041029998,5,0.7142857142857143,negative
22,replication_2,14,both_fists_imagery,Cz,mu,7,59.57112768290745,90.71377752129439,2,0.2857142857142857,positive
22,replication_2,6,both_fists_imagery,Cz,beta,7,-16.325880523898114,30.761597657270713,6,0.8571428571428571,negative
22,replication_2,10,both_fists_imagery,Cz,beta,7,-0.48097337663602063,35.881348781657564,4,0.5714285714285714,negative
22,replication_2,14,both_fists_imagery,Cz,beta,7,-34.97011874409334,37.43598882792049,5,0.7142857142857143,negative
22,replication_2,6,both_feet_imagery,C3,central_12_13,8,-23.719091301480184,57.19164984822347,5,0.625,negative
22,replication_2,10,both_feet_imagery,C3,central_12_13,8,-7.99370284257918,43.73197180003414,4,0.5,negative
22,replication_2,14,both_feet_imagery,C3,central_12_13,8,-46.248549137739445,52.094056948955924,6,0.75,negative
22,replication_2,6,both_feet_imagery,C4,central_12_13,8,-30.779836894286746,81.24000687639776,5,0.625,negative
22,replication_2,10,both_feet_imagery,C4,central_12_13,8,-25.400682305523226,34.45975476613002,6,0.75,negative
22,replication_2,14,both_feet_imagery,C4,central_12_13,8,-18.600025992221603,25.52113998887957,6,0.75,negative
22,replication_2,6,both_feet_imagery,C3,mu,8,-26.892175225034748,19.463520773392904,6,0.75,negative
22,replication_2,10,both_feet_imagery,C3,mu,8,-20.26798941964785,22.444873293694847,6,0.75,negative
22,replication_2,14,both_feet_imagery,C3,mu,8,-31.715251253585226,26.020523259951442,6,0.75,negative
22,replication_2,6,both_feet_imagery,Cz,mu,8,-18.688915453843677,20.291383755448777,7,0.875,negative
22,replication_2,10,both_feet_imagery,Cz,mu,8,-15.833984568668427,58.740147466710546,6,0.75,negative
22,replication_2,14,both_feet_imagery,Cz,mu,8,-29.444665729114277,42.85848158980768,6,0.75,negative
22,replication_2,6,both_feet_imagery,C4,mu,8,-15.500725547103318,23.76164522568017,7,0.875,negative
22,replication_2,10,both_feet_imagery,C4,mu,8,-15.155423939751174,86.92792878381597,4,0.5,negative
22,replication_2,14,both_feet_imagery,C4,mu,8,-0.15529639201874623,50.024738789551876,4,0.5,negative
22,replication_2,6,both_feet_imagery,Cz,beta,8,-21.020172125233607,71.52863574867712,5,0.625,negative
22,replication_2,10,both_feet_imagery,Cz,beta,8,-22.884774415115892,20.324627702357834,6,0.75,negative
22,replication_2,14,both_feet_imagery,Cz,beta,8,-32.893945075455086,57.30847658549547,6,0.75,negative
23,replication_2,6,both_fists_imagery,C4,central_12_13,7,-39.596817382654216,78.97526808534175,5,0.7142857142857143,negative
23,replication_2,10,both_fists_imagery,C4,central_12_13,8,-34.100125153437894,20.13457858518067,6,0.75,negative
23,replication_2,14,both_fists_imagery,C4,central_12_13,8,-64.54329035511913,64.27340150813319,6,0.75,negative
23,replication_2,6,both_fists_imagery,C3,central_12_13,7,-41.87974041773584,66.41565281068748,5,0.7142857142857143,negative
23,replication_2,10,both_fists_imagery,C3,central_12_13,8,2.1816062738991215,79.0040525121012,4,0.5,positive
23,replication_2,14,both_fists_imagery,C3,central_12_13,8,-61.23597374445876,71.76227473398598,6,0.75,negative
23,replication_2,6,both_fists_imagery,C3,mu,7,-13.617962850975358,50.13626101013085,5,0.7142857142857143,negative
23,replication_2,10,both_fists_imagery,C3,mu,8,-38.508308556730846,27.9362183652854,7,0.875,negative
23,replication_2,14,both_fists_imagery,C3,mu,8,-65.60232671804157,90.85212655627339,6,0.75,negative
23,replication_2,6,both_fists_imagery,C4,mu,7,-0.2956872461818468,105.05993369333973,4,0.5714285714285714,negative
23,replication_2,10,both_fists_imagery,C4,mu,8,-41.282478007059346,24.99410323641402,8,1.0,negative
23,replication_2,14,both_fists_imagery,C4,mu,8,-60.28595343138579,98.92277791986247,6,0.75,negative
23,replication_2,6,both_fists_imagery,Cz,mu,7,27.71246030782747,120.28642520917897,3,0.42857142857142855,positive
23,replication_2,10,both_fists_imagery,Cz,mu,8,-24.78369587529078,39.856439374748,6,0.75,negative
23,replication_2,14,both_fists_imagery,Cz,mu,8,-64.60086288404132,37.44315879099403,6,0.75,negative
23,replication_2,6,both_fists_imagery,Cz,beta,7,-32.750179702764925,19.458051723959855,6,0.8571428571428571,negative
23,replication_2,10,both_fists_imagery,Cz,beta,8,-7.793914054949964,25.18459626139179,6,0.75,negative
23,replication_2,14,both_fists_imagery,Cz,beta,8,-42.26489759095182,48.58119965879663,6,0.75,negative
23,replication_2,6,both_feet_imagery,C3,central_12_13,8,-7.2693506475567835,63.73911528434503,5,0.625,negative
23,replication_2,10,both_feet_imagery,C3,central_12_13,7,-53.31046409372268,9.658376800875686,6,0.8571428571428571,negative
23,replication_2,14,both_feet_imagery,C3,central_12_13,7,-38.70199188205683,118.46586048259334,4,0.5714285714285714,negative
23,replication_2,6,both_feet_imagery,C4,central_12_13,8,-17.16123501726173,33.10898909343692,6,0.75,negative
23,replication_2,10,both_feet_imagery,C4,central_12_13,7,-36.66630204913774,44.07937409856274,5,0.7142857142857143,negative
23,replication_2,14,both_feet_imagery,C4,central_12_13,7,-46.477389501997926,144.95647452880303,5,0.7142857142857143,negative
23,replication_2,6,both_feet_imagery,C3,mu,8,7.650615438923982,49.501044295575056,3,0.375,positive
23,replication_2,10,both_feet_imagery,C3,mu,7,-44.34104701064401,26.25063567280077,6,0.8571428571428571,negative
23,replication_2,14,both_feet_imagery,C3,mu,7,-23.204530487152713,103.1502204394895,5,0.7142857142857143,negative
23,replication_2,6,both_feet_imagery,Cz,mu,8,-5.0565965921342855,83.68598460488793,4,0.5,negative
23,replication_2,10,both_feet_imagery,Cz,mu,7,-39.13150006768837,60.33703694200781,5,0.7142857142857143,negative
23,replication_2,14,both_feet_imagery,Cz,mu,7,-5.166621032775719,211.03245984087175,4,0.5714285714285714,negative
23,replication_2,6,both_feet_imagery,C4,mu,8,-27.366554971549824,18.039972717205202,6,0.75,negative
23,replication_2,10,both_feet_imagery,C4,mu,7,-18.301943448568412,60.3433472494011,5,0.7142857142857143,negative
23,replication_2,14,both_feet_imagery,C4,mu,7,-42.95483436255797,181.02277708161654,4,0.5714285714285714,negative
23,replication_2,6,both_feet_imagery,Cz,beta,8,-23.901729641958106,54.481188586313635,6,0.75,negative
23,replication_2,10,both_feet_imagery,Cz,beta,7,-37.902308595555354,26.682459683379037,7,1.0,negative
23,replication_2,14,both_feet_imagery,Cz,beta,7,-34.0305471510846,101.20626224240371,4,0.5714285714285714,negative
24,replication_2,6,both_fists_imagery,C4,central_12_13,8,23.555748775280115,61.66623919879096,2,0.25,positive
24,replication_2,10,both_fists_imagery,C4,central_12_13,7,39.078991027027385,44.63254874014153,1,0.14285714285714285,positive
24,replication_2,14,both_fists_imagery,C4,central_12_13,7,-0.3410550949856869,93.43114602606002,4,0.5714285714285714,negative
24,replication_2,6,both_fists_imagery,C3,central_12_13,8,2.258702032000709,47.158788898686666,4,0.5,positive
24,replication_2,10,both_fists_imagery,C3,central_12_13,7,23.06124580009289,33.46007336077669,1,0.14285714285714285,positive
24,replication_2,14,both_fists_imagery,C3,central_12_13,7,56.451876156190146,74.46618863129609,2,0.2857142857142857,positive
24,replication_2,6,both_fists_imagery,C3,mu,8,-35.03765201156129,21.75601092763418,7,0.875,negative
24,replication_2,10,both_fists_imagery,C3,mu,7,3.1022844684746747,19.96868966967614,3,0.42857142857142855,positive
24,replication_2,14,both_fists_imagery,C3,mu,7,12.378721985303281,46.64673539824962,2,0.2857142857142857,positive
24,replication_2,6,both_fists_imagery,C4,mu,8,13.130869865654413,34.117163231119704,3,0.375,positive
24,replication_2,10,both_fists_imagery,C4,mu,7,15.30365397241569,63.6023960218404,2,0.2857142857142857,positive
24,replication_2,14,both_fists_imagery,C4,mu,7,1.1958413659910232,91.2014575919147,3,0.42857142857142855,positive
24,replication_2,6,both_fists_imagery,Cz,mu,8,-24.410567776861495,26.476819722574945,6,0.75,negative
24,replication_2,10,both_fists_imagery,Cz,mu,7,-9.649906978347081,36.886903636334445,4,0.5714285714285714,negative
24,replication_2,14,both_fists_imagery,Cz,mu,7,-1.758761963307146,121.68623921037596,4,0.5714285714285714,negative
24,replication_2,6,both_fists_imagery,Cz,beta,8,-17.66553034585419,18.186966840942667,7,0.875,negative
24,replication_2,10,both_fists_imagery,Cz,beta,7,14.173983498739444,38.89938250935009,2,0.2857142857142857,positive
24,replication_2,14,both_fists_imagery,Cz,beta,7,20.381952304093467,48.67638381282814,2,0.2857142857142857,positive
24,replication_2,6,both_feet_imagery,C3,central_12_13,7,55.24182024272507,87.07019151419891,1,0.14285714285714285,positive
24,replication_2,10,both_feet_imagery,C3,central_12_13,8,-3.021467949331023,90.91575595860849,4,0.5,negative
24,replication_2,14,both_feet_imagery,C3,central_12_13,8,33.611487467397865,179.21010337586395,4,0.5,positive
24,replication_2,6,both_feet_imagery,C4,central_12_13,7,7.2668716074491835,45.70546793313459,3,0.42857142857142855,positive
24,replication_2,10,both_feet_imagery,C4,central_12_13,8,31.822819451169586,103.049586790895,2,0.25,positive
24,replication_2,14,both_feet_imagery,C4,central_12_13,8,21.416196093202473,45.106509074923,2,0.25,positive
24,replication_2,6,both_feet_imagery,C3,mu,7,10.555676523556086,42.75345585341893,3,0.42857142857142855,positive
24,replication_2,10,both_feet_imagery,C3,mu,8,-15.905427928530539,72.85991049432604,4,0.5,negative
24,replication_2,14,both_feet_imagery,C3,mu,8,73.0458159393945,150.96310910165587,3,0.375,positive
24,replication_2,6,both_feet_imagery,Cz,mu,7,-27.193749737702806,25.76278756077683,6,0.8571428571428571,negative
24,replication_2,10,both_feet_imagery,Cz,mu,8,-0.7914231261785751,65.306072500052,4,0.5,negative
24,replication_2,14,both_feet_imagery,Cz,mu,8,47.280513669576855,113.05258013999205,3,0.375,positive
24,replication_2,6,both_feet_imagery,C4,mu,7,-13.356186187508056,49.43291065717737,4,0.5714285714285714,negative
24,replication_2,10,both_feet_imagery,C4,mu,8,5.991031386738474,59.866619930736974,4,0.5,positive
24,replication_2,14,both_feet_imagery,C4,mu,8,28.007459985222848,102.70285474420152,3,0.375,positive
24,replication_2,6,both_feet_imagery,Cz,beta,7,3.8662208192119287,34.59047214200228,3,0.42857142857142855,positive
24,replication_2,10,both_feet_imagery,Cz,beta,8,14.318845912629714,88.57107369092074,3,0.375,positive
24,replication_2,14,both_feet_imagery,Cz,beta,8,11.904782483246638,41.63103294999493,3,0.375,positive
25,replication_2,6,both_fists_imagery,C4,central_12_13,8,-53.12504836734068,24.55199274801744,7,0.875,negative
25,replication_2,10,both_fists_imagery,C4,central_12_13,8,-70.8599506174487,15.610883671286423,7,0.875,negative
25,replication_2,14,both_fists_imagery,C4,central_12_13,8,-57.45216885432886,9.642445178043857,8,1.0,negative
25,replication_2,6,both_fists_imagery,C3,central_12_13,8,-71.78016724263496,33.67082233167632,7,0.875,negative
25,replication_2,10,both_fists_imagery,C3,central_12_13,8,-56.642289072546916,38.129002982013894,8,1.0,negative
25,replication_2,14,both_fists_imagery,C3,central_12_13,8,-70.53996131691704,23.21931714964886,7,0.875,negative
25,replication_2,6,both_fists_imagery,C3,mu,8,-67.47141427457112,37.114241451340654,7,0.875,negative
25,replication_2,10,both_fists_imagery,C3,mu,8,-58.071614239139265,17.974748041010777,8,1.0,negative
25,replication_2,14,both_fists_imagery,C3,mu,8,-74.50807210773479,18.856593626564717,8,1.0,negative
25,replication_2,6,both_fists_imagery,C4,mu,8,-41.74796994355657,31.829526299937374,7,0.875,negative
25,replication_2,10,both_fists_imagery,C4,mu,8,-69.64368460838539,21.489387506944283,7,0.875,negative
25,replication_2,14,both_fists_imagery,C4,mu,8,-77.61184359394957,13.108080963865447,8,1.0,negative
25,replication_2,6,both_fists_imagery,Cz,mu,8,-25.298023749946374,32.01551899657217,7,0.875,negative
25,replication_2,10,both_fists_imagery,Cz,mu,8,-20.4096990642266,54.15891661414469,6,0.75,negative
25,replication_2,14,both_fists_imagery,Cz,mu,8,-77.42848550393194,17.249263336596897,8,1.0,negative
25,replication_2,6,both_fists_imagery,Cz,beta,8,-26.519799215090192,34.50596009463203,6,0.75,negative
25,replication_2,10,both_fists_imagery,Cz,beta,8,-22.27223090006214,28.697728416419725,6,0.75,negative
25,replication_2,14,both_fists_imagery,Cz,beta,8,-42.64506522641702,18.081474287242273,8,1.0,negative
25,replication_2,6,both_feet_imagery,C3,central_12_13,7,-30.616294012191577,190.3956249565857,4,0.5714285714285714,negative
25,replication_2,10,both_feet_imagery,C3,central_12_13,7,-28.117500443381253,104.6754865706728,5,0.7142857142857143,negative
25,replication_2,14,both_feet_imagery,C3,central_12_13,7,-51.45660868861485,24.08073042525669,6,0.8571428571428571,negative
25,replication_2,6,both_feet_imagery,C4,central_12_13,7,-42.09198549356855,64.58435266317002,5,0.7142857142857143,negative
25,replication_2,10,both_feet_imagery,C4,central_12_13,7,-21.96092101089767,34.786745085108194,5,0.7142857142857143,negative
25,replication_2,14,both_feet_imagery,C4,central_12_13,7,-34.691370799943904,70.71027337261064,5,0.7142857142857143,negative
25,replication_2,6,both_feet_imagery,C3,mu,7,-4.145243187235021,90.7430984993837,4,0.5714285714285714,negative
25,replication_2,10,both_feet_imagery,C3,mu,7,-23.014510818155514,83.91250376945996,5,0.7142857142857143,negative
25,replication_2,14,both_feet_imagery,C3,mu,7,-48.52243921238341,22.293519907276035,6,0.8571428571428571,negative
25,replication_2,6,both_feet_imagery,Cz,mu,7,-25.74999294581503,31.998534787132826,6,0.8571428571428571,negative
25,replication_2,10,both_feet_imagery,Cz,mu,7,-6.091246312041583,84.01442626238048,4,0.5714285714285714,negative
25,replication_2,14,both_feet_imagery,Cz,mu,7,-33.65500127349187,39.684296149169214,6,0.8571428571428571,negative
25,replication_2,6,both_feet_imagery,C4,mu,7,-34.34253663817526,49.260255590698975,6,0.8571428571428571,negative
25,replication_2,10,both_feet_imagery,C4,mu,7,-12.431456423684661,44.83551172554482,5,0.7142857142857143,negative
25,replication_2,14,both_feet_imagery,C4,mu,7,-26.00359686059212,43.23331807332767,5,0.7142857142857143,negative
25,replication_2,6,both_feet_imagery,Cz,beta,7,-2.704813757001281,9.44468639980615,4,0.5714285714285714,negative
25,replication_2,10,both_feet_imagery,Cz,beta,7,-32.247263481465104,24.57760472947536,6,0.8571428571428571,negative
25,replication_2,14,both_feet_imagery,Cz,beta,7,-34.952279948251196,30.555119632040007,6,0.8571428571428571,negative
26,replication_2,6,both_fists_imagery,C4,central_12_13,7,-39.33246908762165,108.55808090012258,4,0.5714285714285714,negative
26,replication_2,10,both_fists_imagery,C4,central_12_13,7,40.66313913361357,80.12811370752686,3,0.42857142857142855,positive
26,replication_2,14,both_fists_imagery,C4,central_12_13,7,8.263761628333782,48.55533478054033,3,0.42857142857142855,positive
26,replication_2,6,both_fists_imagery,C3,central_12_13,7,-9.239362059008155,33.544550919816395,5,0.7142857142857143,negative
26,replication_2,10,both_fists_imagery,C3,central_12_13,7,34.54604253300693,79.78417032435692,2,0.2857142857142857,positive
26,replication_2,14,both_fists_imagery,C3,central_12_13,7,7.124884251606901,43.23733236658448,3,0.42857142857142855,positive
26,replication_2,6,both_fists_imagery,C3,mu,7,-2.261981621488448,40.43570670411222,5,0.7142857142857143,negative
26,replication_2,10,both_fists_imagery,C3,mu,7,9.145810504638034,96.34551035660346,3,0.42857142857142855,positive
26,replication_2,14,both_fists_imagery,C3,mu,7,4.299626832937927,23.467426754964688,3,0.42857142857142855,positive
26,replication_2,6,both_fists_imagery,C4,mu,7,2.1889980229635335,61.00383712243054,3,0.42857142857142855,positive
26,replication_2,10,both_fists_imagery,C4,mu,7,2.121765038263161,68.34862346391398,3,0.42857142857142855,positive
26,replication_2,14,both_fists_imagery,C4,mu,7,22.79235588958132,49.73880928147109,3,0.42857142857142855,positive
26,replication_2,6,both_fists_imagery,Cz,mu,7,-29.646285175548414,54.618796782864884,4,0.5714285714285714,negative
26,replication_2,10,both_fists_imagery,Cz,mu,7,68.12857837667683,126.9399719435647,3,0.42857142857142855,positive
26,replication_2,14,both_fists_imagery,Cz,mu,7,4.945103064675108,112.53675164112259,3,0.42857142857142855,positive
26,replication_2,6,both_fists_imagery,Cz,beta,7,4.9053658379836556,70.42171755053997,3,0.42857142857142855,positive
26,replication_2,10,both_fists_imagery,Cz,beta,7,-9.480502201539606,33.78583301162584,4,0.5714285714285714,negative
26,replication_2,14,both_fists_imagery,Cz,beta,7,-23.174757305443947,26.567415891709476,7,1.0,negative
26,replication_2,6,both_feet_imagery,C3,central_12_13,8,-0.47334606569329707,52.73587302127454,4,0.5,negative
26,replication_2,10,both_feet_imagery,C3,central_12_13,8,5.686658383105778,31.854771115672932,4,0.5,positive
26,replication_2,14,both_feet_imagery,C3,central_12_13,8,3.2498151868536675,65.72402697705175,4,0.5,positive
26,replication_2,6,both_feet_imagery,C4,central_12_13,8,-24.66159180711609,84.38313381171793,5,0.625,negative
26,replication_2,10,both_feet_imagery,C4,central_12_13,8,33.44712420170509,100.70518713012314,3,0.375,positive
26,replication_2,14,both_feet_imagery,C4,central_12_13,8,-0.0379206721780605,19.343650025116855,4,0.5,negative
26,replication_2,6,both_feet_imagery,C3,mu,8,-16.188248385965608,31.601378249648853,6,0.75,negative
26,replication_2,10,both_feet_imagery,C3,mu,8,26.949805333451188,38.59420826774846,3,0.375,positive
26,replication_2,14,both_feet_imagery,C3,mu,8,6.233245693499717,28.433817665487844,3,0.375,positive
26,replication_2,6,both_feet_imagery,Cz,mu,8,4.385468757433932,68.46368204326282,4,0.5,positive
26,replication_2,10,both_feet_imagery,Cz,mu,8,18.21752119584478,83.98352987134105,3,0.375,positive
26,replication_2,14,both_feet_imagery,Cz,mu,8,3.4352832156347053,35.11092003095478,4,0.5,positive
26,replication_2,6,both_feet_imagery,C4,mu,8,-10.591296320748844,78.71929880040268,5,0.625,negative
26,replication_2,10,both_feet_imagery,C4,mu,8,35.935185139265606,42.03710708921063,2,0.25,positive
26,replication_2,14,both_feet_imagery,C4,mu,8,10.550490374864491,37.36867887004845,3,0.375,positive
26,replication_2,6,both_feet_imagery,Cz,beta,8,-5.478430395887844,65.49744219086341,4,0.5,negative
26,replication_2,10,both_feet_imagery,Cz,beta,8,-0.8456894152736658,31.14139614831444,4,0.5,negative
26,replication_2,14,both_feet_imagery,Cz,beta,8,-19.261383429217886,19.5875906689838,7,0.875,negative
27,replication_2,6,both_fists_imagery,C4,central_12_13,7,-37.19499958134662,84.77208924853306,4,0.5714285714285714,negative
27,replication_2,10,both_fists_imagery,C4,central_12_13,8,56.92970370167607,244.50186806056524,3,0.375,positive
27,replication_2,14,both_fists_imagery,C4,central_12_13,7,-38.80502378665496,46.940085482733,6,0.8571428571428571,negative
27,replication_2,6,both_fists_imagery,C3,central_12_13,7,-24.004462281998986,76.43092984907196,5,0.7142857142857143,negative
27,replication_2,10,both_fists_imagery,C3,central_12_13,8,-24.66353247828159,127.72048422308742,5,0.625,negative
27,replication_2,14,both_fists_imagery,C3,central_12_13,7,-2.6086886960991937,70.36370125681562,4,0.5714285714285714,negative
27,replication_2,6,both_fists_imagery,C3,mu,7,-18.181225477252912,95.76398792517122,4,0.5714285714285714,negative
27,replication_2,10,both_fists_imagery,C3,mu,8,-1.0914410497084392,134.2120900134512,4,0.5,negative
27,replication_2,14,both_fists_imagery,C3,mu,7,-47.062152897363184,44.41636286574191,5,0.7142857142857143,negative
27,replication_2,6,both_fists_imagery,C4,mu,7,-15.164930895198228,101.5088801964923,4,0.5714285714285714,negative
27,replication_2,10,both_fists_imagery,C4,mu,8,69.84677646750825,196.957418874878,3,0.375,positive
27,replication_2,14,both_fists_imagery,C4,mu,7,-49.74771469759283,41.384875399443345,6,0.8571428571428571,negative
27,replication_2,6,both_fists_imagery,Cz,mu,7,-40.679283305665756,62.792268719402635,5,0.7142857142857143,negative
27,replication_2,10,both_fists_imagery,Cz,mu,8,-35.72886522874553,99.10480417776816,5,0.625,negative
27,replication_2,14,both_fists_imagery,Cz,mu,7,-42.043313146377805,33.15671315375559,6,0.8571428571428571,negative
27,replication_2,6,both_fists_imagery,Cz,beta,7,-22.941151820423897,18.417051532732334,6,0.8571428571428571,negative
27,replication_2,10,both_fists_imagery,Cz,beta,8,2.638171168890562,63.08402237975042,4,0.5,positive
27,replication_2,14,both_fists_imagery,Cz,beta,7,-24.000021396269045,23.03002738705944,7,1.0,negative
27,replication_2,6,both_feet_imagery,C3,central_12_13,8,-27.727805957655512,58.411281612601016,5,0.625,negative
27,replication_2,10,both_feet_imagery,C3,central_12_13,7,-64.25802464366627,94.40090563632457,5,0.7142857142857143,negative
27,replication_2,14,both_feet_imagery,C3,central_12_13,8,-17.88852575343599,113.96279297697822,5,0.625,negative
27,replication_2,6,both_feet_imagery,C4,central_12_13,8,-20.666032283747313,94.32955261855349,5,0.625,negative
27,replication_2,10,both_feet_imagery,C4,central_12_13,7,-48.629576691351964,145.0621480977553,4,0.5714285714285714,negative
27,replication_2,14,both_feet_imagery,C4,central_12_13,8,29.16970056397341,94.43782999206587,3,0.375,positive
27,replication_2,6,both_feet_imagery,C3,mu,8,-32.459289327447046,49.15204065450692,5,0.625,negative
27,replication_2,10,both_feet_imagery,C3,mu,7,-56.99401162474771,96.639932190599,4,0.5714285714285714,negative
27,replication_2,14,both_feet_imagery,C3,mu,8,-0.6360895665084385,134.87723338430106,4,0.5,negative
27,replication_2,6,both_feet_imagery,Cz,mu,8,-20.021978635544713,31.909866144326408,6,0.75,negative
27,replication_2,10,both_feet_imagery,Cz,mu,7,-44.2441552620357,30.963487527437103,6,0.8571428571428571,negative
27,replication_2,14,both_feet_imagery,Cz,mu,8,-31.14715605797828,39.536580673186855,6,0.75,negative
27,replication_2,6,both_feet_imagery,C4,mu,8,-26.495157317160412,50.844419100179415,5,0.625,negative
27,replication_2,10,both_feet_imagery,C4,mu,7,-26.14379543500901,119.06916934270122,4,0.5714285714285714,negative
27,replication_2,14,both_feet_imagery,C4,mu,8,-21.61314438521886,43.04464150132519,5,0.625,negative
27,replication_2,6,both_feet_imagery,Cz,beta,8,-12.416054076146853,48.59510658665053,5,0.625,negative
27,replication_2,10,both_feet_imagery,Cz,beta,7,-5.618429212375353,40.580863647670725,4,0.5714285714285714,negative
27,replication_2,14,both_feet_imagery,Cz,beta,8,-15.482421689784886,31.889369556403185,6,0.75,negative
28,replication_2,6,both_fists_imagery,C4,central_12_13,8,-69.0621525011932,63.011736147701676,6,0.75,negative
28,replication_2,10,both_fists_imagery,C4,central_12_13,7,-19.985124506111617,61.51264095522536,5,0.7142857142857143,negative
28,replication_2,14,both_fists_imagery,C4,central_12_13,8,-65.88860818665147,95.36123278570237,5,0.625,negative
28,replication_2,6,both_fists_imagery,C3,central_12_13,8,-40.27907717121574,31.65098530309493,7,0.875,negative
28,replication_2,10,both_fists_imagery,C3,central_12_13,7,-45.66168198071819,47.70680876934256,5,0.7142857142857143,negative
28,replication_2,14,both_fists_imagery,C3,central_12_13,8,-48.26698130219815,40.91430311947108,7,0.875,negative
28,replication_2,6,both_fists_imagery,C3,mu,8,-26.32209132197424,71.18718788558087,6,0.75,negative
28,replication_2,10,both_fists_imagery,C3,mu,7,-38.5055247170103,36.982524264576654,5,0.7142857142857143,negative
28,replication_2,14,both_fists_imagery,C3,mu,8,-50.60177975274982,56.80278618955448,7,0.875,negative
28,replication_2,6,both_fists_imagery,C4,mu,8,-60.89258508597979,69.67691956936233,6,0.75,negative
28,replication_2,10,both_fists_imagery,C4,mu,7,-35.57163204625991,44.39737630037608,6,0.8571428571428571,negative
28,replication_2,14,both_fists_imagery,C4,mu,8,-46.59965652118084,23.551567954118532,7,0.875,negative
28,replication_2,6,both_fists_imagery,Cz,mu,8,-33.17452430518354,39.74947129045882,6,0.75,negative
28,replication_2,10,both_fists_imagery,Cz,mu,7,-29.682983243510364,32.811563865496616,5,0.7142857142857143,negative
28,replication_2,14,both_fists_imagery,Cz,mu,8,-37.30912031900067,43.91681622658099,7,0.875,negative
28,replication_2,6,both_fists_imagery,Cz,beta,8,-30.33875548718539,31.10889699061637,6,0.75,negative
28,replication_2,10,both_fists_imagery,Cz,beta,7,-37.7042748140224,41.56221339093534,5,0.7142857142857143,negative
28,replication_2,14,both_fists_imagery,Cz,beta,8,-47.471008028258694,29.821581434492284,7,0.875,negative
28,replication_2,6,both_feet_imagery,C3,central_12_13,7,-76.84915393791469,7.827702435470286,6,0.8571428571428571,negative
28,replication_2,10,both_feet_imagery,C3,central_12_13,8,-25.466883256516653,46.31770288947108,6,0.75,negative
28,replication_2,14,both_feet_imagery,C3,central_12_13,7,-56.90618099214226,78.85026330960692,5,0.7142857142857143,negative
28,replication_2,6,both_feet_imagery,C4,central_12_13,7,-73.7820088587027,6.512253372697671,6,0.8571428571428571,negative
28,replication_2,10,both_feet_imagery,C4,central_12_13,8,6.768782101538271,84.52604676043173,4,0.5,positive
28,replication_2,14,both_feet_imagery,C4,central_12_13,7,-45.09535191002854,66.08645952260798,5,0.7142857142857143,negative
28,replication_2,6,both_feet_imagery,C3,mu,7,-68.1529103525497,17.90291391897206,7,1.0,negative
28,replication_2,10,both_feet_imagery,C3,mu,8,-1.426939852280384,114.73608107277522,4,0.5,negative
28,replication_2,14,both_feet_imagery,C3,mu,7,-50.45327377179187,72.87297007826089,5,0.7142857142857143,negative
28,replication_2,6,both_feet_imagery,Cz,mu,7,-12.869539254599342,51.752226736314626,4,0.5714285714285714,negative
28,replication_2,10,both_feet_imagery,Cz,mu,8,0.3534556059260483,30.61024908813028,4,0.5,positive
28,replication_2,14,both_feet_imagery,Cz,mu,7,-20.181855144642597,150.0448096875062,5,0.7142857142857143,negative
28,replication_2,6,both_feet_imagery,C4,mu,7,-65.77305892255909,37.46992123496546,6,0.8571428571428571,negative
28,replication_2,10,both_feet_imagery,C4,mu,8,35.75596212567408,81.003251916562,3,0.375,positive
28,replication_2,14,both_feet_imagery,C4,mu,7,-34.44559262991463,90.78264735086161,5,0.7142857142857143,negative
28,replication_2,6,both_feet_imagery,Cz,beta,7,-40.787009027104396,19.25128251441781,7,1.0,negative
28,replication_2,10,both_feet_imagery,Cz,beta,8,-31.677456944053464,24.881581185825873,6,0.75,negative
28,replication_2,14,both_feet_imagery,Cz,beta,7,-33.77939573972677,54.08824674242428,4,0.5714285714285714,negative
29,replication_2,6,both_fists_imagery,C4,central_12_13,8,-62.08172266211821,40.80580383937967,8,1.0,negative
29,replication_2,10,both_fists_imagery,C4,central_12_13,7,-42.22016495975142,51.3956828662785,5,0.7142857142857143,negative
29,replication_2,14,both_fists_imagery,C4,central_12_13,7,-72.69597566990133,34.900493160454744,7,1.0,negative
29,replication_2,6,both_fists_imagery,C3,central_12_13,8,-32.19437540370744,40.120499663850595,7,0.875,negative
29,replication_2,10,both_fists_imagery,C3,central_12_13,7,-42.95112044898771,53.136368119965,5,0.7142857142857143,negative
29,replication_2,14,both_fists_imagery,C3,central_12_13,7,-69.22829336918666,19.10472369120057,6,0.8571428571428571,negative
29,replication_2,6,both_fists_imagery,C3,mu,8,-44.8599030096554,87.4217606231333,5,0.625,negative
29,replication_2,10,both_fists_imagery,C3,mu,7,-28.637295411659135,63.60401866889196,5,0.7142857142857143,negative
29,replication_2,14,both_fists_imagery,C3,mu,7,-52.93175016462746,55.98211633815086,5,0.7142857142857143,negative
29,replication_2,6,both_fists_imagery,C4,mu,8,-63.99117889996437,46.27874419488191,7,0.875,negative
29,replication_2,10,both_fists_imagery,C4,mu,7,-31.77705729535101,63.32108276218631,5,0.7142857142857143,negative
29,replication_2,14,both_fists_imagery,C4,mu,7,-58.98316683811198,37.1797505739936,6,0.8571428571428571,negative
29,replication_2,6,both_fists_imagery,Cz,mu,8,-7.841601432519684,77.58373230118207,4,0.5,negative
29,replication_2,10,both_fists_imagery,Cz,mu,7,-8.269104735242482,73.83567078380243,4,0.5714285714285714,negative
29,replication_2,14,both_fists_imagery,Cz,mu,7,-28.482045075794638,69.97083186430348,5,0.7142857142857143,negative
29,replication_2,6,both_fists_imagery,Cz,beta,8,-38.874810254918714,61.17436462826129,5,0.625,negative
29,replication_2,10,both_fists_imagery,Cz,beta,7,10.090574290053242,56.10687563015455,3,0.42857142857142855,positive
29,replication_2,14,both_fists_imagery,Cz,beta,7,-45.35779339477571,28.93857311478733,6,0.8571428571428571,negative
29,replication_2,6,both_feet_imagery,C3,central_12_13,7,-59.17070661711212,16.92722539568993,7,1.0,negative
29,replication_2,10,both_feet_imagery,C3,central_12_13,8,-16.21206147563322,38.65739037811076,5,0.625,negative
29,replication_2,14,both_feet_imagery,C3,central_12_13,8,-26.497032153338953,55.78045909656514,7,0.875,negative
29,replication_2,6,both_feet_imagery,C4,central_12_13,7,-41.74820440935435,21.48187748322065,6,0.8571428571428571,negative
29,replication_2,10,both_feet_imagery,C4,central_12_13,8,-16.519701376590994,51.454508989006534,6,0.75,negative
29,replication_2,14,both_feet_imagery,C4,central_12_13,8,-39.29736937413184,34.14426901254959,7,0.875,negative
29,replication_2,6,both_feet_imagery,C3,mu,7,-61.82911868807334,8.724311178307303,7,1.0,negative
29,replication_2,10,both_feet_imagery,C3,mu,8,10.684513392584243,61.80929802944531,3,0.375,positive
29,replication_2,14,both_feet_imagery,C3,mu,8,-40.922028907449594,67.33189545855811,6,0.75,negative
29,replication_2,6,both_feet_imagery,Cz,mu,7,-56.839476201235875,16.63732916046048,7,1.0,negative
29,replication_2,10,both_feet_imagery,Cz,mu,8,-2.290588345472905,127.59996761512113,4,0.5,negative
29,replication_2,14,both_feet_imagery,Cz,mu,8,-61.81768606856459,34.33024717344852,7,0.875,negative
29,replication_2,6,both_feet_imagery,C4,mu,7,-49.56291928705939,21.610193122165462,6,0.8571428571428571,negative
29,replication_2,10,both_feet_imagery,C4,mu,8,-17.17121791316121,51.0185064939558,5,0.625,negative
29,replication_2,14,both_feet_imagery,C4,mu,8,-56.9107913162306,43.36766178004883,7,0.875,negative
29,replication_2,6,both_feet_imagery,Cz,beta,7,-40.04064353953246,12.846387862652712,7,1.0,negative
29,replication_2,10,both_feet_imagery,Cz,beta,8,-41.47230364971367,24.765969133697045,6,0.75,negative
29,replication_2,14,both_feet_imagery,Cz,beta,8,-51.15068980837402,18.610819739283798,8,1.0,negative
30,replication_2,6,both_fists_imagery,C4,central_12_13,8,-14.700454840285005,37.156858503945585,6,0.75,negative
30,replication_2,10,both_fists_imagery,C4,central_12_13,8,-20.004121615559733,71.41423832531821,5,0.625,negative
30,replication_2,14,both_fists_imagery,C4,central_12_13,8,2.005919648624608,74.16735248256478,4,0.5,positive
30,replication_2,6,both_fists_imagery,C3,central_12_13,8,-43.95940224478753,76.239419296518,5,0.625,negative
30,replication_2,10,both_fists_imagery,C3,central_12_13,8,-45.84227920022441,80.29945653871752,6,0.75,negative
30,replication_2,14,both_fists_imagery,C3,central_12_13,8,-51.58929141966587,51.821959319227965,6,0.75,negative
30,replication_2,6,both_fists_imagery,C3,mu,8,-30.474696855871173,109.74918166342889,5,0.625,negative
30,replication_2,10,both_fists_imagery,C3,mu,8,-37.696260125096444,58.4632815133056,6,0.75,negative
30,replication_2,14,both_fists_imagery,C3,mu,8,-35.70718341674315,28.088046255560535,7,0.875,negative
30,replication_2,6,both_fists_imagery,C4,mu,8,7.518666291349257,70.60179542581864,4,0.5,positive
30,replication_2,10,both_fists_imagery,C4,mu,8,-23.3222171113943,46.30660045958065,6,0.75,negative
30,replication_2,14,both_fists_imagery,C4,mu,8,-17.430993602630693,87.20557894797375,5,0.625,negative
30,replication_2,6,both_fists_imagery,Cz,mu,8,22.530942397504834,185.81666751006088,4,0.5,positive
30,replication_2,10,both_fists_imagery,Cz,mu,8,-41.64000973177677,49.12525732745251,6,0.75,negative
30,replication_2,14,both_fists_imagery,Cz,mu,8,-7.928343452351734,128.64055449759513,4,0.5,negative
30,replication_2,6,both_fists_imagery,Cz,beta,8,-25.312590377917,42.619171206424696,6,0.75,negative
30,replication_2,10,both_fists_imagery,Cz,beta,8,-30.10218697490889,16.311297006946504,7,0.875,negative
30,replication_2,14,both_fists_imagery,Cz,beta,8,-19.576552854448124,29.58584392628174,6,0.75,negative
30,replication_2,6,both_feet_imagery,C3,central_12_13,7,43.49558913216704,44.86681896874941,1,0.14285714285714285,positive
30,replication_2,10,both_feet_imagery,C3,central_12_13,7,44.585041382604544,105.68128707291902,3,0.42857142857142855,positive
30,replication_2,14,both_feet_imagery,C3,central_12_13,7,43.15518343670404,233.1927202723194,2,0.2857142857142857,positive
30,replication_2,6,both_feet_imagery,C4,central_12_13,7,25.737330299148557,55.55431802732717,2,0.2857142857142857,positive
30,replication_2,10,both_feet_imagery,C4,central_12_13,7,-19.624368179941673,36.49153110272932,5,0.7142857142857143,negative
30,replication_2,14,both_feet_imagery,C4,central_12_13,7,21.157386536081574,125.36148769594844,3,0.42857142857142855,positive
30,replication_2,6,both_feet_imagery,C3,mu,7,53.08682044444807,60.58457843815495,1,0.14285714285714285,positive
30,replication_2,10,both_feet_imagery,C3,mu,7,61.841894190113834,70.22384663122878,2,0.2857142857142857,positive
30,replication_2,14,both_feet_imagery,C3,mu,7,25.14894596688318,60.252593822706615,2,0.2857142857142857,positive
30,replication_2,6,both_feet_imagery,Cz,mu,7,-0.8789272894473278,33.72982593332013,4,0.5714285714285714,negative
30,replication_2,10,both_feet_imagery,Cz,mu,7,-37.9111446313283,54.49626017152124,5,0.7142857142857143,negative
30,replication_2,14,both_feet_imagery,Cz,mu,7,-9.07473974993714,93.99408048651131,4,0.5714285714285714,negative
30,replication_2,6,both_feet_imagery,C4,mu,7,10.756847736694624,45.88404974569743,2,0.2857142857142857,positive
30,replication_2,10,both_feet_imagery,C4,mu,7,-33.48909446621784,44.271774449040336,6,0.8571428571428571,negative
30,replication_2,14,both_feet_imagery,C4,mu,7,-22.07679749416826,85.76427720640163,4,0.5714285714285714,negative
30,replication_2,6,both_feet_imagery,Cz,beta,7,0.9234016929973531,11.466032544424959,3,0.42857142857142855,positive
30,replication_2,10,both_feet_imagery,Cz,beta,7,-10.740240813250761,28.054211000386708,5,0.7142857142857143,negative
30,replication_2,14,both_feet_imagery,Cz,beta,7,-0.9615170710296983,48.90839548665388,4,0.5714285714285714,negative
31,replication_2,6,both_fists_imagery,C4,central_12_13,8,-27.341427759175737,19.428554589691203,7,0.875,negative
31,replication_2,10,both_fists_imagery,C4,central_12_13,7,-1.1641301455483088,72.09658679866621,4,0.5714285714285714,negative
31,replication_2,14,both_fists_imagery,C4,central_12_13,8,-24.860997648013765,73.41361124916219,5,0.625,negative
31,replication_2,6,both_fists_imagery,C3,central_12_13,8,-22.3172898388369,61.986253052606145,7,0.875,negative
31,replication_2,10,both_fists_imagery,C3,central_12_13,7,-10.772546479517386,41.88551071755592,5,0.7142857142857143,negative
31,replication_2,14,both_fists_imagery,C3,central_12_13,8,-17.084043570127566,66.51809547976617,5,0.625,negative
31,replication_2,6,both_fists_imagery,C3,mu,8,-18.361683960722047,42.868392614861484,5,0.625,negative
31,replication_2,10,both_fists_imagery,C3,mu,7,-8.995343719865431,41.815854937167856,4,0.5714285714285714,negative
31,replication_2,14,both_fists_imagery,C3,mu,8,-22.463297370649443,73.65724070976391,5,0.625,negative
31,replication_2,6,both_fists_imagery,C4,mu,8,-12.310392590194592,42.11460930597546,5,0.625,negative
31,replication_2,10,both_fists_imagery,C4,mu,7,-25.131109984699634,70.72821980593056,5,0.7142857142857143,negative
31,replication_2,14,both_fists_imagery,C4,mu,8,4.886274024847308,34.01682986097599,3,0.375,positive
31,replication_2,6,both_fists_imagery,Cz,mu,8,-16.440312528105206,64.29050575008488,5,0.625,negative
31,replication_2,10,both_fists_imagery,Cz,mu,7,3.2258225974771504,54.053134779135995,3,0.42857142857142855,positive
31,replication_2,14,both_fists_imagery,Cz,mu,8,-22.75480373819537,52.41174682352411,5,0.625,negative
31,replication_2,6,both_fists_imagery,Cz,beta,8,-14.115443378192746,40.32857156932917,5,0.625,negative
31,replication_2,10,both_fists_imagery,Cz,beta,7,-14.3409576356568,39.412742233427196,4,0.5714285714285714,negative
31,replication_2,14,both_fists_imagery,Cz,beta,8,7.510416312525316,30.678329908158048,3,0.375,positive
31,replication_2,6,both_feet_imagery,C3,central_12_13,7,-11.918541511839312,84.39072746989281,4,0.5714285714285714,negative
31,replication_2,10,both_feet_imagery,C3,central_12_13,8,-8.262910372919736,41.86779344644012,5,0.625,negative
31,replication_2,14,both_feet_imagery,C3,central_12_13,7,-26.399507561473186,37.3101385757947,5,0.7142857142857143,negative
31,replication_2,6,both_feet_imagery,C4,central_12_13,7,-7.028827393463108,30.767354239659397,4,0.5714285714285714,negative
31,replication_2,10,both_feet_imagery,C4,central_12_13,8,12.259651920260113,105.77990067104993,4,0.5,positive
31,replication_2,14,both_feet_imagery,C4,central_12_13,7,-3.0951751022694256,44.135763779922975,4,0.5714285714285714,negative
31,replication_2,6,both_feet_imagery,C3,mu,7,3.010400446454801,114.92009721021877,2,0.2857142857142857,positive
31,replication_2,10,both_feet_imagery,C3,mu,8,-12.493912540784791,35.43460253153086,6,0.75,negative
31,replication_2,14,both_feet_imagery,C3,mu,7,-35.03173749070051,81.54813274995203,5,0.7142857142857143,negative
31,replication_2,6,both_feet_imagery,Cz,mu,7,-10.817915778001327,62.236819656174724,4,0.5714285714285714,negative
31,replication_2,10,both_feet_imagery,Cz,mu,8,10.035041189907854,80.65405050002096,4,0.5,positive
31,replication_2,14,both_feet_imagery,Cz,mu,7,-25.444707717866578,21.999271328412767,5,0.7142857142857143,negative
31,replication_2,6,both_feet_imagery,C4,mu,7,-1.3098538145666472,69.8437559386952,4,0.5714285714285714,negative
31,replication_2,10,both_feet_imagery,C4,mu,8,18.000518586737787,78.63570522623618,3,0.375,positive
31,replication_2,14,both_feet_imagery,C4,mu,7,-41.610769855193126,76.18164368720304,4,0.5714285714285714,negative
31,replication_2,6,both_feet_imagery,Cz,beta,7,-21.04393953736141,12.063696619636103,6,0.8571428571428571,negative
31,replication_2,10,both_feet_imagery,Cz,beta,8,12.25784296922263,35.39546665983684,4,0.5,positive
31,replication_2,14,both_feet_imagery,Cz,beta,7,19.604164853061487,43.74907589701694,2,0.2857142857142857,positive
32,replication_2,6,both_fists_imagery,C4,central_12_13,7,-36.1578719315231,24.13014192955533,6,0.8571428571428571,negative
32,replication_2,10,both_fists_imagery,C4,central_12_13,7,-74.92678348173925,22.922724065961503,6,0.8571428571428571,negative
32,replication_2,14,both_fists_imagery,C4,central_12_13,8,-20.404219813459765,65.91506447576452,5,0.625,negative
32,replication_2,6,both_fists_imagery,C3,central_12_13,7,-39.17838379527105,34.42994438339572,6,0.8571428571428571,negative
32,replication_2,10,both_fists_imagery,C3,central_12_13,7,-57.715259792634576,61.62352057015593,6,0.8571428571428571,negative
32,replication_2,14,both_fists_imagery,C3,central_12_13,8,-37.88507004858009,73.39150152863081,5,0.625,negative
32,replication_2,6,both_fists_imagery,C3,mu,7,-25.785673472122088,45.47634465992909,5,0.7142857142857143,negative
32,replication_2,10,both_fists_imagery,C3,mu,7,-61.49440654404846,43.53038294681521,6,0.8571428571428571,negative
32,replication_2,14,both_fists_imagery,C3,mu,8,-20.782189453235695,23.979170794102846,7,0.875,negative
32,replication_2,6,both_fists_imagery,C4,mu,7,-32.946912606267645,28.01653785022821,5,0.7142857142857143,negative
32,replication_2,10,both_fists_imagery,C4,mu,7,-67.9835848643258,20.613463095068568,6,0.8571428571428571,negative
32,replication_2,14,both_fists_imagery,C4,mu,8,-31.181199821469416,67.12854329429143,5,0.625,negative
32,replication_2,6,both_fists_imagery,Cz,mu,7,8.117926970355125,62.022219477661295,3,0.42857142857142855,positive
32,replication_2,10,both_fists_imagery,Cz,mu,7,-43.581784735760124,21.893682400030144,6,0.8571428571428571,negative
32,replication_2,14,both_fists_imagery,Cz,mu,8,-9.155860138283035,59.24960185054394,5,0.625,negative
32,replication_2,6,both_fists_imagery,Cz,beta,7,-17.85667470263991,56.02287662793938,7,1.0,negative
32,replication_2,10,both_fists_imagery,Cz,beta,7,-51.46607887822936,23.710093970709885,7,1.0,negative
32,replication_2,14,both_fists_imagery,Cz,beta,8,-26.413446817298574,23.70565323600376,6,0.75,negative
32,replication_2,6,both_feet_imagery,C3,central_12_13,8,-58.236086918501435,38.62418358221997,8,1.0,negative
32,replication_2,10,both_feet_imagery,C3,central_12_13,8,-71.0925671358007,27.09288954868117,8,1.0,negative
32,replication_2,14,both_feet_imagery,C3,central_12_13,7,-30.156005932011663,32.084994155793886,6,0.8571428571428571,negative
32,replication_2,6,both_feet_imagery,C4,central_12_13,8,-45.605374764533764,22.69047254402485,8,1.0,negative
32,replication_2,10,both_feet_imagery,C4,central_12_13,8,-76.58358456649846,10.289756863584913,8,1.0,negative
32,replication_2,14,both_feet_imagery,C4,central_12_13,7,-31.492788822370766,31.300155231378035,6,0.8571428571428571,negative
32,replication_2,6,both_feet_imagery,C3,mu,8,-53.77815415776537,23.25298530172263,8,1.0,negative
32,replication_2,10,both_feet_imagery,C3,mu,8,-58.040878861202316,18.54605770272871,8,1.0,negative
32,replication_2,14,both_feet_imagery,C3,mu,7,-20.888893222192817,36.23675447468401,6,0.8571428571428571,negative
32,replication_2,6,both_feet_imagery,Cz,mu,8,-7.8571891896778325,23.210602651684503,5,0.625,negative
32,replication_2,10,both_feet_imagery,Cz,mu,8,-40.794204147661986,14.290430113496384,8,1.0,negative
32,replication_2,14,both_feet_imagery,Cz,mu,7,-40.21171819227907,27.990001828184035,7,1.0,negative
32,replication_2,6,both_feet_imagery,C4,mu,8,-37.63972031471786,13.826434967372805,8,1.0,negative
32,replication_2,10,both_feet_imagery,C4,mu,8,-73.5943504501926,10.980894684683392,8,1.0,negative
32,replication_2,14,both_feet_imagery,C4,mu,7,-24.899224954828494,52.228777228500604,4,0.5714285714285714,negative
32,replication_2,6,both_feet_imagery,Cz,beta,8,-52.762156562333736,15.878094754893375,8,1.0,negative
32,replication_2,10,both_feet_imagery,Cz,beta,8,-63.1510956209644,4.634143902583176,8,1.0,negative
32,replication_2,14,both_feet_imagery,Cz,beta,7,-36.781021463652344,16.615315458680946,6,0.8571428571428571,negative
33,replication_2,6,both_fists_imagery,C4,central_12_13,7,-55.87911679495862,20.48578852079313,6,0.8571428571428571,negative
33,replication_2,10,both_fists_imagery,C4,central_12_13,8,-70.00070851816011,26.403116947991407,7,0.875,negative
33,replication_2,14,both_fists_imagery,C4,central_12_13,7,-2.1313218370827283,105.26194448198454,4,0.5714285714285714,negative
33,replication_2,6,both_fists_imagery,C3,central_12_13,7,-71.44439534762942,37.06175870223544,7,1.0,negative
33,replication_2,10,both_fists_imagery,C3,central_12_13,8,-76.93674392318854,61.361595395317146,6,0.75,negative
33,replication_2,14,both_fists_imagery,C3,central_12_13,7,-44.00454277270338,48.41668971665764,7,1.0,negative
33,replication_2,6,both_fists_imagery,C3,mu,7,-69.25158746498873,44.83449009635822,6,0.8571428571428571,negative
33,replication_2,10,both_fists_imagery,C3,mu,8,-87.67763571876213,127.57238542617588,5,0.625,negative
33,replication_2,14,both_fists_imagery,C3,mu,7,-46.45332862075462,40.51973682302654,7,1.0,negative
33,replication_2,6,both_fists_imagery,C4,mu,7,-43.284000420235046,24.973757040694657,6,0.8571428571428571,negative
33,replication_2,10,both_fists_imagery,C4,mu,8,-78.60082854870956,5.3228031760738475,7,0.875,negative
33,replication_2,14,both_fists_imagery,C4,mu,7,-23.70341043031391,119.87664318396719,4,0.5714285714285714,negative
33,replication_2,6,both_fists_imagery,Cz,mu,7,-13.83551388214826,26.672577749205196,6,0.8571428571428571,negative
33,replication_2,10,both_fists_imagery,Cz,mu,8,-30.1574519077056,48.33790156912258,6,0.75,negative
33,replication_2,14,both_fists_imagery,Cz,mu,7,-10.348473219694036,40.238850132946354,5,0.7142857142857143,negative
33,replication_2,6,both_fists_imagery,Cz,beta,7,0.5602170579699286,33.87517704418854,3,0.42857142857142855,positive
33,replication_2,10,both_fists_imagery,Cz,beta,8,5.385979593612942,29.246691761620013,3,0.375,positive
33,replication_2,14,both_fists_imagery,Cz,beta,7,17.997888984213976,88.05287081074488,3,0.42857142857142855,positive
33,replication_2,6,both_feet_imagery,C3,central_12_13,8,0.9953641269512925,87.18865281371825,4,0.5,positive
33,replication_2,10,both_feet_imagery,C3,central_12_13,7,-19.37749911148658,117.12050373710115,4,0.5714285714285714,negative
33,replication_2,14,both_feet_imagery,C3,central_12_13,8,-12.796248953757019,34.34621775622675,5,0.625,negative
33,replication_2,6,both_feet_imagery,C4,central_12_13,8,-31.103398239623417,78.4180376794785,5,0.625,negative
33,replication_2,10,both_feet_imagery,C4,central_12_13,7,-63.18164931565519,61.756734851459,5,0.7142857142857143,negative
33,replication_2,14,both_feet_imagery,C4,central_12_13,8,37.64369150633699,72.1458959926283,3,0.375,positive
33,replication_2,6,both_feet_imagery,C3,mu,8,54.46416527349564,132.39844929705703,3,0.375,positive
33,replication_2,10,both_feet_imagery,C3,mu,7,27.357872302821562,119.34242543848697,3,0.42857142857142855,positive
33,replication_2,14,both_feet_imagery,C3,mu,8,0.10319080090343036,43.90922037995658,4,0.5,positive
33,replication_2,6,both_feet_imagery,Cz,mu,8,47.19756333141256,60.70668444034257,0,0.0,positive
33,replication_2,10,both_feet_imagery,Cz,mu,7,-0.7386662877345168,56.01118066605019,4,0.5714285714285714,negative
33,replication_2,14,both_feet_imagery,Cz,mu,8,8.288973499807923,39.984825587881744,4,0.5,positive
33,replication_2,6,both_feet_imagery,C4,mu,8,-18.143243720424664,122.89214051189961,4,0.5,negative
33,replication_2,10,both_feet_imagery,C4,mu,7,-54.282896405148186,59.15589427355809,5,0.7142857142857143,negative
33,replication_2,14,both_feet_imagery,C4,mu,8,49.212527380777935,123.9195740270853,3,0.375,positive
33,replication_2,6,both_feet_imagery,Cz,beta,8,-20.340998387267774,43.78714851139378,6,0.75,negative
33,replication_2,10,both_feet_imagery,Cz,beta,7,-13.641147483124254,44.19061651815062,4,0.5714285714285714,negative
33,replication_2,14,both_feet_imagery,Cz,beta,8,30.879727681830644,56.93828673996553,3,0.375,positive
34,replication_2,6,both_fists_imagery,C4,central_12_13,7,-78.35174824165738,34.249178985296005,7,1.0,negative
34,replication_2,10,both_fists_imagery,C4,central_12_13,7,14.461332661005162,116.02535077855288,3,0.42857142857142855,positive
34,replication_2,14,both_fists_imagery,C4,central_12_13,7,-68.31150045010355,30.425332274573123,6,0.8571428571428571,negative
34,replication_2,6,both_fists_imagery,C3,central_12_13,7,-67.96688894709638,38.30426681802807,6,0.8571428571428571,negative
34,replication_2,10,both_fists_imagery,C3,central_12_13,7,-61.62256880232672,34.40491907130608,7,1.0,negative
34,replication_2,14,both_fists_imagery,C3,central_12_13,7,-77.79489026397837,19.38850257110225,6,0.8571428571428571,negative
34,replication_2,6,both_fists_imagery,C3,mu,7,-70.80012989599118,23.152311194183888,7,1.0,negative
34,replication_2,10,both_fists_imagery,C3,mu,7,-69.92922091972564,32.40909401097418,6,0.8571428571428571,negative
34,replication_2,14,both_fists_imagery,C3,mu,7,-83.19517793067399,34.563295932806184,6,0.8571428571428571,negative
34,replication_2,6,both_fists_imagery,C4,mu,7,-83.165739998274,39.781196082253274,7,1.0,negative
34,replication_2,10,both_fists_imagery,C4,mu,7,-42.30882423930794,76.96228575153035,6,0.8571428571428571,negative
34,replication_2,14,both_fists_imagery,C4,mu,7,-70.642085485568,37.404237313069046,7,1.0,negative
34,replication_2,6,both_fists_imagery,Cz,mu,7,-58.472001658642334,48.89209919868075,6,0.8571428571428571,negative
34,replication_2,10,both_fists_imagery,Cz,mu,7,-19.71397810859235,35.768302732598826,5,0.7142857142857143,negative
34,replication_2,14,both_fists_imagery,Cz,mu,7,-47.61328718325786,24.098922434071696,7,1.0,negative
34,replication_2,6,both_fists_imagery,Cz,beta,7,-28.121613081455667,34.92655519856816,6,0.8571428571428571,negative
34,replication_2,10,both_fists_imagery,Cz,beta,7,7.29513567165778,35.21598315526369,3,0.42857142857142855,positive
34,replication_2,14,both_fists_imagery,Cz,beta,7,-37.59499177628199,75.50697952260586,4,0.5714285714285714,negative
34,replication_2,6,both_feet_imagery,C3,central_12_13,7,-11.732193857495307,58.80091522715827,4,0.5714285714285714,negative
34,replication_2,10,both_feet_imagery,C3,central_12_13,7,2.6827726393831863,111.09989774469179,3,0.42857142857142855,positive
34,replication_2,14,both_feet_imagery,C3,central_12_13,7,-14.51443725087168,55.282689451131205,5,0.7142857142857143,negative
34,replication_2,6,both_feet_imagery,C4,central_12_13,7,18.85156229322582,132.9307636531454,3,0.42857142857142855,positive
34,replication_2,10,both_feet_imagery,C4,central_12_13,7,-66.15009394953228,58.561062863282906,7,1.0,negative
34,replication_2,14,both_feet_imagery,C4,central_12_13,7,-12.268147716064888,44.302482062159356,5,0.7142857142857143,negative
34,replication_2,6,both_feet_imagery,C3,mu,7,-16.387177284305622,67.1882431564377,4,0.5714285714285714,negative
34,replication_2,10,both_feet_imagery,C3,mu,7,-30.404966044067415,138.18242159080475,4,0.5714285714285714,negative
34,replication_2,14,both_feet_imagery,C3,mu,7,6.301302116613589,85.88717585758941,2,0.2857142857142857,positive
34,replication_2,6,both_feet_imagery,Cz,mu,7,-72.37349412547,7.638072796788677,6,0.8571428571428571,negative
34,replication_2,10,both_feet_imagery,Cz,mu,7,-28.27303051221879,107.2141620175782,4,0.5714285714285714,negative
34,replication_2,14,both_feet_imagery,Cz,mu,7,-48.135285824620254,32.42354855648273,6,0.8571428571428571,negative
34,replication_2,6,both_feet_imagery,C4,mu,7,0.42885789246289224,85.78246367191845,3,0.42857142857142855,positive
34,replication_2,10,both_feet_imagery,C4,mu,7,-63.63331227998175,57.83730425392875,5,0.7142857142857143,negative
34,replication_2,14,both_feet_imagery,C4,mu,7,12.900898818401993,75.25145181217289,3,0.42857142857142855,positive
34,replication_2,6,both_feet_imagery,Cz,beta,7,8.061182766869793,25.59081701194752,2,0.2857142857142857,positive
34,replication_2,10,both_feet_imagery,Cz,beta,7,-8.835225062677127,15.99567949743314,5,0.7142857142857143,negative
34,replication_2,14,both_feet_imagery,Cz,beta,7,-5.43347949216466,60.983501252524036,4,0.5714285714285714,negative
35,replication_2,6,both_fists_imagery,C4,central_12_13,8,-51.36969226649471,52.34292875152657,7,0.875,negative
35,replication_2,10,both_fists_imagery,C4,central_12_13,8,-59.984224912376064,26.737686593348727,8,1.0,negative
35,replication_2,14,both_fists_imagery,C4,central_12_13,8,-61.11668127550455,46.87440924372408,8,1.0,negative
35,replication_2,6,both_fists_imagery,C3,central_12_13,8,-41.56704644421527,68.47114816754849,7,0.875,negative
35,replication_2,10,both_fists_imagery,C3,central_12_13,8,-56.65799784639391,81.51188657241194,5,0.625,negative
35,replication_2,14,both_fists_imagery,C3,central_12_13,8,-48.814272115279906,29.34888766616693,8,1.0,negative
35,replication_2,6,both_fists_imagery,C3,mu,8,-45.80663223538329,41.6191472985116,7,0.875,negative
35,replication_2,10,both_fists_imagery,C3,mu,8,-44.61512261583963,40.72080571864694,6,0.75,negative
35,replication_2,14,both_fists_imagery,C3,mu,8,-50.793328444373294,25.41474701421971,8,1.0,negative
35,replication_2,6,both_fists_imagery,C4,mu,8,-39.316317316854196,54.788230504325824,6,0.75,negative
35,replication_2,10,both_fists_imagery,C4,mu,8,-45.46398664362752,31.337069766389078,8,1.0,negative
35,replication_2,14,both_fists_imagery,C4,mu,8,-46.20758586011128,41.54281586980345,7,0.875,negative
35,replication_2,6,both_fists_imagery,Cz,mu,8,-13.990317703314604,93.69654625439264,5,0.625,negative
35,replication_2,10,both_fists_imagery,Cz,mu,8,-38.94342336048175,30.971540601605664,8,1.0,negative
35,replication_2,14,both_fists_imagery,Cz,mu,8,-38.76527856433599,35.60054577520473,6,0.75,negative
35,replication_2,6,both_fists_imagery,Cz,beta,8,-29.26850628698424,12.254643554988217,8,1.0,negative
35,replication_2,10,both_fists_imagery,Cz,beta,8,-14.371543962107324,38.67083075151657,6,0.75,negative
35,replication_2,14,both_fists_imagery,Cz,beta,8,-6.327269754030254,24.447013872248718,5,0.625,negative
35,replication_2,6,both_feet_imagery,C3,central_12_13,7,64.85291014040658,125.45665488142362,3,0.42857142857142855,positive
35,replication_2,10,both_feet_imagery,C3,central_12_13,7,107.18741475557121,445.10303872637684,2,0.2857142857142857,positive
35,replication_2,14,both_feet_imagery,C3,central_12_13,7,-24.98754282152923,49.72368286213414,5,0.7142857142857143,negative
35,replication_2,6,both_feet_imagery,C4,central_12_13,7,63.338852886279355,209.5673466122157,2,0.2857142857142857,positive
35,replication_2,10,both_feet_imagery,C4,central_12_13,7,114.06627231915174,184.22707739534215,3,0.42857142857142855,positive
35,replication_2,14,both_feet_imagery,C4,central_12_13,7,-31.86198482158565,25.920416117461134,6,0.8571428571428571,negative
35,replication_2,6,both_feet_imagery,C3,mu,7,-1.1804279621242262,93.15000870765236,4,0.5714285714285714,negative
35,replication_2,10,both_feet_imagery,C3,mu,7,34.66426896478991,366.1169921050644,2,0.2857142857142857,positive
35,replication_2,14,both_feet_imagery,C3,mu,7,-19.48017287197874,62.57846027190759,4,0.5714285714285714,negative
35,replication_2,6,both_feet_imagery,Cz,mu,7,24.545494098238887,52.61269685061333,2,0.2857142857142857,positive
35,replication_2,10,both_feet_imagery,Cz,mu,7,22.389935439429152,161.08356504849004,3,0.42857142857142855,positive
35,replication_2,14,both_feet_imagery,Cz,mu,7,-29.42578813253358,23.835147554694455,6,0.8571428571428571,negative
35,replication_2,6,both_feet_imagery,C4,mu,7,23.528551674201953,38.96548588229892,2,0.2857142857142857,positive
35,replication_2,10,both_feet_imagery,C4,mu,7,41.04322796061335,237.01424125903134,3,0.42857142857142855,positive
35,replication_2,14,both_feet_imagery,C4,mu,7,-28.36545504550831,22.976162644011104,5,0.7142857142857143,negative
35,replication_2,6,both_feet_imagery,Cz,beta,7,-30.842791378432924,16.039033318874083,6,0.8571428571428571,negative
35,replication_2,10,both_feet_imagery,Cz,beta,7,36.74076842729205,75.40592771015315,3,0.42857142857142855,positive
35,replication_2,14,both_feet_imagery,Cz,beta,7,18.028553458659776,36.54551785352379,2,0.2857142857142857,positive
36,replication_2,6,both_fists_imagery,C4,central_12_13,7,-33.56499022376609,48.597557978642115,5,0.7142857142857143,negative
36,replication_2,10,both_fists_imagery,C4,central_12_13,7,-28.618704177028107,62.85811273387772,4,0.5714285714285714,negative
36,replication_2,14,both_fists_imagery,C4,central_12_13,8,-33.427470851584786,28.371374593387127,7,0.875,negative
36,replication_2,6,both_fists_imagery,C3,central_12_13,7,-39.403331094662256,48.781063999829755,6,0.8571428571428571,negative
36,replication_2,10,both_fists_imagery,C3,central_12_13,7,-32.33861994514926,70.33273661112517,5,0.7142857142857143,negative
36,replication_2,14,both_fists_imagery,C3,central_12_13,8,-68.93404355800239,49.44991339431115,7,0.875,negative
36,replication_2,6,both_fists_imagery,C3,mu,7,-32.49673090755258,91.4570146470694,5,0.7142857142857143,negative
36,replication_2,10,both_fists_imagery,C3,mu,7,-13.836655870250382,60.710306358751225,5,0.7142857142857143,negative
36,replication_2,14,both_fists_imagery,C3,mu,8,-67.08445565198267,40.735328055858865,7,0.875,negative
36,replication_2,6,both_fists_imagery,C4,mu,7,-43.13966840766069,64.99809005458468,5,0.7142857142857143,negative
36,replication_2,10,both_fists_imagery,C4,mu,7,-31.829105850460717,44.57324173311184,6,0.8571428571428571,negative
36,replication_2,14,both_fists_imagery,C4,mu,8,-26.394632871344047,63.76186112724531,6,0.75,negative
36,replication_2,6,both_fists_imagery,Cz,mu,7,-38.627183751539725,158.54845354546893,4,0.5714285714285714,negative
36,replication_2,10,both_fists_imagery,Cz,mu,7,-11.454663416677626,41.093909863610364,4,0.5714285714285714,negative
36,replication_2,14,both_fists_imagery,Cz,mu,8,-27.54356491021396,80.47360323926642,5,0.625,negative
36,replication_2,6,both_fists_imagery,Cz,beta,7,-32.70628498497579,21.29668035012483,6,0.8571428571428571,negative
36,replication_2,10,both_fists_imagery,Cz,beta,7,-33.20880312992654,25.78132993591898,6,0.8571428571428571,negative
36,replication_2,14,both_fists_imagery,Cz,beta,8,-35.61590486390003,12.613149748461481,7,0.875,negative
36,replication_2,6,both_feet_imagery,C3,central_12_13,8,-37.1520542579647,52.92251159831987,7,0.875,negative
36,replication_2,10,both_feet_imagery,C3,central_12_13,8,-52.278510924626374,26.472285393286995,7,0.875,negative
36,replication_2,14,both_feet_imagery,C3,central_12_13,7,-67.77148976470022,48.33473701047517,5,0.7142857142857143,negative
36,replication_2,6,both_feet_imagery,C4,central_12_13,8,-40.39799034551264,36.05619732756887,6,0.75,negative
36,replication_2,10,both_feet_imagery,C4,central_12_13,8,-57.831475242732495,17.20461250601612,7,0.875,negative
36,replication_2,14,both_feet_imagery,C4,central_12_13,7,-60.52928138564902,62.25005403040052,5,0.7142857142857143,negative
36,replication_2,6,both_feet_imagery,C3,mu,8,-42.04729520201633,50.425110090114586,7,0.875,negative
36,replication_2,10,both_feet_imagery,C3,mu,8,-39.20869638034057,46.87321136662236,6,0.75,negative
36,replication_2,14,both_feet_imagery,C3,mu,7,-52.88310215854593,54.31097095278023,5,0.7142857142857143,negative
36,replication_2,6,both_feet_imagery,Cz,mu,8,-21.848465377148308,63.340925647393405,6,0.75,negative
36,replication_2,10,both_feet_imagery,Cz,mu,8,-27.39241012896624,61.898985457535744,5,0.625,negative
36,replication_2,14,both_feet_imagery,Cz,mu,7,-37.7565467626516,63.8606953591218,5,0.7142857142857143,negative
36,replication_2,6,both_feet_imagery,C4,mu,8,-38.24562553006636,42.474142714361804,6,0.75,negative
36,replication_2,10,both_feet_imagery,C4,mu,8,-59.90743812899507,16.745268658756665,7,0.875,negative
36,replication_2,14,both_feet_imagery,C4,mu,7,-58.354807559217576,43.98795098830604,6,0.8571428571428571,negative
36,replication_2,6,both_feet_imagery,Cz,beta,8,-48.603839458357214,27.227011608829976,7,0.875,negative
36,replication_2,10,both_feet_imagery,Cz,beta,8,-42.9198773662279,13.706123882763343,8,1.0,negative
36,replication_2,14,both_feet_imagery,Cz,beta,7,-40.01106749920731,9.842384133431104,7,1.0,negative
37,replication_2,6,both_fists_imagery,C4,central_12_13,7,10.711173288397827,36.2988759496937,2,0.2857142857142857,positive
37,replication_2,10,both_fists_imagery,C4,central_12_13,7,22.328555364652228,91.91007717863633,2,0.2857142857142857,positive
37,replication_2,14,both_fists_imagery,C4,central_12_13,7,2.3591739481529004,19.693986552757334,3,0.42857142857142855,positive
37,replication_2,6,both_fists_imagery,C3,central_12_13,7,-0.5864598188000355,41.50528021168439,4,0.5714285714285714,negative
37,replication_2,10,both_fists_imagery,C3,central_12_13,7,-23.514108963717025,59.86999404883821,5,0.7142857142857143,negative
37,replication_2,14,both_fists_imagery,C3,central_12_13,7,22.460497086875186,72.2422870754058,3,0.42857142857142855,positive
37,replication_2,6,both_fists_imagery,C3,mu,7,6.811440352696792,8.99197252492702,2,0.2857142857142857,positive
37,replication_2,10,both_fists_imagery,C3,mu,7,21.41125643920617,69.73939536871745,3,0.42857142857142855,positive
37,replication_2,14,both_fists_imagery,C3,mu,7,-11.130476052881116,58.61459912097177,4,0.5714285714285714,negative
37,replication_2,6,both_fists_imagery,C4,mu,7,-21.096358473275263,27.417745078498402,5,0.7142857142857143,negative
37,replication_2,10,both_fists_imagery,C4,mu,7,0.42833034470438536,70.73363099272702,3,0.42857142857142855,positive
37,replication_2,14,both_fists_imagery,C4,mu,7,8.366188039583582,11.65402847396738,2,0.2857142857142857,positive
37,replication_2,6,both_fists_imagery,Cz,mu,7,-23.670033139897633,24.866974428455986,5,0.7142857142857143,negative
37,replication_2,10,both_fists_imagery,Cz,mu,7,9.617712702592286,86.2933527680987,3,0.42857142857142855,positive
37,replication_2,14,both_fists_imagery,Cz,mu,7,10.37993523735127,21.00469776598201,1,0.14285714285714285,positive
37,replication_2,6,both_fists_imagery,Cz,beta,7,3.6169370397174196,42.421048400525294,3,0.42857142857142855,positive
37,replication_2,10,both_fists_imagery,Cz,beta,7,-12.689997366467095,60.09770327923607,4,0.5714285714285714,negative
37,replication_2,14,both_fists_imagery,Cz,beta,7,12.265044589648015,35.59409665334955,2,0.2857142857142857,positive
37,replication_2,6,both_feet_imagery,C3,central_12_13,7,-7.618217125776773,43.657174631350806,4,0.5714285714285714,negative
37,replication_2,10,both_feet_imagery,C3,central_12_13,7,-27.87554999433396,63.4813828991595,5,0.7142857142857143,negative
37,replication_2,14,both_feet_imagery,C3,central_12_13,7,18.07486836149501,25.817874418841317,2,0.2857142857142857,positive
37,replication_2,6,both_feet_imagery,C4,central_12_13,7,-19.051861552578764,39.19255922355901,5,0.7142857142857143,negative
37,replication_2,10,both_feet_imagery,C4,central_12_13,7,9.409810176306559,76.9905088301713,3,0.42857142857142855,positive
37,replication_2,14,both_feet_imagery,C4,central_12_13,7,-8.205627995467493,29.74607601390695,4,0.5714285714285714,negative
37,replication_2,6,both_feet_imagery,C3,mu,7,-5.9171483522898365,8.224952925565088,6,0.8571428571428571,negative
37,replication_2,10,both_feet_imagery,C3,mu,7,-13.389649846178736,50.912444073256594,5,0.7142857142857143,negative
37,replication_2,14,both_feet_imagery,C3,mu,7,-7.678979319122219,63.019482641732374,4,0.5714285714285714,negative
37,replication_2,6,both_feet_imagery,Cz,mu,7,13.692817475189095,25.99229598344764,2,0.2857142857142857,positive
37,replication_2,10,both_feet_imagery,Cz,mu,7,7.854626276855811,77.35254965157323,3,0.42857142857142855,positive
37,replication_2,14,both_feet_imagery,Cz,mu,7,9.12092034963615,53.79632975098899,3,0.42857142857142855,positive
37,replication_2,6,both_feet_imagery,C4,mu,7,15.853403923719487,17.35233901889899,2,0.2857142857142857,positive
37,replication_2,10,both_feet_imagery,C4,mu,7,10.613902670963476,69.76502824753919,3,0.42857142857142855,positive
37,replication_2,14,both_feet_imagery,C4,mu,7,10.896606302316917,44.28989822322232,3,0.42857142857142855,positive
37,replication_2,6,both_feet_imagery,Cz,beta,7,-29.777330705336485,61.164913021512824,4,0.5714285714285714,negative
37,replication_2,10,both_feet_imagery,Cz,beta,7,18.71518325701934,39.444727461608274,2,0.2857142857142857,positive
37,replication_2,14,both_feet_imagery,Cz,beta,7,18.724673717984878,41.65026710103291,1,0.14285714285714285,positive
38,replication_2,6,both_fists_imagery,C4,central_12_13,8,-24.19458045079314,27.534413113532707,6,0.75,negative
38,replication_2,10,both_fists_imagery,C4,central_12_13,8,22.26270210664572,41.14757262602518,2,0.25,positive
38,replication_2,14,both_fists_imagery,C4,central_12_13,7,-1.0652502093736727,75.66843144718402,4,0.5714285714285714,negative
38,replication_2,6,both_fists_imagery,C3,central_12_13,8,-1.9972252018887795,30.796550594144712,5,0.625,negative
38,replication_2,10,both_fists_imagery,C3,central_12_13,8,-0.3697429243453991,22.543915188631132,4,0.5,negative
38,replication_2,14,both_fists_imagery,C3,central_12_13,7,35.62399385496934,112.35316871209899,3,0.42857142857142855,positive
38,replication_2,6,both_fists_imagery,C3,mu,8,6.527510558075063,33.00353568459196,3,0.375,positive
38,replication_2,10,both_fists_imagery,C3,mu,8,11.571113149617084,13.56023031272199,2,0.25,positive
38,replication_2,14,both_fists_imagery,C3,mu,7,35.48144074784496,65.98007820137543,3,0.42857142857142855,positive
38,replication_2,6,both_fists_imagery,C4,mu,8,-29.41607095872958,23.886555869705262,7,0.875,negative
38,replication_2,10,both_fists_imagery,C4,mu,8,11.814701000923368,28.763893362188377,2,0.25,positive
38,replication_2,14,both_fists_imagery,C4,mu,7,26.009178362891817,77.95296267271533,3,0.42857142857142855,positive
38,replication_2,6,both_fists_imagery,Cz,mu,8,-19.552587794923316,51.52105369650896,5,0.625,negative
38,replication_2,10,both_fists_imagery,Cz,mu,8,33.8886889928615,68.24050784206592,3,0.375,positive
38,replication_2,14,both_fists_imagery,Cz,mu,7,22.2029863761085,46.06900811603944,2,0.2857142857142857,positive
38,replication_2,6,both_fists_imagery,Cz,beta,8,17.20807511953922,49.81263579253573,3,0.375,positive
38,replication_2,10,both_fists_imagery,Cz,beta,8,-3.2921655456245356,26.53017982952982,4,0.5,negative
38,replication_2,14,both_fists_imagery,Cz,beta,7,-2.0605378962036003,66.55206517351999,4,0.5714285714285714,negative
38,replication_2,6,both_feet_imagery,C3,central_12_13,7,53.8162313407213,63.5334245531481,2,0.2857142857142857,positive
38,replication_2,10,both_feet_imagery,C3,central_12_13,7,-18.10586622000097,101.3431254483448,5,0.7142857142857143,negative
38,replication_2,14,both_feet_imagery,C3,central_12_13,8,-8.850032386787602,43.42227548165281,5,0.625,negative
38,replication_2,6,both_feet_imagery,C4,central_12_13,7,-16.063117475817137,154.69746966370866,4,0.5714285714285714,negative
38,replication_2,10,both_feet_imagery,C4,central_12_13,7,-26.941409027031437,79.41651017139051,5,0.7142857142857143,negative
38,replication_2,14,both_feet_imagery,C4,central_12_13,8,-6.657428066878404,58.02287992351951,5,0.625,negative
38,replication_2,6,both_feet_imagery,C3,mu,7,30.600689359640583,30.567297293330654,2,0.2857142857142857,positive
38,replication_2,10,both_feet_imagery,C3,mu,7,-1.6783041621516248,69.63946451831094,4,0.5714285714285714,negative
38,replication_2,14,both_feet_imagery,C3,mu,8,-18.549464054094848,25.16103291351555,6,0.75,negative
38,replication_2,6,both_feet_imagery,Cz,mu,7,45.1197466550354,74.27487143172611,2,0.2857142857142857,positive
38,replication_2,10,both_feet_imagery,Cz,mu,7,-15.46464338609813,67.99821645687923,4,0.5714285714285714,negative
38,replication_2,14,both_feet_imagery,Cz,mu,8,-9.95321278559925,22.660249063987884,5,0.625,negative
38,replication_2,6,both_feet_imagery,C4,mu,7,28.729070413958816,98.263282065283,3,0.42857142857142855,positive
38,replication_2,10,both_feet_imagery,C4,mu,7,-12.490319096652911,64.87550062843887,5,0.7142857142857143,negative
38,replication_2,14,both_feet_imagery,C4,mu,8,8.172238331844078,47.67055204563721,3,0.375,positive
38,replication_2,6,both_feet_imagery,Cz,beta,7,-3.042927744163503,38.76210023342497,4,0.5714285714285714,negative
38,replication_2,10,both_feet_imagery,Cz,beta,7,22.31644426388319,60.25430139176002,3,0.42857142857142855,positive
38,replication_2,14,both_feet_imagery,Cz,beta,8,2.4406761510115156,47.85028265675387,4,0.5,positive
39,replication_2,6,both_fists_imagery,C4,central_12_13,8,-31.441024387192634,86.06908513065818,5,0.625,negative
39,replication_2,10,both_fists_imagery,C4,central_12_13,7,47.113408719945156,84.15701228536878,2,0.2857142857142857,positive
39,replication_2,14,both_fists_imagery,C4,central_12_13,8,9.267012951791731,69.51077787241807,4,0.5,positive
39,replication_2,6,both_fists_imagery,C3,central_12_13,8,-32.19514716664481,83.56963299483506,5,0.625,negative
39,replication_2,10,both_fists_imagery,C3,central_12_13,7,-9.894466903692047,242.89583226964191,4,0.5714285714285714,negative
39,replication_2,14,both_fists_imagery,C3,central_12_13,8,12.70667418610659,73.34110166750999,4,0.5,positive
39,replication_2,6,both_fists_imagery,C3,mu,8,-7.109177679876067,87.27852504605367,5,0.625,negative
39,replication_2,10,both_fists_imagery,C3,mu,7,24.13731432537408,136.62882260203867,3,0.42857142857142855,positive
39,replication_2,14,both_fists_imagery,C3,mu,8,-19.00673370943281,64.72205743117966,5,0.625,negative
39,replication_2,6,both_fists_imagery,C4,mu,8,-27.943288541479856,60.09999782329666,5,0.625,negative
39,replication_2,10,both_fists_imagery,C4,mu,7,57.52639469874574,90.13118986511634,1,0.14285714285714285,positive
39,replication_2,14,both_fists_imagery,C4,mu,8,12.990491088796233,42.94546529560087,3,0.375,positive
39,replication_2,6,both_fists_imagery,Cz,mu,8,7.190112829487153,120.07630125734461,4,0.5,positive
39,replication_2,10,both_fists_imagery,Cz,mu,7,24.087484310726893,67.90177309475993,3,0.42857142857142855,positive
39,replication_2,14,both_fists_imagery,Cz,mu,8,-7.310154128913994,56.945693510468814,5,0.625,negative
39,replication_2,6,both_fists_imagery,Cz,beta,8,-22.956753185744013,13.861630081222135,7,0.875,negative
39,replication_2,10,both_fists_imagery,Cz,beta,7,44.95952374032026,97.23604662015991,3,0.42857142857142855,positive
39,replication_2,14,both_fists_imagery,Cz,beta,8,8.234351585445367,106.52202097384117,3,0.375,positive
39,replication_2,6,both_feet_imagery,C3,central_12_13,7,-38.414597266412336,20.588024605164186,6,0.8571428571428571,negative
39,replication_2,10,both_feet_imagery,C3,central_12_13,8,2.393489910938149,42.99453009209955,4,0.5,positive
39,replication_2,14,both_feet_imagery,C3,central_12_13,7,-9.063815773848821,87.76279387527794,4,0.5714285714285714,negative
39,replication_2,6,both_feet_imagery,C4,central_12_13,7,-31.207748739135866,61.953702555013834,4,0.5714285714285714,negative
39,replication_2,10,both_feet_imagery,C4,central_12_13,8,-31.427102579257948,21.83258674766339,6,0.75,negative
39,replication_2,14,both_feet_imagery,C4,central_12_13,7,9.416007313408734,74.64693851560949,3,0.42857142857142855,positive
39,replication_2,6,both_feet_imagery,C3,mu,7,-10.300504877464547,33.259483764754414,5,0.7142857142857143,negative
39,replication_2,10,both_feet_imagery,C3,mu,8,-10.867174486320707,34.561711569710724,5,0.625,negative
39,replication_2,14,both_feet_imagery,C3,mu,7,-12.22491120110229,48.39984984300203,4,0.5714285714285714,negative
39,replication_2,6,both_feet_imagery,Cz,mu,7,-10.836685718070074,55.65902974280244,4,0.5714285714285714,negative
39,replication_2,10,both_feet_imagery,Cz,mu,8,-31.466964869962595,57.86064313282512,6,0.75,negative
39,replication_2,14,both_feet_imagery,Cz,mu,7,39.591277210664714,50.65674314189388,2,0.2857142857142857,positive
39,replication_2,6,both_feet_imagery,C4,mu,7,-8.75492633145378,32.19389919975204,4,0.5714285714285714,negative
39,replication_2,10,both_feet_imagery,C4,mu,8,-27.389360271962268,32.43473480278167,6,0.75,negative
39,replication_2,14,both_feet_imagery,C4,mu,7,-15.858924912128026,77.11848531421099,4,0.5714285714285714,negative
39,replication_2,6,both_feet_imagery,Cz,beta,7,-21.733560641986315,19.740692808175524,6,0.8571428571428571,negative
39,replication_2,10,both_feet_imagery,Cz,beta,8,-3.0031167836189474,58.38159101858802,4,0.5,negative
39,replication_2,14,both_feet_imagery,Cz,beta,7,-32.58957639908013,20.209889631622644,7,1.0,negative
40,replication_2,6,both_fists_imagery,C4,central_12_13,8,3.3883066556571215,35.83511039033771,3,0.375,positive
40,replication_2,10,both_fists_imagery,C4,central_12_13,7,-0.5864794128316848,24.482148763517728,4,0.5714285714285714,negative
40,replication_2,14,both_fists_imagery,C4,central_12_13,7,3.8174554962367453,83.8824628653208,3,0.42857142857142855,positive
40,replication_2,6,both_fists_imagery,C3,central_12_13,8,15.629987081407624,53.511794250048986,3,0.375,positive
40,replication_2,10,both_fists_imagery,C3,central_12_13,7,-26.541131803576643,9.717579338041862,6,0.8571428571428571,negative
40,replication_2,14,both_fists_imagery,C3,central_12_13,7,35.25027174199434,93.33414537159936,3,0.42857142857142855,positive
40,replication_2,6,both_fists_imagery,C3,mu,8,-11.759291446305662,81.55691835412587,5,0.625,negative
40,replication_2,10,both_fists_imagery,C3,mu,7,-10.737536799789426,21.30486435582115,5,0.7142857142857143,negative
40,replication_2,14,both_fists_imagery,C3,mu,7,-14.077427835208665,32.55722810699406,4,0.5714285714285714,negative
40,replication_2,6,both_fists_imagery,C4,mu,8,-10.357606543753947,22.86480533673295,6,0.75,negative
40,replication_2,10,both_fists_imagery,C4,mu,7,-11.04838193778307,32.73099214146065,4,0.5714285714285714,negative
40,replication_2,14,both_fists_imagery,C4,mu,7,10.370977557246066,42.352505439969406,3,0.42857142857142855,positive
40,replication_2,6,both_fists_imagery,Cz,mu,8,-10.935569443976744,24.13760067413723,7,0.875,negative
40,replication_2,10,both_fists_imagery,Cz,mu,7,19.763443552307702,29.576714649253383,2,0.2857142857142857,positive
40,replication_2,14,both_fists_imagery,Cz,mu,7,-11.017912764412678,53.595918507205866,4,0.5714285714285714,negative
40,replication_2,6,both_fists_imagery,Cz,beta,8,-11.503884596529343,13.402863469548018,6,0.75,negative
40,replication_2,10,both_fists_imagery,Cz,beta,7,-22.426226286222647,33.19957732715217,5,0.7142857142857143,negative
40,replication_2,14,both_fists_imagery,Cz,beta,7,-4.910497355516549,52.191855169241975,5,0.7142857142857143,negative
40,replication_2,6,both_feet_imagery,C3,central_12_13,7,-9.417631144376298,58.70846050966229,4,0.5714285714285714,negative
40,replication_2,10,both_feet_imagery,C3,central_12_13,8,33.05563916622145,56.36919162081833,3,0.375,positive
40,replication_2,14,both_feet_imagery,C3,central_12_13,8,-14.117270038465414,97.35410396693283,5,0.625,negative
40,replication_2,6,both_feet_imagery,C4,central_12_13,7,-15.658606416324043,64.91052683213876,4,0.5714285714285714,negative
40,replication_2,10,both_feet_imagery,C4,central_12_13,8,18.051416534284705,41.32808960307688,2,0.25,positive
40,replication_2,14,both_feet_imagery,C4,central_12_13,8,11.013051973954582,57.93226227873642,3,0.375,positive
40,replication_2,6,both_feet_imagery,C3,mu,7,-16.9850643881157,23.745723210146735,6,0.8571428571428571,negative
40,replication_2,10,both_feet_imagery,C3,mu,8,19.9668419508589,43.34419877914889,3,0.375,positive
40,replication_2,14,both_feet_imagery,C3,mu,8,-14.18514475593709,64.81361173171217,4,0.5,negative
40,replication_2,6,both_feet_imagery,Cz,mu,7,-1.0142329056838846,23.328501276038672,4,0.5714285714285714,negative
40,replication_2,10,both_feet_imagery,Cz,mu,8,-9.482345081839402,46.36624343482898,5,0.625,negative
40,replication_2,14,both_feet_imagery,Cz,mu,8,-4.645302924496603,115.65229214943534,4,0.5,negative
40,replication_2,6,both_feet_imagery,C4,mu,7,-2.2030220773574998,47.63405516964778,4,0.5714285714285714,negative
40,replication_2,10,both_feet_imagery,C4,mu,8,18.12487605267374,29.08406554440832,2,0.25,positive
40,replication_2,14,both_feet_imagery,C4,mu,8,10.453796867483344,51.13346715350767,3,0.375,positive
40,replication_2,6,both_feet_imagery,Cz,beta,7,-24.727389446915424,16.42873224786181,5,0.7142857142857143,negative
40,replication_2,10,both_feet_imagery,Cz,beta,8,-17.130584789580535,20.75927966015543,6,0.75,negative
40,replication_2,14,both_feet_imagery,Cz,beta,8,-2.342965200868731,80.89889368751817,4,0.5,negative
41,replication_2,6,both_fists_imagery,C4,central_12_13,7,0.3821952967693108,85.09197690696122,3,0.42857142857142855,positive
41,replication_2,10,both_fists_imagery,C4,central_12_13,7,-46.641419025357465,25.89434203677296,7,1.0,negative
41,replication_2,14,both_fists_imagery,C4,central_12_13,7,-0.6034253336779414,53.097343331769494,4,0.5714285714285714,negative
41,replication_2,6,both_fists_imagery,C3,central_12_13,7,-5.880790847064688,54.36146527727113,4,0.5714285714285714,negative
41,replication_2,10,both_fists_imagery,C3,central_12_13,7,-9.41654638186973,73.497356367529,4,0.5714285714285714,negative
41,replication_2,14,both_fists_imagery,C3,central_12_13,7,-12.630056010991723,34.587676326151865,4,0.5714285714285714,negative
41,replication_2,6,both_fists_imagery,C3,mu,7,8.962700796662688,66.02482622373185,2,0.2857142857142857,positive
41,replication_2,10,both_fists_imagery,C3,mu,7,-12.59053548163907,103.21851331976855,4,0.5714285714285714,negative
41,replication_2,14,both_fists_imagery,C3,mu,7,15.191445887455293,43.37934368157626,3,0.42857142857142855,positive
41,replication_2,6,both_fists_imagery,C4,mu,7,12.496322240564696,63.25161223285224,3,0.42857142857142855,positive
41,replication_2,10,both_fists_imagery,C4,mu,7,-31.734494250514746,35.84303520261679,6,0.8571428571428571,negative
41,replication_2,14,both_fists_imagery,C4,mu,7,9.086490783840869,72.71307490283448,3,0.42857142857142855,positive
41,replication_2,6,both_fists_imagery,Cz,mu,7,44.22172074441392,61.636778671284894,2,0.2857142857142857,positive
41,replication_2,10,both_fists_imagery,Cz,mu,7,-0.7214589835769011,96.32685485811466,4,0.5714285714285714,negative
41,replication_2,14,both_fists_imagery,Cz,mu,7,41.9185055130515,83.16838967172303,3,0.42857142857142855,positive
41,replication_2,6,both_fists_imagery,Cz,beta,7,5.1925398203522874,83.79951921011141,3,0.42857142857142855,positive
41,replication_2,10,both_fists_imagery,Cz,beta,7,6.901764763758957,91.6922587367539,3,0.42857142857142855,positive
41,replication_2,14,both_fists_imagery,Cz,beta,7,-0.39050602772958304,57.27436930944711,4,0.5714285714285714,negative
41,replication_2,6,both_feet_imagery,C3,central_12_13,7,44.206762808659676,129.51804884601606,3,0.42857142857142855,positive
41,replication_2,10,both_feet_imagery,C3,central_12_13,7,25.05460776641638,41.009491908088975,3,0.42857142857142855,positive
41,replication_2,14,both_feet_imagery,C3,central_12_13,7,-37.620305017381874,12.095022596224407,7,1.0,negative
41,replication_2,6,both_feet_imagery,C4,central_12_13,7,6.795920513611733,58.27199069540579,3,0.42857142857142855,positive
41,replication_2,10,both_feet_imagery,C4,central_12_13,7,-5.682234175079847,81.01443406993624,4,0.5714285714285714,negative
41,replication_2,14,both_feet_imagery,C4,central_12_13,7,-13.37773820310556,38.8843161372259,6,0.8571428571428571,negative
41,replication_2,6,both_feet_imagery,C3,mu,7,-2.026875764351666,56.213610092756525,4,0.5714285714285714,negative
41,replication_2,10,both_feet_imagery,C3,mu,7,-1.2377721435568645,17.70235508824122,4,0.5714285714285714,negative
41,replication_2,14,both_feet_imagery,C3,mu,7,-29.98562620116812,20.27289146380202,7,1.0,negative
41,replication_2,6,both_feet_imagery,Cz,mu,7,-3.4806355742029083,40.38238945343767,4,0.5714285714285714,negative
41,replication_2,10,both_feet_imagery,Cz,mu,7,29.19876588368165,79.50626917585875,2,0.2857142857142857,positive
41,replication_2,14,both_feet_imagery,Cz,mu,7,-26.136655974929404,41.65720145764346,5,0.7142857142857143,negative
41,replication_2,6,both_feet_imagery,C4,mu,7,15.739274727970663,23.167606833300063,1,0.14285714285714285,positive
41,replication_2,10,both_feet_imagery,C4,mu,7,-21.122054781007886,65.22633057413523,4,0.5714285714285714,negative
41,replication_2,14,both_feet_imagery,C4,mu,7,-39.957965329815565,30.134515458503145,6,0.8571428571428571,negative
41,replication_2,6,both_feet_imagery,Cz,beta,7,-2.0638222937674775,47.33393757615113,4,0.5714285714285714,negative
41,replication_2,10,both_feet_imagery,Cz,beta,7,-9.590409767871819,53.36140484573359,5,0.7142857142857143,negative
41,replication_2,14,both_feet_imagery,Cz,beta,7,-4.785668432859641,37.454889182175634,4,0.5714285714285714,negative
42,replication_2,6,both_fists_imagery,C4,central_12_13,8,-72.03998279316916,38.83755811440522,7,0.875,negative
42,replication_2,10,both_fists_imagery,C4,central_12_13,8,-80.0085324576867,13.199925857913584,8,1.0,negative
42,replication_2,14,both_fists_imagery,C4,central_12_13,8,-59.49987561734381,24.39888426046572,8,1.0,negative
42,replication_2,6,both_fists_imagery,C3,central_12_13,8,-58.07138979504363,17.94740768191535,8,1.0,negative
42,replication_2,10,both_fists_imagery,C3,central_12_13,8,-49.58456492758289,36.57039088772889,7,0.875,negative
42,replication_2,14,both_fists_imagery,C3,central_12_13,8,-55.2967070748947,42.25202092231076,6,0.75,negative
42,replication_2,6,both_fists_imagery,C3,mu,8,-37.17032116155576,27.14213798001129,8,1.0,negative
42,replication_2,10,both_fists_imagery,C3,mu,8,-37.73560983592061,50.28364860039444,6,0.75,negative
42,replication_2,14,both_fists_imagery,C3,mu,8,-39.1374355526916,51.161105531165234,6,0.75,negative
42,replication_2,6,both_fists_imagery,C4,mu,8,-55.59379198024284,32.51223930987045,6,0.75,negative
42,replication_2,10,both_fists_imagery,C4,mu,8,-63.14262813780415,17.10115159037533,8,1.0,negative
42,replication_2,14,both_fists_imagery,C4,mu,8,-46.91301622859224,28.654524155821044,8,1.0,negative
42,replication_2,6,both_fists_imagery,Cz,mu,8,-18.757285226654993,24.047561539084587,7,0.875,negative
42,replication_2,10,both_fists_imagery,Cz,mu,8,-3.8552161913231524,47.6823897407003,6,0.75,negative
42,replication_2,14,both_fists_imagery,Cz,mu,8,-34.80409567737216,58.267125105969676,6,0.75,negative
42,replication_2,6,both_fists_imagery,Cz,beta,8,-51.38105577625082,22.83305825902177,7,0.875,negative
42,replication_2,10,both_fists_imagery,Cz,beta,8,-40.452108769058626,16.364231252882554,7,0.875,negative
42,replication_2,14,both_fists_imagery,Cz,beta,8,-45.73845850112667,24.318154125614154,7,0.875,negative
42,replication_2,6,both_feet_imagery,C3,central_12_13,7,-0.4288369921262162,79.48361180221394,4,0.5714285714285714,negative
42,replication_2,10,both_feet_imagery,C3,central_12_13,7,5.866054985120814,128.67110767480753,3,0.42857142857142855,positive
42,replication_2,14,both_feet_imagery,C3,central_12_13,7,25.895868223233272,132.19579978744648,3,0.42857142857142855,positive
42,replication_2,6,both_feet_imagery,C4,central_12_13,7,18.8136771214082,124.52893525656928,3,0.42857142857142855,positive
42,replication_2,10,both_feet_imagery,C4,central_12_13,7,68.60179551830971,114.89523275020292,2,0.2857142857142857,positive
42,replication_2,14,both_feet_imagery,C4,central_12_13,7,44.02899676379047,123.22350003802345,1,0.14285714285714285,positive
42,replication_2,6,both_feet_imagery,C3,mu,7,-3.1522599971046503,74.93876959343478,4,0.5714285714285714,negative
42,replication_2,10,both_feet_imagery,C3,mu,7,5.532694644452314,122.31573463699962,3,0.42857142857142855,positive
42,replication_2,14,both_feet_imagery,C3,mu,7,56.672568344541034,143.6459488729929,3,0.42857142857142855,positive
42,replication_2,6,both_feet_imagery,Cz,mu,7,-71.14816450524309,17.64607011802422,6,0.8571428571428571,negative
42,replication_2,10,both_feet_imagery,Cz,mu,7,-51.02608564747399,26.073229071252477,7,1.0,negative
42,replication_2,14,both_feet_imagery,Cz,mu,7,-28.029976381903673,43.750041063658955,5,0.7142857142857143,negative
42,replication_2,6,both_feet_imagery,C4,mu,7,35.31483305157975,78.19114399346724,3,0.42857142857142855,positive
42,replication_2,10,both_feet_imagery,C4,mu,7,69.97219716628233,106.0399972319566,2,0.2857142857142857,positive
42,replication_2,14,both_feet_imagery,C4,mu,7,34.2341861607168,102.63213005593835,1,0.14285714285714285,positive
42,replication_2,6,both_feet_imagery,Cz,beta,7,-40.19701497163042,27.491481666021762,6,0.8571428571428571,negative
42,replication_2,10,both_feet_imagery,Cz,beta,7,-39.77585727279193,25.67803777408374,7,1.0,negative
42,replication_2,14,both_feet_imagery,Cz,beta,7,-28.63722179667008,33.21827503337721,5,0.7142857142857143,negative
43,replication_2,6,both_fists_imagery,C4,central_12_13,8,-28.050296772219482,66.82200979718728,6,0.75,negative
43,replication_2,10,both_fists_imagery,C4,central_12_13,8,-67.66382797864871,9.681705029097316,7,0.875,negative
43,replication_2,14,both_fists_imagery,C4,central_12_13,7,-74.48841274448775,85.08047448045113,5,0.7142857142857143,negative
43,replication_2,6,both_fists_imagery,C3,central_12_13,8,-65.38603027745054,54.83746292002292,6,0.75,negative
43,replication_2,10,both_fists_imagery,C3,central_12_13,8,-62.21856344133352,20.3565852336991,7,0.875,negative
43,replication_2,14,both_fists_imagery,C3,central_12_13,7,-50.415876524875166,41.18911933520051,6,0.8571428571428571,negative
43,replication_2,6,both_fists_imagery,C3,mu,8,-47.92649700263823,41.807533483989545,6,0.75,negative
43,replication_2,10,both_fists_imagery,C3,mu,8,-50.191696355930674,25.601765758094217,7,0.875,negative
43,replication_2,14,both_fists_imagery,C3,mu,7,-45.423120868477135,39.956426968198016,6,0.8571428571428571,negative
43,replication_2,6,both_fists_imagery,C4,mu,8,-8.990160667417722,74.32310547187247,5,0.625,negative
43,replication_2,10,both_fists_imagery,C4,mu,8,-55.90961480516799,23.976138450346767,7,0.875,negative
43,replication_2,14,both_fists_imagery,C4,mu,7,-59.660125462741945,96.93959407025339,4,0.5714285714285714,negative
43,replication_2,6,both_fists_imagery,Cz,mu,8,-31.6035089889466,50.677518009932584,6,0.75,negative
43,replication_2,10,both_fists_imagery,Cz,mu,8,-18.077538784424604,45.141432548256454,6,0.75,negative
43,replication_2,14,both_fists_imagery,Cz,mu,7,-0.0943676988176619,43.48992126070696,4,0.5714285714285714,negative
43,replication_2,6,both_fists_imagery,Cz,beta,8,-50.68499042167598,32.11823254172877,7,0.875,negative
43,replication_2,10,both_fists_imagery,Cz,beta,8,-22.7180891733401,37.57253666488514,6,0.75,negative
43,replication_2,14,both_fists_imagery,Cz,beta,7,-32.28832716996807,27.465895177655216,7,1.0,negative
43,replication_2,6,both_feet_imagery,C3,central_12_13,7,-40.56721181136093,73.2153313480585,5,0.7142857142857143,negative
43,replication_2,10,both_feet_imagery,C3,central_12_13,7,-33.48495568128892,116.85170569739017,4,0.5714285714285714,negative
43,replication_2,14,both_feet_imagery,C3,central_12_13,8,1.2558189160285678,250.6710783446267,3,0.375,positive
43,replication_2,6,both_feet_imagery,C4,central_12_13,7,-41.34886153346962,39.12876026748591,5,0.7142857142857143,negative
43,replication_2,10,both_feet_imagery,C4,central_12_13,7,-12.327666524692967,84.44005883543863,5,0.7142857142857143,negative
43,replication_2,14,both_feet_imagery,C4,central_12_13,8,-14.318028084584249,46.31906599876554,4,0.5,negative
43,replication_2,6,both_feet_imagery,C3,mu,7,-38.86705997795622,36.12092700503622,6,0.8571428571428571,negative
43,replication_2,10,both_feet_imagery,C3,mu,7,-7.287397393022925,90.61574733626723,4,0.5714285714285714,negative
43,replication_2,14,both_feet_imagery,C3,mu,8,16.51902512164841,172.29184202423446,3,0.375,positive
43,replication_2,6,both_feet_imagery,Cz,mu,7,-25.47308285558621,83.73223052105536,4,0.5714285714285714,negative
43,replication_2,10,both_feet_imagery,Cz,mu,7,-24.528015753501755,16.076919493551266,6,0.8571428571428571,negative
43,replication_2,14,both_feet_imagery,Cz,mu,8,-0.8674576779252909,68.35031902308842,4,0.5,negative
43,replication_2,6,both_feet_imagery,C4,mu,7,-41.44445229235178,24.213667192741966,6,0.8571428571428571,negative
43,replication_2,10,both_feet_imagery,C4,mu,7,-26.697409433656208,76.0683317523358,5,0.7142857142857143,negative
43,replication_2,14,both_feet_imagery,C4,mu,8,11.571303489468187,48.33955551806449,3,0.375,positive
43,replication_2,6,both_feet_imagery,Cz,beta,7,10.186679441512874,51.117489805382846,2,0.2857142857142857,positive
43,replication_2,10,both_feet_imagery,Cz,beta,7,15.983591339011362,104.94645558913746,3,0.42857142857142855,positive
43,replication_2,14,both_feet_imagery,Cz,beta,8,34.58707640842225,61.973601534972246,1,0.125,positive
44,replication_2,6,both_fists_imagery,C4,central_12_13,8,-32.81749273837175,38.24203684037884,6,0.75,negative
44,replication_2,10,both_fists_imagery,C4,central_12_13,8,-54.433833144591496,121.73631419420643,5,0.625,negative
44,replication_2,14,both_fists_imagery,C4,central_12_13,7,-63.0931192251212,41.1484367924757,5,0.7142857142857143,negative
44,replication_2,6,both_fists_imagery,C3,central_12_13,8,-10.582088371323287,94.8341335199849,4,0.5,negative
44,replication_2,10,both_fists_imagery,C3,central_12_13,8,-47.7419508156535,79.97606831353747,5,0.625,negative
44,replication_2,14,both_fists_imagery,C3,central_12_13,7,3.786675461856485,123.94457524934403,3,0.42857142857142855,positive
44,replication_2,6,both_fists_imagery,C3,mu,8,-39.47471677728173,108.63409408439716,5,0.625,negative
44,replication_2,10,both_fists_imagery,C3,mu,8,-60.07353747589893,68.88593571649187,6,0.75,negative
44,replication_2,14,both_fists_imagery,C3,mu,7,-58.78576048695279,237.2801323032404,5,0.7142857142857143,negative
44,replication_2,6,both_fists_imagery,C4,mu,8,-40.308709136865076,102.79296316673172,5,0.625,negative
44,replication_2,10,both_fists_imagery,C4,mu,8,-53.72278106391106,100.95799772868625,6,0.75,negative
44,replication_2,14,both_fists_imagery,C4,mu,7,-70.42388402959445,80.99360366116309,5,0.7142857142857143,negative
44,replication_2,6,both_fists_imagery,Cz,mu,8,-26.381763697485866,19.290546241999845,7,0.875,negative
44,replication_2,10,both_fists_imagery,Cz,mu,8,-71.81396642664905,92.31945555213157,5,0.625,negative
44,replication_2,14,both_fists_imagery,Cz,mu,7,-33.08805460021876,145.03090981031866,4,0.5714285714285714,negative
44,replication_2,6,both_fists_imagery,Cz,beta,8,-20.606592671062238,28.343285637582888,6,0.75,negative
44,replication_2,10,both_fists_imagery,Cz,beta,8,-31.936578517034995,48.22245614531497,6,0.75,negative
44,replication_2,14,both_fists_imagery,Cz,beta,7,-31.451458070220294,82.53885743461291,4,0.5714285714285714,negative
44,replication_2,6,both_feet_imagery,C3,central_12_13,7,1.3051039036961345,64.97857788892145,3,0.42857142857142855,positive
44,replication_2,10,both_feet_imagery,C3,central_12_13,7,100.61075906068633,62.46728435724343,1,0.14285714285714285,positive
44,replication_2,14,both_feet_imagery,C3,central_12_13,8,-6.5001294739961155,42.56374622041479,4,0.5,negative
44,replication_2,6,both_feet_imagery,C4,central_12_13,7,-33.976012352922915,68.207698794348,5,0.7142857142857143,negative
44,replication_2,10,both_feet_imagery,C4,central_12_13,7,88.29177148608187,143.95692039564253,1,0.14285714285714285,positive
44,replication_2,14,both_feet_imagery,C4,central_12_13,8,-35.63214094265949,59.201906820014,6,0.75,negative
44,replication_2,6,both_feet_imagery,C3,mu,7,-2.739143170755727,76.47224785835742,5,0.7142857142857143,negative
44,replication_2,10,both_feet_imagery,C3,mu,7,67.40256166038195,132.892760910812,2,0.2857142857142857,positive
44,replication_2,14,both_feet_imagery,C3,mu,8,-25.395837113666637,62.91260498847899,6,0.75,negative
44,replication_2,6,both_feet_imagery,Cz,mu,7,-52.479808860865504,35.95876377587024,6,0.8571428571428571,negative
44,replication_2,10,both_feet_imagery,Cz,mu,7,33.64882746251572,108.18613179004413,3,0.42857142857142855,positive
44,replication_2,14,both_feet_imagery,Cz,mu,8,-33.330242036037205,70.14011512944053,5,0.625,negative
44,replication_2,6,both_feet_imagery,C4,mu,7,-53.59044107245533,77.18826968884784,5,0.7142857142857143,negative
44,replication_2,10,both_feet_imagery,C4,mu,7,19.73635274798271,176.44949523905552,3,0.42857142857142855,positive
44,replication_2,14,both_feet_imagery,C4,mu,8,-57.87899711564813,67.40889247080842,6,0.75,negative
44,replication_2,6,both_feet_imagery,Cz,beta,7,-18.3485219508822,49.786954875052395,4,0.5714285714285714,negative
44,replication_2,10,both_feet_imagery,Cz,beta,7,39.76567029567909,83.99870395898955,2,0.2857142857142857,positive
44,replication_2,14,both_feet_imagery,Cz,beta,8,-11.355147939376213,72.56815783303236,4,0.5,negative
45,replication_2,6,both_fists_imagery,C4,central_12_13,8,-22.453139509879524,30.773909207189703,6,0.75,negative
45,replication_2,10,both_fists_imagery,C4,central_12_13,8,-61.280719376661864,69.50504712586628,6,0.75,negative
45,replication_2,14,both_fists_imagery,C4,central_12_13,8,-59.68084811055542,45.55741660141801,6,0.75,negative
45,replication_2,6,both_fists_imagery,C3,central_12_13,8,-30.129934940178067,42.6743785449939,6,0.75,negative
45,replication_2,10,both_fists_imagery,C3,central_12_13,8,-64.77758604137321,25.130427371965176,7,0.875,negative
45,replication_2,14,both_fists_imagery,C3,central_12_13,8,-61.37755222492008,30.88392475136392,7,0.875,negative
45,replication_2,6,both_fists_imagery,C3,mu,8,-34.47619590944656,38.91661544142524,6,0.75,negative
45,replication_2,10,both_fists_imagery,C3,mu,8,-48.889304126078784,23.633209877271234,7,0.875,negative
45,replication_2,14,both_fists_imagery,C3,mu,8,-44.78029703008748,44.661433696854374,8,1.0,negative
45,replication_2,6,both_fists_imagery,C4,mu,8,-14.004467737708024,76.83246974570523,4,0.5,negative
45,replication_2,10,both_fists_imagery,C4,mu,8,-54.70550448090561,59.81115789585594,6,0.75,negative
45,replication_2,14,both_fists_imagery,C4,mu,8,-31.541057676517262,63.89663074905375,6,0.75,negative
45,replication_2,6,both_fists_imagery,Cz,mu,8,-35.90656301306518,39.80118014410667,6,0.75,negative
45,replication_2,10,both_fists_imagery,Cz,mu,8,-52.28978487949857,68.6377406391095,6,0.75,negative
45,replication_2,14,both_fists_imagery,Cz,mu,8,-29.357322628006973,82.06767255680197,5,0.625,negative
45,replication_2,6,both_fists_imagery,Cz,beta,8,-52.379989688281285,22.492682442832653,8,1.0,negative
45,replication_2,10,both_fists_imagery,Cz,beta,8,-52.435925506461366,12.872406728139417,8,1.0,negative
45,replication_2,14,both_fists_imagery,Cz,beta,8,-56.862468058933146,18.759556027425468,7,0.875,negative
45,replication_2,6,both_feet_imagery,C3,central_12_13,7,2.2234153505350682,56.61523925754883,3,0.42857142857142855,positive
45,replication_2,10,both_feet_imagery,C3,central_12_13,7,-58.210998422243975,35.034959594239055,7,1.0,negative
45,replication_2,14,both_feet_imagery,C3,central_12_13,7,-34.76880289673103,120.83527635594938,5,0.7142857142857143,negative
45,replication_2,6,both_feet_imagery,C4,central_12_13,7,-19.16457663758151,64.00310781307772,5,0.7142857142857143,negative
45,replication_2,10,both_feet_imagery,C4,central_12_13,7,-62.97455002973461,31.41652655141671,6,0.8571428571428571,negative
45,replication_2,14,both_feet_imagery,C4,central_12_13,7,-35.110347564407704,105.1823892846584,5,0.7142857142857143,negative
45,replication_2,6,both_feet_imagery,C3,mu,7,-12.814132609863956,68.43943233663028,4,0.5714285714285714,negative
45,replication_2,10,both_feet_imagery,C3,mu,7,-42.931191952404525,58.45165965733911,6,0.8571428571428571,negative
45,replication_2,14,both_feet_imagery,C3,mu,7,-34.996323107270634,143.3199615910527,4,0.5714285714285714,negative
45,replication_2,6,both_feet_imagery,Cz,mu,7,-7.492346518576709,96.54110066406807,4,0.5714285714285714,negative
45,replication_2,10,both_feet_imagery,Cz,mu,7,-41.15156992839982,35.06292643288521,6,0.8571428571428571,negative
45,replication_2,14,both_feet_imagery,Cz,mu,7,8.94061396854771,103.62706193880129,3,0.42857142857142855,positive
45,replication_2,6,both_feet_imagery,C4,mu,7,-14.40095121779159,58.40988983128911,4,0.5714285714285714,negative
45,replication_2,10,both_feet_imagery,C4,mu,7,-61.02074056651235,53.3915730033971,6,0.8571428571428571,negative
45,replication_2,14,both_feet_imagery,C4,mu,7,-12.05158080884,94.30147300773386,5,0.7142857142857143,negative
45,replication_2,6,both_feet_imagery,Cz,beta,7,-56.44281170117061,34.38151318621083,7,1.0,negative
45,replication_2,10,both_feet_imagery,Cz,beta,7,-61.66734913396734,32.73376956372645,6,0.8571428571428571,negative
45,replication_2,14,both_feet_imagery,Cz,beta,7,-47.593981689806576,32.70978166001288,6,0.8571428571428571,negative
46,replication_2,6,both_fists_imagery,C4,central_12_13,8,11.412489573460395,45.182342440821415,3,0.375,positive
46,replication_2,10,both_fists_imagery,C4,central_12_13,7,-22.881157625478874,85.92662626542001,4,0.5714285714285714,negative
46,replication_2,14,both_fists_imagery,C4,central_12_13,7,-38.24056386318497,21.38785033027729,6,0.8571428571428571,negative
46,replication_2,6,both_fists_imagery,C3,central_12_13,8,-25.76487901850991,39.081602232648216,7,0.875,negative
46,replication_2,10,both_fists_imagery,C3,central_12_13,7,-1.5928504542193112,81.11957154704139,4,0.5714285714285714,negative
46,replication_2,14,both_fists_imagery,C3,central_12_13,7,-38.201409770599895,45.59948497512946,5,0.7142857142857143,negative
46,replication_2,6,both_fists_imagery,C3,mu,8,-35.17152742680048,23.159383775347607,7,0.875,negative
46,replication_2,10,both_fists_imagery,C3,mu,7,4.812740390793948,73.38505509743355,2,0.2857142857142857,positive
46,replication_2,14,both_fists_imagery,C3,mu,7,-28.549652172591355,29.248009440168854,7,1.0,negative
46,replication_2,6,both_fists_imagery,C4,mu,8,-9.851747950898194,70.8558665347763,5,0.625,negative
46,replication_2,10,both_fists_imagery,C4,mu,7,-15.023792421883119,34.49917571310247,4,0.5714285714285714,negative
46,replication_2,14,both_fists_imagery,C4,mu,7,-39.031800078010235,31.93681616284292,7,1.0,negative
46,replication_2,6,both_fists_imagery,Cz,mu,8,-37.64838490526398,27.985759956410735,6,0.75,negative
46,replication_2,10,both_fists_imagery,Cz,mu,7,13.767792394901083,54.28674042928306,3,0.42857142857142855,positive
46,replication_2,14,both_fists_imagery,Cz,mu,7,-12.232104754799376,35.8592189180683,5,0.7142857142857143,negative
46,replication_2,6,both_fists_imagery,Cz,beta,8,-24.202926330637716,19.962436723669683,6,0.75,negative
46,replication_2,10,both_fists_imagery,Cz,beta,7,8.055605251060724,41.54440715212033,3,0.42857142857142855,positive
46,replication_2,14,both_fists_imagery,Cz,beta,7,-26.259464677347943,18.576335018389027,6,0.8571428571428571,negative
46,replication_2,6,both_feet_imagery,C3,central_12_13,7,-14.199973953026406,74.08349429496185,4,0.5714285714285714,negative
46,replication_2,10,both_feet_imagery,C3,central_12_13,8,-16.0487286403145,56.192823413090004,5,0.625,negative
46,replication_2,14,both_feet_imagery,C3,central_12_13,8,2.453679055350681,32.082803755364736,3,0.375,positive
46,replication_2,6,both_feet_imagery,C4,central_12_13,7,49.77229491780331,63.1958312642441,2,0.2857142857142857,positive
46,replication_2,10,both_feet_imagery,C4,central_12_13,8,46.62919391891737,63.28527469385469,2,0.25,positive
46,replication_2,14,both_feet_imagery,C4,central_12_13,8,4.6215236613147335,69.72963101465571,4,0.5,positive
46,replication_2,6,both_feet_imagery,C3,mu,7,-10.452098579926068,62.578883141008546,4,0.5714285714285714,negative
46,replication_2,10,both_feet_imagery,C3,mu,8,-1.0388970974978806,71.63290051690683,5,0.625,negative
46,replication_2,14,both_feet_imagery,C3,mu,8,2.24023046979773,40.73885240425671,4,0.5,positive
46,replication_2,6,both_feet_imagery,Cz,mu,7,-0.7638876627999821,62.358337114371224,4,0.5714285714285714,negative
46,replication_2,10,both_feet_imagery,Cz,mu,8,13.401231358595755,58.28002277007487,2,0.25,positive
46,replication_2,14,both_feet_imagery,Cz,mu,8,3.504134087870035,34.94532639819229,4,0.5,positive
46,replication_2,6,both_feet_imagery,C4,mu,7,4.180915578539077,42.35750506589142,3,0.42857142857142855,positive
46,replication_2,10,both_feet_imagery,C4,mu,8,19.557767624834277,49.43310910167111,2,0.25,positive
46,replication_2,14,both_feet_imagery,C4,mu,8,8.45145950974073,22.899244958201955,2,0.25,positive
46,replication_2,6,both_feet_imagery,Cz,beta,7,-22.987284544219957,47.60180391842554,4,0.5714285714285714,negative
46,replication_2,10,both_feet_imagery,Cz,beta,8,-10.572340272557481,17.051917528827737,6,0.75,negative
46,replication_2,14,both_feet_imagery,Cz,beta,8,-18.62820746556772,29.151054260230595,6,0.75,negative
47,replication_2,6,both_fists_imagery,C4,central_12_13,8,8.104532571198202,89.61856826964683,3,0.375,positive
47,replication_2,10,both_fists_imagery,C4,central_12_13,7,-20.779480938866577,44.09350870527841,4,0.5714285714285714,negative
47,replication_2,14,both_fists_imagery,C4,central_12_13,8,-13.056875912514402,53.75575183115513,5,0.625,negative
47,replication_2,6,both_fists_imagery,C3,central_12_13,8,-4.405277567687369,62.13995367899077,4,0.5,negative
47,replication_2,10,both_fists_imagery,C3,central_12_13,7,31.766156104985775,122.85750049342556,3,0.42857142857142855,positive
47,replication_2,14,both_fists_imagery,C3,central_12_13,8,-8.237073254584757,42.7984485010194,5,0.625,negative
47,replication_2,6,both_fists_imagery,C3,mu,8,23.154304519810097,92.25407597305433,3,0.375,positive
47,replication_2,10,both_fists_imagery,C3,mu,7,-8.837389029172249,81.294425991699,4,0.5714285714285714,negative
47,replication_2,14,both_fists_imagery,C3,mu,8,2.6732148778717764,88.97496240446013,3,0.375,positive
47,replication_2,6,both_fists_imagery,C4,mu,8,-10.566643762261048,88.05070263583417,5,0.625,negative
47,replication_2,10,both_fists_imagery,C4,mu,7,-20.495366626914727,43.35992610099677,4,0.5714285714285714,negative
47,replication_2,14,both_fists_imagery,C4,mu,8,-12.433671929137008,70.9739667964456,5,0.625,negative
47,replication_2,6,both_fists_imagery,Cz,mu,8,0.9209485214441475,111.87232780967886,4,0.5,positive
47,replication_2,10,both_fists_imagery,Cz,mu,7,-27.38221818651325,31.007510587325257,5,0.7142857142857143,negative
47,replication_2,14,both_fists_imagery,Cz,mu,8,-28.223176226825515,96.6454565500926,5,0.625,negative
47,replication_2,6,both_fists_imagery,Cz,beta,8,-11.026428824442062,61.16307102431537,4,0.5,negative
47,replication_2,10,both_fists_imagery,Cz,beta,7,-7.191584106931961,60.78041381308563,5,0.7142857142857143,negative
47,replication_2,14,both_fists_imagery,Cz,beta,8,-5.366748772418529,66.82516402930196,5,0.625,negative
47,replication_2,6,both_feet_imagery,C3,central_12_13,7,21.078644931797275,93.23156566429121,3,0.42857142857142855,positive
47,replication_2,10,both_feet_imagery,C3,central_12_13,8,42.91209487625392,84.58943029607583,2,0.25,positive
47,replication_2,14,both_feet_imagery,C3,central_12_13,7,-15.25308311336161,32.92200401856278,5,0.7142857142857143,negative
47,replication_2,6,both_feet_imagery,C4,central_12_13,7,-4.8482597493204755,46.613621103594255,5,0.7142857142857143,negative
47,replication_2,10,both_feet_imagery,C4,central_12_13,8,4.239691440521796,62.40963457913007,3,0.375,positive
47,replication_2,14,both_feet_imagery,C4,central_12_13,7,-30.6353285794379,58.21869986533489,5,0.7142857142857143,negative
47,replication_2,6,both_feet_imagery,C3,mu,7,-14.767531261562553,87.50179089684664,4,0.5714285714285714,negative
47,replication_2,10,both_feet_imagery,C3,mu,8,46.754818383999776,77.79267394806327,2,0.25,positive
47,replication_2,14,both_feet_imagery,C3,mu,7,-43.95323530875841,83.89923601140215,4,0.5714285714285714,negative
47,replication_2,6,both_feet_imagery,Cz,mu,7,-24.803942228078792,95.63682990004956,4,0.5714285714285714,negative
47,replication_2,10,both_feet_imagery,Cz,mu,8,1.142461989337387,91.50947018415468,4,0.5,positive
47,replication_2,14,both_feet_imagery,Cz,mu,7,-46.66762216452851,84.07037982470304,5,0.7142857142857143,negative
47,replication_2,6,both_feet_imagery,C4,mu,7,-19.733427735343962,56.08884379102585,5,0.7142857142857143,negative
47,replication_2,10,both_feet_imagery,C4,mu,8,-3.301197662061768,104.1468197560539,5,0.625,negative
47,replication_2,14,both_feet_imagery,C4,mu,7,-36.96001541184989,36.79469558197731,5,0.7142857142857143,negative
47,replication_2,6,both_feet_imagery,Cz,beta,7,-7.447543264762204,48.026625704830685,4,0.5714285714285714,negative
47,replication_2,10,both_feet_imagery,Cz,beta,8,40.632632109677715,53.62590483233128,2,0.25,positive
47,replication_2,14,both_feet_imagery,Cz,beta,7,-25.98080229390038,17.162313656707724,6,0.8571428571428571,negative
48,replication_2,6,both_fists_imagery,C4,central_12_13,8,-26.074824244767576,34.242069208838274,6,0.75,negative
48,replication_2,10,both_fists_imagery,C4,central_12_13,8,-17.929233453738355,105.08905224607516,4,0.5,negative
48,replication_2,14,both_fists_imagery,C4,central_12_13,8,-32.04930052754208,97.6226074512851,5,0.625,negative
48,replication_2,6,both_fists_imagery,C3,central_12_13,8,-65.59263421034562,18.396184999340242,8,1.0,negative
48,replication_2,10,both_fists_imagery,C3,central_12_13,8,-61.920541162279626,42.89061728344821,6,0.75,negative
48,replication_2,14,both_fists_imagery,C3,central_12_13,8,-75.58993135796047,66.04147219953315,8,1.0,negative
48,replication_2,6,both_fists_imagery,C3,mu,8,-52.42427711079033,14.264445661504247,8,1.0,negative
48,replication_2,10,both_fists_imagery,C3,mu,8,-71.52661911435743,33.77797286692643,7,0.875,negative
48,replication_2,14,both_fists_imagery,C3,mu,8,-73.62953205639006,25.426320600534595,8,1.0,negative
48,replication_2,6,both_fists_imagery,C4,mu,8,-34.67626398952001,52.58867058170013,6,0.75,negative
48,replication_2,10,both_fists_imagery,C4,mu,8,-30.030761990835327,104.41179663030604,5,0.625,negative
48,replication_2,14,both_fists_imagery,C4,mu,8,-27.324222271772697,50.556365557404995,7,0.875,negative
48,replication_2,6,both_fists_imagery,Cz,mu,8,-18.119100605823295,65.89295790256601,5,0.625,negative
48,replication_2,10,both_fists_imagery,Cz,mu,8,-50.85449276835262,26.961192646419633,8,1.0,negative
48,replication_2,14,both_fists_imagery,Cz,mu,8,-17.3918702892464,44.18956066389006,5,0.625,negative
48,replication_2,6,both_fists_imagery,Cz,beta,8,-28.259361622665647,33.445259972090724,6,0.75,negative
48,replication_2,10,both_fists_imagery,Cz,beta,8,-29.253460127886417,31.413819742188906,6,0.75,negative
48,replication_2,14,both_fists_imagery,Cz,beta,8,-43.52586035743029,41.50955677366996,8,1.0,negative
48,replication_2,6,both_feet_imagery,C3,central_12_13,7,-52.10336049634129,37.715607536740166,6,0.8571428571428571,negative
48,replication_2,10,both_feet_imagery,C3,central_12_13,7,-58.44501204047361,39.16217530715147,6,0.8571428571428571,negative
48,replication_2,14,both_feet_imagery,C3,central_12_13,7,-67.07058547650466,26.011757094981945,7,1.0,negative
48,replication_2,6,both_feet_imagery,C4,central_12_13,7,-5.643147567843773,38.776595741613505,4,0.5714285714285714,negative
48,replication_2,10,both_feet_imagery,C4,central_12_13,7,-29.651736939742367,47.57104492602382,5,0.7142857142857143,negative
48,replication_2,14,both_feet_imagery,C4,central_12_13,7,-17.587523591430838,85.04435501424086,4,0.5714285714285714,negative
48,replication_2,6,both_feet_imagery,C3,mu,7,-63.670566787866726,33.752273711954814,7,1.0,negative
48,replication_2,10,both_feet_imagery,C3,mu,7,-69.94994610077892,29.489409770222196,7,1.0,negative
48,replication_2,14,both_feet_imagery,C3,mu,7,-70.38072471745683,18.13603060204406,7,1.0,negative
48,replication_2,6,both_feet_imagery,Cz,mu,7,-63.2158691827092,50.64532944638427,6,0.8571428571428571,negative
48,replication_2,10,both_feet_imagery,Cz,mu,7,-60.06268887713876,21.38845952813307,7,1.0,negative
48,replication_2,14,both_feet_imagery,Cz,mu,7,-46.94534041014227,35.75551324636831,6,0.8571428571428571,negative
48,replication_2,6,both_feet_imagery,C4,mu,7,-47.12274331968595,48.792659451377844,7,1.0,negative
48,replication_2,10,both_feet_imagery,C4,mu,7,-57.48569651106862,31.342276072146262,7,1.0,negative
48,replication_2,14,both_feet_imagery,C4,mu,7,36.75913370717996,140.58626551250597,3,0.42857142857142855,positive
48,replication_2,6,both_feet_imagery,Cz,beta,7,-40.21133104931218,71.32342366025608,4,0.5714285714285714,negative
48,replication_2,10,both_feet_imagery,Cz,beta,7,-51.74447678759787,34.34411695872061,6,0.8571428571428571,negative
48,replication_2,14,both_feet_imagery,Cz,beta,7,-47.25706415804493,33.058736450161774,6,0.8571428571428571,negative
49,replication_2,6,both_fists_imagery,C4,central_12_13,7,-21.70716453417356,22.288053516702483,6,0.8571428571428571,negative
49,replication_2,10,both_fists_imagery,C4,central_12_13,7,-58.71767990547503,46.725480175739605,6,0.8571428571428571,negative
49,replication_2,14,both_fists_imagery,C4,central_12_13,7,-40.73754717877497,44.7610191622621,5,0.7142857142857143,negative
49,replication_2,6,both_fists_imagery,C3,central_12_13,7,5.707197322713825,45.78461669170628,3,0.42857142857142855,positive
49,replication_2,10,both_fists_imagery,C3,central_12_13,7,-32.15997617043332,33.04573397355868,5,0.7142857142857143,negative
49,replication_2,14,both_fists_imagery,C3,central_12_13,7,-47.662454658472406,18.82100592782239,6,0.8571428571428571,negative
49,replication_2,6,both_fists_imagery,C3,mu,7,-8.602515000220741,31.121193868312666,5,0.7142857142857143,negative
49,replication_2,10,both_fists_imagery,C3,mu,7,-8.466680946787106,34.141467392417034,5,0.7142857142857143,negative
49,replication_2,14,both_fists_imagery,C3,mu,7,-41.17833567898667,38.45533122274013,6,0.8571428571428571,negative
49,replication_2,6,both_fists_imagery,C4,mu,7,-17.470162684373044,12.807252044643489,6,0.8571428571428571,negative
49,replication_2,10,both_fists_imagery,C4,mu,7,-47.04221786118309,46.49497721718925,5,0.7142857142857143,negative
49,replication_2,14,both_fists_imagery,C4,mu,7,-58.34033867878061,50.03076438817031,5,0.7142857142857143,negative
49,replication_2,6,both_fists_imagery,Cz,mu,7,1.0231502317014136,40.551420598258865,3,0.42857142857142855,positive
49,replication_2,10,both_fists_imagery,Cz,mu,7,-14.20642582624178,38.7046634679245,5,0.7142857142857143,negative
49,replication_2,14,both_fists_imagery,Cz,mu,7,-18.102424556316375,66.67843279404423,5,0.7142857142857143,negative
49,replication_2,6,both_fists_imagery,Cz,beta,7,-33.670684482467976,28.660275165405135,6,0.8571428571428571,negative
49,replication_2,10,both_fists_imagery,Cz,beta,7,-30.20506592959077,21.445650967208437,6,0.8571428571428571,negative
49,replication_2,14,both_fists_imagery,Cz,beta,7,-34.420996666591165,50.52696118788078,5,0.7142857142857143,negative
49,replication_2,6,both_feet_imagery,C3,central_12_13,8,-24.471958264539087,53.81187340348846,5,0.625,negative
49,replication_2,10,both_feet_imagery,C3,central_12_13,8,-8.428638439938887,140.80645459373164,4,0.5,negative
49,replication_2,14,both_feet_imagery,C3,central_12_13,8,-39.83335748814821,42.395439151990374,6,0.75,negative
49,replication_2,6,both_feet_imagery,C4,central_12_13,8,-42.13098557329138,36.524273912631166,7,0.875,negative
49,replication_2,10,both_feet_imagery,C4,central_12_13,8,-5.146786947067083,79.48280757212491,5,0.625,negative
49,replication_2,14,both_feet_imagery,C4,central_12_13,8,-17.00470148811406,48.44906702478803,4,0.5,negative
49,replication_2,6,both_feet_imagery,C3,mu,8,-38.347148858459796,36.69081485748515,6,0.75,negative
49,replication_2,10,both_feet_imagery,C3,mu,8,-5.430173164003149,40.486306682929346,5,0.625,negative
49,replication_2,14,both_feet_imagery,C3,mu,8,-39.693429764512786,45.60334421024211,6,0.75,negative
49,replication_2,6,both_feet_imagery,Cz,mu,8,-21.80642136334444,33.17643274101455,8,1.0,negative
49,replication_2,10,both_feet_imagery,Cz,mu,8,23.810136306386216,90.4617166350388,3,0.375,positive
49,replication_2,14,both_feet_imagery,Cz,mu,8,-25.407350021060815,50.24930304538518,6,0.75,negative
49,replication_2,6,both_feet_imagery,C4,mu,8,-51.096651039193944,22.9782451131639,8,1.0,negative
49,replication_2,10,both_feet_imagery,C4,mu,8,-4.142572803808722,57.6651975697214,4,0.5,negative
49,replication_2,14,both_feet_imagery,C4,mu,8,-32.0402215959965,30.369653054692147,7,0.875,negative
49,replication_2,6,both_feet_imagery,Cz,beta,8,-1.2387001865781526,91.38128734482048,4,0.5,negative
49,replication_2,10,both_feet_imagery,Cz,beta,8,46.12637144618333,34.29154816854644,1,0.125,positive
49,replication_2,14,both_feet_imagery,Cz,beta,8,-10.912637737174915,75.65557490692207,5,0.625,negative
50,replication_2,6,both_fists_imagery,C4,central_12_13,8,52.7410670817521,72.39371978311425,1,0.125,positive
50,replication_2,10,both_fists_imagery,C4,central_12_13,8,43.544687315403884,42.805224322154885,1,0.125,positive
50,replication_2,14,both_fists_imagery,C4,central_12_13,8,3.3385532764741015,70.29995269063129,4,0.5,positive
50,replication_2,6,both_fists_imagery,C3,central_12_13,8,-7.463487792786097,45.533969454357454,5,0.625,negative
50,replication_2,10,both_fists_imagery,C3,central_12_13,8,-35.64007291068192,30.793436874609114,7,0.875,negative
50,replication_2,14,both_fists_imagery,C3,central_12_13,8,-16.264427381121536,36.73293475506789,6,0.75,negative
50,replication_2,6,both_fists_imagery,C3,mu,8,3.3136984682154904,28.057430181141648,3,0.375,positive
50,replication_2,10,both_fists_imagery,C3,mu,8,-38.08632208349,65.44315344568005,5,0.625,negative
50,replication_2,14,both_fists_imagery,C3,mu,8,-22.407661199801268,32.92334427306468,5,0.625,negative
50,replication_2,6,both_fists_imagery,C4,mu,8,24.610336872096248,66.01388849870679,2,0.25,positive
50,replication_2,10,both_fists_imagery,C4,mu,8,16.360337132625826,83.33829632118088,3,0.375,positive
50,replication_2,14,both_fists_imagery,C4,mu,8,-15.810954946386056,51.255861787358484,5,0.625,negative
50,replication_2,6,both_fists_imagery,Cz,mu,8,3.687039184995469,47.787099364414416,3,0.375,positive
50,replication_2,10,both_fists_imagery,Cz,mu,8,-11.939934233698843,57.35364294112462,5,0.625,negative
50,replication_2,14,both_fists_imagery,Cz,mu,8,8.645004351122758,49.281864341563825,3,0.375,positive
50,replication_2,6,both_fists_imagery,Cz,beta,8,-0.28096369115893816,53.16149370893674,4,0.5,negative
50,replication_2,10,both_fists_imagery,Cz,beta,8,-2.835308948989823,8.727279818707842,6,0.75,negative
50,replication_2,14,both_fists_imagery,Cz,beta,8,-3.939362297650372,39.4988886006521,4,0.5,negative
50,replication_2,6,both_feet_imagery,C3,central_12_13,7,8.714975312157266,74.60091122292175,3,0.42857142857142855,positive
50,replication_2,10,both_feet_imagery,C3,central_12_13,7,26.431870966470008,85.85322339363468,2,0.2857142857142857,positive
50,replication_2,14,both_feet_imagery,C3,central_12_13,7,-21.81598363361634,65.86873987761868,5,0.7142857142857143,negative
50,replication_2,6,both_feet_imagery,C4,central_12_13,7,20.210539001849174,70.48422079724281,3,0.42857142857142855,positive
50,replication_2,10,both_feet_imagery,C4,central_12_13,7,34.565236506593145,48.97735533216867,1,0.14285714285714285,positive
50,replication_2,14,both_feet_imagery,C4,central_12_13,7,51.88763898800543,66.65753684021017,0,0.0,positive
50,replication_2,6,both_feet_imagery,C3,mu,7,-3.7643474121055096,52.623490469538716,4,0.5714285714285714,negative
50,replication_2,10,both_feet_imagery,C3,mu,7,36.21304697145375,85.17144134805417,2,0.2857142857142857,positive
50,replication_2,14,both_feet_imagery,C3,mu,7,2.469080963998479,41.93118788079519,3,0.42857142857142855,positive
50,replication_2,6,both_feet_imagery,Cz,mu,7,-10.63754675407225,46.601182458338165,4,0.5714285714285714,negative
50,replication_2,10,both_feet_imagery,Cz,mu,7,12.135680237735935,58.23792231564964,3,0.42857142857142855,positive
50,replication_2,14,both_feet_imagery,Cz,mu,7,44.97170050996843,74.0828732621769,2,0.2857142857142857,positive
50,replication_2,6,both_feet_imagery,C4,mu,7,-14.206438642133216,69.382130729121,4,0.5714285714285714,negative
50,replication_2,10,both_feet_imagery,C4,mu,7,44.1590239920542,51.91786738667835,2,0.2857142857142857,positive
50,replication_2,14,both_feet_imagery,C4,mu,7,37.42243025895429,48.58133881283047,0,0.0,positive
50,replication_2,6,both_feet_imagery,Cz,beta,7,9.260594622075812,13.276056725170799,2,0.2857142857142857,positive
50,replication_2,10,both_feet_imagery,Cz,beta,7,-28.462806990603656,27.051554268790564,5,0.7142857142857143,negative
50,replication_2,14,both_feet_imagery,Cz,beta,7,4.183165841669574,28.223205740202026,3,0.42857142857142855,positive
51,replication_2,6,both_fists_imagery,C4,central_12_13,7,4.262685117043732,44.40950429014381,3,0.42857142857142855,positive
51,replication_2,10,both_fists_imagery,C4,central_12_13,7,-27.002948928868907,44.64453822906369,5,0.7142857142857143,negative
51,replication_2,14,both_fists_imagery,C4,central_12_13,7,-8.740350009599169,62.63081501897125,4,0.5714285714285714,negative
51,replication_2,6,both_fists_imagery,C3,central_12_13,7,-29.57423053815007,25.061952364666254,6,0.8571428571428571,negative
51,replication_2,10,both_fists_imagery,C3,central_12_13,7,5.274963672086059,89.03805678480435,3,0.42857142857142855,positive
51,replication_2,14,both_fists_imagery,C3,central_12_13,7,29.545478644699028,43.37932709072551,2,0.2857142857142857,positive
51,replication_2,6,both_fists_imagery,C3,mu,7,-41.401333753133066,15.750420795575018,6,0.8571428571428571,negative
51,replication_2,10,both_fists_imagery,C3,mu,7,-19.59884980952016,70.66893101040316,5,0.7142857142857143,negative
51,replication_2,14,both_fists_imagery,C3,mu,7,-24.115462911761117,84.44750008922634,4,0.5714285714285714,negative
51,replication_2,6,both_fists_imagery,C4,mu,7,-2.1440702151539743,53.077704516399834,4,0.5714285714285714,negative
51,replication_2,10,both_fists_imagery,C4,mu,7,-32.44401616920666,54.945275858180665,5,0.7142857142857143,negative
51,replication_2,14,both_fists_imagery,C4,mu,7,-29.83808273911375,57.50116522471281,4,0.5714285714285714,negative
51,replication_2,6,both_fists_imagery,Cz,mu,7,-9.076638906179975,49.86997181534695,4,0.5714285714285714,negative
51,replication_2,10,both_fists_imagery,Cz,mu,7,-22.30243419173088,29.531924033081275,5,0.7142857142857143,negative
51,replication_2,14,both_fists_imagery,Cz,mu,7,-11.062424856621806,28.769550731729453,7,1.0,negative
51,replication_2,6,both_fists_imagery,Cz,beta,7,-22.120726240368203,14.471840089527557,6,0.8571428571428571,negative
51,replication_2,10,both_fists_imagery,Cz,beta,7,-37.42719584043437,23.81455014695733,7,1.0,negative
51,replication_2,14,both_fists_imagery,Cz,beta,7,-24.453925348368788,15.59817417232766,7,1.0,negative
51,replication_2,6,both_feet_imagery,C3,central_12_13,7,-19.45948611520093,61.118725290301455,4,0.5714285714285714,negative
51,replication_2,10,both_feet_imagery,C3,central_12_13,7,-6.010231469385746,55.594402929632764,4,0.5714285714285714,negative
51,replication_2,14,both_feet_imagery,C3,central_12_13,7,-25.539835189370493,44.70379520233999,6,0.8571428571428571,negative
51,replication_2,6,both_feet_imagery,C4,central_12_13,7,-31.838720227155083,66.25823658246182,4,0.5714285714285714,negative
51,replication_2,10,both_feet_imagery,C4,central_12_13,7,17.393416637899268,58.74075996939416,2,0.2857142857142857,positive
51,replication_2,14,both_feet_imagery,C4,central_12_13,7,-15.635069055223001,61.41448539712725,4,0.5714285714285714,negative
51,replication_2,6,both_feet_imagery,C3,mu,7,4.5377539175171595,42.63476569536701,3,0.42857142857142855,positive
51,replication_2,10,both_feet_imagery,C3,mu,7,-3.4785588137790215,39.734330880011996,4,0.5714285714285714,negative
51,replication_2,14,both_feet_imagery,C3,mu,7,-41.22099402001404,22.690192518474653,7,1.0,negative
51,replication_2,6,both_feet_imagery,Cz,mu,7,-3.3040468029797028,37.33516638191831,4,0.5714285714285714,negative
51,replication_2,10,both_feet_imagery,Cz,mu,7,-10.092994488617583,31.835658750784294,4,0.5714285714285714,negative
51,replication_2,14,both_feet_imagery,Cz,mu,7,-3.0652199604992227,41.116517444650924,4,0.5714285714285714,negative
51,replication_2,6,both_feet_imagery,C4,mu,7,-32.75763151221791,49.678837243326186,5,0.7142857142857143,negative
51,replication_2,10,both_feet_imagery,C4,mu,7,-8.988048531106216,39.117813118836594,5,0.7142857142857143,negative
51,replication_2,14,both_feet_imagery,C4,mu,7,-18.398350013102384,23.29358601733424,6,0.8571428571428571,negative
51,replication_2,6,both_feet_imagery,Cz,beta,7,-37.10724423765916,22.66912328293647,6,0.8571428571428571,negative
51,replication_2,10,both_feet_imagery,Cz,beta,7,-31.889758013868935,17.385934285248922,6,0.8571428571428571,negative
51,replication_2,14,both_feet_imagery,Cz,beta,7,-36.71986474943024,21.57673526885892,6,0.8571428571428571,negative
52,replication_2,6,both_fists_imagery,C4,central_12_13,7,-78.51257020258427,36.54551331592049,7,1.0,negative
52,replication_2,10,both_fists_imagery,C4,central_12_13,7,-8.799479058110693,162.16543889088769,4,0.5714285714285714,negative
52,replication_2,14,both_fists_imagery,C4,central_12_13,8,-56.02555076474215,20.885454086175493,7,0.875,negative
52,replication_2,6,both_fists_imagery,C3,central_12_13,7,-84.9244738227757,11.805695712951987,6,0.8571428571428571,negative
52,replication_2,10,both_fists_imagery,C3,central_12_13,7,-34.65491368321598,91.34853207676784,5,0.7142857142857143,negative
52,replication_2,14,both_fists_imagery,C3,central_12_13,8,-70.14343145167524,43.33654540338987,6,0.75,negative
52,replication_2,6,both_fists_imagery,C3,mu,7,-80.23943592774671,21.707774025893485,7,1.0,negative
52,replication_2,10,both_fists_imagery,C3,mu,7,6.134447584397063,99.77432847382501,3,0.42857142857142855,positive
52,replication_2,14,both_fists_imagery,C3,mu,8,-73.20508749758531,50.223255803341445,6,0.75,negative
52,replication_2,6,both_fists_imagery,C4,mu,7,-70.20679409643986,54.992554767157536,7,1.0,negative
52,replication_2,10,both_fists_imagery,C4,mu,7,57.7752392856298,119.4670161829284,3,0.42857142857142855,positive
52,replication_2,14,both_fists_imagery,C4,mu,8,-50.84825063858725,53.82093286449635,6,0.75,negative
52,replication_2,6,both_fists_imagery,Cz,mu,7,-28.010709948622615,44.02244923692898,7,1.0,negative
52,replication_2,10,both_fists_imagery,Cz,mu,7,-6.030882071129863,102.66793356359184,4,0.5714285714285714,negative
52,replication_2,14,both_fists_imagery,Cz,mu,8,-14.536998082683407,89.7698133336584,4,0.5,negative
52,replication_2,6,both_fists_imagery,Cz,beta,7,6.299994256796667,25.53579651313276,3,0.42857142857142855,positive
52,replication_2,10,both_fists_imagery,Cz,beta,7,28.352762366860304,60.967785167309415,2,0.2857142857142857,positive
52,replication_2,14,both_fists_imagery,Cz,beta,8,-19.85507103507309,65.28078709187987,5,0.625,negative
52,replication_2,6,both_feet_imagery,C3,central_12_13,8,1.536380046923255,72.55757919993528,4,0.5,positive
52,replication_2,10,both_feet_imagery,C3,central_12_13,8,26.146340882770275,112.82799726576482,4,0.5,positive
52,replication_2,14,both_feet_imagery,C3,central_12_13,7,-28.448950214147256,61.27144883637021,4,0.5714285714285714,negative
52,replication_2,6,both_feet_imagery,C4,central_12_13,8,-2.4564283058542373,71.74543273591641,4,0.5,negative
52,replication_2,10,both_feet_imagery,C4,central_12_13,8,-22.79813544407792,70.29649080400348,6,0.75,negative
52,replication_2,14,both_feet_imagery,C4,central_12_13,7,9.248664515445924,156.7284158821702,3,0.42857142857142855,positive
52,replication_2,6,both_feet_imagery,C3,mu,8,-11.394385908264347,61.62370455236146,4,0.5,negative
52,replication_2,10,both_feet_imagery,C3,mu,8,21.500391627848714,88.28892648081344,4,0.5,positive
52,replication_2,14,both_feet_imagery,C3,mu,7,-20.7570688639955,45.32227901986348,5,0.7142857142857143,negative
52,replication_2,6,both_feet_imagery,Cz,mu,8,-24.963624860356777,42.731194500734695,6,0.75,negative
52,replication_2,10,both_feet_imagery,Cz,mu,8,-37.01406858983185,51.125612327878905,6,0.75,negative
52,replication_2,14,both_feet_imagery,Cz,mu,7,-29.242045321122184,116.69453246856465,4,0.5714285714285714,negative
52,replication_2,6,both_feet_imagery,C4,mu,8,-8.85095400637005,53.04314485365575,5,0.625,negative
52,replication_2,10,both_feet_imagery,C4,mu,8,-33.09554926160838,64.75711916404977,6,0.75,negative
52,replication_2,14,both_feet_imagery,C4,mu,7,7.864193327404957,140.7652185116204,3,0.42857142857142855,positive
52,replication_2,6,both_feet_imagery,Cz,beta,8,12.802184219744245,23.568982198806957,3,0.375,positive
52,replication_2,10,both_feet_imagery,Cz,beta,8,58.802133577063564,54.855989360525555,2,0.25,positive
52,replication_2,14,both_feet_imagery,Cz,beta,7,9.447436997451703,65.71737527439456,3,0.42857142857142855,positive
53,replication_2,6,both_fists_imagery,C4,central_12_13,7,-7.034766607802186,38.517660769101916,4,0.5714285714285714,negative
53,replication_2,10,both_fists_imagery,C4,central_12_13,8,-27.462619379552848,70.86897872401033,5,0.625,negative
53,replication_2,14,both_fists_imagery,C4,central_12_13,8,16.41862535112879,68.70437081664264,4,0.5,positive
53,replication_2,6,both_fists_imagery,C3,central_12_13,7,-25.78708277537884,23.683853763543134,6,0.8571428571428571,negative
53,replication_2,10,both_fists_imagery,C3,central_12_13,8,-10.164722801371866,60.76740417954957,5,0.625,negative
53,replication_2,14,both_fists_imagery,C3,central_12_13,8,-7.0040813329778775,23.52758514910258,6,0.75,negative
53,replication_2,6,both_fists_imagery,C3,mu,7,-15.06678899074362,49.60503976977455,4,0.5714285714285714,negative
53,replication_2,10,both_fists_imagery,C3,mu,8,-13.59544279520674,28.59871338638862,6,0.75,negative
53,replication_2,14,both_fists_imagery,C3,mu,8,-2.6367717172264937,29.443469182399276,4,0.5,negative
53,replication_2,6,both_fists_imagery,C4,mu,7,8.285224958577807,51.15881144250089,3,0.42857142857142855,positive
53,replication_2,10,both_fists_imagery,C4,mu,8,-26.28445284467597,41.613031852729605,6,0.75,negative
53,replication_2,14,both_fists_imagery,C4,mu,8,-11.51770855235901,49.35868902180962,5,0.625,negative
53,replication_2,6,both_fists_imagery,Cz,mu,7,30.913178078291818,48.48946670398122,2,0.2857142857142857,positive
53,replication_2,10,both_fists_imagery,Cz,mu,8,42.00839088331571,38.07594721989733,1,0.125,positive
53,replication_2,14,both_fists_imagery,Cz,mu,8,4.1630984613040125,26.63630681472631,3,0.375,positive
53,replication_2,6,both_fists_imagery,Cz,beta,7,1.6288428626887683,33.32991072255922,3,0.42857142857142855,positive
53,replication_2,10,both_fists_imagery,Cz,beta,8,-5.730241731244493,25.134115491300836,5,0.625,negative
53,replication_2,14,both_fists_imagery,Cz,beta,8,5.899964236658649,20.918050617389554,4,0.5,positive
53,replication_2,6,both_feet_imagery,C3,central_12_13,8,1.2549760883586867,60.28421286691302,4,0.5,positive
53,replication_2,10,both_feet_imagery,C3,central_12_13,7,-14.90439096378883,116.7873175225378,4,0.5714285714285714,negative
53,replication_2,14,both_feet_imagery,C3,central_12_13,7,-37.85266751480053,19.247454219016408,7,1.0,negative
53,replication_2,6,both_feet_imagery,C4,central_12_13,8,-25.362932467428774,30.721080444333435,7,0.875,negative
53,replication_2,10,both_feet_imagery,C4,central_12_13,7,47.68055787767084,123.49037274843542,3,0.42857142857142855,positive
53,replication_2,14,both_feet_imagery,C4,central_12_13,7,-21.158782192707026,18.59729476410414,6,0.8571428571428571,negative
53,replication_2,6,both_feet_imagery,C3,mu,8,-4.65730043201329,46.97718426085333,4,0.5,negative
53,replication_2,10,both_feet_imagery,C3,mu,7,-26.25091744557601,82.97219021146532,5,0.7142857142857143,negative
53,replication_2,14,both_feet_imagery,C3,mu,7,-26.17369092420561,26.90910906329075,6,0.8571428571428571,negative
53,replication_2,6,both_feet_imagery,Cz,mu,8,-27.669188683874914,37.3975072758888,5,0.625,negative
53,replication_2,10,both_feet_imagery,Cz,mu,7,-4.928073054446128,69.70622021429351,4,0.5714285714285714,negative
53,replication_2,14,both_feet_imagery,Cz,mu,7,47.14760690135613,116.47013506782635,3,0.42857142857142855,positive
53,replication_2,6,both_feet_imagery,C4,mu,8,3.6371241512946826,32.74181055767168,3,0.375,positive
53,replication_2,10,both_feet_imagery,C4,mu,7,19.629776066930503,45.04503617635059,2,0.2857142857142857,positive
53,replication_2,14,both_feet_imagery,C4,mu,7,6.761957344490909,60.72520133988815,3,0.42857142857142855,positive
53,replication_2,6,both_feet_imagery,Cz,beta,8,-22.73219335221772,19.729342142077854,6,0.75,negative
53,replication_2,10,both_feet_imagery,Cz,beta,7,12.700366024350664,37.75814270288168,1,0.14285714285714285,positive
53,replication_2,14,both_feet_imagery,Cz,beta,7,-19.68474704205081,27.986172958100017,4,0.5714285714285714,negative
54,replication_2,6,both_fists_imagery,C4,central_12_13,7,-56.45575716097756,45.95293369507939,7,1.0,negative
54,replication_2,10,both_fists_imagery,C4,central_12_13,8,-40.70352590242099,45.229577501225336,6,0.75,negative
54,replication_2,14,both_fists_imagery,C4,central_12_13,8,-67.47324167815778,42.045387782157974,7,0.875,negative
54,replication_2,6,both_fists_imagery,C3,central_12_13,7,-61.97224154723795,39.425842350080494,6,0.8571428571428571,negative
54,replication_2,10,both_fists_imagery,C3,central_12_13,8,-58.35054217649707,15.844644883733665,7,0.875,negative
54,replication_2,14,both_fists_imagery,C3,central_12_13,8,-68.67796925932424,32.722347043105536,7,0.875,negative
54,replication_2,6,both_fists_imagery,C3,mu,7,-52.83380919248053,50.03837427943394,5,0.7142857142857143,negative
54,replication_2,10,both_fists_imagery,C3,mu,8,-71.5723426962781,41.80109828055309,6,0.75,negative
54,replication_2,14,both_fists_imagery,C3,mu,8,-74.20584388065203,58.388400045636004,8,1.0,negative
54,replication_2,6,both_fists_imagery,C4,mu,7,-46.4067928379766,53.00533828640548,6,0.8571428571428571,negative
54,replication_2,10,both_fists_imagery,C4,mu,8,-38.774166251313304,96.04322557366432,5,0.625,negative
54,replication_2,14,both_fists_imagery,C4,mu,8,-75.81830370177671,42.63827379253689,7,0.875,negative
54,replication_2,6,both_fists_imagery,Cz,mu,7,-16.973422542183478,58.37160259428968,4,0.5714285714285714,negative
54,replication_2,10,both_fists_imagery,Cz,mu,8,-61.53792376869511,55.242403846507784,6,0.75,negative
54,replication_2,14,both_fists_imagery,Cz,mu,8,-28.94312839722489,113.76205177266633,4,0.5,negative
54,replication_2,6,both_fists_imagery,Cz,beta,7,-6.692513836790056,42.01617512457352,4,0.5714285714285714,negative
54,replication_2,10,both_fists_imagery,Cz,beta,8,-17.87556962129075,37.96151403443266,8,1.0,negative
54,replication_2,14,both_fists_imagery,Cz,beta,8,-29.947254561141293,59.37399202525967,5,0.625,negative
54,replication_2,6,both_feet_imagery,C3,central_12_13,8,-55.673713580496226,27.608955997835075,8,1.0,negative
54,replication_2,10,both_feet_imagery,C3,central_12_13,7,-55.644042766122794,26.147406745559373,6,0.8571428571428571,negative
54,replication_2,14,both_feet_imagery,C3,central_12_13,7,-40.92818339165588,64.27338462939439,5,0.7142857142857143,negative
54,replication_2,6,both_feet_imagery,C4,central_12_13,8,-51.365415942270715,18.566284267296304,8,1.0,negative
54,replication_2,10,both_feet_imagery,C4,central_12_13,7,-70.32924361394606,41.64323896472155,6,0.8571428571428571,negative
54,replication_2,14,both_feet_imagery,C4,central_12_13,7,-24.45730213511112,50.92003676575158,5,0.7142857142857143,negative
54,replication_2,6,both_feet_imagery,C3,mu,8,-39.5549401837578,34.30531266035984,7,0.875,negative
54,replication_2,10,both_feet_imagery,C3,mu,7,-79.20383691058355,26.361433806947424,6,0.8571428571428571,negative
54,replication_2,14,both_feet_imagery,C3,mu,7,-38.530007992648414,44.26823490088064,6,0.8571428571428571,negative
54,replication_2,6,both_feet_imagery,Cz,mu,8,-60.28970182497887,41.961287760178,7,0.875,negative
54,replication_2,10,both_feet_imagery,Cz,mu,7,-77.47494514928009,43.06654797379202,7,1.0,negative
54,replication_2,14,both_feet_imagery,Cz,mu,7,-54.95390457416827,42.35945580951079,7,1.0,negative
54,replication_2,6,both_feet_imagery,C4,mu,8,-62.922335552096015,24.218643359634598,8,1.0,negative
54,replication_2,10,both_feet_imagery,C4,mu,7,-74.73904751306992,45.473345011594745,6,0.8571428571428571,negative
54,replication_2,14,both_feet_imagery,C4,mu,7,-57.8884025873365,40.34302522919832,7,1.0,negative
54,replication_2,6,both_feet_imagery,Cz,beta,8,-27.23051973585168,37.80113506687683,6,0.75,negative
54,replication_2,10,both_feet_imagery,Cz,beta,7,-44.44726558816264,19.11970264666645,6,0.8571428571428571,negative
54,replication_2,14,both_feet_imagery,Cz,beta,7,-17.65783859051324,18.892184528893182,7,1.0,negative
55,replication_2,6,both_fists_imagery,C4,central_12_13,8,-58.71961723470197,19.636908541956444,8,1.0,negative
55,replication_2,10,both_fists_imagery,C4,central_12_13,8,-56.574930815989944,24.733629803404988,7,0.875,negative
55,replication_2,14,both_fists_imagery,C4,central_12_13,7,-36.61294353233951,20.409751801600038,6,0.8571428571428571,negative
55,replication_2,6,both_fists_imagery,C3,central_12_13,8,-39.45646636296651,22.961387159831986,7,0.875,negative
55,replication_2,10,both_fists_imagery,C3,central_12_13,8,-45.56480324970195,24.03122116312241,8,1.0,negative
55,replication_2,14,both_fists_imagery,C3,central_12_13,7,-30.183745218237085,27.821794445089736,6,0.8571428571428571,negative
55,replication_2,6,both_fists_imagery,C3,mu,8,-19.95261483784462,32.35211977398549,6,0.75,negative
55,replication_2,10,both_fists_imagery,C3,mu,8,-16.481803441415323,32.92433960529581,7,0.875,negative
55,replication_2,14,both_fists_imagery,C3,mu,7,-6.104001729783039,27.483695397018426,5,0.7142857142857143,negative
55,replication_2,6,both_fists_imagery,C4,mu,8,-44.882137135440466,30.395774368657975,8,1.0,negative
55,replication_2,10,both_fists_imagery,C4,mu,8,-40.04262678284805,41.54899388743093,6,0.75,negative
55,replication_2,14,both_fists_imagery,C4,mu,7,-35.7930126077741,40.407966671964125,5,0.7142857142857143,negative
55,replication_2,6,both_fists_imagery,Cz,mu,8,-19.534199401762777,49.32245975634194,5,0.625,negative
55,replication_2,10,both_fists_imagery,Cz,mu,8,-23.6729913617962,45.56445431079352,5,0.625,negative
55,replication_2,14,both_fists_imagery,Cz,mu,7,14.58517236006687,92.89279656495899,3,0.42857142857142855,positive
55,replication_2,6,both_fists_imagery,Cz,beta,8,-46.160757892253486,23.928817460711315,8,1.0,negative
55,replication_2,10,both_fists_imagery,Cz,beta,8,-45.22966539204119,34.74080522493553,7,0.875,negative
55,replication_2,14,both_fists_imagery,Cz,beta,7,-26.22540673051196,43.488496994945706,5,0.7142857142857143,negative
55,replication_2,6,both_feet_imagery,C3,central_12_13,7,-40.83390285242582,53.04155652413783,5,0.7142857142857143,negative
55,replication_2,10,both_feet_imagery,C3,central_12_13,7,-41.769877239398895,85.17026534163932,4,0.5714285714285714,negative
55,replication_2,14,both_feet_imagery,C3,central_12_13,8,-49.92293205594929,21.421958293133386,7,0.875,negative
55,replication_2,6,both_feet_imagery,C4,central_12_13,7,-56.117381210524506,87.56812218925762,5,0.7142857142857143,negative
55,replication_2,10,both_feet_imagery,C4,central_12_13,7,-1.0295067917846727,94.8754678592243,4,0.5714285714285714,negative
55,replication_2,14,both_feet_imagery,C4,central_12_13,8,-64.95181227277854,19.014107823173937,8,1.0,negative
55,replication_2,6,both_feet_imagery,C3,mu,7,-37.203761382452804,5.948670174399375,6,0.8571428571428571,negative
55,replication_2,10,both_feet_imagery,C3,mu,7,4.541486966309108,110.0962821915483,3,0.42857142857142855,positive
55,replication_2,14,both_feet_imagery,C3,mu,8,-38.2332347351186,31.086107464496042,7,0.875,negative
55,replication_2,6,both_feet_imagery,Cz,mu,7,-47.36200429146782,24.64577717722227,6,0.8571428571428571,negative
55,replication_2,10,both_feet_imagery,Cz,mu,7,-1.402415780635717,52.6419950603303,4,0.5714285714285714,negative
55,replication_2,14,both_feet_imagery,Cz,mu,8,-38.7335339383895,18.13495326569167,8,1.0,negative
55,replication_2,6,both_feet_imagery,C4,mu,7,-38.30296151661146,58.43316756353285,5,0.7142857142857143,negative
55,replication_2,10,both_feet_imagery,C4,mu,7,32.85693852535592,91.09232176690485,3,0.42857142857142855,positive
55,replication_2,14,both_feet_imagery,C4,mu,8,-45.72242938077555,19.771958777019286,8,1.0,negative
55,replication_2,6,both_feet_imagery,Cz,beta,7,-48.44112407569831,16.8804909190966,7,1.0,negative
55,replication_2,10,both_feet_imagery,Cz,beta,7,-29.405782638945922,27.845319243802223,6,0.8571428571428571,negative
55,replication_2,14,both_feet_imagery,Cz,beta,8,-29.371097749829538,35.445552927569196,6,0.75,negative
56,replication_2,6,both_fists_imagery,C4,central_12_13,7,-20.44622048617492,29.64806415221804,6,0.8571428571428571,negative
56,replication_2,10,both_fists_imagery,C4,central_12_13,8,-14.963749029742175,24.276339255640554,6,0.75,negative
56,replication_2,14,both_fists_imagery,C4,central_12_13,8,17.938771465612163,51.43753522696487,3,0.375,positive
56,replication_2,6,both_fists_imagery,C3,central_12_13,7,-21.832270150567297,38.31192167231276,4,0.5714285714285714,negative
56,replication_2,10,both_fists_imagery,C3,central_12_13,8,-22.4773688715692,37.027953426106755,6,0.75,negative
56,replication_2,14,both_fists_imagery,C3,central_12_13,8,23.932999010208984,30.473800205986997,1,0.125,positive
56,replication_2,6,both_fists_imagery,C3,mu,7,-22.724567209216637,76.60822522985632,4,0.5714285714285714,negative
56,replication_2,10,both_fists_imagery,C3,mu,8,-32.86128861532437,40.94028005604452,5,0.625,negative
56,replication_2,14,both_fists_imagery,C3,mu,8,24.581331068898884,66.30724922045488,2,0.25,positive
56,replication_2,6,both_fists_imagery,C4,mu,7,-2.5485306748453347,35.07467203784346,5,0.7142857142857143,negative
56,replication_2,10,both_fists_imagery,C4,mu,8,-10.970499197367463,62.94590419550157,5,0.625,negative
56,replication_2,14,both_fists_imagery,C4,mu,8,33.93050615429489,37.99713542727829,2,0.25,positive
56,replication_2,6,both_fists_imagery,Cz,mu,7,9.953954616230982,71.39510618214135,2,0.2857142857142857,positive
56,replication_2,10,both_fists_imagery,Cz,mu,8,4.981504539560851,116.71612670360342,3,0.375,positive
56,replication_2,14,both_fists_imagery,Cz,mu,8,42.73923176431955,117.18082447912207,2,0.25,positive
56,replication_2,6,both_fists_imagery,Cz,beta,7,-29.78433927240454,17.034247921412558,6,0.8571428571428571,negative
56,replication_2,10,both_fists_imagery,Cz,beta,8,-27.089770140861443,37.12466971445749,7,0.875,negative
56,replication_2,14,both_fists_imagery,Cz,beta,8,-14.003533942933487,33.98222446404677,6,0.75,negative
56,replication_2,6,both_feet_imagery,C3,central_12_13,8,-21.886170475415483,61.325592689164324,5,0.625,negative
56,replication_2,10,both_feet_imagery,C3,central_12_13,7,-25.117191698833537,30.931322516480694,6,0.8571428571428571,negative
56,replication_2,14,both_feet_imagery,C3,central_12_13,7,-4.213499093300139,54.240216877879604,5,0.7142857142857143,negative
56,replication_2,6,both_feet_imagery,C4,central_12_13,8,-15.272906989048959,35.94851824121379,6,0.75,negative
56,replication_2,10,both_feet_imagery,C4,central_12_13,7,-28.17728914737028,46.982274619666505,5,0.7142857142857143,negative
56,replication_2,14,both_feet_imagery,C4,central_12_13,7,-25.183691910859434,49.31890120277514,5,0.7142857142857143,negative
56,replication_2,6,both_feet_imagery,C3,mu,8,-15.518408585822634,76.72089625415555,4,0.5,negative
56,replication_2,10,both_feet_imagery,C3,mu,7,-26.551454328445274,51.26927402283407,5,0.7142857142857143,negative
56,replication_2,14,both_feet_imagery,C3,mu,7,-17.160697574419828,48.587640231377854,5,0.7142857142857143,negative
56,replication_2,6,both_feet_imagery,Cz,mu,8,40.08996170513822,73.13629857276754,3,0.375,positive
56,replication_2,10,both_feet_imagery,Cz,mu,7,-35.79282543582033,77.09295163102217,5,0.7142857142857143,negative
56,replication_2,14,both_feet_imagery,Cz,mu,7,14.164098491645841,102.57699616286747,3,0.42857142857142855,positive
56,replication_2,6,both_feet_imagery,C4,mu,8,-11.387971872528793,67.63609738398884,5,0.625,negative
56,replication_2,10,both_feet_imagery,C4,mu,7,-32.48459753537628,61.17693332214935,4,0.5714285714285714,negative
56,replication_2,14,both_feet_imagery,C4,mu,7,1.0705453725167404,62.929796273454315,3,0.42857142857142855,positive
56,replication_2,6,both_feet_imagery,Cz,beta,8,-23.504009599235406,9.048488710857331,8,1.0,negative
56,replication_2,10,both_feet_imagery,Cz,beta,7,-16.24343273308885,41.58120579249298,5,0.7142857142857143,negative
56,replication_2,14,both_feet_imagery,Cz,beta,7,-35.019501512064664,20.821209257550215,7,1.0,negative
57,replication_2,6,both_fists_imagery,C4,central_12_13,7,-48.3599402361861,27.41957944391147,6,0.8571428571428571,negative
57,replication_2,10,both_fists_imagery,C4,central_12_13,7,-29.0586226951084,44.452536756359365,5,0.7142857142857143,negative
57,replication_2,14,both_fists_imagery,C4,central_12_13,8,-25.941281316158094,72.6361511788725,5,0.625,negative
57,replication_2,6,both_fists_imagery,C3,central_12_13,7,-19.27882766645918,32.50695147628775,6,0.8571428571428571,negative
57,replication_2,10,both_fists_imagery,C3,central_12_13,7,-15.111842090505506,54.49251465574824,5,0.7142857142857143,negative
57,replication_2,14,both_fists_imagery,C3,central_12_13,8,23.905829282669806,101.40420600238348,3,0.375,positive
57,replication_2,6,both_fists_imagery,C3,mu,7,-18.872544285696883,28.908347533141004,6,0.8571428571428571,negative
57,replication_2,10,both_fists_imagery,C3,mu,7,-4.221126024204285,71.27980717703647,4,0.5714285714285714,negative
57,replication_2,14,both_fists_imagery,C3,mu,8,5.776057043956301,23.897695667928456,4,0.5,positive
57,replication_2,6,both_fists_imagery,C4,mu,7,-42.89056111679466,19.02842809900133,6,0.8571428571428571,negative
57,replication_2,10,both_fists_imagery,C4,mu,7,-17.97980948968939,21.57792093689417,5,0.7142857142857143,negative
57,replication_2,14,both_fists_imagery,C4,mu,8,-4.453138017085362,73.59574662508805,4,0.5,negative
57,replication_2,6,both_fists_imagery,Cz,mu,7,-12.530647913845968,33.48946236568733,4,0.5714285714285714,negative
57,replication_2,10,both_fists_imagery,Cz,mu,7,-17.98769852282909,103.37851631631062,4,0.5714285714285714,negative
57,replication_2,14,both_fists_imagery,Cz,mu,8,17.324819960225156,21.95493832600048,2,0.25,positive
57,replication_2,6,both_fists_imagery,Cz,beta,7,17.175178075672537,85.48723708048814,2,0.2857142857142857,positive
57,replication_2,10,both_fists_imagery,Cz,beta,7,-27.63989396776409,138.33934255921682,4,0.5714285714285714,negative
57,replication_2,14,both_fists_imagery,Cz,beta,8,18.71203873542553,89.14961195293442,4,0.5,positive
57,replication_2,6,both_feet_imagery,C3,central_12_13,8,-18.075164892670685,80.26827671223832,5,0.625,negative
57,replication_2,10,both_feet_imagery,C3,central_12_13,8,95.01908538495465,126.33520287307827,1,0.125,positive
57,replication_2,14,both_feet_imagery,C3,central_12_13,7,56.85689724676433,187.71544925367294,3,0.42857142857142855,positive
57,replication_2,6,both_feet_imagery,C4,central_12_13,8,17.292668773069558,76.04407641934851,3,0.375,positive
57,replication_2,10,both_feet_imagery,C4,central_12_13,8,7.392468591236209,64.38783557690789,3,0.375,positive
57,replication_2,14,both_feet_imagery,C4,central_12_13,7,99.21086606915058,246.98443080112722,2,0.2857142857142857,positive
57,replication_2,6,both_feet_imagery,C3,mu,8,10.287949328758456,68.70162132361287,2,0.25,positive
57,replication_2,10,both_feet_imagery,C3,mu,8,73.1651286448562,121.94222348353054,2,0.25,positive
57,replication_2,14,both_feet_imagery,C3,mu,7,18.428334664876502,78.48264040408834,3,0.42857142857142855,positive
57,replication_2,6,both_feet_imagery,Cz,mu,8,-12.990052972091714,59.636926533719446,5,0.625,negative
57,replication_2,10,both_feet_imagery,Cz,mu,8,52.66382546520948,95.38069111215282,3,0.375,positive
57,replication_2,14,both_feet_imagery,Cz,mu,7,13.06051019363847,63.04135049948188,3,0.42857142857142855,positive
57,replication_2,6,both_feet_imagery,C4,mu,8,16.810264152333716,91.67615346483916,4,0.5,positive
57,replication_2,10,both_feet_imagery,C4,mu,8,8.457966776478223,41.3024725636666,2,0.25,positive
57,replication_2,14,both_feet_imagery,C4,mu,7,37.99039725088998,111.25781238598972,2,0.2857142857142857,positive
57,replication_2,6,both_feet_imagery,Cz,beta,8,53.42714736798625,268.6469799774187,3,0.375,positive
57,replication_2,10,both_feet_imagery,Cz,beta,8,61.16307393926611,213.65810468922584,0,0.0,positive
57,replication_2,14,both_feet_imagery,Cz,beta,7,33.55420482255818,121.11958345495987,2,0.2857142857142857,positive
58,replication_2,6,both_fists_imagery,C4,central_12_13,7,20.49249618469449,67.89491301142237,1,0.14285714285714285,positive
58,replication_2,10,both_fists_imagery,C4,central_12_13,8,-31.286244887397153,84.34890591934524,5,0.625,negative
58,replication_2,14,both_fists_imagery,C4,central_12_13,8,-5.680849830241358,31.058480269745534,4,0.5,negative
58,replication_2,6,both_fists_imagery,C3,central_12_13,7,-31.62068001892053,40.67457156347507,5,0.7142857142857143,negative
58,replication_2,10,both_fists_imagery,C3,central_12_13,8,-12.085970044040454,38.823555674743076,5,0.625,negative
58,replication_2,14,both_fists_imagery,C3,central_12_13,8,-24.565060212571755,54.69412735971399,5,0.625,negative
58,replication_2,6,both_fists_imagery,C3,mu,7,-8.69336872387855,30.792521523547386,5,0.7142857142857143,negative
58,replication_2,10,both_fists_imagery,C3,mu,8,-12.841915504442017,175.87703269494665,5,0.625,negative
58,replication_2,14,both_fists_imagery,C3,mu,8,-31.336100976321305,46.52251090814936,6,0.75,negative
58,replication_2,6,both_fists_imagery,C4,mu,7,1.4296937144293895,58.69274067734777,3,0.42857142857142855,positive
58,replication_2,10,both_fists_imagery,C4,mu,8,-21.316929185074315,33.2099623876781,6,0.75,negative
58,replication_2,14,both_fists_imagery,C4,mu,8,-8.743453342654115,54.53883738879381,5,0.625,negative
58,replication_2,6,both_fists_imagery,Cz,mu,7,-53.33619038316972,117.54972032949259,5,0.7142857142857143,negative
58,replication_2,10,both_fists_imagery,Cz,mu,8,-20.24004940373751,102.5858814540801,5,0.625,negative
58,replication_2,14,both_fists_imagery,Cz,mu,8,-26.994735455484786,41.86193026222725,6,0.75,negative
58,replication_2,6,both_fists_imagery,Cz,beta,7,-23.50447366108599,30.06354911827613,4,0.5714285714285714,negative
58,replication_2,10,both_fists_imagery,Cz,beta,8,-5.240153467916063,37.08613962434279,5,0.625,negative
58,replication_2,14,both_fists_imagery,Cz,beta,8,-12.26151507525286,24.621540551173986,5,0.625,negative
58,replication_2,6,both_feet_imagery,C3,central_12_13,8,-22.71386258821057,23.435887334780666,6,0.75,negative
58,replication_2,10,both_feet_imagery,C3,central_12_13,7,-19.84384244762864,27.262913234140335,5,0.7142857142857143,negative
58,replication_2,14,both_feet_imagery,C3,central_12_13,7,-36.95355005651622,38.77070689826381,6,0.8571428571428571,negative
58,replication_2,6,both_feet_imagery,C4,central_12_13,8,26.311006612844174,66.28205954365357,2,0.25,positive
58,replication_2,10,both_feet_imagery,C4,central_12_13,7,10.557205173481979,56.8935577335653,3,0.42857142857142855,positive
58,replication_2,14,both_feet_imagery,C4,central_12_13,7,-20.069078983847085,47.04635351002783,5,0.7142857142857143,negative
58,replication_2,6,both_feet_imagery,C3,mu,8,-32.433550710803644,38.40100358304148,7,0.875,negative
58,replication_2,10,both_feet_imagery,C3,mu,7,-30.05591470057985,48.81745351484301,5,0.7142857142857143,negative
58,replication_2,14,both_feet_imagery,C3,mu,7,-50.77727317830523,42.900774823511014,6,0.8571428571428571,negative
58,replication_2,6,both_feet_imagery,Cz,mu,8,-36.98839635977205,41.53898521781042,6,0.75,negative
58,replication_2,10,both_feet_imagery,Cz,mu,7,-49.34819887040251,44.87932041991382,5,0.7142857142857143,negative
58,replication_2,14,both_feet_imagery,Cz,mu,7,-44.95681065072964,52.648070729253654,7,1.0,negative
58,replication_2,6,both_feet_imagery,C4,mu,8,8.262228554550848,48.0549867475143,3,0.375,positive
58,replication_2,10,both_feet_imagery,C4,mu,7,-32.97763936429383,34.03148829569121,5,0.7142857142857143,negative
58,replication_2,14,both_feet_imagery,C4,mu,7,-33.135672257949906,34.17284865801487,5,0.7142857142857143,negative
58,replication_2,6,both_feet_imagery,Cz,beta,8,-3.3959093439537353,36.15065501227793,5,0.625,negative
58,replication_2,10,both_feet_imagery,Cz,beta,7,-13.799865111829657,9.007536609938349,6,0.8571428571428571,negative
58,replication_2,14,both_feet_imagery,Cz,beta,7,-11.959152984451244,29.54596376697156,5,0.7142857142857143,negative
59,replication_2,6,both_fists_imagery,C4,central_12_13,8,22.916983403979447,86.77474632691546,3,0.375,positive
59,replication_2,10,both_fists_imagery,C4,central_12_13,7,17.584129703459467,147.12908634649415,2,0.2857142857142857,positive
59,replication_2,14,both_fists_imagery,C4,central_12_13,7,3.4649613017009195,89.36944873921806,3,0.42857142857142855,positive
59,replication_2,6,both_fists_imagery,C3,central_12_13,8,-71.28345316119348,31.258904612880876,8,1.0,negative
59,replication_2,10,both_fists_imagery,C3,central_12_13,7,-6.93572536176918,86.21162433689429,4,0.5714285714285714,negative
59,replication_2,14,both_fists_imagery,C3,central_12_13,7,-14.767751234452907,89.79692397852945,4,0.5714285714285714,negative
59,replication_2,6,both_fists_imagery,C3,mu,8,-62.395953937242886,43.69297214154674,7,0.875,negative
59,replication_2,10,both_fists_imagery,C3,mu,7,-0.29890023335019605,91.7025997147819,5,0.7142857142857143,negative
59,replication_2,14,both_fists_imagery,C3,mu,7,1.3134970318473356,105.62406714644085,3,0.42857142857142855,positive
59,replication_2,6,both_fists_imagery,C4,mu,8,10.982356042505554,83.76576481595822,3,0.375,positive
59,replication_2,10,both_fists_imagery,C4,mu,7,19.108192106639365,141.67348384436923,3,0.42857142857142855,positive
59,replication_2,14,both_fists_imagery,C4,mu,7,10.866643029403514,96.70993788671801,3,0.42857142857142855,positive
59,replication_2,6,both_fists_imagery,Cz,mu,8,24.34688099665522,26.176072904829265,2,0.25,positive
59,replication_2,10,both_fists_imagery,Cz,mu,7,21.937977798499116,34.910857595174846,2,0.2857142857142857,positive
59,replication_2,14,both_fists_imagery,Cz,mu,7,43.34850648116091,76.112495961106,2,0.2857142857142857,positive
59,replication_2,6,both_fists_imagery,Cz,beta,8,-16.875447438031774,39.24287245920874,6,0.75,negative
59,replication_2,10,both_fists_imagery,Cz,beta,7,-20.924360526131956,48.149291895136145,4,0.5714285714285714,negative
59,replication_2,14,both_fists_imagery,Cz,beta,7,9.515531895437983,46.518447638192285,3,0.42857142857142855,positive
59,replication_2,6,both_feet_imagery,C3,central_12_13,7,-26.201074093301344,52.68974246878986,5,0.7142857142857143,negative
59,replication_2,10,both_feet_imagery,C3,central_12_13,8,-37.00844195123378,100.72055254254076,5,0.625,negative
59,replication_2,14,both_feet_imagery,C3,central_12_13,8,-41.460819508204175,201.15822666333958,5,0.625,negative
59,replication_2,6,both_feet_imagery,C4,central_12_13,7,-33.390396490015476,21.297669001049034,6,0.8571428571428571,negative
59,replication_2,10,both_feet_imagery,C4,central_12_13,8,-16.102120240974187,17.08534684325602,6,0.75,negative
59,replication_2,14,both_feet_imagery,C4,central_12_13,8,11.420562470860826,94.47568826589175,1,0.125,positive
59,replication_2,6,both_feet_imagery,C3,mu,7,-34.87573502947588,21.23628393938646,6,0.8571428571428571,negative
59,replication_2,10,both_feet_imagery,C3,mu,8,-8.106708429178182,80.71912832900351,5,0.625,negative
59,replication_2,14,both_feet_imagery,C3,mu,8,-26.662866727862134,196.65189674678214,5,0.625,negative
59,replication_2,6,both_feet_imagery,Cz,mu,7,-9.77496780664503,68.82511628752205,4,0.5714285714285714,negative
59,replication_2,10,both_feet_imagery,Cz,mu,8,2.9529177584962514,37.69061988826101,3,0.375,positive
59,replication_2,14,both_feet_imagery,Cz,mu,8,5.245252444412915,97.95148364257507,4,0.5,positive
59,replication_2,6,both_feet_imagery,C4,mu,7,-26.852199933337943,21.49348857734529,6,0.8571428571428571,negative
59,replication_2,10,both_feet_imagery,C4,mu,8,-6.170315377296703,35.43042006652044,4,0.5,negative
59,replication_2,14,both_feet_imagery,C4,mu,8,0.916726129101463,81.91550599605195,4,0.5,positive
59,replication_2,6,both_feet_imagery,Cz,beta,7,-38.923383638933,28.796644563193944,5,0.7142857142857143,negative
59,replication_2,10,both_feet_imagery,Cz,beta,8,-29.41622457395631,59.87865346798883,6,0.75,negative
59,replication_2,14,both_feet_imagery,Cz,beta,8,-22.848210488658058,75.44339394083616,5,0.625,negative
60,replication_2,6,both_fists_imagery,C4,central_12_13,7,-64.72558619491804,22.341493030060278,7,1.0,negative
60,replication_2,10,both_fists_imagery,C4,central_12_13,7,-51.430195965953615,70.8947183680335,5,0.7142857142857143,negative
60,replication_2,14,both_fists_imagery,C4,central_12_13,7,-52.413760595807986,59.133245262418924,5,0.7142857142857143,negative
60,replication_2,6,both_fists_imagery,C3,central_12_13,7,-76.58615322126666,39.96618426641031,7,1.0,negative
60,replication_2,10,both_fists_imagery,C3,central_12_13,7,-51.78990313443149,34.614316732130746,6,0.8571428571428571,negative
60,replication_2,14,both_fists_imagery,C3,central_12_13,7,-61.522092587943696,60.494228392290935,6,0.8571428571428571,negative
60,replication_2,6,both_fists_imagery,C3,mu,7,-55.359756739435554,21.945138329262363,6,0.8571428571428571,negative
60,replication_2,10,both_fists_imagery,C3,mu,7,-49.897336149358104,45.445499725638875,6,0.8571428571428571,negative
60,replication_2,14,both_fists_imagery,C3,mu,7,-40.35340055091064,119.40062954415552,4,0.5714285714285714,negative
60,replication_2,6,both_fists_imagery,C4,mu,7,-45.57817048029175,17.85183198366594,7,1.0,negative
60,replication_2,10,both_fists_imagery,C4,mu,7,-14.193424605809914,66.70192611231816,4,0.5714285714285714,negative
60,replication_2,14,both_fists_imagery,C4,mu,7,-28.8208486550606,65.10847563150824,5,0.7142857142857143,negative
60,replication_2,6,both_fists_imagery,Cz,mu,7,-8.62163291849109,57.867899265737,4,0.5714285714285714,negative
60,replication_2,10,both_fists_imagery,Cz,mu,7,23.638463429925967,37.799887231994646,2,0.2857142857142857,positive
60,replication_2,14,both_fists_imagery,Cz,mu,7,125.35859165134582,170.40142932116783,3,0.42857142857142855,positive
60,replication_2,6,both_fists_imagery,Cz,beta,7,4.13203505626339,85.56677048971028,3,0.42857142857142855,positive
60,replication_2,10,both_fists_imagery,Cz,beta,7,1.7750208238810883,50.41477506677392,3,0.42857142857142855,positive
60,replication_2,14,both_fists_imagery,Cz,beta,7,-14.508802080621136,25.993455032991527,5,0.7142857142857143,negative
60,replication_2,6,both_feet_imagery,C3,central_12_13,8,-31.689847665606433,88.31360568360536,5,0.625,negative
60,replication_2,10,both_feet_imagery,C3,central_12_13,8,39.3506368148451,73.80672587216803,3,0.375,positive
60,replication_2,14,both_feet_imagery,C3,central_12_13,8,21.352362443173842,116.11352608334336,4,0.5,positive
60,replication_2,6,both_feet_imagery,C4,central_12_13,8,-11.107540395116882,89.89870703707567,4,0.5,negative
60,replication_2,10,both_feet_imagery,C4,central_12_13,8,7.431934025170639,69.06351297915265,4,0.5,positive
60,replication_2,14,both_feet_imagery,C4,central_12_13,8,25.591147558396244,126.74126346446333,2,0.25,positive
60,replication_2,6,both_feet_imagery,C3,mu,8,-31.935533996436604,72.88950377349738,5,0.625,negative
60,replication_2,10,both_feet_imagery,C3,mu,8,56.49176659513389,113.98874645942038,2,0.25,positive
60,replication_2,14,both_feet_imagery,C3,mu,8,47.48859604465903,100.31068237798975,3,0.375,positive
60,replication_2,6,both_feet_imagery,Cz,mu,8,54.21974578718307,119.49471990741898,3,0.375,positive
60,replication_2,10,both_feet_imagery,Cz,mu,8,61.8197537576968,34.99494443746421,0,0.0,positive
60,replication_2,14,both_feet_imagery,Cz,mu,8,147.99100343355047,209.0082881615931,2,0.25,positive
60,replication_2,6,both_feet_imagery,C4,mu,8,-2.7407589949818636,64.83764665012599,4,0.5,negative
60,replication_2,10,both_feet_imagery,C4,mu,8,17.84526533538953,67.6141672246194,3,0.375,positive
60,replication_2,14,both_feet_imagery,C4,mu,8,54.08565551836481,143.24441835021435,1,0.125,positive
60,replication_2,6,both_feet_imagery,Cz,beta,8,-13.295290631648495,30.315519504471055,6,0.75,negative
60,replication_2,10,both_feet_imagery,Cz,beta,8,2.2741749794554313,32.614118347508565,4,0.5,positive
60,replication_2,14,both_feet_imagery,Cz,beta,8,-20.453169429866776,19.086969229927085,8,1.0,negative
61,replication_2,6,both_fists_imagery,C4,central_12_13,8,-58.745471254044844,22.203155157320353,8,1.0,negative
61,replication_2,10,both_fists_imagery,C4,central_12_13,8,21.510124809040107,103.81494468670874,3,0.375,positive
61,replication_2,14,both_fists_imagery,C4,central_12_13,8,-55.51058075845109,51.499148141121125,8,1.0,negative
61,replication_2,6,both_fists_imagery,C3,central_12_13,8,-66.93029796103234,36.81676703652714,8,1.0,negative
61,replication_2,10,both_fists_imagery,C3,central_12_13,8,-7.819956532982282,137.33510266734888,4,0.5,negative
61,replication_2,14,both_fists_imagery,C3,central_12_13,8,-51.40111602103785,49.0221643725713,6,0.75,negative
61,replication_2,6,both_fists_imagery,C3,mu,8,-51.78648706171216,25.03132277881707,8,1.0,negative
61,replication_2,10,both_fists_imagery,C3,mu,8,-1.25889525152171,69.37634171659015,4,0.5,negative
61,replication_2,14,both_fists_imagery,C3,mu,8,-16.8468477522874,71.21812517605822,4,0.5,negative
61,replication_2,6,both_fists_imagery,C4,mu,8,-47.98317796529655,22.669637222104484,7,0.875,negative
61,replication_2,10,both_fists_imagery,C4,mu,8,7.833701290808893,57.47025700288435,3,0.375,positive
61,replication_2,14,both_fists_imagery,C4,mu,8,-46.093126623111566,23.8517153776331,6,0.75,negative
61,replication_2,6,both_fists_imagery,Cz,mu,8,-41.09889440592451,72.28858448316143,5,0.625,negative
61,replication_2,10,both_fists_imagery,Cz,mu,8,-18.384605384347452,77.3446559518982,5,0.625,negative
61,replication_2,14,both_fists_imagery,Cz,mu,8,-23.408083900738102,62.434721389111914,5,0.625,negative
61,replication_2,6,both_fists_imagery,Cz,beta,8,-19.12895894559678,18.878981604160995,7,0.875,negative
61,replication_2,10,both_fists_imagery,Cz,beta,8,10.064326234266584,71.04862697269684,4,0.5,positive
61,replication_2,14,both_fists_imagery,Cz,beta,8,30.695838737138345,105.69790597646846,3,0.375,positive
61,replication_2,6,both_feet_imagery,C3,central_12_13,7,31.81378618528434,53.89255951479925,3,0.42857142857142855,positive
61,replication_2,10,both_feet_imagery,C3,central_12_13,7,19.007445359561657,49.39881337620599,3,0.42857142857142855,positive
61,replication_2,14,both_feet_imagery,C3,central_12_13,7,-43.74570421724705,32.202197412010584,6,0.8571428571428571,negative
61,replication_2,6,both_feet_imagery,C4,central_12_13,7,0.447862876508475,30.837335237540376,3,0.42857142857142855,positive
61,replication_2,10,both_feet_imagery,C4,central_12_13,7,-11.5105204664127,67.93694120608171,4,0.5714285714285714,negative
61,replication_2,14,both_feet_imagery,C4,central_12_13,7,-32.60067872962523,38.45061784111648,5,0.7142857142857143,negative
61,replication_2,6,both_feet_imagery,C3,mu,7,-14.151660259655824,75.01111121873139,4,0.5714285714285714,negative
61,replication_2,10,both_feet_imagery,C3,mu,7,19.53944854186096,49.29433737785566,3,0.42857142857142855,positive
61,replication_2,14,both_feet_imagery,C3,mu,7,-14.53520878317801,28.314374423163244,6,0.8571428571428571,negative
61,replication_2,6,both_feet_imagery,Cz,mu,7,5.326350753735666,103.62291104716749,3,0.42857142857142855,positive
61,replication_2,10,both_feet_imagery,Cz,mu,7,-27.39375404018839,59.80395873377172,5,0.7142857142857143,negative
61,replication_2,14,both_feet_imagery,Cz,mu,7,-29.84113494204565,22.940129609412338,6,0.8571428571428571,negative
61,replication_2,6,both_feet_imagery,C4,mu,7,-11.175593604076058,54.60283368514658,4,0.5714285714285714,negative
61,replication_2,10,both_feet_imagery,C4,mu,7,-9.382158291583359,52.073049537304286,5,0.7142857142857143,negative
61,replication_2,14,both_feet_imagery,C4,mu,7,-24.473800014652994,30.84636103225015,5,0.7142857142857143,negative
61,replication_2,6,both_feet_imagery,Cz,beta,7,-12.787760771332572,55.07666625198188,4,0.5714285714285714,negative
61,replication_2,10,both_feet_imagery,Cz,beta,7,-18.871020492316166,39.648361962463284,5,0.7142857142857143,negative
61,replication_2,14,both_feet_imagery,Cz,beta,7,-7.216515878637484,70.42046463407465,4,0.5714285714285714,negative
62,replication_2,6,both_fists_imagery,C4,central_12_13,8,-66.92132759175996,49.37298611222285,6,0.75,negative
62,replication_2,10,both_fists_imagery,C4,central_12_13,7,-88.40214225838953,19.25140110943697,6,0.8571428571428571,negative
62,replication_2,14,both_fists_imagery,C4,central_12_13,8,-73.72290221088068,21.585914400450925,7,0.875,negative
62,replication_2,6,both_fists_imagery,C3,central_12_13,8,-46.576045239659834,68.29307762122787,6,0.75,negative
62,replication_2,10,both_fists_imagery,C3,central_12_13,7,-82.31846078675686,11.88756902996063,6,0.8571428571428571,negative
62,replication_2,14,both_fists_imagery,C3,central_12_13,8,-63.793299221597294,27.185853755618815,8,1.0,negative
62,replication_2,6,both_fists_imagery,C3,mu,8,-50.1234422465796,52.51766138855482,6,0.75,negative
62,replication_2,10,both_fists_imagery,C3,mu,7,-77.68310631041619,13.418718732953351,6,0.8571428571428571,negative
62,replication_2,14,both_fists_imagery,C3,mu,8,-65.05917234685326,38.80436249656151,7,0.875,negative
62,replication_2,6,both_fists_imagery,C4,mu,8,-63.51580944286241,33.5974103578058,6,0.75,negative
62,replication_2,10,both_fists_imagery,C4,mu,7,-82.55777731740253,13.792169441379983,7,1.0,negative
62,replication_2,14,both_fists_imagery,C4,mu,8,-70.68953088367849,27.99964094601883,7,0.875,negative
62,replication_2,6,both_fists_imagery,Cz,mu,8,-16.1950384399208,74.05440366654192,5,0.625,negative
62,replication_2,10,both_fists_imagery,Cz,mu,7,-65.16083623712704,90.21012638623921,4,0.5714285714285714,negative
62,replication_2,14,both_fists_imagery,Cz,mu,8,-15.952736333342195,85.50782452748342,5,0.625,negative
62,replication_2,6,both_fists_imagery,Cz,beta,8,4.601379934608162,23.40596320247936,3,0.375,positive
62,replication_2,10,both_fists_imagery,Cz,beta,7,-27.170060037478642,47.42579038285306,5,0.7142857142857143,negative
62,replication_2,14,both_fists_imagery,Cz,beta,8,-14.435614741592948,45.20007932515034,5,0.625,negative
62,replication_2,6,both_feet_imagery,C3,central_12_13,7,4.251532835553899,78.09033703689674,3,0.42857142857142855,positive
62,replication_2,10,both_feet_imagery,C3,central_12_13,8,41.42443823696358,93.494646494109,2,0.25,positive
62,replication_2,14,both_feet_imagery,C3,central_12_13,7,-62.43106554322662,60.30621107942074,5,0.7142857142857143,negative
62,replication_2,6,both_feet_imagery,C4,central_12_13,7,-5.07606066925679,112.94838504389975,4,0.5714285714285714,negative
62,replication_2,10,both_feet_imagery,C4,central_12_13,8,14.252637690144649,119.23666506790224,3,0.375,positive
62,replication_2,14,both_feet_imagery,C4,central_12_13,7,33.73991624999185,65.55140611059412,3,0.42857142857142855,positive
62,replication_2,6,both_feet_imagery,C3,mu,7,6.4104469705322735,93.30594948897217,3,0.42857142857142855,positive
62,replication_2,10,both_feet_imagery,C3,mu,8,48.91003130493201,156.34040542294946,2,0.25,positive
62,replication_2,14,both_feet_imagery,C3,mu,7,-53.57334663086901,41.39478908954101,6,0.8571428571428571,negative
62,replication_2,6,both_feet_imagery,Cz,mu,7,-31.012335186511564,23.135224893349815,6,0.8571428571428571,negative
62,replication_2,10,both_feet_imagery,Cz,mu,8,-37.76075266324526,63.56216478368433,7,0.875,negative
62,replication_2,14,both_feet_imagery,Cz,mu,7,-45.34709184497905,32.43586557403395,6,0.8571428571428571,negative
62,replication_2,6,both_feet_imagery,C4,mu,7,-6.298495277667079,117.53589769154753,4,0.5714285714285714,negative
62,replication_2,10,both_feet_imagery,C4,mu,8,27.09263881033338,115.04111181326019,3,0.375,positive
62,replication_2,14,both_feet_imagery,C4,mu,7,37.73534122778536,49.58379223642735,1,0.14285714285714285,positive
62,replication_2,6,both_feet_imagery,Cz,beta,7,-8.582443566686026,23.96863604346117,7,1.0,negative
62,replication_2,10,both_feet_imagery,Cz,beta,8,7.176675969693611,30.723203155427385,3,0.375,positive
62,replication_2,14,both_feet_imagery,Cz,beta,7,-22.687438993783005,22.211955147028064,6,0.8571428571428571,negative
63,replication_2,6,both_fists_imagery,C4,central_12_13,7,-18.929543826559858,42.69697413318064,5,0.7142857142857143,negative
63,replication_2,10,both_fists_imagery,C4,central_12_13,8,-48.30084426725292,34.76776413286515,7,0.875,negative
63,replication_2,14,both_fists_imagery,C4,central_12_13,7,-17.225964917702232,50.07596823254611,4,0.5714285714285714,negative
63,replication_2,6,both_fists_imagery,C3,central_12_13,7,-14.73495273896531,46.63296252711903,5,0.7142857142857143,negative
63,replication_2,10,both_fists_imagery,C3,central_12_13,8,-41.15751778578749,35.76304858352063,6,0.75,negative
63,replication_2,14,both_fists_imagery,C3,central_12_13,7,22.91606784845307,39.13350291394111,1,0.14285714285714285,positive
63,replication_2,6,both_fists_imagery,C3,mu,7,11.417685079290688,46.54898872856693,3,0.42857142857142855,positive
63,replication_2,10,both_fists_imagery,C3,mu,8,-43.33984013447119,42.53012711449134,6,0.75,negative
63,replication_2,14,both_fists_imagery,C3,mu,7,7.26067862391144,72.94802865077824,3,0.42857142857142855,positive
63,replication_2,6,both_fists_imagery,C4,mu,7,-31.191858563043894,66.8934352769154,4,0.5714285714285714,negative
63,replication_2,10,both_fists_imagery,C4,mu,8,-47.07292754532868,14.964299524804922,7,0.875,negative
63,replication_2,14,both_fists_imagery,C4,mu,7,-5.781025138602242,38.96876107930707,4,0.5714285714285714,negative
63,replication_2,6,both_fists_imagery,Cz,mu,7,-11.584673722793017,53.229804824153206,4,0.5714285714285714,negative
63,replication_2,10,both_fists_imagery,Cz,mu,8,-40.70256259908622,41.97169026999749,6,0.75,negative
63,replication_2,14,both_fists_imagery,Cz,mu,7,-15.678126309216955,72.02289004636899,4,0.5714285714285714,negative
63,replication_2,6,both_fists_imagery,Cz,beta,7,-14.844935903308746,37.126297406767485,4,0.5714285714285714,negative
63,replication_2,10,both_fists_imagery,Cz,beta,8,-38.61981888503458,52.30009030039743,7,0.875,negative
63,replication_2,14,both_fists_imagery,Cz,beta,7,-33.36756857513305,36.841008367218315,7,1.0,negative
63,replication_2,6,both_feet_imagery,C3,central_12_13,8,-28.732612780419693,33.37704121185983,7,0.875,negative
63,replication_2,10,both_feet_imagery,C3,central_12_13,7,-26.57037192587592,20.50185295352806,7,1.0,negative
63,replication_2,14,both_feet_imagery,C3,central_12_13,8,34.75546658316106,33.4396944798961,2,0.25,positive
63,replication_2,6,both_feet_imagery,C4,central_12_13,8,-38.66502071191863,53.99295694089803,6,0.75,negative
63,replication_2,10,both_feet_imagery,C4,central_12_13,7,-4.317135649441134,29.940030489711422,5,0.7142857142857143,negative
63,replication_2,14,both_feet_imagery,C4,central_12_13,8,-3.699675603859583,71.9609975651789,4,0.5,negative
63,replication_2,6,both_feet_imagery,C3,mu,8,-24.235881516343063,35.903728719604,6,0.75,negative
63,replication_2,10,both_feet_imagery,C3,mu,7,-20.361452742022333,32.107543442756146,7,1.0,negative
63,replication_2,14,both_feet_imagery,C3,mu,8,5.497017730884831,61.62090989505837,3,0.375,positive
63,replication_2,6,both_feet_imagery,Cz,mu,8,-16.89150832442823,32.0586333507157,7,0.875,negative
63,replication_2,10,both_feet_imagery,Cz,mu,7,-48.81427975920648,12.163788085337572,6,0.8571428571428571,negative
63,replication_2,14,both_feet_imagery,Cz,mu,8,19.263349296729235,84.81835425038389,3,0.375,positive
63,replication_2,6,both_feet_imagery,C4,mu,8,-24.861341424130458,40.132178517987356,6,0.75,negative
63,replication_2,10,both_feet_imagery,C4,mu,7,-24.104233549994664,36.35579065224258,5,0.7142857142857143,negative
63,replication_2,14,both_feet_imagery,C4,mu,8,-4.864031803947874,51.490097578663836,4,0.5,negative
63,replication_2,6,both_feet_imagery,Cz,beta,8,-15.69575920547962,38.380131713710874,5,0.625,negative
63,replication_2,10,both_feet_imagery,Cz,beta,7,-29.8071800106826,28.50929043357874,6,0.8571428571428571,negative
63,replication_2,14,both_feet_imagery,Cz,beta,8,-40.07558281451463,19.571842074709778,8,1.0,negative
64,replication_2,6,both_fists_imagery,C4,central_12_13,7,-1.1308392434129149,99.47853337886625,4,0.5714285714285714,negative
64,replication_2,10,both_fists_imagery,C4,central_12_13,7,-3.4365656063575267,101.91737052401882,4,0.5714285714285714,negative
64,replication_2,14,both_fists_imagery,C4,central_12_13,7,-48.370994059776706,51.69888112925948,6,0.8571428571428571,negative
64,replication_2,6,both_fists_imagery,C3,central_12_13,7,5.202756373870497,104.17045692446973,2,0.2857142857142857,positive
64,replication_2,10,both_fists_imagery,C3,central_12_13,7,-8.153364733716408,18.12595097547733,6,0.8571428571428571,negative
64,replication_2,14,both_fists_imagery,C3,central_12_13,7,-36.16301180126174,31.45346889049857,6,0.8571428571428571,negative
64,replication_2,6,both_fists_imagery,C3,mu,7,-5.2954607320901035,76.28949530772742,4,0.5714285714285714,negative
64,replication_2,10,both_fists_imagery,C3,mu,7,-25.676272410669593,31.16012919500564,6,0.8571428571428571,negative
64,replication_2,14,both_fists_imagery,C3,mu,7,-29.17508301038488,27.583291626170613,6,0.8571428571428571,negative
64,replication_2,6,both_fists_imagery,C4,mu,7,-28.235447195062264,133.19567379080303,4,0.5714285714285714,negative
64,replication_2,10,both_fists_imagery,C4,mu,7,-12.79223573515913,56.103717739196426,5,0.7142857142857143,negative
64,replication_2,14,both_fists_imagery,C4,mu,7,-37.15454157471672,63.89312429250853,4,0.5714285714285714,negative
64,replication_2,6,both_fists_imagery,Cz,mu,7,1.6945766706062293,56.51734101469601,3,0.42857142857142855,positive
64,replication_2,10,both_fists_imagery,Cz,mu,7,-28.29991010070558,65.5834383655581,4,0.5714285714285714,negative
64,replication_2,14,both_fists_imagery,Cz,mu,7,-17.992276262827826,37.812563462781974,6,0.8571428571428571,negative
64,replication_2,6,both_fists_imagery,Cz,beta,7,-46.35543727014057,37.24432623031728,5,0.7142857142857143,negative
64,replication_2,10,both_fists_imagery,Cz,beta,7,-49.311923064863954,32.891019043424365,7,1.0,negative
64,replication_2,14,both_fists_imagery,Cz,beta,7,-41.38695583018798,60.84972333444506,5,0.7142857142857143,negative
64,replication_2,6,both_feet_imagery,C3,central_12_13,7,4.627455194396627,31.30043891009324,3,0.42857142857142855,positive
64,replication_2,10,both_feet_imagery,C3,central_12_13,7,-18.980891551259372,64.62175137923144,4,0.5714285714285714,negative
64,replication_2,14,both_feet_imagery,C3,central_12_13,7,-0.8408568180895375,64.45062878787625,4,0.5714285714285714,negative
64,replication_2,6,both_feet_imagery,C4,central_12_13,7,76.1396394727156,75.31773436682099,1,0.14285714285714285,positive
64,replication_2,10,both_feet_imagery,C4,central_12_13,7,32.61628569404034,63.17689889507989,2,0.2857142857142857,positive
64,replication_2,14,both_feet_imagery,C4,central_12_13,7,7.161933965029221,74.33214904058939,3,0.42857142857142855,positive
64,replication_2,6,both_feet_imagery,C3,mu,7,-28.73079898602935,20.25262974454098,6,0.8571428571428571,negative
64,replication_2,10,both_feet_imagery,C3,mu,7,-50.86364711035923,46.778912229105444,6,0.8571428571428571,negative
64,replication_2,14,both_feet_imagery,C3,mu,7,-16.42506337978951,89.7710834929548,4,0.5714285714285714,negative
64,replication_2,6,both_feet_imagery,Cz,mu,7,15.793585474272433,81.21493209838044,3,0.42857142857142855,positive
64,replication_2,10,both_feet_imagery,Cz,mu,7,-11.571516564749437,113.38066405506895,4,0.5714285714285714,negative
64,replication_2,14,both_feet_imagery,Cz,mu,7,-31.490132912502695,83.4146144837718,4,0.5714285714285714,negative
64,replication_2,6,both_feet_imagery,C4,mu,7,70.49922112179226,69.19653137734772,2,0.2857142857142857,positive
64,replication_2,10,both_feet_imagery,C4,mu,7,12.309027520752048,98.93666726444297,3,0.42857142857142855,positive
64,replication_2,14,both_feet_imagery,C4,mu,7,24.866166084212143,75.19879395539837,3,0.42857142857142855,positive
64,replication_2,6,both_feet_imagery,Cz,beta,7,-14.761291956590304,26.000499927077037,6,0.8571428571428571,negative
64,replication_2,10,both_feet_imagery,Cz,beta,7,-0.7281566761298429,40.06704141406888,4,0.5714285714285714,negative
64,replication_2,14,both_feet_imagery,Cz,beta,7,-41.05042539725114,35.18036949476114,7,1.0,negative
65,replication_2,6,both_fists_imagery,C4,central_12_13,8,-27.77283138313424,37.12068137852609,6,0.75,negative
65,replication_2,10,both_fists_imagery,C4,central_12_13,7,-40.68750462275012,60.72774001385736,4,0.5714285714285714,negative
65,replication_2,14,both_fists_imagery,C4,central_12_13,7,-37.446481811405036,44.59518068691987,6,0.8571428571428571,negative
65,replication_2,6,both_fists_imagery,C3,central_12_13,8,29.280135444196915,60.04335871204938,3,0.375,positive
65,replication_2,10,both_fists_imagery,C3,central_12_13,7,-4.05956275484697,83.95356894450512,4,0.5714285714285714,negative
65,replication_2,14,both_fists_imagery,C3,central_12_13,7,-44.864802977224315,68.22204437601891,5,0.7142857142857143,negative
65,replication_2,6,both_fists_imagery,C3,mu,8,-1.6251432446318885,59.093962768039944,4,0.5,negative
65,replication_2,10,both_fists_imagery,C3,mu,7,-9.867556318570417,36.72024853637274,5,0.7142857142857143,negative
65,replication_2,14,both_fists_imagery,C3,mu,7,-15.521197266539282,66.55234100194777,4,0.5714285714285714,negative
65,replication_2,6,both_fists_imagery,C4,mu,8,-33.05361741510899,36.02818335925835,6,0.75,negative
65,replication_2,10,both_fists_imagery,C4,mu,7,-28.92740962776671,6.168214668520399,6,0.8571428571428571,negative
65,replication_2,14,both_fists_imagery,C4,mu,7,-30.06355748215458,37.57391718203738,7,1.0,negative
65,replication_2,6,both_fists_imagery,Cz,mu,8,24.27727330726549,63.27004062087961,3,0.375,positive
65,replication_2,10,both_fists_imagery,Cz,mu,7,-21.108925291080066,94.4404024136083,4,0.5714285714285714,negative
65,replication_2,14,both_fists_imagery,Cz,mu,7,-51.3217170936153,90.37846015062225,4,0.5714285714285714,negative
65,replication_2,6,both_fists_imagery,Cz,beta,8,-17.33705621856598,46.887708607650815,5,0.625,negative
65,replication_2,10,both_fists_imagery,Cz,beta,7,-10.254745161400983,9.267950077614824,5,0.7142857142857143,negative
65,replication_2,14,both_fists_imagery,Cz,beta,7,-31.689048956895643,35.5493628812179,5,0.7142857142857143,negative
65,replication_2,6,both_feet_imagery,C3,central_12_13,7,-0.46447401085760454,101.9386060848806,4,0.5714285714285714,negative
65,replication_2,10,both_feet_imagery,C3,central_12_13,8,2.3313111514572222,37.070581059742494,4,0.5,positive
65,replication_2,14,both_feet_imagery,C3,central_12_13,8,21.554585720544722,53.25771739163695,3,0.375,positive
65,replication_2,6,both_feet_imagery,C4,central_12_13,7,-34.86828707650007,23.729404360268433,6,0.8571428571428571,negative
65,replication_2,10,both_feet_imagery,C4,central_12_13,8,2.9955950694839903,33.07117075107986,4,0.5,positive
65,replication_2,14,both_feet_imagery,C4,central_12_13,8,-8.976225787328543,24.140088862055954,6,0.75,negative
65,replication_2,6,both_feet_imagery,C3,mu,7,-36.430109136639516,38.27718244185,5,0.7142857142857143,negative
65,replication_2,10,both_feet_imagery,C3,mu,8,40.39248457817494,50.32417520688881,2,0.25,positive
65,replication_2,14,both_feet_imagery,C3,mu,8,-19.589326595637502,12.116915117581689,6,0.75,negative
65,replication_2,6,both_feet_imagery,Cz,mu,7,-8.220874880622917,33.0360918363136,5,0.7142857142857143,negative
65,replication_2,10,both_feet_imagery,Cz,mu,8,10.734543596017215,75.40143449390953,3,0.375,positive
65,replication_2,14,both_feet_imagery,Cz,mu,8,-36.694271920421606,38.97434832719891,6,0.75,negative
65,replication_2,6,both_feet_imagery,C4,mu,7,-39.07274363608671,43.67635971551947,5,0.7142857142857143,negative
65,replication_2,10,both_feet_imagery,C4,mu,8,-17.082594360349223,33.83881115412613,5,0.625,negative
65,replication_2,14,both_feet_imagery,C4,mu,8,-25.864501584010384,19.29881639546992,6,0.75,negative
65,replication_2,6,both_feet_imagery,Cz,beta,7,-29.284445652845918,12.405059314368394,6,0.8571428571428571,negative
65,replication_2,10,both_feet_imagery,Cz,beta,8,-14.790032520817094,10.994150361925644,7,0.875,negative
65,replication_2,14,both_feet_imagery,Cz,beta,8,-16.398085674307005,41.81024972688728,5,0.625,negative
66,replication_2,6,both_fists_imagery,C4,central_12_13,7,8.07541302521014,69.75580479427288,3,0.42857142857142855,positive
66,replication_2,10,both_fists_imagery,C4,central_12_13,8,254.9048295658152,216.7506450430269,1,0.125,positive
66,replication_2,14,both_fists_imagery,C4,central_12_13,7,532.137509225191,690.0197973447428,2,0.2857142857142857,positive
66,replication_2,6,both_fists_imagery,C3,central_12_13,7,98.55985547534247,102.70045272265466,0,0.0,positive
66,replication_2,10,both_fists_imagery,C3,central_12_13,8,126.31926930026617,255.1993927872521,1,0.125,positive
66,replication_2,14,both_fists_imagery,C3,central_12_13,7,196.0881357845534,771.4337484075686,2,0.2857142857142857,positive
66,replication_2,6,both_fists_imagery,C3,mu,7,243.93281508796653,195.0884091590392,0,0.0,positive
66,replication_2,10,both_fists_imagery,C3,mu,8,201.9884673442853,266.248007931653,1,0.125,positive
66,replication_2,14,both_fists_imagery,C3,mu,7,216.11526147006643,781.3552523724052,2,0.2857142857142857,positive
66,replication_2,6,both_fists_imagery,C4,mu,7,12.167940547670783,65.10535169151969,3,0.42857142857142855,positive
66,replication_2,10,both_fists_imagery,C4,mu,8,166.36648757498276,129.29795474150154,1,0.125,positive
66,replication_2,14,both_fists_imagery,C4,mu,7,415.7556375800367,818.077749192,1,0.14285714285714285,positive
66,replication_2,6,both_fists_imagery,Cz,mu,7,92.20969856410825,148.39305564949464,2,0.2857142857142857,positive
66,replication_2,10,both_fists_imagery,Cz,mu,8,36.8906989648503,142.30423077277965,3,0.375,positive
66,replication_2,14,both_fists_imagery,Cz,mu,7,207.44653701138463,416.7097859214807,1,0.14285714285714285,positive
66,replication_2,6,both_fists_imagery,Cz,beta,7,35.50806754644657,89.72066781516891,2,0.2857142857142857,positive
66,replication_2,10,both_fists_imagery,Cz,beta,8,76.11657737040221,102.07167009965063,2,0.25,positive
66,replication_2,14,both_fists_imagery,Cz,beta,7,122.81678940643206,468.0591395992699,1,0.14285714285714285,positive
66,replication_2,6,both_feet_imagery,C3,central_12_13,8,177.59454619346542,355.84764354862114,3,0.375,positive
66,replication_2,10,both_feet_imagery,C3,central_12_13,7,-2.283491971131825,344.9715619446589,4,0.5714285714285714,negative
66,replication_2,14,both_feet_imagery,C3,central_12_13,8,6.1923258409173805,160.75108934776216,4,0.5,positive
66,replication_2,6,both_feet_imagery,C4,central_12_13,8,91.33144815769504,372.7096578840198,3,0.375,positive
66,replication_2,10,both_feet_imagery,C4,central_12_13,7,89.45689705758384,607.597601151447,3,0.42857142857142855,positive
66,replication_2,14,both_feet_imagery,C4,central_12_13,8,8.087598501115533,102.68203949694616,4,0.5,positive
66,replication_2,6,both_feet_imagery,C3,mu,8,112.75304321708519,392.6239097376279,3,0.375,positive
66,replication_2,10,both_feet_imagery,C3,mu,7,27.35685844357593,600.2752573680126,3,0.42857142857142855,positive
66,replication_2,14,both_feet_imagery,C3,mu,8,18.469927742116575,165.94773831514595,4,0.5,positive
66,replication_2,6,both_feet_imagery,Cz,mu,8,-17.611695064112425,210.25731246664927,4,0.5,negative
66,replication_2,10,both_feet_imagery,Cz,mu,7,100.07386343856663,280.99581394150994,3,0.42857142857142855,positive
66,replication_2,14,both_feet_imagery,Cz,mu,8,-13.642302063112902,89.88863783442227,4,0.5,negative
66,replication_2,6,both_feet_imagery,C4,mu,8,134.73213492165763,308.45726649779226,3,0.375,positive
66,replication_2,10,both_feet_imagery,C4,mu,7,82.7925044054616,837.8465719443154,3,0.42857142857142855,positive
66,replication_2,14,both_feet_imagery,C4,mu,8,-3.5454157959535317,130.26913194956222,5,0.625,negative
66,replication_2,6,both_feet_imagery,Cz,beta,8,73.65013496114736,156.59024910908346,3,0.375,positive
66,replication_2,10,both_feet_imagery,Cz,beta,7,136.97017781092032,509.9583994358978,1,0.14285714285714285,positive
66,replication_2,14,both_feet_imagery,Cz,beta,8,19.531890340282747,57.492700502287484,3,0.375,positive
67,replication_2,6,both_fists_imagery,C4,central_12_13,7,-0.05042281649351848,36.68751397839461,4,0.5714285714285714,negative
67,replication_2,10,both_fists_imagery,C4,central_12_13,8,-1.6181854002566474,38.201065608810914,5,0.625,negative
67,replication_2,14,both_fists_imagery,C4,central_12_13,8,-1.6066214219651302,29.59018994265098,4,0.5,negative
67,replication_2,6,both_fists_imagery,C3,central_12_13,7,-36.71441395587477,99.62068067382927,4,0.5714285714285714,negative
67,replication_2,10,both_fists_imagery,C3,central_12_13,8,5.157106741836731,74.71625787321182,3,0.375,positive
67,replication_2,14,both_fists_imagery,C3,central_12_13,8,-7.39156844469416,60.24496083061589,4,0.5,negative
67,replication_2,6,both_fists_imagery,C3,mu,7,-8.3176773865007,66.11835403401264,4,0.5714285714285714,negative
67,replication_2,10,both_fists_imagery,C3,mu,8,12.06808002762946,28.579572660830735,3,0.375,positive
67,replication_2,14,both_fists_imagery,C3,mu,8,-9.377069973096663,82.2502717031887,4,0.5,negative
67,replication_2,6,both_fists_imagery,C4,mu,7,6.768357346979939,35.33516068740526,3,0.42857142857142855,positive
67,replication_2,10,both_fists_imagery,C4,mu,8,39.74013745651016,91.89010267584632,3,0.375,positive
67,replication_2,14,both_fists_imagery,C4,mu,8,-11.640403378430088,35.52432740788433,5,0.625,negative
67,replication_2,6,both_fists_imagery,Cz,mu,7,-2.26021642421954,12.221321950053856,6,0.8571428571428571,negative
67,replication_2,10,both_fists_imagery,Cz,mu,8,-17.676524961914815,60.24293075861877,5,0.625,negative
67,replication_2,14,both_fists_imagery,Cz,mu,8,-21.47695584782582,48.08704017634933,5,0.625,negative
67,replication_2,6,both_fists_imagery,Cz,beta,7,1.9067078966396385,27.491192073237293,3,0.42857142857142855,positive
67,replication_2,10,both_fists_imagery,Cz,beta,8,5.270819348972399,39.57057446996802,3,0.375,positive
67,replication_2,14,both_fists_imagery,Cz,beta,8,3.583201286428035,35.067661877936445,3,0.375,positive
67,replication_2,6,both_feet_imagery,C3,central_12_13,8,-0.6596568796039752,37.308160268108,5,0.625,negative
67,replication_2,10,both_feet_imagery,C3,central_12_13,7,-24.9656993854751,50.470877485070794,5,0.7142857142857143,negative
67,replication_2,14,both_feet_imagery,C3,central_12_13,7,8.821201336978975,55.13558304964421,3,0.42857142857142855,positive
67,replication_2,6,both_feet_imagery,C4,central_12_13,8,-50.793293974276494,24.206736419258053,8,1.0,negative
67,replication_2,10,both_feet_imagery,C4,central_12_13,7,-22.429002086697018,60.264149916657594,5,0.7142857142857143,negative
67,replication_2,14,both_feet_imagery,C4,central_12_13,7,6.020907612189129,47.14153495715325,2,0.2857142857142857,positive
67,replication_2,6,both_feet_imagery,C3,mu,8,1.7182700188815476,42.16858184923609,4,0.5,positive
67,replication_2,10,both_feet_imagery,C3,mu,7,9.10831750553051,48.1694523350731,3,0.42857142857142855,positive
67,replication_2,14,both_feet_imagery,C3,mu,7,-0.5727738049142531,188.9956966548774,4,0.5714285714285714,negative
67,replication_2,6,both_feet_imagery,Cz,mu,8,-16.47074026946903,17.705611176884474,7,0.875,negative
67,replication_2,10,both_feet_imagery,Cz,mu,7,-15.911881355249378,16.860412282872044,6,0.8571428571428571,negative
67,replication_2,14,both_feet_imagery,Cz,mu,7,4.529540511426261,25.532132935064304,3,0.42857142857142855,positive
67,replication_2,6,both_feet_imagery,C4,mu,8,-29.492682541436164,21.36890448718629,7,0.875,negative
67,replication_2,10,both_feet_imagery,C4,mu,7,-40.85739596761618,31.92573296669745,6,0.8571428571428571,negative
67,replication_2,14,both_feet_imagery,C4,mu,7,15.181819782740623,52.27318364432902,2,0.2857142857142857,positive
67,replication_2,6,both_feet_imagery,Cz,beta,8,-12.569166059205497,18.085995263737995,7,0.875,negative
67,replication_2,10,both_feet_imagery,Cz,beta,7,-19.78351311635744,9.079953301025274,6,0.8571428571428571,negative
67,replication_2,14,both_feet_imagery,Cz,beta,7,-18.701078138873417,36.67542888376141,5,0.7142857142857143,negative
68,replication_2,6,both_fists_imagery,C4,central_12_13,7,-49.248644647977805,53.08574639897246,5,0.7142857142857143,negative
68,replication_2,10,both_fists_imagery,C4,central_12_13,8,-43.91123239718007,13.332521202739464,8,1.0,negative
68,replication_2,14,both_fists_imagery,C4,central_12_13,7,-20.19373872959093,55.18356998063224,5,0.7142857142857143,negative
68,replication_2,6,both_fists_imagery,C3,central_12_13,7,-44.52284691533358,15.21488394930143,6,0.8571428571428571,negative
68,replication_2,10,both_fists_imagery,C3,central_12_13,8,-26.562632780403124,23.908125691705635,7,0.875,negative
68,replication_2,14,both_fists_imagery,C3,central_12_13,7,-10.8602376605401,38.0635685684273,5,0.7142857142857143,negative
68,replication_2,6,both_fists_imagery,C3,mu,7,-23.58851013221016,68.52003140969133,4,0.5714285714285714,negative
68,replication_2,10,both_fists_imagery,C3,mu,8,-20.15494507212915,70.82275321077131,5,0.625,negative
68,replication_2,14,both_fists_imagery,C3,mu,7,4.452675207437688,25.342932313885154,2,0.2857142857142857,positive
68,replication_2,6,both_fists_imagery,C4,mu,7,-32.870006788497214,52.16416017599362,5,0.7142857142857143,negative
68,replication_2,10,both_fists_imagery,C4,mu,8,-35.35174025740682,37.75823555652886,7,0.875,negative
68,replication_2,14,both_fists_imagery,C4,mu,7,-10.698932797970478,48.98372010943777,4,0.5714285714285714,negative
68,replication_2,6,both_fists_imagery,Cz,mu,7,-13.982069135788123,40.14214528749893,6,0.8571428571428571,negative
68,replication_2,10,both_fists_imagery,Cz,mu,8,-17.7288268195082,38.86992694617015,6,0.75,negative
68,replication_2,14,both_fists_imagery,Cz,mu,7,2.164387859382904,33.414046436500925,3,0.42857142857142855,positive
68,replication_2,6,both_fists_imagery,Cz,beta,7,-74.52560906874302,10.914988695910452,7,1.0,negative
68,replication_2,10,both_fists_imagery,Cz,beta,8,-66.01778334671272,18.069895339251246,8,1.0,negative
68,replication_2,14,both_fists_imagery,Cz,beta,7,-61.999698378724645,24.52549285006208,6,0.8571428571428571,negative
68,replication_2,6,both_feet_imagery,C3,central_12_13,8,3.5945807082337087,36.192020249153444,3,0.375,positive
68,replication_2,10,both_feet_imagery,C3,central_12_13,7,-5.51032375821425,61.79968288088659,4,0.5714285714285714,negative
68,replication_2,14,both_feet_imagery,C3,central_12_13,8,6.5841350041643825,22.010761568123566,2,0.25,positive
68,replication_2,6,both_feet_imagery,C4,central_12_13,8,13.907294242631624,87.41111298974876,3,0.375,positive
68,replication_2,10,both_feet_imagery,C4,central_12_13,7,9.790105972988531,85.33049260225798,3,0.42857142857142855,positive
68,replication_2,14,both_feet_imagery,C4,central_12_13,8,4.1779340676299,30.441179026688907,3,0.375,positive
68,replication_2,6,both_feet_imagery,C3,mu,8,38.193900061344245,84.29645470498863,3,0.375,positive
68,replication_2,10,both_feet_imagery,C3,mu,7,7.180394167239848,30.396278046139468,2,0.2857142857142857,positive
68,replication_2,14,both_feet_imagery,C3,mu,8,47.45063027934984,97.0608203969941,3,0.375,positive
68,replication_2,6,both_feet_imagery,Cz,mu,8,1.9548880184534574,68.19436290007802,4,0.5,positive
68,replication_2,10,both_feet_imagery,Cz,mu,7,21.297096286421215,60.89955685211334,3,0.42857142857142855,positive
68,replication_2,14,both_feet_imagery,Cz,mu,8,-17.60943434745953,51.576893433528596,6,0.75,negative
68,replication_2,6,both_feet_imagery,C4,mu,8,55.662622967823864,145.85944732593197,2,0.25,positive
68,replication_2,10,both_feet_imagery,C4,mu,7,25.84798051009505,95.96864201272385,2,0.2857142857142857,positive
68,replication_2,14,both_feet_imagery,C4,mu,8,-15.47366340820102,25.598466061872795,5,0.625,negative
68,replication_2,6,both_feet_imagery,Cz,beta,8,-45.9460847411339,21.213158261163095,6,0.75,negative
68,replication_2,10,both_feet_imagery,Cz,beta,7,-69.50710973720534,14.419455226128775,7,1.0,negative
68,replication_2,14,both_feet_imagery,Cz,beta,8,-40.55614881325653,13.7573407340929,8,1.0,negative
69,replication_2,6,both_fists_imagery,C4,central_12_13,8,-54.263059171390196,35.022563757323034,8,1.0,negative
69,replication_2,10,both_fists_imagery,C4,central_12_13,7,-4.48317442027126,72.72928978084899,4,0.5714285714285714,negative
69,replication_2,14,both_fists_imagery,C4,central_12_13,7,-50.02132887140002,46.96497356693791,6,0.8571428571428571,negative
69,replication_2,6,both_fists_imagery,C3,central_12_13,8,-28.608120106984508,19.04186552104961,7,0.875,negative
69,replication_2,10,both_fists_imagery,C3,central_12_13,7,-29.722099244940477,43.87859618584564,7,1.0,negative
69,replication_2,14,both_fists_imagery,C3,central_12_13,7,-64.454346704833,35.62239782526974,6,0.8571428571428571,negative
69,replication_2,6,both_fists_imagery,C3,mu,8,-23.2258648125758,36.315460792370395,6,0.75,negative
69,replication_2,10,both_fists_imagery,C3,mu,7,-31.945085985476382,13.964331913418231,6,0.8571428571428571,negative
69,replication_2,14,both_fists_imagery,C3,mu,7,-66.53781641653842,63.41365348174578,6,0.8571428571428571,negative
69,replication_2,6,both_fists_imagery,C4,mu,8,-31.666477368391945,36.986301526967885,6,0.75,negative
69,replication_2,10,both_fists_imagery,C4,mu,7,7.202866282330039,84.88732071871407,3,0.42857142857142855,positive
69,replication_2,14,both_fists_imagery,C4,mu,7,-13.260083927467484,80.45701097193249,5,0.7142857142857143,negative
69,replication_2,6,both_fists_imagery,Cz,mu,8,5.53543874796282,33.607812995778644,3,0.375,positive
69,replication_2,10,both_fists_imagery,Cz,mu,7,0.6261307739234228,46.975960502820925,3,0.42857142857142855,positive
69,replication_2,14,both_fists_imagery,Cz,mu,7,-31.893525780666234,72.11562844877255,5,0.7142857142857143,negative
69,replication_2,6,both_fists_imagery,Cz,beta,8,-38.6996166809553,31.161569537318968,7,0.875,negative
69,replication_2,10,both_fists_imagery,Cz,beta,7,-18.296598072148655,48.46952250224371,4,0.5714285714285714,negative
69,replication_2,14,both_fists_imagery,Cz,beta,7,-47.086973591433384,46.83761308859695,5,0.7142857142857143,negative
69,replication_2,6,both_feet_imagery,C3,central_12_13,7,-32.5878567899889,97.90137085021595,5,0.7142857142857143,negative
69,replication_2,10,both_feet_imagery,C3,central_12_13,8,26.99025695570418,88.14200567723843,2,0.25,positive
69,replication_2,14,both_feet_imagery,C3,central_12_13,8,-42.24154324800089,119.23091396252394,5,0.625,negative
69,replication_2,6,both_feet_imagery,C4,central_12_13,7,47.94385385486019,196.89645429265187,3,0.42857142857142855,positive
69,replication_2,10,both_feet_imagery,C4,central_12_13,8,-17.012459436594085,106.7641835032845,5,0.625,negative
69,replication_2,14,both_feet_imagery,C4,central_12_13,8,-53.414167180712916,170.02897295941216,6,0.75,negative
69,replication_2,6,both_feet_imagery,C3,mu,7,-27.72626737114838,68.2848057406846,5,0.7142857142857143,negative
69,replication_2,10,both_feet_imagery,C3,mu,8,16.013854991624168,60.547996025429455,3,0.375,positive
69,replication_2,14,both_feet_imagery,C3,mu,8,-2.0019382740717955,104.65028941513168,4,0.5,negative
69,replication_2,6,both_feet_imagery,Cz,mu,7,-23.181538625604485,36.18805659747281,4,0.5714285714285714,negative
69,replication_2,10,both_feet_imagery,Cz,mu,8,3.896297849147164,61.91285490809765,4,0.5,positive
69,replication_2,14,both_feet_imagery,Cz,mu,8,-13.169228270974068,14.689055248282612,6,0.75,negative
69,replication_2,6,both_feet_imagery,C4,mu,7,-14.226925097191856,108.70372368475313,4,0.5714285714285714,negative
69,replication_2,10,both_feet_imagery,C4,mu,8,21.117455339490462,84.28858566041947,3,0.375,positive
69,replication_2,14,both_feet_imagery,C4,mu,8,-12.77834914882002,106.8621660965744,6,0.75,negative
69,replication_2,6,both_feet_imagery,Cz,beta,7,-30.055380105940184,41.03288871270219,6,0.8571428571428571,negative
69,replication_2,10,both_feet_imagery,Cz,beta,8,-16.998680582812543,47.11827248580973,5,0.625,negative
69,replication_2,14,both_feet_imagery,Cz,beta,8,-26.572979780300088,14.039730855762855,7,0.875,negative
70,replication_2,6,both_fists_imagery,C4,central_12_13,8,-41.912376998587774,34.85462360640046,8,1.0,negative
70,replication_2,10,both_fists_imagery,C4,central_12_13,8,-60.093083213428066,15.10803550050327,8,1.0,negative
70,replication_2,14,both_fists_imagery,C4,central_12_13,7,-31.619951904950156,23.791216219074116,6,0.8571428571428571,negative
70,replication_2,6,both_fists_imagery,C3,central_12_13,8,-65.08645853513022,11.88544867571548,7,0.875,negative
70,replication_2,10,both_fists_imagery,C3,central_12_13,8,-51.370711435907424,11.260189443303602,7,0.875,negative
70,replication_2,14,both_fists_imagery,C3,central_12_13,7,-50.87155068049254,29.024005597518595,6,0.8571428571428571,negative
70,replication_2,6,both_fists_imagery,C3,mu,8,-54.22166653162385,25.378724924274948,8,1.0,negative
70,replication_2,10,both_fists_imagery,C3,mu,8,-20.394067086670603,22.306547183020342,8,1.0,negative
70,replication_2,14,both_fists_imagery,C3,mu,7,-35.759701403553215,38.757918099621136,7,1.0,negative
70,replication_2,6,both_fists_imagery,C4,mu,8,-45.338613749562796,41.324052650580164,7,0.875,negative
70,replication_2,10,both_fists_imagery,C4,mu,8,-18.911929194302424,41.730632836900185,6,0.75,negative
70,replication_2,14,both_fists_imagery,C4,mu,7,23.85809825732386,65.40966074174726,3,0.42857142857142855,positive
70,replication_2,6,both_fists_imagery,Cz,mu,8,-37.76159109492579,39.13213791572508,6,0.75,negative
70,replication_2,10,both_fists_imagery,Cz,mu,8,-21.19367234282196,24.835658020098887,7,0.875,negative
70,replication_2,14,both_fists_imagery,Cz,mu,7,11.831114216187716,39.393389214824865,2,0.2857142857142857,positive
70,replication_2,6,both_fists_imagery,Cz,beta,8,-2.556368826926133,27.554830601974295,5,0.625,negative
70,replication_2,10,both_fists_imagery,Cz,beta,8,-3.854217181673443,22.87721043341349,5,0.625,negative
70,replication_2,14,both_fists_imagery,Cz,beta,7,-20.711253476805705,26.55470989787839,5,0.7142857142857143,negative
70,replication_2,6,both_feet_imagery,C3,central_12_13,7,83.07919878919475,133.14698198184914,2,0.2857142857142857,positive
70,replication_2,10,both_feet_imagery,C3,central_12_13,7,37.26984074544924,70.59517859697233,2,0.2857142857142857,positive
70,replication_2,14,both_feet_imagery,C3,central_12_13,8,-7.485210329611368,55.942520096987955,5,0.625,negative
70,replication_2,6,both_feet_imagery,C4,central_12_13,7,6.6816224550185,11.95523961168265,3,0.42857142857142855,positive
70,replication_2,10,both_feet_imagery,C4,central_12_13,7,-23.41888443074186,124.99050526894698,4,0.5714285714285714,negative
70,replication_2,14,both_feet_imagery,C4,central_12_13,8,21.784269063019597,39.38163314396192,2,0.25,positive
70,replication_2,6,both_feet_imagery,C3,mu,7,9.147618592194789,45.32215794532572,2,0.2857142857142857,positive
70,replication_2,10,both_feet_imagery,C3,mu,7,21.57425953046486,69.16696004930547,1,0.14285714285714285,positive
70,replication_2,14,both_feet_imagery,C3,mu,8,-27.54587301314176,40.337431791322125,6,0.75,negative
70,replication_2,6,both_feet_imagery,Cz,mu,7,-34.95032667891042,46.28472850921804,7,1.0,negative
70,replication_2,10,both_feet_imagery,Cz,mu,7,-16.23971710122619,74.68298778498848,4,0.5714285714285714,negative
70,replication_2,14,both_feet_imagery,Cz,mu,8,-26.834306999525246,57.85345173553301,6,0.75,negative
70,replication_2,6,both_feet_imagery,C4,mu,7,-5.729673282381882,10.761858475454298,6,0.8571428571428571,negative
70,replication_2,10,both_feet_imagery,C4,mu,7,-22.56776584691689,53.65621878734702,5,0.7142857142857143,negative
70,replication_2,14,both_feet_imagery,C4,mu,8,-5.511794375944975,34.91198805991436,5,0.625,negative
70,replication_2,6,both_feet_imagery,Cz,beta,7,-7.901248676208736,14.743965113513452,5,0.7142857142857143,negative
70,replication_2,10,both_feet_imagery,Cz,beta,7,11.520934266221833,28.67995118274456,2,0.2857142857142857,positive
70,replication_2,14,both_feet_imagery,Cz,beta,8,-14.033658683687824,23.06977173842629,6,0.75,negative
71,replication_2,6,both_fists_imagery,C4,central_12_13,8,-53.845254823044314,94.46275174430312,5,0.625,negative
71,replication_2,10,both_fists_imagery,C4,central_12_13,8,-65.6773761404223,32.064280032362745,7,0.875,negative
71,replication_2,14,both_fists_imagery,C4,central_12_13,7,-58.569276456536215,28.82865927231945,6,0.8571428571428571,negative
71,replication_2,6,both_fists_imagery,C3,central_12_13,8,-61.85682476814598,16.792481608706964,7,0.875,negative
71,replication_2,10,both_fists_imagery,C3,central_12_13,8,-44.331931346951464,34.14850568216673,6,0.75,negative
71,replication_2,14,both_fists_imagery,C3,central_12_13,7,-7.401421217109791,55.112277965493945,4,0.5714285714285714,negative
71,replication_2,6,both_fists_imagery,C3,mu,8,-36.69843366028219,19.43688904245635,7,0.875,negative
71,replication_2,10,both_fists_imagery,C3,mu,8,-29.29781124661809,18.250714044747134,7,0.875,negative
71,replication_2,14,both_fists_imagery,C3,mu,7,19.504755196487718,50.359086192271455,2,0.2857142857142857,positive
71,replication_2,6,both_fists_imagery,C4,mu,8,-45.53419427209427,39.76655349099236,6,0.75,negative
71,replication_2,10,both_fists_imagery,C4,mu,8,-54.467510708330565,23.38238822557421,7,0.875,negative
71,replication_2,14,both_fists_imagery,C4,mu,7,-26.550469146188885,99.78528281420189,5,0.7142857142857143,negative
71,replication_2,6,both_fists_imagery,Cz,mu,8,-8.899923793264422,55.1821309667582,5,0.625,negative
71,replication_2,10,both_fists_imagery,Cz,mu,8,-40.2303163338551,44.173318870245936,7,0.875,negative
71,replication_2,14,both_fists_imagery,Cz,mu,7,-29.138776240899563,30.961617224902852,5,0.7142857142857143,negative
71,replication_2,6,both_fists_imagery,Cz,beta,8,-20.98516806784898,32.79415954593061,5,0.625,negative
71,replication_2,10,both_fists_imagery,Cz,beta,8,-19.740277100559496,40.52561894091556,5,0.625,negative
71,replication_2,14,both_fists_imagery,Cz,beta,7,-35.554169984061915,22.78201330456219,7,1.0,negative
71,replication_2,6,both_feet_imagery,C3,central_12_13,7,6.231050432599057,138.0804598589985,3,0.42857142857142855,positive
71,replication_2,10,both_feet_imagery,C3,central_12_13,7,9.3899517625226,125.14656536899336,3,0.42857142857142855,positive
71,replication_2,14,both_feet_imagery,C3,central_12_13,8,89.7850473989034,285.9993157610875,2,0.25,positive
71,replication_2,6,both_feet_imagery,C4,central_12_13,7,24.252283148253817,118.11823982257687,3,0.42857142857142855,positive
71,replication_2,10,both_feet_imagery,C4,central_12_13,7,35.67938411871299,133.2665421061181,3,0.42857142857142855,positive
71,replication_2,14,both_feet_imagery,C4,central_12_13,8,75.30196489666497,228.11260144142457,2,0.25,positive
71,replication_2,6,both_feet_imagery,C3,mu,7,17.776617166285945,101.28223469911546,2,0.2857142857142857,positive
71,replication_2,10,both_feet_imagery,C3,mu,7,20.447846909181326,83.18149634449009,3,0.42857142857142855,positive
71,replication_2,14,both_feet_imagery,C3,mu,8,94.65443541565816,112.86115208333483,2,0.25,positive
71,replication_2,6,both_feet_imagery,Cz,mu,7,15.507886892833962,85.58434735643758,3,0.42857142857142855,positive
71,replication_2,10,both_feet_imagery,Cz,mu,7,-43.611290663293474,16.699035039764823,6,0.8571428571428571,negative
71,replication_2,14,both_feet_imagery,Cz,mu,8,85.63274706447123,111.19835445220768,2,0.25,positive
71,replication_2,6,both_feet_imagery,C4,mu,7,24.367270935395265,92.76676253923326,2,0.2857142857142857,positive
71,replication_2,10,both_feet_imagery,C4,mu,7,3.087783254243958,70.24608308851093,3,0.42857142857142855,positive
71,replication_2,14,both_feet_imagery,C4,mu,8,59.875978751788324,108.13884534726859,1,0.125,positive
71,replication_2,6,both_feet_imagery,Cz,beta,7,-7.048052382421239,4.568382675140683,6,0.8571428571428571,negative
71,replication_2,10,both_feet_imagery,Cz,beta,7,-21.24099853605252,40.26106164279773,5,0.7142857142857143,negative
71,replication_2,14,both_feet_imagery,Cz,beta,8,1.7460528618976263,48.68823083086549,4,0.5,positive
72,replication_2,6,both_fists_imagery,C4,central_12_13,7,-91.38123275743214,27.874094139561123,7,1.0,negative
72,replication_2,10,both_fists_imagery,C4,central_12_13,7,-87.33526980744162,67.75288013593097,5,0.7142857142857143,negative
72,replication_2,14,both_fists_imagery,C4,central_12_13,7,-88.7058573419862,36.959145077267706,6,0.8571428571428571,negative
72,replication_2,6,both_fists_imagery,C3,central_12_13,7,-88.65040722639111,10.604896442613082,7,1.0,negative
72,replication_2,10,both_fists_imagery,C3,central_12_13,7,-39.04433817897678,60.25679119300174,6,0.8571428571428571,negative
72,replication_2,14,both_fists_imagery,C3,central_12_13,7,-70.0536229801824,40.34835494147076,7,1.0,negative
72,replication_2,6,both_fists_imagery,C3,mu,7,-87.22529876627128,17.704153386061463,7,1.0,negative
72,replication_2,10,both_fists_imagery,C3,mu,7,-43.04658161215865,78.41551419485043,6,0.8571428571428571,negative
72,replication_2,14,both_fists_imagery,C3,mu,7,-59.99862894872794,44.19372417954375,6,0.8571428571428571,negative
72,replication_2,6,both_fists_imagery,C4,mu,7,-89.2462391556973,35.32873023563081,7,1.0,negative
72,replication_2,10,both_fists_imagery,C4,mu,7,-86.27158406407929,55.01579376623769,6,0.8571428571428571,negative
72,replication_2,14,both_fists_imagery,C4,mu,7,-84.19855479234684,40.66534383868162,7,1.0,negative
72,replication_2,6,both_fists_imagery,Cz,mu,7,-52.95920456341626,9.546851115210046,7,1.0,negative
72,replication_2,10,both_fists_imagery,Cz,mu,7,-38.48086696109817,61.9105495340732,4,0.5714285714285714,negative
72,replication_2,14,both_fists_imagery,Cz,mu,7,-3.6889970673753165,75.60398151022477,4,0.5714285714285714,negative
72,replication_2,6,both_fists_imagery,Cz,beta,7,-33.870563345446776,13.858059695291619,7,1.0,negative
72,replication_2,10,both_fists_imagery,Cz,beta,7,-37.013512526751676,31.7673987786016,5,0.7142857142857143,negative
72,replication_2,14,both_fists_imagery,Cz,beta,7,-7.442089034054041,25.062548081446657,5,0.7142857142857143,negative
72,replication_2,6,both_feet_imagery,C3,central_12_13,7,42.79587942992065,144.36655146344322,3,0.42857142857142855,positive
72,replication_2,10,both_feet_imagery,C3,central_12_13,7,21.383450840287374,208.50468350801592,3,0.42857142857142855,positive
72,replication_2,14,both_feet_imagery,C3,central_12_13,7,64.9345733658612,288.3692248379565,2,0.2857142857142857,positive
72,replication_2,6,both_feet_imagery,C4,central_12_13,7,-42.822233563285145,140.61113622807545,4,0.5714285714285714,negative
72,replication_2,10,both_feet_imagery,C4,central_12_13,7,-44.08929856427056,82.69221240835624,4,0.5714285714285714,negative
72,replication_2,14,both_feet_imagery,C4,central_12_13,7,43.460606292866416,586.1393937687398,1,0.14285714285714285,positive
72,replication_2,6,both_feet_imagery,C3,mu,7,38.02466165693815,129.85318152984112,3,0.42857142857142855,positive
72,replication_2,10,both_feet_imagery,C3,mu,7,10.123472521556762,207.4828316094623,3,0.42857142857142855,positive
72,replication_2,14,both_feet_imagery,C3,mu,7,122.10957482100649,239.37152826823285,2,0.2857142857142857,positive
72,replication_2,6,both_feet_imagery,Cz,mu,7,81.92994676154512,52.61793394872239,1,0.14285714285714285,positive
72,replication_2,10,both_feet_imagery,Cz,mu,7,-25.201149665263777,74.7252546034874,5,0.7142857142857143,negative
72,replication_2,14,both_feet_imagery,Cz,mu,7,51.0062499369404,66.67746676430154,1,0.14285714285714285,positive
72,replication_2,6,both_feet_imagery,C4,mu,7,-33.454612179966716,101.14877091665511,4,0.5714285714285714,negative
72,replication_2,10,both_feet_imagery,C4,mu,7,-1.0897012628033742,104.88115077910992,4,0.5714285714285714,negative
72,replication_2,14,both_feet_imagery,C4,mu,7,39.97081343874785,493.2045735609656,2,0.2857142857142857,positive
72,replication_2,6,both_feet_imagery,Cz,beta,7,-2.233886805607364,12.805368812641353,4,0.5714285714285714,negative
72,replication_2,10,both_feet_imagery,Cz,beta,7,-24.9256083813296,11.061960139049258,6,0.8571428571428571,negative
72,replication_2,14,both_feet_imagery,Cz,beta,7,-8.19734676917793,23.607722360559908,5,0.7142857142857143,negative
73,replication_2,6,both_fists_imagery,C4,central_12_13,7,66.32816029892122,129.25144115634504,3,0.42857142857142855,positive
73,replication_2,10,both_fists_imagery,C4,central_12_13,7,-49.4389017168571,112.42980160495202,5,0.7142857142857143,negative
73,replication_2,14,both_fists_imagery,C4,central_12_13,7,-18.268350646610646,50.151841673601794,4,0.5714285714285714,negative
73,replication_2,6,both_fists_imagery,C3,central_12_13,7,3.7281421603740217,105.06274844719707,3,0.42857142857142855,positive
73,replication_2,10,both_fists_imagery,C3,central_12_13,7,-26.19882191789865,123.66528143278238,4,0.5714285714285714,negative
73,replication_2,14,both_fists_imagery,C3,central_12_13,7,-21.9079277742252,69.13973755191074,4,0.5714285714285714,negative
73,replication_2,6,both_fists_imagery,C3,mu,7,21.558538441436962,86.12462502669881,3,0.42857142857142855,positive
73,replication_2,10,both_fists_imagery,C3,mu,7,-2.0446314155632885,31.792765856654583,4,0.5714285714285714,negative
73,replication_2,14,both_fists_imagery,C3,mu,7,-1.80989600498435,88.77654516035552,4,0.5714285714285714,negative
73,replication_2,6,both_fists_imagery,C4,mu,7,18.646599104661316,117.06007864361645,3,0.42857142857142855,positive
73,replication_2,10,both_fists_imagery,C4,mu,7,2.004355400400407,148.48123594817798,3,0.42857142857142855,positive
73,replication_2,14,both_fists_imagery,C4,mu,7,-15.915198232989896,22.83856645773339,5,0.7142857142857143,negative
73,replication_2,6,both_fists_imagery,Cz,mu,7,-25.01593188501869,59.58340512871394,5,0.7142857142857143,negative
73,replication_2,10,both_fists_imagery,Cz,mu,7,64.71357648852467,100.87978419736726,3,0.42857142857142855,positive
73,replication_2,14,both_fists_imagery,Cz,mu,7,-19.635645124547743,42.34633577334216,4,0.5714285714285714,negative
73,replication_2,6,both_fists_imagery,Cz,beta,7,-46.33978553404134,12.075358462931177,7,1.0,negative
73,replication_2,10,both_fists_imagery,Cz,beta,7,-19.513522839620126,30.86786161497081,5,0.7142857142857143,negative
73,replication_2,14,both_fists_imagery,Cz,beta,7,-14.749369169669238,45.760189874626,5,0.7142857142857143,negative
73,replication_2,6,both_feet_imagery,C3,central_12_13,7,27.58867761945224,120.13296999734735,3,0.42857142857142855,positive
73,replication_2,10,both_feet_imagery,C3,central_12_13,7,-20.536517420163634,62.61609086167868,4,0.5714285714285714,negative
73,replication_2,14,both_feet_imagery,C3,central_12_13,7,-44.638658719350204,54.982083408414724,5,0.7142857142857143,negative
73,replication_2,6,both_feet_imagery,C4,central_12_13,7,-13.995377094995119,56.18744968260684,4,0.5714285714285714,negative
73,replication_2,10,both_feet_imagery,C4,central_12_13,7,-19.460371209943297,28.308159143454407,6,0.8571428571428571,negative
73,replication_2,14,both_feet_imagery,C4,central_12_13,7,4.322476105751864,58.84061075415062,3,0.42857142857142855,positive
73,replication_2,6,both_feet_imagery,C3,mu,7,58.67436434430816,119.60650192705775,2,0.2857142857142857,positive
73,replication_2,10,both_feet_imagery,C3,mu,7,-17.878420533889305,44.042840392821105,5,0.7142857142857143,negative
73,replication_2,14,both_feet_imagery,C3,mu,7,-15.131014259995139,52.343964191530205,4,0.5714285714285714,negative
73,replication_2,6,both_feet_imagery,Cz,mu,7,44.95824899038942,65.74167522377368,1,0.14285714285714285,positive
73,replication_2,10,both_feet_imagery,Cz,mu,7,4.634087227222107,49.6675998750261,2,0.2857142857142857,positive
73,replication_2,14,both_feet_imagery,Cz,mu,7,18.947395331952613,37.8379569692474,3,0.42857142857142855,positive
73,replication_2,6,both_feet_imagery,C4,mu,7,-1.0948081911878196,58.59140746641582,4,0.5714285714285714,negative
73,replication_2,10,both_feet_imagery,C4,mu,7,-34.72680246118692,28.209469677872974,6,0.8571428571428571,negative
73,replication_2,14,both_feet_imagery,C4,mu,7,2.520394889000819,31.991411213074425,3,0.42857142857142855,positive
73,replication_2,6,both_feet_imagery,Cz,beta,7,-47.773782838649545,22.90321959947157,7,1.0,negative
73,replication_2,10,both_feet_imagery,Cz,beta,7,-45.39610536559979,21.01744062966485,7,1.0,negative
73,replication_2,14,both_feet_imagery,Cz,beta,7,-27.32281342380681,49.62828416654456,5,0.7142857142857143,negative
74,replication_2,6,both_fists_imagery,C4,central_12_13,7,-32.186191143097574,55.53988440346356,5,0.7142857142857143,negative
74,replication_2,10,both_fists_imagery,C4,central_12_13,7,1.7435387744681092,165.0046529085929,3,0.42857142857142855,positive
74,replication_2,14,both_fists_imagery,C4,central_12_13,7,-2.5116867536842467,325.7943086665982,4,0.5714285714285714,negative
74,replication_2,6,both_fists_imagery,C3,central_12_13,7,-57.07772603732366,29.617186210267192,6,0.8571428571428571,negative
74,replication_2,10,both_fists_imagery,C3,central_12_13,7,82.35759659221796,250.7605824971502,1,0.14285714285714285,positive
74,replication_2,14,both_fists_imagery,C3,central_12_13,7,36.974648525171105,286.09416052816306,3,0.42857142857142855,positive
74,replication_2,6,both_fists_imagery,C3,mu,7,-41.990180030577875,36.67801964862632,6,0.8571428571428571,negative
74,replication_2,10,both_fists_imagery,C3,mu,7,176.1134886457738,249.53608664550887,1,0.14285714285714285,positive
74,replication_2,14,both_fists_imagery,C3,mu,7,39.381622399762335,176.20225036233273,3,0.42857142857142855,positive
74,replication_2,6,both_fists_imagery,C4,mu,7,-12.32891167450254,71.18175747015039,5,0.7142857142857143,negative
74,replication_2,10,both_fists_imagery,C4,mu,7,-38.52688486033026,98.91260708678448,4,0.5714285714285714,negative
74,replication_2,14,both_fists_imagery,C4,mu,7,-9.972059385683318,193.41139065114794,4,0.5714285714285714,negative
74,replication_2,6,both_fists_imagery,Cz,mu,7,-59.31298175594856,80.47914281566557,5,0.7142857142857143,negative
74,replication_2,10,both_fists_imagery,Cz,mu,7,-9.096116781460708,109.01756970434246,4,0.5714285714285714,negative
74,replication_2,14,both_fists_imagery,Cz,mu,7,25.54295746846359,85.36412696513369,3,0.42857142857142855,positive
74,replication_2,6,both_fists_imagery,Cz,beta,7,-43.640171727715824,56.961202740073205,5,0.7142857142857143,negative
74,replication_2,10,both_fists_imagery,Cz,beta,7,52.20393869918364,79.2305551868479,1,0.14285714285714285,positive
74,replication_2,14,both_fists_imagery,Cz,beta,7,22.875873934129295,308.09357612252813,3,0.42857142857142855,positive
74,replication_2,6,both_feet_imagery,C3,central_12_13,7,-40.911977536556066,65.59071844113727,4,0.5714285714285714,negative
74,replication_2,10,both_feet_imagery,C3,central_12_13,7,-53.638867882946336,36.29773962078,7,1.0,negative
74,replication_2,14,both_feet_imagery,C3,central_12_13,7,-13.705667809625842,89.17405764087201,5,0.7142857142857143,negative
74,replication_2,6,both_feet_imagery,C4,central_12_13,7,-28.849622245501607,72.36057751454322,4,0.5714285714285714,negative
74,replication_2,10,both_feet_imagery,C4,central_12_13,7,-50.552351264172636,37.72532988609203,6,0.8571428571428571,negative
74,replication_2,14,both_feet_imagery,C4,central_12_13,7,-45.14108847641186,85.56623383829545,5,0.7142857142857143,negative
74,replication_2,6,both_feet_imagery,C3,mu,7,-19.525671539568062,44.70998347918474,4,0.5714285714285714,negative
74,replication_2,10,both_feet_imagery,C3,mu,7,-64.44983152307589,35.21713200889198,7,1.0,negative
74,replication_2,14,both_feet_imagery,C3,mu,7,-3.6689140011223635,62.99619507810123,5,0.7142857142857143,negative
74,replication_2,6,both_feet_imagery,Cz,mu,7,-10.98292889089151,84.58490692400827,4,0.5714285714285714,negative
74,replication_2,10,both_feet_imagery,Cz,mu,7,-39.21769877532284,28.844586841028182,7,1.0,negative
74,replication_2,14,both_feet_imagery,Cz,mu,7,-34.058668220901154,38.20641881205938,6,0.8571428571428571,negative
74,replication_2,6,both_feet_imagery,C4,mu,7,-8.924380186605765,26.472422645477263,6,0.8571428571428571,negative
74,replication_2,10,both_feet_imagery,C4,mu,7,-43.451958269146004,41.76668971978373,6,0.8571428571428571,negative
74,replication_2,14,both_feet_imagery,C4,mu,7,-54.79530171015484,88.9966291472073,5,0.7142857142857143,negative
74,replication_2,6,both_feet_imagery,Cz,beta,7,-42.300409999077125,41.8588382811559,5,0.7142857142857143,negative
74,replication_2,10,both_feet_imagery,Cz,beta,7,-36.75702504721963,46.38369876739412,6,0.8571428571428571,negative
74,replication_2,14,both_feet_imagery,Cz,beta,7,-35.609073300359334,53.42302974959807,5,0.7142857142857143,negative
75,replication_2,6,both_fists_imagery,C4,central_12_13,7,-74.54843756350843,13.88790080081462,7,1.0,negative
75,replication_2,10,both_fists_imagery,C4,central_12_13,7,-67.19920843942408,47.36020316266861,6,0.8571428571428571,negative
75,replication_2,14,both_fists_imagery,C4,central_12_13,7,-37.53998504348035,28.55358935043696,6,0.8571428571428571,negative
75,replication_2,6,both_fists_imagery,C3,central_12_13,7,-66.0969994424321,29.50548562910643,6,0.8571428571428571,negative
75,replication_2,10,both_fists_imagery,C3,central_12_13,7,-68.00744591413363,36.38783255106945,6,0.8571428571428571,negative
75,replication_2,14,both_fists_imagery,C3,central_12_13,7,-36.859809832086874,57.871328277045635,5,0.7142857142857143,negative
75,replication_2,6,both_fists_imagery,C3,mu,7,-64.88724462370132,33.41511121689194,6,0.8571428571428571,negative
75,replication_2,10,both_fists_imagery,C3,mu,7,-37.785737303732546,23.90536517764884,6,0.8571428571428571,negative
75,replication_2,14,both_fists_imagery,C3,mu,7,-43.73462889490481,52.88900882151158,5,0.7142857142857143,negative
75,replication_2,6,both_fists_imagery,C4,mu,7,-67.62207393328197,18.877095463034124,7,1.0,negative
75,replication_2,10,both_fists_imagery,C4,mu,7,-3.8603499128306447,77.33792462201887,4,0.5714285714285714,negative
75,replication_2,14,both_fists_imagery,C4,mu,7,-23.45782650167831,29.934771189256125,5,0.7142857142857143,negative
75,replication_2,6,both_fists_imagery,Cz,mu,7,-39.32391667701938,34.00018535352474,6,0.8571428571428571,negative
75,replication_2,10,both_fists_imagery,Cz,mu,7,-44.48129919460254,27.269669219006524,6,0.8571428571428571,negative
75,replication_2,14,both_fists_imagery,Cz,mu,7,-31.871896624993866,57.016007141784534,5,0.7142857142857143,negative
75,replication_2,6,both_fists_imagery,Cz,beta,7,-14.699235732423777,36.089941200901286,5,0.7142857142857143,negative
75,replication_2,10,both_fists_imagery,Cz,beta,7,-27.178996755182126,10.413639020273557,6,0.8571428571428571,negative
75,replication_2,14,both_fists_imagery,Cz,beta,7,-11.177070033262954,27.48789247180403,6,0.8571428571428571,negative
75,replication_2,6,both_feet_imagery,C3,central_12_13,8,-16.345814292994348,29.66788388243242,6,0.75,negative
75,replication_2,10,both_feet_imagery,C3,central_12_13,8,-34.44999638191483,31.548827254406767,7,0.875,negative
75,replication_2,14,both_feet_imagery,C3,central_12_13,8,-3.453964522563349,63.25090660975212,4,0.5,negative
75,replication_2,6,both_feet_imagery,C4,central_12_13,8,-40.957456798933734,26.806820694150534,8,1.0,negative
75,replication_2,10,both_feet_imagery,C4,central_12_13,8,-36.74920747600843,29.25814280384891,7,0.875,negative
75,replication_2,14,both_feet_imagery,C4,central_12_13,8,-1.1758919639688452,80.82027594274675,4,0.5,negative
75,replication_2,6,both_feet_imagery,C3,mu,8,-0.6434426611210227,29.832236723550828,4,0.5,negative
75,replication_2,10,both_feet_imagery,C3,mu,8,-36.404594105215466,41.906141999489506,6,0.75,negative
75,replication_2,14,both_feet_imagery,C3,mu,8,-7.89565404170331,62.06832749657107,4,0.5,negative
75,replication_2,6,both_feet_imagery,Cz,mu,8,-37.547741871788105,23.576075056290918,8,1.0,negative
75,replication_2,10,both_feet_imagery,Cz,mu,8,-38.81179678694801,69.51660514960301,5,0.625,negative
75,replication_2,14,both_feet_imagery,Cz,mu,8,-5.185318902187704,57.0801900313686,5,0.625,negative
75,replication_2,6,both_feet_imagery,C4,mu,8,-38.33274358201365,24.103232990510456,7,0.875,negative
75,replication_2,10,both_feet_imagery,C4,mu,8,-35.65168995102663,45.93975078463073,6,0.75,negative
75,replication_2,14,both_feet_imagery,C4,mu,8,2.7679323713572304,50.82993352777356,4,0.5,positive
75,replication_2,6,both_feet_imagery,Cz,beta,8,10.781553920982267,17.263918682761567,2,0.25,positive
75,replication_2,10,both_feet_imagery,Cz,beta,8,-12.328180614615237,54.159460862514734,5,0.625,negative
75,replication_2,14,both_feet_imagery,Cz,beta,8,-17.551828396471798,16.54565592555239,6,0.75,negative
76,replication_2,6,both_fists_imagery,C4,central_12_13,7,-27.216605066277808,55.6682831594198,5,0.7142857142857143,negative
76,replication_2,10,both_fists_imagery,C4,central_12_13,7,-10.292868656310922,124.68326810304058,4,0.5714285714285714,negative
76,replication_2,14,both_fists_imagery,C4,central_12_13,7,-30.190966981325257,63.42027412252813,5,0.7142857142857143,negative
76,replication_2,6,both_fists_imagery,C3,central_12_13,7,-44.31217535321105,40.75522808321607,5,0.7142857142857143,negative
76,replication_2,10,both_fists_imagery,C3,central_12_13,7,-7.307533197832844,101.83896603848386,4,0.5714285714285714,negative
76,replication_2,14,both_fists_imagery,C3,central_12_13,7,-11.260397829806257,33.28148869653523,5,0.7142857142857143,negative
76,replication_2,6,both_fists_imagery,C3,mu,7,-38.78798097380547,44.86310859725803,6,0.8571428571428571,negative
76,replication_2,10,both_fists_imagery,C3,mu,7,-15.023426761525114,40.981775103383725,5,0.7142857142857143,negative
76,replication_2,14,both_fists_imagery,C3,mu,7,-0.29564975543020977,102.58922159795347,4,0.5714285714285714,negative
76,replication_2,6,both_fists_imagery,C4,mu,7,-14.77302737233695,44.807027729303115,5,0.7142857142857143,negative
76,replication_2,10,both_fists_imagery,C4,mu,7,7.137949369011539,80.2699960073482,3,0.42857142857142855,positive
76,replication_2,14,both_fists_imagery,C4,mu,7,-9.015127411289267,112.01807250401578,4,0.5714285714285714,negative
76,replication_2,6,both_fists_imagery,Cz,mu,7,-37.65210702362732,26.416875013416284,6,0.8571428571428571,negative
76,replication_2,10,both_fists_imagery,Cz,mu,7,-22.101507055002518,45.284296204877805,5,0.7142857142857143,negative
76,replication_2,14,both_fists_imagery,Cz,mu,7,-49.93595607212621,127.1672187007022,4,0.5714285714285714,negative
76,replication_2,6,both_fists_imagery,Cz,beta,7,24.016627706548533,109.69668025942707,3,0.42857142857142855,positive
76,replication_2,10,both_fists_imagery,Cz,beta,7,43.52927847472413,253.25222372556624,3,0.42857142857142855,positive
76,replication_2,14,both_fists_imagery,Cz,beta,7,-19.861434819939,28.80307619368809,6,0.8571428571428571,negative
76,replication_2,6,both_feet_imagery,C3,central_12_13,7,-32.65340075015641,46.93014839985874,5,0.7142857142857143,negative
76,replication_2,10,both_feet_imagery,C3,central_12_13,7,-43.3746119786308,27.37871840639106,6,0.8571428571428571,negative
76,replication_2,14,both_feet_imagery,C3,central_12_13,7,-5.629769432063946,88.86884456347366,5,0.7142857142857143,negative
76,replication_2,6,both_feet_imagery,C4,central_12_13,7,-14.967039160386,50.27691839341013,5,0.7142857142857143,negative
76,replication_2,10,both_feet_imagery,C4,central_12_13,7,-27.493938052423463,33.52701900844993,5,0.7142857142857143,negative
76,replication_2,14,both_feet_imagery,C4,central_12_13,7,41.01679531021437,196.4118878178897,3,0.42857142857142855,positive
76,replication_2,6,both_feet_imagery,C3,mu,7,-25.866971620160122,49.244206466675635,5,0.7142857142857143,negative
76,replication_2,10,both_feet_imagery,C3,mu,7,-38.49466285328871,52.21316691229784,6,0.8571428571428571,negative
76,replication_2,14,both_feet_imagery,C3,mu,7,20.819667392299685,73.42997141425039,2,0.2857142857142857,positive
76,replication_2,6,both_feet_imagery,Cz,mu,7,-4.2867652418470845,25.747674691681084,4,0.5714285714285714,negative
76,replication_2,10,both_feet_imagery,Cz,mu,7,-21.091498427209043,47.84624220384229,5,0.7142857142857143,negative
76,replication_2,14,both_feet_imagery,Cz,mu,7,5.0742280530458,53.33850328882655,3,0.42857142857142855,positive
76,replication_2,6,both_feet_imagery,C4,mu,7,35.70598398248883,45.50794563085486,1,0.14285714285714285,positive
76,replication_2,10,both_feet_imagery,C4,mu,7,-36.99997993640276,48.87927828892505,5,0.7142857142857143,negative
76,replication_2,14,both_feet_imagery,C4,mu,7,17.757137262198636,107.77421482741399,3,0.42857142857142855,positive
76,replication_2,6,both_feet_imagery,Cz,beta,7,-28.58882360613287,46.63283347553444,5,0.7142857142857143,negative
76,replication_2,10,both_feet_imagery,Cz,beta,7,-55.90668461827172,44.503994199053984,6,0.8571428571428571,negative
76,replication_2,14,both_feet_imagery,Cz,beta,7,-7.696294321731524,55.73981421713238,4,0.5714285714285714,negative
77,replication_2,6,both_fists_imagery,C4,central_12_13,7,52.41887663966896,80.25069102532397,2,0.2857142857142857,positive
77,replication_2,10,both_fists_imagery,C4,central_12_13,7,25.246995869800656,97.69442018152225,3,0.42857142857142855,positive
77,replication_2,14,both_fists_imagery,C4,central_12_13,8,14.369292209980035,90.9314613649866,3,0.375,positive
77,replication_2,6,both_fists_imagery,C3,central_12_13,7,-9.406670342974241,76.87910359260758,4,0.5714285714285714,negative
77,replication_2,10,both_fists_imagery,C3,central_12_13,7,-22.964629326214027,56.91591991281338,4,0.5714285714285714,negative
77,replication_2,14,both_fists_imagery,C3,central_12_13,8,51.761572485852184,110.59758812664191,3,0.375,positive
77,replication_2,6,both_fists_imagery,C3,mu,7,-13.445441339006544,85.09145435772717,4,0.5714285714285714,negative
77,replication_2,10,both_fists_imagery,C3,mu,7,-40.938215312995894,54.78222158666657,5,0.7142857142857143,negative
77,replication_2,14,both_fists_imagery,C3,mu,8,21.439327674096077,70.9609541032924,2,0.25,positive
77,replication_2,6,both_fists_imagery,C4,mu,7,13.999969868832599,33.66609029195071,2,0.2857142857142857,positive
77,replication_2,10,both_fists_imagery,C4,mu,7,7.156106172218542,84.16729669935371,3,0.42857142857142855,positive
77,replication_2,14,both_fists_imagery,C4,mu,8,17.3974062919227,51.44402102029026,2,0.25,positive
77,replication_2,6,both_fists_imagery,Cz,mu,7,42.557100143469135,98.85950396867679,2,0.2857142857142857,positive
77,replication_2,10,both_fists_imagery,Cz,mu,7,19.343763243120236,99.64011909676114,3,0.42857142857142855,positive
77,replication_2,14,both_fists_imagery,Cz,mu,8,-48.0852886322928,65.54103220088457,5,0.625,negative
77,replication_2,6,both_fists_imagery,Cz,beta,7,-31.943202846680347,63.33887882734989,4,0.5714285714285714,negative
77,replication_2,10,both_fists_imagery,Cz,beta,7,13.435676753142433,71.90598958844555,2,0.2857142857142857,positive
77,replication_2,14,both_fists_imagery,Cz,beta,8,36.71710928487131,102.34062719226543,3,0.375,positive
77,replication_2,6,both_feet_imagery,C3,central_12_13,8,-50.47967733960304,41.63975724781211,7,0.875,negative
77,replication_2,10,both_feet_imagery,C3,central_12_13,8,-55.08779208400954,64.50567258442487,6,0.75,negative
77,replication_2,14,both_feet_imagery,C3,central_12_13,7,-51.98239142679513,43.44623942283373,5,0.7142857142857143,negative
77,replication_2,6,both_feet_imagery,C4,central_12_13,8,-9.840346861576386,84.22460480214446,4,0.5,negative
77,replication_2,10,both_feet_imagery,C4,central_12_13,8,-62.90985358128742,25.833103931197755,7,0.875,negative
77,replication_2,14,both_feet_imagery,C4,central_12_13,7,-15.55205515983006,131.97776706211206,5,0.7142857142857143,negative
77,replication_2,6,both_feet_imagery,C3,mu,8,-26.492217641889912,61.61993122280553,6,0.75,negative
77,replication_2,10,both_feet_imagery,C3,mu,8,-32.26034906756409,42.736541416423165,6,0.75,negative
77,replication_2,14,both_feet_imagery,C3,mu,7,-33.70879026488549,29.82692385878802,6,0.8571428571428571,negative
77,replication_2,6,both_feet_imagery,Cz,mu,8,-27.864929870555184,43.1623180787514,5,0.625,negative
77,replication_2,10,both_feet_imagery,Cz,mu,8,-25.022118417854173,55.20410094516657,6,0.75,negative
77,replication_2,14,both_feet_imagery,Cz,mu,7,-58.91998433605456,67.94737426797236,5,0.7142857142857143,negative
77,replication_2,6,both_feet_imagery,C4,mu,8,-19.74169736061263,78.53766854800378,5,0.625,negative
77,replication_2,10,both_feet_imagery,C4,mu,8,-56.76082993317239,14.456048590221293,7,0.875,negative
77,replication_2,14,both_feet_imagery,C4,mu,7,-30.91864460708605,99.40664803577528,5,0.7142857142857143,negative
77,replication_2,6,both_feet_imagery,Cz,beta,8,7.389302773226646,73.79457348292404,4,0.5,positive
77,replication_2,10,both_feet_imagery,Cz,beta,8,-40.94255508309507,91.362989670008,5,0.625,negative
77,replication_2,14,both_feet_imagery,Cz,beta,7,1.712412015728896,45.15272948636461,3,0.42857142857142855,positive
78,replication_2,6,both_fists_imagery,C4,central_12_13,8,-23.724462340755792,31.213090092182654,7,0.875,negative
78,replication_2,10,both_fists_imagery,C4,central_12_13,7,12.166876737341061,249.48335078333832,3,0.42857142857142855,positive
78,replication_2,14,both_fists_imagery,C4,central_12_13,7,-45.59835593929149,33.45988097531697,6,0.8571428571428571,negative
78,replication_2,6,both_fists_imagery,C3,central_12_13,8,13.727279294323537,112.66179827097025,4,0.5,positive
78,replication_2,10,both_fists_imagery,C3,central_12_13,7,13.808805172285949,153.78507295629197,2,0.2857142857142857,positive
78,replication_2,14,both_fists_imagery,C3,central_12_13,7,-19.680408998606264,140.23296222048776,4,0.5714285714285714,negative
78,replication_2,6,both_fists_imagery,C3,mu,8,18.980297340131244,87.35722177723,3,0.375,positive
78,replication_2,10,both_fists_imagery,C3,mu,7,70.39131835624687,102.56456921059666,3,0.42857142857142855,positive
78,replication_2,14,both_fists_imagery,C3,mu,7,24.972281502817687,134.94334183460745,3,0.42857142857142855,positive
78,replication_2,6,both_fists_imagery,C4,mu,8,-24.98996847877203,32.88139804365002,6,0.75,negative
78,replication_2,10,both_fists_imagery,C4,mu,7,21.68084559969274,102.71389592391063,3,0.42857142857142855,positive
78,replication_2,14,both_fists_imagery,C4,mu,7,-16.402335867241415,54.89281866703671,4,0.5714285714285714,negative
78,replication_2,6,both_fists_imagery,Cz,mu,8,-12.725957320580818,83.66216191156923,4,0.5,negative
78,replication_2,10,both_fists_imagery,Cz,mu,7,17.034593221965245,141.3250626925845,3,0.42857142857142855,positive
78,replication_2,14,both_fists_imagery,Cz,mu,7,-7.027715850584795,88.3170070500303,4,0.5714285714285714,negative
78,replication_2,6,both_fists_imagery,Cz,beta,8,21.67999367208421,79.15779034231385,4,0.5,positive
78,replication_2,10,both_fists_imagery,Cz,beta,7,-12.395817994850539,64.97337244799567,4,0.5714285714285714,negative
78,replication_2,14,both_fists_imagery,Cz,beta,7,-19.246405189258784,53.17684280139033,5,0.7142857142857143,negative
78,replication_2,6,both_feet_imagery,C3,central_12_13,7,-32.634907094547906,53.98014595589388,5,0.7142857142857143,negative
78,replication_2,10,both_feet_imagery,C3,central_12_13,8,-25.283104679342905,72.18069634293825,5,0.625,negative
78,replication_2,14,both_feet_imagery,C3,central_12_13,8,1.9560008885947766,113.00651185101498,4,0.5,positive
78,replication_2,6,both_feet_imagery,C4,central_12_13,7,-16.207244402514693,30.25350578519002,6,0.8571428571428571,negative
78,replication_2,10,both_feet_imagery,C4,central_12_13,8,-59.44347717549462,102.53414841186306,5,0.625,negative
78,replication_2,14,both_feet_imagery,C4,central_12_13,8,-37.952523392139206,87.05550620667611,5,0.625,negative
78,replication_2,6,both_feet_imagery,C3,mu,7,-34.331163830396875,42.81632364784428,5,0.7142857142857143,negative
78,replication_2,10,both_feet_imagery,C3,mu,8,-29.649202721071216,51.28590167427741,6,0.75,negative
78,replication_2,14,both_feet_imagery,C3,mu,8,-8.313966999081364,71.13925419563049,6,0.75,negative
78,replication_2,6,both_feet_imagery,Cz,mu,7,-45.87970246839097,31.955301490007514,6,0.8571428571428571,negative
78,replication_2,10,both_feet_imagery,Cz,mu,8,18.012330082737503,73.48680341062895,3,0.375,positive
78,replication_2,14,both_feet_imagery,Cz,mu,8,26.47825159408702,78.57213720597818,3,0.375,positive
78,replication_2,6,both_feet_imagery,C4,mu,7,-5.7499478886967434,54.88408338604787,4,0.5714285714285714,negative
78,replication_2,10,both_feet_imagery,C4,mu,8,-45.89502443476566,98.61528885452834,5,0.625,negative
78,replication_2,14,both_feet_imagery,C4,mu,8,-8.215124935748484,133.53324760886503,4,0.5,negative
78,replication_2,6,both_feet_imagery,Cz,beta,7,-18.47100617903216,35.683478514841454,5,0.7142857142857143,negative
78,replication_2,10,both_feet_imagery,Cz,beta,8,1.7746886931217674,102.39066051952804,4,0.5,positive
78,replication_2,14,both_feet_imagery,Cz,beta,8,-3.5966806438249113,109.17218034459113,5,0.625,negative
79,replication_2,6,both_fists_imagery,C4,central_12_13,7,-8.74927086551162,82.90097218564054,4,0.5714285714285714,negative
79,replication_2,10,both_fists_imagery,C4,central_12_13,7,-3.528370369300223,19.41213894211779,6,0.8571428571428571,negative
79,replication_2,14,both_fists_imagery,C4,central_12_13,7,-3.8436817901296045,86.53330173709747,4,0.5714285714285714,negative
79,replication_2,6,both_fists_imagery,C3,central_12_13,7,-8.575731266262812,39.04319998685769,5,0.7142857142857143,negative
79,replication_2,10,both_fists_imagery,C3,central_12_13,7,8.019831016278681,114.80716127658766,3,0.42857142857142855,positive
79,replication_2,14,both_fists_imagery,C3,central_12_13,7,-10.610878079660374,76.62536395335633,4,0.5714285714285714,negative
79,replication_2,6,both_fists_imagery,C3,mu,7,-0.3557643493193893,44.546005724381985,4,0.5714285714285714,negative
79,replication_2,10,both_fists_imagery,C3,mu,7,0.1674554710247979,67.56936180778462,3,0.42857142857142855,positive
79,replication_2,14,both_fists_imagery,C3,mu,7,11.612727115908251,56.43892794139174,3,0.42857142857142855,positive
79,replication_2,6,both_fists_imagery,C4,mu,7,-0.037561346262306845,50.29961362710685,4,0.5714285714285714,negative
79,replication_2,10,both_fists_imagery,C4,mu,7,-0.21989325682661023,44.34256358616913,4,0.5714285714285714,negative
79,replication_2,14,both_fists_imagery,C4,mu,7,36.61101464144481,103.77810331691751,3,0.42857142857142855,positive
79,replication_2,6,both_fists_imagery,Cz,mu,7,-15.463748800528233,84.26781143766496,4,0.5714285714285714,negative
79,replication_2,10,both_fists_imagery,Cz,mu,7,-5.063513546861704,70.75571162501367,4,0.5714285714285714,negative
79,replication_2,14,both_fists_imagery,Cz,mu,7,-19.674769987615754,67.19868499480475,4,0.5714285714285714,negative
79,replication_2,6,both_fists_imagery,Cz,beta,7,20.964894943376144,88.18687047539692,3,0.42857142857142855,positive
79,replication_2,10,both_fists_imagery,Cz,beta,7,7.558811029152686,93.35564151500094,3,0.42857142857142855,positive
79,replication_2,14,both_fists_imagery,Cz,beta,7,-26.51504108435425,159.85519233693952,4,0.5714285714285714,negative
79,replication_2,6,both_feet_imagery,C3,central_12_13,8,-25.799199908765708,34.56121411806454,7,0.875,negative
79,replication_2,10,both_feet_imagery,C3,central_12_13,8,12.529915157792445,75.69281488479294,3,0.375,positive
79,replication_2,14,both_feet_imagery,C3,central_12_13,8,57.711848447142586,149.0775450320738,3,0.375,positive
79,replication_2,6,both_feet_imagery,C4,central_12_13,8,-25.37835215840152,31.41384300787859,6,0.75,negative
79,replication_2,10,both_feet_imagery,C4,central_12_13,8,15.644118154686991,44.83413191523628,2,0.25,positive
79,replication_2,14,both_feet_imagery,C4,central_12_13,8,12.690454459807015,70.04201949953816,3,0.375,positive
79,replication_2,6,both_feet_imagery,C3,mu,8,-2.754786340137469,23.282243756421458,5,0.625,negative
79,replication_2,10,both_feet_imagery,C3,mu,8,5.527492857961508,78.42128506217271,4,0.5,positive
79,replication_2,14,both_feet_imagery,C3,mu,8,10.708987156845737,56.83377821108806,4,0.5,positive
79,replication_2,6,both_feet_imagery,Cz,mu,8,6.006859953705309,22.096052061290102,3,0.375,positive
79,replication_2,10,both_feet_imagery,Cz,mu,8,-14.14020564951565,45.60741330193525,6,0.75,negative
79,replication_2,14,both_feet_imagery,Cz,mu,8,26.593030237861463,48.87550690843432,3,0.375,positive
79,replication_2,6,both_feet_imagery,C4,mu,8,-15.096868844734812,30.85908381044709,6,0.75,negative
79,replication_2,10,both_feet_imagery,C4,mu,8,0.3483721256150094,22.1462335499361,4,0.5,positive
79,replication_2,14,both_feet_imagery,C4,mu,8,-7.539491991303939,42.73289867749348,6,0.75,negative
79,replication_2,6,both_feet_imagery,Cz,beta,8,9.690189590147007,44.032981463638905,3,0.375,positive
79,replication_2,10,both_feet_imagery,Cz,beta,8,9.411249190274543,81.0083467553119,4,0.5,positive
79,replication_2,14,both_feet_imagery,Cz,beta,8,48.51639790233736,143.89875977051983,3,0.375,positive
80,replication_2,6,both_fists_imagery,C4,central_12_13,8,8.657160828101247,97.93112475059112,4,0.5,positive
80,replication_2,10,both_fists_imagery,C4,central_12_13,8,37.07460285105981,81.08503077188018,2,0.25,positive
80,replication_2,14,both_fists_imagery,C4,central_12_13,8,-6.721421571079098,41.08852226427612,4,0.5,negative
80,replication_2,6,both_fists_imagery,C3,central_12_13,8,-37.23015750954307,57.56852175140775,6,0.75,negative
80,replication_2,10,both_fists_imagery,C3,central_12_13,8,-23.528280303520077,55.56388771245145,6,0.75,negative
80,replication_2,14,both_fists_imagery,C3,central_12_13,8,-13.760877073022458,87.13363890550522,4,0.5,negative
80,replication_2,6,both_fists_imagery,C3,mu,8,-13.94845590962973,30.10462013245788,6,0.75,negative
80,replication_2,10,both_fists_imagery,C3,mu,8,-8.92389787611508,56.014595412387166,4,0.5,negative
80,replication_2,14,both_fists_imagery,C3,mu,8,-12.364847194160053,30.83566686785454,5,0.625,negative
80,replication_2,6,both_fists_imagery,C4,mu,8,3.9322975857652827,84.96675625039458,4,0.5,positive
80,replication_2,10,both_fists_imagery,C4,mu,8,22.94088380732025,66.82376879720566,3,0.375,positive
80,replication_2,14,both_fists_imagery,C4,mu,8,-6.936878162076837,36.9187515803754,4,0.5,negative
80,replication_2,6,both_fists_imagery,Cz,mu,8,12.051827491404632,41.479087218988,2,0.25,positive
80,replication_2,10,both_fists_imagery,Cz,mu,8,9.318575317070668,51.160081092992264,3,0.375,positive
80,replication_2,14,both_fists_imagery,Cz,mu,8,-4.0950245087646024,15.882313303006068,5,0.625,negative
80,replication_2,6,both_fists_imagery,Cz,beta,8,-3.845244633415966,16.86509623752844,4,0.5,negative
80,replication_2,10,both_fists_imagery,Cz,beta,8,-21.05429156534638,41.51691220332084,6,0.75,negative
80,replication_2,14,both_fists_imagery,Cz,beta,8,-22.277996938852713,17.32756775461105,7,0.875,negative
80,replication_2,6,both_feet_imagery,C3,central_12_13,7,4.583274195559704,15.618236261786986,2,0.2857142857142857,positive
80,replication_2,10,both_feet_imagery,C3,central_12_13,7,-46.14994752026342,16.161488775852078,6,0.8571428571428571,negative
80,replication_2,14,both_feet_imagery,C3,central_12_13,7,73.27994046836677,76.10823574348001,2,0.2857142857142857,positive
80,replication_2,6,both_feet_imagery,C4,central_12_13,7,-65.93225217642824,35.3107110656607,6,0.8571428571428571,negative
80,replication_2,10,both_feet_imagery,C4,central_12_13,7,-42.82341455952107,18.960139477046866,7,1.0,negative
80,replication_2,14,both_feet_imagery,C4,central_12_13,7,-30.39131292687071,79.62605788759626,5,0.7142857142857143,negative
80,replication_2,6,both_feet_imagery,C3,mu,7,-4.1297960241462945,19.359045578479257,4,0.5714285714285714,negative
80,replication_2,10,both_feet_imagery,C3,mu,7,-40.36653020946452,19.17180996908504,6,0.8571428571428571,negative
80,replication_2,14,both_feet_imagery,C3,mu,7,3.6164331272662658,54.923084099323574,3,0.42857142857142855,positive
80,replication_2,6,both_feet_imagery,Cz,mu,7,-20.37839761505872,7.6315264815392965,6,0.8571428571428571,negative
80,replication_2,10,both_feet_imagery,Cz,mu,7,-7.2466982523009085,87.62472056810155,4,0.5714285714285714,negative
80,replication_2,14,both_feet_imagery,Cz,mu,7,-40.99279964899929,55.873321057774746,5,0.7142857142857143,negative
80,replication_2,6,both_feet_imagery,C4,mu,7,-54.850281573517364,36.592012971050536,6,0.8571428571428571,negative
80,replication_2,10,both_feet_imagery,C4,mu,7,-53.64662046025777,45.98660346327131,5,0.7142857142857143,negative
80,replication_2,14,both_feet_imagery,C4,mu,7,-28.931041723137763,56.7624948038352,4,0.5714285714285714,negative
80,replication_2,6,both_feet_imagery,Cz,beta,7,-7.786860030997611,33.500628250412326,4,0.5714285714285714,negative
80,replication_2,10,both_feet_imagery,Cz,beta,7,-10.749165247230655,32.66223096952251,7,1.0,negative
80,replication_2,14,both_feet_imagery,Cz,beta,7,-22.51515057530348,27.85024240790143,5,0.7142857142857143,negative
81,replication_2,6,both_fists_imagery,C4,central_12_13,7,1.2550100897297891,102.7697758905408,3,0.42857142857142855,positive
81,replication_2,10,both_fists_imagery,C4,central_12_13,8,-27.561954357214795,33.422238815283976,6,0.75,negative
81,replication_2,14,both_fists_imagery,C4,central_12_13,7,23.050102811505692,54.234746322964796,3,0.42857142857142855,positive
81,replication_2,6,both_fists_imagery,C3,central_12_13,7,-11.475535870054916,94.38821762658498,4,0.5714285714285714,negative
81,replication_2,10,both_fists_imagery,C3,central_12_13,8,-16.14348543222785,50.32062073296652,5,0.625,negative
81,replication_2,14,both_fists_imagery,C3,central_12_13,7,-32.96189701692452,74.92153525801379,4,0.5714285714285714,negative
81,replication_2,6,both_fists_imagery,C3,mu,7,-6.684829842194866,23.183373505666832,5,0.7142857142857143,negative
81,replication_2,10,both_fists_imagery,C3,mu,8,-7.423713225495604,38.731525314442806,5,0.625,negative
81,replication_2,14,both_fists_imagery,C3,mu,7,-38.18239645647861,70.39974924481032,4,0.5714285714285714,negative
81,replication_2,6,both_fists_imagery,C4,mu,7,-5.336791213119841,71.7341700157328,4,0.5714285714285714,negative
81,replication_2,10,both_fists_imagery,C4,mu,8,-30.26930312210338,34.503019970485056,6,0.75,negative
81,replication_2,14,both_fists_imagery,C4,mu,7,-14.640584367110563,48.6733000097599,5,0.7142857142857143,negative
81,replication_2,6,both_fists_imagery,Cz,mu,7,3.675289900246398,75.66735908006524,3,0.42857142857142855,positive
81,replication_2,10,both_fists_imagery,Cz,mu,8,-29.108396605622474,35.51246640027617,6,0.75,negative
81,replication_2,14,both_fists_imagery,Cz,mu,7,-16.29074919716272,50.015684283408646,5,0.7142857142857143,negative
81,replication_2,6,both_fists_imagery,Cz,beta,7,-16.285344168814508,48.543809699093465,4,0.5714285714285714,negative
81,replication_2,10,both_fists_imagery,Cz,beta,8,-13.801993602688718,20.035966086493822,6,0.75,negative
81,replication_2,14,both_fists_imagery,Cz,beta,7,-16.750623014837995,35.440332888839905,4,0.5714285714285714,negative
81,replication_2,6,both_feet_imagery,C3,central_12_13,8,-7.012711733874211,46.032873650389945,5,0.625,negative
81,replication_2,10,both_feet_imagery,C3,central_12_13,7,46.751493681192045,66.91379178546512,2,0.2857142857142857,positive
81,replication_2,14,both_feet_imagery,C3,central_12_13,8,-24.54901472471036,109.90209880956702,5,0.625,negative
81,replication_2,6,both_feet_imagery,C4,central_12_13,8,9.4772480789202,47.3426633915334,3,0.375,positive
81,replication_2,10,both_feet_imagery,C4,central_12_13,7,13.317904787431017,77.25665498385327,2,0.2857142857142857,positive
81,replication_2,14,both_feet_imagery,C4,central_12_13,8,-9.41962448660841,70.01011392563763,5,0.625,negative
81,replication_2,6,both_feet_imagery,C3,mu,8,18.693976556103777,41.3400133996826,2,0.25,positive
81,replication_2,10,both_feet_imagery,C3,mu,7,19.950271795054928,68.92144169891543,3,0.42857142857142855,positive
81,replication_2,14,both_feet_imagery,C3,mu,8,-5.298843833717494,66.8851014492788,4,0.5,negative
81,replication_2,6,both_feet_imagery,Cz,mu,8,16.636628472108466,67.95796343623535,3,0.375,positive
81,replication_2,10,both_feet_imagery,Cz,mu,7,33.798046135781014,77.26918294969441,2,0.2857142857142857,positive
81,replication_2,14,both_feet_imagery,Cz,mu,8,9.810861705828954,46.68612518487016,4,0.5,positive
81,replication_2,6,both_feet_imagery,C4,mu,8,17.084744499446423,70.17102764224333,3,0.375,positive
81,replication_2,10,both_feet_imagery,C4,mu,7,31.64519715952924,73.26928478246234,2,0.2857142857142857,positive
81,replication_2,14,both_feet_imagery,C4,mu,8,8.731705331552668,40.570921205603796,3,0.375,positive
81,replication_2,6,both_feet_imagery,Cz,beta,8,0.05944122744519831,35.95044460810499,4,0.5,positive
81,replication_2,10,both_feet_imagery,Cz,beta,7,-8.37253366626963,51.202843014735166,4,0.5714285714285714,negative
81,replication_2,14,both_feet_imagery,Cz,beta,8,0.3086067786213005,43.04231856260871,4,0.5,positive
82,replication_2,6,both_fists_imagery,C4,central_12_13,8,-47.675961788179336,47.84819821087629,7,0.875,negative
82,replication_2,10,both_fists_imagery,C4,central_12_13,8,22.72806815048248,168.4626921749825,3,0.375,positive
82,replication_2,14,both_fists_imagery,C4,central_12_13,8,-18.739740203818002,77.15889772119147,5,0.625,negative
82,replication_2,6,both_fists_imagery,C3,central_12_13,8,-30.90571282988126,32.704300601757,7,0.875,negative
82,replication_2,10,both_fists_imagery,C3,central_12_13,8,-30.58494816780958,101.70070213703549,5,0.625,negative
82,replication_2,14,both_fists_imagery,C3,central_12_13,8,4.800454642794458,76.66922882116876,4,0.5,positive
82,replication_2,6,both_fists_imagery,C3,mu,8,-28.8250491674857,14.8239374515742,7,0.875,negative
82,replication_2,10,both_fists_imagery,C3,mu,8,-34.371119821933796,111.47553249055218,5,0.625,negative
82,replication_2,14,both_fists_imagery,C3,mu,8,2.4476767546101676,108.5912158216946,4,0.5,positive
82,replication_2,6,both_fists_imagery,C4,mu,8,-37.22479145349444,62.90666367092259,5,0.625,negative
82,replication_2,10,both_fists_imagery,C4,mu,8,39.15170866759684,158.68738931792228,3,0.375,positive
82,replication_2,14,both_fists_imagery,C4,mu,8,-13.370023164003035,81.37177174060407,4,0.5,negative
82,replication_2,6,both_fists_imagery,Cz,mu,8,27.195970862677978,90.3716092240637,3,0.375,positive
82,replication_2,10,both_fists_imagery,Cz,mu,8,4.553537617562521,84.4961724997851,4,0.5,positive
82,replication_2,14,both_fists_imagery,Cz,mu,8,23.900338652677377,38.18812754650868,2,0.25,positive
82,replication_2,6,both_fists_imagery,Cz,beta,8,-23.304097312124952,30.688065889147676,7,0.875,negative
82,replication_2,10,both_fists_imagery,Cz,beta,8,-0.2467589169997284,51.09465442156443,4,0.5,negative
82,replication_2,14,both_fists_imagery,Cz,beta,8,-9.70044818717223,29.159203420011465,5,0.625,negative
82,replication_2,6,both_feet_imagery,C3,central_12_13,7,-25.94033187889567,25.643083275402248,6,0.8571428571428571,negative
82,replication_2,10,both_feet_imagery,C3,central_12_13,7,-45.65559245034984,52.53486859325238,5,0.7142857142857143,negative
82,replication_2,14,both_feet_imagery,C3,central_12_13,7,44.30917841661035,9.954358275516284,1,0.14285714285714285,positive
82,replication_2,6,both_feet_imagery,C4,central_12_13,7,14.230302216159101,65.99150388260821,3,0.42857142857142855,positive
82,replication_2,10,both_feet_imagery,C4,central_12_13,7,-58.00967296901547,70.39716915205551,5,0.7142857142857143,negative
82,replication_2,14,both_feet_imagery,C4,central_12_13,7,131.69493038068137,157.74742394380579,2,0.2857142857142857,positive
82,replication_2,6,both_feet_imagery,C3,mu,7,-25.51120353463662,28.599193773803556,5,0.7142857142857143,negative
82,replication_2,10,both_feet_imagery,C3,mu,7,-14.979923282431931,62.21849301911581,4,0.5714285714285714,negative
82,replication_2,14,both_feet_imagery,C3,mu,7,85.63518358319808,89.5971013039214,1,0.14285714285714285,positive
82,replication_2,6,both_feet_imagery,Cz,mu,7,-34.82061898313649,61.939931422441006,4,0.5714285714285714,negative
82,replication_2,10,both_feet_imagery,Cz,mu,7,65.59438485588656,60.95590386112282,1,0.14285714285714285,positive
82,replication_2,14,both_feet_imagery,Cz,mu,7,8.529360854813495,54.998179963750246,3,0.42857142857142855,positive
82,replication_2,6,both_feet_imagery,C4,mu,7,-12.14970355845306,69.24375134022844,4,0.5714285714285714,negative
82,replication_2,10,both_feet_imagery,C4,mu,7,-37.71130559762632,88.15777220563487,5,0.7142857142857143,negative
82,replication_2,14,both_feet_imagery,C4,mu,7,92.88116335745296,153.0723753344167,2,0.2857142857142857,positive
82,replication_2,6,both_feet_imagery,Cz,beta,7,-37.69200088834387,52.88625118419205,5,0.7142857142857143,negative
82,replication_2,10,both_feet_imagery,Cz,beta,7,-32.66033874740375,35.98887833979026,5,0.7142857142857143,negative
82,replication_2,14,both_feet_imagery,Cz,beta,7,-21.624035320941747,20.86618878575844,6,0.8571428571428571,negative
83,replication_2,6,both_fists_imagery,C4,central_12_13,8,-61.274323823189725,63.04074323241177,7,0.875,negative
83,replication_2,10,both_fists_imagery,C4,central_12_13,7,-30.28641802708814,29.712669191540243,7,1.0,negative
83,replication_2,14,both_fists_imagery,C4,central_12_13,7,14.48028582488425,79.53174971920268,2,0.2857142857142857,positive
83,replication_2,6,both_fists_imagery,C3,central_12_13,8,-41.446679332790204,23.641001897356162,7,0.875,negative
83,replication_2,10,both_fists_imagery,C3,central_12_13,7,-31.681330547737236,21.933190403923625,6,0.8571428571428571,negative
83,replication_2,14,both_fists_imagery,C3,central_12_13,7,-6.063395395167395,49.55710395167837,5,0.7142857142857143,negative
83,replication_2,6,both_fists_imagery,C3,mu,8,-33.02841262114759,31.420155065203527,7,0.875,negative
83,replication_2,10,both_fists_imagery,C3,mu,7,-26.527016650839727,24.62121095624091,6,0.8571428571428571,negative
83,replication_2,14,both_fists_imagery,C3,mu,7,-25.22706462933872,65.6618542898936,5,0.7142857142857143,negative
83,replication_2,6,both_fists_imagery,C4,mu,8,-64.10237367818246,60.39036166269902,6,0.75,negative
83,replication_2,10,both_fists_imagery,C4,mu,7,-18.538014388927653,68.79452678959473,4,0.5714285714285714,negative
83,replication_2,14,both_fists_imagery,C4,mu,7,3.916393335781584,36.90176976143716,3,0.42857142857142855,positive
83,replication_2,6,both_fists_imagery,Cz,mu,8,-47.16840853621051,44.74831321382412,7,0.875,negative
83,replication_2,10,both_fists_imagery,Cz,mu,7,-26.39981359599057,25.58321659354361,6,0.8571428571428571,negative
83,replication_2,14,both_fists_imagery,Cz,mu,7,-15.500409135175893,33.31557702029594,6,0.8571428571428571,negative
83,replication_2,6,both_fists_imagery,Cz,beta,8,-53.24881434638306,22.738155547624892,8,1.0,negative
83,replication_2,10,both_fists_imagery,Cz,beta,7,-27.27956885493523,18.615993594961836,6,0.8571428571428571,negative
83,replication_2,14,both_fists_imagery,Cz,beta,7,45.42020361480092,59.118933602573875,2,0.2857142857142857,positive
83,replication_2,6,both_feet_imagery,C3,central_12_13,7,-32.21297362993023,36.94179838884327,6,0.8571428571428571,negative
83,replication_2,10,both_feet_imagery,C3,central_12_13,8,13.90478020139684,45.879570842341586,2,0.25,positive
83,replication_2,14,both_feet_imagery,C3,central_12_13,8,0.01982853071277546,118.75465478046301,4,0.5,positive
83,replication_2,6,both_feet_imagery,C4,central_12_13,7,-39.36998131491143,76.35140475059623,5,0.7142857142857143,negative
83,replication_2,10,both_feet_imagery,C4,central_12_13,8,-20.269821214862926,118.0383601610116,5,0.625,negative
83,replication_2,14,both_feet_imagery,C4,central_12_13,8,15.386474287596725,134.3133607254198,4,0.5,positive
83,replication_2,6,both_feet_imagery,C3,mu,7,-43.49578406825168,33.08844022332916,6,0.8571428571428571,negative
83,replication_2,10,both_feet_imagery,C3,mu,8,1.626960074786341,58.90523288552711,4,0.5,positive
83,replication_2,14,both_feet_imagery,C3,mu,8,-1.1144730779206418,53.78171435897084,4,0.5,negative
83,replication_2,6,both_feet_imagery,Cz,mu,7,-62.45992887736072,44.07731391736441,6,0.8571428571428571,negative
83,replication_2,10,both_feet_imagery,Cz,mu,8,-49.479719789452254,69.50665000854264,5,0.625,negative
83,replication_2,14,both_feet_imagery,Cz,mu,8,-26.985360796062473,55.14348693555203,5,0.625,negative
83,replication_2,6,both_feet_imagery,C4,mu,7,-46.39834284439097,82.29364105990915,5,0.7142857142857143,negative
83,replication_2,10,both_feet_imagery,C4,mu,8,-6.53488816640278,93.12915427899048,4,0.5,negative
83,replication_2,14,both_feet_imagery,C4,mu,8,4.70986761778995,62.60353994561891,4,0.5,positive
83,replication_2,6,both_feet_imagery,Cz,beta,7,-17.353494945738294,36.07113699856166,5,0.7142857142857143,negative
83,replication_2,10,both_feet_imagery,Cz,beta,8,-4.138651827983198,32.51107430063618,4,0.5,negative
83,replication_2,14,both_feet_imagery,Cz,beta,8,-3.563564613828144,87.00625167116789,5,0.625,negative
84,replication_2,6,both_fists_imagery,C4,central_12_13,7,-20.805285812378944,78.89132965224442,5,0.7142857142857143,negative
84,replication_2,10,both_fists_imagery,C4,central_12_13,7,-25.403853831246714,89.92413410295823,5,0.7142857142857143,negative
84,replication_2,14,both_fists_imagery,C4,central_12_13,8,-35.08990902565062,80.30155015165344,5,0.625,negative
84,replication_2,6,both_fists_imagery,C3,central_12_13,7,-13.05028208925593,84.22090898970437,4,0.5714285714285714,negative
84,replication_2,10,both_fists_imagery,C3,central_12_13,7,-4.4108973239921765,94.79693489701394,4,0.5714285714285714,negative
84,replication_2,14,both_fists_imagery,C3,central_12_13,8,-25.19446967571227,61.75772182949049,6,0.75,negative
84,replication_2,6,both_fists_imagery,C3,mu,7,-2.5958304279162463,80.04371894871171,4,0.5714285714285714,negative
84,replication_2,10,both_fists_imagery,C3,mu,7,-21.619782447680432,173.09859555170775,4,0.5714285714285714,negative
84,replication_2,14,both_fists_imagery,C3,mu,8,-41.34585645843683,107.25670162912621,5,0.625,negative
84,replication_2,6,both_fists_imagery,C4,mu,7,-26.780027931970896,97.15131669053248,4,0.5714285714285714,negative
84,replication_2,10,both_fists_imagery,C4,mu,7,-54.248252287809365,249.39631561521327,4,0.5714285714285714,negative
84,replication_2,14,both_fists_imagery,C4,mu,8,-12.965259700795734,133.77888987671238,4,0.5,negative
84,replication_2,6,both_fists_imagery,Cz,mu,7,-25.206074461144212,48.364347895190264,5,0.7142857142857143,negative
84,replication_2,10,both_fists_imagery,Cz,mu,7,15.708826063177604,209.612890817668,3,0.42857142857142855,positive
84,replication_2,14,both_fists_imagery,Cz,mu,8,25.56618762012837,133.9405934358614,4,0.5,positive
84,replication_2,6,both_fists_imagery,Cz,beta,7,-22.77975940155879,18.716234824590885,5,0.7142857142857143,negative
84,replication_2,10,both_fists_imagery,Cz,beta,7,-0.06907166934512547,60.348084791608414,4,0.5714285714285714,negative
84,replication_2,14,both_fists_imagery,Cz,beta,8,-13.821477460868103,52.20583904716818,4,0.5,negative
84,replication_2,6,both_feet_imagery,C3,central_12_13,8,-8.793376302301313,103.11466272075478,4,0.5,negative
84,replication_2,10,both_feet_imagery,C3,central_12_13,8,16.597386716893133,131.50209140158768,4,0.5,positive
84,replication_2,14,both_feet_imagery,C3,central_12_13,7,15.5059139773198,69.82892148969114,3,0.42857142857142855,positive
84,replication_2,6,both_feet_imagery,C4,central_12_13,8,-13.318979258648438,214.22688619865545,5,0.625,negative
84,replication_2,10,both_feet_imagery,C4,central_12_13,8,-45.218626997116985,81.8491158530938,5,0.625,negative
84,replication_2,14,both_feet_imagery,C4,central_12_13,7,130.7288463758693,193.32173525554575,3,0.42857142857142855,positive
84,replication_2,6,both_feet_imagery,C3,mu,8,-13.782536330662156,141.80517355712394,6,0.75,negative
84,replication_2,10,both_feet_imagery,C3,mu,8,111.32903292611036,247.9008928709055,3,0.375,positive
84,replication_2,14,both_feet_imagery,C3,mu,7,-13.324316004476811,53.55162774742506,4,0.5714285714285714,negative
84,replication_2,6,both_feet_imagery,Cz,mu,8,-34.406650463176746,38.49293691930827,6,0.75,negative
84,replication_2,10,both_feet_imagery,Cz,mu,8,-2.9473636852443867,100.23232033428906,5,0.625,negative
84,replication_2,14,both_feet_imagery,Cz,mu,7,78.8808377303178,497.9475593486304,2,0.2857142857142857,positive
84,replication_2,6,both_feet_imagery,C4,mu,8,5.873617864375965,317.1668335507552,4,0.5,positive
84,replication_2,10,both_feet_imagery,C4,mu,8,-34.10747619493441,88.82861267701543,5,0.625,negative
84,replication_2,14,both_feet_imagery,C4,mu,7,10.354352982084313,184.0188640417158,3,0.42857142857142855,positive
84,replication_2,6,both_feet_imagery,Cz,beta,8,0.3600217957230454,52.45972313372614,4,0.5,positive
84,replication_2,10,both_feet_imagery,Cz,beta,8,17.522698340553756,63.50314167991449,3,0.375,positive
84,replication_2,14,both_feet_imagery,Cz,beta,7,21.90700935218282,119.45803592698738,3,0.42857142857142855,positive
85,replication_2,6,both_fists_imagery,C4,central_12_13,8,-37.426086653835846,71.04552296260204,6,0.75,negative
85,replication_2,10,both_fists_imagery,C4,central_12_13,7,-85.39349795541848,19.39732988192567,7,1.0,negative
85,replication_2,14,both_fists_imagery,C4,central_12_13,8,-73.50136155421964,24.62111135351737,7,0.875,negative
85,replication_2,6,both_fists_imagery,C3,central_12_13,8,-34.3448573447499,97.46570028636572,5,0.625,negative
85,replication_2,10,both_fists_imagery,C3,central_12_13,7,-79.63322970220459,13.939445262164043,7,1.0,negative
85,replication_2,14,both_fists_imagery,C3,central_12_13,8,-83.16242920913987,11.490698038665116,8,1.0,negative
85,replication_2,6,both_fists_imagery,C3,mu,8,-39.253505129419395,85.02266173156765,5,0.625,negative
85,replication_2,10,both_fists_imagery,C3,mu,7,-66.70375519528748,18.6990716948591,7,1.0,negative
85,replication_2,14,both_fists_imagery,C3,mu,8,-76.85542745961791,7.674241873976584,8,1.0,negative
85,replication_2,6,both_fists_imagery,C4,mu,8,-29.22738697559901,62.51856362594365,8,1.0,negative
85,replication_2,10,both_fists_imagery,C4,mu,7,-72.44748160795412,14.73375210142234,7,1.0,negative
85,replication_2,14,both_fists_imagery,C4,mu,8,-63.43240115588389,20.033017333132292,7,0.875,negative
85,replication_2,6,both_fists_imagery,Cz,mu,8,-32.247421067304536,28.256576788415767,7,0.875,negative
85,replication_2,10,both_fists_imagery,Cz,mu,7,-55.05167593208228,25.713682769693804,6,0.8571428571428571,negative
85,replication_2,14,both_fists_imagery,Cz,mu,8,-36.994129172428075,32.57021505609893,7,0.875,negative
85,replication_2,6,both_fists_imagery,Cz,beta,8,-11.401392605836818,56.037162303978036,5,0.625,negative
85,replication_2,10,both_fists_imagery,Cz,beta,7,-40.0472381624791,19.93978057780577,7,1.0,negative
85,replication_2,14,both_fists_imagery,Cz,beta,8,-21.92089865204555,30.65900971448633,7,0.875,negative
85,replication_2,6,both_feet_imagery,C3,central_12_13,7,36.899478219251485,88.71731924843051,3,0.42857142857142855,positive
85,replication_2,10,both_feet_imagery,C3,central_12_13,8,41.8761717307645,81.79750316022452,3,0.375,positive
85,replication_2,14,both_feet_imagery,C3,central_12_13,7,-20.246474919256734,49.53770380374842,4,0.5714285714285714,negative
85,replication_2,6,both_feet_imagery,C4,central_12_13,7,123.9932823674745,213.07387989737765,2,0.2857142857142857,positive
85,replication_2,10,both_feet_imagery,C4,central_12_13,8,128.77261931190822,159.72751633712505,0,0.0,positive
85,replication_2,14,both_feet_imagery,C4,central_12_13,7,-18.681518336529564,86.77799666299951,4,0.5714285714285714,negative
85,replication_2,6,both_feet_imagery,C3,mu,7,40.82597023139759,95.91671664150864,3,0.42857142857142855,positive
85,replication_2,10,both_feet_imagery,C3,mu,8,-5.6804231775423855,43.56833320184486,5,0.625,negative
85,replication_2,14,both_feet_imagery,C3,mu,7,-22.972026936800695,35.9222778816234,5,0.7142857142857143,negative
85,replication_2,6,both_feet_imagery,Cz,mu,7,-10.519110206940413,42.09385391914283,4,0.5714285714285714,negative
85,replication_2,10,both_feet_imagery,Cz,mu,8,-18.108038042318803,64.55570672621204,6,0.75,negative
85,replication_2,14,both_feet_imagery,Cz,mu,7,-61.5205849197112,23.90761936457848,6,0.8571428571428571,negative
85,replication_2,6,both_feet_imagery,C4,mu,7,99.32643198783784,168.42880108519233,2,0.2857142857142857,positive
85,replication_2,10,both_feet_imagery,C4,mu,8,80.38040962596162,165.68796911655977,0,0.0,positive
85,replication_2,14,both_feet_imagery,C4,mu,7,-33.58603463051481,78.48616854083701,4,0.5714285714285714,negative
85,replication_2,6,both_feet_imagery,Cz,beta,7,-14.877303959125973,59.31542553030906,4,0.5714285714285714,negative
85,replication_2,10,both_feet_imagery,Cz,beta,8,-11.589380660536612,33.51981122311947,5,0.625,negative
85,replication_2,14,both_feet_imagery,Cz,beta,7,-8.828600900415262,13.799939898869836,5,0.7142857142857143,negative
86,replication_2,6,both_fists_imagery,C4,central_12_13,7,-26.238448327855796,30.917732982882445,6,0.8571428571428571,negative
86,replication_2,10,both_fists_imagery,C4,central_12_13,7,-19.245596962575547,62.43778154486525,5,0.7142857142857143,negative
86,replication_2,14,both_fists_imagery,C4,central_12_13,7,-14.576808666091916,50.206870600707305,5,0.7142857142857143,negative
86,replication_2,6,both_fists_imagery,C3,central_12_13,7,-56.14035736979828,32.5737097460863,6,0.8571428571428571,negative
86,replication_2,10,both_fists_imagery,C3,central_12_13,7,-17.00525144720204,48.22226535173375,4,0.5714285714285714,negative
86,replication_2,14,both_fists_imagery,C3,central_12_13,7,-44.642887284820866,37.30993283814321,7,1.0,negative
86,replication_2,6,both_fists_imagery,C3,mu,7,-49.535534634453306,17.005263962060496,6,0.8571428571428571,negative
86,replication_2,10,both_fists_imagery,C3,mu,7,-16.572844656759035,20.533192071591134,6,0.8571428571428571,negative
86,replication_2,14,both_fists_imagery,C3,mu,7,-36.913924096433085,21.425135631856197,7,1.0,negative
86,replication_2,6,both_fists_imagery,C4,mu,7,-27.403050688549243,15.277519250914242,6,0.8571428571428571,negative
86,replication_2,10,both_fists_imagery,C4,mu,7,19.2773461483237,50.25910078118258,3,0.42857142857142855,positive
86,replication_2,14,both_fists_imagery,C4,mu,7,-24.33848029444207,20.00703958295682,6,0.8571428571428571,negative
86,replication_2,6,both_fists_imagery,Cz,mu,7,-27.819704579142186,21.15948054086178,6,0.8571428571428571,negative
86,replication_2,10,both_fists_imagery,Cz,mu,7,-0.6570149588077188,56.893557801972065,4,0.5714285714285714,negative
86,replication_2,14,both_fists_imagery,Cz,mu,7,-38.72397191716886,43.61920934814342,5,0.7142857142857143,negative
86,replication_2,6,both_fists_imagery,Cz,beta,7,-38.70047649815146,9.269572424693777,7,1.0,negative
86,replication_2,10,both_fists_imagery,Cz,beta,7,-51.42521406871816,39.88166833834964,5,0.7142857142857143,negative
86,replication_2,14,both_fists_imagery,Cz,beta,7,-38.60850679244207,24.148730938560398,7,1.0,negative
86,replication_2,6,both_feet_imagery,C3,central_12_13,8,-25.486971032602433,46.744858571929164,5,0.625,negative
86,replication_2,10,both_feet_imagery,C3,central_12_13,8,-1.3574130158325142,54.02424932269196,4,0.5,negative
86,replication_2,14,both_feet_imagery,C3,central_12_13,8,46.58043754615475,38.88427992440182,2,0.25,positive
86,replication_2,6,both_feet_imagery,C4,central_12_13,8,-14.000872822982089,51.03474955294755,5,0.625,negative
86,replication_2,10,both_feet_imagery,C4,central_12_13,8,7.672836714089245,84.19813916526174,4,0.5,positive
86,replication_2,14,both_feet_imagery,C4,central_12_13,8,53.87520731910101,114.84035051748404,3,0.375,positive
86,replication_2,6,both_feet_imagery,C3,mu,8,-34.16212735611698,34.38961606810712,6,0.75,negative
86,replication_2,10,both_feet_imagery,C3,mu,8,37.62242149415313,78.54638630384324,3,0.375,positive
86,replication_2,14,both_feet_imagery,C3,mu,8,3.97997593470169,85.58700366767928,4,0.5,positive
86,replication_2,6,both_feet_imagery,Cz,mu,8,-9.70086949562505,50.2551966071765,5,0.625,negative
86,replication_2,10,both_feet_imagery,Cz,mu,8,27.609266368146834,49.90770446891503,2,0.25,positive
86,replication_2,14,both_feet_imagery,Cz,mu,8,-24.900357057426206,57.76063692900776,5,0.625,negative
86,replication_2,6,both_feet_imagery,C4,mu,8,-7.304642458043981,58.21651336176292,4,0.5,negative
86,replication_2,10,both_feet_imagery,C4,mu,8,-8.097347039505037,81.58252129178906,5,0.625,negative
86,replication_2,14,both_feet_imagery,C4,mu,8,-4.568163234681794,67.70879235104147,5,0.625,negative
86,replication_2,6,both_feet_imagery,Cz,beta,8,-46.46197483076371,16.679869115317793,7,0.875,negative
86,replication_2,10,both_feet_imagery,Cz,beta,8,-30.22866114772205,17.307118250410625,7,0.875,negative
86,replication_2,14,both_feet_imagery,Cz,beta,8,-23.70436393941289,51.21708381821225,5,0.625,negative
87,replication_2,6,both_fists_imagery,C4,central_12_13,7,11.317452307419579,72.02668311334634,3,0.42857142857142855,positive
87,replication_2,10,both_fists_imagery,C4,central_12_13,8,-11.195142939129248,18.355544446830734,7,0.875,negative
87,replication_2,14,both_fists_imagery,C4,central_12_13,8,1.383052473393633,75.87639232587966,4,0.5,positive
87,replication_2,6,both_fists_imagery,C3,central_12_13,7,-9.596682957106248,48.577750913344914,4,0.5714285714285714,negative
87,replication_2,10,both_fists_imagery,C3,central_12_13,8,-2.269686015194779,59.66411574612341,4,0.5,negative
87,replication_2,14,both_fists_imagery,C3,central_12_13,8,39.727925449338386,126.68000924206531,3,0.375,positive
87,replication_2,6,both_fists_imagery,C3,mu,7,-4.708507233701353,31.561484557197637,4,0.5714285714285714,negative
87,replication_2,10,both_fists_imagery,C3,mu,8,28.500551147158333,68.25311202861717,3,0.375,positive
87,replication_2,14,both_fists_imagery,C3,mu,8,95.13606807514091,174.6720429899907,2,0.25,positive
87,replication_2,6,both_fists_imagery,C4,mu,7,22.312473955264387,29.437824649061586,2,0.2857142857142857,positive
87,replication_2,10,both_fists_imagery,C4,mu,8,-2.9006153275840494,55.935158100690785,4,0.5,negative
87,replication_2,14,both_fists_imagery,C4,mu,8,21.471455531948067,122.67346406039583,3,0.375,positive
87,replication_2,6,both_fists_imagery,Cz,mu,7,15.480581876064578,41.65712323901748,3,0.42857142857142855,positive
87,replication_2,10,both_fists_imagery,Cz,mu,8,24.467363232817654,32.610184607085515,2,0.25,positive
87,replication_2,14,both_fists_imagery,Cz,mu,8,71.07047386909512,85.18486463443267,2,0.25,positive
87,replication_2,6,both_fists_imagery,Cz,beta,7,19.991411089898506,59.740223204874766,2,0.2857142857142857,positive
87,replication_2,10,both_fists_imagery,Cz,beta,8,17.59109774794481,30.536778103439886,3,0.375,positive
87,replication_2,14,both_fists_imagery,Cz,beta,8,34.1602789600736,73.29741396933056,3,0.375,positive
87,replication_2,6,both_feet_imagery,C3,central_12_13,8,-19.991842845022077,71.97789075346746,5,0.625,negative
87,replication_2,10,both_feet_imagery,C3,central_12_13,7,47.1334597491237,86.70125867220895,2,0.2857142857142857,positive
87,replication_2,14,both_feet_imagery,C3,central_12_13,7,41.50159436805775,59.67122889335252,1,0.14285714285714285,positive
87,replication_2,6,both_feet_imagery,C4,central_12_13,8,-14.473365158109766,41.328010125975894,5,0.625,negative
87,replication_2,10,both_feet_imagery,C4,central_12_13,7,-26.384249372986808,45.300916012007875,5,0.7142857142857143,negative
87,replication_2,14,both_feet_imagery,C4,central_12_13,7,12.135866516159298,111.37601594741628,2,0.2857142857142857,positive
87,replication_2,6,both_feet_imagery,C3,mu,8,10.413371511263364,52.458109999380994,3,0.375,positive
87,replication_2,10,both_feet_imagery,C3,mu,7,26.49603178815797,72.36927588045309,2,0.2857142857142857,positive
87,replication_2,14,both_feet_imagery,C3,mu,7,41.90679089272443,51.132349893061615,1,0.14285714285714285,positive
87,replication_2,6,both_feet_imagery,Cz,mu,8,19.15236103025622,51.701055442957994,3,0.375,positive
87,replication_2,10,both_feet_imagery,Cz,mu,7,-19.676642670484853,50.28094903029125,5,0.7142857142857143,negative
87,replication_2,14,both_feet_imagery,Cz,mu,7,18.31144110642269,23.343613140001427,1,0.14285714285714285,positive
87,replication_2,6,both_feet_imagery,C4,mu,8,-7.541138932071107,62.65847873630346,5,0.625,negative
87,replication_2,10,both_feet_imagery,C4,mu,7,-32.798881262176856,64.58355340191918,5,0.7142857142857143,negative
87,replication_2,14,both_feet_imagery,C4,mu,7,-7.879216466370749,150.2593642610546,4,0.5714285714285714,negative
87,replication_2,6,both_feet_imagery,Cz,beta,8,-8.664368124731931,30.035217434032816,5,0.625,negative
87,replication_2,10,both_feet_imagery,Cz,beta,7,-4.298943153223495,48.84989864834305,4,0.5714285714285714,negative
87,replication_2,14,both_feet_imagery,Cz,beta,7,46.471323606293126,61.46045512557829,1,0.14285714285714285,positive
89,replication_2,6,both_fists_imagery,C4,central_12_13,8,6.932344784141441,89.46894262433676,3,0.375,positive
89,replication_2,10,both_fists_imagery,C4,central_12_13,8,-15.0295343310769,62.56898310718377,5,0.625,negative
89,replication_2,14,both_fists_imagery,C4,central_12_13,8,-15.328873441641836,77.2670251733316,5,0.625,negative
89,replication_2,6,both_fists_imagery,C3,central_12_13,8,4.481793048535346,58.92668630090492,4,0.5,positive
89,replication_2,10,both_fists_imagery,C3,central_12_13,8,1.9927274758143518,52.69723278589567,4,0.5,positive
89,replication_2,14,both_fists_imagery,C3,central_12_13,8,8.4066927460475,90.61909325704212,4,0.5,positive
89,replication_2,6,both_fists_imagery,C3,mu,8,18.41287852234442,60.624895459482914,3,0.375,positive
89,replication_2,10,both_fists_imagery,C3,mu,8,-5.535061545750363,40.87467031540475,4,0.5,negative
89,replication_2,14,both_fists_imagery,C3,mu,8,31.796204996032507,112.88613607919164,4,0.5,positive
89,replication_2,6,both_fists_imagery,C4,mu,8,3.14478185568208,36.63148115647819,4,0.5,positive
89,replication_2,10,both_fists_imagery,C4,mu,8,-23.34625888424023,45.99689865144457,6,0.75,negative
89,replication_2,14,both_fists_imagery,C4,mu,8,9.823456383854685,34.8307056357956,3,0.375,positive
89,replication_2,6,both_fists_imagery,Cz,mu,8,-8.828187332635153,63.44536605968064,5,0.625,negative
89,replication_2,10,both_fists_imagery,Cz,mu,8,0.3573192524984907,96.37545526141935,4,0.5,positive
89,replication_2,14,both_fists_imagery,Cz,mu,8,5.78005856633933,35.58324522811321,2,0.25,positive
89,replication_2,6,both_fists_imagery,Cz,beta,8,-26.97799633308201,52.22298439859737,6,0.75,negative
89,replication_2,10,both_fists_imagery,Cz,beta,8,-27.777999629894044,39.041431965055665,6,0.75,negative
89,replication_2,14,both_fists_imagery,Cz,beta,8,-35.89619772398902,26.18632845028302,7,0.875,negative
89,replication_2,6,both_feet_imagery,C3,central_12_13,7,-34.67252669217143,22.68803531298655,7,1.0,negative
89,replication_2,10,both_feet_imagery,C3,central_12_13,7,15.371652409759047,86.5302495793503,2,0.2857142857142857,positive
89,replication_2,14,both_feet_imagery,C3,central_12_13,7,12.827283924936156,88.15612335935872,3,0.42857142857142855,positive
89,replication_2,6,both_feet_imagery,C4,central_12_13,7,-55.01480089389537,75.93804720023175,4,0.5714285714285714,negative
89,replication_2,10,both_feet_imagery,C4,central_12_13,7,-39.6264785307762,89.28721348186977,4,0.5714285714285714,negative
89,replication_2,14,both_feet_imagery,C4,central_12_13,7,-54.45205008279501,100.07209446906629,5,0.7142857142857143,negative
89,replication_2,6,both_feet_imagery,C3,mu,7,-25.67787955144208,38.76093056743299,5,0.7142857142857143,negative
89,replication_2,10,both_feet_imagery,C3,mu,7,36.786870090865904,94.76173985729163,3,0.42857142857142855,positive
89,replication_2,14,both_feet_imagery,C3,mu,7,-10.79286084972385,40.36003806376398,4,0.5714285714285714,negative
89,replication_2,6,both_feet_imagery,Cz,mu,7,24.562502312268528,44.087344566453574,2,0.2857142857142857,positive
89,replication_2,10,both_feet_imagery,Cz,mu,7,37.45657056676188,65.47149488335337,0,0.0,positive
89,replication_2,14,both_feet_imagery,Cz,mu,7,16.37769780623677,53.0291270186589,3,0.42857142857142855,positive
89,replication_2,6,both_feet_imagery,C4,mu,7,-38.39471451003338,22.987540127639132,6,0.8571428571428571,negative
89,replication_2,10,both_feet_imagery,C4,mu,7,-31.021565477420566,100.80696986553545,4,0.5714285714285714,negative
89,replication_2,14,both_feet_imagery,C4,mu,7,-42.291252375044365,98.60980030344858,5,0.7142857142857143,negative
89,replication_2,6,both_feet_imagery,Cz,beta,7,-38.25954126037795,14.605150964697742,6,0.8571428571428571,negative
89,replication_2,10,both_feet_imagery,Cz,beta,7,-14.134570054794874,36.90436116540299,5,0.7142857142857143,negative
89,replication_2,14,both_feet_imagery,Cz,beta,7,-32.55200787836753,57.21209643692641,5,0.7142857142857143,negative
90,replication_2,6,both_fists_imagery,C4,central_12_13,8,-23.167386046282594,101.7718640388578,5,0.625,negative
90,replication_2,10,both_fists_imagery,C4,central_12_13,7,-49.90198594115667,39.4091468468236,5,0.7142857142857143,negative
90,replication_2,14,both_fists_imagery,C4,central_12_13,7,-15.733703756546227,60.61611018433245,5,0.7142857142857143,negative
90,replication_2,6,both_fists_imagery,C3,central_12_13,8,-33.27791881491706,45.928328844614356,6,0.75,negative
90,replication_2,10,both_fists_imagery,C3,central_12_13,7,-21.566628134948644,22.434023152757348,6,0.8571428571428571,negative
90,replication_2,14,both_fists_imagery,C3,central_12_13,7,-30.914270170439963,42.799715987249904,4,0.5714285714285714,negative
90,replication_2,6,both_fists_imagery,C3,mu,8,-15.773566743787795,37.824196401599366,6,0.75,negative
90,replication_2,10,both_fists_imagery,C3,mu,7,-34.91578395187186,34.19219429414913,5,0.7142857142857143,negative
90,replication_2,14,both_fists_imagery,C3,mu,7,-18.025071011563238,57.078540017614614,5,0.7142857142857143,negative
90,replication_2,6,both_fists_imagery,C4,mu,8,-7.714103302539788,91.70361263126395,5,0.625,negative
90,replication_2,10,both_fists_imagery,C4,mu,7,-48.096688828084105,23.40152989439901,6,0.8571428571428571,negative
90,replication_2,14,both_fists_imagery,C4,mu,7,14.871100934077202,65.1307543894344,3,0.42857142857142855,positive
90,replication_2,6,both_fists_imagery,Cz,mu,8,-18.704522597064777,65.76072984537001,5,0.625,negative
90,replication_2,10,both_fists_imagery,Cz,mu,7,-25.8331495812999,28.153257461829202,6,0.8571428571428571,negative
90,replication_2,14,both_fists_imagery,Cz,mu,7,6.236259337714885,97.24992764544388,3,0.42857142857142855,positive
90,replication_2,6,both_fists_imagery,Cz,beta,8,-13.713074297998464,29.41258632598503,5,0.625,negative
90,replication_2,10,both_fists_imagery,Cz,beta,7,-17.79565232084143,34.10160291149239,5,0.7142857142857143,negative
90,replication_2,14,both_fists_imagery,Cz,beta,7,-5.734309216405587,40.933697375056234,5,0.7142857142857143,negative
90,replication_2,6,both_feet_imagery,C3,central_12_13,7,-44.27222559652151,104.51309553825557,5,0.7142857142857143,negative
90,replication_2,10,both_feet_imagery,C3,central_12_13,8,-19.15888015315214,13.93797267451859,7,0.875,negative
90,replication_2,14,both_feet_imagery,C3,central_12_13,8,-35.271989396192964,40.012442067540654,5,0.625,negative
90,replication_2,6,both_feet_imagery,C4,central_12_13,7,-37.916468801552746,18.798687394450667,6,0.8571428571428571,negative
90,replication_2,10,both_feet_imagery,C4,central_12_13,8,19.369734480265258,117.60139899248952,3,0.375,positive
90,replication_2,14,both_feet_imagery,C4,central_12_13,8,-44.54546820841516,57.595153911946056,6,0.75,negative
90,replication_2,6,both_feet_imagery,C3,mu,7,-21.19870347947031,56.69113237371245,4,0.5714285714285714,negative
90,replication_2,10,both_feet_imagery,C3,mu,8,-19.332370787131023,27.650357949021046,6,0.75,negative
90,replication_2,14,both_feet_imagery,C3,mu,8,-21.234748732777348,84.20004239068581,5,0.625,negative
90,replication_2,6,both_feet_imagery,Cz,mu,7,-38.20349438762014,37.35071923142259,5,0.7142857142857143,negative
90,replication_2,10,both_feet_imagery,Cz,mu,8,12.856478615242878,76.10398572163392,3,0.375,positive
90,replication_2,14,both_feet_imagery,Cz,mu,8,-10.548004876601322,46.602444960264826,5,0.625,negative
90,replication_2,6,both_feet_imagery,C4,mu,7,-48.88924270210579,54.47322110773275,5,0.7142857142857143,negative
90,replication_2,10,both_feet_imagery,C4,mu,8,44.35620943447281,97.73838917375745,3,0.375,positive
90,replication_2,14,both_feet_imagery,C4,mu,8,-36.02139771198949,42.694304167614305,6,0.75,negative
90,replication_2,6,both_feet_imagery,Cz,beta,7,-10.456924748078835,26.82676729147419,5,0.7142857142857143,negative
90,replication_2,10,both_feet_imagery,Cz,beta,8,-2.024623563716168,59.574656226554005,4,0.5,negative
90,replication_2,14,both_feet_imagery,Cz,beta,8,-12.762579868826506,25.764786759706578,6,0.75,negative
91,replication_2,6,both_fists_imagery,C4,central_12_13,8,11.708489930079729,48.63308581732062,3,0.375,positive
91,replication_2,10,both_fists_imagery,C4,central_12_13,7,79.41388110518365,117.30726860728711,2,0.2857142857142857,positive
91,replication_2,14,both_fists_imagery,C4,central_12_13,7,50.6666160310571,58.99522763713056,2,0.2857142857142857,positive
91,replication_2,6,both_fists_imagery,C3,central_12_13,8,18.323223500176894,60.11717822034956,3,0.375,positive
91,replication_2,10,both_fists_imagery,C3,central_12_13,7,0.46501234398689206,74.26341553343602,3,0.42857142857142855,positive
91,replication_2,14,both_fists_imagery,C3,central_12_13,7,5.156423871319256,52.79729811718673,3,0.42857142857142855,positive
91,replication_2,6,both_fists_imagery,C3,mu,8,-7.747444405054933,95.97391066882639,4,0.5,negative
91,replication_2,10,both_fists_imagery,C3,mu,7,26.80501297733964,87.59926318707384,3,0.42857142857142855,positive
91,replication_2,14,both_fists_imagery,C3,mu,7,-0.8426205799647385,40.997817736882695,4,0.5714285714285714,negative
91,replication_2,6,both_fists_imagery,C4,mu,8,-22.834197832092613,40.33897586570243,6,0.75,negative
91,replication_2,10,both_fists_imagery,C4,mu,7,44.921830208622836,80.45585584352526,2,0.2857142857142857,positive
91,replication_2,14,both_fists_imagery,C4,mu,7,21.910994012546933,58.54247983589769,3,0.42857142857142855,positive
91,replication_2,6,both_fists_imagery,Cz,mu,8,-8.349335037876186,40.656411633432015,5,0.625,negative
91,replication_2,10,both_fists_imagery,Cz,mu,7,19.046928525894327,112.76846738466975,3,0.42857142857142855,positive
91,replication_2,14,both_fists_imagery,Cz,mu,7,11.844264365911355,39.25008622517205,2,0.2857142857142857,positive
91,replication_2,6,both_fists_imagery,Cz,beta,8,-7.635471536330447,32.98367117837224,5,0.625,negative
91,replication_2,10,both_fists_imagery,Cz,beta,7,4.254514903009456,56.63853723269122,3,0.42857142857142855,positive
91,replication_2,14,both_fists_imagery,Cz,beta,7,35.71651622456207,58.71529833797249,3,0.42857142857142855,positive
91,replication_2,6,both_feet_imagery,C3,central_12_13,7,34.99171028740075,100.53265778535811,2,0.2857142857142857,positive
91,replication_2,10,both_feet_imagery,C3,central_12_13,8,79.5628529455537,143.7539015325991,2,0.25,positive
91,replication_2,14,both_feet_imagery,C3,central_12_13,8,14.89560653509112,91.47382036102371,3,0.375,positive
91,replication_2,6,both_feet_imagery,C4,central_12_13,7,2.5191670885148603,34.433525528155236,3,0.42857142857142855,positive
91,replication_2,10,both_feet_imagery,C4,central_12_13,8,53.39577704912601,117.49155070412863,1,0.125,positive
91,replication_2,14,both_feet_imagery,C4,central_12_13,8,-30.864230140330335,85.07087840774633,5,0.625,negative
91,replication_2,6,both_feet_imagery,C3,mu,7,35.77169254573614,82.57026736180933,3,0.42857142857142855,positive
91,replication_2,10,both_feet_imagery,C3,mu,8,85.3542526691785,128.43454043338463,2,0.25,positive
91,replication_2,14,both_feet_imagery,C3,mu,8,-13.226949378846323,112.73574188428694,5,0.625,negative
91,replication_2,6,both_feet_imagery,Cz,mu,7,9.281585431328153,65.03348409045871,3,0.42857142857142855,positive
91,replication_2,10,both_feet_imagery,Cz,mu,8,95.85705544633743,94.35379678667968,1,0.125,positive
91,replication_2,14,both_feet_imagery,Cz,mu,8,-2.200753750857431,94.32008649971,4,0.5,negative
91,replication_2,6,both_feet_imagery,C4,mu,7,14.242189406941312,36.433331550420405,2,0.2857142857142857,positive
91,replication_2,10,both_feet_imagery,C4,mu,8,52.161056050131194,132.2959556183216,3,0.375,positive
91,replication_2,14,both_feet_imagery,C4,mu,8,-9.128317435209134,82.96915026798412,4,0.5,negative
91,replication_2,6,both_feet_imagery,Cz,beta,7,-13.536442073402489,42.369678455865554,5,0.7142857142857143,negative
91,replication_2,10,both_feet_imagery,Cz,beta,8,-20.810405576797933,27.57157249196473,7,0.875,negative
91,replication_2,14,both_feet_imagery,Cz,beta,8,-18.77072965294085,81.00630427035654,5,0.625,negative
93,replication_2,6,both_fists_imagery,C4,central_12_13,8,-58.36292416739049,80.1743571502258,6,0.75,negative
93,replication_2,10,both_fists_imagery,C4,central_12_13,8,-39.422949039564045,112.45284581923914,5,0.625,negative
93,replication_2,14,both_fists_imagery,C4,central_12_13,7,-74.09654403325119,125.36979581162645,5,0.7142857142857143,negative
93,replication_2,6,both_fists_imagery,C3,central_12_13,8,-44.56499817373545,85.75286392791237,6,0.75,negative
93,replication_2,10,both_fists_imagery,C3,central_12_13,8,-17.84874880919642,185.64248159856984,5,0.625,negative
93,replication_2,14,both_fists_imagery,C3,central_12_13,7,-66.75289649533609,69.99773630204035,5,0.7142857142857143,negative
93,replication_2,6,both_fists_imagery,C3,mu,8,-58.28849189354871,74.07383973334383,6,0.75,negative
93,replication_2,10,both_fists_imagery,C3,mu,8,-8.254186722450383,195.89995361603312,4,0.5,negative
93,replication_2,14,both_fists_imagery,C3,mu,7,-58.91641438019857,56.77196980014774,5,0.7142857142857143,negative
93,replication_2,6,both_fists_imagery,C4,mu,8,-58.85555214449449,131.83088646693983,5,0.625,negative
93,replication_2,10,both_fists_imagery,C4,mu,8,-33.902176345123074,121.75147414475907,5,0.625,negative
93,replication_2,14,both_fists_imagery,C4,mu,7,-77.73208500945576,95.06979143305641,5,0.7142857142857143,negative
93,replication_2,6,both_fists_imagery,Cz,mu,8,-35.13222812151786,108.10146715605326,5,0.625,negative
93,replication_2,10,both_fists_imagery,Cz,mu,8,-38.91828313849829,105.82475131699847,5,0.625,negative
93,replication_2,14,both_fists_imagery,Cz,mu,7,-21.008721496372704,41.12250299765242,5,0.7142857142857143,negative
93,replication_2,6,both_fists_imagery,Cz,beta,8,-19.35852694587743,9.604706152660174,8,1.0,negative
93,replication_2,10,both_fists_imagery,Cz,beta,8,19.071477661069782,136.47457003036442,3,0.375,positive
93,replication_2,14,both_fists_imagery,Cz,beta,7,-6.178572910010119,21.363704957516934,5,0.7142857142857143,negative
93,replication_2,6,both_feet_imagery,C3,central_12_13,7,175.3796477092638,1493.6294646321553,2,0.2857142857142857,positive
93,replication_2,10,both_feet_imagery,C3,central_12_13,7,36.533096558251835,349.34343684329735,2,0.2857142857142857,positive
93,replication_2,14,both_feet_imagery,C3,central_12_13,8,2.973830950187728,122.96662417238744,4,0.5,positive
93,replication_2,6,both_feet_imagery,C4,central_12_13,7,283.6106700867246,285.9785714335782,1,0.14285714285714285,positive
93,replication_2,10,both_feet_imagery,C4,central_12_13,7,134.25266934208642,340.859111799693,0,0.0,positive
93,replication_2,14,both_feet_imagery,C4,central_12_13,8,20.17510974131857,102.61671172094998,3,0.375,positive
93,replication_2,6,both_feet_imagery,C3,mu,7,147.43119810250423,548.3927182321772,2,0.2857142857142857,positive
93,replication_2,10,both_feet_imagery,C3,mu,7,44.93547728558591,344.3052882855644,2,0.2857142857142857,positive
93,replication_2,14,both_feet_imagery,C3,mu,8,29.576024496175137,107.68510692297978,1,0.125,positive
93,replication_2,6,both_feet_imagery,Cz,mu,7,-18.220953044221925,41.560116118362004,5,0.7142857142857143,negative
93,replication_2,10,both_feet_imagery,Cz,mu,7,-19.15867398183018,57.74198571224804,5,0.7142857142857143,negative
93,replication_2,14,both_feet_imagery,Cz,mu,8,-1.8657444830281076,77.56695328678484,4,0.5,negative
93,replication_2,6,both_feet_imagery,C4,mu,7,258.95684267720975,135.24683375978998,1,0.14285714285714285,positive
93,replication_2,10,both_feet_imagery,C4,mu,7,241.2013406320603,357.3836032183795,0,0.0,positive
93,replication_2,14,both_feet_imagery,C4,mu,8,26.047949157162005,111.55189032544969,2,0.25,positive
93,replication_2,6,both_feet_imagery,Cz,beta,7,12.289008098855383,29.720775733361798,1,0.14285714285714285,positive
93,replication_2,10,both_feet_imagery,Cz,beta,7,14.058096529153534,35.44997910700486,2,0.2857142857142857,positive
93,replication_2,14,both_feet_imagery,Cz,beta,8,-5.29689237572717,54.851524605866786,4,0.5,negative
94,replication_2,6,both_fists_imagery,C4,central_12_13,7,-48.24255399849432,25.520666561240517,6,0.8571428571428571,negative
94,replication_2,10,both_fists_imagery,C4,central_12_13,8,4.735497414638212,45.90681423451507,3,0.375,positive
94,replication_2,14,both_fists_imagery,C4,central_12_13,7,-32.534488823875115,19.28265504529923,6,0.8571428571428571,negative
94,replication_2,6,both_fists_imagery,C3,central_12_13,7,8.070553805286679,38.40532850522356,3,0.42857142857142855,positive
94,replication_2,10,both_fists_imagery,C3,central_12_13,8,-8.717977067624744,128.18530711522368,4,0.5,negative
94,replication_2,14,both_fists_imagery,C3,central_12_13,7,-23.692928517134387,62.4402056312055,4,0.5714285714285714,negative
94,replication_2,6,both_fists_imagery,C3,mu,7,-7.514889256829453,44.03954719084784,4,0.5714285714285714,negative
94,replication_2,10,both_fists_imagery,C3,mu,8,-0.29918879758214845,82.7777044996727,4,0.5,negative
94,replication_2,14,both_fists_imagery,C3,mu,7,-31.246945983415213,32.601411121920144,6,0.8571428571428571,negative
94,replication_2,6,both_fists_imagery,C4,mu,7,-41.92146084052717,17.020814615604486,6,0.8571428571428571,negative
94,replication_2,10,both_fists_imagery,C4,mu,8,1.3046387595877784,81.42470849374999,4,0.5,positive
94,replication_2,14,both_fists_imagery,C4,mu,7,-31.14021122572323,18.045544967908707,6,0.8571428571428571,negative
94,replication_2,6,both_fists_imagery,Cz,mu,7,-35.5991408497379,34.296460369220526,6,0.8571428571428571,negative
94,replication_2,10,both_fists_imagery,Cz,mu,8,32.022275366218004,87.74749113556976,3,0.375,positive
94,replication_2,14,both_fists_imagery,Cz,mu,7,-23.153653081396442,32.23010884846615,4,0.5714285714285714,negative
94,replication_2,6,both_fists_imagery,Cz,beta,7,-41.36632001211828,20.28665039664127,6,0.8571428571428571,negative
94,replication_2,10,both_fists_imagery,Cz,beta,8,1.5903180828141914,61.6074448780906,3,0.375,positive
94,replication_2,14,both_fists_imagery,Cz,beta,7,-32.81361045525385,20.09923199115817,6,0.8571428571428571,negative
94,replication_2,6,both_feet_imagery,C3,central_12_13,8,61.19386726052597,47.64742605401846,2,0.25,positive
94,replication_2,10,both_feet_imagery,C3,central_12_13,7,-6.493179333618702,56.920599245217986,4,0.5714285714285714,negative
94,replication_2,14,both_feet_imagery,C3,central_12_13,8,-5.53443490876519,51.63640630660791,4,0.5,negative
94,replication_2,6,both_feet_imagery,C4,central_12_13,8,18.820772359277875,75.95115357991025,1,0.125,positive
94,replication_2,10,both_feet_imagery,C4,central_12_13,7,24.883925246117954,97.26849401346387,3,0.42857142857142855,positive
94,replication_2,14,both_feet_imagery,C4,central_12_13,8,33.217206967397686,141.47820617290236,3,0.375,positive
94,replication_2,6,both_feet_imagery,C3,mu,8,48.980273735889554,57.13801837301136,2,0.25,positive
94,replication_2,10,both_feet_imagery,C3,mu,7,29.96791808062743,42.678184431046766,2,0.2857142857142857,positive
94,replication_2,14,both_feet_imagery,C3,mu,8,-13.858707032646588,64.77552768900735,5,0.625,negative
94,replication_2,6,both_feet_imagery,Cz,mu,8,-23.003685795195942,95.29648764314099,5,0.625,negative
94,replication_2,10,both_feet_imagery,Cz,mu,7,18.609987315761533,119.18878199593519,2,0.2857142857142857,positive
94,replication_2,14,both_feet_imagery,Cz,mu,8,1.1068525730954644,52.4137040432288,4,0.5,positive
94,replication_2,6,both_feet_imagery,C4,mu,8,42.4166536673019,70.74860682700142,3,0.375,positive
94,replication_2,10,both_feet_imagery,C4,mu,7,28.55120620643755,75.17853238368681,3,0.42857142857142855,positive
94,replication_2,14,both_feet_imagery,C4,mu,8,26.883441828213666,196.49910393830027,4,0.5,positive
94,replication_2,6,both_feet_imagery,Cz,beta,8,-8.420607685127207,27.858393503128795,6,0.75,negative
94,replication_2,10,both_feet_imagery,Cz,beta,7,-24.851909906463774,20.4291356544233,6,0.8571428571428571,negative
94,replication_2,14,both_feet_imagery,Cz,beta,8,-29.866692580150726,13.85791257558375,8,1.0,negative
95,replication_2,6,both_fists_imagery,C4,central_12_13,8,-32.00073406539717,69.02726468827731,6,0.75,negative
95,replication_2,10,both_fists_imagery,C4,central_12_13,7,-20.436084138345084,60.21455020267827,4,0.5714285714285714,negative
95,replication_2,14,both_fists_imagery,C4,central_12_13,7,-41.63868380142482,31.205291567855667,6,0.8571428571428571,negative
95,replication_2,6,both_fists_imagery,C3,central_12_13,8,-36.49631234775841,12.993141846145797,8,1.0,negative
95,replication_2,10,both_fists_imagery,C3,central_12_13,7,-4.0044382615129,47.87377325617077,4,0.5714285714285714,negative
95,replication_2,14,both_fists_imagery,C3,central_12_13,7,7.563161412543371,33.47422337995318,3,0.42857142857142855,positive
95,replication_2,6,both_fists_imagery,C3,mu,8,-10.277245431143477,37.054004642644,6,0.75,negative
95,replication_2,10,both_fists_imagery,C3,mu,7,29.986980123437643,56.470060008105776,3,0.42857142857142855,positive
95,replication_2,14,both_fists_imagery,C3,mu,7,-5.718792648567253,21.978087008412817,5,0.7142857142857143,negative
95,replication_2,6,both_fists_imagery,C4,mu,8,-29.159997442540067,45.90839333907532,7,0.875,negative
95,replication_2,10,both_fists_imagery,C4,mu,7,-20.6937121013214,76.4410405506999,4,0.5714285714285714,negative
95,replication_2,14,both_fists_imagery,C4,mu,7,-11.921157410906346,45.22273281965196,5,0.7142857142857143,negative
95,replication_2,6,both_fists_imagery,Cz,mu,8,4.526323007936852,37.26334887632665,4,0.5,positive
95,replication_2,10,both_fists_imagery,Cz,mu,7,43.331854466160095,61.475300079045326,2,0.2857142857142857,positive
95,replication_2,14,both_fists_imagery,Cz,mu,7,-8.292761929465842,15.328438167115136,5,0.7142857142857143,negative
95,replication_2,6,both_fists_imagery,Cz,beta,8,10.963576861627033,10.922823656679162,2,0.25,positive
95,replication_2,10,both_fists_imagery,Cz,beta,7,20.608136591875503,17.91941852690219,1,0.14285714285714285,positive
95,replication_2,14,both_fists_imagery,Cz,beta,7,7.839639117399036,31.30146755177774,3,0.42857142857142855,positive
95,replication_2,6,both_feet_imagery,C3,central_12_13,7,100.40196252469697,77.11284570333285,1,0.14285714285714285,positive
95,replication_2,10,both_feet_imagery,C3,central_12_13,8,1.7625170038084255,71.71564918334167,4,0.5,positive
95,replication_2,14,both_feet_imagery,C3,central_12_13,8,-31.80022906402111,51.310696113450234,5,0.625,negative
95,replication_2,6,both_feet_imagery,C4,central_12_13,7,128.7833611383224,312.57874544970474,2,0.2857142857142857,positive
95,replication_2,10,both_feet_imagery,C4,central_12_13,8,8.406808571489837,268.1499793406239,4,0.5,positive
95,replication_2,14,both_feet_imagery,C4,central_12_13,8,-14.928308780885281,94.85968612704485,6,0.75,negative
95,replication_2,6,both_feet_imagery,C3,mu,7,35.8208718688483,63.15236673733044,2,0.2857142857142857,positive
95,replication_2,10,both_feet_imagery,C3,mu,8,10.410953961270597,35.40103990126869,3,0.375,positive
95,replication_2,14,both_feet_imagery,C3,mu,8,-21.007876651872387,31.101626372981194,6,0.75,negative
95,replication_2,6,both_feet_imagery,Cz,mu,7,-4.573776692683973,29.550675129290767,4,0.5714285714285714,negative
95,replication_2,10,both_feet_imagery,Cz,mu,8,-5.432973707152044,36.91195649048158,4,0.5,negative
95,replication_2,14,both_feet_imagery,Cz,mu,8,0.19597589866323772,47.60802778906148,4,0.5,positive
95,replication_2,6,both_feet_imagery,C4,mu,7,41.5441414266467,180.23466084754784,2,0.2857142857142857,positive
95,replication_2,10,both_feet_imagery,C4,mu,8,15.343913273332037,212.8550948126688,4,0.5,positive
95,replication_2,14,both_feet_imagery,C4,mu,8,-12.403405576156455,88.77844409405942,5,0.625,negative
95,replication_2,6,both_feet_imagery,Cz,beta,7,6.545466869370188,48.08677956944164,3,0.42857142857142855,positive
95,replication_2,10,both_feet_imagery,Cz,beta,8,-1.382454786038741,18.626770824533978,4,0.5,negative
95,replication_2,14,both_feet_imagery,Cz,beta,8,10.944439169028342,26.962166867946987,3,0.375,positive
96,replication_2,6,both_fists_imagery,C4,central_12_13,7,-15.127416092249854,44.99038040812631,6,0.8571428571428571,negative
96,replication_2,10,both_fists_imagery,C4,central_12_13,7,6.988849321436033,50.01291429942846,2,0.2857142857142857,positive
96,replication_2,14,both_fists_imagery,C4,central_12_13,7,13.019590001112322,60.13571172343106,3,0.42857142857142855,positive
96,replication_2,6,both_fists_imagery,C3,central_12_13,7,-30.53428006318085,34.55469659469567,6,0.8571428571428571,negative
96,replication_2,10,both_fists_imagery,C3,central_12_13,7,19.71485008334574,66.90012846496352,3,0.42857142857142855,positive
96,replication_2,14,both_fists_imagery,C3,central_12_13,7,39.34911524042036,198.96057804530383,1,0.14285714285714285,positive
96,replication_2,6,both_fists_imagery,C3,mu,7,-55.580071035046295,39.100712658474116,7,1.0,negative
96,replication_2,10,both_fists_imagery,C3,mu,7,24.89563752940282,100.3218192935446,2,0.2857142857142857,positive
96,replication_2,14,both_fists_imagery,C3,mu,7,20.5778482634045,65.85904640974327,2,0.2857142857142857,positive
96,replication_2,6,both_fists_imagery,C4,mu,7,-11.702261705136847,47.41136456808664,5,0.7142857142857143,negative
96,replication_2,10,both_fists_imagery,C4,mu,7,2.8491294295970744,24.153093046681487,3,0.42857142857142855,positive
96,replication_2,14,both_fists_imagery,C4,mu,7,17.799065796071424,119.30228584236,3,0.42857142857142855,positive
96,replication_2,6,both_fists_imagery,Cz,mu,7,-17.767527828857304,43.90854286881206,6,0.8571428571428571,negative
96,replication_2,10,both_fists_imagery,Cz,mu,7,-4.496235855263025,45.34116298385528,4,0.5714285714285714,negative
96,replication_2,14,both_fists_imagery,Cz,mu,7,23.393851506708682,89.46524496806258,2,0.2857142857142857,positive
96,replication_2,6,both_fists_imagery,Cz,beta,7,3.31373763249178,28.572901796329866,2,0.2857142857142857,positive
96,replication_2,10,both_fists_imagery,Cz,beta,7,15.022854421197774,56.38224557964104,1,0.14285714285714285,positive
96,replication_2,14,both_fists_imagery,Cz,beta,7,15.340331584837498,74.03078066372575,3,0.42857142857142855,positive
96,replication_2,6,both_feet_imagery,C3,central_12_13,8,-34.46580290775495,43.67317908198456,6,0.75,negative
96,replication_2,10,both_feet_imagery,C3,central_12_13,8,-3.005656059949012,57.797085023606826,5,0.625,negative
96,replication_2,14,both_feet_imagery,C3,central_12_13,8,-21.20850096017318,115.87567410555613,4,0.5,negative
96,replication_2,6,both_feet_imagery,C4,central_12_13,8,30.994154267704104,91.53934380541585,3,0.375,positive
96,replication_2,10,both_feet_imagery,C4,central_12_13,8,-17.499892357518267,23.833202522159368,6,0.75,negative
96,replication_2,14,both_feet_imagery,C4,central_12_13,8,34.42969530678057,99.39082072407575,3,0.375,positive
96,replication_2,6,both_feet_imagery,C3,mu,8,-41.348069622030295,57.178292899657684,5,0.625,negative
96,replication_2,10,both_feet_imagery,C3,mu,8,0.723047705719334,65.49573612883972,4,0.5,positive
96,replication_2,14,both_feet_imagery,C3,mu,8,-10.523512995550476,64.1453427789915,4,0.5,negative
96,replication_2,6,both_feet_imagery,Cz,mu,8,-30.452917750669712,49.40357524358772,7,0.875,negative
96,replication_2,10,both_feet_imagery,Cz,mu,8,0.1860133386033932,18.51936468908491,4,0.5,positive
96,replication_2,14,both_feet_imagery,Cz,mu,8,-16.853991762368302,76.78541119371037,5,0.625,negative
96,replication_2,6,both_feet_imagery,C4,mu,8,12.6626440717017,44.985510359014,3,0.375,positive
96,replication_2,10,both_feet_imagery,C4,mu,8,-24.740189277608906,31.700484316987318,6,0.75,negative
96,replication_2,14,both_feet_imagery,C4,mu,8,3.1594127116343698,78.48521359699093,3,0.375,positive
96,replication_2,6,both_feet_imagery,Cz,beta,8,-12.550671907002432,19.928660819114636,6,0.75,negative
96,replication_2,10,both_feet_imagery,Cz,beta,8,5.5658099467714965,85.94807482144847,4,0.5,positive
96,replication_2,14,both_feet_imagery,Cz,beta,8,5.871718159829385,48.28259898839383,3,0.375,positive
97,replication_2,6,both_fists_imagery,C4,central_12_13,8,8.37219050444767,66.26125945326719,4,0.5,positive
97,replication_2,10,both_fists_imagery,C4,central_12_13,7,-30.083341357136984,47.63840227878853,4,0.5714285714285714,negative
97,replication_2,14,both_fists_imagery,C4,central_12_13,8,28.199069902614216,54.07988963288531,3,0.375,positive
97,replication_2,6,both_fists_imagery,C3,central_12_13,8,-2.713853440519425,57.93271961509486,5,0.625,negative
97,replication_2,10,both_fists_imagery,C3,central_12_13,7,-22.475021841340524,62.857753956942275,4,0.5714285714285714,negative
97,replication_2,14,both_fists_imagery,C3,central_12_13,8,29.365900883753426,44.04224507003676,3,0.375,positive
97,replication_2,6,both_fists_imagery,C3,mu,8,-2.025747135322762,28.52652117385612,4,0.5,negative
97,replication_2,10,both_fists_imagery,C3,mu,7,9.851564662224636,33.61682060724177,2,0.2857142857142857,positive
97,replication_2,14,both_fists_imagery,C3,mu,8,36.79794524496863,50.47279881123494,2,0.25,positive
97,replication_2,6,both_fists_imagery,C4,mu,8,-19.191938347166648,42.74678657993161,5,0.625,negative
97,replication_2,10,both_fists_imagery,C4,mu,7,-5.991495675979668,31.790099887887383,5,0.7142857142857143,negative
97,replication_2,14,both_fists_imagery,C4,mu,8,1.3739322650718657,25.11402756285681,4,0.5,positive
97,replication_2,6,both_fists_imagery,Cz,mu,8,-20.703497517390165,28.260656890292005,6,0.75,negative
97,replication_2,10,both_fists_imagery,Cz,mu,7,-26.983150871564817,29.580477553224576,5,0.7142857142857143,negative
97,replication_2,14,both_fists_imagery,Cz,mu,8,-18.9360884983696,33.835251996648076,6,0.75,negative
97,replication_2,6,both_fists_imagery,Cz,beta,8,-15.301417682765734,18.57099068469303,6,0.75,negative
97,replication_2,10,both_fists_imagery,Cz,beta,7,-22.177407800746415,14.97330842562713,6,0.8571428571428571,negative
97,replication_2,14,both_fists_imagery,Cz,beta,8,16.766261051313823,22.135890638212825,2,0.25,positive
97,replication_2,6,both_feet_imagery,C3,central_12_13,7,-6.865858716842471,16.41052283820838,5,0.7142857142857143,negative
97,replication_2,10,both_feet_imagery,C3,central_12_13,8,38.148947131236206,112.90242534500133,3,0.375,positive
97,replication_2,14,both_feet_imagery,C3,central_12_13,7,3.0726029861374795,54.23558367373763,3,0.42857142857142855,positive
97,replication_2,6,both_feet_imagery,C4,central_12_13,7,-18.704457079090734,106.58057792210603,4,0.5714285714285714,negative
97,replication_2,10,both_feet_imagery,C4,central_12_13,8,50.73878009641789,74.15779071597292,1,0.125,positive
97,replication_2,14,both_feet_imagery,C4,central_12_13,7,6.849468288394087,111.24987303602612,3,0.42857142857142855,positive
97,replication_2,6,both_feet_imagery,C3,mu,7,-12.226796400121593,26.100275021919348,4,0.5714285714285714,negative
97,replication_2,10,both_feet_imagery,C3,mu,8,36.052095151186016,93.77481776686767,3,0.375,positive
97,replication_2,14,both_feet_imagery,C3,mu,7,-1.7667866866910575,55.368631207771294,4,0.5714285714285714,negative
97,replication_2,6,both_feet_imagery,Cz,mu,7,-18.789102683450807,75.10390819590498,5,0.7142857142857143,negative
97,replication_2,10,both_feet_imagery,Cz,mu,8,-18.945347791854985,57.581257498793605,5,0.625,negative
97,replication_2,14,both_feet_imagery,Cz,mu,7,46.16853162515999,66.73573791678893,2,0.2857142857142857,positive
97,replication_2,6,both_feet_imagery,C4,mu,7,-12.569962381446373,71.91967250967534,4,0.5714285714285714,negative
97,replication_2,10,both_feet_imagery,C4,mu,8,-1.5990516590135764,65.27987896163845,5,0.625,negative
97,replication_2,14,both_feet_imagery,C4,mu,7,16.834324869890875,76.92937058098815,1,0.14285714285714285,positive
97,replication_2,6,both_feet_imagery,Cz,beta,7,5.303554999384845,16.74407853863946,3,0.42857142857142855,positive
97,replication_2,10,both_feet_imagery,Cz,beta,8,-12.036774476271994,58.90057059812746,4,0.5,negative
97,replication_2,14,both_feet_imagery,Cz,beta,7,-10.01192992673361,27.553303600541486,4,0.5714285714285714,negative
98,replication_2,6,both_fists_imagery,C4,central_12_13,7,-30.09820493209361,53.54330936394312,5,0.7142857142857143,negative
98,replication_2,10,both_fists_imagery,C4,central_12_13,7,-21.89137080424662,58.79160113080138,5,0.7142857142857143,negative
98,replication_2,14,both_fists_imagery,C4,central_12_13,7,-57.16205262793558,78.25827654686577,4,0.5714285714285714,negative
98,replication_2,6,both_fists_imagery,C3,central_12_13,7,-26.794139858946195,83.17477360578388,4,0.5714285714285714,negative
98,replication_2,10,both_fists_imagery,C3,central_12_13,7,-24.5584405521556,72.76359095067876,4,0.5714285714285714,negative
98,replication_2,14,both_fists_imagery,C3,central_12_13,7,-36.36935472526075,74.58369695701721,4,0.5714285714285714,negative
98,replication_2,6,both_fists_imagery,C3,mu,7,-25.720270794877745,40.382963749594616,5,0.7142857142857143,negative
98,replication_2,10,both_fists_imagery,C3,mu,7,-2.7024638343181255,72.25651377132866,4,0.5714285714285714,negative
98,replication_2,14,both_fists_imagery,C3,mu,7,-31.444774355994866,88.85507284395035,5,0.7142857142857143,negative
98,replication_2,6,both_fists_imagery,C4,mu,7,-8.928725726473326,51.15021355430726,6,0.8571428571428571,negative
98,replication_2,10,both_fists_imagery,C4,mu,7,8.92599935856115,87.11551511024096,3,0.42857142857142855,positive
98,replication_2,14,both_fists_imagery,C4,mu,7,-47.774508420432575,81.2376998240436,5,0.7142857142857143,negative
98,replication_2,6,both_fists_imagery,Cz,mu,7,-7.514278579332333,74.85324322631763,4,0.5714285714285714,negative
98,replication_2,10,both_fists_imagery,Cz,mu,7,-8.188738783510425,114.2541713632354,4,0.5714285714285714,negative
98,replication_2,14,both_fists_imagery,Cz,mu,7,25.707228697532667,185.51790731411683,3,0.42857142857142855,positive
98,replication_2,6,both_fists_imagery,Cz,beta,7,-18.23434274841061,25.75447091114183,5,0.7142857142857143,negative
98,replication_2,10,both_fists_imagery,Cz,beta,7,35.3622407097585,66.86404078604524,3,0.42857142857142855,positive
98,replication_2,14,both_fists_imagery,Cz,beta,7,-15.667186964867984,50.17176699255793,4,0.5714285714285714,negative
98,replication_2,6,both_feet_imagery,C3,central_12_13,8,90.27733921352068,727.6993219446299,3,0.375,positive
98,replication_2,10,both_feet_imagery,C3,central_12_13,8,-45.38570875018116,249.8788665032149,5,0.625,negative
98,replication_2,14,both_feet_imagery,C3,central_12_13,8,-37.93231597861011,52.55907004079804,6,0.75,negative
98,replication_2,6,both_feet_imagery,C4,central_12_13,8,17.513762222269865,362.1400594566902,4,0.5,positive
98,replication_2,10,both_feet_imagery,C4,central_12_13,8,-53.824391450669,281.116823221665,5,0.625,negative
98,replication_2,14,both_feet_imagery,C4,central_12_13,8,-40.90700323806343,31.94418775007407,7,0.875,negative
98,replication_2,6,both_feet_imagery,C3,mu,8,9.911922218712366,630.1706793569762,4,0.5,positive
98,replication_2,10,both_feet_imagery,C3,mu,8,-61.9501946021084,259.29489477060235,5,0.625,negative
98,replication_2,14,both_feet_imagery,C3,mu,8,-47.89691241452905,40.18821959488288,7,0.875,negative
98,replication_2,6,both_feet_imagery,Cz,mu,8,-64.75975835175115,139.10259562421396,5,0.625,negative
98,replication_2,10,both_feet_imagery,Cz,mu,8,-67.02228801709975,31.041543598500425,7,0.875,negative
98,replication_2,14,both_feet_imagery,Cz,mu,8,-49.299119762510145,34.4154210052979,6,0.75,negative
98,replication_2,6,both_feet_imagery,C4,mu,8,-46.32035128399072,308.1448321534815,5,0.625,negative
98,replication_2,10,both_feet_imagery,C4,mu,8,-67.61593067421154,155.44970988007933,5,0.625,negative
98,replication_2,14,both_feet_imagery,C4,mu,8,-41.329142665122305,38.3803881534139,6,0.75,negative
98,replication_2,6,both_feet_imagery,Cz,beta,8,-23.87602121054084,77.72714660930518,5,0.625,negative
98,replication_2,10,both_feet_imagery,Cz,beta,8,-26.926821899245212,47.88749348868795,7,0.875,negative
98,replication_2,14,both_feet_imagery,Cz,beta,8,-25.37823028075323,75.51139708105646,5,0.625,negative
99,replication_2,6,both_fists_imagery,C4,central_12_13,7,-27.8219300863696,48.85199232668312,6,0.8571428571428571,negative
99,replication_2,10,both_fists_imagery,C4,central_12_13,7,24.1373326298528,49.22426607224134,2,0.2857142857142857,positive
99,replication_2,14,both_fists_imagery,C4,central_12_13,7,-43.02554346479517,39.47590532628286,6,0.8571428571428571,negative
99,replication_2,6,both_fists_imagery,C3,central_12_13,7,-15.012451127513815,60.63079168279104,5,0.7142857142857143,negative
99,replication_2,10,both_fists_imagery,C3,central_12_13,7,62.494868557407024,128.1078672714148,2,0.2857142857142857,positive
99,replication_2,14,both_fists_imagery,C3,central_12_13,7,-46.555640962569626,32.63390172696338,6,0.8571428571428571,negative
99,replication_2,6,both_fists_imagery,C3,mu,7,8.972112664295846,103.1290098123597,3,0.42857142857142855,positive
99,replication_2,10,both_fists_imagery,C3,mu,7,11.22147258933849,152.8266647520998,3,0.42857142857142855,positive
99,replication_2,14,both_fists_imagery,C3,mu,7,-63.87968814594605,62.65267403488673,6,0.8571428571428571,negative
99,replication_2,6,both_fists_imagery,C4,mu,7,-33.27953904662167,53.28790493327988,6,0.8571428571428571,negative
99,replication_2,10,both_fists_imagery,C4,mu,7,-22.28198430470306,38.39571100855753,5,0.7142857142857143,negative
99,replication_2,14,both_fists_imagery,C4,mu,7,-52.209748373876145,32.80762347446112,6,0.8571428571428571,negative
99,replication_2,6,both_fists_imagery,Cz,mu,7,-16.96843315848192,101.96781394627376,4,0.5714285714285714,negative
99,replication_2,10,both_fists_imagery,Cz,mu,7,-7.813077208485879,124.91903239639839,4,0.5714285714285714,negative
99,replication_2,14,both_fists_imagery,Cz,mu,7,-38.684581697945106,27.47161073670376,6,0.8571428571428571,negative
99,replication_2,6,both_fists_imagery,Cz,beta,7,11.413092198966211,46.89703942850606,3,0.42857142857142855,positive
99,replication_2,10,both_fists_imagery,Cz,beta,7,-0.7849215581947675,33.273069527094776,4,0.5714285714285714,negative
99,replication_2,14,both_fists_imagery,Cz,beta,7,-20.513270533687525,17.334967744268933,7,1.0,negative
99,replication_2,6,both_feet_imagery,C3,central_12_13,8,-42.84200329243816,59.22155702238154,6,0.75,negative
99,replication_2,10,both_feet_imagery,C3,central_12_13,8,-16.048461824664724,52.184323435149416,5,0.625,negative
99,replication_2,14,both_feet_imagery,C3,central_12_13,8,-9.61945320043549,11.51299903412913,7,0.875,negative
99,replication_2,6,both_feet_imagery,C4,central_12_13,8,-33.72235714546035,29.97147561303447,6,0.75,negative
99,replication_2,10,both_feet_imagery,C4,central_12_13,8,-27.837664780931675,36.13810461951586,6,0.75,negative
99,replication_2,14,both_feet_imagery,C4,central_12_13,8,11.429728111105481,25.788177687590817,3,0.375,positive
99,replication_2,6,both_feet_imagery,C3,mu,8,-55.90710566368511,25.365346980986303,7,0.875,negative
99,replication_2,10,both_feet_imagery,C3,mu,8,-13.008830134955787,49.566468721199804,5,0.625,negative
99,replication_2,14,both_feet_imagery,C3,mu,8,7.996804942380146,35.68942858759102,3,0.375,positive
99,replication_2,6,both_feet_imagery,Cz,mu,8,-23.192694170430514,74.2801445927685,5,0.625,negative
99,replication_2,10,both_feet_imagery,Cz,mu,8,-12.320641529174372,9.496760085210138,8,1.0,negative
99,replication_2,14,both_feet_imagery,Cz,mu,8,-42.337253726522064,20.558531274916028,7,0.875,negative
99,replication_2,6,both_feet_imagery,C4,mu,8,-48.37201491062214,24.187665418831507,7,0.875,negative
99,replication_2,10,both_feet_imagery,C4,mu,8,-32.15179857002434,62.9818897220992,5,0.625,negative
99,replication_2,14,both_feet_imagery,C4,mu,8,-0.8972331714067989,88.3356284234246,4,0.5,negative
99,replication_2,6,both_feet_imagery,Cz,beta,8,-13.775493079044713,29.27494452545998,6,0.75,negative
99,replication_2,10,both_feet_imagery,Cz,beta,8,-23.231843063604167,27.675146430873493,7,0.875,negative
99,replication_2,14,both_feet_imagery,Cz,beta,8,-21.66501273694939,53.05282567952732,6,0.75,negative
101,replication_2,6,both_fists_imagery,C4,central_12_13,8,-32.716823790129894,42.745686121784274,7,0.875,negative
101,replication_2,10,both_fists_imagery,C4,central_12_13,8,-11.831566387476805,29.257555264376172,5,0.625,negative
101,replication_2,14,both_fists_imagery,C4,central_12_13,8,-16.20992896083051,12.54160555180049,6,0.75,negative
101,replication_2,6,both_fists_imagery,C3,central_12_13,8,-13.88402886830011,48.98905410285628,5,0.625,negative
101,replication_2,10,both_fists_imagery,C3,central_12_13,8,-3.9481147984594642,77.9752318275979,4,0.5,negative
101,replication_2,14,both_fists_imagery,C3,central_12_13,8,2.047124972608208,46.0731602460537,4,0.5,positive
101,replication_2,6,both_fists_imagery,C3,mu,8,2.3424371953155987,48.85533520063402,4,0.5,positive
101,replication_2,10,both_fists_imagery,C3,mu,8,-10.552174000484555,31.827381185233552,6,0.75,negative
101,replication_2,14,both_fists_imagery,C3,mu,8,9.047754987119701,59.40486219902033,4,0.5,positive
101,replication_2,6,both_fists_imagery,C4,mu,8,-12.415536988145819,47.40798656581022,6,0.75,negative
101,replication_2,10,both_fists_imagery,C4,mu,8,-19.838829894455415,21.099228963092592,7,0.875,negative
101,replication_2,14,both_fists_imagery,C4,mu,8,-21.748802586389324,18.166890630171746,7,0.875,negative
101,replication_2,6,both_fists_imagery,Cz,mu,8,-10.67841372526259,53.99548068344317,4,0.5,negative
101,replication_2,10,both_fists_imagery,Cz,mu,8,-17.406791496672113,65.87252041357542,5,0.625,negative
101,replication_2,14,both_fists_imagery,Cz,mu,8,-39.920437658584675,31.346438695674298,6,0.75,negative
101,replication_2,6,both_fists_imagery,Cz,beta,8,-32.37933367641564,21.8895097971361,7,0.875,negative
101,replication_2,10,both_fists_imagery,Cz,beta,8,-16.579072737620145,24.13815504889009,6,0.75,negative
101,replication_2,14,both_fists_imagery,Cz,beta,8,-7.992736896387443,12.82331639724099,6,0.75,negative
101,replication_2,6,both_feet_imagery,C3,central_12_13,7,-34.01643465292986,20.46023029119889,6,0.8571428571428571,negative
101,replication_2,10,both_feet_imagery,C3,central_12_13,7,2.0303900643730914,19.99851187654469,3,0.42857142857142855,positive
101,replication_2,14,both_feet_imagery,C3,central_12_13,7,-32.6315872169113,35.875143051830634,5,0.7142857142857143,negative
101,replication_2,6,both_feet_imagery,C4,central_12_13,7,-11.060678132410835,50.4586319393571,4,0.5714285714285714,negative
101,replication_2,10,both_feet_imagery,C4,central_12_13,7,-5.130129405797355,60.83042598591543,4,0.5714285714285714,negative
101,replication_2,14,both_feet_imagery,C4,central_12_13,7,-47.88472209406705,13.655774132989464,6,0.8571428571428571,negative
101,replication_2,6,both_feet_imagery,C3,mu,7,-23.09017085364993,21.201723249930062,7,1.0,negative
101,replication_2,10,both_feet_imagery,C3,mu,7,-3.123177101200859,15.80788129016052,4,0.5714285714285714,negative
101,replication_2,14,both_feet_imagery,C3,mu,7,-11.687037039390091,21.505442643616817,5,0.7142857142857143,negative
101,replication_2,6,both_feet_imagery,Cz,mu,7,13.697966018630972,20.833588998767397,2,0.2857142857142857,positive
101,replication_2,10,both_feet_imagery,Cz,mu,7,-2.206707688467935,69.66351905512582,4,0.5714285714285714,negative
101,replication_2,14,both_feet_imagery,Cz,mu,7,-16.16098614222523,45.533971972720586,5,0.7142857142857143,negative
101,replication_2,6,both_feet_imagery,C4,mu,7,0.7049295572147243,23.78051528882639,3,0.42857142857142855,positive
101,replication_2,10,both_feet_imagery,C4,mu,7,-6.9883130619393325,27.677710235098804,5,0.7142857142857143,negative
101,replication_2,14,both_feet_imagery,C4,mu,7,-21.439620513763792,16.319464717535134,6,0.8571428571428571,negative
101,replication_2,6,both_feet_imagery,Cz,beta,7,1.7997701724373534,25.59242117360193,3,0.42857142857142855,positive
101,replication_2,10,both_feet_imagery,Cz,beta,7,-11.889695821838318,26.622023687214682,4,0.5714285714285714,negative
101,replication_2,14,both_feet_imagery,Cz,beta,7,-30.799628630432032,44.329526122656,4,0.5714285714285714,negative
102,replication_2,6,both_fists_imagery,C4,central_12_13,7,52.92103578900291,49.25700779295989,1,0.14285714285714285,positive
102,replication_2,10,both_fists_imagery,C4,central_12_13,7,6.96580854368642,63.633880532223245,3,0.42857142857142855,positive
102,replication_2,14,both_fists_imagery,C4,central_12_13,7,-47.30652237237902,56.0599833194719,5,0.7142857142857143,negative
102,replication_2,6,both_fists_imagery,C3,central_12_13,7,4.597448934249232,69.02506973393612,3,0.42857142857142855,positive
102,replication_2,10,both_fists_imagery,C3,central_12_13,7,-19.56298904651444,57.20722414239454,4,0.5714285714285714,negative
102,replication_2,14,both_fists_imagery,C3,central_12_13,7,-40.19662373395033,48.10133539507522,6,0.8571428571428571,negative
102,replication_2,6,both_fists_imagery,C3,mu,7,7.255487985974977,84.12219542994211,3,0.42857142857142855,positive
102,replication_2,10,both_fists_imagery,C3,mu,7,2.802223830381585,31.909579401439043,3,0.42857142857142855,positive
102,replication_2,14,both_fists_imagery,C3,mu,7,-51.52048790757872,25.653577995130618,6,0.8571428571428571,negative
102,replication_2,6,both_fists_imagery,C4,mu,7,52.259371573685925,39.27126612793304,1,0.14285714285714285,positive
102,replication_2,10,both_fists_imagery,C4,mu,7,33.072569851203646,56.07033321033849,3,0.42857142857142855,positive
102,replication_2,14,both_fists_imagery,C4,mu,7,-41.07738546457675,34.78619855150829,6,0.8571428571428571,negative
102,replication_2,6,both_fists_imagery,Cz,mu,7,17.888475769718404,81.06462186205783,3,0.42857142857142855,positive
102,replication_2,10,both_fists_imagery,Cz,mu,7,16.385610221060357,53.29483599040781,3,0.42857142857142855,positive
102,replication_2,14,both_fists_imagery,Cz,mu,7,-23.844015025782063,36.65419260681129,7,1.0,negative
102,replication_2,6,both_fists_imagery,Cz,beta,7,-23.862018408927838,67.8283574240126,4,0.5714285714285714,negative
102,replication_2,10,both_fists_imagery,Cz,beta,7,-25.986975548683777,24.785819689556405,6,0.8571428571428571,negative
102,replication_2,14,both_fists_imagery,Cz,beta,7,-40.91873356756187,36.69920347621441,5,0.7142857142857143,negative
102,replication_2,6,both_feet_imagery,C3,central_12_13,7,-18.080427950126097,39.419006436030585,4,0.5714285714285714,negative
102,replication_2,10,both_feet_imagery,C3,central_12_13,7,-13.201902531770767,44.638757245727355,4,0.5714285714285714,negative
102,replication_2,14,both_feet_imagery,C3,central_12_13,7,-43.034736783654026,27.696671387349753,6,0.8571428571428571,negative
102,replication_2,6,both_feet_imagery,C4,central_12_13,7,-7.953323337222074,39.07111205567343,5,0.7142857142857143,negative
102,replication_2,10,both_feet_imagery,C4,central_12_13,7,-18.007725903656798,34.74777679084354,5,0.7142857142857143,negative
102,replication_2,14,both_feet_imagery,C4,central_12_13,7,-49.32439041410878,28.01758966448544,6,0.8571428571428571,negative
102,replication_2,6,both_feet_imagery,C3,mu,7,5.102722486360801,100.29659069111686,3,0.42857142857142855,positive
102,replication_2,10,both_feet_imagery,C3,mu,7,-5.250771994784346,31.475767268103112,4,0.5714285714285714,negative
102,replication_2,14,both_feet_imagery,C3,mu,7,-25.153938785186398,59.97516096527724,4,0.5714285714285714,negative
102,replication_2,6,both_feet_imagery,Cz,mu,7,17.55658726529638,59.00113795368802,3,0.42857142857142855,positive
102,replication_2,10,both_feet_imagery,Cz,mu,7,-13.993095074979154,42.43422264235756,5,0.7142857142857143,negative
102,replication_2,14,both_feet_imagery,Cz,mu,7,-29.178107095137285,52.1451431440009,5,0.7142857142857143,negative
102,replication_2,6,both_feet_imagery,C4,mu,7,-2.792810438950566,43.39077089458982,4,0.5714285714285714,negative
102,replication_2,10,both_feet_imagery,C4,mu,7,-27.928923531702505,20.20859254744997,6,0.8571428571428571,negative
102,replication_2,14,both_feet_imagery,C4,mu,7,8.618533552434494,31.598736802314203,2,0.2857142857142857,positive
102,replication_2,6,both_feet_imagery,Cz,beta,7,-39.42396927443092,15.201508673863906,7,1.0,negative
102,replication_2,10,both_feet_imagery,Cz,beta,7,-51.46717692081521,25.73461028699584,6,0.8571428571428571,negative
102,replication_2,14,both_feet_imagery,Cz,beta,7,-48.39899553101382,16.844683982731887,7,1.0,negative
103,replication_2,6,both_fists_imagery,C4,central_12_13,8,-10.537633401650325,66.7804043376267,4,0.5,negative
103,replication_2,10,both_fists_imagery,C4,central_12_13,7,9.960219181268506,43.092019899496655,3,0.42857142857142855,positive
103,replication_2,14,both_fists_imagery,C4,central_12_13,7,16.635470146128025,51.87756257822631,3,0.42857142857142855,positive
103,replication_2,6,both_fists_imagery,C3,central_12_13,8,-11.52785273377618,44.39942567766697,6,0.75,negative
103,replication_2,10,both_fists_imagery,C3,central_12_13,7,-23.121616043513495,30.81571992093736,6,0.8571428571428571,negative
103,replication_2,14,both_fists_imagery,C3,central_12_13,7,-41.30752136606625,51.92518441730811,5,0.7142857142857143,negative
103,replication_2,6,both_fists_imagery,C3,mu,8,-41.052351084642765,73.15589141065962,6,0.75,negative
103,replication_2,10,both_fists_imagery,C3,mu,7,-20.76625987532607,41.311255039895144,5,0.7142857142857143,negative
103,replication_2,14,both_fists_imagery,C3,mu,7,-48.996227468327014,27.496262205282015,6,0.8571428571428571,negative
103,replication_2,6,both_fists_imagery,C4,mu,8,-42.27842361191507,64.77429804500656,6,0.75,negative
103,replication_2,10,both_fists_imagery,C4,mu,7,-22.367969807510214,95.54885681686754,5,0.7142857142857143,negative
103,replication_2,14,both_fists_imagery,C4,mu,7,18.880251027647066,77.69551845694966,3,0.42857142857142855,positive
103,replication_2,6,both_fists_imagery,Cz,mu,8,-37.16018690516283,60.22400793535023,6,0.75,negative
103,replication_2,10,both_fists_imagery,Cz,mu,7,44.04875491224384,121.64568736566635,3,0.42857142857142855,positive
103,replication_2,14,both_fists_imagery,Cz,mu,7,-14.61337668495569,55.48067108635898,5,0.7142857142857143,negative
103,replication_2,6,both_fists_imagery,Cz,beta,8,-44.567650651140326,28.858196964431258,8,1.0,negative
103,replication_2,10,both_fists_imagery,Cz,beta,7,-5.5013097327019596,25.835069941717045,6,0.8571428571428571,negative
103,replication_2,14,both_fists_imagery,Cz,beta,7,19.077432074852734,74.94122435204996,3,0.42857142857142855,positive
103,replication_2,6,both_feet_imagery,C3,central_12_13,7,68.03167408701448,185.02501035483903,3,0.42857142857142855,positive
103,replication_2,10,both_feet_imagery,C3,central_12_13,8,-32.828097961038736,133.7415575903024,5,0.625,negative
103,replication_2,14,both_feet_imagery,C3,central_12_13,8,3.199677170891208,61.72857803498339,4,0.5,positive
103,replication_2,6,both_feet_imagery,C4,central_12_13,7,-39.20829716219204,99.96601600344917,4,0.5714285714285714,negative
103,replication_2,10,both_feet_imagery,C4,central_12_13,8,10.17176427011984,176.34489106506828,4,0.5,positive
103,replication_2,14,both_feet_imagery,C4,central_12_13,8,-14.022252927294797,45.587885149705805,5,0.625,negative
103,replication_2,6,both_feet_imagery,C3,mu,7,39.57898892076306,120.94537147769876,3,0.42857142857142855,positive
103,replication_2,10,both_feet_imagery,C3,mu,8,-17.397433373812536,162.70522707110365,5,0.625,negative
103,replication_2,14,both_feet_imagery,C3,mu,8,-26.36018031191015,57.94372171852268,6,0.75,negative
103,replication_2,6,both_feet_imagery,Cz,mu,7,-4.499769378270658,44.40061968317471,4,0.5714285714285714,negative
103,replication_2,10,both_feet_imagery,Cz,mu,8,-6.590150794632779,98.78959298320599,4,0.5,negative
103,replication_2,14,both_feet_imagery,Cz,mu,8,-42.56755010231499,30.590057977571085,7,0.875,negative
103,replication_2,6,both_feet_imagery,C4,mu,7,-25.372078819088344,95.39004971101609,4,0.5714285714285714,negative
103,replication_2,10,both_feet_imagery,C4,mu,8,-43.88536906726483,179.9512517873361,5,0.625,negative
103,replication_2,14,both_feet_imagery,C4,mu,8,-31.091252855231343,44.51239199083204,6,0.75,negative
103,replication_2,6,both_feet_imagery,Cz,beta,7,13.632043605690676,74.98716111770247,3,0.42857142857142855,positive
103,replication_2,10,both_feet_imagery,Cz,beta,8,-13.561054954205428,73.53360228592337,5,0.625,negative
103,replication_2,14,both_feet_imagery,Cz,beta,8,-24.685132134819156,25.929901928925702,7,0.875,negative
104,replication_2,6,both_fists_imagery,C4,central_12_13,7,-32.88726095239797,34.48809826695758,7,1.0,negative
104,replication_2,10,both_fists_imagery,C4,central_12_13,8,-41.38785803639302,90.26445687747419,5,0.625,negative
104,replication_2,14,both_fists_imagery,C4,central_12_13,7,-45.380945633668404,30.513095215352834,7,1.0,negative
104,replication_2,6,both_fists_imagery,C3,central_12_13,7,-36.41328427716534,36.18838402441857,6,0.8571428571428571,negative
104,replication_2,10,both_fists_imagery,C3,central_12_13,8,-11.660532773324345,38.147151281216566,6,0.75,negative
104,replication_2,14,both_fists_imagery,C3,central_12_13,7,-45.07126765125244,45.98159913735944,6,0.8571428571428571,negative
104,replication_2,6,both_fists_imagery,C3,mu,7,-42.843535668541705,36.29719528113236,6,0.8571428571428571,negative
104,replication_2,10,both_fists_imagery,C3,mu,8,-6.164798773151801,40.77873089835405,6,0.75,negative
104,replication_2,14,both_fists_imagery,C3,mu,7,-44.52205147387426,31.250546580586914,6,0.8571428571428571,negative
104,replication_2,6,both_fists_imagery,C4,mu,7,-43.016041832397015,38.05614512832234,5,0.7142857142857143,negative
104,replication_2,10,both_fists_imagery,C4,mu,8,-28.02058069600039,56.572087859429665,6,0.75,negative
104,replication_2,14,both_fists_imagery,C4,mu,7,-46.03146236098572,54.88463896483862,6,0.8571428571428571,negative
104,replication_2,6,both_fists_imagery,Cz,mu,7,20.173041630600494,67.97385152664212,3,0.42857142857142855,positive
104,replication_2,10,both_fists_imagery,Cz,mu,8,22.29537928837914,68.92757594018285,3,0.375,positive
104,replication_2,14,both_fists_imagery,Cz,mu,7,-22.461310118975064,39.82825119906203,5,0.7142857142857143,negative
104,replication_2,6,both_fists_imagery,Cz,beta,7,-15.142508774973566,32.87446440674888,4,0.5714285714285714,negative
104,replication_2,10,both_fists_imagery,Cz,beta,8,5.03031009861598,28.461442308772007,3,0.375,positive
104,replication_2,14,both_fists_imagery,Cz,beta,7,-10.42554906374779,43.053491887168846,4,0.5714285714285714,negative
104,replication_2,6,both_feet_imagery,C3,central_12_13,8,-53.169169066278315,22.493721624155526,8,1.0,negative
104,replication_2,10,both_feet_imagery,C3,central_12_13,7,-53.45990588856843,61.015257004116805,5,0.7142857142857143,negative
104,replication_2,14,both_feet_imagery,C3,central_12_13,8,-14.788969434839622,57.36164520006659,6,0.75,negative
104,replication_2,6,both_feet_imagery,C4,central_12_13,8,-21.231575691326157,16.438620209690725,7,0.875,negative
104,replication_2,10,both_feet_imagery,C4,central_12_13,7,-49.976977972251426,39.70980003544736,6,0.8571428571428571,negative
104,replication_2,14,both_feet_imagery,C4,central_12_13,8,-17.379195115575566,58.65119404193711,5,0.625,negative
104,replication_2,6,both_feet_imagery,C3,mu,8,-53.63274120236898,29.789613908425764,7,0.875,negative
104,replication_2,10,both_feet_imagery,C3,mu,7,-21.42064841884745,27.074204724742003,7,1.0,negative
104,replication_2,14,both_feet_imagery,C3,mu,8,-17.795178233514115,84.93040451286618,5,0.625,negative
104,replication_2,6,both_feet_imagery,Cz,mu,8,-49.078911624182325,23.025137904323323,8,1.0,negative
104,replication_2,10,both_feet_imagery,Cz,mu,7,-52.47725444934648,53.050473765087574,5,0.7142857142857143,negative
104,replication_2,14,both_feet_imagery,Cz,mu,8,-41.76826442729382,16.895785163665003,8,1.0,negative
104,replication_2,6,both_feet_imagery,C4,mu,8,-37.65481516016831,23.181921217095784,8,1.0,negative
104,replication_2,10,both_feet_imagery,C4,mu,7,-58.45847684923523,58.105736866573636,5,0.7142857142857143,negative
104,replication_2,14,both_feet_imagery,C4,mu,8,-24.925577855751726,45.31540917555872,7,0.875,negative
104,replication_2,6,both_feet_imagery,Cz,beta,8,-27.74329022943132,40.32234608859933,7,0.875,negative
104,replication_2,10,both_feet_imagery,Cz,beta,7,-34.945158603647286,38.9267153690095,5,0.7142857142857143,negative
104,replication_2,14,both_feet_imagery,Cz,beta,8,-22.241084443971953,12.332872951051066,7,0.875,negative
105,replication_2,6,both_fists_imagery,C4,central_12_13,8,-46.99512767182979,39.27019702274503,7,0.875,negative
105,replication_2,10,both_fists_imagery,C4,central_12_13,8,-58.583435707365126,33.85446527430283,6,0.75,negative
105,replication_2,14,both_fists_imagery,C4,central_12_13,8,-30.51754204721935,60.1663700613005,6,0.75,negative
105,replication_2,6,both_fists_imagery,C3,central_12_13,8,-38.92309231072609,35.45683576862987,7,0.875,negative
105,replication_2,10,both_fists_imagery,C3,central_12_13,8,-66.3228135207564,29.711514880614757,7,0.875,negative
105,replication_2,14,both_fists_imagery,C3,central_12_13,8,8.566633580443556,56.318050423028296,3,0.375,positive
105,replication_2,6,both_fists_imagery,C3,mu,8,-39.50882928448898,27.206386814073348,6,0.75,negative
105,replication_2,10,both_fists_imagery,C3,mu,8,-67.51244758671629,19.61979013621083,7,0.875,negative
105,replication_2,14,both_fists_imagery,C3,mu,8,13.442435261984386,80.17654580671642,3,0.375,positive
105,replication_2,6,both_fists_imagery,C4,mu,8,-41.116019559733566,47.412305080789665,7,0.875,negative
105,replication_2,10,both_fists_imagery,C4,mu,8,-58.92861586893646,32.12843080494904,8,1.0,negative
105,replication_2,14,both_fists_imagery,C4,mu,8,-29.83107397774843,53.46007303255291,6,0.75,negative
105,replication_2,6,both_fists_imagery,Cz,mu,8,-8.988966066296534,38.918319484922876,6,0.75,negative
105,replication_2,10,both_fists_imagery,Cz,mu,8,-21.925073941413086,77.48134536339246,5,0.625,negative
105,replication_2,14,both_fists_imagery,Cz,mu,8,-51.12079115009212,63.109291231531856,6,0.75,negative
105,replication_2,6,both_fists_imagery,Cz,beta,8,-13.150633374991306,28.373509484124472,7,0.875,negative
105,replication_2,10,both_fists_imagery,Cz,beta,8,-31.19298873460521,30.06182547918198,6,0.75,negative
105,replication_2,14,both_fists_imagery,Cz,beta,8,-14.168426912588664,24.882738937942992,7,0.875,negative
105,replication_2,6,both_feet_imagery,C3,central_12_13,7,-13.389194332520699,41.167871088567786,4,0.5714285714285714,negative
105,replication_2,10,both_feet_imagery,C3,central_12_13,7,-44.57440146992183,30.67599532051884,6,0.8571428571428571,negative
105,replication_2,14,both_feet_imagery,C3,central_12_13,7,-23.829940010913575,35.03521505747373,5,0.7142857142857143,negative
105,replication_2,6,both_feet_imagery,C4,central_12_13,7,-25.546253163971897,34.54752581274279,5,0.7142857142857143,negative
105,replication_2,10,both_feet_imagery,C4,central_12_13,7,8.467174227903085,79.82357377030802,2,0.2857142857142857,positive
105,replication_2,14,both_feet_imagery,C4,central_12_13,7,-24.907822207521455,83.65555037019183,5,0.7142857142857143,negative
105,replication_2,6,both_feet_imagery,C3,mu,7,-7.39954599318675,55.76001865599789,5,0.7142857142857143,negative
105,replication_2,10,both_feet_imagery,C3,mu,7,-31.578647516437623,23.239869425639586,5,0.7142857142857143,negative
105,replication_2,14,both_feet_imagery,C3,mu,7,-28.290046306504564,29.135562619299492,6,0.8571428571428571,negative
105,replication_2,6,both_feet_imagery,Cz,mu,7,32.51290436773316,89.18293829499416,3,0.42857142857142855,positive
105,replication_2,10,both_feet_imagery,Cz,mu,7,38.375283636809165,55.39347235232307,1,0.14285714285714285,positive
105,replication_2,14,both_feet_imagery,Cz,mu,7,-11.372879221533887,95.54328728800688,4,0.5714285714285714,negative
105,replication_2,6,both_feet_imagery,C4,mu,7,-12.544593891321872,16.485108039332992,6,0.8571428571428571,negative
105,replication_2,10,both_feet_imagery,C4,mu,7,-17.97451073592057,68.03224557295393,5,0.7142857142857143,negative
105,replication_2,14,both_feet_imagery,C4,mu,7,-29.843072885041984,94.97457236900173,4,0.5714285714285714,negative
105,replication_2,6,both_feet_imagery,Cz,beta,7,-1.5498969038814117,29.121496477685803,4,0.5714285714285714,negative
105,replication_2,10,both_feet_imagery,Cz,beta,7,19.21067136112796,45.57519722995995,1,0.14285714285714285,positive
105,replication_2,14,both_feet_imagery,Cz,beta,7,18.8742989821569,9.445470389977235,1,0.14285714285714285,positive
106,replication_2,6,both_fists_imagery,C4,central_12_13,7,-38.76990947754308,74.07389966356112,5,0.7142857142857143,negative
106,replication_2,10,both_fists_imagery,C4,central_12_13,8,-41.51905117388189,34.38054759900345,8,1.0,negative
106,replication_2,14,both_fists_imagery,C4,central_12_13,8,-41.65694544458388,63.920873380271914,7,0.875,negative
106,replication_2,6,both_fists_imagery,C3,central_12_13,7,35.27516124430586,107.54764718434564,3,0.42857142857142855,positive
106,replication_2,10,both_fists_imagery,C3,central_12_13,8,-53.0991986960163,66.16833699655187,6,0.75,negative
106,replication_2,14,both_fists_imagery,C3,central_12_13,8,-35.894403406988474,45.07091181760326,7,0.875,negative
106,replication_2,6,both_fists_imagery,C3,mu,7,-27.667422804996214,41.87573681920059,6,0.8571428571428571,negative
106,replication_2,10,both_fists_imagery,C3,mu,8,-59.86836954939751,69.68195100663556,6,0.75,negative
106,replication_2,14,both_fists_imagery,C3,mu,8,-29.539251922675557,51.48336106030016,6,0.75,negative
106,replication_2,6,both_fists_imagery,C4,mu,7,-63.735040443671714,66.96050881730304,5,0.7142857142857143,negative
106,replication_2,10,both_fists_imagery,C4,mu,8,-57.09913265305076,17.10409510020709,7,0.875,negative
106,replication_2,14,both_fists_imagery,C4,mu,8,-64.65511718520564,80.02236237054771,6,0.75,negative
106,replication_2,6,both_fists_imagery,Cz,mu,7,-46.787392981721766,30.72275381021511,6,0.8571428571428571,negative
106,replication_2,10,both_fists_imagery,Cz,mu,8,-35.45142301840505,75.79199461653052,5,0.625,negative
106,replication_2,14,both_fists_imagery,Cz,mu,8,-20.4100131192996,56.748007179026914,5,0.625,negative
106,replication_2,6,both_fists_imagery,Cz,beta,7,-28.326062678805098,31.88979885525837,6,0.8571428571428571,negative
106,replication_2,10,both_fists_imagery,Cz,beta,8,-11.475608749699449,18.20331908168355,7,0.875,negative
106,replication_2,14,both_fists_imagery,Cz,beta,8,-5.50268400762972,32.0804183119357,5,0.625,negative
106,replication_2,6,both_feet_imagery,C3,central_12_13,8,-29.73414584699535,29.088984510694104,6,0.75,negative
106,replication_2,10,both_feet_imagery,C3,central_12_13,7,-19.479060602594075,59.852476269490296,5,0.7142857142857143,negative
106,replication_2,14,both_feet_imagery,C3,central_12_13,7,-4.7137594716397055,75.59387090597559,4,0.5714285714285714,negative
106,replication_2,6,both_feet_imagery,C4,central_12_13,8,-25.557908823296234,40.04497773090013,6,0.75,negative
106,replication_2,10,both_feet_imagery,C4,central_12_13,7,-10.071155364830737,23.371643751507584,5,0.7142857142857143,negative
106,replication_2,14,both_feet_imagery,C4,central_12_13,7,20.87447508919388,120.2493360857857,3,0.42857142857142855,positive
106,replication_2,6,both_feet_imagery,C3,mu,8,-24.507697191440624,94.53647099050875,5,0.625,negative
106,replication_2,10,both_feet_imagery,C3,mu,7,-26.407239955389723,57.29423779422958,5,0.7142857142857143,negative
106,replication_2,14,both_feet_imagery,C3,mu,7,12.256737028909464,212.27853960965865,3,0.42857142857142855,positive
106,replication_2,6,both_feet_imagery,Cz,mu,8,-26.6352417113667,88.45473111182947,5,0.625,negative
106,replication_2,10,both_feet_imagery,Cz,mu,7,-28.13434177102395,39.946540803875415,5,0.7142857142857143,negative
106,replication_2,14,both_feet_imagery,Cz,mu,7,100.18011551511674,170.37575502946675,1,0.14285714285714285,positive
106,replication_2,6,both_feet_imagery,C4,mu,8,-39.138124235908506,78.56680667547529,5,0.625,negative
106,replication_2,10,both_feet_imagery,C4,mu,7,-33.05077421706088,26.906407663500442,7,1.0,negative
106,replication_2,14,both_feet_imagery,C4,mu,7,38.726917965763114,153.7109360207224,2,0.2857142857142857,positive
106,replication_2,6,both_feet_imagery,Cz,beta,8,-11.154121721208856,35.29932549334928,4,0.5,negative
106,replication_2,10,both_feet_imagery,Cz,beta,7,-28.32856040497497,19.696449244674316,6,0.8571428571428571,negative
106,replication_2,14,both_feet_imagery,Cz,beta,7,17.66205753323092,31.446594199571617,2,0.2857142857142857,positive
107,replication_2,6,both_fists_imagery,C4,central_12_13,7,-10.717915839126661,22.804867416153346,5,0.7142857142857143,negative
107,replication_2,10,both_fists_imagery,C4,central_12_13,8,-17.242617845279376,135.46343685686486,5,0.625,negative
107,replication_2,14,both_fists_imagery,C4,central_12_13,7,2.6089141542920165,135.41850547386034,3,0.42857142857142855,positive
107,replication_2,6,both_fists_imagery,C3,central_12_13,7,-23.554308277568968,97.13615071186516,5,0.7142857142857143,negative
107,replication_2,10,both_fists_imagery,C3,central_12_13,8,-7.051195582555575,93.11964855717466,4,0.5,negative
107,replication_2,14,both_fists_imagery,C3,central_12_13,7,-41.33805552975778,68.59168688983746,5,0.7142857142857143,negative
107,replication_2,6,both_fists_imagery,C3,mu,7,-0.31776881809424873,79.45109383886341,4,0.5714285714285714,negative
107,replication_2,10,both_fists_imagery,C3,mu,8,5.8933845083318666,51.91945198700952,3,0.375,positive
107,replication_2,14,both_fists_imagery,C3,mu,7,-52.844727082420164,61.07016024430242,5,0.7142857142857143,negative
107,replication_2,6,both_fists_imagery,C4,mu,7,-13.805588215901887,19.48609100632481,5,0.7142857142857143,negative
107,replication_2,10,both_fists_imagery,C4,mu,8,-22.895659481793754,162.38114123012832,5,0.625,negative
107,replication_2,14,both_fists_imagery,C4,mu,7,-37.0010244554631,93.36558717173946,5,0.7142857142857143,negative
107,replication_2,6,both_fists_imagery,Cz,mu,7,3.6599641250885107,69.37412115480498,3,0.42857142857142855,positive
107,replication_2,10,both_fists_imagery,Cz,mu,8,-10.906814171007134,129.76173460750562,4,0.5,negative
107,replication_2,14,both_fists_imagery,Cz,mu,7,-62.22794273831314,141.96477718338528,5,0.7142857142857143,negative
107,replication_2,6,both_fists_imagery,Cz,beta,7,22.77156885701121,39.93288144333787,2,0.2857142857142857,positive
107,replication_2,10,both_fists_imagery,Cz,beta,8,21.466360522792833,59.70294905190265,3,0.375,positive
107,replication_2,14,both_fists_imagery,Cz,beta,7,-3.3996218861242755,70.21692600379583,4,0.5714285714285714,negative
107,replication_2,6,both_feet_imagery,C3,central_12_13,8,-15.456944255510841,31.139595816496914,7,0.875,negative
107,replication_2,10,both_feet_imagery,C3,central_12_13,7,17.00057067760995,74.47442995744984,3,0.42857142857142855,positive
107,replication_2,14,both_feet_imagery,C3,central_12_13,8,-24.400872484892062,81.63659248237973,4,0.5,negative
107,replication_2,6,both_feet_imagery,C4,central_12_13,8,-14.310696006430504,74.31452120637935,4,0.5,negative
107,replication_2,10,both_feet_imagery,C4,central_12_13,7,16.12563445775407,92.0483996222906,3,0.42857142857142855,positive
107,replication_2,14,both_feet_imagery,C4,central_12_13,8,-34.57588604264969,30.47071875490918,7,0.875,negative
107,replication_2,6,both_feet_imagery,C3,mu,8,-28.660020042093343,69.10122191292858,5,0.625,negative
107,replication_2,10,both_feet_imagery,C3,mu,7,-1.5480478756390614,101.11265317631258,4,0.5714285714285714,negative
107,replication_2,14,both_feet_imagery,C3,mu,8,-20.619269623033535,105.48324220543904,4,0.5,negative
107,replication_2,6,both_feet_imagery,Cz,mu,8,-38.746536734916646,27.20714422902146,7,0.875,negative
107,replication_2,10,both_feet_imagery,Cz,mu,7,-20.705423454324798,63.04158298832192,4,0.5714285714285714,negative
107,replication_2,14,both_feet_imagery,Cz,mu,8,-31.3759888804439,172.9109150057547,5,0.625,negative
107,replication_2,6,both_feet_imagery,C4,mu,8,-1.3721199381594964,65.32492567750487,4,0.5,negative
107,replication_2,10,both_feet_imagery,C4,mu,7,22.21845943568143,119.85908784002882,3,0.42857142857142855,positive
107,replication_2,14,both_feet_imagery,C4,mu,8,-31.760145704037,105.19669656988913,5,0.625,negative
107,replication_2,6,both_feet_imagery,Cz,beta,8,-1.5609296459996402,37.619741066167784,5,0.625,negative
107,replication_2,10,both_feet_imagery,Cz,beta,7,0.7395338964426149,75.06098437683843,3,0.42857142857142855,positive
107,replication_2,14,both_feet_imagery,Cz,beta,8,-12.99322014520529,19.900222676260793,7,0.875,negative
108,replication_2,6,both_fists_imagery,C4,central_12_13,7,-12.337734108506003,26.17366742454547,5,0.7142857142857143,negative
108,replication_2,10,both_fists_imagery,C4,central_12_13,7,-31.871791388215897,131.7166035477257,4,0.5714285714285714,negative
108,replication_2,14,both_fists_imagery,C4,central_12_13,8,-16.230475562861162,39.51195840120856,6,0.75,negative
108,replication_2,6,both_fists_imagery,C3,central_12_13,7,-37.92138876451468,37.08150790742718,6,0.8571428571428571,negative
108,replication_2,10,both_fists_imagery,C3,central_12_13,7,-20.521495704411816,170.68923745362102,4,0.5714285714285714,negative
108,replication_2,14,both_fists_imagery,C3,central_12_13,8,39.4282444478349,69.67368801836693,3,0.375,positive
108,replication_2,6,both_fists_imagery,C3,mu,7,-50.61891647898626,26.60313878297056,6,0.8571428571428571,negative
108,replication_2,10,both_fists_imagery,C3,mu,7,-0.6247456409708845,148.67811153211346,4,0.5714285714285714,negative
108,replication_2,14,both_fists_imagery,C3,mu,8,14.343617785523692,56.39957124204844,3,0.375,positive
108,replication_2,6,both_fists_imagery,C4,mu,7,8.068907258097772,42.04968409546378,3,0.42857142857142855,positive
108,replication_2,10,both_fists_imagery,C4,mu,7,-5.180644834279417,139.004283907946,4,0.5714285714285714,negative
108,replication_2,14,both_fists_imagery,C4,mu,8,-5.130650392408015,45.06941714217322,4,0.5,negative
108,replication_2,6,both_fists_imagery,Cz,mu,7,-2.8798048486487717,124.43254378466055,4,0.5714285714285714,negative
108,replication_2,10,both_fists_imagery,Cz,mu,7,51.10151475479795,83.65296900044905,3,0.42857142857142855,positive
108,replication_2,14,both_fists_imagery,Cz,mu,8,18.749444745476328,111.42811729705943,4,0.5,positive
108,replication_2,6,both_fists_imagery,Cz,beta,7,-4.363376009865885,48.37281585347882,4,0.5714285714285714,negative
108,replication_2,10,both_fists_imagery,Cz,beta,7,-25.83068984302597,72.39715243728494,4,0.5714285714285714,negative
108,replication_2,14,both_fists_imagery,Cz,beta,8,19.133230149969634,78.45138323302365,4,0.5,positive
108,replication_2,6,both_feet_imagery,C3,central_12_13,8,-6.461522184733608,98.84757487061822,4,0.5,negative
108,replication_2,10,both_feet_imagery,C3,central_12_13,8,16.79458412646812,107.85365368408297,4,0.5,positive
108,replication_2,14,both_feet_imagery,C3,central_12_13,7,-35.3111351133106,36.96903039478465,6,0.8571428571428571,negative
108,replication_2,6,both_feet_imagery,C4,central_12_13,8,31.690356935381903,34.99650863056503,2,0.25,positive
108,replication_2,10,both_feet_imagery,C4,central_12_13,8,-33.04828066982186,88.53160520196067,5,0.625,negative
108,replication_2,14,both_feet_imagery,C4,central_12_13,7,62.649348172317545,88.07264354928857,2,0.2857142857142857,positive
108,replication_2,6,both_feet_imagery,C3,mu,8,18.764305806246092,61.59528920065786,3,0.375,positive
108,replication_2,10,both_feet_imagery,C3,mu,8,58.67142875895044,170.2196087368249,3,0.375,positive
108,replication_2,14,both_feet_imagery,C3,mu,7,-28.6129210759454,60.406704907292344,5,0.7142857142857143,negative
108,replication_2,6,both_feet_imagery,Cz,mu,8,2.466201804255464,36.46173895762668,4,0.5,positive
108,replication_2,10,both_feet_imagery,Cz,mu,8,8.428707591058815,76.23206353457148,3,0.375,positive
108,replication_2,14,both_feet_imagery,Cz,mu,7,32.66376376355995,83.2184224268716,3,0.42857142857142855,positive
108,replication_2,6,both_feet_imagery,C4,mu,8,42.16972616000059,72.42935031554327,2,0.25,positive
108,replication_2,10,both_feet_imagery,C4,mu,8,-31.518804407297694,100.43536946185834,5,0.625,negative
108,replication_2,14,both_feet_imagery,C4,mu,7,39.958991945886815,122.35713379301956,2,0.2857142857142857,positive
108,replication_2,6,both_feet_imagery,Cz,beta,8,38.53791310771215,78.52527290083604,3,0.375,positive
108,replication_2,10,both_feet_imagery,Cz,beta,8,13.373328731797253,57.60732080647408,3,0.375,positive
108,replication_2,14,both_feet_imagery,Cz,beta,7,-6.468697836649318,25.310256435230936,4,0.5714285714285714,negative
109,replication_2,6,both_fists_imagery,C4,central_12_13,8,17.858846380958383,12.673173714317471,1,0.125,positive
109,replication_2,10,both_fists_imagery,C4,central_12_13,8,0.9463314205345595,93.25298223442137,3,0.375,positive
109,replication_2,14,both_fists_imagery,C4,central_12_13,7,-28.684664643228516,47.29786015059536,5,0.7142857142857143,negative
109,replication_2,6,both_fists_imagery,C3,central_12_13,8,-15.767465093538991,52.261421920005034,6,0.75,negative
109,replication_2,10,both_fists_imagery,C3,central_12_13,8,-7.622954622465095,66.82112604278066,4,0.5,negative
109,replication_2,14,both_fists_imagery,C3,central_12_13,7,-7.208492446119187,63.42529573391114,4,0.5714285714285714,negative
109,replication_2,6,both_fists_imagery,C3,mu,8,13.411162066686433,92.29103124143964,4,0.5,positive
109,replication_2,10,both_fists_imagery,C3,mu,8,-19.23651477115444,39.7338658546344,5,0.625,negative
109,replication_2,14,both_fists_imagery,C3,mu,7,-3.2165513784901596,34.15798937229714,4,0.5714285714285714,negative
109,replication_2,6,both_fists_imagery,C4,mu,8,11.134821700214466,27.71422723872803,2,0.25,positive
109,replication_2,10,both_fists_imagery,C4,mu,8,6.606651512629641,25.619670169881857,2,0.25,positive
109,replication_2,14,both_fists_imagery,C4,mu,7,-18.395620580080017,16.871654483849806,6,0.8571428571428571,negative
109,replication_2,6,both_fists_imagery,Cz,mu,8,-14.580267306988707,30.112426203175183,6,0.75,negative
109,replication_2,10,both_fists_imagery,Cz,mu,8,1.704115816173608,16.941530203534146,4,0.5,positive
109,replication_2,14,both_fists_imagery,Cz,mu,7,-1.6319428092020725,30.628463181334602,4,0.5714285714285714,negative
109,replication_2,6,both_fists_imagery,Cz,beta,8,23.804249993794432,43.350756385747594,1,0.125,positive
109,replication_2,10,both_fists_imagery,Cz,beta,8,13.033600396539267,54.73189496473319,3,0.375,positive
109,replication_2,14,both_fists_imagery,Cz,beta,7,1.8939058488852156,33.35168971904049,2,0.2857142857142857,positive
109,replication_2,6,both_feet_imagery,C3,central_12_13,7,21.893507239127242,84.28349167830116,2,0.2857142857142857,positive
109,replication_2,10,both_feet_imagery,C3,central_12_13,7,12.338736886374415,63.30972267386606,3,0.42857142857142855,positive
109,replication_2,14,both_feet_imagery,C3,central_12_13,8,2.747117673360421,65.13651146789408,4,0.5,positive
109,replication_2,6,both_feet_imagery,C4,central_12_13,7,25.42089784198989,51.53553418574578,3,0.42857142857142855,positive
109,replication_2,10,both_feet_imagery,C4,central_12_13,7,-8.998559304729454,39.784100010776996,5,0.7142857142857143,negative
109,replication_2,14,both_feet_imagery,C4,central_12_13,8,57.399227297702446,93.56549592788033,3,0.375,positive
109,replication_2,6,both_feet_imagery,C3,mu,7,2.215031049715392,63.036237908132236,3,0.42857142857142855,positive
109,replication_2,10,both_feet_imagery,C3,mu,7,-10.967304661674811,40.592537715595924,4,0.5714285714285714,negative
109,replication_2,14,both_feet_imagery,C3,mu,8,7.69294404935151,46.429867515062455,4,0.5,positive
109,replication_2,6,both_feet_imagery,Cz,mu,7,35.48397339434775,25.9017365803474,0,0.0,positive
109,replication_2,10,both_feet_imagery,Cz,mu,7,-16.643596710205063,27.075077408547006,5,0.7142857142857143,negative
109,replication_2,14,both_feet_imagery,Cz,mu,8,9.461142782566116,90.5040367606086,3,0.375,positive
109,replication_2,6,both_feet_imagery,C4,mu,7,25.20106852647648,51.667511950501236,2,0.2857142857142857,positive
109,replication_2,10,both_feet_imagery,C4,mu,7,-14.717306842377127,25.72761946535918,5,0.7142857142857143,negative
109,replication_2,14,both_feet_imagery,C4,mu,8,22.8556629142644,36.2524874587862,2,0.25,positive
109,replication_2,6,both_feet_imagery,Cz,beta,7,-9.916933984020554,41.39671849175819,5,0.7142857142857143,negative
109,replication_2,10,both_feet_imagery,Cz,beta,7,4.837093916961347,40.54412501864261,3,0.42857142857142855,positive
109,replication_2,14,both_feet_imagery,Cz,beta,8,14.639313068057497,36.79036367195095,3,0.375,positive
