development_fold,subject,method,calibration_size,calibration_run,test_runs,training_subjects,source_CSP_fit_subjects,source_scaler_fit_subjects,calibration_trial_keys,calibration_trial_count,calibration_fists_count,calibration_feet_count,test_trial_keys,test_runs_absent_from_calibration,target_EEG_used_for_source_CSP_fit,target_EEG_used_for_source_scaler_fit,unlabeled_test_EEG_used_for_adaptation,target_CSP_refit,target_scaler_refit,decision_layer_fitted_from_calibration_only,calibrated_threshold,target_LDA_training_trial_count
1,1,threshold,0,6,10/14,2/3/4/5/6/7/8/9/10/11/12/13/14/15/16/17/18/19/20,2/3/4/5/6/7/8/9/10/11/12/13/14/15/16/17/18/19/20,2/3/4/5/6/7/8/9/10/11/12/13/14/15/16/17/18/19/20,,0,0,0,S001_R10_T00/S001_R10_T01/S001_R10_T02/S001_R10_T03/S001_R10_T04/S001_R10_T05/S001_R10_T06/S001_R10_T07/S001_R10_T08/S001_R10_T09/S001_R10_T10/S001_R10_T11/S001_R10_T12/S001_R10_T13/S001_R10_T14/S001_R14_T00/S001_R14_T01/S001_R14_T02/S001_R14_T03/S001_R14_T04/S001_R14_T05/S001_R14_T06/S001_R14_T07/S001_R14_T08/S001_R14_T09/S001_R14_T10/S001_R14_T11/S001_R14_T12/S001_R14_T13/S001_R14_T14,True,False,False,False,False,False,False,,0
1,1,threshold,0,10,6/14,2/3/4/5/6/7/8/9/10/11/12/13/14/15/16/17/18/19/20,2/3/4/5/6/7/8/9/10/11/12/13/14/15/16/17/18/19/20,2/3/4/5/6/7/8/9/10/11/12/13/14/15/16/17/18/19/20,,0,0,0,S001_R06_T00/S001_R06_T01/S001_R06_T02/S001_R06_T03/S001_R06_T04/S001_R06_T05/S001_R06_T06/S001_R06_T07/S001_R06_T08/S001_R06_T09/S001_R06_T10/S001_R06_T11/S001_R06_T12/S001_R06_T13/S001_R06_T14/S001_R14_T00/S001_R14_T01/S001_R14_T02/S001_R14_T03/S001_R14_T04/S001_R14_T05/S001_R14_T06/S001_R14_T07/S001_R14_T08/S001_R14_T09/S001_R14_T10/S001_R14_T11/S001_R14_T12/S001_R14_T13/S001_R14_T14,True,False,False,False,False,False,False,,0
1,1,threshold,0,14,6/10,2/3/4/5/6/7/8/9/10/11/12/13/14/15/16/17/18/19/20,2/3/4/5/6/7/8/9/10/11/12/13/14/15/16/17/18/19/20,2/3/4/5/6/7/8/9/10/11/12/13/14/15/16/17/18/19/20,,0,0,0,S001_R06_T00/S001_R06_T01/S001_R06_T02/S001_R06_T03/S001_R06_T04/S001_R06_T05/S001_R06_T06/S001_R06_T07/S001_R06_T08/S001_R06_T09/S001_R06_T10/S001_R06_T11/S001_R06_T12/S001_R06_T13/S001_R06_T14/S001_R10_T00/S001_R10_T01/S001_R10_T02/S001_R10_T03/S001_R10_T04/S001_R10_T05/S001_R10_T06/S001_R10_T07/S001_R10_T08/S001_R10_T09/S001_R10_T10/S001_R10_T11/S001_R10_T12/S001_R10_T13/S001_R10_T14,True,False,False,False,False,False,False,,0
1,1,threshold,4,6,10/14,2/3/4/5/6/7/8/9/10/11/12/13/14/15/16/17/18/19/20,2/3/4/5/6/7/8/9/10/11/12/13/14/15/16/17/18/19/20,2/3/4/5/6/7/8/9/10/11/12/13/14/15/16/17/18/19/20,S001_R06_T00/S001_R06_T01/S001_R06_T02/S001_R06_T03,4,2,2,S001_R10_T00/S001_R10_T01/S001_R10_T02/S001_R10_T03/S001_R10_T04/S001_R10_T05/S001_R10_T06/S001_R10_T07/S001_R10_T08/S001_R10_T09/S001_R10_T10/S001_R10_T11/S001_R10_T12/S001_R10_T13/S001_R10_T14/S001_R14_T00/S001_R14_T01/S001_R14_T02/S001_R14_T03/S001_R14_T04/S001_R14_T05/S001_R14_T06/S001_R14_T07/S001_R14_T08/S001_R14_T09/S001_R14_T10/S001_R14_T11/S001_R14_T12/S001_R14_T13/S001_R14_T14,True,False,False,False,False,False,True,-0.9974500834759407,0
1,1,threshold,4,10,6/14,2/3/4/5/6/7/8/9/10/11/12/13/14/15/16/17/18/19/20,2/3/4/5/6/7/8/9/10/11/12/13/14/15/16/17/18/19/20,2/3/4/5/6/7/8/9/10/11/12/13/14/15/16/17/18/19/20,S001_R10_T00/S001_R10_T01/S001_R10_T02/S001_R10_T03,4,2,2,S001_R06_T00/S001_R06_T01/S001_R06_T02/S001_R06_T03/S001_R06_T04/S001_R06_T05/S001_R06_T06/S001_R06_T07/S001_R06_T08/S001_R06_T09/S001_R06_T10/S001_R06_T11/S001_R06_T12/S001_R06_T13/S001_R06_T14/S001_R14_T00/S001_R14_T01/S001_R14_T02/S001_R14_T03/S001_R14_T04/S001_R14_T05/S001_R14_T06/S001_R14_T07/S001_R14_T08/S001_R14_T09/S001_R14_T10/S001_R14_T11/S001_R14_T12/S001_R14_T13/S001_R14_T14,True,False,False,False,False,False,True,-0.23981561835508053,0
1,1,threshold,4,14,6/10,2/3/4/5/6/7/8/9/10/11/12/13/14/15/16/17/18/19/20,2/3/4/5/6/7/8/9/10/11/12/13/14/15/16/17/18/19/20,2/3/4/5/6/7/8/9/10/11/12/13/14/15/16/17/18/19/20,S001_R14_T00/S001_R14_T01/S001_R14_T02/S001_R14_T03,4,2,2,S001_R06_T00/S001_R06_T01/S001_R06_T02/S001_R06_T03/S001_R06_T04/S001_R06_T05/S001_R06_T06/S001_R06_T07/S001_R06_T08/S001_R06_T09/S001_R06_T10/S001_R06_T11/S001_R06_T12/S001_R06_T13/S001_R06_T14/S001_R10_T00/S001_R10_T01/S001_R10_T02/S001_R10_T03/S001_R10_T04/S001_R10_T05/S001_R10_T06/S001_R10_T07/S001_R10_T08/S001_R10_T09/S001_R10_T10/S001_R10_T11/S001_R10_T12/S001_R10_T13/S001_R10_T14,True,False,False,False,False,False,True,-0.758979358738764,0
1,1,threshold,8,6,10/14,2/3/4/5/6/7/8/9/10/11/12/13/14/15/16/17/18/19/20,2/3/4/5/6/7/8/9/10/11/12/13/14/15/16/17/18/19/20,2/3/4/5/6/7/8/9/10/11/12/13/14/15/16/17/18/19/20,S001_R06_T00/S001_R06_T01/S001_R06_T02/S001_R06_T03/S001_R06_T04/S001_R06_T05/S001_R06_T06/S001_R06_T07,8,4,4,S001_R10_T00/S001_R10_T01/S001_R10_T02/S001_R10_T03/S001_R10_T04/S001_R10_T05/S001_R10_T06/S001_R10_T07/S001_R10_T08/S001_R10_T09/S001_R10_T10/S001_R10_T11/S001_R10_T12/S001_R10_T13/S001_R10_T14/S001_R14_T00/S001_R14_T01/S001_R14_T02/S001_R14_T03/S001_R14_T04/S001_R14_T05/S001_R14_T06/S001_R14_T07/S001_R14_T08/S001_R14_T09/S001_R14_T10/S001_R14_T11/S001_R14_T12/S001_R14_T13/S001_R14_T14,True,False,False,False,False,False,True,-0.8443880095536977,0
1,1,threshold,8,10,6/14,2/3/4/5/6/7/8/9/10/11/12/13/14/15/16/17/18/19/20,2/3/4/5/6/7/8/9/10/11/12/13/14/15/16/17/18/19/20,2/3/4/5/6/7/8/9/10/11/12/13/14/15/16/17/18/19/20,S001_R10_T00/S001_R10_T01/S001_R10_T02/S001_R10_T03/S001_R10_T04/S001_R10_T05/S001_R10_T06/S001_R10_T07,8,4,4,S001_R06_T00/S001_R06_T01/S001_R06_T02/S001_R06_T03/S001_R06_T04/S001_R06_T05/S001_R06_T06/S001_R06_T07/S001_R06_T08/S001_R06_T09/S001_R06_T10/S001_R06_T11/S001_R06_T12/S001_R06_T13/S001_R06_T14/S001_R14_T00/S001_R14_T01/S001_R14_T02/S001_R14_T03/S001_R14_T04/S001_R14_T05/S001_R14_T06/S001_R14_T07/S001_R14_T08/S001_R14_T09/S001_R14_T10/S001_R14_T11/S001_R14_T12/S001_R14_T13/S001_R14_T14,True,False,False,False,False,False,True,-0.6435963467944644,0
1,1,threshold,8,14,6/10,2/3/4/5/6/7/8/9/10/11/12/13/14/15/16/17/18/19/20,2/3/4/5/6/7/8/9/10/11/12/13/14/15/16/17/18/19/20,2/3/4/5/6/7/8/9/10/11/12/13/14/15/16/17/18/19/20,S001_R14_T00/S001_R14_T01/S001_R14_T02/S001_R14_T03/S001_R14_T04/S001_R14_T05/S001_R14_T06/S001_R14_T07,8,4,4,S001_R06_T00/S001_R06_T01/S001_R06_T02/S001_R06_T03/S001_R06_T04/S001_R06_T05/S001_R06_T06/S001_R06_T07/S001_R06_T08/S001_R06_T09/S001_R06_T10/S001_R06_T11/S001_R06_T12/S001_R06_T13/S001_R06_T14/S001_R10_T00/S001_R10_T01/S001_R10_T02/S001_R10_T03/S001_R10_T04/S001_R10_T05/S001_R10_T06/S001_R10_T07/S001_R10_T08/S001_R10_T09/S001_R10_T10/S001_R10_T11/S001_R10_T12/S001_R10_T13/S001_R10_T14,True,False,False,False,False,False,True,-0.8198451975839505,0
1,1,threshold,12,6,10/14,2/3/4/5/6/7/8/9/10/11/12/13/14/15/16/17/18/19/20,2/3/4/5/6/7/8/9/10/11/12/13/14/15/16/17/18/19/20,2/3/4/5/6/7/8/9/10/11/12/13/14/15/16/17/18/19/20,S001_R06_T00/S001_R06_T01/S001_R06_T02/S001_R06_T03/S001_R06_T04/S001_R06_T05/S001_R06_T06/S001_R06_T07/S001_R06_T08/S001_R06_T09/S001_R06_T10/S001_R06_T11,12,6,6,S001_R10_T00/S001_R10_T01/S001_R10_T02/S001_R10_T03/S001_R10_T04/S001_R10_T05/S001_R10_T06/S001_R10_T07/S001_R10_T08/S001_R10_T09/S001_R10_T10/S001_R10_T11/S001_R10_T12/S001_R10_T13/S001_R10_T14/S001_R14_T00/S001_R14_T01/S001_R14_T02/S001_R14_T03/S001_R14_T04/S001_R14_T05/S001_R14_T06/S001_R14_T07/S001_R14_T08/S001_R14_T09/S001_R14_T10/S001_R14_T11/S001_R14_T12/S001_R14_T13/S001_R14_T14,True,False,False,False,False,False,True,-0.8678892698688885,0
1,1,threshold,12,10,6/14,2/3/4/5/6/7/8/9/10/11/12/13/14/15/16/17/18/19/20,2/3/4/5/6/7/8/9/10/11/12/13/14/15/16/17/18/19/20,2/3/4/5/6/7/8/9/10/11/12/13/14/15/16/17/18/19/20,S001_R10_T00/S001_R10_T01/S001_R10_T02/S001_R10_T03/S001_R10_T04/S001_R10_T05/S001_R10_T06/S001_R10_T07/S001_R10_T08/S001_R10_T09/S001_R10_T10/S001_R10_T11,12,6,6,S001_R06_T00/S001_R06_T01/S001_R06_T02/S001_R06_T03/S001_R06_T04/S001_R06_T05/S001_R06_T06/S001_R06_T07/S001_R06_T08/S001_R06_T09/S001_R06_T10/S001_R06_T11/S001_R06_T12/S001_R06_T13/S001_R06_T14/S001_R14_T00/S001_R14_T01/S001_R14_T02/S001_R14_T03/S001_R14_T04/S001_R14_T05/S001_R14_T06/S001_R14_T07/S001_R14_T08/S001_R14_T09/S001_R14_T10/S001_R14_T11/S001_R14_T12/S001_R14_T13/S001_R14_T14,True,False,False,False,False,False,True,-0.3064269600566291,0
1,1,threshold,12,14,6/10,2/3/4/5/6/7/8/9/10/11/12/13/14/15/16/17/18/19/20,2/3/4/5/6/7/8/9/10/11/12/13/14/15/16/17/18/19/20,2/3/4/5/6/7/8/9/10/11/12/13/14/15/16/17/18/19/20,S001_R14_T00/S001_R14_T01/S001_R14_T02/S001_R14_T03/S001_R14_T04/S001_R14_T05/S001_R14_T06/S001_R14_T07/S001_R14_T08/S001_R14_T09/S001_R14_T10/S001_R14_T11,12,6,6,S001_R06_T00/S001_R06_T01/S001_R06_T02/S001_R06_T03/S001_R06_T04/S001_R06_T05/S001_R06_T06/S001_R06_T07/S001_R06_T08/S001_R06_T09/S001_R06_T10/S001_R06_T11/S001_R06_T12/S001_R06_T13/S001_R06_T14/S001_R10_T00/S001_R10_T01/S001_R10_T02/S001_R10_T03/S001_R10_T04/S001_R10_T05/S001_R10_T06/S001_R10_T07/S001_R10_T08/S001_R10_T09/S001_R10_T10/S001_R10_T11/S001_R10_T12/S001_R10_T13/S001_R10_T14,True,False,False,False,False,False,True,-0.8198451975839505,0
1,1,threshold,14,6,10/14,2/3/4/5/6/7/8/9/10/11/12/13/14/15/16/17/18/19/20,2/3/4/5/6/7/8/9/10/11/12/13/14/15/16/17/18/19/20,2/3/4/5/6/7/8/9/10/11/12/13/14/15/16/17/18/19/20,S001_R06_T00/S001_R06_T01/S001_R06_T02/S001_R06_T03/S001_R06_T04/S001_R06_T05/S001_R06_T06/S001_R06_T07/S001_R06_T08/S001_R06_T09/S001_R06_T10/S001_R06_T11/S001_R06_T12/S001_R06_T13,14,7,7,S001_R10_T00/S001_R10_T01/S001_R10_T02/S001_R10_T03/S001_R10_T04/S001_R10_T05/S001_R10_T06/S001_R10_T07/S001_R10_T08/S001_R10_T09/S001_R10_T10/S001_R10_T11/S001_R10_T12/S001_R10_T13/S001_R10_T14/S001_R14_T00/S001_R14_T01/S001_R14_T02/S001_R14_T03/S001_R14_T04/S001_R14_T05/S001_R14_T06/S001_R14_T07/S001_R14_T08/S001_R14_T09/S001_R14_T10/S001_R14_T11/S001_R14_T12/S001_R14_T13/S001_R14_T14,True,False,False,False,False,False,True,-0.9849029177038984,0
1,1,threshold,14,10,6/14,2/3/4/5/6/7/8/9/10/11/12/13/14/15/16/17/18/19/20,2/3/4/5/6/7/8/9/10/11/12/13/14/15/16/17/18/19/20,2/3/4/5/6/7/8/9/10/11/12/13/14/15/16/17/18/19/20,S001_R10_T00/S001_R10_T01/S001_R10_T02/S001_R10_T03/S001_R10_T04/S001_R10_T05/S001_R10_T06/S001_R10_T07/S001_R10_T08/S001_R10_T09/S001_R10_T10/S001_R10_T11/S001_R10_T12/S001_R10_T13,14,7,7,S001_R06_T00/S001_R06_T01/S001_R06_T02/S001_R06_T03/S001_R06_T04/S001_R06_T05/S001_R06_T06/S001_R06_T07/S001_R06_T08/S001_R06_T09/S001_R06_T10/S001_R06_T11/S001_R06_T12/S001_R06_T13/S001_R06_T14/S001_R14_T00/S001_R14_T01/S001_R14_T02/S001_R14_T03/S001_R14_T04/S001_R14_T05/S001_R14_T06/S001_R14_T07/S001_R14_T08/S001_R14_T09/S001_R14_T10/S001_R14_T11/S001_R14_T12/S001_R14_T13/S001_R14_T14,True,False,False,False,False,False,True,-0.5066465796012738,0
1,1,threshold,14,14,6/10,2/3/4/5/6/7/8/9/10/11/12/13/14/15/16/17/18/19/20,2/3/4/5/6/7/8/9/10/11/12/13/14/15/16/17/18/19/20,2/3/4/5/6/7/8/9/10/11/12/13/14/15/16/17/18/19/20,S001_R14_T00/S001_R14_T01/S001_R14_T02/S001_R14_T03/S001_R14_T04/S001_R14_T05/S001_R14_T06/S001_R14_T07/S001_R14_T08/S001_R14_T09/S001_R14_T10/S001_R14_T11/S001_R14_T12/S001_R14_T13,14,7,7,S001_R06_T00/S001_R06_T01/S001_R06_T02/S001_R06_T03/S001_R06_T04/S001_R06_T05/S001_R06_T06/S001_R06_T07/S001_R06_T08/S001_R06_T09/S001_R06_T10/S001_R06_T11/S001_R06_T12/S001_R06_T13/S001_R06_T14/S001_R10_T00/S001_R10_T01/S001_R10_T02/S001_R10_T03/S001_R10_T04/S001_R10_T05/S001_R10_T06/S001_R10_T07/S001_R10_T08/S001_R10_T09/S001_R10_T10/S001_R10_T11/S001_R10_T12/S001_R10_T13/S001_R10_T14,True,False,False,False,False,False,True,-0.6435650994336347,0
1,1,target_lda,0,6,10/14,2/3/4/5/6/7/8/9/10/11/12/13/14/15/16/17/18/19/20,2/3/4/5/6/7/8/9/10/11/12/13/14/15/16/17/18/19/20,2/3/4/5/6/7/8/9/10/11/12/13/14/15/16/17/18/19/20,,0,0,0,S001_R10_T00/S001_R10_T01/S001_R10_T02/S001_R10_T03/S001_R10_T04/S001_R10_T05/S001_R10_T06/S001_R10_T07/S001_R10_T08/S001_R10_T09/S001_R10_T10/S001_R10_T11/S001_R10_T12/S001_R10_T13/S001_R10_T14/S001_R14_T00/S001_R14_T01/S001_R14_T02/S001_R14_T03/S001_R14_T04/S001_R14_T05/S001_R14_T06/S001_R14_T07/S001_R14_T08/S001_R14_T09/S001_R14_T10/S001_R14_T11/S001_R14_T12/S001_R14_T13/S001_R14_T14,True,False,False,False,False,False,False,,0
1,1,target_lda,0,10,6/14,2/3/4/5/6/7/8/9/10/11/12/13/14/15/16/17/18/19/20,2/3/4/5/6/7/8/9/10/11/12/13/14/15/16/17/18/19/20,2/3/4/5/6/7/8/9/10/11/12/13/14/15/16/17/18/19/20,,0,0,0,S001_R06_T00/S001_R06_T01/S001_R06_T02/S001_R06_T03/S001_R06_T04/S001_R06_T05/S001_R06_T06/S001_R06_T07/S001_R06_T08/S001_R06_T09/S001_R06_T10/S001_R06_T11/S001_R06_T12/S001_R06_T13/S001_R06_T14/S001_R14_T00/S001_R14_T01/S001_R14_T02/S001_R14_T03/S001_R14_T04/S001_R14_T05/S001_R14_T06/S001_R14_T07/S001_R14_T08/S001_R14_T09/S001_R14_T10/S001_R14_T11/S001_R14_T12/S001_R14_T13/S001_R14_T14,True,False,False,False,False,False,False,,0
1,1,target_lda,0,14,6/10,2/3/4/5/6/7/8/9/10/11/12/13/14/15/16/17/18/19/20,2/3/4/5/6/7/8/9/10/11/12/13/14/15/16/17/18/19/20,2/3/4/5/6/7/8/9/10/11/12/13/14/15/16/17/18/19/20,,0,0,0,S001_R06_T00/S001_R06_T01/S001_R06_T02/S001_R06_T03/S001_R06_T04/S001_R06_T05/S001_R06_T06/S001_R06_T07/S001_R06_T08/S001_R06_T09/S001_R06_T10/S001_R06_T11/S001_R06_T12/S001_R06_T13/S001_R06_T14/S001_R10_T00/S001_R10_T01/S001_R10_T02/S001_R10_T03/S001_R10_T04/S001_R10_T05/S001_R10_T06/S001_R10_T07/S001_R10_T08/S001_R10_T09/S001_R10_T10/S001_R10_T11/S001_R10_T12/S001_R10_T13/S001_R10_T14,True,False,False,False,False,False,False,,0
1,1,target_lda,4,6,10/14,2/3/4/5/6/7/8/9/10/11/12/13/14/15/16/17/18/19/20,2/3/4/5/6/7/8/9/10/11/12/13/14/15/16/17/18/19/20,2/3/4/5/6/7/8/9/10/11/12/13/14/15/16/17/18/19/20,S001_R06_T00/S001_R06_T01/S001_R06_T02/S001_R06_T03,4,2,2,S001_R10_T00/S001_R10_T01/S001_R10_T02/S001_R10_T03/S001_R10_T04/S001_R10_T05/S001_R10_T06/S001_R10_T07/S001_R10_T08/S001_R10_T09/S001_R10_T10/S001_R10_T11/S001_R10_T12/S001_R10_T13/S001_R10_T14/S001_R14_T00/S001_R14_T01/S001_R14_T02/S001_R14_T03/S001_R14_T04/S001_R14_T05/S001_R14_T06/S001_R14_T07/S001_R14_T08/S001_R14_T09/S001_R14_T10/S001_R14_T11/S001_R14_T12/S001_R14_T13/S001_R14_T14,True,False,False,False,False,False,True,,4
1,1,target_lda,4,10,6/14,2/3/4/5/6/7/8/9/10/11/12/13/14/15/16/17/18/19/20,2/3/4/5/6/7/8/9/10/11/12/13/14/15/16/17/18/19/20,2/3/4/5/6/7/8/9/10/11/12/13/14/15/16/17/18/19/20,S001_R10_T00/S001_R10_T01/S001_R10_T02/S001_R10_T03,4,2,2,S001_R06_T00/S001_R06_T01/S001_R06_T02/S001_R06_T03/S001_R06_T04/S001_R06_T05/S001_R06_T06/S001_R06_T07/S001_R06_T08/S001_R06_T09/S001_R06_T10/S001_R06_T11/S001_R06_T12/S001_R06_T13/S001_R06_T14/S001_R14_T00/S001_R14_T01/S001_R14_T02/S001_R14_T03/S001_R14_T04/S001_R14_T05/S001_R14_T06/S001_R14_T07/S001_R14_T08/S001_R14_T09/S001_R14_T10/S001_R14_T11/S001_R14_T12/S001_R14_T13/S001_R14_T14,True,False,False,False,False,False,True,,4
1,1,target_lda,4,14,6/10,2/3/4/5/6/7/8/9/10/11/12/13/14/15/16/17/18/19/20,2/3/4/5/6/7/8/9/10/11/12/13/14/15/16/17/18/19/20,2/3/4/5/6/7/8/9/10/11/12/13/14/15/16/17/18/19/20,S001_R14_T00/S001_R14_T01/S001_R14_T02/S001_R14_T03,4,2,2,S001_R06_T00/S001_R06_T01/S001_R06_T02/S001_R06_T03/S001_R06_T04/S001_R06_T05/S001_R06_T06/S001_R06_T07/S001_R06_T08/S001_R06_T09/S001_R06_T10/S001_R06_T11/S001_R06_T12/S001_R06_T13/S001_R06_T14/S001_R10_T00/S001_R10_T01/S001_R10_T02/S001_R10_T03/S001_R10_T04/S001_R10_T05/S001_R10_T06/S001_R10_T07/S001_R10_T08/S001_R10_T09/S001_R10_T10/S001_R10_T11/S001_R10_T12/S001_R10_T13/S001_R10_T14,True,False,False,False,False,False,True,,4
1,1,target_lda,8,6,10/14,2/3/4/5/6/7/8/9/10/11/12/13/14/15/16/17/18/19/20,2/3/4/5/6/7/8/9/10/11/12/13/14/15/16/17/18/19/20,2/3/4/5/6/7/8/9/10/11/12/13/14/15/16/17/18/19/20,S001_R06_T00/S001_R06_T01/S001_R06_T02/S001_R06_T03/S001_R06_T04/S001_R06_T05/S001_R06_T06/S001_R06_T07,8,4,4,S001_R10_T00/S001_R10_T01/S001_R10_T02/S001_R10_T03/S001_R10_T04/S001_R10_T05/S001_R10_T06/S001_R10_T07/S001_R10_T08/S001_R10_T09/S001_R10_T10/S001_R10_T11/S001_R10_T12/S001_R10_T13/S001_R10_T14/S001_R14_T00/S001_R14_T01/S001_R14_T02/S001_R14_T03/S001_R14_T04/S001_R14_T05/S001_R14_T06/S001_R14_T07/S001_R14_T08/S001_R14_T09/S001_R14_T10/S001_R14_T11/S001_R14_T12/S001_R14_T13/S001_R14_T14,True,False,False,False,False,False,True,,8
1,1,target_lda,8,10,6/14,2/3/4/5/6/7/8/9/10/11/12/13/14/15/16/17/18/19/20,2/3/4/5/6/7/8/9/10/11/12/13/14/15/16/17/18/19/20,2/3/4/5/6/7/8/9/10/11/12/13/14/15/16/17/18/19/20,S001_R10_T00/S001_R10_T01/S001_R10_T02/S001_R10_T03/S001_R10_T04/S001_R10_T05/S001_R10_T06/S001_R10_T07,8,4,4,S001_R06_T00/S001_R06_T01/S001_R06_T02/S001_R06_T03/S001_R06_T04/S001_R06_T05/S001_R06_T06/S001_R06_T07/S001_R06_T08/S001_R06_T09/S001_R06_T10/S001_R06_T11/S001_R06_T12/S001_R06_T13/S001_R06_T14/S001_R14_T00/S001_R14_T01/S001_R14_T02/S001_R14_T03/S001_R14_T04/S001_R14_T05/S001_R14_T06/S001_R14_T07/S001_R14_T08/S001_R14_T09/S001_R14_T10/S001_R14_T11/S001_R14_T12/S001_R14_T13/S001_R14_T14,True,False,False,False,False,False,True,,8
1,1,target_lda,8,14,6/10,2/3/4/5/6/7/8/9/10/11/12/13/14/15/16/17/18/19/20,2/3/4/5/6/7/8/9/10/11/12/13/14/15/16/17/18/19/20,2/3/4/5/6/7/8/9/10/11/12/13/14/15/16/17/18/19/20,S001_R14_T00/S001_R14_T01/S001_R14_T02/S001_R14_T03/S001_R14_T04/S001_R14_T05/S001_R14_T06/S001_R14_T07,8,4,4,S001_R06_T00/S001_R06_T01/S001_R06_T02/S001_R06_T03/S001_R06_T04/S001_R06_T05/S001_R06_T06/S001_R06_T07/S001_R06_T08/S001_R06_T09/S001_R06_T10/S001_R06_T11/S001_R06_T12/S001_R06_T13/S001_R06_T14/S001_R10_T00/S001_R10_T01/S001_R10_T02/S001_R10_T03/S001_R10_T04/S001_R10_T05/S001_R10_T06/S001_R10_T07/S001_R10_T08/S001_R10_T09/S001_R10_T10/S001_R10_T11/S001_R10_T12/S001_R10_T13/S001_R10_T14,True,False,False,False,False,False,True,,8
1,1,target_lda,12,6,10/14,2/3/4/5/6/7/8/9/10/11/12/13/14/15/16/17/18/19/20,2/3/4/5/6/7/8/9/10/11/12/13/14/15/16/17/18/19/20,2/3/4/5/6/7/8/9/10/11/12/13/14/15/16/17/18/19/20,S001_R06_T00/S001_R06_T01/S001_R06_T02/S001_R06_T03/S001_R06_T04/S001_R06_T05/S001_R06_T06/S001_R06_T07/S001_R06_T08/S001_R06_T09/S001_R06_T10/S001_R06_T11,12,6,6,S001_R10_T00/S001_R10_T01/S001_R10_T02/S001_R10_T03/S001_R10_T04/S001_R10_T05/S001_R10_T06/S001_R10_T07/S001_R10_T08/S001_R10_T09/S001_R10_T10/S001_R10_T11/S001_R10_T12/S001_R10_T13/S001_R10_T14/S001_R14_T00/S001_R14_T01/S001_R14_T02/S001_R14_T03/S001_R14_T04/S001_R14_T05/S001_R14_T06/S001_R14_T07/S001_R14_T08/S001_R14_T09/S001_R14_T10/S001_R14_T11/S001_R14_T12/S001_R14_T13/S001_R14_T14,True,False,False,False,False,False,True,,12
1,1,target_lda,12,10,6/14,2/3/4/5/6/7/8/9/10/11/12/13/14/15/16/17/18/19/20,2/3/4/5/6/7/8/9/10/11/12/13/14/15/16/17/18/19/20,2/3/4/5/6/7/8/9/10/11/12/13/14/15/16/17/18/19/20,S001_R10_T00/S001_R10_T01/S001_R10_T02/S001_R10_T03/S001_R10_T04/S001_R10_T05/S001_R10_T06/S001_R10_T07/S001_R10_T08/S001_R10_T09/S001_R10_T10/S001_R10_T11,12,6,6,S001_R06_T00/S001_R06_T01/S001_R06_T02/S001_R06_T03/S001_R06_T04/S001_R06_T05/S001_R06_T06/S001_R06_T07/S001_R06_T08/S001_R06_T09/S001_R06_T10/S001_R06_T11/S001_R06_T12/S001_R06_T13/S001_R06_T14/S001_R14_T00/S001_R14_T01/S001_R14_T02/S001_R14_T03/S001_R14_T04/S001_R14_T05/S001_R14_T06/S001_R14_T07/S001_R14_T08/S001_R14_T09/S001_R14_T10/S001_R14_T11/S001_R14_T12/S001_R14_T13/S001_R14_T14,True,False,False,False,False,False,True,,12
1,1,target_lda,12,14,6/10,2/3/4/5/6/7/8/9/10/11/12/13/14/15/16/17/18/19/20,2/3/4/5/6/7/8/9/10/11/12/13/14/15/16/17/18/19/20,2/3/4/5/6/7/8/9/10/11/12/13/14/15/16/17/18/19/20,S001_R14_T00/S001_R14_T01/S001_R14_T02/S001_R14_T03/S001_R14_T04/S001_R14_T05/S001_R14_T06/S001_R14_T07/S001_R14_T08/S001_R14_T09/S001_R14_T10/S001_R14_T11,12,6,6,S001_R06_T00/S001_R06_T01/S001_R06_T02/S001_R06_T03/S001_R06_T04/S001_R06_T05/S001_R06_T06/S001_R06_T07/S001_R06_T08/S001_R06_T09/S001_R06_T10/S001_R06_T11/S001_R06_T12/S001_R06_T13/S001_R06_T14/S001_R10_T00/S001_R10_T01/S001_R10_T02/S001_R10_T03/S001_R10_T04/S001_R10_T05/S001_R10_T06/S001_R10_T07/S001_R10_T08/S001_R10_T09/S001_R10_T10/S001_R10_T11/S001_R10_T12/S001_R10_T13/S001_R10_T14,True,False,False,False,False,False,True,,12
1,1,target_lda,14,6,10/14,2/3/4/5/6/7/8/9/10/11/12/13/14/15/16/17/18/19/20,2/3/4/5/6/7/8/9/10/11/12/13/14/15/16/17/18/19/20,2/3/4/5/6/7/8/9/10/11/12/13/14/15/16/17/18/19/20,S001_R06_T00/S001_R06_T01/S001_R06_T02/S001_R06_T03/S001_R06_T04/S001_R06_T05/S001_R06_T06/S001_R06_T07/S001_R06_T08/S001_R06_T09/S001_R06_T10/S001_R06_T11/S001_R06_T12/S001_R06_T13,14,7,7,S001_R10_T00/S001_R10_T01/S001_R10_T02/S001_R10_T03/S001_R10_T04/S001_R10_T05/S001_R10_T06/S001_R10_T07/S001_R10_T08/S001_R10_T09/S001_R10_T10/S001_R10_T11/S001_R10_T12/S001_R10_T13/S001_R10_T14/S001_R14_T00/S001_R14_T01/S001_R14_T02/S001_R14_T03/S001_R14_T04/S001_R14_T05/S001_R14_T06/S001_R14_T07/S001_R14_T08/S001_R14_T09/S001_R14_T10/S001_R14_T11/S001_R14_T12/S001_R14_T13/S001_R14_T14,True,False,False,False,False,False,True,,14
1,1,target_lda,14,10,6/14,2/3/4/5/6/7/8/9/10/11/12/13/14/15/16/17/18/19/20,2/3/4/5/6/7/8/9/10/11/12/13/14/15/16/17/18/19/20,2/3/4/5/6/7/8/9/10/11/12/13/14/15/16/17/18/19/20,S001_R10_T00/S001_R10_T01/S001_R10_T02/S001_R10_T03/S001_R10_T04/S001_R10_T05/S001_R10_T06/S001_R10_T07/S001_R10_T08/S001_R10_T09/S001_R10_T10/S001_R10_T11/S001_R10_T12/S001_R10_T13,14,7,7,S001_R06_T00/S001_R06_T01/S001_R06_T02/S001_R06_T03/S001_R06_T04/S001_R06_T05/S001_R06_T06/S001_R06_T07/S001_R06_T08/S001_R06_T09/S001_R06_T10/S001_R06_T11/S001_R06_T12/S001_R06_T13/S001_R06_T14/S001_R14_T00/S001_R14_T01/S001_R14_T02/S001_R14_T03/S001_R14_T04/S001_R14_T05/S001_R14_T06/S001_R14_T07/S001_R14_T08/S001_R14_T09/S001_R14_T10/S001_R14_T11/S001_R14_T12/S001_R14_T13/S001_R14_T14,True,False,False,False,False,False,True,,14
1,1,target_lda,14,14,6/10,2/3/4/5/6/7/8/9/10/11/12/13/14/15/16/17/18/19/20,2/3/4/5/6/7/8/9/10/11/12/13/14/15/16/17/18/19/20,2/3/4/5/6/7/8/9/10/11/12/13/14/15/16/17/18/19/20,S001_R14_T00/S001_R14_T01/S001_R14_T02/S001_R14_T03/S001_R14_T04/S001_R14_T05/S001_R14_T06/S001_R14_T07/S001_R14_T08/S001_R14_T09/S001_R14_T10/S001_R14_T11/S001_R14_T12/S001_R14_T13,14,7,7,S001_R06_T00/S001_R06_T01/S001_R06_T02/S001_R06_T03/S001_R06_T04/S001_R06_T05/S001_R06_T06/S001_R06_T07/S001_R06_T08/S001_R06_T09/S001_R06_T10/S001_R06_T11/S001_R06_T12/S001_R06_T13/S001_R06_T14/S001_R10_T00/S001_R10_T01/S001_R10_T02/S001_R10_T03/S001_R10_T04/S001_R10_T05/S001_R10_T06/S001_R10_T07/S001_R10_T08/S001_R10_T09/S001_R10_T10/S001_R10_T11/S001_R10_T12/S001_R10_T13/S001_R10_T14,True,False,False,False,False,False,True,,14
2,2,threshold,0,6,10/14,1/3/4/5/6/7/8/9/10/11/12/13/14/15/16/17/18/19/20,1/3/4/5/6/7/8/9/10/11/12/13/14/15/16/17/18/19/20,1/3/4/5/6/7/8/9/10/11/12/13/14/15/16/17/18/19/20,,0,0,0,S002_R10_T00/S002_R10_T01/S002_R10_T02/S002_R10_T03/S002_R10_T04/S002_R10_T05/S002_R10_T06/S002_R10_T07/S002_R10_T08/S002_R10_T09/S002_R10_T10/S002_R10_T11/S002_R10_T12/S002_R10_T13/S002_R10_T14/S002_R14_T00/S002_R14_T01/S002_R14_T02/S002_R14_T03/S002_R14_T04/S002_R14_T05/S002_R14_T06/S002_R14_T07/S002_R14_T08/S002_R14_T09/S002_R14_T10/S002_R14_T11/S002_R14_T12/S002_R14_T13/S002_R14_T14,True,False,False,False,False,False,False,,0
2,2,threshold,0,10,6/14,1/3/4/5/6/7/8/9/10/11/12/13/14/15/16/17/18/19/20,1/3/4/5/6/7/8/9/10/11/12/13/14/15/16/17/18/19/20,1/3/4/5/6/7/8/9/10/11/12/13/14/15/16/17/18/19/20,,0,0,0,S002_R06_T00/S002_R06_T01/S002_R06_T02/S002_R06_T03/S002_R06_T04/S002_R06_T05/S002_R06_T06/S002_R06_T07/S002_R06_T08/S002_R06_T09/S002_R06_T10/S002_R06_T11/S002_R06_T12/S002_R06_T13/S002_R06_T14/S002_R14_T00/S002_R14_T01/S002_R14_T02/S002_R14_T03/S002_R14_T04/S002_R14_T05/S002_R14_T06/S002_R14_T07/S002_R14_T08/S002_R14_T09/S002_R14_T10/S002_R14_T11/S002_R14_T12/S002_R14_T13/S002_R14_T14,True,False,False,False,False,False,False,,0
2,2,threshold,0,14,6/10,1/3/4/5/6/7/8/9/10/11/12/13/14/15/16/17/18/19/20,1/3/4/5/6/7/8/9/10/11/12/13/14/15/16/17/18/19/20,1/3/4/5/6/7/8/9/10/11/12/13/14/15/16/17/18/19/20,,0,0,0,S002_R06_T00/S002_R06_T01/S002_R06_T02/S002_R06_T03/S002_R06_T04/S002_R06_T05/S002_R06_T06/S002_R06_T07/S002_R06_T08/S002_R06_T09/S002_R06_T10/S002_R06_T11/S002_R06_T12/S002_R06_T13/S002_R06_T14/S002_R10_T00/S002_R10_T01/S002_R10_T02/S002_R10_T03/S002_R10_T04/S002_R10_T05/S002_R10_T06/S002_R10_T07/S002_R10_T08/S002_R10_T09/S002_R10_T10/S002_R10_T11/S002_R10_T12/S002_R10_T13/S002_R10_T14,True,False,False,False,False,False,False,,0
2,2,threshold,4,6,10/14,1/3/4/5/6/7/8/9/10/11/12/13/14/15/16/17/18/19/20,1/3/4/5/6/7/8/9/10/11/12/13/14/15/16/17/18/19/20,1/3/4/5/6/7/8/9/10/11/12/13/14/15/16/17/18/19/20,S002_R06_T00/S002_R06_T01/S002_R06_T02/S002_R06_T03,4,2,2,S002_R10_T00/S002_R10_T01/S002_R10_T02/S002_R10_T03/S002_R10_T04/S002_R10_T05/S002_R10_T06/S002_R10_T07/S002_R10_T08/S002_R10_T09/S002_R10_T10/S002_R10_T11/S002_R10_T12/S002_R10_T13/S002_R10_T14/S002_R14_T00/S002_R14_T01/S002_R14_T02/S002_R14_T03/S002_R14_T04/S002_R14_T05/S002_R14_T06/S002_R14_T07/S002_R14_T08/S002_R14_T09/S002_R14_T10/S002_R14_T11/S002_R14_T12/S002_R14_T13/S002_R14_T14,True,False,False,False,False,False,True,-0.33992030496179226,0
2,2,threshold,4,10,6/14,1/3/4/5/6/7/8/9/10/11/12/13/14/15/16/17/18/19/20,1/3/4/5/6/7/8/9/10/11/12/13/14/15/16/17/18/19/20,1/3/4/5/6/7/8/9/10/11/12/13/14/15/16/17/18/19/20,S002_R10_T00/S002_R10_T01/S002_R10_T02/S002_R10_T03,4,2,2,S002_R06_T00/S002_R06_T01/S002_R06_T02/S002_R06_T03/S002_R06_T04/S002_R06_T05/S002_R06_T06/S002_R06_T07/S002_R06_T08/S002_R06_T09/S002_R06_T10/S002_R06_T11/S002_R06_T12/S002_R06_T13/S002_R06_T14/S002_R14_T00/S002_R14_T01/S002_R14_T02/S002_R14_T03/S002_R14_T04/S002_R14_T05/S002_R14_T06/S002_R14_T07/S002_R14_T08/S002_R14_T09/S002_R14_T10/S002_R14_T11/S002_R14_T12/S002_R14_T13/S002_R14_T14,True,False,False,False,False,False,True,-0.31264117248666445,0
2,2,threshold,4,14,6/10,1/3/4/5/6/7/8/9/10/11/12/13/14/15/16/17/18/19/20,1/3/4/5/6/7/8/9/10/11/12/13/14/15/16/17/18/19/20,1/3/4/5/6/7/8/9/10/11/12/13/14/15/16/17/18/19/20,S002_R14_T00/S002_R14_T01/S002_R14_T02/S002_R14_T03,4,2,2,S002_R06_T00/S002_R06_T01/S002_R06_T02/S002_R06_T03/S002_R06_T04/S002_R06_T05/S002_R06_T06/S002_R06_T07/S002_R06_T08/S002_R06_T09/S002_R06_T10/S002_R06_T11/S002_R06_T12/S002_R06_T13/S002_R06_T14/S002_R10_T00/S002_R10_T01/S002_R10_T02/S002_R10_T03/S002_R10_T04/S002_R10_T05/S002_R10_T06/S002_R10_T07/S002_R10_T08/S002_R10_T09/S002_R10_T10/S002_R10_T11/S002_R10_T12/S002_R10_T13/S002_R10_T14,True,False,False,False,False,False,True,0.05513462259907217,0
2,2,threshold,8,6,10/14,1/3/4/5/6/7/8/9/10/11/12/13/14/15/16/17/18/19/20,1/3/4/5/6/7/8/9/10/11/12/13/14/15/16/17/18/19/20,1/3/4/5/6/7/8/9/10/11/12/13/14/15/16/17/18/19/20,S002_R06_T00/S002_R06_T01/S002_R06_T02/S002_R06_T03/S002_R06_T04/S002_R06_T05/S002_R06_T06/S002_R06_T07,8,4,4,S002_R10_T00/S002_R10_T01/S002_R10_T02/S002_R10_T03/S002_R10_T04/S002_R10_T05/S002_R10_T06/S002_R10_T07/S002_R10_T08/S002_R10_T09/S002_R10_T10/S002_R10_T11/S002_R10_T12/S002_R10_T13/S002_R10_T14/S002_R14_T00/S002_R14_T01/S002_R14_T02/S002_R14_T03/S002_R14_T04/S002_R14_T05/S002_R14_T06/S002_R14_T07/S002_R14_T08/S002_R14_T09/S002_R14_T10/S002_R14_T11/S002_R14_T12/S002_R14_T13/S002_R14_T14,True,False,False,False,False,False,True,-0.33992030496179226,0
2,2,threshold,8,10,6/14,1/3/4/5/6/7/8/9/10/11/12/13/14/15/16/17/18/19/20,1/3/4/5/6/7/8/9/10/11/12/13/14/15/16/17/18/19/20,1/3/4/5/6/7/8/9/10/11/12/13/14/15/16/17/18/19/20,S002_R10_T00/S002_R10_T01/S002_R10_T02/S002_R10_T03/S002_R10_T04/S002_R10_T05/S002_R10_T06/S002_R10_T07,8,4,4,S002_R06_T00/S002_R06_T01/S002_R06_T02/S002_R06_T03/S002_R06_T04/S002_R06_T05/S002_R06_T06/S002_R06_T07/S002_R06_T08/S002_R06_T09/S002_R06_T10/S002_R06_T11/S002_R06_T12/S002_R06_T13/S002_R06_T14/S002_R14_T00/S002_R14_T01/S002_R14_T02/S002_R14_T03/S002_R14_T04/S002_R14_T05/S002_R14_T06/S002_R14_T07/S002_R14_T08/S002_R14_T09/S002_R14_T10/S002_R14_T11/S002_R14_T12/S002_R14_T13/S002_R14_T14,True,False,False,False,False,False,True,-0.45060843916853127,0
2,2,threshold,8,14,6/10,1/3/4/5/6/7/8/9/10/11/12/13/14/15/16/17/18/19/20,1/3/4/5/6/7/8/9/10/11/12/13/14/15/16/17/18/19/20,1/3/4/5/6/7/8/9/10/11/12/13/14/15/16/17/18/19/20,S002_R14_T00/S002_R14_T01/S002_R14_T02/S002_R14_T03/S002_R14_T04/S002_R14_T05/S002_R14_T06/S002_R14_T07,8,4,4,S002_R06_T00/S002_R06_T01/S002_R06_T02/S002_R06_T03/S002_R06_T04/S002_R06_T05/S002_R06_T06/S002_R06_T07/S002_R06_T08/S002_R06_T09/S002_R06_T10/S002_R06_T11/S002_R06_T12/S002_R06_T13/S002_R06_T14/S002_R10_T00/S002_R10_T01/S002_R10_T02/S002_R10_T03/S002_R10_T04/S002_R10_T05/S002_R10_T06/S002_R10_T07/S002_R10_T08/S002_R10_T09/S002_R10_T10/S002_R10_T11/S002_R10_T12/S002_R10_T13/S002_R10_T14,True,False,False,False,False,False,True,-0.5745470777016496,0
2,2,threshold,12,6,10/14,1/3/4/5/6/7/8/9/10/11/12/13/14/15/16/17/18/19/20,1/3/4/5/6/7/8/9/10/11/12/13/14/15/16/17/18/19/20,1/3/4/5/6/7/8/9/10/11/12/13/14/15/16/17/18/19/20,S002_R06_T00/S002_R06_T01/S002_R06_T02/S002_R06_T03/S002_R06_T04/S002_R06_T05/S002_R06_T06/S002_R06_T07/S002_R06_T08/S002_R06_T09/S002_R06_T10/S002_R06_T11,12,6,6,S002_R10_T00/S002_R10_T01/S002_R10_T02/S002_R10_T03/S002_R10_T04/S002_R10_T05/S002_R10_T06/S002_R10_T07/S002_R10_T08/S002_R10_T09/S002_R10_T10/S002_R10_T11/S002_R10_T12/S002_R10_T13/S002_R10_T14/S002_R14_T00/S002_R14_T01/S002_R14_T02/S002_R14_T03/S002_R14_T04/S002_R14_T05/S002_R14_T06/S002_R14_T07/S002_R14_T08/S002_R14_T09/S002_R14_T10/S002_R14_T11/S002_R14_T12/S002_R14_T13/S002_R14_T14,True,False,False,False,False,False,True,-0.4948964601767965,0
2,2,threshold,12,10,6/14,1/3/4/5/6/7/8/9/10/11/12/13/14/15/16/17/18/19/20,1/3/4/5/6/7/8/9/10/11/12/13/14/15/16/17/18/19/20,1/3/4/5/6/7/8/9/10/11/12/13/14/15/16/17/18/19/20,S002_R10_T00/S002_R10_T01/S002_R10_T02/S002_R10_T03/S002_R10_T04/S002_R10_T05/S002_R10_T06/S002_R10_T07/S002_R10_T08/S002_R10_T09/S002_R10_T10/S002_R10_T11,12,6,6,S002_R06_T00/S002_R06_T01/S002_R06_T02/S002_R06_T03/S002_R06_T04/S002_R06_T05/S002_R06_T06/S002_R06_T07/S002_R06_T08/S002_R06_T09/S002_R06_T10/S002_R06_T11/S002_R06_T12/S002_R06_T13/S002_R06_T14/S002_R14_T00/S002_R14_T01/S002_R14_T02/S002_R14_T03/S002_R14_T04/S002_R14_T05/S002_R14_T06/S002_R14_T07/S002_R14_T08/S002_R14_T09/S002_R14_T10/S002_R14_T11/S002_R14_T12/S002_R14_T13/S002_R14_T14,True,False,False,False,False,False,True,-0.45060843916853127,0
2,2,threshold,12,14,6/10,1/3/4/5/6/7/8/9/10/11/12/13/14/15/16/17/18/19/20,1/3/4/5/6/7/8/9/10/11/12/13/14/15/16/17/18/19/20,1/3/4/5/6/7/8/9/10/11/12/13/14/15/16/17/18/19/20,S002_R14_T00/S002_R14_T01/S002_R14_T02/S002_R14_T03/S002_R14_T04/S002_R14_T05/S002_R14_T06/S002_R14_T07/S002_R14_T08/S002_R14_T09/S002_R14_T10/S002_R14_T11,12,6,6,S002_R06_T00/S002_R06_T01/S002_R06_T02/S002_R06_T03/S002_R06_T04/S002_R06_T05/S002_R06_T06/S002_R06_T07/S002_R06_T08/S002_R06_T09/S002_R06_T10/S002_R06_T11/S002_R06_T12/S002_R06_T13/S002_R06_T14/S002_R10_T00/S002_R10_T01/S002_R10_T02/S002_R10_T03/S002_R10_T04/S002_R10_T05/S002_R10_T06/S002_R10_T07/S002_R10_T08/S002_R10_T09/S002_R10_T10/S002_R10_T11/S002_R10_T12/S002_R10_T13/S002_R10_T14,True,False,False,False,False,False,True,-0.8569040771850847,0
2,2,threshold,14,6,10/14,1/3/4/5/6/7/8/9/10/11/12/13/14/15/16/17/18/19/20,1/3/4/5/6/7/8/9/10/11/12/13/14/15/16/17/18/19/20,1/3/4/5/6/7/8/9/10/11/12/13/14/15/16/17/18/19/20,S002_R06_T00/S002_R06_T01/S002_R06_T02/S002_R06_T03/S002_R06_T04/S002_R06_T05/S002_R06_T06/S002_R06_T07/S002_R06_T08/S002_R06_T09/S002_R06_T10/S002_R06_T11/S002_R06_T12/S002_R06_T13,14,7,7,S002_R10_T00/S002_R10_T01/S002_R10_T02/S002_R10_T03/S002_R10_T04/S002_R10_T05/S002_R10_T06/S002_R10_T07/S002_R10_T08/S002_R10_T09/S002_R10_T10/S002_R10_T11/S002_R10_T12/S002_R10_T13/S002_R10_T14/S002_R14_T00/S002_R14_T01/S002_R14_T02/S002_R14_T03/S002_R14_T04/S002_R14_T05/S002_R14_T06/S002_R14_T07/S002_R14_T08/S002_R14_T09/S002_R14_T10/S002_R14_T11/S002_R14_T12/S002_R14_T13/S002_R14_T14,True,False,False,False,False,False,True,-0.4948964601767965,0
2,2,threshold,14,10,6/14,1/3/4/5/6/7/8/9/10/11/12/13/14/15/16/17/18/19/20,1/3/4/5/6/7/8/9/10/11/12/13/14/15/16/17/18/19/20,1/3/4/5/6/7/8/9/10/11/12/13/14/15/16/17/18/19/20,S002_R10_T00/S002_R10_T01/S002_R10_T02/S002_R10_T03/S002_R10_T04/S002_R10_T05/S002_R10_T06/S002_R10_T07/S002_R10_T08/S002_R10_T09/S002_R10_T10/S002_R10_T11/S002_R10_T12/S002_R10_T13,14,7,7,S002_R06_T00/S002_R06_T01/S002_R06_T02/S002_R06_T03/S002_R06_T04/S002_R06_T05/S002_R06_T06/S002_R06_T07/S002_R06_T08/S002_R06_T09/S002_R06_T10/S002_R06_T11/S002_R06_T12/S002_R06_T13/S002_R06_T14/S002_R14_T00/S002_R14_T01/S002_R14_T02/S002_R14_T03/S002_R14_T04/S002_R14_T05/S002_R14_T06/S002_R14_T07/S002_R14_T08/S002_R14_T09/S002_R14_T10/S002_R14_T11/S002_R14_T12/S002_R14_T13/S002_R14_T14,True,False,False,False,False,False,True,-0.45060843916853127,0
2,2,threshold,14,14,6/10,1/3/4/5/6/7/8/9/10/11/12/13/14/15/16/17/18/19/20,1/3/4/5/6/7/8/9/10/11/12/13/14/15/16/17/18/19/20,1/3/4/5/6/7/8/9/10/11/12/13/14/15/16/17/18/19/20,S002_R14_T00/S002_R14_T01/S002_R14_T02/S002_R14_T03/S002_R14_T04/S002_R14_T05/S002_R14_T06/S002_R14_T07/S002_R14_T08/S002_R14_T09/S002_R14_T10/S002_R14_T11/S002_R14_T12/S002_R14_T13,14,7,7,S002_R06_T00/S002_R06_T01/S002_R06_T02/S002_R06_T03/S002_R06_T04/S002_R06_T05/S002_R06_T06/S002_R06_T07/S002_R06_T08/S002_R06_T09/S002_R06_T10/S002_R06_T11/S002_R06_T12/S002_R06_T13/S002_R06_T14/S002_R10_T00/S002_R10_T01/S002_R10_T02/S002_R10_T03/S002_R10_T04/S002_R10_T05/S002_R10_T06/S002_R10_T07/S002_R10_T08/S002_R10_T09/S002_R10_T10/S002_R10_T11/S002_R10_T12/S002_R10_T13/S002_R10_T14,True,False,False,False,False,False,True,-0.8569040771850847,0
2,2,target_lda,0,6,10/14,1/3/4/5/6/7/8/9/10/11/12/13/14/15/16/17/18/19/20,1/3/4/5/6/7/8/9/10/11/12/13/14/15/16/17/18/19/20,1/3/4/5/6/7/8/9/10/11/12/13/14/15/16/17/18/19/20,,0,0,0,S002_R10_T00/S002_R10_T01/S002_R10_T02/S002_R10_T03/S002_R10_T04/S002_R10_T05/S002_R10_T06/S002_R10_T07/S002_R10_T08/S002_R10_T09/S002_R10_T10/S002_R10_T11/S002_R10_T12/S002_R10_T13/S002_R10_T14/S002_R14_T00/S002_R14_T01/S002_R14_T02/S002_R14_T03/S002_R14_T04/S002_R14_T05/S002_R14_T06/S002_R14_T07/S002_R14_T08/S002_R14_T09/S002_R14_T10/S002_R14_T11/S002_R14_T12/S002_R14_T13/S002_R14_T14,True,False,False,False,False,False,False,,0
2,2,target_lda,0,10,6/14,1/3/4/5/6/7/8/9/10/11/12/13/14/15/16/17/18/19/20,1/3/4/5/6/7/8/9/10/11/12/13/14/15/16/17/18/19/20,1/3/4/5/6/7/8/9/10/11/12/13/14/15/16/17/18/19/20,,0,0,0,S002_R06_T00/S002_R06_T01/S002_R06_T02/S002_R06_T03/S002_R06_T04/S002_R06_T05/S002_R06_T06/S002_R06_T07/S002_R06_T08/S002_R06_T09/S002_R06_T10/S002_R06_T11/S002_R06_T12/S002_R06_T13/S002_R06_T14/S002_R14_T00/S002_R14_T01/S002_R14_T02/S002_R14_T03/S002_R14_T04/S002_R14_T05/S002_R14_T06/S002_R14_T07/S002_R14_T08/S002_R14_T09/S002_R14_T10/S002_R14_T11/S002_R14_T12/S002_R14_T13/S002_R14_T14,True,False,False,False,False,False,False,,0
2,2,target_lda,0,14,6/10,1/3/4/5/6/7/8/9/10/11/12/13/14/15/16/17/18/19/20,1/3/4/5/6/7/8/9/10/11/12/13/14/15/16/17/18/19/20,1/3/4/5/6/7/8/9/10/11/12/13/14/15/16/17/18/19/20,,0,0,0,S002_R06_T00/S002_R06_T01/S002_R06_T02/S002_R06_T03/S002_R06_T04/S002_R06_T05/S002_R06_T06/S002_R06_T07/S002_R06_T08/S002_R06_T09/S002_R06_T10/S002_R06_T11/S002_R06_T12/S002_R06_T13/S002_R06_T14/S002_R10_T00/S002_R10_T01/S002_R10_T02/S002_R10_T03/S002_R10_T04/S002_R10_T05/S002_R10_T06/S002_R10_T07/S002_R10_T08/S002_R10_T09/S002_R10_T10/S002_R10_T11/S002_R10_T12/S002_R10_T13/S002_R10_T14,True,False,False,False,False,False,False,,0
2,2,target_lda,4,6,10/14,1/3/4/5/6/7/8/9/10/11/12/13/14/15/16/17/18/19/20,1/3/4/5/6/7/8/9/10/11/12/13/14/15/16/17/18/19/20,1/3/4/5/6/7/8/9/10/11/12/13/14/15/16/17/18/19/20,S002_R06_T00/S002_R06_T01/S002_R06_T02/S002_R06_T03,4,2,2,S002_R10_T00/S002_R10_T01/S002_R10_T02/S002_R10_T03/S002_R10_T04/S002_R10_T05/S002_R10_T06/S002_R10_T07/S002_R10_T08/S002_R10_T09/S002_R10_T10/S002_R10_T11/S002_R10_T12/S002_R10_T13/S002_R10_T14/S002_R14_T00/S002_R14_T01/S002_R14_T02/S002_R14_T03/S002_R14_T04/S002_R14_T05/S002_R14_T06/S002_R14_T07/S002_R14_T08/S002_R14_T09/S002_R14_T10/S002_R14_T11/S002_R14_T12/S002_R14_T13/S002_R14_T14,True,False,False,False,False,False,True,,4
2,2,target_lda,4,10,6/14,1/3/4/5/6/7/8/9/10/11/12/13/14/15/16/17/18/19/20,1/3/4/5/6/7/8/9/10/11/12/13/14/15/16/17/18/19/20,1/3/4/5/6/7/8/9/10/11/12/13/14/15/16/17/18/19/20,S002_R10_T00/S002_R10_T01/S002_R10_T02/S002_R10_T03,4,2,2,S002_R06_T00/S002_R06_T01/S002_R06_T02/S002_R06_T03/S002_R06_T04/S002_R06_T05/S002_R06_T06/S002_R06_T07/S002_R06_T08/S002_R06_T09/S002_R06_T10/S002_R06_T11/S002_R06_T12/S002_R06_T13/S002_R06_T14/S002_R14_T00/S002_R14_T01/S002_R14_T02/S002_R14_T03/S002_R14_T04/S002_R14_T05/S002_R14_T06/S002_R14_T07/S002_R14_T08/S002_R14_T09/S002_R14_T10/S002_R14_T11/S002_R14_T12/S002_R14_T13/S002_R14_T14,True,False,False,False,False,False,True,,4
2,2,target_lda,4,14,6/10,1/3/4/5/6/7/8/9/10/11/12/13/14/15/16/17/18/19/20,1/3/4/5/6/7/8/9/10/11/12/13/14/15/16/17/18/19/20,1/3/4/5/6/7/8/9/10/11/12/13/14/15/16/17/18/19/20,S002_R14_T00/S002_R14_T01/S002_R14_T02/S002_R14_T03,4,2,2,S002_R06_T00/S002_R06_T01/S002_R06_T02/S002_R06_T03/S002_R06_T04/S002_R06_T05/S002_R06_T06/S002_R06_T07/S002_R06_T08/S002_R06_T09/S002_R06_T10/S002_R06_T11/S002_R06_T12/S002_R06_T13/S002_R06_T14/S002_R10_T00/S002_R10_T01/S002_R10_T02/S002_R10_T03/S002_R10_T04/S002_R10_T05/S002_R10_T06/S002_R10_T07/S002_R10_T08/S002_R10_T09/S002_R10_T10/S002_R10_T11/S002_R10_T12/S002_R10_T13/S002_R10_T14,True,False,False,False,False,False,True,,4
2,2,target_lda,8,6,10/14,1/3/4/5/6/7/8/9/10/11/12/13/14/15/16/17/18/19/20,1/3/4/5/6/7/8/9/10/11/12/13/14/15/16/17/18/19/20,1/3/4/5/6/7/8/9/10/11/12/13/14/15/16/17/18/19/20,S002_R06_T00/S002_R06_T01/S002_R06_T02/S002_R06_T03/S002_R06_T04/S002_R06_T05/S002_R06_T06/S002_R06_T07,8,4,4,S002_R10_T00/S002_R10_T01/S002_R10_T02/S002_R10_T03/S002_R10_T04/S002_R10_T05/S002_R10_T06/S002_R10_T07/S002_R10_T08/S002_R10_T09/S002_R10_T10/S002_R10_T11/S002_R10_T12/S002_R10_T13/S002_R10_T14/S002_R14_T00/S002_R14_T01/S002_R14_T02/S002_R14_T03/S002_R14_T04/S002_R14_T05/S002_R14_T06/S002_R14_T07/S002_R14_T08/S002_R14_T09/S002_R14_T10/S002_R14_T11/S002_R14_T12/S002_R14_T13/S002_R14_T14,True,False,False,False,False,False,True,,8
2,2,target_lda,8,10,6/14,1/3/4/5/6/7/8/9/10/11/12/13/14/15/16/17/18/19/20,1/3/4/5/6/7/8/9/10/11/12/13/14/15/16/17/18/19/20,1/3/4/5/6/7/8/9/10/11/12/13/14/15/16/17/18/19/20,S002_R10_T00/S002_R10_T01/S002_R10_T02/S002_R10_T03/S002_R10_T04/S002_R10_T05/S002_R10_T06/S002_R10_T07,8,4,4,S002_R06_T00/S002_R06_T01/S002_R06_T02/S002_R06_T03/S002_R06_T04/S002_R06_T05/S002_R06_T06/S002_R06_T07/S002_R06_T08/S002_R06_T09/S002_R06_T10/S002_R06_T11/S002_R06_T12/S002_R06_T13/S002_R06_T14/S002_R14_T00/S002_R14_T01/S002_R14_T02/S002_R14_T03/S002_R14_T04/S002_R14_T05/S002_R14_T06/S002_R14_T07/S002_R14_T08/S002_R14_T09/S002_R14_T10/S002_R14_T11/S002_R14_T12/S002_R14_T13/S002_R14_T14,True,False,False,False,False,False,True,,8
2,2,target_lda,8,14,6/10,1/3/4/5/6/7/8/9/10/11/12/13/14/15/16/17/18/19/20,1/3/4/5/6/7/8/9/10/11/12/13/14/15/16/17/18/19/20,1/3/4/5/6/7/8/9/10/11/12/13/14/15/16/17/18/19/20,S002_R14_T00/S002_R14_T01/S002_R14_T02/S002_R14_T03/S002_R14_T04/S002_R14_T05/S002_R14_T06/S002_R14_T07,8,4,4,S002_R06_T00/S002_R06_T01/S002_R06_T02/S002_R06_T03/S002_R06_T04/S002_R06_T05/S002_R06_T06/S002_R06_T07/S002_R06_T08/S002_R06_T09/S002_R06_T10/S002_R06_T11/S002_R06_T12/S002_R06_T13/S002_R06_T14/S002_R10_T00/S002_R10_T01/S002_R10_T02/S002_R10_T03/S002_R10_T04/S002_R10_T05/S002_R10_T06/S002_R10_T07/S002_R10_T08/S002_R10_T09/S002_R10_T10/S002_R10_T11/S002_R10_T12/S002_R10_T13/S002_R10_T14,True,False,False,False,False,False,True,,8
2,2,target_lda,12,6,10/14,1/3/4/5/6/7/8/9/10/11/12/13/14/15/16/17/18/19/20,1/3/4/5/6/7/8/9/10/11/12/13/14/15/16/17/18/19/20,1/3/4/5/6/7/8/9/10/11/12/13/14/15/16/17/18/19/20,S002_R06_T00/S002_R06_T01/S002_R06_T02/S002_R06_T03/S002_R06_T04/S002_R06_T05/S002_R06_T06/S002_R06_T07/S002_R06_T08/S002_R06_T09/S002_R06_T10/S002_R06_T11,12,6,6,S002_R10_T00/S002_R10_T01/S002_R10_T02/S002_R10_T03/S002_R10_T04/S002_R10_T05/S002_R10_T06/S002_R10_T07/S002_R10_T08/S002_R10_T09/S002_R10_T10/S002_R10_T11/S002_R10_T12/S002_R10_T13/S002_R10_T14/S002_R14_T00/S002_R14_T01/S002_R14_T02/S002_R14_T03/S002_R14_T04/S002_R14_T05/S002_R14_T06/S002_R14_T07/S002_R14_T08/S002_R14_T09/S002_R14_T10/S002_R14_T11/S002_R14_T12/S002_R14_T13/S002_R14_T14,True,False,False,False,False,False,True,,12
2,2,target_lda,12,10,6/14,1/3/4/5/6/7/8/9/10/11/12/13/14/15/16/17/18/19/20,1/3/4/5/6/7/8/9/10/11/12/13/14/15/16/17/18/19/20,1/3/4/5/6/7/8/9/10/11/12/13/14/15/16/17/18/19/20,S002_R10_T00/S002_R10_T01/S002_R10_T02/S002_R10_T03/S002_R10_T04/S002_R10_T05/S002_R10_T06/S002_R10_T07/S002_R10_T08/S002_R10_T09/S002_R10_T10/S002_R10_T11,12,6,6,S002_R06_T00/S002_R06_T01/S002_R06_T02/S002_R06_T03/S002_R06_T04/S002_R06_T05/S002_R06_T06/S002_R06_T07/S002_R06_T08/S002_R06_T09/S002_R06_T10/S002_R06_T11/S002_R06_T12/S002_R06_T13/S002_R06_T14/S002_R14_T00/S002_R14_T01/S002_R14_T02/S002_R14_T03/S002_R14_T04/S002_R14_T05/S002_R14_T06/S002_R14_T07/S002_R14_T08/S002_R14_T09/S002_R14_T10/S002_R14_T11/S002_R14_T12/S002_R14_T13/S002_R14_T14,True,False,False,False,False,False,True,,12
2,2,target_lda,12,14,6/10,1/3/4/5/6/7/8/9/10/11/12/13/14/15/16/17/18/19/20,1/3/4/5/6/7/8/9/10/11/12/13/14/15/16/17/18/19/20,1/3/4/5/6/7/8/9/10/11/12/13/14/15/16/17/18/19/20,S002_R14_T00/S002_R14_T01/S002_R14_T02/S002_R14_T03/S002_R14_T04/S002_R14_T05/S002_R14_T06/S002_R14_T07/S002_R14_T08/S002_R14_T09/S002_R14_T10/S002_R14_T11,12,6,6,S002_R06_T00/S002_R06_T01/S002_R06_T02/S002_R06_T03/S002_R06_T04/S002_R06_T05/S002_R06_T06/S002_R06_T07/S002_R06_T08/S002_R06_T09/S002_R06_T10/S002_R06_T11/S002_R06_T12/S002_R06_T13/S002_R06_T14/S002_R10_T00/S002_R10_T01/S002_R10_T02/S002_R10_T03/S002_R10_T04/S002_R10_T05/S002_R10_T06/S002_R10_T07/S002_R10_T08/S002_R10_T09/S002_R10_T10/S002_R10_T11/S002_R10_T12/S002_R10_T13/S002_R10_T14,True,False,False,False,False,False,True,,12
2,2,target_lda,14,6,10/14,1/3/4/5/6/7/8/9/10/11/12/13/14/15/16/17/18/19/20,1/3/4/5/6/7/8/9/10/11/12/13/14/15/16/17/18/19/20,1/3/4/5/6/7/8/9/10/11/12/13/14/15/16/17/18/19/20,S002_R06_T00/S002_R06_T01/S002_R06_T02/S002_R06_T03/S002_R06_T04/S002_R06_T05/S002_R06_T06/S002_R06_T07/S002_R06_T08/S002_R06_T09/S002_R06_T10/S002_R06_T11/S002_R06_T12/S002_R06_T13,14,7,7,S002_R10_T00/S002_R10_T01/S002_R10_T02/S002_R10_T03/S002_R10_T04/S002_R10_T05/S002_R10_T06/S002_R10_T07/S002_R10_T08/S002_R10_T09/S002_R10_T10/S002_R10_T11/S002_R10_T12/S002_R10_T13/S002_R10_T14/S002_R14_T00/S002_R14_T01/S002_R14_T02/S002_R14_T03/S002_R14_T04/S002_R14_T05/S002_R14_T06/S002_R14_T07/S002_R14_T08/S002_R14_T09/S002_R14_T10/S002_R14_T11/S002_R14_T12/S002_R14_T13/S002_R14_T14,True,False,False,False,False,False,True,,14
2,2,target_lda,14,10,6/14,1/3/4/5/6/7/8/9/10/11/12/13/14/15/16/17/18/19/20,1/3/4/5/6/7/8/9/10/11/12/13/14/15/16/17/18/19/20,1/3/4/5/6/7/8/9/10/11/12/13/14/15/16/17/18/19/20,S002_R10_T00/S002_R10_T01/S002_R10_T02/S002_R10_T03/S002_R10_T04/S002_R10_T05/S002_R10_T06/S002_R10_T07/S002_R10_T08/S002_R10_T09/S002_R10_T10/S002_R10_T11/S002_R10_T12/S002_R10_T13,14,7,7,S002_R06_T00/S002_R06_T01/S002_R06_T02/S002_R06_T03/S002_R06_T04/S002_R06_T05/S002_R06_T06/S002_R06_T07/S002_R06_T08/S002_R06_T09/S002_R06_T10/S002_R06_T11/S002_R06_T12/S002_R06_T13/S002_R06_T14/S002_R14_T00/S002_R14_T01/S002_R14_T02/S002_R14_T03/S002_R14_T04/S002_R14_T05/S002_R14_T06/S002_R14_T07/S002_R14_T08/S002_R14_T09/S002_R14_T10/S002_R14_T11/S002_R14_T12/S002_R14_T13/S002_R14_T14,True,False,False,False,False,False,True,,14
2,2,target_lda,14,14,6/10,1/3/4/5/6/7/8/9/10/11/12/13/14/15/16/17/18/19/20,1/3/4/5/6/7/8/9/10/11/12/13/14/15/16/17/18/19/20,1/3/4/5/6/7/8/9/10/11/12/13/14/15/16/17/18/19/20,S002_R14_T00/S002_R14_T01/S002_R14_T02/S002_R14_T03/S002_R14_T04/S002_R14_T05/S002_R14_T06/S002_R14_T07/S002_R14_T08/S002_R14_T09/S002_R14_T10/S002_R14_T11/S002_R14_T12/S002_R14_T13,14,7,7,S002_R06_T00/S002_R06_T01/S002_R06_T02/S002_R06_T03/S002_R06_T04/S002_R06_T05/S002_R06_T06/S002_R06_T07/S002_R06_T08/S002_R06_T09/S002_R06_T10/S002_R06_T11/S002_R06_T12/S002_R06_T13/S002_R06_T14/S002_R10_T00/S002_R10_T01/S002_R10_T02/S002_R10_T03/S002_R10_T04/S002_R10_T05/S002_R10_T06/S002_R10_T07/S002_R10_T08/S002_R10_T09/S002_R10_T10/S002_R10_T11/S002_R10_T12/S002_R10_T13/S002_R10_T14,True,False,False,False,False,False,True,,14
3,3,threshold,0,6,10/14,1/2/4/5/6/7/8/9/10/11/12/13/14/15/16/17/18/19/20,1/2/4/5/6/7/8/9/10/11/12/13/14/15/16/17/18/19/20,1/2/4/5/6/7/8/9/10/11/12/13/14/15/16/17/18/19/20,,0,0,0,S003_R10_T00/S003_R10_T01/S003_R10_T02/S003_R10_T03/S003_R10_T04/S003_R10_T05/S003_R10_T06/S003_R10_T07/S003_R10_T08/S003_R10_T09/S003_R10_T10/S003_R10_T11/S003_R10_T12/S003_R10_T13/S003_R10_T14/S003_R14_T00/S003_R14_T01/S003_R14_T02/S003_R14_T03/S003_R14_T04/S003_R14_T05/S003_R14_T06/S003_R14_T07/S003_R14_T08/S003_R14_T09/S003_R14_T10/S003_R14_T11/S003_R14_T12/S003_R14_T13/S003_R14_T14,True,False,False,False,False,False,False,,0
3,3,threshold,0,10,6/14,1/2/4/5/6/7/8/9/10/11/12/13/14/15/16/17/18/19/20,1/2/4/5/6/7/8/9/10/11/12/13/14/15/16/17/18/19/20,1/2/4/5/6/7/8/9/10/11/12/13/14/15/16/17/18/19/20,,0,0,0,S003_R06_T00/S003_R06_T01/S003_R06_T02/S003_R06_T03/S003_R06_T04/S003_R06_T05/S003_R06_T06/S003_R06_T07/S003_R06_T08/S003_R06_T09/S003_R06_T10/S003_R06_T11/S003_R06_T12/S003_R06_T13/S003_R06_T14/S003_R14_T00/S003_R14_T01/S003_R14_T02/S003_R14_T03/S003_R14_T04/S003_R14_T05/S003_R14_T06/S003_R14_T07/S003_R14_T08/S003_R14_T09/S003_R14_T10/S003_R14_T11/S003_R14_T12/S003_R14_T13/S003_R14_T14,True,False,False,False,False,False,False,,0
3,3,threshold,0,14,6/10,1/2/4/5/6/7/8/9/10/11/12/13/14/15/16/17/18/19/20,1/2/4/5/6/7/8/9/10/11/12/13/14/15/16/17/18/19/20,1/2/4/5/6/7/8/9/10/11/12/13/14/15/16/17/18/19/20,,0,0,0,S003_R06_T00/S003_R06_T01/S003_R06_T02/S003_R06_T03/S003_R06_T04/S003_R06_T05/S003_R06_T06/S003_R06_T07/S003_R06_T08/S003_R06_T09/S003_R06_T10/S003_R06_T11/S003_R06_T12/S003_R06_T13/S003_R06_T14/S003_R10_T00/S003_R10_T01/S003_R10_T02/S003_R10_T03/S003_R10_T04/S003_R10_T05/S003_R10_T06/S003_R10_T07/S003_R10_T08/S003_R10_T09/S003_R10_T10/S003_R10_T11/S003_R10_T12/S003_R10_T13/S003_R10_T14,True,False,False,False,False,False,False,,0
3,3,threshold,4,6,10/14,1/2/4/5/6/7/8/9/10/11/12/13/14/15/16/17/18/19/20,1/2/4/5/6/7/8/9/10/11/12/13/14/15/16/17/18/19/20,1/2/4/5/6/7/8/9/10/11/12/13/14/15/16/17/18/19/20,S003_R06_T00/S003_R06_T01/S003_R06_T02/S003_R06_T03,4,2,2,S003_R10_T00/S003_R10_T01/S003_R10_T02/S003_R10_T03/S003_R10_T04/S003_R10_T05/S003_R10_T06/S003_R10_T07/S003_R10_T08/S003_R10_T09/S003_R10_T10/S003_R10_T11/S003_R10_T12/S003_R10_T13/S003_R10_T14/S003_R14_T00/S003_R14_T01/S003_R14_T02/S003_R14_T03/S003_R14_T04/S003_R14_T05/S003_R14_T06/S003_R14_T07/S003_R14_T08/S003_R14_T09/S003_R14_T10/S003_R14_T11/S003_R14_T12/S003_R14_T13/S003_R14_T14,True,False,False,False,False,False,True,-0.16902942337191376,0
3,3,threshold,4,10,6/14,1/2/4/5/6/7/8/9/10/11/12/13/14/15/16/17/18/19/20,1/2/4/5/6/7/8/9/10/11/12/13/14/15/16/17/18/19/20,1/2/4/5/6/7/8/9/10/11/12/13/14/15/16/17/18/19/20,S003_R10_T00/S003_R10_T01/S003_R10_T02/S003_R10_T03,4,2,2,S003_R06_T00/S003_R06_T01/S003_R06_T02/S003_R06_T03/S003_R06_T04/S003_R06_T05/S003_R06_T06/S003_R06_T07/S003_R06_T08/S003_R06_T09/S003_R06_T10/S003_R06_T11/S003_R06_T12/S003_R06_T13/S003_R06_T14/S003_R14_T00/S003_R14_T01/S003_R14_T02/S003_R14_T03/S003_R14_T04/S003_R14_T05/S003_R14_T06/S003_R14_T07/S003_R14_T08/S003_R14_T09/S003_R14_T10/S003_R14_T11/S003_R14_T12/S003_R14_T13/S003_R14_T14,True,False,False,False,False,False,True,-0.43042643242830664,0
3,3,threshold,4,14,6/10,1/2/4/5/6/7/8/9/10/11/12/13/14/15/16/17/18/19/20,1/2/4/5/6/7/8/9/10/11/12/13/14/15/16/17/18/19/20,1/2/4/5/6/7/8/9/10/11/12/13/14/15/16/17/18/19/20,S003_R14_T00/S003_R14_T01/S003_R14_T02/S003_R14_T03,4,2,2,S003_R06_T00/S003_R06_T01/S003_R06_T02/S003_R06_T03/S003_R06_T04/S003_R06_T05/S003_R06_T06/S003_R06_T07/S003_R06_T08/S003_R06_T09/S003_R06_T10/S003_R06_T11/S003_R06_T12/S003_R06_T13/S003_R06_T14/S003_R10_T00/S003_R10_T01/S003_R10_T02/S003_R10_T03/S003_R10_T04/S003_R10_T05/S003_R10_T06/S003_R10_T07/S003_R10_T08/S003_R10_T09/S003_R10_T10/S003_R10_T11/S003_R10_T12/S003_R10_T13/S003_R10_T14,True,False,False,False,False,False,True,-0.7865867076222987,0
3,3,threshold,8,6,10/14,1/2/4/5/6/7/8/9/10/11/12/13/14/15/16/17/18/19/20,1/2/4/5/6/7/8/9/10/11/12/13/14/15/16/17/18/19/20,1/2/4/5/6/7/8/9/10/11/12/13/14/15/16/17/18/19/20,S003_R06_T00/S003_R06_T01/S003_R06_T02/S003_R06_T03/S003_R06_T04/S003_R06_T05/S003_R06_T06/S003_R06_T07,8,4,4,S003_R10_T00/S003_R10_T01/S003_R10_T02/S003_R10_T03/S003_R10_T04/S003_R10_T05/S003_R10_T06/S003_R10_T07/S003_R10_T08/S003_R10_T09/S003_R10_T10/S003_R10_T11/S003_R10_T12/S003_R10_T13/S003_R10_T14/S003_R14_T00/S003_R14_T01/S003_R14_T02/S003_R14_T03/S003_R14_T04/S003_R14_T05/S003_R14_T06/S003_R14_T07/S003_R14_T08/S003_R14_T09/S003_R14_T10/S003_R14_T11/S003_R14_T12/S003_R14_T13/S003_R14_T14,True,False,False,False,False,False,True,-0.11526537363412612,0
3,3,threshold,8,10,6/14,1/2/4/5/6/7/8/9/10/11/12/13/14/15/16/17/18/19/20,1/2/4/5/6/7/8/9/10/11/12/13/14/15/16/17/18/19/20,1/2/4/5/6/7/8/9/10/11/12/13/14/15/16/17/18/19/20,S003_R10_T00/S003_R10_T01/S003_R10_T02/S003_R10_T03/S003_R10_T04/S003_R10_T05/S003_R10_T06/S003_R10_T07,8,4,4,S003_R06_T00/S003_R06_T01/S003_R06_T02/S003_R06_T03/S003_R06_T04/S003_R06_T05/S003_R06_T06/S003_R06_T07/S003_R06_T08/S003_R06_T09/S003_R06_T10/S003_R06_T11/S003_R06_T12/S003_R06_T13/S003_R06_T14/S003_R14_T00/S003_R14_T01/S003_R14_T02/S003_R14_T03/S003_R14_T04/S003_R14_T05/S003_R14_T06/S003_R14_T07/S003_R14_T08/S003_R14_T09/S003_R14_T10/S003_R14_T11/S003_R14_T12/S003_R14_T13/S003_R14_T14,True,False,False,False,False,False,True,0.1830979288624002,0
3,3,threshold,8,14,6/10,1/2/4/5/6/7/8/9/10/11/12/13/14/15/16/17/18/19/20,1/2/4/5/6/7/8/9/10/11/12/13/14/15/16/17/18/19/20,1/2/4/5/6/7/8/9/10/11/12/13/14/15/16/17/18/19/20,S003_R14_T00/S003_R14_T01/S003_R14_T02/S003_R14_T03/S003_R14_T04/S003_R14_T05/S003_R14_T06/S003_R14_T07,8,4,4,S003_R06_T00/S003_R06_T01/S003_R06_T02/S003_R06_T03/S003_R06_T04/S003_R06_T05/S003_R06_T06/S003_R06_T07/S003_R06_T08/S003_R06_T09/S003_R06_T10/S003_R06_T11/S003_R06_T12/S003_R06_T13/S003_R06_T14/S003_R10_T00/S003_R10_T01/S003_R10_T02/S003_R10_T03/S003_R10_T04/S003_R10_T05/S003_R10_T06/S003_R10_T07/S003_R10_T08/S003_R10_T09/S003_R10_T10/S003_R10_T11/S003_R10_T12/S003_R10_T13/S003_R10_T14,True,False,False,False,False,False,True,-0.16796960774292632,0
3,3,threshold,12,6,10/14,1/2/4/5/6/7/8/9/10/11/12/13/14/15/16/17/18/19/20,1/2/4/5/6/7/8/9/10/11/12/13/14/15/16/17/18/19/20,1/2/4/5/6/7/8/9/10/11/12/13/14/15/16/17/18/19/20,S003_R06_T00/S003_R06_T01/S003_R06_T02/S003_R06_T03/S003_R06_T04/S003_R06_T05/S003_R06_T06/S003_R06_T07/S003_R06_T08/S003_R06_T09/S003_R06_T10/S003_R06_T11,12,6,6,S003_R10_T00/S003_R10_T01/S003_R10_T02/S003_R10_T03/S003_R10_T04/S003_R10_T05/S003_R10_T06/S003_R10_T07/S003_R10_T08/S003_R10_T09/S003_R10_T10/S003_R10_T11/S003_R10_T12/S003_R10_T13/S003_R10_T14/S003_R14_T00/S003_R14_T01/S003_R14_T02/S003_R14_T03/S003_R14_T04/S003_R14_T05/S003_R14_T06/S003_R14_T07/S003_R14_T08/S003_R14_T09/S003_R14_T10/S003_R14_T11/S003_R14_T12/S003_R14_T13/S003_R14_T14,True,False,False,False,False,False,True,-0.11526537363412612,0
3,3,threshold,12,10,6/14,1/2/4/5/6/7/8/9/10/11/12/13/14/15/16/17/18/19/20,1/2/4/5/6/7/8/9/10/11/12/13/14/15/16/17/18/19/20,1/2/4/5/6/7/8/9/10/11/12/13/14/15/16/17/18/19/20,S003_R10_T00/S003_R10_T01/S003_R10_T02/S003_R10_T03/S003_R10_T04/S003_R10_T05/S003_R10_T06/S003_R10_T07/S003_R10_T08/S003_R10_T09/S003_R10_T10/S003_R10_T11,12,6,6,S003_R06_T00/S003_R06_T01/S003_R06_T02/S003_R06_T03/S003_R06_T04/S003_R06_T05/S003_R06_T06/S003_R06_T07/S003_R06_T08/S003_R06_T09/S003_R06_T10/S003_R06_T11/S003_R06_T12/S003_R06_T13/S003_R06_T14/S003_R14_T00/S003_R14_T01/S003_R14_T02/S003_R14_T03/S003_R14_T04/S003_R14_T05/S003_R14_T06/S003_R14_T07/S003_R14_T08/S003_R14_T09/S003_R14_T10/S003_R14_T11/S003_R14_T12/S003_R14_T13/S003_R14_T14,True,False,False,False,False,False,True,0.2287845994032276,0
3,3,threshold,12,14,6/10,1/2/4/5/6/7/8/9/10/11/12/13/14/15/16/17/18/19/20,1/2/4/5/6/7/8/9/10/11/12/13/14/15/16/17/18/19/20,1/2/4/5/6/7/8/9/10/11/12/13/14/15/16/17/18/19/20,S003_R14_T00/S003_R14_T01/S003_R14_T02/S003_R14_T03/S003_R14_T04/S003_R14_T05/S003_R14_T06/S003_R14_T07/S003_R14_T08/S003_R14_T09/S003_R14_T10/S003_R14_T11,12,6,6,S003_R06_T00/S003_R06_T01/S003_R06_T02/S003_R06_T03/S003_R06_T04/S003_R06_T05/S003_R06_T06/S003_R06_T07/S003_R06_T08/S003_R06_T09/S003_R06_T10/S003_R06_T11/S003_R06_T12/S003_R06_T13/S003_R06_T14/S003_R10_T00/S003_R10_T01/S003_R10_T02/S003_R10_T03/S003_R10_T04/S003_R10_T05/S003_R10_T06/S003_R10_T07/S003_R10_T08/S003_R10_T09/S003_R10_T10/S003_R10_T11/S003_R10_T12/S003_R10_T13/S003_R10_T14,True,False,False,False,False,False,True,-0.16796960774292632,0
3,3,threshold,14,6,10/14,1/2/4/5/6/7/8/9/10/11/12/13/14/15/16/17/18/19/20,1/2/4/5/6/7/8/9/10/11/12/13/14/15/16/17/18/19/20,1/2/4/5/6/7/8/9/10/11/12/13/14/15/16/17/18/19/20,S003_R06_T00/S003_R06_T01/S003_R06_T02/S003_R06_T03/S003_R06_T04/S003_R06_T05/S003_R06_T06/S003_R06_T07/S003_R06_T08/S003_R06_T09/S003_R06_T10/S003_R06_T11/S003_R06_T12/S003_R06_T13,14,7,7,S003_R10_T00/S003_R10_T01/S003_R10_T02/S003_R10_T03/S003_R10_T04/S003_R10_T05/S003_R10_T06/S003_R10_T07/S003_R10_T08/S003_R10_T09/S003_R10_T10/S003_R10_T11/S003_R10_T12/S003_R10_T13/S003_R10_T14/S003_R14_T00/S003_R14_T01/S003_R14_T02/S003_R14_T03/S003_R14_T04/S003_R14_T05/S003_R14_T06/S003_R14_T07/S003_R14_T08/S003_R14_T09/S003_R14_T10/S003_R14_T11/S003_R14_T12/S003_R14_T13/S003_R14_T14,True,False,False,False,False,False,True,-0.11526537363412612,0
3,3,threshold,14,10,6/14,1/2/4/5/6/7/8/9/10/11/12/13/14/15/16/17/18/19/20,1/2/4/5/6/7/8/9/10/11/12/13/14/15/16/17/18/19/20,1/2/4/5/6/7/8/9/10/11/12/13/14/15/16/17/18/19/20,S003_R10_T00/S003_R10_T01/S003_R10_T02/S003_R10_T03/S003_R10_T04/S003_R10_T05/S003_R10_T06/S003_R10_T07/S003_R10_T08/S003_R10_T09/S003_R10_T10/S003_R10_T11/S003_R10_T12/S003_R10_T13,14,7,7,S003_R06_T00/S003_R06_T01/S003_R06_T02/S003_R06_T03/S003_R06_T04/S003_R06_T05/S003_R06_T06/S003_R06_T07/S003_R06_T08/S003_R06_T09/S003_R06_T10/S003_R06_T11/S003_R06_T12/S003_R06_T13/S003_R06_T14/S003_R14_T00/S003_R14_T01/S003_R14_T02/S003_R14_T03/S003_R14_T04/S003_R14_T05/S003_R14_T06/S003_R14_T07/S003_R14_T08/S003_R14_T09/S003_R14_T10/S003_R14_T11/S003_R14_T12/S003_R14_T13/S003_R14_T14,True,False,False,False,False,False,True,0.2287845994032276,0
3,3,threshold,14,14,6/10,1/2/4/5/6/7/8/9/10/11/12/13/14/15/16/17/18/19/20,1/2/4/5/6/7/8/9/10/11/12/13/14/15/16/17/18/19/20,1/2/4/5/6/7/8/9/10/11/12/13/14/15/16/17/18/19/20,S003_R14_T00/S003_R14_T01/S003_R14_T02/S003_R14_T03/S003_R14_T04/S003_R14_T05/S003_R14_T06/S003_R14_T07/S003_R14_T08/S003_R14_T09/S003_R14_T10/S003_R14_T11/S003_R14_T12/S003_R14_T13,14,7,7,S003_R06_T00/S003_R06_T01/S003_R06_T02/S003_R06_T03/S003_R06_T04/S003_R06_T05/S003_R06_T06/S003_R06_T07/S003_R06_T08/S003_R06_T09/S003_R06_T10/S003_R06_T11/S003_R06_T12/S003_R06_T13/S003_R06_T14/S003_R10_T00/S003_R10_T01/S003_R10_T02/S003_R10_T03/S003_R10_T04/S003_R10_T05/S003_R10_T06/S003_R10_T07/S003_R10_T08/S003_R10_T09/S003_R10_T10/S003_R10_T11/S003_R10_T12/S003_R10_T13/S003_R10_T14,True,False,False,False,False,False,True,-0.10802743699276283,0
3,3,target_lda,0,6,10/14,1/2/4/5/6/7/8/9/10/11/12/13/14/15/16/17/18/19/20,1/2/4/5/6/7/8/9/10/11/12/13/14/15/16/17/18/19/20,1/2/4/5/6/7/8/9/10/11/12/13/14/15/16/17/18/19/20,,0,0,0,S003_R10_T00/S003_R10_T01/S003_R10_T02/S003_R10_T03/S003_R10_T04/S003_R10_T05/S003_R10_T06/S003_R10_T07/S003_R10_T08/S003_R10_T09/S003_R10_T10/S003_R10_T11/S003_R10_T12/S003_R10_T13/S003_R10_T14/S003_R14_T00/S003_R14_T01/S003_R14_T02/S003_R14_T03/S003_R14_T04/S003_R14_T05/S003_R14_T06/S003_R14_T07/S003_R14_T08/S003_R14_T09/S003_R14_T10/S003_R14_T11/S003_R14_T12/S003_R14_T13/S003_R14_T14,True,False,False,False,False,False,False,,0
3,3,target_lda,0,10,6/14,1/2/4/5/6/7/8/9/10/11/12/13/14/15/16/17/18/19/20,1/2/4/5/6/7/8/9/10/11/12/13/14/15/16/17/18/19/20,1/2/4/5/6/7/8/9/10/11/12/13/14/15/16/17/18/19/20,,0,0,0,S003_R06_T00/S003_R06_T01/S003_R06_T02/S003_R06_T03/S003_R06_T04/S003_R06_T05/S003_R06_T06/S003_R06_T07/S003_R06_T08/S003_R06_T09/S003_R06_T10/S003_R06_T11/S003_R06_T12/S003_R06_T13/S003_R06_T14/S003_R14_T00/S003_R14_T01/S003_R14_T02/S003_R14_T03/S003_R14_T04/S003_R14_T05/S003_R14_T06/S003_R14_T07/S003_R14_T08/S003_R14_T09/S003_R14_T10/S003_R14_T11/S003_R14_T12/S003_R14_T13/S003_R14_T14,True,False,False,False,False,False,False,,0
3,3,target_lda,0,14,6/10,1/2/4/5/6/7/8/9/10/11/12/13/14/15/16/17/18/19/20,1/2/4/5/6/7/8/9/10/11/12/13/14/15/16/17/18/19/20,1/2/4/5/6/7/8/9/10/11/12/13/14/15/16/17/18/19/20,,0,0,0,S003_R06_T00/S003_R06_T01/S003_R06_T02/S003_R06_T03/S003_R06_T04/S003_R06_T05/S003_R06_T06/S003_R06_T07/S003_R06_T08/S003_R06_T09/S003_R06_T10/S003_R06_T11/S003_R06_T12/S003_R06_T13/S003_R06_T14/S003_R10_T00/S003_R10_T01/S003_R10_T02/S003_R10_T03/S003_R10_T04/S003_R10_T05/S003_R10_T06/S003_R10_T07/S003_R10_T08/S003_R10_T09/S003_R10_T10/S003_R10_T11/S003_R10_T12/S003_R10_T13/S003_R10_T14,True,False,False,False,False,False,False,,0
3,3,target_lda,4,6,10/14,1/2/4/5/6/7/8/9/10/11/12/13/14/15/16/17/18/19/20,1/2/4/5/6/7/8/9/10/11/12/13/14/15/16/17/18/19/20,1/2/4/5/6/7/8/9/10/11/12/13/14/15/16/17/18/19/20,S003_R06_T00/S003_R06_T01/S003_R06_T02/S003_R06_T03,4,2,2,S003_R10_T00/S003_R10_T01/S003_R10_T02/S003_R10_T03/S003_R10_T04/S003_R10_T05/S003_R10_T06/S003_R10_T07/S003_R10_T08/S003_R10_T09/S003_R10_T10/S003_R10_T11/S003_R10_T12/S003_R10_T13/S003_R10_T14/S003_R14_T00/S003_R14_T01/S003_R14_T02/S003_R14_T03/S003_R14_T04/S003_R14_T05/S003_R14_T06/S003_R14_T07/S003_R14_T08/S003_R14_T09/S003_R14_T10/S003_R14_T11/S003_R14_T12/S003_R14_T13/S003_R14_T14,True,False,False,False,False,False,True,,4
3,3,target_lda,4,10,6/14,1/2/4/5/6/7/8/9/10/11/12/13/14/15/16/17/18/19/20,1/2/4/5/6/7/8/9/10/11/12/13/14/15/16/17/18/19/20,1/2/4/5/6/7/8/9/10/11/12/13/14/15/16/17/18/19/20,S003_R10_T00/S003_R10_T01/S003_R10_T02/S003_R10_T03,4,2,2,S003_R06_T00/S003_R06_T01/S003_R06_T02/S003_R06_T03/S003_R06_T04/S003_R06_T05/S003_R06_T06/S003_R06_T07/S003_R06_T08/S003_R06_T09/S003_R06_T10/S003_R06_T11/S003_R06_T12/S003_R06_T13/S003_R06_T14/S003_R14_T00/S003_R14_T01/S003_R14_T02/S003_R14_T03/S003_R14_T04/S003_R14_T05/S003_R14_T06/S003_R14_T07/S003_R14_T08/S003_R14_T09/S003_R14_T10/S003_R14_T11/S003_R14_T12/S003_R14_T13/S003_R14_T14,True,False,False,False,False,False,True,,4
3,3,target_lda,4,14,6/10,1/2/4/5/6/7/8/9/10/11/12/13/14/15/16/17/18/19/20,1/2/4/5/6/7/8/9/10/11/12/13/14/15/16/17/18/19/20,1/2/4/5/6/7/8/9/10/11/12/13/14/15/16/17/18/19/20,S003_R14_T00/S003_R14_T01/S003_R14_T02/S003_R14_T03,4,2,2,S003_R06_T00/S003_R06_T01/S003_R06_T02/S003_R06_T03/S003_R06_T04/S003_R06_T05/S003_R06_T06/S003_R06_T07/S003_R06_T08/S003_R06_T09/S003_R06_T10/S003_R06_T11/S003_R06_T12/S003_R06_T13/S003_R06_T14/S003_R10_T00/S003_R10_T01/S003_R10_T02/S003_R10_T03/S003_R10_T04/S003_R10_T05/S003_R10_T06/S003_R10_T07/S003_R10_T08/S003_R10_T09/S003_R10_T10/S003_R10_T11/S003_R10_T12/S003_R10_T13/S003_R10_T14,True,False,False,False,False,False,True,,4
3,3,target_lda,8,6,10/14,1/2/4/5/6/7/8/9/10/11/12/13/14/15/16/17/18/19/20,1/2/4/5/6/7/8/9/10/11/12/13/14/15/16/17/18/19/20,1/2/4/5/6/7/8/9/10/11/12/13/14/15/16/17/18/19/20,S003_R06_T00/S003_R06_T01/S003_R06_T02/S003_R06_T03/S003_R06_T04/S003_R06_T05/S003_R06_T06/S003_R06_T07,8,4,4,S003_R10_T00/S003_R10_T01/S003_R10_T02/S003_R10_T03/S003_R10_T04/S003_R10_T05/S003_R10_T06/S003_R10_T07/S003_R10_T08/S003_R10_T09/S003_R10_T10/S003_R10_T11/S003_R10_T12/S003_R10_T13/S003_R10_T14/S003_R14_T00/S003_R14_T01/S003_R14_T02/S003_R14_T03/S003_R14_T04/S003_R14_T05/S003_R14_T06/S003_R14_T07/S003_R14_T08/S003_R14_T09/S003_R14_T10/S003_R14_T11/S003_R14_T12/S003_R14_T13/S003_R14_T14,True,False,False,False,False,False,True,,8
3,3,target_lda,8,10,6/14,1/2/4/5/6/7/8/9/10/11/12/13/14/15/16/17/18/19/20,1/2/4/5/6/7/8/9/10/11/12/13/14/15/16/17/18/19/20,1/2/4/5/6/7/8/9/10/11/12/13/14/15/16/17/18/19/20,S003_R10_T00/S003_R10_T01/S003_R10_T02/S003_R10_T03/S003_R10_T04/S003_R10_T05/S003_R10_T06/S003_R10_T07,8,4,4,S003_R06_T00/S003_R06_T01/S003_R06_T02/S003_R06_T03/S003_R06_T04/S003_R06_T05/S003_R06_T06/S003_R06_T07/S003_R06_T08/S003_R06_T09/S003_R06_T10/S003_R06_T11/S003_R06_T12/S003_R06_T13/S003_R06_T14/S003_R14_T00/S003_R14_T01/S003_R14_T02/S003_R14_T03/S003_R14_T04/S003_R14_T05/S003_R14_T06/S003_R14_T07/S003_R14_T08/S003_R14_T09/S003_R14_T10/S003_R14_T11/S003_R14_T12/S003_R14_T13/S003_R14_T14,True,False,False,False,False,False,True,,8
3,3,target_lda,8,14,6/10,1/2/4/5/6/7/8/9/10/11/12/13/14/15/16/17/18/19/20,1/2/4/5/6/7/8/9/10/11/12/13/14/15/16/17/18/19/20,1/2/4/5/6/7/8/9/10/11/12/13/14/15/16/17/18/19/20,S003_R14_T00/S003_R14_T01/S003_R14_T02/S003_R14_T03/S003_R14_T04/S003_R14_T05/S003_R14_T06/S003_R14_T07,8,4,4,S003_R06_T00/S003_R06_T01/S003_R06_T02/S003_R06_T03/S003_R06_T04/S003_R06_T05/S003_R06_T06/S003_R06_T07/S003_R06_T08/S003_R06_T09/S003_R06_T10/S003_R06_T11/S003_R06_T12/S003_R06_T13/S003_R06_T14/S003_R10_T00/S003_R10_T01/S003_R10_T02/S003_R10_T03/S003_R10_T04/S003_R10_T05/S003_R10_T06/S003_R10_T07/S003_R10_T08/S003_R10_T09/S003_R10_T10/S003_R10_T11/S003_R10_T12/S003_R10_T13/S003_R10_T14,True,False,False,False,False,False,True,,8
3,3,target_lda,12,6,10/14,1/2/4/5/6/7/8/9/10/11/12/13/14/15/16/17/18/19/20,1/2/4/5/6/7/8/9/10/11/12/13/14/15/16/17/18/19/20,1/2/4/5/6/7/8/9/10/11/12/13/14/15/16/17/18/19/20,S003_R06_T00/S003_R06_T01/S003_R06_T02/S003_R06_T03/S003_R06_T04/S003_R06_T05/S003_R06_T06/S003_R06_T07/S003_R06_T08/S003_R06_T09/S003_R06_T10/S003_R06_T11,12,6,6,S003_R10_T00/S003_R10_T01/S003_R10_T02/S003_R10_T03/S003_R10_T04/S003_R10_T05/S003_R10_T06/S003_R10_T07/S003_R10_T08/S003_R10_T09/S003_R10_T10/S003_R10_T11/S003_R10_T12/S003_R10_T13/S003_R10_T14/S003_R14_T00/S003_R14_T01/S003_R14_T02/S003_R14_T03/S003_R14_T04/S003_R14_T05/S003_R14_T06/S003_R14_T07/S003_R14_T08/S003_R14_T09/S003_R14_T10/S003_R14_T11/S003_R14_T12/S003_R14_T13/S003_R14_T14,True,False,False,False,False,False,True,,12
3,3,target_lda,12,10,6/14,1/2/4/5/6/7/8/9/10/11/12/13/14/15/16/17/18/19/20,1/2/4/5/6/7/8/9/10/11/12/13/14/15/16/17/18/19/20,1/2/4/5/6/7/8/9/10/11/12/13/14/15/16/17/18/19/20,S003_R10_T00/S003_R10_T01/S003_R10_T02/S003_R10_T03/S003_R10_T04/S003_R10_T05/S003_R10_T06/S003_R10_T07/S003_R10_T08/S003_R10_T09/S003_R10_T10/S003_R10_T11,12,6,6,S003_R06_T00/S003_R06_T01/S003_R06_T02/S003_R06_T03/S003_R06_T04/S003_R06_T05/S003_R06_T06/S003_R06_T07/S003_R06_T08/S003_R06_T09/S003_R06_T10/S003_R06_T11/S003_R06_T12/S003_R06_T13/S003_R06_T14/S003_R14_T00/S003_R14_T01/S003_R14_T02/S003_R14_T03/S003_R14_T04/S003_R14_T05/S003_R14_T06/S003_R14_T07/S003_R14_T08/S003_R14_T09/S003_R14_T10/S003_R14_T11/S003_R14_T12/S003_R14_T13/S003_R14_T14,True,False,False,False,False,False,True,,12
3,3,target_lda,12,14,6/10,1/2/4/5/6/7/8/9/10/11/12/13/14/15/16/17/18/19/20,1/2/4/5/6/7/8/9/10/11/12/13/14/15/16/17/18/19/20,1/2/4/5/6/7/8/9/10/11/12/13/14/15/16/17/18/19/20,S003_R14_T00/S003_R14_T01/S003_R14_T02/S003_R14_T03/S003_R14_T04/S003_R14_T05/S003_R14_T06/S003_R14_T07/S003_R14_T08/S003_R14_T09/S003_R14_T10/S003_R14_T11,12,6,6,S003_R06_T00/S003_R06_T01/S003_R06_T02/S003_R06_T03/S003_R06_T04/S003_R06_T05/S003_R06_T06/S003_R06_T07/S003_R06_T08/S003_R06_T09/S003_R06_T10/S003_R06_T11/S003_R06_T12/S003_R06_T13/S003_R06_T14/S003_R10_T00/S003_R10_T01/S003_R10_T02/S003_R10_T03/S003_R10_T04/S003_R10_T05/S003_R10_T06/S003_R10_T07/S003_R10_T08/S003_R10_T09/S003_R10_T10/S003_R10_T11/S003_R10_T12/S003_R10_T13/S003_R10_T14,True,False,False,False,False,False,True,,12
3,3,target_lda,14,6,10/14,1/2/4/5/6/7/8/9/10/11/12/13/14/15/16/17/18/19/20,1/2/4/5/6/7/8/9/10/11/12/13/14/15/16/17/18/19/20,1/2/4/5/6/7/8/9/10/11/12/13/14/15/16/17/18/19/20,S003_R06_T00/S003_R06_T01/S003_R06_T02/S003_R06_T03/S003_R06_T04/S003_R06_T05/S003_R06_T06/S003_R06_T07/S003_R06_T08/S003_R06_T09/S003_R06_T10/S003_R06_T11/S003_R06_T12/S003_R06_T13,14,7,7,S003_R10_T00/S003_R10_T01/S003_R10_T02/S003_R10_T03/S003_R10_T04/S003_R10_T05/S003_R10_T06/S003_R10_T07/S003_R10_T08/S003_R10_T09/S003_R10_T10/S003_R10_T11/S003_R10_T12/S003_R10_T13/S003_R10_T14/S003_R14_T00/S003_R14_T01/S003_R14_T02/S003_R14_T03/S003_R14_T04/S003_R14_T05/S003_R14_T06/S003_R14_T07/S003_R14_T08/S003_R14_T09/S003_R14_T10/S003_R14_T11/S003_R14_T12/S003_R14_T13/S003_R14_T14,True,False,False,False,False,False,True,,14
3,3,target_lda,14,10,6/14,1/2/4/5/6/7/8/9/10/11/12/13/14/15/16/17/18/19/20,1/2/4/5/6/7/8/9/10/11/12/13/14/15/16/17/18/19/20,1/2/4/5/6/7/8/9/10/11/12/13/14/15/16/17/18/19/20,S003_R10_T00/S003_R10_T01/S003_R10_T02/S003_R10_T03/S003_R10_T04/S003_R10_T05/S003_R10_T06/S003_R10_T07/S003_R10_T08/S003_R10_T09/S003_R10_T10/S003_R10_T11/S003_R10_T12/S003_R10_T13,14,7,7,S003_R06_T00/S003_R06_T01/S003_R06_T02/S003_R06_T03/S003_R06_T04/S003_R06_T05/S003_R06_T06/S003_R06_T07/S003_R06_T08/S003_R06_T09/S003_R06_T10/S003_R06_T11/S003_R06_T12/S003_R06_T13/S003_R06_T14/S003_R14_T00/S003_R14_T01/S003_R14_T02/S003_R14_T03/S003_R14_T04/S003_R14_T05/S003_R14_T06/S003_R14_T07/S003_R14_T08/S003_R14_T09/S003_R14_T10/S003_R14_T11/S003_R14_T12/S003_R14_T13/S003_R14_T14,True,False,False,False,False,False,True,,14
3,3,target_lda,14,14,6/10,1/2/4/5/6/7/8/9/10/11/12/13/14/15/16/17/18/19/20,1/2/4/5/6/7/8/9/10/11/12/13/14/15/16/17/18/19/20,1/2/4/5/6/7/8/9/10/11/12/13/14/15/16/17/18/19/20,S003_R14_T00/S003_R14_T01/S003_R14_T02/S003_R14_T03/S003_R14_T04/S003_R14_T05/S003_R14_T06/S003_R14_T07/S003_R14_T08/S003_R14_T09/S003_R14_T10/S003_R14_T11/S003_R14_T12/S003_R14_T13,14,7,7,S003_R06_T00/S003_R06_T01/S003_R06_T02/S003_R06_T03/S003_R06_T04/S003_R06_T05/S003_R06_T06/S003_R06_T07/S003_R06_T08/S003_R06_T09/S003_R06_T10/S003_R06_T11/S003_R06_T12/S003_R06_T13/S003_R06_T14/S003_R10_T00/S003_R10_T01/S003_R10_T02/S003_R10_T03/S003_R10_T04/S003_R10_T05/S003_R10_T06/S003_R10_T07/S003_R10_T08/S003_R10_T09/S003_R10_T10/S003_R10_T11/S003_R10_T12/S003_R10_T13/S003_R10_T14,True,False,False,False,False,False,True,,14
4,4,threshold,0,6,10/14,1/2/3/5/6/7/8/9/10/11/12/13/14/15/16/17/18/19/20,1/2/3/5/6/7/8/9/10/11/12/13/14/15/16/17/18/19/20,1/2/3/5/6/7/8/9/10/11/12/13/14/15/16/17/18/19/20,,0,0,0,S004_R10_T00/S004_R10_T01/S004_R10_T02/S004_R10_T03/S004_R10_T04/S004_R10_T05/S004_R10_T06/S004_R10_T07/S004_R10_T08/S004_R10_T09/S004_R10_T10/S004_R10_T11/S004_R10_T12/S004_R10_T13/S004_R10_T14/S004_R14_T00/S004_R14_T01/S004_R14_T02/S004_R14_T03/S004_R14_T04/S004_R14_T05/S004_R14_T06/S004_R14_T07/S004_R14_T08/S004_R14_T09/S004_R14_T10/S004_R14_T11/S004_R14_T12/S004_R14_T13/S004_R14_T14,True,False,False,False,False,False,False,,0
4,4,threshold,0,10,6/14,1/2/3/5/6/7/8/9/10/11/12/13/14/15/16/17/18/19/20,1/2/3/5/6/7/8/9/10/11/12/13/14/15/16/17/18/19/20,1/2/3/5/6/7/8/9/10/11/12/13/14/15/16/17/18/19/20,,0,0,0,S004_R06_T00/S004_R06_T01/S004_R06_T02/S004_R06_T03/S004_R06_T04/S004_R06_T05/S004_R06_T06/S004_R06_T07/S004_R06_T08/S004_R06_T09/S004_R06_T10/S004_R06_T11/S004_R06_T12/S004_R06_T13/S004_R06_T14/S004_R14_T00/S004_R14_T01/S004_R14_T02/S004_R14_T03/S004_R14_T04/S004_R14_T05/S004_R14_T06/S004_R14_T07/S004_R14_T08/S004_R14_T09/S004_R14_T10/S004_R14_T11/S004_R14_T12/S004_R14_T13/S004_R14_T14,True,False,False,False,False,False,False,,0
4,4,threshold,0,14,6/10,1/2/3/5/6/7/8/9/10/11/12/13/14/15/16/17/18/19/20,1/2/3/5/6/7/8/9/10/11/12/13/14/15/16/17/18/19/20,1/2/3/5/6/7/8/9/10/11/12/13/14/15/16/17/18/19/20,,0,0,0,S004_R06_T00/S004_R06_T01/S004_R06_T02/S004_R06_T03/S004_R06_T04/S004_R06_T05/S004_R06_T06/S004_R06_T07/S004_R06_T08/S004_R06_T09/S004_R06_T10/S004_R06_T11/S004_R06_T12/S004_R06_T13/S004_R06_T14/S004_R10_T00/S004_R10_T01/S004_R10_T02/S004_R10_T03/S004_R10_T04/S004_R10_T05/S004_R10_T06/S004_R10_T07/S004_R10_T08/S004_R10_T09/S004_R10_T10/S004_R10_T11/S004_R10_T12/S004_R10_T13/S004_R10_T14,True,False,False,False,False,False,False,,0
4,4,threshold,4,6,10/14,1/2/3/5/6/7/8/9/10/11/12/13/14/15/16/17/18/19/20,1/2/3/5/6/7/8/9/10/11/12/13/14/15/16/17/18/19/20,1/2/3/5/6/7/8/9/10/11/12/13/14/15/16/17/18/19/20,S004_R06_T00/S004_R06_T01/S004_R06_T02/S004_R06_T03,4,2,2,S004_R10_T00/S004_R10_T01/S004_R10_T02/S004_R10_T03/S004_R10_T04/S004_R10_T05/S004_R10_T06/S004_R10_T07/S004_R10_T08/S004_R10_T09/S004_R10_T10/S004_R10_T11/S004_R10_T12/S004_R10_T13/S004_R10_T14/S004_R14_T00/S004_R14_T01/S004_R14_T02/S004_R14_T03/S004_R14_T04/S004_R14_T05/S004_R14_T06/S004_R14_T07/S004_R14_T08/S004_R14_T09/S004_R14_T10/S004_R14_T11/S004_R14_T12/S004_R14_T13/S004_R14_T14,True,False,False,False,False,False,True,1.1704028751810627,0
4,4,threshold,4,10,6/14,1/2/3/5/6/7/8/9/10/11/12/13/14/15/16/17/18/19/20,1/2/3/5/6/7/8/9/10/11/12/13/14/15/16/17/18/19/20,1/2/3/5/6/7/8/9/10/11/12/13/14/15/16/17/18/19/20,S004_R10_T00/S004_R10_T01/S004_R10_T02/S004_R10_T03,4,2,2,S004_R06_T00/S004_R06_T01/S004_R06_T02/S004_R06_T03/S004_R06_T04/S004_R06_T05/S004_R06_T06/S004_R06_T07/S004_R06_T08/S004_R06_T09/S004_R06_T10/S004_R06_T11/S004_R06_T12/S004_R06_T13/S004_R06_T14/S004_R14_T00/S004_R14_T01/S004_R14_T02/S004_R14_T03/S004_R14_T04/S004_R14_T05/S004_R14_T06/S004_R14_T07/S004_R14_T08/S004_R14_T09/S004_R14_T10/S004_R14_T11/S004_R14_T12/S004_R14_T13/S004_R14_T14,True,False,False,False,False,False,True,0.3999967312273433,0
4,4,threshold,4,14,6/10,1/2/3/5/6/7/8/9/10/11/12/13/14/15/16/17/18/19/20,1/2/3/5/6/7/8/9/10/11/12/13/14/15/16/17/18/19/20,1/2/3/5/6/7/8/9/10/11/12/13/14/15/16/17/18/19/20,S004_R14_T00/S004_R14_T01/S004_R14_T02/S004_R14_T03,4,2,2,S004_R06_T00/S004_R06_T01/S004_R06_T02/S004_R06_T03/S004_R06_T04/S004_R06_T05/S004_R06_T06/S004_R06_T07/S004_R06_T08/S004_R06_T09/S004_R06_T10/S004_R06_T11/S004_R06_T12/S004_R06_T13/S004_R06_T14/S004_R10_T00/S004_R10_T01/S004_R10_T02/S004_R10_T03/S004_R10_T04/S004_R10_T05/S004_R10_T06/S004_R10_T07/S004_R10_T08/S004_R10_T09/S004_R10_T10/S004_R10_T11/S004_R10_T12/S004_R10_T13/S004_R10_T14,True,False,False,False,False,False,True,-0.02351755641407022,0
4,4,threshold,8,6,10/14,1/2/3/5/6/7/8/9/10/11/12/13/14/15/16/17/18/19/20,1/2/3/5/6/7/8/9/10/11/12/13/14/15/16/17/18/19/20,1/2/3/5/6/7/8/9/10/11/12/13/14/15/16/17/18/19/20,S004_R06_T00/S004_R06_T01/S004_R06_T02/S004_R06_T03/S004_R06_T04/S004_R06_T05/S004_R06_T06/S004_R06_T07,8,4,4,S004_R10_T00/S004_R10_T01/S004_R10_T02/S004_R10_T03/S004_R10_T04/S004_R10_T05/S004_R10_T06/S004_R10_T07/S004_R10_T08/S004_R10_T09/S004_R10_T10/S004_R10_T11/S004_R10_T12/S004_R10_T13/S004_R10_T14/S004_R14_T00/S004_R14_T01/S004_R14_T02/S004_R14_T03/S004_R14_T04/S004_R14_T05/S004_R14_T06/S004_R14_T07/S004_R14_T08/S004_R14_T09/S004_R14_T10/S004_R14_T11/S004_R14_T12/S004_R14_T13/S004_R14_T14,True,False,False,False,False,False,True,0.2115357220591147,0
4,4,threshold,8,10,6/14,1/2/3/5/6/7/8/9/10/11/12/13/14/15/16/17/18/19/20,1/2/3/5/6/7/8/9/10/11/12/13/14/15/16/17/18/19/20,1/2/3/5/6/7/8/9/10/11/12/13/14/15/16/17/18/19/20,S004_R10_T00/S004_R10_T01/S004_R10_T02/S004_R10_T03/S004_R10_T04/S004_R10_T05/S004_R10_T06/S004_R10_T07,8,4,4,S004_R06_T00/S004_R06_T01/S004_R06_T02/S004_R06_T03/S004_R06_T04/S004_R06_T05/S004_R06_T06/S004_R06_T07/S004_R06_T08/S004_R06_T09/S004_R06_T10/S004_R06_T11/S004_R06_T12/S004_R06_T13/S004_R06_T14/S004_R14_T00/S004_R14_T01/S004_R14_T02/S004_R14_T03/S004_R14_T04/S004_R14_T05/S004_R14_T06/S004_R14_T07/S004_R14_T08/S004_R14_T09/S004_R14_T10/S004_R14_T11/S004_R14_T12/S004_R14_T13/S004_R14_T14,True,False,False,False,False,False,True,0.790772447859299,0
4,4,threshold,8,14,6/10,1/2/3/5/6/7/8/9/10/11/12/13/14/15/16/17/18/19/20,1/2/3/5/6/7/8/9/10/11/12/13/14/15/16/17/18/19/20,1/2/3/5/6/7/8/9/10/11/12/13/14/15/16/17/18/19/20,S004_R14_T00/S004_R14_T01/S004_R14_T02/S004_R14_T03/S004_R14_T04/S004_R14_T05/S004_R14_T06/S004_R14_T07,8,4,4,S004_R06_T00/S004_R06_T01/S004_R06_T02/S004_R06_T03/S004_R06_T04/S004_R06_T05/S004_R06_T06/S004_R06_T07/S004_R06_T08/S004_R06_T09/S004_R06_T10/S004_R06_T11/S004_R06_T12/S004_R06_T13/S004_R06_T14/S004_R10_T00/S004_R10_T01/S004_R10_T02/S004_R10_T03/S004_R10_T04/S004_R10_T05/S004_R10_T06/S004_R10_T07/S004_R10_T08/S004_R10_T09/S004_R10_T10/S004_R10_T11/S004_R10_T12/S004_R10_T13/S004_R10_T14,True,False,False,False,False,False,True,0.4042497537173816,0
4,4,threshold,12,6,10/14,1/2/3/5/6/7/8/9/10/11/12/13/14/15/16/17/18/19/20,1/2/3/5/6/7/8/9/10/11/12/13/14/15/16/17/18/19/20,1/2/3/5/6/7/8/9/10/11/12/13/14/15/16/17/18/19/20,S004_R06_T00/S004_R06_T01/S004_R06_T02/S004_R06_T03/S004_R06_T04/S004_R06_T05/S004_R06_T06/S004_R06_T07/S004_R06_T08/S004_R06_T09/S004_R06_T10/S004_R06_T11,12,6,6,S004_R10_T00/S004_R10_T01/S004_R10_T02/S004_R10_T03/S004_R10_T04/S004_R10_T05/S004_R10_T06/S004_R10_T07/S004_R10_T08/S004_R10_T09/S004_R10_T10/S004_R10_T11/S004_R10_T12/S004_R10_T13/S004_R10_T14/S004_R14_T00/S004_R14_T01/S004_R14_T02/S004_R14_T03/S004_R14_T04/S004_R14_T05/S004_R14_T06/S004_R14_T07/S004_R14_T08/S004_R14_T09/S004_R14_T10/S004_R14_T11/S004_R14_T12/S004_R14_T13/S004_R14_T14,True,False,False,False,False,False,True,1.1704028751810627,0
4,4,threshold,12,10,6/14,1/2/3/5/6/7/8/9/10/11/12/13/14/15/16/17/18/19/20,1/2/3/5/6/7/8/9/10/11/12/13/14/15/16/17/18/19/20,1/2/3/5/6/7/8/9/10/11/12/13/14/15/16/17/18/19/20,S004_R10_T00/S004_R10_T01/S004_R10_T02/S004_R10_T03/S004_R10_T04/S004_R10_T05/S004_R10_T06/S004_R10_T07/S004_R10_T08/S004_R10_T09/S004_R10_T10/S004_R10_T11,12,6,6,S004_R06_T00/S004_R06_T01/S004_R06_T02/S004_R06_T03/S004_R06_T04/S004_R06_T05/S004_R06_T06/S004_R06_T07/S004_R06_T08/S004_R06_T09/S004_R06_T10/S004_R06_T11/S004_R06_T12/S004_R06_T13/S004_R06_T14/S004_R14_T00/S004_R14_T01/S004_R14_T02/S004_R14_T03/S004_R14_T04/S004_R14_T05/S004_R14_T06/S004_R14_T07/S004_R14_T08/S004_R14_T09/S004_R14_T10/S004_R14_T11/S004_R14_T12/S004_R14_T13/S004_R14_T14,True,False,False,False,False,False,True,0.790772447859299,0
4,4,threshold,12,14,6/10,1/2/3/5/6/7/8/9/10/11/12/13/14/15/16/17/18/19/20,1/2/3/5/6/7/8/9/10/11/12/13/14/15/16/17/18/19/20,1/2/3/5/6/7/8/9/10/11/12/13/14/15/16/17/18/19/20,S004_R14_T00/S004_R14_T01/S004_R14_T02/S004_R14_T03/S004_R14_T04/S004_R14_T05/S004_R14_T06/S004_R14_T07/S004_R14_T08/S004_R14_T09/S004_R14_T10/S004_R14_T11,12,6,6,S004_R06_T00/S004_R06_T01/S004_R06_T02/S004_R06_T03/S004_R06_T04/S004_R06_T05/S004_R06_T06/S004_R06_T07/S004_R06_T08/S004_R06_T09/S004_R06_T10/S004_R06_T11/S004_R06_T12/S004_R06_T13/S004_R06_T14/S004_R10_T00/S004_R10_T01/S004_R10_T02/S004_R10_T03/S004_R10_T04/S004_R10_T05/S004_R10_T06/S004_R10_T07/S004_R10_T08/S004_R10_T09/S004_R10_T10/S004_R10_T11/S004_R10_T12/S004_R10_T13/S004_R10_T14,True,False,False,False,False,False,True,0.4042497537173816,0
4,4,threshold,14,6,10/14,1/2/3/5/6/7/8/9/10/11/12/13/14/15/16/17/18/19/20,1/2/3/5/6/7/8/9/10/11/12/13/14/15/16/17/18/19/20,1/2/3/5/6/7/8/9/10/11/12/13/14/15/16/17/18/19/20,S004_R06_T00/S004_R06_T01/S004_R06_T02/S004_R06_T03/S004_R06_T04/S004_R06_T05/S004_R06_T06/S004_R06_T07/S004_R06_T08/S004_R06_T09/S004_R06_T10/S004_R06_T11/S004_R06_T12/S004_R06_T13,14,7,7,S004_R10_T00/S004_R10_T01/S004_R10_T02/S004_R10_T03/S004_R10_T04/S004_R10_T05/S004_R10_T06/S004_R10_T07/S004_R10_T08/S004_R10_T09/S004_R10_T10/S004_R10_T11/S004_R10_T12/S004_R10_T13/S004_R10_T14/S004_R14_T00/S004_R14_T01/S004_R14_T02/S004_R14_T03/S004_R14_T04/S004_R14_T05/S004_R14_T06/S004_R14_T07/S004_R14_T08/S004_R14_T09/S004_R14_T10/S004_R14_T11/S004_R14_T12/S004_R14_T13/S004_R14_T14,True,False,False,False,False,False,True,0.8061454046513277,0
4,4,threshold,14,10,6/14,1/2/3/5/6/7/8/9/10/11/12/13/14/15/16/17/18/19/20,1/2/3/5/6/7/8/9/10/11/12/13/14/15/16/17/18/19/20,1/2/3/5/6/7/8/9/10/11/12/13/14/15/16/17/18/19/20,S004_R10_T00/S004_R10_T01/S004_R10_T02/S004_R10_T03/S004_R10_T04/S004_R10_T05/S004_R10_T06/S004_R10_T07/S004_R10_T08/S004_R10_T09/S004_R10_T10/S004_R10_T11/S004_R10_T12/S004_R10_T13,14,7,7,S004_R06_T00/S004_R06_T01/S004_R06_T02/S004_R06_T03/S004_R06_T04/S004_R06_T05/S004_R06_T06/S004_R06_T07/S004_R06_T08/S004_R06_T09/S004_R06_T10/S004_R06_T11/S004_R06_T12/S004_R06_T13/S004_R06_T14/S004_R14_T00/S004_R14_T01/S004_R14_T02/S004_R14_T03/S004_R14_T04/S004_R14_T05/S004_R14_T06/S004_R14_T07/S004_R14_T08/S004_R14_T09/S004_R14_T10/S004_R14_T11/S004_R14_T12/S004_R14_T13/S004_R14_T14,True,False,False,False,False,False,True,0.790772447859299,0
4,4,threshold,14,14,6/10,1/2/3/5/6/7/8/9/10/11/12/13/14/15/16/17/18/19/20,1/2/3/5/6/7/8/9/10/11/12/13/14/15/16/17/18/19/20,1/2/3/5/6/7/8/9/10/11/12/13/14/15/16/17/18/19/20,S004_R14_T00/S004_R14_T01/S004_R14_T02/S004_R14_T03/S004_R14_T04/S004_R14_T05/S004_R14_T06/S004_R14_T07/S004_R14_T08/S004_R14_T09/S004_R14_T10/S004_R14_T11/S004_R14_T12/S004_R14_T13,14,7,7,S004_R06_T00/S004_R06_T01/S004_R06_T02/S004_R06_T03/S004_R06_T04/S004_R06_T05/S004_R06_T06/S004_R06_T07/S004_R06_T08/S004_R06_T09/S004_R06_T10/S004_R06_T11/S004_R06_T12/S004_R06_T13/S004_R06_T14/S004_R10_T00/S004_R10_T01/S004_R10_T02/S004_R10_T03/S004_R10_T04/S004_R10_T05/S004_R10_T06/S004_R10_T07/S004_R10_T08/S004_R10_T09/S004_R10_T10/S004_R10_T11/S004_R10_T12/S004_R10_T13/S004_R10_T14,True,False,False,False,False,False,True,0.4042497537173816,0
4,4,target_lda,0,6,10/14,1/2/3/5/6/7/8/9/10/11/12/13/14/15/16/17/18/19/20,1/2/3/5/6/7/8/9/10/11/12/13/14/15/16/17/18/19/20,1/2/3/5/6/7/8/9/10/11/12/13/14/15/16/17/18/19/20,,0,0,0,S004_R10_T00/S004_R10_T01/S004_R10_T02/S004_R10_T03/S004_R10_T04/S004_R10_T05/S004_R10_T06/S004_R10_T07/S004_R10_T08/S004_R10_T09/S004_R10_T10/S004_R10_T11/S004_R10_T12/S004_R10_T13/S004_R10_T14/S004_R14_T00/S004_R14_T01/S004_R14_T02/S004_R14_T03/S004_R14_T04/S004_R14_T05/S004_R14_T06/S004_R14_T07/S004_R14_T08/S004_R14_T09/S004_R14_T10/S004_R14_T11/S004_R14_T12/S004_R14_T13/S004_R14_T14,True,False,False,False,False,False,False,,0
4,4,target_lda,0,10,6/14,1/2/3/5/6/7/8/9/10/11/12/13/14/15/16/17/18/19/20,1/2/3/5/6/7/8/9/10/11/12/13/14/15/16/17/18/19/20,1/2/3/5/6/7/8/9/10/11/12/13/14/15/16/17/18/19/20,,0,0,0,S004_R06_T00/S004_R06_T01/S004_R06_T02/S004_R06_T03/S004_R06_T04/S004_R06_T05/S004_R06_T06/S004_R06_T07/S004_R06_T08/S004_R06_T09/S004_R06_T10/S004_R06_T11/S004_R06_T12/S004_R06_T13/S004_R06_T14/S004_R14_T00/S004_R14_T01/S004_R14_T02/S004_R14_T03/S004_R14_T04/S004_R14_T05/S004_R14_T06/S004_R14_T07/S004_R14_T08/S004_R14_T09/S004_R14_T10/S004_R14_T11/S004_R14_T12/S004_R14_T13/S004_R14_T14,True,False,False,False,False,False,False,,0
4,4,target_lda,0,14,6/10,1/2/3/5/6/7/8/9/10/11/12/13/14/15/16/17/18/19/20,1/2/3/5/6/7/8/9/10/11/12/13/14/15/16/17/18/19/20,1/2/3/5/6/7/8/9/10/11/12/13/14/15/16/17/18/19/20,,0,0,0,S004_R06_T00/S004_R06_T01/S004_R06_T02/S004_R06_T03/S004_R06_T04/S004_R06_T05/S004_R06_T06/S004_R06_T07/S004_R06_T08/S004_R06_T09/S004_R06_T10/S004_R06_T11/S004_R06_T12/S004_R06_T13/S004_R06_T14/S004_R10_T00/S004_R10_T01/S004_R10_T02/S004_R10_T03/S004_R10_T04/S004_R10_T05/S004_R10_T06/S004_R10_T07/S004_R10_T08/S004_R10_T09/S004_R10_T10/S004_R10_T11/S004_R10_T12/S004_R10_T13/S004_R10_T14,True,False,False,False,False,False,False,,0
4,4,target_lda,4,6,10/14,1/2/3/5/6/7/8/9/10/11/12/13/14/15/16/17/18/19/20,1/2/3/5/6/7/8/9/10/11/12/13/14/15/16/17/18/19/20,1/2/3/5/6/7/8/9/10/11/12/13/14/15/16/17/18/19/20,S004_R06_T00/S004_R06_T01/S004_R06_T02/S004_R06_T03,4,2,2,S004_R10_T00/S004_R10_T01/S004_R10_T02/S004_R10_T03/S004_R10_T04/S004_R10_T05/S004_R10_T06/S004_R10_T07/S004_R10_T08/S004_R10_T09/S004_R10_T10/S004_R10_T11/S004_R10_T12/S004_R10_T13/S004_R10_T14/S004_R14_T00/S004_R14_T01/S004_R14_T02/S004_R14_T03/S004_R14_T04/S004_R14_T05/S004_R14_T06/S004_R14_T07/S004_R14_T08/S004_R14_T09/S004_R14_T10/S004_R14_T11/S004_R14_T12/S004_R14_T13/S004_R14_T14,True,False,False,False,False,False,True,,4
4,4,target_lda,4,10,6/14,1/2/3/5/6/7/8/9/10/11/12/13/14/15/16/17/18/19/20,1/2/3/5/6/7/8/9/10/11/12/13/14/15/16/17/18/19/20,1/2/3/5/6/7/8/9/10/11/12/13/14/15/16/17/18/19/20,S004_R10_T00/S004_R10_T01/S004_R10_T02/S004_R10_T03,4,2,2,S004_R06_T00/S004_R06_T01/S004_R06_T02/S004_R06_T03/S004_R06_T04/S004_R06_T05/S004_R06_T06/S004_R06_T07/S004_R06_T08/S004_R06_T09/S004_R06_T10/S004_R06_T11/S004_R06_T12/S004_R06_T13/S004_R06_T14/S004_R14_T00/S004_R14_T01/S004_R14_T02/S004_R14_T03/S004_R14_T04/S004_R14_T05/S004_R14_T06/S004_R14_T07/S004_R14_T08/S004_R14_T09/S004_R14_T10/S004_R14_T11/S004_R14_T12/S004_R14_T13/S004_R14_T14,True,False,False,False,False,False,True,,4
4,4,target_lda,4,14,6/10,1/2/3/5/6/7/8/9/10/11/12/13/14/15/16/17/18/19/20,1/2/3/5/6/7/8/9/10/11/12/13/14/15/16/17/18/19/20,1/2/3/5/6/7/8/9/10/11/12/13/14/15/16/17/18/19/20,S004_R14_T00/S004_R14_T01/S004_R14_T02/S004_R14_T03,4,2,2,S004_R06_T00/S004_R06_T01/S004_R06_T02/S004_R06_T03/S004_R06_T04/S004_R06_T05/S004_R06_T06/S004_R06_T07/S004_R06_T08/S004_R06_T09/S004_R06_T10/S004_R06_T11/S004_R06_T12/S004_R06_T13/S004_R06_T14/S004_R10_T00/S004_R10_T01/S004_R10_T02/S004_R10_T03/S004_R10_T04/S004_R10_T05/S004_R10_T06/S004_R10_T07/S004_R10_T08/S004_R10_T09/S004_R10_T10/S004_R10_T11/S004_R10_T12/S004_R10_T13/S004_R10_T14,True,False,False,False,False,False,True,,4
4,4,target_lda,8,6,10/14,1/2/3/5/6/7/8/9/10/11/12/13/14/15/16/17/18/19/20,1/2/3/5/6/7/8/9/10/11/12/13/14/15/16/17/18/19/20,1/2/3/5/6/7/8/9/10/11/12/13/14/15/16/17/18/19/20,S004_R06_T00/S004_R06_T01/S004_R06_T02/S004_R06_T03/S004_R06_T04/S004_R06_T05/S004_R06_T06/S004_R06_T07,8,4,4,S004_R10_T00/S004_R10_T01/S004_R10_T02/S004_R10_T03/S004_R10_T04/S004_R10_T05/S004_R10_T06/S004_R10_T07/S004_R10_T08/S004_R10_T09/S004_R10_T10/S004_R10_T11/S004_R10_T12/S004_R10_T13/S004_R10_T14/S004_R14_T00/S004_R14_T01/S004_R14_T02/S004_R14_T03/S004_R14_T04/S004_R14_T05/S004_R14_T06/S004_R14_T07/S004_R14_T08/S004_R14_T09/S004_R14_T10/S004_R14_T11/S004_R14_T12/S004_R14_T13/S004_R14_T14,True,False,False,False,False,False,True,,8
4,4,target_lda,8,10,6/14,1/2/3/5/6/7/8/9/10/11/12/13/14/15/16/17/18/19/20,1/2/3/5/6/7/8/9/10/11/12/13/14/15/16/17/18/19/20,1/2/3/5/6/7/8/9/10/11/12/13/14/15/16/17/18/19/20,S004_R10_T00/S004_R10_T01/S004_R10_T02/S004_R10_T03/S004_R10_T04/S004_R10_T05/S004_R10_T06/S004_R10_T07,8,4,4,S004_R06_T00/S004_R06_T01/S004_R06_T02/S004_R06_T03/S004_R06_T04/S004_R06_T05/S004_R06_T06/S004_R06_T07/S004_R06_T08/S004_R06_T09/S004_R06_T10/S004_R06_T11/S004_R06_T12/S004_R06_T13/S004_R06_T14/S004_R14_T00/S004_R14_T01/S004_R14_T02/S004_R14_T03/S004_R14_T04/S004_R14_T05/S004_R14_T06/S004_R14_T07/S004_R14_T08/S004_R14_T09/S004_R14_T10/S004_R14_T11/S004_R14_T12/S004_R14_T13/S004_R14_T14,True,False,False,False,False,False,True,,8
4,4,target_lda,8,14,6/10,1/2/3/5/6/7/8/9/10/11/12/13/14/15/16/17/18/19/20,1/2/3/5/6/7/8/9/10/11/12/13/14/15/16/17/18/19/20,1/2/3/5/6/7/8/9/10/11/12/13/14/15/16/17/18/19/20,S004_R14_T00/S004_R14_T01/S004_R14_T02/S004_R14_T03/S004_R14_T04/S004_R14_T05/S004_R14_T06/S004_R14_T07,8,4,4,S004_R06_T00/S004_R06_T01/S004_R06_T02/S004_R06_T03/S004_R06_T04/S004_R06_T05/S004_R06_T06/S004_R06_T07/S004_R06_T08/S004_R06_T09/S004_R06_T10/S004_R06_T11/S004_R06_T12/S004_R06_T13/S004_R06_T14/S004_R10_T00/S004_R10_T01/S004_R10_T02/S004_R10_T03/S004_R10_T04/S004_R10_T05/S004_R10_T06/S004_R10_T07/S004_R10_T08/S004_R10_T09/S004_R10_T10/S004_R10_T11/S004_R10_T12/S004_R10_T13/S004_R10_T14,True,False,False,False,False,False,True,,8
4,4,target_lda,12,6,10/14,1/2/3/5/6/7/8/9/10/11/12/13/14/15/16/17/18/19/20,1/2/3/5/6/7/8/9/10/11/12/13/14/15/16/17/18/19/20,1/2/3/5/6/7/8/9/10/11/12/13/14/15/16/17/18/19/20,S004_R06_T00/S004_R06_T01/S004_R06_T02/S004_R06_T03/S004_R06_T04/S004_R06_T05/S004_R06_T06/S004_R06_T07/S004_R06_T08/S004_R06_T09/S004_R06_T10/S004_R06_T11,12,6,6,S004_R10_T00/S004_R10_T01/S004_R10_T02/S004_R10_T03/S004_R10_T04/S004_R10_T05/S004_R10_T06/S004_R10_T07/S004_R10_T08/S004_R10_T09/S004_R10_T10/S004_R10_T11/S004_R10_T12/S004_R10_T13/S004_R10_T14/S004_R14_T00/S004_R14_T01/S004_R14_T02/S004_R14_T03/S004_R14_T04/S004_R14_T05/S004_R14_T06/S004_R14_T07/S004_R14_T08/S004_R14_T09/S004_R14_T10/S004_R14_T11/S004_R14_T12/S004_R14_T13/S004_R14_T14,True,False,False,False,False,False,True,,12
4,4,target_lda,12,10,6/14,1/2/3/5/6/7/8/9/10/11/12/13/14/15/16/17/18/19/20,1/2/3/5/6/7/8/9/10/11/12/13/14/15/16/17/18/19/20,1/2/3/5/6/7/8/9/10/11/12/13/14/15/16/17/18/19/20,S004_R10_T00/S004_R10_T01/S004_R10_T02/S004_R10_T03/S004_R10_T04/S004_R10_T05/S004_R10_T06/S004_R10_T07/S004_R10_T08/S004_R10_T09/S004_R10_T10/S004_R10_T11,12,6,6,S004_R06_T00/S004_R06_T01/S004_R06_T02/S004_R06_T03/S004_R06_T04/S004_R06_T05/S004_R06_T06/S004_R06_T07/S004_R06_T08/S004_R06_T09/S004_R06_T10/S004_R06_T11/S004_R06_T12/S004_R06_T13/S004_R06_T14/S004_R14_T00/S004_R14_T01/S004_R14_T02/S004_R14_T03/S004_R14_T04/S004_R14_T05/S004_R14_T06/S004_R14_T07/S004_R14_T08/S004_R14_T09/S004_R14_T10/S004_R14_T11/S004_R14_T12/S004_R14_T13/S004_R14_T14,True,False,False,False,False,False,True,,12
4,4,target_lda,12,14,6/10,1/2/3/5/6/7/8/9/10/11/12/13/14/15/16/17/18/19/20,1/2/3/5/6/7/8/9/10/11/12/13/14/15/16/17/18/19/20,1/2/3/5/6/7/8/9/10/11/12/13/14/15/16/17/18/19/20,S004_R14_T00/S004_R14_T01/S004_R14_T02/S004_R14_T03/S004_R14_T04/S004_R14_T05/S004_R14_T06/S004_R14_T07/S004_R14_T08/S004_R14_T09/S004_R14_T10/S004_R14_T11,12,6,6,S004_R06_T00/S004_R06_T01/S004_R06_T02/S004_R06_T03/S004_R06_T04/S004_R06_T05/S004_R06_T06/S004_R06_T07/S004_R06_T08/S004_R06_T09/S004_R06_T10/S004_R06_T11/S004_R06_T12/S004_R06_T13/S004_R06_T14/S004_R10_T00/S004_R10_T01/S004_R10_T02/S004_R10_T03/S004_R10_T04/S004_R10_T05/S004_R10_T06/S004_R10_T07/S004_R10_T08/S004_R10_T09/S004_R10_T10/S004_R10_T11/S004_R10_T12/S004_R10_T13/S004_R10_T14,True,False,False,False,False,False,True,,12
4,4,target_lda,14,6,10/14,1/2/3/5/6/7/8/9/10/11/12/13/14/15/16/17/18/19/20,1/2/3/5/6/7/8/9/10/11/12/13/14/15/16/17/18/19/20,1/2/3/5/6/7/8/9/10/11/12/13/14/15/16/17/18/19/20,S004_R06_T00/S004_R06_T01/S004_R06_T02/S004_R06_T03/S004_R06_T04/S004_R06_T05/S004_R06_T06/S004_R06_T07/S004_R06_T08/S004_R06_T09/S004_R06_T10/S004_R06_T11/S004_R06_T12/S004_R06_T13,14,7,7,S004_R10_T00/S004_R10_T01/S004_R10_T02/S004_R10_T03/S004_R10_T04/S004_R10_T05/S004_R10_T06/S004_R10_T07/S004_R10_T08/S004_R10_T09/S004_R10_T10/S004_R10_T11/S004_R10_T12/S004_R10_T13/S004_R10_T14/S004_R14_T00/S004_R14_T01/S004_R14_T02/S004_R14_T03/S004_R14_T04/S004_R14_T05/S004_R14_T06/S004_R14_T07/S004_R14_T08/S004_R14_T09/S004_R14_T10/S004_R14_T11/S004_R14_T12/S004_R14_T13/S004_R14_T14,True,False,False,False,False,False,True,,14
4,4,target_lda,14,10,6/14,1/2/3/5/6/7/8/9/10/11/12/13/14/15/16/17/18/19/20,1/2/3/5/6/7/8/9/10/11/12/13/14/15/16/17/18/19/20,1/2/3/5/6/7/8/9/10/11/12/13/14/15/16/17/18/19/20,S004_R10_T00/S004_R10_T01/S004_R10_T02/S004_R10_T03/S004_R10_T04/S004_R10_T05/S004_R10_T06/S004_R10_T07/S004_R10_T08/S004_R10_T09/S004_R10_T10/S004_R10_T11/S004_R10_T12/S004_R10_T13,14,7,7,S004_R06_T00/S004_R06_T01/S004_R06_T02/S004_R06_T03/S004_R06_T04/S004_R06_T05/S004_R06_T06/S004_R06_T07/S004_R06_T08/S004_R06_T09/S004_R06_T10/S004_R06_T11/S004_R06_T12/S004_R06_T13/S004_R06_T14/S004_R14_T00/S004_R14_T01/S004_R14_T02/S004_R14_T03/S004_R14_T04/S004_R14_T05/S004_R14_T06/S004_R14_T07/S004_R14_T08/S004_R14_T09/S004_R14_T10/S004_R14_T11/S004_R14_T12/S004_R14_T13/S004_R14_T14,True,False,False,False,False,False,True,,14
4,4,target_lda,14,14,6/10,1/2/3/5/6/7/8/9/10/11/12/13/14/15/16/17/18/19/20,1/2/3/5/6/7/8/9/10/11/12/13/14/15/16/17/18/19/20,1/2/3/5/6/7/8/9/10/11/12/13/14/15/16/17/18/19/20,S004_R14_T00/S004_R14_T01/S004_R14_T02/S004_R14_T03/S004_R14_T04/S004_R14_T05/S004_R14_T06/S004_R14_T07/S004_R14_T08/S004_R14_T09/S004_R14_T10/S004_R14_T11/S004_R14_T12/S004_R14_T13,14,7,7,S004_R06_T00/S004_R06_T01/S004_R06_T02/S004_R06_T03/S004_R06_T04/S004_R06_T05/S004_R06_T06/S004_R06_T07/S004_R06_T08/S004_R06_T09/S004_R06_T10/S004_R06_T11/S004_R06_T12/S004_R06_T13/S004_R06_T14/S004_R10_T00/S004_R10_T01/S004_R10_T02/S004_R10_T03/S004_R10_T04/S004_R10_T05/S004_R10_T06/S004_R10_T07/S004_R10_T08/S004_R10_T09/S004_R10_T10/S004_R10_T11/S004_R10_T12/S004_R10_T13/S004_R10_T14,True,False,False,False,False,False,True,,14
5,5,threshold,0,6,10/14,1/2/3/4/6/7/8/9/10/11/12/13/14/15/16/17/18/19/20,1/2/3/4/6/7/8/9/10/11/12/13/14/15/16/17/18/19/20,1/2/3/4/6/7/8/9/10/11/12/13/14/15/16/17/18/19/20,,0,0,0,S005_R10_T00/S005_R10_T01/S005_R10_T02/S005_R10_T03/S005_R10_T04/S005_R10_T05/S005_R10_T06/S005_R10_T07/S005_R10_T08/S005_R10_T09/S005_R10_T10/S005_R10_T11/S005_R10_T12/S005_R10_T13/S005_R10_T14/S005_R14_T00/S005_R14_T01/S005_R14_T02/S005_R14_T03/S005_R14_T04/S005_R14_T05/S005_R14_T06/S005_R14_T07/S005_R14_T08/S005_R14_T09/S005_R14_T10/S005_R14_T11/S005_R14_T12/S005_R14_T13/S005_R14_T14,True,False,False,False,False,False,False,,0
5,5,threshold,0,10,6/14,1/2/3/4/6/7/8/9/10/11/12/13/14/15/16/17/18/19/20,1/2/3/4/6/7/8/9/10/11/12/13/14/15/16/17/18/19/20,1/2/3/4/6/7/8/9/10/11/12/13/14/15/16/17/18/19/20,,0,0,0,S005_R06_T00/S005_R06_T01/S005_R06_T02/S005_R06_T03/S005_R06_T04/S005_R06_T05/S005_R06_T06/S005_R06_T07/S005_R06_T08/S005_R06_T09/S005_R06_T10/S005_R06_T11/S005_R06_T12/S005_R06_T13/S005_R06_T14/S005_R14_T00/S005_R14_T01/S005_R14_T02/S005_R14_T03/S005_R14_T04/S005_R14_T05/S005_R14_T06/S005_R14_T07/S005_R14_T08/S005_R14_T09/S005_R14_T10/S005_R14_T11/S005_R14_T12/S005_R14_T13/S005_R14_T14,True,False,False,False,False,False,False,,0
5,5,threshold,0,14,6/10,1/2/3/4/6/7/8/9/10/11/12/13/14/15/16/17/18/19/20,1/2/3/4/6/7/8/9/10/11/12/13/14/15/16/17/18/19/20,1/2/3/4/6/7/8/9/10/11/12/13/14/15/16/17/18/19/20,,0,0,0,S005_R06_T00/S005_R06_T01/S005_R06_T02/S005_R06_T03/S005_R06_T04/S005_R06_T05/S005_R06_T06/S005_R06_T07/S005_R06_T08/S005_R06_T09/S005_R06_T10/S005_R06_T11/S005_R06_T12/S005_R06_T13/S005_R06_T14/S005_R10_T00/S005_R10_T01/S005_R10_T02/S005_R10_T03/S005_R10_T04/S005_R10_T05/S005_R10_T06/S005_R10_T07/S005_R10_T08/S005_R10_T09/S005_R10_T10/S005_R10_T11/S005_R10_T12/S005_R10_T13/S005_R10_T14,True,False,False,False,False,False,False,,0
5,5,threshold,4,6,10/14,1/2/3/4/6/7/8/9/10/11/12/13/14/15/16/17/18/19/20,1/2/3/4/6/7/8/9/10/11/12/13/14/15/16/17/18/19/20,1/2/3/4/6/7/8/9/10/11/12/13/14/15/16/17/18/19/20,S005_R06_T00/S005_R06_T01/S005_R06_T02/S005_R06_T03,4,2,2,S005_R10_T00/S005_R10_T01/S005_R10_T02/S005_R10_T03/S005_R10_T04/S005_R10_T05/S005_R10_T06/S005_R10_T07/S005_R10_T08/S005_R10_T09/S005_R10_T10/S005_R10_T11/S005_R10_T12/S005_R10_T13/S005_R10_T14/S005_R14_T00/S005_R14_T01/S005_R14_T02/S005_R14_T03/S005_R14_T04/S005_R14_T05/S005_R14_T06/S005_R14_T07/S005_R14_T08/S005_R14_T09/S005_R14_T10/S005_R14_T11/S005_R14_T12/S005_R14_T13/S005_R14_T14,True,False,False,False,False,False,True,-1.1181402913425647,0
5,5,threshold,4,10,6/14,1/2/3/4/6/7/8/9/10/11/12/13/14/15/16/17/18/19/20,1/2/3/4/6/7/8/9/10/11/12/13/14/15/16/17/18/19/20,1/2/3/4/6/7/8/9/10/11/12/13/14/15/16/17/18/19/20,S005_R10_T00/S005_R10_T01/S005_R10_T02/S005_R10_T03,4,2,2,S005_R06_T00/S005_R06_T01/S005_R06_T02/S005_R06_T03/S005_R06_T04/S005_R06_T05/S005_R06_T06/S005_R06_T07/S005_R06_T08/S005_R06_T09/S005_R06_T10/S005_R06_T11/S005_R06_T12/S005_R06_T13/S005_R06_T14/S005_R14_T00/S005_R14_T01/S005_R14_T02/S005_R14_T03/S005_R14_T04/S005_R14_T05/S005_R14_T06/S005_R14_T07/S005_R14_T08/S005_R14_T09/S005_R14_T10/S005_R14_T11/S005_R14_T12/S005_R14_T13/S005_R14_T14,True,False,False,False,False,False,True,-1.1349761147126673,0
5,5,threshold,4,14,6/10,1/2/3/4/6/7/8/9/10/11/12/13/14/15/16/17/18/19/20,1/2/3/4/6/7/8/9/10/11/12/13/14/15/16/17/18/19/20,1/2/3/4/6/7/8/9/10/11/12/13/14/15/16/17/18/19/20,S005_R14_T00/S005_R14_T01/S005_R14_T02/S005_R14_T03,4,2,2,S005_R06_T00/S005_R06_T01/S005_R06_T02/S005_R06_T03/S005_R06_T04/S005_R06_T05/S005_R06_T06/S005_R06_T07/S005_R06_T08/S005_R06_T09/S005_R06_T10/S005_R06_T11/S005_R06_T12/S005_R06_T13/S005_R06_T14/S005_R10_T00/S005_R10_T01/S005_R10_T02/S005_R10_T03/S005_R10_T04/S005_R10_T05/S005_R10_T06/S005_R10_T07/S005_R10_T08/S005_R10_T09/S005_R10_T10/S005_R10_T11/S005_R10_T12/S005_R10_T13/S005_R10_T14,True,False,False,False,False,False,True,-0.6092266760082425,0
5,5,threshold,8,6,10/14,1/2/3/4/6/7/8/9/10/11/12/13/14/15/16/17/18/19/20,1/2/3/4/6/7/8/9/10/11/12/13/14/15/16/17/18/19/20,1/2/3/4/6/7/8/9/10/11/12/13/14/15/16/17/18/19/20,S005_R06_T00/S005_R06_T01/S005_R06_T02/S005_R06_T03/S005_R06_T04/S005_R06_T05/S005_R06_T06/S005_R06_T07,8,4,4,S005_R10_T00/S005_R10_T01/S005_R10_T02/S005_R10_T03/S005_R10_T04/S005_R10_T05/S005_R10_T06/S005_R10_T07/S005_R10_T08/S005_R10_T09/S005_R10_T10/S005_R10_T11/S005_R10_T12/S005_R10_T13/S005_R10_T14/S005_R14_T00/S005_R14_T01/S005_R14_T02/S005_R14_T03/S005_R14_T04/S005_R14_T05/S005_R14_T06/S005_R14_T07/S005_R14_T08/S005_R14_T09/S005_R14_T10/S005_R14_T11/S005_R14_T12/S005_R14_T13/S005_R14_T14,True,False,False,False,False,False,True,-0.514202273210309,0
5,5,threshold,8,10,6/14,1/2/3/4/6/7/8/9/10/11/12/13/14/15/16/17/18/19/20,1/2/3/4/6/7/8/9/10/11/12/13/14/15/16/17/18/19/20,1/2/3/4/6/7/8/9/10/11/12/13/14/15/16/17/18/19/20,S005_R10_T00/S005_R10_T01/S005_R10_T02/S005_R10_T03/S005_R10_T04/S005_R10_T05/S005_R10_T06/S005_R10_T07,8,4,4,S005_R06_T00/S005_R06_T01/S005_R06_T02/S005_R06_T03/S005_R06_T04/S005_R06_T05/S005_R06_T06/S005_R06_T07/S005_R06_T08/S005_R06_T09/S005_R06_T10/S005_R06_T11/S005_R06_T12/S005_R06_T13/S005_R06_T14/S005_R14_T00/S005_R14_T01/S005_R14_T02/S005_R14_T03/S005_R14_T04/S005_R14_T05/S005_R14_T06/S005_R14_T07/S005_R14_T08/S005_R14_T09/S005_R14_T10/S005_R14_T11/S005_R14_T12/S005_R14_T13/S005_R14_T14,True,False,False,False,False,False,True,-0.36008645933872085,0
5,5,threshold,8,14,6/10,1/2/3/4/6/7/8/9/10/11/12/13/14/15/16/17/18/19/20,1/2/3/4/6/7/8/9/10/11/12/13/14/15/16/17/18/19/20,1/2/3/4/6/7/8/9/10/11/12/13/14/15/16/17/18/19/20,S005_R14_T00/S005_R14_T01/S005_R14_T02/S005_R14_T03/S005_R14_T04/S005_R14_T05/S005_R14_T06/S005_R14_T07,8,4,4,S005_R06_T00/S005_R06_T01/S005_R06_T02/S005_R06_T03/S005_R06_T04/S005_R06_T05/S005_R06_T06/S005_R06_T07/S005_R06_T08/S005_R06_T09/S005_R06_T10/S005_R06_T11/S005_R06_T12/S005_R06_T13/S005_R06_T14/S005_R10_T00/S005_R10_T01/S005_R10_T02/S005_R10_T03/S005_R10_T04/S005_R10_T05/S005_R10_T06/S005_R10_T07/S005_R10_T08/S005_R10_T09/S005_R10_T10/S005_R10_T11/S005_R10_T12/S005_R10_T13/S005_R10_T14,True,False,False,False,False,False,True,-0.5268713954537098,0
5,5,threshold,12,6,10/14,1/2/3/4/6/7/8/9/10/11/12/13/14/15/16/17/18/19/20,1/2/3/4/6/7/8/9/10/11/12/13/14/15/16/17/18/19/20,1/2/3/4/6/7/8/9/10/11/12/13/14/15/16/17/18/19/20,S005_R06_T00/S005_R06_T01/S005_R06_T02/S005_R06_T03/S005_R06_T04/S005_R06_T05/S005_R06_T06/S005_R06_T07/S005_R06_T08/S005_R06_T09/S005_R06_T10/S005_R06_T11,12,6,6,S005_R10_T00/S005_R10_T01/S005_R10_T02/S005_R10_T03/S005_R10_T04/S005_R10_T05/S005_R10_T06/S005_R10_T07/S005_R10_T08/S005_R10_T09/S005_R10_T10/S005_R10_T11/S005_R10_T12/S005_R10_T13/S005_R10_T14/S005_R14_T00/S005_R14_T01/S005_R14_T02/S005_R14_T03/S005_R14_T04/S005_R14_T05/S005_R14_T06/S005_R14_T07/S005_R14_T08/S005_R14_T09/S005_R14_T10/S005_R14_T11/S005_R14_T12/S005_R14_T13/S005_R14_T14,True,False,False,False,False,False,True,-0.6808550751015243,0
5,5,threshold,12,10,6/14,1/2/3/4/6/7/8/9/10/11/12/13/14/15/16/17/18/19/20,1/2/3/4/6/7/8/9/10/11/12/13/14/15/16/17/18/19/20,1/2/3/4/6/7/8/9/10/11/12/13/14/15/16/17/18/19/20,S005_R10_T00/S005_R10_T01/S005_R10_T02/S005_R10_T03/S005_R10_T04/S005_R10_T05/S005_R10_T06/S005_R10_T07/S005_R10_T08/S005_R10_T09/S005_R10_T10/S005_R10_T11,12,6,6,S005_R06_T00/S005_R06_T01/S005_R06_T02/S005_R06_T03/S005_R06_T04/S005_R06_T05/S005_R06_T06/S005_R06_T07/S005_R06_T08/S005_R06_T09/S005_R06_T10/S005_R06_T11/S005_R06_T12/S005_R06_T13/S005_R06_T14/S005_R14_T00/S005_R14_T01/S005_R14_T02/S005_R14_T03/S005_R14_T04/S005_R14_T05/S005_R14_T06/S005_R14_T07/S005_R14_T08/S005_R14_T09/S005_R14_T10/S005_R14_T11/S005_R14_T12/S005_R14_T13/S005_R14_T14,True,False,False,False,False,False,True,-0.44581915598309385,0
5,5,threshold,12,14,6/10,1/2/3/4/6/7/8/9/10/11/12/13/14/15/16/17/18/19/20,1/2/3/4/6/7/8/9/10/11/12/13/14/15/16/17/18/19/20,1/2/3/4/6/7/8/9/10/11/12/13/14/15/16/17/18/19/20,S005_R14_T00/S005_R14_T01/S005_R14_T02/S005_R14_T03/S005_R14_T04/S005_R14_T05/S005_R14_T06/S005_R14_T07/S005_R14_T08/S005_R14_T09/S005_R14_T10/S005_R14_T11,12,6,6,S005_R06_T00/S005_R06_T01/S005_R06_T02/S005_R06_T03/S005_R06_T04/S005_R06_T05/S005_R06_T06/S005_R06_T07/S005_R06_T08/S005_R06_T09/S005_R06_T10/S005_R06_T11/S005_R06_T12/S005_R06_T13/S005_R06_T14/S005_R10_T00/S005_R10_T01/S005_R10_T02/S005_R10_T03/S005_R10_T04/S005_R10_T05/S005_R10_T06/S005_R10_T07/S005_R10_T08/S005_R10_T09/S005_R10_T10/S005_R10_T11/S005_R10_T12/S005_R10_T13/S005_R10_T14,True,False,False,False,False,False,True,-0.5268713954537098,0
5,5,threshold,14,6,10/14,1/2/3/4/6/7/8/9/10/11/12/13/14/15/16/17/18/19/20,1/2/3/4/6/7/8/9/10/11/12/13/14/15/16/17/18/19/20,1/2/3/4/6/7/8/9/10/11/12/13/14/15/16/17/18/19/20,S005_R06_T00/S005_R06_T01/S005_R06_T02/S005_R06_T03/S005_R06_T04/S005_R06_T05/S005_R06_T06/S005_R06_T07/S005_R06_T08/S005_R06_T09/S005_R06_T10/S005_R06_T11/S005_R06_T12/S005_R06_T13,14,7,7,S005_R10_T00/S005_R10_T01/S005_R10_T02/S005_R10_T03/S005_R10_T04/S005_R10_T05/S005_R10_T06/S005_R10_T07/S005_R10_T08/S005_R10_T09/S005_R10_T10/S005_R10_T11/S005_R10_T12/S005_R10_T13/S005_R10_T14/S005_R14_T00/S005_R14_T01/S005_R14_T02/S005_R14_T03/S005_R14_T04/S005_R14_T05/S005_R14_T06/S005_R14_T07/S005_R14_T08/S005_R14_T09/S005_R14_T10/S005_R14_T11/S005_R14_T12/S005_R14_T13/S005_R14_T14,True,False,False,False,False,False,True,-0.6808550751015243,0
5,5,threshold,14,10,6/14,1/2/3/4/6/7/8/9/10/11/12/13/14/15/16/17/18/19/20,1/2/3/4/6/7/8/9/10/11/12/13/14/15/16/17/18/19/20,1/2/3/4/6/7/8/9/10/11/12/13/14/15/16/17/18/19/20,S005_R10_T00/S005_R10_T01/S005_R10_T02/S005_R10_T03/S005_R10_T04/S005_R10_T05/S005_R10_T06/S005_R10_T07/S005_R10_T08/S005_R10_T09/S005_R10_T10/S005_R10_T11/S005_R10_T12/S005_R10_T13,14,7,7,S005_R06_T00/S005_R06_T01/S005_R06_T02/S005_R06_T03/S005_R06_T04/S005_R06_T05/S005_R06_T06/S005_R06_T07/S005_R06_T08/S005_R06_T09/S005_R06_T10/S005_R06_T11/S005_R06_T12/S005_R06_T13/S005_R06_T14/S005_R14_T00/S005_R14_T01/S005_R14_T02/S005_R14_T03/S005_R14_T04/S005_R14_T05/S005_R14_T06/S005_R14_T07/S005_R14_T08/S005_R14_T09/S005_R14_T10/S005_R14_T11/S005_R14_T12/S005_R14_T13/S005_R14_T14,True,False,False,False,False,False,True,-0.30720534101158714,0
5,5,threshold,14,14,6/10,1/2/3/4/6/7/8/9/10/11/12/13/14/15/16/17/18/19/20,1/2/3/4/6/7/8/9/10/11/12/13/14/15/16/17/18/19/20,1/2/3/4/6/7/8/9/10/11/12/13/14/15/16/17/18/19/20,S005_R14_T00/S005_R14_T01/S005_R14_T02/S005_R14_T03/S005_R14_T04/S005_R14_T05/S005_R14_T06/S005_R14_T07/S005_R14_T08/S005_R14_T09/S005_R14_T10/S005_R14_T11/S005_R14_T12/S005_R14_T13,14,7,7,S005_R06_T00/S005_R06_T01/S005_R06_T02/S005_R06_T03/S005_R06_T04/S005_R06_T05/S005_R06_T06/S005_R06_T07/S005_R06_T08/S005_R06_T09/S005_R06_T10/S005_R06_T11/S005_R06_T12/S005_R06_T13/S005_R06_T14/S005_R10_T00/S005_R10_T01/S005_R10_T02/S005_R10_T03/S005_R10_T04/S005_R10_T05/S005_R10_T06/S005_R10_T07/S005_R10_T08/S005_R10_T09/S005_R10_T10/S005_R10_T11/S005_R10_T12/S005_R10_T13/S005_R10_T14,True,False,False,False,False,False,True,-0.9657831883103223,0
5,5,target_lda,0,6,10/14,1/2/3/4/6/7/8/9/10/11/12/13/14/15/16/17/18/19/20,1/2/3/4/6/7/8/9/10/11/12/13/14/15/16/17/18/19/20,1/2/3/4/6/7/8/9/10/11/12/13/14/15/16/17/18/19/20,,0,0,0,S005_R10_T00/S005_R10_T01/S005_R10_T02/S005_R10_T03/S005_R10_T04/S005_R10_T05/S005_R10_T06/S005_R10_T07/S005_R10_T08/S005_R10_T09/S005_R10_T10/S005_R10_T11/S005_R10_T12/S005_R10_T13/S005_R10_T14/S005_R14_T00/S005_R14_T01/S005_R14_T02/S005_R14_T03/S005_R14_T04/S005_R14_T05/S005_R14_T06/S005_R14_T07/S005_R14_T08/S005_R14_T09/S005_R14_T10/S005_R14_T11/S005_R14_T12/S005_R14_T13/S005_R14_T14,True,False,False,False,False,False,False,,0
5,5,target_lda,0,10,6/14,1/2/3/4/6/7/8/9/10/11/12/13/14/15/16/17/18/19/20,1/2/3/4/6/7/8/9/10/11/12/13/14/15/16/17/18/19/20,1/2/3/4/6/7/8/9/10/11/12/13/14/15/16/17/18/19/20,,0,0,0,S005_R06_T00/S005_R06_T01/S005_R06_T02/S005_R06_T03/S005_R06_T04/S005_R06_T05/S005_R06_T06/S005_R06_T07/S005_R06_T08/S005_R06_T09/S005_R06_T10/S005_R06_T11/S005_R06_T12/S005_R06_T13/S005_R06_T14/S005_R14_T00/S005_R14_T01/S005_R14_T02/S005_R14_T03/S005_R14_T04/S005_R14_T05/S005_R14_T06/S005_R14_T07/S005_R14_T08/S005_R14_T09/S005_R14_T10/S005_R14_T11/S005_R14_T12/S005_R14_T13/S005_R14_T14,True,False,False,False,False,False,False,,0
5,5,target_lda,0,14,6/10,1/2/3/4/6/7/8/9/10/11/12/13/14/15/16/17/18/19/20,1/2/3/4/6/7/8/9/10/11/12/13/14/15/16/17/18/19/20,1/2/3/4/6/7/8/9/10/11/12/13/14/15/16/17/18/19/20,,0,0,0,S005_R06_T00/S005_R06_T01/S005_R06_T02/S005_R06_T03/S005_R06_T04/S005_R06_T05/S005_R06_T06/S005_R06_T07/S005_R06_T08/S005_R06_T09/S005_R06_T10/S005_R06_T11/S005_R06_T12/S005_R06_T13/S005_R06_T14/S005_R10_T00/S005_R10_T01/S005_R10_T02/S005_R10_T03/S005_R10_T04/S005_R10_T05/S005_R10_T06/S005_R10_T07/S005_R10_T08/S005_R10_T09/S005_R10_T10/S005_R10_T11/S005_R10_T12/S005_R10_T13/S005_R10_T14,True,False,False,False,False,False,False,,0
5,5,target_lda,4,6,10/14,1/2/3/4/6/7/8/9/10/11/12/13/14/15/16/17/18/19/20,1/2/3/4/6/7/8/9/10/11/12/13/14/15/16/17/18/19/20,1/2/3/4/6/7/8/9/10/11/12/13/14/15/16/17/18/19/20,S005_R06_T00/S005_R06_T01/S005_R06_T02/S005_R06_T03,4,2,2,S005_R10_T00/S005_R10_T01/S005_R10_T02/S005_R10_T03/S005_R10_T04/S005_R10_T05/S005_R10_T06/S005_R10_T07/S005_R10_T08/S005_R10_T09/S005_R10_T10/S005_R10_T11/S005_R10_T12/S005_R10_T13/S005_R10_T14/S005_R14_T00/S005_R14_T01/S005_R14_T02/S005_R14_T03/S005_R14_T04/S005_R14_T05/S005_R14_T06/S005_R14_T07/S005_R14_T08/S005_R14_T09/S005_R14_T10/S005_R14_T11/S005_R14_T12/S005_R14_T13/S005_R14_T14,True,False,False,False,False,False,True,,4
5,5,target_lda,4,10,6/14,1/2/3/4/6/7/8/9/10/11/12/13/14/15/16/17/18/19/20,1/2/3/4/6/7/8/9/10/11/12/13/14/15/16/17/18/19/20,1/2/3/4/6/7/8/9/10/11/12/13/14/15/16/17/18/19/20,S005_R10_T00/S005_R10_T01/S005_R10_T02/S005_R10_T03,4,2,2,S005_R06_T00/S005_R06_T01/S005_R06_T02/S005_R06_T03/S005_R06_T04/S005_R06_T05/S005_R06_T06/S005_R06_T07/S005_R06_T08/S005_R06_T09/S005_R06_T10/S005_R06_T11/S005_R06_T12/S005_R06_T13/S005_R06_T14/S005_R14_T00/S005_R14_T01/S005_R14_T02/S005_R14_T03/S005_R14_T04/S005_R14_T05/S005_R14_T06/S005_R14_T07/S005_R14_T08/S005_R14_T09/S005_R14_T10/S005_R14_T11/S005_R14_T12/S005_R14_T13/S005_R14_T14,True,False,False,False,False,False,True,,4
5,5,target_lda,4,14,6/10,1/2/3/4/6/7/8/9/10/11/12/13/14/15/16/17/18/19/20,1/2/3/4/6/7/8/9/10/11/12/13/14/15/16/17/18/19/20,1/2/3/4/6/7/8/9/10/11/12/13/14/15/16/17/18/19/20,S005_R14_T00/S005_R14_T01/S005_R14_T02/S005_R14_T03,4,2,2,S005_R06_T00/S005_R06_T01/S005_R06_T02/S005_R06_T03/S005_R06_T04/S005_R06_T05/S005_R06_T06/S005_R06_T07/S005_R06_T08/S005_R06_T09/S005_R06_T10/S005_R06_T11/S005_R06_T12/S005_R06_T13/S005_R06_T14/S005_R10_T00/S005_R10_T01/S005_R10_T02/S005_R10_T03/S005_R10_T04/S005_R10_T05/S005_R10_T06/S005_R10_T07/S005_R10_T08/S005_R10_T09/S005_R10_T10/S005_R10_T11/S005_R10_T12/S005_R10_T13/S005_R10_T14,True,False,False,False,False,False,True,,4
5,5,target_lda,8,6,10/14,1/2/3/4/6/7/8/9/10/11/12/13/14/15/16/17/18/19/20,1/2/3/4/6/7/8/9/10/11/12/13/14/15/16/17/18/19/20,1/2/3/4/6/7/8/9/10/11/12/13/14/15/16/17/18/19/20,S005_R06_T00/S005_R06_T01/S005_R06_T02/S005_R06_T03/S005_R06_T04/S005_R06_T05/S005_R06_T06/S005_R06_T07,8,4,4,S005_R10_T00/S005_R10_T01/S005_R10_T02/S005_R10_T03/S005_R10_T04/S005_R10_T05/S005_R10_T06/S005_R10_T07/S005_R10_T08/S005_R10_T09/S005_R10_T10/S005_R10_T11/S005_R10_T12/S005_R10_T13/S005_R10_T14/S005_R14_T00/S005_R14_T01/S005_R14_T02/S005_R14_T03/S005_R14_T04/S005_R14_T05/S005_R14_T06/S005_R14_T07/S005_R14_T08/S005_R14_T09/S005_R14_T10/S005_R14_T11/S005_R14_T12/S005_R14_T13/S005_R14_T14,True,False,False,False,False,False,True,,8
5,5,target_lda,8,10,6/14,1/2/3/4/6/7/8/9/10/11/12/13/14/15/16/17/18/19/20,1/2/3/4/6/7/8/9/10/11/12/13/14/15/16/17/18/19/20,1/2/3/4/6/7/8/9/10/11/12/13/14/15/16/17/18/19/20,S005_R10_T00/S005_R10_T01/S005_R10_T02/S005_R10_T03/S005_R10_T04/S005_R10_T05/S005_R10_T06/S005_R10_T07,8,4,4,S005_R06_T00/S005_R06_T01/S005_R06_T02/S005_R06_T03/S005_R06_T04/S005_R06_T05/S005_R06_T06/S005_R06_T07/S005_R06_T08/S005_R06_T09/S005_R06_T10/S005_R06_T11/S005_R06_T12/S005_R06_T13/S005_R06_T14/S005_R14_T00/S005_R14_T01/S005_R14_T02/S005_R14_T03/S005_R14_T04/S005_R14_T05/S005_R14_T06/S005_R14_T07/S005_R14_T08/S005_R14_T09/S005_R14_T10/S005_R14_T11/S005_R14_T12/S005_R14_T13/S005_R14_T14,True,False,False,False,False,False,True,,8
5,5,target_lda,8,14,6/10,1/2/3/4/6/7/8/9/10/11/12/13/14/15/16/17/18/19/20,1/2/3/4/6/7/8/9/10/11/12/13/14/15/16/17/18/19/20,1/2/3/4/6/7/8/9/10/11/12/13/14/15/16/17/18/19/20,S005_R14_T00/S005_R14_T01/S005_R14_T02/S005_R14_T03/S005_R14_T04/S005_R14_T05/S005_R14_T06/S005_R14_T07,8,4,4,S005_R06_T00/S005_R06_T01/S005_R06_T02/S005_R06_T03/S005_R06_T04/S005_R06_T05/S005_R06_T06/S005_R06_T07/S005_R06_T08/S005_R06_T09/S005_R06_T10/S005_R06_T11/S005_R06_T12/S005_R06_T13/S005_R06_T14/S005_R10_T00/S005_R10_T01/S005_R10_T02/S005_R10_T03/S005_R10_T04/S005_R10_T05/S005_R10_T06/S005_R10_T07/S005_R10_T08/S005_R10_T09/S005_R10_T10/S005_R10_T11/S005_R10_T12/S005_R10_T13/S005_R10_T14,True,False,False,False,False,False,True,,8
5,5,target_lda,12,6,10/14,1/2/3/4/6/7/8/9/10/11/12/13/14/15/16/17/18/19/20,1/2/3/4/6/7/8/9/10/11/12/13/14/15/16/17/18/19/20,1/2/3/4/6/7/8/9/10/11/12/13/14/15/16/17/18/19/20,S005_R06_T00/S005_R06_T01/S005_R06_T02/S005_R06_T03/S005_R06_T04/S005_R06_T05/S005_R06_T06/S005_R06_T07/S005_R06_T08/S005_R06_T09/S005_R06_T10/S005_R06_T11,12,6,6,S005_R10_T00/S005_R10_T01/S005_R10_T02/S005_R10_T03/S005_R10_T04/S005_R10_T05/S005_R10_T06/S005_R10_T07/S005_R10_T08/S005_R10_T09/S005_R10_T10/S005_R10_T11/S005_R10_T12/S005_R10_T13/S005_R10_T14/S005_R14_T00/S005_R14_T01/S005_R14_T02/S005_R14_T03/S005_R14_T04/S005_R14_T05/S005_R14_T06/S005_R14_T07/S005_R14_T08/S005_R14_T09/S005_R14_T10/S005_R14_T11/S005_R14_T12/S005_R14_T13/S005_R14_T14,True,False,False,False,False,False,True,,12
5,5,target_lda,12,10,6/14,1/2/3/4/6/7/8/9/10/11/12/13/14/15/16/17/18/19/20,1/2/3/4/6/7/8/9/10/11/12/13/14/15/16/17/18/19/20,1/2/3/4/6/7/8/9/10/11/12/13/14/15/16/17/18/19/20,S005_R10_T00/S005_R10_T01/S005_R10_T02/S005_R10_T03/S005_R10_T04/S005_R10_T05/S005_R10_T06/S005_R10_T07/S005_R10_T08/S005_R10_T09/S005_R10_T10/S005_R10_T11,12,6,6,S005_R06_T00/S005_R06_T01/S005_R06_T02/S005_R06_T03/S005_R06_T04/S005_R06_T05/S005_R06_T06/S005_R06_T07/S005_R06_T08/S005_R06_T09/S005_R06_T10/S005_R06_T11/S005_R06_T12/S005_R06_T13/S005_R06_T14/S005_R14_T00/S005_R14_T01/S005_R14_T02/S005_R14_T03/S005_R14_T04/S005_R14_T05/S005_R14_T06/S005_R14_T07/S005_R14_T08/S005_R14_T09/S005_R14_T10/S005_R14_T11/S005_R14_T12/S005_R14_T13/S005_R14_T14,True,False,False,False,False,False,True,,12
5,5,target_lda,12,14,6/10,1/2/3/4/6/7/8/9/10/11/12/13/14/15/16/17/18/19/20,1/2/3/4/6/7/8/9/10/11/12/13/14/15/16/17/18/19/20,1/2/3/4/6/7/8/9/10/11/12/13/14/15/16/17/18/19/20,S005_R14_T00/S005_R14_T01/S005_R14_T02/S005_R14_T03/S005_R14_T04/S005_R14_T05/S005_R14_T06/S005_R14_T07/S005_R14_T08/S005_R14_T09/S005_R14_T10/S005_R14_T11,12,6,6,S005_R06_T00/S005_R06_T01/S005_R06_T02/S005_R06_T03/S005_R06_T04/S005_R06_T05/S005_R06_T06/S005_R06_T07/S005_R06_T08/S005_R06_T09/S005_R06_T10/S005_R06_T11/S005_R06_T12/S005_R06_T13/S005_R06_T14/S005_R10_T00/S005_R10_T01/S005_R10_T02/S005_R10_T03/S005_R10_T04/S005_R10_T05/S005_R10_T06/S005_R10_T07/S005_R10_T08/S005_R10_T09/S005_R10_T10/S005_R10_T11/S005_R10_T12/S005_R10_T13/S005_R10_T14,True,False,False,False,False,False,True,,12
5,5,target_lda,14,6,10/14,1/2/3/4/6/7/8/9/10/11/12/13/14/15/16/17/18/19/20,1/2/3/4/6/7/8/9/10/11/12/13/14/15/16/17/18/19/20,1/2/3/4/6/7/8/9/10/11/12/13/14/15/16/17/18/19/20,S005_R06_T00/S005_R06_T01/S005_R06_T02/S005_R06_T03/S005_R06_T04/S005_R06_T05/S005_R06_T06/S005_R06_T07/S005_R06_T08/S005_R06_T09/S005_R06_T10/S005_R06_T11/S005_R06_T12/S005_R06_T13,14,7,7,S005_R10_T00/S005_R10_T01/S005_R10_T02/S005_R10_T03/S005_R10_T04/S005_R10_T05/S005_R10_T06/S005_R10_T07/S005_R10_T08/S005_R10_T09/S005_R10_T10/S005_R10_T11/S005_R10_T12/S005_R10_T13/S005_R10_T14/S005_R14_T00/S005_R14_T01/S005_R14_T02/S005_R14_T03/S005_R14_T04/S005_R14_T05/S005_R14_T06/S005_R14_T07/S005_R14_T08/S005_R14_T09/S005_R14_T10/S005_R14_T11/S005_R14_T12/S005_R14_T13/S005_R14_T14,True,False,False,False,False,False,True,,14
5,5,target_lda,14,10,6/14,1/2/3/4/6/7/8/9/10/11/12/13/14/15/16/17/18/19/20,1/2/3/4/6/7/8/9/10/11/12/13/14/15/16/17/18/19/20,1/2/3/4/6/7/8/9/10/11/12/13/14/15/16/17/18/19/20,S005_R10_T00/S005_R10_T01/S005_R10_T02/S005_R10_T03/S005_R10_T04/S005_R10_T05/S005_R10_T06/S005_R10_T07/S005_R10_T08/S005_R10_T09/S005_R10_T10/S005_R10_T11/S005_R10_T12/S005_R10_T13,14,7,7,S005_R06_T00/S005_R06_T01/S005_R06_T02/S005_R06_T03/S005_R06_T04/S005_R06_T05/S005_R06_T06/S005_R06_T07/S005_R06_T08/S005_R06_T09/S005_R06_T10/S005_R06_T11/S005_R06_T12/S005_R06_T13/S005_R06_T14/S005_R14_T00/S005_R14_T01/S005_R14_T02/S005_R14_T03/S005_R14_T04/S005_R14_T05/S005_R14_T06/S005_R14_T07/S005_R14_T08/S005_R14_T09/S005_R14_T10/S005_R14_T11/S005_R14_T12/S005_R14_T13/S005_R14_T14,True,False,False,False,False,False,True,,14
5,5,target_lda,14,14,6/10,1/2/3/4/6/7/8/9/10/11/12/13/14/15/16/17/18/19/20,1/2/3/4/6/7/8/9/10/11/12/13/14/15/16/17/18/19/20,1/2/3/4/6/7/8/9/10/11/12/13/14/15/16/17/18/19/20,S005_R14_T00/S005_R14_T01/S005_R14_T02/S005_R14_T03/S005_R14_T04/S005_R14_T05/S005_R14_T06/S005_R14_T07/S005_R14_T08/S005_R14_T09/S005_R14_T10/S005_R14_T11/S005_R14_T12/S005_R14_T13,14,7,7,S005_R06_T00/S005_R06_T01/S005_R06_T02/S005_R06_T03/S005_R06_T04/S005_R06_T05/S005_R06_T06/S005_R06_T07/S005_R06_T08/S005_R06_T09/S005_R06_T10/S005_R06_T11/S005_R06_T12/S005_R06_T13/S005_R06_T14/S005_R10_T00/S005_R10_T01/S005_R10_T02/S005_R10_T03/S005_R10_T04/S005_R10_T05/S005_R10_T06/S005_R10_T07/S005_R10_T08/S005_R10_T09/S005_R10_T10/S005_R10_T11/S005_R10_T12/S005_R10_T13/S005_R10_T14,True,False,False,False,False,False,True,,14
6,6,threshold,0,6,10/14,1/2/3/4/5/7/8/9/10/11/12/13/14/15/16/17/18/19/20,1/2/3/4/5/7/8/9/10/11/12/13/14/15/16/17/18/19/20,1/2/3/4/5/7/8/9/10/11/12/13/14/15/16/17/18/19/20,,0,0,0,S006_R10_T00/S006_R10_T01/S006_R10_T02/S006_R10_T03/S006_R10_T04/S006_R10_T05/S006_R10_T06/S006_R10_T07/S006_R10_T08/S006_R10_T09/S006_R10_T10/S006_R10_T11/S006_R10_T12/S006_R10_T13/S006_R10_T14/S006_R14_T00/S006_R14_T01/S006_R14_T02/S006_R14_T03/S006_R14_T04/S006_R14_T05/S006_R14_T06/S006_R14_T07/S006_R14_T08/S006_R14_T09/S006_R14_T10/S006_R14_T11/S006_R14_T12/S006_R14_T13/S006_R14_T14,True,False,False,False,False,False,False,,0
6,6,threshold,0,10,6/14,1/2/3/4/5/7/8/9/10/11/12/13/14/15/16/17/18/19/20,1/2/3/4/5/7/8/9/10/11/12/13/14/15/16/17/18/19/20,1/2/3/4/5/7/8/9/10/11/12/13/14/15/16/17/18/19/20,,0,0,0,S006_R06_T00/S006_R06_T01/S006_R06_T02/S006_R06_T03/S006_R06_T04/S006_R06_T05/S006_R06_T06/S006_R06_T07/S006_R06_T08/S006_R06_T09/S006_R06_T10/S006_R06_T11/S006_R06_T12/S006_R06_T13/S006_R06_T14/S006_R14_T00/S006_R14_T01/S006_R14_T02/S006_R14_T03/S006_R14_T04/S006_R14_T05/S006_R14_T06/S006_R14_T07/S006_R14_T08/S006_R14_T09/S006_R14_T10/S006_R14_T11/S006_R14_T12/S006_R14_T13/S006_R14_T14,True,False,False,False,False,False,False,,0
6,6,threshold,0,14,6/10,1/2/3/4/5/7/8/9/10/11/12/13/14/15/16/17/18/19/20,1/2/3/4/5/7/8/9/10/11/12/13/14/15/16/17/18/19/20,1/2/3/4/5/7/8/9/10/11/12/13/14/15/16/17/18/19/20,,0,0,0,S006_R06_T00/S006_R06_T01/S006_R06_T02/S006_R06_T03/S006_R06_T04/S006_R06_T05/S006_R06_T06/S006_R06_T07/S006_R06_T08/S006_R06_T09/S006_R06_T10/S006_R06_T11/S006_R06_T12/S006_R06_T13/S006_R06_T14/S006_R10_T00/S006_R10_T01/S006_R10_T02/S006_R10_T03/S006_R10_T04/S006_R10_T05/S006_R10_T06/S006_R10_T07/S006_R10_T08/S006_R10_T09/S006_R10_T10/S006_R10_T11/S006_R10_T12/S006_R10_T13/S006_R10_T14,True,False,False,False,False,False,False,,0
6,6,threshold,4,6,10/14,1/2/3/4/5/7/8/9/10/11/12/13/14/15/16/17/18/19/20,1/2/3/4/5/7/8/9/10/11/12/13/14/15/16/17/18/19/20,1/2/3/4/5/7/8/9/10/11/12/13/14/15/16/17/18/19/20,S006_R06_T00/S006_R06_T01/S006_R06_T02/S006_R06_T03,4,2,2,S006_R10_T00/S006_R10_T01/S006_R10_T02/S006_R10_T03/S006_R10_T04/S006_R10_T05/S006_R10_T06/S006_R10_T07/S006_R10_T08/S006_R10_T09/S006_R10_T10/S006_R10_T11/S006_R10_T12/S006_R10_T13/S006_R10_T14/S006_R14_T00/S006_R14_T01/S006_R14_T02/S006_R14_T03/S006_R14_T04/S006_R14_T05/S006_R14_T06/S006_R14_T07/S006_R14_T08/S006_R14_T09/S006_R14_T10/S006_R14_T11/S006_R14_T12/S006_R14_T13/S006_R14_T14,True,False,False,False,False,False,True,-0.05792536901446854,0
6,6,threshold,4,10,6/14,1/2/3/4/5/7/8/9/10/11/12/13/14/15/16/17/18/19/20,1/2/3/4/5/7/8/9/10/11/12/13/14/15/16/17/18/19/20,1/2/3/4/5/7/8/9/10/11/12/13/14/15/16/17/18/19/20,S006_R10_T00/S006_R10_T01/S006_R10_T02/S006_R10_T03,4,2,2,S006_R06_T00/S006_R06_T01/S006_R06_T02/S006_R06_T03/S006_R06_T04/S006_R06_T05/S006_R06_T06/S006_R06_T07/S006_R06_T08/S006_R06_T09/S006_R06_T10/S006_R06_T11/S006_R06_T12/S006_R06_T13/S006_R06_T14/S006_R14_T00/S006_R14_T01/S006_R14_T02/S006_R14_T03/S006_R14_T04/S006_R14_T05/S006_R14_T06/S006_R14_T07/S006_R14_T08/S006_R14_T09/S006_R14_T10/S006_R14_T11/S006_R14_T12/S006_R14_T13/S006_R14_T14,True,False,False,False,False,False,True,1.4422929388434067,0
6,6,threshold,4,14,6/10,1/2/3/4/5/7/8/9/10/11/12/13/14/15/16/17/18/19/20,1/2/3/4/5/7/8/9/10/11/12/13/14/15/16/17/18/19/20,1/2/3/4/5/7/8/9/10/11/12/13/14/15/16/17/18/19/20,S006_R14_T00/S006_R14_T01/S006_R14_T02/S006_R14_T03,4,2,2,S006_R06_T00/S006_R06_T01/S006_R06_T02/S006_R06_T03/S006_R06_T04/S006_R06_T05/S006_R06_T06/S006_R06_T07/S006_R06_T08/S006_R06_T09/S006_R06_T10/S006_R06_T11/S006_R06_T12/S006_R06_T13/S006_R06_T14/S006_R10_T00/S006_R10_T01/S006_R10_T02/S006_R10_T03/S006_R10_T04/S006_R10_T05/S006_R10_T06/S006_R10_T07/S006_R10_T08/S006_R10_T09/S006_R10_T10/S006_R10_T11/S006_R10_T12/S006_R10_T13/S006_R10_T14,True,False,False,False,False,False,True,0.3610015870319187,0
6,6,threshold,8,6,10/14,1/2/3/4/5/7/8/9/10/11/12/13/14/15/16/17/18/19/20,1/2/3/4/5/7/8/9/10/11/12/13/14/15/16/17/18/19/20,1/2/3/4/5/7/8/9/10/11/12/13/14/15/16/17/18/19/20,S006_R06_T00/S006_R06_T01/S006_R06_T02/S006_R06_T03/S006_R06_T04/S006_R06_T05/S006_R06_T06/S006_R06_T07,8,4,4,S006_R10_T00/S006_R10_T01/S006_R10_T02/S006_R10_T03/S006_R10_T04/S006_R10_T05/S006_R10_T06/S006_R10_T07/S006_R10_T08/S006_R10_T09/S006_R10_T10/S006_R10_T11/S006_R10_T12/S006_R10_T13/S006_R10_T14/S006_R14_T00/S006_R14_T01/S006_R14_T02/S006_R14_T03/S006_R14_T04/S006_R14_T05/S006_R14_T06/S006_R14_T07/S006_R14_T08/S006_R14_T09/S006_R14_T10/S006_R14_T11/S006_R14_T12/S006_R14_T13/S006_R14_T14,True,False,False,False,False,False,True,-0.05792536901446854,0
6,6,threshold,8,10,6/14,1/2/3/4/5/7/8/9/10/11/12/13/14/15/16/17/18/19/20,1/2/3/4/5/7/8/9/10/11/12/13/14/15/16/17/18/19/20,1/2/3/4/5/7/8/9/10/11/12/13/14/15/16/17/18/19/20,S006_R10_T00/S006_R10_T01/S006_R10_T02/S006_R10_T03/S006_R10_T04/S006_R10_T05/S006_R10_T06/S006_R10_T07,8,4,4,S006_R06_T00/S006_R06_T01/S006_R06_T02/S006_R06_T03/S006_R06_T04/S006_R06_T05/S006_R06_T06/S006_R06_T07/S006_R06_T08/S006_R06_T09/S006_R06_T10/S006_R06_T11/S006_R06_T12/S006_R06_T13/S006_R06_T14/S006_R14_T00/S006_R14_T01/S006_R14_T02/S006_R14_T03/S006_R14_T04/S006_R14_T05/S006_R14_T06/S006_R14_T07/S006_R14_T08/S006_R14_T09/S006_R14_T10/S006_R14_T11/S006_R14_T12/S006_R14_T13/S006_R14_T14,True,False,False,False,False,False,True,0.7760235354269469,0
6,6,threshold,8,14,6/10,1/2/3/4/5/7/8/9/10/11/12/13/14/15/16/17/18/19/20,1/2/3/4/5/7/8/9/10/11/12/13/14/15/16/17/18/19/20,1/2/3/4/5/7/8/9/10/11/12/13/14/15/16/17/18/19/20,S006_R14_T00/S006_R14_T01/S006_R14_T02/S006_R14_T03/S006_R14_T04/S006_R14_T05/S006_R14_T06/S006_R14_T07,8,4,4,S006_R06_T00/S006_R06_T01/S006_R06_T02/S006_R06_T03/S006_R06_T04/S006_R06_T05/S006_R06_T06/S006_R06_T07/S006_R06_T08/S006_R06_T09/S006_R06_T10/S006_R06_T11/S006_R06_T12/S006_R06_T13/S006_R06_T14/S006_R10_T00/S006_R10_T01/S006_R10_T02/S006_R10_T03/S006_R10_T04/S006_R10_T05/S006_R10_T06/S006_R10_T07/S006_R10_T08/S006_R10_T09/S006_R10_T10/S006_R10_T11/S006_R10_T12/S006_R10_T13/S006_R10_T14,True,False,False,False,False,False,True,0.3610015870319187,0
6,6,threshold,12,6,10/14,1/2/3/4/5/7/8/9/10/11/12/13/14/15/16/17/18/19/20,1/2/3/4/5/7/8/9/10/11/12/13/14/15/16/17/18/19/20,1/2/3/4/5/7/8/9/10/11/12/13/14/15/16/17/18/19/20,S006_R06_T00/S006_R06_T01/S006_R06_T02/S006_R06_T03/S006_R06_T04/S006_R06_T05/S006_R06_T06/S006_R06_T07/S006_R06_T08/S006_R06_T09/S006_R06_T10/S006_R06_T11,12,6,6,S006_R10_T00/S006_R10_T01/S006_R10_T02/S006_R10_T03/S006_R10_T04/S006_R10_T05/S006_R10_T06/S006_R10_T07/S006_R10_T08/S006_R10_T09/S006_R10_T10/S006_R10_T11/S006_R10_T12/S006_R10_T13/S006_R10_T14/S006_R14_T00/S006_R14_T01/S006_R14_T02/S006_R14_T03/S006_R14_T04/S006_R14_T05/S006_R14_T06/S006_R14_T07/S006_R14_T08/S006_R14_T09/S006_R14_T10/S006_R14_T11/S006_R14_T12/S006_R14_T13/S006_R14_T14,True,False,False,False,False,False,True,0.11840564385954155,0
6,6,threshold,12,10,6/14,1/2/3/4/5/7/8/9/10/11/12/13/14/15/16/17/18/19/20,1/2/3/4/5/7/8/9/10/11/12/13/14/15/16/17/18/19/20,1/2/3/4/5/7/8/9/10/11/12/13/14/15/16/17/18/19/20,S006_R10_T00/S006_R10_T01/S006_R10_T02/S006_R10_T03/S006_R10_T04/S006_R10_T05/S006_R10_T06/S006_R10_T07/S006_R10_T08/S006_R10_T09/S006_R10_T10/S006_R10_T11,12,6,6,S006_R06_T00/S006_R06_T01/S006_R06_T02/S006_R06_T03/S006_R06_T04/S006_R06_T05/S006_R06_T06/S006_R06_T07/S006_R06_T08/S006_R06_T09/S006_R06_T10/S006_R06_T11/S006_R06_T12/S006_R06_T13/S006_R06_T14/S006_R14_T00/S006_R14_T01/S006_R14_T02/S006_R14_T03/S006_R14_T04/S006_R14_T05/S006_R14_T06/S006_R14_T07/S006_R14_T08/S006_R14_T09/S006_R14_T10/S006_R14_T11/S006_R14_T12/S006_R14_T13/S006_R14_T14,True,False,False,False,False,False,True,1.9363673669845907,0
6,6,threshold,12,14,6/10,1/2/3/4/5/7/8/9/10/11/12/13/14/15/16/17/18/19/20,1/2/3/4/5/7/8/9/10/11/12/13/14/15/16/17/18/19/20,1/2/3/4/5/7/8/9/10/11/12/13/14/15/16/17/18/19/20,S006_R14_T00/S006_R14_T01/S006_R14_T02/S006_R14_T03/S006_R14_T04/S006_R14_T05/S006_R14_T06/S006_R14_T07/S006_R14_T08/S006_R14_T09/S006_R14_T10/S006_R14_T11,12,6,6,S006_R06_T00/S006_R06_T01/S006_R06_T02/S006_R06_T03/S006_R06_T04/S006_R06_T05/S006_R06_T06/S006_R06_T07/S006_R06_T08/S006_R06_T09/S006_R06_T10/S006_R06_T11/S006_R06_T12/S006_R06_T13/S006_R06_T14/S006_R10_T00/S006_R10_T01/S006_R10_T02/S006_R10_T03/S006_R10_T04/S006_R10_T05/S006_R10_T06/S006_R10_T07/S006_R10_T08/S006_R10_T09/S006_R10_T10/S006_R10_T11/S006_R10_T12/S006_R10_T13/S006_R10_T14,True,False,False,False,False,False,True,-0.3573318650225517,0
6,6,threshold,14,6,10/14,1/2/3/4/5/7/8/9/10/11/12/13/14/15/16/17/18/19/20,1/2/3/4/5/7/8/9/10/11/12/13/14/15/16/17/18/19/20,1/2/3/4/5/7/8/9/10/11/12/13/14/15/16/17/18/19/20,S006_R06_T00/S006_R06_T01/S006_R06_T02/S006_R06_T03/S006_R06_T04/S006_R06_T05/S006_R06_T06/S006_R06_T07/S006_R06_T08/S006_R06_T09/S006_R06_T10/S006_R06_T11/S006_R06_T12/S006_R06_T13,14,7,7,S006_R10_T00/S006_R10_T01/S006_R10_T02/S006_R10_T03/S006_R10_T04/S006_R10_T05/S006_R10_T06/S006_R10_T07/S006_R10_T08/S006_R10_T09/S006_R10_T10/S006_R10_T11/S006_R10_T12/S006_R10_T13/S006_R10_T14/S006_R14_T00/S006_R14_T01/S006_R14_T02/S006_R14_T03/S006_R14_T04/S006_R14_T05/S006_R14_T06/S006_R14_T07/S006_R14_T08/S006_R14_T09/S006_R14_T10/S006_R14_T11/S006_R14_T12/S006_R14_T13/S006_R14_T14,True,False,False,False,False,False,True,-0.05792536901446854,0
6,6,threshold,14,10,6/14,1/2/3/4/5/7/8/9/10/11/12/13/14/15/16/17/18/19/20,1/2/3/4/5/7/8/9/10/11/12/13/14/15/16/17/18/19/20,1/2/3/4/5/7/8/9/10/11/12/13/14/15/16/17/18/19/20,S006_R10_T00/S006_R10_T01/S006_R10_T02/S006_R10_T03/S006_R10_T04/S006_R10_T05/S006_R10_T06/S006_R10_T07/S006_R10_T08/S006_R10_T09/S006_R10_T10/S006_R10_T11/S006_R10_T12/S006_R10_T13,14,7,7,S006_R06_T00/S006_R06_T01/S006_R06_T02/S006_R06_T03/S006_R06_T04/S006_R06_T05/S006_R06_T06/S006_R06_T07/S006_R06_T08/S006_R06_T09/S006_R06_T10/S006_R06_T11/S006_R06_T12/S006_R06_T13/S006_R06_T14/S006_R14_T00/S006_R14_T01/S006_R14_T02/S006_R14_T03/S006_R14_T04/S006_R14_T05/S006_R14_T06/S006_R14_T07/S006_R14_T08/S006_R14_T09/S006_R14_T10/S006_R14_T11/S006_R14_T12/S006_R14_T13/S006_R14_T14,True,False,False,False,False,False,True,-0.25004005269642604,0
6,6,threshold,14,14,6/10,1/2/3/4/5/7/8/9/10/11/12/13/14/15/16/17/18/19/20,1/2/3/4/5/7/8/9/10/11/12/13/14/15/16/17/18/19/20,1/2/3/4/5/7/8/9/10/11/12/13/14/15/16/17/18/19/20,S006_R14_T00/S006_R14_T01/S006_R14_T02/S006_R14_T03/S006_R14_T04/S006_R14_T05/S006_R14_T06/S006_R14_T07/S006_R14_T08/S006_R14_T09/S006_R14_T10/S006_R14_T11/S006_R14_T12/S006_R14_T13,14,7,7,S006_R06_T00/S006_R06_T01/S006_R06_T02/S006_R06_T03/S006_R06_T04/S006_R06_T05/S006_R06_T06/S006_R06_T07/S006_R06_T08/S006_R06_T09/S006_R06_T10/S006_R06_T11/S006_R06_T12/S006_R06_T13/S006_R06_T14/S006_R10_T00/S006_R10_T01/S006_R10_T02/S006_R10_T03/S006_R10_T04/S006_R10_T05/S006_R10_T06/S006_R10_T07/S006_R10_T08/S006_R10_T09/S006_R10_T10/S006_R10_T11/S006_R10_T12/S006_R10_T13/S006_R10_T14,True,False,False,False,False,False,True,-0.3573318650225517,0
6,6,target_lda,0,6,10/14,1/2/3/4/5/7/8/9/10/11/12/13/14/15/16/17/18/19/20,1/2/3/4/5/7/8/9/10/11/12/13/14/15/16/17/18/19/20,1/2/3/4/5/7/8/9/10/11/12/13/14/15/16/17/18/19/20,,0,0,0,S006_R10_T00/S006_R10_T01/S006_R10_T02/S006_R10_T03/S006_R10_T04/S006_R10_T05/S006_R10_T06/S006_R10_T07/S006_R10_T08/S006_R10_T09/S006_R10_T10/S006_R10_T11/S006_R10_T12/S006_R10_T13/S006_R10_T14/S006_R14_T00/S006_R14_T01/S006_R14_T02/S006_R14_T03/S006_R14_T04/S006_R14_T05/S006_R14_T06/S006_R14_T07/S006_R14_T08/S006_R14_T09/S006_R14_T10/S006_R14_T11/S006_R14_T12/S006_R14_T13/S006_R14_T14,True,False,False,False,False,False,False,,0
6,6,target_lda,0,10,6/14,1/2/3/4/5/7/8/9/10/11/12/13/14/15/16/17/18/19/20,1/2/3/4/5/7/8/9/10/11/12/13/14/15/16/17/18/19/20,1/2/3/4/5/7/8/9/10/11/12/13/14/15/16/17/18/19/20,,0,0,0,S006_R06_T00/S006_R06_T01/S006_R06_T02/S006_R06_T03/S006_R06_T04/S006_R06_T05/S006_R06_T06/S006_R06_T07/S006_R06_T08/S006_R06_T09/S006_R06_T10/S006_R06_T11/S006_R06_T12/S006_R06_T13/S006_R06_T14/S006_R14_T00/S006_R14_T01/S006_R14_T02/S006_R14_T03/S006_R14_T04/S006_R14_T05/S006_R14_T06/S006_R14_T07/S006_R14_T08/S006_R14_T09/S006_R14_T10/S006_R14_T11/S006_R14_T12/S006_R14_T13/S006_R14_T14,True,False,False,False,False,False,False,,0
6,6,target_lda,0,14,6/10,1/2/3/4/5/7/8/9/10/11/12/13/14/15/16/17/18/19/20,1/2/3/4/5/7/8/9/10/11/12/13/14/15/16/17/18/19/20,1/2/3/4/5/7/8/9/10/11/12/13/14/15/16/17/18/19/20,,0,0,0,S006_R06_T00/S006_R06_T01/S006_R06_T02/S006_R06_T03/S006_R06_T04/S006_R06_T05/S006_R06_T06/S006_R06_T07/S006_R06_T08/S006_R06_T09/S006_R06_T10/S006_R06_T11/S006_R06_T12/S006_R06_T13/S006_R06_T14/S006_R10_T00/S006_R10_T01/S006_R10_T02/S006_R10_T03/S006_R10_T04/S006_R10_T05/S006_R10_T06/S006_R10_T07/S006_R10_T08/S006_R10_T09/S006_R10_T10/S006_R10_T11/S006_R10_T12/S006_R10_T13/S006_R10_T14,True,False,False,False,False,False,False,,0
6,6,target_lda,4,6,10/14,1/2/3/4/5/7/8/9/10/11/12/13/14/15/16/17/18/19/20,1/2/3/4/5/7/8/9/10/11/12/13/14/15/16/17/18/19/20,1/2/3/4/5/7/8/9/10/11/12/13/14/15/16/17/18/19/20,S006_R06_T00/S006_R06_T01/S006_R06_T02/S006_R06_T03,4,2,2,S006_R10_T00/S006_R10_T01/S006_R10_T02/S006_R10_T03/S006_R10_T04/S006_R10_T05/S006_R10_T06/S006_R10_T07/S006_R10_T08/S006_R10_T09/S006_R10_T10/S006_R10_T11/S006_R10_T12/S006_R10_T13/S006_R10_T14/S006_R14_T00/S006_R14_T01/S006_R14_T02/S006_R14_T03/S006_R14_T04/S006_R14_T05/S006_R14_T06/S006_R14_T07/S006_R14_T08/S006_R14_T09/S006_R14_T10/S006_R14_T11/S006_R14_T12/S006_R14_T13/S006_R14_T14,True,False,False,False,False,False,True,,4
6,6,target_lda,4,10,6/14,1/2/3/4/5/7/8/9/10/11/12/13/14/15/16/17/18/19/20,1/2/3/4/5/7/8/9/10/11/12/13/14/15/16/17/18/19/20,1/2/3/4/5/7/8/9/10/11/12/13/14/15/16/17/18/19/20,S006_R10_T00/S006_R10_T01/S006_R10_T02/S006_R10_T03,4,2,2,S006_R06_T00/S006_R06_T01/S006_R06_T02/S006_R06_T03/S006_R06_T04/S006_R06_T05/S006_R06_T06/S006_R06_T07/S006_R06_T08/S006_R06_T09/S006_R06_T10/S006_R06_T11/S006_R06_T12/S006_R06_T13/S006_R06_T14/S006_R14_T00/S006_R14_T01/S006_R14_T02/S006_R14_T03/S006_R14_T04/S006_R14_T05/S006_R14_T06/S006_R14_T07/S006_R14_T08/S006_R14_T09/S006_R14_T10/S006_R14_T11/S006_R14_T12/S006_R14_T13/S006_R14_T14,True,False,False,False,False,False,True,,4
6,6,target_lda,4,14,6/10,1/2/3/4/5/7/8/9/10/11/12/13/14/15/16/17/18/19/20,1/2/3/4/5/7/8/9/10/11/12/13/14/15/16/17/18/19/20,1/2/3/4/5/7/8/9/10/11/12/13/14/15/16/17/18/19/20,S006_R14_T00/S006_R14_T01/S006_R14_T02/S006_R14_T03,4,2,2,S006_R06_T00/S006_R06_T01/S006_R06_T02/S006_R06_T03/S006_R06_T04/S006_R06_T05/S006_R06_T06/S006_R06_T07/S006_R06_T08/S006_R06_T09/S006_R06_T10/S006_R06_T11/S006_R06_T12/S006_R06_T13/S006_R06_T14/S006_R10_T00/S006_R10_T01/S006_R10_T02/S006_R10_T03/S006_R10_T04/S006_R10_T05/S006_R10_T06/S006_R10_T07/S006_R10_T08/S006_R10_T09/S006_R10_T10/S006_R10_T11/S006_R10_T12/S006_R10_T13/S006_R10_T14,True,False,False,False,False,False,True,,4
6,6,target_lda,8,6,10/14,1/2/3/4/5/7/8/9/10/11/12/13/14/15/16/17/18/19/20,1/2/3/4/5/7/8/9/10/11/12/13/14/15/16/17/18/19/20,1/2/3/4/5/7/8/9/10/11/12/13/14/15/16/17/18/19/20,S006_R06_T00/S006_R06_T01/S006_R06_T02/S006_R06_T03/S006_R06_T04/S006_R06_T05/S006_R06_T06/S006_R06_T07,8,4,4,S006_R10_T00/S006_R10_T01/S006_R10_T02/S006_R10_T03/S006_R10_T04/S006_R10_T05/S006_R10_T06/S006_R10_T07/S006_R10_T08/S006_R10_T09/S006_R10_T10/S006_R10_T11/S006_R10_T12/S006_R10_T13/S006_R10_T14/S006_R14_T00/S006_R14_T01/S006_R14_T02/S006_R14_T03/S006_R14_T04/S006_R14_T05/S006_R14_T06/S006_R14_T07/S006_R14_T08/S006_R14_T09/S006_R14_T10/S006_R14_T11/S006_R14_T12/S006_R14_T13/S006_R14_T14,True,False,False,False,False,False,True,,8
6,6,target_lda,8,10,6/14,1/2/3/4/5/7/8/9/10/11/12/13/14/15/16/17/18/19/20,1/2/3/4/5/7/8/9/10/11/12/13/14/15/16/17/18/19/20,1/2/3/4/5/7/8/9/10/11/12/13/14/15/16/17/18/19/20,S006_R10_T00/S006_R10_T01/S006_R10_T02/S006_R10_T03/S006_R10_T04/S006_R10_T05/S006_R10_T06/S006_R10_T07,8,4,4,S006_R06_T00/S006_R06_T01/S006_R06_T02/S006_R06_T03/S006_R06_T04/S006_R06_T05/S006_R06_T06/S006_R06_T07/S006_R06_T08/S006_R06_T09/S006_R06_T10/S006_R06_T11/S006_R06_T12/S006_R06_T13/S006_R06_T14/S006_R14_T00/S006_R14_T01/S006_R14_T02/S006_R14_T03/S006_R14_T04/S006_R14_T05/S006_R14_T06/S006_R14_T07/S006_R14_T08/S006_R14_T09/S006_R14_T10/S006_R14_T11/S006_R14_T12/S006_R14_T13/S006_R14_T14,True,False,False,False,False,False,True,,8
6,6,target_lda,8,14,6/10,1/2/3/4/5/7/8/9/10/11/12/13/14/15/16/17/18/19/20,1/2/3/4/5/7/8/9/10/11/12/13/14/15/16/17/18/19/20,1/2/3/4/5/7/8/9/10/11/12/13/14/15/16/17/18/19/20,S006_R14_T00/S006_R14_T01/S006_R14_T02/S006_R14_T03/S006_R14_T04/S006_R14_T05/S006_R14_T06/S006_R14_T07,8,4,4,S006_R06_T00/S006_R06_T01/S006_R06_T02/S006_R06_T03/S006_R06_T04/S006_R06_T05/S006_R06_T06/S006_R06_T07/S006_R06_T08/S006_R06_T09/S006_R06_T10/S006_R06_T11/S006_R06_T12/S006_R06_T13/S006_R06_T14/S006_R10_T00/S006_R10_T01/S006_R10_T02/S006_R10_T03/S006_R10_T04/S006_R10_T05/S006_R10_T06/S006_R10_T07/S006_R10_T08/S006_R10_T09/S006_R10_T10/S006_R10_T11/S006_R10_T12/S006_R10_T13/S006_R10_T14,True,False,False,False,False,False,True,,8
6,6,target_lda,12,6,10/14,1/2/3/4/5/7/8/9/10/11/12/13/14/15/16/17/18/19/20,1/2/3/4/5/7/8/9/10/11/12/13/14/15/16/17/18/19/20,1/2/3/4/5/7/8/9/10/11/12/13/14/15/16/17/18/19/20,S006_R06_T00/S006_R06_T01/S006_R06_T02/S006_R06_T03/S006_R06_T04/S006_R06_T05/S006_R06_T06/S006_R06_T07/S006_R06_T08/S006_R06_T09/S006_R06_T10/S006_R06_T11,12,6,6,S006_R10_T00/S006_R10_T01/S006_R10_T02/S006_R10_T03/S006_R10_T04/S006_R10_T05/S006_R10_T06/S006_R10_T07/S006_R10_T08/S006_R10_T09/S006_R10_T10/S006_R10_T11/S006_R10_T12/S006_R10_T13/S006_R10_T14/S006_R14_T00/S006_R14_T01/S006_R14_T02/S006_R14_T03/S006_R14_T04/S006_R14_T05/S006_R14_T06/S006_R14_T07/S006_R14_T08/S006_R14_T09/S006_R14_T10/S006_R14_T11/S006_R14_T12/S006_R14_T13/S006_R14_T14,True,False,False,False,False,False,True,,12
6,6,target_lda,12,10,6/14,1/2/3/4/5/7/8/9/10/11/12/13/14/15/16/17/18/19/20,1/2/3/4/5/7/8/9/10/11/12/13/14/15/16/17/18/19/20,1/2/3/4/5/7/8/9/10/11/12/13/14/15/16/17/18/19/20,S006_R10_T00/S006_R10_T01/S006_R10_T02/S006_R10_T03/S006_R10_T04/S006_R10_T05/S006_R10_T06/S006_R10_T07/S006_R10_T08/S006_R10_T09/S006_R10_T10/S006_R10_T11,12,6,6,S006_R06_T00/S006_R06_T01/S006_R06_T02/S006_R06_T03/S006_R06_T04/S006_R06_T05/S006_R06_T06/S006_R06_T07/S006_R06_T08/S006_R06_T09/S006_R06_T10/S006_R06_T11/S006_R06_T12/S006_R06_T13/S006_R06_T14/S006_R14_T00/S006_R14_T01/S006_R14_T02/S006_R14_T03/S006_R14_T04/S006_R14_T05/S006_R14_T06/S006_R14_T07/S006_R14_T08/S006_R14_T09/S006_R14_T10/S006_R14_T11/S006_R14_T12/S006_R14_T13/S006_R14_T14,True,False,False,False,False,False,True,,12
6,6,target_lda,12,14,6/10,1/2/3/4/5/7/8/9/10/11/12/13/14/15/16/17/18/19/20,1/2/3/4/5/7/8/9/10/11/12/13/14/15/16/17/18/19/20,1/2/3/4/5/7/8/9/10/11/12/13/14/15/16/17/18/19/20,S006_R14_T00/S006_R14_T01/S006_R14_T02/S006_R14_T03/S006_R14_T04/S006_R14_T05/S006_R14_T06/S006_R14_T07/S006_R14_T08/S006_R14_T09/S006_R14_T10/S006_R14_T11,12,6,6,S006_R06_T00/S006_R06_T01/S006_R06_T02/S006_R06_T03/S006_R06_T04/S006_R06_T05/S006_R06_T06/S006_R06_T07/S006_R06_T08/S006_R06_T09/S006_R06_T10/S006_R06_T11/S006_R06_T12/S006_R06_T13/S006_R06_T14/S006_R10_T00/S006_R10_T01/S006_R10_T02/S006_R10_T03/S006_R10_T04/S006_R10_T05/S006_R10_T06/S006_R10_T07/S006_R10_T08/S006_R10_T09/S006_R10_T10/S006_R10_T11/S006_R10_T12/S006_R10_T13/S006_R10_T14,True,False,False,False,False,False,True,,12
6,6,target_lda,14,6,10/14,1/2/3/4/5/7/8/9/10/11/12/13/14/15/16/17/18/19/20,1/2/3/4/5/7/8/9/10/11/12/13/14/15/16/17/18/19/20,1/2/3/4/5/7/8/9/10/11/12/13/14/15/16/17/18/19/20,S006_R06_T00/S006_R06_T01/S006_R06_T02/S006_R06_T03/S006_R06_T04/S006_R06_T05/S006_R06_T06/S006_R06_T07/S006_R06_T08/S006_R06_T09/S006_R06_T10/S006_R06_T11/S006_R06_T12/S006_R06_T13,14,7,7,S006_R10_T00/S006_R10_T01/S006_R10_T02/S006_R10_T03/S006_R10_T04/S006_R10_T05/S006_R10_T06/S006_R10_T07/S006_R10_T08/S006_R10_T09/S006_R10_T10/S006_R10_T11/S006_R10_T12/S006_R10_T13/S006_R10_T14/S006_R14_T00/S006_R14_T01/S006_R14_T02/S006_R14_T03/S006_R14_T04/S006_R14_T05/S006_R14_T06/S006_R14_T07/S006_R14_T08/S006_R14_T09/S006_R14_T10/S006_R14_T11/S006_R14_T12/S006_R14_T13/S006_R14_T14,True,False,False,False,False,False,True,,14
6,6,target_lda,14,10,6/14,1/2/3/4/5/7/8/9/10/11/12/13/14/15/16/17/18/19/20,1/2/3/4/5/7/8/9/10/11/12/13/14/15/16/17/18/19/20,1/2/3/4/5/7/8/9/10/11/12/13/14/15/16/17/18/19/20,S006_R10_T00/S006_R10_T01/S006_R10_T02/S006_R10_T03/S006_R10_T04/S006_R10_T05/S006_R10_T06/S006_R10_T07/S006_R10_T08/S006_R10_T09/S006_R10_T10/S006_R10_T11/S006_R10_T12/S006_R10_T13,14,7,7,S006_R06_T00/S006_R06_T01/S006_R06_T02/S006_R06_T03/S006_R06_T04/S006_R06_T05/S006_R06_T06/S006_R06_T07/S006_R06_T08/S006_R06_T09/S006_R06_T10/S006_R06_T11/S006_R06_T12/S006_R06_T13/S006_R06_T14/S006_R14_T00/S006_R14_T01/S006_R14_T02/S006_R14_T03/S006_R14_T04/S006_R14_T05/S006_R14_T06/S006_R14_T07/S006_R14_T08/S006_R14_T09/S006_R14_T10/S006_R14_T11/S006_R14_T12/S006_R14_T13/S006_R14_T14,True,False,False,False,False,False,True,,14
6,6,target_lda,14,14,6/10,1/2/3/4/5/7/8/9/10/11/12/13/14/15/16/17/18/19/20,1/2/3/4/5/7/8/9/10/11/12/13/14/15/16/17/18/19/20,1/2/3/4/5/7/8/9/10/11/12/13/14/15/16/17/18/19/20,S006_R14_T00/S006_R14_T01/S006_R14_T02/S006_R14_T03/S006_R14_T04/S006_R14_T05/S006_R14_T06/S006_R14_T07/S006_R14_T08/S006_R14_T09/S006_R14_T10/S006_R14_T11/S006_R14_T12/S006_R14_T13,14,7,7,S006_R06_T00/S006_R06_T01/S006_R06_T02/S006_R06_T03/S006_R06_T04/S006_R06_T05/S006_R06_T06/S006_R06_T07/S006_R06_T08/S006_R06_T09/S006_R06_T10/S006_R06_T11/S006_R06_T12/S006_R06_T13/S006_R06_T14/S006_R10_T00/S006_R10_T01/S006_R10_T02/S006_R10_T03/S006_R10_T04/S006_R10_T05/S006_R10_T06/S006_R10_T07/S006_R10_T08/S006_R10_T09/S006_R10_T10/S006_R10_T11/S006_R10_T12/S006_R10_T13/S006_R10_T14,True,False,False,False,False,False,True,,14
7,7,threshold,0,6,10/14,1/2/3/4/5/6/8/9/10/11/12/13/14/15/16/17/18/19/20,1/2/3/4/5/6/8/9/10/11/12/13/14/15/16/17/18/19/20,1/2/3/4/5/6/8/9/10/11/12/13/14/15/16/17/18/19/20,,0,0,0,S007_R10_T00/S007_R10_T01/S007_R10_T02/S007_R10_T03/S007_R10_T04/S007_R10_T05/S007_R10_T06/S007_R10_T07/S007_R10_T08/S007_R10_T09/S007_R10_T10/S007_R10_T11/S007_R10_T12/S007_R10_T13/S007_R10_T14/S007_R14_T00/S007_R14_T01/S007_R14_T02/S007_R14_T03/S007_R14_T04/S007_R14_T05/S007_R14_T06/S007_R14_T07/S007_R14_T08/S007_R14_T09/S007_R14_T10/S007_R14_T11/S007_R14_T12/S007_R14_T13/S007_R14_T14,True,False,False,False,False,False,False,,0
7,7,threshold,0,10,6/14,1/2/3/4/5/6/8/9/10/11/12/13/14/15/16/17/18/19/20,1/2/3/4/5/6/8/9/10/11/12/13/14/15/16/17/18/19/20,1/2/3/4/5/6/8/9/10/11/12/13/14/15/16/17/18/19/20,,0,0,0,S007_R06_T00/S007_R06_T01/S007_R06_T02/S007_R06_T03/S007_R06_T04/S007_R06_T05/S007_R06_T06/S007_R06_T07/S007_R06_T08/S007_R06_T09/S007_R06_T10/S007_R06_T11/S007_R06_T12/S007_R06_T13/S007_R06_T14/S007_R14_T00/S007_R14_T01/S007_R14_T02/S007_R14_T03/S007_R14_T04/S007_R14_T05/S007_R14_T06/S007_R14_T07/S007_R14_T08/S007_R14_T09/S007_R14_T10/S007_R14_T11/S007_R14_T12/S007_R14_T13/S007_R14_T14,True,False,False,False,False,False,False,,0
7,7,threshold,0,14,6/10,1/2/3/4/5/6/8/9/10/11/12/13/14/15/16/17/18/19/20,1/2/3/4/5/6/8/9/10/11/12/13/14/15/16/17/18/19/20,1/2/3/4/5/6/8/9/10/11/12/13/14/15/16/17/18/19/20,,0,0,0,S007_R06_T00/S007_R06_T01/S007_R06_T02/S007_R06_T03/S007_R06_T04/S007_R06_T05/S007_R06_T06/S007_R06_T07/S007_R06_T08/S007_R06_T09/S007_R06_T10/S007_R06_T11/S007_R06_T12/S007_R06_T13/S007_R06_T14/S007_R10_T00/S007_R10_T01/S007_R10_T02/S007_R10_T03/S007_R10_T04/S007_R10_T05/S007_R10_T06/S007_R10_T07/S007_R10_T08/S007_R10_T09/S007_R10_T10/S007_R10_T11/S007_R10_T12/S007_R10_T13/S007_R10_T14,True,False,False,False,False,False,False,,0
7,7,threshold,4,6,10/14,1/2/3/4/5/6/8/9/10/11/12/13/14/15/16/17/18/19/20,1/2/3/4/5/6/8/9/10/11/12/13/14/15/16/17/18/19/20,1/2/3/4/5/6/8/9/10/11/12/13/14/15/16/17/18/19/20,S007_R06_T00/S007_R06_T01/S007_R06_T02/S007_R06_T03,4,2,2,S007_R10_T00/S007_R10_T01/S007_R10_T02/S007_R10_T03/S007_R10_T04/S007_R10_T05/S007_R10_T06/S007_R10_T07/S007_R10_T08/S007_R10_T09/S007_R10_T10/S007_R10_T11/S007_R10_T12/S007_R10_T13/S007_R10_T14/S007_R14_T00/S007_R14_T01/S007_R14_T02/S007_R14_T03/S007_R14_T04/S007_R14_T05/S007_R14_T06/S007_R14_T07/S007_R14_T08/S007_R14_T09/S007_R14_T10/S007_R14_T11/S007_R14_T12/S007_R14_T13/S007_R14_T14,True,False,False,False,False,False,True,0.6976790611563777,0
7,7,threshold,4,10,6/14,1/2/3/4/5/6/8/9/10/11/12/13/14/15/16/17/18/19/20,1/2/3/4/5/6/8/9/10/11/12/13/14/15/16/17/18/19/20,1/2/3/4/5/6/8/9/10/11/12/13/14/15/16/17/18/19/20,S007_R10_T00/S007_R10_T01/S007_R10_T02/S007_R10_T03,4,2,2,S007_R06_T00/S007_R06_T01/S007_R06_T02/S007_R06_T03/S007_R06_T04/S007_R06_T05/S007_R06_T06/S007_R06_T07/S007_R06_T08/S007_R06_T09/S007_R06_T10/S007_R06_T11/S007_R06_T12/S007_R06_T13/S007_R06_T14/S007_R14_T00/S007_R14_T01/S007_R14_T02/S007_R14_T03/S007_R14_T04/S007_R14_T05/S007_R14_T06/S007_R14_T07/S007_R14_T08/S007_R14_T09/S007_R14_T10/S007_R14_T11/S007_R14_T12/S007_R14_T13/S007_R14_T14,True,False,False,False,False,False,True,0.13400347412228975,0
7,7,threshold,4,14,6/10,1/2/3/4/5/6/8/9/10/11/12/13/14/15/16/17/18/19/20,1/2/3/4/5/6/8/9/10/11/12/13/14/15/16/17/18/19/20,1/2/3/4/5/6/8/9/10/11/12/13/14/15/16/17/18/19/20,S007_R14_T00/S007_R14_T01/S007_R14_T02/S007_R14_T03,4,2,2,S007_R06_T00/S007_R06_T01/S007_R06_T02/S007_R06_T03/S007_R06_T04/S007_R06_T05/S007_R06_T06/S007_R06_T07/S007_R06_T08/S007_R06_T09/S007_R06_T10/S007_R06_T11/S007_R06_T12/S007_R06_T13/S007_R06_T14/S007_R10_T00/S007_R10_T01/S007_R10_T02/S007_R10_T03/S007_R10_T04/S007_R10_T05/S007_R10_T06/S007_R10_T07/S007_R10_T08/S007_R10_T09/S007_R10_T10/S007_R10_T11/S007_R10_T12/S007_R10_T13/S007_R10_T14,True,False,False,False,False,False,True,-0.07663764652128846,0
7,7,threshold,8,6,10/14,1/2/3/4/5/6/8/9/10/11/12/13/14/15/16/17/18/19/20,1/2/3/4/5/6/8/9/10/11/12/13/14/15/16/17/18/19/20,1/2/3/4/5/6/8/9/10/11/12/13/14/15/16/17/18/19/20,S007_R06_T00/S007_R06_T01/S007_R06_T02/S007_R06_T03/S007_R06_T04/S007_R06_T05/S007_R06_T06/S007_R06_T07,8,4,4,S007_R10_T00/S007_R10_T01/S007_R10_T02/S007_R10_T03/S007_R10_T04/S007_R10_T05/S007_R10_T06/S007_R10_T07/S007_R10_T08/S007_R10_T09/S007_R10_T10/S007_R10_T11/S007_R10_T12/S007_R10_T13/S007_R10_T14/S007_R14_T00/S007_R14_T01/S007_R14_T02/S007_R14_T03/S007_R14_T04/S007_R14_T05/S007_R14_T06/S007_R14_T07/S007_R14_T08/S007_R14_T09/S007_R14_T10/S007_R14_T11/S007_R14_T12/S007_R14_T13/S007_R14_T14,True,False,False,False,False,False,True,0.7240780053506388,0
7,7,threshold,8,10,6/14,1/2/3/4/5/6/8/9/10/11/12/13/14/15/16/17/18/19/20,1/2/3/4/5/6/8/9/10/11/12/13/14/15/16/17/18/19/20,1/2/3/4/5/6/8/9/10/11/12/13/14/15/16/17/18/19/20,S007_R10_T00/S007_R10_T01/S007_R10_T02/S007_R10_T03/S007_R10_T04/S007_R10_T05/S007_R10_T06/S007_R10_T07,8,4,4,S007_R06_T00/S007_R06_T01/S007_R06_T02/S007_R06_T03/S007_R06_T04/S007_R06_T05/S007_R06_T06/S007_R06_T07/S007_R06_T08/S007_R06_T09/S007_R06_T10/S007_R06_T11/S007_R06_T12/S007_R06_T13/S007_R06_T14/S007_R14_T00/S007_R14_T01/S007_R14_T02/S007_R14_T03/S007_R14_T04/S007_R14_T05/S007_R14_T06/S007_R14_T07/S007_R14_T08/S007_R14_T09/S007_R14_T10/S007_R14_T11/S007_R14_T12/S007_R14_T13/S007_R14_T14,True,False,False,False,False,False,True,0.13400347412228975,0
7,7,threshold,8,14,6/10,1/2/3/4/5/6/8/9/10/11/12/13/14/15/16/17/18/19/20,1/2/3/4/5/6/8/9/10/11/12/13/14/15/16/17/18/19/20,1/2/3/4/5/6/8/9/10/11/12/13/14/15/16/17/18/19/20,S007_R14_T00/S007_R14_T01/S007_R14_T02/S007_R14_T03/S007_R14_T04/S007_R14_T05/S007_R14_T06/S007_R14_T07,8,4,4,S007_R06_T00/S007_R06_T01/S007_R06_T02/S007_R06_T03/S007_R06_T04/S007_R06_T05/S007_R06_T06/S007_R06_T07/S007_R06_T08/S007_R06_T09/S007_R06_T10/S007_R06_T11/S007_R06_T12/S007_R06_T13/S007_R06_T14/S007_R10_T00/S007_R10_T01/S007_R10_T02/S007_R10_T03/S007_R10_T04/S007_R10_T05/S007_R10_T06/S007_R10_T07/S007_R10_T08/S007_R10_T09/S007_R10_T10/S007_R10_T11/S007_R10_T12/S007_R10_T13/S007_R10_T14,True,False,False,False,False,False,True,-0.3203675572052678,0
7,7,threshold,12,6,10/14,1/2/3/4/5/6/8/9/10/11/12/13/14/15/16/17/18/19/20,1/2/3/4/5/6/8/9/10/11/12/13/14/15/16/17/18/19/20,1/2/3/4/5/6/8/9/10/11/12/13/14/15/16/17/18/19/20,S007_R06_T00/S007_R06_T01/S007_R06_T02/S007_R06_T03/S007_R06_T04/S007_R06_T05/S007_R06_T06/S007_R06_T07/S007_R06_T08/S007_R06_T09/S007_R06_T10/S007_R06_T11,12,6,6,S007_R10_T00/S007_R10_T01/S007_R10_T02/S007_R10_T03/S007_R10_T04/S007_R10_T05/S007_R10_T06/S007_R10_T07/S007_R10_T08/S007_R10_T09/S007_R10_T10/S007_R10_T11/S007_R10_T12/S007_R10_T13/S007_R10_T14/S007_R14_T00/S007_R14_T01/S007_R14_T02/S007_R14_T03/S007_R14_T04/S007_R14_T05/S007_R14_T06/S007_R14_T07/S007_R14_T08/S007_R14_T09/S007_R14_T10/S007_R14_T11/S007_R14_T12/S007_R14_T13/S007_R14_T14,True,False,False,False,False,False,True,0.38930953741936597,0
7,7,threshold,12,10,6/14,1/2/3/4/5/6/8/9/10/11/12/13/14/15/16/17/18/19/20,1/2/3/4/5/6/8/9/10/11/12/13/14/15/16/17/18/19/20,1/2/3/4/5/6/8/9/10/11/12/13/14/15/16/17/18/19/20,S007_R10_T00/S007_R10_T01/S007_R10_T02/S007_R10_T03/S007_R10_T04/S007_R10_T05/S007_R10_T06/S007_R10_T07/S007_R10_T08/S007_R10_T09/S007_R10_T10/S007_R10_T11,12,6,6,S007_R06_T00/S007_R06_T01/S007_R06_T02/S007_R06_T03/S007_R06_T04/S007_R06_T05/S007_R06_T06/S007_R06_T07/S007_R06_T08/S007_R06_T09/S007_R06_T10/S007_R06_T11/S007_R06_T12/S007_R06_T13/S007_R06_T14/S007_R14_T00/S007_R14_T01/S007_R14_T02/S007_R14_T03/S007_R14_T04/S007_R14_T05/S007_R14_T06/S007_R14_T07/S007_R14_T08/S007_R14_T09/S007_R14_T10/S007_R14_T11/S007_R14_T12/S007_R14_T13/S007_R14_T14,True,False,False,False,False,False,True,0.48198472817634447,0
7,7,threshold,12,14,6/10,1/2/3/4/5/6/8/9/10/11/12/13/14/15/16/17/18/19/20,1/2/3/4/5/6/8/9/10/11/12/13/14/15/16/17/18/19/20,1/2/3/4/5/6/8/9/10/11/12/13/14/15/16/17/18/19/20,S007_R14_T00/S007_R14_T01/S007_R14_T02/S007_R14_T03/S007_R14_T04/S007_R14_T05/S007_R14_T06/S007_R14_T07/S007_R14_T08/S007_R14_T09/S007_R14_T10/S007_R14_T11,12,6,6,S007_R06_T00/S007_R06_T01/S007_R06_T02/S007_R06_T03/S007_R06_T04/S007_R06_T05/S007_R06_T06/S007_R06_T07/S007_R06_T08/S007_R06_T09/S007_R06_T10/S007_R06_T11/S007_R06_T12/S007_R06_T13/S007_R06_T14/S007_R10_T00/S007_R10_T01/S007_R10_T02/S007_R10_T03/S007_R10_T04/S007_R10_T05/S007_R10_T06/S007_R10_T07/S007_R10_T08/S007_R10_T09/S007_R10_T10/S007_R10_T11/S007_R10_T12/S007_R10_T13/S007_R10_T14,True,False,False,False,False,False,True,-0.3203675572052678,0
7,7,threshold,14,6,10/14,1/2/3/4/5/6/8/9/10/11/12/13/14/15/16/17/18/19/20,1/2/3/4/5/6/8/9/10/11/12/13/14/15/16/17/18/19/20,1/2/3/4/5/6/8/9/10/11/12/13/14/15/16/17/18/19/20,S007_R06_T00/S007_R06_T01/S007_R06_T02/S007_R06_T03/S007_R06_T04/S007_R06_T05/S007_R06_T06/S007_R06_T07/S007_R06_T08/S007_R06_T09/S007_R06_T10/S007_R06_T11/S007_R06_T12/S007_R06_T13,14,7,7,S007_R10_T00/S007_R10_T01/S007_R10_T02/S007_R10_T03/S007_R10_T04/S007_R10_T05/S007_R10_T06/S007_R10_T07/S007_R10_T08/S007_R10_T09/S007_R10_T10/S007_R10_T11/S007_R10_T12/S007_R10_T13/S007_R10_T14/S007_R14_T00/S007_R14_T01/S007_R14_T02/S007_R14_T03/S007_R14_T04/S007_R14_T05/S007_R14_T06/S007_R14_T07/S007_R14_T08/S007_R14_T09/S007_R14_T10/S007_R14_T11/S007_R14_T12/S007_R14_T13/S007_R14_T14,True,False,False,False,False,False,True,0.38930953741936597,0
7,7,threshold,14,10,6/14,1/2/3/4/5/6/8/9/10/11/12/13/14/15/16/17/18/19/20,1/2/3/4/5/6/8/9/10/11/12/13/14/15/16/17/18/19/20,1/2/3/4/5/6/8/9/10/11/12/13/14/15/16/17/18/19/20,S007_R10_T00/S007_R10_T01/S007_R10_T02/S007_R10_T03/S007_R10_T04/S007_R10_T05/S007_R10_T06/S007_R10_T07/S007_R10_T08/S007_R10_T09/S007_R10_T10/S007_R10_T11/S007_R10_T12/S007_R10_T13,14,7,7,S007_R06_T00/S007_R06_T01/S007_R06_T02/S007_R06_T03/S007_R06_T04/S007_R06_T05/S007_R06_T06/S007_R06_T07/S007_R06_T08/S007_R06_T09/S007_R06_T10/S007_R06_T11/S007_R06_T12/S007_R06_T13/S007_R06_T14/S007_R14_T00/S007_R14_T01/S007_R14_T02/S007_R14_T03/S007_R14_T04/S007_R14_T05/S007_R14_T06/S007_R14_T07/S007_R14_T08/S007_R14_T09/S007_R14_T10/S007_R14_T11/S007_R14_T12/S007_R14_T13/S007_R14_T14,True,False,False,False,False,False,True,0.48198472817634447,0
7,7,threshold,14,14,6/10,1/2/3/4/5/6/8/9/10/11/12/13/14/15/16/17/18/19/20,1/2/3/4/5/6/8/9/10/11/12/13/14/15/16/17/18/19/20,1/2/3/4/5/6/8/9/10/11/12/13/14/15/16/17/18/19/20,S007_R14_T00/S007_R14_T01/S007_R14_T02/S007_R14_T03/S007_R14_T04/S007_R14_T05/S007_R14_T06/S007_R14_T07/S007_R14_T08/S007_R14_T09/S007_R14_T10/S007_R14_T11/S007_R14_T12/S007_R14_T13,14,7,7,S007_R06_T00/S007_R06_T01/S007_R06_T02/S007_R06_T03/S007_R06_T04/S007_R06_T05/S007_R06_T06/S007_R06_T07/S007_R06_T08/S007_R06_T09/S007_R06_T10/S007_R06_T11/S007_R06_T12/S007_R06_T13/S007_R06_T14/S007_R10_T00/S007_R10_T01/S007_R10_T02/S007_R10_T03/S007_R10_T04/S007_R10_T05/S007_R10_T06/S007_R10_T07/S007_R10_T08/S007_R10_T09/S007_R10_T10/S007_R10_T11/S007_R10_T12/S007_R10_T13/S007_R10_T14,True,False,False,False,False,False,True,-0.3203675572052678,0
7,7,target_lda,0,6,10/14,1/2/3/4/5/6/8/9/10/11/12/13/14/15/16/17/18/19/20,1/2/3/4/5/6/8/9/10/11/12/13/14/15/16/17/18/19/20,1/2/3/4/5/6/8/9/10/11/12/13/14/15/16/17/18/19/20,,0,0,0,S007_R10_T00/S007_R10_T01/S007_R10_T02/S007_R10_T03/S007_R10_T04/S007_R10_T05/S007_R10_T06/S007_R10_T07/S007_R10_T08/S007_R10_T09/S007_R10_T10/S007_R10_T11/S007_R10_T12/S007_R10_T13/S007_R10_T14/S007_R14_T00/S007_R14_T01/S007_R14_T02/S007_R14_T03/S007_R14_T04/S007_R14_T05/S007_R14_T06/S007_R14_T07/S007_R14_T08/S007_R14_T09/S007_R14_T10/S007_R14_T11/S007_R14_T12/S007_R14_T13/S007_R14_T14,True,False,False,False,False,False,False,,0
7,7,target_lda,0,10,6/14,1/2/3/4/5/6/8/9/10/11/12/13/14/15/16/17/18/19/20,1/2/3/4/5/6/8/9/10/11/12/13/14/15/16/17/18/19/20,1/2/3/4/5/6/8/9/10/11/12/13/14/15/16/17/18/19/20,,0,0,0,S007_R06_T00/S007_R06_T01/S007_R06_T02/S007_R06_T03/S007_R06_T04/S007_R06_T05/S007_R06_T06/S007_R06_T07/S007_R06_T08/S007_R06_T09/S007_R06_T10/S007_R06_T11/S007_R06_T12/S007_R06_T13/S007_R06_T14/S007_R14_T00/S007_R14_T01/S007_R14_T02/S007_R14_T03/S007_R14_T04/S007_R14_T05/S007_R14_T06/S007_R14_T07/S007_R14_T08/S007_R14_T09/S007_R14_T10/S007_R14_T11/S007_R14_T12/S007_R14_T13/S007_R14_T14,True,False,False,False,False,False,False,,0
7,7,target_lda,0,14,6/10,1/2/3/4/5/6/8/9/10/11/12/13/14/15/16/17/18/19/20,1/2/3/4/5/6/8/9/10/11/12/13/14/15/16/17/18/19/20,1/2/3/4/5/6/8/9/10/11/12/13/14/15/16/17/18/19/20,,0,0,0,S007_R06_T00/S007_R06_T01/S007_R06_T02/S007_R06_T03/S007_R06_T04/S007_R06_T05/S007_R06_T06/S007_R06_T07/S007_R06_T08/S007_R06_T09/S007_R06_T10/S007_R06_T11/S007_R06_T12/S007_R06_T13/S007_R06_T14/S007_R10_T00/S007_R10_T01/S007_R10_T02/S007_R10_T03/S007_R10_T04/S007_R10_T05/S007_R10_T06/S007_R10_T07/S007_R10_T08/S007_R10_T09/S007_R10_T10/S007_R10_T11/S007_R10_T12/S007_R10_T13/S007_R10_T14,True,False,False,False,False,False,False,,0
7,7,target_lda,4,6,10/14,1/2/3/4/5/6/8/9/10/11/12/13/14/15/16/17/18/19/20,1/2/3/4/5/6/8/9/10/11/12/13/14/15/16/17/18/19/20,1/2/3/4/5/6/8/9/10/11/12/13/14/15/16/17/18/19/20,S007_R06_T00/S007_R06_T01/S007_R06_T02/S007_R06_T03,4,2,2,S007_R10_T00/S007_R10_T01/S007_R10_T02/S007_R10_T03/S007_R10_T04/S007_R10_T05/S007_R10_T06/S007_R10_T07/S007_R10_T08/S007_R10_T09/S007_R10_T10/S007_R10_T11/S007_R10_T12/S007_R10_T13/S007_R10_T14/S007_R14_T00/S007_R14_T01/S007_R14_T02/S007_R14_T03/S007_R14_T04/S007_R14_T05/S007_R14_T06/S007_R14_T07/S007_R14_T08/S007_R14_T09/S007_R14_T10/S007_R14_T11/S007_R14_T12/S007_R14_T13/S007_R14_T14,True,False,False,False,False,False,True,,4
7,7,target_lda,4,10,6/14,1/2/3/4/5/6/8/9/10/11/12/13/14/15/16/17/18/19/20,1/2/3/4/5/6/8/9/10/11/12/13/14/15/16/17/18/19/20,1/2/3/4/5/6/8/9/10/11/12/13/14/15/16/17/18/19/20,S007_R10_T00/S007_R10_T01/S007_R10_T02/S007_R10_T03,4,2,2,S007_R06_T00/S007_R06_T01/S007_R06_T02/S007_R06_T03/S007_R06_T04/S007_R06_T05/S007_R06_T06/S007_R06_T07/S007_R06_T08/S007_R06_T09/S007_R06_T10/S007_R06_T11/S007_R06_T12/S007_R06_T13/S007_R06_T14/S007_R14_T00/S007_R14_T01/S007_R14_T02/S007_R14_T03/S007_R14_T04/S007_R14_T05/S007_R14_T06/S007_R14_T07/S007_R14_T08/S007_R14_T09/S007_R14_T10/S007_R14_T11/S007_R14_T12/S007_R14_T13/S007_R14_T14,True,False,False,False,False,False,True,,4
7,7,target_lda,4,14,6/10,1/2/3/4/5/6/8/9/10/11/12/13/14/15/16/17/18/19/20,1/2/3/4/5/6/8/9/10/11/12/13/14/15/16/17/18/19/20,1/2/3/4/5/6/8/9/10/11/12/13/14/15/16/17/18/19/20,S007_R14_T00/S007_R14_T01/S007_R14_T02/S007_R14_T03,4,2,2,S007_R06_T00/S007_R06_T01/S007_R06_T02/S007_R06_T03/S007_R06_T04/S007_R06_T05/S007_R06_T06/S007_R06_T07/S007_R06_T08/S007_R06_T09/S007_R06_T10/S007_R06_T11/S007_R06_T12/S007_R06_T13/S007_R06_T14/S007_R10_T00/S007_R10_T01/S007_R10_T02/S007_R10_T03/S007_R10_T04/S007_R10_T05/S007_R10_T06/S007_R10_T07/S007_R10_T08/S007_R10_T09/S007_R10_T10/S007_R10_T11/S007_R10_T12/S007_R10_T13/S007_R10_T14,True,False,False,False,False,False,True,,4
7,7,target_lda,8,6,10/14,1/2/3/4/5/6/8/9/10/11/12/13/14/15/16/17/18/19/20,1/2/3/4/5/6/8/9/10/11/12/13/14/15/16/17/18/19/20,1/2/3/4/5/6/8/9/10/11/12/13/14/15/16/17/18/19/20,S007_R06_T00/S007_R06_T01/S007_R06_T02/S007_R06_T03/S007_R06_T04/S007_R06_T05/S007_R06_T06/S007_R06_T07,8,4,4,S007_R10_T00/S007_R10_T01/S007_R10_T02/S007_R10_T03/S007_R10_T04/S007_R10_T05/S007_R10_T06/S007_R10_T07/S007_R10_T08/S007_R10_T09/S007_R10_T10/S007_R10_T11/S007_R10_T12/S007_R10_T13/S007_R10_T14/S007_R14_T00/S007_R14_T01/S007_R14_T02/S007_R14_T03/S007_R14_T04/S007_R14_T05/S007_R14_T06/S007_R14_T07/S007_R14_T08/S007_R14_T09/S007_R14_T10/S007_R14_T11/S007_R14_T12/S007_R14_T13/S007_R14_T14,True,False,False,False,False,False,True,,8
7,7,target_lda,8,10,6/14,1/2/3/4/5/6/8/9/10/11/12/13/14/15/16/17/18/19/20,1/2/3/4/5/6/8/9/10/11/12/13/14/15/16/17/18/19/20,1/2/3/4/5/6/8/9/10/11/12/13/14/15/16/17/18/19/20,S007_R10_T00/S007_R10_T01/S007_R10_T02/S007_R10_T03/S007_R10_T04/S007_R10_T05/S007_R10_T06/S007_R10_T07,8,4,4,S007_R06_T00/S007_R06_T01/S007_R06_T02/S007_R06_T03/S007_R06_T04/S007_R06_T05/S007_R06_T06/S007_R06_T07/S007_R06_T08/S007_R06_T09/S007_R06_T10/S007_R06_T11/S007_R06_T12/S007_R06_T13/S007_R06_T14/S007_R14_T00/S007_R14_T01/S007_R14_T02/S007_R14_T03/S007_R14_T04/S007_R14_T05/S007_R14_T06/S007_R14_T07/S007_R14_T08/S007_R14_T09/S007_R14_T10/S007_R14_T11/S007_R14_T12/S007_R14_T13/S007_R14_T14,True,False,False,False,False,False,True,,8
7,7,target_lda,8,14,6/10,1/2/3/4/5/6/8/9/10/11/12/13/14/15/16/17/18/19/20,1/2/3/4/5/6/8/9/10/11/12/13/14/15/16/17/18/19/20,1/2/3/4/5/6/8/9/10/11/12/13/14/15/16/17/18/19/20,S007_R14_T00/S007_R14_T01/S007_R14_T02/S007_R14_T03/S007_R14_T04/S007_R14_T05/S007_R14_T06/S007_R14_T07,8,4,4,S007_R06_T00/S007_R06_T01/S007_R06_T02/S007_R06_T03/S007_R06_T04/S007_R06_T05/S007_R06_T06/S007_R06_T07/S007_R06_T08/S007_R06_T09/S007_R06_T10/S007_R06_T11/S007_R06_T12/S007_R06_T13/S007_R06_T14/S007_R10_T00/S007_R10_T01/S007_R10_T02/S007_R10_T03/S007_R10_T04/S007_R10_T05/S007_R10_T06/S007_R10_T07/S007_R10_T08/S007_R10_T09/S007_R10_T10/S007_R10_T11/S007_R10_T12/S007_R10_T13/S007_R10_T14,True,False,False,False,False,False,True,,8
7,7,target_lda,12,6,10/14,1/2/3/4/5/6/8/9/10/11/12/13/14/15/16/17/18/19/20,1/2/3/4/5/6/8/9/10/11/12/13/14/15/16/17/18/19/20,1/2/3/4/5/6/8/9/10/11/12/13/14/15/16/17/18/19/20,S007_R06_T00/S007_R06_T01/S007_R06_T02/S007_R06_T03/S007_R06_T04/S007_R06_T05/S007_R06_T06/S007_R06_T07/S007_R06_T08/S007_R06_T09/S007_R06_T10/S007_R06_T11,12,6,6,S007_R10_T00/S007_R10_T01/S007_R10_T02/S007_R10_T03/S007_R10_T04/S007_R10_T05/S007_R10_T06/S007_R10_T07/S007_R10_T08/S007_R10_T09/S007_R10_T10/S007_R10_T11/S007_R10_T12/S007_R10_T13/S007_R10_T14/S007_R14_T00/S007_R14_T01/S007_R14_T02/S007_R14_T03/S007_R14_T04/S007_R14_T05/S007_R14_T06/S007_R14_T07/S007_R14_T08/S007_R14_T09/S007_R14_T10/S007_R14_T11/S007_R14_T12/S007_R14_T13/S007_R14_T14,True,False,False,False,False,False,True,,12
7,7,target_lda,12,10,6/14,1/2/3/4/5/6/8/9/10/11/12/13/14/15/16/17/18/19/20,1/2/3/4/5/6/8/9/10/11/12/13/14/15/16/17/18/19/20,1/2/3/4/5/6/8/9/10/11/12/13/14/15/16/17/18/19/20,S007_R10_T00/S007_R10_T01/S007_R10_T02/S007_R10_T03/S007_R10_T04/S007_R10_T05/S007_R10_T06/S007_R10_T07/S007_R10_T08/S007_R10_T09/S007_R10_T10/S007_R10_T11,12,6,6,S007_R06_T00/S007_R06_T01/S007_R06_T02/S007_R06_T03/S007_R06_T04/S007_R06_T05/S007_R06_T06/S007_R06_T07/S007_R06_T08/S007_R06_T09/S007_R06_T10/S007_R06_T11/S007_R06_T12/S007_R06_T13/S007_R06_T14/S007_R14_T00/S007_R14_T01/S007_R14_T02/S007_R14_T03/S007_R14_T04/S007_R14_T05/S007_R14_T06/S007_R14_T07/S007_R14_T08/S007_R14_T09/S007_R14_T10/S007_R14_T11/S007_R14_T12/S007_R14_T13/S007_R14_T14,True,False,False,False,False,False,True,,12
7,7,target_lda,12,14,6/10,1/2/3/4/5/6/8/9/10/11/12/13/14/15/16/17/18/19/20,1/2/3/4/5/6/8/9/10/11/12/13/14/15/16/17/18/19/20,1/2/3/4/5/6/8/9/10/11/12/13/14/15/16/17/18/19/20,S007_R14_T00/S007_R14_T01/S007_R14_T02/S007_R14_T03/S007_R14_T04/S007_R14_T05/S007_R14_T06/S007_R14_T07/S007_R14_T08/S007_R14_T09/S007_R14_T10/S007_R14_T11,12,6,6,S007_R06_T00/S007_R06_T01/S007_R06_T02/S007_R06_T03/S007_R06_T04/S007_R06_T05/S007_R06_T06/S007_R06_T07/S007_R06_T08/S007_R06_T09/S007_R06_T10/S007_R06_T11/S007_R06_T12/S007_R06_T13/S007_R06_T14/S007_R10_T00/S007_R10_T01/S007_R10_T02/S007_R10_T03/S007_R10_T04/S007_R10_T05/S007_R10_T06/S007_R10_T07/S007_R10_T08/S007_R10_T09/S007_R10_T10/S007_R10_T11/S007_R10_T12/S007_R10_T13/S007_R10_T14,True,False,False,False,False,False,True,,12
7,7,target_lda,14,6,10/14,1/2/3/4/5/6/8/9/10/11/12/13/14/15/16/17/18/19/20,1/2/3/4/5/6/8/9/10/11/12/13/14/15/16/17/18/19/20,1/2/3/4/5/6/8/9/10/11/12/13/14/15/16/17/18/19/20,S007_R06_T00/S007_R06_T01/S007_R06_T02/S007_R06_T03/S007_R06_T04/S007_R06_T05/S007_R06_T06/S007_R06_T07/S007_R06_T08/S007_R06_T09/S007_R06_T10/S007_R06_T11/S007_R06_T12/S007_R06_T13,14,7,7,S007_R10_T00/S007_R10_T01/S007_R10_T02/S007_R10_T03/S007_R10_T04/S007_R10_T05/S007_R10_T06/S007_R10_T07/S007_R10_T08/S007_R10_T09/S007_R10_T10/S007_R10_T11/S007_R10_T12/S007_R10_T13/S007_R10_T14/S007_R14_T00/S007_R14_T01/S007_R14_T02/S007_R14_T03/S007_R14_T04/S007_R14_T05/S007_R14_T06/S007_R14_T07/S007_R14_T08/S007_R14_T09/S007_R14_T10/S007_R14_T11/S007_R14_T12/S007_R14_T13/S007_R14_T14,True,False,False,False,False,False,True,,14
7,7,target_lda,14,10,6/14,1/2/3/4/5/6/8/9/10/11/12/13/14/15/16/17/18/19/20,1/2/3/4/5/6/8/9/10/11/12/13/14/15/16/17/18/19/20,1/2/3/4/5/6/8/9/10/11/12/13/14/15/16/17/18/19/20,S007_R10_T00/S007_R10_T01/S007_R10_T02/S007_R10_T03/S007_R10_T04/S007_R10_T05/S007_R10_T06/S007_R10_T07/S007_R10_T08/S007_R10_T09/S007_R10_T10/S007_R10_T11/S007_R10_T12/S007_R10_T13,14,7,7,S007_R06_T00/S007_R06_T01/S007_R06_T02/S007_R06_T03/S007_R06_T04/S007_R06_T05/S007_R06_T06/S007_R06_T07/S007_R06_T08/S007_R06_T09/S007_R06_T10/S007_R06_T11/S007_R06_T12/S007_R06_T13/S007_R06_T14/S007_R14_T00/S007_R14_T01/S007_R14_T02/S007_R14_T03/S007_R14_T04/S007_R14_T05/S007_R14_T06/S007_R14_T07/S007_R14_T08/S007_R14_T09/S007_R14_T10/S007_R14_T11/S007_R14_T12/S007_R14_T13/S007_R14_T14,True,False,False,False,False,False,True,,14
7,7,target_lda,14,14,6/10,1/2/3/4/5/6/8/9/10/11/12/13/14/15/16/17/18/19/20,1/2/3/4/5/6/8/9/10/11/12/13/14/15/16/17/18/19/20,1/2/3/4/5/6/8/9/10/11/12/13/14/15/16/17/18/19/20,S007_R14_T00/S007_R14_T01/S007_R14_T02/S007_R14_T03/S007_R14_T04/S007_R14_T05/S007_R14_T06/S007_R14_T07/S007_R14_T08/S007_R14_T09/S007_R14_T10/S007_R14_T11/S007_R14_T12/S007_R14_T13,14,7,7,S007_R06_T00/S007_R06_T01/S007_R06_T02/S007_R06_T03/S007_R06_T04/S007_R06_T05/S007_R06_T06/S007_R06_T07/S007_R06_T08/S007_R06_T09/S007_R06_T10/S007_R06_T11/S007_R06_T12/S007_R06_T13/S007_R06_T14/S007_R10_T00/S007_R10_T01/S007_R10_T02/S007_R10_T03/S007_R10_T04/S007_R10_T05/S007_R10_T06/S007_R10_T07/S007_R10_T08/S007_R10_T09/S007_R10_T10/S007_R10_T11/S007_R10_T12/S007_R10_T13/S007_R10_T14,True,False,False,False,False,False,True,,14
8,8,threshold,0,6,10/14,1/2/3/4/5/6/7/9/10/11/12/13/14/15/16/17/18/19/20,1/2/3/4/5/6/7/9/10/11/12/13/14/15/16/17/18/19/20,1/2/3/4/5/6/7/9/10/11/12/13/14/15/16/17/18/19/20,,0,0,0,S008_R10_T00/S008_R10_T01/S008_R10_T02/S008_R10_T03/S008_R10_T04/S008_R10_T05/S008_R10_T06/S008_R10_T07/S008_R10_T08/S008_R10_T09/S008_R10_T10/S008_R10_T11/S008_R10_T12/S008_R10_T13/S008_R10_T14/S008_R14_T00/S008_R14_T01/S008_R14_T02/S008_R14_T03/S008_R14_T04/S008_R14_T05/S008_R14_T06/S008_R14_T07/S008_R14_T08/S008_R14_T09/S008_R14_T10/S008_R14_T11/S008_R14_T12/S008_R14_T13/S008_R14_T14,True,False,False,False,False,False,False,,0
8,8,threshold,0,10,6/14,1/2/3/4/5/6/7/9/10/11/12/13/14/15/16/17/18/19/20,1/2/3/4/5/6/7/9/10/11/12/13/14/15/16/17/18/19/20,1/2/3/4/5/6/7/9/10/11/12/13/14/15/16/17/18/19/20,,0,0,0,S008_R06_T00/S008_R06_T01/S008_R06_T02/S008_R06_T03/S008_R06_T04/S008_R06_T05/S008_R06_T06/S008_R06_T07/S008_R06_T08/S008_R06_T09/S008_R06_T10/S008_R06_T11/S008_R06_T12/S008_R06_T13/S008_R06_T14/S008_R14_T00/S008_R14_T01/S008_R14_T02/S008_R14_T03/S008_R14_T04/S008_R14_T05/S008_R14_T06/S008_R14_T07/S008_R14_T08/S008_R14_T09/S008_R14_T10/S008_R14_T11/S008_R14_T12/S008_R14_T13/S008_R14_T14,True,False,False,False,False,False,False,,0
8,8,threshold,0,14,6/10,1/2/3/4/5/6/7/9/10/11/12/13/14/15/16/17/18/19/20,1/2/3/4/5/6/7/9/10/11/12/13/14/15/16/17/18/19/20,1/2/3/4/5/6/7/9/10/11/12/13/14/15/16/17/18/19/20,,0,0,0,S008_R06_T00/S008_R06_T01/S008_R06_T02/S008_R06_T03/S008_R06_T04/S008_R06_T05/S008_R06_T06/S008_R06_T07/S008_R06_T08/S008_R06_T09/S008_R06_T10/S008_R06_T11/S008_R06_T12/S008_R06_T13/S008_R06_T14/S008_R10_T00/S008_R10_T01/S008_R10_T02/S008_R10_T03/S008_R10_T04/S008_R10_T05/S008_R10_T06/S008_R10_T07/S008_R10_T08/S008_R10_T09/S008_R10_T10/S008_R10_T11/S008_R10_T12/S008_R10_T13/S008_R10_T14,True,False,False,False,False,False,False,,0
8,8,threshold,4,6,10/14,1/2/3/4/5/6/7/9/10/11/12/13/14/15/16/17/18/19/20,1/2/3/4/5/6/7/9/10/11/12/13/14/15/16/17/18/19/20,1/2/3/4/5/6/7/9/10/11/12/13/14/15/16/17/18/19/20,S008_R06_T00/S008_R06_T01/S008_R06_T02/S008_R06_T03,4,2,2,S008_R10_T00/S008_R10_T01/S008_R10_T02/S008_R10_T03/S008_R10_T04/S008_R10_T05/S008_R10_T06/S008_R10_T07/S008_R10_T08/S008_R10_T09/S008_R10_T10/S008_R10_T11/S008_R10_T12/S008_R10_T13/S008_R10_T14/S008_R14_T00/S008_R14_T01/S008_R14_T02/S008_R14_T03/S008_R14_T04/S008_R14_T05/S008_R14_T06/S008_R14_T07/S008_R14_T08/S008_R14_T09/S008_R14_T10/S008_R14_T11/S008_R14_T12/S008_R14_T13/S008_R14_T14,True,False,False,False,False,False,True,1.0855657190232206,0
8,8,threshold,4,10,6/14,1/2/3/4/5/6/7/9/10/11/12/13/14/15/16/17/18/19/20,1/2/3/4/5/6/7/9/10/11/12/13/14/15/16/17/18/19/20,1/2/3/4/5/6/7/9/10/11/12/13/14/15/16/17/18/19/20,S008_R10_T00/S008_R10_T01/S008_R10_T02/S008_R10_T03,4,2,2,S008_R06_T00/S008_R06_T01/S008_R06_T02/S008_R06_T03/S008_R06_T04/S008_R06_T05/S008_R06_T06/S008_R06_T07/S008_R06_T08/S008_R06_T09/S008_R06_T10/S008_R06_T11/S008_R06_T12/S008_R06_T13/S008_R06_T14/S008_R14_T00/S008_R14_T01/S008_R14_T02/S008_R14_T03/S008_R14_T04/S008_R14_T05/S008_R14_T06/S008_R14_T07/S008_R14_T08/S008_R14_T09/S008_R14_T10/S008_R14_T11/S008_R14_T12/S008_R14_T13/S008_R14_T14,True,False,False,False,False,False,True,0.4935616631161665,0
8,8,threshold,4,14,6/10,1/2/3/4/5/6/7/9/10/11/12/13/14/15/16/17/18/19/20,1/2/3/4/5/6/7/9/10/11/12/13/14/15/16/17/18/19/20,1/2/3/4/5/6/7/9/10/11/12/13/14/15/16/17/18/19/20,S008_R14_T00/S008_R14_T01/S008_R14_T02/S008_R14_T03,4,2,2,S008_R06_T00/S008_R06_T01/S008_R06_T02/S008_R06_T03/S008_R06_T04/S008_R06_T05/S008_R06_T06/S008_R06_T07/S008_R06_T08/S008_R06_T09/S008_R06_T10/S008_R06_T11/S008_R06_T12/S008_R06_T13/S008_R06_T14/S008_R10_T00/S008_R10_T01/S008_R10_T02/S008_R10_T03/S008_R10_T04/S008_R10_T05/S008_R10_T06/S008_R10_T07/S008_R10_T08/S008_R10_T09/S008_R10_T10/S008_R10_T11/S008_R10_T12/S008_R10_T13/S008_R10_T14,True,False,False,False,False,False,True,-0.00703981038110639,0
8,8,threshold,8,6,10/14,1/2/3/4/5/6/7/9/10/11/12/13/14/15/16/17/18/19/20,1/2/3/4/5/6/7/9/10/11/12/13/14/15/16/17/18/19/20,1/2/3/4/5/6/7/9/10/11/12/13/14/15/16/17/18/19/20,S008_R06_T00/S008_R06_T01/S008_R06_T02/S008_R06_T03/S008_R06_T04/S008_R06_T05/S008_R06_T06/S008_R06_T07,8,4,4,S008_R10_T00/S008_R10_T01/S008_R10_T02/S008_R10_T03/S008_R10_T04/S008_R10_T05/S008_R10_T06/S008_R10_T07/S008_R10_T08/S008_R10_T09/S008_R10_T10/S008_R10_T11/S008_R10_T12/S008_R10_T13/S008_R10_T14/S008_R14_T00/S008_R14_T01/S008_R14_T02/S008_R14_T03/S008_R14_T04/S008_R14_T05/S008_R14_T06/S008_R14_T07/S008_R14_T08/S008_R14_T09/S008_R14_T10/S008_R14_T11/S008_R14_T12/S008_R14_T13/S008_R14_T14,True,False,False,False,False,False,True,0.18550906374543102,0
8,8,threshold,8,10,6/14,1/2/3/4/5/6/7/9/10/11/12/13/14/15/16/17/18/19/20,1/2/3/4/5/6/7/9/10/11/12/13/14/15/16/17/18/19/20,1/2/3/4/5/6/7/9/10/11/12/13/14/15/16/17/18/19/20,S008_R10_T00/S008_R10_T01/S008_R10_T02/S008_R10_T03/S008_R10_T04/S008_R10_T05/S008_R10_T06/S008_R10_T07,8,4,4,S008_R06_T00/S008_R06_T01/S008_R06_T02/S008_R06_T03/S008_R06_T04/S008_R06_T05/S008_R06_T06/S008_R06_T07/S008_R06_T08/S008_R06_T09/S008_R06_T10/S008_R06_T11/S008_R06_T12/S008_R06_T13/S008_R06_T14/S008_R14_T00/S008_R14_T01/S008_R14_T02/S008_R14_T03/S008_R14_T04/S008_R14_T05/S008_R14_T06/S008_R14_T07/S008_R14_T08/S008_R14_T09/S008_R14_T10/S008_R14_T11/S008_R14_T12/S008_R14_T13/S008_R14_T14,True,False,False,False,False,False,True,0.5157277230916723,0
8,8,threshold,8,14,6/10,1/2/3/4/5/6/7/9/10/11/12/13/14/15/16/17/18/19/20,1/2/3/4/5/6/7/9/10/11/12/13/14/15/16/17/18/19/20,1/2/3/4/5/6/7/9/10/11/12/13/14/15/16/17/18/19/20,S008_R14_T00/S008_R14_T01/S008_R14_T02/S008_R14_T03/S008_R14_T04/S008_R14_T05/S008_R14_T06/S008_R14_T07,8,4,4,S008_R06_T00/S008_R06_T01/S008_R06_T02/S008_R06_T03/S008_R06_T04/S008_R06_T05/S008_R06_T06/S008_R06_T07/S008_R06_T08/S008_R06_T09/S008_R06_T10/S008_R06_T11/S008_R06_T12/S008_R06_T13/S008_R06_T14/S008_R10_T00/S008_R10_T01/S008_R10_T02/S008_R10_T03/S008_R10_T04/S008_R10_T05/S008_R10_T06/S008_R10_T07/S008_R10_T08/S008_R10_T09/S008_R10_T10/S008_R10_T11/S008_R10_T12/S008_R10_T13/S008_R10_T14,True,False,False,False,False,False,True,0.9481896179170478,0
8,8,threshold,12,6,10/14,1/2/3/4/5/6/7/9/10/11/12/13/14/15/16/17/18/19/20,1/2/3/4/5/6/7/9/10/11/12/13/14/15/16/17/18/19/20,1/2/3/4/5/6/7/9/10/11/12/13/14/15/16/17/18/19/20,S008_R06_T00/S008_R06_T01/S008_R06_T02/S008_R06_T03/S008_R06_T04/S008_R06_T05/S008_R06_T06/S008_R06_T07/S008_R06_T08/S008_R06_T09/S008_R06_T10/S008_R06_T11,12,6,6,S008_R10_T00/S008_R10_T01/S008_R10_T02/S008_R10_T03/S008_R10_T04/S008_R10_T05/S008_R10_T06/S008_R10_T07/S008_R10_T08/S008_R10_T09/S008_R10_T10/S008_R10_T11/S008_R10_T12/S008_R10_T13/S008_R10_T14/S008_R14_T00/S008_R14_T01/S008_R14_T02/S008_R14_T03/S008_R14_T04/S008_R14_T05/S008_R14_T06/S008_R14_T07/S008_R14_T08/S008_R14_T09/S008_R14_T10/S008_R14_T11/S008_R14_T12/S008_R14_T13/S008_R14_T14,True,False,False,False,False,False,True,0.6525063304191737,0
8,8,threshold,12,10,6/14,1/2/3/4/5/6/7/9/10/11/12/13/14/15/16/17/18/19/20,1/2/3/4/5/6/7/9/10/11/12/13/14/15/16/17/18/19/20,1/2/3/4/5/6/7/9/10/11/12/13/14/15/16/17/18/19/20,S008_R10_T00/S008_R10_T01/S008_R10_T02/S008_R10_T03/S008_R10_T04/S008_R10_T05/S008_R10_T06/S008_R10_T07/S008_R10_T08/S008_R10_T09/S008_R10_T10/S008_R10_T11,12,6,6,S008_R06_T00/S008_R06_T01/S008_R06_T02/S008_R06_T03/S008_R06_T04/S008_R06_T05/S008_R06_T06/S008_R06_T07/S008_R06_T08/S008_R06_T09/S008_R06_T10/S008_R06_T11/S008_R06_T12/S008_R06_T13/S008_R06_T14/S008_R14_T00/S008_R14_T01/S008_R14_T02/S008_R14_T03/S008_R14_T04/S008_R14_T05/S008_R14_T06/S008_R14_T07/S008_R14_T08/S008_R14_T09/S008_R14_T10/S008_R14_T11/S008_R14_T12/S008_R14_T13/S008_R14_T14,True,False,False,False,False,False,True,0.5157277230916723,0
8,8,threshold,12,14,6/10,1/2/3/4/5/6/7/9/10/11/12/13/14/15/16/17/18/19/20,1/2/3/4/5/6/7/9/10/11/12/13/14/15/16/17/18/19/20,1/2/3/4/5/6/7/9/10/11/12/13/14/15/16/17/18/19/20,S008_R14_T00/S008_R14_T01/S008_R14_T02/S008_R14_T03/S008_R14_T04/S008_R14_T05/S008_R14_T06/S008_R14_T07/S008_R14_T08/S008_R14_T09/S008_R14_T10/S008_R14_T11,12,6,6,S008_R06_T00/S008_R06_T01/S008_R06_T02/S008_R06_T03/S008_R06_T04/S008_R06_T05/S008_R06_T06/S008_R06_T07/S008_R06_T08/S008_R06_T09/S008_R06_T10/S008_R06_T11/S008_R06_T12/S008_R06_T13/S008_R06_T14/S008_R10_T00/S008_R10_T01/S008_R10_T02/S008_R10_T03/S008_R10_T04/S008_R10_T05/S008_R10_T06/S008_R10_T07/S008_R10_T08/S008_R10_T09/S008_R10_T10/S008_R10_T11/S008_R10_T12/S008_R10_T13/S008_R10_T14,True,False,False,False,False,False,True,0.9481896179170478,0
8,8,threshold,14,6,10/14,1/2/3/4/5/6/7/9/10/11/12/13/14/15/16/17/18/19/20,1/2/3/4/5/6/7/9/10/11/12/13/14/15/16/17/18/19/20,1/2/3/4/5/6/7/9/10/11/12/13/14/15/16/17/18/19/20,S008_R06_T00/S008_R06_T01/S008_R06_T02/S008_R06_T03/S008_R06_T04/S008_R06_T05/S008_R06_T06/S008_R06_T07/S008_R06_T08/S008_R06_T09/S008_R06_T10/S008_R06_T11/S008_R06_T12/S008_R06_T13,14,7,7,S008_R10_T00/S008_R10_T01/S008_R10_T02/S008_R10_T03/S008_R10_T04/S008_R10_T05/S008_R10_T06/S008_R10_T07/S008_R10_T08/S008_R10_T09/S008_R10_T10/S008_R10_T11/S008_R10_T12/S008_R10_T13/S008_R10_T14/S008_R14_T00/S008_R14_T01/S008_R14_T02/S008_R14_T03/S008_R14_T04/S008_R14_T05/S008_R14_T06/S008_R14_T07/S008_R14_T08/S008_R14_T09/S008_R14_T10/S008_R14_T11/S008_R14_T12/S008_R14_T13/S008_R14_T14,True,False,False,False,False,False,True,0.09970154325945138,0
8,8,threshold,14,10,6/14,1/2/3/4/5/6/7/9/10/11/12/13/14/15/16/17/18/19/20,1/2/3/4/5/6/7/9/10/11/12/13/14/15/16/17/18/19/20,1/2/3/4/5/6/7/9/10/11/12/13/14/15/16/17/18/19/20,S008_R10_T00/S008_R10_T01/S008_R10_T02/S008_R10_T03/S008_R10_T04/S008_R10_T05/S008_R10_T06/S008_R10_T07/S008_R10_T08/S008_R10_T09/S008_R10_T10/S008_R10_T11/S008_R10_T12/S008_R10_T13,14,7,7,S008_R06_T00/S008_R06_T01/S008_R06_T02/S008_R06_T03/S008_R06_T04/S008_R06_T05/S008_R06_T06/S008_R06_T07/S008_R06_T08/S008_R06_T09/S008_R06_T10/S008_R06_T11/S008_R06_T12/S008_R06_T13/S008_R06_T14/S008_R14_T00/S008_R14_T01/S008_R14_T02/S008_R14_T03/S008_R14_T04/S008_R14_T05/S008_R14_T06/S008_R14_T07/S008_R14_T08/S008_R14_T09/S008_R14_T10/S008_R14_T11/S008_R14_T12/S008_R14_T13/S008_R14_T14,True,False,False,False,False,False,True,0.5157277230916723,0
8,8,threshold,14,14,6/10,1/2/3/4/5/6/7/9/10/11/12/13/14/15/16/17/18/19/20,1/2/3/4/5/6/7/9/10/11/12/13/14/15/16/17/18/19/20,1/2/3/4/5/6/7/9/10/11/12/13/14/15/16/17/18/19/20,S008_R14_T00/S008_R14_T01/S008_R14_T02/S008_R14_T03/S008_R14_T04/S008_R14_T05/S008_R14_T06/S008_R14_T07/S008_R14_T08/S008_R14_T09/S008_R14_T10/S008_R14_T11/S008_R14_T12/S008_R14_T13,14,7,7,S008_R06_T00/S008_R06_T01/S008_R06_T02/S008_R06_T03/S008_R06_T04/S008_R06_T05/S008_R06_T06/S008_R06_T07/S008_R06_T08/S008_R06_T09/S008_R06_T10/S008_R06_T11/S008_R06_T12/S008_R06_T13/S008_R06_T14/S008_R10_T00/S008_R10_T01/S008_R10_T02/S008_R10_T03/S008_R10_T04/S008_R10_T05/S008_R10_T06/S008_R10_T07/S008_R10_T08/S008_R10_T09/S008_R10_T10/S008_R10_T11/S008_R10_T12/S008_R10_T13/S008_R10_T14,True,False,False,False,False,False,True,0.9481896179170478,0
8,8,target_lda,0,6,10/14,1/2/3/4/5/6/7/9/10/11/12/13/14/15/16/17/18/19/20,1/2/3/4/5/6/7/9/10/11/12/13/14/15/16/17/18/19/20,1/2/3/4/5/6/7/9/10/11/12/13/14/15/16/17/18/19/20,,0,0,0,S008_R10_T00/S008_R10_T01/S008_R10_T02/S008_R10_T03/S008_R10_T04/S008_R10_T05/S008_R10_T06/S008_R10_T07/S008_R10_T08/S008_R10_T09/S008_R10_T10/S008_R10_T11/S008_R10_T12/S008_R10_T13/S008_R10_T14/S008_R14_T00/S008_R14_T01/S008_R14_T02/S008_R14_T03/S008_R14_T04/S008_R14_T05/S008_R14_T06/S008_R14_T07/S008_R14_T08/S008_R14_T09/S008_R14_T10/S008_R14_T11/S008_R14_T12/S008_R14_T13/S008_R14_T14,True,False,False,False,False,False,False,,0
8,8,target_lda,0,10,6/14,1/2/3/4/5/6/7/9/10/11/12/13/14/15/16/17/18/19/20,1/2/3/4/5/6/7/9/10/11/12/13/14/15/16/17/18/19/20,1/2/3/4/5/6/7/9/10/11/12/13/14/15/16/17/18/19/20,,0,0,0,S008_R06_T00/S008_R06_T01/S008_R06_T02/S008_R06_T03/S008_R06_T04/S008_R06_T05/S008_R06_T06/S008_R06_T07/S008_R06_T08/S008_R06_T09/S008_R06_T10/S008_R06_T11/S008_R06_T12/S008_R06_T13/S008_R06_T14/S008_R14_T00/S008_R14_T01/S008_R14_T02/S008_R14_T03/S008_R14_T04/S008_R14_T05/S008_R14_T06/S008_R14_T07/S008_R14_T08/S008_R14_T09/S008_R14_T10/S008_R14_T11/S008_R14_T12/S008_R14_T13/S008_R14_T14,True,False,False,False,False,False,False,,0
8,8,target_lda,0,14,6/10,1/2/3/4/5/6/7/9/10/11/12/13/14/15/16/17/18/19/20,1/2/3/4/5/6/7/9/10/11/12/13/14/15/16/17/18/19/20,1/2/3/4/5/6/7/9/10/11/12/13/14/15/16/17/18/19/20,,0,0,0,S008_R06_T00/S008_R06_T01/S008_R06_T02/S008_R06_T03/S008_R06_T04/S008_R06_T05/S008_R06_T06/S008_R06_T07/S008_R06_T08/S008_R06_T09/S008_R06_T10/S008_R06_T11/S008_R06_T12/S008_R06_T13/S008_R06_T14/S008_R10_T00/S008_R10_T01/S008_R10_T02/S008_R10_T03/S008_R10_T04/S008_R10_T05/S008_R10_T06/S008_R10_T07/S008_R10_T08/S008_R10_T09/S008_R10_T10/S008_R10_T11/S008_R10_T12/S008_R10_T13/S008_R10_T14,True,False,False,False,False,False,False,,0
8,8,target_lda,4,6,10/14,1/2/3/4/5/6/7/9/10/11/12/13/14/15/16/17/18/19/20,1/2/3/4/5/6/7/9/10/11/12/13/14/15/16/17/18/19/20,1/2/3/4/5/6/7/9/10/11/12/13/14/15/16/17/18/19/20,S008_R06_T00/S008_R06_T01/S008_R06_T02/S008_R06_T03,4,2,2,S008_R10_T00/S008_R10_T01/S008_R10_T02/S008_R10_T03/S008_R10_T04/S008_R10_T05/S008_R10_T06/S008_R10_T07/S008_R10_T08/S008_R10_T09/S008_R10_T10/S008_R10_T11/S008_R10_T12/S008_R10_T13/S008_R10_T14/S008_R14_T00/S008_R14_T01/S008_R14_T02/S008_R14_T03/S008_R14_T04/S008_R14_T05/S008_R14_T06/S008_R14_T07/S008_R14_T08/S008_R14_T09/S008_R14_T10/S008_R14_T11/S008_R14_T12/S008_R14_T13/S008_R14_T14,True,False,False,False,False,False,True,,4
8,8,target_lda,4,10,6/14,1/2/3/4/5/6/7/9/10/11/12/13/14/15/16/17/18/19/20,1/2/3/4/5/6/7/9/10/11/12/13/14/15/16/17/18/19/20,1/2/3/4/5/6/7/9/10/11/12/13/14/15/16/17/18/19/20,S008_R10_T00/S008_R10_T01/S008_R10_T02/S008_R10_T03,4,2,2,S008_R06_T00/S008_R06_T01/S008_R06_T02/S008_R06_T03/S008_R06_T04/S008_R06_T05/S008_R06_T06/S008_R06_T07/S008_R06_T08/S008_R06_T09/S008_R06_T10/S008_R06_T11/S008_R06_T12/S008_R06_T13/S008_R06_T14/S008_R14_T00/S008_R14_T01/S008_R14_T02/S008_R14_T03/S008_R14_T04/S008_R14_T05/S008_R14_T06/S008_R14_T07/S008_R14_T08/S008_R14_T09/S008_R14_T10/S008_R14_T11/S008_R14_T12/S008_R14_T13/S008_R14_T14,True,False,False,False,False,False,True,,4
8,8,target_lda,4,14,6/10,1/2/3/4/5/6/7/9/10/11/12/13/14/15/16/17/18/19/20,1/2/3/4/5/6/7/9/10/11/12/13/14/15/16/17/18/19/20,1/2/3/4/5/6/7/9/10/11/12/13/14/15/16/17/18/19/20,S008_R14_T00/S008_R14_T01/S008_R14_T02/S008_R14_T03,4,2,2,S008_R06_T00/S008_R06_T01/S008_R06_T02/S008_R06_T03/S008_R06_T04/S008_R06_T05/S008_R06_T06/S008_R06_T07/S008_R06_T08/S008_R06_T09/S008_R06_T10/S008_R06_T11/S008_R06_T12/S008_R06_T13/S008_R06_T14/S008_R10_T00/S008_R10_T01/S008_R10_T02/S008_R10_T03/S008_R10_T04/S008_R10_T05/S008_R10_T06/S008_R10_T07/S008_R10_T08/S008_R10_T09/S008_R10_T10/S008_R10_T11/S008_R10_T12/S008_R10_T13/S008_R10_T14,True,False,False,False,False,False,True,,4
8,8,target_lda,8,6,10/14,1/2/3/4/5/6/7/9/10/11/12/13/14/15/16/17/18/19/20,1/2/3/4/5/6/7/9/10/11/12/13/14/15/16/17/18/19/20,1/2/3/4/5/6/7/9/10/11/12/13/14/15/16/17/18/19/20,S008_R06_T00/S008_R06_T01/S008_R06_T02/S008_R06_T03/S008_R06_T04/S008_R06_T05/S008_R06_T06/S008_R06_T07,8,4,4,S008_R10_T00/S008_R10_T01/S008_R10_T02/S008_R10_T03/S008_R10_T04/S008_R10_T05/S008_R10_T06/S008_R10_T07/S008_R10_T08/S008_R10_T09/S008_R10_T10/S008_R10_T11/S008_R10_T12/S008_R10_T13/S008_R10_T14/S008_R14_T00/S008_R14_T01/S008_R14_T02/S008_R14_T03/S008_R14_T04/S008_R14_T05/S008_R14_T06/S008_R14_T07/S008_R14_T08/S008_R14_T09/S008_R14_T10/S008_R14_T11/S008_R14_T12/S008_R14_T13/S008_R14_T14,True,False,False,False,False,False,True,,8
8,8,target_lda,8,10,6/14,1/2/3/4/5/6/7/9/10/11/12/13/14/15/16/17/18/19/20,1/2/3/4/5/6/7/9/10/11/12/13/14/15/16/17/18/19/20,1/2/3/4/5/6/7/9/10/11/12/13/14/15/16/17/18/19/20,S008_R10_T00/S008_R10_T01/S008_R10_T02/S008_R10_T03/S008_R10_T04/S008_R10_T05/S008_R10_T06/S008_R10_T07,8,4,4,S008_R06_T00/S008_R06_T01/S008_R06_T02/S008_R06_T03/S008_R06_T04/S008_R06_T05/S008_R06_T06/S008_R06_T07/S008_R06_T08/S008_R06_T09/S008_R06_T10/S008_R06_T11/S008_R06_T12/S008_R06_T13/S008_R06_T14/S008_R14_T00/S008_R14_T01/S008_R14_T02/S008_R14_T03/S008_R14_T04/S008_R14_T05/S008_R14_T06/S008_R14_T07/S008_R14_T08/S008_R14_T09/S008_R14_T10/S008_R14_T11/S008_R14_T12/S008_R14_T13/S008_R14_T14,True,False,False,False,False,False,True,,8
8,8,target_lda,8,14,6/10,1/2/3/4/5/6/7/9/10/11/12/13/14/15/16/17/18/19/20,1/2/3/4/5/6/7/9/10/11/12/13/14/15/16/17/18/19/20,1/2/3/4/5/6/7/9/10/11/12/13/14/15/16/17/18/19/20,S008_R14_T00/S008_R14_T01/S008_R14_T02/S008_R14_T03/S008_R14_T04/S008_R14_T05/S008_R14_T06/S008_R14_T07,8,4,4,S008_R06_T00/S008_R06_T01/S008_R06_T02/S008_R06_T03/S008_R06_T04/S008_R06_T05/S008_R06_T06/S008_R06_T07/S008_R06_T08/S008_R06_T09/S008_R06_T10/S008_R06_T11/S008_R06_T12/S008_R06_T13/S008_R06_T14/S008_R10_T00/S008_R10_T01/S008_R10_T02/S008_R10_T03/S008_R10_T04/S008_R10_T05/S008_R10_T06/S008_R10_T07/S008_R10_T08/S008_R10_T09/S008_R10_T10/S008_R10_T11/S008_R10_T12/S008_R10_T13/S008_R10_T14,True,False,False,False,False,False,True,,8
8,8,target_lda,12,6,10/14,1/2/3/4/5/6/7/9/10/11/12/13/14/15/16/17/18/19/20,1/2/3/4/5/6/7/9/10/11/12/13/14/15/16/17/18/19/20,1/2/3/4/5/6/7/9/10/11/12/13/14/15/16/17/18/19/20,S008_R06_T00/S008_R06_T01/S008_R06_T02/S008_R06_T03/S008_R06_T04/S008_R06_T05/S008_R06_T06/S008_R06_T07/S008_R06_T08/S008_R06_T09/S008_R06_T10/S008_R06_T11,12,6,6,S008_R10_T00/S008_R10_T01/S008_R10_T02/S008_R10_T03/S008_R10_T04/S008_R10_T05/S008_R10_T06/S008_R10_T07/S008_R10_T08/S008_R10_T09/S008_R10_T10/S008_R10_T11/S008_R10_T12/S008_R10_T13/S008_R10_T14/S008_R14_T00/S008_R14_T01/S008_R14_T02/S008_R14_T03/S008_R14_T04/S008_R14_T05/S008_R14_T06/S008_R14_T07/S008_R14_T08/S008_R14_T09/S008_R14_T10/S008_R14_T11/S008_R14_T12/S008_R14_T13/S008_R14_T14,True,False,False,False,False,False,True,,12
8,8,target_lda,12,10,6/14,1/2/3/4/5/6/7/9/10/11/12/13/14/15/16/17/18/19/20,1/2/3/4/5/6/7/9/10/11/12/13/14/15/16/17/18/19/20,1/2/3/4/5/6/7/9/10/11/12/13/14/15/16/17/18/19/20,S008_R10_T00/S008_R10_T01/S008_R10_T02/S008_R10_T03/S008_R10_T04/S008_R10_T05/S008_R10_T06/S008_R10_T07/S008_R10_T08/S008_R10_T09/S008_R10_T10/S008_R10_T11,12,6,6,S008_R06_T00/S008_R06_T01/S008_R06_T02/S008_R06_T03/S008_R06_T04/S008_R06_T05/S008_R06_T06/S008_R06_T07/S008_R06_T08/S008_R06_T09/S008_R06_T10/S008_R06_T11/S008_R06_T12/S008_R06_T13/S008_R06_T14/S008_R14_T00/S008_R14_T01/S008_R14_T02/S008_R14_T03/S008_R14_T04/S008_R14_T05/S008_R14_T06/S008_R14_T07/S008_R14_T08/S008_R14_T09/S008_R14_T10/S008_R14_T11/S008_R14_T12/S008_R14_T13/S008_R14_T14,True,False,False,False,False,False,True,,12
8,8,target_lda,12,14,6/10,1/2/3/4/5/6/7/9/10/11/12/13/14/15/16/17/18/19/20,1/2/3/4/5/6/7/9/10/11/12/13/14/15/16/17/18/19/20,1/2/3/4/5/6/7/9/10/11/12/13/14/15/16/17/18/19/20,S008_R14_T00/S008_R14_T01/S008_R14_T02/S008_R14_T03/S008_R14_T04/S008_R14_T05/S008_R14_T06/S008_R14_T07/S008_R14_T08/S008_R14_T09/S008_R14_T10/S008_R14_T11,12,6,6,S008_R06_T00/S008_R06_T01/S008_R06_T02/S008_R06_T03/S008_R06_T04/S008_R06_T05/S008_R06_T06/S008_R06_T07/S008_R06_T08/S008_R06_T09/S008_R06_T10/S008_R06_T11/S008_R06_T12/S008_R06_T13/S008_R06_T14/S008_R10_T00/S008_R10_T01/S008_R10_T02/S008_R10_T03/S008_R10_T04/S008_R10_T05/S008_R10_T06/S008_R10_T07/S008_R10_T08/S008_R10_T09/S008_R10_T10/S008_R10_T11/S008_R10_T12/S008_R10_T13/S008_R10_T14,True,False,False,False,False,False,True,,12
8,8,target_lda,14,6,10/14,1/2/3/4/5/6/7/9/10/11/12/13/14/15/16/17/18/19/20,1/2/3/4/5/6/7/9/10/11/12/13/14/15/16/17/18/19/20,1/2/3/4/5/6/7/9/10/11/12/13/14/15/16/17/18/19/20,S008_R06_T00/S008_R06_T01/S008_R06_T02/S008_R06_T03/S008_R06_T04/S008_R06_T05/S008_R06_T06/S008_R06_T07/S008_R06_T08/S008_R06_T09/S008_R06_T10/S008_R06_T11/S008_R06_T12/S008_R06_T13,14,7,7,S008_R10_T00/S008_R10_T01/S008_R10_T02/S008_R10_T03/S008_R10_T04/S008_R10_T05/S008_R10_T06/S008_R10_T07/S008_R10_T08/S008_R10_T09/S008_R10_T10/S008_R10_T11/S008_R10_T12/S008_R10_T13/S008_R10_T14/S008_R14_T00/S008_R14_T01/S008_R14_T02/S008_R14_T03/S008_R14_T04/S008_R14_T05/S008_R14_T06/S008_R14_T07/S008_R14_T08/S008_R14_T09/S008_R14_T10/S008_R14_T11/S008_R14_T12/S008_R14_T13/S008_R14_T14,True,False,False,False,False,False,True,,14
8,8,target_lda,14,10,6/14,1/2/3/4/5/6/7/9/10/11/12/13/14/15/16/17/18/19/20,1/2/3/4/5/6/7/9/10/11/12/13/14/15/16/17/18/19/20,1/2/3/4/5/6/7/9/10/11/12/13/14/15/16/17/18/19/20,S008_R10_T00/S008_R10_T01/S008_R10_T02/S008_R10_T03/S008_R10_T04/S008_R10_T05/S008_R10_T06/S008_R10_T07/S008_R10_T08/S008_R10_T09/S008_R10_T10/S008_R10_T11/S008_R10_T12/S008_R10_T13,14,7,7,S008_R06_T00/S008_R06_T01/S008_R06_T02/S008_R06_T03/S008_R06_T04/S008_R06_T05/S008_R06_T06/S008_R06_T07/S008_R06_T08/S008_R06_T09/S008_R06_T10/S008_R06_T11/S008_R06_T12/S008_R06_T13/S008_R06_T14/S008_R14_T00/S008_R14_T01/S008_R14_T02/S008_R14_T03/S008_R14_T04/S008_R14_T05/S008_R14_T06/S008_R14_T07/S008_R14_T08/S008_R14_T09/S008_R14_T10/S008_R14_T11/S008_R14_T12/S008_R14_T13/S008_R14_T14,True,False,False,False,False,False,True,,14
8,8,target_lda,14,14,6/10,1/2/3/4/5/6/7/9/10/11/12/13/14/15/16/17/18/19/20,1/2/3/4/5/6/7/9/10/11/12/13/14/15/16/17/18/19/20,1/2/3/4/5/6/7/9/10/11/12/13/14/15/16/17/18/19/20,S008_R14_T00/S008_R14_T01/S008_R14_T02/S008_R14_T03/S008_R14_T04/S008_R14_T05/S008_R14_T06/S008_R14_T07/S008_R14_T08/S008_R14_T09/S008_R14_T10/S008_R14_T11/S008_R14_T12/S008_R14_T13,14,7,7,S008_R06_T00/S008_R06_T01/S008_R06_T02/S008_R06_T03/S008_R06_T04/S008_R06_T05/S008_R06_T06/S008_R06_T07/S008_R06_T08/S008_R06_T09/S008_R06_T10/S008_R06_T11/S008_R06_T12/S008_R06_T13/S008_R06_T14/S008_R10_T00/S008_R10_T01/S008_R10_T02/S008_R10_T03/S008_R10_T04/S008_R10_T05/S008_R10_T06/S008_R10_T07/S008_R10_T08/S008_R10_T09/S008_R10_T10/S008_R10_T11/S008_R10_T12/S008_R10_T13/S008_R10_T14,True,False,False,False,False,False,True,,14
9,9,threshold,0,6,10/14,1/2/3/4/5/6/7/8/10/11/12/13/14/15/16/17/18/19/20,1/2/3/4/5/6/7/8/10/11/12/13/14/15/16/17/18/19/20,1/2/3/4/5/6/7/8/10/11/12/13/14/15/16/17/18/19/20,,0,0,0,S009_R10_T00/S009_R10_T01/S009_R10_T02/S009_R10_T03/S009_R10_T04/S009_R10_T05/S009_R10_T06/S009_R10_T07/S009_R10_T08/S009_R10_T09/S009_R10_T10/S009_R10_T11/S009_R10_T12/S009_R10_T13/S009_R10_T14/S009_R14_T00/S009_R14_T01/S009_R14_T02/S009_R14_T03/S009_R14_T04/S009_R14_T05/S009_R14_T06/S009_R14_T07/S009_R14_T08/S009_R14_T09/S009_R14_T10/S009_R14_T11/S009_R14_T12/S009_R14_T13/S009_R14_T14,True,False,False,False,False,False,False,,0
9,9,threshold,0,10,6/14,1/2/3/4/5/6/7/8/10/11/12/13/14/15/16/17/18/19/20,1/2/3/4/5/6/7/8/10/11/12/13/14/15/16/17/18/19/20,1/2/3/4/5/6/7/8/10/11/12/13/14/15/16/17/18/19/20,,0,0,0,S009_R06_T00/S009_R06_T01/S009_R06_T02/S009_R06_T03/S009_R06_T04/S009_R06_T05/S009_R06_T06/S009_R06_T07/S009_R06_T08/S009_R06_T09/S009_R06_T10/S009_R06_T11/S009_R06_T12/S009_R06_T13/S009_R06_T14/S009_R14_T00/S009_R14_T01/S009_R14_T02/S009_R14_T03/S009_R14_T04/S009_R14_T05/S009_R14_T06/S009_R14_T07/S009_R14_T08/S009_R14_T09/S009_R14_T10/S009_R14_T11/S009_R14_T12/S009_R14_T13/S009_R14_T14,True,False,False,False,False,False,False,,0
9,9,threshold,0,14,6/10,1/2/3/4/5/6/7/8/10/11/12/13/14/15/16/17/18/19/20,1/2/3/4/5/6/7/8/10/11/12/13/14/15/16/17/18/19/20,1/2/3/4/5/6/7/8/10/11/12/13/14/15/16/17/18/19/20,,0,0,0,S009_R06_T00/S009_R06_T01/S009_R06_T02/S009_R06_T03/S009_R06_T04/S009_R06_T05/S009_R06_T06/S009_R06_T07/S009_R06_T08/S009_R06_T09/S009_R06_T10/S009_R06_T11/S009_R06_T12/S009_R06_T13/S009_R06_T14/S009_R10_T00/S009_R10_T01/S009_R10_T02/S009_R10_T03/S009_R10_T04/S009_R10_T05/S009_R10_T06/S009_R10_T07/S009_R10_T08/S009_R10_T09/S009_R10_T10/S009_R10_T11/S009_R10_T12/S009_R10_T13/S009_R10_T14,True,False,False,False,False,False,False,,0
9,9,threshold,4,6,10/14,1/2/3/4/5/6/7/8/10/11/12/13/14/15/16/17/18/19/20,1/2/3/4/5/6/7/8/10/11/12/13/14/15/16/17/18/19/20,1/2/3/4/5/6/7/8/10/11/12/13/14/15/16/17/18/19/20,S009_R06_T00/S009_R06_T01/S009_R06_T02/S009_R06_T03,4,2,2,S009_R10_T00/S009_R10_T01/S009_R10_T02/S009_R10_T03/S009_R10_T04/S009_R10_T05/S009_R10_T06/S009_R10_T07/S009_R10_T08/S009_R10_T09/S009_R10_T10/S009_R10_T11/S009_R10_T12/S009_R10_T13/S009_R10_T14/S009_R14_T00/S009_R14_T01/S009_R14_T02/S009_R14_T03/S009_R14_T04/S009_R14_T05/S009_R14_T06/S009_R14_T07/S009_R14_T08/S009_R14_T09/S009_R14_T10/S009_R14_T11/S009_R14_T12/S009_R14_T13/S009_R14_T14,True,False,False,False,False,False,True,-0.26634856254278505,0
9,9,threshold,4,10,6/14,1/2/3/4/5/6/7/8/10/11/12/13/14/15/16/17/18/19/20,1/2/3/4/5/6/7/8/10/11/12/13/14/15/16/17/18/19/20,1/2/3/4/5/6/7/8/10/11/12/13/14/15/16/17/18/19/20,S009_R10_T00/S009_R10_T01/S009_R10_T02/S009_R10_T03,4,2,2,S009_R06_T00/S009_R06_T01/S009_R06_T02/S009_R06_T03/S009_R06_T04/S009_R06_T05/S009_R06_T06/S009_R06_T07/S009_R06_T08/S009_R06_T09/S009_R06_T10/S009_R06_T11/S009_R06_T12/S009_R06_T13/S009_R06_T14/S009_R14_T00/S009_R14_T01/S009_R14_T02/S009_R14_T03/S009_R14_T04/S009_R14_T05/S009_R14_T06/S009_R14_T07/S009_R14_T08/S009_R14_T09/S009_R14_T10/S009_R14_T11/S009_R14_T12/S009_R14_T13/S009_R14_T14,True,False,False,False,False,False,True,0.14906423742011923,0
9,9,threshold,4,14,6/10,1/2/3/4/5/6/7/8/10/11/12/13/14/15/16/17/18/19/20,1/2/3/4/5/6/7/8/10/11/12/13/14/15/16/17/18/19/20,1/2/3/4/5/6/7/8/10/11/12/13/14/15/16/17/18/19/20,S009_R14_T00/S009_R14_T01/S009_R14_T02/S009_R14_T03,4,2,2,S009_R06_T00/S009_R06_T01/S009_R06_T02/S009_R06_T03/S009_R06_T04/S009_R06_T05/S009_R06_T06/S009_R06_T07/S009_R06_T08/S009_R06_T09/S009_R06_T10/S009_R06_T11/S009_R06_T12/S009_R06_T13/S009_R06_T14/S009_R10_T00/S009_R10_T01/S009_R10_T02/S009_R10_T03/S009_R10_T04/S009_R10_T05/S009_R10_T06/S009_R10_T07/S009_R10_T08/S009_R10_T09/S009_R10_T10/S009_R10_T11/S009_R10_T12/S009_R10_T13/S009_R10_T14,True,False,False,False,False,False,True,-0.3609807888725562,0
9,9,threshold,8,6,10/14,1/2/3/4/5/6/7/8/10/11/12/13/14/15/16/17/18/19/20,1/2/3/4/5/6/7/8/10/11/12/13/14/15/16/17/18/19/20,1/2/3/4/5/6/7/8/10/11/12/13/14/15/16/17/18/19/20,S009_R06_T00/S009_R06_T01/S009_R06_T02/S009_R06_T03/S009_R06_T04/S009_R06_T05/S009_R06_T06/S009_R06_T07,8,4,4,S009_R10_T00/S009_R10_T01/S009_R10_T02/S009_R10_T03/S009_R10_T04/S009_R10_T05/S009_R10_T06/S009_R10_T07/S009_R10_T08/S009_R10_T09/S009_R10_T10/S009_R10_T11/S009_R10_T12/S009_R10_T13/S009_R10_T14/S009_R14_T00/S009_R14_T01/S009_R14_T02/S009_R14_T03/S009_R14_T04/S009_R14_T05/S009_R14_T06/S009_R14_T07/S009_R14_T08/S009_R14_T09/S009_R14_T10/S009_R14_T11/S009_R14_T12/S009_R14_T13/S009_R14_T14,True,False,False,False,False,False,True,-0.27221827866307924,0
9,9,threshold,8,10,6/14,1/2/3/4/5/6/7/8/10/11/12/13/14/15/16/17/18/19/20,1/2/3/4/5/6/7/8/10/11/12/13/14/15/16/17/18/19/20,1/2/3/4/5/6/7/8/10/11/12/13/14/15/16/17/18/19/20,S009_R10_T00/S009_R10_T01/S009_R10_T02/S009_R10_T03/S009_R10_T04/S009_R10_T05/S009_R10_T06/S009_R10_T07,8,4,4,S009_R06_T00/S009_R06_T01/S009_R06_T02/S009_R06_T03/S009_R06_T04/S009_R06_T05/S009_R06_T06/S009_R06_T07/S009_R06_T08/S009_R06_T09/S009_R06_T10/S009_R06_T11/S009_R06_T12/S009_R06_T13/S009_R06_T14/S009_R14_T00/S009_R14_T01/S009_R14_T02/S009_R14_T03/S009_R14_T04/S009_R14_T05/S009_R14_T06/S009_R14_T07/S009_R14_T08/S009_R14_T09/S009_R14_T10/S009_R14_T11/S009_R14_T12/S009_R14_T13/S009_R14_T14,True,False,False,False,False,False,True,0.17314419453491536,0
9,9,threshold,8,14,6/10,1/2/3/4/5/6/7/8/10/11/12/13/14/15/16/17/18/19/20,1/2/3/4/5/6/7/8/10/11/12/13/14/15/16/17/18/19/20,1/2/3/4/5/6/7/8/10/11/12/13/14/15/16/17/18/19/20,S009_R14_T00/S009_R14_T01/S009_R14_T02/S009_R14_T03/S009_R14_T04/S009_R14_T05/S009_R14_T06/S009_R14_T07,8,4,4,S009_R06_T00/S009_R06_T01/S009_R06_T02/S009_R06_T03/S009_R06_T04/S009_R06_T05/S009_R06_T06/S009_R06_T07/S009_R06_T08/S009_R06_T09/S009_R06_T10/S009_R06_T11/S009_R06_T12/S009_R06_T13/S009_R06_T14/S009_R10_T00/S009_R10_T01/S009_R10_T02/S009_R10_T03/S009_R10_T04/S009_R10_T05/S009_R10_T06/S009_R10_T07/S009_R10_T08/S009_R10_T09/S009_R10_T10/S009_R10_T11/S009_R10_T12/S009_R10_T13/S009_R10_T14,True,False,False,False,False,False,True,0.2807069421295523,0
9,9,threshold,12,6,10/14,1/2/3/4/5/6/7/8/10/11/12/13/14/15/16/17/18/19/20,1/2/3/4/5/6/7/8/10/11/12/13/14/15/16/17/18/19/20,1/2/3/4/5/6/7/8/10/11/12/13/14/15/16/17/18/19/20,S009_R06_T00/S009_R06_T01/S009_R06_T02/S009_R06_T03/S009_R06_T04/S009_R06_T05/S009_R06_T06/S009_R06_T07/S009_R06_T08/S009_R06_T09/S009_R06_T10/S009_R06_T11,12,6,6,S009_R10_T00/S009_R10_T01/S009_R10_T02/S009_R10_T03/S009_R10_T04/S009_R10_T05/S009_R10_T06/S009_R10_T07/S009_R10_T08/S009_R10_T09/S009_R10_T10/S009_R10_T11/S009_R10_T12/S009_R10_T13/S009_R10_T14/S009_R14_T00/S009_R14_T01/S009_R14_T02/S009_R14_T03/S009_R14_T04/S009_R14_T05/S009_R14_T06/S009_R14_T07/S009_R14_T08/S009_R14_T09/S009_R14_T10/S009_R14_T11/S009_R14_T12/S009_R14_T13/S009_R14_T14,True,False,False,False,False,False,True,-0.27221827866307924,0
9,9,threshold,12,10,6/14,1/2/3/4/5/6/7/8/10/11/12/13/14/15/16/17/18/19/20,1/2/3/4/5/6/7/8/10/11/12/13/14/15/16/17/18/19/20,1/2/3/4/5/6/7/8/10/11/12/13/14/15/16/17/18/19/20,S009_R10_T00/S009_R10_T01/S009_R10_T02/S009_R10_T03/S009_R10_T04/S009_R10_T05/S009_R10_T06/S009_R10_T07/S009_R10_T08/S009_R10_T09/S009_R10_T10/S009_R10_T11,12,6,6,S009_R06_T00/S009_R06_T01/S009_R06_T02/S009_R06_T03/S009_R06_T04/S009_R06_T05/S009_R06_T06/S009_R06_T07/S009_R06_T08/S009_R06_T09/S009_R06_T10/S009_R06_T11/S009_R06_T12/S009_R06_T13/S009_R06_T14/S009_R14_T00/S009_R14_T01/S009_R14_T02/S009_R14_T03/S009_R14_T04/S009_R14_T05/S009_R14_T06/S009_R14_T07/S009_R14_T08/S009_R14_T09/S009_R14_T10/S009_R14_T11/S009_R14_T12/S009_R14_T13/S009_R14_T14,True,False,False,False,False,False,True,0.17314419453491536,0
9,9,threshold,12,14,6/10,1/2/3/4/5/6/7/8/10/11/12/13/14/15/16/17/18/19/20,1/2/3/4/5/6/7/8/10/11/12/13/14/15/16/17/18/19/20,1/2/3/4/5/6/7/8/10/11/12/13/14/15/16/17/18/19/20,S009_R14_T00/S009_R14_T01/S009_R14_T02/S009_R14_T03/S009_R14_T04/S009_R14_T05/S009_R14_T06/S009_R14_T07/S009_R14_T08/S009_R14_T09/S009_R14_T10/S009_R14_T11,12,6,6,S009_R06_T00/S009_R06_T01/S009_R06_T02/S009_R06_T03/S009_R06_T04/S009_R06_T05/S009_R06_T06/S009_R06_T07/S009_R06_T08/S009_R06_T09/S009_R06_T10/S009_R06_T11/S009_R06_T12/S009_R06_T13/S009_R06_T14/S009_R10_T00/S009_R10_T01/S009_R10_T02/S009_R10_T03/S009_R10_T04/S009_R10_T05/S009_R10_T06/S009_R10_T07/S009_R10_T08/S009_R10_T09/S009_R10_T10/S009_R10_T11/S009_R10_T12/S009_R10_T13/S009_R10_T14,True,False,False,False,False,False,True,0.2807069421295523,0
9,9,threshold,14,6,10/14,1/2/3/4/5/6/7/8/10/11/12/13/14/15/16/17/18/19/20,1/2/3/4/5/6/7/8/10/11/12/13/14/15/16/17/18/19/20,1/2/3/4/5/6/7/8/10/11/12/13/14/15/16/17/18/19/20,S009_R06_T00/S009_R06_T01/S009_R06_T02/S009_R06_T03/S009_R06_T04/S009_R06_T05/S009_R06_T06/S009_R06_T07/S009_R06_T08/S009_R06_T09/S009_R06_T10/S009_R06_T11/S009_R06_T12/S009_R06_T13,14,7,7,S009_R10_T00/S009_R10_T01/S009_R10_T02/S009_R10_T03/S009_R10_T04/S009_R10_T05/S009_R10_T06/S009_R10_T07/S009_R10_T08/S009_R10_T09/S009_R10_T10/S009_R10_T11/S009_R10_T12/S009_R10_T13/S009_R10_T14/S009_R14_T00/S009_R14_T01/S009_R14_T02/S009_R14_T03/S009_R14_T04/S009_R14_T05/S009_R14_T06/S009_R14_T07/S009_R14_T08/S009_R14_T09/S009_R14_T10/S009_R14_T11/S009_R14_T12/S009_R14_T13/S009_R14_T14,True,False,False,False,False,False,True,-0.27221827866307924,0
9,9,threshold,14,10,6/14,1/2/3/4/5/6/7/8/10/11/12/13/14/15/16/17/18/19/20,1/2/3/4/5/6/7/8/10/11/12/13/14/15/16/17/18/19/20,1/2/3/4/5/6/7/8/10/11/12/13/14/15/16/17/18/19/20,S009_R10_T00/S009_R10_T01/S009_R10_T02/S009_R10_T03/S009_R10_T04/S009_R10_T05/S009_R10_T06/S009_R10_T07/S009_R10_T08/S009_R10_T09/S009_R10_T10/S009_R10_T11/S009_R10_T12/S009_R10_T13,14,7,7,S009_R06_T00/S009_R06_T01/S009_R06_T02/S009_R06_T03/S009_R06_T04/S009_R06_T05/S009_R06_T06/S009_R06_T07/S009_R06_T08/S009_R06_T09/S009_R06_T10/S009_R06_T11/S009_R06_T12/S009_R06_T13/S009_R06_T14/S009_R14_T00/S009_R14_T01/S009_R14_T02/S009_R14_T03/S009_R14_T04/S009_R14_T05/S009_R14_T06/S009_R14_T07/S009_R14_T08/S009_R14_T09/S009_R14_T10/S009_R14_T11/S009_R14_T12/S009_R14_T13/S009_R14_T14,True,False,False,False,False,False,True,0.0019014819645149506,0
9,9,threshold,14,14,6/10,1/2/3/4/5/6/7/8/10/11/12/13/14/15/16/17/18/19/20,1/2/3/4/5/6/7/8/10/11/12/13/14/15/16/17/18/19/20,1/2/3/4/5/6/7/8/10/11/12/13/14/15/16/17/18/19/20,S009_R14_T00/S009_R14_T01/S009_R14_T02/S009_R14_T03/S009_R14_T04/S009_R14_T05/S009_R14_T06/S009_R14_T07/S009_R14_T08/S009_R14_T09/S009_R14_T10/S009_R14_T11/S009_R14_T12/S009_R14_T13,14,7,7,S009_R06_T00/S009_R06_T01/S009_R06_T02/S009_R06_T03/S009_R06_T04/S009_R06_T05/S009_R06_T06/S009_R06_T07/S009_R06_T08/S009_R06_T09/S009_R06_T10/S009_R06_T11/S009_R06_T12/S009_R06_T13/S009_R06_T14/S009_R10_T00/S009_R10_T01/S009_R10_T02/S009_R10_T03/S009_R10_T04/S009_R10_T05/S009_R10_T06/S009_R10_T07/S009_R10_T08/S009_R10_T09/S009_R10_T10/S009_R10_T11/S009_R10_T12/S009_R10_T13/S009_R10_T14,True,False,False,False,False,False,True,-0.3411028877533975,0
9,9,target_lda,0,6,10/14,1/2/3/4/5/6/7/8/10/11/12/13/14/15/16/17/18/19/20,1/2/3/4/5/6/7/8/10/11/12/13/14/15/16/17/18/19/20,1/2/3/4/5/6/7/8/10/11/12/13/14/15/16/17/18/19/20,,0,0,0,S009_R10_T00/S009_R10_T01/S009_R10_T02/S009_R10_T03/S009_R10_T04/S009_R10_T05/S009_R10_T06/S009_R10_T07/S009_R10_T08/S009_R10_T09/S009_R10_T10/S009_R10_T11/S009_R10_T12/S009_R10_T13/S009_R10_T14/S009_R14_T00/S009_R14_T01/S009_R14_T02/S009_R14_T03/S009_R14_T04/S009_R14_T05/S009_R14_T06/S009_R14_T07/S009_R14_T08/S009_R14_T09/S009_R14_T10/S009_R14_T11/S009_R14_T12/S009_R14_T13/S009_R14_T14,True,False,False,False,False,False,False,,0
9,9,target_lda,0,10,6/14,1/2/3/4/5/6/7/8/10/11/12/13/14/15/16/17/18/19/20,1/2/3/4/5/6/7/8/10/11/12/13/14/15/16/17/18/19/20,1/2/3/4/5/6/7/8/10/11/12/13/14/15/16/17/18/19/20,,0,0,0,S009_R06_T00/S009_R06_T01/S009_R06_T02/S009_R06_T03/S009_R06_T04/S009_R06_T05/S009_R06_T06/S009_R06_T07/S009_R06_T08/S009_R06_T09/S009_R06_T10/S009_R06_T11/S009_R06_T12/S009_R06_T13/S009_R06_T14/S009_R14_T00/S009_R14_T01/S009_R14_T02/S009_R14_T03/S009_R14_T04/S009_R14_T05/S009_R14_T06/S009_R14_T07/S009_R14_T08/S009_R14_T09/S009_R14_T10/S009_R14_T11/S009_R14_T12/S009_R14_T13/S009_R14_T14,True,False,False,False,False,False,False,,0
9,9,target_lda,0,14,6/10,1/2/3/4/5/6/7/8/10/11/12/13/14/15/16/17/18/19/20,1/2/3/4/5/6/7/8/10/11/12/13/14/15/16/17/18/19/20,1/2/3/4/5/6/7/8/10/11/12/13/14/15/16/17/18/19/20,,0,0,0,S009_R06_T00/S009_R06_T01/S009_R06_T02/S009_R06_T03/S009_R06_T04/S009_R06_T05/S009_R06_T06/S009_R06_T07/S009_R06_T08/S009_R06_T09/S009_R06_T10/S009_R06_T11/S009_R06_T12/S009_R06_T13/S009_R06_T14/S009_R10_T00/S009_R10_T01/S009_R10_T02/S009_R10_T03/S009_R10_T04/S009_R10_T05/S009_R10_T06/S009_R10_T07/S009_R10_T08/S009_R10_T09/S009_R10_T10/S009_R10_T11/S009_R10_T12/S009_R10_T13/S009_R10_T14,True,False,False,False,False,False,False,,0
9,9,target_lda,4,6,10/14,1/2/3/4/5/6/7/8/10/11/12/13/14/15/16/17/18/19/20,1/2/3/4/5/6/7/8/10/11/12/13/14/15/16/17/18/19/20,1/2/3/4/5/6/7/8/10/11/12/13/14/15/16/17/18/19/20,S009_R06_T00/S009_R06_T01/S009_R06_T02/S009_R06_T03,4,2,2,S009_R10_T00/S009_R10_T01/S009_R10_T02/S009_R10_T03/S009_R10_T04/S009_R10_T05/S009_R10_T06/S009_R10_T07/S009_R10_T08/S009_R10_T09/S009_R10_T10/S009_R10_T11/S009_R10_T12/S009_R10_T13/S009_R10_T14/S009_R14_T00/S009_R14_T01/S009_R14_T02/S009_R14_T03/S009_R14_T04/S009_R14_T05/S009_R14_T06/S009_R14_T07/S009_R14_T08/S009_R14_T09/S009_R14_T10/S009_R14_T11/S009_R14_T12/S009_R14_T13/S009_R14_T14,True,False,False,False,False,False,True,,4
9,9,target_lda,4,10,6/14,1/2/3/4/5/6/7/8/10/11/12/13/14/15/16/17/18/19/20,1/2/3/4/5/6/7/8/10/11/12/13/14/15/16/17/18/19/20,1/2/3/4/5/6/7/8/10/11/12/13/14/15/16/17/18/19/20,S009_R10_T00/S009_R10_T01/S009_R10_T02/S009_R10_T03,4,2,2,S009_R06_T00/S009_R06_T01/S009_R06_T02/S009_R06_T03/S009_R06_T04/S009_R06_T05/S009_R06_T06/S009_R06_T07/S009_R06_T08/S009_R06_T09/S009_R06_T10/S009_R06_T11/S009_R06_T12/S009_R06_T13/S009_R06_T14/S009_R14_T00/S009_R14_T01/S009_R14_T02/S009_R14_T03/S009_R14_T04/S009_R14_T05/S009_R14_T06/S009_R14_T07/S009_R14_T08/S009_R14_T09/S009_R14_T10/S009_R14_T11/S009_R14_T12/S009_R14_T13/S009_R14_T14,True,False,False,False,False,False,True,,4
9,9,target_lda,4,14,6/10,1/2/3/4/5/6/7/8/10/11/12/13/14/15/16/17/18/19/20,1/2/3/4/5/6/7/8/10/11/12/13/14/15/16/17/18/19/20,1/2/3/4/5/6/7/8/10/11/12/13/14/15/16/17/18/19/20,S009_R14_T00/S009_R14_T01/S009_R14_T02/S009_R14_T03,4,2,2,S009_R06_T00/S009_R06_T01/S009_R06_T02/S009_R06_T03/S009_R06_T04/S009_R06_T05/S009_R06_T06/S009_R06_T07/S009_R06_T08/S009_R06_T09/S009_R06_T10/S009_R06_T11/S009_R06_T12/S009_R06_T13/S009_R06_T14/S009_R10_T00/S009_R10_T01/S009_R10_T02/S009_R10_T03/S009_R10_T04/S009_R10_T05/S009_R10_T06/S009_R10_T07/S009_R10_T08/S009_R10_T09/S009_R10_T10/S009_R10_T11/S009_R10_T12/S009_R10_T13/S009_R10_T14,True,False,False,False,False,False,True,,4
9,9,target_lda,8,6,10/14,1/2/3/4/5/6/7/8/10/11/12/13/14/15/16/17/18/19/20,1/2/3/4/5/6/7/8/10/11/12/13/14/15/16/17/18/19/20,1/2/3/4/5/6/7/8/10/11/12/13/14/15/16/17/18/19/20,S009_R06_T00/S009_R06_T01/S009_R06_T02/S009_R06_T03/S009_R06_T04/S009_R06_T05/S009_R06_T06/S009_R06_T07,8,4,4,S009_R10_T00/S009_R10_T01/S009_R10_T02/S009_R10_T03/S009_R10_T04/S009_R10_T05/S009_R10_T06/S009_R10_T07/S009_R10_T08/S009_R10_T09/S009_R10_T10/S009_R10_T11/S009_R10_T12/S009_R10_T13/S009_R10_T14/S009_R14_T00/S009_R14_T01/S009_R14_T02/S009_R14_T03/S009_R14_T04/S009_R14_T05/S009_R14_T06/S009_R14_T07/S009_R14_T08/S009_R14_T09/S009_R14_T10/S009_R14_T11/S009_R14_T12/S009_R14_T13/S009_R14_T14,True,False,False,False,False,False,True,,8
9,9,target_lda,8,10,6/14,1/2/3/4/5/6/7/8/10/11/12/13/14/15/16/17/18/19/20,1/2/3/4/5/6/7/8/10/11/12/13/14/15/16/17/18/19/20,1/2/3/4/5/6/7/8/10/11/12/13/14/15/16/17/18/19/20,S009_R10_T00/S009_R10_T01/S009_R10_T02/S009_R10_T03/S009_R10_T04/S009_R10_T05/S009_R10_T06/S009_R10_T07,8,4,4,S009_R06_T00/S009_R06_T01/S009_R06_T02/S009_R06_T03/S009_R06_T04/S009_R06_T05/S009_R06_T06/S009_R06_T07/S009_R06_T08/S009_R06_T09/S009_R06_T10/S009_R06_T11/S009_R06_T12/S009_R06_T13/S009_R06_T14/S009_R14_T00/S009_R14_T01/S009_R14_T02/S009_R14_T03/S009_R14_T04/S009_R14_T05/S009_R14_T06/S009_R14_T07/S009_R14_T08/S009_R14_T09/S009_R14_T10/S009_R14_T11/S009_R14_T12/S009_R14_T13/S009_R14_T14,True,False,False,False,False,False,True,,8
9,9,target_lda,8,14,6/10,1/2/3/4/5/6/7/8/10/11/12/13/14/15/16/17/18/19/20,1/2/3/4/5/6/7/8/10/11/12/13/14/15/16/17/18/19/20,1/2/3/4/5/6/7/8/10/11/12/13/14/15/16/17/18/19/20,S009_R14_T00/S009_R14_T01/S009_R14_T02/S009_R14_T03/S009_R14_T04/S009_R14_T05/S009_R14_T06/S009_R14_T07,8,4,4,S009_R06_T00/S009_R06_T01/S009_R06_T02/S009_R06_T03/S009_R06_T04/S009_R06_T05/S009_R06_T06/S009_R06_T07/S009_R06_T08/S009_R06_T09/S009_R06_T10/S009_R06_T11/S009_R06_T12/S009_R06_T13/S009_R06_T14/S009_R10_T00/S009_R10_T01/S009_R10_T02/S009_R10_T03/S009_R10_T04/S009_R10_T05/S009_R10_T06/S009_R10_T07/S009_R10_T08/S009_R10_T09/S009_R10_T10/S009_R10_T11/S009_R10_T12/S009_R10_T13/S009_R10_T14,True,False,False,False,False,False,True,,8
9,9,target_lda,12,6,10/14,1/2/3/4/5/6/7/8/10/11/12/13/14/15/16/17/18/19/20,1/2/3/4/5/6/7/8/10/11/12/13/14/15/16/17/18/19/20,1/2/3/4/5/6/7/8/10/11/12/13/14/15/16/17/18/19/20,S009_R06_T00/S009_R06_T01/S009_R06_T02/S009_R06_T03/S009_R06_T04/S009_R06_T05/S009_R06_T06/S009_R06_T07/S009_R06_T08/S009_R06_T09/S009_R06_T10/S009_R06_T11,12,6,6,S009_R10_T00/S009_R10_T01/S009_R10_T02/S009_R10_T03/S009_R10_T04/S009_R10_T05/S009_R10_T06/S009_R10_T07/S009_R10_T08/S009_R10_T09/S009_R10_T10/S009_R10_T11/S009_R10_T12/S009_R10_T13/S009_R10_T14/S009_R14_T00/S009_R14_T01/S009_R14_T02/S009_R14_T03/S009_R14_T04/S009_R14_T05/S009_R14_T06/S009_R14_T07/S009_R14_T08/S009_R14_T09/S009_R14_T10/S009_R14_T11/S009_R14_T12/S009_R14_T13/S009_R14_T14,True,False,False,False,False,False,True,,12
9,9,target_lda,12,10,6/14,1/2/3/4/5/6/7/8/10/11/12/13/14/15/16/17/18/19/20,1/2/3/4/5/6/7/8/10/11/12/13/14/15/16/17/18/19/20,1/2/3/4/5/6/7/8/10/11/12/13/14/15/16/17/18/19/20,S009_R10_T00/S009_R10_T01/S009_R10_T02/S009_R10_T03/S009_R10_T04/S009_R10_T05/S009_R10_T06/S009_R10_T07/S009_R10_T08/S009_R10_T09/S009_R10_T10/S009_R10_T11,12,6,6,S009_R06_T00/S009_R06_T01/S009_R06_T02/S009_R06_T03/S009_R06_T04/S009_R06_T05/S009_R06_T06/S009_R06_T07/S009_R06_T08/S009_R06_T09/S009_R06_T10/S009_R06_T11/S009_R06_T12/S009_R06_T13/S009_R06_T14/S009_R14_T00/S009_R14_T01/S009_R14_T02/S009_R14_T03/S009_R14_T04/S009_R14_T05/S009_R14_T06/S009_R14_T07/S009_R14_T08/S009_R14_T09/S009_R14_T10/S009_R14_T11/S009_R14_T12/S009_R14_T13/S009_R14_T14,True,False,False,False,False,False,True,,12
9,9,target_lda,12,14,6/10,1/2/3/4/5/6/7/8/10/11/12/13/14/15/16/17/18/19/20,1/2/3/4/5/6/7/8/10/11/12/13/14/15/16/17/18/19/20,1/2/3/4/5/6/7/8/10/11/12/13/14/15/16/17/18/19/20,S009_R14_T00/S009_R14_T01/S009_R14_T02/S009_R14_T03/S009_R14_T04/S009_R14_T05/S009_R14_T06/S009_R14_T07/S009_R14_T08/S009_R14_T09/S009_R14_T10/S009_R14_T11,12,6,6,S009_R06_T00/S009_R06_T01/S009_R06_T02/S009_R06_T03/S009_R06_T04/S009_R06_T05/S009_R06_T06/S009_R06_T07/S009_R06_T08/S009_R06_T09/S009_R06_T10/S009_R06_T11/S009_R06_T12/S009_R06_T13/S009_R06_T14/S009_R10_T00/S009_R10_T01/S009_R10_T02/S009_R10_T03/S009_R10_T04/S009_R10_T05/S009_R10_T06/S009_R10_T07/S009_R10_T08/S009_R10_T09/S009_R10_T10/S009_R10_T11/S009_R10_T12/S009_R10_T13/S009_R10_T14,True,False,False,False,False,False,True,,12
9,9,target_lda,14,6,10/14,1/2/3/4/5/6/7/8/10/11/12/13/14/15/16/17/18/19/20,1/2/3/4/5/6/7/8/10/11/12/13/14/15/16/17/18/19/20,1/2/3/4/5/6/7/8/10/11/12/13/14/15/16/17/18/19/20,S009_R06_T00/S009_R06_T01/S009_R06_T02/S009_R06_T03/S009_R06_T04/S009_R06_T05/S009_R06_T06/S009_R06_T07/S009_R06_T08/S009_R06_T09/S009_R06_T10/S009_R06_T11/S009_R06_T12/S009_R06_T13,14,7,7,S009_R10_T00/S009_R10_T01/S009_R10_T02/S009_R10_T03/S009_R10_T04/S009_R10_T05/S009_R10_T06/S009_R10_T07/S009_R10_T08/S009_R10_T09/S009_R10_T10/S009_R10_T11/S009_R10_T12/S009_R10_T13/S009_R10_T14/S009_R14_T00/S009_R14_T01/S009_R14_T02/S009_R14_T03/S009_R14_T04/S009_R14_T05/S009_R14_T06/S009_R14_T07/S009_R14_T08/S009_R14_T09/S009_R14_T10/S009_R14_T11/S009_R14_T12/S009_R14_T13/S009_R14_T14,True,False,False,False,False,False,True,,14
9,9,target_lda,14,10,6/14,1/2/3/4/5/6/7/8/10/11/12/13/14/15/16/17/18/19/20,1/2/3/4/5/6/7/8/10/11/12/13/14/15/16/17/18/19/20,1/2/3/4/5/6/7/8/10/11/12/13/14/15/16/17/18/19/20,S009_R10_T00/S009_R10_T01/S009_R10_T02/S009_R10_T03/S009_R10_T04/S009_R10_T05/S009_R10_T06/S009_R10_T07/S009_R10_T08/S009_R10_T09/S009_R10_T10/S009_R10_T11/S009_R10_T12/S009_R10_T13,14,7,7,S009_R06_T00/S009_R06_T01/S009_R06_T02/S009_R06_T03/S009_R06_T04/S009_R06_T05/S009_R06_T06/S009_R06_T07/S009_R06_T08/S009_R06_T09/S009_R06_T10/S009_R06_T11/S009_R06_T12/S009_R06_T13/S009_R06_T14/S009_R14_T00/S009_R14_T01/S009_R14_T02/S009_R14_T03/S009_R14_T04/S009_R14_T05/S009_R14_T06/S009_R14_T07/S009_R14_T08/S009_R14_T09/S009_R14_T10/S009_R14_T11/S009_R14_T12/S009_R14_T13/S009_R14_T14,True,False,False,False,False,False,True,,14
9,9,target_lda,14,14,6/10,1/2/3/4/5/6/7/8/10/11/12/13/14/15/16/17/18/19/20,1/2/3/4/5/6/7/8/10/11/12/13/14/15/16/17/18/19/20,1/2/3/4/5/6/7/8/10/11/12/13/14/15/16/17/18/19/20,S009_R14_T00/S009_R14_T01/S009_R14_T02/S009_R14_T03/S009_R14_T04/S009_R14_T05/S009_R14_T06/S009_R14_T07/S009_R14_T08/S009_R14_T09/S009_R14_T10/S009_R14_T11/S009_R14_T12/S009_R14_T13,14,7,7,S009_R06_T00/S009_R06_T01/S009_R06_T02/S009_R06_T03/S009_R06_T04/S009_R06_T05/S009_R06_T06/S009_R06_T07/S009_R06_T08/S009_R06_T09/S009_R06_T10/S009_R06_T11/S009_R06_T12/S009_R06_T13/S009_R06_T14/S009_R10_T00/S009_R10_T01/S009_R10_T02/S009_R10_T03/S009_R10_T04/S009_R10_T05/S009_R10_T06/S009_R10_T07/S009_R10_T08/S009_R10_T09/S009_R10_T10/S009_R10_T11/S009_R10_T12/S009_R10_T13/S009_R10_T14,True,False,False,False,False,False,True,,14
10,10,threshold,0,6,10/14,1/2/3/4/5/6/7/8/9/11/12/13/14/15/16/17/18/19/20,1/2/3/4/5/6/7/8/9/11/12/13/14/15/16/17/18/19/20,1/2/3/4/5/6/7/8/9/11/12/13/14/15/16/17/18/19/20,,0,0,0,S010_R10_T00/S010_R10_T01/S010_R10_T02/S010_R10_T03/S010_R10_T04/S010_R10_T05/S010_R10_T06/S010_R10_T07/S010_R10_T08/S010_R10_T09/S010_R10_T10/S010_R10_T11/S010_R10_T12/S010_R10_T13/S010_R10_T14/S010_R14_T00/S010_R14_T01/S010_R14_T02/S010_R14_T03/S010_R14_T04/S010_R14_T05/S010_R14_T06/S010_R14_T07/S010_R14_T08/S010_R14_T09/S010_R14_T10/S010_R14_T11/S010_R14_T12/S010_R14_T13/S010_R14_T14,True,False,False,False,False,False,False,,0
10,10,threshold,0,10,6/14,1/2/3/4/5/6/7/8/9/11/12/13/14/15/16/17/18/19/20,1/2/3/4/5/6/7/8/9/11/12/13/14/15/16/17/18/19/20,1/2/3/4/5/6/7/8/9/11/12/13/14/15/16/17/18/19/20,,0,0,0,S010_R06_T00/S010_R06_T01/S010_R06_T02/S010_R06_T03/S010_R06_T04/S010_R06_T05/S010_R06_T06/S010_R06_T07/S010_R06_T08/S010_R06_T09/S010_R06_T10/S010_R06_T11/S010_R06_T12/S010_R06_T13/S010_R06_T14/S010_R14_T00/S010_R14_T01/S010_R14_T02/S010_R14_T03/S010_R14_T04/S010_R14_T05/S010_R14_T06/S010_R14_T07/S010_R14_T08/S010_R14_T09/S010_R14_T10/S010_R14_T11/S010_R14_T12/S010_R14_T13/S010_R14_T14,True,False,False,False,False,False,False,,0
10,10,threshold,0,14,6/10,1/2/3/4/5/6/7/8/9/11/12/13/14/15/16/17/18/19/20,1/2/3/4/5/6/7/8/9/11/12/13/14/15/16/17/18/19/20,1/2/3/4/5/6/7/8/9/11/12/13/14/15/16/17/18/19/20,,0,0,0,S010_R06_T00/S010_R06_T01/S010_R06_T02/S010_R06_T03/S010_R06_T04/S010_R06_T05/S010_R06_T06/S010_R06_T07/S010_R06_T08/S010_R06_T09/S010_R06_T10/S010_R06_T11/S010_R06_T12/S010_R06_T13/S010_R06_T14/S010_R10_T00/S010_R10_T01/S010_R10_T02/S010_R10_T03/S010_R10_T04/S010_R10_T05/S010_R10_T06/S010_R10_T07/S010_R10_T08/S010_R10_T09/S010_R10_T10/S010_R10_T11/S010_R10_T12/S010_R10_T13/S010_R10_T14,True,False,False,False,False,False,False,,0
10,10,threshold,4,6,10/14,1/2/3/4/5/6/7/8/9/11/12/13/14/15/16/17/18/19/20,1/2/3/4/5/6/7/8/9/11/12/13/14/15/16/17/18/19/20,1/2/3/4/5/6/7/8/9/11/12/13/14/15/16/17/18/19/20,S010_R06_T00/S010_R06_T01/S010_R06_T02/S010_R06_T03,4,2,2,S010_R10_T00/S010_R10_T01/S010_R10_T02/S010_R10_T03/S010_R10_T04/S010_R10_T05/S010_R10_T06/S010_R10_T07/S010_R10_T08/S010_R10_T09/S010_R10_T10/S010_R10_T11/S010_R10_T12/S010_R10_T13/S010_R10_T14/S010_R14_T00/S010_R14_T01/S010_R14_T02/S010_R14_T03/S010_R14_T04/S010_R14_T05/S010_R14_T06/S010_R14_T07/S010_R14_T08/S010_R14_T09/S010_R14_T10/S010_R14_T11/S010_R14_T12/S010_R14_T13/S010_R14_T14,True,False,False,False,False,False,True,0.17936086790948186,0
10,10,threshold,4,10,6/14,1/2/3/4/5/6/7/8/9/11/12/13/14/15/16/17/18/19/20,1/2/3/4/5/6/7/8/9/11/12/13/14/15/16/17/18/19/20,1/2/3/4/5/6/7/8/9/11/12/13/14/15/16/17/18/19/20,S010_R10_T00/S010_R10_T01/S010_R10_T02/S010_R10_T03,4,2,2,S010_R06_T00/S010_R06_T01/S010_R06_T02/S010_R06_T03/S010_R06_T04/S010_R06_T05/S010_R06_T06/S010_R06_T07/S010_R06_T08/S010_R06_T09/S010_R06_T10/S010_R06_T11/S010_R06_T12/S010_R06_T13/S010_R06_T14/S010_R14_T00/S010_R14_T01/S010_R14_T02/S010_R14_T03/S010_R14_T04/S010_R14_T05/S010_R14_T06/S010_R14_T07/S010_R14_T08/S010_R14_T09/S010_R14_T10/S010_R14_T11/S010_R14_T12/S010_R14_T13/S010_R14_T14,True,False,False,False,False,False,True,0.5805388407215686,0
10,10,threshold,4,14,6/10,1/2/3/4/5/6/7/8/9/11/12/13/14/15/16/17/18/19/20,1/2/3/4/5/6/7/8/9/11/12/13/14/15/16/17/18/19/20,1/2/3/4/5/6/7/8/9/11/12/13/14/15/16/17/18/19/20,S010_R14_T00/S010_R14_T01/S010_R14_T02/S010_R14_T03,4,2,2,S010_R06_T00/S010_R06_T01/S010_R06_T02/S010_R06_T03/S010_R06_T04/S010_R06_T05/S010_R06_T06/S010_R06_T07/S010_R06_T08/S010_R06_T09/S010_R06_T10/S010_R06_T11/S010_R06_T12/S010_R06_T13/S010_R06_T14/S010_R10_T00/S010_R10_T01/S010_R10_T02/S010_R10_T03/S010_R10_T04/S010_R10_T05/S010_R10_T06/S010_R10_T07/S010_R10_T08/S010_R10_T09/S010_R10_T10/S010_R10_T11/S010_R10_T12/S010_R10_T13/S010_R10_T14,True,False,False,False,False,False,True,0.10194223660661773,0
10,10,threshold,8,6,10/14,1/2/3/4/5/6/7/8/9/11/12/13/14/15/16/17/18/19/20,1/2/3/4/5/6/7/8/9/11/12/13/14/15/16/17/18/19/20,1/2/3/4/5/6/7/8/9/11/12/13/14/15/16/17/18/19/20,S010_R06_T00/S010_R06_T01/S010_R06_T02/S010_R06_T03/S010_R06_T04/S010_R06_T05/S010_R06_T06/S010_R06_T07,8,4,4,S010_R10_T00/S010_R10_T01/S010_R10_T02/S010_R10_T03/S010_R10_T04/S010_R10_T05/S010_R10_T06/S010_R10_T07/S010_R10_T08/S010_R10_T09/S010_R10_T10/S010_R10_T11/S010_R10_T12/S010_R10_T13/S010_R10_T14/S010_R14_T00/S010_R14_T01/S010_R14_T02/S010_R14_T03/S010_R14_T04/S010_R14_T05/S010_R14_T06/S010_R14_T07/S010_R14_T08/S010_R14_T09/S010_R14_T10/S010_R14_T11/S010_R14_T12/S010_R14_T13/S010_R14_T14,True,False,False,False,False,False,True,0.24981207496927432,0
10,10,threshold,8,10,6/14,1/2/3/4/5/6/7/8/9/11/12/13/14/15/16/17/18/19/20,1/2/3/4/5/6/7/8/9/11/12/13/14/15/16/17/18/19/20,1/2/3/4/5/6/7/8/9/11/12/13/14/15/16/17/18/19/20,S010_R10_T00/S010_R10_T01/S010_R10_T02/S010_R10_T03/S010_R10_T04/S010_R10_T05/S010_R10_T06/S010_R10_T07,8,4,4,S010_R06_T00/S010_R06_T01/S010_R06_T02/S010_R06_T03/S010_R06_T04/S010_R06_T05/S010_R06_T06/S010_R06_T07/S010_R06_T08/S010_R06_T09/S010_R06_T10/S010_R06_T11/S010_R06_T12/S010_R06_T13/S010_R06_T14/S010_R14_T00/S010_R14_T01/S010_R14_T02/S010_R14_T03/S010_R14_T04/S010_R14_T05/S010_R14_T06/S010_R14_T07/S010_R14_T08/S010_R14_T09/S010_R14_T10/S010_R14_T11/S010_R14_T12/S010_R14_T13/S010_R14_T14,True,False,False,False,False,False,True,0.2705172508284088,0
10,10,threshold,8,14,6/10,1/2/3/4/5/6/7/8/9/11/12/13/14/15/16/17/18/19/20,1/2/3/4/5/6/7/8/9/11/12/13/14/15/16/17/18/19/20,1/2/3/4/5/6/7/8/9/11/12/13/14/15/16/17/18/19/20,S010_R14_T00/S010_R14_T01/S010_R14_T02/S010_R14_T03/S010_R14_T04/S010_R14_T05/S010_R14_T06/S010_R14_T07,8,4,4,S010_R06_T00/S010_R06_T01/S010_R06_T02/S010_R06_T03/S010_R06_T04/S010_R06_T05/S010_R06_T06/S010_R06_T07/S010_R06_T08/S010_R06_T09/S010_R06_T10/S010_R06_T11/S010_R06_T12/S010_R06_T13/S010_R06_T14/S010_R10_T00/S010_R10_T01/S010_R10_T02/S010_R10_T03/S010_R10_T04/S010_R10_T05/S010_R10_T06/S010_R10_T07/S010_R10_T08/S010_R10_T09/S010_R10_T10/S010_R10_T11/S010_R10_T12/S010_R10_T13/S010_R10_T14,True,False,False,False,False,False,True,0.19308355901628266,0
10,10,threshold,12,6,10/14,1/2/3/4/5/6/7/8/9/11/12/13/14/15/16/17/18/19/20,1/2/3/4/5/6/7/8/9/11/12/13/14/15/16/17/18/19/20,1/2/3/4/5/6/7/8/9/11/12/13/14/15/16/17/18/19/20,S010_R06_T00/S010_R06_T01/S010_R06_T02/S010_R06_T03/S010_R06_T04/S010_R06_T05/S010_R06_T06/S010_R06_T07/S010_R06_T08/S010_R06_T09/S010_R06_T10/S010_R06_T11,12,6,6,S010_R10_T00/S010_R10_T01/S010_R10_T02/S010_R10_T03/S010_R10_T04/S010_R10_T05/S010_R10_T06/S010_R10_T07/S010_R10_T08/S010_R10_T09/S010_R10_T10/S010_R10_T11/S010_R10_T12/S010_R10_T13/S010_R10_T14/S010_R14_T00/S010_R14_T01/S010_R14_T02/S010_R14_T03/S010_R14_T04/S010_R14_T05/S010_R14_T06/S010_R14_T07/S010_R14_T08/S010_R14_T09/S010_R14_T10/S010_R14_T11/S010_R14_T12/S010_R14_T13/S010_R14_T14,True,False,False,False,False,False,True,0.05526739456010715,0
10,10,threshold,12,10,6/14,1/2/3/4/5/6/7/8/9/11/12/13/14/15/16/17/18/19/20,1/2/3/4/5/6/7/8/9/11/12/13/14/15/16/17/18/19/20,1/2/3/4/5/6/7/8/9/11/12/13/14/15/16/17/18/19/20,S010_R10_T00/S010_R10_T01/S010_R10_T02/S010_R10_T03/S010_R10_T04/S010_R10_T05/S010_R10_T06/S010_R10_T07/S010_R10_T08/S010_R10_T09/S010_R10_T10/S010_R10_T11,12,6,6,S010_R06_T00/S010_R06_T01/S010_R06_T02/S010_R06_T03/S010_R06_T04/S010_R06_T05/S010_R06_T06/S010_R06_T07/S010_R06_T08/S010_R06_T09/S010_R06_T10/S010_R06_T11/S010_R06_T12/S010_R06_T13/S010_R06_T14/S010_R14_T00/S010_R14_T01/S010_R14_T02/S010_R14_T03/S010_R14_T04/S010_R14_T05/S010_R14_T06/S010_R14_T07/S010_R14_T08/S010_R14_T09/S010_R14_T10/S010_R14_T11/S010_R14_T12/S010_R14_T13/S010_R14_T14,True,False,False,False,False,False,True,0.2705172508284088,0
10,10,threshold,12,14,6/10,1/2/3/4/5/6/7/8/9/11/12/13/14/15/16/17/18/19/20,1/2/3/4/5/6/7/8/9/11/12/13/14/15/16/17/18/19/20,1/2/3/4/5/6/7/8/9/11/12/13/14/15/16/17/18/19/20,S010_R14_T00/S010_R14_T01/S010_R14_T02/S010_R14_T03/S010_R14_T04/S010_R14_T05/S010_R14_T06/S010_R14_T07/S010_R14_T08/S010_R14_T09/S010_R14_T10/S010_R14_T11,12,6,6,S010_R06_T00/S010_R06_T01/S010_R06_T02/S010_R06_T03/S010_R06_T04/S010_R06_T05/S010_R06_T06/S010_R06_T07/S010_R06_T08/S010_R06_T09/S010_R06_T10/S010_R06_T11/S010_R06_T12/S010_R06_T13/S010_R06_T14/S010_R10_T00/S010_R10_T01/S010_R10_T02/S010_R10_T03/S010_R10_T04/S010_R10_T05/S010_R10_T06/S010_R10_T07/S010_R10_T08/S010_R10_T09/S010_R10_T10/S010_R10_T11/S010_R10_T12/S010_R10_T13/S010_R10_T14,True,False,False,False,False,False,True,0.19308355901628266,0
10,10,threshold,14,6,10/14,1/2/3/4/5/6/7/8/9/11/12/13/14/15/16/17/18/19/20,1/2/3/4/5/6/7/8/9/11/12/13/14/15/16/17/18/19/20,1/2/3/4/5/6/7/8/9/11/12/13/14/15/16/17/18/19/20,S010_R06_T00/S010_R06_T01/S010_R06_T02/S010_R06_T03/S010_R06_T04/S010_R06_T05/S010_R06_T06/S010_R06_T07/S010_R06_T08/S010_R06_T09/S010_R06_T10/S010_R06_T11/S010_R06_T12/S010_R06_T13,14,7,7,S010_R10_T00/S010_R10_T01/S010_R10_T02/S010_R10_T03/S010_R10_T04/S010_R10_T05/S010_R10_T06/S010_R10_T07/S010_R10_T08/S010_R10_T09/S010_R10_T10/S010_R10_T11/S010_R10_T12/S010_R10_T13/S010_R10_T14/S010_R14_T00/S010_R14_T01/S010_R14_T02/S010_R14_T03/S010_R14_T04/S010_R14_T05/S010_R14_T06/S010_R14_T07/S010_R14_T08/S010_R14_T09/S010_R14_T10/S010_R14_T11/S010_R14_T12/S010_R14_T13/S010_R14_T14,True,False,False,False,False,False,True,0.05526739456010715,0
10,10,threshold,14,10,6/14,1/2/3/4/5/6/7/8/9/11/12/13/14/15/16/17/18/19/20,1/2/3/4/5/6/7/8/9/11/12/13/14/15/16/17/18/19/20,1/2/3/4/5/6/7/8/9/11/12/13/14/15/16/17/18/19/20,S010_R10_T00/S010_R10_T01/S010_R10_T02/S010_R10_T03/S010_R10_T04/S010_R10_T05/S010_R10_T06/S010_R10_T07/S010_R10_T08/S010_R10_T09/S010_R10_T10/S010_R10_T11/S010_R10_T12/S010_R10_T13,14,7,7,S010_R06_T00/S010_R06_T01/S010_R06_T02/S010_R06_T03/S010_R06_T04/S010_R06_T05/S010_R06_T06/S010_R06_T07/S010_R06_T08/S010_R06_T09/S010_R06_T10/S010_R06_T11/S010_R06_T12/S010_R06_T13/S010_R06_T14/S010_R14_T00/S010_R14_T01/S010_R14_T02/S010_R14_T03/S010_R14_T04/S010_R14_T05/S010_R14_T06/S010_R14_T07/S010_R14_T08/S010_R14_T09/S010_R14_T10/S010_R14_T11/S010_R14_T12/S010_R14_T13/S010_R14_T14,True,False,False,False,False,False,True,0.2705172508284088,0
10,10,threshold,14,14,6/10,1/2/3/4/5/6/7/8/9/11/12/13/14/15/16/17/18/19/20,1/2/3/4/5/6/7/8/9/11/12/13/14/15/16/17/18/19/20,1/2/3/4/5/6/7/8/9/11/12/13/14/15/16/17/18/19/20,S010_R14_T00/S010_R14_T01/S010_R14_T02/S010_R14_T03/S010_R14_T04/S010_R14_T05/S010_R14_T06/S010_R14_T07/S010_R14_T08/S010_R14_T09/S010_R14_T10/S010_R14_T11/S010_R14_T12/S010_R14_T13,14,7,7,S010_R06_T00/S010_R06_T01/S010_R06_T02/S010_R06_T03/S010_R06_T04/S010_R06_T05/S010_R06_T06/S010_R06_T07/S010_R06_T08/S010_R06_T09/S010_R06_T10/S010_R06_T11/S010_R06_T12/S010_R06_T13/S010_R06_T14/S010_R10_T00/S010_R10_T01/S010_R10_T02/S010_R10_T03/S010_R10_T04/S010_R10_T05/S010_R10_T06/S010_R10_T07/S010_R10_T08/S010_R10_T09/S010_R10_T10/S010_R10_T11/S010_R10_T12/S010_R10_T13/S010_R10_T14,True,False,False,False,False,False,True,0.19308355901628266,0
10,10,target_lda,0,6,10/14,1/2/3/4/5/6/7/8/9/11/12/13/14/15/16/17/18/19/20,1/2/3/4/5/6/7/8/9/11/12/13/14/15/16/17/18/19/20,1/2/3/4/5/6/7/8/9/11/12/13/14/15/16/17/18/19/20,,0,0,0,S010_R10_T00/S010_R10_T01/S010_R10_T02/S010_R10_T03/S010_R10_T04/S010_R10_T05/S010_R10_T06/S010_R10_T07/S010_R10_T08/S010_R10_T09/S010_R10_T10/S010_R10_T11/S010_R10_T12/S010_R10_T13/S010_R10_T14/S010_R14_T00/S010_R14_T01/S010_R14_T02/S010_R14_T03/S010_R14_T04/S010_R14_T05/S010_R14_T06/S010_R14_T07/S010_R14_T08/S010_R14_T09/S010_R14_T10/S010_R14_T11/S010_R14_T12/S010_R14_T13/S010_R14_T14,True,False,False,False,False,False,False,,0
10,10,target_lda,0,10,6/14,1/2/3/4/5/6/7/8/9/11/12/13/14/15/16/17/18/19/20,1/2/3/4/5/6/7/8/9/11/12/13/14/15/16/17/18/19/20,1/2/3/4/5/6/7/8/9/11/12/13/14/15/16/17/18/19/20,,0,0,0,S010_R06_T00/S010_R06_T01/S010_R06_T02/S010_R06_T03/S010_R06_T04/S010_R06_T05/S010_R06_T06/S010_R06_T07/S010_R06_T08/S010_R06_T09/S010_R06_T10/S010_R06_T11/S010_R06_T12/S010_R06_T13/S010_R06_T14/S010_R14_T00/S010_R14_T01/S010_R14_T02/S010_R14_T03/S010_R14_T04/S010_R14_T05/S010_R14_T06/S010_R14_T07/S010_R14_T08/S010_R14_T09/S010_R14_T10/S010_R14_T11/S010_R14_T12/S010_R14_T13/S010_R14_T14,True,False,False,False,False,False,False,,0
10,10,target_lda,0,14,6/10,1/2/3/4/5/6/7/8/9/11/12/13/14/15/16/17/18/19/20,1/2/3/4/5/6/7/8/9/11/12/13/14/15/16/17/18/19/20,1/2/3/4/5/6/7/8/9/11/12/13/14/15/16/17/18/19/20,,0,0,0,S010_R06_T00/S010_R06_T01/S010_R06_T02/S010_R06_T03/S010_R06_T04/S010_R06_T05/S010_R06_T06/S010_R06_T07/S010_R06_T08/S010_R06_T09/S010_R06_T10/S010_R06_T11/S010_R06_T12/S010_R06_T13/S010_R06_T14/S010_R10_T00/S010_R10_T01/S010_R10_T02/S010_R10_T03/S010_R10_T04/S010_R10_T05/S010_R10_T06/S010_R10_T07/S010_R10_T08/S010_R10_T09/S010_R10_T10/S010_R10_T11/S010_R10_T12/S010_R10_T13/S010_R10_T14,True,False,False,False,False,False,False,,0
10,10,target_lda,4,6,10/14,1/2/3/4/5/6/7/8/9/11/12/13/14/15/16/17/18/19/20,1/2/3/4/5/6/7/8/9/11/12/13/14/15/16/17/18/19/20,1/2/3/4/5/6/7/8/9/11/12/13/14/15/16/17/18/19/20,S010_R06_T00/S010_R06_T01/S010_R06_T02/S010_R06_T03,4,2,2,S010_R10_T00/S010_R10_T01/S010_R10_T02/S010_R10_T03/S010_R10_T04/S010_R10_T05/S010_R10_T06/S010_R10_T07/S010_R10_T08/S010_R10_T09/S010_R10_T10/S010_R10_T11/S010_R10_T12/S010_R10_T13/S010_R10_T14/S010_R14_T00/S010_R14_T01/S010_R14_T02/S010_R14_T03/S010_R14_T04/S010_R14_T05/S010_R14_T06/S010_R14_T07/S010_R14_T08/S010_R14_T09/S010_R14_T10/S010_R14_T11/S010_R14_T12/S010_R14_T13/S010_R14_T14,True,False,False,False,False,False,True,,4
10,10,target_lda,4,10,6/14,1/2/3/4/5/6/7/8/9/11/12/13/14/15/16/17/18/19/20,1/2/3/4/5/6/7/8/9/11/12/13/14/15/16/17/18/19/20,1/2/3/4/5/6/7/8/9/11/12/13/14/15/16/17/18/19/20,S010_R10_T00/S010_R10_T01/S010_R10_T02/S010_R10_T03,4,2,2,S010_R06_T00/S010_R06_T01/S010_R06_T02/S010_R06_T03/S010_R06_T04/S010_R06_T05/S010_R06_T06/S010_R06_T07/S010_R06_T08/S010_R06_T09/S010_R06_T10/S010_R06_T11/S010_R06_T12/S010_R06_T13/S010_R06_T14/S010_R14_T00/S010_R14_T01/S010_R14_T02/S010_R14_T03/S010_R14_T04/S010_R14_T05/S010_R14_T06/S010_R14_T07/S010_R14_T08/S010_R14_T09/S010_R14_T10/S010_R14_T11/S010_R14_T12/S010_R14_T13/S010_R14_T14,True,False,False,False,False,False,True,,4
10,10,target_lda,4,14,6/10,1/2/3/4/5/6/7/8/9/11/12/13/14/15/16/17/18/19/20,1/2/3/4/5/6/7/8/9/11/12/13/14/15/16/17/18/19/20,1/2/3/4/5/6/7/8/9/11/12/13/14/15/16/17/18/19/20,S010_R14_T00/S010_R14_T01/S010_R14_T02/S010_R14_T03,4,2,2,S010_R06_T00/S010_R06_T01/S010_R06_T02/S010_R06_T03/S010_R06_T04/S010_R06_T05/S010_R06_T06/S010_R06_T07/S010_R06_T08/S010_R06_T09/S010_R06_T10/S010_R06_T11/S010_R06_T12/S010_R06_T13/S010_R06_T14/S010_R10_T00/S010_R10_T01/S010_R10_T02/S010_R10_T03/S010_R10_T04/S010_R10_T05/S010_R10_T06/S010_R10_T07/S010_R10_T08/S010_R10_T09/S010_R10_T10/S010_R10_T11/S010_R10_T12/S010_R10_T13/S010_R10_T14,True,False,False,False,False,False,True,,4
10,10,target_lda,8,6,10/14,1/2/3/4/5/6/7/8/9/11/12/13/14/15/16/17/18/19/20,1/2/3/4/5/6/7/8/9/11/12/13/14/15/16/17/18/19/20,1/2/3/4/5/6/7/8/9/11/12/13/14/15/16/17/18/19/20,S010_R06_T00/S010_R06_T01/S010_R06_T02/S010_R06_T03/S010_R06_T04/S010_R06_T05/S010_R06_T06/S010_R06_T07,8,4,4,S010_R10_T00/S010_R10_T01/S010_R10_T02/S010_R10_T03/S010_R10_T04/S010_R10_T05/S010_R10_T06/S010_R10_T07/S010_R10_T08/S010_R10_T09/S010_R10_T10/S010_R10_T11/S010_R10_T12/S010_R10_T13/S010_R10_T14/S010_R14_T00/S010_R14_T01/S010_R14_T02/S010_R14_T03/S010_R14_T04/S010_R14_T05/S010_R14_T06/S010_R14_T07/S010_R14_T08/S010_R14_T09/S010_R14_T10/S010_R14_T11/S010_R14_T12/S010_R14_T13/S010_R14_T14,True,False,False,False,False,False,True,,8
10,10,target_lda,8,10,6/14,1/2/3/4/5/6/7/8/9/11/12/13/14/15/16/17/18/19/20,1/2/3/4/5/6/7/8/9/11/12/13/14/15/16/17/18/19/20,1/2/3/4/5/6/7/8/9/11/12/13/14/15/16/17/18/19/20,S010_R10_T00/S010_R10_T01/S010_R10_T02/S010_R10_T03/S010_R10_T04/S010_R10_T05/S010_R10_T06/S010_R10_T07,8,4,4,S010_R06_T00/S010_R06_T01/S010_R06_T02/S010_R06_T03/S010_R06_T04/S010_R06_T05/S010_R06_T06/S010_R06_T07/S010_R06_T08/S010_R06_T09/S010_R06_T10/S010_R06_T11/S010_R06_T12/S010_R06_T13/S010_R06_T14/S010_R14_T00/S010_R14_T01/S010_R14_T02/S010_R14_T03/S010_R14_T04/S010_R14_T05/S010_R14_T06/S010_R14_T07/S010_R14_T08/S010_R14_T09/S010_R14_T10/S010_R14_T11/S010_R14_T12/S010_R14_T13/S010_R14_T14,True,False,False,False,False,False,True,,8
10,10,target_lda,8,14,6/10,1/2/3/4/5/6/7/8/9/11/12/13/14/15/16/17/18/19/20,1/2/3/4/5/6/7/8/9/11/12/13/14/15/16/17/18/19/20,1/2/3/4/5/6/7/8/9/11/12/13/14/15/16/17/18/19/20,S010_R14_T00/S010_R14_T01/S010_R14_T02/S010_R14_T03/S010_R14_T04/S010_R14_T05/S010_R14_T06/S010_R14_T07,8,4,4,S010_R06_T00/S010_R06_T01/S010_R06_T02/S010_R06_T03/S010_R06_T04/S010_R06_T05/S010_R06_T06/S010_R06_T07/S010_R06_T08/S010_R06_T09/S010_R06_T10/S010_R06_T11/S010_R06_T12/S010_R06_T13/S010_R06_T14/S010_R10_T00/S010_R10_T01/S010_R10_T02/S010_R10_T03/S010_R10_T04/S010_R10_T05/S010_R10_T06/S010_R10_T07/S010_R10_T08/S010_R10_T09/S010_R10_T10/S010_R10_T11/S010_R10_T12/S010_R10_T13/S010_R10_T14,True,False,False,False,False,False,True,,8
10,10,target_lda,12,6,10/14,1/2/3/4/5/6/7/8/9/11/12/13/14/15/16/17/18/19/20,1/2/3/4/5/6/7/8/9/11/12/13/14/15/16/17/18/19/20,1/2/3/4/5/6/7/8/9/11/12/13/14/15/16/17/18/19/20,S010_R06_T00/S010_R06_T01/S010_R06_T02/S010_R06_T03/S010_R06_T04/S010_R06_T05/S010_R06_T06/S010_R06_T07/S010_R06_T08/S010_R06_T09/S010_R06_T10/S010_R06_T11,12,6,6,S010_R10_T00/S010_R10_T01/S010_R10_T02/S010_R10_T03/S010_R10_T04/S010_R10_T05/S010_R10_T06/S010_R10_T07/S010_R10_T08/S010_R10_T09/S010_R10_T10/S010_R10_T11/S010_R10_T12/S010_R10_T13/S010_R10_T14/S010_R14_T00/S010_R14_T01/S010_R14_T02/S010_R14_T03/S010_R14_T04/S010_R14_T05/S010_R14_T06/S010_R14_T07/S010_R14_T08/S010_R14_T09/S010_R14_T10/S010_R14_T11/S010_R14_T12/S010_R14_T13/S010_R14_T14,True,False,False,False,False,False,True,,12
10,10,target_lda,12,10,6/14,1/2/3/4/5/6/7/8/9/11/12/13/14/15/16/17/18/19/20,1/2/3/4/5/6/7/8/9/11/12/13/14/15/16/17/18/19/20,1/2/3/4/5/6/7/8/9/11/12/13/14/15/16/17/18/19/20,S010_R10_T00/S010_R10_T01/S010_R10_T02/S010_R10_T03/S010_R10_T04/S010_R10_T05/S010_R10_T06/S010_R10_T07/S010_R10_T08/S010_R10_T09/S010_R10_T10/S010_R10_T11,12,6,6,S010_R06_T00/S010_R06_T01/S010_R06_T02/S010_R06_T03/S010_R06_T04/S010_R06_T05/S010_R06_T06/S010_R06_T07/S010_R06_T08/S010_R06_T09/S010_R06_T10/S010_R06_T11/S010_R06_T12/S010_R06_T13/S010_R06_T14/S010_R14_T00/S010_R14_T01/S010_R14_T02/S010_R14_T03/S010_R14_T04/S010_R14_T05/S010_R14_T06/S010_R14_T07/S010_R14_T08/S010_R14_T09/S010_R14_T10/S010_R14_T11/S010_R14_T12/S010_R14_T13/S010_R14_T14,True,False,False,False,False,False,True,,12
10,10,target_lda,12,14,6/10,1/2/3/4/5/6/7/8/9/11/12/13/14/15/16/17/18/19/20,1/2/3/4/5/6/7/8/9/11/12/13/14/15/16/17/18/19/20,1/2/3/4/5/6/7/8/9/11/12/13/14/15/16/17/18/19/20,S010_R14_T00/S010_R14_T01/S010_R14_T02/S010_R14_T03/S010_R14_T04/S010_R14_T05/S010_R14_T06/S010_R14_T07/S010_R14_T08/S010_R14_T09/S010_R14_T10/S010_R14_T11,12,6,6,S010_R06_T00/S010_R06_T01/S010_R06_T02/S010_R06_T03/S010_R06_T04/S010_R06_T05/S010_R06_T06/S010_R06_T07/S010_R06_T08/S010_R06_T09/S010_R06_T10/S010_R06_T11/S010_R06_T12/S010_R06_T13/S010_R06_T14/S010_R10_T00/S010_R10_T01/S010_R10_T02/S010_R10_T03/S010_R10_T04/S010_R10_T05/S010_R10_T06/S010_R10_T07/S010_R10_T08/S010_R10_T09/S010_R10_T10/S010_R10_T11/S010_R10_T12/S010_R10_T13/S010_R10_T14,True,False,False,False,False,False,True,,12
10,10,target_lda,14,6,10/14,1/2/3/4/5/6/7/8/9/11/12/13/14/15/16/17/18/19/20,1/2/3/4/5/6/7/8/9/11/12/13/14/15/16/17/18/19/20,1/2/3/4/5/6/7/8/9/11/12/13/14/15/16/17/18/19/20,S010_R06_T00/S010_R06_T01/S010_R06_T02/S010_R06_T03/S010_R06_T04/S010_R06_T05/S010_R06_T06/S010_R06_T07/S010_R06_T08/S010_R06_T09/S010_R06_T10/S010_R06_T11/S010_R06_T12/S010_R06_T13,14,7,7,S010_R10_T00/S010_R10_T01/S010_R10_T02/S010_R10_T03/S010_R10_T04/S010_R10_T05/S010_R10_T06/S010_R10_T07/S010_R10_T08/S010_R10_T09/S010_R10_T10/S010_R10_T11/S010_R10_T12/S010_R10_T13/S010_R10_T14/S010_R14_T00/S010_R14_T01/S010_R14_T02/S010_R14_T03/S010_R14_T04/S010_R14_T05/S010_R14_T06/S010_R14_T07/S010_R14_T08/S010_R14_T09/S010_R14_T10/S010_R14_T11/S010_R14_T12/S010_R14_T13/S010_R14_T14,True,False,False,False,False,False,True,,14
10,10,target_lda,14,10,6/14,1/2/3/4/5/6/7/8/9/11/12/13/14/15/16/17/18/19/20,1/2/3/4/5/6/7/8/9/11/12/13/14/15/16/17/18/19/20,1/2/3/4/5/6/7/8/9/11/12/13/14/15/16/17/18/19/20,S010_R10_T00/S010_R10_T01/S010_R10_T02/S010_R10_T03/S010_R10_T04/S010_R10_T05/S010_R10_T06/S010_R10_T07/S010_R10_T08/S010_R10_T09/S010_R10_T10/S010_R10_T11/S010_R10_T12/S010_R10_T13,14,7,7,S010_R06_T00/S010_R06_T01/S010_R06_T02/S010_R06_T03/S010_R06_T04/S010_R06_T05/S010_R06_T06/S010_R06_T07/S010_R06_T08/S010_R06_T09/S010_R06_T10/S010_R06_T11/S010_R06_T12/S010_R06_T13/S010_R06_T14/S010_R14_T00/S010_R14_T01/S010_R14_T02/S010_R14_T03/S010_R14_T04/S010_R14_T05/S010_R14_T06/S010_R14_T07/S010_R14_T08/S010_R14_T09/S010_R14_T10/S010_R14_T11/S010_R14_T12/S010_R14_T13/S010_R14_T14,True,False,False,False,False,False,True,,14
10,10,target_lda,14,14,6/10,1/2/3/4/5/6/7/8/9/11/12/13/14/15/16/17/18/19/20,1/2/3/4/5/6/7/8/9/11/12/13/14/15/16/17/18/19/20,1/2/3/4/5/6/7/8/9/11/12/13/14/15/16/17/18/19/20,S010_R14_T00/S010_R14_T01/S010_R14_T02/S010_R14_T03/S010_R14_T04/S010_R14_T05/S010_R14_T06/S010_R14_T07/S010_R14_T08/S010_R14_T09/S010_R14_T10/S010_R14_T11/S010_R14_T12/S010_R14_T13,14,7,7,S010_R06_T00/S010_R06_T01/S010_R06_T02/S010_R06_T03/S010_R06_T04/S010_R06_T05/S010_R06_T06/S010_R06_T07/S010_R06_T08/S010_R06_T09/S010_R06_T10/S010_R06_T11/S010_R06_T12/S010_R06_T13/S010_R06_T14/S010_R10_T00/S010_R10_T01/S010_R10_T02/S010_R10_T03/S010_R10_T04/S010_R10_T05/S010_R10_T06/S010_R10_T07/S010_R10_T08/S010_R10_T09/S010_R10_T10/S010_R10_T11/S010_R10_T12/S010_R10_T13/S010_R10_T14,True,False,False,False,False,False,True,,14
11,11,threshold,0,6,10/14,1/2/3/4/5/6/7/8/9/10/12/13/14/15/16/17/18/19/20,1/2/3/4/5/6/7/8/9/10/12/13/14/15/16/17/18/19/20,1/2/3/4/5/6/7/8/9/10/12/13/14/15/16/17/18/19/20,,0,0,0,S011_R10_T00/S011_R10_T01/S011_R10_T02/S011_R10_T03/S011_R10_T04/S011_R10_T05/S011_R10_T06/S011_R10_T07/S011_R10_T08/S011_R10_T09/S011_R10_T10/S011_R10_T11/S011_R10_T12/S011_R10_T13/S011_R10_T14/S011_R14_T00/S011_R14_T01/S011_R14_T02/S011_R14_T03/S011_R14_T04/S011_R14_T05/S011_R14_T06/S011_R14_T07/S011_R14_T08/S011_R14_T09/S011_R14_T10/S011_R14_T11/S011_R14_T12/S011_R14_T13/S011_R14_T14,True,False,False,False,False,False,False,,0
11,11,threshold,0,10,6/14,1/2/3/4/5/6/7/8/9/10/12/13/14/15/16/17/18/19/20,1/2/3/4/5/6/7/8/9/10/12/13/14/15/16/17/18/19/20,1/2/3/4/5/6/7/8/9/10/12/13/14/15/16/17/18/19/20,,0,0,0,S011_R06_T00/S011_R06_T01/S011_R06_T02/S011_R06_T03/S011_R06_T04/S011_R06_T05/S011_R06_T06/S011_R06_T07/S011_R06_T08/S011_R06_T09/S011_R06_T10/S011_R06_T11/S011_R06_T12/S011_R06_T13/S011_R06_T14/S011_R14_T00/S011_R14_T01/S011_R14_T02/S011_R14_T03/S011_R14_T04/S011_R14_T05/S011_R14_T06/S011_R14_T07/S011_R14_T08/S011_R14_T09/S011_R14_T10/S011_R14_T11/S011_R14_T12/S011_R14_T13/S011_R14_T14,True,False,False,False,False,False,False,,0
11,11,threshold,0,14,6/10,1/2/3/4/5/6/7/8/9/10/12/13/14/15/16/17/18/19/20,1/2/3/4/5/6/7/8/9/10/12/13/14/15/16/17/18/19/20,1/2/3/4/5/6/7/8/9/10/12/13/14/15/16/17/18/19/20,,0,0,0,S011_R06_T00/S011_R06_T01/S011_R06_T02/S011_R06_T03/S011_R06_T04/S011_R06_T05/S011_R06_T06/S011_R06_T07/S011_R06_T08/S011_R06_T09/S011_R06_T10/S011_R06_T11/S011_R06_T12/S011_R06_T13/S011_R06_T14/S011_R10_T00/S011_R10_T01/S011_R10_T02/S011_R10_T03/S011_R10_T04/S011_R10_T05/S011_R10_T06/S011_R10_T07/S011_R10_T08/S011_R10_T09/S011_R10_T10/S011_R10_T11/S011_R10_T12/S011_R10_T13/S011_R10_T14,True,False,False,False,False,False,False,,0
11,11,threshold,4,6,10/14,1/2/3/4/5/6/7/8/9/10/12/13/14/15/16/17/18/19/20,1/2/3/4/5/6/7/8/9/10/12/13/14/15/16/17/18/19/20,1/2/3/4/5/6/7/8/9/10/12/13/14/15/16/17/18/19/20,S011_R06_T00/S011_R06_T01/S011_R06_T02/S011_R06_T03,4,2,2,S011_R10_T00/S011_R10_T01/S011_R10_T02/S011_R10_T03/S011_R10_T04/S011_R10_T05/S011_R10_T06/S011_R10_T07/S011_R10_T08/S011_R10_T09/S011_R10_T10/S011_R10_T11/S011_R10_T12/S011_R10_T13/S011_R10_T14/S011_R14_T00/S011_R14_T01/S011_R14_T02/S011_R14_T03/S011_R14_T04/S011_R14_T05/S011_R14_T06/S011_R14_T07/S011_R14_T08/S011_R14_T09/S011_R14_T10/S011_R14_T11/S011_R14_T12/S011_R14_T13/S011_R14_T14,True,False,False,False,False,False,True,0.003824331073504772,0
11,11,threshold,4,10,6/14,1/2/3/4/5/6/7/8/9/10/12/13/14/15/16/17/18/19/20,1/2/3/4/5/6/7/8/9/10/12/13/14/15/16/17/18/19/20,1/2/3/4/5/6/7/8/9/10/12/13/14/15/16/17/18/19/20,S011_R10_T00/S011_R10_T01/S011_R10_T02/S011_R10_T03,4,2,2,S011_R06_T00/S011_R06_T01/S011_R06_T02/S011_R06_T03/S011_R06_T04/S011_R06_T05/S011_R06_T06/S011_R06_T07/S011_R06_T08/S011_R06_T09/S011_R06_T10/S011_R06_T11/S011_R06_T12/S011_R06_T13/S011_R06_T14/S011_R14_T00/S011_R14_T01/S011_R14_T02/S011_R14_T03/S011_R14_T04/S011_R14_T05/S011_R14_T06/S011_R14_T07/S011_R14_T08/S011_R14_T09/S011_R14_T10/S011_R14_T11/S011_R14_T12/S011_R14_T13/S011_R14_T14,True,False,False,False,False,False,True,-0.00930446062857454,0
11,11,threshold,4,14,6/10,1/2/3/4/5/6/7/8/9/10/12/13/14/15/16/17/18/19/20,1/2/3/4/5/6/7/8/9/10/12/13/14/15/16/17/18/19/20,1/2/3/4/5/6/7/8/9/10/12/13/14/15/16/17/18/19/20,S011_R14_T00/S011_R14_T01/S011_R14_T02/S011_R14_T03,4,2,2,S011_R06_T00/S011_R06_T01/S011_R06_T02/S011_R06_T03/S011_R06_T04/S011_R06_T05/S011_R06_T06/S011_R06_T07/S011_R06_T08/S011_R06_T09/S011_R06_T10/S011_R06_T11/S011_R06_T12/S011_R06_T13/S011_R06_T14/S011_R10_T00/S011_R10_T01/S011_R10_T02/S011_R10_T03/S011_R10_T04/S011_R10_T05/S011_R10_T06/S011_R10_T07/S011_R10_T08/S011_R10_T09/S011_R10_T10/S011_R10_T11/S011_R10_T12/S011_R10_T13/S011_R10_T14,True,False,False,False,False,False,True,0.4403148263340381,0
11,11,threshold,8,6,10/14,1/2/3/4/5/6/7/8/9/10/12/13/14/15/16/17/18/19/20,1/2/3/4/5/6/7/8/9/10/12/13/14/15/16/17/18/19/20,1/2/3/4/5/6/7/8/9/10/12/13/14/15/16/17/18/19/20,S011_R06_T00/S011_R06_T01/S011_R06_T02/S011_R06_T03/S011_R06_T04/S011_R06_T05/S011_R06_T06/S011_R06_T07,8,4,4,S011_R10_T00/S011_R10_T01/S011_R10_T02/S011_R10_T03/S011_R10_T04/S011_R10_T05/S011_R10_T06/S011_R10_T07/S011_R10_T08/S011_R10_T09/S011_R10_T10/S011_R10_T11/S011_R10_T12/S011_R10_T13/S011_R10_T14/S011_R14_T00/S011_R14_T01/S011_R14_T02/S011_R14_T03/S011_R14_T04/S011_R14_T05/S011_R14_T06/S011_R14_T07/S011_R14_T08/S011_R14_T09/S011_R14_T10/S011_R14_T11/S011_R14_T12/S011_R14_T13/S011_R14_T14,True,False,False,False,False,False,True,0.003824331073504772,0
11,11,threshold,8,10,6/14,1/2/3/4/5/6/7/8/9/10/12/13/14/15/16/17/18/19/20,1/2/3/4/5/6/7/8/9/10/12/13/14/15/16/17/18/19/20,1/2/3/4/5/6/7/8/9/10/12/13/14/15/16/17/18/19/20,S011_R10_T00/S011_R10_T01/S011_R10_T02/S011_R10_T03/S011_R10_T04/S011_R10_T05/S011_R10_T06/S011_R10_T07,8,4,4,S011_R06_T00/S011_R06_T01/S011_R06_T02/S011_R06_T03/S011_R06_T04/S011_R06_T05/S011_R06_T06/S011_R06_T07/S011_R06_T08/S011_R06_T09/S011_R06_T10/S011_R06_T11/S011_R06_T12/S011_R06_T13/S011_R06_T14/S011_R14_T00/S011_R14_T01/S011_R14_T02/S011_R14_T03/S011_R14_T04/S011_R14_T05/S011_R14_T06/S011_R14_T07/S011_R14_T08/S011_R14_T09/S011_R14_T10/S011_R14_T11/S011_R14_T12/S011_R14_T13/S011_R14_T14,True,False,False,False,False,False,True,0.35115005060296234,0
11,11,threshold,8,14,6/10,1/2/3/4/5/6/7/8/9/10/12/13/14/15/16/17/18/19/20,1/2/3/4/5/6/7/8/9/10/12/13/14/15/16/17/18/19/20,1/2/3/4/5/6/7/8/9/10/12/13/14/15/16/17/18/19/20,S011_R14_T00/S011_R14_T01/S011_R14_T02/S011_R14_T03/S011_R14_T04/S011_R14_T05/S011_R14_T06/S011_R14_T07,8,4,4,S011_R06_T00/S011_R06_T01/S011_R06_T02/S011_R06_T03/S011_R06_T04/S011_R06_T05/S011_R06_T06/S011_R06_T07/S011_R06_T08/S011_R06_T09/S011_R06_T10/S011_R06_T11/S011_R06_T12/S011_R06_T13/S011_R06_T14/S011_R10_T00/S011_R10_T01/S011_R10_T02/S011_R10_T03/S011_R10_T04/S011_R10_T05/S011_R10_T06/S011_R10_T07/S011_R10_T08/S011_R10_T09/S011_R10_T10/S011_R10_T11/S011_R10_T12/S011_R10_T13/S011_R10_T14,True,False,False,False,False,False,True,-0.23169982680112022,0
11,11,threshold,12,6,10/14,1/2/3/4/5/6/7/8/9/10/12/13/14/15/16/17/18/19/20,1/2/3/4/5/6/7/8/9/10/12/13/14/15/16/17/18/19/20,1/2/3/4/5/6/7/8/9/10/12/13/14/15/16/17/18/19/20,S011_R06_T00/S011_R06_T01/S011_R06_T02/S011_R06_T03/S011_R06_T04/S011_R06_T05/S011_R06_T06/S011_R06_T07/S011_R06_T08/S011_R06_T09/S011_R06_T10/S011_R06_T11,12,6,6,S011_R10_T00/S011_R10_T01/S011_R10_T02/S011_R10_T03/S011_R10_T04/S011_R10_T05/S011_R10_T06/S011_R10_T07/S011_R10_T08/S011_R10_T09/S011_R10_T10/S011_R10_T11/S011_R10_T12/S011_R10_T13/S011_R10_T14/S011_R14_T00/S011_R14_T01/S011_R14_T02/S011_R14_T03/S011_R14_T04/S011_R14_T05/S011_R14_T06/S011_R14_T07/S011_R14_T08/S011_R14_T09/S011_R14_T10/S011_R14_T11/S011_R14_T12/S011_R14_T13/S011_R14_T14,True,False,False,False,False,False,True,0.003824331073504772,0
11,11,threshold,12,10,6/14,1/2/3/4/5/6/7/8/9/10/12/13/14/15/16/17/18/19/20,1/2/3/4/5/6/7/8/9/10/12/13/14/15/16/17/18/19/20,1/2/3/4/5/6/7/8/9/10/12/13/14/15/16/17/18/19/20,S011_R10_T00/S011_R10_T01/S011_R10_T02/S011_R10_T03/S011_R10_T04/S011_R10_T05/S011_R10_T06/S011_R10_T07/S011_R10_T08/S011_R10_T09/S011_R10_T10/S011_R10_T11,12,6,6,S011_R06_T00/S011_R06_T01/S011_R06_T02/S011_R06_T03/S011_R06_T04/S011_R06_T05/S011_R06_T06/S011_R06_T07/S011_R06_T08/S011_R06_T09/S011_R06_T10/S011_R06_T11/S011_R06_T12/S011_R06_T13/S011_R06_T14/S011_R14_T00/S011_R14_T01/S011_R14_T02/S011_R14_T03/S011_R14_T04/S011_R14_T05/S011_R14_T06/S011_R14_T07/S011_R14_T08/S011_R14_T09/S011_R14_T10/S011_R14_T11/S011_R14_T12/S011_R14_T13/S011_R14_T14,True,False,False,False,False,False,True,0.2931869290835311,0
11,11,threshold,12,14,6/10,1/2/3/4/5/6/7/8/9/10/12/13/14/15/16/17/18/19/20,1/2/3/4/5/6/7/8/9/10/12/13/14/15/16/17/18/19/20,1/2/3/4/5/6/7/8/9/10/12/13/14/15/16/17/18/19/20,S011_R14_T00/S011_R14_T01/S011_R14_T02/S011_R14_T03/S011_R14_T04/S011_R14_T05/S011_R14_T06/S011_R14_T07/S011_R14_T08/S011_R14_T09/S011_R14_T10/S011_R14_T11,12,6,6,S011_R06_T00/S011_R06_T01/S011_R06_T02/S011_R06_T03/S011_R06_T04/S011_R06_T05/S011_R06_T06/S011_R06_T07/S011_R06_T08/S011_R06_T09/S011_R06_T10/S011_R06_T11/S011_R06_T12/S011_R06_T13/S011_R06_T14/S011_R10_T00/S011_R10_T01/S011_R10_T02/S011_R10_T03/S011_R10_T04/S011_R10_T05/S011_R10_T06/S011_R10_T07/S011_R10_T08/S011_R10_T09/S011_R10_T10/S011_R10_T11/S011_R10_T12/S011_R10_T13/S011_R10_T14,True,False,False,False,False,False,True,0.27598237534689585,0
11,11,threshold,14,6,10/14,1/2/3/4/5/6/7/8/9/10/12/13/14/15/16/17/18/19/20,1/2/3/4/5/6/7/8/9/10/12/13/14/15/16/17/18/19/20,1/2/3/4/5/6/7/8/9/10/12/13/14/15/16/17/18/19/20,S011_R06_T00/S011_R06_T01/S011_R06_T02/S011_R06_T03/S011_R06_T04/S011_R06_T05/S011_R06_T06/S011_R06_T07/S011_R06_T08/S011_R06_T09/S011_R06_T10/S011_R06_T11/S011_R06_T12/S011_R06_T13,14,7,7,S011_R10_T00/S011_R10_T01/S011_R10_T02/S011_R10_T03/S011_R10_T04/S011_R10_T05/S011_R10_T06/S011_R10_T07/S011_R10_T08/S011_R10_T09/S011_R10_T10/S011_R10_T11/S011_R10_T12/S011_R10_T13/S011_R10_T14/S011_R14_T00/S011_R14_T01/S011_R14_T02/S011_R14_T03/S011_R14_T04/S011_R14_T05/S011_R14_T06/S011_R14_T07/S011_R14_T08/S011_R14_T09/S011_R14_T10/S011_R14_T11/S011_R14_T12/S011_R14_T13/S011_R14_T14,True,False,False,False,False,False,True,0.003824331073504772,0
11,11,threshold,14,10,6/14,1/2/3/4/5/6/7/8/9/10/12/13/14/15/16/17/18/19/20,1/2/3/4/5/6/7/8/9/10/12/13/14/15/16/17/18/19/20,1/2/3/4/5/6/7/8/9/10/12/13/14/15/16/17/18/19/20,S011_R10_T00/S011_R10_T01/S011_R10_T02/S011_R10_T03/S011_R10_T04/S011_R10_T05/S011_R10_T06/S011_R10_T07/S011_R10_T08/S011_R10_T09/S011_R10_T10/S011_R10_T11/S011_R10_T12/S011_R10_T13,14,7,7,S011_R06_T00/S011_R06_T01/S011_R06_T02/S011_R06_T03/S011_R06_T04/S011_R06_T05/S011_R06_T06/S011_R06_T07/S011_R06_T08/S011_R06_T09/S011_R06_T10/S011_R06_T11/S011_R06_T12/S011_R06_T13/S011_R06_T14/S011_R14_T00/S011_R14_T01/S011_R14_T02/S011_R14_T03/S011_R14_T04/S011_R14_T05/S011_R14_T06/S011_R14_T07/S011_R14_T08/S011_R14_T09/S011_R14_T10/S011_R14_T11/S011_R14_T12/S011_R14_T13/S011_R14_T14,True,False,False,False,False,False,True,0.2931869290835311,0
11,11,threshold,14,14,6/10,1/2/3/4/5/6/7/8/9/10/12/13/14/15/16/17/18/19/20,1/2/3/4/5/6/7/8/9/10/12/13/14/15/16/17/18/19/20,1/2/3/4/5/6/7/8/9/10/12/13/14/15/16/17/18/19/20,S011_R14_T00/S011_R14_T01/S011_R14_T02/S011_R14_T03/S011_R14_T04/S011_R14_T05/S011_R14_T06/S011_R14_T07/S011_R14_T08/S011_R14_T09/S011_R14_T10/S011_R14_T11/S011_R14_T12/S011_R14_T13,14,7,7,S011_R06_T00/S011_R06_T01/S011_R06_T02/S011_R06_T03/S011_R06_T04/S011_R06_T05/S011_R06_T06/S011_R06_T07/S011_R06_T08/S011_R06_T09/S011_R06_T10/S011_R06_T11/S011_R06_T12/S011_R06_T13/S011_R06_T14/S011_R10_T00/S011_R10_T01/S011_R10_T02/S011_R10_T03/S011_R10_T04/S011_R10_T05/S011_R10_T06/S011_R10_T07/S011_R10_T08/S011_R10_T09/S011_R10_T10/S011_R10_T11/S011_R10_T12/S011_R10_T13/S011_R10_T14,True,False,False,False,False,False,True,-0.18161189638419994,0
11,11,target_lda,0,6,10/14,1/2/3/4/5/6/7/8/9/10/12/13/14/15/16/17/18/19/20,1/2/3/4/5/6/7/8/9/10/12/13/14/15/16/17/18/19/20,1/2/3/4/5/6/7/8/9/10/12/13/14/15/16/17/18/19/20,,0,0,0,S011_R10_T00/S011_R10_T01/S011_R10_T02/S011_R10_T03/S011_R10_T04/S011_R10_T05/S011_R10_T06/S011_R10_T07/S011_R10_T08/S011_R10_T09/S011_R10_T10/S011_R10_T11/S011_R10_T12/S011_R10_T13/S011_R10_T14/S011_R14_T00/S011_R14_T01/S011_R14_T02/S011_R14_T03/S011_R14_T04/S011_R14_T05/S011_R14_T06/S011_R14_T07/S011_R14_T08/S011_R14_T09/S011_R14_T10/S011_R14_T11/S011_R14_T12/S011_R14_T13/S011_R14_T14,True,False,False,False,False,False,False,,0
11,11,target_lda,0,10,6/14,1/2/3/4/5/6/7/8/9/10/12/13/14/15/16/17/18/19/20,1/2/3/4/5/6/7/8/9/10/12/13/14/15/16/17/18/19/20,1/2/3/4/5/6/7/8/9/10/12/13/14/15/16/17/18/19/20,,0,0,0,S011_R06_T00/S011_R06_T01/S011_R06_T02/S011_R06_T03/S011_R06_T04/S011_R06_T05/S011_R06_T06/S011_R06_T07/S011_R06_T08/S011_R06_T09/S011_R06_T10/S011_R06_T11/S011_R06_T12/S011_R06_T13/S011_R06_T14/S011_R14_T00/S011_R14_T01/S011_R14_T02/S011_R14_T03/S011_R14_T04/S011_R14_T05/S011_R14_T06/S011_R14_T07/S011_R14_T08/S011_R14_T09/S011_R14_T10/S011_R14_T11/S011_R14_T12/S011_R14_T13/S011_R14_T14,True,False,False,False,False,False,False,,0
11,11,target_lda,0,14,6/10,1/2/3/4/5/6/7/8/9/10/12/13/14/15/16/17/18/19/20,1/2/3/4/5/6/7/8/9/10/12/13/14/15/16/17/18/19/20,1/2/3/4/5/6/7/8/9/10/12/13/14/15/16/17/18/19/20,,0,0,0,S011_R06_T00/S011_R06_T01/S011_R06_T02/S011_R06_T03/S011_R06_T04/S011_R06_T05/S011_R06_T06/S011_R06_T07/S011_R06_T08/S011_R06_T09/S011_R06_T10/S011_R06_T11/S011_R06_T12/S011_R06_T13/S011_R06_T14/S011_R10_T00/S011_R10_T01/S011_R10_T02/S011_R10_T03/S011_R10_T04/S011_R10_T05/S011_R10_T06/S011_R10_T07/S011_R10_T08/S011_R10_T09/S011_R10_T10/S011_R10_T11/S011_R10_T12/S011_R10_T13/S011_R10_T14,True,False,False,False,False,False,False,,0
11,11,target_lda,4,6,10/14,1/2/3/4/5/6/7/8/9/10/12/13/14/15/16/17/18/19/20,1/2/3/4/5/6/7/8/9/10/12/13/14/15/16/17/18/19/20,1/2/3/4/5/6/7/8/9/10/12/13/14/15/16/17/18/19/20,S011_R06_T00/S011_R06_T01/S011_R06_T02/S011_R06_T03,4,2,2,S011_R10_T00/S011_R10_T01/S011_R10_T02/S011_R10_T03/S011_R10_T04/S011_R10_T05/S011_R10_T06/S011_R10_T07/S011_R10_T08/S011_R10_T09/S011_R10_T10/S011_R10_T11/S011_R10_T12/S011_R10_T13/S011_R10_T14/S011_R14_T00/S011_R14_T01/S011_R14_T02/S011_R14_T03/S011_R14_T04/S011_R14_T05/S011_R14_T06/S011_R14_T07/S011_R14_T08/S011_R14_T09/S011_R14_T10/S011_R14_T11/S011_R14_T12/S011_R14_T13/S011_R14_T14,True,False,False,False,False,False,True,,4
11,11,target_lda,4,10,6/14,1/2/3/4/5/6/7/8/9/10/12/13/14/15/16/17/18/19/20,1/2/3/4/5/6/7/8/9/10/12/13/14/15/16/17/18/19/20,1/2/3/4/5/6/7/8/9/10/12/13/14/15/16/17/18/19/20,S011_R10_T00/S011_R10_T01/S011_R10_T02/S011_R10_T03,4,2,2,S011_R06_T00/S011_R06_T01/S011_R06_T02/S011_R06_T03/S011_R06_T04/S011_R06_T05/S011_R06_T06/S011_R06_T07/S011_R06_T08/S011_R06_T09/S011_R06_T10/S011_R06_T11/S011_R06_T12/S011_R06_T13/S011_R06_T14/S011_R14_T00/S011_R14_T01/S011_R14_T02/S011_R14_T03/S011_R14_T04/S011_R14_T05/S011_R14_T06/S011_R14_T07/S011_R14_T08/S011_R14_T09/S011_R14_T10/S011_R14_T11/S011_R14_T12/S011_R14_T13/S011_R14_T14,True,False,False,False,False,False,True,,4
11,11,target_lda,4,14,6/10,1/2/3/4/5/6/7/8/9/10/12/13/14/15/16/17/18/19/20,1/2/3/4/5/6/7/8/9/10/12/13/14/15/16/17/18/19/20,1/2/3/4/5/6/7/8/9/10/12/13/14/15/16/17/18/19/20,S011_R14_T00/S011_R14_T01/S011_R14_T02/S011_R14_T03,4,2,2,S011_R06_T00/S011_R06_T01/S011_R06_T02/S011_R06_T03/S011_R06_T04/S011_R06_T05/S011_R06_T06/S011_R06_T07/S011_R06_T08/S011_R06_T09/S011_R06_T10/S011_R06_T11/S011_R06_T12/S011_R06_T13/S011_R06_T14/S011_R10_T00/S011_R10_T01/S011_R10_T02/S011_R10_T03/S011_R10_T04/S011_R10_T05/S011_R10_T06/S011_R10_T07/S011_R10_T08/S011_R10_T09/S011_R10_T10/S011_R10_T11/S011_R10_T12/S011_R10_T13/S011_R10_T14,True,False,False,False,False,False,True,,4
11,11,target_lda,8,6,10/14,1/2/3/4/5/6/7/8/9/10/12/13/14/15/16/17/18/19/20,1/2/3/4/5/6/7/8/9/10/12/13/14/15/16/17/18/19/20,1/2/3/4/5/6/7/8/9/10/12/13/14/15/16/17/18/19/20,S011_R06_T00/S011_R06_T01/S011_R06_T02/S011_R06_T03/S011_R06_T04/S011_R06_T05/S011_R06_T06/S011_R06_T07,8,4,4,S011_R10_T00/S011_R10_T01/S011_R10_T02/S011_R10_T03/S011_R10_T04/S011_R10_T05/S011_R10_T06/S011_R10_T07/S011_R10_T08/S011_R10_T09/S011_R10_T10/S011_R10_T11/S011_R10_T12/S011_R10_T13/S011_R10_T14/S011_R14_T00/S011_R14_T01/S011_R14_T02/S011_R14_T03/S011_R14_T04/S011_R14_T05/S011_R14_T06/S011_R14_T07/S011_R14_T08/S011_R14_T09/S011_R14_T10/S011_R14_T11/S011_R14_T12/S011_R14_T13/S011_R14_T14,True,False,False,False,False,False,True,,8
11,11,target_lda,8,10,6/14,1/2/3/4/5/6/7/8/9/10/12/13/14/15/16/17/18/19/20,1/2/3/4/5/6/7/8/9/10/12/13/14/15/16/17/18/19/20,1/2/3/4/5/6/7/8/9/10/12/13/14/15/16/17/18/19/20,S011_R10_T00/S011_R10_T01/S011_R10_T02/S011_R10_T03/S011_R10_T04/S011_R10_T05/S011_R10_T06/S011_R10_T07,8,4,4,S011_R06_T00/S011_R06_T01/S011_R06_T02/S011_R06_T03/S011_R06_T04/S011_R06_T05/S011_R06_T06/S011_R06_T07/S011_R06_T08/S011_R06_T09/S011_R06_T10/S011_R06_T11/S011_R06_T12/S011_R06_T13/S011_R06_T14/S011_R14_T00/S011_R14_T01/S011_R14_T02/S011_R14_T03/S011_R14_T04/S011_R14_T05/S011_R14_T06/S011_R14_T07/S011_R14_T08/S011_R14_T09/S011_R14_T10/S011_R14_T11/S011_R14_T12/S011_R14_T13/S011_R14_T14,True,False,False,False,False,False,True,,8
11,11,target_lda,8,14,6/10,1/2/3/4/5/6/7/8/9/10/12/13/14/15/16/17/18/19/20,1/2/3/4/5/6/7/8/9/10/12/13/14/15/16/17/18/19/20,1/2/3/4/5/6/7/8/9/10/12/13/14/15/16/17/18/19/20,S011_R14_T00/S011_R14_T01/S011_R14_T02/S011_R14_T03/S011_R14_T04/S011_R14_T05/S011_R14_T06/S011_R14_T07,8,4,4,S011_R06_T00/S011_R06_T01/S011_R06_T02/S011_R06_T03/S011_R06_T04/S011_R06_T05/S011_R06_T06/S011_R06_T07/S011_R06_T08/S011_R06_T09/S011_R06_T10/S011_R06_T11/S011_R06_T12/S011_R06_T13/S011_R06_T14/S011_R10_T00/S011_R10_T01/S011_R10_T02/S011_R10_T03/S011_R10_T04/S011_R10_T05/S011_R10_T06/S011_R10_T07/S011_R10_T08/S011_R10_T09/S011_R10_T10/S011_R10_T11/S011_R10_T12/S011_R10_T13/S011_R10_T14,True,False,False,False,False,False,True,,8
11,11,target_lda,12,6,10/14,1/2/3/4/5/6/7/8/9/10/12/13/14/15/16/17/18/19/20,1/2/3/4/5/6/7/8/9/10/12/13/14/15/16/17/18/19/20,1/2/3/4/5/6/7/8/9/10/12/13/14/15/16/17/18/19/20,S011_R06_T00/S011_R06_T01/S011_R06_T02/S011_R06_T03/S011_R06_T04/S011_R06_T05/S011_R06_T06/S011_R06_T07/S011_R06_T08/S011_R06_T09/S011_R06_T10/S011_R06_T11,12,6,6,S011_R10_T00/S011_R10_T01/S011_R10_T02/S011_R10_T03/S011_R10_T04/S011_R10_T05/S011_R10_T06/S011_R10_T07/S011_R10_T08/S011_R10_T09/S011_R10_T10/S011_R10_T11/S011_R10_T12/S011_R10_T13/S011_R10_T14/S011_R14_T00/S011_R14_T01/S011_R14_T02/S011_R14_T03/S011_R14_T04/S011_R14_T05/S011_R14_T06/S011_R14_T07/S011_R14_T08/S011_R14_T09/S011_R14_T10/S011_R14_T11/S011_R14_T12/S011_R14_T13/S011_R14_T14,True,False,False,False,False,False,True,,12
11,11,target_lda,12,10,6/14,1/2/3/4/5/6/7/8/9/10/12/13/14/15/16/17/18/19/20,1/2/3/4/5/6/7/8/9/10/12/13/14/15/16/17/18/19/20,1/2/3/4/5/6/7/8/9/10/12/13/14/15/16/17/18/19/20,S011_R10_T00/S011_R10_T01/S011_R10_T02/S011_R10_T03/S011_R10_T04/S011_R10_T05/S011_R10_T06/S011_R10_T07/S011_R10_T08/S011_R10_T09/S011_R10_T10/S011_R10_T11,12,6,6,S011_R06_T00/S011_R06_T01/S011_R06_T02/S011_R06_T03/S011_R06_T04/S011_R06_T05/S011_R06_T06/S011_R06_T07/S011_R06_T08/S011_R06_T09/S011_R06_T10/S011_R06_T11/S011_R06_T12/S011_R06_T13/S011_R06_T14/S011_R14_T00/S011_R14_T01/S011_R14_T02/S011_R14_T03/S011_R14_T04/S011_R14_T05/S011_R14_T06/S011_R14_T07/S011_R14_T08/S011_R14_T09/S011_R14_T10/S011_R14_T11/S011_R14_T12/S011_R14_T13/S011_R14_T14,True,False,False,False,False,False,True,,12
11,11,target_lda,12,14,6/10,1/2/3/4/5/6/7/8/9/10/12/13/14/15/16/17/18/19/20,1/2/3/4/5/6/7/8/9/10/12/13/14/15/16/17/18/19/20,1/2/3/4/5/6/7/8/9/10/12/13/14/15/16/17/18/19/20,S011_R14_T00/S011_R14_T01/S011_R14_T02/S011_R14_T03/S011_R14_T04/S011_R14_T05/S011_R14_T06/S011_R14_T07/S011_R14_T08/S011_R14_T09/S011_R14_T10/S011_R14_T11,12,6,6,S011_R06_T00/S011_R06_T01/S011_R06_T02/S011_R06_T03/S011_R06_T04/S011_R06_T05/S011_R06_T06/S011_R06_T07/S011_R06_T08/S011_R06_T09/S011_R06_T10/S011_R06_T11/S011_R06_T12/S011_R06_T13/S011_R06_T14/S011_R10_T00/S011_R10_T01/S011_R10_T02/S011_R10_T03/S011_R10_T04/S011_R10_T05/S011_R10_T06/S011_R10_T07/S011_R10_T08/S011_R10_T09/S011_R10_T10/S011_R10_T11/S011_R10_T12/S011_R10_T13/S011_R10_T14,True,False,False,False,False,False,True,,12
11,11,target_lda,14,6,10/14,1/2/3/4/5/6/7/8/9/10/12/13/14/15/16/17/18/19/20,1/2/3/4/5/6/7/8/9/10/12/13/14/15/16/17/18/19/20,1/2/3/4/5/6/7/8/9/10/12/13/14/15/16/17/18/19/20,S011_R06_T00/S011_R06_T01/S011_R06_T02/S011_R06_T03/S011_R06_T04/S011_R06_T05/S011_R06_T06/S011_R06_T07/S011_R06_T08/S011_R06_T09/S011_R06_T10/S011_R06_T11/S011_R06_T12/S011_R06_T13,14,7,7,S011_R10_T00/S011_R10_T01/S011_R10_T02/S011_R10_T03/S011_R10_T04/S011_R10_T05/S011_R10_T06/S011_R10_T07/S011_R10_T08/S011_R10_T09/S011_R10_T10/S011_R10_T11/S011_R10_T12/S011_R10_T13/S011_R10_T14/S011_R14_T00/S011_R14_T01/S011_R14_T02/S011_R14_T03/S011_R14_T04/S011_R14_T05/S011_R14_T06/S011_R14_T07/S011_R14_T08/S011_R14_T09/S011_R14_T10/S011_R14_T11/S011_R14_T12/S011_R14_T13/S011_R14_T14,True,False,False,False,False,False,True,,14
11,11,target_lda,14,10,6/14,1/2/3/4/5/6/7/8/9/10/12/13/14/15/16/17/18/19/20,1/2/3/4/5/6/7/8/9/10/12/13/14/15/16/17/18/19/20,1/2/3/4/5/6/7/8/9/10/12/13/14/15/16/17/18/19/20,S011_R10_T00/S011_R10_T01/S011_R10_T02/S011_R10_T03/S011_R10_T04/S011_R10_T05/S011_R10_T06/S011_R10_T07/S011_R10_T08/S011_R10_T09/S011_R10_T10/S011_R10_T11/S011_R10_T12/S011_R10_T13,14,7,7,S011_R06_T00/S011_R06_T01/S011_R06_T02/S011_R06_T03/S011_R06_T04/S011_R06_T05/S011_R06_T06/S011_R06_T07/S011_R06_T08/S011_R06_T09/S011_R06_T10/S011_R06_T11/S011_R06_T12/S011_R06_T13/S011_R06_T14/S011_R14_T00/S011_R14_T01/S011_R14_T02/S011_R14_T03/S011_R14_T04/S011_R14_T05/S011_R14_T06/S011_R14_T07/S011_R14_T08/S011_R14_T09/S011_R14_T10/S011_R14_T11/S011_R14_T12/S011_R14_T13/S011_R14_T14,True,False,False,False,False,False,True,,14
11,11,target_lda,14,14,6/10,1/2/3/4/5/6/7/8/9/10/12/13/14/15/16/17/18/19/20,1/2/3/4/5/6/7/8/9/10/12/13/14/15/16/17/18/19/20,1/2/3/4/5/6/7/8/9/10/12/13/14/15/16/17/18/19/20,S011_R14_T00/S011_R14_T01/S011_R14_T02/S011_R14_T03/S011_R14_T04/S011_R14_T05/S011_R14_T06/S011_R14_T07/S011_R14_T08/S011_R14_T09/S011_R14_T10/S011_R14_T11/S011_R14_T12/S011_R14_T13,14,7,7,S011_R06_T00/S011_R06_T01/S011_R06_T02/S011_R06_T03/S011_R06_T04/S011_R06_T05/S011_R06_T06/S011_R06_T07/S011_R06_T08/S011_R06_T09/S011_R06_T10/S011_R06_T11/S011_R06_T12/S011_R06_T13/S011_R06_T14/S011_R10_T00/S011_R10_T01/S011_R10_T02/S011_R10_T03/S011_R10_T04/S011_R10_T05/S011_R10_T06/S011_R10_T07/S011_R10_T08/S011_R10_T09/S011_R10_T10/S011_R10_T11/S011_R10_T12/S011_R10_T13/S011_R10_T14,True,False,False,False,False,False,True,,14
12,12,threshold,0,6,10/14,1/2/3/4/5/6/7/8/9/10/11/13/14/15/16/17/18/19/20,1/2/3/4/5/6/7/8/9/10/11/13/14/15/16/17/18/19/20,1/2/3/4/5/6/7/8/9/10/11/13/14/15/16/17/18/19/20,,0,0,0,S012_R10_T00/S012_R10_T01/S012_R10_T02/S012_R10_T03/S012_R10_T04/S012_R10_T05/S012_R10_T06/S012_R10_T07/S012_R10_T08/S012_R10_T09/S012_R10_T10/S012_R10_T11/S012_R10_T12/S012_R10_T13/S012_R10_T14/S012_R14_T00/S012_R14_T01/S012_R14_T02/S012_R14_T03/S012_R14_T04/S012_R14_T05/S012_R14_T06/S012_R14_T07/S012_R14_T08/S012_R14_T09/S012_R14_T10/S012_R14_T11/S012_R14_T12/S012_R14_T13/S012_R14_T14,True,False,False,False,False,False,False,,0
12,12,threshold,0,10,6/14,1/2/3/4/5/6/7/8/9/10/11/13/14/15/16/17/18/19/20,1/2/3/4/5/6/7/8/9/10/11/13/14/15/16/17/18/19/20,1/2/3/4/5/6/7/8/9/10/11/13/14/15/16/17/18/19/20,,0,0,0,S012_R06_T00/S012_R06_T01/S012_R06_T02/S012_R06_T03/S012_R06_T04/S012_R06_T05/S012_R06_T06/S012_R06_T07/S012_R06_T08/S012_R06_T09/S012_R06_T10/S012_R06_T11/S012_R06_T12/S012_R06_T13/S012_R06_T14/S012_R14_T00/S012_R14_T01/S012_R14_T02/S012_R14_T03/S012_R14_T04/S012_R14_T05/S012_R14_T06/S012_R14_T07/S012_R14_T08/S012_R14_T09/S012_R14_T10/S012_R14_T11/S012_R14_T12/S012_R14_T13/S012_R14_T14,True,False,False,False,False,False,False,,0
12,12,threshold,0,14,6/10,1/2/3/4/5/6/7/8/9/10/11/13/14/15/16/17/18/19/20,1/2/3/4/5/6/7/8/9/10/11/13/14/15/16/17/18/19/20,1/2/3/4/5/6/7/8/9/10/11/13/14/15/16/17/18/19/20,,0,0,0,S012_R06_T00/S012_R06_T01/S012_R06_T02/S012_R06_T03/S012_R06_T04/S012_R06_T05/S012_R06_T06/S012_R06_T07/S012_R06_T08/S012_R06_T09/S012_R06_T10/S012_R06_T11/S012_R06_T12/S012_R06_T13/S012_R06_T14/S012_R10_T00/S012_R10_T01/S012_R10_T02/S012_R10_T03/S012_R10_T04/S012_R10_T05/S012_R10_T06/S012_R10_T07/S012_R10_T08/S012_R10_T09/S012_R10_T10/S012_R10_T11/S012_R10_T12/S012_R10_T13/S012_R10_T14,True,False,False,False,False,False,False,,0
12,12,threshold,4,6,10/14,1/2/3/4/5/6/7/8/9/10/11/13/14/15/16/17/18/19/20,1/2/3/4/5/6/7/8/9/10/11/13/14/15/16/17/18/19/20,1/2/3/4/5/6/7/8/9/10/11/13/14/15/16/17/18/19/20,S012_R06_T00/S012_R06_T01/S012_R06_T02/S012_R06_T03,4,2,2,S012_R10_T00/S012_R10_T01/S012_R10_T02/S012_R10_T03/S012_R10_T04/S012_R10_T05/S012_R10_T06/S012_R10_T07/S012_R10_T08/S012_R10_T09/S012_R10_T10/S012_R10_T11/S012_R10_T12/S012_R10_T13/S012_R10_T14/S012_R14_T00/S012_R14_T01/S012_R14_T02/S012_R14_T03/S012_R14_T04/S012_R14_T05/S012_R14_T06/S012_R14_T07/S012_R14_T08/S012_R14_T09/S012_R14_T10/S012_R14_T11/S012_R14_T12/S012_R14_T13/S012_R14_T14,True,False,False,False,False,False,True,-0.7757501744445485,0
12,12,threshold,4,10,6/14,1/2/3/4/5/6/7/8/9/10/11/13/14/15/16/17/18/19/20,1/2/3/4/5/6/7/8/9/10/11/13/14/15/16/17/18/19/20,1/2/3/4/5/6/7/8/9/10/11/13/14/15/16/17/18/19/20,S012_R10_T00/S012_R10_T01/S012_R10_T02/S012_R10_T03,4,2,2,S012_R06_T00/S012_R06_T01/S012_R06_T02/S012_R06_T03/S012_R06_T04/S012_R06_T05/S012_R06_T06/S012_R06_T07/S012_R06_T08/S012_R06_T09/S012_R06_T10/S012_R06_T11/S012_R06_T12/S012_R06_T13/S012_R06_T14/S012_R14_T00/S012_R14_T01/S012_R14_T02/S012_R14_T03/S012_R14_T04/S012_R14_T05/S012_R14_T06/S012_R14_T07/S012_R14_T08/S012_R14_T09/S012_R14_T10/S012_R14_T11/S012_R14_T12/S012_R14_T13/S012_R14_T14,True,False,False,False,False,False,True,-0.3999586161854185,0
12,12,threshold,4,14,6/10,1/2/3/4/5/6/7/8/9/10/11/13/14/15/16/17/18/19/20,1/2/3/4/5/6/7/8/9/10/11/13/14/15/16/17/18/19/20,1/2/3/4/5/6/7/8/9/10/11/13/14/15/16/17/18/19/20,S012_R14_T00/S012_R14_T01/S012_R14_T02/S012_R14_T03,4,2,2,S012_R06_T00/S012_R06_T01/S012_R06_T02/S012_R06_T03/S012_R06_T04/S012_R06_T05/S012_R06_T06/S012_R06_T07/S012_R06_T08/S012_R06_T09/S012_R06_T10/S012_R06_T11/S012_R06_T12/S012_R06_T13/S012_R06_T14/S012_R10_T00/S012_R10_T01/S012_R10_T02/S012_R10_T03/S012_R10_T04/S012_R10_T05/S012_R10_T06/S012_R10_T07/S012_R10_T08/S012_R10_T09/S012_R10_T10/S012_R10_T11/S012_R10_T12/S012_R10_T13/S012_R10_T14,True,False,False,False,False,False,True,-0.8350871116266354,0
12,12,threshold,8,6,10/14,1/2/3/4/5/6/7/8/9/10/11/13/14/15/16/17/18/19/20,1/2/3/4/5/6/7/8/9/10/11/13/14/15/16/17/18/19/20,1/2/3/4/5/6/7/8/9/10/11/13/14/15/16/17/18/19/20,S012_R06_T00/S012_R06_T01/S012_R06_T02/S012_R06_T03/S012_R06_T04/S012_R06_T05/S012_R06_T06/S012_R06_T07,8,4,4,S012_R10_T00/S012_R10_T01/S012_R10_T02/S012_R10_T03/S012_R10_T04/S012_R10_T05/S012_R10_T06/S012_R10_T07/S012_R10_T08/S012_R10_T09/S012_R10_T10/S012_R10_T11/S012_R10_T12/S012_R10_T13/S012_R10_T14/S012_R14_T00/S012_R14_T01/S012_R14_T02/S012_R14_T03/S012_R14_T04/S012_R14_T05/S012_R14_T06/S012_R14_T07/S012_R14_T08/S012_R14_T09/S012_R14_T10/S012_R14_T11/S012_R14_T12/S012_R14_T13/S012_R14_T14,True,False,False,False,False,False,True,-1.190289977404401,0
12,12,threshold,8,10,6/14,1/2/3/4/5/6/7/8/9/10/11/13/14/15/16/17/18/19/20,1/2/3/4/5/6/7/8/9/10/11/13/14/15/16/17/18/19/20,1/2/3/4/5/6/7/8/9/10/11/13/14/15/16/17/18/19/20,S012_R10_T00/S012_R10_T01/S012_R10_T02/S012_R10_T03/S012_R10_T04/S012_R10_T05/S012_R10_T06/S012_R10_T07,8,4,4,S012_R06_T00/S012_R06_T01/S012_R06_T02/S012_R06_T03/S012_R06_T04/S012_R06_T05/S012_R06_T06/S012_R06_T07/S012_R06_T08/S012_R06_T09/S012_R06_T10/S012_R06_T11/S012_R06_T12/S012_R06_T13/S012_R06_T14/S012_R14_T00/S012_R14_T01/S012_R14_T02/S012_R14_T03/S012_R14_T04/S012_R14_T05/S012_R14_T06/S012_R14_T07/S012_R14_T08/S012_R14_T09/S012_R14_T10/S012_R14_T11/S012_R14_T12/S012_R14_T13/S012_R14_T14,True,False,False,False,False,False,True,-0.3999586161854185,0
12,12,threshold,8,14,6/10,1/2/3/4/5/6/7/8/9/10/11/13/14/15/16/17/18/19/20,1/2/3/4/5/6/7/8/9/10/11/13/14/15/16/17/18/19/20,1/2/3/4/5/6/7/8/9/10/11/13/14/15/16/17/18/19/20,S012_R14_T00/S012_R14_T01/S012_R14_T02/S012_R14_T03/S012_R14_T04/S012_R14_T05/S012_R14_T06/S012_R14_T07,8,4,4,S012_R06_T00/S012_R06_T01/S012_R06_T02/S012_R06_T03/S012_R06_T04/S012_R06_T05/S012_R06_T06/S012_R06_T07/S012_R06_T08/S012_R06_T09/S012_R06_T10/S012_R06_T11/S012_R06_T12/S012_R06_T13/S012_R06_T14/S012_R10_T00/S012_R10_T01/S012_R10_T02/S012_R10_T03/S012_R10_T04/S012_R10_T05/S012_R10_T06/S012_R10_T07/S012_R10_T08/S012_R10_T09/S012_R10_T10/S012_R10_T11/S012_R10_T12/S012_R10_T13/S012_R10_T14,True,False,False,False,False,False,True,-0.8457845276328899,0
12,12,threshold,12,6,10/14,1/2/3/4/5/6/7/8/9/10/11/13/14/15/16/17/18/19/20,1/2/3/4/5/6/7/8/9/10/11/13/14/15/16/17/18/19/20,1/2/3/4/5/6/7/8/9/10/11/13/14/15/16/17/18/19/20,S012_R06_T00/S012_R06_T01/S012_R06_T02/S012_R06_T03/S012_R06_T04/S012_R06_T05/S012_R06_T06/S012_R06_T07/S012_R06_T08/S012_R06_T09/S012_R06_T10/S012_R06_T11,12,6,6,S012_R10_T00/S012_R10_T01/S012_R10_T02/S012_R10_T03/S012_R10_T04/S012_R10_T05/S012_R10_T06/S012_R10_T07/S012_R10_T08/S012_R10_T09/S012_R10_T10/S012_R10_T11/S012_R10_T12/S012_R10_T13/S012_R10_T14/S012_R14_T00/S012_R14_T01/S012_R14_T02/S012_R14_T03/S012_R14_T04/S012_R14_T05/S012_R14_T06/S012_R14_T07/S012_R14_T08/S012_R14_T09/S012_R14_T10/S012_R14_T11/S012_R14_T12/S012_R14_T13/S012_R14_T14,True,False,False,False,False,False,True,-1.1974489155299335,0
12,12,threshold,12,10,6/14,1/2/3/4/5/6/7/8/9/10/11/13/14/15/16/17/18/19/20,1/2/3/4/5/6/7/8/9/10/11/13/14/15/16/17/18/19/20,1/2/3/4/5/6/7/8/9/10/11/13/14/15/16/17/18/19/20,S012_R10_T00/S012_R10_T01/S012_R10_T02/S012_R10_T03/S012_R10_T04/S012_R10_T05/S012_R10_T06/S012_R10_T07/S012_R10_T08/S012_R10_T09/S012_R10_T10/S012_R10_T11,12,6,6,S012_R06_T00/S012_R06_T01/S012_R06_T02/S012_R06_T03/S012_R06_T04/S012_R06_T05/S012_R06_T06/S012_R06_T07/S012_R06_T08/S012_R06_T09/S012_R06_T10/S012_R06_T11/S012_R06_T12/S012_R06_T13/S012_R06_T14/S012_R14_T00/S012_R14_T01/S012_R14_T02/S012_R14_T03/S012_R14_T04/S012_R14_T05/S012_R14_T06/S012_R14_T07/S012_R14_T08/S012_R14_T09/S012_R14_T10/S012_R14_T11/S012_R14_T12/S012_R14_T13/S012_R14_T14,True,False,False,False,False,False,True,-0.3999586161854185,0
12,12,threshold,12,14,6/10,1/2/3/4/5/6/7/8/9/10/11/13/14/15/16/17/18/19/20,1/2/3/4/5/6/7/8/9/10/11/13/14/15/16/17/18/19/20,1/2/3/4/5/6/7/8/9/10/11/13/14/15/16/17/18/19/20,S012_R14_T00/S012_R14_T01/S012_R14_T02/S012_R14_T03/S012_R14_T04/S012_R14_T05/S012_R14_T06/S012_R14_T07/S012_R14_T08/S012_R14_T09/S012_R14_T10/S012_R14_T11,12,6,6,S012_R06_T00/S012_R06_T01/S012_R06_T02/S012_R06_T03/S012_R06_T04/S012_R06_T05/S012_R06_T06/S012_R06_T07/S012_R06_T08/S012_R06_T09/S012_R06_T10/S012_R06_T11/S012_R06_T12/S012_R06_T13/S012_R06_T14/S012_R10_T00/S012_R10_T01/S012_R10_T02/S012_R10_T03/S012_R10_T04/S012_R10_T05/S012_R10_T06/S012_R10_T07/S012_R10_T08/S012_R10_T09/S012_R10_T10/S012_R10_T11/S012_R10_T12/S012_R10_T13/S012_R10_T14,True,False,False,False,False,False,True,-0.754265196838914,0
12,12,threshold,14,6,10/14,1/2/3/4/5/6/7/8/9/10/11/13/14/15/16/17/18/19/20,1/2/3/4/5/6/7/8/9/10/11/13/14/15/16/17/18/19/20,1/2/3/4/5/6/7/8/9/10/11/13/14/15/16/17/18/19/20,S012_R06_T00/S012_R06_T01/S012_R06_T02/S012_R06_T03/S012_R06_T04/S012_R06_T05/S012_R06_T06/S012_R06_T07/S012_R06_T08/S012_R06_T09/S012_R06_T10/S012_R06_T11/S012_R06_T12/S012_R06_T13,14,7,7,S012_R10_T00/S012_R10_T01/S012_R10_T02/S012_R10_T03/S012_R10_T04/S012_R10_T05/S012_R10_T06/S012_R10_T07/S012_R10_T08/S012_R10_T09/S012_R10_T10/S012_R10_T11/S012_R10_T12/S012_R10_T13/S012_R10_T14/S012_R14_T00/S012_R14_T01/S012_R14_T02/S012_R14_T03/S012_R14_T04/S012_R14_T05/S012_R14_T06/S012_R14_T07/S012_R14_T08/S012_R14_T09/S012_R14_T10/S012_R14_T11/S012_R14_T12/S012_R14_T13/S012_R14_T14,True,False,False,False,False,False,True,-1.1974489155299335,0
12,12,threshold,14,10,6/14,1/2/3/4/5/6/7/8/9/10/11/13/14/15/16/17/18/19/20,1/2/3/4/5/6/7/8/9/10/11/13/14/15/16/17/18/19/20,1/2/3/4/5/6/7/8/9/10/11/13/14/15/16/17/18/19/20,S012_R10_T00/S012_R10_T01/S012_R10_T02/S012_R10_T03/S012_R10_T04/S012_R10_T05/S012_R10_T06/S012_R10_T07/S012_R10_T08/S012_R10_T09/S012_R10_T10/S012_R10_T11/S012_R10_T12/S012_R10_T13,14,7,7,S012_R06_T00/S012_R06_T01/S012_R06_T02/S012_R06_T03/S012_R06_T04/S012_R06_T05/S012_R06_T06/S012_R06_T07/S012_R06_T08/S012_R06_T09/S012_R06_T10/S012_R06_T11/S012_R06_T12/S012_R06_T13/S012_R06_T14/S012_R14_T00/S012_R14_T01/S012_R14_T02/S012_R14_T03/S012_R14_T04/S012_R14_T05/S012_R14_T06/S012_R14_T07/S012_R14_T08/S012_R14_T09/S012_R14_T10/S012_R14_T11/S012_R14_T12/S012_R14_T13/S012_R14_T14,True,False,False,False,False,False,True,-0.4010468830383346,0
12,12,threshold,14,14,6/10,1/2/3/4/5/6/7/8/9/10/11/13/14/15/16/17/18/19/20,1/2/3/4/5/6/7/8/9/10/11/13/14/15/16/17/18/19/20,1/2/3/4/5/6/7/8/9/10/11/13/14/15/16/17/18/19/20,S012_R14_T00/S012_R14_T01/S012_R14_T02/S012_R14_T03/S012_R14_T04/S012_R14_T05/S012_R14_T06/S012_R14_T07/S012_R14_T08/S012_R14_T09/S012_R14_T10/S012_R14_T11/S012_R14_T12/S012_R14_T13,14,7,7,S012_R06_T00/S012_R06_T01/S012_R06_T02/S012_R06_T03/S012_R06_T04/S012_R06_T05/S012_R06_T06/S012_R06_T07/S012_R06_T08/S012_R06_T09/S012_R06_T10/S012_R06_T11/S012_R06_T12/S012_R06_T13/S012_R06_T14/S012_R10_T00/S012_R10_T01/S012_R10_T02/S012_R10_T03/S012_R10_T04/S012_R10_T05/S012_R10_T06/S012_R10_T07/S012_R10_T08/S012_R10_T09/S012_R10_T10/S012_R10_T11/S012_R10_T12/S012_R10_T13/S012_R10_T14,True,False,False,False,False,False,True,-0.9960501331556189,0
12,12,target_lda,0,6,10/14,1/2/3/4/5/6/7/8/9/10/11/13/14/15/16/17/18/19/20,1/2/3/4/5/6/7/8/9/10/11/13/14/15/16/17/18/19/20,1/2/3/4/5/6/7/8/9/10/11/13/14/15/16/17/18/19/20,,0,0,0,S012_R10_T00/S012_R10_T01/S012_R10_T02/S012_R10_T03/S012_R10_T04/S012_R10_T05/S012_R10_T06/S012_R10_T07/S012_R10_T08/S012_R10_T09/S012_R10_T10/S012_R10_T11/S012_R10_T12/S012_R10_T13/S012_R10_T14/S012_R14_T00/S012_R14_T01/S012_R14_T02/S012_R14_T03/S012_R14_T04/S012_R14_T05/S012_R14_T06/S012_R14_T07/S012_R14_T08/S012_R14_T09/S012_R14_T10/S012_R14_T11/S012_R14_T12/S012_R14_T13/S012_R14_T14,True,False,False,False,False,False,False,,0
12,12,target_lda,0,10,6/14,1/2/3/4/5/6/7/8/9/10/11/13/14/15/16/17/18/19/20,1/2/3/4/5/6/7/8/9/10/11/13/14/15/16/17/18/19/20,1/2/3/4/5/6/7/8/9/10/11/13/14/15/16/17/18/19/20,,0,0,0,S012_R06_T00/S012_R06_T01/S012_R06_T02/S012_R06_T03/S012_R06_T04/S012_R06_T05/S012_R06_T06/S012_R06_T07/S012_R06_T08/S012_R06_T09/S012_R06_T10/S012_R06_T11/S012_R06_T12/S012_R06_T13/S012_R06_T14/S012_R14_T00/S012_R14_T01/S012_R14_T02/S012_R14_T03/S012_R14_T04/S012_R14_T05/S012_R14_T06/S012_R14_T07/S012_R14_T08/S012_R14_T09/S012_R14_T10/S012_R14_T11/S012_R14_T12/S012_R14_T13/S012_R14_T14,True,False,False,False,False,False,False,,0
12,12,target_lda,0,14,6/10,1/2/3/4/5/6/7/8/9/10/11/13/14/15/16/17/18/19/20,1/2/3/4/5/6/7/8/9/10/11/13/14/15/16/17/18/19/20,1/2/3/4/5/6/7/8/9/10/11/13/14/15/16/17/18/19/20,,0,0,0,S012_R06_T00/S012_R06_T01/S012_R06_T02/S012_R06_T03/S012_R06_T04/S012_R06_T05/S012_R06_T06/S012_R06_T07/S012_R06_T08/S012_R06_T09/S012_R06_T10/S012_R06_T11/S012_R06_T12/S012_R06_T13/S012_R06_T14/S012_R10_T00/S012_R10_T01/S012_R10_T02/S012_R10_T03/S012_R10_T04/S012_R10_T05/S012_R10_T06/S012_R10_T07/S012_R10_T08/S012_R10_T09/S012_R10_T10/S012_R10_T11/S012_R10_T12/S012_R10_T13/S012_R10_T14,True,False,False,False,False,False,False,,0
12,12,target_lda,4,6,10/14,1/2/3/4/5/6/7/8/9/10/11/13/14/15/16/17/18/19/20,1/2/3/4/5/6/7/8/9/10/11/13/14/15/16/17/18/19/20,1/2/3/4/5/6/7/8/9/10/11/13/14/15/16/17/18/19/20,S012_R06_T00/S012_R06_T01/S012_R06_T02/S012_R06_T03,4,2,2,S012_R10_T00/S012_R10_T01/S012_R10_T02/S012_R10_T03/S012_R10_T04/S012_R10_T05/S012_R10_T06/S012_R10_T07/S012_R10_T08/S012_R10_T09/S012_R10_T10/S012_R10_T11/S012_R10_T12/S012_R10_T13/S012_R10_T14/S012_R14_T00/S012_R14_T01/S012_R14_T02/S012_R14_T03/S012_R14_T04/S012_R14_T05/S012_R14_T06/S012_R14_T07/S012_R14_T08/S012_R14_T09/S012_R14_T10/S012_R14_T11/S012_R14_T12/S012_R14_T13/S012_R14_T14,True,False,False,False,False,False,True,,4
12,12,target_lda,4,10,6/14,1/2/3/4/5/6/7/8/9/10/11/13/14/15/16/17/18/19/20,1/2/3/4/5/6/7/8/9/10/11/13/14/15/16/17/18/19/20,1/2/3/4/5/6/7/8/9/10/11/13/14/15/16/17/18/19/20,S012_R10_T00/S012_R10_T01/S012_R10_T02/S012_R10_T03,4,2,2,S012_R06_T00/S012_R06_T01/S012_R06_T02/S012_R06_T03/S012_R06_T04/S012_R06_T05/S012_R06_T06/S012_R06_T07/S012_R06_T08/S012_R06_T09/S012_R06_T10/S012_R06_T11/S012_R06_T12/S012_R06_T13/S012_R06_T14/S012_R14_T00/S012_R14_T01/S012_R14_T02/S012_R14_T03/S012_R14_T04/S012_R14_T05/S012_R14_T06/S012_R14_T07/S012_R14_T08/S012_R14_T09/S012_R14_T10/S012_R14_T11/S012_R14_T12/S012_R14_T13/S012_R14_T14,True,False,False,False,False,False,True,,4
12,12,target_lda,4,14,6/10,1/2/3/4/5/6/7/8/9/10/11/13/14/15/16/17/18/19/20,1/2/3/4/5/6/7/8/9/10/11/13/14/15/16/17/18/19/20,1/2/3/4/5/6/7/8/9/10/11/13/14/15/16/17/18/19/20,S012_R14_T00/S012_R14_T01/S012_R14_T02/S012_R14_T03,4,2,2,S012_R06_T00/S012_R06_T01/S012_R06_T02/S012_R06_T03/S012_R06_T04/S012_R06_T05/S012_R06_T06/S012_R06_T07/S012_R06_T08/S012_R06_T09/S012_R06_T10/S012_R06_T11/S012_R06_T12/S012_R06_T13/S012_R06_T14/S012_R10_T00/S012_R10_T01/S012_R10_T02/S012_R10_T03/S012_R10_T04/S012_R10_T05/S012_R10_T06/S012_R10_T07/S012_R10_T08/S012_R10_T09/S012_R10_T10/S012_R10_T11/S012_R10_T12/S012_R10_T13/S012_R10_T14,True,False,False,False,False,False,True,,4
12,12,target_lda,8,6,10/14,1/2/3/4/5/6/7/8/9/10/11/13/14/15/16/17/18/19/20,1/2/3/4/5/6/7/8/9/10/11/13/14/15/16/17/18/19/20,1/2/3/4/5/6/7/8/9/10/11/13/14/15/16/17/18/19/20,S012_R06_T00/S012_R06_T01/S012_R06_T02/S012_R06_T03/S012_R06_T04/S012_R06_T05/S012_R06_T06/S012_R06_T07,8,4,4,S012_R10_T00/S012_R10_T01/S012_R10_T02/S012_R10_T03/S012_R10_T04/S012_R10_T05/S012_R10_T06/S012_R10_T07/S012_R10_T08/S012_R10_T09/S012_R10_T10/S012_R10_T11/S012_R10_T12/S012_R10_T13/S012_R10_T14/S012_R14_T00/S012_R14_T01/S012_R14_T02/S012_R14_T03/S012_R14_T04/S012_R14_T05/S012_R14_T06/S012_R14_T07/S012_R14_T08/S012_R14_T09/S012_R14_T10/S012_R14_T11/S012_R14_T12/S012_R14_T13/S012_R14_T14,True,False,False,False,False,False,True,,8
12,12,target_lda,8,10,6/14,1/2/3/4/5/6/7/8/9/10/11/13/14/15/16/17/18/19/20,1/2/3/4/5/6/7/8/9/10/11/13/14/15/16/17/18/19/20,1/2/3/4/5/6/7/8/9/10/11/13/14/15/16/17/18/19/20,S012_R10_T00/S012_R10_T01/S012_R10_T02/S012_R10_T03/S012_R10_T04/S012_R10_T05/S012_R10_T06/S012_R10_T07,8,4,4,S012_R06_T00/S012_R06_T01/S012_R06_T02/S012_R06_T03/S012_R06_T04/S012_R06_T05/S012_R06_T06/S012_R06_T07/S012_R06_T08/S012_R06_T09/S012_R06_T10/S012_R06_T11/S012_R06_T12/S012_R06_T13/S012_R06_T14/S012_R14_T00/S012_R14_T01/S012_R14_T02/S012_R14_T03/S012_R14_T04/S012_R14_T05/S012_R14_T06/S012_R14_T07/S012_R14_T08/S012_R14_T09/S012_R14_T10/S012_R14_T11/S012_R14_T12/S012_R14_T13/S012_R14_T14,True,False,False,False,False,False,True,,8
12,12,target_lda,8,14,6/10,1/2/3/4/5/6/7/8/9/10/11/13/14/15/16/17/18/19/20,1/2/3/4/5/6/7/8/9/10/11/13/14/15/16/17/18/19/20,1/2/3/4/5/6/7/8/9/10/11/13/14/15/16/17/18/19/20,S012_R14_T00/S012_R14_T01/S012_R14_T02/S012_R14_T03/S012_R14_T04/S012_R14_T05/S012_R14_T06/S012_R14_T07,8,4,4,S012_R06_T00/S012_R06_T01/S012_R06_T02/S012_R06_T03/S012_R06_T04/S012_R06_T05/S012_R06_T06/S012_R06_T07/S012_R06_T08/S012_R06_T09/S012_R06_T10/S012_R06_T11/S012_R06_T12/S012_R06_T13/S012_R06_T14/S012_R10_T00/S012_R10_T01/S012_R10_T02/S012_R10_T03/S012_R10_T04/S012_R10_T05/S012_R10_T06/S012_R10_T07/S012_R10_T08/S012_R10_T09/S012_R10_T10/S012_R10_T11/S012_R10_T12/S012_R10_T13/S012_R10_T14,True,False,False,False,False,False,True,,8
12,12,target_lda,12,6,10/14,1/2/3/4/5/6/7/8/9/10/11/13/14/15/16/17/18/19/20,1/2/3/4/5/6/7/8/9/10/11/13/14/15/16/17/18/19/20,1/2/3/4/5/6/7/8/9/10/11/13/14/15/16/17/18/19/20,S012_R06_T00/S012_R06_T01/S012_R06_T02/S012_R06_T03/S012_R06_T04/S012_R06_T05/S012_R06_T06/S012_R06_T07/S012_R06_T08/S012_R06_T09/S012_R06_T10/S012_R06_T11,12,6,6,S012_R10_T00/S012_R10_T01/S012_R10_T02/S012_R10_T03/S012_R10_T04/S012_R10_T05/S012_R10_T06/S012_R10_T07/S012_R10_T08/S012_R10_T09/S012_R10_T10/S012_R10_T11/S012_R10_T12/S012_R10_T13/S012_R10_T14/S012_R14_T00/S012_R14_T01/S012_R14_T02/S012_R14_T03/S012_R14_T04/S012_R14_T05/S012_R14_T06/S012_R14_T07/S012_R14_T08/S012_R14_T09/S012_R14_T10/S012_R14_T11/S012_R14_T12/S012_R14_T13/S012_R14_T14,True,False,False,False,False,False,True,,12
12,12,target_lda,12,10,6/14,1/2/3/4/5/6/7/8/9/10/11/13/14/15/16/17/18/19/20,1/2/3/4/5/6/7/8/9/10/11/13/14/15/16/17/18/19/20,1/2/3/4/5/6/7/8/9/10/11/13/14/15/16/17/18/19/20,S012_R10_T00/S012_R10_T01/S012_R10_T02/S012_R10_T03/S012_R10_T04/S012_R10_T05/S012_R10_T06/S012_R10_T07/S012_R10_T08/S012_R10_T09/S012_R10_T10/S012_R10_T11,12,6,6,S012_R06_T00/S012_R06_T01/S012_R06_T02/S012_R06_T03/S012_R06_T04/S012_R06_T05/S012_R06_T06/S012_R06_T07/S012_R06_T08/S012_R06_T09/S012_R06_T10/S012_R06_T11/S012_R06_T12/S012_R06_T13/S012_R06_T14/S012_R14_T00/S012_R14_T01/S012_R14_T02/S012_R14_T03/S012_R14_T04/S012_R14_T05/S012_R14_T06/S012_R14_T07/S012_R14_T08/S012_R14_T09/S012_R14_T10/S012_R14_T11/S012_R14_T12/S012_R14_T13/S012_R14_T14,True,False,False,False,False,False,True,,12
12,12,target_lda,12,14,6/10,1/2/3/4/5/6/7/8/9/10/11/13/14/15/16/17/18/19/20,1/2/3/4/5/6/7/8/9/10/11/13/14/15/16/17/18/19/20,1/2/3/4/5/6/7/8/9/10/11/13/14/15/16/17/18/19/20,S012_R14_T00/S012_R14_T01/S012_R14_T02/S012_R14_T03/S012_R14_T04/S012_R14_T05/S012_R14_T06/S012_R14_T07/S012_R14_T08/S012_R14_T09/S012_R14_T10/S012_R14_T11,12,6,6,S012_R06_T00/S012_R06_T01/S012_R06_T02/S012_R06_T03/S012_R06_T04/S012_R06_T05/S012_R06_T06/S012_R06_T07/S012_R06_T08/S012_R06_T09/S012_R06_T10/S012_R06_T11/S012_R06_T12/S012_R06_T13/S012_R06_T14/S012_R10_T00/S012_R10_T01/S012_R10_T02/S012_R10_T03/S012_R10_T04/S012_R10_T05/S012_R10_T06/S012_R10_T07/S012_R10_T08/S012_R10_T09/S012_R10_T10/S012_R10_T11/S012_R10_T12/S012_R10_T13/S012_R10_T14,True,False,False,False,False,False,True,,12
12,12,target_lda,14,6,10/14,1/2/3/4/5/6/7/8/9/10/11/13/14/15/16/17/18/19/20,1/2/3/4/5/6/7/8/9/10/11/13/14/15/16/17/18/19/20,1/2/3/4/5/6/7/8/9/10/11/13/14/15/16/17/18/19/20,S012_R06_T00/S012_R06_T01/S012_R06_T02/S012_R06_T03/S012_R06_T04/S012_R06_T05/S012_R06_T06/S012_R06_T07/S012_R06_T08/S012_R06_T09/S012_R06_T10/S012_R06_T11/S012_R06_T12/S012_R06_T13,14,7,7,S012_R10_T00/S012_R10_T01/S012_R10_T02/S012_R10_T03/S012_R10_T04/S012_R10_T05/S012_R10_T06/S012_R10_T07/S012_R10_T08/S012_R10_T09/S012_R10_T10/S012_R10_T11/S012_R10_T12/S012_R10_T13/S012_R10_T14/S012_R14_T00/S012_R14_T01/S012_R14_T02/S012_R14_T03/S012_R14_T04/S012_R14_T05/S012_R14_T06/S012_R14_T07/S012_R14_T08/S012_R14_T09/S012_R14_T10/S012_R14_T11/S012_R14_T12/S012_R14_T13/S012_R14_T14,True,False,False,False,False,False,True,,14
12,12,target_lda,14,10,6/14,1/2/3/4/5/6/7/8/9/10/11/13/14/15/16/17/18/19/20,1/2/3/4/5/6/7/8/9/10/11/13/14/15/16/17/18/19/20,1/2/3/4/5/6/7/8/9/10/11/13/14/15/16/17/18/19/20,S012_R10_T00/S012_R10_T01/S012_R10_T02/S012_R10_T03/S012_R10_T04/S012_R10_T05/S012_R10_T06/S012_R10_T07/S012_R10_T08/S012_R10_T09/S012_R10_T10/S012_R10_T11/S012_R10_T12/S012_R10_T13,14,7,7,S012_R06_T00/S012_R06_T01/S012_R06_T02/S012_R06_T03/S012_R06_T04/S012_R06_T05/S012_R06_T06/S012_R06_T07/S012_R06_T08/S012_R06_T09/S012_R06_T10/S012_R06_T11/S012_R06_T12/S012_R06_T13/S012_R06_T14/S012_R14_T00/S012_R14_T01/S012_R14_T02/S012_R14_T03/S012_R14_T04/S012_R14_T05/S012_R14_T06/S012_R14_T07/S012_R14_T08/S012_R14_T09/S012_R14_T10/S012_R14_T11/S012_R14_T12/S012_R14_T13/S012_R14_T14,True,False,False,False,False,False,True,,14
12,12,target_lda,14,14,6/10,1/2/3/4/5/6/7/8/9/10/11/13/14/15/16/17/18/19/20,1/2/3/4/5/6/7/8/9/10/11/13/14/15/16/17/18/19/20,1/2/3/4/5/6/7/8/9/10/11/13/14/15/16/17/18/19/20,S012_R14_T00/S012_R14_T01/S012_R14_T02/S012_R14_T03/S012_R14_T04/S012_R14_T05/S012_R14_T06/S012_R14_T07/S012_R14_T08/S012_R14_T09/S012_R14_T10/S012_R14_T11/S012_R14_T12/S012_R14_T13,14,7,7,S012_R06_T00/S012_R06_T01/S012_R06_T02/S012_R06_T03/S012_R06_T04/S012_R06_T05/S012_R06_T06/S012_R06_T07/S012_R06_T08/S012_R06_T09/S012_R06_T10/S012_R06_T11/S012_R06_T12/S012_R06_T13/S012_R06_T14/S012_R10_T00/S012_R10_T01/S012_R10_T02/S012_R10_T03/S012_R10_T04/S012_R10_T05/S012_R10_T06/S012_R10_T07/S012_R10_T08/S012_R10_T09/S012_R10_T10/S012_R10_T11/S012_R10_T12/S012_R10_T13/S012_R10_T14,True,False,False,False,False,False,True,,14
13,13,threshold,0,6,10/14,1/2/3/4/5/6/7/8/9/10/11/12/14/15/16/17/18/19/20,1/2/3/4/5/6/7/8/9/10/11/12/14/15/16/17/18/19/20,1/2/3/4/5/6/7/8/9/10/11/12/14/15/16/17/18/19/20,,0,0,0,S013_R10_T00/S013_R10_T01/S013_R10_T02/S013_R10_T03/S013_R10_T04/S013_R10_T05/S013_R10_T06/S013_R10_T07/S013_R10_T08/S013_R10_T09/S013_R10_T10/S013_R10_T11/S013_R10_T12/S013_R10_T13/S013_R10_T14/S013_R14_T00/S013_R14_T01/S013_R14_T02/S013_R14_T03/S013_R14_T04/S013_R14_T05/S013_R14_T06/S013_R14_T07/S013_R14_T08/S013_R14_T09/S013_R14_T10/S013_R14_T11/S013_R14_T12/S013_R14_T13/S013_R14_T14,True,False,False,False,False,False,False,,0
13,13,threshold,0,10,6/14,1/2/3/4/5/6/7/8/9/10/11/12/14/15/16/17/18/19/20,1/2/3/4/5/6/7/8/9/10/11/12/14/15/16/17/18/19/20,1/2/3/4/5/6/7/8/9/10/11/12/14/15/16/17/18/19/20,,0,0,0,S013_R06_T00/S013_R06_T01/S013_R06_T02/S013_R06_T03/S013_R06_T04/S013_R06_T05/S013_R06_T06/S013_R06_T07/S013_R06_T08/S013_R06_T09/S013_R06_T10/S013_R06_T11/S013_R06_T12/S013_R06_T13/S013_R06_T14/S013_R14_T00/S013_R14_T01/S013_R14_T02/S013_R14_T03/S013_R14_T04/S013_R14_T05/S013_R14_T06/S013_R14_T07/S013_R14_T08/S013_R14_T09/S013_R14_T10/S013_R14_T11/S013_R14_T12/S013_R14_T13/S013_R14_T14,True,False,False,False,False,False,False,,0
13,13,threshold,0,14,6/10,1/2/3/4/5/6/7/8/9/10/11/12/14/15/16/17/18/19/20,1/2/3/4/5/6/7/8/9/10/11/12/14/15/16/17/18/19/20,1/2/3/4/5/6/7/8/9/10/11/12/14/15/16/17/18/19/20,,0,0,0,S013_R06_T00/S013_R06_T01/S013_R06_T02/S013_R06_T03/S013_R06_T04/S013_R06_T05/S013_R06_T06/S013_R06_T07/S013_R06_T08/S013_R06_T09/S013_R06_T10/S013_R06_T11/S013_R06_T12/S013_R06_T13/S013_R06_T14/S013_R10_T00/S013_R10_T01/S013_R10_T02/S013_R10_T03/S013_R10_T04/S013_R10_T05/S013_R10_T06/S013_R10_T07/S013_R10_T08/S013_R10_T09/S013_R10_T10/S013_R10_T11/S013_R10_T12/S013_R10_T13/S013_R10_T14,True,False,False,False,False,False,False,,0
13,13,threshold,4,6,10/14,1/2/3/4/5/6/7/8/9/10/11/12/14/15/16/17/18/19/20,1/2/3/4/5/6/7/8/9/10/11/12/14/15/16/17/18/19/20,1/2/3/4/5/6/7/8/9/10/11/12/14/15/16/17/18/19/20,S013_R06_T00/S013_R06_T01/S013_R06_T02/S013_R06_T03,4,2,2,S013_R10_T00/S013_R10_T01/S013_R10_T02/S013_R10_T03/S013_R10_T04/S013_R10_T05/S013_R10_T06/S013_R10_T07/S013_R10_T08/S013_R10_T09/S013_R10_T10/S013_R10_T11/S013_R10_T12/S013_R10_T13/S013_R10_T14/S013_R14_T00/S013_R14_T01/S013_R14_T02/S013_R14_T03/S013_R14_T04/S013_R14_T05/S013_R14_T06/S013_R14_T07/S013_R14_T08/S013_R14_T09/S013_R14_T10/S013_R14_T11/S013_R14_T12/S013_R14_T13/S013_R14_T14,True,False,False,False,False,False,True,-0.2832728293859177,0
13,13,threshold,4,10,6/14,1/2/3/4/5/6/7/8/9/10/11/12/14/15/16/17/18/19/20,1/2/3/4/5/6/7/8/9/10/11/12/14/15/16/17/18/19/20,1/2/3/4/5/6/7/8/9/10/11/12/14/15/16/17/18/19/20,S013_R10_T00/S013_R10_T01/S013_R10_T02/S013_R10_T03,4,2,2,S013_R06_T00/S013_R06_T01/S013_R06_T02/S013_R06_T03/S013_R06_T04/S013_R06_T05/S013_R06_T06/S013_R06_T07/S013_R06_T08/S013_R06_T09/S013_R06_T10/S013_R06_T11/S013_R06_T12/S013_R06_T13/S013_R06_T14/S013_R14_T00/S013_R14_T01/S013_R14_T02/S013_R14_T03/S013_R14_T04/S013_R14_T05/S013_R14_T06/S013_R14_T07/S013_R14_T08/S013_R14_T09/S013_R14_T10/S013_R14_T11/S013_R14_T12/S013_R14_T13/S013_R14_T14,True,False,False,False,False,False,True,0.17189383475755027,0
13,13,threshold,4,14,6/10,1/2/3/4/5/6/7/8/9/10/11/12/14/15/16/17/18/19/20,1/2/3/4/5/6/7/8/9/10/11/12/14/15/16/17/18/19/20,1/2/3/4/5/6/7/8/9/10/11/12/14/15/16/17/18/19/20,S013_R14_T00/S013_R14_T01/S013_R14_T02/S013_R14_T03,4,2,2,S013_R06_T00/S013_R06_T01/S013_R06_T02/S013_R06_T03/S013_R06_T04/S013_R06_T05/S013_R06_T06/S013_R06_T07/S013_R06_T08/S013_R06_T09/S013_R06_T10/S013_R06_T11/S013_R06_T12/S013_R06_T13/S013_R06_T14/S013_R10_T00/S013_R10_T01/S013_R10_T02/S013_R10_T03/S013_R10_T04/S013_R10_T05/S013_R10_T06/S013_R10_T07/S013_R10_T08/S013_R10_T09/S013_R10_T10/S013_R10_T11/S013_R10_T12/S013_R10_T13/S013_R10_T14,True,False,False,False,False,False,True,-0.051057817588157806,0
13,13,threshold,8,6,10/14,1/2/3/4/5/6/7/8/9/10/11/12/14/15/16/17/18/19/20,1/2/3/4/5/6/7/8/9/10/11/12/14/15/16/17/18/19/20,1/2/3/4/5/6/7/8/9/10/11/12/14/15/16/17/18/19/20,S013_R06_T00/S013_R06_T01/S013_R06_T02/S013_R06_T03/S013_R06_T04/S013_R06_T05/S013_R06_T06/S013_R06_T07,8,4,4,S013_R10_T00/S013_R10_T01/S013_R10_T02/S013_R10_T03/S013_R10_T04/S013_R10_T05/S013_R10_T06/S013_R10_T07/S013_R10_T08/S013_R10_T09/S013_R10_T10/S013_R10_T11/S013_R10_T12/S013_R10_T13/S013_R10_T14/S013_R14_T00/S013_R14_T01/S013_R14_T02/S013_R14_T03/S013_R14_T04/S013_R14_T05/S013_R14_T06/S013_R14_T07/S013_R14_T08/S013_R14_T09/S013_R14_T10/S013_R14_T11/S013_R14_T12/S013_R14_T13/S013_R14_T14,True,False,False,False,False,False,True,-0.09545361548998693,0
13,13,threshold,8,10,6/14,1/2/3/4/5/6/7/8/9/10/11/12/14/15/16/17/18/19/20,1/2/3/4/5/6/7/8/9/10/11/12/14/15/16/17/18/19/20,1/2/3/4/5/6/7/8/9/10/11/12/14/15/16/17/18/19/20,S013_R10_T00/S013_R10_T01/S013_R10_T02/S013_R10_T03/S013_R10_T04/S013_R10_T05/S013_R10_T06/S013_R10_T07,8,4,4,S013_R06_T00/S013_R06_T01/S013_R06_T02/S013_R06_T03/S013_R06_T04/S013_R06_T05/S013_R06_T06/S013_R06_T07/S013_R06_T08/S013_R06_T09/S013_R06_T10/S013_R06_T11/S013_R06_T12/S013_R06_T13/S013_R06_T14/S013_R14_T00/S013_R14_T01/S013_R14_T02/S013_R14_T03/S013_R14_T04/S013_R14_T05/S013_R14_T06/S013_R14_T07/S013_R14_T08/S013_R14_T09/S013_R14_T10/S013_R14_T11/S013_R14_T12/S013_R14_T13/S013_R14_T14,True,False,False,False,False,False,True,0.17189383475755027,0
13,13,threshold,8,14,6/10,1/2/3/4/5/6/7/8/9/10/11/12/14/15/16/17/18/19/20,1/2/3/4/5/6/7/8/9/10/11/12/14/15/16/17/18/19/20,1/2/3/4/5/6/7/8/9/10/11/12/14/15/16/17/18/19/20,S013_R14_T00/S013_R14_T01/S013_R14_T02/S013_R14_T03/S013_R14_T04/S013_R14_T05/S013_R14_T06/S013_R14_T07,8,4,4,S013_R06_T00/S013_R06_T01/S013_R06_T02/S013_R06_T03/S013_R06_T04/S013_R06_T05/S013_R06_T06/S013_R06_T07/S013_R06_T08/S013_R06_T09/S013_R06_T10/S013_R06_T11/S013_R06_T12/S013_R06_T13/S013_R06_T14/S013_R10_T00/S013_R10_T01/S013_R10_T02/S013_R10_T03/S013_R10_T04/S013_R10_T05/S013_R10_T06/S013_R10_T07/S013_R10_T08/S013_R10_T09/S013_R10_T10/S013_R10_T11/S013_R10_T12/S013_R10_T13/S013_R10_T14,True,False,False,False,False,False,True,-0.11837908053545126,0
13,13,threshold,12,6,10/14,1/2/3/4/5/6/7/8/9/10/11/12/14/15/16/17/18/19/20,1/2/3/4/5/6/7/8/9/10/11/12/14/15/16/17/18/19/20,1/2/3/4/5/6/7/8/9/10/11/12/14/15/16/17/18/19/20,S013_R06_T00/S013_R06_T01/S013_R06_T02/S013_R06_T03/S013_R06_T04/S013_R06_T05/S013_R06_T06/S013_R06_T07/S013_R06_T08/S013_R06_T09/S013_R06_T10/S013_R06_T11,12,6,6,S013_R10_T00/S013_R10_T01/S013_R10_T02/S013_R10_T03/S013_R10_T04/S013_R10_T05/S013_R10_T06/S013_R10_T07/S013_R10_T08/S013_R10_T09/S013_R10_T10/S013_R10_T11/S013_R10_T12/S013_R10_T13/S013_R10_T14/S013_R14_T00/S013_R14_T01/S013_R14_T02/S013_R14_T03/S013_R14_T04/S013_R14_T05/S013_R14_T06/S013_R14_T07/S013_R14_T08/S013_R14_T09/S013_R14_T10/S013_R14_T11/S013_R14_T12/S013_R14_T13/S013_R14_T14,True,False,False,False,False,False,True,-0.09545361548998693,0
13,13,threshold,12,10,6/14,1/2/3/4/5/6/7/8/9/10/11/12/14/15/16/17/18/19/20,1/2/3/4/5/6/7/8/9/10/11/12/14/15/16/17/18/19/20,1/2/3/4/5/6/7/8/9/10/11/12/14/15/16/17/18/19/20,S013_R10_T00/S013_R10_T01/S013_R10_T02/S013_R10_T03/S013_R10_T04/S013_R10_T05/S013_R10_T06/S013_R10_T07/S013_R10_T08/S013_R10_T09/S013_R10_T10/S013_R10_T11,12,6,6,S013_R06_T00/S013_R06_T01/S013_R06_T02/S013_R06_T03/S013_R06_T04/S013_R06_T05/S013_R06_T06/S013_R06_T07/S013_R06_T08/S013_R06_T09/S013_R06_T10/S013_R06_T11/S013_R06_T12/S013_R06_T13/S013_R06_T14/S013_R14_T00/S013_R14_T01/S013_R14_T02/S013_R14_T03/S013_R14_T04/S013_R14_T05/S013_R14_T06/S013_R14_T07/S013_R14_T08/S013_R14_T09/S013_R14_T10/S013_R14_T11/S013_R14_T12/S013_R14_T13/S013_R14_T14,True,False,False,False,False,False,True,-0.25460538809795075,0
13,13,threshold,12,14,6/10,1/2/3/4/5/6/7/8/9/10/11/12/14/15/16/17/18/19/20,1/2/3/4/5/6/7/8/9/10/11/12/14/15/16/17/18/19/20,1/2/3/4/5/6/7/8/9/10/11/12/14/15/16/17/18/19/20,S013_R14_T00/S013_R14_T01/S013_R14_T02/S013_R14_T03/S013_R14_T04/S013_R14_T05/S013_R14_T06/S013_R14_T07/S013_R14_T08/S013_R14_T09/S013_R14_T10/S013_R14_T11,12,6,6,S013_R06_T00/S013_R06_T01/S013_R06_T02/S013_R06_T03/S013_R06_T04/S013_R06_T05/S013_R06_T06/S013_R06_T07/S013_R06_T08/S013_R06_T09/S013_R06_T10/S013_R06_T11/S013_R06_T12/S013_R06_T13/S013_R06_T14/S013_R10_T00/S013_R10_T01/S013_R10_T02/S013_R10_T03/S013_R10_T04/S013_R10_T05/S013_R10_T06/S013_R10_T07/S013_R10_T08/S013_R10_T09/S013_R10_T10/S013_R10_T11/S013_R10_T12/S013_R10_T13/S013_R10_T14,True,False,False,False,False,False,True,-0.285507146872556,0
13,13,threshold,14,6,10/14,1/2/3/4/5/6/7/8/9/10/11/12/14/15/16/17/18/19/20,1/2/3/4/5/6/7/8/9/10/11/12/14/15/16/17/18/19/20,1/2/3/4/5/6/7/8/9/10/11/12/14/15/16/17/18/19/20,S013_R06_T00/S013_R06_T01/S013_R06_T02/S013_R06_T03/S013_R06_T04/S013_R06_T05/S013_R06_T06/S013_R06_T07/S013_R06_T08/S013_R06_T09/S013_R06_T10/S013_R06_T11/S013_R06_T12/S013_R06_T13,14,7,7,S013_R10_T00/S013_R10_T01/S013_R10_T02/S013_R10_T03/S013_R10_T04/S013_R10_T05/S013_R10_T06/S013_R10_T07/S013_R10_T08/S013_R10_T09/S013_R10_T10/S013_R10_T11/S013_R10_T12/S013_R10_T13/S013_R10_T14/S013_R14_T00/S013_R14_T01/S013_R14_T02/S013_R14_T03/S013_R14_T04/S013_R14_T05/S013_R14_T06/S013_R14_T07/S013_R14_T08/S013_R14_T09/S013_R14_T10/S013_R14_T11/S013_R14_T12/S013_R14_T13/S013_R14_T14,True,False,False,False,False,False,True,-0.09545361548998693,0
13,13,threshold,14,10,6/14,1/2/3/4/5/6/7/8/9/10/11/12/14/15/16/17/18/19/20,1/2/3/4/5/6/7/8/9/10/11/12/14/15/16/17/18/19/20,1/2/3/4/5/6/7/8/9/10/11/12/14/15/16/17/18/19/20,S013_R10_T00/S013_R10_T01/S013_R10_T02/S013_R10_T03/S013_R10_T04/S013_R10_T05/S013_R10_T06/S013_R10_T07/S013_R10_T08/S013_R10_T09/S013_R10_T10/S013_R10_T11/S013_R10_T12/S013_R10_T13,14,7,7,S013_R06_T00/S013_R06_T01/S013_R06_T02/S013_R06_T03/S013_R06_T04/S013_R06_T05/S013_R06_T06/S013_R06_T07/S013_R06_T08/S013_R06_T09/S013_R06_T10/S013_R06_T11/S013_R06_T12/S013_R06_T13/S013_R06_T14/S013_R14_T00/S013_R14_T01/S013_R14_T02/S013_R14_T03/S013_R14_T04/S013_R14_T05/S013_R14_T06/S013_R14_T07/S013_R14_T08/S013_R14_T09/S013_R14_T10/S013_R14_T11/S013_R14_T12/S013_R14_T13/S013_R14_T14,True,False,False,False,False,False,True,-0.15027421848022415,0
13,13,threshold,14,14,6/10,1/2/3/4/5/6/7/8/9/10/11/12/14/15/16/17/18/19/20,1/2/3/4/5/6/7/8/9/10/11/12/14/15/16/17/18/19/20,1/2/3/4/5/6/7/8/9/10/11/12/14/15/16/17/18/19/20,S013_R14_T00/S013_R14_T01/S013_R14_T02/S013_R14_T03/S013_R14_T04/S013_R14_T05/S013_R14_T06/S013_R14_T07/S013_R14_T08/S013_R14_T09/S013_R14_T10/S013_R14_T11/S013_R14_T12/S013_R14_T13,14,7,7,S013_R06_T00/S013_R06_T01/S013_R06_T02/S013_R06_T03/S013_R06_T04/S013_R06_T05/S013_R06_T06/S013_R06_T07/S013_R06_T08/S013_R06_T09/S013_R06_T10/S013_R06_T11/S013_R06_T12/S013_R06_T13/S013_R06_T14/S013_R10_T00/S013_R10_T01/S013_R10_T02/S013_R10_T03/S013_R10_T04/S013_R10_T05/S013_R10_T06/S013_R10_T07/S013_R10_T08/S013_R10_T09/S013_R10_T10/S013_R10_T11/S013_R10_T12/S013_R10_T13/S013_R10_T14,True,False,False,False,False,False,True,-0.285507146872556,0
13,13,target_lda,0,6,10/14,1/2/3/4/5/6/7/8/9/10/11/12/14/15/16/17/18/19/20,1/2/3/4/5/6/7/8/9/10/11/12/14/15/16/17/18/19/20,1/2/3/4/5/6/7/8/9/10/11/12/14/15/16/17/18/19/20,,0,0,0,S013_R10_T00/S013_R10_T01/S013_R10_T02/S013_R10_T03/S013_R10_T04/S013_R10_T05/S013_R10_T06/S013_R10_T07/S013_R10_T08/S013_R10_T09/S013_R10_T10/S013_R10_T11/S013_R10_T12/S013_R10_T13/S013_R10_T14/S013_R14_T00/S013_R14_T01/S013_R14_T02/S013_R14_T03/S013_R14_T04/S013_R14_T05/S013_R14_T06/S013_R14_T07/S013_R14_T08/S013_R14_T09/S013_R14_T10/S013_R14_T11/S013_R14_T12/S013_R14_T13/S013_R14_T14,True,False,False,False,False,False,False,,0
13,13,target_lda,0,10,6/14,1/2/3/4/5/6/7/8/9/10/11/12/14/15/16/17/18/19/20,1/2/3/4/5/6/7/8/9/10/11/12/14/15/16/17/18/19/20,1/2/3/4/5/6/7/8/9/10/11/12/14/15/16/17/18/19/20,,0,0,0,S013_R06_T00/S013_R06_T01/S013_R06_T02/S013_R06_T03/S013_R06_T04/S013_R06_T05/S013_R06_T06/S013_R06_T07/S013_R06_T08/S013_R06_T09/S013_R06_T10/S013_R06_T11/S013_R06_T12/S013_R06_T13/S013_R06_T14/S013_R14_T00/S013_R14_T01/S013_R14_T02/S013_R14_T03/S013_R14_T04/S013_R14_T05/S013_R14_T06/S013_R14_T07/S013_R14_T08/S013_R14_T09/S013_R14_T10/S013_R14_T11/S013_R14_T12/S013_R14_T13/S013_R14_T14,True,False,False,False,False,False,False,,0
13,13,target_lda,0,14,6/10,1/2/3/4/5/6/7/8/9/10/11/12/14/15/16/17/18/19/20,1/2/3/4/5/6/7/8/9/10/11/12/14/15/16/17/18/19/20,1/2/3/4/5/6/7/8/9/10/11/12/14/15/16/17/18/19/20,,0,0,0,S013_R06_T00/S013_R06_T01/S013_R06_T02/S013_R06_T03/S013_R06_T04/S013_R06_T05/S013_R06_T06/S013_R06_T07/S013_R06_T08/S013_R06_T09/S013_R06_T10/S013_R06_T11/S013_R06_T12/S013_R06_T13/S013_R06_T14/S013_R10_T00/S013_R10_T01/S013_R10_T02/S013_R10_T03/S013_R10_T04/S013_R10_T05/S013_R10_T06/S013_R10_T07/S013_R10_T08/S013_R10_T09/S013_R10_T10/S013_R10_T11/S013_R10_T12/S013_R10_T13/S013_R10_T14,True,False,False,False,False,False,False,,0
13,13,target_lda,4,6,10/14,1/2/3/4/5/6/7/8/9/10/11/12/14/15/16/17/18/19/20,1/2/3/4/5/6/7/8/9/10/11/12/14/15/16/17/18/19/20,1/2/3/4/5/6/7/8/9/10/11/12/14/15/16/17/18/19/20,S013_R06_T00/S013_R06_T01/S013_R06_T02/S013_R06_T03,4,2,2,S013_R10_T00/S013_R10_T01/S013_R10_T02/S013_R10_T03/S013_R10_T04/S013_R10_T05/S013_R10_T06/S013_R10_T07/S013_R10_T08/S013_R10_T09/S013_R10_T10/S013_R10_T11/S013_R10_T12/S013_R10_T13/S013_R10_T14/S013_R14_T00/S013_R14_T01/S013_R14_T02/S013_R14_T03/S013_R14_T04/S013_R14_T05/S013_R14_T06/S013_R14_T07/S013_R14_T08/S013_R14_T09/S013_R14_T10/S013_R14_T11/S013_R14_T12/S013_R14_T13/S013_R14_T14,True,False,False,False,False,False,True,,4
13,13,target_lda,4,10,6/14,1/2/3/4/5/6/7/8/9/10/11/12/14/15/16/17/18/19/20,1/2/3/4/5/6/7/8/9/10/11/12/14/15/16/17/18/19/20,1/2/3/4/5/6/7/8/9/10/11/12/14/15/16/17/18/19/20,S013_R10_T00/S013_R10_T01/S013_R10_T02/S013_R10_T03,4,2,2,S013_R06_T00/S013_R06_T01/S013_R06_T02/S013_R06_T03/S013_R06_T04/S013_R06_T05/S013_R06_T06/S013_R06_T07/S013_R06_T08/S013_R06_T09/S013_R06_T10/S013_R06_T11/S013_R06_T12/S013_R06_T13/S013_R06_T14/S013_R14_T00/S013_R14_T01/S013_R14_T02/S013_R14_T03/S013_R14_T04/S013_R14_T05/S013_R14_T06/S013_R14_T07/S013_R14_T08/S013_R14_T09/S013_R14_T10/S013_R14_T11/S013_R14_T12/S013_R14_T13/S013_R14_T14,True,False,False,False,False,False,True,,4
13,13,target_lda,4,14,6/10,1/2/3/4/5/6/7/8/9/10/11/12/14/15/16/17/18/19/20,1/2/3/4/5/6/7/8/9/10/11/12/14/15/16/17/18/19/20,1/2/3/4/5/6/7/8/9/10/11/12/14/15/16/17/18/19/20,S013_R14_T00/S013_R14_T01/S013_R14_T02/S013_R14_T03,4,2,2,S013_R06_T00/S013_R06_T01/S013_R06_T02/S013_R06_T03/S013_R06_T04/S013_R06_T05/S013_R06_T06/S013_R06_T07/S013_R06_T08/S013_R06_T09/S013_R06_T10/S013_R06_T11/S013_R06_T12/S013_R06_T13/S013_R06_T14/S013_R10_T00/S013_R10_T01/S013_R10_T02/S013_R10_T03/S013_R10_T04/S013_R10_T05/S013_R10_T06/S013_R10_T07/S013_R10_T08/S013_R10_T09/S013_R10_T10/S013_R10_T11/S013_R10_T12/S013_R10_T13/S013_R10_T14,True,False,False,False,False,False,True,,4
13,13,target_lda,8,6,10/14,1/2/3/4/5/6/7/8/9/10/11/12/14/15/16/17/18/19/20,1/2/3/4/5/6/7/8/9/10/11/12/14/15/16/17/18/19/20,1/2/3/4/5/6/7/8/9/10/11/12/14/15/16/17/18/19/20,S013_R06_T00/S013_R06_T01/S013_R06_T02/S013_R06_T03/S013_R06_T04/S013_R06_T05/S013_R06_T06/S013_R06_T07,8,4,4,S013_R10_T00/S013_R10_T01/S013_R10_T02/S013_R10_T03/S013_R10_T04/S013_R10_T05/S013_R10_T06/S013_R10_T07/S013_R10_T08/S013_R10_T09/S013_R10_T10/S013_R10_T11/S013_R10_T12/S013_R10_T13/S013_R10_T14/S013_R14_T00/S013_R14_T01/S013_R14_T02/S013_R14_T03/S013_R14_T04/S013_R14_T05/S013_R14_T06/S013_R14_T07/S013_R14_T08/S013_R14_T09/S013_R14_T10/S013_R14_T11/S013_R14_T12/S013_R14_T13/S013_R14_T14,True,False,False,False,False,False,True,,8
13,13,target_lda,8,10,6/14,1/2/3/4/5/6/7/8/9/10/11/12/14/15/16/17/18/19/20,1/2/3/4/5/6/7/8/9/10/11/12/14/15/16/17/18/19/20,1/2/3/4/5/6/7/8/9/10/11/12/14/15/16/17/18/19/20,S013_R10_T00/S013_R10_T01/S013_R10_T02/S013_R10_T03/S013_R10_T04/S013_R10_T05/S013_R10_T06/S013_R10_T07,8,4,4,S013_R06_T00/S013_R06_T01/S013_R06_T02/S013_R06_T03/S013_R06_T04/S013_R06_T05/S013_R06_T06/S013_R06_T07/S013_R06_T08/S013_R06_T09/S013_R06_T10/S013_R06_T11/S013_R06_T12/S013_R06_T13/S013_R06_T14/S013_R14_T00/S013_R14_T01/S013_R14_T02/S013_R14_T03/S013_R14_T04/S013_R14_T05/S013_R14_T06/S013_R14_T07/S013_R14_T08/S013_R14_T09/S013_R14_T10/S013_R14_T11/S013_R14_T12/S013_R14_T13/S013_R14_T14,True,False,False,False,False,False,True,,8
13,13,target_lda,8,14,6/10,1/2/3/4/5/6/7/8/9/10/11/12/14/15/16/17/18/19/20,1/2/3/4/5/6/7/8/9/10/11/12/14/15/16/17/18/19/20,1/2/3/4/5/6/7/8/9/10/11/12/14/15/16/17/18/19/20,S013_R14_T00/S013_R14_T01/S013_R14_T02/S013_R14_T03/S013_R14_T04/S013_R14_T05/S013_R14_T06/S013_R14_T07,8,4,4,S013_R06_T00/S013_R06_T01/S013_R06_T02/S013_R06_T03/S013_R06_T04/S013_R06_T05/S013_R06_T06/S013_R06_T07/S013_R06_T08/S013_R06_T09/S013_R06_T10/S013_R06_T11/S013_R06_T12/S013_R06_T13/S013_R06_T14/S013_R10_T00/S013_R10_T01/S013_R10_T02/S013_R10_T03/S013_R10_T04/S013_R10_T05/S013_R10_T06/S013_R10_T07/S013_R10_T08/S013_R10_T09/S013_R10_T10/S013_R10_T11/S013_R10_T12/S013_R10_T13/S013_R10_T14,True,False,False,False,False,False,True,,8
13,13,target_lda,12,6,10/14,1/2/3/4/5/6/7/8/9/10/11/12/14/15/16/17/18/19/20,1/2/3/4/5/6/7/8/9/10/11/12/14/15/16/17/18/19/20,1/2/3/4/5/6/7/8/9/10/11/12/14/15/16/17/18/19/20,S013_R06_T00/S013_R06_T01/S013_R06_T02/S013_R06_T03/S013_R06_T04/S013_R06_T05/S013_R06_T06/S013_R06_T07/S013_R06_T08/S013_R06_T09/S013_R06_T10/S013_R06_T11,12,6,6,S013_R10_T00/S013_R10_T01/S013_R10_T02/S013_R10_T03/S013_R10_T04/S013_R10_T05/S013_R10_T06/S013_R10_T07/S013_R10_T08/S013_R10_T09/S013_R10_T10/S013_R10_T11/S013_R10_T12/S013_R10_T13/S013_R10_T14/S013_R14_T00/S013_R14_T01/S013_R14_T02/S013_R14_T03/S013_R14_T04/S013_R14_T05/S013_R14_T06/S013_R14_T07/S013_R14_T08/S013_R14_T09/S013_R14_T10/S013_R14_T11/S013_R14_T12/S013_R14_T13/S013_R14_T14,True,False,False,False,False,False,True,,12
13,13,target_lda,12,10,6/14,1/2/3/4/5/6/7/8/9/10/11/12/14/15/16/17/18/19/20,1/2/3/4/5/6/7/8/9/10/11/12/14/15/16/17/18/19/20,1/2/3/4/5/6/7/8/9/10/11/12/14/15/16/17/18/19/20,S013_R10_T00/S013_R10_T01/S013_R10_T02/S013_R10_T03/S013_R10_T04/S013_R10_T05/S013_R10_T06/S013_R10_T07/S013_R10_T08/S013_R10_T09/S013_R10_T10/S013_R10_T11,12,6,6,S013_R06_T00/S013_R06_T01/S013_R06_T02/S013_R06_T03/S013_R06_T04/S013_R06_T05/S013_R06_T06/S013_R06_T07/S013_R06_T08/S013_R06_T09/S013_R06_T10/S013_R06_T11/S013_R06_T12/S013_R06_T13/S013_R06_T14/S013_R14_T00/S013_R14_T01/S013_R14_T02/S013_R14_T03/S013_R14_T04/S013_R14_T05/S013_R14_T06/S013_R14_T07/S013_R14_T08/S013_R14_T09/S013_R14_T10/S013_R14_T11/S013_R14_T12/S013_R14_T13/S013_R14_T14,True,False,False,False,False,False,True,,12
13,13,target_lda,12,14,6/10,1/2/3/4/5/6/7/8/9/10/11/12/14/15/16/17/18/19/20,1/2/3/4/5/6/7/8/9/10/11/12/14/15/16/17/18/19/20,1/2/3/4/5/6/7/8/9/10/11/12/14/15/16/17/18/19/20,S013_R14_T00/S013_R14_T01/S013_R14_T02/S013_R14_T03/S013_R14_T04/S013_R14_T05/S013_R14_T06/S013_R14_T07/S013_R14_T08/S013_R14_T09/S013_R14_T10/S013_R14_T11,12,6,6,S013_R06_T00/S013_R06_T01/S013_R06_T02/S013_R06_T03/S013_R06_T04/S013_R06_T05/S013_R06_T06/S013_R06_T07/S013_R06_T08/S013_R06_T09/S013_R06_T10/S013_R06_T11/S013_R06_T12/S013_R06_T13/S013_R06_T14/S013_R10_T00/S013_R10_T01/S013_R10_T02/S013_R10_T03/S013_R10_T04/S013_R10_T05/S013_R10_T06/S013_R10_T07/S013_R10_T08/S013_R10_T09/S013_R10_T10/S013_R10_T11/S013_R10_T12/S013_R10_T13/S013_R10_T14,True,False,False,False,False,False,True,,12
13,13,target_lda,14,6,10/14,1/2/3/4/5/6/7/8/9/10/11/12/14/15/16/17/18/19/20,1/2/3/4/5/6/7/8/9/10/11/12/14/15/16/17/18/19/20,1/2/3/4/5/6/7/8/9/10/11/12/14/15/16/17/18/19/20,S013_R06_T00/S013_R06_T01/S013_R06_T02/S013_R06_T03/S013_R06_T04/S013_R06_T05/S013_R06_T06/S013_R06_T07/S013_R06_T08/S013_R06_T09/S013_R06_T10/S013_R06_T11/S013_R06_T12/S013_R06_T13,14,7,7,S013_R10_T00/S013_R10_T01/S013_R10_T02/S013_R10_T03/S013_R10_T04/S013_R10_T05/S013_R10_T06/S013_R10_T07/S013_R10_T08/S013_R10_T09/S013_R10_T10/S013_R10_T11/S013_R10_T12/S013_R10_T13/S013_R10_T14/S013_R14_T00/S013_R14_T01/S013_R14_T02/S013_R14_T03/S013_R14_T04/S013_R14_T05/S013_R14_T06/S013_R14_T07/S013_R14_T08/S013_R14_T09/S013_R14_T10/S013_R14_T11/S013_R14_T12/S013_R14_T13/S013_R14_T14,True,False,False,False,False,False,True,,14
13,13,target_lda,14,10,6/14,1/2/3/4/5/6/7/8/9/10/11/12/14/15/16/17/18/19/20,1/2/3/4/5/6/7/8/9/10/11/12/14/15/16/17/18/19/20,1/2/3/4/5/6/7/8/9/10/11/12/14/15/16/17/18/19/20,S013_R10_T00/S013_R10_T01/S013_R10_T02/S013_R10_T03/S013_R10_T04/S013_R10_T05/S013_R10_T06/S013_R10_T07/S013_R10_T08/S013_R10_T09/S013_R10_T10/S013_R10_T11/S013_R10_T12/S013_R10_T13,14,7,7,S013_R06_T00/S013_R06_T01/S013_R06_T02/S013_R06_T03/S013_R06_T04/S013_R06_T05/S013_R06_T06/S013_R06_T07/S013_R06_T08/S013_R06_T09/S013_R06_T10/S013_R06_T11/S013_R06_T12/S013_R06_T13/S013_R06_T14/S013_R14_T00/S013_R14_T01/S013_R14_T02/S013_R14_T03/S013_R14_T04/S013_R14_T05/S013_R14_T06/S013_R14_T07/S013_R14_T08/S013_R14_T09/S013_R14_T10/S013_R14_T11/S013_R14_T12/S013_R14_T13/S013_R14_T14,True,False,False,False,False,False,True,,14
13,13,target_lda,14,14,6/10,1/2/3/4/5/6/7/8/9/10/11/12/14/15/16/17/18/19/20,1/2/3/4/5/6/7/8/9/10/11/12/14/15/16/17/18/19/20,1/2/3/4/5/6/7/8/9/10/11/12/14/15/16/17/18/19/20,S013_R14_T00/S013_R14_T01/S013_R14_T02/S013_R14_T03/S013_R14_T04/S013_R14_T05/S013_R14_T06/S013_R14_T07/S013_R14_T08/S013_R14_T09/S013_R14_T10/S013_R14_T11/S013_R14_T12/S013_R14_T13,14,7,7,S013_R06_T00/S013_R06_T01/S013_R06_T02/S013_R06_T03/S013_R06_T04/S013_R06_T05/S013_R06_T06/S013_R06_T07/S013_R06_T08/S013_R06_T09/S013_R06_T10/S013_R06_T11/S013_R06_T12/S013_R06_T13/S013_R06_T14/S013_R10_T00/S013_R10_T01/S013_R10_T02/S013_R10_T03/S013_R10_T04/S013_R10_T05/S013_R10_T06/S013_R10_T07/S013_R10_T08/S013_R10_T09/S013_R10_T10/S013_R10_T11/S013_R10_T12/S013_R10_T13/S013_R10_T14,True,False,False,False,False,False,True,,14
14,14,threshold,0,6,10/14,1/2/3/4/5/6/7/8/9/10/11/12/13/15/16/17/18/19/20,1/2/3/4/5/6/7/8/9/10/11/12/13/15/16/17/18/19/20,1/2/3/4/5/6/7/8/9/10/11/12/13/15/16/17/18/19/20,,0,0,0,S014_R10_T00/S014_R10_T01/S014_R10_T02/S014_R10_T03/S014_R10_T04/S014_R10_T05/S014_R10_T06/S014_R10_T07/S014_R10_T08/S014_R10_T09/S014_R10_T10/S014_R10_T11/S014_R10_T12/S014_R10_T13/S014_R10_T14/S014_R14_T00/S014_R14_T01/S014_R14_T02/S014_R14_T03/S014_R14_T04/S014_R14_T05/S014_R14_T06/S014_R14_T07/S014_R14_T08/S014_R14_T09/S014_R14_T10/S014_R14_T11/S014_R14_T12/S014_R14_T13/S014_R14_T14,True,False,False,False,False,False,False,,0
14,14,threshold,0,10,6/14,1/2/3/4/5/6/7/8/9/10/11/12/13/15/16/17/18/19/20,1/2/3/4/5/6/7/8/9/10/11/12/13/15/16/17/18/19/20,1/2/3/4/5/6/7/8/9/10/11/12/13/15/16/17/18/19/20,,0,0,0,S014_R06_T00/S014_R06_T01/S014_R06_T02/S014_R06_T03/S014_R06_T04/S014_R06_T05/S014_R06_T06/S014_R06_T07/S014_R06_T08/S014_R06_T09/S014_R06_T10/S014_R06_T11/S014_R06_T12/S014_R06_T13/S014_R06_T14/S014_R14_T00/S014_R14_T01/S014_R14_T02/S014_R14_T03/S014_R14_T04/S014_R14_T05/S014_R14_T06/S014_R14_T07/S014_R14_T08/S014_R14_T09/S014_R14_T10/S014_R14_T11/S014_R14_T12/S014_R14_T13/S014_R14_T14,True,False,False,False,False,False,False,,0
14,14,threshold,0,14,6/10,1/2/3/4/5/6/7/8/9/10/11/12/13/15/16/17/18/19/20,1/2/3/4/5/6/7/8/9/10/11/12/13/15/16/17/18/19/20,1/2/3/4/5/6/7/8/9/10/11/12/13/15/16/17/18/19/20,,0,0,0,S014_R06_T00/S014_R06_T01/S014_R06_T02/S014_R06_T03/S014_R06_T04/S014_R06_T05/S014_R06_T06/S014_R06_T07/S014_R06_T08/S014_R06_T09/S014_R06_T10/S014_R06_T11/S014_R06_T12/S014_R06_T13/S014_R06_T14/S014_R10_T00/S014_R10_T01/S014_R10_T02/S014_R10_T03/S014_R10_T04/S014_R10_T05/S014_R10_T06/S014_R10_T07/S014_R10_T08/S014_R10_T09/S014_R10_T10/S014_R10_T11/S014_R10_T12/S014_R10_T13/S014_R10_T14,True,False,False,False,False,False,False,,0
14,14,threshold,4,6,10/14,1/2/3/4/5/6/7/8/9/10/11/12/13/15/16/17/18/19/20,1/2/3/4/5/6/7/8/9/10/11/12/13/15/16/17/18/19/20,1/2/3/4/5/6/7/8/9/10/11/12/13/15/16/17/18/19/20,S014_R06_T00/S014_R06_T01/S014_R06_T02/S014_R06_T03,4,2,2,S014_R10_T00/S014_R10_T01/S014_R10_T02/S014_R10_T03/S014_R10_T04/S014_R10_T05/S014_R10_T06/S014_R10_T07/S014_R10_T08/S014_R10_T09/S014_R10_T10/S014_R10_T11/S014_R10_T12/S014_R10_T13/S014_R10_T14/S014_R14_T00/S014_R14_T01/S014_R14_T02/S014_R14_T03/S014_R14_T04/S014_R14_T05/S014_R14_T06/S014_R14_T07/S014_R14_T08/S014_R14_T09/S014_R14_T10/S014_R14_T11/S014_R14_T12/S014_R14_T13/S014_R14_T14,True,False,False,False,False,False,True,0.29855869719001665,0
14,14,threshold,4,10,6/14,1/2/3/4/5/6/7/8/9/10/11/12/13/15/16/17/18/19/20,1/2/3/4/5/6/7/8/9/10/11/12/13/15/16/17/18/19/20,1/2/3/4/5/6/7/8/9/10/11/12/13/15/16/17/18/19/20,S014_R10_T00/S014_R10_T01/S014_R10_T02/S014_R10_T03,4,2,2,S014_R06_T00/S014_R06_T01/S014_R06_T02/S014_R06_T03/S014_R06_T04/S014_R06_T05/S014_R06_T06/S014_R06_T07/S014_R06_T08/S014_R06_T09/S014_R06_T10/S014_R06_T11/S014_R06_T12/S014_R06_T13/S014_R06_T14/S014_R14_T00/S014_R14_T01/S014_R14_T02/S014_R14_T03/S014_R14_T04/S014_R14_T05/S014_R14_T06/S014_R14_T07/S014_R14_T08/S014_R14_T09/S014_R14_T10/S014_R14_T11/S014_R14_T12/S014_R14_T13/S014_R14_T14,True,False,False,False,False,False,True,-0.1109410108256949,0
14,14,threshold,4,14,6/10,1/2/3/4/5/6/7/8/9/10/11/12/13/15/16/17/18/19/20,1/2/3/4/5/6/7/8/9/10/11/12/13/15/16/17/18/19/20,1/2/3/4/5/6/7/8/9/10/11/12/13/15/16/17/18/19/20,S014_R14_T00/S014_R14_T01/S014_R14_T02/S014_R14_T03,4,2,2,S014_R06_T00/S014_R06_T01/S014_R06_T02/S014_R06_T03/S014_R06_T04/S014_R06_T05/S014_R06_T06/S014_R06_T07/S014_R06_T08/S014_R06_T09/S014_R06_T10/S014_R06_T11/S014_R06_T12/S014_R06_T13/S014_R06_T14/S014_R10_T00/S014_R10_T01/S014_R10_T02/S014_R10_T03/S014_R10_T04/S014_R10_T05/S014_R10_T06/S014_R10_T07/S014_R10_T08/S014_R10_T09/S014_R10_T10/S014_R10_T11/S014_R10_T12/S014_R10_T13/S014_R10_T14,True,False,False,False,False,False,True,-0.3577890982617593,0
14,14,threshold,8,6,10/14,1/2/3/4/5/6/7/8/9/10/11/12/13/15/16/17/18/19/20,1/2/3/4/5/6/7/8/9/10/11/12/13/15/16/17/18/19/20,1/2/3/4/5/6/7/8/9/10/11/12/13/15/16/17/18/19/20,S014_R06_T00/S014_R06_T01/S014_R06_T02/S014_R06_T03/S014_R06_T04/S014_R06_T05/S014_R06_T06/S014_R06_T07,8,4,4,S014_R10_T00/S014_R10_T01/S014_R10_T02/S014_R10_T03/S014_R10_T04/S014_R10_T05/S014_R10_T06/S014_R10_T07/S014_R10_T08/S014_R10_T09/S014_R10_T10/S014_R10_T11/S014_R10_T12/S014_R10_T13/S014_R10_T14/S014_R14_T00/S014_R14_T01/S014_R14_T02/S014_R14_T03/S014_R14_T04/S014_R14_T05/S014_R14_T06/S014_R14_T07/S014_R14_T08/S014_R14_T09/S014_R14_T10/S014_R14_T11/S014_R14_T12/S014_R14_T13/S014_R14_T14,True,False,False,False,False,False,True,0.12230060623208601,0
14,14,threshold,8,10,6/14,1/2/3/4/5/6/7/8/9/10/11/12/13/15/16/17/18/19/20,1/2/3/4/5/6/7/8/9/10/11/12/13/15/16/17/18/19/20,1/2/3/4/5/6/7/8/9/10/11/12/13/15/16/17/18/19/20,S014_R10_T00/S014_R10_T01/S014_R10_T02/S014_R10_T03/S014_R10_T04/S014_R10_T05/S014_R10_T06/S014_R10_T07,8,4,4,S014_R06_T00/S014_R06_T01/S014_R06_T02/S014_R06_T03/S014_R06_T04/S014_R06_T05/S014_R06_T06/S014_R06_T07/S014_R06_T08/S014_R06_T09/S014_R06_T10/S014_R06_T11/S014_R06_T12/S014_R06_T13/S014_R06_T14/S014_R14_T00/S014_R14_T01/S014_R14_T02/S014_R14_T03/S014_R14_T04/S014_R14_T05/S014_R14_T06/S014_R14_T07/S014_R14_T08/S014_R14_T09/S014_R14_T10/S014_R14_T11/S014_R14_T12/S014_R14_T13/S014_R14_T14,True,False,False,False,False,False,True,0.25883412849482523,0
14,14,threshold,8,14,6/10,1/2/3/4/5/6/7/8/9/10/11/12/13/15/16/17/18/19/20,1/2/3/4/5/6/7/8/9/10/11/12/13/15/16/17/18/19/20,1/2/3/4/5/6/7/8/9/10/11/12/13/15/16/17/18/19/20,S014_R14_T00/S014_R14_T01/S014_R14_T02/S014_R14_T03/S014_R14_T04/S014_R14_T05/S014_R14_T06/S014_R14_T07,8,4,4,S014_R06_T00/S014_R06_T01/S014_R06_T02/S014_R06_T03/S014_R06_T04/S014_R06_T05/S014_R06_T06/S014_R06_T07/S014_R06_T08/S014_R06_T09/S014_R06_T10/S014_R06_T11/S014_R06_T12/S014_R06_T13/S014_R06_T14/S014_R10_T00/S014_R10_T01/S014_R10_T02/S014_R10_T03/S014_R10_T04/S014_R10_T05/S014_R10_T06/S014_R10_T07/S014_R10_T08/S014_R10_T09/S014_R10_T10/S014_R10_T11/S014_R10_T12/S014_R10_T13/S014_R10_T14,True,False,False,False,False,False,True,-0.32091098672646323,0
14,14,threshold,12,6,10/14,1/2/3/4/5/6/7/8/9/10/11/12/13/15/16/17/18/19/20,1/2/3/4/5/6/7/8/9/10/11/12/13/15/16/17/18/19/20,1/2/3/4/5/6/7/8/9/10/11/12/13/15/16/17/18/19/20,S014_R06_T00/S014_R06_T01/S014_R06_T02/S014_R06_T03/S014_R06_T04/S014_R06_T05/S014_R06_T06/S014_R06_T07/S014_R06_T08/S014_R06_T09/S014_R06_T10/S014_R06_T11,12,6,6,S014_R10_T00/S014_R10_T01/S014_R10_T02/S014_R10_T03/S014_R10_T04/S014_R10_T05/S014_R10_T06/S014_R10_T07/S014_R10_T08/S014_R10_T09/S014_R10_T10/S014_R10_T11/S014_R10_T12/S014_R10_T13/S014_R10_T14/S014_R14_T00/S014_R14_T01/S014_R14_T02/S014_R14_T03/S014_R14_T04/S014_R14_T05/S014_R14_T06/S014_R14_T07/S014_R14_T08/S014_R14_T09/S014_R14_T10/S014_R14_T11/S014_R14_T12/S014_R14_T13/S014_R14_T14,True,False,False,False,False,False,True,0.12230060623208601,0
14,14,threshold,12,10,6/14,1/2/3/4/5/6/7/8/9/10/11/12/13/15/16/17/18/19/20,1/2/3/4/5/6/7/8/9/10/11/12/13/15/16/17/18/19/20,1/2/3/4/5/6/7/8/9/10/11/12/13/15/16/17/18/19/20,S014_R10_T00/S014_R10_T01/S014_R10_T02/S014_R10_T03/S014_R10_T04/S014_R10_T05/S014_R10_T06/S014_R10_T07/S014_R10_T08/S014_R10_T09/S014_R10_T10/S014_R10_T11,12,6,6,S014_R06_T00/S014_R06_T01/S014_R06_T02/S014_R06_T03/S014_R06_T04/S014_R06_T05/S014_R06_T06/S014_R06_T07/S014_R06_T08/S014_R06_T09/S014_R06_T10/S014_R06_T11/S014_R06_T12/S014_R06_T13/S014_R06_T14/S014_R14_T00/S014_R14_T01/S014_R14_T02/S014_R14_T03/S014_R14_T04/S014_R14_T05/S014_R14_T06/S014_R14_T07/S014_R14_T08/S014_R14_T09/S014_R14_T10/S014_R14_T11/S014_R14_T12/S014_R14_T13/S014_R14_T14,True,False,False,False,False,False,True,0.25883412849482523,0
14,14,threshold,12,14,6/10,1/2/3/4/5/6/7/8/9/10/11/12/13/15/16/17/18/19/20,1/2/3/4/5/6/7/8/9/10/11/12/13/15/16/17/18/19/20,1/2/3/4/5/6/7/8/9/10/11/12/13/15/16/17/18/19/20,S014_R14_T00/S014_R14_T01/S014_R14_T02/S014_R14_T03/S014_R14_T04/S014_R14_T05/S014_R14_T06/S014_R14_T07/S014_R14_T08/S014_R14_T09/S014_R14_T10/S014_R14_T11,12,6,6,S014_R06_T00/S014_R06_T01/S014_R06_T02/S014_R06_T03/S014_R06_T04/S014_R06_T05/S014_R06_T06/S014_R06_T07/S014_R06_T08/S014_R06_T09/S014_R06_T10/S014_R06_T11/S014_R06_T12/S014_R06_T13/S014_R06_T14/S014_R10_T00/S014_R10_T01/S014_R10_T02/S014_R10_T03/S014_R10_T04/S014_R10_T05/S014_R10_T06/S014_R10_T07/S014_R10_T08/S014_R10_T09/S014_R10_T10/S014_R10_T11/S014_R10_T12/S014_R10_T13/S014_R10_T14,True,False,False,False,False,False,True,-0.28237258540362364,0
14,14,threshold,14,6,10/14,1/2/3/4/5/6/7/8/9/10/11/12/13/15/16/17/18/19/20,1/2/3/4/5/6/7/8/9/10/11/12/13/15/16/17/18/19/20,1/2/3/4/5/6/7/8/9/10/11/12/13/15/16/17/18/19/20,S014_R06_T00/S014_R06_T01/S014_R06_T02/S014_R06_T03/S014_R06_T04/S014_R06_T05/S014_R06_T06/S014_R06_T07/S014_R06_T08/S014_R06_T09/S014_R06_T10/S014_R06_T11/S014_R06_T12/S014_R06_T13,14,7,7,S014_R10_T00/S014_R10_T01/S014_R10_T02/S014_R10_T03/S014_R10_T04/S014_R10_T05/S014_R10_T06/S014_R10_T07/S014_R10_T08/S014_R10_T09/S014_R10_T10/S014_R10_T11/S014_R10_T12/S014_R10_T13/S014_R10_T14/S014_R14_T00/S014_R14_T01/S014_R14_T02/S014_R14_T03/S014_R14_T04/S014_R14_T05/S014_R14_T06/S014_R14_T07/S014_R14_T08/S014_R14_T09/S014_R14_T10/S014_R14_T11/S014_R14_T12/S014_R14_T13/S014_R14_T14,True,False,False,False,False,False,True,-0.09622089567390307,0
14,14,threshold,14,10,6/14,1/2/3/4/5/6/7/8/9/10/11/12/13/15/16/17/18/19/20,1/2/3/4/5/6/7/8/9/10/11/12/13/15/16/17/18/19/20,1/2/3/4/5/6/7/8/9/10/11/12/13/15/16/17/18/19/20,S014_R10_T00/S014_R10_T01/S014_R10_T02/S014_R10_T03/S014_R10_T04/S014_R10_T05/S014_R10_T06/S014_R10_T07/S014_R10_T08/S014_R10_T09/S014_R10_T10/S014_R10_T11/S014_R10_T12/S014_R10_T13,14,7,7,S014_R06_T00/S014_R06_T01/S014_R06_T02/S014_R06_T03/S014_R06_T04/S014_R06_T05/S014_R06_T06/S014_R06_T07/S014_R06_T08/S014_R06_T09/S014_R06_T10/S014_R06_T11/S014_R06_T12/S014_R06_T13/S014_R06_T14/S014_R14_T00/S014_R14_T01/S014_R14_T02/S014_R14_T03/S014_R14_T04/S014_R14_T05/S014_R14_T06/S014_R14_T07/S014_R14_T08/S014_R14_T09/S014_R14_T10/S014_R14_T11/S014_R14_T12/S014_R14_T13/S014_R14_T14,True,False,False,False,False,False,True,0.006136120652512088,0
14,14,threshold,14,14,6/10,1/2/3/4/5/6/7/8/9/10/11/12/13/15/16/17/18/19/20,1/2/3/4/5/6/7/8/9/10/11/12/13/15/16/17/18/19/20,1/2/3/4/5/6/7/8/9/10/11/12/13/15/16/17/18/19/20,S014_R14_T00/S014_R14_T01/S014_R14_T02/S014_R14_T03/S014_R14_T04/S014_R14_T05/S014_R14_T06/S014_R14_T07/S014_R14_T08/S014_R14_T09/S014_R14_T10/S014_R14_T11/S014_R14_T12/S014_R14_T13,14,7,7,S014_R06_T00/S014_R06_T01/S014_R06_T02/S014_R06_T03/S014_R06_T04/S014_R06_T05/S014_R06_T06/S014_R06_T07/S014_R06_T08/S014_R06_T09/S014_R06_T10/S014_R06_T11/S014_R06_T12/S014_R06_T13/S014_R06_T14/S014_R10_T00/S014_R10_T01/S014_R10_T02/S014_R10_T03/S014_R10_T04/S014_R10_T05/S014_R10_T06/S014_R10_T07/S014_R10_T08/S014_R10_T09/S014_R10_T10/S014_R10_T11/S014_R10_T12/S014_R10_T13/S014_R10_T14,True,False,False,False,False,False,True,-0.28237258540362364,0
14,14,target_lda,0,6,10/14,1/2/3/4/5/6/7/8/9/10/11/12/13/15/16/17/18/19/20,1/2/3/4/5/6/7/8/9/10/11/12/13/15/16/17/18/19/20,1/2/3/4/5/6/7/8/9/10/11/12/13/15/16/17/18/19/20,,0,0,0,S014_R10_T00/S014_R10_T01/S014_R10_T02/S014_R10_T03/S014_R10_T04/S014_R10_T05/S014_R10_T06/S014_R10_T07/S014_R10_T08/S014_R10_T09/S014_R10_T10/S014_R10_T11/S014_R10_T12/S014_R10_T13/S014_R10_T14/S014_R14_T00/S014_R14_T01/S014_R14_T02/S014_R14_T03/S014_R14_T04/S014_R14_T05/S014_R14_T06/S014_R14_T07/S014_R14_T08/S014_R14_T09/S014_R14_T10/S014_R14_T11/S014_R14_T12/S014_R14_T13/S014_R14_T14,True,False,False,False,False,False,False,,0
14,14,target_lda,0,10,6/14,1/2/3/4/5/6/7/8/9/10/11/12/13/15/16/17/18/19/20,1/2/3/4/5/6/7/8/9/10/11/12/13/15/16/17/18/19/20,1/2/3/4/5/6/7/8/9/10/11/12/13/15/16/17/18/19/20,,0,0,0,S014_R06_T00/S014_R06_T01/S014_R06_T02/S014_R06_T03/S014_R06_T04/S014_R06_T05/S014_R06_T06/S014_R06_T07/S014_R06_T08/S014_R06_T09/S014_R06_T10/S014_R06_T11/S014_R06_T12/S014_R06_T13/S014_R06_T14/S014_R14_T00/S014_R14_T01/S014_R14_T02/S014_R14_T03/S014_R14_T04/S014_R14_T05/S014_R14_T06/S014_R14_T07/S014_R14_T08/S014_R14_T09/S014_R14_T10/S014_R14_T11/S014_R14_T12/S014_R14_T13/S014_R14_T14,True,False,False,False,False,False,False,,0
14,14,target_lda,0,14,6/10,1/2/3/4/5/6/7/8/9/10/11/12/13/15/16/17/18/19/20,1/2/3/4/5/6/7/8/9/10/11/12/13/15/16/17/18/19/20,1/2/3/4/5/6/7/8/9/10/11/12/13/15/16/17/18/19/20,,0,0,0,S014_R06_T00/S014_R06_T01/S014_R06_T02/S014_R06_T03/S014_R06_T04/S014_R06_T05/S014_R06_T06/S014_R06_T07/S014_R06_T08/S014_R06_T09/S014_R06_T10/S014_R06_T11/S014_R06_T12/S014_R06_T13/S014_R06_T14/S014_R10_T00/S014_R10_T01/S014_R10_T02/S014_R10_T03/S014_R10_T04/S014_R10_T05/S014_R10_T06/S014_R10_T07/S014_R10_T08/S014_R10_T09/S014_R10_T10/S014_R10_T11/S014_R10_T12/S014_R10_T13/S014_R10_T14,True,False,False,False,False,False,False,,0
14,14,target_lda,4,6,10/14,1/2/3/4/5/6/7/8/9/10/11/12/13/15/16/17/18/19/20,1/2/3/4/5/6/7/8/9/10/11/12/13/15/16/17/18/19/20,1/2/3/4/5/6/7/8/9/10/11/12/13/15/16/17/18/19/20,S014_R06_T00/S014_R06_T01/S014_R06_T02/S014_R06_T03,4,2,2,S014_R10_T00/S014_R10_T01/S014_R10_T02/S014_R10_T03/S014_R10_T04/S014_R10_T05/S014_R10_T06/S014_R10_T07/S014_R10_T08/S014_R10_T09/S014_R10_T10/S014_R10_T11/S014_R10_T12/S014_R10_T13/S014_R10_T14/S014_R14_T00/S014_R14_T01/S014_R14_T02/S014_R14_T03/S014_R14_T04/S014_R14_T05/S014_R14_T06/S014_R14_T07/S014_R14_T08/S014_R14_T09/S014_R14_T10/S014_R14_T11/S014_R14_T12/S014_R14_T13/S014_R14_T14,True,False,False,False,False,False,True,,4
14,14,target_lda,4,10,6/14,1/2/3/4/5/6/7/8/9/10/11/12/13/15/16/17/18/19/20,1/2/3/4/5/6/7/8/9/10/11/12/13/15/16/17/18/19/20,1/2/3/4/5/6/7/8/9/10/11/12/13/15/16/17/18/19/20,S014_R10_T00/S014_R10_T01/S014_R10_T02/S014_R10_T03,4,2,2,S014_R06_T00/S014_R06_T01/S014_R06_T02/S014_R06_T03/S014_R06_T04/S014_R06_T05/S014_R06_T06/S014_R06_T07/S014_R06_T08/S014_R06_T09/S014_R06_T10/S014_R06_T11/S014_R06_T12/S014_R06_T13/S014_R06_T14/S014_R14_T00/S014_R14_T01/S014_R14_T02/S014_R14_T03/S014_R14_T04/S014_R14_T05/S014_R14_T06/S014_R14_T07/S014_R14_T08/S014_R14_T09/S014_R14_T10/S014_R14_T11/S014_R14_T12/S014_R14_T13/S014_R14_T14,True,False,False,False,False,False,True,,4
14,14,target_lda,4,14,6/10,1/2/3/4/5/6/7/8/9/10/11/12/13/15/16/17/18/19/20,1/2/3/4/5/6/7/8/9/10/11/12/13/15/16/17/18/19/20,1/2/3/4/5/6/7/8/9/10/11/12/13/15/16/17/18/19/20,S014_R14_T00/S014_R14_T01/S014_R14_T02/S014_R14_T03,4,2,2,S014_R06_T00/S014_R06_T01/S014_R06_T02/S014_R06_T03/S014_R06_T04/S014_R06_T05/S014_R06_T06/S014_R06_T07/S014_R06_T08/S014_R06_T09/S014_R06_T10/S014_R06_T11/S014_R06_T12/S014_R06_T13/S014_R06_T14/S014_R10_T00/S014_R10_T01/S014_R10_T02/S014_R10_T03/S014_R10_T04/S014_R10_T05/S014_R10_T06/S014_R10_T07/S014_R10_T08/S014_R10_T09/S014_R10_T10/S014_R10_T11/S014_R10_T12/S014_R10_T13/S014_R10_T14,True,False,False,False,False,False,True,,4
14,14,target_lda,8,6,10/14,1/2/3/4/5/6/7/8/9/10/11/12/13/15/16/17/18/19/20,1/2/3/4/5/6/7/8/9/10/11/12/13/15/16/17/18/19/20,1/2/3/4/5/6/7/8/9/10/11/12/13/15/16/17/18/19/20,S014_R06_T00/S014_R06_T01/S014_R06_T02/S014_R06_T03/S014_R06_T04/S014_R06_T05/S014_R06_T06/S014_R06_T07,8,4,4,S014_R10_T00/S014_R10_T01/S014_R10_T02/S014_R10_T03/S014_R10_T04/S014_R10_T05/S014_R10_T06/S014_R10_T07/S014_R10_T08/S014_R10_T09/S014_R10_T10/S014_R10_T11/S014_R10_T12/S014_R10_T13/S014_R10_T14/S014_R14_T00/S014_R14_T01/S014_R14_T02/S014_R14_T03/S014_R14_T04/S014_R14_T05/S014_R14_T06/S014_R14_T07/S014_R14_T08/S014_R14_T09/S014_R14_T10/S014_R14_T11/S014_R14_T12/S014_R14_T13/S014_R14_T14,True,False,False,False,False,False,True,,8
14,14,target_lda,8,10,6/14,1/2/3/4/5/6/7/8/9/10/11/12/13/15/16/17/18/19/20,1/2/3/4/5/6/7/8/9/10/11/12/13/15/16/17/18/19/20,1/2/3/4/5/6/7/8/9/10/11/12/13/15/16/17/18/19/20,S014_R10_T00/S014_R10_T01/S014_R10_T02/S014_R10_T03/S014_R10_T04/S014_R10_T05/S014_R10_T06/S014_R10_T07,8,4,4,S014_R06_T00/S014_R06_T01/S014_R06_T02/S014_R06_T03/S014_R06_T04/S014_R06_T05/S014_R06_T06/S014_R06_T07/S014_R06_T08/S014_R06_T09/S014_R06_T10/S014_R06_T11/S014_R06_T12/S014_R06_T13/S014_R06_T14/S014_R14_T00/S014_R14_T01/S014_R14_T02/S014_R14_T03/S014_R14_T04/S014_R14_T05/S014_R14_T06/S014_R14_T07/S014_R14_T08/S014_R14_T09/S014_R14_T10/S014_R14_T11/S014_R14_T12/S014_R14_T13/S014_R14_T14,True,False,False,False,False,False,True,,8
14,14,target_lda,8,14,6/10,1/2/3/4/5/6/7/8/9/10/11/12/13/15/16/17/18/19/20,1/2/3/4/5/6/7/8/9/10/11/12/13/15/16/17/18/19/20,1/2/3/4/5/6/7/8/9/10/11/12/13/15/16/17/18/19/20,S014_R14_T00/S014_R14_T01/S014_R14_T02/S014_R14_T03/S014_R14_T04/S014_R14_T05/S014_R14_T06/S014_R14_T07,8,4,4,S014_R06_T00/S014_R06_T01/S014_R06_T02/S014_R06_T03/S014_R06_T04/S014_R06_T05/S014_R06_T06/S014_R06_T07/S014_R06_T08/S014_R06_T09/S014_R06_T10/S014_R06_T11/S014_R06_T12/S014_R06_T13/S014_R06_T14/S014_R10_T00/S014_R10_T01/S014_R10_T02/S014_R10_T03/S014_R10_T04/S014_R10_T05/S014_R10_T06/S014_R10_T07/S014_R10_T08/S014_R10_T09/S014_R10_T10/S014_R10_T11/S014_R10_T12/S014_R10_T13/S014_R10_T14,True,False,False,False,False,False,True,,8
14,14,target_lda,12,6,10/14,1/2/3/4/5/6/7/8/9/10/11/12/13/15/16/17/18/19/20,1/2/3/4/5/6/7/8/9/10/11/12/13/15/16/17/18/19/20,1/2/3/4/5/6/7/8/9/10/11/12/13/15/16/17/18/19/20,S014_R06_T00/S014_R06_T01/S014_R06_T02/S014_R06_T03/S014_R06_T04/S014_R06_T05/S014_R06_T06/S014_R06_T07/S014_R06_T08/S014_R06_T09/S014_R06_T10/S014_R06_T11,12,6,6,S014_R10_T00/S014_R10_T01/S014_R10_T02/S014_R10_T03/S014_R10_T04/S014_R10_T05/S014_R10_T06/S014_R10_T07/S014_R10_T08/S014_R10_T09/S014_R10_T10/S014_R10_T11/S014_R10_T12/S014_R10_T13/S014_R10_T14/S014_R14_T00/S014_R14_T01/S014_R14_T02/S014_R14_T03/S014_R14_T04/S014_R14_T05/S014_R14_T06/S014_R14_T07/S014_R14_T08/S014_R14_T09/S014_R14_T10/S014_R14_T11/S014_R14_T12/S014_R14_T13/S014_R14_T14,True,False,False,False,False,False,True,,12
14,14,target_lda,12,10,6/14,1/2/3/4/5/6/7/8/9/10/11/12/13/15/16/17/18/19/20,1/2/3/4/5/6/7/8/9/10/11/12/13/15/16/17/18/19/20,1/2/3/4/5/6/7/8/9/10/11/12/13/15/16/17/18/19/20,S014_R10_T00/S014_R10_T01/S014_R10_T02/S014_R10_T03/S014_R10_T04/S014_R10_T05/S014_R10_T06/S014_R10_T07/S014_R10_T08/S014_R10_T09/S014_R10_T10/S014_R10_T11,12,6,6,S014_R06_T00/S014_R06_T01/S014_R06_T02/S014_R06_T03/S014_R06_T04/S014_R06_T05/S014_R06_T06/S014_R06_T07/S014_R06_T08/S014_R06_T09/S014_R06_T10/S014_R06_T11/S014_R06_T12/S014_R06_T13/S014_R06_T14/S014_R14_T00/S014_R14_T01/S014_R14_T02/S014_R14_T03/S014_R14_T04/S014_R14_T05/S014_R14_T06/S014_R14_T07/S014_R14_T08/S014_R14_T09/S014_R14_T10/S014_R14_T11/S014_R14_T12/S014_R14_T13/S014_R14_T14,True,False,False,False,False,False,True,,12
14,14,target_lda,12,14,6/10,1/2/3/4/5/6/7/8/9/10/11/12/13/15/16/17/18/19/20,1/2/3/4/5/6/7/8/9/10/11/12/13/15/16/17/18/19/20,1/2/3/4/5/6/7/8/9/10/11/12/13/15/16/17/18/19/20,S014_R14_T00/S014_R14_T01/S014_R14_T02/S014_R14_T03/S014_R14_T04/S014_R14_T05/S014_R14_T06/S014_R14_T07/S014_R14_T08/S014_R14_T09/S014_R14_T10/S014_R14_T11,12,6,6,S014_R06_T00/S014_R06_T01/S014_R06_T02/S014_R06_T03/S014_R06_T04/S014_R06_T05/S014_R06_T06/S014_R06_T07/S014_R06_T08/S014_R06_T09/S014_R06_T10/S014_R06_T11/S014_R06_T12/S014_R06_T13/S014_R06_T14/S014_R10_T00/S014_R10_T01/S014_R10_T02/S014_R10_T03/S014_R10_T04/S014_R10_T05/S014_R10_T06/S014_R10_T07/S014_R10_T08/S014_R10_T09/S014_R10_T10/S014_R10_T11/S014_R10_T12/S014_R10_T13/S014_R10_T14,True,False,False,False,False,False,True,,12
14,14,target_lda,14,6,10/14,1/2/3/4/5/6/7/8/9/10/11/12/13/15/16/17/18/19/20,1/2/3/4/5/6/7/8/9/10/11/12/13/15/16/17/18/19/20,1/2/3/4/5/6/7/8/9/10/11/12/13/15/16/17/18/19/20,S014_R06_T00/S014_R06_T01/S014_R06_T02/S014_R06_T03/S014_R06_T04/S014_R06_T05/S014_R06_T06/S014_R06_T07/S014_R06_T08/S014_R06_T09/S014_R06_T10/S014_R06_T11/S014_R06_T12/S014_R06_T13,14,7,7,S014_R10_T00/S014_R10_T01/S014_R10_T02/S014_R10_T03/S014_R10_T04/S014_R10_T05/S014_R10_T06/S014_R10_T07/S014_R10_T08/S014_R10_T09/S014_R10_T10/S014_R10_T11/S014_R10_T12/S014_R10_T13/S014_R10_T14/S014_R14_T00/S014_R14_T01/S014_R14_T02/S014_R14_T03/S014_R14_T04/S014_R14_T05/S014_R14_T06/S014_R14_T07/S014_R14_T08/S014_R14_T09/S014_R14_T10/S014_R14_T11/S014_R14_T12/S014_R14_T13/S014_R14_T14,True,False,False,False,False,False,True,,14
14,14,target_lda,14,10,6/14,1/2/3/4/5/6/7/8/9/10/11/12/13/15/16/17/18/19/20,1/2/3/4/5/6/7/8/9/10/11/12/13/15/16/17/18/19/20,1/2/3/4/5/6/7/8/9/10/11/12/13/15/16/17/18/19/20,S014_R10_T00/S014_R10_T01/S014_R10_T02/S014_R10_T03/S014_R10_T04/S014_R10_T05/S014_R10_T06/S014_R10_T07/S014_R10_T08/S014_R10_T09/S014_R10_T10/S014_R10_T11/S014_R10_T12/S014_R10_T13,14,7,7,S014_R06_T00/S014_R06_T01/S014_R06_T02/S014_R06_T03/S014_R06_T04/S014_R06_T05/S014_R06_T06/S014_R06_T07/S014_R06_T08/S014_R06_T09/S014_R06_T10/S014_R06_T11/S014_R06_T12/S014_R06_T13/S014_R06_T14/S014_R14_T00/S014_R14_T01/S014_R14_T02/S014_R14_T03/S014_R14_T04/S014_R14_T05/S014_R14_T06/S014_R14_T07/S014_R14_T08/S014_R14_T09/S014_R14_T10/S014_R14_T11/S014_R14_T12/S014_R14_T13/S014_R14_T14,True,False,False,False,False,False,True,,14
14,14,target_lda,14,14,6/10,1/2/3/4/5/6/7/8/9/10/11/12/13/15/16/17/18/19/20,1/2/3/4/5/6/7/8/9/10/11/12/13/15/16/17/18/19/20,1/2/3/4/5/6/7/8/9/10/11/12/13/15/16/17/18/19/20,S014_R14_T00/S014_R14_T01/S014_R14_T02/S014_R14_T03/S014_R14_T04/S014_R14_T05/S014_R14_T06/S014_R14_T07/S014_R14_T08/S014_R14_T09/S014_R14_T10/S014_R14_T11/S014_R14_T12/S014_R14_T13,14,7,7,S014_R06_T00/S014_R06_T01/S014_R06_T02/S014_R06_T03/S014_R06_T04/S014_R06_T05/S014_R06_T06/S014_R06_T07/S014_R06_T08/S014_R06_T09/S014_R06_T10/S014_R06_T11/S014_R06_T12/S014_R06_T13/S014_R06_T14/S014_R10_T00/S014_R10_T01/S014_R10_T02/S014_R10_T03/S014_R10_T04/S014_R10_T05/S014_R10_T06/S014_R10_T07/S014_R10_T08/S014_R10_T09/S014_R10_T10/S014_R10_T11/S014_R10_T12/S014_R10_T13/S014_R10_T14,True,False,False,False,False,False,True,,14
15,15,threshold,0,6,10/14,1/2/3/4/5/6/7/8/9/10/11/12/13/14/16/17/18/19/20,1/2/3/4/5/6/7/8/9/10/11/12/13/14/16/17/18/19/20,1/2/3/4/5/6/7/8/9/10/11/12/13/14/16/17/18/19/20,,0,0,0,S015_R10_T00/S015_R10_T01/S015_R10_T02/S015_R10_T03/S015_R10_T04/S015_R10_T05/S015_R10_T06/S015_R10_T07/S015_R10_T08/S015_R10_T09/S015_R10_T10/S015_R10_T11/S015_R10_T12/S015_R10_T13/S015_R10_T14/S015_R14_T00/S015_R14_T01/S015_R14_T02/S015_R14_T03/S015_R14_T04/S015_R14_T05/S015_R14_T06/S015_R14_T07/S015_R14_T08/S015_R14_T09/S015_R14_T10/S015_R14_T11/S015_R14_T12/S015_R14_T13/S015_R14_T14,True,False,False,False,False,False,False,,0
15,15,threshold,0,10,6/14,1/2/3/4/5/6/7/8/9/10/11/12/13/14/16/17/18/19/20,1/2/3/4/5/6/7/8/9/10/11/12/13/14/16/17/18/19/20,1/2/3/4/5/6/7/8/9/10/11/12/13/14/16/17/18/19/20,,0,0,0,S015_R06_T00/S015_R06_T01/S015_R06_T02/S015_R06_T03/S015_R06_T04/S015_R06_T05/S015_R06_T06/S015_R06_T07/S015_R06_T08/S015_R06_T09/S015_R06_T10/S015_R06_T11/S015_R06_T12/S015_R06_T13/S015_R06_T14/S015_R14_T00/S015_R14_T01/S015_R14_T02/S015_R14_T03/S015_R14_T04/S015_R14_T05/S015_R14_T06/S015_R14_T07/S015_R14_T08/S015_R14_T09/S015_R14_T10/S015_R14_T11/S015_R14_T12/S015_R14_T13/S015_R14_T14,True,False,False,False,False,False,False,,0
15,15,threshold,0,14,6/10,1/2/3/4/5/6/7/8/9/10/11/12/13/14/16/17/18/19/20,1/2/3/4/5/6/7/8/9/10/11/12/13/14/16/17/18/19/20,1/2/3/4/5/6/7/8/9/10/11/12/13/14/16/17/18/19/20,,0,0,0,S015_R06_T00/S015_R06_T01/S015_R06_T02/S015_R06_T03/S015_R06_T04/S015_R06_T05/S015_R06_T06/S015_R06_T07/S015_R06_T08/S015_R06_T09/S015_R06_T10/S015_R06_T11/S015_R06_T12/S015_R06_T13/S015_R06_T14/S015_R10_T00/S015_R10_T01/S015_R10_T02/S015_R10_T03/S015_R10_T04/S015_R10_T05/S015_R10_T06/S015_R10_T07/S015_R10_T08/S015_R10_T09/S015_R10_T10/S015_R10_T11/S015_R10_T12/S015_R10_T13/S015_R10_T14,True,False,False,False,False,False,False,,0
15,15,threshold,4,6,10/14,1/2/3/4/5/6/7/8/9/10/11/12/13/14/16/17/18/19/20,1/2/3/4/5/6/7/8/9/10/11/12/13/14/16/17/18/19/20,1/2/3/4/5/6/7/8/9/10/11/12/13/14/16/17/18/19/20,S015_R06_T00/S015_R06_T01/S015_R06_T02/S015_R06_T03,4,2,2,S015_R10_T00/S015_R10_T01/S015_R10_T02/S015_R10_T03/S015_R10_T04/S015_R10_T05/S015_R10_T06/S015_R10_T07/S015_R10_T08/S015_R10_T09/S015_R10_T10/S015_R10_T11/S015_R10_T12/S015_R10_T13/S015_R10_T14/S015_R14_T00/S015_R14_T01/S015_R14_T02/S015_R14_T03/S015_R14_T04/S015_R14_T05/S015_R14_T06/S015_R14_T07/S015_R14_T08/S015_R14_T09/S015_R14_T10/S015_R14_T11/S015_R14_T12/S015_R14_T13/S015_R14_T14,True,False,False,False,False,False,True,-0.080465921967802,0
15,15,threshold,4,10,6/14,1/2/3/4/5/6/7/8/9/10/11/12/13/14/16/17/18/19/20,1/2/3/4/5/6/7/8/9/10/11/12/13/14/16/17/18/19/20,1/2/3/4/5/6/7/8/9/10/11/12/13/14/16/17/18/19/20,S015_R10_T00/S015_R10_T01/S015_R10_T02/S015_R10_T03,4,2,2,S015_R06_T00/S015_R06_T01/S015_R06_T02/S015_R06_T03/S015_R06_T04/S015_R06_T05/S015_R06_T06/S015_R06_T07/S015_R06_T08/S015_R06_T09/S015_R06_T10/S015_R06_T11/S015_R06_T12/S015_R06_T13/S015_R06_T14/S015_R14_T00/S015_R14_T01/S015_R14_T02/S015_R14_T03/S015_R14_T04/S015_R14_T05/S015_R14_T06/S015_R14_T07/S015_R14_T08/S015_R14_T09/S015_R14_T10/S015_R14_T11/S015_R14_T12/S015_R14_T13/S015_R14_T14,True,False,False,False,False,False,True,0.11959506404383663,0
15,15,threshold,4,14,6/10,1/2/3/4/5/6/7/8/9/10/11/12/13/14/16/17/18/19/20,1/2/3/4/5/6/7/8/9/10/11/12/13/14/16/17/18/19/20,1/2/3/4/5/6/7/8/9/10/11/12/13/14/16/17/18/19/20,S015_R14_T00/S015_R14_T01/S015_R14_T02/S015_R14_T03,4,2,2,S015_R06_T00/S015_R06_T01/S015_R06_T02/S015_R06_T03/S015_R06_T04/S015_R06_T05/S015_R06_T06/S015_R06_T07/S015_R06_T08/S015_R06_T09/S015_R06_T10/S015_R06_T11/S015_R06_T12/S015_R06_T13/S015_R06_T14/S015_R10_T00/S015_R10_T01/S015_R10_T02/S015_R10_T03/S015_R10_T04/S015_R10_T05/S015_R10_T06/S015_R10_T07/S015_R10_T08/S015_R10_T09/S015_R10_T10/S015_R10_T11/S015_R10_T12/S015_R10_T13/S015_R10_T14,True,False,False,False,False,False,True,-0.04751626999190922,0
15,15,threshold,8,6,10/14,1/2/3/4/5/6/7/8/9/10/11/12/13/14/16/17/18/19/20,1/2/3/4/5/6/7/8/9/10/11/12/13/14/16/17/18/19/20,1/2/3/4/5/6/7/8/9/10/11/12/13/14/16/17/18/19/20,S015_R06_T00/S015_R06_T01/S015_R06_T02/S015_R06_T03/S015_R06_T04/S015_R06_T05/S015_R06_T06/S015_R06_T07,8,4,4,S015_R10_T00/S015_R10_T01/S015_R10_T02/S015_R10_T03/S015_R10_T04/S015_R10_T05/S015_R10_T06/S015_R10_T07/S015_R10_T08/S015_R10_T09/S015_R10_T10/S015_R10_T11/S015_R10_T12/S015_R10_T13/S015_R10_T14/S015_R14_T00/S015_R14_T01/S015_R14_T02/S015_R14_T03/S015_R14_T04/S015_R14_T05/S015_R14_T06/S015_R14_T07/S015_R14_T08/S015_R14_T09/S015_R14_T10/S015_R14_T11/S015_R14_T12/S015_R14_T13/S015_R14_T14,True,False,False,False,False,False,True,-0.28519511733339975,0
15,15,threshold,8,10,6/14,1/2/3/4/5/6/7/8/9/10/11/12/13/14/16/17/18/19/20,1/2/3/4/5/6/7/8/9/10/11/12/13/14/16/17/18/19/20,1/2/3/4/5/6/7/8/9/10/11/12/13/14/16/17/18/19/20,S015_R10_T00/S015_R10_T01/S015_R10_T02/S015_R10_T03/S015_R10_T04/S015_R10_T05/S015_R10_T06/S015_R10_T07,8,4,4,S015_R06_T00/S015_R06_T01/S015_R06_T02/S015_R06_T03/S015_R06_T04/S015_R06_T05/S015_R06_T06/S015_R06_T07/S015_R06_T08/S015_R06_T09/S015_R06_T10/S015_R06_T11/S015_R06_T12/S015_R06_T13/S015_R06_T14/S015_R14_T00/S015_R14_T01/S015_R14_T02/S015_R14_T03/S015_R14_T04/S015_R14_T05/S015_R14_T06/S015_R14_T07/S015_R14_T08/S015_R14_T09/S015_R14_T10/S015_R14_T11/S015_R14_T12/S015_R14_T13/S015_R14_T14,True,False,False,False,False,False,True,-0.030940160751318835,0
15,15,threshold,8,14,6/10,1/2/3/4/5/6/7/8/9/10/11/12/13/14/16/17/18/19/20,1/2/3/4/5/6/7/8/9/10/11/12/13/14/16/17/18/19/20,1/2/3/4/5/6/7/8/9/10/11/12/13/14/16/17/18/19/20,S015_R14_T00/S015_R14_T01/S015_R14_T02/S015_R14_T03/S015_R14_T04/S015_R14_T05/S015_R14_T06/S015_R14_T07,8,4,4,S015_R06_T00/S015_R06_T01/S015_R06_T02/S015_R06_T03/S015_R06_T04/S015_R06_T05/S015_R06_T06/S015_R06_T07/S015_R06_T08/S015_R06_T09/S015_R06_T10/S015_R06_T11/S015_R06_T12/S015_R06_T13/S015_R06_T14/S015_R10_T00/S015_R10_T01/S015_R10_T02/S015_R10_T03/S015_R10_T04/S015_R10_T05/S015_R10_T06/S015_R10_T07/S015_R10_T08/S015_R10_T09/S015_R10_T10/S015_R10_T11/S015_R10_T12/S015_R10_T13/S015_R10_T14,True,False,False,False,False,False,True,-0.17059972076348096,0
15,15,threshold,12,6,10/14,1/2/3/4/5/6/7/8/9/10/11/12/13/14/16/17/18/19/20,1/2/3/4/5/6/7/8/9/10/11/12/13/14/16/17/18/19/20,1/2/3/4/5/6/7/8/9/10/11/12/13/14/16/17/18/19/20,S015_R06_T00/S015_R06_T01/S015_R06_T02/S015_R06_T03/S015_R06_T04/S015_R06_T05/S015_R06_T06/S015_R06_T07/S015_R06_T08/S015_R06_T09/S015_R06_T10/S015_R06_T11,12,6,6,S015_R10_T00/S015_R10_T01/S015_R10_T02/S015_R10_T03/S015_R10_T04/S015_R10_T05/S015_R10_T06/S015_R10_T07/S015_R10_T08/S015_R10_T09/S015_R10_T10/S015_R10_T11/S015_R10_T12/S015_R10_T13/S015_R10_T14/S015_R14_T00/S015_R14_T01/S015_R14_T02/S015_R14_T03/S015_R14_T04/S015_R14_T05/S015_R14_T06/S015_R14_T07/S015_R14_T08/S015_R14_T09/S015_R14_T10/S015_R14_T11/S015_R14_T12/S015_R14_T13/S015_R14_T14,True,False,False,False,False,False,True,-0.28519511733339975,0
15,15,threshold,12,10,6/14,1/2/3/4/5/6/7/8/9/10/11/12/13/14/16/17/18/19/20,1/2/3/4/5/6/7/8/9/10/11/12/13/14/16/17/18/19/20,1/2/3/4/5/6/7/8/9/10/11/12/13/14/16/17/18/19/20,S015_R10_T00/S015_R10_T01/S015_R10_T02/S015_R10_T03/S015_R10_T04/S015_R10_T05/S015_R10_T06/S015_R10_T07/S015_R10_T08/S015_R10_T09/S015_R10_T10/S015_R10_T11,12,6,6,S015_R06_T00/S015_R06_T01/S015_R06_T02/S015_R06_T03/S015_R06_T04/S015_R06_T05/S015_R06_T06/S015_R06_T07/S015_R06_T08/S015_R06_T09/S015_R06_T10/S015_R06_T11/S015_R06_T12/S015_R06_T13/S015_R06_T14/S015_R14_T00/S015_R14_T01/S015_R14_T02/S015_R14_T03/S015_R14_T04/S015_R14_T05/S015_R14_T06/S015_R14_T07/S015_R14_T08/S015_R14_T09/S015_R14_T10/S015_R14_T11/S015_R14_T12/S015_R14_T13/S015_R14_T14,True,False,False,False,False,False,True,-0.030940160751318835,0
15,15,threshold,12,14,6/10,1/2/3/4/5/6/7/8/9/10/11/12/13/14/16/17/18/19/20,1/2/3/4/5/6/7/8/9/10/11/12/13/14/16/17/18/19/20,1/2/3/4/5/6/7/8/9/10/11/12/13/14/16/17/18/19/20,S015_R14_T00/S015_R14_T01/S015_R14_T02/S015_R14_T03/S015_R14_T04/S015_R14_T05/S015_R14_T06/S015_R14_T07/S015_R14_T08/S015_R14_T09/S015_R14_T10/S015_R14_T11,12,6,6,S015_R06_T00/S015_R06_T01/S015_R06_T02/S015_R06_T03/S015_R06_T04/S015_R06_T05/S015_R06_T06/S015_R06_T07/S015_R06_T08/S015_R06_T09/S015_R06_T10/S015_R06_T11/S015_R06_T12/S015_R06_T13/S015_R06_T14/S015_R10_T00/S015_R10_T01/S015_R10_T02/S015_R10_T03/S015_R10_T04/S015_R10_T05/S015_R10_T06/S015_R10_T07/S015_R10_T08/S015_R10_T09/S015_R10_T10/S015_R10_T11/S015_R10_T12/S015_R10_T13/S015_R10_T14,True,False,False,False,False,False,True,-0.17059972076348096,0
15,15,threshold,14,6,10/14,1/2/3/4/5/6/7/8/9/10/11/12/13/14/16/17/18/19/20,1/2/3/4/5/6/7/8/9/10/11/12/13/14/16/17/18/19/20,1/2/3/4/5/6/7/8/9/10/11/12/13/14/16/17/18/19/20,S015_R06_T00/S015_R06_T01/S015_R06_T02/S015_R06_T03/S015_R06_T04/S015_R06_T05/S015_R06_T06/S015_R06_T07/S015_R06_T08/S015_R06_T09/S015_R06_T10/S015_R06_T11/S015_R06_T12/S015_R06_T13,14,7,7,S015_R10_T00/S015_R10_T01/S015_R10_T02/S015_R10_T03/S015_R10_T04/S015_R10_T05/S015_R10_T06/S015_R10_T07/S015_R10_T08/S015_R10_T09/S015_R10_T10/S015_R10_T11/S015_R10_T12/S015_R10_T13/S015_R10_T14/S015_R14_T00/S015_R14_T01/S015_R14_T02/S015_R14_T03/S015_R14_T04/S015_R14_T05/S015_R14_T06/S015_R14_T07/S015_R14_T08/S015_R14_T09/S015_R14_T10/S015_R14_T11/S015_R14_T12/S015_R14_T13/S015_R14_T14,True,False,False,False,False,False,True,-0.0842975682944348,0
15,15,threshold,14,10,6/14,1/2/3/4/5/6/7/8/9/10/11/12/13/14/16/17/18/19/20,1/2/3/4/5/6/7/8/9/10/11/12/13/14/16/17/18/19/20,1/2/3/4/5/6/7/8/9/10/11/12/13/14/16/17/18/19/20,S015_R10_T00/S015_R10_T01/S015_R10_T02/S015_R10_T03/S015_R10_T04/S015_R10_T05/S015_R10_T06/S015_R10_T07/S015_R10_T08/S015_R10_T09/S015_R10_T10/S015_R10_T11/S015_R10_T12/S015_R10_T13,14,7,7,S015_R06_T00/S015_R06_T01/S015_R06_T02/S015_R06_T03/S015_R06_T04/S015_R06_T05/S015_R06_T06/S015_R06_T07/S015_R06_T08/S015_R06_T09/S015_R06_T10/S015_R06_T11/S015_R06_T12/S015_R06_T13/S015_R06_T14/S015_R14_T00/S015_R14_T01/S015_R14_T02/S015_R14_T03/S015_R14_T04/S015_R14_T05/S015_R14_T06/S015_R14_T07/S015_R14_T08/S015_R14_T09/S015_R14_T10/S015_R14_T11/S015_R14_T12/S015_R14_T13/S015_R14_T14,True,False,False,False,False,False,True,-0.030940160751318835,0
15,15,threshold,14,14,6/10,1/2/3/4/5/6/7/8/9/10/11/12/13/14/16/17/18/19/20,1/2/3/4/5/6/7/8/9/10/11/12/13/14/16/17/18/19/20,1/2/3/4/5/6/7/8/9/10/11/12/13/14/16/17/18/19/20,S015_R14_T00/S015_R14_T01/S015_R14_T02/S015_R14_T03/S015_R14_T04/S015_R14_T05/S015_R14_T06/S015_R14_T07/S015_R14_T08/S015_R14_T09/S015_R14_T10/S015_R14_T11/S015_R14_T12/S015_R14_T13,14,7,7,S015_R06_T00/S015_R06_T01/S015_R06_T02/S015_R06_T03/S015_R06_T04/S015_R06_T05/S015_R06_T06/S015_R06_T07/S015_R06_T08/S015_R06_T09/S015_R06_T10/S015_R06_T11/S015_R06_T12/S015_R06_T13/S015_R06_T14/S015_R10_T00/S015_R10_T01/S015_R10_T02/S015_R10_T03/S015_R10_T04/S015_R10_T05/S015_R10_T06/S015_R10_T07/S015_R10_T08/S015_R10_T09/S015_R10_T10/S015_R10_T11/S015_R10_T12/S015_R10_T13/S015_R10_T14,True,False,False,False,False,False,True,-0.17059972076348096,0
15,15,target_lda,0,6,10/14,1/2/3/4/5/6/7/8/9/10/11/12/13/14/16/17/18/19/20,1/2/3/4/5/6/7/8/9/10/11/12/13/14/16/17/18/19/20,1/2/3/4/5/6/7/8/9/10/11/12/13/14/16/17/18/19/20,,0,0,0,S015_R10_T00/S015_R10_T01/S015_R10_T02/S015_R10_T03/S015_R10_T04/S015_R10_T05/S015_R10_T06/S015_R10_T07/S015_R10_T08/S015_R10_T09/S015_R10_T10/S015_R10_T11/S015_R10_T12/S015_R10_T13/S015_R10_T14/S015_R14_T00/S015_R14_T01/S015_R14_T02/S015_R14_T03/S015_R14_T04/S015_R14_T05/S015_R14_T06/S015_R14_T07/S015_R14_T08/S015_R14_T09/S015_R14_T10/S015_R14_T11/S015_R14_T12/S015_R14_T13/S015_R14_T14,True,False,False,False,False,False,False,,0
15,15,target_lda,0,10,6/14,1/2/3/4/5/6/7/8/9/10/11/12/13/14/16/17/18/19/20,1/2/3/4/5/6/7/8/9/10/11/12/13/14/16/17/18/19/20,1/2/3/4/5/6/7/8/9/10/11/12/13/14/16/17/18/19/20,,0,0,0,S015_R06_T00/S015_R06_T01/S015_R06_T02/S015_R06_T03/S015_R06_T04/S015_R06_T05/S015_R06_T06/S015_R06_T07/S015_R06_T08/S015_R06_T09/S015_R06_T10/S015_R06_T11/S015_R06_T12/S015_R06_T13/S015_R06_T14/S015_R14_T00/S015_R14_T01/S015_R14_T02/S015_R14_T03/S015_R14_T04/S015_R14_T05/S015_R14_T06/S015_R14_T07/S015_R14_T08/S015_R14_T09/S015_R14_T10/S015_R14_T11/S015_R14_T12/S015_R14_T13/S015_R14_T14,True,False,False,False,False,False,False,,0
15,15,target_lda,0,14,6/10,1/2/3/4/5/6/7/8/9/10/11/12/13/14/16/17/18/19/20,1/2/3/4/5/6/7/8/9/10/11/12/13/14/16/17/18/19/20,1/2/3/4/5/6/7/8/9/10/11/12/13/14/16/17/18/19/20,,0,0,0,S015_R06_T00/S015_R06_T01/S015_R06_T02/S015_R06_T03/S015_R06_T04/S015_R06_T05/S015_R06_T06/S015_R06_T07/S015_R06_T08/S015_R06_T09/S015_R06_T10/S015_R06_T11/S015_R06_T12/S015_R06_T13/S015_R06_T14/S015_R10_T00/S015_R10_T01/S015_R10_T02/S015_R10_T03/S015_R10_T04/S015_R10_T05/S015_R10_T06/S015_R10_T07/S015_R10_T08/S015_R10_T09/S015_R10_T10/S015_R10_T11/S015_R10_T12/S015_R10_T13/S015_R10_T14,True,False,False,False,False,False,False,,0
15,15,target_lda,4,6,10/14,1/2/3/4/5/6/7/8/9/10/11/12/13/14/16/17/18/19/20,1/2/3/4/5/6/7/8/9/10/11/12/13/14/16/17/18/19/20,1/2/3/4/5/6/7/8/9/10/11/12/13/14/16/17/18/19/20,S015_R06_T00/S015_R06_T01/S015_R06_T02/S015_R06_T03,4,2,2,S015_R10_T00/S015_R10_T01/S015_R10_T02/S015_R10_T03/S015_R10_T04/S015_R10_T05/S015_R10_T06/S015_R10_T07/S015_R10_T08/S015_R10_T09/S015_R10_T10/S015_R10_T11/S015_R10_T12/S015_R10_T13/S015_R10_T14/S015_R14_T00/S015_R14_T01/S015_R14_T02/S015_R14_T03/S015_R14_T04/S015_R14_T05/S015_R14_T06/S015_R14_T07/S015_R14_T08/S015_R14_T09/S015_R14_T10/S015_R14_T11/S015_R14_T12/S015_R14_T13/S015_R14_T14,True,False,False,False,False,False,True,,4
15,15,target_lda,4,10,6/14,1/2/3/4/5/6/7/8/9/10/11/12/13/14/16/17/18/19/20,1/2/3/4/5/6/7/8/9/10/11/12/13/14/16/17/18/19/20,1/2/3/4/5/6/7/8/9/10/11/12/13/14/16/17/18/19/20,S015_R10_T00/S015_R10_T01/S015_R10_T02/S015_R10_T03,4,2,2,S015_R06_T00/S015_R06_T01/S015_R06_T02/S015_R06_T03/S015_R06_T04/S015_R06_T05/S015_R06_T06/S015_R06_T07/S015_R06_T08/S015_R06_T09/S015_R06_T10/S015_R06_T11/S015_R06_T12/S015_R06_T13/S015_R06_T14/S015_R14_T00/S015_R14_T01/S015_R14_T02/S015_R14_T03/S015_R14_T04/S015_R14_T05/S015_R14_T06/S015_R14_T07/S015_R14_T08/S015_R14_T09/S015_R14_T10/S015_R14_T11/S015_R14_T12/S015_R14_T13/S015_R14_T14,True,False,False,False,False,False,True,,4
15,15,target_lda,4,14,6/10,1/2/3/4/5/6/7/8/9/10/11/12/13/14/16/17/18/19/20,1/2/3/4/5/6/7/8/9/10/11/12/13/14/16/17/18/19/20,1/2/3/4/5/6/7/8/9/10/11/12/13/14/16/17/18/19/20,S015_R14_T00/S015_R14_T01/S015_R14_T02/S015_R14_T03,4,2,2,S015_R06_T00/S015_R06_T01/S015_R06_T02/S015_R06_T03/S015_R06_T04/S015_R06_T05/S015_R06_T06/S015_R06_T07/S015_R06_T08/S015_R06_T09/S015_R06_T10/S015_R06_T11/S015_R06_T12/S015_R06_T13/S015_R06_T14/S015_R10_T00/S015_R10_T01/S015_R10_T02/S015_R10_T03/S015_R10_T04/S015_R10_T05/S015_R10_T06/S015_R10_T07/S015_R10_T08/S015_R10_T09/S015_R10_T10/S015_R10_T11/S015_R10_T12/S015_R10_T13/S015_R10_T14,True,False,False,False,False,False,True,,4
15,15,target_lda,8,6,10/14,1/2/3/4/5/6/7/8/9/10/11/12/13/14/16/17/18/19/20,1/2/3/4/5/6/7/8/9/10/11/12/13/14/16/17/18/19/20,1/2/3/4/5/6/7/8/9/10/11/12/13/14/16/17/18/19/20,S015_R06_T00/S015_R06_T01/S015_R06_T02/S015_R06_T03/S015_R06_T04/S015_R06_T05/S015_R06_T06/S015_R06_T07,8,4,4,S015_R10_T00/S015_R10_T01/S015_R10_T02/S015_R10_T03/S015_R10_T04/S015_R10_T05/S015_R10_T06/S015_R10_T07/S015_R10_T08/S015_R10_T09/S015_R10_T10/S015_R10_T11/S015_R10_T12/S015_R10_T13/S015_R10_T14/S015_R14_T00/S015_R14_T01/S015_R14_T02/S015_R14_T03/S015_R14_T04/S015_R14_T05/S015_R14_T06/S015_R14_T07/S015_R14_T08/S015_R14_T09/S015_R14_T10/S015_R14_T11/S015_R14_T12/S015_R14_T13/S015_R14_T14,True,False,False,False,False,False,True,,8
15,15,target_lda,8,10,6/14,1/2/3/4/5/6/7/8/9/10/11/12/13/14/16/17/18/19/20,1/2/3/4/5/6/7/8/9/10/11/12/13/14/16/17/18/19/20,1/2/3/4/5/6/7/8/9/10/11/12/13/14/16/17/18/19/20,S015_R10_T00/S015_R10_T01/S015_R10_T02/S015_R10_T03/S015_R10_T04/S015_R10_T05/S015_R10_T06/S015_R10_T07,8,4,4,S015_R06_T00/S015_R06_T01/S015_R06_T02/S015_R06_T03/S015_R06_T04/S015_R06_T05/S015_R06_T06/S015_R06_T07/S015_R06_T08/S015_R06_T09/S015_R06_T10/S015_R06_T11/S015_R06_T12/S015_R06_T13/S015_R06_T14/S015_R14_T00/S015_R14_T01/S015_R14_T02/S015_R14_T03/S015_R14_T04/S015_R14_T05/S015_R14_T06/S015_R14_T07/S015_R14_T08/S015_R14_T09/S015_R14_T10/S015_R14_T11/S015_R14_T12/S015_R14_T13/S015_R14_T14,True,False,False,False,False,False,True,,8
15,15,target_lda,8,14,6/10,1/2/3/4/5/6/7/8/9/10/11/12/13/14/16/17/18/19/20,1/2/3/4/5/6/7/8/9/10/11/12/13/14/16/17/18/19/20,1/2/3/4/5/6/7/8/9/10/11/12/13/14/16/17/18/19/20,S015_R14_T00/S015_R14_T01/S015_R14_T02/S015_R14_T03/S015_R14_T04/S015_R14_T05/S015_R14_T06/S015_R14_T07,8,4,4,S015_R06_T00/S015_R06_T01/S015_R06_T02/S015_R06_T03/S015_R06_T04/S015_R06_T05/S015_R06_T06/S015_R06_T07/S015_R06_T08/S015_R06_T09/S015_R06_T10/S015_R06_T11/S015_R06_T12/S015_R06_T13/S015_R06_T14/S015_R10_T00/S015_R10_T01/S015_R10_T02/S015_R10_T03/S015_R10_T04/S015_R10_T05/S015_R10_T06/S015_R10_T07/S015_R10_T08/S015_R10_T09/S015_R10_T10/S015_R10_T11/S015_R10_T12/S015_R10_T13/S015_R10_T14,True,False,False,False,False,False,True,,8
15,15,target_lda,12,6,10/14,1/2/3/4/5/6/7/8/9/10/11/12/13/14/16/17/18/19/20,1/2/3/4/5/6/7/8/9/10/11/12/13/14/16/17/18/19/20,1/2/3/4/5/6/7/8/9/10/11/12/13/14/16/17/18/19/20,S015_R06_T00/S015_R06_T01/S015_R06_T02/S015_R06_T03/S015_R06_T04/S015_R06_T05/S015_R06_T06/S015_R06_T07/S015_R06_T08/S015_R06_T09/S015_R06_T10/S015_R06_T11,12,6,6,S015_R10_T00/S015_R10_T01/S015_R10_T02/S015_R10_T03/S015_R10_T04/S015_R10_T05/S015_R10_T06/S015_R10_T07/S015_R10_T08/S015_R10_T09/S015_R10_T10/S015_R10_T11/S015_R10_T12/S015_R10_T13/S015_R10_T14/S015_R14_T00/S015_R14_T01/S015_R14_T02/S015_R14_T03/S015_R14_T04/S015_R14_T05/S015_R14_T06/S015_R14_T07/S015_R14_T08/S015_R14_T09/S015_R14_T10/S015_R14_T11/S015_R14_T12/S015_R14_T13/S015_R14_T14,True,False,False,False,False,False,True,,12
15,15,target_lda,12,10,6/14,1/2/3/4/5/6/7/8/9/10/11/12/13/14/16/17/18/19/20,1/2/3/4/5/6/7/8/9/10/11/12/13/14/16/17/18/19/20,1/2/3/4/5/6/7/8/9/10/11/12/13/14/16/17/18/19/20,S015_R10_T00/S015_R10_T01/S015_R10_T02/S015_R10_T03/S015_R10_T04/S015_R10_T05/S015_R10_T06/S015_R10_T07/S015_R10_T08/S015_R10_T09/S015_R10_T10/S015_R10_T11,12,6,6,S015_R06_T00/S015_R06_T01/S015_R06_T02/S015_R06_T03/S015_R06_T04/S015_R06_T05/S015_R06_T06/S015_R06_T07/S015_R06_T08/S015_R06_T09/S015_R06_T10/S015_R06_T11/S015_R06_T12/S015_R06_T13/S015_R06_T14/S015_R14_T00/S015_R14_T01/S015_R14_T02/S015_R14_T03/S015_R14_T04/S015_R14_T05/S015_R14_T06/S015_R14_T07/S015_R14_T08/S015_R14_T09/S015_R14_T10/S015_R14_T11/S015_R14_T12/S015_R14_T13/S015_R14_T14,True,False,False,False,False,False,True,,12
15,15,target_lda,12,14,6/10,1/2/3/4/5/6/7/8/9/10/11/12/13/14/16/17/18/19/20,1/2/3/4/5/6/7/8/9/10/11/12/13/14/16/17/18/19/20,1/2/3/4/5/6/7/8/9/10/11/12/13/14/16/17/18/19/20,S015_R14_T00/S015_R14_T01/S015_R14_T02/S015_R14_T03/S015_R14_T04/S015_R14_T05/S015_R14_T06/S015_R14_T07/S015_R14_T08/S015_R14_T09/S015_R14_T10/S015_R14_T11,12,6,6,S015_R06_T00/S015_R06_T01/S015_R06_T02/S015_R06_T03/S015_R06_T04/S015_R06_T05/S015_R06_T06/S015_R06_T07/S015_R06_T08/S015_R06_T09/S015_R06_T10/S015_R06_T11/S015_R06_T12/S015_R06_T13/S015_R06_T14/S015_R10_T00/S015_R10_T01/S015_R10_T02/S015_R10_T03/S015_R10_T04/S015_R10_T05/S015_R10_T06/S015_R10_T07/S015_R10_T08/S015_R10_T09/S015_R10_T10/S015_R10_T11/S015_R10_T12/S015_R10_T13/S015_R10_T14,True,False,False,False,False,False,True,,12
15,15,target_lda,14,6,10/14,1/2/3/4/5/6/7/8/9/10/11/12/13/14/16/17/18/19/20,1/2/3/4/5/6/7/8/9/10/11/12/13/14/16/17/18/19/20,1/2/3/4/5/6/7/8/9/10/11/12/13/14/16/17/18/19/20,S015_R06_T00/S015_R06_T01/S015_R06_T02/S015_R06_T03/S015_R06_T04/S015_R06_T05/S015_R06_T06/S015_R06_T07/S015_R06_T08/S015_R06_T09/S015_R06_T10/S015_R06_T11/S015_R06_T12/S015_R06_T13,14,7,7,S015_R10_T00/S015_R10_T01/S015_R10_T02/S015_R10_T03/S015_R10_T04/S015_R10_T05/S015_R10_T06/S015_R10_T07/S015_R10_T08/S015_R10_T09/S015_R10_T10/S015_R10_T11/S015_R10_T12/S015_R10_T13/S015_R10_T14/S015_R14_T00/S015_R14_T01/S015_R14_T02/S015_R14_T03/S015_R14_T04/S015_R14_T05/S015_R14_T06/S015_R14_T07/S015_R14_T08/S015_R14_T09/S015_R14_T10/S015_R14_T11/S015_R14_T12/S015_R14_T13/S015_R14_T14,True,False,False,False,False,False,True,,14
15,15,target_lda,14,10,6/14,1/2/3/4/5/6/7/8/9/10/11/12/13/14/16/17/18/19/20,1/2/3/4/5/6/7/8/9/10/11/12/13/14/16/17/18/19/20,1/2/3/4/5/6/7/8/9/10/11/12/13/14/16/17/18/19/20,S015_R10_T00/S015_R10_T01/S015_R10_T02/S015_R10_T03/S015_R10_T04/S015_R10_T05/S015_R10_T06/S015_R10_T07/S015_R10_T08/S015_R10_T09/S015_R10_T10/S015_R10_T11/S015_R10_T12/S015_R10_T13,14,7,7,S015_R06_T00/S015_R06_T01/S015_R06_T02/S015_R06_T03/S015_R06_T04/S015_R06_T05/S015_R06_T06/S015_R06_T07/S015_R06_T08/S015_R06_T09/S015_R06_T10/S015_R06_T11/S015_R06_T12/S015_R06_T13/S015_R06_T14/S015_R14_T00/S015_R14_T01/S015_R14_T02/S015_R14_T03/S015_R14_T04/S015_R14_T05/S015_R14_T06/S015_R14_T07/S015_R14_T08/S015_R14_T09/S015_R14_T10/S015_R14_T11/S015_R14_T12/S015_R14_T13/S015_R14_T14,True,False,False,False,False,False,True,,14
15,15,target_lda,14,14,6/10,1/2/3/4/5/6/7/8/9/10/11/12/13/14/16/17/18/19/20,1/2/3/4/5/6/7/8/9/10/11/12/13/14/16/17/18/19/20,1/2/3/4/5/6/7/8/9/10/11/12/13/14/16/17/18/19/20,S015_R14_T00/S015_R14_T01/S015_R14_T02/S015_R14_T03/S015_R14_T04/S015_R14_T05/S015_R14_T06/S015_R14_T07/S015_R14_T08/S015_R14_T09/S015_R14_T10/S015_R14_T11/S015_R14_T12/S015_R14_T13,14,7,7,S015_R06_T00/S015_R06_T01/S015_R06_T02/S015_R06_T03/S015_R06_T04/S015_R06_T05/S015_R06_T06/S015_R06_T07/S015_R06_T08/S015_R06_T09/S015_R06_T10/S015_R06_T11/S015_R06_T12/S015_R06_T13/S015_R06_T14/S015_R10_T00/S015_R10_T01/S015_R10_T02/S015_R10_T03/S015_R10_T04/S015_R10_T05/S015_R10_T06/S015_R10_T07/S015_R10_T08/S015_R10_T09/S015_R10_T10/S015_R10_T11/S015_R10_T12/S015_R10_T13/S015_R10_T14,True,False,False,False,False,False,True,,14
16,16,threshold,0,6,10/14,1/2/3/4/5/6/7/8/9/10/11/12/13/14/15/17/18/19/20,1/2/3/4/5/6/7/8/9/10/11/12/13/14/15/17/18/19/20,1/2/3/4/5/6/7/8/9/10/11/12/13/14/15/17/18/19/20,,0,0,0,S016_R10_T00/S016_R10_T01/S016_R10_T02/S016_R10_T03/S016_R10_T04/S016_R10_T05/S016_R10_T06/S016_R10_T07/S016_R10_T08/S016_R10_T09/S016_R10_T10/S016_R10_T11/S016_R10_T12/S016_R10_T13/S016_R10_T14/S016_R14_T00/S016_R14_T01/S016_R14_T02/S016_R14_T03/S016_R14_T04/S016_R14_T05/S016_R14_T06/S016_R14_T07/S016_R14_T08/S016_R14_T09/S016_R14_T10/S016_R14_T11/S016_R14_T12/S016_R14_T13/S016_R14_T14,True,False,False,False,False,False,False,,0
16,16,threshold,0,10,6/14,1/2/3/4/5/6/7/8/9/10/11/12/13/14/15/17/18/19/20,1/2/3/4/5/6/7/8/9/10/11/12/13/14/15/17/18/19/20,1/2/3/4/5/6/7/8/9/10/11/12/13/14/15/17/18/19/20,,0,0,0,S016_R06_T00/S016_R06_T01/S016_R06_T02/S016_R06_T03/S016_R06_T04/S016_R06_T05/S016_R06_T06/S016_R06_T07/S016_R06_T08/S016_R06_T09/S016_R06_T10/S016_R06_T11/S016_R06_T12/S016_R06_T13/S016_R06_T14/S016_R14_T00/S016_R14_T01/S016_R14_T02/S016_R14_T03/S016_R14_T04/S016_R14_T05/S016_R14_T06/S016_R14_T07/S016_R14_T08/S016_R14_T09/S016_R14_T10/S016_R14_T11/S016_R14_T12/S016_R14_T13/S016_R14_T14,True,False,False,False,False,False,False,,0
16,16,threshold,0,14,6/10,1/2/3/4/5/6/7/8/9/10/11/12/13/14/15/17/18/19/20,1/2/3/4/5/6/7/8/9/10/11/12/13/14/15/17/18/19/20,1/2/3/4/5/6/7/8/9/10/11/12/13/14/15/17/18/19/20,,0,0,0,S016_R06_T00/S016_R06_T01/S016_R06_T02/S016_R06_T03/S016_R06_T04/S016_R06_T05/S016_R06_T06/S016_R06_T07/S016_R06_T08/S016_R06_T09/S016_R06_T10/S016_R06_T11/S016_R06_T12/S016_R06_T13/S016_R06_T14/S016_R10_T00/S016_R10_T01/S016_R10_T02/S016_R10_T03/S016_R10_T04/S016_R10_T05/S016_R10_T06/S016_R10_T07/S016_R10_T08/S016_R10_T09/S016_R10_T10/S016_R10_T11/S016_R10_T12/S016_R10_T13/S016_R10_T14,True,False,False,False,False,False,False,,0
16,16,threshold,4,6,10/14,1/2/3/4/5/6/7/8/9/10/11/12/13/14/15/17/18/19/20,1/2/3/4/5/6/7/8/9/10/11/12/13/14/15/17/18/19/20,1/2/3/4/5/6/7/8/9/10/11/12/13/14/15/17/18/19/20,S016_R06_T00/S016_R06_T01/S016_R06_T02/S016_R06_T03,4,2,2,S016_R10_T00/S016_R10_T01/S016_R10_T02/S016_R10_T03/S016_R10_T04/S016_R10_T05/S016_R10_T06/S016_R10_T07/S016_R10_T08/S016_R10_T09/S016_R10_T10/S016_R10_T11/S016_R10_T12/S016_R10_T13/S016_R10_T14/S016_R14_T00/S016_R14_T01/S016_R14_T02/S016_R14_T03/S016_R14_T04/S016_R14_T05/S016_R14_T06/S016_R14_T07/S016_R14_T08/S016_R14_T09/S016_R14_T10/S016_R14_T11/S016_R14_T12/S016_R14_T13/S016_R14_T14,True,False,False,False,False,False,True,-0.09953809923951785,0
16,16,threshold,4,10,6/14,1/2/3/4/5/6/7/8/9/10/11/12/13/14/15/17/18/19/20,1/2/3/4/5/6/7/8/9/10/11/12/13/14/15/17/18/19/20,1/2/3/4/5/6/7/8/9/10/11/12/13/14/15/17/18/19/20,S016_R10_T00/S016_R10_T01/S016_R10_T02/S016_R10_T03,4,2,2,S016_R06_T00/S016_R06_T01/S016_R06_T02/S016_R06_T03/S016_R06_T04/S016_R06_T05/S016_R06_T06/S016_R06_T07/S016_R06_T08/S016_R06_T09/S016_R06_T10/S016_R06_T11/S016_R06_T12/S016_R06_T13/S016_R06_T14/S016_R14_T00/S016_R14_T01/S016_R14_T02/S016_R14_T03/S016_R14_T04/S016_R14_T05/S016_R14_T06/S016_R14_T07/S016_R14_T08/S016_R14_T09/S016_R14_T10/S016_R14_T11/S016_R14_T12/S016_R14_T13/S016_R14_T14,True,False,False,False,False,False,True,0.08306560182116601,0
16,16,threshold,4,14,6/10,1/2/3/4/5/6/7/8/9/10/11/12/13/14/15/17/18/19/20,1/2/3/4/5/6/7/8/9/10/11/12/13/14/15/17/18/19/20,1/2/3/4/5/6/7/8/9/10/11/12/13/14/15/17/18/19/20,S016_R14_T00/S016_R14_T01/S016_R14_T02/S016_R14_T03,4,2,2,S016_R06_T00/S016_R06_T01/S016_R06_T02/S016_R06_T03/S016_R06_T04/S016_R06_T05/S016_R06_T06/S016_R06_T07/S016_R06_T08/S016_R06_T09/S016_R06_T10/S016_R06_T11/S016_R06_T12/S016_R06_T13/S016_R06_T14/S016_R10_T00/S016_R10_T01/S016_R10_T02/S016_R10_T03/S016_R10_T04/S016_R10_T05/S016_R10_T06/S016_R10_T07/S016_R10_T08/S016_R10_T09/S016_R10_T10/S016_R10_T11/S016_R10_T12/S016_R10_T13/S016_R10_T14,True,False,False,False,False,False,True,0.03920937381957462,0
16,16,threshold,8,6,10/14,1/2/3/4/5/6/7/8/9/10/11/12/13/14/15/17/18/19/20,1/2/3/4/5/6/7/8/9/10/11/12/13/14/15/17/18/19/20,1/2/3/4/5/6/7/8/9/10/11/12/13/14/15/17/18/19/20,S016_R06_T00/S016_R06_T01/S016_R06_T02/S016_R06_T03/S016_R06_T04/S016_R06_T05/S016_R06_T06/S016_R06_T07,8,4,4,S016_R10_T00/S016_R10_T01/S016_R10_T02/S016_R10_T03/S016_R10_T04/S016_R10_T05/S016_R10_T06/S016_R10_T07/S016_R10_T08/S016_R10_T09/S016_R10_T10/S016_R10_T11/S016_R10_T12/S016_R10_T13/S016_R10_T14/S016_R14_T00/S016_R14_T01/S016_R14_T02/S016_R14_T03/S016_R14_T04/S016_R14_T05/S016_R14_T06/S016_R14_T07/S016_R14_T08/S016_R14_T09/S016_R14_T10/S016_R14_T11/S016_R14_T12/S016_R14_T13/S016_R14_T14,True,False,False,False,False,False,True,-0.09953809923951785,0
16,16,threshold,8,10,6/14,1/2/3/4/5/6/7/8/9/10/11/12/13/14/15/17/18/19/20,1/2/3/4/5/6/7/8/9/10/11/12/13/14/15/17/18/19/20,1/2/3/4/5/6/7/8/9/10/11/12/13/14/15/17/18/19/20,S016_R10_T00/S016_R10_T01/S016_R10_T02/S016_R10_T03/S016_R10_T04/S016_R10_T05/S016_R10_T06/S016_R10_T07,8,4,4,S016_R06_T00/S016_R06_T01/S016_R06_T02/S016_R06_T03/S016_R06_T04/S016_R06_T05/S016_R06_T06/S016_R06_T07/S016_R06_T08/S016_R06_T09/S016_R06_T10/S016_R06_T11/S016_R06_T12/S016_R06_T13/S016_R06_T14/S016_R14_T00/S016_R14_T01/S016_R14_T02/S016_R14_T03/S016_R14_T04/S016_R14_T05/S016_R14_T06/S016_R14_T07/S016_R14_T08/S016_R14_T09/S016_R14_T10/S016_R14_T11/S016_R14_T12/S016_R14_T13/S016_R14_T14,True,False,False,False,False,False,True,0.08306560182116601,0
16,16,threshold,8,14,6/10,1/2/3/4/5/6/7/8/9/10/11/12/13/14/15/17/18/19/20,1/2/3/4/5/6/7/8/9/10/11/12/13/14/15/17/18/19/20,1/2/3/4/5/6/7/8/9/10/11/12/13/14/15/17/18/19/20,S016_R14_T00/S016_R14_T01/S016_R14_T02/S016_R14_T03/S016_R14_T04/S016_R14_T05/S016_R14_T06/S016_R14_T07,8,4,4,S016_R06_T00/S016_R06_T01/S016_R06_T02/S016_R06_T03/S016_R06_T04/S016_R06_T05/S016_R06_T06/S016_R06_T07/S016_R06_T08/S016_R06_T09/S016_R06_T10/S016_R06_T11/S016_R06_T12/S016_R06_T13/S016_R06_T14/S016_R10_T00/S016_R10_T01/S016_R10_T02/S016_R10_T03/S016_R10_T04/S016_R10_T05/S016_R10_T06/S016_R10_T07/S016_R10_T08/S016_R10_T09/S016_R10_T10/S016_R10_T11/S016_R10_T12/S016_R10_T13/S016_R10_T14,True,False,False,False,False,False,True,-0.736877388038224,0
16,16,threshold,12,6,10/14,1/2/3/4/5/6/7/8/9/10/11/12/13/14/15/17/18/19/20,1/2/3/4/5/6/7/8/9/10/11/12/13/14/15/17/18/19/20,1/2/3/4/5/6/7/8/9/10/11/12/13/14/15/17/18/19/20,S016_R06_T00/S016_R06_T01/S016_R06_T02/S016_R06_T03/S016_R06_T04/S016_R06_T05/S016_R06_T06/S016_R06_T07/S016_R06_T08/S016_R06_T09/S016_R06_T10/S016_R06_T11,12,6,6,S016_R10_T00/S016_R10_T01/S016_R10_T02/S016_R10_T03/S016_R10_T04/S016_R10_T05/S016_R10_T06/S016_R10_T07/S016_R10_T08/S016_R10_T09/S016_R10_T10/S016_R10_T11/S016_R10_T12/S016_R10_T13/S016_R10_T14/S016_R14_T00/S016_R14_T01/S016_R14_T02/S016_R14_T03/S016_R14_T04/S016_R14_T05/S016_R14_T06/S016_R14_T07/S016_R14_T08/S016_R14_T09/S016_R14_T10/S016_R14_T11/S016_R14_T12/S016_R14_T13/S016_R14_T14,True,False,False,False,False,False,True,-0.09953809923951785,0
16,16,threshold,12,10,6/14,1/2/3/4/5/6/7/8/9/10/11/12/13/14/15/17/18/19/20,1/2/3/4/5/6/7/8/9/10/11/12/13/14/15/17/18/19/20,1/2/3/4/5/6/7/8/9/10/11/12/13/14/15/17/18/19/20,S016_R10_T00/S016_R10_T01/S016_R10_T02/S016_R10_T03/S016_R10_T04/S016_R10_T05/S016_R10_T06/S016_R10_T07/S016_R10_T08/S016_R10_T09/S016_R10_T10/S016_R10_T11,12,6,6,S016_R06_T00/S016_R06_T01/S016_R06_T02/S016_R06_T03/S016_R06_T04/S016_R06_T05/S016_R06_T06/S016_R06_T07/S016_R06_T08/S016_R06_T09/S016_R06_T10/S016_R06_T11/S016_R06_T12/S016_R06_T13/S016_R06_T14/S016_R14_T00/S016_R14_T01/S016_R14_T02/S016_R14_T03/S016_R14_T04/S016_R14_T05/S016_R14_T06/S016_R14_T07/S016_R14_T08/S016_R14_T09/S016_R14_T10/S016_R14_T11/S016_R14_T12/S016_R14_T13/S016_R14_T14,True,False,False,False,False,False,True,0.08358066887114335,0
16,16,threshold,12,14,6/10,1/2/3/4/5/6/7/8/9/10/11/12/13/14/15/17/18/19/20,1/2/3/4/5/6/7/8/9/10/11/12/13/14/15/17/18/19/20,1/2/3/4/5/6/7/8/9/10/11/12/13/14/15/17/18/19/20,S016_R14_T00/S016_R14_T01/S016_R14_T02/S016_R14_T03/S016_R14_T04/S016_R14_T05/S016_R14_T06/S016_R14_T07/S016_R14_T08/S016_R14_T09/S016_R14_T10/S016_R14_T11,12,6,6,S016_R06_T00/S016_R06_T01/S016_R06_T02/S016_R06_T03/S016_R06_T04/S016_R06_T05/S016_R06_T06/S016_R06_T07/S016_R06_T08/S016_R06_T09/S016_R06_T10/S016_R06_T11/S016_R06_T12/S016_R06_T13/S016_R06_T14/S016_R10_T00/S016_R10_T01/S016_R10_T02/S016_R10_T03/S016_R10_T04/S016_R10_T05/S016_R10_T06/S016_R10_T07/S016_R10_T08/S016_R10_T09/S016_R10_T10/S016_R10_T11/S016_R10_T12/S016_R10_T13/S016_R10_T14,True,False,False,False,False,False,True,0.03920937381957462,0
16,16,threshold,14,6,10/14,1/2/3/4/5/6/7/8/9/10/11/12/13/14/15/17/18/19/20,1/2/3/4/5/6/7/8/9/10/11/12/13/14/15/17/18/19/20,1/2/3/4/5/6/7/8/9/10/11/12/13/14/15/17/18/19/20,S016_R06_T00/S016_R06_T01/S016_R06_T02/S016_R06_T03/S016_R06_T04/S016_R06_T05/S016_R06_T06/S016_R06_T07/S016_R06_T08/S016_R06_T09/S016_R06_T10/S016_R06_T11/S016_R06_T12/S016_R06_T13,14,7,7,S016_R10_T00/S016_R10_T01/S016_R10_T02/S016_R10_T03/S016_R10_T04/S016_R10_T05/S016_R10_T06/S016_R10_T07/S016_R10_T08/S016_R10_T09/S016_R10_T10/S016_R10_T11/S016_R10_T12/S016_R10_T13/S016_R10_T14/S016_R14_T00/S016_R14_T01/S016_R14_T02/S016_R14_T03/S016_R14_T04/S016_R14_T05/S016_R14_T06/S016_R14_T07/S016_R14_T08/S016_R14_T09/S016_R14_T10/S016_R14_T11/S016_R14_T12/S016_R14_T13/S016_R14_T14,True,False,False,False,False,False,True,-0.09953809923951785,0
16,16,threshold,14,10,6/14,1/2/3/4/5/6/7/8/9/10/11/12/13/14/15/17/18/19/20,1/2/3/4/5/6/7/8/9/10/11/12/13/14/15/17/18/19/20,1/2/3/4/5/6/7/8/9/10/11/12/13/14/15/17/18/19/20,S016_R10_T00/S016_R10_T01/S016_R10_T02/S016_R10_T03/S016_R10_T04/S016_R10_T05/S016_R10_T06/S016_R10_T07/S016_R10_T08/S016_R10_T09/S016_R10_T10/S016_R10_T11/S016_R10_T12/S016_R10_T13,14,7,7,S016_R06_T00/S016_R06_T01/S016_R06_T02/S016_R06_T03/S016_R06_T04/S016_R06_T05/S016_R06_T06/S016_R06_T07/S016_R06_T08/S016_R06_T09/S016_R06_T10/S016_R06_T11/S016_R06_T12/S016_R06_T13/S016_R06_T14/S016_R14_T00/S016_R14_T01/S016_R14_T02/S016_R14_T03/S016_R14_T04/S016_R14_T05/S016_R14_T06/S016_R14_T07/S016_R14_T08/S016_R14_T09/S016_R14_T10/S016_R14_T11/S016_R14_T12/S016_R14_T13/S016_R14_T14,True,False,False,False,False,False,True,0.08358066887114335,0
16,16,threshold,14,14,6/10,1/2/3/4/5/6/7/8/9/10/11/12/13/14/15/17/18/19/20,1/2/3/4/5/6/7/8/9/10/11/12/13/14/15/17/18/19/20,1/2/3/4/5/6/7/8/9/10/11/12/13/14/15/17/18/19/20,S016_R14_T00/S016_R14_T01/S016_R14_T02/S016_R14_T03/S016_R14_T04/S016_R14_T05/S016_R14_T06/S016_R14_T07/S016_R14_T08/S016_R14_T09/S016_R14_T10/S016_R14_T11/S016_R14_T12/S016_R14_T13,14,7,7,S016_R06_T00/S016_R06_T01/S016_R06_T02/S016_R06_T03/S016_R06_T04/S016_R06_T05/S016_R06_T06/S016_R06_T07/S016_R06_T08/S016_R06_T09/S016_R06_T10/S016_R06_T11/S016_R06_T12/S016_R06_T13/S016_R06_T14/S016_R10_T00/S016_R10_T01/S016_R10_T02/S016_R10_T03/S016_R10_T04/S016_R10_T05/S016_R10_T06/S016_R10_T07/S016_R10_T08/S016_R10_T09/S016_R10_T10/S016_R10_T11/S016_R10_T12/S016_R10_T13/S016_R10_T14,True,False,False,False,False,False,True,0.13894254310048693,0
16,16,target_lda,0,6,10/14,1/2/3/4/5/6/7/8/9/10/11/12/13/14/15/17/18/19/20,1/2/3/4/5/6/7/8/9/10/11/12/13/14/15/17/18/19/20,1/2/3/4/5/6/7/8/9/10/11/12/13/14/15/17/18/19/20,,0,0,0,S016_R10_T00/S016_R10_T01/S016_R10_T02/S016_R10_T03/S016_R10_T04/S016_R10_T05/S016_R10_T06/S016_R10_T07/S016_R10_T08/S016_R10_T09/S016_R10_T10/S016_R10_T11/S016_R10_T12/S016_R10_T13/S016_R10_T14/S016_R14_T00/S016_R14_T01/S016_R14_T02/S016_R14_T03/S016_R14_T04/S016_R14_T05/S016_R14_T06/S016_R14_T07/S016_R14_T08/S016_R14_T09/S016_R14_T10/S016_R14_T11/S016_R14_T12/S016_R14_T13/S016_R14_T14,True,False,False,False,False,False,False,,0
16,16,target_lda,0,10,6/14,1/2/3/4/5/6/7/8/9/10/11/12/13/14/15/17/18/19/20,1/2/3/4/5/6/7/8/9/10/11/12/13/14/15/17/18/19/20,1/2/3/4/5/6/7/8/9/10/11/12/13/14/15/17/18/19/20,,0,0,0,S016_R06_T00/S016_R06_T01/S016_R06_T02/S016_R06_T03/S016_R06_T04/S016_R06_T05/S016_R06_T06/S016_R06_T07/S016_R06_T08/S016_R06_T09/S016_R06_T10/S016_R06_T11/S016_R06_T12/S016_R06_T13/S016_R06_T14/S016_R14_T00/S016_R14_T01/S016_R14_T02/S016_R14_T03/S016_R14_T04/S016_R14_T05/S016_R14_T06/S016_R14_T07/S016_R14_T08/S016_R14_T09/S016_R14_T10/S016_R14_T11/S016_R14_T12/S016_R14_T13/S016_R14_T14,True,False,False,False,False,False,False,,0
16,16,target_lda,0,14,6/10,1/2/3/4/5/6/7/8/9/10/11/12/13/14/15/17/18/19/20,1/2/3/4/5/6/7/8/9/10/11/12/13/14/15/17/18/19/20,1/2/3/4/5/6/7/8/9/10/11/12/13/14/15/17/18/19/20,,0,0,0,S016_R06_T00/S016_R06_T01/S016_R06_T02/S016_R06_T03/S016_R06_T04/S016_R06_T05/S016_R06_T06/S016_R06_T07/S016_R06_T08/S016_R06_T09/S016_R06_T10/S016_R06_T11/S016_R06_T12/S016_R06_T13/S016_R06_T14/S016_R10_T00/S016_R10_T01/S016_R10_T02/S016_R10_T03/S016_R10_T04/S016_R10_T05/S016_R10_T06/S016_R10_T07/S016_R10_T08/S016_R10_T09/S016_R10_T10/S016_R10_T11/S016_R10_T12/S016_R10_T13/S016_R10_T14,True,False,False,False,False,False,False,,0
16,16,target_lda,4,6,10/14,1/2/3/4/5/6/7/8/9/10/11/12/13/14/15/17/18/19/20,1/2/3/4/5/6/7/8/9/10/11/12/13/14/15/17/18/19/20,1/2/3/4/5/6/7/8/9/10/11/12/13/14/15/17/18/19/20,S016_R06_T00/S016_R06_T01/S016_R06_T02/S016_R06_T03,4,2,2,S016_R10_T00/S016_R10_T01/S016_R10_T02/S016_R10_T03/S016_R10_T04/S016_R10_T05/S016_R10_T06/S016_R10_T07/S016_R10_T08/S016_R10_T09/S016_R10_T10/S016_R10_T11/S016_R10_T12/S016_R10_T13/S016_R10_T14/S016_R14_T00/S016_R14_T01/S016_R14_T02/S016_R14_T03/S016_R14_T04/S016_R14_T05/S016_R14_T06/S016_R14_T07/S016_R14_T08/S016_R14_T09/S016_R14_T10/S016_R14_T11/S016_R14_T12/S016_R14_T13/S016_R14_T14,True,False,False,False,False,False,True,,4
16,16,target_lda,4,10,6/14,1/2/3/4/5/6/7/8/9/10/11/12/13/14/15/17/18/19/20,1/2/3/4/5/6/7/8/9/10/11/12/13/14/15/17/18/19/20,1/2/3/4/5/6/7/8/9/10/11/12/13/14/15/17/18/19/20,S016_R10_T00/S016_R10_T01/S016_R10_T02/S016_R10_T03,4,2,2,S016_R06_T00/S016_R06_T01/S016_R06_T02/S016_R06_T03/S016_R06_T04/S016_R06_T05/S016_R06_T06/S016_R06_T07/S016_R06_T08/S016_R06_T09/S016_R06_T10/S016_R06_T11/S016_R06_T12/S016_R06_T13/S016_R06_T14/S016_R14_T00/S016_R14_T01/S016_R14_T02/S016_R14_T03/S016_R14_T04/S016_R14_T05/S016_R14_T06/S016_R14_T07/S016_R14_T08/S016_R14_T09/S016_R14_T10/S016_R14_T11/S016_R14_T12/S016_R14_T13/S016_R14_T14,True,False,False,False,False,False,True,,4
16,16,target_lda,4,14,6/10,1/2/3/4/5/6/7/8/9/10/11/12/13/14/15/17/18/19/20,1/2/3/4/5/6/7/8/9/10/11/12/13/14/15/17/18/19/20,1/2/3/4/5/6/7/8/9/10/11/12/13/14/15/17/18/19/20,S016_R14_T00/S016_R14_T01/S016_R14_T02/S016_R14_T03,4,2,2,S016_R06_T00/S016_R06_T01/S016_R06_T02/S016_R06_T03/S016_R06_T04/S016_R06_T05/S016_R06_T06/S016_R06_T07/S016_R06_T08/S016_R06_T09/S016_R06_T10/S016_R06_T11/S016_R06_T12/S016_R06_T13/S016_R06_T14/S016_R10_T00/S016_R10_T01/S016_R10_T02/S016_R10_T03/S016_R10_T04/S016_R10_T05/S016_R10_T06/S016_R10_T07/S016_R10_T08/S016_R10_T09/S016_R10_T10/S016_R10_T11/S016_R10_T12/S016_R10_T13/S016_R10_T14,True,False,False,False,False,False,True,,4
16,16,target_lda,8,6,10/14,1/2/3/4/5/6/7/8/9/10/11/12/13/14/15/17/18/19/20,1/2/3/4/5/6/7/8/9/10/11/12/13/14/15/17/18/19/20,1/2/3/4/5/6/7/8/9/10/11/12/13/14/15/17/18/19/20,S016_R06_T00/S016_R06_T01/S016_R06_T02/S016_R06_T03/S016_R06_T04/S016_R06_T05/S016_R06_T06/S016_R06_T07,8,4,4,S016_R10_T00/S016_R10_T01/S016_R10_T02/S016_R10_T03/S016_R10_T04/S016_R10_T05/S016_R10_T06/S016_R10_T07/S016_R10_T08/S016_R10_T09/S016_R10_T10/S016_R10_T11/S016_R10_T12/S016_R10_T13/S016_R10_T14/S016_R14_T00/S016_R14_T01/S016_R14_T02/S016_R14_T03/S016_R14_T04/S016_R14_T05/S016_R14_T06/S016_R14_T07/S016_R14_T08/S016_R14_T09/S016_R14_T10/S016_R14_T11/S016_R14_T12/S016_R14_T13/S016_R14_T14,True,False,False,False,False,False,True,,8
16,16,target_lda,8,10,6/14,1/2/3/4/5/6/7/8/9/10/11/12/13/14/15/17/18/19/20,1/2/3/4/5/6/7/8/9/10/11/12/13/14/15/17/18/19/20,1/2/3/4/5/6/7/8/9/10/11/12/13/14/15/17/18/19/20,S016_R10_T00/S016_R10_T01/S016_R10_T02/S016_R10_T03/S016_R10_T04/S016_R10_T05/S016_R10_T06/S016_R10_T07,8,4,4,S016_R06_T00/S016_R06_T01/S016_R06_T02/S016_R06_T03/S016_R06_T04/S016_R06_T05/S016_R06_T06/S016_R06_T07/S016_R06_T08/S016_R06_T09/S016_R06_T10/S016_R06_T11/S016_R06_T12/S016_R06_T13/S016_R06_T14/S016_R14_T00/S016_R14_T01/S016_R14_T02/S016_R14_T03/S016_R14_T04/S016_R14_T05/S016_R14_T06/S016_R14_T07/S016_R14_T08/S016_R14_T09/S016_R14_T10/S016_R14_T11/S016_R14_T12/S016_R14_T13/S016_R14_T14,True,False,False,False,False,False,True,,8
16,16,target_lda,8,14,6/10,1/2/3/4/5/6/7/8/9/10/11/12/13/14/15/17/18/19/20,1/2/3/4/5/6/7/8/9/10/11/12/13/14/15/17/18/19/20,1/2/3/4/5/6/7/8/9/10/11/12/13/14/15/17/18/19/20,S016_R14_T00/S016_R14_T01/S016_R14_T02/S016_R14_T03/S016_R14_T04/S016_R14_T05/S016_R14_T06/S016_R14_T07,8,4,4,S016_R06_T00/S016_R06_T01/S016_R06_T02/S016_R06_T03/S016_R06_T04/S016_R06_T05/S016_R06_T06/S016_R06_T07/S016_R06_T08/S016_R06_T09/S016_R06_T10/S016_R06_T11/S016_R06_T12/S016_R06_T13/S016_R06_T14/S016_R10_T00/S016_R10_T01/S016_R10_T02/S016_R10_T03/S016_R10_T04/S016_R10_T05/S016_R10_T06/S016_R10_T07/S016_R10_T08/S016_R10_T09/S016_R10_T10/S016_R10_T11/S016_R10_T12/S016_R10_T13/S016_R10_T14,True,False,False,False,False,False,True,,8
16,16,target_lda,12,6,10/14,1/2/3/4/5/6/7/8/9/10/11/12/13/14/15/17/18/19/20,1/2/3/4/5/6/7/8/9/10/11/12/13/14/15/17/18/19/20,1/2/3/4/5/6/7/8/9/10/11/12/13/14/15/17/18/19/20,S016_R06_T00/S016_R06_T01/S016_R06_T02/S016_R06_T03/S016_R06_T04/S016_R06_T05/S016_R06_T06/S016_R06_T07/S016_R06_T08/S016_R06_T09/S016_R06_T10/S016_R06_T11,12,6,6,S016_R10_T00/S016_R10_T01/S016_R10_T02/S016_R10_T03/S016_R10_T04/S016_R10_T05/S016_R10_T06/S016_R10_T07/S016_R10_T08/S016_R10_T09/S016_R10_T10/S016_R10_T11/S016_R10_T12/S016_R10_T13/S016_R10_T14/S016_R14_T00/S016_R14_T01/S016_R14_T02/S016_R14_T03/S016_R14_T04/S016_R14_T05/S016_R14_T06/S016_R14_T07/S016_R14_T08/S016_R14_T09/S016_R14_T10/S016_R14_T11/S016_R14_T12/S016_R14_T13/S016_R14_T14,True,False,False,False,False,False,True,,12
16,16,target_lda,12,10,6/14,1/2/3/4/5/6/7/8/9/10/11/12/13/14/15/17/18/19/20,1/2/3/4/5/6/7/8/9/10/11/12/13/14/15/17/18/19/20,1/2/3/4/5/6/7/8/9/10/11/12/13/14/15/17/18/19/20,S016_R10_T00/S016_R10_T01/S016_R10_T02/S016_R10_T03/S016_R10_T04/S016_R10_T05/S016_R10_T06/S016_R10_T07/S016_R10_T08/S016_R10_T09/S016_R10_T10/S016_R10_T11,12,6,6,S016_R06_T00/S016_R06_T01/S016_R06_T02/S016_R06_T03/S016_R06_T04/S016_R06_T05/S016_R06_T06/S016_R06_T07/S016_R06_T08/S016_R06_T09/S016_R06_T10/S016_R06_T11/S016_R06_T12/S016_R06_T13/S016_R06_T14/S016_R14_T00/S016_R14_T01/S016_R14_T02/S016_R14_T03/S016_R14_T04/S016_R14_T05/S016_R14_T06/S016_R14_T07/S016_R14_T08/S016_R14_T09/S016_R14_T10/S016_R14_T11/S016_R14_T12/S016_R14_T13/S016_R14_T14,True,False,False,False,False,False,True,,12
16,16,target_lda,12,14,6/10,1/2/3/4/5/6/7/8/9/10/11/12/13/14/15/17/18/19/20,1/2/3/4/5/6/7/8/9/10/11/12/13/14/15/17/18/19/20,1/2/3/4/5/6/7/8/9/10/11/12/13/14/15/17/18/19/20,S016_R14_T00/S016_R14_T01/S016_R14_T02/S016_R14_T03/S016_R14_T04/S016_R14_T05/S016_R14_T06/S016_R14_T07/S016_R14_T08/S016_R14_T09/S016_R14_T10/S016_R14_T11,12,6,6,S016_R06_T00/S016_R06_T01/S016_R06_T02/S016_R06_T03/S016_R06_T04/S016_R06_T05/S016_R06_T06/S016_R06_T07/S016_R06_T08/S016_R06_T09/S016_R06_T10/S016_R06_T11/S016_R06_T12/S016_R06_T13/S016_R06_T14/S016_R10_T00/S016_R10_T01/S016_R10_T02/S016_R10_T03/S016_R10_T04/S016_R10_T05/S016_R10_T06/S016_R10_T07/S016_R10_T08/S016_R10_T09/S016_R10_T10/S016_R10_T11/S016_R10_T12/S016_R10_T13/S016_R10_T14,True,False,False,False,False,False,True,,12
16,16,target_lda,14,6,10/14,1/2/3/4/5/6/7/8/9/10/11/12/13/14/15/17/18/19/20,1/2/3/4/5/6/7/8/9/10/11/12/13/14/15/17/18/19/20,1/2/3/4/5/6/7/8/9/10/11/12/13/14/15/17/18/19/20,S016_R06_T00/S016_R06_T01/S016_R06_T02/S016_R06_T03/S016_R06_T04/S016_R06_T05/S016_R06_T06/S016_R06_T07/S016_R06_T08/S016_R06_T09/S016_R06_T10/S016_R06_T11/S016_R06_T12/S016_R06_T13,14,7,7,S016_R10_T00/S016_R10_T01/S016_R10_T02/S016_R10_T03/S016_R10_T04/S016_R10_T05/S016_R10_T06/S016_R10_T07/S016_R10_T08/S016_R10_T09/S016_R10_T10/S016_R10_T11/S016_R10_T12/S016_R10_T13/S016_R10_T14/S016_R14_T00/S016_R14_T01/S016_R14_T02/S016_R14_T03/S016_R14_T04/S016_R14_T05/S016_R14_T06/S016_R14_T07/S016_R14_T08/S016_R14_T09/S016_R14_T10/S016_R14_T11/S016_R14_T12/S016_R14_T13/S016_R14_T14,True,False,False,False,False,False,True,,14
16,16,target_lda,14,10,6/14,1/2/3/4/5/6/7/8/9/10/11/12/13/14/15/17/18/19/20,1/2/3/4/5/6/7/8/9/10/11/12/13/14/15/17/18/19/20,1/2/3/4/5/6/7/8/9/10/11/12/13/14/15/17/18/19/20,S016_R10_T00/S016_R10_T01/S016_R10_T02/S016_R10_T03/S016_R10_T04/S016_R10_T05/S016_R10_T06/S016_R10_T07/S016_R10_T08/S016_R10_T09/S016_R10_T10/S016_R10_T11/S016_R10_T12/S016_R10_T13,14,7,7,S016_R06_T00/S016_R06_T01/S016_R06_T02/S016_R06_T03/S016_R06_T04/S016_R06_T05/S016_R06_T06/S016_R06_T07/S016_R06_T08/S016_R06_T09/S016_R06_T10/S016_R06_T11/S016_R06_T12/S016_R06_T13/S016_R06_T14/S016_R14_T00/S016_R14_T01/S016_R14_T02/S016_R14_T03/S016_R14_T04/S016_R14_T05/S016_R14_T06/S016_R14_T07/S016_R14_T08/S016_R14_T09/S016_R14_T10/S016_R14_T11/S016_R14_T12/S016_R14_T13/S016_R14_T14,True,False,False,False,False,False,True,,14
16,16,target_lda,14,14,6/10,1/2/3/4/5/6/7/8/9/10/11/12/13/14/15/17/18/19/20,1/2/3/4/5/6/7/8/9/10/11/12/13/14/15/17/18/19/20,1/2/3/4/5/6/7/8/9/10/11/12/13/14/15/17/18/19/20,S016_R14_T00/S016_R14_T01/S016_R14_T02/S016_R14_T03/S016_R14_T04/S016_R14_T05/S016_R14_T06/S016_R14_T07/S016_R14_T08/S016_R14_T09/S016_R14_T10/S016_R14_T11/S016_R14_T12/S016_R14_T13,14,7,7,S016_R06_T00/S016_R06_T01/S016_R06_T02/S016_R06_T03/S016_R06_T04/S016_R06_T05/S016_R06_T06/S016_R06_T07/S016_R06_T08/S016_R06_T09/S016_R06_T10/S016_R06_T11/S016_R06_T12/S016_R06_T13/S016_R06_T14/S016_R10_T00/S016_R10_T01/S016_R10_T02/S016_R10_T03/S016_R10_T04/S016_R10_T05/S016_R10_T06/S016_R10_T07/S016_R10_T08/S016_R10_T09/S016_R10_T10/S016_R10_T11/S016_R10_T12/S016_R10_T13/S016_R10_T14,True,False,False,False,False,False,True,,14
17,17,threshold,0,6,10/14,1/2/3/4/5/6/7/8/9/10/11/12/13/14/15/16/18/19/20,1/2/3/4/5/6/7/8/9/10/11/12/13/14/15/16/18/19/20,1/2/3/4/5/6/7/8/9/10/11/12/13/14/15/16/18/19/20,,0,0,0,S017_R10_T00/S017_R10_T01/S017_R10_T02/S017_R10_T03/S017_R10_T04/S017_R10_T05/S017_R10_T06/S017_R10_T07/S017_R10_T08/S017_R10_T09/S017_R10_T10/S017_R10_T11/S017_R10_T12/S017_R10_T13/S017_R10_T14/S017_R14_T00/S017_R14_T01/S017_R14_T02/S017_R14_T03/S017_R14_T04/S017_R14_T05/S017_R14_T06/S017_R14_T07/S017_R14_T08/S017_R14_T09/S017_R14_T10/S017_R14_T11/S017_R14_T12/S017_R14_T13/S017_R14_T14,True,False,False,False,False,False,False,,0
17,17,threshold,0,10,6/14,1/2/3/4/5/6/7/8/9/10/11/12/13/14/15/16/18/19/20,1/2/3/4/5/6/7/8/9/10/11/12/13/14/15/16/18/19/20,1/2/3/4/5/6/7/8/9/10/11/12/13/14/15/16/18/19/20,,0,0,0,S017_R06_T00/S017_R06_T01/S017_R06_T02/S017_R06_T03/S017_R06_T04/S017_R06_T05/S017_R06_T06/S017_R06_T07/S017_R06_T08/S017_R06_T09/S017_R06_T10/S017_R06_T11/S017_R06_T12/S017_R06_T13/S017_R06_T14/S017_R14_T00/S017_R14_T01/S017_R14_T02/S017_R14_T03/S017_R14_T04/S017_R14_T05/S017_R14_T06/S017_R14_T07/S017_R14_T08/S017_R14_T09/S017_R14_T10/S017_R14_T11/S017_R14_T12/S017_R14_T13/S017_R14_T14,True,False,False,False,False,False,False,,0
17,17,threshold,0,14,6/10,1/2/3/4/5/6/7/8/9/10/11/12/13/14/15/16/18/19/20,1/2/3/4/5/6/7/8/9/10/11/12/13/14/15/16/18/19/20,1/2/3/4/5/6/7/8/9/10/11/12/13/14/15/16/18/19/20,,0,0,0,S017_R06_T00/S017_R06_T01/S017_R06_T02/S017_R06_T03/S017_R06_T04/S017_R06_T05/S017_R06_T06/S017_R06_T07/S017_R06_T08/S017_R06_T09/S017_R06_T10/S017_R06_T11/S017_R06_T12/S017_R06_T13/S017_R06_T14/S017_R10_T00/S017_R10_T01/S017_R10_T02/S017_R10_T03/S017_R10_T04/S017_R10_T05/S017_R10_T06/S017_R10_T07/S017_R10_T08/S017_R10_T09/S017_R10_T10/S017_R10_T11/S017_R10_T12/S017_R10_T13/S017_R10_T14,True,False,False,False,False,False,False,,0
17,17,threshold,4,6,10/14,1/2/3/4/5/6/7/8/9/10/11/12/13/14/15/16/18/19/20,1/2/3/4/5/6/7/8/9/10/11/12/13/14/15/16/18/19/20,1/2/3/4/5/6/7/8/9/10/11/12/13/14/15/16/18/19/20,S017_R06_T00/S017_R06_T01/S017_R06_T02/S017_R06_T03,4,2,2,S017_R10_T00/S017_R10_T01/S017_R10_T02/S017_R10_T03/S017_R10_T04/S017_R10_T05/S017_R10_T06/S017_R10_T07/S017_R10_T08/S017_R10_T09/S017_R10_T10/S017_R10_T11/S017_R10_T12/S017_R10_T13/S017_R10_T14/S017_R14_T00/S017_R14_T01/S017_R14_T02/S017_R14_T03/S017_R14_T04/S017_R14_T05/S017_R14_T06/S017_R14_T07/S017_R14_T08/S017_R14_T09/S017_R14_T10/S017_R14_T11/S017_R14_T12/S017_R14_T13/S017_R14_T14,True,False,False,False,False,False,True,0.9199721853726994,0
17,17,threshold,4,10,6/14,1/2/3/4/5/6/7/8/9/10/11/12/13/14/15/16/18/19/20,1/2/3/4/5/6/7/8/9/10/11/12/13/14/15/16/18/19/20,1/2/3/4/5/6/7/8/9/10/11/12/13/14/15/16/18/19/20,S017_R10_T00/S017_R10_T01/S017_R10_T02/S017_R10_T03,4,2,2,S017_R06_T00/S017_R06_T01/S017_R06_T02/S017_R06_T03/S017_R06_T04/S017_R06_T05/S017_R06_T06/S017_R06_T07/S017_R06_T08/S017_R06_T09/S017_R06_T10/S017_R06_T11/S017_R06_T12/S017_R06_T13/S017_R06_T14/S017_R14_T00/S017_R14_T01/S017_R14_T02/S017_R14_T03/S017_R14_T04/S017_R14_T05/S017_R14_T06/S017_R14_T07/S017_R14_T08/S017_R14_T09/S017_R14_T10/S017_R14_T11/S017_R14_T12/S017_R14_T13/S017_R14_T14,True,False,False,False,False,False,True,1.7961648393945078,0
17,17,threshold,4,14,6/10,1/2/3/4/5/6/7/8/9/10/11/12/13/14/15/16/18/19/20,1/2/3/4/5/6/7/8/9/10/11/12/13/14/15/16/18/19/20,1/2/3/4/5/6/7/8/9/10/11/12/13/14/15/16/18/19/20,S017_R14_T00/S017_R14_T01/S017_R14_T02/S017_R14_T03,4,2,2,S017_R06_T00/S017_R06_T01/S017_R06_T02/S017_R06_T03/S017_R06_T04/S017_R06_T05/S017_R06_T06/S017_R06_T07/S017_R06_T08/S017_R06_T09/S017_R06_T10/S017_R06_T11/S017_R06_T12/S017_R06_T13/S017_R06_T14/S017_R10_T00/S017_R10_T01/S017_R10_T02/S017_R10_T03/S017_R10_T04/S017_R10_T05/S017_R10_T06/S017_R10_T07/S017_R10_T08/S017_R10_T09/S017_R10_T10/S017_R10_T11/S017_R10_T12/S017_R10_T13/S017_R10_T14,True,False,False,False,False,False,True,0.9227467522610644,0
17,17,threshold,8,6,10/14,1/2/3/4/5/6/7/8/9/10/11/12/13/14/15/16/18/19/20,1/2/3/4/5/6/7/8/9/10/11/12/13/14/15/16/18/19/20,1/2/3/4/5/6/7/8/9/10/11/12/13/14/15/16/18/19/20,S017_R06_T00/S017_R06_T01/S017_R06_T02/S017_R06_T03/S017_R06_T04/S017_R06_T05/S017_R06_T06/S017_R06_T07,8,4,4,S017_R10_T00/S017_R10_T01/S017_R10_T02/S017_R10_T03/S017_R10_T04/S017_R10_T05/S017_R10_T06/S017_R10_T07/S017_R10_T08/S017_R10_T09/S017_R10_T10/S017_R10_T11/S017_R10_T12/S017_R10_T13/S017_R10_T14/S017_R14_T00/S017_R14_T01/S017_R14_T02/S017_R14_T03/S017_R14_T04/S017_R14_T05/S017_R14_T06/S017_R14_T07/S017_R14_T08/S017_R14_T09/S017_R14_T10/S017_R14_T11/S017_R14_T12/S017_R14_T13/S017_R14_T14,True,False,False,False,False,False,True,1.305266390824608,0
17,17,threshold,8,10,6/14,1/2/3/4/5/6/7/8/9/10/11/12/13/14/15/16/18/19/20,1/2/3/4/5/6/7/8/9/10/11/12/13/14/15/16/18/19/20,1/2/3/4/5/6/7/8/9/10/11/12/13/14/15/16/18/19/20,S017_R10_T00/S017_R10_T01/S017_R10_T02/S017_R10_T03/S017_R10_T04/S017_R10_T05/S017_R10_T06/S017_R10_T07,8,4,4,S017_R06_T00/S017_R06_T01/S017_R06_T02/S017_R06_T03/S017_R06_T04/S017_R06_T05/S017_R06_T06/S017_R06_T07/S017_R06_T08/S017_R06_T09/S017_R06_T10/S017_R06_T11/S017_R06_T12/S017_R06_T13/S017_R06_T14/S017_R14_T00/S017_R14_T01/S017_R14_T02/S017_R14_T03/S017_R14_T04/S017_R14_T05/S017_R14_T06/S017_R14_T07/S017_R14_T08/S017_R14_T09/S017_R14_T10/S017_R14_T11/S017_R14_T12/S017_R14_T13/S017_R14_T14,True,False,False,False,False,False,True,1.8240595067639898,0
17,17,threshold,8,14,6/10,1/2/3/4/5/6/7/8/9/10/11/12/13/14/15/16/18/19/20,1/2/3/4/5/6/7/8/9/10/11/12/13/14/15/16/18/19/20,1/2/3/4/5/6/7/8/9/10/11/12/13/14/15/16/18/19/20,S017_R14_T00/S017_R14_T01/S017_R14_T02/S017_R14_T03/S017_R14_T04/S017_R14_T05/S017_R14_T06/S017_R14_T07,8,4,4,S017_R06_T00/S017_R06_T01/S017_R06_T02/S017_R06_T03/S017_R06_T04/S017_R06_T05/S017_R06_T06/S017_R06_T07/S017_R06_T08/S017_R06_T09/S017_R06_T10/S017_R06_T11/S017_R06_T12/S017_R06_T13/S017_R06_T14/S017_R10_T00/S017_R10_T01/S017_R10_T02/S017_R10_T03/S017_R10_T04/S017_R10_T05/S017_R10_T06/S017_R10_T07/S017_R10_T08/S017_R10_T09/S017_R10_T10/S017_R10_T11/S017_R10_T12/S017_R10_T13/S017_R10_T14,True,False,False,False,False,False,True,0.9130911581469965,0
17,17,threshold,12,6,10/14,1/2/3/4/5/6/7/8/9/10/11/12/13/14/15/16/18/19/20,1/2/3/4/5/6/7/8/9/10/11/12/13/14/15/16/18/19/20,1/2/3/4/5/6/7/8/9/10/11/12/13/14/15/16/18/19/20,S017_R06_T00/S017_R06_T01/S017_R06_T02/S017_R06_T03/S017_R06_T04/S017_R06_T05/S017_R06_T06/S017_R06_T07/S017_R06_T08/S017_R06_T09/S017_R06_T10/S017_R06_T11,12,6,6,S017_R10_T00/S017_R10_T01/S017_R10_T02/S017_R10_T03/S017_R10_T04/S017_R10_T05/S017_R10_T06/S017_R10_T07/S017_R10_T08/S017_R10_T09/S017_R10_T10/S017_R10_T11/S017_R10_T12/S017_R10_T13/S017_R10_T14/S017_R14_T00/S017_R14_T01/S017_R14_T02/S017_R14_T03/S017_R14_T04/S017_R14_T05/S017_R14_T06/S017_R14_T07/S017_R14_T08/S017_R14_T09/S017_R14_T10/S017_R14_T11/S017_R14_T12/S017_R14_T13/S017_R14_T14,True,False,False,False,False,False,True,1.305266390824608,0
17,17,threshold,12,10,6/14,1/2/3/4/5/6/7/8/9/10/11/12/13/14/15/16/18/19/20,1/2/3/4/5/6/7/8/9/10/11/12/13/14/15/16/18/19/20,1/2/3/4/5/6/7/8/9/10/11/12/13/14/15/16/18/19/20,S017_R10_T00/S017_R10_T01/S017_R10_T02/S017_R10_T03/S017_R10_T04/S017_R10_T05/S017_R10_T06/S017_R10_T07/S017_R10_T08/S017_R10_T09/S017_R10_T10/S017_R10_T11,12,6,6,S017_R06_T00/S017_R06_T01/S017_R06_T02/S017_R06_T03/S017_R06_T04/S017_R06_T05/S017_R06_T06/S017_R06_T07/S017_R06_T08/S017_R06_T09/S017_R06_T10/S017_R06_T11/S017_R06_T12/S017_R06_T13/S017_R06_T14/S017_R14_T00/S017_R14_T01/S017_R14_T02/S017_R14_T03/S017_R14_T04/S017_R14_T05/S017_R14_T06/S017_R14_T07/S017_R14_T08/S017_R14_T09/S017_R14_T10/S017_R14_T11/S017_R14_T12/S017_R14_T13/S017_R14_T14,True,False,False,False,False,False,True,1.8240595067639898,0
17,17,threshold,12,14,6/10,1/2/3/4/5/6/7/8/9/10/11/12/13/14/15/16/18/19/20,1/2/3/4/5/6/7/8/9/10/11/12/13/14/15/16/18/19/20,1/2/3/4/5/6/7/8/9/10/11/12/13/14/15/16/18/19/20,S017_R14_T00/S017_R14_T01/S017_R14_T02/S017_R14_T03/S017_R14_T04/S017_R14_T05/S017_R14_T06/S017_R14_T07/S017_R14_T08/S017_R14_T09/S017_R14_T10/S017_R14_T11,12,6,6,S017_R06_T00/S017_R06_T01/S017_R06_T02/S017_R06_T03/S017_R06_T04/S017_R06_T05/S017_R06_T06/S017_R06_T07/S017_R06_T08/S017_R06_T09/S017_R06_T10/S017_R06_T11/S017_R06_T12/S017_R06_T13/S017_R06_T14/S017_R10_T00/S017_R10_T01/S017_R10_T02/S017_R10_T03/S017_R10_T04/S017_R10_T05/S017_R10_T06/S017_R10_T07/S017_R10_T08/S017_R10_T09/S017_R10_T10/S017_R10_T11/S017_R10_T12/S017_R10_T13/S017_R10_T14,True,False,False,False,False,False,True,0.9887192116625246,0
17,17,threshold,14,6,10/14,1/2/3/4/5/6/7/8/9/10/11/12/13/14/15/16/18/19/20,1/2/3/4/5/6/7/8/9/10/11/12/13/14/15/16/18/19/20,1/2/3/4/5/6/7/8/9/10/11/12/13/14/15/16/18/19/20,S017_R06_T00/S017_R06_T01/S017_R06_T02/S017_R06_T03/S017_R06_T04/S017_R06_T05/S017_R06_T06/S017_R06_T07/S017_R06_T08/S017_R06_T09/S017_R06_T10/S017_R06_T11/S017_R06_T12/S017_R06_T13,14,7,7,S017_R10_T00/S017_R10_T01/S017_R10_T02/S017_R10_T03/S017_R10_T04/S017_R10_T05/S017_R10_T06/S017_R10_T07/S017_R10_T08/S017_R10_T09/S017_R10_T10/S017_R10_T11/S017_R10_T12/S017_R10_T13/S017_R10_T14/S017_R14_T00/S017_R14_T01/S017_R14_T02/S017_R14_T03/S017_R14_T04/S017_R14_T05/S017_R14_T06/S017_R14_T07/S017_R14_T08/S017_R14_T09/S017_R14_T10/S017_R14_T11/S017_R14_T12/S017_R14_T13/S017_R14_T14,True,False,False,False,False,False,True,1.305266390824608,0
17,17,threshold,14,10,6/14,1/2/3/4/5/6/7/8/9/10/11/12/13/14/15/16/18/19/20,1/2/3/4/5/6/7/8/9/10/11/12/13/14/15/16/18/19/20,1/2/3/4/5/6/7/8/9/10/11/12/13/14/15/16/18/19/20,S017_R10_T00/S017_R10_T01/S017_R10_T02/S017_R10_T03/S017_R10_T04/S017_R10_T05/S017_R10_T06/S017_R10_T07/S017_R10_T08/S017_R10_T09/S017_R10_T10/S017_R10_T11/S017_R10_T12/S017_R10_T13,14,7,7,S017_R06_T00/S017_R06_T01/S017_R06_T02/S017_R06_T03/S017_R06_T04/S017_R06_T05/S017_R06_T06/S017_R06_T07/S017_R06_T08/S017_R06_T09/S017_R06_T10/S017_R06_T11/S017_R06_T12/S017_R06_T13/S017_R06_T14/S017_R14_T00/S017_R14_T01/S017_R14_T02/S017_R14_T03/S017_R14_T04/S017_R14_T05/S017_R14_T06/S017_R14_T07/S017_R14_T08/S017_R14_T09/S017_R14_T10/S017_R14_T11/S017_R14_T12/S017_R14_T13/S017_R14_T14,True,False,False,False,False,False,True,1.8240595067639898,0
17,17,threshold,14,14,6/10,1/2/3/4/5/6/7/8/9/10/11/12/13/14/15/16/18/19/20,1/2/3/4/5/6/7/8/9/10/11/12/13/14/15/16/18/19/20,1/2/3/4/5/6/7/8/9/10/11/12/13/14/15/16/18/19/20,S017_R14_T00/S017_R14_T01/S017_R14_T02/S017_R14_T03/S017_R14_T04/S017_R14_T05/S017_R14_T06/S017_R14_T07/S017_R14_T08/S017_R14_T09/S017_R14_T10/S017_R14_T11/S017_R14_T12/S017_R14_T13,14,7,7,S017_R06_T00/S017_R06_T01/S017_R06_T02/S017_R06_T03/S017_R06_T04/S017_R06_T05/S017_R06_T06/S017_R06_T07/S017_R06_T08/S017_R06_T09/S017_R06_T10/S017_R06_T11/S017_R06_T12/S017_R06_T13/S017_R06_T14/S017_R10_T00/S017_R10_T01/S017_R10_T02/S017_R10_T03/S017_R10_T04/S017_R10_T05/S017_R10_T06/S017_R10_T07/S017_R10_T08/S017_R10_T09/S017_R10_T10/S017_R10_T11/S017_R10_T12/S017_R10_T13/S017_R10_T14,True,False,False,False,False,False,True,0.9113105206467909,0
17,17,target_lda,0,6,10/14,1/2/3/4/5/6/7/8/9/10/11/12/13/14/15/16/18/19/20,1/2/3/4/5/6/7/8/9/10/11/12/13/14/15/16/18/19/20,1/2/3/4/5/6/7/8/9/10/11/12/13/14/15/16/18/19/20,,0,0,0,S017_R10_T00/S017_R10_T01/S017_R10_T02/S017_R10_T03/S017_R10_T04/S017_R10_T05/S017_R10_T06/S017_R10_T07/S017_R10_T08/S017_R10_T09/S017_R10_T10/S017_R10_T11/S017_R10_T12/S017_R10_T13/S017_R10_T14/S017_R14_T00/S017_R14_T01/S017_R14_T02/S017_R14_T03/S017_R14_T04/S017_R14_T05/S017_R14_T06/S017_R14_T07/S017_R14_T08/S017_R14_T09/S017_R14_T10/S017_R14_T11/S017_R14_T12/S017_R14_T13/S017_R14_T14,True,False,False,False,False,False,False,,0
17,17,target_lda,0,10,6/14,1/2/3/4/5/6/7/8/9/10/11/12/13/14/15/16/18/19/20,1/2/3/4/5/6/7/8/9/10/11/12/13/14/15/16/18/19/20,1/2/3/4/5/6/7/8/9/10/11/12/13/14/15/16/18/19/20,,0,0,0,S017_R06_T00/S017_R06_T01/S017_R06_T02/S017_R06_T03/S017_R06_T04/S017_R06_T05/S017_R06_T06/S017_R06_T07/S017_R06_T08/S017_R06_T09/S017_R06_T10/S017_R06_T11/S017_R06_T12/S017_R06_T13/S017_R06_T14/S017_R14_T00/S017_R14_T01/S017_R14_T02/S017_R14_T03/S017_R14_T04/S017_R14_T05/S017_R14_T06/S017_R14_T07/S017_R14_T08/S017_R14_T09/S017_R14_T10/S017_R14_T11/S017_R14_T12/S017_R14_T13/S017_R14_T14,True,False,False,False,False,False,False,,0
17,17,target_lda,0,14,6/10,1/2/3/4/5/6/7/8/9/10/11/12/13/14/15/16/18/19/20,1/2/3/4/5/6/7/8/9/10/11/12/13/14/15/16/18/19/20,1/2/3/4/5/6/7/8/9/10/11/12/13/14/15/16/18/19/20,,0,0,0,S017_R06_T00/S017_R06_T01/S017_R06_T02/S017_R06_T03/S017_R06_T04/S017_R06_T05/S017_R06_T06/S017_R06_T07/S017_R06_T08/S017_R06_T09/S017_R06_T10/S017_R06_T11/S017_R06_T12/S017_R06_T13/S017_R06_T14/S017_R10_T00/S017_R10_T01/S017_R10_T02/S017_R10_T03/S017_R10_T04/S017_R10_T05/S017_R10_T06/S017_R10_T07/S017_R10_T08/S017_R10_T09/S017_R10_T10/S017_R10_T11/S017_R10_T12/S017_R10_T13/S017_R10_T14,True,False,False,False,False,False,False,,0
17,17,target_lda,4,6,10/14,1/2/3/4/5/6/7/8/9/10/11/12/13/14/15/16/18/19/20,1/2/3/4/5/6/7/8/9/10/11/12/13/14/15/16/18/19/20,1/2/3/4/5/6/7/8/9/10/11/12/13/14/15/16/18/19/20,S017_R06_T00/S017_R06_T01/S017_R06_T02/S017_R06_T03,4,2,2,S017_R10_T00/S017_R10_T01/S017_R10_T02/S017_R10_T03/S017_R10_T04/S017_R10_T05/S017_R10_T06/S017_R10_T07/S017_R10_T08/S017_R10_T09/S017_R10_T10/S017_R10_T11/S017_R10_T12/S017_R10_T13/S017_R10_T14/S017_R14_T00/S017_R14_T01/S017_R14_T02/S017_R14_T03/S017_R14_T04/S017_R14_T05/S017_R14_T06/S017_R14_T07/S017_R14_T08/S017_R14_T09/S017_R14_T10/S017_R14_T11/S017_R14_T12/S017_R14_T13/S017_R14_T14,True,False,False,False,False,False,True,,4
17,17,target_lda,4,10,6/14,1/2/3/4/5/6/7/8/9/10/11/12/13/14/15/16/18/19/20,1/2/3/4/5/6/7/8/9/10/11/12/13/14/15/16/18/19/20,1/2/3/4/5/6/7/8/9/10/11/12/13/14/15/16/18/19/20,S017_R10_T00/S017_R10_T01/S017_R10_T02/S017_R10_T03,4,2,2,S017_R06_T00/S017_R06_T01/S017_R06_T02/S017_R06_T03/S017_R06_T04/S017_R06_T05/S017_R06_T06/S017_R06_T07/S017_R06_T08/S017_R06_T09/S017_R06_T10/S017_R06_T11/S017_R06_T12/S017_R06_T13/S017_R06_T14/S017_R14_T00/S017_R14_T01/S017_R14_T02/S017_R14_T03/S017_R14_T04/S017_R14_T05/S017_R14_T06/S017_R14_T07/S017_R14_T08/S017_R14_T09/S017_R14_T10/S017_R14_T11/S017_R14_T12/S017_R14_T13/S017_R14_T14,True,False,False,False,False,False,True,,4
17,17,target_lda,4,14,6/10,1/2/3/4/5/6/7/8/9/10/11/12/13/14/15/16/18/19/20,1/2/3/4/5/6/7/8/9/10/11/12/13/14/15/16/18/19/20,1/2/3/4/5/6/7/8/9/10/11/12/13/14/15/16/18/19/20,S017_R14_T00/S017_R14_T01/S017_R14_T02/S017_R14_T03,4,2,2,S017_R06_T00/S017_R06_T01/S017_R06_T02/S017_R06_T03/S017_R06_T04/S017_R06_T05/S017_R06_T06/S017_R06_T07/S017_R06_T08/S017_R06_T09/S017_R06_T10/S017_R06_T11/S017_R06_T12/S017_R06_T13/S017_R06_T14/S017_R10_T00/S017_R10_T01/S017_R10_T02/S017_R10_T03/S017_R10_T04/S017_R10_T05/S017_R10_T06/S017_R10_T07/S017_R10_T08/S017_R10_T09/S017_R10_T10/S017_R10_T11/S017_R10_T12/S017_R10_T13/S017_R10_T14,True,False,False,False,False,False,True,,4
17,17,target_lda,8,6,10/14,1/2/3/4/5/6/7/8/9/10/11/12/13/14/15/16/18/19/20,1/2/3/4/5/6/7/8/9/10/11/12/13/14/15/16/18/19/20,1/2/3/4/5/6/7/8/9/10/11/12/13/14/15/16/18/19/20,S017_R06_T00/S017_R06_T01/S017_R06_T02/S017_R06_T03/S017_R06_T04/S017_R06_T05/S017_R06_T06/S017_R06_T07,8,4,4,S017_R10_T00/S017_R10_T01/S017_R10_T02/S017_R10_T03/S017_R10_T04/S017_R10_T05/S017_R10_T06/S017_R10_T07/S017_R10_T08/S017_R10_T09/S017_R10_T10/S017_R10_T11/S017_R10_T12/S017_R10_T13/S017_R10_T14/S017_R14_T00/S017_R14_T01/S017_R14_T02/S017_R14_T03/S017_R14_T04/S017_R14_T05/S017_R14_T06/S017_R14_T07/S017_R14_T08/S017_R14_T09/S017_R14_T10/S017_R14_T11/S017_R14_T12/S017_R14_T13/S017_R14_T14,True,False,False,False,False,False,True,,8
17,17,target_lda,8,10,6/14,1/2/3/4/5/6/7/8/9/10/11/12/13/14/15/16/18/19/20,1/2/3/4/5/6/7/8/9/10/11/12/13/14/15/16/18/19/20,1/2/3/4/5/6/7/8/9/10/11/12/13/14/15/16/18/19/20,S017_R10_T00/S017_R10_T01/S017_R10_T02/S017_R10_T03/S017_R10_T04/S017_R10_T05/S017_R10_T06/S017_R10_T07,8,4,4,S017_R06_T00/S017_R06_T01/S017_R06_T02/S017_R06_T03/S017_R06_T04/S017_R06_T05/S017_R06_T06/S017_R06_T07/S017_R06_T08/S017_R06_T09/S017_R06_T10/S017_R06_T11/S017_R06_T12/S017_R06_T13/S017_R06_T14/S017_R14_T00/S017_R14_T01/S017_R14_T02/S017_R14_T03/S017_R14_T04/S017_R14_T05/S017_R14_T06/S017_R14_T07/S017_R14_T08/S017_R14_T09/S017_R14_T10/S017_R14_T11/S017_R14_T12/S017_R14_T13/S017_R14_T14,True,False,False,False,False,False,True,,8
17,17,target_lda,8,14,6/10,1/2/3/4/5/6/7/8/9/10/11/12/13/14/15/16/18/19/20,1/2/3/4/5/6/7/8/9/10/11/12/13/14/15/16/18/19/20,1/2/3/4/5/6/7/8/9/10/11/12/13/14/15/16/18/19/20,S017_R14_T00/S017_R14_T01/S017_R14_T02/S017_R14_T03/S017_R14_T04/S017_R14_T05/S017_R14_T06/S017_R14_T07,8,4,4,S017_R06_T00/S017_R06_T01/S017_R06_T02/S017_R06_T03/S017_R06_T04/S017_R06_T05/S017_R06_T06/S017_R06_T07/S017_R06_T08/S017_R06_T09/S017_R06_T10/S017_R06_T11/S017_R06_T12/S017_R06_T13/S017_R06_T14/S017_R10_T00/S017_R10_T01/S017_R10_T02/S017_R10_T03/S017_R10_T04/S017_R10_T05/S017_R10_T06/S017_R10_T07/S017_R10_T08/S017_R10_T09/S017_R10_T10/S017_R10_T11/S017_R10_T12/S017_R10_T13/S017_R10_T14,True,False,False,False,False,False,True,,8
17,17,target_lda,12,6,10/14,1/2/3/4/5/6/7/8/9/10/11/12/13/14/15/16/18/19/20,1/2/3/4/5/6/7/8/9/10/11/12/13/14/15/16/18/19/20,1/2/3/4/5/6/7/8/9/10/11/12/13/14/15/16/18/19/20,S017_R06_T00/S017_R06_T01/S017_R06_T02/S017_R06_T03/S017_R06_T04/S017_R06_T05/S017_R06_T06/S017_R06_T07/S017_R06_T08/S017_R06_T09/S017_R06_T10/S017_R06_T11,12,6,6,S017_R10_T00/S017_R10_T01/S017_R10_T02/S017_R10_T03/S017_R10_T04/S017_R10_T05/S017_R10_T06/S017_R10_T07/S017_R10_T08/S017_R10_T09/S017_R10_T10/S017_R10_T11/S017_R10_T12/S017_R10_T13/S017_R10_T14/S017_R14_T00/S017_R14_T01/S017_R14_T02/S017_R14_T03/S017_R14_T04/S017_R14_T05/S017_R14_T06/S017_R14_T07/S017_R14_T08/S017_R14_T09/S017_R14_T10/S017_R14_T11/S017_R14_T12/S017_R14_T13/S017_R14_T14,True,False,False,False,False,False,True,,12
17,17,target_lda,12,10,6/14,1/2/3/4/5/6/7/8/9/10/11/12/13/14/15/16/18/19/20,1/2/3/4/5/6/7/8/9/10/11/12/13/14/15/16/18/19/20,1/2/3/4/5/6/7/8/9/10/11/12/13/14/15/16/18/19/20,S017_R10_T00/S017_R10_T01/S017_R10_T02/S017_R10_T03/S017_R10_T04/S017_R10_T05/S017_R10_T06/S017_R10_T07/S017_R10_T08/S017_R10_T09/S017_R10_T10/S017_R10_T11,12,6,6,S017_R06_T00/S017_R06_T01/S017_R06_T02/S017_R06_T03/S017_R06_T04/S017_R06_T05/S017_R06_T06/S017_R06_T07/S017_R06_T08/S017_R06_T09/S017_R06_T10/S017_R06_T11/S017_R06_T12/S017_R06_T13/S017_R06_T14/S017_R14_T00/S017_R14_T01/S017_R14_T02/S017_R14_T03/S017_R14_T04/S017_R14_T05/S017_R14_T06/S017_R14_T07/S017_R14_T08/S017_R14_T09/S017_R14_T10/S017_R14_T11/S017_R14_T12/S017_R14_T13/S017_R14_T14,True,False,False,False,False,False,True,,12
17,17,target_lda,12,14,6/10,1/2/3/4/5/6/7/8/9/10/11/12/13/14/15/16/18/19/20,1/2/3/4/5/6/7/8/9/10/11/12/13/14/15/16/18/19/20,1/2/3/4/5/6/7/8/9/10/11/12/13/14/15/16/18/19/20,S017_R14_T00/S017_R14_T01/S017_R14_T02/S017_R14_T03/S017_R14_T04/S017_R14_T05/S017_R14_T06/S017_R14_T07/S017_R14_T08/S017_R14_T09/S017_R14_T10/S017_R14_T11,12,6,6,S017_R06_T00/S017_R06_T01/S017_R06_T02/S017_R06_T03/S017_R06_T04/S017_R06_T05/S017_R06_T06/S017_R06_T07/S017_R06_T08/S017_R06_T09/S017_R06_T10/S017_R06_T11/S017_R06_T12/S017_R06_T13/S017_R06_T14/S017_R10_T00/S017_R10_T01/S017_R10_T02/S017_R10_T03/S017_R10_T04/S017_R10_T05/S017_R10_T06/S017_R10_T07/S017_R10_T08/S017_R10_T09/S017_R10_T10/S017_R10_T11/S017_R10_T12/S017_R10_T13/S017_R10_T14,True,False,False,False,False,False,True,,12
17,17,target_lda,14,6,10/14,1/2/3/4/5/6/7/8/9/10/11/12/13/14/15/16/18/19/20,1/2/3/4/5/6/7/8/9/10/11/12/13/14/15/16/18/19/20,1/2/3/4/5/6/7/8/9/10/11/12/13/14/15/16/18/19/20,S017_R06_T00/S017_R06_T01/S017_R06_T02/S017_R06_T03/S017_R06_T04/S017_R06_T05/S017_R06_T06/S017_R06_T07/S017_R06_T08/S017_R06_T09/S017_R06_T10/S017_R06_T11/S017_R06_T12/S017_R06_T13,14,7,7,S017_R10_T00/S017_R10_T01/S017_R10_T02/S017_R10_T03/S017_R10_T04/S017_R10_T05/S017_R10_T06/S017_R10_T07/S017_R10_T08/S017_R10_T09/S017_R10_T10/S017_R10_T11/S017_R10_T12/S017_R10_T13/S017_R10_T14/S017_R14_T00/S017_R14_T01/S017_R14_T02/S017_R14_T03/S017_R14_T04/S017_R14_T05/S017_R14_T06/S017_R14_T07/S017_R14_T08/S017_R14_T09/S017_R14_T10/S017_R14_T11/S017_R14_T12/S017_R14_T13/S017_R14_T14,True,False,False,False,False,False,True,,14
17,17,target_lda,14,10,6/14,1/2/3/4/5/6/7/8/9/10/11/12/13/14/15/16/18/19/20,1/2/3/4/5/6/7/8/9/10/11/12/13/14/15/16/18/19/20,1/2/3/4/5/6/7/8/9/10/11/12/13/14/15/16/18/19/20,S017_R10_T00/S017_R10_T01/S017_R10_T02/S017_R10_T03/S017_R10_T04/S017_R10_T05/S017_R10_T06/S017_R10_T07/S017_R10_T08/S017_R10_T09/S017_R10_T10/S017_R10_T11/S017_R10_T12/S017_R10_T13,14,7,7,S017_R06_T00/S017_R06_T01/S017_R06_T02/S017_R06_T03/S017_R06_T04/S017_R06_T05/S017_R06_T06/S017_R06_T07/S017_R06_T08/S017_R06_T09/S017_R06_T10/S017_R06_T11/S017_R06_T12/S017_R06_T13/S017_R06_T14/S017_R14_T00/S017_R14_T01/S017_R14_T02/S017_R14_T03/S017_R14_T04/S017_R14_T05/S017_R14_T06/S017_R14_T07/S017_R14_T08/S017_R14_T09/S017_R14_T10/S017_R14_T11/S017_R14_T12/S017_R14_T13/S017_R14_T14,True,False,False,False,False,False,True,,14
17,17,target_lda,14,14,6/10,1/2/3/4/5/6/7/8/9/10/11/12/13/14/15/16/18/19/20,1/2/3/4/5/6/7/8/9/10/11/12/13/14/15/16/18/19/20,1/2/3/4/5/6/7/8/9/10/11/12/13/14/15/16/18/19/20,S017_R14_T00/S017_R14_T01/S017_R14_T02/S017_R14_T03/S017_R14_T04/S017_R14_T05/S017_R14_T06/S017_R14_T07/S017_R14_T08/S017_R14_T09/S017_R14_T10/S017_R14_T11/S017_R14_T12/S017_R14_T13,14,7,7,S017_R06_T00/S017_R06_T01/S017_R06_T02/S017_R06_T03/S017_R06_T04/S017_R06_T05/S017_R06_T06/S017_R06_T07/S017_R06_T08/S017_R06_T09/S017_R06_T10/S017_R06_T11/S017_R06_T12/S017_R06_T13/S017_R06_T14/S017_R10_T00/S017_R10_T01/S017_R10_T02/S017_R10_T03/S017_R10_T04/S017_R10_T05/S017_R10_T06/S017_R10_T07/S017_R10_T08/S017_R10_T09/S017_R10_T10/S017_R10_T11/S017_R10_T12/S017_R10_T13/S017_R10_T14,True,False,False,False,False,False,True,,14
18,18,threshold,0,6,10/14,1/2/3/4/5/6/7/8/9/10/11/12/13/14/15/16/17/19/20,1/2/3/4/5/6/7/8/9/10/11/12/13/14/15/16/17/19/20,1/2/3/4/5/6/7/8/9/10/11/12/13/14/15/16/17/19/20,,0,0,0,S018_R10_T00/S018_R10_T01/S018_R10_T02/S018_R10_T03/S018_R10_T04/S018_R10_T05/S018_R10_T06/S018_R10_T07/S018_R10_T08/S018_R10_T09/S018_R10_T10/S018_R10_T11/S018_R10_T12/S018_R10_T13/S018_R10_T14/S018_R14_T00/S018_R14_T01/S018_R14_T02/S018_R14_T03/S018_R14_T04/S018_R14_T05/S018_R14_T06/S018_R14_T07/S018_R14_T08/S018_R14_T09/S018_R14_T10/S018_R14_T11/S018_R14_T12/S018_R14_T13/S018_R14_T14,True,False,False,False,False,False,False,,0
18,18,threshold,0,10,6/14,1/2/3/4/5/6/7/8/9/10/11/12/13/14/15/16/17/19/20,1/2/3/4/5/6/7/8/9/10/11/12/13/14/15/16/17/19/20,1/2/3/4/5/6/7/8/9/10/11/12/13/14/15/16/17/19/20,,0,0,0,S018_R06_T00/S018_R06_T01/S018_R06_T02/S018_R06_T03/S018_R06_T04/S018_R06_T05/S018_R06_T06/S018_R06_T07/S018_R06_T08/S018_R06_T09/S018_R06_T10/S018_R06_T11/S018_R06_T12/S018_R06_T13/S018_R06_T14/S018_R14_T00/S018_R14_T01/S018_R14_T02/S018_R14_T03/S018_R14_T04/S018_R14_T05/S018_R14_T06/S018_R14_T07/S018_R14_T08/S018_R14_T09/S018_R14_T10/S018_R14_T11/S018_R14_T12/S018_R14_T13/S018_R14_T14,True,False,False,False,False,False,False,,0
18,18,threshold,0,14,6/10,1/2/3/4/5/6/7/8/9/10/11/12/13/14/15/16/17/19/20,1/2/3/4/5/6/7/8/9/10/11/12/13/14/15/16/17/19/20,1/2/3/4/5/6/7/8/9/10/11/12/13/14/15/16/17/19/20,,0,0,0,S018_R06_T00/S018_R06_T01/S018_R06_T02/S018_R06_T03/S018_R06_T04/S018_R06_T05/S018_R06_T06/S018_R06_T07/S018_R06_T08/S018_R06_T09/S018_R06_T10/S018_R06_T11/S018_R06_T12/S018_R06_T13/S018_R06_T14/S018_R10_T00/S018_R10_T01/S018_R10_T02/S018_R10_T03/S018_R10_T04/S018_R10_T05/S018_R10_T06/S018_R10_T07/S018_R10_T08/S018_R10_T09/S018_R10_T10/S018_R10_T11/S018_R10_T12/S018_R10_T13/S018_R10_T14,True,False,False,False,False,False,False,,0
18,18,threshold,4,6,10/14,1/2/3/4/5/6/7/8/9/10/11/12/13/14/15/16/17/19/20,1/2/3/4/5/6/7/8/9/10/11/12/13/14/15/16/17/19/20,1/2/3/4/5/6/7/8/9/10/11/12/13/14/15/16/17/19/20,S018_R06_T00/S018_R06_T01/S018_R06_T02/S018_R06_T03,4,2,2,S018_R10_T00/S018_R10_T01/S018_R10_T02/S018_R10_T03/S018_R10_T04/S018_R10_T05/S018_R10_T06/S018_R10_T07/S018_R10_T08/S018_R10_T09/S018_R10_T10/S018_R10_T11/S018_R10_T12/S018_R10_T13/S018_R10_T14/S018_R14_T00/S018_R14_T01/S018_R14_T02/S018_R14_T03/S018_R14_T04/S018_R14_T05/S018_R14_T06/S018_R14_T07/S018_R14_T08/S018_R14_T09/S018_R14_T10/S018_R14_T11/S018_R14_T12/S018_R14_T13/S018_R14_T14,True,False,False,False,False,False,True,-0.3303790717304032,0
18,18,threshold,4,10,6/14,1/2/3/4/5/6/7/8/9/10/11/12/13/14/15/16/17/19/20,1/2/3/4/5/6/7/8/9/10/11/12/13/14/15/16/17/19/20,1/2/3/4/5/6/7/8/9/10/11/12/13/14/15/16/17/19/20,S018_R10_T00/S018_R10_T01/S018_R10_T02/S018_R10_T03,4,2,2,S018_R06_T00/S018_R06_T01/S018_R06_T02/S018_R06_T03/S018_R06_T04/S018_R06_T05/S018_R06_T06/S018_R06_T07/S018_R06_T08/S018_R06_T09/S018_R06_T10/S018_R06_T11/S018_R06_T12/S018_R06_T13/S018_R06_T14/S018_R14_T00/S018_R14_T01/S018_R14_T02/S018_R14_T03/S018_R14_T04/S018_R14_T05/S018_R14_T06/S018_R14_T07/S018_R14_T08/S018_R14_T09/S018_R14_T10/S018_R14_T11/S018_R14_T12/S018_R14_T13/S018_R14_T14,True,False,False,False,False,False,True,-0.6180215719215886,0
18,18,threshold,4,14,6/10,1/2/3/4/5/6/7/8/9/10/11/12/13/14/15/16/17/19/20,1/2/3/4/5/6/7/8/9/10/11/12/13/14/15/16/17/19/20,1/2/3/4/5/6/7/8/9/10/11/12/13/14/15/16/17/19/20,S018_R14_T00/S018_R14_T01/S018_R14_T02/S018_R14_T03,4,2,2,S018_R06_T00/S018_R06_T01/S018_R06_T02/S018_R06_T03/S018_R06_T04/S018_R06_T05/S018_R06_T06/S018_R06_T07/S018_R06_T08/S018_R06_T09/S018_R06_T10/S018_R06_T11/S018_R06_T12/S018_R06_T13/S018_R06_T14/S018_R10_T00/S018_R10_T01/S018_R10_T02/S018_R10_T03/S018_R10_T04/S018_R10_T05/S018_R10_T06/S018_R10_T07/S018_R10_T08/S018_R10_T09/S018_R10_T10/S018_R10_T11/S018_R10_T12/S018_R10_T13/S018_R10_T14,True,False,False,False,False,False,True,-0.26870856276165667,0
18,18,threshold,8,6,10/14,1/2/3/4/5/6/7/8/9/10/11/12/13/14/15/16/17/19/20,1/2/3/4/5/6/7/8/9/10/11/12/13/14/15/16/17/19/20,1/2/3/4/5/6/7/8/9/10/11/12/13/14/15/16/17/19/20,S018_R06_T00/S018_R06_T01/S018_R06_T02/S018_R06_T03/S018_R06_T04/S018_R06_T05/S018_R06_T06/S018_R06_T07,8,4,4,S018_R10_T00/S018_R10_T01/S018_R10_T02/S018_R10_T03/S018_R10_T04/S018_R10_T05/S018_R10_T06/S018_R10_T07/S018_R10_T08/S018_R10_T09/S018_R10_T10/S018_R10_T11/S018_R10_T12/S018_R10_T13/S018_R10_T14/S018_R14_T00/S018_R14_T01/S018_R14_T02/S018_R14_T03/S018_R14_T04/S018_R14_T05/S018_R14_T06/S018_R14_T07/S018_R14_T08/S018_R14_T09/S018_R14_T10/S018_R14_T11/S018_R14_T12/S018_R14_T13/S018_R14_T14,True,False,False,False,False,False,True,-0.023406734071097723,0
18,18,threshold,8,10,6/14,1/2/3/4/5/6/7/8/9/10/11/12/13/14/15/16/17/19/20,1/2/3/4/5/6/7/8/9/10/11/12/13/14/15/16/17/19/20,1/2/3/4/5/6/7/8/9/10/11/12/13/14/15/16/17/19/20,S018_R10_T00/S018_R10_T01/S018_R10_T02/S018_R10_T03/S018_R10_T04/S018_R10_T05/S018_R10_T06/S018_R10_T07,8,4,4,S018_R06_T00/S018_R06_T01/S018_R06_T02/S018_R06_T03/S018_R06_T04/S018_R06_T05/S018_R06_T06/S018_R06_T07/S018_R06_T08/S018_R06_T09/S018_R06_T10/S018_R06_T11/S018_R06_T12/S018_R06_T13/S018_R06_T14/S018_R14_T00/S018_R14_T01/S018_R14_T02/S018_R14_T03/S018_R14_T04/S018_R14_T05/S018_R14_T06/S018_R14_T07/S018_R14_T08/S018_R14_T09/S018_R14_T10/S018_R14_T11/S018_R14_T12/S018_R14_T13/S018_R14_T14,True,False,False,False,False,False,True,-0.6180215719215886,0
18,18,threshold,8,14,6/10,1/2/3/4/5/6/7/8/9/10/11/12/13/14/15/16/17/19/20,1/2/3/4/5/6/7/8/9/10/11/12/13/14/15/16/17/19/20,1/2/3/4/5/6/7/8/9/10/11/12/13/14/15/16/17/19/20,S018_R14_T00/S018_R14_T01/S018_R14_T02/S018_R14_T03/S018_R14_T04/S018_R14_T05/S018_R14_T06/S018_R14_T07,8,4,4,S018_R06_T00/S018_R06_T01/S018_R06_T02/S018_R06_T03/S018_R06_T04/S018_R06_T05/S018_R06_T06/S018_R06_T07/S018_R06_T08/S018_R06_T09/S018_R06_T10/S018_R06_T11/S018_R06_T12/S018_R06_T13/S018_R06_T14/S018_R10_T00/S018_R10_T01/S018_R10_T02/S018_R10_T03/S018_R10_T04/S018_R10_T05/S018_R10_T06/S018_R10_T07/S018_R10_T08/S018_R10_T09/S018_R10_T10/S018_R10_T11/S018_R10_T12/S018_R10_T13/S018_R10_T14,True,False,False,False,False,False,True,0.05914746702926987,0
18,18,threshold,12,6,10/14,1/2/3/4/5/6/7/8/9/10/11/12/13/14/15/16/17/19/20,1/2/3/4/5/6/7/8/9/10/11/12/13/14/15/16/17/19/20,1/2/3/4/5/6/7/8/9/10/11/12/13/14/15/16/17/19/20,S018_R06_T00/S018_R06_T01/S018_R06_T02/S018_R06_T03/S018_R06_T04/S018_R06_T05/S018_R06_T06/S018_R06_T07/S018_R06_T08/S018_R06_T09/S018_R06_T10/S018_R06_T11,12,6,6,S018_R10_T00/S018_R10_T01/S018_R10_T02/S018_R10_T03/S018_R10_T04/S018_R10_T05/S018_R10_T06/S018_R10_T07/S018_R10_T08/S018_R10_T09/S018_R10_T10/S018_R10_T11/S018_R10_T12/S018_R10_T13/S018_R10_T14/S018_R14_T00/S018_R14_T01/S018_R14_T02/S018_R14_T03/S018_R14_T04/S018_R14_T05/S018_R14_T06/S018_R14_T07/S018_R14_T08/S018_R14_T09/S018_R14_T10/S018_R14_T11/S018_R14_T12/S018_R14_T13/S018_R14_T14,True,False,False,False,False,False,True,-0.023406734071097723,0
18,18,threshold,12,10,6/14,1/2/3/4/5/6/7/8/9/10/11/12/13/14/15/16/17/19/20,1/2/3/4/5/6/7/8/9/10/11/12/13/14/15/16/17/19/20,1/2/3/4/5/6/7/8/9/10/11/12/13/14/15/16/17/19/20,S018_R10_T00/S018_R10_T01/S018_R10_T02/S018_R10_T03/S018_R10_T04/S018_R10_T05/S018_R10_T06/S018_R10_T07/S018_R10_T08/S018_R10_T09/S018_R10_T10/S018_R10_T11,12,6,6,S018_R06_T00/S018_R06_T01/S018_R06_T02/S018_R06_T03/S018_R06_T04/S018_R06_T05/S018_R06_T06/S018_R06_T07/S018_R06_T08/S018_R06_T09/S018_R06_T10/S018_R06_T11/S018_R06_T12/S018_R06_T13/S018_R06_T14/S018_R14_T00/S018_R14_T01/S018_R14_T02/S018_R14_T03/S018_R14_T04/S018_R14_T05/S018_R14_T06/S018_R14_T07/S018_R14_T08/S018_R14_T09/S018_R14_T10/S018_R14_T11/S018_R14_T12/S018_R14_T13/S018_R14_T14,True,False,False,False,False,False,True,-0.6180215719215886,0
18,18,threshold,12,14,6/10,1/2/3/4/5/6/7/8/9/10/11/12/13/14/15/16/17/19/20,1/2/3/4/5/6/7/8/9/10/11/12/13/14/15/16/17/19/20,1/2/3/4/5/6/7/8/9/10/11/12/13/14/15/16/17/19/20,S018_R14_T00/S018_R14_T01/S018_R14_T02/S018_R14_T03/S018_R14_T04/S018_R14_T05/S018_R14_T06/S018_R14_T07/S018_R14_T08/S018_R14_T09/S018_R14_T10/S018_R14_T11,12,6,6,S018_R06_T00/S018_R06_T01/S018_R06_T02/S018_R06_T03/S018_R06_T04/S018_R06_T05/S018_R06_T06/S018_R06_T07/S018_R06_T08/S018_R06_T09/S018_R06_T10/S018_R06_T11/S018_R06_T12/S018_R06_T13/S018_R06_T14/S018_R10_T00/S018_R10_T01/S018_R10_T02/S018_R10_T03/S018_R10_T04/S018_R10_T05/S018_R10_T06/S018_R10_T07/S018_R10_T08/S018_R10_T09/S018_R10_T10/S018_R10_T11/S018_R10_T12/S018_R10_T13/S018_R10_T14,True,False,False,False,False,False,True,0.05914746702926987,0
18,18,threshold,14,6,10/14,1/2/3/4/5/6/7/8/9/10/11/12/13/14/15/16/17/19/20,1/2/3/4/5/6/7/8/9/10/11/12/13/14/15/16/17/19/20,1/2/3/4/5/6/7/8/9/10/11/12/13/14/15/16/17/19/20,S018_R06_T00/S018_R06_T01/S018_R06_T02/S018_R06_T03/S018_R06_T04/S018_R06_T05/S018_R06_T06/S018_R06_T07/S018_R06_T08/S018_R06_T09/S018_R06_T10/S018_R06_T11/S018_R06_T12/S018_R06_T13,14,7,7,S018_R10_T00/S018_R10_T01/S018_R10_T02/S018_R10_T03/S018_R10_T04/S018_R10_T05/S018_R10_T06/S018_R10_T07/S018_R10_T08/S018_R10_T09/S018_R10_T10/S018_R10_T11/S018_R10_T12/S018_R10_T13/S018_R10_T14/S018_R14_T00/S018_R14_T01/S018_R14_T02/S018_R14_T03/S018_R14_T04/S018_R14_T05/S018_R14_T06/S018_R14_T07/S018_R14_T08/S018_R14_T09/S018_R14_T10/S018_R14_T11/S018_R14_T12/S018_R14_T13/S018_R14_T14,True,False,False,False,False,False,True,-0.023406734071097723,0
18,18,threshold,14,10,6/14,1/2/3/4/5/6/7/8/9/10/11/12/13/14/15/16/17/19/20,1/2/3/4/5/6/7/8/9/10/11/12/13/14/15/16/17/19/20,1/2/3/4/5/6/7/8/9/10/11/12/13/14/15/16/17/19/20,S018_R10_T00/S018_R10_T01/S018_R10_T02/S018_R10_T03/S018_R10_T04/S018_R10_T05/S018_R10_T06/S018_R10_T07/S018_R10_T08/S018_R10_T09/S018_R10_T10/S018_R10_T11/S018_R10_T12/S018_R10_T13,14,7,7,S018_R06_T00/S018_R06_T01/S018_R06_T02/S018_R06_T03/S018_R06_T04/S018_R06_T05/S018_R06_T06/S018_R06_T07/S018_R06_T08/S018_R06_T09/S018_R06_T10/S018_R06_T11/S018_R06_T12/S018_R06_T13/S018_R06_T14/S018_R14_T00/S018_R14_T01/S018_R14_T02/S018_R14_T03/S018_R14_T04/S018_R14_T05/S018_R14_T06/S018_R14_T07/S018_R14_T08/S018_R14_T09/S018_R14_T10/S018_R14_T11/S018_R14_T12/S018_R14_T13/S018_R14_T14,True,False,False,False,False,False,True,-0.6180215719215886,0
18,18,threshold,14,14,6/10,1/2/3/4/5/6/7/8/9/10/11/12/13/14/15/16/17/19/20,1/2/3/4/5/6/7/8/9/10/11/12/13/14/15/16/17/19/20,1/2/3/4/5/6/7/8/9/10/11/12/13/14/15/16/17/19/20,S018_R14_T00/S018_R14_T01/S018_R14_T02/S018_R14_T03/S018_R14_T04/S018_R14_T05/S018_R14_T06/S018_R14_T07/S018_R14_T08/S018_R14_T09/S018_R14_T10/S018_R14_T11/S018_R14_T12/S018_R14_T13,14,7,7,S018_R06_T00/S018_R06_T01/S018_R06_T02/S018_R06_T03/S018_R06_T04/S018_R06_T05/S018_R06_T06/S018_R06_T07/S018_R06_T08/S018_R06_T09/S018_R06_T10/S018_R06_T11/S018_R06_T12/S018_R06_T13/S018_R06_T14/S018_R10_T00/S018_R10_T01/S018_R10_T02/S018_R10_T03/S018_R10_T04/S018_R10_T05/S018_R10_T06/S018_R10_T07/S018_R10_T08/S018_R10_T09/S018_R10_T10/S018_R10_T11/S018_R10_T12/S018_R10_T13/S018_R10_T14,True,False,False,False,False,False,True,0.05914746702926987,0
18,18,target_lda,0,6,10/14,1/2/3/4/5/6/7/8/9/10/11/12/13/14/15/16/17/19/20,1/2/3/4/5/6/7/8/9/10/11/12/13/14/15/16/17/19/20,1/2/3/4/5/6/7/8/9/10/11/12/13/14/15/16/17/19/20,,0,0,0,S018_R10_T00/S018_R10_T01/S018_R10_T02/S018_R10_T03/S018_R10_T04/S018_R10_T05/S018_R10_T06/S018_R10_T07/S018_R10_T08/S018_R10_T09/S018_R10_T10/S018_R10_T11/S018_R10_T12/S018_R10_T13/S018_R10_T14/S018_R14_T00/S018_R14_T01/S018_R14_T02/S018_R14_T03/S018_R14_T04/S018_R14_T05/S018_R14_T06/S018_R14_T07/S018_R14_T08/S018_R14_T09/S018_R14_T10/S018_R14_T11/S018_R14_T12/S018_R14_T13/S018_R14_T14,True,False,False,False,False,False,False,,0
18,18,target_lda,0,10,6/14,1/2/3/4/5/6/7/8/9/10/11/12/13/14/15/16/17/19/20,1/2/3/4/5/6/7/8/9/10/11/12/13/14/15/16/17/19/20,1/2/3/4/5/6/7/8/9/10/11/12/13/14/15/16/17/19/20,,0,0,0,S018_R06_T00/S018_R06_T01/S018_R06_T02/S018_R06_T03/S018_R06_T04/S018_R06_T05/S018_R06_T06/S018_R06_T07/S018_R06_T08/S018_R06_T09/S018_R06_T10/S018_R06_T11/S018_R06_T12/S018_R06_T13/S018_R06_T14/S018_R14_T00/S018_R14_T01/S018_R14_T02/S018_R14_T03/S018_R14_T04/S018_R14_T05/S018_R14_T06/S018_R14_T07/S018_R14_T08/S018_R14_T09/S018_R14_T10/S018_R14_T11/S018_R14_T12/S018_R14_T13/S018_R14_T14,True,False,False,False,False,False,False,,0
18,18,target_lda,0,14,6/10,1/2/3/4/5/6/7/8/9/10/11/12/13/14/15/16/17/19/20,1/2/3/4/5/6/7/8/9/10/11/12/13/14/15/16/17/19/20,1/2/3/4/5/6/7/8/9/10/11/12/13/14/15/16/17/19/20,,0,0,0,S018_R06_T00/S018_R06_T01/S018_R06_T02/S018_R06_T03/S018_R06_T04/S018_R06_T05/S018_R06_T06/S018_R06_T07/S018_R06_T08/S018_R06_T09/S018_R06_T10/S018_R06_T11/S018_R06_T12/S018_R06_T13/S018_R06_T14/S018_R10_T00/S018_R10_T01/S018_R10_T02/S018_R10_T03/S018_R10_T04/S018_R10_T05/S018_R10_T06/S018_R10_T07/S018_R10_T08/S018_R10_T09/S018_R10_T10/S018_R10_T11/S018_R10_T12/S018_R10_T13/S018_R10_T14,True,False,False,False,False,False,False,,0
18,18,target_lda,4,6,10/14,1/2/3/4/5/6/7/8/9/10/11/12/13/14/15/16/17/19/20,1/2/3/4/5/6/7/8/9/10/11/12/13/14/15/16/17/19/20,1/2/3/4/5/6/7/8/9/10/11/12/13/14/15/16/17/19/20,S018_R06_T00/S018_R06_T01/S018_R06_T02/S018_R06_T03,4,2,2,S018_R10_T00/S018_R10_T01/S018_R10_T02/S018_R10_T03/S018_R10_T04/S018_R10_T05/S018_R10_T06/S018_R10_T07/S018_R10_T08/S018_R10_T09/S018_R10_T10/S018_R10_T11/S018_R10_T12/S018_R10_T13/S018_R10_T14/S018_R14_T00/S018_R14_T01/S018_R14_T02/S018_R14_T03/S018_R14_T04/S018_R14_T05/S018_R14_T06/S018_R14_T07/S018_R14_T08/S018_R14_T09/S018_R14_T10/S018_R14_T11/S018_R14_T12/S018_R14_T13/S018_R14_T14,True,False,False,False,False,False,True,,4
18,18,target_lda,4,10,6/14,1/2/3/4/5/6/7/8/9/10/11/12/13/14/15/16/17/19/20,1/2/3/4/5/6/7/8/9/10/11/12/13/14/15/16/17/19/20,1/2/3/4/5/6/7/8/9/10/11/12/13/14/15/16/17/19/20,S018_R10_T00/S018_R10_T01/S018_R10_T02/S018_R10_T03,4,2,2,S018_R06_T00/S018_R06_T01/S018_R06_T02/S018_R06_T03/S018_R06_T04/S018_R06_T05/S018_R06_T06/S018_R06_T07/S018_R06_T08/S018_R06_T09/S018_R06_T10/S018_R06_T11/S018_R06_T12/S018_R06_T13/S018_R06_T14/S018_R14_T00/S018_R14_T01/S018_R14_T02/S018_R14_T03/S018_R14_T04/S018_R14_T05/S018_R14_T06/S018_R14_T07/S018_R14_T08/S018_R14_T09/S018_R14_T10/S018_R14_T11/S018_R14_T12/S018_R14_T13/S018_R14_T14,True,False,False,False,False,False,True,,4
18,18,target_lda,4,14,6/10,1/2/3/4/5/6/7/8/9/10/11/12/13/14/15/16/17/19/20,1/2/3/4/5/6/7/8/9/10/11/12/13/14/15/16/17/19/20,1/2/3/4/5/6/7/8/9/10/11/12/13/14/15/16/17/19/20,S018_R14_T00/S018_R14_T01/S018_R14_T02/S018_R14_T03,4,2,2,S018_R06_T00/S018_R06_T01/S018_R06_T02/S018_R06_T03/S018_R06_T04/S018_R06_T05/S018_R06_T06/S018_R06_T07/S018_R06_T08/S018_R06_T09/S018_R06_T10/S018_R06_T11/S018_R06_T12/S018_R06_T13/S018_R06_T14/S018_R10_T00/S018_R10_T01/S018_R10_T02/S018_R10_T03/S018_R10_T04/S018_R10_T05/S018_R10_T06/S018_R10_T07/S018_R10_T08/S018_R10_T09/S018_R10_T10/S018_R10_T11/S018_R10_T12/S018_R10_T13/S018_R10_T14,True,False,False,False,False,False,True,,4
18,18,target_lda,8,6,10/14,1/2/3/4/5/6/7/8/9/10/11/12/13/14/15/16/17/19/20,1/2/3/4/5/6/7/8/9/10/11/12/13/14/15/16/17/19/20,1/2/3/4/5/6/7/8/9/10/11/12/13/14/15/16/17/19/20,S018_R06_T00/S018_R06_T01/S018_R06_T02/S018_R06_T03/S018_R06_T04/S018_R06_T05/S018_R06_T06/S018_R06_T07,8,4,4,S018_R10_T00/S018_R10_T01/S018_R10_T02/S018_R10_T03/S018_R10_T04/S018_R10_T05/S018_R10_T06/S018_R10_T07/S018_R10_T08/S018_R10_T09/S018_R10_T10/S018_R10_T11/S018_R10_T12/S018_R10_T13/S018_R10_T14/S018_R14_T00/S018_R14_T01/S018_R14_T02/S018_R14_T03/S018_R14_T04/S018_R14_T05/S018_R14_T06/S018_R14_T07/S018_R14_T08/S018_R14_T09/S018_R14_T10/S018_R14_T11/S018_R14_T12/S018_R14_T13/S018_R14_T14,True,False,False,False,False,False,True,,8
18,18,target_lda,8,10,6/14,1/2/3/4/5/6/7/8/9/10/11/12/13/14/15/16/17/19/20,1/2/3/4/5/6/7/8/9/10/11/12/13/14/15/16/17/19/20,1/2/3/4/5/6/7/8/9/10/11/12/13/14/15/16/17/19/20,S018_R10_T00/S018_R10_T01/S018_R10_T02/S018_R10_T03/S018_R10_T04/S018_R10_T05/S018_R10_T06/S018_R10_T07,8,4,4,S018_R06_T00/S018_R06_T01/S018_R06_T02/S018_R06_T03/S018_R06_T04/S018_R06_T05/S018_R06_T06/S018_R06_T07/S018_R06_T08/S018_R06_T09/S018_R06_T10/S018_R06_T11/S018_R06_T12/S018_R06_T13/S018_R06_T14/S018_R14_T00/S018_R14_T01/S018_R14_T02/S018_R14_T03/S018_R14_T04/S018_R14_T05/S018_R14_T06/S018_R14_T07/S018_R14_T08/S018_R14_T09/S018_R14_T10/S018_R14_T11/S018_R14_T12/S018_R14_T13/S018_R14_T14,True,False,False,False,False,False,True,,8
18,18,target_lda,8,14,6/10,1/2/3/4/5/6/7/8/9/10/11/12/13/14/15/16/17/19/20,1/2/3/4/5/6/7/8/9/10/11/12/13/14/15/16/17/19/20,1/2/3/4/5/6/7/8/9/10/11/12/13/14/15/16/17/19/20,S018_R14_T00/S018_R14_T01/S018_R14_T02/S018_R14_T03/S018_R14_T04/S018_R14_T05/S018_R14_T06/S018_R14_T07,8,4,4,S018_R06_T00/S018_R06_T01/S018_R06_T02/S018_R06_T03/S018_R06_T04/S018_R06_T05/S018_R06_T06/S018_R06_T07/S018_R06_T08/S018_R06_T09/S018_R06_T10/S018_R06_T11/S018_R06_T12/S018_R06_T13/S018_R06_T14/S018_R10_T00/S018_R10_T01/S018_R10_T02/S018_R10_T03/S018_R10_T04/S018_R10_T05/S018_R10_T06/S018_R10_T07/S018_R10_T08/S018_R10_T09/S018_R10_T10/S018_R10_T11/S018_R10_T12/S018_R10_T13/S018_R10_T14,True,False,False,False,False,False,True,,8
18,18,target_lda,12,6,10/14,1/2/3/4/5/6/7/8/9/10/11/12/13/14/15/16/17/19/20,1/2/3/4/5/6/7/8/9/10/11/12/13/14/15/16/17/19/20,1/2/3/4/5/6/7/8/9/10/11/12/13/14/15/16/17/19/20,S018_R06_T00/S018_R06_T01/S018_R06_T02/S018_R06_T03/S018_R06_T04/S018_R06_T05/S018_R06_T06/S018_R06_T07/S018_R06_T08/S018_R06_T09/S018_R06_T10/S018_R06_T11,12,6,6,S018_R10_T00/S018_R10_T01/S018_R10_T02/S018_R10_T03/S018_R10_T04/S018_R10_T05/S018_R10_T06/S018_R10_T07/S018_R10_T08/S018_R10_T09/S018_R10_T10/S018_R10_T11/S018_R10_T12/S018_R10_T13/S018_R10_T14/S018_R14_T00/S018_R14_T01/S018_R14_T02/S018_R14_T03/S018_R14_T04/S018_R14_T05/S018_R14_T06/S018_R14_T07/S018_R14_T08/S018_R14_T09/S018_R14_T10/S018_R14_T11/S018_R14_T12/S018_R14_T13/S018_R14_T14,True,False,False,False,False,False,True,,12
18,18,target_lda,12,10,6/14,1/2/3/4/5/6/7/8/9/10/11/12/13/14/15/16/17/19/20,1/2/3/4/5/6/7/8/9/10/11/12/13/14/15/16/17/19/20,1/2/3/4/5/6/7/8/9/10/11/12/13/14/15/16/17/19/20,S018_R10_T00/S018_R10_T01/S018_R10_T02/S018_R10_T03/S018_R10_T04/S018_R10_T05/S018_R10_T06/S018_R10_T07/S018_R10_T08/S018_R10_T09/S018_R10_T10/S018_R10_T11,12,6,6,S018_R06_T00/S018_R06_T01/S018_R06_T02/S018_R06_T03/S018_R06_T04/S018_R06_T05/S018_R06_T06/S018_R06_T07/S018_R06_T08/S018_R06_T09/S018_R06_T10/S018_R06_T11/S018_R06_T12/S018_R06_T13/S018_R06_T14/S018_R14_T00/S018_R14_T01/S018_R14_T02/S018_R14_T03/S018_R14_T04/S018_R14_T05/S018_R14_T06/S018_R14_T07/S018_R14_T08/S018_R14_T09/S018_R14_T10/S018_R14_T11/S018_R14_T12/S018_R14_T13/S018_R14_T14,True,False,False,False,False,False,True,,12
18,18,target_lda,12,14,6/10,1/2/3/4/5/6/7/8/9/10/11/12/13/14/15/16/17/19/20,1/2/3/4/5/6/7/8/9/10/11/12/13/14/15/16/17/19/20,1/2/3/4/5/6/7/8/9/10/11/12/13/14/15/16/17/19/20,S018_R14_T00/S018_R14_T01/S018_R14_T02/S018_R14_T03/S018_R14_T04/S018_R14_T05/S018_R14_T06/S018_R14_T07/S018_R14_T08/S018_R14_T09/S018_R14_T10/S018_R14_T11,12,6,6,S018_R06_T00/S018_R06_T01/S018_R06_T02/S018_R06_T03/S018_R06_T04/S018_R06_T05/S018_R06_T06/S018_R06_T07/S018_R06_T08/S018_R06_T09/S018_R06_T10/S018_R06_T11/S018_R06_T12/S018_R06_T13/S018_R06_T14/S018_R10_T00/S018_R10_T01/S018_R10_T02/S018_R10_T03/S018_R10_T04/S018_R10_T05/S018_R10_T06/S018_R10_T07/S018_R10_T08/S018_R10_T09/S018_R10_T10/S018_R10_T11/S018_R10_T12/S018_R10_T13/S018_R10_T14,True,False,False,False,False,False,True,,12
18,18,target_lda,14,6,10/14,1/2/3/4/5/6/7/8/9/10/11/12/13/14/15/16/17/19/20,1/2/3/4/5/6/7/8/9/10/11/12/13/14/15/16/17/19/20,1/2/3/4/5/6/7/8/9/10/11/12/13/14/15/16/17/19/20,S018_R06_T00/S018_R06_T01/S018_R06_T02/S018_R06_T03/S018_R06_T04/S018_R06_T05/S018_R06_T06/S018_R06_T07/S018_R06_T08/S018_R06_T09/S018_R06_T10/S018_R06_T11/S018_R06_T12/S018_R06_T13,14,7,7,S018_R10_T00/S018_R10_T01/S018_R10_T02/S018_R10_T03/S018_R10_T04/S018_R10_T05/S018_R10_T06/S018_R10_T07/S018_R10_T08/S018_R10_T09/S018_R10_T10/S018_R10_T11/S018_R10_T12/S018_R10_T13/S018_R10_T14/S018_R14_T00/S018_R14_T01/S018_R14_T02/S018_R14_T03/S018_R14_T04/S018_R14_T05/S018_R14_T06/S018_R14_T07/S018_R14_T08/S018_R14_T09/S018_R14_T10/S018_R14_T11/S018_R14_T12/S018_R14_T13/S018_R14_T14,True,False,False,False,False,False,True,,14
18,18,target_lda,14,10,6/14,1/2/3/4/5/6/7/8/9/10/11/12/13/14/15/16/17/19/20,1/2/3/4/5/6/7/8/9/10/11/12/13/14/15/16/17/19/20,1/2/3/4/5/6/7/8/9/10/11/12/13/14/15/16/17/19/20,S018_R10_T00/S018_R10_T01/S018_R10_T02/S018_R10_T03/S018_R10_T04/S018_R10_T05/S018_R10_T06/S018_R10_T07/S018_R10_T08/S018_R10_T09/S018_R10_T10/S018_R10_T11/S018_R10_T12/S018_R10_T13,14,7,7,S018_R06_T00/S018_R06_T01/S018_R06_T02/S018_R06_T03/S018_R06_T04/S018_R06_T05/S018_R06_T06/S018_R06_T07/S018_R06_T08/S018_R06_T09/S018_R06_T10/S018_R06_T11/S018_R06_T12/S018_R06_T13/S018_R06_T14/S018_R14_T00/S018_R14_T01/S018_R14_T02/S018_R14_T03/S018_R14_T04/S018_R14_T05/S018_R14_T06/S018_R14_T07/S018_R14_T08/S018_R14_T09/S018_R14_T10/S018_R14_T11/S018_R14_T12/S018_R14_T13/S018_R14_T14,True,False,False,False,False,False,True,,14
18,18,target_lda,14,14,6/10,1/2/3/4/5/6/7/8/9/10/11/12/13/14/15/16/17/19/20,1/2/3/4/5/6/7/8/9/10/11/12/13/14/15/16/17/19/20,1/2/3/4/5/6/7/8/9/10/11/12/13/14/15/16/17/19/20,S018_R14_T00/S018_R14_T01/S018_R14_T02/S018_R14_T03/S018_R14_T04/S018_R14_T05/S018_R14_T06/S018_R14_T07/S018_R14_T08/S018_R14_T09/S018_R14_T10/S018_R14_T11/S018_R14_T12/S018_R14_T13,14,7,7,S018_R06_T00/S018_R06_T01/S018_R06_T02/S018_R06_T03/S018_R06_T04/S018_R06_T05/S018_R06_T06/S018_R06_T07/S018_R06_T08/S018_R06_T09/S018_R06_T10/S018_R06_T11/S018_R06_T12/S018_R06_T13/S018_R06_T14/S018_R10_T00/S018_R10_T01/S018_R10_T02/S018_R10_T03/S018_R10_T04/S018_R10_T05/S018_R10_T06/S018_R10_T07/S018_R10_T08/S018_R10_T09/S018_R10_T10/S018_R10_T11/S018_R10_T12/S018_R10_T13/S018_R10_T14,True,False,False,False,False,False,True,,14
19,19,threshold,0,6,10/14,1/2/3/4/5/6/7/8/9/10/11/12/13/14/15/16/17/18/20,1/2/3/4/5/6/7/8/9/10/11/12/13/14/15/16/17/18/20,1/2/3/4/5/6/7/8/9/10/11/12/13/14/15/16/17/18/20,,0,0,0,S019_R10_T00/S019_R10_T01/S019_R10_T02/S019_R10_T03/S019_R10_T04/S019_R10_T05/S019_R10_T06/S019_R10_T07/S019_R10_T08/S019_R10_T09/S019_R10_T10/S019_R10_T11/S019_R10_T12/S019_R10_T13/S019_R10_T14/S019_R14_T00/S019_R14_T01/S019_R14_T02/S019_R14_T03/S019_R14_T04/S019_R14_T05/S019_R14_T06/S019_R14_T07/S019_R14_T08/S019_R14_T09/S019_R14_T10/S019_R14_T11/S019_R14_T12/S019_R14_T13/S019_R14_T14,True,False,False,False,False,False,False,,0
19,19,threshold,0,10,6/14,1/2/3/4/5/6/7/8/9/10/11/12/13/14/15/16/17/18/20,1/2/3/4/5/6/7/8/9/10/11/12/13/14/15/16/17/18/20,1/2/3/4/5/6/7/8/9/10/11/12/13/14/15/16/17/18/20,,0,0,0,S019_R06_T00/S019_R06_T01/S019_R06_T02/S019_R06_T03/S019_R06_T04/S019_R06_T05/S019_R06_T06/S019_R06_T07/S019_R06_T08/S019_R06_T09/S019_R06_T10/S019_R06_T11/S019_R06_T12/S019_R06_T13/S019_R06_T14/S019_R14_T00/S019_R14_T01/S019_R14_T02/S019_R14_T03/S019_R14_T04/S019_R14_T05/S019_R14_T06/S019_R14_T07/S019_R14_T08/S019_R14_T09/S019_R14_T10/S019_R14_T11/S019_R14_T12/S019_R14_T13/S019_R14_T14,True,False,False,False,False,False,False,,0
19,19,threshold,0,14,6/10,1/2/3/4/5/6/7/8/9/10/11/12/13/14/15/16/17/18/20,1/2/3/4/5/6/7/8/9/10/11/12/13/14/15/16/17/18/20,1/2/3/4/5/6/7/8/9/10/11/12/13/14/15/16/17/18/20,,0,0,0,S019_R06_T00/S019_R06_T01/S019_R06_T02/S019_R06_T03/S019_R06_T04/S019_R06_T05/S019_R06_T06/S019_R06_T07/S019_R06_T08/S019_R06_T09/S019_R06_T10/S019_R06_T11/S019_R06_T12/S019_R06_T13/S019_R06_T14/S019_R10_T00/S019_R10_T01/S019_R10_T02/S019_R10_T03/S019_R10_T04/S019_R10_T05/S019_R10_T06/S019_R10_T07/S019_R10_T08/S019_R10_T09/S019_R10_T10/S019_R10_T11/S019_R10_T12/S019_R10_T13/S019_R10_T14,True,False,False,False,False,False,False,,0
19,19,threshold,4,6,10/14,1/2/3/4/5/6/7/8/9/10/11/12/13/14/15/16/17/18/20,1/2/3/4/5/6/7/8/9/10/11/12/13/14/15/16/17/18/20,1/2/3/4/5/6/7/8/9/10/11/12/13/14/15/16/17/18/20,S019_R06_T00/S019_R06_T01/S019_R06_T02/S019_R06_T03,4,2,2,S019_R10_T00/S019_R10_T01/S019_R10_T02/S019_R10_T03/S019_R10_T04/S019_R10_T05/S019_R10_T06/S019_R10_T07/S019_R10_T08/S019_R10_T09/S019_R10_T10/S019_R10_T11/S019_R10_T12/S019_R10_T13/S019_R10_T14/S019_R14_T00/S019_R14_T01/S019_R14_T02/S019_R14_T03/S019_R14_T04/S019_R14_T05/S019_R14_T06/S019_R14_T07/S019_R14_T08/S019_R14_T09/S019_R14_T10/S019_R14_T11/S019_R14_T12/S019_R14_T13/S019_R14_T14,True,False,False,False,False,False,True,1.0211313702273042,0
19,19,threshold,4,10,6/14,1/2/3/4/5/6/7/8/9/10/11/12/13/14/15/16/17/18/20,1/2/3/4/5/6/7/8/9/10/11/12/13/14/15/16/17/18/20,1/2/3/4/5/6/7/8/9/10/11/12/13/14/15/16/17/18/20,S019_R10_T00/S019_R10_T01/S019_R10_T02/S019_R10_T03,4,2,2,S019_R06_T00/S019_R06_T01/S019_R06_T02/S019_R06_T03/S019_R06_T04/S019_R06_T05/S019_R06_T06/S019_R06_T07/S019_R06_T08/S019_R06_T09/S019_R06_T10/S019_R06_T11/S019_R06_T12/S019_R06_T13/S019_R06_T14/S019_R14_T00/S019_R14_T01/S019_R14_T02/S019_R14_T03/S019_R14_T04/S019_R14_T05/S019_R14_T06/S019_R14_T07/S019_R14_T08/S019_R14_T09/S019_R14_T10/S019_R14_T11/S019_R14_T12/S019_R14_T13/S019_R14_T14,True,False,False,False,False,False,True,0.9717344818793467,0
19,19,threshold,4,14,6/10,1/2/3/4/5/6/7/8/9/10/11/12/13/14/15/16/17/18/20,1/2/3/4/5/6/7/8/9/10/11/12/13/14/15/16/17/18/20,1/2/3/4/5/6/7/8/9/10/11/12/13/14/15/16/17/18/20,S019_R14_T00/S019_R14_T01/S019_R14_T02/S019_R14_T03,4,2,2,S019_R06_T00/S019_R06_T01/S019_R06_T02/S019_R06_T03/S019_R06_T04/S019_R06_T05/S019_R06_T06/S019_R06_T07/S019_R06_T08/S019_R06_T09/S019_R06_T10/S019_R06_T11/S019_R06_T12/S019_R06_T13/S019_R06_T14/S019_R10_T00/S019_R10_T01/S019_R10_T02/S019_R10_T03/S019_R10_T04/S019_R10_T05/S019_R10_T06/S019_R10_T07/S019_R10_T08/S019_R10_T09/S019_R10_T10/S019_R10_T11/S019_R10_T12/S019_R10_T13/S019_R10_T14,True,False,False,False,False,False,True,0.16652281363547555,0
19,19,threshold,8,6,10/14,1/2/3/4/5/6/7/8/9/10/11/12/13/14/15/16/17/18/20,1/2/3/4/5/6/7/8/9/10/11/12/13/14/15/16/17/18/20,1/2/3/4/5/6/7/8/9/10/11/12/13/14/15/16/17/18/20,S019_R06_T00/S019_R06_T01/S019_R06_T02/S019_R06_T03/S019_R06_T04/S019_R06_T05/S019_R06_T06/S019_R06_T07,8,4,4,S019_R10_T00/S019_R10_T01/S019_R10_T02/S019_R10_T03/S019_R10_T04/S019_R10_T05/S019_R10_T06/S019_R10_T07/S019_R10_T08/S019_R10_T09/S019_R10_T10/S019_R10_T11/S019_R10_T12/S019_R10_T13/S019_R10_T14/S019_R14_T00/S019_R14_T01/S019_R14_T02/S019_R14_T03/S019_R14_T04/S019_R14_T05/S019_R14_T06/S019_R14_T07/S019_R14_T08/S019_R14_T09/S019_R14_T10/S019_R14_T11/S019_R14_T12/S019_R14_T13/S019_R14_T14,True,False,False,False,False,False,True,1.0211313702273042,0
19,19,threshold,8,10,6/14,1/2/3/4/5/6/7/8/9/10/11/12/13/14/15/16/17/18/20,1/2/3/4/5/6/7/8/9/10/11/12/13/14/15/16/17/18/20,1/2/3/4/5/6/7/8/9/10/11/12/13/14/15/16/17/18/20,S019_R10_T00/S019_R10_T01/S019_R10_T02/S019_R10_T03/S019_R10_T04/S019_R10_T05/S019_R10_T06/S019_R10_T07,8,4,4,S019_R06_T00/S019_R06_T01/S019_R06_T02/S019_R06_T03/S019_R06_T04/S019_R06_T05/S019_R06_T06/S019_R06_T07/S019_R06_T08/S019_R06_T09/S019_R06_T10/S019_R06_T11/S019_R06_T12/S019_R06_T13/S019_R06_T14/S019_R14_T00/S019_R14_T01/S019_R14_T02/S019_R14_T03/S019_R14_T04/S019_R14_T05/S019_R14_T06/S019_R14_T07/S019_R14_T08/S019_R14_T09/S019_R14_T10/S019_R14_T11/S019_R14_T12/S019_R14_T13/S019_R14_T14,True,False,False,False,False,False,True,0.03538865251500539,0
19,19,threshold,8,14,6/10,1/2/3/4/5/6/7/8/9/10/11/12/13/14/15/16/17/18/20,1/2/3/4/5/6/7/8/9/10/11/12/13/14/15/16/17/18/20,1/2/3/4/5/6/7/8/9/10/11/12/13/14/15/16/17/18/20,S019_R14_T00/S019_R14_T01/S019_R14_T02/S019_R14_T03/S019_R14_T04/S019_R14_T05/S019_R14_T06/S019_R14_T07,8,4,4,S019_R06_T00/S019_R06_T01/S019_R06_T02/S019_R06_T03/S019_R06_T04/S019_R06_T05/S019_R06_T06/S019_R06_T07/S019_R06_T08/S019_R06_T09/S019_R06_T10/S019_R06_T11/S019_R06_T12/S019_R06_T13/S019_R06_T14/S019_R10_T00/S019_R10_T01/S019_R10_T02/S019_R10_T03/S019_R10_T04/S019_R10_T05/S019_R10_T06/S019_R10_T07/S019_R10_T08/S019_R10_T09/S019_R10_T10/S019_R10_T11/S019_R10_T12/S019_R10_T13/S019_R10_T14,True,False,False,False,False,False,True,0.3224388436810448,0
19,19,threshold,12,6,10/14,1/2/3/4/5/6/7/8/9/10/11/12/13/14/15/16/17/18/20,1/2/3/4/5/6/7/8/9/10/11/12/13/14/15/16/17/18/20,1/2/3/4/5/6/7/8/9/10/11/12/13/14/15/16/17/18/20,S019_R06_T00/S019_R06_T01/S019_R06_T02/S019_R06_T03/S019_R06_T04/S019_R06_T05/S019_R06_T06/S019_R06_T07/S019_R06_T08/S019_R06_T09/S019_R06_T10/S019_R06_T11,12,6,6,S019_R10_T00/S019_R10_T01/S019_R10_T02/S019_R10_T03/S019_R10_T04/S019_R10_T05/S019_R10_T06/S019_R10_T07/S019_R10_T08/S019_R10_T09/S019_R10_T10/S019_R10_T11/S019_R10_T12/S019_R10_T13/S019_R10_T14/S019_R14_T00/S019_R14_T01/S019_R14_T02/S019_R14_T03/S019_R14_T04/S019_R14_T05/S019_R14_T06/S019_R14_T07/S019_R14_T08/S019_R14_T09/S019_R14_T10/S019_R14_T11/S019_R14_T12/S019_R14_T13/S019_R14_T14,True,False,False,False,False,False,True,1.0211313702273042,0
19,19,threshold,12,10,6/14,1/2/3/4/5/6/7/8/9/10/11/12/13/14/15/16/17/18/20,1/2/3/4/5/6/7/8/9/10/11/12/13/14/15/16/17/18/20,1/2/3/4/5/6/7/8/9/10/11/12/13/14/15/16/17/18/20,S019_R10_T00/S019_R10_T01/S019_R10_T02/S019_R10_T03/S019_R10_T04/S019_R10_T05/S019_R10_T06/S019_R10_T07/S019_R10_T08/S019_R10_T09/S019_R10_T10/S019_R10_T11,12,6,6,S019_R06_T00/S019_R06_T01/S019_R06_T02/S019_R06_T03/S019_R06_T04/S019_R06_T05/S019_R06_T06/S019_R06_T07/S019_R06_T08/S019_R06_T09/S019_R06_T10/S019_R06_T11/S019_R06_T12/S019_R06_T13/S019_R06_T14/S019_R14_T00/S019_R14_T01/S019_R14_T02/S019_R14_T03/S019_R14_T04/S019_R14_T05/S019_R14_T06/S019_R14_T07/S019_R14_T08/S019_R14_T09/S019_R14_T10/S019_R14_T11/S019_R14_T12/S019_R14_T13/S019_R14_T14,True,False,False,False,False,False,True,0.9717344818793467,0
19,19,threshold,12,14,6/10,1/2/3/4/5/6/7/8/9/10/11/12/13/14/15/16/17/18/20,1/2/3/4/5/6/7/8/9/10/11/12/13/14/15/16/17/18/20,1/2/3/4/5/6/7/8/9/10/11/12/13/14/15/16/17/18/20,S019_R14_T00/S019_R14_T01/S019_R14_T02/S019_R14_T03/S019_R14_T04/S019_R14_T05/S019_R14_T06/S019_R14_T07/S019_R14_T08/S019_R14_T09/S019_R14_T10/S019_R14_T11,12,6,6,S019_R06_T00/S019_R06_T01/S019_R06_T02/S019_R06_T03/S019_R06_T04/S019_R06_T05/S019_R06_T06/S019_R06_T07/S019_R06_T08/S019_R06_T09/S019_R06_T10/S019_R06_T11/S019_R06_T12/S019_R06_T13/S019_R06_T14/S019_R10_T00/S019_R10_T01/S019_R10_T02/S019_R10_T03/S019_R10_T04/S019_R10_T05/S019_R10_T06/S019_R10_T07/S019_R10_T08/S019_R10_T09/S019_R10_T10/S019_R10_T11/S019_R10_T12/S019_R10_T13/S019_R10_T14,True,False,False,False,False,False,True,0.3224388436810448,0
19,19,threshold,14,6,10/14,1/2/3/4/5/6/7/8/9/10/11/12/13/14/15/16/17/18/20,1/2/3/4/5/6/7/8/9/10/11/12/13/14/15/16/17/18/20,1/2/3/4/5/6/7/8/9/10/11/12/13/14/15/16/17/18/20,S019_R06_T00/S019_R06_T01/S019_R06_T02/S019_R06_T03/S019_R06_T04/S019_R06_T05/S019_R06_T06/S019_R06_T07/S019_R06_T08/S019_R06_T09/S019_R06_T10/S019_R06_T11/S019_R06_T12/S019_R06_T13,14,7,7,S019_R10_T00/S019_R10_T01/S019_R10_T02/S019_R10_T03/S019_R10_T04/S019_R10_T05/S019_R10_T06/S019_R10_T07/S019_R10_T08/S019_R10_T09/S019_R10_T10/S019_R10_T11/S019_R10_T12/S019_R10_T13/S019_R10_T14/S019_R14_T00/S019_R14_T01/S019_R14_T02/S019_R14_T03/S019_R14_T04/S019_R14_T05/S019_R14_T06/S019_R14_T07/S019_R14_T08/S019_R14_T09/S019_R14_T10/S019_R14_T11/S019_R14_T12/S019_R14_T13/S019_R14_T14,True,False,False,False,False,False,True,1.1804217540994104,0
19,19,threshold,14,10,6/14,1/2/3/4/5/6/7/8/9/10/11/12/13/14/15/16/17/18/20,1/2/3/4/5/6/7/8/9/10/11/12/13/14/15/16/17/18/20,1/2/3/4/5/6/7/8/9/10/11/12/13/14/15/16/17/18/20,S019_R10_T00/S019_R10_T01/S019_R10_T02/S019_R10_T03/S019_R10_T04/S019_R10_T05/S019_R10_T06/S019_R10_T07/S019_R10_T08/S019_R10_T09/S019_R10_T10/S019_R10_T11/S019_R10_T12/S019_R10_T13,14,7,7,S019_R06_T00/S019_R06_T01/S019_R06_T02/S019_R06_T03/S019_R06_T04/S019_R06_T05/S019_R06_T06/S019_R06_T07/S019_R06_T08/S019_R06_T09/S019_R06_T10/S019_R06_T11/S019_R06_T12/S019_R06_T13/S019_R06_T14/S019_R14_T00/S019_R14_T01/S019_R14_T02/S019_R14_T03/S019_R14_T04/S019_R14_T05/S019_R14_T06/S019_R14_T07/S019_R14_T08/S019_R14_T09/S019_R14_T10/S019_R14_T11/S019_R14_T12/S019_R14_T13/S019_R14_T14,True,False,False,False,False,False,True,0.9717344818793467,0
19,19,threshold,14,14,6/10,1/2/3/4/5/6/7/8/9/10/11/12/13/14/15/16/17/18/20,1/2/3/4/5/6/7/8/9/10/11/12/13/14/15/16/17/18/20,1/2/3/4/5/6/7/8/9/10/11/12/13/14/15/16/17/18/20,S019_R14_T00/S019_R14_T01/S019_R14_T02/S019_R14_T03/S019_R14_T04/S019_R14_T05/S019_R14_T06/S019_R14_T07/S019_R14_T08/S019_R14_T09/S019_R14_T10/S019_R14_T11/S019_R14_T12/S019_R14_T13,14,7,7,S019_R06_T00/S019_R06_T01/S019_R06_T02/S019_R06_T03/S019_R06_T04/S019_R06_T05/S019_R06_T06/S019_R06_T07/S019_R06_T08/S019_R06_T09/S019_R06_T10/S019_R06_T11/S019_R06_T12/S019_R06_T13/S019_R06_T14/S019_R10_T00/S019_R10_T01/S019_R10_T02/S019_R10_T03/S019_R10_T04/S019_R10_T05/S019_R10_T06/S019_R10_T07/S019_R10_T08/S019_R10_T09/S019_R10_T10/S019_R10_T11/S019_R10_T12/S019_R10_T13/S019_R10_T14,True,False,False,False,False,False,True,0.40573802478544374,0
19,19,target_lda,0,6,10/14,1/2/3/4/5/6/7/8/9/10/11/12/13/14/15/16/17/18/20,1/2/3/4/5/6/7/8/9/10/11/12/13/14/15/16/17/18/20,1/2/3/4/5/6/7/8/9/10/11/12/13/14/15/16/17/18/20,,0,0,0,S019_R10_T00/S019_R10_T01/S019_R10_T02/S019_R10_T03/S019_R10_T04/S019_R10_T05/S019_R10_T06/S019_R10_T07/S019_R10_T08/S019_R10_T09/S019_R10_T10/S019_R10_T11/S019_R10_T12/S019_R10_T13/S019_R10_T14/S019_R14_T00/S019_R14_T01/S019_R14_T02/S019_R14_T03/S019_R14_T04/S019_R14_T05/S019_R14_T06/S019_R14_T07/S019_R14_T08/S019_R14_T09/S019_R14_T10/S019_R14_T11/S019_R14_T12/S019_R14_T13/S019_R14_T14,True,False,False,False,False,False,False,,0
19,19,target_lda,0,10,6/14,1/2/3/4/5/6/7/8/9/10/11/12/13/14/15/16/17/18/20,1/2/3/4/5/6/7/8/9/10/11/12/13/14/15/16/17/18/20,1/2/3/4/5/6/7/8/9/10/11/12/13/14/15/16/17/18/20,,0,0,0,S019_R06_T00/S019_R06_T01/S019_R06_T02/S019_R06_T03/S019_R06_T04/S019_R06_T05/S019_R06_T06/S019_R06_T07/S019_R06_T08/S019_R06_T09/S019_R06_T10/S019_R06_T11/S019_R06_T12/S019_R06_T13/S019_R06_T14/S019_R14_T00/S019_R14_T01/S019_R14_T02/S019_R14_T03/S019_R14_T04/S019_R14_T05/S019_R14_T06/S019_R14_T07/S019_R14_T08/S019_R14_T09/S019_R14_T10/S019_R14_T11/S019_R14_T12/S019_R14_T13/S019_R14_T14,True,False,False,False,False,False,False,,0
19,19,target_lda,0,14,6/10,1/2/3/4/5/6/7/8/9/10/11/12/13/14/15/16/17/18/20,1/2/3/4/5/6/7/8/9/10/11/12/13/14/15/16/17/18/20,1/2/3/4/5/6/7/8/9/10/11/12/13/14/15/16/17/18/20,,0,0,0,S019_R06_T00/S019_R06_T01/S019_R06_T02/S019_R06_T03/S019_R06_T04/S019_R06_T05/S019_R06_T06/S019_R06_T07/S019_R06_T08/S019_R06_T09/S019_R06_T10/S019_R06_T11/S019_R06_T12/S019_R06_T13/S019_R06_T14/S019_R10_T00/S019_R10_T01/S019_R10_T02/S019_R10_T03/S019_R10_T04/S019_R10_T05/S019_R10_T06/S019_R10_T07/S019_R10_T08/S019_R10_T09/S019_R10_T10/S019_R10_T11/S019_R10_T12/S019_R10_T13/S019_R10_T14,True,False,False,False,False,False,False,,0
19,19,target_lda,4,6,10/14,1/2/3/4/5/6/7/8/9/10/11/12/13/14/15/16/17/18/20,1/2/3/4/5/6/7/8/9/10/11/12/13/14/15/16/17/18/20,1/2/3/4/5/6/7/8/9/10/11/12/13/14/15/16/17/18/20,S019_R06_T00/S019_R06_T01/S019_R06_T02/S019_R06_T03,4,2,2,S019_R10_T00/S019_R10_T01/S019_R10_T02/S019_R10_T03/S019_R10_T04/S019_R10_T05/S019_R10_T06/S019_R10_T07/S019_R10_T08/S019_R10_T09/S019_R10_T10/S019_R10_T11/S019_R10_T12/S019_R10_T13/S019_R10_T14/S019_R14_T00/S019_R14_T01/S019_R14_T02/S019_R14_T03/S019_R14_T04/S019_R14_T05/S019_R14_T06/S019_R14_T07/S019_R14_T08/S019_R14_T09/S019_R14_T10/S019_R14_T11/S019_R14_T12/S019_R14_T13/S019_R14_T14,True,False,False,False,False,False,True,,4
19,19,target_lda,4,10,6/14,1/2/3/4/5/6/7/8/9/10/11/12/13/14/15/16/17/18/20,1/2/3/4/5/6/7/8/9/10/11/12/13/14/15/16/17/18/20,1/2/3/4/5/6/7/8/9/10/11/12/13/14/15/16/17/18/20,S019_R10_T00/S019_R10_T01/S019_R10_T02/S019_R10_T03,4,2,2,S019_R06_T00/S019_R06_T01/S019_R06_T02/S019_R06_T03/S019_R06_T04/S019_R06_T05/S019_R06_T06/S019_R06_T07/S019_R06_T08/S019_R06_T09/S019_R06_T10/S019_R06_T11/S019_R06_T12/S019_R06_T13/S019_R06_T14/S019_R14_T00/S019_R14_T01/S019_R14_T02/S019_R14_T03/S019_R14_T04/S019_R14_T05/S019_R14_T06/S019_R14_T07/S019_R14_T08/S019_R14_T09/S019_R14_T10/S019_R14_T11/S019_R14_T12/S019_R14_T13/S019_R14_T14,True,False,False,False,False,False,True,,4
19,19,target_lda,4,14,6/10,1/2/3/4/5/6/7/8/9/10/11/12/13/14/15/16/17/18/20,1/2/3/4/5/6/7/8/9/10/11/12/13/14/15/16/17/18/20,1/2/3/4/5/6/7/8/9/10/11/12/13/14/15/16/17/18/20,S019_R14_T00/S019_R14_T01/S019_R14_T02/S019_R14_T03,4,2,2,S019_R06_T00/S019_R06_T01/S019_R06_T02/S019_R06_T03/S019_R06_T04/S019_R06_T05/S019_R06_T06/S019_R06_T07/S019_R06_T08/S019_R06_T09/S019_R06_T10/S019_R06_T11/S019_R06_T12/S019_R06_T13/S019_R06_T14/S019_R10_T00/S019_R10_T01/S019_R10_T02/S019_R10_T03/S019_R10_T04/S019_R10_T05/S019_R10_T06/S019_R10_T07/S019_R10_T08/S019_R10_T09/S019_R10_T10/S019_R10_T11/S019_R10_T12/S019_R10_T13/S019_R10_T14,True,False,False,False,False,False,True,,4
19,19,target_lda,8,6,10/14,1/2/3/4/5/6/7/8/9/10/11/12/13/14/15/16/17/18/20,1/2/3/4/5/6/7/8/9/10/11/12/13/14/15/16/17/18/20,1/2/3/4/5/6/7/8/9/10/11/12/13/14/15/16/17/18/20,S019_R06_T00/S019_R06_T01/S019_R06_T02/S019_R06_T03/S019_R06_T04/S019_R06_T05/S019_R06_T06/S019_R06_T07,8,4,4,S019_R10_T00/S019_R10_T01/S019_R10_T02/S019_R10_T03/S019_R10_T04/S019_R10_T05/S019_R10_T06/S019_R10_T07/S019_R10_T08/S019_R10_T09/S019_R10_T10/S019_R10_T11/S019_R10_T12/S019_R10_T13/S019_R10_T14/S019_R14_T00/S019_R14_T01/S019_R14_T02/S019_R14_T03/S019_R14_T04/S019_R14_T05/S019_R14_T06/S019_R14_T07/S019_R14_T08/S019_R14_T09/S019_R14_T10/S019_R14_T11/S019_R14_T12/S019_R14_T13/S019_R14_T14,True,False,False,False,False,False,True,,8
19,19,target_lda,8,10,6/14,1/2/3/4/5/6/7/8/9/10/11/12/13/14/15/16/17/18/20,1/2/3/4/5/6/7/8/9/10/11/12/13/14/15/16/17/18/20,1/2/3/4/5/6/7/8/9/10/11/12/13/14/15/16/17/18/20,S019_R10_T00/S019_R10_T01/S019_R10_T02/S019_R10_T03/S019_R10_T04/S019_R10_T05/S019_R10_T06/S019_R10_T07,8,4,4,S019_R06_T00/S019_R06_T01/S019_R06_T02/S019_R06_T03/S019_R06_T04/S019_R06_T05/S019_R06_T06/S019_R06_T07/S019_R06_T08/S019_R06_T09/S019_R06_T10/S019_R06_T11/S019_R06_T12/S019_R06_T13/S019_R06_T14/S019_R14_T00/S019_R14_T01/S019_R14_T02/S019_R14_T03/S019_R14_T04/S019_R14_T05/S019_R14_T06/S019_R14_T07/S019_R14_T08/S019_R14_T09/S019_R14_T10/S019_R14_T11/S019_R14_T12/S019_R14_T13/S019_R14_T14,True,False,False,False,False,False,True,,8
19,19,target_lda,8,14,6/10,1/2/3/4/5/6/7/8/9/10/11/12/13/14/15/16/17/18/20,1/2/3/4/5/6/7/8/9/10/11/12/13/14/15/16/17/18/20,1/2/3/4/5/6/7/8/9/10/11/12/13/14/15/16/17/18/20,S019_R14_T00/S019_R14_T01/S019_R14_T02/S019_R14_T03/S019_R14_T04/S019_R14_T05/S019_R14_T06/S019_R14_T07,8,4,4,S019_R06_T00/S019_R06_T01/S019_R06_T02/S019_R06_T03/S019_R06_T04/S019_R06_T05/S019_R06_T06/S019_R06_T07/S019_R06_T08/S019_R06_T09/S019_R06_T10/S019_R06_T11/S019_R06_T12/S019_R06_T13/S019_R06_T14/S019_R10_T00/S019_R10_T01/S019_R10_T02/S019_R10_T03/S019_R10_T04/S019_R10_T05/S019_R10_T06/S019_R10_T07/S019_R10_T08/S019_R10_T09/S019_R10_T10/S019_R10_T11/S019_R10_T12/S019_R10_T13/S019_R10_T14,True,False,False,False,False,False,True,,8
19,19,target_lda,12,6,10/14,1/2/3/4/5/6/7/8/9/10/11/12/13/14/15/16/17/18/20,1/2/3/4/5/6/7/8/9/10/11/12/13/14/15/16/17/18/20,1/2/3/4/5/6/7/8/9/10/11/12/13/14/15/16/17/18/20,S019_R06_T00/S019_R06_T01/S019_R06_T02/S019_R06_T03/S019_R06_T04/S019_R06_T05/S019_R06_T06/S019_R06_T07/S019_R06_T08/S019_R06_T09/S019_R06_T10/S019_R06_T11,12,6,6,S019_R10_T00/S019_R10_T01/S019_R10_T02/S019_R10_T03/S019_R10_T04/S019_R10_T05/S019_R10_T06/S019_R10_T07/S019_R10_T08/S019_R10_T09/S019_R10_T10/S019_R10_T11/S019_R10_T12/S019_R10_T13/S019_R10_T14/S019_R14_T00/S019_R14_T01/S019_R14_T02/S019_R14_T03/S019_R14_T04/S019_R14_T05/S019_R14_T06/S019_R14_T07/S019_R14_T08/S019_R14_T09/S019_R14_T10/S019_R14_T11/S019_R14_T12/S019_R14_T13/S019_R14_T14,True,False,False,False,False,False,True,,12
19,19,target_lda,12,10,6/14,1/2/3/4/5/6/7/8/9/10/11/12/13/14/15/16/17/18/20,1/2/3/4/5/6/7/8/9/10/11/12/13/14/15/16/17/18/20,1/2/3/4/5/6/7/8/9/10/11/12/13/14/15/16/17/18/20,S019_R10_T00/S019_R10_T01/S019_R10_T02/S019_R10_T03/S019_R10_T04/S019_R10_T05/S019_R10_T06/S019_R10_T07/S019_R10_T08/S019_R10_T09/S019_R10_T10/S019_R10_T11,12,6,6,S019_R06_T00/S019_R06_T01/S019_R06_T02/S019_R06_T03/S019_R06_T04/S019_R06_T05/S019_R06_T06/S019_R06_T07/S019_R06_T08/S019_R06_T09/S019_R06_T10/S019_R06_T11/S019_R06_T12/S019_R06_T13/S019_R06_T14/S019_R14_T00/S019_R14_T01/S019_R14_T02/S019_R14_T03/S019_R14_T04/S019_R14_T05/S019_R14_T06/S019_R14_T07/S019_R14_T08/S019_R14_T09/S019_R14_T10/S019_R14_T11/S019_R14_T12/S019_R14_T13/S019_R14_T14,True,False,False,False,False,False,True,,12
19,19,target_lda,12,14,6/10,1/2/3/4/5/6/7/8/9/10/11/12/13/14/15/16/17/18/20,1/2/3/4/5/6/7/8/9/10/11/12/13/14/15/16/17/18/20,1/2/3/4/5/6/7/8/9/10/11/12/13/14/15/16/17/18/20,S019_R14_T00/S019_R14_T01/S019_R14_T02/S019_R14_T03/S019_R14_T04/S019_R14_T05/S019_R14_T06/S019_R14_T07/S019_R14_T08/S019_R14_T09/S019_R14_T10/S019_R14_T11,12,6,6,S019_R06_T00/S019_R06_T01/S019_R06_T02/S019_R06_T03/S019_R06_T04/S019_R06_T05/S019_R06_T06/S019_R06_T07/S019_R06_T08/S019_R06_T09/S019_R06_T10/S019_R06_T11/S019_R06_T12/S019_R06_T13/S019_R06_T14/S019_R10_T00/S019_R10_T01/S019_R10_T02/S019_R10_T03/S019_R10_T04/S019_R10_T05/S019_R10_T06/S019_R10_T07/S019_R10_T08/S019_R10_T09/S019_R10_T10/S019_R10_T11/S019_R10_T12/S019_R10_T13/S019_R10_T14,True,False,False,False,False,False,True,,12
19,19,target_lda,14,6,10/14,1/2/3/4/5/6/7/8/9/10/11/12/13/14/15/16/17/18/20,1/2/3/4/5/6/7/8/9/10/11/12/13/14/15/16/17/18/20,1/2/3/4/5/6/7/8/9/10/11/12/13/14/15/16/17/18/20,S019_R06_T00/S019_R06_T01/S019_R06_T02/S019_R06_T03/S019_R06_T04/S019_R06_T05/S019_R06_T06/S019_R06_T07/S019_R06_T08/S019_R06_T09/S019_R06_T10/S019_R06_T11/S019_R06_T12/S019_R06_T13,14,7,7,S019_R10_T00/S019_R10_T01/S019_R10_T02/S019_R10_T03/S019_R10_T04/S019_R10_T05/S019_R10_T06/S019_R10_T07/S019_R10_T08/S019_R10_T09/S019_R10_T10/S019_R10_T11/S019_R10_T12/S019_R10_T13/S019_R10_T14/S019_R14_T00/S019_R14_T01/S019_R14_T02/S019_R14_T03/S019_R14_T04/S019_R14_T05/S019_R14_T06/S019_R14_T07/S019_R14_T08/S019_R14_T09/S019_R14_T10/S019_R14_T11/S019_R14_T12/S019_R14_T13/S019_R14_T14,True,False,False,False,False,False,True,,14
19,19,target_lda,14,10,6/14,1/2/3/4/5/6/7/8/9/10/11/12/13/14/15/16/17/18/20,1/2/3/4/5/6/7/8/9/10/11/12/13/14/15/16/17/18/20,1/2/3/4/5/6/7/8/9/10/11/12/13/14/15/16/17/18/20,S019_R10_T00/S019_R10_T01/S019_R10_T02/S019_R10_T03/S019_R10_T04/S019_R10_T05/S019_R10_T06/S019_R10_T07/S019_R10_T08/S019_R10_T09/S019_R10_T10/S019_R10_T11/S019_R10_T12/S019_R10_T13,14,7,7,S019_R06_T00/S019_R06_T01/S019_R06_T02/S019_R06_T03/S019_R06_T04/S019_R06_T05/S019_R06_T06/S019_R06_T07/S019_R06_T08/S019_R06_T09/S019_R06_T10/S019_R06_T11/S019_R06_T12/S019_R06_T13/S019_R06_T14/S019_R14_T00/S019_R14_T01/S019_R14_T02/S019_R14_T03/S019_R14_T04/S019_R14_T05/S019_R14_T06/S019_R14_T07/S019_R14_T08/S019_R14_T09/S019_R14_T10/S019_R14_T11/S019_R14_T12/S019_R14_T13/S019_R14_T14,True,False,False,False,False,False,True,,14
19,19,target_lda,14,14,6/10,1/2/3/4/5/6/7/8/9/10/11/12/13/14/15/16/17/18/20,1/2/3/4/5/6/7/8/9/10/11/12/13/14/15/16/17/18/20,1/2/3/4/5/6/7/8/9/10/11/12/13/14/15/16/17/18/20,S019_R14_T00/S019_R14_T01/S019_R14_T02/S019_R14_T03/S019_R14_T04/S019_R14_T05/S019_R14_T06/S019_R14_T07/S019_R14_T08/S019_R14_T09/S019_R14_T10/S019_R14_T11/S019_R14_T12/S019_R14_T13,14,7,7,S019_R06_T00/S019_R06_T01/S019_R06_T02/S019_R06_T03/S019_R06_T04/S019_R06_T05/S019_R06_T06/S019_R06_T07/S019_R06_T08/S019_R06_T09/S019_R06_T10/S019_R06_T11/S019_R06_T12/S019_R06_T13/S019_R06_T14/S019_R10_T00/S019_R10_T01/S019_R10_T02/S019_R10_T03/S019_R10_T04/S019_R10_T05/S019_R10_T06/S019_R10_T07/S019_R10_T08/S019_R10_T09/S019_R10_T10/S019_R10_T11/S019_R10_T12/S019_R10_T13/S019_R10_T14,True,False,False,False,False,False,True,,14
20,20,threshold,0,6,10/14,1/2/3/4/5/6/7/8/9/10/11/12/13/14/15/16/17/18/19,1/2/3/4/5/6/7/8/9/10/11/12/13/14/15/16/17/18/19,1/2/3/4/5/6/7/8/9/10/11/12/13/14/15/16/17/18/19,,0,0,0,S020_R10_T00/S020_R10_T01/S020_R10_T02/S020_R10_T03/S020_R10_T04/S020_R10_T05/S020_R10_T06/S020_R10_T07/S020_R10_T08/S020_R10_T09/S020_R10_T10/S020_R10_T11/S020_R10_T12/S020_R10_T13/S020_R10_T14/S020_R14_T00/S020_R14_T01/S020_R14_T02/S020_R14_T03/S020_R14_T04/S020_R14_T05/S020_R14_T06/S020_R14_T07/S020_R14_T08/S020_R14_T09/S020_R14_T10/S020_R14_T11/S020_R14_T12/S020_R14_T13/S020_R14_T14,True,False,False,False,False,False,False,,0
20,20,threshold,0,10,6/14,1/2/3/4/5/6/7/8/9/10/11/12/13/14/15/16/17/18/19,1/2/3/4/5/6/7/8/9/10/11/12/13/14/15/16/17/18/19,1/2/3/4/5/6/7/8/9/10/11/12/13/14/15/16/17/18/19,,0,0,0,S020_R06_T00/S020_R06_T01/S020_R06_T02/S020_R06_T03/S020_R06_T04/S020_R06_T05/S020_R06_T06/S020_R06_T07/S020_R06_T08/S020_R06_T09/S020_R06_T10/S020_R06_T11/S020_R06_T12/S020_R06_T13/S020_R06_T14/S020_R14_T00/S020_R14_T01/S020_R14_T02/S020_R14_T03/S020_R14_T04/S020_R14_T05/S020_R14_T06/S020_R14_T07/S020_R14_T08/S020_R14_T09/S020_R14_T10/S020_R14_T11/S020_R14_T12/S020_R14_T13/S020_R14_T14,True,False,False,False,False,False,False,,0
20,20,threshold,0,14,6/10,1/2/3/4/5/6/7/8/9/10/11/12/13/14/15/16/17/18/19,1/2/3/4/5/6/7/8/9/10/11/12/13/14/15/16/17/18/19,1/2/3/4/5/6/7/8/9/10/11/12/13/14/15/16/17/18/19,,0,0,0,S020_R06_T00/S020_R06_T01/S020_R06_T02/S020_R06_T03/S020_R06_T04/S020_R06_T05/S020_R06_T06/S020_R06_T07/S020_R06_T08/S020_R06_T09/S020_R06_T10/S020_R06_T11/S020_R06_T12/S020_R06_T13/S020_R06_T14/S020_R10_T00/S020_R10_T01/S020_R10_T02/S020_R10_T03/S020_R10_T04/S020_R10_T05/S020_R10_T06/S020_R10_T07/S020_R10_T08/S020_R10_T09/S020_R10_T10/S020_R10_T11/S020_R10_T12/S020_R10_T13/S020_R10_T14,True,False,False,False,False,False,False,,0
20,20,threshold,4,6,10/14,1/2/3/4/5/6/7/8/9/10/11/12/13/14/15/16/17/18/19,1/2/3/4/5/6/7/8/9/10/11/12/13/14/15/16/17/18/19,1/2/3/4/5/6/7/8/9/10/11/12/13/14/15/16/17/18/19,S020_R06_T00/S020_R06_T01/S020_R06_T02/S020_R06_T03,4,2,2,S020_R10_T00/S020_R10_T01/S020_R10_T02/S020_R10_T03/S020_R10_T04/S020_R10_T05/S020_R10_T06/S020_R10_T07/S020_R10_T08/S020_R10_T09/S020_R10_T10/S020_R10_T11/S020_R10_T12/S020_R10_T13/S020_R10_T14/S020_R14_T00/S020_R14_T01/S020_R14_T02/S020_R14_T03/S020_R14_T04/S020_R14_T05/S020_R14_T06/S020_R14_T07/S020_R14_T08/S020_R14_T09/S020_R14_T10/S020_R14_T11/S020_R14_T12/S020_R14_T13/S020_R14_T14,True,False,False,False,False,False,True,0.02907791091898859,0
20,20,threshold,4,10,6/14,1/2/3/4/5/6/7/8/9/10/11/12/13/14/15/16/17/18/19,1/2/3/4/5/6/7/8/9/10/11/12/13/14/15/16/17/18/19,1/2/3/4/5/6/7/8/9/10/11/12/13/14/15/16/17/18/19,S020_R10_T00/S020_R10_T01/S020_R10_T02/S020_R10_T03,4,2,2,S020_R06_T00/S020_R06_T01/S020_R06_T02/S020_R06_T03/S020_R06_T04/S020_R06_T05/S020_R06_T06/S020_R06_T07/S020_R06_T08/S020_R06_T09/S020_R06_T10/S020_R06_T11/S020_R06_T12/S020_R06_T13/S020_R06_T14/S020_R14_T00/S020_R14_T01/S020_R14_T02/S020_R14_T03/S020_R14_T04/S020_R14_T05/S020_R14_T06/S020_R14_T07/S020_R14_T08/S020_R14_T09/S020_R14_T10/S020_R14_T11/S020_R14_T12/S020_R14_T13/S020_R14_T14,True,False,False,False,False,False,True,0.1844305701796715,0
20,20,threshold,4,14,6/10,1/2/3/4/5/6/7/8/9/10/11/12/13/14/15/16/17/18/19,1/2/3/4/5/6/7/8/9/10/11/12/13/14/15/16/17/18/19,1/2/3/4/5/6/7/8/9/10/11/12/13/14/15/16/17/18/19,S020_R14_T00/S020_R14_T01/S020_R14_T02/S020_R14_T03,4,2,2,S020_R06_T00/S020_R06_T01/S020_R06_T02/S020_R06_T03/S020_R06_T04/S020_R06_T05/S020_R06_T06/S020_R06_T07/S020_R06_T08/S020_R06_T09/S020_R06_T10/S020_R06_T11/S020_R06_T12/S020_R06_T13/S020_R06_T14/S020_R10_T00/S020_R10_T01/S020_R10_T02/S020_R10_T03/S020_R10_T04/S020_R10_T05/S020_R10_T06/S020_R10_T07/S020_R10_T08/S020_R10_T09/S020_R10_T10/S020_R10_T11/S020_R10_T12/S020_R10_T13/S020_R10_T14,True,False,False,False,False,False,True,0.9585009606524848,0
20,20,threshold,8,6,10/14,1/2/3/4/5/6/7/8/9/10/11/12/13/14/15/16/17/18/19,1/2/3/4/5/6/7/8/9/10/11/12/13/14/15/16/17/18/19,1/2/3/4/5/6/7/8/9/10/11/12/13/14/15/16/17/18/19,S020_R06_T00/S020_R06_T01/S020_R06_T02/S020_R06_T03/S020_R06_T04/S020_R06_T05/S020_R06_T06/S020_R06_T07,8,4,4,S020_R10_T00/S020_R10_T01/S020_R10_T02/S020_R10_T03/S020_R10_T04/S020_R10_T05/S020_R10_T06/S020_R10_T07/S020_R10_T08/S020_R10_T09/S020_R10_T10/S020_R10_T11/S020_R10_T12/S020_R10_T13/S020_R10_T14/S020_R14_T00/S020_R14_T01/S020_R14_T02/S020_R14_T03/S020_R14_T04/S020_R14_T05/S020_R14_T06/S020_R14_T07/S020_R14_T08/S020_R14_T09/S020_R14_T10/S020_R14_T11/S020_R14_T12/S020_R14_T13/S020_R14_T14,True,False,False,False,False,False,True,0.01027992589676785,0
20,20,threshold,8,10,6/14,1/2/3/4/5/6/7/8/9/10/11/12/13/14/15/16/17/18/19,1/2/3/4/5/6/7/8/9/10/11/12/13/14/15/16/17/18/19,1/2/3/4/5/6/7/8/9/10/11/12/13/14/15/16/17/18/19,S020_R10_T00/S020_R10_T01/S020_R10_T02/S020_R10_T03/S020_R10_T04/S020_R10_T05/S020_R10_T06/S020_R10_T07,8,4,4,S020_R06_T00/S020_R06_T01/S020_R06_T02/S020_R06_T03/S020_R06_T04/S020_R06_T05/S020_R06_T06/S020_R06_T07/S020_R06_T08/S020_R06_T09/S020_R06_T10/S020_R06_T11/S020_R06_T12/S020_R06_T13/S020_R06_T14/S020_R14_T00/S020_R14_T01/S020_R14_T02/S020_R14_T03/S020_R14_T04/S020_R14_T05/S020_R14_T06/S020_R14_T07/S020_R14_T08/S020_R14_T09/S020_R14_T10/S020_R14_T11/S020_R14_T12/S020_R14_T13/S020_R14_T14,True,False,False,False,False,False,True,-0.04229594363270983,0
20,20,threshold,8,14,6/10,1/2/3/4/5/6/7/8/9/10/11/12/13/14/15/16/17/18/19,1/2/3/4/5/6/7/8/9/10/11/12/13/14/15/16/17/18/19,1/2/3/4/5/6/7/8/9/10/11/12/13/14/15/16/17/18/19,S020_R14_T00/S020_R14_T01/S020_R14_T02/S020_R14_T03/S020_R14_T04/S020_R14_T05/S020_R14_T06/S020_R14_T07,8,4,4,S020_R06_T00/S020_R06_T01/S020_R06_T02/S020_R06_T03/S020_R06_T04/S020_R06_T05/S020_R06_T06/S020_R06_T07/S020_R06_T08/S020_R06_T09/S020_R06_T10/S020_R06_T11/S020_R06_T12/S020_R06_T13/S020_R06_T14/S020_R10_T00/S020_R10_T01/S020_R10_T02/S020_R10_T03/S020_R10_T04/S020_R10_T05/S020_R10_T06/S020_R10_T07/S020_R10_T08/S020_R10_T09/S020_R10_T10/S020_R10_T11/S020_R10_T12/S020_R10_T13/S020_R10_T14,True,False,False,False,False,False,True,-0.23162756386790606,0
20,20,threshold,12,6,10/14,1/2/3/4/5/6/7/8/9/10/11/12/13/14/15/16/17/18/19,1/2/3/4/5/6/7/8/9/10/11/12/13/14/15/16/17/18/19,1/2/3/4/5/6/7/8/9/10/11/12/13/14/15/16/17/18/19,S020_R06_T00/S020_R06_T01/S020_R06_T02/S020_R06_T03/S020_R06_T04/S020_R06_T05/S020_R06_T06/S020_R06_T07/S020_R06_T08/S020_R06_T09/S020_R06_T10/S020_R06_T11,12,6,6,S020_R10_T00/S020_R10_T01/S020_R10_T02/S020_R10_T03/S020_R10_T04/S020_R10_T05/S020_R10_T06/S020_R10_T07/S020_R10_T08/S020_R10_T09/S020_R10_T10/S020_R10_T11/S020_R10_T12/S020_R10_T13/S020_R10_T14/S020_R14_T00/S020_R14_T01/S020_R14_T02/S020_R14_T03/S020_R14_T04/S020_R14_T05/S020_R14_T06/S020_R14_T07/S020_R14_T08/S020_R14_T09/S020_R14_T10/S020_R14_T11/S020_R14_T12/S020_R14_T13/S020_R14_T14,True,False,False,False,False,False,True,0.026022003967656082,0
20,20,threshold,12,10,6/14,1/2/3/4/5/6/7/8/9/10/11/12/13/14/15/16/17/18/19,1/2/3/4/5/6/7/8/9/10/11/12/13/14/15/16/17/18/19,1/2/3/4/5/6/7/8/9/10/11/12/13/14/15/16/17/18/19,S020_R10_T00/S020_R10_T01/S020_R10_T02/S020_R10_T03/S020_R10_T04/S020_R10_T05/S020_R10_T06/S020_R10_T07/S020_R10_T08/S020_R10_T09/S020_R10_T10/S020_R10_T11,12,6,6,S020_R06_T00/S020_R06_T01/S020_R06_T02/S020_R06_T03/S020_R06_T04/S020_R06_T05/S020_R06_T06/S020_R06_T07/S020_R06_T08/S020_R06_T09/S020_R06_T10/S020_R06_T11/S020_R06_T12/S020_R06_T13/S020_R06_T14/S020_R14_T00/S020_R14_T01/S020_R14_T02/S020_R14_T03/S020_R14_T04/S020_R14_T05/S020_R14_T06/S020_R14_T07/S020_R14_T08/S020_R14_T09/S020_R14_T10/S020_R14_T11/S020_R14_T12/S020_R14_T13/S020_R14_T14,True,False,False,False,False,False,True,0.009799442023590066,0
20,20,threshold,12,14,6/10,1/2/3/4/5/6/7/8/9/10/11/12/13/14/15/16/17/18/19,1/2/3/4/5/6/7/8/9/10/11/12/13/14/15/16/17/18/19,1/2/3/4/5/6/7/8/9/10/11/12/13/14/15/16/17/18/19,S020_R14_T00/S020_R14_T01/S020_R14_T02/S020_R14_T03/S020_R14_T04/S020_R14_T05/S020_R14_T06/S020_R14_T07/S020_R14_T08/S020_R14_T09/S020_R14_T10/S020_R14_T11,12,6,6,S020_R06_T00/S020_R06_T01/S020_R06_T02/S020_R06_T03/S020_R06_T04/S020_R06_T05/S020_R06_T06/S020_R06_T07/S020_R06_T08/S020_R06_T09/S020_R06_T10/S020_R06_T11/S020_R06_T12/S020_R06_T13/S020_R06_T14/S020_R10_T00/S020_R10_T01/S020_R10_T02/S020_R10_T03/S020_R10_T04/S020_R10_T05/S020_R10_T06/S020_R10_T07/S020_R10_T08/S020_R10_T09/S020_R10_T10/S020_R10_T11/S020_R10_T12/S020_R10_T13/S020_R10_T14,True,False,False,False,False,False,True,-0.3318738063929517,0
20,20,threshold,14,6,10/14,1/2/3/4/5/6/7/8/9/10/11/12/13/14/15/16/17/18/19,1/2/3/4/5/6/7/8/9/10/11/12/13/14/15/16/17/18/19,1/2/3/4/5/6/7/8/9/10/11/12/13/14/15/16/17/18/19,S020_R06_T00/S020_R06_T01/S020_R06_T02/S020_R06_T03/S020_R06_T04/S020_R06_T05/S020_R06_T06/S020_R06_T07/S020_R06_T08/S020_R06_T09/S020_R06_T10/S020_R06_T11/S020_R06_T12/S020_R06_T13,14,7,7,S020_R10_T00/S020_R10_T01/S020_R10_T02/S020_R10_T03/S020_R10_T04/S020_R10_T05/S020_R10_T06/S020_R10_T07/S020_R10_T08/S020_R10_T09/S020_R10_T10/S020_R10_T11/S020_R10_T12/S020_R10_T13/S020_R10_T14/S020_R14_T00/S020_R14_T01/S020_R14_T02/S020_R14_T03/S020_R14_T04/S020_R14_T05/S020_R14_T06/S020_R14_T07/S020_R14_T08/S020_R14_T09/S020_R14_T10/S020_R14_T11/S020_R14_T12/S020_R14_T13/S020_R14_T14,True,False,False,False,False,False,True,0.026022003967656082,0
20,20,threshold,14,10,6/14,1/2/3/4/5/6/7/8/9/10/11/12/13/14/15/16/17/18/19,1/2/3/4/5/6/7/8/9/10/11/12/13/14/15/16/17/18/19,1/2/3/4/5/6/7/8/9/10/11/12/13/14/15/16/17/18/19,S020_R10_T00/S020_R10_T01/S020_R10_T02/S020_R10_T03/S020_R10_T04/S020_R10_T05/S020_R10_T06/S020_R10_T07/S020_R10_T08/S020_R10_T09/S020_R10_T10/S020_R10_T11/S020_R10_T12/S020_R10_T13,14,7,7,S020_R06_T00/S020_R06_T01/S020_R06_T02/S020_R06_T03/S020_R06_T04/S020_R06_T05/S020_R06_T06/S020_R06_T07/S020_R06_T08/S020_R06_T09/S020_R06_T10/S020_R06_T11/S020_R06_T12/S020_R06_T13/S020_R06_T14/S020_R14_T00/S020_R14_T01/S020_R14_T02/S020_R14_T03/S020_R14_T04/S020_R14_T05/S020_R14_T06/S020_R14_T07/S020_R14_T08/S020_R14_T09/S020_R14_T10/S020_R14_T11/S020_R14_T12/S020_R14_T13/S020_R14_T14,True,False,False,False,False,False,True,0.009799442023590066,0
20,20,threshold,14,14,6/10,1/2/3/4/5/6/7/8/9/10/11/12/13/14/15/16/17/18/19,1/2/3/4/5/6/7/8/9/10/11/12/13/14/15/16/17/18/19,1/2/3/4/5/6/7/8/9/10/11/12/13/14/15/16/17/18/19,S020_R14_T00/S020_R14_T01/S020_R14_T02/S020_R14_T03/S020_R14_T04/S020_R14_T05/S020_R14_T06/S020_R14_T07/S020_R14_T08/S020_R14_T09/S020_R14_T10/S020_R14_T11/S020_R14_T12/S020_R14_T13,14,7,7,S020_R06_T00/S020_R06_T01/S020_R06_T02/S020_R06_T03/S020_R06_T04/S020_R06_T05/S020_R06_T06/S020_R06_T07/S020_R06_T08/S020_R06_T09/S020_R06_T10/S020_R06_T11/S020_R06_T12/S020_R06_T13/S020_R06_T14/S020_R10_T00/S020_R10_T01/S020_R10_T02/S020_R10_T03/S020_R10_T04/S020_R10_T05/S020_R10_T06/S020_R10_T07/S020_R10_T08/S020_R10_T09/S020_R10_T10/S020_R10_T11/S020_R10_T12/S020_R10_T13/S020_R10_T14,True,False,False,False,False,False,True,-0.3582179232769901,0
20,20,target_lda,0,6,10/14,1/2/3/4/5/6/7/8/9/10/11/12/13/14/15/16/17/18/19,1/2/3/4/5/6/7/8/9/10/11/12/13/14/15/16/17/18/19,1/2/3/4/5/6/7/8/9/10/11/12/13/14/15/16/17/18/19,,0,0,0,S020_R10_T00/S020_R10_T01/S020_R10_T02/S020_R10_T03/S020_R10_T04/S020_R10_T05/S020_R10_T06/S020_R10_T07/S020_R10_T08/S020_R10_T09/S020_R10_T10/S020_R10_T11/S020_R10_T12/S020_R10_T13/S020_R10_T14/S020_R14_T00/S020_R14_T01/S020_R14_T02/S020_R14_T03/S020_R14_T04/S020_R14_T05/S020_R14_T06/S020_R14_T07/S020_R14_T08/S020_R14_T09/S020_R14_T10/S020_R14_T11/S020_R14_T12/S020_R14_T13/S020_R14_T14,True,False,False,False,False,False,False,,0
20,20,target_lda,0,10,6/14,1/2/3/4/5/6/7/8/9/10/11/12/13/14/15/16/17/18/19,1/2/3/4/5/6/7/8/9/10/11/12/13/14/15/16/17/18/19,1/2/3/4/5/6/7/8/9/10/11/12/13/14/15/16/17/18/19,,0,0,0,S020_R06_T00/S020_R06_T01/S020_R06_T02/S020_R06_T03/S020_R06_T04/S020_R06_T05/S020_R06_T06/S020_R06_T07/S020_R06_T08/S020_R06_T09/S020_R06_T10/S020_R06_T11/S020_R06_T12/S020_R06_T13/S020_R06_T14/S020_R14_T00/S020_R14_T01/S020_R14_T02/S020_R14_T03/S020_R14_T04/S020_R14_T05/S020_R14_T06/S020_R14_T07/S020_R14_T08/S020_R14_T09/S020_R14_T10/S020_R14_T11/S020_R14_T12/S020_R14_T13/S020_R14_T14,True,False,False,False,False,False,False,,0
20,20,target_lda,0,14,6/10,1/2/3/4/5/6/7/8/9/10/11/12/13/14/15/16/17/18/19,1/2/3/4/5/6/7/8/9/10/11/12/13/14/15/16/17/18/19,1/2/3/4/5/6/7/8/9/10/11/12/13/14/15/16/17/18/19,,0,0,0,S020_R06_T00/S020_R06_T01/S020_R06_T02/S020_R06_T03/S020_R06_T04/S020_R06_T05/S020_R06_T06/S020_R06_T07/S020_R06_T08/S020_R06_T09/S020_R06_T10/S020_R06_T11/S020_R06_T12/S020_R06_T13/S020_R06_T14/S020_R10_T00/S020_R10_T01/S020_R10_T02/S020_R10_T03/S020_R10_T04/S020_R10_T05/S020_R10_T06/S020_R10_T07/S020_R10_T08/S020_R10_T09/S020_R10_T10/S020_R10_T11/S020_R10_T12/S020_R10_T13/S020_R10_T14,True,False,False,False,False,False,False,,0
20,20,target_lda,4,6,10/14,1/2/3/4/5/6/7/8/9/10/11/12/13/14/15/16/17/18/19,1/2/3/4/5/6/7/8/9/10/11/12/13/14/15/16/17/18/19,1/2/3/4/5/6/7/8/9/10/11/12/13/14/15/16/17/18/19,S020_R06_T00/S020_R06_T01/S020_R06_T02/S020_R06_T03,4,2,2,S020_R10_T00/S020_R10_T01/S020_R10_T02/S020_R10_T03/S020_R10_T04/S020_R10_T05/S020_R10_T06/S020_R10_T07/S020_R10_T08/S020_R10_T09/S020_R10_T10/S020_R10_T11/S020_R10_T12/S020_R10_T13/S020_R10_T14/S020_R14_T00/S020_R14_T01/S020_R14_T02/S020_R14_T03/S020_R14_T04/S020_R14_T05/S020_R14_T06/S020_R14_T07/S020_R14_T08/S020_R14_T09/S020_R14_T10/S020_R14_T11/S020_R14_T12/S020_R14_T13/S020_R14_T14,True,False,False,False,False,False,True,,4
20,20,target_lda,4,10,6/14,1/2/3/4/5/6/7/8/9/10/11/12/13/14/15/16/17/18/19,1/2/3/4/5/6/7/8/9/10/11/12/13/14/15/16/17/18/19,1/2/3/4/5/6/7/8/9/10/11/12/13/14/15/16/17/18/19,S020_R10_T00/S020_R10_T01/S020_R10_T02/S020_R10_T03,4,2,2,S020_R06_T00/S020_R06_T01/S020_R06_T02/S020_R06_T03/S020_R06_T04/S020_R06_T05/S020_R06_T06/S020_R06_T07/S020_R06_T08/S020_R06_T09/S020_R06_T10/S020_R06_T11/S020_R06_T12/S020_R06_T13/S020_R06_T14/S020_R14_T00/S020_R14_T01/S020_R14_T02/S020_R14_T03/S020_R14_T04/S020_R14_T05/S020_R14_T06/S020_R14_T07/S020_R14_T08/S020_R14_T09/S020_R14_T10/S020_R14_T11/S020_R14_T12/S020_R14_T13/S020_R14_T14,True,False,False,False,False,False,True,,4
20,20,target_lda,4,14,6/10,1/2/3/4/5/6/7/8/9/10/11/12/13/14/15/16/17/18/19,1/2/3/4/5/6/7/8/9/10/11/12/13/14/15/16/17/18/19,1/2/3/4/5/6/7/8/9/10/11/12/13/14/15/16/17/18/19,S020_R14_T00/S020_R14_T01/S020_R14_T02/S020_R14_T03,4,2,2,S020_R06_T00/S020_R06_T01/S020_R06_T02/S020_R06_T03/S020_R06_T04/S020_R06_T05/S020_R06_T06/S020_R06_T07/S020_R06_T08/S020_R06_T09/S020_R06_T10/S020_R06_T11/S020_R06_T12/S020_R06_T13/S020_R06_T14/S020_R10_T00/S020_R10_T01/S020_R10_T02/S020_R10_T03/S020_R10_T04/S020_R10_T05/S020_R10_T06/S020_R10_T07/S020_R10_T08/S020_R10_T09/S020_R10_T10/S020_R10_T11/S020_R10_T12/S020_R10_T13/S020_R10_T14,True,False,False,False,False,False,True,,4
20,20,target_lda,8,6,10/14,1/2/3/4/5/6/7/8/9/10/11/12/13/14/15/16/17/18/19,1/2/3/4/5/6/7/8/9/10/11/12/13/14/15/16/17/18/19,1/2/3/4/5/6/7/8/9/10/11/12/13/14/15/16/17/18/19,S020_R06_T00/S020_R06_T01/S020_R06_T02/S020_R06_T03/S020_R06_T04/S020_R06_T05/S020_R06_T06/S020_R06_T07,8,4,4,S020_R10_T00/S020_R10_T01/S020_R10_T02/S020_R10_T03/S020_R10_T04/S020_R10_T05/S020_R10_T06/S020_R10_T07/S020_R10_T08/S020_R10_T09/S020_R10_T10/S020_R10_T11/S020_R10_T12/S020_R10_T13/S020_R10_T14/S020_R14_T00/S020_R14_T01/S020_R14_T02/S020_R14_T03/S020_R14_T04/S020_R14_T05/S020_R14_T06/S020_R14_T07/S020_R14_T08/S020_R14_T09/S020_R14_T10/S020_R14_T11/S020_R14_T12/S020_R14_T13/S020_R14_T14,True,False,False,False,False,False,True,,8
20,20,target_lda,8,10,6/14,1/2/3/4/5/6/7/8/9/10/11/12/13/14/15/16/17/18/19,1/2/3/4/5/6/7/8/9/10/11/12/13/14/15/16/17/18/19,1/2/3/4/5/6/7/8/9/10/11/12/13/14/15/16/17/18/19,S020_R10_T00/S020_R10_T01/S020_R10_T02/S020_R10_T03/S020_R10_T04/S020_R10_T05/S020_R10_T06/S020_R10_T07,8,4,4,S020_R06_T00/S020_R06_T01/S020_R06_T02/S020_R06_T03/S020_R06_T04/S020_R06_T05/S020_R06_T06/S020_R06_T07/S020_R06_T08/S020_R06_T09/S020_R06_T10/S020_R06_T11/S020_R06_T12/S020_R06_T13/S020_R06_T14/S020_R14_T00/S020_R14_T01/S020_R14_T02/S020_R14_T03/S020_R14_T04/S020_R14_T05/S020_R14_T06/S020_R14_T07/S020_R14_T08/S020_R14_T09/S020_R14_T10/S020_R14_T11/S020_R14_T12/S020_R14_T13/S020_R14_T14,True,False,False,False,False,False,True,,8
20,20,target_lda,8,14,6/10,1/2/3/4/5/6/7/8/9/10/11/12/13/14/15/16/17/18/19,1/2/3/4/5/6/7/8/9/10/11/12/13/14/15/16/17/18/19,1/2/3/4/5/6/7/8/9/10/11/12/13/14/15/16/17/18/19,S020_R14_T00/S020_R14_T01/S020_R14_T02/S020_R14_T03/S020_R14_T04/S020_R14_T05/S020_R14_T06/S020_R14_T07,8,4,4,S020_R06_T00/S020_R06_T01/S020_R06_T02/S020_R06_T03/S020_R06_T04/S020_R06_T05/S020_R06_T06/S020_R06_T07/S020_R06_T08/S020_R06_T09/S020_R06_T10/S020_R06_T11/S020_R06_T12/S020_R06_T13/S020_R06_T14/S020_R10_T00/S020_R10_T01/S020_R10_T02/S020_R10_T03/S020_R10_T04/S020_R10_T05/S020_R10_T06/S020_R10_T07/S020_R10_T08/S020_R10_T09/S020_R10_T10/S020_R10_T11/S020_R10_T12/S020_R10_T13/S020_R10_T14,True,False,False,False,False,False,True,,8
20,20,target_lda,12,6,10/14,1/2/3/4/5/6/7/8/9/10/11/12/13/14/15/16/17/18/19,1/2/3/4/5/6/7/8/9/10/11/12/13/14/15/16/17/18/19,1/2/3/4/5/6/7/8/9/10/11/12/13/14/15/16/17/18/19,S020_R06_T00/S020_R06_T01/S020_R06_T02/S020_R06_T03/S020_R06_T04/S020_R06_T05/S020_R06_T06/S020_R06_T07/S020_R06_T08/S020_R06_T09/S020_R06_T10/S020_R06_T11,12,6,6,S020_R10_T00/S020_R10_T01/S020_R10_T02/S020_R10_T03/S020_R10_T04/S020_R10_T05/S020_R10_T06/S020_R10_T07/S020_R10_T08/S020_R10_T09/S020_R10_T10/S020_R10_T11/S020_R10_T12/S020_R10_T13/S020_R10_T14/S020_R14_T00/S020_R14_T01/S020_R14_T02/S020_R14_T03/S020_R14_T04/S020_R14_T05/S020_R14_T06/S020_R14_T07/S020_R14_T08/S020_R14_T09/S020_R14_T10/S020_R14_T11/S020_R14_T12/S020_R14_T13/S020_R14_T14,True,False,False,False,False,False,True,,12
20,20,target_lda,12,10,6/14,1/2/3/4/5/6/7/8/9/10/11/12/13/14/15/16/17/18/19,1/2/3/4/5/6/7/8/9/10/11/12/13/14/15/16/17/18/19,1/2/3/4/5/6/7/8/9/10/11/12/13/14/15/16/17/18/19,S020_R10_T00/S020_R10_T01/S020_R10_T02/S020_R10_T03/S020_R10_T04/S020_R10_T05/S020_R10_T06/S020_R10_T07/S020_R10_T08/S020_R10_T09/S020_R10_T10/S020_R10_T11,12,6,6,S020_R06_T00/S020_R06_T01/S020_R06_T02/S020_R06_T03/S020_R06_T04/S020_R06_T05/S020_R06_T06/S020_R06_T07/S020_R06_T08/S020_R06_T09/S020_R06_T10/S020_R06_T11/S020_R06_T12/S020_R06_T13/S020_R06_T14/S020_R14_T00/S020_R14_T01/S020_R14_T02/S020_R14_T03/S020_R14_T04/S020_R14_T05/S020_R14_T06/S020_R14_T07/S020_R14_T08/S020_R14_T09/S020_R14_T10/S020_R14_T11/S020_R14_T12/S020_R14_T13/S020_R14_T14,True,False,False,False,False,False,True,,12
20,20,target_lda,12,14,6/10,1/2/3/4/5/6/7/8/9/10/11/12/13/14/15/16/17/18/19,1/2/3/4/5/6/7/8/9/10/11/12/13/14/15/16/17/18/19,1/2/3/4/5/6/7/8/9/10/11/12/13/14/15/16/17/18/19,S020_R14_T00/S020_R14_T01/S020_R14_T02/S020_R14_T03/S020_R14_T04/S020_R14_T05/S020_R14_T06/S020_R14_T07/S020_R14_T08/S020_R14_T09/S020_R14_T10/S020_R14_T11,12,6,6,S020_R06_T00/S020_R06_T01/S020_R06_T02/S020_R06_T03/S020_R06_T04/S020_R06_T05/S020_R06_T06/S020_R06_T07/S020_R06_T08/S020_R06_T09/S020_R06_T10/S020_R06_T11/S020_R06_T12/S020_R06_T13/S020_R06_T14/S020_R10_T00/S020_R10_T01/S020_R10_T02/S020_R10_T03/S020_R10_T04/S020_R10_T05/S020_R10_T06/S020_R10_T07/S020_R10_T08/S020_R10_T09/S020_R10_T10/S020_R10_T11/S020_R10_T12/S020_R10_T13/S020_R10_T14,True,False,False,False,False,False,True,,12
20,20,target_lda,14,6,10/14,1/2/3/4/5/6/7/8/9/10/11/12/13/14/15/16/17/18/19,1/2/3/4/5/6/7/8/9/10/11/12/13/14/15/16/17/18/19,1/2/3/4/5/6/7/8/9/10/11/12/13/14/15/16/17/18/19,S020_R06_T00/S020_R06_T01/S020_R06_T02/S020_R06_T03/S020_R06_T04/S020_R06_T05/S020_R06_T06/S020_R06_T07/S020_R06_T08/S020_R06_T09/S020_R06_T10/S020_R06_T11/S020_R06_T12/S020_R06_T13,14,7,7,S020_R10_T00/S020_R10_T01/S020_R10_T02/S020_R10_T03/S020_R10_T04/S020_R10_T05/S020_R10_T06/S020_R10_T07/S020_R10_T08/S020_R10_T09/S020_R10_T10/S020_R10_T11/S020_R10_T12/S020_R10_T13/S020_R10_T14/S020_R14_T00/S020_R14_T01/S020_R14_T02/S020_R14_T03/S020_R14_T04/S020_R14_T05/S020_R14_T06/S020_R14_T07/S020_R14_T08/S020_R14_T09/S020_R14_T10/S020_R14_T11/S020_R14_T12/S020_R14_T13/S020_R14_T14,True,False,False,False,False,False,True,,14
20,20,target_lda,14,10,6/14,1/2/3/4/5/6/7/8/9/10/11/12/13/14/15/16/17/18/19,1/2/3/4/5/6/7/8/9/10/11/12/13/14/15/16/17/18/19,1/2/3/4/5/6/7/8/9/10/11/12/13/14/15/16/17/18/19,S020_R10_T00/S020_R10_T01/S020_R10_T02/S020_R10_T03/S020_R10_T04/S020_R10_T05/S020_R10_T06/S020_R10_T07/S020_R10_T08/S020_R10_T09/S020_R10_T10/S020_R10_T11/S020_R10_T12/S020_R10_T13,14,7,7,S020_R06_T00/S020_R06_T01/S020_R06_T02/S020_R06_T03/S020_R06_T04/S020_R06_T05/S020_R06_T06/S020_R06_T07/S020_R06_T08/S020_R06_T09/S020_R06_T10/S020_R06_T11/S020_R06_T12/S020_R06_T13/S020_R06_T14/S020_R14_T00/S020_R14_T01/S020_R14_T02/S020_R14_T03/S020_R14_T04/S020_R14_T05/S020_R14_T06/S020_R14_T07/S020_R14_T08/S020_R14_T09/S020_R14_T10/S020_R14_T11/S020_R14_T12/S020_R14_T13/S020_R14_T14,True,False,False,False,False,False,True,,14
20,20,target_lda,14,14,6/10,1/2/3/4/5/6/7/8/9/10/11/12/13/14/15/16/17/18/19,1/2/3/4/5/6/7/8/9/10/11/12/13/14/15/16/17/18/19,1/2/3/4/5/6/7/8/9/10/11/12/13/14/15/16/17/18/19,S020_R14_T00/S020_R14_T01/S020_R14_T02/S020_R14_T03/S020_R14_T04/S020_R14_T05/S020_R14_T06/S020_R14_T07/S020_R14_T08/S020_R14_T09/S020_R14_T10/S020_R14_T11/S020_R14_T12/S020_R14_T13,14,7,7,S020_R06_T00/S020_R06_T01/S020_R06_T02/S020_R06_T03/S020_R06_T04/S020_R06_T05/S020_R06_T06/S020_R06_T07/S020_R06_T08/S020_R06_T09/S020_R06_T10/S020_R06_T11/S020_R06_T12/S020_R06_T13/S020_R06_T14/S020_R10_T00/S020_R10_T01/S020_R10_T02/S020_R10_T03/S020_R10_T04/S020_R10_T05/S020_R10_T06/S020_R10_T07/S020_R10_T08/S020_R10_T09/S020_R10_T10/S020_R10_T11/S020_R10_T12/S020_R10_T13/S020_R10_T14,True,False,False,False,False,False,True,,14
