subject,task,model,qc_sensitivity,fold,test_run,training_runs,balanced_accuracy,accuracy,macro_f1,roc_auc,left_recall,right_recall,true_left_predicted_left,true_left_predicted_right,true_right_predicted_left,true_right_predicted_right,trial_count
21,left_vs_right_fist_imagery,spectral_baseline_6,False,1,4,8/12,0.33035714285714285,0.3333333333333333,0.33035714285714285,0.42857142857142855,0.375,0.2857142857142857,3,5,5,2,15
21,left_vs_right_fist_imagery,spectral_baseline_6,False,2,8,4/12,0.5892857142857143,0.6,0.5833333333333333,0.6428571428571428,0.75,0.42857142857142855,6,2,4,3,15
21,left_vs_right_fist_imagery,spectral_baseline_6,False,3,12,4/8,0.4642857142857143,0.4666666666666667,0.4642857142857143,0.5,0.5,0.42857142857142855,4,4,4,3,15
21,left_vs_right_fist_imagery,spectral_baseline_6,True,1,4,8/12,0.33035714285714285,0.3333333333333333,0.33035714285714285,0.4464285714285714,0.375,0.2857142857142857,3,5,5,2,15
21,left_vs_right_fist_imagery,spectral_baseline_6,True,2,8,4/12,0.7142857142857143,0.6923076923076923,0.675,0.7619047619047619,1.0,0.42857142857142855,6,0,4,3,13
21,left_vs_right_fist_imagery,spectral_baseline_6,True,3,12,4/8,0.39285714285714285,0.4,0.3891402714932127,0.46428571428571425,0.5,0.2857142857142857,4,4,5,2,15
21,left_vs_right_fist_imagery,csp_4_empirical,False,1,4,8/12,0.7410714285714286,0.7333333333333333,0.7321428571428572,0.8392857142857142,0.625,0.8571428571428571,5,3,1,6,15
21,left_vs_right_fist_imagery,csp_4_empirical,False,2,8,4/12,0.6071428571428572,0.6,0.5982142857142857,0.5892857142857143,0.5,0.7142857142857143,4,4,2,5,15
21,left_vs_right_fist_imagery,csp_4_empirical,False,3,12,4/8,0.5982142857142857,0.6,0.5982142857142857,0.6428571428571428,0.625,0.5714285714285714,5,3,3,4,15
21,left_vs_right_fist_imagery,csp_4_empirical,True,1,4,8/12,0.7410714285714286,0.7333333333333333,0.7321428571428572,0.7857142857142857,0.625,0.8571428571428571,5,3,1,6,15
21,left_vs_right_fist_imagery,csp_4_empirical,True,2,8,4/12,0.6904761904761905,0.6923076923076923,0.6904761904761905,0.7142857142857144,0.6666666666666666,0.7142857142857143,4,2,2,5,13
21,left_vs_right_fist_imagery,csp_4_empirical,True,3,12,4/8,0.6160714285714286,0.6,0.5833333333333333,0.6428571428571428,0.375,0.8571428571428571,3,5,1,6,15
22,left_vs_right_fist_imagery,spectral_baseline_6,False,1,4,8/12,0.4642857142857143,0.4666666666666667,0.4642857142857143,0.44642857142857145,0.42857142857142855,0.5,3,4,4,4,15
22,left_vs_right_fist_imagery,spectral_baseline_6,False,2,8,4/12,0.4732142857142857,0.4666666666666667,0.4642857142857143,0.39285714285714285,0.375,0.5714285714285714,3,5,3,4,15
22,left_vs_right_fist_imagery,spectral_baseline_6,False,3,12,4/8,0.4732142857142857,0.4666666666666667,0.4642857142857143,0.5,0.5714285714285714,0.375,4,3,5,3,15
22,left_vs_right_fist_imagery,spectral_baseline_6,True,1,4,8/12,0.45238095238095233,0.46153846153846156,0.4484848484848485,0.4761904761904762,0.3333333333333333,0.5714285714285714,2,4,3,4,13
22,left_vs_right_fist_imagery,spectral_baseline_6,True,2,8,4/12,0.33035714285714285,0.3333333333333333,0.33035714285714285,0.3392857142857143,0.375,0.2857142857142857,3,5,5,2,15
22,left_vs_right_fist_imagery,spectral_baseline_6,True,3,12,4/8,0.5714285714285714,0.5714285714285714,0.5625,0.5306122448979592,0.7142857142857143,0.42857142857142855,5,2,4,3,14
22,left_vs_right_fist_imagery,csp_4_empirical,False,1,4,8/12,0.5,0.4666666666666667,0.3181818181818182,0.6964285714285714,1.0,0.0,7,0,8,0,15
22,left_vs_right_fist_imagery,csp_4_empirical,False,2,8,4/12,0.3214285714285714,0.3333333333333333,0.3055555555555555,0.30357142857142855,0.5,0.14285714285714285,4,4,6,1,15
22,left_vs_right_fist_imagery,csp_4_empirical,False,3,12,4/8,0.6785714285714286,0.6666666666666666,0.660633484162896,0.7678571428571429,0.8571428571428571,0.5,6,1,4,4,15
22,left_vs_right_fist_imagery,csp_4_empirical,True,1,4,8/12,0.5,0.46153846153846156,0.3157894736842105,0.5714285714285714,1.0,0.0,6,0,7,0,13
22,left_vs_right_fist_imagery,csp_4_empirical,True,2,8,4/12,0.4107142857142857,0.4,0.3891402714932127,0.5357142857142857,0.25,0.5714285714285714,2,6,3,4,15
22,left_vs_right_fist_imagery,csp_4_empirical,True,3,12,4/8,0.6428571428571428,0.6428571428571429,0.641025641025641,0.6938775510204082,0.7142857142857143,0.5714285714285714,5,2,3,4,14
23,left_vs_right_fist_imagery,spectral_baseline_6,False,1,4,8/12,0.5982142857142857,0.6,0.5982142857142857,0.7678571428571428,0.625,0.5714285714285714,5,3,3,4,15
23,left_vs_right_fist_imagery,spectral_baseline_6,False,2,8,4/12,0.4017857142857143,0.4,0.4,0.4642857142857143,0.42857142857142855,0.375,3,4,5,3,15
23,left_vs_right_fist_imagery,spectral_baseline_6,False,3,12,4/8,0.6696428571428572,0.6666666666666666,0.6666666666666666,0.8214285714285714,0.7142857142857143,0.625,5,2,3,5,15
23,left_vs_right_fist_imagery,spectral_baseline_6,True,1,4,8/12,0.5982142857142857,0.6,0.5982142857142857,0.7321428571428571,0.625,0.5714285714285714,5,3,3,4,15
23,left_vs_right_fist_imagery,spectral_baseline_6,True,2,8,4/12,0.4017857142857143,0.4,0.4,0.44642857142857145,0.42857142857142855,0.375,3,4,5,3,15
23,left_vs_right_fist_imagery,spectral_baseline_6,True,3,12,4/8,0.6428571428571428,0.6428571428571429,0.641025641025641,0.7959183673469388,0.7142857142857143,0.5714285714285714,5,2,3,4,14
23,left_vs_right_fist_imagery,csp_4_empirical,False,1,4,8/12,0.5803571428571428,0.6,0.55,0.625,0.875,0.2857142857142857,7,1,5,2,15
23,left_vs_right_fist_imagery,csp_4_empirical,False,2,8,4/12,0.4642857142857143,0.4666666666666667,0.4642857142857143,0.5178571428571429,0.42857142857142855,0.5,3,4,4,4,15
23,left_vs_right_fist_imagery,csp_4_empirical,False,3,12,4/8,0.5,0.5333333333333333,0.34782608695652173,0.875,0.0,1.0,0,7,0,8,15
23,left_vs_right_fist_imagery,csp_4_empirical,True,1,4,8/12,0.5803571428571428,0.6,0.55,0.5535714285714286,0.875,0.2857142857142857,7,1,5,2,15
23,left_vs_right_fist_imagery,csp_4_empirical,True,2,8,4/12,0.5357142857142857,0.5333333333333333,0.5333333333333333,0.4285714285714286,0.5714285714285714,0.5,4,3,4,4,15
23,left_vs_right_fist_imagery,csp_4_empirical,True,3,12,4/8,0.5,0.5,0.3333333333333333,0.8571428571428571,0.0,1.0,0,7,0,7,14
24,left_vs_right_fist_imagery,spectral_baseline_6,False,1,4,8/12,0.5,0.5333333333333333,0.34782608695652173,0.6607142857142857,0.0,1.0,0,7,0,8,15
24,left_vs_right_fist_imagery,spectral_baseline_6,False,2,8,4/12,0.5,0.4666666666666667,0.3181818181818182,0.5714285714285714,1.0,0.0,7,0,8,0,15
24,left_vs_right_fist_imagery,spectral_baseline_6,False,3,12,4/8,0.6160714285714286,0.6,0.5833333333333333,0.6428571428571428,0.375,0.8571428571428571,3,5,1,6,15
24,left_vs_right_fist_imagery,spectral_baseline_6,True,1,4,8/12,0.5714285714285714,0.6,0.48863636363636365,0.6964285714285714,0.14285714285714285,1.0,1,6,0,8,15
24,left_vs_right_fist_imagery,spectral_baseline_6,True,2,8,4/12,0.5,0.5,0.3333333333333333,0.6122448979591837,1.0,0.0,7,0,7,0,14
24,left_vs_right_fist_imagery,spectral_baseline_6,True,3,12,4/8,0.5714285714285714,0.5714285714285714,0.5333333333333333,0.6326530612244898,0.2857142857142857,0.8571428571428571,2,5,1,6,14
24,left_vs_right_fist_imagery,csp_4_empirical,False,1,4,8/12,0.4464285714285714,0.4666666666666667,0.4,0.3928571428571429,0.14285714285714285,0.75,1,6,2,6,15
24,left_vs_right_fist_imagery,csp_4_empirical,False,2,8,4/12,0.42857142857142855,0.4,0.2857142857142857,0.4285714285714286,0.8571428571428571,0.0,6,1,8,0,15
24,left_vs_right_fist_imagery,csp_4_empirical,False,3,12,4/8,0.5,0.4666666666666667,0.3181818181818182,0.3214285714285714,0.0,1.0,0,8,0,7,15
24,left_vs_right_fist_imagery,csp_4_empirical,True,1,4,8/12,0.5267857142857143,0.5333333333333333,0.5248868778280543,0.44642857142857145,0.42857142857142855,0.625,3,4,3,5,15
24,left_vs_right_fist_imagery,csp_4_empirical,True,2,8,4/12,0.42857142857142855,0.42857142857142855,0.3,0.5306122448979592,0.8571428571428571,0.0,6,1,7,0,14
24,left_vs_right_fist_imagery,csp_4_empirical,True,3,12,4/8,0.6428571428571428,0.6428571428571429,0.625668449197861,0.6326530612244898,0.42857142857142855,0.8571428571428571,3,4,1,6,14
25,left_vs_right_fist_imagery,spectral_baseline_6,False,1,4,8/12,0.6160714285714286,0.6,0.5833333333333333,0.5,0.8571428571428571,0.375,6,1,5,3,15
25,left_vs_right_fist_imagery,spectral_baseline_6,False,2,8,4/12,0.4107142857142857,0.4,0.3891402714932127,0.3928571428571429,0.5714285714285714,0.25,4,3,6,2,15
25,left_vs_right_fist_imagery,spectral_baseline_6,False,3,12,4/8,0.6875,0.6666666666666666,0.6411483253588517,0.7678571428571428,0.375,1.0,3,5,0,7,15
25,left_vs_right_fist_imagery,spectral_baseline_6,True,1,4,8/12,0.43333333333333335,0.45454545454545453,0.4107142857142857,0.5,0.6666666666666666,0.2,4,2,4,1,11
25,left_vs_right_fist_imagery,spectral_baseline_6,True,2,8,4/12,0.3392857142857143,0.3333333333333333,0.33035714285714285,0.44642857142857145,0.42857142857142855,0.25,3,4,6,2,15
25,left_vs_right_fist_imagery,spectral_baseline_6,True,3,12,4/8,0.7738095238095238,0.7692307692307693,0.7692307692307693,0.8809523809523809,0.7142857142857143,0.8333333333333334,5,2,1,5,13
25,left_vs_right_fist_imagery,csp_4_empirical,False,1,4,8/12,0.4732142857142857,0.4666666666666667,0.4642857142857143,0.48214285714285715,0.5714285714285714,0.375,4,3,5,3,15
25,left_vs_right_fist_imagery,csp_4_empirical,False,2,8,4/12,0.5803571428571428,0.6,0.55,0.5892857142857142,0.2857142857142857,0.875,2,5,1,7,15
25,left_vs_right_fist_imagery,csp_4_empirical,False,3,12,4/8,0.4732142857142857,0.4666666666666667,0.4642857142857143,0.6428571428571428,0.375,0.5714285714285714,3,5,3,4,15
25,left_vs_right_fist_imagery,csp_4_empirical,True,1,4,8/12,0.6166666666666667,0.6363636363636364,0.6071428571428572,0.5666666666666667,0.8333333333333334,0.4,5,1,3,2,11
25,left_vs_right_fist_imagery,csp_4_empirical,True,2,8,4/12,0.5625,0.5333333333333333,0.4444444444444444,0.8214285714285714,1.0,0.125,7,0,7,1,15
25,left_vs_right_fist_imagery,csp_4_empirical,True,3,12,4/8,0.6190476190476191,0.6153846153846154,0.6153846153846154,0.6428571428571428,0.5714285714285714,0.6666666666666666,4,3,2,4,13
26,left_vs_right_fist_imagery,spectral_baseline_6,False,1,4,8/12,0.5,0.4666666666666667,0.3181818181818182,0.75,0.0,1.0,0,8,0,7,15
26,left_vs_right_fist_imagery,spectral_baseline_6,False,2,8,4/12,0.5,0.5333333333333333,0.34782608695652173,0.5892857142857143,1.0,0.0,8,0,7,0,15
26,left_vs_right_fist_imagery,spectral_baseline_6,False,3,12,4/8,0.5446428571428572,0.5333333333333333,0.5248868778280543,0.6428571428571428,0.375,0.7142857142857143,3,5,2,5,15
26,left_vs_right_fist_imagery,spectral_baseline_6,True,1,4,8/12,0.5,0.4,0.2857142857142857,0.5833333333333333,0.0,1.0,0,6,0,4,10
26,left_vs_right_fist_imagery,spectral_baseline_6,True,2,8,4/12,0.6333333333333333,0.6363636363636364,0.6333333333333333,0.5666666666666667,0.6666666666666666,0.6,4,2,2,3,11
26,left_vs_right_fist_imagery,spectral_baseline_6,True,3,12,4/8,0.4642857142857143,0.45454545454545453,0.45,0.4642857142857143,0.42857142857142855,0.5,3,4,2,2,11
26,left_vs_right_fist_imagery,csp_4_empirical,False,1,4,8/12,0.5625,0.5333333333333333,0.4444444444444444,0.5714285714285714,0.125,1.0,1,7,0,7,15
26,left_vs_right_fist_imagery,csp_4_empirical,False,2,8,4/12,0.5,0.5333333333333333,0.34782608695652173,0.46428571428571425,1.0,0.0,8,0,7,0,15
26,left_vs_right_fist_imagery,csp_4_empirical,False,3,12,4/8,0.7857142857142857,0.8,0.784688995215311,0.7857142857142856,1.0,0.5714285714285714,8,0,3,4,15
26,left_vs_right_fist_imagery,csp_4_empirical,True,1,4,8/12,0.5416666666666667,0.6,0.5238095238095238,0.8333333333333334,0.8333333333333334,0.25,5,1,3,1,10
26,left_vs_right_fist_imagery,csp_4_empirical,True,2,8,4/12,0.8333333333333333,0.8181818181818182,0.8166666666666667,0.8333333333333334,0.6666666666666666,1.0,4,2,0,5,11
26,left_vs_right_fist_imagery,csp_4_empirical,True,3,12,4/8,0.6071428571428572,0.6363636363636364,0.6071428571428572,0.6785714285714286,0.7142857142857143,0.5,5,2,2,2,11
27,left_vs_right_fist_imagery,spectral_baseline_6,False,1,4,8/12,0.5982142857142857,0.6,0.5982142857142857,0.7321428571428571,0.625,0.5714285714285714,5,3,3,4,15
27,left_vs_right_fist_imagery,spectral_baseline_6,False,2,8,4/12,0.6696428571428572,0.6666666666666666,0.6666666666666666,0.5535714285714286,0.7142857142857143,0.625,5,2,3,5,15
27,left_vs_right_fist_imagery,spectral_baseline_6,False,3,12,4/8,0.5892857142857143,0.6,0.5833333333333333,0.5714285714285714,0.75,0.42857142857142855,6,2,4,3,15
27,left_vs_right_fist_imagery,spectral_baseline_6,True,1,4,8/12,0.6333333333333333,0.625,0.6190476190476191,0.8666666666666667,0.6,0.6666666666666666,3,2,1,2,8
27,left_vs_right_fist_imagery,spectral_baseline_6,True,2,8,4/12,0.25,0.2222222222222222,0.2222222222222222,0.11111111111111112,0.3333333333333333,0.16666666666666666,1,2,5,1,9
27,left_vs_right_fist_imagery,spectral_baseline_6,True,3,12,4/8,0.21428571428571427,0.21428571428571427,0.21025641025641026,0.22448979591836737,0.2857142857142857,0.14285714285714285,2,5,6,1,14
27,left_vs_right_fist_imagery,csp_4_empirical,False,1,4,8/12,0.6696428571428572,0.6666666666666666,0.6666666666666666,0.7857142857142857,0.625,0.7142857142857143,5,3,2,5,15
27,left_vs_right_fist_imagery,csp_4_empirical,False,2,8,4/12,0.5446428571428572,0.5333333333333333,0.5248868778280543,0.5178571428571429,0.7142857142857143,0.375,5,2,5,3,15
27,left_vs_right_fist_imagery,csp_4_empirical,False,3,12,4/8,0.7232142857142857,0.7333333333333333,0.7222222222222222,0.7857142857142857,0.875,0.5714285714285714,7,1,3,4,15
27,left_vs_right_fist_imagery,csp_4_empirical,True,1,4,8/12,0.43333333333333335,0.375,0.36507936507936506,0.7333333333333333,0.2,0.6666666666666666,1,4,1,2,8
27,left_vs_right_fist_imagery,csp_4_empirical,True,2,8,4/12,0.3333333333333333,0.3333333333333333,0.325,0.2777777777777778,0.3333333333333333,0.3333333333333333,1,2,4,2,9
27,left_vs_right_fist_imagery,csp_4_empirical,True,3,12,4/8,0.6428571428571428,0.6428571428571429,0.641025641025641,0.7346938775510204,0.5714285714285714,0.7142857142857143,4,3,2,5,14
28,left_vs_right_fist_imagery,spectral_baseline_6,False,1,4,8/12,0.6517857142857143,0.6666666666666666,0.6411483253588517,0.7142857142857143,0.875,0.42857142857142855,7,1,4,3,15
28,left_vs_right_fist_imagery,spectral_baseline_6,False,2,8,4/12,0.3839285714285714,0.4,0.354066985645933,0.4107142857142857,0.14285714285714285,0.625,1,6,3,5,15
28,left_vs_right_fist_imagery,spectral_baseline_6,False,3,12,4/8,0.7857142857142857,0.8,0.784688995215311,0.8035714285714285,0.5714285714285714,1.0,4,3,0,8,15
28,left_vs_right_fist_imagery,spectral_baseline_6,True,1,4,8/12,0.625,0.6428571428571429,0.625668449197861,0.75,0.75,0.5,6,2,3,3,14
28,left_vs_right_fist_imagery,spectral_baseline_6,True,2,8,4/12,0.3839285714285714,0.4,0.354066985645933,0.48214285714285715,0.14285714285714285,0.625,1,6,3,5,15
28,left_vs_right_fist_imagery,spectral_baseline_6,True,3,12,4/8,0.7738095238095238,0.7692307692307693,0.7692307692307693,0.8095238095238095,0.7142857142857143,0.8333333333333334,5,2,1,5,13
28,left_vs_right_fist_imagery,csp_4_empirical,False,1,4,8/12,0.39285714285714285,0.4,0.3891402714932127,0.39285714285714285,0.5,0.2857142857142857,4,4,5,2,15
28,left_vs_right_fist_imagery,csp_4_empirical,False,2,8,4/12,0.4107142857142857,0.4,0.3891402714932127,0.41071428571428575,0.5714285714285714,0.25,4,3,6,2,15
28,left_vs_right_fist_imagery,csp_4_empirical,False,3,12,4/8,0.4107142857142857,0.4,0.3891402714932127,0.4285714285714286,0.5714285714285714,0.25,4,3,6,2,15
28,left_vs_right_fist_imagery,csp_4_empirical,True,1,4,8/12,0.3958333333333333,0.42857142857142855,0.37777777777777777,0.375,0.625,0.16666666666666666,5,3,5,1,14
28,left_vs_right_fist_imagery,csp_4_empirical,True,2,8,4/12,0.48214285714285715,0.4666666666666667,0.4444444444444444,0.41071428571428575,0.7142857142857143,0.25,5,2,6,2,15
28,left_vs_right_fist_imagery,csp_4_empirical,True,3,12,4/8,0.369047619047619,0.38461538461538464,0.35,0.4285714285714286,0.5714285714285714,0.16666666666666666,4,3,5,1,13
29,left_vs_right_fist_imagery,spectral_baseline_6,False,1,4,8/12,0.8571428571428572,0.8666666666666667,0.8611111111111112,0.9642857142857143,1.0,0.7142857142857143,8,0,2,5,15
29,left_vs_right_fist_imagery,spectral_baseline_6,False,2,8,4/12,0.875,0.8666666666666667,0.8660714285714286,0.9285714285714286,0.75,1.0,6,2,0,7,15
29,left_vs_right_fist_imagery,spectral_baseline_6,False,3,12,4/8,0.875,0.8666666666666667,0.8660714285714286,0.9464285714285714,1.0,0.75,7,0,2,6,15
29,left_vs_right_fist_imagery,spectral_baseline_6,True,1,4,8/12,0.8571428571428572,0.8571428571428571,0.8541666666666667,0.9591836734693878,1.0,0.7142857142857143,7,0,2,5,14
29,left_vs_right_fist_imagery,spectral_baseline_6,True,2,8,4/12,0.7,0.75,0.6974789915966386,0.8571428571428572,0.4,1.0,2,3,0,7,12
29,left_vs_right_fist_imagery,spectral_baseline_6,True,3,12,4/8,0.875,0.8666666666666667,0.8660714285714286,0.9464285714285714,1.0,0.75,7,0,2,6,15
29,left_vs_right_fist_imagery,csp_4_empirical,False,1,4,8/12,1.0,1.0,1.0,1.0,1.0,1.0,8,0,0,7,15
29,left_vs_right_fist_imagery,csp_4_empirical,False,2,8,4/12,1.0,1.0,1.0,1.0,1.0,1.0,8,0,0,7,15
29,left_vs_right_fist_imagery,csp_4_empirical,False,3,12,4/8,1.0,1.0,1.0,1.0,1.0,1.0,7,0,0,8,15
29,left_vs_right_fist_imagery,csp_4_empirical,True,1,4,8/12,1.0,1.0,1.0,1.0,1.0,1.0,7,0,0,7,14
29,left_vs_right_fist_imagery,csp_4_empirical,True,2,8,4/12,1.0,1.0,1.0,1.0,1.0,1.0,5,0,0,7,12
29,left_vs_right_fist_imagery,csp_4_empirical,True,3,12,4/8,1.0,1.0,1.0,1.0,1.0,1.0,7,0,0,8,15
30,left_vs_right_fist_imagery,spectral_baseline_6,False,1,4,8/12,0.33035714285714285,0.3333333333333333,0.33035714285714285,0.4821428571428571,0.375,0.2857142857142857,3,5,5,2,15
30,left_vs_right_fist_imagery,spectral_baseline_6,False,2,8,4/12,0.5892857142857143,0.6,0.5833333333333333,0.33928571428571425,0.75,0.42857142857142855,6,2,4,3,15
30,left_vs_right_fist_imagery,spectral_baseline_6,False,3,12,4/8,0.4642857142857143,0.4666666666666667,0.4642857142857143,0.3571428571428571,0.5,0.42857142857142855,4,4,4,3,15
30,left_vs_right_fist_imagery,spectral_baseline_6,True,1,4,8/12,0.41666666666666663,0.4444444444444444,0.41558441558441556,0.5,0.5,0.3333333333333333,3,3,2,1,9
30,left_vs_right_fist_imagery,spectral_baseline_6,True,2,8,4/12,0.5,0.5,0.49743589743589745,0.3469387755102041,0.5714285714285714,0.42857142857142855,4,3,4,3,14
30,left_vs_right_fist_imagery,spectral_baseline_6,True,3,12,4/8,0.4642857142857143,0.46153846153846156,0.46153846153846156,0.4761904761904762,0.42857142857142855,0.5,3,4,3,3,13
30,left_vs_right_fist_imagery,csp_4_empirical,False,1,4,8/12,0.4107142857142857,0.4,0.3891402714932127,0.5357142857142857,0.25,0.5714285714285714,2,6,3,4,15
30,left_vs_right_fist_imagery,csp_4_empirical,False,2,8,4/12,0.49107142857142855,0.4666666666666667,0.4,0.39285714285714285,0.125,0.8571428571428571,1,7,1,6,15
30,left_vs_right_fist_imagery,csp_4_empirical,False,3,12,4/8,0.39285714285714285,0.4,0.3891402714932127,0.3214285714285714,0.5,0.2857142857142857,4,4,5,2,15
30,left_vs_right_fist_imagery,csp_4_empirical,True,1,4,8/12,0.5833333333333334,0.4444444444444444,0.41558441558441556,0.5555555555555556,0.16666666666666666,1.0,1,5,0,3,9
30,left_vs_right_fist_imagery,csp_4_empirical,True,2,8,4/12,0.2857142857142857,0.2857142857142857,0.2708333333333333,0.2653061224489796,0.14285714285714285,0.42857142857142855,1,6,4,3,14
30,left_vs_right_fist_imagery,csp_4_empirical,True,3,12,4/8,0.48809523809523814,0.46153846153846156,0.40522875816993464,0.6666666666666666,0.14285714285714285,0.8333333333333334,1,6,1,5,13
31,left_vs_right_fist_imagery,spectral_baseline_6,False,1,4,8/12,0.5446428571428572,0.5333333333333333,0.5248868778280543,0.732142857142857,0.375,0.7142857142857143,3,5,2,5,15
31,left_vs_right_fist_imagery,spectral_baseline_6,False,2,8,4/12,0.6071428571428572,0.6,0.5982142857142857,0.8035714285714286,0.7142857142857143,0.5,5,2,4,4,15
31,left_vs_right_fist_imagery,spectral_baseline_6,False,3,12,4/8,0.6607142857142857,0.6666666666666666,0.660633484162896,0.7321428571428571,0.5714285714285714,0.75,4,3,2,6,15
31,left_vs_right_fist_imagery,spectral_baseline_6,True,1,4,8/12,0.6071428571428572,0.6153846153846154,0.606060606060606,0.7380952380952381,0.5,0.7142857142857143,3,3,2,5,13
31,left_vs_right_fist_imagery,spectral_baseline_6,True,2,8,4/12,0.6696428571428572,0.6666666666666666,0.6666666666666666,0.8214285714285714,0.7142857142857143,0.625,5,2,3,5,15
31,left_vs_right_fist_imagery,spectral_baseline_6,True,3,12,4/8,0.5982142857142857,0.6,0.5982142857142857,0.75,0.5714285714285714,0.625,4,3,3,5,15
31,left_vs_right_fist_imagery,csp_4_empirical,False,1,4,8/12,0.7946428571428572,0.8,0.7963800904977376,0.875,0.875,0.7142857142857143,7,1,2,5,15
31,left_vs_right_fist_imagery,csp_4_empirical,False,2,8,4/12,0.9375,0.9333333333333333,0.9333333333333333,0.9821428571428572,1.0,0.875,7,0,1,7,15
31,left_vs_right_fist_imagery,csp_4_empirical,False,3,12,4/8,0.9375,0.9333333333333333,0.9333333333333333,0.9821428571428572,1.0,0.875,7,0,1,7,15
31,left_vs_right_fist_imagery,csp_4_empirical,True,1,4,8/12,0.7738095238095238,0.7692307692307693,0.7692307692307693,0.8809523809523809,0.8333333333333334,0.7142857142857143,5,1,2,5,13
31,left_vs_right_fist_imagery,csp_4_empirical,True,2,8,4/12,0.8571428571428572,0.8666666666666667,0.8611111111111112,0.9464285714285714,0.7142857142857143,1.0,5,2,0,8,15
31,left_vs_right_fist_imagery,csp_4_empirical,True,3,12,4/8,0.9375,0.9333333333333333,0.9333333333333333,1.0,1.0,0.875,7,0,1,7,15
32,left_vs_right_fist_imagery,spectral_baseline_6,False,1,4,8/12,0.6517857142857143,0.6666666666666666,0.6411483253588517,0.5535714285714286,0.42857142857142855,0.875,3,4,1,7,15
32,left_vs_right_fist_imagery,spectral_baseline_6,False,2,8,4/12,0.4642857142857143,0.4666666666666667,0.4642857142857143,0.6607142857142857,0.42857142857142855,0.5,3,4,4,4,15
32,left_vs_right_fist_imagery,spectral_baseline_6,False,3,12,4/8,0.5446428571428572,0.5333333333333333,0.5248868778280543,0.5178571428571428,0.7142857142857143,0.375,5,2,5,3,15
32,left_vs_right_fist_imagery,spectral_baseline_6,True,1,4,8/12,0.7083333333333333,0.7142857142857143,0.7083333333333333,0.7291666666666666,0.6666666666666666,0.75,4,2,2,6,14
32,left_vs_right_fist_imagery,spectral_baseline_6,True,2,8,4/12,0.6428571428571428,0.6428571428571429,0.641025641025641,0.6938775510204082,0.7142857142857143,0.5714285714285714,5,2,3,4,14
32,left_vs_right_fist_imagery,spectral_baseline_6,True,3,12,4/8,0.6190476190476191,0.6153846153846154,0.6153846153846154,0.6904761904761905,0.6666666666666666,0.5714285714285714,4,2,3,4,13
32,left_vs_right_fist_imagery,csp_4_empirical,False,1,4,8/12,0.5,0.4666666666666667,0.3181818181818182,0.5,1.0,0.0,7,0,8,0,15
32,left_vs_right_fist_imagery,csp_4_empirical,False,2,8,4/12,0.5357142857142857,0.5333333333333333,0.5333333333333333,0.6071428571428571,0.5714285714285714,0.5,4,3,4,4,15
32,left_vs_right_fist_imagery,csp_4_empirical,False,3,12,4/8,0.5357142857142857,0.5333333333333333,0.5333333333333333,0.7142857142857143,0.5714285714285714,0.5,4,3,4,4,15
32,left_vs_right_fist_imagery,csp_4_empirical,True,1,4,8/12,0.4375,0.5,0.3333333333333333,0.4583333333333333,0.0,0.875,0,6,1,7,14
32,left_vs_right_fist_imagery,csp_4_empirical,True,2,8,4/12,0.42857142857142855,0.42857142857142855,0.41666666666666663,0.46938775510204084,0.5714285714285714,0.2857142857142857,4,3,5,2,14
32,left_vs_right_fist_imagery,csp_4_empirical,True,3,12,4/8,0.6666666666666666,0.6923076923076923,0.6388888888888888,0.6428571428571428,0.3333333333333333,1.0,2,4,0,7,13
33,left_vs_right_fist_imagery,spectral_baseline_6,False,1,4,8/12,0.6071428571428572,0.6,0.5982142857142857,0.6964285714285714,0.5,0.7142857142857143,4,4,2,5,15
33,left_vs_right_fist_imagery,spectral_baseline_6,False,2,8,4/12,0.45535714285714285,0.4666666666666667,0.4444444444444444,0.6607142857142857,0.625,0.2857142857142857,5,3,5,2,15
33,left_vs_right_fist_imagery,spectral_baseline_6,False,3,12,4/8,0.8660714285714286,0.8666666666666667,0.8660714285714286,0.8214285714285714,0.8571428571428571,0.875,6,1,1,7,15
33,left_vs_right_fist_imagery,spectral_baseline_6,True,1,4,8/12,0.7083333333333333,0.7,0.696969696969697,0.7916666666666667,0.6666666666666666,0.75,4,2,1,3,10
33,left_vs_right_fist_imagery,spectral_baseline_6,True,2,8,4/12,0.5,0.5,0.5,0.6111111111111112,0.5,0.5,3,3,3,3,12
33,left_vs_right_fist_imagery,spectral_baseline_6,True,3,12,4/8,0.8333333333333333,0.8181818181818182,0.8166666666666667,0.8333333333333334,1.0,0.6666666666666666,5,0,2,4,11
33,left_vs_right_fist_imagery,csp_4_empirical,False,1,4,8/12,0.7321428571428572,0.7333333333333333,0.7321428571428572,0.7857142857142857,0.75,0.7142857142857143,6,2,2,5,15
33,left_vs_right_fist_imagery,csp_4_empirical,False,2,8,4/12,0.6696428571428572,0.6666666666666666,0.6666666666666666,0.7678571428571428,0.625,0.7142857142857143,5,3,2,5,15
33,left_vs_right_fist_imagery,csp_4_empirical,False,3,12,4/8,0.8660714285714286,0.8666666666666667,0.8660714285714286,0.9642857142857143,0.8571428571428571,0.875,6,1,1,7,15
33,left_vs_right_fist_imagery,csp_4_empirical,True,1,4,8/12,0.8333333333333333,0.8,0.8,0.875,0.6666666666666666,1.0,4,2,0,4,10
33,left_vs_right_fist_imagery,csp_4_empirical,True,2,8,4/12,0.6666666666666666,0.6666666666666666,0.6666666666666666,0.8333333333333334,0.6666666666666666,0.6666666666666666,4,2,2,4,12
33,left_vs_right_fist_imagery,csp_4_empirical,True,3,12,4/8,0.5666666666666667,0.5454545454545454,0.5299145299145299,0.8,0.8,0.3333333333333333,4,1,4,2,11
34,left_vs_right_fist_imagery,spectral_baseline_6,False,1,4,8/12,0.7857142857142857,0.7857142857142857,0.7846153846153847,0.8163265306122449,0.8571428571428571,0.7142857142857143,6,1,2,5,14
34,left_vs_right_fist_imagery,spectral_baseline_6,False,2,8,4/12,0.5714285714285714,0.5714285714285714,0.5625,0.6530612244897959,0.7142857142857143,0.42857142857142855,5,2,4,3,14
34,left_vs_right_fist_imagery,spectral_baseline_6,False,3,12,4/8,0.8571428571428572,0.8571428571428571,0.8541666666666667,0.9591836734693878,0.7142857142857143,1.0,5,2,0,7,14
34,left_vs_right_fist_imagery,spectral_baseline_6,True,1,4,8/12,0.7333333333333334,0.75,0.7333333333333334,0.7333333333333333,0.8,0.6666666666666666,4,1,1,2,8
34,left_vs_right_fist_imagery,spectral_baseline_6,True,2,8,4/12,0.4666666666666667,0.45454545454545453,0.45,0.7,0.6,0.3333333333333333,3,2,4,2,11
34,left_vs_right_fist_imagery,spectral_baseline_6,True,3,12,4/8,0.8333333333333333,0.8181818181818182,0.8166666666666667,0.9666666666666667,0.6666666666666666,1.0,4,2,0,5,11
34,left_vs_right_fist_imagery,csp_4_empirical,False,1,4,8/12,0.7142857142857143,0.7142857142857143,0.6888888888888889,0.9183673469387755,0.42857142857142855,1.0,3,4,0,7,14
34,left_vs_right_fist_imagery,csp_4_empirical,False,2,8,4/12,0.7142857142857143,0.7142857142857143,0.6888888888888889,0.7755102040816326,1.0,0.42857142857142855,7,0,4,3,14
34,left_vs_right_fist_imagery,csp_4_empirical,False,3,12,4/8,0.6428571428571428,0.6428571428571429,0.625668449197861,0.8775510204081632,0.42857142857142855,0.8571428571428571,3,4,1,6,14
34,left_vs_right_fist_imagery,csp_4_empirical,True,1,4,8/12,0.8,0.75,0.75,1.0,0.6,1.0,3,2,0,3,8
34,left_vs_right_fist_imagery,csp_4_empirical,True,2,8,4/12,0.75,0.7272727272727273,0.717948717948718,0.9666666666666668,1.0,0.5,5,0,3,3,11
34,left_vs_right_fist_imagery,csp_4_empirical,True,3,12,4/8,0.7333333333333334,0.7272727272727273,0.7272727272727273,0.9,0.6666666666666666,0.8,4,2,1,4,11
35,left_vs_right_fist_imagery,spectral_baseline_6,False,1,4,8/12,0.7232142857142857,0.7333333333333333,0.7222222222222222,0.9107142857142857,0.875,0.5714285714285714,7,1,3,4,15
35,left_vs_right_fist_imagery,spectral_baseline_6,False,2,8,4/12,0.5982142857142857,0.6,0.5982142857142857,0.6607142857142857,0.5714285714285714,0.625,4,3,3,5,15
35,left_vs_right_fist_imagery,spectral_baseline_6,False,3,12,4/8,0.4732142857142857,0.4666666666666667,0.4642857142857143,0.5714285714285714,0.5714285714285714,0.375,4,3,5,3,15
35,left_vs_right_fist_imagery,spectral_baseline_6,True,1,4,8/12,0.5416666666666666,0.5714285714285714,0.5333333333333333,0.5416666666666666,0.75,0.3333333333333333,6,2,4,2,14
35,left_vs_right_fist_imagery,spectral_baseline_6,True,2,8,4/12,0.5625,0.5714285714285714,0.5625,0.6666666666666666,0.5,0.625,3,3,3,5,14
35,left_vs_right_fist_imagery,spectral_baseline_6,True,3,12,4/8,0.5208333333333333,0.5,0.49743589743589745,0.4791666666666667,0.6666666666666666,0.375,4,2,5,3,14
35,left_vs_right_fist_imagery,csp_4_empirical,False,1,4,8/12,0.5,0.4666666666666667,0.3181818181818182,0.8571428571428572,0.0,1.0,0,8,0,7,15
35,left_vs_right_fist_imagery,csp_4_empirical,False,2,8,4/12,0.6428571428571428,0.6666666666666666,0.6031746031746031,0.8928571428571428,0.2857142857142857,1.0,2,5,0,8,15
35,left_vs_right_fist_imagery,csp_4_empirical,False,3,12,4/8,0.9375,0.9333333333333333,0.9333333333333333,0.8928571428571429,1.0,0.875,7,0,1,7,15
35,left_vs_right_fist_imagery,csp_4_empirical,True,1,4,8/12,0.5,0.42857142857142855,0.3,0.7083333333333334,0.0,1.0,0,8,0,6,14
35,left_vs_right_fist_imagery,csp_4_empirical,True,2,8,4/12,0.75,0.7857142857142857,0.7543859649122806,0.9583333333333334,0.5,1.0,3,3,0,8,14
35,left_vs_right_fist_imagery,csp_4_empirical,True,3,12,4/8,0.9375,0.9285714285714286,0.9282051282051282,0.875,1.0,0.875,6,0,1,7,14
36,left_vs_right_fist_imagery,spectral_baseline_6,False,1,4,8/12,0.33035714285714285,0.3333333333333333,0.33035714285714285,0.35714285714285715,0.375,0.2857142857142857,3,5,5,2,15
36,left_vs_right_fist_imagery,spectral_baseline_6,False,2,8,4/12,0.5892857142857143,0.6,0.5833333333333333,0.46428571428571425,0.42857142857142855,0.75,3,4,2,6,15
36,left_vs_right_fist_imagery,spectral_baseline_6,False,3,12,4/8,0.5892857142857143,0.6,0.5833333333333333,0.6428571428571429,0.75,0.42857142857142855,6,2,4,3,15
36,left_vs_right_fist_imagery,spectral_baseline_6,True,1,4,8/12,0.4,0.4,0.4,0.36,0.4,0.4,2,3,3,2,10
36,left_vs_right_fist_imagery,spectral_baseline_6,True,2,8,4/12,0.575,0.6153846153846154,0.5751633986928104,0.35000000000000003,0.4,0.75,2,3,2,6,13
36,left_vs_right_fist_imagery,spectral_baseline_6,True,3,12,4/8,0.8571428571428572,0.8333333333333334,0.8333333333333334,0.9142857142857143,1.0,0.7142857142857143,5,0,2,5,12
36,left_vs_right_fist_imagery,csp_4_empirical,False,1,4,8/12,0.5803571428571428,0.6,0.55,0.5,0.875,0.2857142857142857,7,1,5,2,15
36,left_vs_right_fist_imagery,csp_4_empirical,False,2,8,4/12,0.4107142857142857,0.4,0.3891402714932127,0.48214285714285715,0.5714285714285714,0.25,4,3,6,2,15
36,left_vs_right_fist_imagery,csp_4_empirical,False,3,12,4/8,0.7142857142857143,0.7333333333333333,0.7,0.6607142857142857,1.0,0.42857142857142855,8,0,4,3,15
36,left_vs_right_fist_imagery,csp_4_empirical,True,1,4,8/12,0.2,0.2,0.16666666666666666,0.28,0.0,0.4,0,5,3,2,10
36,left_vs_right_fist_imagery,csp_4_empirical,True,2,8,4/12,0.55,0.5384615384615384,0.5357142857142857,0.55,0.6,0.5,3,2,4,4,13
36,left_vs_right_fist_imagery,csp_4_empirical,True,3,12,4/8,0.42857142857142855,0.5,0.3333333333333333,0.5142857142857142,0.0,0.8571428571428571,0,5,1,6,12
37,left_vs_right_fist_imagery,spectral_baseline_6,False,1,4,8/12,0.5714285714285714,0.5714285714285714,0.5333333333333333,0.5102040816326531,0.8571428571428571,0.2857142857142857,6,1,5,2,14
37,left_vs_right_fist_imagery,spectral_baseline_6,False,2,8,4/12,0.7142857142857142,0.7142857142857143,0.7083333333333333,0.6326530612244898,0.5714285714285714,0.8571428571428571,4,3,1,6,14
37,left_vs_right_fist_imagery,spectral_baseline_6,False,3,12,4/8,0.2857142857142857,0.2857142857142857,0.2708333333333333,0.2857142857142857,0.14285714285714285,0.42857142857142855,1,6,4,3,14
37,left_vs_right_fist_imagery,spectral_baseline_6,True,1,4,8/12,0.6166666666666667,0.6363636363636364,0.6071428571428572,0.6333333333333333,0.8333333333333334,0.4,5,1,3,2,11
37,left_vs_right_fist_imagery,spectral_baseline_6,True,2,8,4/12,0.5178571428571428,0.45454545454545453,0.45,0.5357142857142857,0.2857142857142857,0.75,2,5,1,3,11
37,left_vs_right_fist_imagery,spectral_baseline_6,True,3,12,4/8,0.25,0.42857142857142855,0.3,0.5,0.0,0.5,0,1,3,3,7
37,left_vs_right_fist_imagery,csp_4_empirical,False,1,4,8/12,0.5714285714285714,0.5714285714285714,0.475,0.5918367346938775,0.14285714285714285,1.0,1,6,0,7,14
37,left_vs_right_fist_imagery,csp_4_empirical,False,2,8,4/12,0.5,0.5,0.4269005847953216,0.34693877551020413,0.8571428571428571,0.14285714285714285,6,1,6,1,14
37,left_vs_right_fist_imagery,csp_4_empirical,False,3,12,4/8,0.5,0.5,0.3333333333333333,0.6326530612244898,1.0,0.0,7,0,7,0,14
37,left_vs_right_fist_imagery,csp_4_empirical,True,1,4,8/12,0.4166666666666667,0.45454545454545453,0.3125,0.4666666666666667,0.8333333333333334,0.0,5,1,5,0,11
37,left_vs_right_fist_imagery,csp_4_empirical,True,2,8,4/12,0.5,0.36363636363636365,0.26666666666666666,0.6071428571428572,0.0,1.0,0,7,0,4,11
37,left_vs_right_fist_imagery,csp_4_empirical,True,3,12,4/8,0.4166666666666667,0.7142857142857143,0.4166666666666667,0.0,0.0,0.8333333333333334,0,1,1,5,7
38,left_vs_right_fist_imagery,spectral_baseline_6,False,1,4,8/12,0.4642857142857143,0.4666666666666667,0.4642857142857143,0.5535714285714286,0.5,0.42857142857142855,4,4,4,3,15
38,left_vs_right_fist_imagery,spectral_baseline_6,False,2,8,4/12,0.5982142857142857,0.6,0.5982142857142857,0.49999999999999994,0.625,0.5714285714285714,5,3,3,4,15
38,left_vs_right_fist_imagery,spectral_baseline_6,False,3,12,4/8,0.5178571428571428,0.5333333333333333,0.49760765550239233,0.6428571428571428,0.2857142857142857,0.75,2,5,2,6,15
38,left_vs_right_fist_imagery,spectral_baseline_6,True,1,4,8/12,0.6696428571428572,0.6666666666666666,0.6666666666666666,0.625,0.625,0.7142857142857143,5,3,2,5,15
38,left_vs_right_fist_imagery,spectral_baseline_6,True,2,8,4/12,0.6333333333333333,0.6363636363636364,0.6333333333333333,0.6666666666666666,0.6666666666666666,0.6,4,2,2,3,11
38,left_vs_right_fist_imagery,spectral_baseline_6,True,3,12,4/8,0.5238095238095238,0.5384615384615384,0.5125,0.6428571428571428,0.3333333333333333,0.7142857142857143,2,4,2,5,13
38,left_vs_right_fist_imagery,csp_4_empirical,False,1,4,8/12,0.6875,0.6666666666666666,0.6411483253588517,0.5892857142857143,0.375,1.0,3,5,0,7,15
38,left_vs_right_fist_imagery,csp_4_empirical,False,2,8,4/12,0.5803571428571428,0.6,0.55,0.9107142857142857,0.875,0.2857142857142857,7,1,5,2,15
38,left_vs_right_fist_imagery,csp_4_empirical,False,3,12,4/8,0.5714285714285714,0.6,0.48863636363636365,0.5178571428571429,0.14285714285714285,1.0,1,6,0,8,15
38,left_vs_right_fist_imagery,csp_4_empirical,True,1,4,8/12,0.5625,0.5333333333333333,0.4444444444444444,0.4464285714285714,0.125,1.0,1,7,0,7,15
38,left_vs_right_fist_imagery,csp_4_empirical,True,2,8,4/12,0.7,0.7272727272727273,0.6857142857142857,1.0,1.0,0.4,6,0,3,2,11
38,left_vs_right_fist_imagery,csp_4_empirical,True,3,12,4/8,0.5,0.5384615384615384,0.35,0.7380952380952381,0.0,1.0,0,6,0,7,13
39,left_vs_right_fist_imagery,spectral_baseline_6,False,1,4,8/12,0.6517857142857143,0.6666666666666666,0.6411483253588517,0.5535714285714286,0.875,0.42857142857142855,7,1,4,3,15
39,left_vs_right_fist_imagery,spectral_baseline_6,False,2,8,4/12,0.6875,0.6666666666666666,0.6411483253588517,0.6428571428571428,0.375,1.0,3,5,0,7,15
39,left_vs_right_fist_imagery,spectral_baseline_6,False,3,12,4/8,0.6696428571428572,0.6666666666666666,0.6666666666666666,0.6964285714285714,0.7142857142857143,0.625,5,2,3,5,15
39,left_vs_right_fist_imagery,spectral_baseline_6,True,1,4,8/12,0.6875,0.7142857142857143,0.6888888888888889,0.5833333333333334,0.875,0.5,7,1,3,3,14
39,left_vs_right_fist_imagery,spectral_baseline_6,True,2,8,4/12,0.6875,0.6428571428571429,0.625668449197861,0.5833333333333333,0.375,1.0,3,5,0,6,14
39,left_vs_right_fist_imagery,spectral_baseline_6,True,3,12,4/8,0.6696428571428572,0.6666666666666666,0.6666666666666666,0.6071428571428572,0.7142857142857143,0.625,5,2,3,5,15
39,left_vs_right_fist_imagery,csp_4_empirical,False,1,4,8/12,0.5,0.4666666666666667,0.3181818181818182,0.4107142857142857,0.0,1.0,0,8,0,7,15
39,left_vs_right_fist_imagery,csp_4_empirical,False,2,8,4/12,0.7321428571428572,0.7333333333333333,0.7321428571428572,0.6785714285714286,0.75,0.7142857142857143,6,2,2,5,15
39,left_vs_right_fist_imagery,csp_4_empirical,False,3,12,4/8,0.5,0.4666666666666667,0.3181818181818182,0.5,1.0,0.0,7,0,8,0,15
39,left_vs_right_fist_imagery,csp_4_empirical,True,1,4,8/12,0.5,0.42857142857142855,0.3,0.5208333333333333,0.0,1.0,0,8,0,6,14
39,left_vs_right_fist_imagery,csp_4_empirical,True,2,8,4/12,0.5416666666666666,0.5714285714285714,0.5333333333333333,0.625,0.75,0.3333333333333333,6,2,4,2,14
39,left_vs_right_fist_imagery,csp_4_empirical,True,3,12,4/8,0.5,0.4666666666666667,0.3181818181818182,0.5892857142857143,1.0,0.0,7,0,8,0,15
40,left_vs_right_fist_imagery,spectral_baseline_6,False,1,4,8/12,0.5892857142857143,0.6,0.5833333333333333,0.6071428571428571,0.42857142857142855,0.75,3,4,2,6,15
40,left_vs_right_fist_imagery,spectral_baseline_6,False,2,8,4/12,0.20535714285714285,0.2,0.19642857142857142,0.19642857142857145,0.2857142857142857,0.125,2,5,7,1,15
40,left_vs_right_fist_imagery,spectral_baseline_6,False,3,12,4/8,0.3214285714285714,0.3333333333333333,0.3055555555555555,0.3392857142857143,0.14285714285714285,0.5,1,6,4,4,15
40,left_vs_right_fist_imagery,spectral_baseline_6,True,1,4,8/12,0.34285714285714286,0.3333333333333333,0.3333333333333333,0.37142857142857144,0.4,0.2857142857142857,2,3,5,2,12
40,left_vs_right_fist_imagery,spectral_baseline_6,True,2,8,4/12,0.25,0.25,0.24475524475524477,0.2222222222222222,0.3333333333333333,0.16666666666666666,2,4,5,1,12
40,left_vs_right_fist_imagery,spectral_baseline_6,True,3,12,4/8,0.5571428571428572,0.5833333333333334,0.5555555555555556,0.42857142857142855,0.4,0.7142857142857143,2,3,2,5,12
40,left_vs_right_fist_imagery,csp_4_empirical,False,1,4,8/12,0.5,0.5333333333333333,0.34782608695652173,0.5357142857142857,0.0,1.0,0,7,0,8,15
40,left_vs_right_fist_imagery,csp_4_empirical,False,2,8,4/12,0.5267857142857143,0.5333333333333333,0.5248868778280543,0.6428571428571429,0.42857142857142855,0.625,3,4,3,5,15
40,left_vs_right_fist_imagery,csp_4_empirical,False,3,12,4/8,0.4732142857142857,0.4666666666666667,0.4642857142857143,0.5714285714285714,0.5714285714285714,0.375,4,3,5,3,15
40,left_vs_right_fist_imagery,csp_4_empirical,True,1,4,8/12,0.5,0.5833333333333334,0.3684210526315789,0.5142857142857142,0.0,1.0,0,5,0,7,12
40,left_vs_right_fist_imagery,csp_4_empirical,True,2,8,4/12,0.5833333333333334,0.5833333333333334,0.4957983193277311,0.4722222222222222,0.16666666666666666,1.0,1,5,0,6,12
40,left_vs_right_fist_imagery,csp_4_empirical,True,3,12,4/8,0.7857142857142857,0.75,0.7482517482517483,0.8857142857142857,1.0,0.5714285714285714,5,0,3,4,12
41,left_vs_right_fist_imagery,spectral_baseline_6,False,1,4,8/12,0.7142857142857142,0.7142857142857143,0.7083333333333333,0.7551020408163265,0.5714285714285714,0.8571428571428571,4,3,1,6,14
41,left_vs_right_fist_imagery,spectral_baseline_6,False,2,8,4/12,0.6428571428571428,0.6428571428571429,0.5906432748538011,0.5918367346938775,1.0,0.2857142857142857,7,0,5,2,14
41,left_vs_right_fist_imagery,spectral_baseline_6,False,3,12,4/8,0.5,0.5,0.47593582887700536,0.6938775510204082,0.2857142857142857,0.7142857142857143,2,5,2,5,14
41,left_vs_right_fist_imagery,spectral_baseline_6,True,1,4,8/12,0.65,0.6363636363636364,0.6333333333333333,0.7333333333333334,0.5,0.8,3,3,1,4,11
41,left_vs_right_fist_imagery,spectral_baseline_6,True,2,8,4/12,0.6428571428571428,0.6428571428571429,0.5906432748538011,0.4897959183673469,1.0,0.2857142857142857,7,0,5,2,14
41,left_vs_right_fist_imagery,spectral_baseline_6,True,3,12,4/8,0.5,0.5,0.47593582887700536,0.6326530612244898,0.2857142857142857,0.7142857142857143,2,5,2,5,14
41,left_vs_right_fist_imagery,csp_4_empirical,False,1,4,8/12,0.42857142857142855,0.42857142857142855,0.3,0.6734693877551021,0.8571428571428571,0.0,6,1,7,0,14
41,left_vs_right_fist_imagery,csp_4_empirical,False,2,8,4/12,0.5,0.5,0.47593582887700536,0.40816326530612246,0.7142857142857143,0.2857142857142857,5,2,5,2,14
41,left_vs_right_fist_imagery,csp_4_empirical,False,3,12,4/8,0.5,0.5,0.47593582887700536,0.5306122448979591,0.7142857142857143,0.2857142857142857,5,2,5,2,14
41,left_vs_right_fist_imagery,csp_4_empirical,True,1,4,8/12,0.5,0.5454545454545454,0.35294117647058826,0.9,1.0,0.0,6,0,5,0,11
41,left_vs_right_fist_imagery,csp_4_empirical,True,2,8,4/12,0.2857142857142857,0.2857142857142857,0.2222222222222222,0.42857142857142855,0.5714285714285714,0.0,4,3,7,0,14
41,left_vs_right_fist_imagery,csp_4_empirical,True,3,12,4/8,0.5714285714285714,0.5714285714285714,0.5333333333333333,0.673469387755102,0.8571428571428571,0.2857142857142857,6,1,5,2,14
42,left_vs_right_fist_imagery,spectral_baseline_6,False,1,4,8/12,0.5892857142857143,0.6,0.5833333333333333,0.48214285714285715,0.42857142857142855,0.75,3,4,2,6,15
42,left_vs_right_fist_imagery,spectral_baseline_6,False,2,8,4/12,0.6607142857142857,0.6666666666666666,0.660633484162896,0.7321428571428571,0.75,0.5714285714285714,6,2,3,4,15
42,left_vs_right_fist_imagery,spectral_baseline_6,False,3,12,4/8,0.6071428571428572,0.6,0.5982142857142857,0.5,0.7142857142857143,0.5,5,2,4,4,15
42,left_vs_right_fist_imagery,spectral_baseline_6,True,1,4,8/12,0.5892857142857143,0.6,0.5833333333333333,0.5,0.42857142857142855,0.75,3,4,2,6,15
42,left_vs_right_fist_imagery,spectral_baseline_6,True,2,8,4/12,0.6309523809523809,0.6153846153846154,0.606060606060606,0.6666666666666666,0.42857142857142855,0.8333333333333334,3,4,1,5,13
42,left_vs_right_fist_imagery,spectral_baseline_6,True,3,12,4/8,0.5416666666666666,0.5,0.4949494949494949,0.3333333333333333,0.75,0.3333333333333333,3,1,4,2,10
42,left_vs_right_fist_imagery,csp_4_empirical,False,1,4,8/12,0.8571428571428572,0.8666666666666667,0.8611111111111112,0.7857142857142857,0.7142857142857143,1.0,5,2,0,8,15
42,left_vs_right_fist_imagery,csp_4_empirical,False,2,8,4/12,0.8660714285714286,0.8666666666666667,0.8660714285714286,0.9642857142857143,0.875,0.8571428571428571,7,1,1,6,15
42,left_vs_right_fist_imagery,csp_4_empirical,False,3,12,4/8,0.6160714285714286,0.6,0.5833333333333333,0.7142857142857143,0.8571428571428571,0.375,6,1,5,3,15
42,left_vs_right_fist_imagery,csp_4_empirical,True,1,4,8/12,0.7142857142857143,0.7333333333333333,0.7,0.7857142857142857,0.42857142857142855,1.0,3,4,0,8,15
42,left_vs_right_fist_imagery,csp_4_empirical,True,2,8,4/12,0.7023809523809523,0.6923076923076923,0.6904761904761905,0.7380952380952381,0.5714285714285714,0.8333333333333334,4,3,1,5,13
42,left_vs_right_fist_imagery,csp_4_empirical,True,3,12,4/8,0.6666666666666666,0.6,0.5833333333333333,0.625,1.0,0.3333333333333333,4,0,4,2,10
43,left_vs_right_fist_imagery,spectral_baseline_6,False,1,4,8/12,0.5625,0.5333333333333333,0.4444444444444444,0.7321428571428571,0.125,1.0,1,7,0,7,15
43,left_vs_right_fist_imagery,spectral_baseline_6,False,2,8,4/12,0.5625,0.5333333333333333,0.4444444444444444,0.6428571428571429,1.0,0.125,7,0,7,1,15
43,left_vs_right_fist_imagery,spectral_baseline_6,False,3,12,4/8,0.45535714285714285,0.4666666666666667,0.4444444444444444,0.4464285714285714,0.625,0.2857142857142857,5,3,5,2,15
43,left_vs_right_fist_imagery,spectral_baseline_6,True,1,4,8/12,0.5833333333333334,0.5454545454545454,0.47619047619047616,0.7666666666666667,0.16666666666666666,1.0,1,5,0,5,11
43,left_vs_right_fist_imagery,spectral_baseline_6,True,2,8,4/12,0.5625,0.5,0.5,0.65625,0.75,0.375,3,1,5,3,12
43,left_vs_right_fist_imagery,spectral_baseline_6,True,3,12,4/8,0.45535714285714285,0.4666666666666667,0.4444444444444444,0.4107142857142857,0.625,0.2857142857142857,5,3,5,2,15
43,left_vs_right_fist_imagery,csp_4_empirical,False,1,4,8/12,0.49107142857142855,0.4666666666666667,0.4,0.4821428571428571,0.125,0.8571428571428571,1,7,1,6,15
43,left_vs_right_fist_imagery,csp_4_empirical,False,2,8,4/12,0.4107142857142857,0.4,0.3891402714932127,0.5357142857142858,0.5714285714285714,0.25,4,3,6,2,15
43,left_vs_right_fist_imagery,csp_4_empirical,False,3,12,4/8,0.4464285714285714,0.4666666666666667,0.4,0.6428571428571428,0.75,0.14285714285714285,6,2,6,1,15
43,left_vs_right_fist_imagery,csp_4_empirical,True,1,4,8/12,0.6333333333333333,0.6363636363636364,0.6333333333333333,0.7666666666666667,0.6666666666666666,0.6,4,2,2,3,11
43,left_vs_right_fist_imagery,csp_4_empirical,True,2,8,4/12,0.375,0.4166666666666667,0.37777777777777777,0.46875,0.25,0.5,1,3,4,4,12
43,left_vs_right_fist_imagery,csp_4_empirical,True,3,12,4/8,0.5625,0.5333333333333333,0.4444444444444444,0.5178571428571428,0.125,1.0,1,7,0,7,15
44,left_vs_right_fist_imagery,spectral_baseline_6,False,1,4,8/12,0.5089285714285714,0.5333333333333333,0.4444444444444444,0.5,0.14285714285714285,0.875,1,6,1,7,15
44,left_vs_right_fist_imagery,spectral_baseline_6,False,2,8,4/12,0.6696428571428572,0.6666666666666666,0.6666666666666666,0.6428571428571428,0.7142857142857143,0.625,5,2,3,5,15
44,left_vs_right_fist_imagery,spectral_baseline_6,False,3,12,4/8,0.45535714285714285,0.4666666666666667,0.4444444444444444,0.5178571428571428,0.625,0.2857142857142857,5,3,5,2,15
44,left_vs_right_fist_imagery,spectral_baseline_6,True,1,4,8/12,0.4375,0.5384615384615384,0.35,0.44999999999999996,0.0,0.875,0,5,1,7,13
44,left_vs_right_fist_imagery,spectral_baseline_6,True,2,8,4/12,0.5357142857142857,0.5333333333333333,0.5333333333333333,0.5357142857142858,0.5714285714285714,0.5,4,3,4,4,15
44,left_vs_right_fist_imagery,spectral_baseline_6,True,3,12,4/8,0.3958333333333333,0.42857142857142855,0.37777777777777777,0.5833333333333334,0.625,0.16666666666666666,5,3,5,1,14
44,left_vs_right_fist_imagery,csp_4_empirical,False,1,4,8/12,0.5178571428571428,0.5333333333333333,0.49760765550239233,0.6785714285714285,0.2857142857142857,0.75,2,5,2,6,15
44,left_vs_right_fist_imagery,csp_4_empirical,False,2,8,4/12,0.4732142857142857,0.4666666666666667,0.4642857142857143,0.6071428571428571,0.5714285714285714,0.375,4,3,5,3,15
44,left_vs_right_fist_imagery,csp_4_empirical,False,3,12,4/8,0.6517857142857143,0.6666666666666666,0.6411483253588517,0.75,0.875,0.42857142857142855,7,1,4,3,15
44,left_vs_right_fist_imagery,csp_4_empirical,True,1,4,8/12,0.475,0.5384615384615384,0.4583333333333333,0.4749999999999999,0.2,0.75,1,4,2,6,13
44,left_vs_right_fist_imagery,csp_4_empirical,True,2,8,4/12,0.4732142857142857,0.4666666666666667,0.4642857142857143,0.5714285714285714,0.5714285714285714,0.375,4,3,5,3,15
44,left_vs_right_fist_imagery,csp_4_empirical,True,3,12,4/8,0.6666666666666667,0.6428571428571429,0.641025641025641,0.5833333333333334,0.5,0.8333333333333334,4,4,1,5,14
45,left_vs_right_fist_imagery,spectral_baseline_6,False,1,4,8/12,0.3392857142857143,0.3333333333333333,0.33035714285714285,0.2678571428571428,0.25,0.42857142857142855,2,6,4,3,15
45,left_vs_right_fist_imagery,spectral_baseline_6,False,2,8,4/12,0.5446428571428572,0.5333333333333333,0.5248868778280543,0.4642857142857143,0.375,0.7142857142857143,3,5,2,5,15
45,left_vs_right_fist_imagery,spectral_baseline_6,False,3,12,4/8,0.5535714285714286,0.5333333333333333,0.49760765550239233,0.5714285714285714,0.8571428571428571,0.25,6,1,6,2,15
45,left_vs_right_fist_imagery,spectral_baseline_6,True,1,4,8/12,0.375,0.42857142857142855,0.3,0.5833333333333334,0.0,0.75,0,3,1,3,7
45,left_vs_right_fist_imagery,spectral_baseline_6,True,2,8,4/12,0.675,0.6666666666666666,0.6666666666666666,0.55,0.6,0.75,3,2,1,3,9
45,left_vs_right_fist_imagery,spectral_baseline_6,True,3,12,4/8,0.5714285714285714,0.5714285714285714,0.5333333333333333,0.8163265306122449,0.8571428571428571,0.2857142857142857,6,1,5,2,14
45,left_vs_right_fist_imagery,csp_4_empirical,False,1,4,8/12,0.49107142857142855,0.4666666666666667,0.4,0.33928571428571425,0.125,0.8571428571428571,1,7,1,6,15
45,left_vs_right_fist_imagery,csp_4_empirical,False,2,8,4/12,0.5446428571428572,0.5333333333333333,0.5248868778280543,0.6071428571428572,0.375,0.7142857142857143,3,5,2,5,15
45,left_vs_right_fist_imagery,csp_4_empirical,False,3,12,4/8,0.6607142857142857,0.6666666666666666,0.660633484162896,0.6785714285714286,0.5714285714285714,0.75,4,3,2,6,15
45,left_vs_right_fist_imagery,csp_4_empirical,True,1,4,8/12,0.5,0.42857142857142855,0.3,0.25,1.0,0.0,3,0,4,0,7
45,left_vs_right_fist_imagery,csp_4_empirical,True,2,8,4/12,0.6,0.5555555555555556,0.5,0.5,0.2,1.0,1,4,0,4,9
45,left_vs_right_fist_imagery,csp_4_empirical,True,3,12,4/8,0.5,0.5,0.4269005847953216,0.5918367346938775,0.14285714285714285,0.8571428571428571,1,6,1,6,14
46,left_vs_right_fist_imagery,spectral_baseline_6,False,1,4,8/12,0.6160714285714286,0.6,0.5833333333333333,0.6607142857142857,0.375,0.8571428571428571,3,5,1,6,15
46,left_vs_right_fist_imagery,spectral_baseline_6,False,2,8,4/12,0.4732142857142857,0.4666666666666667,0.4642857142857143,0.41071428571428575,0.5714285714285714,0.375,4,3,5,3,15
46,left_vs_right_fist_imagery,spectral_baseline_6,False,3,12,4/8,0.5,0.5333333333333333,0.34782608695652173,0.5714285714285714,1.0,0.0,8,0,7,0,15
46,left_vs_right_fist_imagery,spectral_baseline_6,True,1,4,8/12,0.5119047619047619,0.5384615384615384,0.4583333333333333,0.5952380952380953,0.16666666666666666,0.8571428571428571,1,5,1,6,13
46,left_vs_right_fist_imagery,spectral_baseline_6,True,2,8,4/12,0.25,0.2857142857142857,0.2222222222222222,0.0,0.5,0.0,2,2,3,0,7
46,left_vs_right_fist_imagery,spectral_baseline_6,True,3,12,4/8,0.7142857142857143,0.5555555555555556,0.55,0.5714285714285714,0.42857142857142855,1.0,3,4,0,2,9
46,left_vs_right_fist_imagery,csp_4_empirical,False,1,4,8/12,0.4642857142857143,0.4666666666666667,0.4642857142857143,0.5178571428571428,0.5,0.42857142857142855,4,4,4,3,15
46,left_vs_right_fist_imagery,csp_4_empirical,False,2,8,4/12,0.42857142857142855,0.4,0.2857142857142857,0.4285714285714286,0.8571428571428571,0.0,6,1,8,0,15
46,left_vs_right_fist_imagery,csp_4_empirical,False,3,12,4/8,0.49107142857142855,0.4666666666666667,0.4,0.6607142857142857,0.125,0.8571428571428571,1,7,1,6,15
46,left_vs_right_fist_imagery,csp_4_empirical,True,1,4,8/12,0.5714285714285714,0.5384615384615384,0.4583333333333333,0.5238095238095238,1.0,0.14285714285714285,6,0,6,1,13
46,left_vs_right_fist_imagery,csp_4_empirical,True,2,8,4/12,0.5833333333333333,0.5714285714285714,0.5714285714285714,0.5,0.5,0.6666666666666666,2,2,1,2,7
46,left_vs_right_fist_imagery,csp_4_empirical,True,3,12,4/8,0.5,0.2222222222222222,0.18181818181818182,0.5714285714285714,0.0,1.0,0,7,0,2,9
47,left_vs_right_fist_imagery,spectral_baseline_6,False,1,4,8/12,0.49107142857142855,0.4666666666666667,0.4,0.5714285714285714,0.125,0.8571428571428571,1,7,1,6,15
47,left_vs_right_fist_imagery,spectral_baseline_6,False,2,8,4/12,0.5178571428571428,0.5333333333333333,0.49760765550239233,0.6964285714285714,0.75,0.2857142857142857,6,2,5,2,15
47,left_vs_right_fist_imagery,spectral_baseline_6,False,3,12,4/8,0.6607142857142857,0.6666666666666666,0.660633484162896,0.8392857142857142,0.75,0.5714285714285714,6,2,3,4,15
47,left_vs_right_fist_imagery,spectral_baseline_6,True,1,4,8/12,0.5833333333333334,0.4444444444444444,0.41558441558441556,0.5,0.16666666666666666,1.0,1,5,0,3,9
47,left_vs_right_fist_imagery,spectral_baseline_6,True,2,8,4/12,0.5,0.5,0.4857142857142857,0.7222222222222223,0.6666666666666666,0.3333333333333333,4,2,4,2,12
47,left_vs_right_fist_imagery,spectral_baseline_6,True,3,12,4/8,0.6,0.6666666666666666,0.5555555555555556,0.5714285714285714,1.0,0.2,7,0,4,1,12
47,left_vs_right_fist_imagery,csp_4_empirical,False,1,4,8/12,0.6607142857142857,0.6666666666666666,0.660633484162896,0.5892857142857142,0.75,0.5714285714285714,6,2,3,4,15
47,left_vs_right_fist_imagery,csp_4_empirical,False,2,8,4/12,0.6607142857142857,0.6666666666666666,0.660633484162896,0.625,0.75,0.5714285714285714,6,2,3,4,15
47,left_vs_right_fist_imagery,csp_4_empirical,False,3,12,4/8,0.5178571428571428,0.5333333333333333,0.49760765550239233,0.5714285714285714,0.75,0.2857142857142857,6,2,5,2,15
47,left_vs_right_fist_imagery,csp_4_empirical,True,1,4,8/12,0.3333333333333333,0.4444444444444444,0.3076923076923077,0.27777777777777773,0.6666666666666666,0.0,4,2,3,0,9
47,left_vs_right_fist_imagery,csp_4_empirical,True,2,8,4/12,0.5,0.5,0.3333333333333333,0.5277777777777778,1.0,0.0,6,0,6,0,12
47,left_vs_right_fist_imagery,csp_4_empirical,True,3,12,4/8,0.7,0.75,0.6974789915966386,0.6,1.0,0.4,7,0,3,2,12
48,left_vs_right_fist_imagery,spectral_baseline_6,False,1,4,8/12,0.5982142857142857,0.6,0.5982142857142857,0.6071428571428571,0.625,0.5714285714285714,5,3,3,4,15
48,left_vs_right_fist_imagery,spectral_baseline_6,False,2,8,4/12,0.6785714285714286,0.6666666666666666,0.660633484162896,0.6785714285714286,0.8571428571428571,0.5,6,1,4,4,15
48,left_vs_right_fist_imagery,spectral_baseline_6,False,3,12,4/8,0.5357142857142857,0.5333333333333333,0.5333333333333333,0.5357142857142858,0.5714285714285714,0.5,4,3,4,4,15
48,left_vs_right_fist_imagery,spectral_baseline_6,True,1,4,8/12,0.5,0.5,0.49743589743589745,0.6458333333333334,0.5,0.5,4,4,3,3,14
48,left_vs_right_fist_imagery,spectral_baseline_6,True,2,8,4/12,0.5875,0.5384615384615384,0.5357142857142857,0.675,0.8,0.375,4,1,5,3,13
48,left_vs_right_fist_imagery,spectral_baseline_6,True,3,12,4/8,0.4732142857142857,0.4666666666666667,0.4642857142857143,0.4642857142857143,0.5714285714285714,0.375,4,3,5,3,15
48,left_vs_right_fist_imagery,csp_4_empirical,False,1,4,8/12,0.6785714285714286,0.6666666666666666,0.660633484162896,0.8571428571428571,0.5,0.8571428571428571,4,4,1,6,15
48,left_vs_right_fist_imagery,csp_4_empirical,False,2,8,4/12,0.6875,0.6666666666666666,0.6411483253588517,0.7321428571428572,1.0,0.375,7,0,5,3,15
48,left_vs_right_fist_imagery,csp_4_empirical,False,3,12,4/8,0.6875,0.6666666666666666,0.6411483253588517,0.6071428571428572,1.0,0.375,7,0,5,3,15
48,left_vs_right_fist_imagery,csp_4_empirical,True,1,4,8/12,0.5208333333333333,0.5,0.49743589743589745,0.6666666666666666,0.375,0.6666666666666666,3,5,2,4,14
48,left_vs_right_fist_imagery,csp_4_empirical,True,2,8,4/12,0.5875,0.5384615384615384,0.5357142857142857,0.8,0.8,0.375,4,1,5,3,13
48,left_vs_right_fist_imagery,csp_4_empirical,True,3,12,4/8,0.6875,0.6666666666666666,0.6411483253588517,0.5535714285714286,1.0,0.375,7,0,5,3,15
49,left_vs_right_fist_imagery,spectral_baseline_6,False,1,4,8/12,0.39285714285714285,0.4,0.3891402714932127,0.46428571428571425,0.2857142857142857,0.5,2,5,4,4,15
49,left_vs_right_fist_imagery,spectral_baseline_6,False,2,8,4/12,0.4017857142857143,0.4,0.4,0.4107142857142857,0.375,0.42857142857142855,3,5,4,3,15
49,left_vs_right_fist_imagery,spectral_baseline_6,False,3,12,4/8,0.39285714285714285,0.4,0.3891402714932127,0.2857142857142857,0.5,0.2857142857142857,4,4,5,2,15
49,left_vs_right_fist_imagery,spectral_baseline_6,True,1,4,8/12,0.39285714285714285,0.38461538461538464,0.38095238095238093,0.5238095238095238,0.2857142857142857,0.5,2,5,3,3,13
49,left_vs_right_fist_imagery,spectral_baseline_6,True,2,8,4/12,0.33035714285714285,0.3333333333333333,0.33035714285714285,0.33928571428571425,0.375,0.2857142857142857,3,5,5,2,15
49,left_vs_right_fist_imagery,spectral_baseline_6,True,3,12,4/8,0.45535714285714285,0.4666666666666667,0.4444444444444444,0.3035714285714286,0.625,0.2857142857142857,5,3,5,2,15
49,left_vs_right_fist_imagery,csp_4_empirical,False,1,4,8/12,0.6785714285714286,0.6666666666666666,0.660633484162896,0.6607142857142858,0.8571428571428571,0.5,6,1,4,4,15
49,left_vs_right_fist_imagery,csp_4_empirical,False,2,8,4/12,0.8125,0.8,0.7963800904977376,0.7857142857142857,0.625,1.0,5,3,0,7,15
49,left_vs_right_fist_imagery,csp_4_empirical,False,3,12,4/8,0.625,0.6,0.55,1.0,0.25,1.0,2,6,0,7,15
49,left_vs_right_fist_imagery,csp_4_empirical,True,1,4,8/12,0.7619047619047619,0.7692307692307693,0.7636363636363637,0.6428571428571428,0.8571428571428571,0.6666666666666666,6,1,2,4,13
49,left_vs_right_fist_imagery,csp_4_empirical,True,2,8,4/12,0.7410714285714286,0.7333333333333333,0.7321428571428572,0.8392857142857142,0.625,0.8571428571428571,5,3,1,6,15
49,left_vs_right_fist_imagery,csp_4_empirical,True,3,12,4/8,0.75,0.7333333333333333,0.7222222222222222,0.9821428571428571,0.5,1.0,4,4,0,7,15
50,left_vs_right_fist_imagery,spectral_baseline_6,False,1,4,8/12,0.45535714285714285,0.4666666666666667,0.4444444444444444,0.4642857142857143,0.2857142857142857,0.625,2,5,3,5,15
50,left_vs_right_fist_imagery,spectral_baseline_6,False,2,8,4/12,0.5982142857142857,0.6,0.5982142857142857,0.5535714285714286,0.625,0.5714285714285714,5,3,3,4,15
50,left_vs_right_fist_imagery,spectral_baseline_6,False,3,12,4/8,0.6696428571428572,0.6666666666666666,0.6666666666666666,0.625,0.625,0.7142857142857143,5,3,2,5,15
50,left_vs_right_fist_imagery,spectral_baseline_6,True,1,4,8/12,0.375,0.4,0.375,0.4166666666666667,0.25,0.5,1,3,3,3,10
50,left_vs_right_fist_imagery,spectral_baseline_6,True,2,8,4/12,0.2857142857142857,0.3076923076923077,0.23529411764705882,0.35714285714285715,0.0,0.5714285714285714,0,6,3,4,13
50,left_vs_right_fist_imagery,spectral_baseline_6,True,3,12,4/8,0.4642857142857143,0.46153846153846156,0.46153846153846156,0.5,0.5,0.42857142857142855,3,3,4,3,13
50,left_vs_right_fist_imagery,csp_4_empirical,False,1,4,8/12,0.4017857142857143,0.4,0.4,0.4285714285714286,0.42857142857142855,0.375,3,4,5,3,15
50,left_vs_right_fist_imagery,csp_4_empirical,False,2,8,4/12,0.5178571428571428,0.5333333333333333,0.49760765550239233,0.625,0.75,0.2857142857142857,6,2,5,2,15
50,left_vs_right_fist_imagery,csp_4_empirical,False,3,12,4/8,0.5892857142857143,0.6,0.5833333333333333,0.6785714285714286,0.75,0.42857142857142855,6,2,4,3,15
50,left_vs_right_fist_imagery,csp_4_empirical,True,1,4,8/12,0.41666666666666663,0.4,0.4,0.37499999999999994,0.5,0.3333333333333333,2,2,4,2,10
50,left_vs_right_fist_imagery,csp_4_empirical,True,2,8,4/12,0.38095238095238093,0.38461538461538464,0.38095238095238093,0.3333333333333333,0.3333333333333333,0.42857142857142855,2,4,4,3,13
50,left_vs_right_fist_imagery,csp_4_empirical,True,3,12,4/8,0.369047619047619,0.38461538461538464,0.35,0.35714285714285715,0.16666666666666666,0.5714285714285714,1,5,3,4,13
51,left_vs_right_fist_imagery,spectral_baseline_6,False,1,4,8/12,0.5,0.5,0.47593582887700536,0.6530612244897959,0.2857142857142857,0.7142857142857143,2,5,2,5,14
51,left_vs_right_fist_imagery,spectral_baseline_6,False,2,8,4/12,0.5,0.5,0.47593582887700536,0.34693877551020413,0.2857142857142857,0.7142857142857143,2,5,2,5,14
51,left_vs_right_fist_imagery,spectral_baseline_6,False,3,12,4/8,0.42857142857142855,0.42857142857142855,0.42857142857142855,0.326530612244898,0.42857142857142855,0.42857142857142855,3,4,4,3,14
51,left_vs_right_fist_imagery,spectral_baseline_6,True,1,4,8/12,0.5,0.5,0.4666666666666667,0.6666666666666667,0.5,0.5,3,3,1,1,8
51,left_vs_right_fist_imagery,spectral_baseline_6,True,2,8,4/12,0.23809523809523808,0.23076923076923078,0.22619047619047616,0.261904761904762,0.14285714285714285,0.3333333333333333,1,6,4,2,13
51,left_vs_right_fist_imagery,spectral_baseline_6,True,3,12,4/8,0.3571428571428571,0.35714285714285715,0.35384615384615387,0.30612244897959184,0.42857142857142855,0.2857142857142857,3,4,5,2,14
51,left_vs_right_fist_imagery,csp_4_empirical,False,1,4,8/12,0.5,0.5,0.3333333333333333,0.36734693877551017,0.0,1.0,0,7,0,7,14
51,left_vs_right_fist_imagery,csp_4_empirical,False,2,8,4/12,0.5,0.5,0.49743589743589745,0.3877551020408163,0.42857142857142855,0.5714285714285714,3,4,3,4,14
51,left_vs_right_fist_imagery,csp_4_empirical,False,3,12,4/8,0.42857142857142855,0.42857142857142855,0.3,0.5306122448979592,0.8571428571428571,0.0,6,1,7,0,14
51,left_vs_right_fist_imagery,csp_4_empirical,True,1,4,8/12,0.5,0.75,0.42857142857142855,0.41666666666666663,1.0,0.0,6,0,2,0,8
51,left_vs_right_fist_imagery,csp_4_empirical,True,2,8,4/12,0.6071428571428572,0.6153846153846154,0.606060606060606,0.7142857142857143,0.7142857142857143,0.5,5,2,3,3,13
51,left_vs_right_fist_imagery,csp_4_empirical,True,3,12,4/8,0.6428571428571428,0.6428571428571429,0.5906432748538011,0.7959183673469388,0.2857142857142857,1.0,2,5,0,7,14
52,left_vs_right_fist_imagery,spectral_baseline_6,False,1,4,8/12,0.4464285714285714,0.4666666666666667,0.4,0.5178571428571428,0.75,0.14285714285714285,6,2,6,1,15
52,left_vs_right_fist_imagery,spectral_baseline_6,False,2,8,4/12,0.39285714285714285,0.4,0.3891402714932127,0.4642857142857143,0.5,0.2857142857142857,4,4,5,2,15
52,left_vs_right_fist_imagery,spectral_baseline_6,False,3,12,4/8,0.9285714285714286,0.9333333333333333,0.9321266968325792,0.9821428571428571,1.0,0.8571428571428571,8,0,1,6,15
52,left_vs_right_fist_imagery,spectral_baseline_6,True,1,4,8/12,0.29166666666666663,0.3,0.29292929292929293,0.4166666666666667,0.3333333333333333,0.25,2,4,3,1,10
52,left_vs_right_fist_imagery,spectral_baseline_6,True,2,8,4/12,0.39285714285714285,0.4,0.3891402714932127,0.5357142857142857,0.5,0.2857142857142857,4,4,5,2,15
52,left_vs_right_fist_imagery,spectral_baseline_6,True,3,12,4/8,0.625,0.7,0.6000000000000001,0.9583333333333334,0.25,1.0,1,3,0,6,10
52,left_vs_right_fist_imagery,csp_4_empirical,False,1,4,8/12,0.6607142857142857,0.6666666666666666,0.660633484162896,0.7857142857142857,0.75,0.5714285714285714,6,2,3,4,15
52,left_vs_right_fist_imagery,csp_4_empirical,False,2,8,4/12,0.5892857142857143,0.6,0.5833333333333333,0.7321428571428572,0.75,0.42857142857142855,6,2,4,3,15
52,left_vs_right_fist_imagery,csp_4_empirical,False,3,12,4/8,0.5982142857142857,0.6,0.5982142857142857,0.8035714285714286,0.625,0.5714285714285714,5,3,3,4,15
52,left_vs_right_fist_imagery,csp_4_empirical,True,1,4,8/12,0.5833333333333333,0.6,0.5833333333333333,0.49999999999999994,0.6666666666666666,0.5,4,2,2,2,10
52,left_vs_right_fist_imagery,csp_4_empirical,True,2,8,4/12,0.6696428571428572,0.6666666666666666,0.6666666666666666,0.7142857142857142,0.625,0.7142857142857143,5,3,2,5,15
52,left_vs_right_fist_imagery,csp_4_empirical,True,3,12,4/8,0.7083333333333333,0.7,0.696969696969697,0.7916666666666666,0.75,0.6666666666666666,3,1,2,4,10
53,left_vs_right_fist_imagery,spectral_baseline_6,False,1,4,8/12,0.4464285714285714,0.4666666666666667,0.4,0.4821428571428571,0.14285714285714285,0.75,1,6,2,6,15
53,left_vs_right_fist_imagery,spectral_baseline_6,False,2,8,4/12,0.4732142857142857,0.4666666666666667,0.4642857142857143,0.5714285714285714,0.5714285714285714,0.375,4,3,5,3,15
53,left_vs_right_fist_imagery,spectral_baseline_6,False,3,12,4/8,0.6696428571428572,0.6666666666666666,0.6666666666666666,0.6607142857142857,0.625,0.7142857142857143,5,3,2,5,15
53,left_vs_right_fist_imagery,spectral_baseline_6,True,1,4,8/12,0.4285714285714286,0.42857142857142855,0.37777777777777777,0.40816326530612246,0.14285714285714285,0.7142857142857143,1,6,2,5,14
53,left_vs_right_fist_imagery,spectral_baseline_6,True,2,8,4/12,0.375,0.35714285714285715,0.35384615384615387,0.5,0.5,0.25,3,3,6,2,14
53,left_vs_right_fist_imagery,spectral_baseline_6,True,3,12,4/8,0.6458333333333333,0.6428571428571429,0.641025641025641,0.625,0.625,0.6666666666666666,5,3,2,4,14
53,left_vs_right_fist_imagery,csp_4_empirical,False,1,4,8/12,0.7232142857142857,0.7333333333333333,0.7222222222222222,0.8571428571428571,0.5714285714285714,0.875,4,3,1,7,15
53,left_vs_right_fist_imagery,csp_4_empirical,False,2,8,4/12,0.9285714285714286,0.9333333333333333,0.9321266968325792,1.0,0.8571428571428571,1.0,6,1,0,8,15
53,left_vs_right_fist_imagery,csp_4_empirical,False,3,12,4/8,0.7410714285714286,0.7333333333333333,0.7321428571428572,0.8571428571428571,0.625,0.8571428571428571,5,3,1,6,15
53,left_vs_right_fist_imagery,csp_4_empirical,True,1,4,8/12,0.7142857142857143,0.7142857142857143,0.6888888888888889,0.8163265306122449,0.42857142857142855,1.0,3,4,0,7,14
53,left_vs_right_fist_imagery,csp_4_empirical,True,2,8,4/12,1.0,1.0,1.0,1.0,1.0,1.0,6,0,0,8,14
53,left_vs_right_fist_imagery,csp_4_empirical,True,3,12,4/8,0.6875,0.6428571428571429,0.625668449197861,0.9375,0.375,1.0,3,5,0,6,14
54,left_vs_right_fist_imagery,spectral_baseline_6,False,1,4,8/12,0.6428571428571428,0.6666666666666666,0.6031746031746031,0.7321428571428571,1.0,0.2857142857142857,8,0,5,2,15
54,left_vs_right_fist_imagery,spectral_baseline_6,False,2,8,4/12,0.7142857142857143,0.7333333333333333,0.7,0.9107142857142857,0.42857142857142855,1.0,3,4,0,8,15
54,left_vs_right_fist_imagery,spectral_baseline_6,False,3,12,4/8,0.8660714285714286,0.8666666666666667,0.8660714285714286,0.8571428571428571,0.875,0.8571428571428571,7,1,1,6,15
54,left_vs_right_fist_imagery,spectral_baseline_6,True,1,4,8/12,0.6,0.6,0.5238095238095238,0.68,1.0,0.2,5,0,4,1,10
54,left_vs_right_fist_imagery,spectral_baseline_6,True,2,8,4/12,0.7142857142857143,0.6666666666666666,0.6571428571428571,0.8857142857142857,0.42857142857142855,1.0,3,4,0,5,12
54,left_vs_right_fist_imagery,spectral_baseline_6,True,3,12,4/8,0.625,0.6428571428571429,0.625668449197861,0.6875,0.75,0.5,6,2,3,3,14
54,left_vs_right_fist_imagery,csp_4_empirical,False,1,4,8/12,0.7142857142857143,0.7333333333333333,0.7,0.6964285714285714,1.0,0.42857142857142855,8,0,4,3,15
54,left_vs_right_fist_imagery,csp_4_empirical,False,2,8,4/12,0.7857142857142857,0.8,0.784688995215311,0.9821428571428572,0.5714285714285714,1.0,4,3,0,8,15
54,left_vs_right_fist_imagery,csp_4_empirical,False,3,12,4/8,0.7857142857142857,0.8,0.784688995215311,0.7857142857142857,1.0,0.5714285714285714,8,0,3,4,15
54,left_vs_right_fist_imagery,csp_4_empirical,True,1,4,8/12,0.7,0.7,0.696969696969697,0.72,0.8,0.6,4,1,2,3,10
54,left_vs_right_fist_imagery,csp_4_empirical,True,2,8,4/12,0.7857142857142857,0.75,0.7482517482517483,0.8285714285714285,0.5714285714285714,1.0,4,3,0,5,12
54,left_vs_right_fist_imagery,csp_4_empirical,True,3,12,4/8,0.7916666666666667,0.7857142857142857,0.7846153846153847,0.8541666666666667,0.75,0.8333333333333334,6,2,1,5,14
55,left_vs_right_fist_imagery,spectral_baseline_6,False,1,4,8/12,0.5982142857142857,0.6,0.5982142857142857,0.7321428571428571,0.625,0.5714285714285714,5,3,3,4,15
55,left_vs_right_fist_imagery,spectral_baseline_6,False,2,8,4/12,0.6696428571428572,0.6666666666666666,0.6666666666666666,0.8214285714285714,0.625,0.7142857142857143,5,3,2,5,15
55,left_vs_right_fist_imagery,spectral_baseline_6,False,3,12,4/8,0.8035714285714286,0.8,0.8,0.8392857142857143,0.8571428571428571,0.75,6,1,2,6,15
55,left_vs_right_fist_imagery,spectral_baseline_6,True,1,4,8/12,0.5982142857142857,0.6,0.5982142857142857,0.7321428571428571,0.625,0.5714285714285714,5,3,3,4,15
55,left_vs_right_fist_imagery,spectral_baseline_6,True,2,8,4/12,0.6696428571428572,0.6666666666666666,0.6666666666666666,0.8214285714285714,0.625,0.7142857142857143,5,3,2,5,15
55,left_vs_right_fist_imagery,spectral_baseline_6,True,3,12,4/8,0.8035714285714286,0.8,0.8,0.8392857142857143,0.8571428571428571,0.75,6,1,2,6,15
55,left_vs_right_fist_imagery,csp_4_empirical,False,1,4,8/12,0.6428571428571428,0.6666666666666666,0.6031746031746031,0.8571428571428571,1.0,0.2857142857142857,8,0,5,2,15
55,left_vs_right_fist_imagery,csp_4_empirical,False,2,8,4/12,1.0,1.0,1.0,1.0,1.0,1.0,8,0,0,7,15
55,left_vs_right_fist_imagery,csp_4_empirical,False,3,12,4/8,0.7232142857142857,0.7333333333333333,0.7222222222222222,0.8392857142857143,0.5714285714285714,0.875,4,3,1,7,15
55,left_vs_right_fist_imagery,csp_4_empirical,True,1,4,8/12,0.6428571428571428,0.6666666666666666,0.6031746031746031,0.8571428571428571,1.0,0.2857142857142857,8,0,5,2,15
55,left_vs_right_fist_imagery,csp_4_empirical,True,2,8,4/12,1.0,1.0,1.0,1.0,1.0,1.0,8,0,0,7,15
55,left_vs_right_fist_imagery,csp_4_empirical,True,3,12,4/8,0.7232142857142857,0.7333333333333333,0.7222222222222222,0.8392857142857143,0.5714285714285714,0.875,4,3,1,7,15
56,left_vs_right_fist_imagery,spectral_baseline_6,False,1,4,8/12,0.19642857142857142,0.2,0.19642857142857142,0.16071428571428575,0.14285714285714285,0.25,1,6,6,2,15
56,left_vs_right_fist_imagery,spectral_baseline_6,False,2,8,4/12,0.48214285714285715,0.4666666666666667,0.4444444444444444,0.3928571428571429,0.7142857142857143,0.25,5,2,6,2,15
56,left_vs_right_fist_imagery,spectral_baseline_6,False,3,12,4/8,0.5178571428571428,0.5333333333333333,0.49760765550239233,0.39285714285714285,0.75,0.2857142857142857,6,2,5,2,15
56,left_vs_right_fist_imagery,spectral_baseline_6,True,1,4,8/12,0.24285714285714285,0.25,0.24475524475524477,0.1142857142857143,0.2857142857142857,0.2,2,5,4,1,12
56,left_vs_right_fist_imagery,spectral_baseline_6,True,2,8,4/12,0.5,0.5,0.4375,0.6388888888888888,0.8333333333333334,0.16666666666666666,5,1,5,1,12
56,left_vs_right_fist_imagery,spectral_baseline_6,True,3,12,4/8,0.2589285714285714,0.26666666666666666,0.25339366515837103,0.33928571428571425,0.375,0.14285714285714285,3,5,6,1,15
56,left_vs_right_fist_imagery,csp_4_empirical,False,1,4,8/12,0.9285714285714286,0.9333333333333333,0.9321266968325792,0.9821428571428572,0.8571428571428571,1.0,6,1,0,8,15
56,left_vs_right_fist_imagery,csp_4_empirical,False,2,8,4/12,0.8125,0.8,0.7963800904977376,0.9821428571428572,1.0,0.625,7,0,3,5,15
56,left_vs_right_fist_imagery,csp_4_empirical,False,3,12,4/8,0.75,0.7333333333333333,0.7222222222222222,0.9107142857142857,0.5,1.0,4,4,0,7,15
56,left_vs_right_fist_imagery,csp_4_empirical,True,1,4,8/12,0.8285714285714285,0.8333333333333334,0.8285714285714285,0.9428571428571428,0.8571428571428571,0.8,6,1,1,4,12
56,left_vs_right_fist_imagery,csp_4_empirical,True,2,8,4/12,0.8333333333333333,0.8333333333333334,0.8285714285714285,0.9722222222222223,1.0,0.6666666666666666,6,0,2,4,12
56,left_vs_right_fist_imagery,csp_4_empirical,True,3,12,4/8,0.6875,0.6666666666666666,0.6411483253588517,0.9464285714285714,0.375,1.0,3,5,0,7,15
57,left_vs_right_fist_imagery,spectral_baseline_6,False,1,4,8/12,0.7232142857142857,0.7333333333333333,0.7222222222222222,0.8035714285714286,0.875,0.5714285714285714,7,1,3,4,15
57,left_vs_right_fist_imagery,spectral_baseline_6,False,2,8,4/12,0.6160714285714286,0.6,0.5833333333333333,0.6071428571428571,0.375,0.8571428571428571,3,5,1,6,15
57,left_vs_right_fist_imagery,spectral_baseline_6,False,3,12,4/8,0.4642857142857143,0.4666666666666667,0.4642857142857143,0.5535714285714286,0.5,0.42857142857142855,4,4,4,3,15
57,left_vs_right_fist_imagery,spectral_baseline_6,True,1,4,8/12,0.6000000000000001,0.6,0.5833333333333333,0.72,0.8,0.4,4,1,3,2,10
57,left_vs_right_fist_imagery,spectral_baseline_6,True,2,8,4/12,0.5357142857142857,0.5333333333333333,0.5333333333333333,0.5178571428571428,0.5,0.5714285714285714,4,4,3,4,15
57,left_vs_right_fist_imagery,spectral_baseline_6,True,3,12,4/8,0.45238095238095233,0.46153846153846156,0.4484848484848485,0.5238095238095238,0.5714285714285714,0.3333333333333333,4,3,4,2,13
57,left_vs_right_fist_imagery,csp_4_empirical,False,1,4,8/12,0.3482142857142857,0.3333333333333333,0.3055555555555555,0.21428571428571425,0.125,0.5714285714285714,1,7,3,4,15
57,left_vs_right_fist_imagery,csp_4_empirical,False,2,8,4/12,0.48214285714285715,0.4666666666666667,0.4444444444444444,0.625,0.25,0.7142857142857143,2,6,2,5,15
57,left_vs_right_fist_imagery,csp_4_empirical,False,3,12,4/8,0.5803571428571428,0.6,0.55,0.6785714285714286,0.875,0.2857142857142857,7,1,5,2,15
57,left_vs_right_fist_imagery,csp_4_empirical,True,1,4,8/12,0.3,0.3,0.23076923076923078,0.16000000000000003,0.0,0.6,0,5,2,3,10
57,left_vs_right_fist_imagery,csp_4_empirical,True,2,8,4/12,0.5625,0.5333333333333333,0.4444444444444444,0.48214285714285715,0.125,1.0,1,7,0,7,15
57,left_vs_right_fist_imagery,csp_4_empirical,True,3,12,4/8,0.5,0.5384615384615384,0.35,0.49999999999999994,1.0,0.0,7,0,6,0,13
58,left_vs_right_fist_imagery,spectral_baseline_6,False,1,4,8/12,0.45535714285714285,0.4666666666666667,0.4444444444444444,0.6785714285714285,0.625,0.2857142857142857,5,3,5,2,15
58,left_vs_right_fist_imagery,spectral_baseline_6,False,2,8,4/12,0.5178571428571428,0.5333333333333333,0.49760765550239233,0.5178571428571428,0.75,0.2857142857142857,6,2,5,2,15
58,left_vs_right_fist_imagery,spectral_baseline_6,False,3,12,4/8,0.4732142857142857,0.4666666666666667,0.4642857142857143,0.625,0.375,0.5714285714285714,3,5,3,4,15
58,left_vs_right_fist_imagery,spectral_baseline_6,True,1,4,8/12,0.45535714285714285,0.4666666666666667,0.4444444444444444,0.625,0.625,0.2857142857142857,5,3,5,2,15
58,left_vs_right_fist_imagery,spectral_baseline_6,True,2,8,4/12,0.675,0.6666666666666666,0.6666666666666666,0.75,0.6,0.75,3,2,1,3,9
58,left_vs_right_fist_imagery,spectral_baseline_6,True,3,12,4/8,0.5,0.5,0.49743589743589745,0.5833333333333333,0.5,0.5,4,4,3,3,14
58,left_vs_right_fist_imagery,csp_4_empirical,False,1,4,8/12,0.5,0.4666666666666667,0.3181818181818182,0.5357142857142857,0.0,1.0,0,8,0,7,15
58,left_vs_right_fist_imagery,csp_4_empirical,False,2,8,4/12,0.49107142857142855,0.4666666666666667,0.4,0.4107142857142857,0.125,0.8571428571428571,1,7,1,6,15
58,left_vs_right_fist_imagery,csp_4_empirical,False,3,12,4/8,0.5714285714285714,0.6,0.48863636363636365,0.8392857142857142,1.0,0.14285714285714285,8,0,6,1,15
58,left_vs_right_fist_imagery,csp_4_empirical,True,1,4,8/12,0.5625,0.5333333333333333,0.4444444444444444,0.625,0.125,1.0,1,7,0,7,15
58,left_vs_right_fist_imagery,csp_4_empirical,True,2,8,4/12,0.5,0.4444444444444444,0.3076923076923077,0.7000000000000001,0.0,1.0,0,5,0,4,9
58,left_vs_right_fist_imagery,csp_4_empirical,True,3,12,4/8,0.6666666666666666,0.7142857142857143,0.65,0.9375,1.0,0.3333333333333333,8,0,4,2,14
59,left_vs_right_fist_imagery,spectral_baseline_6,False,1,4,8/12,0.5803571428571428,0.6,0.55,0.5714285714285714,0.875,0.2857142857142857,7,1,5,2,15
59,left_vs_right_fist_imagery,spectral_baseline_6,False,2,8,4/12,0.20535714285714285,0.2,0.19642857142857142,0.21428571428571427,0.125,0.2857142857142857,1,7,5,2,15
59,left_vs_right_fist_imagery,spectral_baseline_6,False,3,12,4/8,0.4732142857142857,0.4666666666666667,0.4642857142857143,0.5535714285714286,0.375,0.5714285714285714,3,5,3,4,15
59,left_vs_right_fist_imagery,spectral_baseline_6,True,1,4,8/12,0.6904761904761905,0.6923076923076923,0.6904761904761905,0.6190476190476191,0.7142857142857143,0.6666666666666666,5,2,2,4,13
59,left_vs_right_fist_imagery,spectral_baseline_6,True,2,8,4/12,0.625,0.6428571428571429,0.625668449197861,0.5,0.75,0.5,6,2,3,3,14
59,left_vs_right_fist_imagery,spectral_baseline_6,True,3,12,4/8,0.41666666666666663,0.4,0.4,0.5833333333333333,0.3333333333333333,0.5,2,4,2,2,10
59,left_vs_right_fist_imagery,csp_4_empirical,False,1,4,8/12,0.4375,0.4666666666666667,0.3181818181818182,0.49999999999999994,0.875,0.0,7,1,7,0,15
59,left_vs_right_fist_imagery,csp_4_empirical,False,2,8,4/12,0.5267857142857143,0.5333333333333333,0.5248868778280543,0.5357142857142857,0.625,0.42857142857142855,5,3,4,3,15
59,left_vs_right_fist_imagery,csp_4_empirical,False,3,12,4/8,0.48214285714285715,0.4666666666666667,0.4444444444444444,0.39285714285714285,0.25,0.7142857142857143,2,6,2,5,15
59,left_vs_right_fist_imagery,csp_4_empirical,True,1,4,8/12,0.5,0.46153846153846156,0.3157894736842105,0.6428571428571429,0.0,1.0,0,7,0,6,13
59,left_vs_right_fist_imagery,csp_4_empirical,True,2,8,4/12,0.5416666666666666,0.5714285714285714,0.5333333333333333,0.4166666666666667,0.75,0.3333333333333333,6,2,4,2,14
59,left_vs_right_fist_imagery,csp_4_empirical,True,3,12,4/8,0.5416666666666666,0.5,0.4949494949494949,0.6666666666666666,0.3333333333333333,0.75,2,4,1,3,10
60,left_vs_right_fist_imagery,spectral_baseline_6,False,1,4,8/12,0.5267857142857143,0.5333333333333333,0.5248868778280543,0.5178571428571429,0.42857142857142855,0.625,3,4,3,5,15
60,left_vs_right_fist_imagery,spectral_baseline_6,False,2,8,4/12,0.6785714285714286,0.6666666666666666,0.660633484162896,0.7857142857142857,0.5,0.8571428571428571,4,4,1,6,15
60,left_vs_right_fist_imagery,spectral_baseline_6,False,3,12,4/8,0.8035714285714286,0.8,0.8,0.7678571428571428,0.75,0.8571428571428571,6,2,1,6,15
60,left_vs_right_fist_imagery,spectral_baseline_6,True,1,4,8/12,0.5267857142857143,0.5333333333333333,0.5248868778280543,0.5892857142857143,0.42857142857142855,0.625,3,4,3,5,15
60,left_vs_right_fist_imagery,spectral_baseline_6,True,2,8,4/12,0.6309523809523809,0.6153846153846154,0.606060606060606,0.7380952380952382,0.42857142857142855,0.8333333333333334,3,4,1,5,13
60,left_vs_right_fist_imagery,spectral_baseline_6,True,3,12,4/8,0.7333333333333334,0.7272727272727273,0.7272727272727273,0.7666666666666667,0.8,0.6666666666666666,4,1,2,4,11
60,left_vs_right_fist_imagery,csp_4_empirical,False,1,4,8/12,0.7857142857142857,0.8,0.784688995215311,0.9107142857142858,0.5714285714285714,1.0,4,3,0,8,15
60,left_vs_right_fist_imagery,csp_4_empirical,False,2,8,4/12,0.6607142857142857,0.6666666666666666,0.660633484162896,0.8035714285714286,0.75,0.5714285714285714,6,2,3,4,15
60,left_vs_right_fist_imagery,csp_4_empirical,False,3,12,4/8,0.8660714285714286,0.8666666666666667,0.8660714285714286,0.875,0.875,0.8571428571428571,7,1,1,6,15
60,left_vs_right_fist_imagery,csp_4_empirical,True,1,4,8/12,0.8571428571428572,0.8666666666666667,0.8611111111111112,1.0,0.7142857142857143,1.0,5,2,0,8,15
60,left_vs_right_fist_imagery,csp_4_empirical,True,2,8,4/12,0.5595238095238095,0.5384615384615384,0.5125,0.7142857142857143,0.2857142857142857,0.8333333333333334,2,5,1,5,13
60,left_vs_right_fist_imagery,csp_4_empirical,True,3,12,4/8,0.9166666666666667,0.9090909090909091,0.9090909090909091,1.0,1.0,0.8333333333333334,5,0,1,5,11
61,left_vs_right_fist_imagery,spectral_baseline_6,False,1,4,8/12,0.45535714285714285,0.4666666666666667,0.4444444444444444,0.3571428571428571,0.2857142857142857,0.625,2,5,3,5,15
61,left_vs_right_fist_imagery,spectral_baseline_6,False,2,8,4/12,0.33035714285714285,0.3333333333333333,0.33035714285714285,0.39285714285714285,0.375,0.2857142857142857,3,5,5,2,15
61,left_vs_right_fist_imagery,spectral_baseline_6,False,3,12,4/8,0.4017857142857143,0.4,0.4,0.4642857142857143,0.42857142857142855,0.375,3,4,5,3,15
61,left_vs_right_fist_imagery,spectral_baseline_6,True,1,4,8/12,0.45535714285714285,0.4666666666666667,0.4444444444444444,0.35714285714285715,0.2857142857142857,0.625,2,5,3,5,15
61,left_vs_right_fist_imagery,spectral_baseline_6,True,2,8,4/12,0.33035714285714285,0.3333333333333333,0.33035714285714285,0.3392857142857143,0.375,0.2857142857142857,3,5,5,2,15
61,left_vs_right_fist_imagery,spectral_baseline_6,True,3,12,4/8,0.35416666666666663,0.35714285714285715,0.35384615384615387,0.375,0.3333333333333333,0.375,2,4,5,3,14
61,left_vs_right_fist_imagery,csp_4_empirical,False,1,4,8/12,0.5446428571428572,0.5333333333333333,0.5248868778280543,0.5178571428571429,0.7142857142857143,0.375,5,2,5,3,15
61,left_vs_right_fist_imagery,csp_4_empirical,False,2,8,4/12,0.7321428571428572,0.7333333333333333,0.7321428571428572,0.7142857142857142,0.75,0.7142857142857143,6,2,2,5,15
61,left_vs_right_fist_imagery,csp_4_empirical,False,3,12,4/8,0.6696428571428572,0.6666666666666666,0.6666666666666666,0.7857142857142857,0.7142857142857143,0.625,5,2,3,5,15
61,left_vs_right_fist_imagery,csp_4_empirical,True,1,4,8/12,0.6785714285714286,0.6666666666666666,0.660633484162896,0.5714285714285715,0.8571428571428571,0.5,6,1,4,4,15
61,left_vs_right_fist_imagery,csp_4_empirical,True,2,8,4/12,0.6607142857142857,0.6666666666666666,0.660633484162896,0.8035714285714286,0.75,0.5714285714285714,6,2,3,4,15
61,left_vs_right_fist_imagery,csp_4_empirical,True,3,12,4/8,0.6458333333333333,0.6428571428571429,0.641025641025641,0.7916666666666666,0.6666666666666666,0.625,4,2,3,5,14
62,left_vs_right_fist_imagery,spectral_baseline_6,False,1,4,8/12,0.6428571428571428,0.6666666666666666,0.6031746031746031,0.6964285714285714,0.2857142857142857,1.0,2,5,0,8,15
62,left_vs_right_fist_imagery,spectral_baseline_6,False,2,8,4/12,0.5803571428571428,0.6,0.55,0.6785714285714286,0.875,0.2857142857142857,7,1,5,2,15
62,left_vs_right_fist_imagery,spectral_baseline_6,False,3,12,4/8,0.6607142857142857,0.6666666666666666,0.660633484162896,0.7142857142857142,0.75,0.5714285714285714,6,2,3,4,15
62,left_vs_right_fist_imagery,spectral_baseline_6,True,1,4,8/12,0.6,0.6363636363636364,0.5416666666666666,0.39999999999999997,0.2,1.0,1,4,0,6,11
62,left_vs_right_fist_imagery,spectral_baseline_6,True,2,8,4/12,0.5416666666666666,0.5,0.4949494949494949,0.625,0.75,0.3333333333333333,3,1,4,2,10
62,left_vs_right_fist_imagery,spectral_baseline_6,True,3,12,4/8,0.4017857142857143,0.4,0.4,0.39285714285714285,0.375,0.42857142857142855,3,5,4,3,15
62,left_vs_right_fist_imagery,csp_4_empirical,False,1,4,8/12,1.0,1.0,1.0,1.0,1.0,1.0,7,0,0,8,15
62,left_vs_right_fist_imagery,csp_4_empirical,False,2,8,4/12,0.9285714285714286,0.9333333333333333,0.9321266968325792,1.0,1.0,0.8571428571428571,8,0,1,6,15
62,left_vs_right_fist_imagery,csp_4_empirical,False,3,12,4/8,0.9375,0.9333333333333333,0.9333333333333333,1.0,0.875,1.0,7,1,0,7,15
62,left_vs_right_fist_imagery,csp_4_empirical,True,1,4,8/12,0.9,0.9090909090909091,0.905982905982906,1.0,0.8,1.0,4,1,0,6,11
62,left_vs_right_fist_imagery,csp_4_empirical,True,2,8,4/12,1.0,1.0,1.0,1.0,1.0,1.0,4,0,0,6,10
62,left_vs_right_fist_imagery,csp_4_empirical,True,3,12,4/8,0.8035714285714286,0.8,0.8,0.8214285714285714,0.75,0.8571428571428571,6,2,1,6,15
63,left_vs_right_fist_imagery,spectral_baseline_6,False,1,4,8/12,0.4464285714285714,0.4666666666666667,0.4,0.5357142857142857,0.14285714285714285,0.75,1,6,2,6,15
63,left_vs_right_fist_imagery,spectral_baseline_6,False,2,8,4/12,0.5803571428571428,0.6,0.55,0.7321428571428571,0.2857142857142857,0.875,2,5,1,7,15
63,left_vs_right_fist_imagery,spectral_baseline_6,False,3,12,4/8,0.6517857142857143,0.6666666666666666,0.6411483253588517,0.6964285714285714,0.875,0.42857142857142855,7,1,4,3,15
63,left_vs_right_fist_imagery,spectral_baseline_6,True,1,4,8/12,0.3333333333333333,0.3076923076923077,0.23529411764705882,0.42857142857142855,0.0,0.6666666666666666,0,7,2,4,13
63,left_vs_right_fist_imagery,spectral_baseline_6,True,2,8,4/12,0.5,0.4166666666666667,0.29411764705882354,0.5428571428571429,0.0,1.0,0,7,0,5,12
63,left_vs_right_fist_imagery,spectral_baseline_6,True,3,12,4/8,0.7,0.7272727272727273,0.6857142857142857,0.4,1.0,0.4,6,0,3,2,11
63,left_vs_right_fist_imagery,csp_4_empirical,False,1,4,8/12,0.375,0.4,0.2857142857142857,0.4107142857142857,0.0,0.75,0,7,2,6,15
63,left_vs_right_fist_imagery,csp_4_empirical,False,2,8,4/12,0.75,0.7333333333333333,0.7222222222222222,0.7678571428571428,1.0,0.5,7,0,4,4,15
63,left_vs_right_fist_imagery,csp_4_empirical,False,3,12,4/8,0.5982142857142857,0.6,0.5982142857142857,0.6785714285714286,0.625,0.5714285714285714,5,3,3,4,15
63,left_vs_right_fist_imagery,csp_4_empirical,True,1,4,8/12,0.5833333333333334,0.6153846153846154,0.5112781954887218,0.9047619047619048,1.0,0.16666666666666666,7,0,5,1,13
63,left_vs_right_fist_imagery,csp_4_empirical,True,2,8,4/12,0.7571428571428571,0.75,0.7482517482517483,0.7714285714285714,0.7142857142857143,0.8,5,2,1,4,12
63,left_vs_right_fist_imagery,csp_4_empirical,True,3,12,4/8,0.2833333333333333,0.2727272727272727,0.26666666666666666,0.36666666666666664,0.16666666666666666,0.4,1,5,3,2,11
64,left_vs_right_fist_imagery,spectral_baseline_6,False,1,4,8/12,0.5714285714285714,0.5714285714285714,0.5714285714285714,0.7142857142857142,0.5714285714285714,0.5714285714285714,4,3,3,4,14
64,left_vs_right_fist_imagery,spectral_baseline_6,False,2,8,4/12,0.8571428571428572,0.8571428571428571,0.8541666666666667,0.8367346938775511,0.7142857142857143,1.0,5,2,0,7,14
64,left_vs_right_fist_imagery,spectral_baseline_6,False,3,12,4/8,0.4285714285714286,0.42857142857142855,0.37777777777777777,0.673469387755102,0.7142857142857143,0.14285714285714285,5,2,6,1,14
64,left_vs_right_fist_imagery,spectral_baseline_6,True,1,4,8/12,0.7142857142857142,0.7142857142857143,0.7083333333333333,0.7346938775510203,0.5714285714285714,0.8571428571428571,4,3,1,6,14
64,left_vs_right_fist_imagery,spectral_baseline_6,True,2,8,4/12,0.7738095238095238,0.7692307692307693,0.7692307692307693,0.8571428571428572,0.7142857142857143,0.8333333333333334,5,2,1,5,13
64,left_vs_right_fist_imagery,spectral_baseline_6,True,3,12,4/8,0.4571428571428572,0.5,0.4375,0.6857142857142857,0.7142857142857143,0.2,5,2,4,1,12
64,left_vs_right_fist_imagery,csp_4_empirical,False,1,4,8/12,0.5,0.5,0.3333333333333333,0.4693877551020408,1.0,0.0,7,0,7,0,14
64,left_vs_right_fist_imagery,csp_4_empirical,False,2,8,4/12,0.7142857142857143,0.7142857142857143,0.6888888888888889,0.8367346938775511,0.42857142857142855,1.0,3,4,0,7,14
64,left_vs_right_fist_imagery,csp_4_empirical,False,3,12,4/8,0.2857142857142857,0.2857142857142857,0.2222222222222222,0.4285714285714286,0.5714285714285714,0.0,4,3,7,0,14
64,left_vs_right_fist_imagery,csp_4_empirical,True,1,4,8/12,0.5,0.5,0.3333333333333333,0.6122448979591837,1.0,0.0,7,0,7,0,14
64,left_vs_right_fist_imagery,csp_4_empirical,True,2,8,4/12,0.7023809523809523,0.6923076923076923,0.6904761904761905,0.7619047619047619,0.5714285714285714,0.8333333333333334,4,3,1,5,13
64,left_vs_right_fist_imagery,csp_4_empirical,True,3,12,4/8,0.21428571428571427,0.25,0.2,0.4285714285714286,0.42857142857142855,0.0,3,4,5,0,12
65,left_vs_right_fist_imagery,spectral_baseline_6,False,1,4,8/12,0.4464285714285714,0.4666666666666667,0.4,0.4642857142857143,0.75,0.14285714285714285,6,2,6,1,15
65,left_vs_right_fist_imagery,spectral_baseline_6,False,2,8,4/12,0.4107142857142857,0.4,0.3891402714932127,0.3392857142857143,0.25,0.5714285714285714,2,6,3,4,15
65,left_vs_right_fist_imagery,spectral_baseline_6,False,3,12,4/8,0.4642857142857143,0.4666666666666667,0.4642857142857143,0.39285714285714285,0.5,0.42857142857142855,4,4,4,3,15
65,left_vs_right_fist_imagery,spectral_baseline_6,True,1,4,8/12,0.6666666666666667,0.6666666666666666,0.6571428571428571,0.7500000000000001,0.8333333333333334,0.5,5,1,3,3,12
65,left_vs_right_fist_imagery,spectral_baseline_6,True,2,8,4/12,0.775,0.7777777777777778,0.775,0.85,0.8,0.75,4,1,1,3,9
65,left_vs_right_fist_imagery,spectral_baseline_6,True,3,12,4/8,0.7083333333333333,0.7142857142857143,0.7083333333333333,0.8333333333333334,0.75,0.6666666666666666,3,1,1,2,7
65,left_vs_right_fist_imagery,csp_4_empirical,False,1,4,8/12,0.5178571428571428,0.5333333333333333,0.49760765550239233,0.5535714285714286,0.75,0.2857142857142857,6,2,5,2,15
65,left_vs_right_fist_imagery,csp_4_empirical,False,2,8,4/12,0.5982142857142857,0.6,0.5982142857142857,0.5714285714285714,0.625,0.5714285714285714,5,3,3,4,15
65,left_vs_right_fist_imagery,csp_4_empirical,False,3,12,4/8,0.5357142857142857,0.5333333333333333,0.5333333333333333,0.5535714285714286,0.5,0.5714285714285714,4,4,3,4,15
65,left_vs_right_fist_imagery,csp_4_empirical,True,1,4,8/12,0.5833333333333334,0.5833333333333334,0.4957983193277311,0.638888888888889,1.0,0.16666666666666666,6,0,5,1,12
65,left_vs_right_fist_imagery,csp_4_empirical,True,2,8,4/12,0.575,0.5555555555555556,0.55,0.85,0.4,0.75,2,3,1,3,9
65,left_vs_right_fist_imagery,csp_4_empirical,True,3,12,4/8,0.7083333333333333,0.7142857142857143,0.7083333333333333,0.8333333333333333,0.75,0.6666666666666666,3,1,1,2,7
66,left_vs_right_fist_imagery,spectral_baseline_6,False,1,4,8/12,0.6160714285714286,0.6,0.5833333333333333,0.625,0.8571428571428571,0.375,6,1,5,3,15
66,left_vs_right_fist_imagery,spectral_baseline_6,False,2,8,4/12,0.5267857142857143,0.5333333333333333,0.5248868778280543,0.5357142857142857,0.625,0.42857142857142855,5,3,4,3,15
66,left_vs_right_fist_imagery,spectral_baseline_6,False,3,12,4/8,0.5357142857142857,0.5333333333333333,0.5333333333333333,0.6071428571428572,0.5714285714285714,0.5,4,3,4,4,15
66,left_vs_right_fist_imagery,spectral_baseline_6,True,1,4,8/12,0.6142857142857143,0.5833333333333334,0.5804195804195804,0.7714285714285715,0.8,0.42857142857142855,4,1,4,3,12
66,left_vs_right_fist_imagery,spectral_baseline_6,True,2,8,4/12,0.42857142857142855,0.42857142857142855,0.41666666666666663,0.5306122448979592,0.5714285714285714,0.2857142857142857,4,3,5,2,14
66,left_vs_right_fist_imagery,spectral_baseline_6,True,3,12,4/8,0.5267857142857143,0.5333333333333333,0.5248868778280543,0.6964285714285714,0.42857142857142855,0.625,3,4,3,5,15
66,left_vs_right_fist_imagery,csp_4_empirical,False,1,4,8/12,0.6428571428571428,0.6666666666666666,0.6031746031746031,0.5535714285714286,0.2857142857142857,1.0,2,5,0,8,15
66,left_vs_right_fist_imagery,csp_4_empirical,False,2,8,4/12,0.45535714285714285,0.4666666666666667,0.4444444444444444,0.5357142857142857,0.625,0.2857142857142857,5,3,5,2,15
66,left_vs_right_fist_imagery,csp_4_empirical,False,3,12,4/8,0.33035714285714285,0.3333333333333333,0.33035714285714285,0.26785714285714285,0.2857142857142857,0.375,2,5,5,3,15
66,left_vs_right_fist_imagery,csp_4_empirical,True,1,4,8/12,0.7,0.75,0.6974789915966386,0.6,0.4,1.0,2,3,0,7,12
66,left_vs_right_fist_imagery,csp_4_empirical,True,2,8,4/12,0.5,0.5,0.47593582887700536,0.6326530612244898,0.7142857142857143,0.2857142857142857,5,2,5,2,14
66,left_vs_right_fist_imagery,csp_4_empirical,True,3,12,4/8,0.5267857142857143,0.5333333333333333,0.5248868778280543,0.4285714285714285,0.42857142857142855,0.625,3,4,3,5,15
67,left_vs_right_fist_imagery,spectral_baseline_6,False,1,4,8/12,0.45535714285714285,0.4666666666666667,0.4444444444444444,0.46428571428571425,0.625,0.2857142857142857,5,3,5,2,15
67,left_vs_right_fist_imagery,spectral_baseline_6,False,2,8,4/12,0.5357142857142857,0.5333333333333333,0.5333333333333333,0.5178571428571429,0.5714285714285714,0.5,4,3,4,4,15
67,left_vs_right_fist_imagery,spectral_baseline_6,False,3,12,4/8,0.5,0.5333333333333333,0.34782608695652173,0.48214285714285715,0.0,1.0,0,7,0,8,15
67,left_vs_right_fist_imagery,spectral_baseline_6,True,1,4,8/12,0.5,0.5,0.3333333333333333,0.5714285714285714,0.0,1.0,0,7,0,7,14
67,left_vs_right_fist_imagery,spectral_baseline_6,True,2,8,4/12,0.4857142857142857,0.5,0.4857142857142857,0.4571428571428572,0.4,0.5714285714285714,2,3,3,4,12
67,left_vs_right_fist_imagery,spectral_baseline_6,True,3,12,4/8,0.6309523809523809,0.6153846153846154,0.606060606060606,0.5714285714285714,0.8333333333333334,0.42857142857142855,5,1,4,3,13
67,left_vs_right_fist_imagery,csp_4_empirical,False,1,4,8/12,0.5446428571428572,0.5333333333333333,0.5248868778280543,0.5535714285714286,0.375,0.7142857142857143,3,5,2,5,15
67,left_vs_right_fist_imagery,csp_4_empirical,False,2,8,4/12,0.5357142857142857,0.5333333333333333,0.5333333333333333,0.4464285714285714,0.5714285714285714,0.5,4,3,4,4,15
67,left_vs_right_fist_imagery,csp_4_empirical,False,3,12,4/8,0.5535714285714286,0.5333333333333333,0.49760765550239233,0.5178571428571429,0.8571428571428571,0.25,6,1,6,2,15
67,left_vs_right_fist_imagery,csp_4_empirical,True,1,4,8/12,0.5,0.5,0.3333333333333333,0.6122448979591837,0.0,1.0,0,7,0,7,14
67,left_vs_right_fist_imagery,csp_4_empirical,True,2,8,4/12,0.4714285714285714,0.4166666666666667,0.37777777777777777,0.6,0.8,0.14285714285714285,4,1,6,1,12
67,left_vs_right_fist_imagery,csp_4_empirical,True,3,12,4/8,0.5714285714285714,0.5384615384615384,0.4583333333333333,0.35714285714285715,1.0,0.14285714285714285,6,0,6,1,13
68,left_vs_right_fist_imagery,spectral_baseline_6,False,1,4,8/12,0.5089285714285714,0.5333333333333333,0.4444444444444444,0.4464285714285714,0.875,0.14285714285714285,7,1,6,1,15
68,left_vs_right_fist_imagery,spectral_baseline_6,False,2,8,4/12,0.3392857142857143,0.3333333333333333,0.33035714285714285,0.3928571428571429,0.42857142857142855,0.25,3,4,6,2,15
68,left_vs_right_fist_imagery,spectral_baseline_6,False,3,12,4/8,0.5267857142857143,0.5333333333333333,0.5248868778280543,0.5,0.42857142857142855,0.625,3,4,3,5,15
68,left_vs_right_fist_imagery,spectral_baseline_6,True,1,4,8/12,0.5714285714285714,0.5384615384615384,0.4583333333333333,0.35714285714285715,1.0,0.14285714285714285,6,0,6,1,13
68,left_vs_right_fist_imagery,spectral_baseline_6,True,2,8,4/12,0.4,0.4,0.375,0.2,0.6,0.2,3,2,4,1,10
68,left_vs_right_fist_imagery,spectral_baseline_6,True,3,12,4/8,0.5714285714285714,0.5714285714285714,0.5625,0.5306122448979591,0.7142857142857143,0.42857142857142855,5,2,4,3,14
68,left_vs_right_fist_imagery,csp_4_empirical,False,1,4,8/12,0.4107142857142857,0.4,0.3891402714932127,0.26785714285714285,0.25,0.5714285714285714,2,6,3,4,15
68,left_vs_right_fist_imagery,csp_4_empirical,False,2,8,4/12,0.5714285714285714,0.6,0.48863636363636365,0.5714285714285714,0.14285714285714285,1.0,1,6,0,8,15
68,left_vs_right_fist_imagery,csp_4_empirical,False,3,12,4/8,0.5089285714285714,0.5333333333333333,0.4444444444444444,0.4464285714285714,0.14285714285714285,0.875,1,6,1,7,15
68,left_vs_right_fist_imagery,csp_4_empirical,True,1,4,8/12,0.22619047619047616,0.23076923076923078,0.22619047619047616,0.38095238095238093,0.16666666666666666,0.2857142857142857,1,5,5,2,13
68,left_vs_right_fist_imagery,csp_4_empirical,True,2,8,4/12,0.6000000000000001,0.6,0.5833333333333333,0.64,0.8,0.4,4,1,3,2,10
68,left_vs_right_fist_imagery,csp_4_empirical,True,3,12,4/8,0.6428571428571428,0.6428571428571429,0.625668449197861,0.5714285714285714,0.42857142857142855,0.8571428571428571,3,4,1,6,14
69,left_vs_right_fist_imagery,spectral_baseline_6,False,1,4,8/12,0.5267857142857143,0.5333333333333333,0.5248868778280543,0.6607142857142857,0.625,0.42857142857142855,5,3,4,3,15
69,left_vs_right_fist_imagery,spectral_baseline_6,False,2,8,4/12,0.33035714285714285,0.3333333333333333,0.33035714285714285,0.1607142857142857,0.375,0.2857142857142857,3,5,5,2,15
69,left_vs_right_fist_imagery,spectral_baseline_6,False,3,12,4/8,0.4642857142857143,0.4666666666666667,0.4642857142857143,0.5178571428571428,0.5,0.42857142857142855,4,4,4,3,15
69,left_vs_right_fist_imagery,spectral_baseline_6,True,1,4,8/12,0.5267857142857143,0.5333333333333333,0.5248868778280543,0.6964285714285714,0.625,0.42857142857142855,5,3,4,3,15
69,left_vs_right_fist_imagery,spectral_baseline_6,True,2,8,4/12,0.3875,0.38461538461538464,0.38095238095238093,0.22499999999999998,0.375,0.4,3,5,3,2,13
69,left_vs_right_fist_imagery,spectral_baseline_6,True,3,12,4/8,0.4642857142857143,0.4666666666666667,0.4642857142857143,0.6785714285714286,0.5,0.42857142857142855,4,4,4,3,15
69,left_vs_right_fist_imagery,csp_4_empirical,False,1,4,8/12,0.49107142857142855,0.4666666666666667,0.4,0.6071428571428571,0.125,0.8571428571428571,1,7,1,6,15
69,left_vs_right_fist_imagery,csp_4_empirical,False,2,8,4/12,0.5357142857142857,0.5333333333333333,0.5333333333333333,0.625,0.5,0.5714285714285714,4,4,3,4,15
69,left_vs_right_fist_imagery,csp_4_empirical,False,3,12,4/8,0.5625,0.5333333333333333,0.4444444444444444,0.7321428571428572,0.125,1.0,1,7,0,7,15
69,left_vs_right_fist_imagery,csp_4_empirical,True,1,4,8/12,0.5803571428571428,0.6,0.55,0.7857142857142857,0.875,0.2857142857142857,7,1,5,2,15
69,left_vs_right_fist_imagery,csp_4_empirical,True,2,8,4/12,0.45,0.46153846153846156,0.4484848484848485,0.55,0.5,0.4,4,4,3,2,13
69,left_vs_right_fist_imagery,csp_4_empirical,True,3,12,4/8,0.5625,0.5333333333333333,0.4444444444444444,0.6428571428571429,0.125,1.0,1,7,0,7,15
70,left_vs_right_fist_imagery,spectral_baseline_6,False,1,4,8/12,0.6071428571428572,0.6,0.5982142857142857,0.6607142857142857,0.7142857142857143,0.5,5,2,4,4,15
70,left_vs_right_fist_imagery,spectral_baseline_6,False,2,8,4/12,0.4017857142857143,0.4,0.4,0.375,0.375,0.42857142857142855,3,5,4,3,15
70,left_vs_right_fist_imagery,spectral_baseline_6,False,3,12,4/8,0.6607142857142857,0.6666666666666666,0.660633484162896,0.6607142857142857,0.5714285714285714,0.75,4,3,2,6,15
70,left_vs_right_fist_imagery,spectral_baseline_6,True,1,4,8/12,0.6071428571428572,0.6,0.5982142857142857,0.5535714285714286,0.7142857142857143,0.5,5,2,4,4,15
70,left_vs_right_fist_imagery,spectral_baseline_6,True,2,8,4/12,0.4642857142857143,0.46153846153846156,0.46153846153846156,0.5238095238095237,0.42857142857142855,0.5,3,4,3,3,13
70,left_vs_right_fist_imagery,spectral_baseline_6,True,3,12,4/8,0.675,0.6666666666666666,0.6666666666666666,0.65,0.6,0.75,3,2,1,3,9
70,left_vs_right_fist_imagery,csp_4_empirical,False,1,4,8/12,0.8571428571428572,0.8666666666666667,0.8611111111111112,1.0,0.7142857142857143,1.0,5,2,0,8,15
70,left_vs_right_fist_imagery,csp_4_empirical,False,2,8,4/12,0.5446428571428572,0.5333333333333333,0.5248868778280543,0.4821428571428571,0.375,0.7142857142857143,3,5,2,5,15
70,left_vs_right_fist_imagery,csp_4_empirical,False,3,12,4/8,0.49107142857142855,0.4666666666666667,0.4,0.625,0.8571428571428571,0.125,6,1,7,1,15
70,left_vs_right_fist_imagery,csp_4_empirical,True,1,4,8/12,0.4017857142857143,0.4,0.4,0.5714285714285714,0.42857142857142855,0.375,3,4,5,3,15
70,left_vs_right_fist_imagery,csp_4_empirical,True,2,8,4/12,0.6190476190476191,0.6153846153846154,0.6153846153846154,0.6666666666666666,0.5714285714285714,0.6666666666666666,4,3,2,4,13
70,left_vs_right_fist_imagery,csp_4_empirical,True,3,12,4/8,0.4,0.4444444444444444,0.3076923076923077,0.45,0.8,0.0,4,1,4,0,9
71,left_vs_right_fist_imagery,spectral_baseline_6,False,1,4,8/12,0.3839285714285714,0.4,0.354066985645933,0.26785714285714285,0.625,0.14285714285714285,5,3,6,1,15
71,left_vs_right_fist_imagery,spectral_baseline_6,False,2,8,4/12,0.4464285714285714,0.4666666666666667,0.4,0.3571428571428571,0.14285714285714285,0.75,1,6,2,6,15
71,left_vs_right_fist_imagery,spectral_baseline_6,False,3,12,4/8,0.45535714285714285,0.4666666666666667,0.4444444444444444,0.44642857142857145,0.2857142857142857,0.625,2,5,3,5,15
71,left_vs_right_fist_imagery,spectral_baseline_6,True,1,4,8/12,0.2857142857142857,0.3076923076923077,0.23529411764705882,0.4285714285714286,0.5714285714285714,0.0,4,3,6,0,13
71,left_vs_right_fist_imagery,spectral_baseline_6,True,2,8,4/12,0.48333333333333334,0.45454545454545453,0.4107142857142857,0.4666666666666667,0.16666666666666666,0.8,1,5,1,4,11
71,left_vs_right_fist_imagery,spectral_baseline_6,True,3,12,4/8,0.6375,0.6923076923076923,0.6388888888888888,0.6000000000000001,0.4,0.875,2,3,1,7,13
71,left_vs_right_fist_imagery,csp_4_empirical,False,1,4,8/12,0.625,0.6,0.55,0.9821428571428571,0.25,1.0,2,6,0,7,15
71,left_vs_right_fist_imagery,csp_4_empirical,False,2,8,4/12,0.7410714285714286,0.7333333333333333,0.7321428571428572,0.75,0.8571428571428571,0.625,6,1,3,5,15
71,left_vs_right_fist_imagery,csp_4_empirical,False,3,12,4/8,0.4375,0.4666666666666667,0.3181818181818182,0.4642857142857143,0.0,0.875,0,7,1,7,15
71,left_vs_right_fist_imagery,csp_4_empirical,True,1,4,8/12,0.5714285714285714,0.5384615384615384,0.4583333333333333,0.9047619047619049,0.14285714285714285,1.0,1,6,0,6,13
71,left_vs_right_fist_imagery,csp_4_empirical,True,2,8,4/12,0.5333333333333333,0.5454545454545454,0.5299145299145299,0.5333333333333334,0.6666666666666666,0.4,4,2,3,2,11
71,left_vs_right_fist_imagery,csp_4_empirical,True,3,12,4/8,0.5,0.38461538461538464,0.2777777777777778,0.85,1.0,0.0,5,0,8,0,13
72,left_vs_right_fist_imagery,spectral_baseline_6,False,1,4,8/12,0.7857142857142857,0.7857142857142857,0.7846153846153847,0.9591836734693878,0.8571428571428571,0.7142857142857143,6,1,2,5,14
72,left_vs_right_fist_imagery,spectral_baseline_6,False,2,8,4/12,0.7142857142857143,0.7142857142857143,0.7142857142857143,0.8571428571428572,0.7142857142857143,0.7142857142857143,5,2,2,5,14
72,left_vs_right_fist_imagery,spectral_baseline_6,False,3,12,4/8,0.7142857142857142,0.7142857142857143,0.7083333333333333,0.8979591836734693,0.8571428571428571,0.5714285714285714,6,1,3,4,14
72,left_vs_right_fist_imagery,spectral_baseline_6,True,1,4,8/12,0.7916666666666667,0.8,0.7916666666666667,0.9583333333333334,0.8333333333333334,0.75,5,1,1,3,10
72,left_vs_right_fist_imagery,spectral_baseline_6,True,2,8,4/12,0.8571428571428571,0.8571428571428571,0.8571428571428571,0.9591836734693877,0.8571428571428571,0.8571428571428571,6,1,1,6,14
72,left_vs_right_fist_imagery,spectral_baseline_6,True,3,12,4/8,0.8333333333333333,0.8,0.8,1.0,1.0,0.6666666666666666,4,0,2,4,10
72,left_vs_right_fist_imagery,csp_4_empirical,False,1,4,8/12,0.7142857142857143,0.7142857142857143,0.6888888888888889,0.979591836734694,1.0,0.42857142857142855,7,0,4,3,14
72,left_vs_right_fist_imagery,csp_4_empirical,False,2,8,4/12,1.0,1.0,1.0,1.0,1.0,1.0,7,0,0,7,14
72,left_vs_right_fist_imagery,csp_4_empirical,False,3,12,4/8,0.8571428571428572,0.8571428571428571,0.8541666666666667,1.0,1.0,0.7142857142857143,7,0,2,5,14
72,left_vs_right_fist_imagery,csp_4_empirical,True,1,4,8/12,0.75,0.8,0.7619047619047619,1.0,1.0,0.5,6,0,2,2,10
72,left_vs_right_fist_imagery,csp_4_empirical,True,2,8,4/12,0.9285714285714286,0.9285714285714286,0.9282051282051282,1.0,0.8571428571428571,1.0,6,1,0,7,14
72,left_vs_right_fist_imagery,csp_4_empirical,True,3,12,4/8,0.75,0.7,0.696969696969697,1.0,1.0,0.5,4,0,3,3,10
73,left_vs_right_fist_imagery,spectral_baseline_6,False,1,4,8/12,0.5714285714285714,0.5714285714285714,0.5333333333333333,0.6530612244897959,0.2857142857142857,0.8571428571428571,2,5,1,6,14
73,left_vs_right_fist_imagery,spectral_baseline_6,False,2,8,4/12,0.5714285714285714,0.5714285714285714,0.5714285714285714,0.5510204081632653,0.5714285714285714,0.5714285714285714,4,3,3,4,14
73,left_vs_right_fist_imagery,spectral_baseline_6,False,3,12,4/8,0.42857142857142855,0.42857142857142855,0.42857142857142855,0.5102040816326531,0.42857142857142855,0.42857142857142855,3,4,4,3,14
73,left_vs_right_fist_imagery,spectral_baseline_6,True,1,4,8/12,0.44047619047619047,0.46153846153846156,0.40522875816993464,0.45238095238095233,0.16666666666666666,0.7142857142857143,1,5,2,5,13
73,left_vs_right_fist_imagery,spectral_baseline_6,True,2,8,4/12,0.45,0.45454545454545453,0.45,0.3666666666666667,0.5,0.4,3,3,3,2,11
73,left_vs_right_fist_imagery,spectral_baseline_6,True,3,12,4/8,0.3333333333333333,0.3333333333333333,0.3333333333333333,0.4444444444444444,0.3333333333333333,0.3333333333333333,2,4,4,2,12
73,left_vs_right_fist_imagery,csp_4_empirical,False,1,4,8/12,0.5,0.5,0.3333333333333333,0.7755102040816326,1.0,0.0,7,0,7,0,14
73,left_vs_right_fist_imagery,csp_4_empirical,False,2,8,4/12,0.42857142857142855,0.42857142857142855,0.41666666666666663,0.4285714285714286,0.2857142857142857,0.5714285714285714,2,5,3,4,14
73,left_vs_right_fist_imagery,csp_4_empirical,False,3,12,4/8,0.5714285714285714,0.5714285714285714,0.5625,0.5306122448979592,0.42857142857142855,0.7142857142857143,3,4,2,5,14
73,left_vs_right_fist_imagery,csp_4_empirical,True,1,4,8/12,0.5,0.46153846153846156,0.3157894736842105,0.3571428571428572,1.0,0.0,6,0,7,0,13
73,left_vs_right_fist_imagery,csp_4_empirical,True,2,8,4/12,0.2833333333333333,0.2727272727272727,0.26666666666666666,0.30000000000000004,0.16666666666666666,0.4,1,5,3,2,11
73,left_vs_right_fist_imagery,csp_4_empirical,True,3,12,4/8,0.5,0.5,0.4375,0.5000000000000001,0.8333333333333334,0.16666666666666666,5,1,5,1,12
74,left_vs_right_fist_imagery,spectral_baseline_6,False,1,4,8/12,0.5714285714285714,0.5714285714285714,0.475,0.5918367346938775,1.0,0.14285714285714285,7,0,6,1,14
74,left_vs_right_fist_imagery,spectral_baseline_6,False,2,8,4/12,0.3571428571428571,0.35714285714285715,0.35384615384615387,0.4081632653061224,0.2857142857142857,0.42857142857142855,2,5,4,3,14
74,left_vs_right_fist_imagery,spectral_baseline_6,False,3,12,4/8,0.42857142857142855,0.42857142857142855,0.41666666666666663,0.3673469387755103,0.5714285714285714,0.2857142857142857,4,3,5,2,14
74,left_vs_right_fist_imagery,spectral_baseline_6,True,1,4,8/12,0.5,0.5833333333333334,0.3684210526315789,0.37142857142857144,1.0,0.0,7,0,5,0,12
74,left_vs_right_fist_imagery,spectral_baseline_6,True,2,8,4/12,0.5476190476190476,0.5384615384615384,0.5357142857142857,0.5,0.6666666666666666,0.42857142857142855,4,2,4,3,13
74,left_vs_right_fist_imagery,spectral_baseline_6,True,3,12,4/8,0.5833333333333333,0.5833333333333334,0.5804195804195804,0.4444444444444444,0.5,0.6666666666666666,3,3,2,4,12
74,left_vs_right_fist_imagery,csp_4_empirical,False,1,4,8/12,0.5,0.5,0.47593582887700536,0.6326530612244898,0.7142857142857143,0.2857142857142857,5,2,5,2,14
74,left_vs_right_fist_imagery,csp_4_empirical,False,2,8,4/12,0.3571428571428571,0.35714285714285715,0.35384615384615387,0.4693877551020408,0.2857142857142857,0.42857142857142855,2,5,4,3,14
74,left_vs_right_fist_imagery,csp_4_empirical,False,3,12,4/8,0.6428571428571428,0.6428571428571429,0.625668449197861,0.7551020408163265,0.8571428571428571,0.42857142857142855,6,1,4,3,14
74,left_vs_right_fist_imagery,csp_4_empirical,True,1,4,8/12,0.5571428571428572,0.5833333333333334,0.5555555555555556,0.4571428571428572,0.7142857142857143,0.4,5,2,3,2,12
74,left_vs_right_fist_imagery,csp_4_empirical,True,2,8,4/12,0.38095238095238093,0.38461538461538464,0.38095238095238093,0.40476190476190477,0.3333333333333333,0.42857142857142855,2,4,4,3,13
74,left_vs_right_fist_imagery,csp_4_empirical,True,3,12,4/8,0.41666666666666663,0.4166666666666667,0.4125874125874126,0.2777777777777778,0.5,0.3333333333333333,3,3,4,2,12
75,left_vs_right_fist_imagery,spectral_baseline_6,False,1,4,8/12,0.4017857142857143,0.4,0.4,0.5357142857142858,0.42857142857142855,0.375,3,4,5,3,15
75,left_vs_right_fist_imagery,spectral_baseline_6,False,2,8,4/12,0.5982142857142857,0.6,0.5982142857142857,0.5357142857142857,0.5714285714285714,0.625,4,3,3,5,15
75,left_vs_right_fist_imagery,spectral_baseline_6,False,3,12,4/8,0.5267857142857143,0.5333333333333333,0.5248868778280543,0.625,0.625,0.42857142857142855,5,3,4,3,15
75,left_vs_right_fist_imagery,spectral_baseline_6,True,1,4,8/12,0.4583333333333333,0.42857142857142855,0.41666666666666663,0.5416666666666666,0.6666666666666666,0.25,4,2,6,2,14
75,left_vs_right_fist_imagery,spectral_baseline_6,True,2,8,4/12,0.6071428571428572,0.6153846153846154,0.606060606060606,0.5238095238095237,0.7142857142857143,0.5,5,2,3,3,13
75,left_vs_right_fist_imagery,spectral_baseline_6,True,3,12,4/8,0.5625,0.5714285714285714,0.5625,0.625,0.625,0.5,5,3,3,3,14
75,left_vs_right_fist_imagery,csp_4_empirical,False,1,4,8/12,0.45535714285714285,0.4666666666666667,0.4444444444444444,0.6428571428571429,0.2857142857142857,0.625,2,5,3,5,15
75,left_vs_right_fist_imagery,csp_4_empirical,False,2,8,4/12,0.5357142857142857,0.5333333333333333,0.5333333333333333,0.5178571428571429,0.5714285714285714,0.5,4,3,4,4,15
75,left_vs_right_fist_imagery,csp_4_empirical,False,3,12,4/8,0.6785714285714286,0.6666666666666666,0.660633484162896,0.8035714285714286,0.5,0.8571428571428571,4,4,1,6,15
75,left_vs_right_fist_imagery,csp_4_empirical,True,1,4,8/12,0.5,0.5,0.49743589743589745,0.6458333333333334,0.5,0.5,3,3,4,4,14
75,left_vs_right_fist_imagery,csp_4_empirical,True,2,8,4/12,0.6309523809523809,0.6153846153846154,0.606060606060606,0.6428571428571428,0.42857142857142855,0.8333333333333334,3,4,1,5,13
75,left_vs_right_fist_imagery,csp_4_empirical,True,3,12,4/8,0.7291666666666667,0.7142857142857143,0.7142857142857143,0.6875,0.625,0.8333333333333334,5,3,1,5,14
76,left_vs_right_fist_imagery,spectral_baseline_6,False,1,4,8/12,0.21428571428571427,0.21428571428571427,0.21025641025641026,0.2040816326530612,0.2857142857142857,0.14285714285714285,2,5,6,1,14
76,left_vs_right_fist_imagery,spectral_baseline_6,False,2,8,4/12,0.3571428571428571,0.35714285714285715,0.35384615384615387,0.28571428571428575,0.42857142857142855,0.2857142857142857,3,4,5,2,14
76,left_vs_right_fist_imagery,spectral_baseline_6,False,3,12,4/8,0.2857142857142857,0.2857142857142857,0.2708333333333333,0.12244897959183676,0.14285714285714285,0.42857142857142855,1,6,4,3,14
76,left_vs_right_fist_imagery,spectral_baseline_6,True,1,4,8/12,0.08333333333333333,0.1,0.09090909090909091,0.04166666666666666,0.16666666666666666,0.0,1,5,4,0,10
76,left_vs_right_fist_imagery,spectral_baseline_6,True,2,8,4/12,0.16666666666666666,0.16666666666666666,0.14285714285714285,0.13888888888888887,0.3333333333333333,0.0,2,4,6,0,12
76,left_vs_right_fist_imagery,spectral_baseline_6,True,3,12,4/8,0.26666666666666666,0.2727272727272727,0.26666666666666666,0.1333333333333333,0.2,0.3333333333333333,1,4,4,2,11
76,left_vs_right_fist_imagery,csp_4_empirical,False,1,4,8/12,0.4285714285714286,0.42857142857142855,0.37777777777777777,0.3673469387755102,0.14285714285714285,0.7142857142857143,1,6,2,5,14
76,left_vs_right_fist_imagery,csp_4_empirical,False,2,8,4/12,0.5,0.5,0.49743589743589745,0.44897959183673464,0.42857142857142855,0.5714285714285714,3,4,3,4,14
76,left_vs_right_fist_imagery,csp_4_empirical,False,3,12,4/8,0.35714285714285715,0.35714285714285715,0.2631578947368421,0.1836734693877551,0.0,0.7142857142857143,0,7,2,5,14
76,left_vs_right_fist_imagery,csp_4_empirical,True,1,4,8/12,0.5,0.4,0.2857142857142857,0.5833333333333333,0.0,1.0,0,6,0,4,10
76,left_vs_right_fist_imagery,csp_4_empirical,True,2,8,4/12,0.41666666666666663,0.4166666666666667,0.4125874125874126,0.33333333333333337,0.5,0.3333333333333333,3,3,4,2,12
76,left_vs_right_fist_imagery,csp_4_empirical,True,3,12,4/8,0.4166666666666667,0.45454545454545453,0.3125,0.13333333333333333,0.0,0.8333333333333334,0,5,1,5,11
77,left_vs_right_fist_imagery,spectral_baseline_6,False,1,4,8/12,0.4732142857142857,0.4666666666666667,0.4642857142857143,0.4285714285714286,0.5714285714285714,0.375,4,3,5,3,15
77,left_vs_right_fist_imagery,spectral_baseline_6,False,2,8,4/12,0.5178571428571428,0.5333333333333333,0.49760765550239233,0.5178571428571428,0.2857142857142857,0.75,2,5,2,6,15
77,left_vs_right_fist_imagery,spectral_baseline_6,False,3,12,4/8,0.48214285714285715,0.4666666666666667,0.4444444444444444,0.6071428571428572,0.7142857142857143,0.25,5,2,6,2,15
77,left_vs_right_fist_imagery,spectral_baseline_6,True,1,4,8/12,0.4875,0.46153846153846156,0.46153846153846156,0.35,0.6,0.375,3,2,5,3,13
77,left_vs_right_fist_imagery,spectral_baseline_6,True,2,8,4/12,0.5714285714285714,0.5714285714285714,0.5333333333333333,0.5510204081632654,0.2857142857142857,0.8571428571428571,2,5,1,6,14
77,left_vs_right_fist_imagery,spectral_baseline_6,True,3,12,4/8,0.75,0.7142857142857143,0.7083333333333333,0.7916666666666666,1.0,0.5,6,0,4,4,14
77,left_vs_right_fist_imagery,csp_4_empirical,False,1,4,8/12,0.5625,0.5333333333333333,0.4444444444444444,0.125,1.0,0.125,7,0,7,1,15
77,left_vs_right_fist_imagery,csp_4_empirical,False,2,8,4/12,0.33035714285714285,0.3333333333333333,0.33035714285714285,0.3392857142857143,0.2857142857142857,0.375,2,5,5,3,15
77,left_vs_right_fist_imagery,csp_4_empirical,False,3,12,4/8,0.3125,0.3333333333333333,0.25,0.35714285714285715,0.0,0.625,0,7,3,5,15
77,left_vs_right_fist_imagery,csp_4_empirical,True,1,4,8/12,0.5,0.38461538461538464,0.2777777777777778,0.25,1.0,0.0,5,0,8,0,13
77,left_vs_right_fist_imagery,csp_4_empirical,True,2,8,4/12,0.2857142857142857,0.2857142857142857,0.2708333333333333,0.3877551020408163,0.14285714285714285,0.42857142857142855,1,6,4,3,14
77,left_vs_right_fist_imagery,csp_4_empirical,True,3,12,4/8,0.3958333333333333,0.42857142857142855,0.37777777777777777,0.4166666666666667,0.16666666666666666,0.625,1,5,3,5,14
78,left_vs_right_fist_imagery,spectral_baseline_6,False,1,4,8/12,0.6696428571428572,0.6666666666666666,0.6666666666666666,0.6607142857142857,0.625,0.7142857142857143,5,3,2,5,15
78,left_vs_right_fist_imagery,spectral_baseline_6,False,2,8,4/12,0.5267857142857143,0.5333333333333333,0.5248868778280543,0.5535714285714286,0.42857142857142855,0.625,3,4,3,5,15
78,left_vs_right_fist_imagery,spectral_baseline_6,False,3,12,4/8,0.4732142857142857,0.4666666666666667,0.4642857142857143,0.5357142857142857,0.375,0.5714285714285714,3,5,3,4,15
78,left_vs_right_fist_imagery,spectral_baseline_6,True,1,4,8/12,0.7,0.7,0.696969696969697,0.8,0.6,0.8,3,2,1,4,10
78,left_vs_right_fist_imagery,spectral_baseline_6,True,2,8,4/12,0.5267857142857143,0.5333333333333333,0.5248868778280543,0.5357142857142857,0.42857142857142855,0.625,3,4,3,5,15
78,left_vs_right_fist_imagery,spectral_baseline_6,True,3,12,4/8,0.6333333333333333,0.6363636363636364,0.6333333333333333,0.7666666666666666,0.6,0.6666666666666666,3,2,2,4,11
78,left_vs_right_fist_imagery,csp_4_empirical,False,1,4,8/12,0.5892857142857143,0.6,0.5833333333333333,0.46428571428571425,0.75,0.42857142857142855,6,2,4,3,15
78,left_vs_right_fist_imagery,csp_4_empirical,False,2,8,4/12,0.5803571428571428,0.6,0.55,0.5357142857142857,0.2857142857142857,0.875,2,5,1,7,15
78,left_vs_right_fist_imagery,csp_4_empirical,False,3,12,4/8,0.625,0.6,0.55,0.7857142857142857,0.25,1.0,2,6,0,7,15
78,left_vs_right_fist_imagery,csp_4_empirical,True,1,4,8/12,0.6,0.6,0.6,0.52,0.6,0.6,3,2,2,3,10
78,left_vs_right_fist_imagery,csp_4_empirical,True,2,8,4/12,0.4107142857142857,0.4,0.3891402714932127,0.4285714285714286,0.5714285714285714,0.25,4,3,6,2,15
78,left_vs_right_fist_imagery,csp_4_empirical,True,3,12,4/8,0.43333333333333335,0.45454545454545453,0.4107142857142857,0.4666666666666666,0.2,0.6666666666666666,1,4,2,4,11
79,left_vs_right_fist_imagery,spectral_baseline_6,False,1,4,8/12,0.5267857142857143,0.5333333333333333,0.5248868778280543,0.46428571428571425,0.625,0.42857142857142855,5,3,4,3,15
79,left_vs_right_fist_imagery,spectral_baseline_6,False,2,8,4/12,0.5357142857142857,0.5333333333333333,0.5333333333333333,0.75,0.5714285714285714,0.5,4,3,4,4,15
79,left_vs_right_fist_imagery,spectral_baseline_6,False,3,12,4/8,0.6517857142857143,0.6666666666666666,0.6411483253588517,0.7678571428571429,0.42857142857142855,0.875,3,4,1,7,15
79,left_vs_right_fist_imagery,spectral_baseline_6,True,1,4,8/12,0.5,0.5,0.4857142857142857,0.4444444444444445,0.6666666666666666,0.3333333333333333,4,2,4,2,12
79,left_vs_right_fist_imagery,spectral_baseline_6,True,2,8,4/12,0.5982142857142857,0.6,0.5982142857142857,0.75,0.5714285714285714,0.625,4,3,3,5,15
79,left_vs_right_fist_imagery,spectral_baseline_6,True,3,12,4/8,0.6607142857142857,0.6666666666666666,0.660633484162896,0.7857142857142857,0.5714285714285714,0.75,4,3,2,6,15
79,left_vs_right_fist_imagery,csp_4_empirical,False,1,4,8/12,0.5,0.4666666666666667,0.3181818181818182,0.8035714285714286,0.0,1.0,0,8,0,7,15
79,left_vs_right_fist_imagery,csp_4_empirical,False,2,8,4/12,0.5267857142857143,0.5333333333333333,0.5248868778280543,0.6785714285714286,0.42857142857142855,0.625,3,4,3,5,15
79,left_vs_right_fist_imagery,csp_4_empirical,False,3,12,4/8,0.3125,0.3333333333333333,0.25,0.41071428571428575,0.0,0.625,0,7,3,5,15
79,left_vs_right_fist_imagery,csp_4_empirical,True,1,4,8/12,0.5,0.5,0.3333333333333333,0.6944444444444445,0.0,1.0,0,6,0,6,12
79,left_vs_right_fist_imagery,csp_4_empirical,True,2,8,4/12,0.5892857142857143,0.6,0.5833333333333333,0.6428571428571428,0.42857142857142855,0.75,3,4,2,6,15
79,left_vs_right_fist_imagery,csp_4_empirical,True,3,12,4/8,0.4464285714285714,0.4666666666666667,0.4,0.5357142857142857,0.14285714285714285,0.75,1,6,2,6,15
80,left_vs_right_fist_imagery,spectral_baseline_6,False,1,4,8/12,0.4017857142857143,0.4,0.4,0.375,0.42857142857142855,0.375,3,4,5,3,15
80,left_vs_right_fist_imagery,spectral_baseline_6,False,2,8,4/12,0.3214285714285714,0.3333333333333333,0.3055555555555555,0.2857142857142857,0.5,0.14285714285714285,4,4,6,1,15
80,left_vs_right_fist_imagery,spectral_baseline_6,False,3,12,4/8,0.5267857142857143,0.5333333333333333,0.5248868778280543,0.48214285714285715,0.625,0.42857142857142855,5,3,4,3,15
80,left_vs_right_fist_imagery,spectral_baseline_6,True,1,4,8/12,0.4857142857142857,0.5,0.4857142857142857,0.5714285714285714,0.4,0.5714285714285714,2,3,3,4,12
80,left_vs_right_fist_imagery,spectral_baseline_6,True,2,8,4/12,0.55,0.5714285714285714,0.5333333333333333,0.3,0.5,0.6,1,1,2,3,7
80,left_vs_right_fist_imagery,spectral_baseline_6,True,3,12,4/8,0.5,0.5,0.49743589743589745,0.5306122448979591,0.5714285714285714,0.42857142857142855,4,3,4,3,14
80,left_vs_right_fist_imagery,csp_4_empirical,False,1,4,8/12,0.5892857142857143,0.6,0.5833333333333333,0.5714285714285714,0.42857142857142855,0.75,3,4,2,6,15
80,left_vs_right_fist_imagery,csp_4_empirical,False,2,8,4/12,0.6160714285714286,0.6,0.5833333333333333,0.5535714285714286,0.375,0.8571428571428571,3,5,1,6,15
80,left_vs_right_fist_imagery,csp_4_empirical,False,3,12,4/8,0.7142857142857143,0.7333333333333333,0.7,0.7142857142857142,1.0,0.42857142857142855,8,0,4,3,15
80,left_vs_right_fist_imagery,csp_4_empirical,True,1,4,8/12,0.4571428571428572,0.5,0.4375,0.6,0.2,0.7142857142857143,1,4,2,5,12
80,left_vs_right_fist_imagery,csp_4_empirical,True,2,8,4/12,0.55,0.5714285714285714,0.5333333333333333,0.4,0.5,0.6,1,1,2,3,7
80,left_vs_right_fist_imagery,csp_4_empirical,True,3,12,4/8,0.5714285714285714,0.5714285714285714,0.475,0.5510204081632654,0.14285714285714285,1.0,1,6,0,7,14
81,left_vs_right_fist_imagery,spectral_baseline_6,False,1,4,8/12,0.6875,0.6666666666666666,0.6411483253588517,0.5357142857142857,1.0,0.375,7,0,5,3,15
81,left_vs_right_fist_imagery,spectral_baseline_6,False,2,8,4/12,0.6607142857142857,0.6666666666666666,0.660633484162896,0.6071428571428572,0.5714285714285714,0.75,4,3,2,6,15
81,left_vs_right_fist_imagery,spectral_baseline_6,False,3,12,4/8,0.4107142857142857,0.4,0.3891402714932127,0.5535714285714286,0.25,0.5714285714285714,2,6,3,4,15
81,left_vs_right_fist_imagery,spectral_baseline_6,True,1,4,8/12,0.6041666666666667,0.5714285714285714,0.5625,0.5833333333333333,0.8333333333333334,0.375,5,1,5,3,14
81,left_vs_right_fist_imagery,spectral_baseline_6,True,2,8,4/12,0.7083333333333333,0.7142857142857143,0.7083333333333333,0.6875,0.6666666666666666,0.75,4,2,2,6,14
81,left_vs_right_fist_imagery,spectral_baseline_6,True,3,12,4/8,0.5446428571428572,0.5333333333333333,0.5248868778280543,0.5535714285714286,0.375,0.7142857142857143,3,5,2,5,15
81,left_vs_right_fist_imagery,csp_4_empirical,False,1,4,8/12,0.3482142857142857,0.3333333333333333,0.3055555555555555,0.5357142857142857,0.5714285714285714,0.125,4,3,7,1,15
81,left_vs_right_fist_imagery,csp_4_empirical,False,2,8,4/12,0.5803571428571428,0.6,0.55,0.5178571428571428,0.2857142857142857,0.875,2,5,1,7,15
81,left_vs_right_fist_imagery,csp_4_empirical,False,3,12,4/8,0.42857142857142855,0.4,0.2857142857142857,0.5535714285714285,0.0,0.8571428571428571,0,8,1,6,15
81,left_vs_right_fist_imagery,csp_4_empirical,True,1,4,8/12,0.41666666666666663,0.42857142857142855,0.41666666666666663,0.375,0.3333333333333333,0.5,2,4,4,4,14
81,left_vs_right_fist_imagery,csp_4_empirical,True,2,8,4/12,0.6666666666666666,0.7142857142857143,0.65,0.5208333333333334,0.3333333333333333,1.0,2,4,0,8,14
81,left_vs_right_fist_imagery,csp_4_empirical,True,3,12,4/8,0.5982142857142857,0.6,0.5982142857142857,0.5357142857142857,0.625,0.5714285714285714,5,3,3,4,15
82,left_vs_right_fist_imagery,spectral_baseline_6,False,1,4,8/12,0.5267857142857143,0.5333333333333333,0.5248868778280543,0.5178571428571428,0.625,0.42857142857142855,5,3,4,3,15
82,left_vs_right_fist_imagery,spectral_baseline_6,False,2,8,4/12,0.2767857142857143,0.26666666666666666,0.25339366515837103,0.30357142857142855,0.42857142857142855,0.125,3,4,7,1,15
82,left_vs_right_fist_imagery,spectral_baseline_6,False,3,12,4/8,0.6071428571428572,0.6,0.5982142857142857,0.6249999999999999,0.5,0.7142857142857143,4,4,2,5,15
82,left_vs_right_fist_imagery,spectral_baseline_6,True,1,4,8/12,0.3333333333333333,0.3333333333333333,0.25,0.5277777777777778,0.6666666666666666,0.0,4,2,6,0,12
82,left_vs_right_fist_imagery,spectral_baseline_6,True,2,8,4/12,0.3214285714285714,0.3076923076923077,0.2909090909090909,0.2857142857142857,0.5,0.14285714285714285,3,3,6,1,13
82,left_vs_right_fist_imagery,spectral_baseline_6,True,3,12,4/8,0.35,0.36363636363636365,0.3418803418803419,0.5,0.5,0.2,3,3,4,1,11
82,left_vs_right_fist_imagery,csp_4_empirical,False,1,4,8/12,0.6875,0.6666666666666666,0.6411483253588517,0.625,0.375,1.0,3,5,0,7,15
82,left_vs_right_fist_imagery,csp_4_empirical,False,2,8,4/12,0.5625,0.5333333333333333,0.4444444444444444,0.4999999999999999,1.0,0.125,7,0,7,1,15
82,left_vs_right_fist_imagery,csp_4_empirical,False,3,12,4/8,0.8035714285714286,0.8,0.8,0.7678571428571429,0.75,0.8571428571428571,6,2,1,6,15
82,left_vs_right_fist_imagery,csp_4_empirical,True,1,4,8/12,0.5833333333333334,0.5833333333333334,0.4957983193277311,0.5833333333333334,0.16666666666666666,1.0,1,5,0,6,12
82,left_vs_right_fist_imagery,csp_4_empirical,True,2,8,4/12,0.75,0.7692307692307693,0.7450980392156863,0.7619047619047619,0.5,1.0,3,3,0,7,13
82,left_vs_right_fist_imagery,csp_4_empirical,True,3,12,4/8,0.8166666666666667,0.8181818181818182,0.8166666666666667,0.9666666666666667,0.8333333333333334,0.8,5,1,1,4,11
83,left_vs_right_fist_imagery,spectral_baseline_6,False,1,4,8/12,0.7232142857142857,0.7333333333333333,0.7222222222222222,0.7857142857142857,0.875,0.5714285714285714,7,1,3,4,15
83,left_vs_right_fist_imagery,spectral_baseline_6,False,2,8,4/12,0.4107142857142857,0.4,0.3891402714932127,0.48214285714285715,0.5714285714285714,0.25,4,3,6,2,15
83,left_vs_right_fist_imagery,spectral_baseline_6,False,3,12,4/8,0.7142857142857143,0.7333333333333333,0.7,0.625,0.42857142857142855,1.0,3,4,0,8,15
83,left_vs_right_fist_imagery,spectral_baseline_6,True,1,4,8/12,0.7410714285714286,0.7333333333333333,0.7321428571428572,0.7678571428571428,0.625,0.8571428571428571,5,3,1,6,15
83,left_vs_right_fist_imagery,spectral_baseline_6,True,2,8,4/12,0.5,0.4166666666666667,0.4125874125874126,0.71875,0.75,0.25,3,1,6,2,12
83,left_vs_right_fist_imagery,spectral_baseline_6,True,3,12,4/8,0.7142857142857143,0.6923076923076923,0.675,0.6428571428571428,0.42857142857142855,1.0,3,4,0,6,13
83,left_vs_right_fist_imagery,csp_4_empirical,False,1,4,8/12,0.6785714285714286,0.6666666666666666,0.660633484162896,0.625,0.5,0.8571428571428571,4,4,1,6,15
83,left_vs_right_fist_imagery,csp_4_empirical,False,2,8,4/12,0.4642857142857143,0.4666666666666667,0.4642857142857143,0.3928571428571429,0.42857142857142855,0.5,3,4,4,4,15
83,left_vs_right_fist_imagery,csp_4_empirical,False,3,12,4/8,0.42857142857142855,0.4,0.2857142857142857,0.6071428571428572,0.8571428571428571,0.0,6,1,8,0,15
83,left_vs_right_fist_imagery,csp_4_empirical,True,1,4,8/12,0.7321428571428572,0.7333333333333333,0.7321428571428572,0.8928571428571428,0.75,0.7142857142857143,6,2,2,5,15
83,left_vs_right_fist_imagery,csp_4_empirical,True,2,8,4/12,0.4375,0.4166666666666667,0.4125874125874126,0.53125,0.5,0.375,2,2,5,3,12
83,left_vs_right_fist_imagery,csp_4_empirical,True,3,12,4/8,0.6666666666666666,0.6923076923076923,0.6388888888888888,0.7142857142857143,1.0,0.3333333333333333,7,0,4,2,13
84,left_vs_right_fist_imagery,spectral_baseline_6,False,1,4,8/12,0.48214285714285715,0.4666666666666667,0.4444444444444444,0.6607142857142857,0.25,0.7142857142857143,2,6,2,5,15
84,left_vs_right_fist_imagery,spectral_baseline_6,False,2,8,4/12,0.7232142857142857,0.7333333333333333,0.7222222222222222,0.5714285714285714,0.875,0.5714285714285714,7,1,3,4,15
84,left_vs_right_fist_imagery,spectral_baseline_6,False,3,12,4/8,0.7410714285714286,0.7333333333333333,0.7321428571428572,0.8035714285714286,0.8571428571428571,0.625,6,1,3,5,15
84,left_vs_right_fist_imagery,spectral_baseline_6,True,1,4,8/12,0.7333333333333334,0.7272727272727273,0.7272727272727273,0.9,0.6666666666666666,0.8,4,2,1,4,11
84,left_vs_right_fist_imagery,spectral_baseline_6,True,2,8,4/12,0.6142857142857143,0.5833333333333334,0.5804195804195804,0.6571428571428571,0.8,0.42857142857142855,4,1,4,3,12
84,left_vs_right_fist_imagery,spectral_baseline_6,True,3,12,4/8,0.8285714285714285,0.8333333333333334,0.8285714285714285,0.942857142857143,0.8571428571428571,0.8,6,1,1,4,12
84,left_vs_right_fist_imagery,csp_4_empirical,False,1,4,8/12,0.5357142857142857,0.5333333333333333,0.5333333333333333,0.5,0.5,0.5714285714285714,4,4,3,4,15
84,left_vs_right_fist_imagery,csp_4_empirical,False,2,8,4/12,0.41964285714285715,0.4,0.354066985645933,0.6428571428571429,0.125,0.7142857142857143,1,7,2,5,15
84,left_vs_right_fist_imagery,csp_4_empirical,False,3,12,4/8,0.5357142857142857,0.5333333333333333,0.5333333333333333,0.6785714285714286,0.5714285714285714,0.5,4,3,4,4,15
84,left_vs_right_fist_imagery,csp_4_empirical,True,1,4,8/12,0.5833333333333334,0.5454545454545454,0.47619047619047616,0.4666666666666667,0.16666666666666666,1.0,1,5,0,5,11
84,left_vs_right_fist_imagery,csp_4_empirical,True,2,8,4/12,0.6571428571428571,0.6666666666666666,0.6571428571428571,0.5142857142857142,0.6,0.7142857142857143,3,2,2,5,12
84,left_vs_right_fist_imagery,csp_4_empirical,True,3,12,4/8,0.4571428571428572,0.5,0.4375,0.6571428571428573,0.7142857142857143,0.2,5,2,4,1,12
85,left_vs_right_fist_imagery,spectral_baseline_6,False,1,4,8/12,0.875,0.8666666666666667,0.8660714285714286,0.9821428571428571,0.75,1.0,6,2,0,7,15
85,left_vs_right_fist_imagery,spectral_baseline_6,False,2,8,4/12,0.6607142857142857,0.6666666666666666,0.660633484162896,0.6785714285714286,0.75,0.5714285714285714,6,2,3,4,15
85,left_vs_right_fist_imagery,spectral_baseline_6,False,3,12,4/8,0.6607142857142857,0.6666666666666666,0.660633484162896,0.7499999999999999,0.5714285714285714,0.75,4,3,2,6,15
85,left_vs_right_fist_imagery,spectral_baseline_6,True,1,4,8/12,0.9375,0.9166666666666666,0.9111111111111111,1.0,0.875,1.0,7,1,0,4,12
85,left_vs_right_fist_imagery,spectral_baseline_6,True,2,8,4/12,0.6904761904761905,0.6923076923076923,0.6904761904761905,0.6904761904761905,0.7142857142857143,0.6666666666666666,5,2,2,4,13
85,left_vs_right_fist_imagery,spectral_baseline_6,True,3,12,4/8,0.625,0.6,0.6,0.625,0.5,0.75,3,3,1,3,10
85,left_vs_right_fist_imagery,csp_4_empirical,False,1,4,8/12,0.7946428571428572,0.8,0.7963800904977376,0.9285714285714286,0.875,0.7142857142857143,7,1,2,5,15
85,left_vs_right_fist_imagery,csp_4_empirical,False,2,8,4/12,0.7857142857142857,0.8,0.784688995215311,0.9464285714285714,1.0,0.5714285714285714,8,0,3,4,15
85,left_vs_right_fist_imagery,csp_4_empirical,False,3,12,4/8,0.9285714285714286,0.9333333333333333,0.9321266968325792,0.9821428571428572,0.8571428571428571,1.0,6,1,0,8,15
85,left_vs_right_fist_imagery,csp_4_empirical,True,1,4,8/12,0.9375,0.9166666666666666,0.9111111111111111,1.0,0.875,1.0,7,1,0,4,12
85,left_vs_right_fist_imagery,csp_4_empirical,True,2,8,4/12,0.6666666666666666,0.6923076923076923,0.6388888888888888,0.6666666666666667,1.0,0.3333333333333333,7,0,4,2,13
85,left_vs_right_fist_imagery,csp_4_empirical,True,3,12,4/8,0.875,0.9,0.8901098901098901,1.0,1.0,0.75,6,0,1,3,10
86,left_vs_right_fist_imagery,spectral_baseline_6,False,1,4,8/12,0.5357142857142857,0.5333333333333333,0.5333333333333333,0.5714285714285714,0.5,0.5714285714285714,4,4,3,4,15
86,left_vs_right_fist_imagery,spectral_baseline_6,False,2,8,4/12,0.4464285714285714,0.4666666666666667,0.4,0.4642857142857143,0.14285714285714285,0.75,1,6,2,6,15
86,left_vs_right_fist_imagery,spectral_baseline_6,False,3,12,4/8,0.5892857142857143,0.6,0.5833333333333333,0.5714285714285714,0.42857142857142855,0.75,3,4,2,6,15
86,left_vs_right_fist_imagery,spectral_baseline_6,True,1,4,8/12,0.5,0.5,0.4857142857142857,0.6666666666666667,0.3333333333333333,0.6666666666666666,2,4,2,4,12
86,left_vs_right_fist_imagery,spectral_baseline_6,True,2,8,4/12,0.3214285714285714,0.3333333333333333,0.3055555555555555,0.2857142857142857,0.14285714285714285,0.5,1,6,4,4,15
86,left_vs_right_fist_imagery,spectral_baseline_6,True,3,12,4/8,0.6333333333333333,0.625,0.6190476190476191,0.6666666666666667,0.6666666666666666,0.6,2,1,2,3,8
86,left_vs_right_fist_imagery,csp_4_empirical,False,1,4,8/12,0.5,0.5333333333333333,0.34782608695652173,0.625,1.0,0.0,8,0,7,0,15
86,left_vs_right_fist_imagery,csp_4_empirical,False,2,8,4/12,0.5714285714285714,0.6,0.48863636363636365,0.8571428571428572,0.14285714285714285,1.0,1,6,0,8,15
86,left_vs_right_fist_imagery,csp_4_empirical,False,3,12,4/8,0.5,0.5333333333333333,0.34782608695652173,0.6428571428571429,0.0,1.0,0,7,0,8,15
86,left_vs_right_fist_imagery,csp_4_empirical,True,1,4,8/12,0.5,0.5,0.3333333333333333,0.49999999999999994,1.0,0.0,6,0,6,0,12
86,left_vs_right_fist_imagery,csp_4_empirical,True,2,8,4/12,0.5089285714285714,0.5333333333333333,0.4444444444444444,0.44642857142857145,0.14285714285714285,0.875,1,6,1,7,15
86,left_vs_right_fist_imagery,csp_4_empirical,True,3,12,4/8,0.5,0.625,0.38461538461538464,1.0,0.0,1.0,0,3,0,5,8
87,left_vs_right_fist_imagery,spectral_baseline_6,False,1,4,8/12,0.3482142857142857,0.3333333333333333,0.3055555555555555,0.4821428571428571,0.125,0.5714285714285714,1,7,3,4,15
87,left_vs_right_fist_imagery,spectral_baseline_6,False,2,8,4/12,0.6071428571428572,0.6,0.5982142857142857,0.6428571428571428,0.7142857142857143,0.5,5,2,4,4,15
87,left_vs_right_fist_imagery,spectral_baseline_6,False,3,12,4/8,0.3214285714285714,0.3333333333333333,0.3055555555555555,0.3035714285714286,0.14285714285714285,0.5,1,6,4,4,15
87,left_vs_right_fist_imagery,spectral_baseline_6,True,1,4,8/12,0.4857142857142857,0.5,0.4857142857142857,0.5142857142857142,0.4,0.5714285714285714,2,3,3,4,12
87,left_vs_right_fist_imagery,spectral_baseline_6,True,2,8,4/12,0.7232142857142857,0.7333333333333333,0.7222222222222222,0.6785714285714286,0.5714285714285714,0.875,4,3,1,7,15
87,left_vs_right_fist_imagery,spectral_baseline_6,True,3,12,4/8,0.16666666666666666,0.2222222222222222,0.18181818181818182,0.05555555555555556,0.0,0.3333333333333333,0,3,4,2,9
87,left_vs_right_fist_imagery,csp_4_empirical,False,1,4,8/12,0.3392857142857143,0.3333333333333333,0.33035714285714285,0.3392857142857143,0.25,0.42857142857142855,2,6,4,3,15
87,left_vs_right_fist_imagery,csp_4_empirical,False,2,8,4/12,0.4732142857142857,0.4666666666666667,0.4642857142857143,0.5892857142857143,0.5714285714285714,0.375,4,3,5,3,15
87,left_vs_right_fist_imagery,csp_4_empirical,False,3,12,4/8,0.6607142857142857,0.6666666666666666,0.660633484162896,0.6607142857142857,0.5714285714285714,0.75,4,3,2,6,15
87,left_vs_right_fist_imagery,csp_4_empirical,True,1,4,8/12,0.4857142857142857,0.5,0.4857142857142857,0.5714285714285714,0.4,0.5714285714285714,2,3,3,4,12
87,left_vs_right_fist_imagery,csp_4_empirical,True,2,8,4/12,0.41964285714285715,0.4,0.354066985645933,0.3035714285714286,0.7142857142857143,0.125,5,2,7,1,15
87,left_vs_right_fist_imagery,csp_4_empirical,True,3,12,4/8,0.75,0.7777777777777778,0.75,0.5555555555555557,0.6666666666666666,0.8333333333333334,2,1,1,5,9
89,left_vs_right_fist_imagery,spectral_baseline_6,False,1,4,8/12,0.7321428571428572,0.7333333333333333,0.7321428571428572,0.75,0.75,0.7142857142857143,6,2,2,5,15
89,left_vs_right_fist_imagery,spectral_baseline_6,False,2,8,4/12,0.6071428571428572,0.6,0.5982142857142857,0.7321428571428571,0.5,0.7142857142857143,4,4,2,5,15
89,left_vs_right_fist_imagery,spectral_baseline_6,False,3,12,4/8,0.7321428571428572,0.7333333333333333,0.7321428571428572,0.8214285714285714,0.75,0.7142857142857143,6,2,2,5,15
89,left_vs_right_fist_imagery,spectral_baseline_6,True,1,4,8/12,0.8166666666666667,0.8181818181818182,0.8166666666666667,0.7333333333333334,0.8,0.8333333333333334,4,1,1,5,11
89,left_vs_right_fist_imagery,spectral_baseline_6,True,2,8,4/12,0.6666666666666667,0.6666666666666666,0.6571428571428571,0.7777777777777779,0.5,0.8333333333333334,3,3,1,5,12
89,left_vs_right_fist_imagery,spectral_baseline_6,True,3,12,4/8,0.7333333333333334,0.7272727272727273,0.7272727272727273,0.7333333333333333,0.8,0.6666666666666666,4,1,2,4,11
89,left_vs_right_fist_imagery,csp_4_empirical,False,1,4,8/12,0.5,0.5333333333333333,0.34782608695652173,0.3928571428571428,1.0,0.0,8,0,7,0,15
89,left_vs_right_fist_imagery,csp_4_empirical,False,2,8,4/12,0.7410714285714286,0.7333333333333333,0.7321428571428572,0.8035714285714286,0.625,0.8571428571428571,5,3,1,6,15
89,left_vs_right_fist_imagery,csp_4_empirical,False,3,12,4/8,0.6160714285714286,0.6,0.5833333333333333,0.7142857142857143,0.375,0.8571428571428571,3,5,1,6,15
89,left_vs_right_fist_imagery,csp_4_empirical,True,1,4,8/12,0.5,0.45454545454545453,0.3125,0.36666666666666664,1.0,0.0,5,0,6,0,11
89,left_vs_right_fist_imagery,csp_4_empirical,True,2,8,4/12,0.75,0.75,0.7333333333333334,0.6666666666666667,0.5,1.0,3,3,0,6,12
89,left_vs_right_fist_imagery,csp_4_empirical,True,3,12,4/8,0.7166666666666667,0.7272727272727273,0.717948717948718,0.8333333333333334,0.6,0.8333333333333334,3,2,1,5,11
90,left_vs_right_fist_imagery,spectral_baseline_6,False,1,4,8/12,0.4642857142857143,0.4666666666666667,0.4642857142857143,0.46428571428571436,0.42857142857142855,0.5,3,4,4,4,15
90,left_vs_right_fist_imagery,spectral_baseline_6,False,2,8,4/12,0.4642857142857143,0.4666666666666667,0.4642857142857143,0.3392857142857143,0.42857142857142855,0.5,3,4,4,4,15
90,left_vs_right_fist_imagery,spectral_baseline_6,False,3,12,4/8,0.625,0.6,0.55,0.6071428571428572,0.25,1.0,2,6,0,7,15
90,left_vs_right_fist_imagery,spectral_baseline_6,True,1,4,8/12,0.6517857142857143,0.6666666666666666,0.6411483253588517,0.5714285714285714,0.42857142857142855,0.875,3,4,1,7,15
90,left_vs_right_fist_imagery,spectral_baseline_6,True,2,8,4/12,0.5357142857142857,0.5384615384615384,0.5357142857142857,0.4285714285714286,0.5,0.5714285714285714,3,3,3,4,13
90,left_vs_right_fist_imagery,spectral_baseline_6,True,3,12,4/8,0.7142857142857142,0.7142857142857143,0.7083333333333333,0.7959183673469388,0.5714285714285714,0.8571428571428571,4,3,1,6,14
90,left_vs_right_fist_imagery,csp_4_empirical,False,1,4,8/12,0.6517857142857143,0.6666666666666666,0.6411483253588517,0.6964285714285714,0.42857142857142855,0.875,3,4,1,7,15
90,left_vs_right_fist_imagery,csp_4_empirical,False,2,8,4/12,0.4642857142857143,0.4666666666666667,0.4642857142857143,0.5,0.42857142857142855,0.5,3,4,4,4,15
90,left_vs_right_fist_imagery,csp_4_empirical,False,3,12,4/8,0.5625,0.5333333333333333,0.4444444444444444,0.5535714285714286,0.125,1.0,1,7,0,7,15
90,left_vs_right_fist_imagery,csp_4_empirical,True,1,4,8/12,0.5357142857142857,0.5333333333333333,0.5333333333333333,0.4642857142857143,0.5714285714285714,0.5,4,3,4,4,15
90,left_vs_right_fist_imagery,csp_4_empirical,True,2,8,4/12,0.5357142857142857,0.5384615384615384,0.5357142857142857,0.6190476190476191,0.5,0.5714285714285714,3,3,3,4,13
90,left_vs_right_fist_imagery,csp_4_empirical,True,3,12,4/8,0.7142857142857143,0.7142857142857143,0.7142857142857143,0.7959183673469388,0.7142857142857143,0.7142857142857143,5,2,2,5,14
91,left_vs_right_fist_imagery,spectral_baseline_6,False,1,4,8/12,0.4464285714285714,0.4666666666666667,0.4,0.5535714285714286,0.75,0.14285714285714285,6,2,6,1,15
91,left_vs_right_fist_imagery,spectral_baseline_6,False,2,8,4/12,0.7410714285714286,0.7333333333333333,0.7321428571428572,0.8571428571428572,0.8571428571428571,0.625,6,1,3,5,15
91,left_vs_right_fist_imagery,spectral_baseline_6,False,3,12,4/8,0.5,0.5333333333333333,0.34782608695652173,0.5357142857142857,0.0,1.0,0,7,0,8,15
91,left_vs_right_fist_imagery,spectral_baseline_6,True,1,4,8/12,0.4464285714285714,0.4666666666666667,0.4,0.5357142857142857,0.75,0.14285714285714285,6,2,6,1,15
91,left_vs_right_fist_imagery,spectral_baseline_6,True,2,8,4/12,0.7142857142857142,0.7142857142857143,0.7083333333333333,0.7959183673469388,0.8571428571428571,0.5714285714285714,6,1,3,4,14
91,left_vs_right_fist_imagery,spectral_baseline_6,True,3,12,4/8,0.5,0.5384615384615384,0.35,0.5,0.0,1.0,0,6,0,7,13
91,left_vs_right_fist_imagery,csp_4_empirical,False,1,4,8/12,0.48214285714285715,0.4666666666666667,0.4444444444444444,0.42857142857142855,0.25,0.7142857142857143,2,6,2,5,15
91,left_vs_right_fist_imagery,csp_4_empirical,False,2,8,4/12,0.5089285714285714,0.5333333333333333,0.4444444444444444,0.6964285714285714,0.14285714285714285,0.875,1,6,1,7,15
91,left_vs_right_fist_imagery,csp_4_empirical,False,3,12,4/8,0.5,0.5333333333333333,0.34782608695652173,0.5714285714285714,0.0,1.0,0,7,0,8,15
91,left_vs_right_fist_imagery,csp_4_empirical,True,1,4,8/12,0.49107142857142855,0.4666666666666667,0.4,0.49999999999999994,0.125,0.8571428571428571,1,7,1,6,15
91,left_vs_right_fist_imagery,csp_4_empirical,True,2,8,4/12,0.8571428571428572,0.8571428571428571,0.8541666666666667,0.9183673469387755,0.7142857142857143,1.0,5,2,0,7,14
91,left_vs_right_fist_imagery,csp_4_empirical,True,3,12,4/8,0.5119047619047619,0.5384615384615384,0.4583333333333333,0.6666666666666667,0.16666666666666666,0.8571428571428571,1,5,1,6,13
93,left_vs_right_fist_imagery,spectral_baseline_6,False,1,4,8/12,0.5446428571428572,0.5333333333333333,0.5248868778280543,0.625,0.375,0.7142857142857143,3,5,2,5,15
93,left_vs_right_fist_imagery,spectral_baseline_6,False,2,8,4/12,0.7321428571428572,0.7333333333333333,0.7321428571428572,0.7857142857142856,0.75,0.7142857142857143,6,2,2,5,15
93,left_vs_right_fist_imagery,spectral_baseline_6,False,3,12,4/8,0.6071428571428572,0.6,0.5982142857142857,0.7321428571428572,0.7142857142857143,0.5,5,2,4,4,15
93,left_vs_right_fist_imagery,spectral_baseline_6,True,1,4,8/12,0.3333333333333333,0.3333333333333333,0.25,0.5555555555555556,0.0,0.6666666666666666,0,3,1,2,6
93,left_vs_right_fist_imagery,spectral_baseline_6,True,2,8,4/12,0.8333333333333333,0.8181818181818182,0.8166666666666667,0.9333333333333333,0.6666666666666666,1.0,4,2,0,5,11
93,left_vs_right_fist_imagery,spectral_baseline_6,True,3,12,4/8,0.6785714285714286,0.6923076923076923,0.675,0.7142857142857143,0.8571428571428571,0.5,6,1,3,3,13
93,left_vs_right_fist_imagery,csp_4_empirical,False,1,4,8/12,0.6160714285714286,0.6,0.5833333333333333,0.75,0.375,0.8571428571428571,3,5,1,6,15
93,left_vs_right_fist_imagery,csp_4_empirical,False,2,8,4/12,0.8125,0.8,0.7963800904977376,0.8571428571428572,0.625,1.0,5,3,0,7,15
93,left_vs_right_fist_imagery,csp_4_empirical,False,3,12,4/8,0.7946428571428572,0.8,0.7963800904977376,0.8571428571428571,0.7142857142857143,0.875,5,2,1,7,15
93,left_vs_right_fist_imagery,csp_4_empirical,True,1,4,8/12,1.0,1.0,1.0,1.0,1.0,1.0,3,0,0,3,6
93,left_vs_right_fist_imagery,csp_4_empirical,True,2,8,4/12,0.4,0.36363636363636365,0.26666666666666666,0.7,0.0,0.8,0,6,1,4,11
93,left_vs_right_fist_imagery,csp_4_empirical,True,3,12,4/8,0.75,0.7692307692307693,0.7450980392156863,0.8809523809523809,1.0,0.5,7,0,3,3,13
94,left_vs_right_fist_imagery,spectral_baseline_6,False,1,4,8/12,0.7321428571428572,0.7333333333333333,0.7321428571428572,0.7142857142857143,0.7142857142857143,0.75,5,2,2,6,15
94,left_vs_right_fist_imagery,spectral_baseline_6,False,2,8,4/12,0.5982142857142857,0.6,0.5982142857142857,0.5714285714285714,0.5714285714285714,0.625,4,3,3,5,15
94,left_vs_right_fist_imagery,spectral_baseline_6,False,3,12,4/8,0.5267857142857143,0.5333333333333333,0.5248868778280543,0.48214285714285715,0.625,0.42857142857142855,5,3,4,3,15
94,left_vs_right_fist_imagery,spectral_baseline_6,True,1,4,8/12,0.775,0.7777777777777778,0.775,0.8,0.75,0.8,3,1,1,4,9
94,left_vs_right_fist_imagery,spectral_baseline_6,True,2,8,4/12,0.5625,0.5714285714285714,0.5625,0.5625,0.5,0.625,3,3,3,5,14
94,left_vs_right_fist_imagery,spectral_baseline_6,True,3,12,4/8,0.45535714285714285,0.4666666666666667,0.4444444444444444,0.4107142857142857,0.625,0.2857142857142857,5,3,5,2,15
94,left_vs_right_fist_imagery,csp_4_empirical,False,1,4,8/12,0.8125,0.8,0.7963800904977376,0.9107142857142857,1.0,0.625,7,0,3,5,15
94,left_vs_right_fist_imagery,csp_4_empirical,False,2,8,4/12,0.9285714285714286,0.9333333333333333,0.9321266968325792,0.9642857142857143,0.8571428571428571,1.0,6,1,0,8,15
94,left_vs_right_fist_imagery,csp_4_empirical,False,3,12,4/8,0.7857142857142857,0.8,0.784688995215311,0.8392857142857143,1.0,0.5714285714285714,8,0,3,4,15
94,left_vs_right_fist_imagery,csp_4_empirical,True,1,4,8/12,0.9,0.8888888888888888,0.8888888888888888,0.95,1.0,0.8,4,0,1,4,9
94,left_vs_right_fist_imagery,csp_4_empirical,True,2,8,4/12,0.8333333333333333,0.8571428571428571,0.8444444444444444,0.9583333333333334,0.6666666666666666,1.0,4,2,0,8,14
94,left_vs_right_fist_imagery,csp_4_empirical,True,3,12,4/8,0.9285714285714286,0.9333333333333333,0.9321266968325792,0.9285714285714286,1.0,0.8571428571428571,8,0,1,6,15
95,left_vs_right_fist_imagery,spectral_baseline_6,False,1,4,8/12,0.5535714285714286,0.5333333333333333,0.49760765550239233,0.6785714285714286,0.8571428571428571,0.25,6,1,6,2,15
95,left_vs_right_fist_imagery,spectral_baseline_6,False,2,8,4/12,0.6607142857142857,0.6666666666666666,0.660633484162896,0.5714285714285714,0.75,0.5714285714285714,6,2,3,4,15
95,left_vs_right_fist_imagery,spectral_baseline_6,False,3,12,4/8,0.6071428571428572,0.6,0.5982142857142857,0.6785714285714285,0.5,0.7142857142857143,4,4,2,5,15
95,left_vs_right_fist_imagery,spectral_baseline_6,True,1,4,8/12,0.4,0.3333333333333333,0.25,0.7142857142857143,0.8,0.0,4,1,7,0,12
95,left_vs_right_fist_imagery,spectral_baseline_6,True,2,8,4/12,0.5833333333333333,0.6,0.5833333333333333,0.625,0.6666666666666666,0.5,4,2,2,2,10
95,left_vs_right_fist_imagery,spectral_baseline_6,True,3,12,4/8,0.55,0.5384615384615384,0.5357142857142857,0.55,0.5,0.6,4,4,2,3,13
95,left_vs_right_fist_imagery,csp_4_empirical,False,1,4,8/12,0.33035714285714285,0.3333333333333333,0.33035714285714285,0.4107142857142857,0.2857142857142857,0.375,2,5,5,3,15
95,left_vs_right_fist_imagery,csp_4_empirical,False,2,8,4/12,0.6071428571428572,0.6,0.5982142857142857,0.5178571428571429,0.5,0.7142857142857143,4,4,2,5,15
95,left_vs_right_fist_imagery,csp_4_empirical,False,3,12,4/8,0.5,0.4666666666666667,0.3181818181818182,0.6071428571428572,0.0,1.0,0,8,0,7,15
95,left_vs_right_fist_imagery,csp_4_empirical,True,1,4,8/12,0.5,0.4166666666666667,0.29411764705882354,0.7142857142857143,1.0,0.0,5,0,7,0,12
95,left_vs_right_fist_imagery,csp_4_empirical,True,2,8,4/12,0.75,0.8,0.7619047619047619,0.6666666666666666,1.0,0.5,6,0,2,2,10
95,left_vs_right_fist_imagery,csp_4_empirical,True,3,12,4/8,0.4375,0.5384615384615384,0.35,0.225,0.875,0.0,7,1,5,0,13
96,left_vs_right_fist_imagery,spectral_baseline_6,False,1,4,8/12,0.5,0.5333333333333333,0.34782608695652173,0.5535714285714286,0.0,1.0,0,7,0,8,15
96,left_vs_right_fist_imagery,spectral_baseline_6,False,2,8,4/12,0.4642857142857143,0.4666666666666667,0.4642857142857143,0.3928571428571428,0.5,0.42857142857142855,4,4,4,3,15
96,left_vs_right_fist_imagery,spectral_baseline_6,False,3,12,4/8,0.4642857142857143,0.4666666666666667,0.4642857142857143,0.6071428571428571,0.5,0.42857142857142855,4,4,4,3,15
96,left_vs_right_fist_imagery,spectral_baseline_6,True,1,4,8/12,0.5089285714285714,0.5333333333333333,0.4444444444444444,0.3035714285714286,0.14285714285714285,0.875,1,6,1,7,15
96,left_vs_right_fist_imagery,spectral_baseline_6,True,2,8,4/12,0.3333333333333333,0.3333333333333333,0.3142857142857143,0.24999999999999997,0.5,0.16666666666666666,3,3,5,1,12
96,left_vs_right_fist_imagery,spectral_baseline_6,True,3,12,4/8,0.4857142857142857,0.5,0.4857142857142857,0.5714285714285714,0.4,0.5714285714285714,2,3,3,4,12
96,left_vs_right_fist_imagery,csp_4_empirical,False,1,4,8/12,0.5,0.5333333333333333,0.34782608695652173,0.4642857142857143,0.0,1.0,0,7,0,8,15
96,left_vs_right_fist_imagery,csp_4_empirical,False,2,8,4/12,0.4464285714285714,0.4666666666666667,0.4,0.6964285714285714,0.75,0.14285714285714285,6,2,6,1,15
96,left_vs_right_fist_imagery,csp_4_empirical,False,3,12,4/8,0.5803571428571428,0.6,0.55,0.7321428571428572,0.875,0.2857142857142857,7,1,5,2,15
96,left_vs_right_fist_imagery,csp_4_empirical,True,1,4,8/12,0.3214285714285714,0.3333333333333333,0.3055555555555555,0.375,0.14285714285714285,0.5,1,6,4,4,15
96,left_vs_right_fist_imagery,csp_4_empirical,True,2,8,4/12,0.5833333333333334,0.5833333333333334,0.4957983193277311,0.7777777777777778,0.16666666666666666,1.0,1,5,0,6,12
96,left_vs_right_fist_imagery,csp_4_empirical,True,3,12,4/8,0.5571428571428572,0.5833333333333334,0.5555555555555556,0.6,0.4,0.7142857142857143,2,3,2,5,12
97,left_vs_right_fist_imagery,spectral_baseline_6,False,1,4,8/12,0.6696428571428572,0.6666666666666666,0.6666666666666666,0.7321428571428571,0.625,0.7142857142857143,5,3,2,5,15
97,left_vs_right_fist_imagery,spectral_baseline_6,False,2,8,4/12,0.4642857142857143,0.4666666666666667,0.4642857142857143,0.3928571428571428,0.42857142857142855,0.5,3,4,4,4,15
97,left_vs_right_fist_imagery,spectral_baseline_6,False,3,12,4/8,0.45535714285714285,0.4666666666666667,0.4444444444444444,0.3214285714285714,0.625,0.2857142857142857,5,3,5,2,15
97,left_vs_right_fist_imagery,spectral_baseline_6,True,1,4,8/12,0.6904761904761905,0.6923076923076923,0.6904761904761905,0.7142857142857143,0.7142857142857143,0.6666666666666666,5,2,2,4,13
97,left_vs_right_fist_imagery,spectral_baseline_6,True,2,8,4/12,0.375,0.4166666666666667,0.37777777777777777,0.34375,0.25,0.5,1,3,4,4,12
97,left_vs_right_fist_imagery,spectral_baseline_6,True,3,12,4/8,0.4642857142857143,0.4666666666666667,0.4642857142857143,0.33928571428571425,0.5,0.42857142857142855,4,4,4,3,15
97,left_vs_right_fist_imagery,csp_4_empirical,False,1,4,8/12,0.41964285714285715,0.4,0.354066985645933,0.42857142857142855,0.125,0.7142857142857143,1,7,2,5,15
97,left_vs_right_fist_imagery,csp_4_empirical,False,2,8,4/12,0.4732142857142857,0.4666666666666667,0.4642857142857143,0.5535714285714286,0.5714285714285714,0.375,4,3,5,3,15
97,left_vs_right_fist_imagery,csp_4_empirical,False,3,12,4/8,0.7321428571428572,0.7333333333333333,0.7321428571428572,0.6964285714285714,0.75,0.7142857142857143,6,2,2,5,15
97,left_vs_right_fist_imagery,csp_4_empirical,True,1,4,8/12,0.4166666666666667,0.38461538461538464,0.2777777777777778,0.4285714285714286,0.0,0.8333333333333334,0,7,1,5,13
97,left_vs_right_fist_imagery,csp_4_empirical,True,2,8,4/12,0.625,0.5,0.4857142857142857,0.78125,1.0,0.25,4,0,6,2,12
97,left_vs_right_fist_imagery,csp_4_empirical,True,3,12,4/8,0.49107142857142855,0.4666666666666667,0.4,0.5714285714285714,0.125,0.8571428571428571,1,7,1,6,15
98,left_vs_right_fist_imagery,spectral_baseline_6,False,1,4,8/12,0.5,0.5333333333333333,0.34782608695652173,0.4464285714285714,1.0,0.0,8,0,7,0,15
98,left_vs_right_fist_imagery,spectral_baseline_6,False,2,8,4/12,0.5625,0.5333333333333333,0.4444444444444444,0.7857142857142857,0.125,1.0,1,7,0,7,15
98,left_vs_right_fist_imagery,spectral_baseline_6,False,3,12,4/8,0.5892857142857143,0.6,0.5833333333333333,0.4821428571428572,0.42857142857142855,0.75,3,4,2,6,15
98,left_vs_right_fist_imagery,spectral_baseline_6,True,1,4,8/12,0.5,0.5714285714285714,0.36363636363636365,0.5208333333333334,1.0,0.0,8,0,6,0,14
98,left_vs_right_fist_imagery,spectral_baseline_6,True,2,8,4/12,0.5,0.46153846153846156,0.3157894736842105,0.8095238095238095,0.0,1.0,0,7,0,6,13
98,left_vs_right_fist_imagery,spectral_baseline_6,True,3,12,4/8,0.4017857142857143,0.4,0.4,0.48214285714285715,0.42857142857142855,0.375,3,4,5,3,15
98,left_vs_right_fist_imagery,csp_4_empirical,False,1,4,8/12,0.6696428571428572,0.6666666666666666,0.6666666666666666,0.6607142857142857,0.625,0.7142857142857143,5,3,2,5,15
98,left_vs_right_fist_imagery,csp_4_empirical,False,2,8,4/12,0.6607142857142857,0.6666666666666666,0.660633484162896,0.8214285714285714,0.75,0.5714285714285714,6,2,3,4,15
98,left_vs_right_fist_imagery,csp_4_empirical,False,3,12,4/8,0.7321428571428572,0.7333333333333333,0.7321428571428572,0.7857142857142857,0.7142857142857143,0.75,5,2,2,6,15
98,left_vs_right_fist_imagery,csp_4_empirical,True,1,4,8/12,0.7291666666666667,0.7142857142857143,0.7142857142857143,0.7291666666666667,0.625,0.8333333333333334,5,3,1,5,14
98,left_vs_right_fist_imagery,csp_4_empirical,True,2,8,4/12,0.5952380952380952,0.6153846153846154,0.5751633986928104,0.8571428571428572,0.8571428571428571,0.3333333333333333,6,1,4,2,13
98,left_vs_right_fist_imagery,csp_4_empirical,True,3,12,4/8,0.7321428571428572,0.7333333333333333,0.7321428571428572,0.7857142857142857,0.7142857142857143,0.75,5,2,2,6,15
99,left_vs_right_fist_imagery,spectral_baseline_6,False,1,4,8/12,0.5178571428571428,0.5333333333333333,0.49760765550239233,0.6785714285714286,0.2857142857142857,0.75,2,5,2,6,15
99,left_vs_right_fist_imagery,spectral_baseline_6,False,2,8,4/12,0.5982142857142857,0.6,0.5982142857142857,0.6071428571428571,0.625,0.5714285714285714,5,3,3,4,15
99,left_vs_right_fist_imagery,spectral_baseline_6,False,3,12,4/8,0.5357142857142857,0.5333333333333333,0.5333333333333333,0.6785714285714285,0.5714285714285714,0.5,4,3,4,4,15
99,left_vs_right_fist_imagery,spectral_baseline_6,True,1,4,8/12,0.5178571428571428,0.5333333333333333,0.49760765550239233,0.6785714285714286,0.2857142857142857,0.75,2,5,2,6,15
99,left_vs_right_fist_imagery,spectral_baseline_6,True,2,8,4/12,0.6125,0.6153846153846154,0.606060606060606,0.7,0.625,0.6,5,3,2,3,13
99,left_vs_right_fist_imagery,spectral_baseline_6,True,3,12,4/8,0.75,0.7333333333333333,0.7222222222222222,0.8392857142857143,1.0,0.5,7,0,4,4,15
99,left_vs_right_fist_imagery,csp_4_empirical,False,1,4,8/12,0.5982142857142857,0.6,0.5982142857142857,0.6607142857142857,0.5714285714285714,0.625,4,3,3,5,15
99,left_vs_right_fist_imagery,csp_4_empirical,False,2,8,4/12,0.5357142857142857,0.5333333333333333,0.5333333333333333,0.625,0.5,0.5714285714285714,4,4,3,4,15
99,left_vs_right_fist_imagery,csp_4_empirical,False,3,12,4/8,0.625,0.6,0.55,0.6607142857142857,1.0,0.25,7,0,6,2,15
99,left_vs_right_fist_imagery,csp_4_empirical,True,1,4,8/12,0.5892857142857143,0.6,0.5833333333333333,0.6428571428571428,0.42857142857142855,0.75,3,4,2,6,15
99,left_vs_right_fist_imagery,csp_4_empirical,True,2,8,4/12,0.65,0.6153846153846154,0.6153846153846154,0.8,0.5,0.8,4,4,1,4,13
99,left_vs_right_fist_imagery,csp_4_empirical,True,3,12,4/8,0.5535714285714286,0.5333333333333333,0.49760765550239233,0.75,0.8571428571428571,0.25,6,1,6,2,15
101,left_vs_right_fist_imagery,spectral_baseline_6,False,1,4,8/12,0.39285714285714285,0.4,0.3891402714932127,0.26785714285714285,0.5,0.2857142857142857,4,4,5,2,15
101,left_vs_right_fist_imagery,spectral_baseline_6,False,2,8,4/12,0.4642857142857143,0.4666666666666667,0.4642857142857143,0.3928571428571429,0.42857142857142855,0.5,3,4,4,4,15
101,left_vs_right_fist_imagery,spectral_baseline_6,False,3,12,4/8,0.3392857142857143,0.3333333333333333,0.33035714285714285,0.375,0.42857142857142855,0.25,3,4,6,2,15
101,left_vs_right_fist_imagery,spectral_baseline_6,True,1,4,8/12,0.45238095238095233,0.5,0.45054945054945056,0.2857142857142857,0.5714285714285714,0.3333333333333333,4,3,2,1,10
101,left_vs_right_fist_imagery,spectral_baseline_6,True,2,8,4/12,0.5571428571428572,0.5833333333333334,0.5555555555555556,0.5428571428571429,0.7142857142857143,0.4,5,2,3,2,12
101,left_vs_right_fist_imagery,spectral_baseline_6,True,3,12,4/8,0.42857142857142855,0.42857142857142855,0.42857142857142855,0.5102040816326531,0.42857142857142855,0.42857142857142855,3,4,4,3,14
101,left_vs_right_fist_imagery,csp_4_empirical,False,1,4,8/12,0.5803571428571428,0.6,0.55,0.4464285714285714,0.875,0.2857142857142857,7,1,5,2,15
101,left_vs_right_fist_imagery,csp_4_empirical,False,2,8,4/12,0.2767857142857143,0.26666666666666666,0.25339366515837103,0.3392857142857143,0.42857142857142855,0.125,3,4,7,1,15
101,left_vs_right_fist_imagery,csp_4_empirical,False,3,12,4/8,0.4642857142857143,0.4666666666666667,0.4642857142857143,0.4642857142857143,0.42857142857142855,0.5,3,4,4,4,15
101,left_vs_right_fist_imagery,csp_4_empirical,True,1,4,8/12,0.5,0.7,0.4117647058823529,0.6190476190476191,1.0,0.0,7,0,3,0,10
101,left_vs_right_fist_imagery,csp_4_empirical,True,2,8,4/12,0.5285714285714286,0.5833333333333334,0.4957983193277311,0.4857142857142857,0.8571428571428571,0.2,6,1,4,1,12
101,left_vs_right_fist_imagery,csp_4_empirical,True,3,12,4/8,0.35714285714285715,0.35714285714285715,0.2631578947368421,0.40816326530612246,0.0,0.7142857142857143,0,7,2,5,14
102,left_vs_right_fist_imagery,spectral_baseline_6,False,1,4,8/12,0.5,0.5,0.49743589743589745,0.4897959183673469,0.5714285714285714,0.42857142857142855,4,3,4,3,14
102,left_vs_right_fist_imagery,spectral_baseline_6,False,2,8,4/12,0.6428571428571428,0.6428571428571429,0.641025641025641,0.7142857142857143,0.5714285714285714,0.7142857142857143,4,3,2,5,14
102,left_vs_right_fist_imagery,spectral_baseline_6,False,3,12,4/8,0.6428571428571428,0.6428571428571429,0.641025641025641,0.7755102040816326,0.5714285714285714,0.7142857142857143,4,3,2,5,14
102,left_vs_right_fist_imagery,spectral_baseline_6,True,1,4,8/12,0.5476190476190476,0.5384615384615384,0.5357142857142857,0.4761904761904762,0.6666666666666666,0.42857142857142855,4,2,4,3,13
102,left_vs_right_fist_imagery,spectral_baseline_6,True,2,8,4/12,0.7023809523809523,0.6923076923076923,0.6904761904761905,0.7380952380952381,0.5714285714285714,0.8333333333333334,4,3,1,5,13
102,left_vs_right_fist_imagery,spectral_baseline_6,True,3,12,4/8,0.45,0.45454545454545453,0.45,0.6000000000000001,0.5,0.4,3,3,3,2,11
102,left_vs_right_fist_imagery,csp_4_empirical,False,1,4,8/12,0.6428571428571428,0.6428571428571429,0.625668449197861,0.6938775510204082,0.8571428571428571,0.42857142857142855,6,1,4,3,14
102,left_vs_right_fist_imagery,csp_4_empirical,False,2,8,4/12,0.2857142857142857,0.2857142857142857,0.2857142857142857,0.20408163265306126,0.2857142857142857,0.2857142857142857,2,5,5,2,14
102,left_vs_right_fist_imagery,csp_4_empirical,False,3,12,4/8,0.5,0.5,0.4269005847953216,0.673469387755102,0.14285714285714285,0.8571428571428571,1,6,1,6,14
102,left_vs_right_fist_imagery,csp_4_empirical,True,1,4,8/12,0.48809523809523814,0.46153846153846156,0.40522875816993464,0.23809523809523808,0.8333333333333334,0.14285714285714285,5,1,6,1,13
102,left_vs_right_fist_imagery,csp_4_empirical,True,2,8,4/12,0.38095238095238093,0.38461538461538464,0.38095238095238093,0.42857142857142855,0.42857142857142855,0.3333333333333333,3,4,4,2,13
102,left_vs_right_fist_imagery,csp_4_empirical,True,3,12,4/8,0.75,0.7272727272727273,0.717948717948718,0.7,0.5,1.0,3,3,0,5,11
103,left_vs_right_fist_imagery,spectral_baseline_6,False,1,4,8/12,0.6160714285714286,0.6,0.5833333333333333,0.6785714285714286,0.8571428571428571,0.375,6,1,5,3,15
103,left_vs_right_fist_imagery,spectral_baseline_6,False,2,8,4/12,0.4732142857142857,0.4666666666666667,0.4642857142857143,0.39285714285714285,0.375,0.5714285714285714,3,5,3,4,15
103,left_vs_right_fist_imagery,spectral_baseline_6,False,3,12,4/8,0.45535714285714285,0.4666666666666667,0.4444444444444444,0.6071428571428572,0.2857142857142857,0.625,2,5,3,5,15
103,left_vs_right_fist_imagery,spectral_baseline_6,True,1,4,8/12,0.45,0.45454545454545453,0.45,0.3333333333333333,0.4,0.5,2,3,3,3,11
103,left_vs_right_fist_imagery,spectral_baseline_6,True,2,8,4/12,0.44047619047619047,0.46153846153846156,0.40522875816993464,0.5,0.16666666666666666,0.7142857142857143,1,5,2,5,13
103,left_vs_right_fist_imagery,spectral_baseline_6,True,3,12,4/8,0.75,0.875,0.7948717948717949,0.75,0.5,1.0,1,1,0,6,8
103,left_vs_right_fist_imagery,csp_4_empirical,False,1,4,8/12,0.7857142857142857,0.8,0.784688995215311,0.9107142857142857,0.5714285714285714,1.0,4,3,0,8,15
103,left_vs_right_fist_imagery,csp_4_empirical,False,2,8,4/12,0.4732142857142857,0.4666666666666667,0.4642857142857143,0.5892857142857143,0.375,0.5714285714285714,3,5,3,4,15
103,left_vs_right_fist_imagery,csp_4_empirical,False,3,12,4/8,0.6160714285714286,0.6,0.5833333333333333,0.8035714285714285,0.8571428571428571,0.375,6,1,5,3,15
103,left_vs_right_fist_imagery,csp_4_empirical,True,1,4,8/12,0.45,0.45454545454545453,0.45,0.3,0.4,0.5,2,3,3,3,11
103,left_vs_right_fist_imagery,csp_4_empirical,True,2,8,4/12,0.369047619047619,0.38461538461538464,0.35,0.5476190476190476,0.16666666666666666,0.5714285714285714,1,5,3,4,13
103,left_vs_right_fist_imagery,csp_4_empirical,True,3,12,4/8,0.3333333333333333,0.5,0.3333333333333333,0.5,0.0,0.6666666666666666,0,2,2,4,8
104,left_vs_right_fist_imagery,spectral_baseline_6,False,1,4,8/12,0.5089285714285714,0.5333333333333333,0.4444444444444444,0.6607142857142857,0.14285714285714285,0.875,1,6,1,7,15
104,left_vs_right_fist_imagery,spectral_baseline_6,False,2,8,4/12,0.5,0.5,0.4375,0.6944444444444444,0.8333333333333334,0.16666666666666666,5,1,5,1,12
104,left_vs_right_fist_imagery,spectral_baseline_6,False,3,12,4/8,0.5357142857142857,0.5333333333333333,0.5333333333333333,0.625,0.5,0.5714285714285714,4,4,3,4,15
104,left_vs_right_fist_imagery,spectral_baseline_6,True,1,4,8/12,0.675,0.6923076923076923,0.675,0.675,0.6,0.75,3,2,2,6,13
104,left_vs_right_fist_imagery,spectral_baseline_6,True,2,8,4/12,0.6666666666666667,0.6666666666666666,0.6571428571428571,0.7222222222222223,0.8333333333333334,0.5,5,1,3,3,12
104,left_vs_right_fist_imagery,spectral_baseline_6,True,3,12,4/8,0.5833333333333333,0.5833333333333334,0.5804195804195804,0.7222222222222223,0.5,0.6666666666666666,3,3,2,4,12
104,left_vs_right_fist_imagery,csp_4_empirical,False,1,4,8/12,0.7410714285714286,0.7333333333333333,0.7321428571428572,0.5892857142857142,0.8571428571428571,0.625,6,1,3,5,15
104,left_vs_right_fist_imagery,csp_4_empirical,False,2,8,4/12,0.5,0.5,0.5,0.5277777777777778,0.5,0.5,3,3,3,3,12
104,left_vs_right_fist_imagery,csp_4_empirical,False,3,12,4/8,0.33035714285714285,0.3333333333333333,0.33035714285714285,0.30357142857142855,0.375,0.2857142857142857,3,5,5,2,15
104,left_vs_right_fist_imagery,csp_4_empirical,True,1,4,8/12,0.475,0.5384615384615384,0.4583333333333333,0.575,0.2,0.75,1,4,2,6,13
104,left_vs_right_fist_imagery,csp_4_empirical,True,2,8,4/12,0.75,0.75,0.7333333333333334,0.6388888888888888,0.5,1.0,3,3,0,6,12
104,left_vs_right_fist_imagery,csp_4_empirical,True,3,12,4/8,0.3333333333333333,0.3333333333333333,0.25,0.4722222222222222,0.0,0.6666666666666666,0,6,2,4,12
105,left_vs_right_fist_imagery,spectral_baseline_6,False,1,4,8/12,0.6517857142857143,0.6666666666666666,0.6411483253588517,0.46428571428571425,0.875,0.42857142857142855,7,1,4,3,15
105,left_vs_right_fist_imagery,spectral_baseline_6,False,2,8,4/12,0.5535714285714286,0.5333333333333333,0.49760765550239233,0.5,0.8571428571428571,0.25,6,1,6,2,15
105,left_vs_right_fist_imagery,spectral_baseline_6,False,3,12,4/8,0.6071428571428572,0.6,0.5982142857142857,0.42857142857142855,0.5,0.7142857142857143,4,4,2,5,15
105,left_vs_right_fist_imagery,spectral_baseline_6,True,1,4,8/12,0.4464285714285714,0.4666666666666667,0.4,0.3214285714285714,0.75,0.14285714285714285,6,2,6,1,15
105,left_vs_right_fist_imagery,spectral_baseline_6,True,2,8,4/12,0.6309523809523809,0.6153846153846154,0.606060606060606,0.5952380952380952,0.8333333333333334,0.42857142857142855,5,1,4,3,13
105,left_vs_right_fist_imagery,spectral_baseline_6,True,3,12,4/8,0.45238095238095233,0.5,0.45054945054945056,0.2857142857142857,0.5714285714285714,0.3333333333333333,4,3,2,1,10
105,left_vs_right_fist_imagery,csp_4_empirical,False,1,4,8/12,0.42857142857142855,0.4,0.2857142857142857,0.5714285714285714,0.0,0.8571428571428571,0,8,1,6,15
105,left_vs_right_fist_imagery,csp_4_empirical,False,2,8,4/12,0.5267857142857143,0.5333333333333333,0.5248868778280543,0.5535714285714286,0.42857142857142855,0.625,3,4,3,5,15
105,left_vs_right_fist_imagery,csp_4_empirical,False,3,12,4/8,0.49107142857142855,0.4666666666666667,0.4,0.49999999999999994,0.125,0.8571428571428571,1,7,1,6,15
105,left_vs_right_fist_imagery,csp_4_empirical,True,1,4,8/12,0.5178571428571428,0.5333333333333333,0.49760765550239233,0.4464285714285714,0.75,0.2857142857142857,6,2,5,2,15
105,left_vs_right_fist_imagery,csp_4_empirical,True,2,8,4/12,0.5357142857142857,0.5384615384615384,0.5357142857142857,0.6428571428571428,0.5,0.5714285714285714,3,3,3,4,13
105,left_vs_right_fist_imagery,csp_4_empirical,True,3,12,4/8,0.5714285714285714,0.4,0.375,0.9523809523809524,0.14285714285714285,1.0,1,6,0,3,10
106,left_vs_right_fist_imagery,spectral_baseline_6,False,1,4,8/12,0.3839285714285714,0.4,0.354066985645933,0.3571428571428571,0.625,0.14285714285714285,5,3,6,1,15
106,left_vs_right_fist_imagery,spectral_baseline_6,False,2,8,4/12,0.2589285714285714,0.26666666666666666,0.25339366515837103,0.24999999999999997,0.375,0.14285714285714285,3,5,6,1,15
106,left_vs_right_fist_imagery,spectral_baseline_6,False,3,12,4/8,0.26785714285714285,0.26666666666666666,0.26666666666666666,0.14285714285714285,0.25,0.2857142857142857,2,6,5,2,15
106,left_vs_right_fist_imagery,spectral_baseline_6,True,1,4,8/12,0.5,0.4444444444444444,0.3076923076923077,0.25,1.0,0.0,4,0,5,0,9
106,left_vs_right_fist_imagery,spectral_baseline_6,True,2,8,4/12,0.08333333333333333,0.09090909090909091,0.08333333333333333,0.09999999999999999,0.0,0.16666666666666666,0,5,5,1,11
106,left_vs_right_fist_imagery,spectral_baseline_6,True,3,12,4/8,0.30952380952380953,0.3076923076923077,0.3076923076923077,0.19047619047619047,0.2857142857142857,0.3333333333333333,2,5,4,2,13
106,left_vs_right_fist_imagery,csp_4_empirical,False,1,4,8/12,0.8125,0.8,0.7963800904977376,0.875,0.625,1.0,5,3,0,7,15
106,left_vs_right_fist_imagery,csp_4_empirical,False,2,8,4/12,0.5267857142857143,0.5333333333333333,0.5248868778280543,0.46428571428571425,0.625,0.42857142857142855,5,3,4,3,15
106,left_vs_right_fist_imagery,csp_4_empirical,False,3,12,4/8,0.5535714285714286,0.5333333333333333,0.49760765550239233,0.5178571428571428,0.25,0.8571428571428571,2,6,1,6,15
106,left_vs_right_fist_imagery,csp_4_empirical,True,1,4,8/12,0.5,0.5555555555555556,0.35714285714285715,0.85,0.0,1.0,0,4,0,5,9
106,left_vs_right_fist_imagery,csp_4_empirical,True,2,8,4/12,0.6,0.6363636363636364,0.5416666666666666,0.4666666666666667,0.2,1.0,1,4,0,6,11
106,left_vs_right_fist_imagery,csp_4_empirical,True,3,12,4/8,0.3333333333333333,0.3076923076923077,0.23529411764705882,0.5476190476190476,0.0,0.6666666666666666,0,7,2,4,13
107,left_vs_right_fist_imagery,spectral_baseline_6,False,1,4,8/12,0.5357142857142857,0.5333333333333333,0.5333333333333333,0.4464285714285714,0.5,0.5714285714285714,4,4,3,4,15
107,left_vs_right_fist_imagery,spectral_baseline_6,False,2,8,4/12,0.33035714285714285,0.3333333333333333,0.33035714285714285,0.375,0.375,0.2857142857142857,3,5,5,2,15
107,left_vs_right_fist_imagery,spectral_baseline_6,False,3,12,4/8,0.4017857142857143,0.4,0.4,0.4464285714285714,0.375,0.42857142857142855,3,5,4,3,15
107,left_vs_right_fist_imagery,spectral_baseline_6,True,1,4,8/12,0.5476190476190476,0.5384615384615384,0.5357142857142857,0.4523809523809524,0.42857142857142855,0.6666666666666666,3,4,2,4,13
107,left_vs_right_fist_imagery,spectral_baseline_6,True,2,8,4/12,0.45535714285714285,0.4666666666666667,0.4444444444444444,0.3928571428571428,0.625,0.2857142857142857,5,3,5,2,15
107,left_vs_right_fist_imagery,spectral_baseline_6,True,3,12,4/8,0.33035714285714285,0.3333333333333333,0.33035714285714285,0.2857142857142857,0.375,0.2857142857142857,3,5,5,2,15
107,left_vs_right_fist_imagery,csp_4_empirical,False,1,4,8/12,0.5357142857142857,0.5333333333333333,0.5333333333333333,0.4821428571428571,0.5,0.5714285714285714,4,4,3,4,15
107,left_vs_right_fist_imagery,csp_4_empirical,False,2,8,4/12,0.4642857142857143,0.4666666666666667,0.4642857142857143,0.3214285714285714,0.5,0.42857142857142855,4,4,4,3,15
107,left_vs_right_fist_imagery,csp_4_empirical,False,3,12,4/8,0.3392857142857143,0.3333333333333333,0.33035714285714285,0.5357142857142857,0.25,0.42857142857142855,2,6,4,3,15
107,left_vs_right_fist_imagery,csp_4_empirical,True,1,4,8/12,0.5357142857142857,0.5384615384615384,0.5357142857142857,0.5238095238095238,0.5714285714285714,0.5,4,3,3,3,13
107,left_vs_right_fist_imagery,csp_4_empirical,True,2,8,4/12,0.4017857142857143,0.4,0.4,0.2857142857142857,0.375,0.42857142857142855,3,5,4,3,15
107,left_vs_right_fist_imagery,csp_4_empirical,True,3,12,4/8,0.4642857142857143,0.4666666666666667,0.4642857142857143,0.5178571428571428,0.5,0.42857142857142855,4,4,4,3,15
108,left_vs_right_fist_imagery,spectral_baseline_6,False,1,4,8/12,0.5982142857142857,0.6,0.5982142857142857,0.625,0.5714285714285714,0.625,4,3,3,5,15
108,left_vs_right_fist_imagery,spectral_baseline_6,False,2,8,4/12,0.8125,0.8,0.7963800904977376,0.7857142857142856,1.0,0.625,7,0,3,5,15
108,left_vs_right_fist_imagery,spectral_baseline_6,False,3,12,4/8,0.48214285714285715,0.4666666666666667,0.4444444444444444,0.6428571428571428,0.25,0.7142857142857143,2,6,2,5,15
108,left_vs_right_fist_imagery,spectral_baseline_6,True,1,4,8/12,0.5857142857142856,0.5833333333333334,0.5804195804195804,0.657142857142857,0.6,0.5714285714285714,3,2,3,4,12
108,left_vs_right_fist_imagery,spectral_baseline_6,True,2,8,4/12,0.7142857142857143,0.7142857142857143,0.7142857142857143,0.673469387755102,0.7142857142857143,0.7142857142857143,5,2,2,5,14
108,left_vs_right_fist_imagery,spectral_baseline_6,True,3,12,4/8,0.5666666666666667,0.5454545454545454,0.5299145299145299,0.7666666666666667,0.3333333333333333,0.8,2,4,1,4,11
108,left_vs_right_fist_imagery,csp_4_empirical,False,1,4,8/12,0.5982142857142857,0.6,0.5982142857142857,0.6785714285714286,0.5714285714285714,0.625,4,3,3,5,15
108,left_vs_right_fist_imagery,csp_4_empirical,False,2,8,4/12,0.6785714285714286,0.6666666666666666,0.660633484162896,0.6428571428571429,0.8571428571428571,0.5,6,1,4,4,15
108,left_vs_right_fist_imagery,csp_4_empirical,False,3,12,4/8,0.8660714285714286,0.8666666666666667,0.8660714285714286,0.8392857142857142,0.875,0.8571428571428571,7,1,1,6,15
108,left_vs_right_fist_imagery,csp_4_empirical,True,1,4,8/12,0.6142857142857143,0.5833333333333334,0.5804195804195804,0.7142857142857143,0.8,0.42857142857142855,4,1,4,3,12
108,left_vs_right_fist_imagery,csp_4_empirical,True,2,8,4/12,0.7857142857142857,0.7857142857142857,0.7846153846153847,0.8367346938775511,0.8571428571428571,0.7142857142857143,6,1,2,5,14
108,left_vs_right_fist_imagery,csp_4_empirical,True,3,12,4/8,0.9,0.9090909090909091,0.905982905982906,0.9333333333333333,1.0,0.8,6,0,1,4,11
109,left_vs_right_fist_imagery,spectral_baseline_6,False,1,4,8/12,0.41964285714285715,0.4,0.354066985645933,0.3392857142857143,0.7142857142857143,0.125,5,2,7,1,15
109,left_vs_right_fist_imagery,spectral_baseline_6,False,2,8,4/12,0.45535714285714285,0.4666666666666667,0.4444444444444444,0.39285714285714285,0.625,0.2857142857142857,5,3,5,2,15
109,left_vs_right_fist_imagery,spectral_baseline_6,False,3,12,4/8,0.45535714285714285,0.4666666666666667,0.4444444444444444,0.4464285714285714,0.625,0.2857142857142857,5,3,5,2,15
109,left_vs_right_fist_imagery,spectral_baseline_6,True,1,4,8/12,0.49107142857142855,0.4666666666666667,0.4,0.37500000000000006,0.8571428571428571,0.125,6,1,7,1,15
109,left_vs_right_fist_imagery,spectral_baseline_6,True,2,8,4/12,0.3839285714285714,0.4,0.354066985645933,0.375,0.625,0.14285714285714285,5,3,6,1,15
109,left_vs_right_fist_imagery,spectral_baseline_6,True,3,12,4/8,0.47619047619047616,0.46153846153846156,0.4484848484848485,0.5,0.6666666666666666,0.2857142857142857,4,2,5,2,13
109,left_vs_right_fist_imagery,csp_4_empirical,False,1,4,8/12,0.5,0.4666666666666667,0.3181818181818182,0.7321428571428571,1.0,0.0,7,0,8,0,15
109,left_vs_right_fist_imagery,csp_4_empirical,False,2,8,4/12,0.5357142857142857,0.5333333333333333,0.5333333333333333,0.5892857142857143,0.5,0.5714285714285714,4,4,3,4,15
109,left_vs_right_fist_imagery,csp_4_empirical,False,3,12,4/8,0.5089285714285714,0.5333333333333333,0.4444444444444444,0.23214285714285712,0.875,0.14285714285714285,7,1,6,1,15
109,left_vs_right_fist_imagery,csp_4_empirical,True,1,4,8/12,0.5,0.4666666666666667,0.3181818181818182,0.5892857142857142,1.0,0.0,7,0,8,0,15
109,left_vs_right_fist_imagery,csp_4_empirical,True,2,8,4/12,0.5982142857142857,0.6,0.5982142857142857,0.5892857142857143,0.625,0.5714285714285714,5,3,3,4,15
109,left_vs_right_fist_imagery,csp_4_empirical,True,3,12,4/8,0.48809523809523814,0.46153846153846156,0.40522875816993464,0.26190476190476186,0.8333333333333334,0.14285714285714285,5,1,6,1,13
